ISO-10303-21;
HEADER;
/* Generated by software containing ST-Developer
 * from STEP Tools, Inc. (www.steptools.com) 
 */

FILE_DESCRIPTION(
/* description */ (''),
/* implementation_level */ '2;1');

FILE_NAME(
/* name */ 'Battery.step',
/* time_stamp */ '2026-07-18T19:37:38+03:00',
/* author */ (''),
/* organization */ (''),
/* preprocessor_version */ 'ST-DEVELOPER v20.1',
/* originating_system */ 'Autodesk Translation Framework v15.8.0.0',
/* authorisation */ '');

FILE_SCHEMA (('AUTOMOTIVE_DESIGN { 1 0 10303 214 3 1 1 }'));
ENDSEC;

DATA;
#10=MECHANICAL_DESIGN_GEOMETRIC_PRESENTATION_REPRESENTATION('',(#13),#14235);
#11=SHAPE_REPRESENTATION_RELATIONSHIP('SRR','None',#14242,#12);
#12=ADVANCED_BREP_SHAPE_REPRESENTATION('',(#14),#14234);
#13=STYLED_ITEM('',(#14251),#14);
#14=MANIFOLD_SOLID_BREP('Body1',#8131);
#15=CIRCLE('',#8301,0.999999999999996);
#16=CIRCLE('',#8302,0.999999999999996);
#17=CIRCLE('',#8305,1.);
#18=CIRCLE('',#8306,1.);
#19=CIRCLE('',#8309,0.999999999999996);
#20=CIRCLE('',#8310,0.999999999999996);
#21=CIRCLE('',#8313,0.999999999999996);
#22=CIRCLE('',#8314,0.999999999999996);
#23=CYLINDRICAL_SURFACE('',#8300,0.999999999999996);
#24=CYLINDRICAL_SURFACE('',#8304,1.);
#25=CYLINDRICAL_SURFACE('',#8308,0.999999999999996);
#26=CYLINDRICAL_SURFACE('',#8312,0.999999999999996);
#27=FACE_BOUND('',#1350,.T.);
#28=FACE_BOUND('',#1455,.T.);
#29=FACE_BOUND('',#1533,.T.);
#30=FACE_BOUND('',#1563,.T.);
#31=FACE_BOUND('',#1586,.T.);
#32=FACE_BOUND('',#1608,.T.);
#33=FACE_BOUND('',#1732,.T.);
#34=FACE_BOUND('',#1755,.T.);
#35=FACE_BOUND('',#1756,.T.);
#36=FACE_BOUND('',#1757,.T.);
#37=FACE_BOUND('',#1758,.T.);
#38=FACE_BOUND('',#1759,.T.);
#39=FACE_BOUND('',#1760,.T.);
#40=FACE_BOUND('',#1761,.T.);
#41=FACE_BOUND('',#1762,.T.);
#42=FACE_BOUND('',#1763,.T.);
#43=FACE_BOUND('',#1764,.T.);
#44=FACE_BOUND('',#1765,.T.);
#45=FACE_BOUND('',#1766,.T.);
#46=FACE_BOUND('',#1767,.T.);
#47=FACE_BOUND('',#1768,.T.);
#48=FACE_BOUND('',#1769,.T.);
#49=FACE_BOUND('',#1770,.T.);
#50=FACE_BOUND('',#1771,.T.);
#51=FACE_BOUND('',#1772,.T.);
#52=FACE_BOUND('',#1773,.T.);
#53=FACE_BOUND('',#1774,.T.);
#54=FACE_BOUND('',#1775,.T.);
#55=FACE_BOUND('',#1776,.T.);
#56=B_SPLINE_CURVE_WITH_KNOTS('',2,(#9355,#9356,#9357),.UNSPECIFIED.,.F.,
 .F.,(3,3),(0.,1.),.UNSPECIFIED.);
#57=B_SPLINE_CURVE_WITH_KNOTS('',2,(#9361,#9362,#9363),.UNSPECIFIED.,.F.,
 .F.,(3,3),(0.,1.),.UNSPECIFIED.);
#58=B_SPLINE_CURVE_WITH_KNOTS('',2,(#9372,#9373,#9374),.UNSPECIFIED.,.F.,
 .F.,(3,3),(0.,1.),.UNSPECIFIED.);
#59=B_SPLINE_CURVE_WITH_KNOTS('',2,(#9377,#9378,#9379),.UNSPECIFIED.,.F.,
 .F.,(3,3),(0.,1.),.UNSPECIFIED.);
#60=B_SPLINE_CURVE_WITH_KNOTS('',2,(#9387,#9388,#9389),.UNSPECIFIED.,.F.,
 .F.,(3,3),(0.,1.),.UNSPECIFIED.);
#61=B_SPLINE_CURVE_WITH_KNOTS('',2,(#9392,#9393,#9394),.UNSPECIFIED.,.F.,
 .F.,(3,3),(0.,1.),.UNSPECIFIED.);
#62=B_SPLINE_CURVE_WITH_KNOTS('',2,(#9402,#9403,#9404),.UNSPECIFIED.,.F.,
 .F.,(3,3),(0.,1.),.UNSPECIFIED.);
#63=B_SPLINE_CURVE_WITH_KNOTS('',2,(#9407,#9408,#9409),.UNSPECIFIED.,.F.,
 .F.,(3,3),(0.,1.),.UNSPECIFIED.);
#64=B_SPLINE_CURVE_WITH_KNOTS('',2,(#9417,#9418,#9419),.UNSPECIFIED.,.F.,
 .F.,(3,3),(0.,1.),.UNSPECIFIED.);
#65=B_SPLINE_CURVE_WITH_KNOTS('',2,(#9422,#9423,#9424),.UNSPECIFIED.,.F.,
 .F.,(3,3),(0.,1.),.UNSPECIFIED.);
#66=B_SPLINE_CURVE_WITH_KNOTS('',2,(#9432,#9433,#9434),.UNSPECIFIED.,.F.,
 .F.,(3,3),(0.,1.),.UNSPECIFIED.);
#67=B_SPLINE_CURVE_WITH_KNOTS('',2,(#9437,#9438,#9439),.UNSPECIFIED.,.F.,
 .F.,(3,3),(0.,1.),.UNSPECIFIED.);
#68=B_SPLINE_CURVE_WITH_KNOTS('',2,(#9447,#9448,#9449),.UNSPECIFIED.,.F.,
 .F.,(3,3),(0.,1.),.UNSPECIFIED.);
#69=B_SPLINE_CURVE_WITH_KNOTS('',2,(#9452,#9453,#9454),.UNSPECIFIED.,.F.,
 .F.,(3,3),(0.,1.),.UNSPECIFIED.);
#70=B_SPLINE_CURVE_WITH_KNOTS('',2,(#9462,#9463,#9464),.UNSPECIFIED.,.F.,
 .F.,(3,3),(0.,1.),.UNSPECIFIED.);
#71=B_SPLINE_CURVE_WITH_KNOTS('',2,(#9467,#9468,#9469),.UNSPECIFIED.,.F.,
 .F.,(3,3),(0.,1.),.UNSPECIFIED.);
#72=B_SPLINE_CURVE_WITH_KNOTS('',2,(#9481,#9482,#9483),.UNSPECIFIED.,.F.,
 .F.,(3,3),(0.,1.),.UNSPECIFIED.);
#73=B_SPLINE_CURVE_WITH_KNOTS('',2,(#9487,#9488,#9489),.UNSPECIFIED.,.F.,
 .F.,(3,3),(0.,1.),.UNSPECIFIED.);
#74=B_SPLINE_CURVE_WITH_KNOTS('',2,(#9498,#9499,#9500),.UNSPECIFIED.,.F.,
 .F.,(3,3),(0.,1.),.UNSPECIFIED.);
#75=B_SPLINE_CURVE_WITH_KNOTS('',2,(#9503,#9504,#9505),.UNSPECIFIED.,.F.,
 .F.,(3,3),(0.,1.),.UNSPECIFIED.);
#76=B_SPLINE_CURVE_WITH_KNOTS('',2,(#9513,#9514,#9515),.UNSPECIFIED.,.F.,
 .F.,(3,3),(0.,1.),.UNSPECIFIED.);
#77=B_SPLINE_CURVE_WITH_KNOTS('',2,(#9518,#9519,#9520),.UNSPECIFIED.,.F.,
 .F.,(3,3),(0.,1.),.UNSPECIFIED.);
#78=B_SPLINE_CURVE_WITH_KNOTS('',2,(#9528,#9529,#9530),.UNSPECIFIED.,.F.,
 .F.,(3,3),(0.,1.),.UNSPECIFIED.);
#79=B_SPLINE_CURVE_WITH_KNOTS('',2,(#9533,#9534,#9535),.UNSPECIFIED.,.F.,
 .F.,(3,3),(0.,1.),.UNSPECIFIED.);
#80=B_SPLINE_CURVE_WITH_KNOTS('',2,(#9543,#9544,#9545),.UNSPECIFIED.,.F.,
 .F.,(3,3),(0.,1.),.UNSPECIFIED.);
#81=B_SPLINE_CURVE_WITH_KNOTS('',2,(#9548,#9549,#9550),.UNSPECIFIED.,.F.,
 .F.,(3,3),(0.,1.),.UNSPECIFIED.);
#82=B_SPLINE_CURVE_WITH_KNOTS('',2,(#9558,#9559,#9560),.UNSPECIFIED.,.F.,
 .F.,(3,3),(0.,1.),.UNSPECIFIED.);
#83=B_SPLINE_CURVE_WITH_KNOTS('',2,(#9563,#9564,#9565),.UNSPECIFIED.,.F.,
 .F.,(3,3),(0.,1.),.UNSPECIFIED.);
#84=B_SPLINE_CURVE_WITH_KNOTS('',2,(#9573,#9574,#9575),.UNSPECIFIED.,.F.,
 .F.,(3,3),(0.,1.),.UNSPECIFIED.);
#85=B_SPLINE_CURVE_WITH_KNOTS('',2,(#9578,#9579,#9580),.UNSPECIFIED.,.F.,
 .F.,(3,3),(0.,1.),.UNSPECIFIED.);
#86=B_SPLINE_CURVE_WITH_KNOTS('',2,(#9588,#9589,#9590),.UNSPECIFIED.,.F.,
 .F.,(3,3),(0.,1.),.UNSPECIFIED.);
#87=B_SPLINE_CURVE_WITH_KNOTS('',2,(#9593,#9594,#9595),.UNSPECIFIED.,.F.,
 .F.,(3,3),(0.,1.),.UNSPECIFIED.);
#88=B_SPLINE_CURVE_WITH_KNOTS('',2,(#9603,#9604,#9605),.UNSPECIFIED.,.F.,
 .F.,(3,3),(0.,1.),.UNSPECIFIED.);
#89=B_SPLINE_CURVE_WITH_KNOTS('',2,(#9608,#9609,#9610),.UNSPECIFIED.,.F.,
 .F.,(3,3),(0.,1.),.UNSPECIFIED.);
#90=B_SPLINE_CURVE_WITH_KNOTS('',2,(#9618,#9619,#9620),.UNSPECIFIED.,.F.,
 .F.,(3,3),(0.,1.),.UNSPECIFIED.);
#91=B_SPLINE_CURVE_WITH_KNOTS('',2,(#9623,#9624,#9625),.UNSPECIFIED.,.F.,
 .F.,(3,3),(0.,1.),.UNSPECIFIED.);
#92=B_SPLINE_CURVE_WITH_KNOTS('',2,(#9633,#9634,#9635),.UNSPECIFIED.,.F.,
 .F.,(3,3),(0.,1.),.UNSPECIFIED.);
#93=B_SPLINE_CURVE_WITH_KNOTS('',2,(#9638,#9639,#9640),.UNSPECIFIED.,.F.,
 .F.,(3,3),(0.,1.),.UNSPECIFIED.);
#94=B_SPLINE_CURVE_WITH_KNOTS('',2,(#9654,#9655,#9656),.UNSPECIFIED.,.F.,
 .F.,(3,3),(0.,1.),.UNSPECIFIED.);
#95=B_SPLINE_CURVE_WITH_KNOTS('',2,(#9659,#9660,#9661),.UNSPECIFIED.,.F.,
 .F.,(3,3),(0.,1.),.UNSPECIFIED.);
#96=B_SPLINE_CURVE_WITH_KNOTS('',2,(#9669,#9670,#9671),.UNSPECIFIED.,.F.,
 .F.,(3,3),(0.,1.),.UNSPECIFIED.);
#97=B_SPLINE_CURVE_WITH_KNOTS('',2,(#9674,#9675,#9676),.UNSPECIFIED.,.F.,
 .F.,(3,3),(0.,1.),.UNSPECIFIED.);
#98=B_SPLINE_CURVE_WITH_KNOTS('',2,(#9684,#9685,#9686),.UNSPECIFIED.,.F.,
 .F.,(3,3),(0.,1.),.UNSPECIFIED.);
#99=B_SPLINE_CURVE_WITH_KNOTS('',2,(#9689,#9690,#9691),.UNSPECIFIED.,.F.,
 .F.,(3,3),(0.,1.),.UNSPECIFIED.);
#100=B_SPLINE_CURVE_WITH_KNOTS('',2,(#9699,#9700,#9701),.UNSPECIFIED.,.F.,
 .F.,(3,3),(0.,1.),.UNSPECIFIED.);
#101=B_SPLINE_CURVE_WITH_KNOTS('',2,(#9704,#9705,#9706),.UNSPECIFIED.,.F.,
 .F.,(3,3),(0.,1.),.UNSPECIFIED.);
#102=B_SPLINE_CURVE_WITH_KNOTS('',2,(#9714,#9715,#9716),.UNSPECIFIED.,.F.,
 .F.,(3,3),(0.,1.),.UNSPECIFIED.);
#103=B_SPLINE_CURVE_WITH_KNOTS('',2,(#9719,#9720,#9721),.UNSPECIFIED.,.F.,
 .F.,(3,3),(0.,1.),.UNSPECIFIED.);
#104=B_SPLINE_CURVE_WITH_KNOTS('',2,(#9729,#9730,#9731),.UNSPECIFIED.,.F.,
 .F.,(3,3),(0.,1.),.UNSPECIFIED.);
#105=B_SPLINE_CURVE_WITH_KNOTS('',2,(#9734,#9735,#9736),.UNSPECIFIED.,.F.,
 .F.,(3,3),(0.,1.),.UNSPECIFIED.);
#106=B_SPLINE_CURVE_WITH_KNOTS('',2,(#9744,#9745,#9746),.UNSPECIFIED.,.F.,
 .F.,(3,3),(0.,1.),.UNSPECIFIED.);
#107=B_SPLINE_CURVE_WITH_KNOTS('',2,(#9749,#9750,#9751),.UNSPECIFIED.,.F.,
 .F.,(3,3),(0.,1.),.UNSPECIFIED.);
#108=B_SPLINE_CURVE_WITH_KNOTS('',2,(#9759,#9760,#9761),.UNSPECIFIED.,.F.,
 .F.,(3,3),(0.,1.),.UNSPECIFIED.);
#109=B_SPLINE_CURVE_WITH_KNOTS('',2,(#9764,#9765,#9766),.UNSPECIFIED.,.F.,
 .F.,(3,3),(0.,1.),.UNSPECIFIED.);
#110=B_SPLINE_CURVE_WITH_KNOTS('',2,(#9780,#9781,#9782),.UNSPECIFIED.,.F.,
 .F.,(3,3),(0.,1.),.UNSPECIFIED.);
#111=B_SPLINE_CURVE_WITH_KNOTS('',2,(#9785,#9786,#9787),.UNSPECIFIED.,.F.,
 .F.,(3,3),(0.,1.),.UNSPECIFIED.);
#112=B_SPLINE_CURVE_WITH_KNOTS('',2,(#9794,#9795,#9796),.UNSPECIFIED.,.F.,
 .F.,(3,3),(0.,1.),.UNSPECIFIED.);
#113=B_SPLINE_CURVE_WITH_KNOTS('',2,(#9797,#9798,#9799),.UNSPECIFIED.,.F.,
 .F.,(3,3),(0.,1.),.UNSPECIFIED.);
#114=B_SPLINE_CURVE_WITH_KNOTS('',2,(#9809,#9810,#9811),.UNSPECIFIED.,.F.,
 .F.,(3,3),(0.,1.),.UNSPECIFIED.);
#115=B_SPLINE_CURVE_WITH_KNOTS('',2,(#9815,#9816,#9817),.UNSPECIFIED.,.F.,
 .F.,(3,3),(0.,1.),.UNSPECIFIED.);
#116=B_SPLINE_CURVE_WITH_KNOTS('',2,(#9826,#9827,#9828),.UNSPECIFIED.,.F.,
 .F.,(3,3),(0.,1.),.UNSPECIFIED.);
#117=B_SPLINE_CURVE_WITH_KNOTS('',2,(#9831,#9832,#9833),.UNSPECIFIED.,.F.,
 .F.,(3,3),(0.,1.),.UNSPECIFIED.);
#118=B_SPLINE_CURVE_WITH_KNOTS('',2,(#9841,#9842,#9843),.UNSPECIFIED.,.F.,
 .F.,(3,3),(0.,1.),.UNSPECIFIED.);
#119=B_SPLINE_CURVE_WITH_KNOTS('',2,(#9846,#9847,#9848),.UNSPECIFIED.,.F.,
 .F.,(3,3),(0.,1.),.UNSPECIFIED.);
#120=B_SPLINE_CURVE_WITH_KNOTS('',2,(#9856,#9857,#9858),.UNSPECIFIED.,.F.,
 .F.,(3,3),(0.,1.),.UNSPECIFIED.);
#121=B_SPLINE_CURVE_WITH_KNOTS('',2,(#9861,#9862,#9863),.UNSPECIFIED.,.F.,
 .F.,(3,3),(0.,1.),.UNSPECIFIED.);
#122=B_SPLINE_CURVE_WITH_KNOTS('',2,(#9871,#9872,#9873),.UNSPECIFIED.,.F.,
 .F.,(3,3),(0.,1.),.UNSPECIFIED.);
#123=B_SPLINE_CURVE_WITH_KNOTS('',2,(#9876,#9877,#9878),.UNSPECIFIED.,.F.,
 .F.,(3,3),(0.,1.),.UNSPECIFIED.);
#124=B_SPLINE_CURVE_WITH_KNOTS('',2,(#9904,#9905,#9906),.UNSPECIFIED.,.F.,
 .F.,(3,3),(0.,1.),.UNSPECIFIED.);
#125=B_SPLINE_CURVE_WITH_KNOTS('',2,(#9909,#9910,#9911),.UNSPECIFIED.,.F.,
 .F.,(3,3),(0.,1.),.UNSPECIFIED.);
#126=B_SPLINE_CURVE_WITH_KNOTS('',2,(#9919,#9920,#9921),.UNSPECIFIED.,.F.,
 .F.,(3,3),(0.,1.),.UNSPECIFIED.);
#127=B_SPLINE_CURVE_WITH_KNOTS('',2,(#9924,#9925,#9926),.UNSPECIFIED.,.F.,
 .F.,(3,3),(0.,1.),.UNSPECIFIED.);
#128=B_SPLINE_CURVE_WITH_KNOTS('',2,(#9934,#9935,#9936),.UNSPECIFIED.,.F.,
 .F.,(3,3),(0.,1.),.UNSPECIFIED.);
#129=B_SPLINE_CURVE_WITH_KNOTS('',2,(#9939,#9940,#9941),.UNSPECIFIED.,.F.,
 .F.,(3,3),(0.,1.),.UNSPECIFIED.);
#130=B_SPLINE_CURVE_WITH_KNOTS('',2,(#9949,#9950,#9951),.UNSPECIFIED.,.F.,
 .F.,(3,3),(0.,1.),.UNSPECIFIED.);
#131=B_SPLINE_CURVE_WITH_KNOTS('',2,(#9954,#9955,#9956),.UNSPECIFIED.,.F.,
 .F.,(3,3),(0.,1.),.UNSPECIFIED.);
#132=B_SPLINE_CURVE_WITH_KNOTS('',2,(#9964,#9965,#9966),.UNSPECIFIED.,.F.,
 .F.,(3,3),(0.,1.),.UNSPECIFIED.);
#133=B_SPLINE_CURVE_WITH_KNOTS('',2,(#9969,#9970,#9971),.UNSPECIFIED.,.F.,
 .F.,(3,3),(0.,1.),.UNSPECIFIED.);
#134=B_SPLINE_CURVE_WITH_KNOTS('',2,(#10008,#10009,#10010),
 .UNSPECIFIED.,.F.,.F.,(3,3),(0.,1.),.UNSPECIFIED.);
#135=B_SPLINE_CURVE_WITH_KNOTS('',2,(#10011,#10012,#10013),
 .UNSPECIFIED.,.F.,.F.,(3,3),(0.,1.),.UNSPECIFIED.);
#136=B_SPLINE_CURVE_WITH_KNOTS('',2,(#10023,#10024,#10025),
 .UNSPECIFIED.,.F.,.F.,(3,3),(0.,1.),.UNSPECIFIED.);
#137=B_SPLINE_CURVE_WITH_KNOTS('',2,(#10029,#10030,#10031),
 .UNSPECIFIED.,.F.,.F.,(3,3),(0.,1.),.UNSPECIFIED.);
#138=B_SPLINE_CURVE_WITH_KNOTS('',2,(#10040,#10041,#10042),
 .UNSPECIFIED.,.F.,.F.,(3,3),(0.,1.),.UNSPECIFIED.);
#139=B_SPLINE_CURVE_WITH_KNOTS('',2,(#10045,#10046,#10047),
 .UNSPECIFIED.,.F.,.F.,(3,3),(0.,1.),.UNSPECIFIED.);
#140=B_SPLINE_CURVE_WITH_KNOTS('',2,(#10055,#10056,#10057),
 .UNSPECIFIED.,.F.,.F.,(3,3),(0.,1.),.UNSPECIFIED.);
#141=B_SPLINE_CURVE_WITH_KNOTS('',2,(#10060,#10061,#10062),
 .UNSPECIFIED.,.F.,.F.,(3,3),(0.,1.),.UNSPECIFIED.);
#142=B_SPLINE_CURVE_WITH_KNOTS('',2,(#10070,#10071,#10072),
 .UNSPECIFIED.,.F.,.F.,(3,3),(0.,1.),.UNSPECIFIED.);
#143=B_SPLINE_CURVE_WITH_KNOTS('',2,(#10075,#10076,#10077),
 .UNSPECIFIED.,.F.,.F.,(3,3),(0.,1.),.UNSPECIFIED.);
#144=B_SPLINE_CURVE_WITH_KNOTS('',2,(#10085,#10086,#10087),
 .UNSPECIFIED.,.F.,.F.,(3,3),(0.,1.),.UNSPECIFIED.);
#145=B_SPLINE_CURVE_WITH_KNOTS('',2,(#10090,#10091,#10092),
 .UNSPECIFIED.,.F.,.F.,(3,3),(0.,1.),.UNSPECIFIED.);
#146=B_SPLINE_CURVE_WITH_KNOTS('',2,(#10100,#10101,#10102),
 .UNSPECIFIED.,.F.,.F.,(3,3),(0.,1.),.UNSPECIFIED.);
#147=B_SPLINE_CURVE_WITH_KNOTS('',2,(#10105,#10106,#10107),
 .UNSPECIFIED.,.F.,.F.,(3,3),(0.,1.),.UNSPECIFIED.);
#148=B_SPLINE_CURVE_WITH_KNOTS('',2,(#10115,#10116,#10117),
 .UNSPECIFIED.,.F.,.F.,(3,3),(0.,1.),.UNSPECIFIED.);
#149=B_SPLINE_CURVE_WITH_KNOTS('',2,(#10120,#10121,#10122),
 .UNSPECIFIED.,.F.,.F.,(3,3),(0.,1.),.UNSPECIFIED.);
#150=B_SPLINE_CURVE_WITH_KNOTS('',2,(#10130,#10131,#10132),
 .UNSPECIFIED.,.F.,.F.,(3,3),(0.,1.),.UNSPECIFIED.);
#151=B_SPLINE_CURVE_WITH_KNOTS('',2,(#10135,#10136,#10137),
 .UNSPECIFIED.,.F.,.F.,(3,3),(0.,1.),.UNSPECIFIED.);
#152=B_SPLINE_CURVE_WITH_KNOTS('',2,(#10163,#10164,#10165),
 .UNSPECIFIED.,.F.,.F.,(3,3),(0.,1.),.UNSPECIFIED.);
#153=B_SPLINE_CURVE_WITH_KNOTS('',2,(#10168,#10169,#10170),
 .UNSPECIFIED.,.F.,.F.,(3,3),(0.,1.),.UNSPECIFIED.);
#154=B_SPLINE_CURVE_WITH_KNOTS('',2,(#10178,#10179,#10180),
 .UNSPECIFIED.,.F.,.F.,(3,3),(0.,1.),.UNSPECIFIED.);
#155=B_SPLINE_CURVE_WITH_KNOTS('',2,(#10183,#10184,#10185),
 .UNSPECIFIED.,.F.,.F.,(3,3),(0.,1.),.UNSPECIFIED.);
#156=B_SPLINE_CURVE_WITH_KNOTS('',2,(#10193,#10194,#10195),
 .UNSPECIFIED.,.F.,.F.,(3,3),(0.,1.),.UNSPECIFIED.);
#157=B_SPLINE_CURVE_WITH_KNOTS('',2,(#10198,#10199,#10200),
 .UNSPECIFIED.,.F.,.F.,(3,3),(0.,1.),.UNSPECIFIED.);
#158=B_SPLINE_CURVE_WITH_KNOTS('',2,(#10208,#10209,#10210),
 .UNSPECIFIED.,.F.,.F.,(3,3),(0.,1.),.UNSPECIFIED.);
#159=B_SPLINE_CURVE_WITH_KNOTS('',2,(#10213,#10214,#10215),
 .UNSPECIFIED.,.F.,.F.,(3,3),(0.,1.),.UNSPECIFIED.);
#160=B_SPLINE_CURVE_WITH_KNOTS('',2,(#10223,#10224,#10225),
 .UNSPECIFIED.,.F.,.F.,(3,3),(0.,1.),.UNSPECIFIED.);
#161=B_SPLINE_CURVE_WITH_KNOTS('',2,(#10228,#10229,#10230),
 .UNSPECIFIED.,.F.,.F.,(3,3),(0.,1.),.UNSPECIFIED.);
#162=B_SPLINE_CURVE_WITH_KNOTS('',2,(#10238,#10239,#10240),
 .UNSPECIFIED.,.F.,.F.,(3,3),(0.,1.),.UNSPECIFIED.);
#163=B_SPLINE_CURVE_WITH_KNOTS('',2,(#10243,#10244,#10245),
 .UNSPECIFIED.,.F.,.F.,(3,3),(0.,1.),.UNSPECIFIED.);
#164=B_SPLINE_CURVE_WITH_KNOTS('',2,(#10253,#10254,#10255),
 .UNSPECIFIED.,.F.,.F.,(3,3),(0.,1.),.UNSPECIFIED.);
#165=B_SPLINE_CURVE_WITH_KNOTS('',2,(#10258,#10259,#10260),
 .UNSPECIFIED.,.F.,.F.,(3,3),(0.,1.),.UNSPECIFIED.);
#166=B_SPLINE_CURVE_WITH_KNOTS('',2,(#10268,#10269,#10270),
 .UNSPECIFIED.,.F.,.F.,(3,3),(0.,1.),.UNSPECIFIED.);
#167=B_SPLINE_CURVE_WITH_KNOTS('',2,(#10273,#10274,#10275),
 .UNSPECIFIED.,.F.,.F.,(3,3),(0.,1.),.UNSPECIFIED.);
#168=B_SPLINE_CURVE_WITH_KNOTS('',2,(#10283,#10284,#10285),
 .UNSPECIFIED.,.F.,.F.,(3,3),(0.,1.),.UNSPECIFIED.);
#169=B_SPLINE_CURVE_WITH_KNOTS('',2,(#10288,#10289,#10290),
 .UNSPECIFIED.,.F.,.F.,(3,3),(0.,1.),.UNSPECIFIED.);
#170=B_SPLINE_CURVE_WITH_KNOTS('',2,(#10304,#10305,#10306),
 .UNSPECIFIED.,.F.,.F.,(3,3),(0.,1.),.UNSPECIFIED.);
#171=B_SPLINE_CURVE_WITH_KNOTS('',2,(#10309,#10310,#10311),
 .UNSPECIFIED.,.F.,.F.,(3,3),(0.,1.),.UNSPECIFIED.);
#172=B_SPLINE_CURVE_WITH_KNOTS('',2,(#10318,#10319,#10320),
 .UNSPECIFIED.,.F.,.F.,(3,3),(0.,1.),.UNSPECIFIED.);
#173=B_SPLINE_CURVE_WITH_KNOTS('',2,(#10321,#10322,#10323),
 .UNSPECIFIED.,.F.,.F.,(3,3),(0.,1.),.UNSPECIFIED.);
#174=B_SPLINE_CURVE_WITH_KNOTS('',2,(#10358,#10359,#10360),
 .UNSPECIFIED.,.F.,.F.,(3,3),(0.,1.),.UNSPECIFIED.);
#175=B_SPLINE_CURVE_WITH_KNOTS('',2,(#10364,#10365,#10366),
 .UNSPECIFIED.,.F.,.F.,(3,3),(0.,1.),.UNSPECIFIED.);
#176=B_SPLINE_CURVE_WITH_KNOTS('',2,(#10375,#10376,#10377),
 .UNSPECIFIED.,.F.,.F.,(3,3),(0.,1.),.UNSPECIFIED.);
#177=B_SPLINE_CURVE_WITH_KNOTS('',2,(#10380,#10381,#10382),
 .UNSPECIFIED.,.F.,.F.,(3,3),(0.,1.),.UNSPECIFIED.);
#178=B_SPLINE_CURVE_WITH_KNOTS('',2,(#10396,#10397,#10398),
 .UNSPECIFIED.,.F.,.F.,(3,3),(0.,1.),.UNSPECIFIED.);
#179=B_SPLINE_CURVE_WITH_KNOTS('',2,(#10401,#10402,#10403),
 .UNSPECIFIED.,.F.,.F.,(3,3),(0.,1.),.UNSPECIFIED.);
#180=B_SPLINE_CURVE_WITH_KNOTS('',2,(#10411,#10412,#10413),
 .UNSPECIFIED.,.F.,.F.,(3,3),(0.,1.),.UNSPECIFIED.);
#181=B_SPLINE_CURVE_WITH_KNOTS('',2,(#10416,#10417,#10418),
 .UNSPECIFIED.,.F.,.F.,(3,3),(0.,1.),.UNSPECIFIED.);
#182=B_SPLINE_CURVE_WITH_KNOTS('',2,(#10426,#10427,#10428),
 .UNSPECIFIED.,.F.,.F.,(3,3),(0.,1.),.UNSPECIFIED.);
#183=B_SPLINE_CURVE_WITH_KNOTS('',2,(#10431,#10432,#10433),
 .UNSPECIFIED.,.F.,.F.,(3,3),(0.,1.),.UNSPECIFIED.);
#184=B_SPLINE_CURVE_WITH_KNOTS('',2,(#10441,#10442,#10443),
 .UNSPECIFIED.,.F.,.F.,(3,3),(0.,1.),.UNSPECIFIED.);
#185=B_SPLINE_CURVE_WITH_KNOTS('',2,(#10446,#10447,#10448),
 .UNSPECIFIED.,.F.,.F.,(3,3),(0.,1.),.UNSPECIFIED.);
#186=B_SPLINE_CURVE_WITH_KNOTS('',2,(#10479,#10480,#10481),
 .UNSPECIFIED.,.F.,.F.,(3,3),(0.,1.),.UNSPECIFIED.);
#187=B_SPLINE_CURVE_WITH_KNOTS('',2,(#10482,#10483,#10484),
 .UNSPECIFIED.,.F.,.F.,(3,3),(0.,1.),.UNSPECIFIED.);
#188=B_SPLINE_CURVE_WITH_KNOTS('',2,(#10520,#10521,#10522),
 .UNSPECIFIED.,.F.,.F.,(3,3),(0.,1.),.UNSPECIFIED.);
#189=B_SPLINE_CURVE_WITH_KNOTS('',2,(#10525,#10526,#10527),
 .UNSPECIFIED.,.F.,.F.,(3,3),(0.,1.),.UNSPECIFIED.);
#190=B_SPLINE_CURVE_WITH_KNOTS('',2,(#10541,#10542,#10543),
 .UNSPECIFIED.,.F.,.F.,(3,3),(0.,1.),.UNSPECIFIED.);
#191=B_SPLINE_CURVE_WITH_KNOTS('',2,(#10546,#10547,#10548),
 .UNSPECIFIED.,.F.,.F.,(3,3),(0.,1.),.UNSPECIFIED.);
#192=B_SPLINE_CURVE_WITH_KNOTS('',2,(#10555,#10556,#10557),
 .UNSPECIFIED.,.F.,.F.,(3,3),(0.,1.),.UNSPECIFIED.);
#193=B_SPLINE_CURVE_WITH_KNOTS('',2,(#10558,#10559,#10560),
 .UNSPECIFIED.,.F.,.F.,(3,3),(0.,1.),.UNSPECIFIED.);
#194=B_SPLINE_CURVE_WITH_KNOTS('',2,(#10570,#10571,#10572),
 .UNSPECIFIED.,.F.,.F.,(3,3),(0.,1.),.UNSPECIFIED.);
#195=B_SPLINE_CURVE_WITH_KNOTS('',2,(#10576,#10577,#10578),
 .UNSPECIFIED.,.F.,.F.,(3,3),(0.,1.),.UNSPECIFIED.);
#196=B_SPLINE_CURVE_WITH_KNOTS('',2,(#10587,#10588,#10589),
 .UNSPECIFIED.,.F.,.F.,(3,3),(0.,1.),.UNSPECIFIED.);
#197=B_SPLINE_CURVE_WITH_KNOTS('',2,(#10592,#10593,#10594),
 .UNSPECIFIED.,.F.,.F.,(3,3),(0.,1.),.UNSPECIFIED.);
#198=B_SPLINE_CURVE_WITH_KNOTS('',2,(#10602,#10603,#10604),
 .UNSPECIFIED.,.F.,.F.,(3,3),(0.,1.),.UNSPECIFIED.);
#199=B_SPLINE_CURVE_WITH_KNOTS('',2,(#10607,#10608,#10609),
 .UNSPECIFIED.,.F.,.F.,(3,3),(0.,1.),.UNSPECIFIED.);
#200=B_SPLINE_CURVE_WITH_KNOTS('',2,(#10617,#10618,#10619),
 .UNSPECIFIED.,.F.,.F.,(3,3),(0.,1.),.UNSPECIFIED.);
#201=B_SPLINE_CURVE_WITH_KNOTS('',2,(#10622,#10623,#10624),
 .UNSPECIFIED.,.F.,.F.,(3,3),(0.,1.),.UNSPECIFIED.);
#202=B_SPLINE_CURVE_WITH_KNOTS('',2,(#10632,#10633,#10634),
 .UNSPECIFIED.,.F.,.F.,(3,3),(0.,1.),.UNSPECIFIED.);
#203=B_SPLINE_CURVE_WITH_KNOTS('',2,(#10637,#10638,#10639),
 .UNSPECIFIED.,.F.,.F.,(3,3),(0.,1.),.UNSPECIFIED.);
#204=B_SPLINE_CURVE_WITH_KNOTS('',2,(#10647,#10648,#10649),
 .UNSPECIFIED.,.F.,.F.,(3,3),(0.,1.),.UNSPECIFIED.);
#205=B_SPLINE_CURVE_WITH_KNOTS('',2,(#10652,#10653,#10654),
 .UNSPECIFIED.,.F.,.F.,(3,3),(0.,1.),.UNSPECIFIED.);
#206=B_SPLINE_CURVE_WITH_KNOTS('',2,(#10662,#10663,#10664),
 .UNSPECIFIED.,.F.,.F.,(3,3),(0.,1.),.UNSPECIFIED.);
#207=B_SPLINE_CURVE_WITH_KNOTS('',2,(#10667,#10668,#10669),
 .UNSPECIFIED.,.F.,.F.,(3,3),(0.,1.),.UNSPECIFIED.);
#208=B_SPLINE_CURVE_WITH_KNOTS('',2,(#10677,#10678,#10679),
 .UNSPECIFIED.,.F.,.F.,(3,3),(0.,1.),.UNSPECIFIED.);
#209=B_SPLINE_CURVE_WITH_KNOTS('',2,(#10682,#10683,#10684),
 .UNSPECIFIED.,.F.,.F.,(3,3),(0.,1.),.UNSPECIFIED.);
#210=B_SPLINE_CURVE_WITH_KNOTS('',2,(#10696,#10697,#10698),
 .UNSPECIFIED.,.F.,.F.,(3,3),(0.,1.),.UNSPECIFIED.);
#211=B_SPLINE_CURVE_WITH_KNOTS('',2,(#10702,#10703,#10704),
 .UNSPECIFIED.,.F.,.F.,(3,3),(0.,1.),.UNSPECIFIED.);
#212=B_SPLINE_CURVE_WITH_KNOTS('',2,(#10713,#10714,#10715),
 .UNSPECIFIED.,.F.,.F.,(3,3),(0.,1.),.UNSPECIFIED.);
#213=B_SPLINE_CURVE_WITH_KNOTS('',2,(#10718,#10719,#10720),
 .UNSPECIFIED.,.F.,.F.,(3,3),(0.,1.),.UNSPECIFIED.);
#214=B_SPLINE_CURVE_WITH_KNOTS('',2,(#10728,#10729,#10730),
 .UNSPECIFIED.,.F.,.F.,(3,3),(0.,1.),.UNSPECIFIED.);
#215=B_SPLINE_CURVE_WITH_KNOTS('',2,(#10733,#10734,#10735),
 .UNSPECIFIED.,.F.,.F.,(3,3),(0.,1.),.UNSPECIFIED.);
#216=B_SPLINE_CURVE_WITH_KNOTS('',2,(#10743,#10744,#10745),
 .UNSPECIFIED.,.F.,.F.,(3,3),(0.,1.),.UNSPECIFIED.);
#217=B_SPLINE_CURVE_WITH_KNOTS('',2,(#10748,#10749,#10750),
 .UNSPECIFIED.,.F.,.F.,(3,3),(0.,1.),.UNSPECIFIED.);
#218=B_SPLINE_CURVE_WITH_KNOTS('',2,(#10758,#10759,#10760),
 .UNSPECIFIED.,.F.,.F.,(3,3),(0.,1.),.UNSPECIFIED.);
#219=B_SPLINE_CURVE_WITH_KNOTS('',2,(#10763,#10764,#10765),
 .UNSPECIFIED.,.F.,.F.,(3,3),(0.,1.),.UNSPECIFIED.);
#220=B_SPLINE_CURVE_WITH_KNOTS('',2,(#10773,#10774,#10775),
 .UNSPECIFIED.,.F.,.F.,(3,3),(0.,1.),.UNSPECIFIED.);
#221=B_SPLINE_CURVE_WITH_KNOTS('',2,(#10778,#10779,#10780),
 .UNSPECIFIED.,.F.,.F.,(3,3),(0.,1.),.UNSPECIFIED.);
#222=B_SPLINE_CURVE_WITH_KNOTS('',2,(#10788,#10789,#10790),
 .UNSPECIFIED.,.F.,.F.,(3,3),(0.,1.),.UNSPECIFIED.);
#223=B_SPLINE_CURVE_WITH_KNOTS('',2,(#10793,#10794,#10795),
 .UNSPECIFIED.,.F.,.F.,(3,3),(0.,1.),.UNSPECIFIED.);
#224=B_SPLINE_CURVE_WITH_KNOTS('',2,(#10803,#10804,#10805),
 .UNSPECIFIED.,.F.,.F.,(3,3),(0.,1.),.UNSPECIFIED.);
#225=B_SPLINE_CURVE_WITH_KNOTS('',2,(#10808,#10809,#10810),
 .UNSPECIFIED.,.F.,.F.,(3,3),(0.,1.),.UNSPECIFIED.);
#226=B_SPLINE_CURVE_WITH_KNOTS('',2,(#10818,#10819,#10820),
 .UNSPECIFIED.,.F.,.F.,(3,3),(0.,1.),.UNSPECIFIED.);
#227=B_SPLINE_CURVE_WITH_KNOTS('',2,(#10823,#10824,#10825),
 .UNSPECIFIED.,.F.,.F.,(3,3),(0.,1.),.UNSPECIFIED.);
#228=B_SPLINE_CURVE_WITH_KNOTS('',2,(#10833,#10834,#10835),
 .UNSPECIFIED.,.F.,.F.,(3,3),(0.,1.),.UNSPECIFIED.);
#229=B_SPLINE_CURVE_WITH_KNOTS('',2,(#10838,#10839,#10840),
 .UNSPECIFIED.,.F.,.F.,(3,3),(0.,1.),.UNSPECIFIED.);
#230=B_SPLINE_CURVE_WITH_KNOTS('',2,(#10848,#10849,#10850),
 .UNSPECIFIED.,.F.,.F.,(3,3),(0.,1.),.UNSPECIFIED.);
#231=B_SPLINE_CURVE_WITH_KNOTS('',2,(#10853,#10854,#10855),
 .UNSPECIFIED.,.F.,.F.,(3,3),(0.,1.),.UNSPECIFIED.);
#232=B_SPLINE_CURVE_WITH_KNOTS('',2,(#10869,#10870,#10871),
 .UNSPECIFIED.,.F.,.F.,(3,3),(0.,1.),.UNSPECIFIED.);
#233=B_SPLINE_CURVE_WITH_KNOTS('',2,(#10874,#10875,#10876),
 .UNSPECIFIED.,.F.,.F.,(3,3),(0.,1.),.UNSPECIFIED.);
#234=B_SPLINE_CURVE_WITH_KNOTS('',2,(#10884,#10885,#10886),
 .UNSPECIFIED.,.F.,.F.,(3,3),(0.,1.),.UNSPECIFIED.);
#235=B_SPLINE_CURVE_WITH_KNOTS('',2,(#10889,#10890,#10891),
 .UNSPECIFIED.,.F.,.F.,(3,3),(0.,1.),.UNSPECIFIED.);
#236=B_SPLINE_CURVE_WITH_KNOTS('',2,(#10899,#10900,#10901),
 .UNSPECIFIED.,.F.,.F.,(3,3),(0.,1.),.UNSPECIFIED.);
#237=B_SPLINE_CURVE_WITH_KNOTS('',2,(#10904,#10905,#10906),
 .UNSPECIFIED.,.F.,.F.,(3,3),(0.,1.),.UNSPECIFIED.);
#238=B_SPLINE_CURVE_WITH_KNOTS('',2,(#10914,#10915,#10916),
 .UNSPECIFIED.,.F.,.F.,(3,3),(0.,1.),.UNSPECIFIED.);
#239=B_SPLINE_CURVE_WITH_KNOTS('',2,(#10919,#10920,#10921),
 .UNSPECIFIED.,.F.,.F.,(3,3),(0.,1.),.UNSPECIFIED.);
#240=B_SPLINE_CURVE_WITH_KNOTS('',2,(#10929,#10930,#10931),
 .UNSPECIFIED.,.F.,.F.,(3,3),(0.,1.),.UNSPECIFIED.);
#241=B_SPLINE_CURVE_WITH_KNOTS('',2,(#10934,#10935,#10936),
 .UNSPECIFIED.,.F.,.F.,(3,3),(0.,1.),.UNSPECIFIED.);
#242=B_SPLINE_CURVE_WITH_KNOTS('',2,(#10944,#10945,#10946),
 .UNSPECIFIED.,.F.,.F.,(3,3),(0.,1.),.UNSPECIFIED.);
#243=B_SPLINE_CURVE_WITH_KNOTS('',2,(#10949,#10950,#10951),
 .UNSPECIFIED.,.F.,.F.,(3,3),(0.,1.),.UNSPECIFIED.);
#244=B_SPLINE_CURVE_WITH_KNOTS('',2,(#10959,#10960,#10961),
 .UNSPECIFIED.,.F.,.F.,(3,3),(0.,1.),.UNSPECIFIED.);
#245=B_SPLINE_CURVE_WITH_KNOTS('',2,(#10964,#10965,#10966),
 .UNSPECIFIED.,.F.,.F.,(3,3),(0.,1.),.UNSPECIFIED.);
#246=B_SPLINE_CURVE_WITH_KNOTS('',2,(#10974,#10975,#10976),
 .UNSPECIFIED.,.F.,.F.,(3,3),(0.,1.),.UNSPECIFIED.);
#247=B_SPLINE_CURVE_WITH_KNOTS('',2,(#10979,#10980,#10981),
 .UNSPECIFIED.,.F.,.F.,(3,3),(0.,1.),.UNSPECIFIED.);
#248=B_SPLINE_CURVE_WITH_KNOTS('',2,(#10995,#10996,#10997),
 .UNSPECIFIED.,.F.,.F.,(3,3),(0.,1.),.UNSPECIFIED.);
#249=B_SPLINE_CURVE_WITH_KNOTS('',2,(#11000,#11001,#11002),
 .UNSPECIFIED.,.F.,.F.,(3,3),(0.,1.),.UNSPECIFIED.);
#250=B_SPLINE_CURVE_WITH_KNOTS('',2,(#11009,#11010,#11011),
 .UNSPECIFIED.,.F.,.F.,(3,3),(0.,1.),.UNSPECIFIED.);
#251=B_SPLINE_CURVE_WITH_KNOTS('',2,(#11012,#11013,#11014),
 .UNSPECIFIED.,.F.,.F.,(3,3),(0.,1.),.UNSPECIFIED.);
#252=B_SPLINE_CURVE_WITH_KNOTS('',2,(#11039,#11040,#11041),
 .UNSPECIFIED.,.F.,.F.,(3,3),(0.,1.),.UNSPECIFIED.);
#253=B_SPLINE_CURVE_WITH_KNOTS('',2,(#11044,#11045,#11046),
 .UNSPECIFIED.,.F.,.F.,(3,3),(0.,1.),.UNSPECIFIED.);
#254=B_SPLINE_CURVE_WITH_KNOTS('',2,(#11054,#11055,#11056),
 .UNSPECIFIED.,.F.,.F.,(3,3),(0.,1.),.UNSPECIFIED.);
#255=B_SPLINE_CURVE_WITH_KNOTS('',2,(#11059,#11060,#11061),
 .UNSPECIFIED.,.F.,.F.,(3,3),(0.,1.),.UNSPECIFIED.);
#256=B_SPLINE_CURVE_WITH_KNOTS('',2,(#11075,#11076,#11077),
 .UNSPECIFIED.,.F.,.F.,(3,3),(0.,1.),.UNSPECIFIED.);
#257=B_SPLINE_CURVE_WITH_KNOTS('',2,(#11080,#11081,#11082),
 .UNSPECIFIED.,.F.,.F.,(3,3),(0.,1.),.UNSPECIFIED.);
#258=B_SPLINE_CURVE_WITH_KNOTS('',2,(#11090,#11091,#11092),
 .UNSPECIFIED.,.F.,.F.,(3,3),(0.,1.),.UNSPECIFIED.);
#259=B_SPLINE_CURVE_WITH_KNOTS('',2,(#11095,#11096,#11097),
 .UNSPECIFIED.,.F.,.F.,(3,3),(0.,1.),.UNSPECIFIED.);
#260=B_SPLINE_CURVE_WITH_KNOTS('',2,(#11105,#11106,#11107),
 .UNSPECIFIED.,.F.,.F.,(3,3),(0.,1.),.UNSPECIFIED.);
#261=B_SPLINE_CURVE_WITH_KNOTS('',2,(#11110,#11111,#11112),
 .UNSPECIFIED.,.F.,.F.,(3,3),(0.,1.),.UNSPECIFIED.);
#262=B_SPLINE_CURVE_WITH_KNOTS('',2,(#11120,#11121,#11122),
 .UNSPECIFIED.,.F.,.F.,(3,3),(0.,1.),.UNSPECIFIED.);
#263=B_SPLINE_CURVE_WITH_KNOTS('',2,(#11125,#11126,#11127),
 .UNSPECIFIED.,.F.,.F.,(3,3),(0.,1.),.UNSPECIFIED.);
#264=B_SPLINE_CURVE_WITH_KNOTS('',2,(#11153,#11154,#11155),
 .UNSPECIFIED.,.F.,.F.,(3,3),(0.,1.),.UNSPECIFIED.);
#265=B_SPLINE_CURVE_WITH_KNOTS('',2,(#11158,#11159,#11160),
 .UNSPECIFIED.,.F.,.F.,(3,3),(0.,1.),.UNSPECIFIED.);
#266=B_SPLINE_CURVE_WITH_KNOTS('',2,(#11168,#11169,#11170),
 .UNSPECIFIED.,.F.,.F.,(3,3),(0.,1.),.UNSPECIFIED.);
#267=B_SPLINE_CURVE_WITH_KNOTS('',2,(#11173,#11174,#11175),
 .UNSPECIFIED.,.F.,.F.,(3,3),(0.,1.),.UNSPECIFIED.);
#268=B_SPLINE_CURVE_WITH_KNOTS('',2,(#11200,#11201,#11202),
 .UNSPECIFIED.,.F.,.F.,(3,3),(-1.,-0.985093895979675),.UNSPECIFIED.);
#269=B_SPLINE_CURVE_WITH_KNOTS('',2,(#11203,#11204,#11205),
 .UNSPECIFIED.,.F.,.F.,(3,3),(-1.,-0.985093895979675),.UNSPECIFIED.);
#270=B_SPLINE_CURVE_WITH_KNOTS('',2,(#11215,#11216,#11217),
 .UNSPECIFIED.,.F.,.F.,(3,3),(0.,0.985093895979672),.UNSPECIFIED.);
#271=B_SPLINE_CURVE_WITH_KNOTS('',2,(#11220,#11221,#11222),
 .UNSPECIFIED.,.F.,.F.,(3,3),(0.,0.985093895979672),.UNSPECIFIED.);
#272=B_SPLINE_CURVE_WITH_KNOTS('',2,(#11230,#11231,#11232),
 .UNSPECIFIED.,.F.,.F.,(3,3),(0.,1.),.UNSPECIFIED.);
#273=B_SPLINE_CURVE_WITH_KNOTS('',2,(#11235,#11236,#11237),
 .UNSPECIFIED.,.F.,.F.,(3,3),(0.,1.),.UNSPECIFIED.);
#274=B_SPLINE_CURVE_WITH_KNOTS('',2,(#11275,#11276,#11277),
 .UNSPECIFIED.,.F.,.F.,(3,3),(0.,1.),.UNSPECIFIED.);
#275=B_SPLINE_CURVE_WITH_KNOTS('',2,(#11280,#11281,#11282),
 .UNSPECIFIED.,.F.,.F.,(3,3),(0.,1.),.UNSPECIFIED.);
#276=B_SPLINE_CURVE_WITH_KNOTS('',2,(#11290,#11291,#11292),
 .UNSPECIFIED.,.F.,.F.,(3,3),(0.,1.),.UNSPECIFIED.);
#277=B_SPLINE_CURVE_WITH_KNOTS('',2,(#11295,#11296,#11297),
 .UNSPECIFIED.,.F.,.F.,(3,3),(0.,1.),.UNSPECIFIED.);
#278=B_SPLINE_CURVE_WITH_KNOTS('',2,(#11305,#11306,#11307),
 .UNSPECIFIED.,.F.,.F.,(3,3),(0.,1.),.UNSPECIFIED.);
#279=B_SPLINE_CURVE_WITH_KNOTS('',2,(#11310,#11311,#11312),
 .UNSPECIFIED.,.F.,.F.,(3,3),(0.,1.),.UNSPECIFIED.);
#280=B_SPLINE_CURVE_WITH_KNOTS('',2,(#11320,#11321,#11322),
 .UNSPECIFIED.,.F.,.F.,(3,3),(0.,1.),.UNSPECIFIED.);
#281=B_SPLINE_CURVE_WITH_KNOTS('',2,(#11325,#11326,#11327),
 .UNSPECIFIED.,.F.,.F.,(3,3),(0.,1.),.UNSPECIFIED.);
#282=B_SPLINE_CURVE_WITH_KNOTS('',2,(#11343,#11344,#11345),
 .UNSPECIFIED.,.F.,.F.,(3,3),(0.,1.),.UNSPECIFIED.);
#283=B_SPLINE_CURVE_WITH_KNOTS('',2,(#11349,#11350,#11351),
 .UNSPECIFIED.,.F.,.F.,(3,3),(0.,1.),.UNSPECIFIED.);
#284=B_SPLINE_CURVE_WITH_KNOTS('',2,(#11360,#11361,#11362),
 .UNSPECIFIED.,.F.,.F.,(3,3),(0.,1.),.UNSPECIFIED.);
#285=B_SPLINE_CURVE_WITH_KNOTS('',2,(#11365,#11366,#11367),
 .UNSPECIFIED.,.F.,.F.,(3,3),(0.,1.),.UNSPECIFIED.);
#286=B_SPLINE_CURVE_WITH_KNOTS('',2,(#11375,#11376,#11377),
 .UNSPECIFIED.,.F.,.F.,(3,3),(0.,1.),.UNSPECIFIED.);
#287=B_SPLINE_CURVE_WITH_KNOTS('',2,(#11380,#11381,#11382),
 .UNSPECIFIED.,.F.,.F.,(3,3),(0.,1.),.UNSPECIFIED.);
#288=B_SPLINE_CURVE_WITH_KNOTS('',2,(#11390,#11391,#11392),
 .UNSPECIFIED.,.F.,.F.,(3,3),(0.,1.),.UNSPECIFIED.);
#289=B_SPLINE_CURVE_WITH_KNOTS('',2,(#11395,#11396,#11397),
 .UNSPECIFIED.,.F.,.F.,(3,3),(0.,1.),.UNSPECIFIED.);
#290=B_SPLINE_CURVE_WITH_KNOTS('',2,(#11411,#11412,#11413),
 .UNSPECIFIED.,.F.,.F.,(3,3),(0.,1.),.UNSPECIFIED.);
#291=B_SPLINE_CURVE_WITH_KNOTS('',2,(#11416,#11417,#11418),
 .UNSPECIFIED.,.F.,.F.,(3,3),(0.,1.),.UNSPECIFIED.);
#292=B_SPLINE_CURVE_WITH_KNOTS('',2,(#11426,#11427,#11428),
 .UNSPECIFIED.,.F.,.F.,(3,3),(0.,1.),.UNSPECIFIED.);
#293=B_SPLINE_CURVE_WITH_KNOTS('',2,(#11431,#11432,#11433),
 .UNSPECIFIED.,.F.,.F.,(3,3),(0.,1.),.UNSPECIFIED.);
#294=B_SPLINE_CURVE_WITH_KNOTS('',2,(#11441,#11442,#11443),
 .UNSPECIFIED.,.F.,.F.,(3,3),(0.,1.),.UNSPECIFIED.);
#295=B_SPLINE_CURVE_WITH_KNOTS('',2,(#11446,#11447,#11448),
 .UNSPECIFIED.,.F.,.F.,(3,3),(0.,1.),.UNSPECIFIED.);
#296=B_SPLINE_CURVE_WITH_KNOTS('',2,(#11456,#11457,#11458),
 .UNSPECIFIED.,.F.,.F.,(3,3),(0.,1.),.UNSPECIFIED.);
#297=B_SPLINE_CURVE_WITH_KNOTS('',2,(#11461,#11462,#11463),
 .UNSPECIFIED.,.F.,.F.,(3,3),(0.,1.),.UNSPECIFIED.);
#298=B_SPLINE_CURVE_WITH_KNOTS('',2,(#11536,#11537,#11538),
 .UNSPECIFIED.,.F.,.F.,(3,3),(0.,1.),.UNSPECIFIED.);
#299=B_SPLINE_CURVE_WITH_KNOTS('',2,(#11542,#11543,#11544),
 .UNSPECIFIED.,.F.,.F.,(3,3),(0.,1.),.UNSPECIFIED.);
#300=B_SPLINE_CURVE_WITH_KNOTS('',2,(#11553,#11554,#11555),
 .UNSPECIFIED.,.F.,.F.,(3,3),(0.,1.),.UNSPECIFIED.);
#301=B_SPLINE_CURVE_WITH_KNOTS('',2,(#11558,#11559,#11560),
 .UNSPECIFIED.,.F.,.F.,(3,3),(0.,1.),.UNSPECIFIED.);
#302=B_SPLINE_CURVE_WITH_KNOTS('',2,(#11568,#11569,#11570),
 .UNSPECIFIED.,.F.,.F.,(3,3),(0.,1.),.UNSPECIFIED.);
#303=B_SPLINE_CURVE_WITH_KNOTS('',2,(#11573,#11574,#11575),
 .UNSPECIFIED.,.F.,.F.,(3,3),(0.,1.),.UNSPECIFIED.);
#304=B_SPLINE_CURVE_WITH_KNOTS('',2,(#11583,#11584,#11585),
 .UNSPECIFIED.,.F.,.F.,(3,3),(0.,1.),.UNSPECIFIED.);
#305=B_SPLINE_CURVE_WITH_KNOTS('',2,(#11588,#11589,#11590),
 .UNSPECIFIED.,.F.,.F.,(3,3),(0.,1.),.UNSPECIFIED.);
#306=B_SPLINE_CURVE_WITH_KNOTS('',2,(#11598,#11599,#11600),
 .UNSPECIFIED.,.F.,.F.,(3,3),(0.,1.),.UNSPECIFIED.);
#307=B_SPLINE_CURVE_WITH_KNOTS('',2,(#11603,#11604,#11605),
 .UNSPECIFIED.,.F.,.F.,(3,3),(0.,1.),.UNSPECIFIED.);
#308=B_SPLINE_CURVE_WITH_KNOTS('',2,(#11613,#11614,#11615),
 .UNSPECIFIED.,.F.,.F.,(3,3),(0.,1.),.UNSPECIFIED.);
#309=B_SPLINE_CURVE_WITH_KNOTS('',2,(#11618,#11619,#11620),
 .UNSPECIFIED.,.F.,.F.,(3,3),(0.,1.),.UNSPECIFIED.);
#310=B_SPLINE_CURVE_WITH_KNOTS('',2,(#11628,#11629,#11630),
 .UNSPECIFIED.,.F.,.F.,(3,3),(0.,1.),.UNSPECIFIED.);
#311=B_SPLINE_CURVE_WITH_KNOTS('',2,(#11633,#11634,#11635),
 .UNSPECIFIED.,.F.,.F.,(3,3),(0.,1.),.UNSPECIFIED.);
#312=B_SPLINE_CURVE_WITH_KNOTS('',2,(#11643,#11644,#11645),
 .UNSPECIFIED.,.F.,.F.,(3,3),(0.,1.),.UNSPECIFIED.);
#313=B_SPLINE_CURVE_WITH_KNOTS('',2,(#11648,#11649,#11650),
 .UNSPECIFIED.,.F.,.F.,(3,3),(0.,1.),.UNSPECIFIED.);
#314=B_SPLINE_CURVE_WITH_KNOTS('',2,(#11658,#11659,#11660),
 .UNSPECIFIED.,.F.,.F.,(3,3),(0.,1.),.UNSPECIFIED.);
#315=B_SPLINE_CURVE_WITH_KNOTS('',2,(#11663,#11664,#11665),
 .UNSPECIFIED.,.F.,.F.,(3,3),(0.,1.),.UNSPECIFIED.);
#316=B_SPLINE_CURVE_WITH_KNOTS('',2,(#11672,#11673,#11674),
 .UNSPECIFIED.,.F.,.F.,(3,3),(0.,1.),.UNSPECIFIED.);
#317=B_SPLINE_CURVE_WITH_KNOTS('',2,(#11675,#11676,#11677),
 .UNSPECIFIED.,.F.,.F.,(3,3),(0.,1.),.UNSPECIFIED.);
#318=B_SPLINE_CURVE_WITH_KNOTS('',2,(#11694,#11695,#11696),
 .UNSPECIFIED.,.F.,.F.,(3,3),(0.,1.),.UNSPECIFIED.);
#319=B_SPLINE_CURVE_WITH_KNOTS('',2,(#11699,#11700,#11701),
 .UNSPECIFIED.,.F.,.F.,(3,3),(0.,1.),.UNSPECIFIED.);
#320=B_SPLINE_CURVE_WITH_KNOTS('',2,(#11709,#11710,#11711),
 .UNSPECIFIED.,.F.,.F.,(3,3),(0.,1.),.UNSPECIFIED.);
#321=B_SPLINE_CURVE_WITH_KNOTS('',2,(#11714,#11715,#11716),
 .UNSPECIFIED.,.F.,.F.,(3,3),(0.,1.),.UNSPECIFIED.);
#322=B_SPLINE_CURVE_WITH_KNOTS('',2,(#11724,#11725,#11726),
 .UNSPECIFIED.,.F.,.F.,(3,3),(0.,1.),.UNSPECIFIED.);
#323=B_SPLINE_CURVE_WITH_KNOTS('',2,(#11729,#11730,#11731),
 .UNSPECIFIED.,.F.,.F.,(3,3),(0.,1.),.UNSPECIFIED.);
#324=B_SPLINE_CURVE_WITH_KNOTS('',2,(#11739,#11740,#11741),
 .UNSPECIFIED.,.F.,.F.,(3,3),(0.,1.),.UNSPECIFIED.);
#325=B_SPLINE_CURVE_WITH_KNOTS('',2,(#11744,#11745,#11746),
 .UNSPECIFIED.,.F.,.F.,(3,3),(0.,1.),.UNSPECIFIED.);
#326=B_SPLINE_CURVE_WITH_KNOTS('',2,(#11754,#11755,#11756),
 .UNSPECIFIED.,.F.,.F.,(3,3),(0.,1.),.UNSPECIFIED.);
#327=B_SPLINE_CURVE_WITH_KNOTS('',2,(#11759,#11760,#11761),
 .UNSPECIFIED.,.F.,.F.,(3,3),(0.,1.),.UNSPECIFIED.);
#328=B_SPLINE_CURVE_WITH_KNOTS('',2,(#11769,#11770,#11771),
 .UNSPECIFIED.,.F.,.F.,(3,3),(0.,1.),.UNSPECIFIED.);
#329=B_SPLINE_CURVE_WITH_KNOTS('',2,(#11774,#11775,#11776),
 .UNSPECIFIED.,.F.,.F.,(3,3),(0.,1.),.UNSPECIFIED.);
#330=B_SPLINE_CURVE_WITH_KNOTS('',2,(#11784,#11785,#11786),
 .UNSPECIFIED.,.F.,.F.,(3,3),(0.,1.),.UNSPECIFIED.);
#331=B_SPLINE_CURVE_WITH_KNOTS('',2,(#11789,#11790,#11791),
 .UNSPECIFIED.,.F.,.F.,(3,3),(0.,1.),.UNSPECIFIED.);
#332=B_SPLINE_CURVE_WITH_KNOTS('',2,(#11847,#11848,#11849),
 .UNSPECIFIED.,.F.,.F.,(3,3),(0.,1.),.UNSPECIFIED.);
#333=B_SPLINE_CURVE_WITH_KNOTS('',2,(#11853,#11854,#11855),
 .UNSPECIFIED.,.F.,.F.,(3,3),(0.,1.),.UNSPECIFIED.);
#334=B_SPLINE_CURVE_WITH_KNOTS('',2,(#11864,#11865,#11866),
 .UNSPECIFIED.,.F.,.F.,(3,3),(0.,1.),.UNSPECIFIED.);
#335=B_SPLINE_CURVE_WITH_KNOTS('',2,(#11869,#11870,#11871),
 .UNSPECIFIED.,.F.,.F.,(3,3),(0.,1.),.UNSPECIFIED.);
#336=B_SPLINE_CURVE_WITH_KNOTS('',2,(#11879,#11880,#11881),
 .UNSPECIFIED.,.F.,.F.,(3,3),(0.,1.),.UNSPECIFIED.);
#337=B_SPLINE_CURVE_WITH_KNOTS('',2,(#11884,#11885,#11886),
 .UNSPECIFIED.,.F.,.F.,(3,3),(0.,1.),.UNSPECIFIED.);
#338=B_SPLINE_CURVE_WITH_KNOTS('',2,(#11894,#11895,#11896),
 .UNSPECIFIED.,.F.,.F.,(3,3),(0.,1.),.UNSPECIFIED.);
#339=B_SPLINE_CURVE_WITH_KNOTS('',2,(#11899,#11900,#11901),
 .UNSPECIFIED.,.F.,.F.,(3,3),(0.,1.),.UNSPECIFIED.);
#340=B_SPLINE_CURVE_WITH_KNOTS('',2,(#11909,#11910,#11911),
 .UNSPECIFIED.,.F.,.F.,(3,3),(0.,1.),.UNSPECIFIED.);
#341=B_SPLINE_CURVE_WITH_KNOTS('',2,(#11914,#11915,#11916),
 .UNSPECIFIED.,.F.,.F.,(3,3),(0.,1.),.UNSPECIFIED.);
#342=B_SPLINE_CURVE_WITH_KNOTS('',2,(#11924,#11925,#11926),
 .UNSPECIFIED.,.F.,.F.,(3,3),(0.,1.),.UNSPECIFIED.);
#343=B_SPLINE_CURVE_WITH_KNOTS('',2,(#11929,#11930,#11931),
 .UNSPECIFIED.,.F.,.F.,(3,3),(0.,1.),.UNSPECIFIED.);
#344=B_SPLINE_CURVE_WITH_KNOTS('',2,(#11939,#11940,#11941),
 .UNSPECIFIED.,.F.,.F.,(3,3),(0.,1.),.UNSPECIFIED.);
#345=B_SPLINE_CURVE_WITH_KNOTS('',2,(#11944,#11945,#11946),
 .UNSPECIFIED.,.F.,.F.,(3,3),(0.,1.),.UNSPECIFIED.);
#346=B_SPLINE_CURVE_WITH_KNOTS('',2,(#11954,#11955,#11956),
 .UNSPECIFIED.,.F.,.F.,(3,3),(0.,1.),.UNSPECIFIED.);
#347=B_SPLINE_CURVE_WITH_KNOTS('',2,(#11959,#11960,#11961),
 .UNSPECIFIED.,.F.,.F.,(3,3),(0.,1.),.UNSPECIFIED.);
#348=B_SPLINE_CURVE_WITH_KNOTS('',2,(#11968,#11969,#11970),
 .UNSPECIFIED.,.F.,.F.,(3,3),(0.,1.),.UNSPECIFIED.);
#349=B_SPLINE_CURVE_WITH_KNOTS('',2,(#11971,#11972,#11973),
 .UNSPECIFIED.,.F.,.F.,(3,3),(0.,1.),.UNSPECIFIED.);
#350=B_SPLINE_CURVE_WITH_KNOTS('',2,(#11982,#11983,#11984),
 .UNSPECIFIED.,.F.,.F.,(3,3),(0.,1.),.UNSPECIFIED.);
#351=B_SPLINE_CURVE_WITH_KNOTS('',2,(#11988,#11989,#11990),
 .UNSPECIFIED.,.F.,.F.,(3,3),(0.,1.),.UNSPECIFIED.);
#352=B_SPLINE_CURVE_WITH_KNOTS('',2,(#11999,#12000,#12001),
 .UNSPECIFIED.,.F.,.F.,(3,3),(0.,1.),.UNSPECIFIED.);
#353=B_SPLINE_CURVE_WITH_KNOTS('',2,(#12004,#12005,#12006),
 .UNSPECIFIED.,.F.,.F.,(3,3),(0.,1.),.UNSPECIFIED.);
#354=B_SPLINE_CURVE_WITH_KNOTS('',2,(#12014,#12015,#12016),
 .UNSPECIFIED.,.F.,.F.,(3,3),(0.,1.),.UNSPECIFIED.);
#355=B_SPLINE_CURVE_WITH_KNOTS('',2,(#12019,#12020,#12021),
 .UNSPECIFIED.,.F.,.F.,(3,3),(0.,1.),.UNSPECIFIED.);
#356=B_SPLINE_CURVE_WITH_KNOTS('',2,(#12029,#12030,#12031),
 .UNSPECIFIED.,.F.,.F.,(3,3),(0.,1.),.UNSPECIFIED.);
#357=B_SPLINE_CURVE_WITH_KNOTS('',2,(#12034,#12035,#12036),
 .UNSPECIFIED.,.F.,.F.,(3,3),(0.,1.),.UNSPECIFIED.);
#358=B_SPLINE_CURVE_WITH_KNOTS('',2,(#12044,#12045,#12046),
 .UNSPECIFIED.,.F.,.F.,(3,3),(0.,1.),.UNSPECIFIED.);
#359=B_SPLINE_CURVE_WITH_KNOTS('',2,(#12049,#12050,#12051),
 .UNSPECIFIED.,.F.,.F.,(3,3),(0.,1.),.UNSPECIFIED.);
#360=B_SPLINE_CURVE_WITH_KNOTS('',2,(#12059,#12060,#12061),
 .UNSPECIFIED.,.F.,.F.,(3,3),(0.,1.),.UNSPECIFIED.);
#361=B_SPLINE_CURVE_WITH_KNOTS('',2,(#12064,#12065,#12066),
 .UNSPECIFIED.,.F.,.F.,(3,3),(0.,1.),.UNSPECIFIED.);
#362=B_SPLINE_CURVE_WITH_KNOTS('',2,(#12074,#12075,#12076),
 .UNSPECIFIED.,.F.,.F.,(3,3),(0.,1.),.UNSPECIFIED.);
#363=B_SPLINE_CURVE_WITH_KNOTS('',2,(#12079,#12080,#12081),
 .UNSPECIFIED.,.F.,.F.,(3,3),(0.,1.),.UNSPECIFIED.);
#364=B_SPLINE_CURVE_WITH_KNOTS('',2,(#12089,#12090,#12091),
 .UNSPECIFIED.,.F.,.F.,(3,3),(0.,1.),.UNSPECIFIED.);
#365=B_SPLINE_CURVE_WITH_KNOTS('',2,(#12094,#12095,#12096),
 .UNSPECIFIED.,.F.,.F.,(3,3),(0.,1.),.UNSPECIFIED.);
#366=B_SPLINE_CURVE_WITH_KNOTS('',2,(#12104,#12105,#12106),
 .UNSPECIFIED.,.F.,.F.,(3,3),(0.,1.),.UNSPECIFIED.);
#367=B_SPLINE_CURVE_WITH_KNOTS('',2,(#12109,#12110,#12111),
 .UNSPECIFIED.,.F.,.F.,(3,3),(0.,1.),.UNSPECIFIED.);
#368=B_SPLINE_CURVE_WITH_KNOTS('',2,(#12148,#12149,#12150),
 .UNSPECIFIED.,.F.,.F.,(3,3),(0.,1.),.UNSPECIFIED.);
#369=B_SPLINE_CURVE_WITH_KNOTS('',2,(#12154,#12155,#12156),
 .UNSPECIFIED.,.F.,.F.,(3,3),(0.,1.),.UNSPECIFIED.);
#370=B_SPLINE_CURVE_WITH_KNOTS('',2,(#12165,#12166,#12167),
 .UNSPECIFIED.,.F.,.F.,(3,3),(0.,1.),.UNSPECIFIED.);
#371=B_SPLINE_CURVE_WITH_KNOTS('',2,(#12170,#12171,#12172),
 .UNSPECIFIED.,.F.,.F.,(3,3),(0.,1.),.UNSPECIFIED.);
#372=B_SPLINE_CURVE_WITH_KNOTS('',2,(#12180,#12181,#12182),
 .UNSPECIFIED.,.F.,.F.,(3,3),(0.,1.),.UNSPECIFIED.);
#373=B_SPLINE_CURVE_WITH_KNOTS('',2,(#12185,#12186,#12187),
 .UNSPECIFIED.,.F.,.F.,(3,3),(0.,1.),.UNSPECIFIED.);
#374=B_SPLINE_CURVE_WITH_KNOTS('',2,(#12195,#12196,#12197),
 .UNSPECIFIED.,.F.,.F.,(3,3),(0.,1.),.UNSPECIFIED.);
#375=B_SPLINE_CURVE_WITH_KNOTS('',2,(#12200,#12201,#12202),
 .UNSPECIFIED.,.F.,.F.,(3,3),(0.,1.),.UNSPECIFIED.);
#376=B_SPLINE_CURVE_WITH_KNOTS('',2,(#12210,#12211,#12212),
 .UNSPECIFIED.,.F.,.F.,(3,3),(0.,1.),.UNSPECIFIED.);
#377=B_SPLINE_CURVE_WITH_KNOTS('',2,(#12215,#12216,#12217),
 .UNSPECIFIED.,.F.,.F.,(3,3),(0.,1.),.UNSPECIFIED.);
#378=B_SPLINE_CURVE_WITH_KNOTS('',2,(#12229,#12230,#12231),
 .UNSPECIFIED.,.F.,.F.,(3,3),(0.,1.),.UNSPECIFIED.);
#379=B_SPLINE_CURVE_WITH_KNOTS('',2,(#12235,#12236,#12237),
 .UNSPECIFIED.,.F.,.F.,(3,3),(0.,1.),.UNSPECIFIED.);
#380=B_SPLINE_CURVE_WITH_KNOTS('',2,(#12246,#12247,#12248),
 .UNSPECIFIED.,.F.,.F.,(3,3),(0.,1.),.UNSPECIFIED.);
#381=B_SPLINE_CURVE_WITH_KNOTS('',2,(#12251,#12252,#12253),
 .UNSPECIFIED.,.F.,.F.,(3,3),(0.,1.),.UNSPECIFIED.);
#382=B_SPLINE_CURVE_WITH_KNOTS('',2,(#12261,#12262,#12263),
 .UNSPECIFIED.,.F.,.F.,(3,3),(0.,1.),.UNSPECIFIED.);
#383=B_SPLINE_CURVE_WITH_KNOTS('',2,(#12266,#12267,#12268),
 .UNSPECIFIED.,.F.,.F.,(3,3),(0.,1.),.UNSPECIFIED.);
#384=B_SPLINE_CURVE_WITH_KNOTS('',2,(#12276,#12277,#12278),
 .UNSPECIFIED.,.F.,.F.,(3,3),(0.,1.),.UNSPECIFIED.);
#385=B_SPLINE_CURVE_WITH_KNOTS('',2,(#12281,#12282,#12283),
 .UNSPECIFIED.,.F.,.F.,(3,3),(0.,1.),.UNSPECIFIED.);
#386=B_SPLINE_CURVE_WITH_KNOTS('',2,(#12291,#12292,#12293),
 .UNSPECIFIED.,.F.,.F.,(3,3),(0.,1.),.UNSPECIFIED.);
#387=B_SPLINE_CURVE_WITH_KNOTS('',2,(#12296,#12297,#12298),
 .UNSPECIFIED.,.F.,.F.,(3,3),(0.,1.),.UNSPECIFIED.);
#388=B_SPLINE_CURVE_WITH_KNOTS('',2,(#12306,#12307,#12308),
 .UNSPECIFIED.,.F.,.F.,(3,3),(0.,1.),.UNSPECIFIED.);
#389=B_SPLINE_CURVE_WITH_KNOTS('',2,(#12311,#12312,#12313),
 .UNSPECIFIED.,.F.,.F.,(3,3),(0.,1.),.UNSPECIFIED.);
#390=B_SPLINE_CURVE_WITH_KNOTS('',2,(#12321,#12322,#12323),
 .UNSPECIFIED.,.F.,.F.,(3,3),(0.,1.),.UNSPECIFIED.);
#391=B_SPLINE_CURVE_WITH_KNOTS('',2,(#12326,#12327,#12328),
 .UNSPECIFIED.,.F.,.F.,(3,3),(0.,1.),.UNSPECIFIED.);
#392=B_SPLINE_CURVE_WITH_KNOTS('',2,(#12342,#12343,#12344),
 .UNSPECIFIED.,.F.,.F.,(3,3),(0.,1.),.UNSPECIFIED.);
#393=B_SPLINE_CURVE_WITH_KNOTS('',2,(#12347,#12348,#12349),
 .UNSPECIFIED.,.F.,.F.,(3,3),(0.,1.),.UNSPECIFIED.);
#394=B_SPLINE_CURVE_WITH_KNOTS('',2,(#12357,#12358,#12359),
 .UNSPECIFIED.,.F.,.F.,(3,3),(0.,1.),.UNSPECIFIED.);
#395=B_SPLINE_CURVE_WITH_KNOTS('',2,(#12362,#12363,#12364),
 .UNSPECIFIED.,.F.,.F.,(3,3),(0.,1.),.UNSPECIFIED.);
#396=B_SPLINE_CURVE_WITH_KNOTS('',2,(#12372,#12373,#12374),
 .UNSPECIFIED.,.F.,.F.,(3,3),(0.,1.),.UNSPECIFIED.);
#397=B_SPLINE_CURVE_WITH_KNOTS('',2,(#12377,#12378,#12379),
 .UNSPECIFIED.,.F.,.F.,(3,3),(0.,1.),.UNSPECIFIED.);
#398=B_SPLINE_CURVE_WITH_KNOTS('',2,(#12387,#12388,#12389),
 .UNSPECIFIED.,.F.,.F.,(3,3),(0.,1.),.UNSPECIFIED.);
#399=B_SPLINE_CURVE_WITH_KNOTS('',2,(#12392,#12393,#12394),
 .UNSPECIFIED.,.F.,.F.,(3,3),(0.,1.),.UNSPECIFIED.);
#400=B_SPLINE_CURVE_WITH_KNOTS('',2,(#12408,#12409,#12410),
 .UNSPECIFIED.,.F.,.F.,(3,3),(0.,1.),.UNSPECIFIED.);
#401=B_SPLINE_CURVE_WITH_KNOTS('',2,(#12413,#12414,#12415),
 .UNSPECIFIED.,.F.,.F.,(3,3),(0.,1.),.UNSPECIFIED.);
#402=B_SPLINE_CURVE_WITH_KNOTS('',2,(#12422,#12423,#12424),
 .UNSPECIFIED.,.F.,.F.,(3,3),(0.,1.),.UNSPECIFIED.);
#403=B_SPLINE_CURVE_WITH_KNOTS('',2,(#12425,#12426,#12427),
 .UNSPECIFIED.,.F.,.F.,(3,3),(0.,1.),.UNSPECIFIED.);
#404=B_SPLINE_CURVE_WITH_KNOTS('',2,(#12437,#12438,#12439),
 .UNSPECIFIED.,.F.,.F.,(3,3),(0.,1.),.UNSPECIFIED.);
#405=B_SPLINE_CURVE_WITH_KNOTS('',2,(#12443,#12444,#12445),
 .UNSPECIFIED.,.F.,.F.,(3,3),(0.,1.),.UNSPECIFIED.);
#406=B_SPLINE_CURVE_WITH_KNOTS('',2,(#12454,#12455,#12456),
 .UNSPECIFIED.,.F.,.F.,(3,3),(0.,1.),.UNSPECIFIED.);
#407=B_SPLINE_CURVE_WITH_KNOTS('',2,(#12459,#12460,#12461),
 .UNSPECIFIED.,.F.,.F.,(3,3),(0.,1.),.UNSPECIFIED.);
#408=B_SPLINE_CURVE_WITH_KNOTS('',2,(#12469,#12470,#12471),
 .UNSPECIFIED.,.F.,.F.,(3,3),(0.,1.),.UNSPECIFIED.);
#409=B_SPLINE_CURVE_WITH_KNOTS('',2,(#12474,#12475,#12476),
 .UNSPECIFIED.,.F.,.F.,(3,3),(0.,1.),.UNSPECIFIED.);
#410=B_SPLINE_CURVE_WITH_KNOTS('',2,(#12484,#12485,#12486),
 .UNSPECIFIED.,.F.,.F.,(3,3),(0.,1.),.UNSPECIFIED.);
#411=B_SPLINE_CURVE_WITH_KNOTS('',2,(#12489,#12490,#12491),
 .UNSPECIFIED.,.F.,.F.,(3,3),(0.,1.),.UNSPECIFIED.);
#412=B_SPLINE_CURVE_WITH_KNOTS('',2,(#12499,#12500,#12501),
 .UNSPECIFIED.,.F.,.F.,(3,3),(0.,1.),.UNSPECIFIED.);
#413=B_SPLINE_CURVE_WITH_KNOTS('',2,(#12504,#12505,#12506),
 .UNSPECIFIED.,.F.,.F.,(3,3),(0.,1.),.UNSPECIFIED.);
#414=B_SPLINE_CURVE_WITH_KNOTS('',2,(#12514,#12515,#12516),
 .UNSPECIFIED.,.F.,.F.,(3,3),(0.,1.),.UNSPECIFIED.);
#415=B_SPLINE_CURVE_WITH_KNOTS('',2,(#12519,#12520,#12521),
 .UNSPECIFIED.,.F.,.F.,(3,3),(0.,1.),.UNSPECIFIED.);
#416=B_SPLINE_CURVE_WITH_KNOTS('',2,(#12529,#12530,#12531),
 .UNSPECIFIED.,.F.,.F.,(3,3),(0.,1.),.UNSPECIFIED.);
#417=B_SPLINE_CURVE_WITH_KNOTS('',2,(#12534,#12535,#12536),
 .UNSPECIFIED.,.F.,.F.,(3,3),(0.,1.),.UNSPECIFIED.);
#418=B_SPLINE_CURVE_WITH_KNOTS('',2,(#12544,#12545,#12546),
 .UNSPECIFIED.,.F.,.F.,(3,3),(0.,1.),.UNSPECIFIED.);
#419=B_SPLINE_CURVE_WITH_KNOTS('',2,(#12549,#12550,#12551),
 .UNSPECIFIED.,.F.,.F.,(3,3),(0.,1.),.UNSPECIFIED.);
#420=B_SPLINE_CURVE_WITH_KNOTS('',2,(#12559,#12560,#12561),
 .UNSPECIFIED.,.F.,.F.,(3,3),(0.,1.),.UNSPECIFIED.);
#421=B_SPLINE_CURVE_WITH_KNOTS('',2,(#12564,#12565,#12566),
 .UNSPECIFIED.,.F.,.F.,(3,3),(0.,1.),.UNSPECIFIED.);
#422=B_SPLINE_CURVE_WITH_KNOTS('',2,(#12573,#12574,#12575),
 .UNSPECIFIED.,.F.,.F.,(3,3),(0.,1.),.UNSPECIFIED.);
#423=B_SPLINE_CURVE_WITH_KNOTS('',2,(#12576,#12577,#12578),
 .UNSPECIFIED.,.F.,.F.,(3,3),(0.,1.),.UNSPECIFIED.);
#424=B_SPLINE_CURVE_WITH_KNOTS('',2,(#12587,#12588,#12589),
 .UNSPECIFIED.,.F.,.F.,(3,3),(0.,1.),.UNSPECIFIED.);
#425=B_SPLINE_CURVE_WITH_KNOTS('',2,(#12593,#12594,#12595),
 .UNSPECIFIED.,.F.,.F.,(3,3),(0.,1.),.UNSPECIFIED.);
#426=B_SPLINE_CURVE_WITH_KNOTS('',2,(#12604,#12605,#12606),
 .UNSPECIFIED.,.F.,.F.,(3,3),(0.,1.),.UNSPECIFIED.);
#427=B_SPLINE_CURVE_WITH_KNOTS('',2,(#12609,#12610,#12611),
 .UNSPECIFIED.,.F.,.F.,(3,3),(0.,1.),.UNSPECIFIED.);
#428=B_SPLINE_CURVE_WITH_KNOTS('',2,(#12619,#12620,#12621),
 .UNSPECIFIED.,.F.,.F.,(3,3),(0.,1.),.UNSPECIFIED.);
#429=B_SPLINE_CURVE_WITH_KNOTS('',2,(#12624,#12625,#12626),
 .UNSPECIFIED.,.F.,.F.,(3,3),(0.,1.),.UNSPECIFIED.);
#430=B_SPLINE_CURVE_WITH_KNOTS('',2,(#12634,#12635,#12636),
 .UNSPECIFIED.,.F.,.F.,(3,3),(0.,1.),.UNSPECIFIED.);
#431=B_SPLINE_CURVE_WITH_KNOTS('',2,(#12639,#12640,#12641),
 .UNSPECIFIED.,.F.,.F.,(3,3),(0.,1.),.UNSPECIFIED.);
#432=B_SPLINE_CURVE_WITH_KNOTS('',2,(#12649,#12650,#12651),
 .UNSPECIFIED.,.F.,.F.,(3,3),(0.,1.),.UNSPECIFIED.);
#433=B_SPLINE_CURVE_WITH_KNOTS('',2,(#12654,#12655,#12656),
 .UNSPECIFIED.,.F.,.F.,(3,3),(0.,1.),.UNSPECIFIED.);
#434=B_SPLINE_CURVE_WITH_KNOTS('',2,(#12664,#12665,#12666),
 .UNSPECIFIED.,.F.,.F.,(3,3),(0.,1.),.UNSPECIFIED.);
#435=B_SPLINE_CURVE_WITH_KNOTS('',2,(#12669,#12670,#12671),
 .UNSPECIFIED.,.F.,.F.,(3,3),(0.,1.),.UNSPECIFIED.);
#436=B_SPLINE_CURVE_WITH_KNOTS('',2,(#12679,#12680,#12681),
 .UNSPECIFIED.,.F.,.F.,(3,3),(0.,1.),.UNSPECIFIED.);
#437=B_SPLINE_CURVE_WITH_KNOTS('',2,(#12684,#12685,#12686),
 .UNSPECIFIED.,.F.,.F.,(3,3),(0.,1.),.UNSPECIFIED.);
#438=B_SPLINE_CURVE_WITH_KNOTS('',2,(#12694,#12695,#12696),
 .UNSPECIFIED.,.F.,.F.,(3,3),(0.,1.),.UNSPECIFIED.);
#439=B_SPLINE_CURVE_WITH_KNOTS('',2,(#12699,#12700,#12701),
 .UNSPECIFIED.,.F.,.F.,(3,3),(0.,1.),.UNSPECIFIED.);
#440=B_SPLINE_CURVE_WITH_KNOTS('',2,(#12709,#12710,#12711),
 .UNSPECIFIED.,.F.,.F.,(3,3),(0.,1.),.UNSPECIFIED.);
#441=B_SPLINE_CURVE_WITH_KNOTS('',2,(#12714,#12715,#12716),
 .UNSPECIFIED.,.F.,.F.,(3,3),(0.,1.),.UNSPECIFIED.);
#442=B_SPLINE_CURVE_WITH_KNOTS('',2,(#12723,#12724,#12725),
 .UNSPECIFIED.,.F.,.F.,(3,3),(0.,1.),.UNSPECIFIED.);
#443=B_SPLINE_CURVE_WITH_KNOTS('',2,(#12726,#12727,#12728),
 .UNSPECIFIED.,.F.,.F.,(3,3),(0.,1.),.UNSPECIFIED.);
#444=B_SPLINE_CURVE_WITH_KNOTS('',2,(#12746,#12747,#12748),
 .UNSPECIFIED.,.F.,.F.,(3,3),(0.,1.),.UNSPECIFIED.);
#445=B_SPLINE_CURVE_WITH_KNOTS('',2,(#12751,#12752,#12753),
 .UNSPECIFIED.,.F.,.F.,(3,3),(0.,1.),.UNSPECIFIED.);
#446=B_SPLINE_CURVE_WITH_KNOTS('',2,(#12761,#12762,#12763),
 .UNSPECIFIED.,.F.,.F.,(3,3),(0.,1.),.UNSPECIFIED.);
#447=B_SPLINE_CURVE_WITH_KNOTS('',2,(#12766,#12767,#12768),
 .UNSPECIFIED.,.F.,.F.,(3,3),(0.,1.),.UNSPECIFIED.);
#448=B_SPLINE_CURVE_WITH_KNOTS('',2,(#12776,#12777,#12778),
 .UNSPECIFIED.,.F.,.F.,(3,3),(0.,1.),.UNSPECIFIED.);
#449=B_SPLINE_CURVE_WITH_KNOTS('',2,(#12781,#12782,#12783),
 .UNSPECIFIED.,.F.,.F.,(3,3),(0.,1.),.UNSPECIFIED.);
#450=B_SPLINE_CURVE_WITH_KNOTS('',2,(#12826,#12827,#12828),
 .UNSPECIFIED.,.F.,.F.,(3,3),(0.,1.),.UNSPECIFIED.);
#451=B_SPLINE_CURVE_WITH_KNOTS('',2,(#12832,#12833,#12834),
 .UNSPECIFIED.,.F.,.F.,(3,3),(0.,1.),.UNSPECIFIED.);
#452=B_SPLINE_CURVE_WITH_KNOTS('',2,(#12843,#12844,#12845),
 .UNSPECIFIED.,.F.,.F.,(3,3),(0.,1.),.UNSPECIFIED.);
#453=B_SPLINE_CURVE_WITH_KNOTS('',2,(#12848,#12849,#12850),
 .UNSPECIFIED.,.F.,.F.,(3,3),(0.,1.),.UNSPECIFIED.);
#454=B_SPLINE_CURVE_WITH_KNOTS('',2,(#12858,#12859,#12860),
 .UNSPECIFIED.,.F.,.F.,(3,3),(0.,1.),.UNSPECIFIED.);
#455=B_SPLINE_CURVE_WITH_KNOTS('',2,(#12863,#12864,#12865),
 .UNSPECIFIED.,.F.,.F.,(3,3),(0.,1.),.UNSPECIFIED.);
#456=B_SPLINE_CURVE_WITH_KNOTS('',2,(#12873,#12874,#12875),
 .UNSPECIFIED.,.F.,.F.,(3,3),(0.,1.),.UNSPECIFIED.);
#457=B_SPLINE_CURVE_WITH_KNOTS('',2,(#12878,#12879,#12880),
 .UNSPECIFIED.,.F.,.F.,(3,3),(0.,1.),.UNSPECIFIED.);
#458=B_SPLINE_CURVE_WITH_KNOTS('',2,(#12888,#12889,#12890),
 .UNSPECIFIED.,.F.,.F.,(3,3),(0.,1.),.UNSPECIFIED.);
#459=B_SPLINE_CURVE_WITH_KNOTS('',2,(#12893,#12894,#12895),
 .UNSPECIFIED.,.F.,.F.,(3,3),(0.,1.),.UNSPECIFIED.);
#460=B_SPLINE_CURVE_WITH_KNOTS('',2,(#12903,#12904,#12905),
 .UNSPECIFIED.,.F.,.F.,(3,3),(0.,1.),.UNSPECIFIED.);
#461=B_SPLINE_CURVE_WITH_KNOTS('',2,(#12908,#12909,#12910),
 .UNSPECIFIED.,.F.,.F.,(3,3),(0.,1.),.UNSPECIFIED.);
#462=B_SPLINE_CURVE_WITH_KNOTS('',2,(#12918,#12919,#12920),
 .UNSPECIFIED.,.F.,.F.,(3,3),(0.,1.),.UNSPECIFIED.);
#463=B_SPLINE_CURVE_WITH_KNOTS('',2,(#12923,#12924,#12925),
 .UNSPECIFIED.,.F.,.F.,(3,3),(0.,1.),.UNSPECIFIED.);
#464=B_SPLINE_CURVE_WITH_KNOTS('',2,(#12933,#12934,#12935),
 .UNSPECIFIED.,.F.,.F.,(3,3),(0.,1.),.UNSPECIFIED.);
#465=B_SPLINE_CURVE_WITH_KNOTS('',2,(#12938,#12939,#12940),
 .UNSPECIFIED.,.F.,.F.,(3,3),(0.,1.),.UNSPECIFIED.);
#466=B_SPLINE_CURVE_WITH_KNOTS('',2,(#12948,#12949,#12950),
 .UNSPECIFIED.,.F.,.F.,(3,3),(0.,1.),.UNSPECIFIED.);
#467=B_SPLINE_CURVE_WITH_KNOTS('',2,(#12953,#12954,#12955),
 .UNSPECIFIED.,.F.,.F.,(3,3),(0.,1.),.UNSPECIFIED.);
#468=B_SPLINE_CURVE_WITH_KNOTS('',2,(#12963,#12964,#12965),
 .UNSPECIFIED.,.F.,.F.,(3,3),(0.,1.),.UNSPECIFIED.);
#469=B_SPLINE_CURVE_WITH_KNOTS('',2,(#12968,#12969,#12970),
 .UNSPECIFIED.,.F.,.F.,(3,3),(0.,1.),.UNSPECIFIED.);
#470=B_SPLINE_CURVE_WITH_KNOTS('',2,(#12984,#12985,#12986),
 .UNSPECIFIED.,.F.,.F.,(3,3),(0.,1.),.UNSPECIFIED.);
#471=B_SPLINE_CURVE_WITH_KNOTS('',2,(#12989,#12990,#12991),
 .UNSPECIFIED.,.F.,.F.,(3,3),(0.,1.),.UNSPECIFIED.);
#472=B_SPLINE_CURVE_WITH_KNOTS('',2,(#12999,#13000,#13001),
 .UNSPECIFIED.,.F.,.F.,(3,3),(0.,1.),.UNSPECIFIED.);
#473=B_SPLINE_CURVE_WITH_KNOTS('',2,(#13004,#13005,#13006),
 .UNSPECIFIED.,.F.,.F.,(3,3),(0.,1.),.UNSPECIFIED.);
#474=B_SPLINE_CURVE_WITH_KNOTS('',2,(#13014,#13015,#13016),
 .UNSPECIFIED.,.F.,.F.,(3,3),(0.,1.),.UNSPECIFIED.);
#475=B_SPLINE_CURVE_WITH_KNOTS('',2,(#13019,#13020,#13021),
 .UNSPECIFIED.,.F.,.F.,(3,3),(0.,1.),.UNSPECIFIED.);
#476=B_SPLINE_CURVE_WITH_KNOTS('',2,(#13029,#13030,#13031),
 .UNSPECIFIED.,.F.,.F.,(3,3),(0.,1.),.UNSPECIFIED.);
#477=B_SPLINE_CURVE_WITH_KNOTS('',2,(#13034,#13035,#13036),
 .UNSPECIFIED.,.F.,.F.,(3,3),(0.,1.),.UNSPECIFIED.);
#478=B_SPLINE_CURVE_WITH_KNOTS('',2,(#13044,#13045,#13046),
 .UNSPECIFIED.,.F.,.F.,(3,3),(0.,1.),.UNSPECIFIED.);
#479=B_SPLINE_CURVE_WITH_KNOTS('',2,(#13049,#13050,#13051),
 .UNSPECIFIED.,.F.,.F.,(3,3),(0.,1.),.UNSPECIFIED.);
#480=B_SPLINE_CURVE_WITH_KNOTS('',2,(#13059,#13060,#13061),
 .UNSPECIFIED.,.F.,.F.,(3,3),(0.,1.),.UNSPECIFIED.);
#481=B_SPLINE_CURVE_WITH_KNOTS('',2,(#13064,#13065,#13066),
 .UNSPECIFIED.,.F.,.F.,(3,3),(0.,1.),.UNSPECIFIED.);
#482=B_SPLINE_CURVE_WITH_KNOTS('',2,(#13074,#13075,#13076),
 .UNSPECIFIED.,.F.,.F.,(3,3),(0.,1.),.UNSPECIFIED.);
#483=B_SPLINE_CURVE_WITH_KNOTS('',2,(#13079,#13080,#13081),
 .UNSPECIFIED.,.F.,.F.,(3,3),(0.,1.),.UNSPECIFIED.);
#484=B_SPLINE_CURVE_WITH_KNOTS('',2,(#13095,#13096,#13097),
 .UNSPECIFIED.,.F.,.F.,(3,3),(0.,1.),.UNSPECIFIED.);
#485=B_SPLINE_CURVE_WITH_KNOTS('',2,(#13100,#13101,#13102),
 .UNSPECIFIED.,.F.,.F.,(3,3),(0.,1.),.UNSPECIFIED.);
#486=B_SPLINE_CURVE_WITH_KNOTS('',2,(#13110,#13111,#13112),
 .UNSPECIFIED.,.F.,.F.,(3,3),(0.,1.),.UNSPECIFIED.);
#487=B_SPLINE_CURVE_WITH_KNOTS('',2,(#13115,#13116,#13117),
 .UNSPECIFIED.,.F.,.F.,(3,3),(0.,1.),.UNSPECIFIED.);
#488=B_SPLINE_CURVE_WITH_KNOTS('',2,(#13125,#13126,#13127),
 .UNSPECIFIED.,.F.,.F.,(3,3),(0.,1.),.UNSPECIFIED.);
#489=B_SPLINE_CURVE_WITH_KNOTS('',2,(#13130,#13131,#13132),
 .UNSPECIFIED.,.F.,.F.,(3,3),(0.,1.),.UNSPECIFIED.);
#490=B_SPLINE_CURVE_WITH_KNOTS('',2,(#13140,#13141,#13142),
 .UNSPECIFIED.,.F.,.F.,(3,3),(0.,1.),.UNSPECIFIED.);
#491=B_SPLINE_CURVE_WITH_KNOTS('',2,(#13145,#13146,#13147),
 .UNSPECIFIED.,.F.,.F.,(3,3),(0.,1.),.UNSPECIFIED.);
#492=B_SPLINE_CURVE_WITH_KNOTS('',2,(#13155,#13156,#13157),
 .UNSPECIFIED.,.F.,.F.,(3,3),(0.,1.),.UNSPECIFIED.);
#493=B_SPLINE_CURVE_WITH_KNOTS('',2,(#13160,#13161,#13162),
 .UNSPECIFIED.,.F.,.F.,(3,3),(0.,1.),.UNSPECIFIED.);
#494=B_SPLINE_CURVE_WITH_KNOTS('',2,(#13170,#13171,#13172),
 .UNSPECIFIED.,.F.,.F.,(3,3),(0.,1.),.UNSPECIFIED.);
#495=B_SPLINE_CURVE_WITH_KNOTS('',2,(#13175,#13176,#13177),
 .UNSPECIFIED.,.F.,.F.,(3,3),(0.,1.),.UNSPECIFIED.);
#496=B_SPLINE_CURVE_WITH_KNOTS('',2,(#13185,#13186,#13187),
 .UNSPECIFIED.,.F.,.F.,(3,3),(0.,1.),.UNSPECIFIED.);
#497=B_SPLINE_CURVE_WITH_KNOTS('',2,(#13190,#13191,#13192),
 .UNSPECIFIED.,.F.,.F.,(3,3),(0.,1.),.UNSPECIFIED.);
#498=B_SPLINE_CURVE_WITH_KNOTS('',2,(#13206,#13207,#13208),
 .UNSPECIFIED.,.F.,.F.,(3,3),(0.,1.),.UNSPECIFIED.);
#499=B_SPLINE_CURVE_WITH_KNOTS('',2,(#13211,#13212,#13213),
 .UNSPECIFIED.,.F.,.F.,(3,3),(0.,1.),.UNSPECIFIED.);
#500=B_SPLINE_CURVE_WITH_KNOTS('',2,(#13220,#13221,#13222),
 .UNSPECIFIED.,.F.,.F.,(3,3),(0.,1.),.UNSPECIFIED.);
#501=B_SPLINE_CURVE_WITH_KNOTS('',2,(#13223,#13224,#13225),
 .UNSPECIFIED.,.F.,.F.,(3,3),(0.,1.),.UNSPECIFIED.);
#502=B_SPLINE_CURVE_WITH_KNOTS('',2,(#13235,#13236,#13237),
 .UNSPECIFIED.,.F.,.F.,(3,3),(0.,1.),.UNSPECIFIED.);
#503=B_SPLINE_CURVE_WITH_KNOTS('',2,(#13241,#13242,#13243),
 .UNSPECIFIED.,.F.,.F.,(3,3),(0.,1.),.UNSPECIFIED.);
#504=B_SPLINE_CURVE_WITH_KNOTS('',2,(#13252,#13253,#13254),
 .UNSPECIFIED.,.F.,.F.,(3,3),(0.,1.),.UNSPECIFIED.);
#505=B_SPLINE_CURVE_WITH_KNOTS('',2,(#13257,#13258,#13259),
 .UNSPECIFIED.,.F.,.F.,(3,3),(0.,1.),.UNSPECIFIED.);
#506=B_SPLINE_CURVE_WITH_KNOTS('',2,(#13273,#13274,#13275),
 .UNSPECIFIED.,.F.,.F.,(3,3),(0.,1.),.UNSPECIFIED.);
#507=B_SPLINE_CURVE_WITH_KNOTS('',2,(#13278,#13279,#13280),
 .UNSPECIFIED.,.F.,.F.,(3,3),(0.,1.),.UNSPECIFIED.);
#508=B_SPLINE_CURVE_WITH_KNOTS('',2,(#13288,#13289,#13290),
 .UNSPECIFIED.,.F.,.F.,(3,3),(0.,1.),.UNSPECIFIED.);
#509=B_SPLINE_CURVE_WITH_KNOTS('',2,(#13293,#13294,#13295),
 .UNSPECIFIED.,.F.,.F.,(3,3),(0.,1.),.UNSPECIFIED.);
#510=B_SPLINE_CURVE_WITH_KNOTS('',2,(#13334,#13335,#13336),
 .UNSPECIFIED.,.F.,.F.,(3,3),(0.,1.),.UNSPECIFIED.);
#511=B_SPLINE_CURVE_WITH_KNOTS('',2,(#13339,#13340,#13341),
 .UNSPECIFIED.,.F.,.F.,(3,3),(0.,1.),.UNSPECIFIED.);
#512=B_SPLINE_CURVE_WITH_KNOTS('',2,(#13349,#13350,#13351),
 .UNSPECIFIED.,.F.,.F.,(3,3),(0.,1.),.UNSPECIFIED.);
#513=B_SPLINE_CURVE_WITH_KNOTS('',2,(#13354,#13355,#13356),
 .UNSPECIFIED.,.F.,.F.,(3,3),(0.,1.),.UNSPECIFIED.);
#514=B_SPLINE_CURVE_WITH_KNOTS('',2,(#13364,#13365,#13366),
 .UNSPECIFIED.,.F.,.F.,(3,3),(0.,1.),.UNSPECIFIED.);
#515=B_SPLINE_CURVE_WITH_KNOTS('',2,(#13369,#13370,#13371),
 .UNSPECIFIED.,.F.,.F.,(3,3),(0.,1.),.UNSPECIFIED.);
#516=B_SPLINE_CURVE_WITH_KNOTS('',2,(#13379,#13380,#13381),
 .UNSPECIFIED.,.F.,.F.,(3,3),(0.,1.),.UNSPECIFIED.);
#517=B_SPLINE_CURVE_WITH_KNOTS('',2,(#13384,#13385,#13386),
 .UNSPECIFIED.,.F.,.F.,(3,3),(0.,1.),.UNSPECIFIED.);
#518=B_SPLINE_CURVE_WITH_KNOTS('',2,(#13394,#13395,#13396),
 .UNSPECIFIED.,.F.,.F.,(3,3),(0.,1.),.UNSPECIFIED.);
#519=B_SPLINE_CURVE_WITH_KNOTS('',2,(#13399,#13400,#13401),
 .UNSPECIFIED.,.F.,.F.,(3,3),(0.,1.),.UNSPECIFIED.);
#520=B_SPLINE_CURVE_WITH_KNOTS('',2,(#13409,#13410,#13411),
 .UNSPECIFIED.,.F.,.F.,(3,3),(0.,1.),.UNSPECIFIED.);
#521=B_SPLINE_CURVE_WITH_KNOTS('',2,(#13414,#13415,#13416),
 .UNSPECIFIED.,.F.,.F.,(3,3),(0.,1.),.UNSPECIFIED.);
#522=B_SPLINE_CURVE_WITH_KNOTS('',2,(#13424,#13425,#13426),
 .UNSPECIFIED.,.F.,.F.,(3,3),(0.,1.),.UNSPECIFIED.);
#523=B_SPLINE_CURVE_WITH_KNOTS('',2,(#13429,#13430,#13431),
 .UNSPECIFIED.,.F.,.F.,(3,3),(0.,1.),.UNSPECIFIED.);
#524=B_SPLINE_CURVE_WITH_KNOTS('',2,(#13457,#13458,#13459),
 .UNSPECIFIED.,.F.,.F.,(3,3),(0.,1.),.UNSPECIFIED.);
#525=B_SPLINE_CURVE_WITH_KNOTS('',2,(#13462,#13463,#13464),
 .UNSPECIFIED.,.F.,.F.,(3,3),(0.,1.),.UNSPECIFIED.);
#526=B_SPLINE_CURVE_WITH_KNOTS('',2,(#13472,#13473,#13474),
 .UNSPECIFIED.,.F.,.F.,(3,3),(0.,1.),.UNSPECIFIED.);
#527=B_SPLINE_CURVE_WITH_KNOTS('',2,(#13477,#13478,#13479),
 .UNSPECIFIED.,.F.,.F.,(3,3),(0.,1.),.UNSPECIFIED.);
#528=B_SPLINE_CURVE_WITH_KNOTS('',2,(#13487,#13488,#13489),
 .UNSPECIFIED.,.F.,.F.,(3,3),(0.,1.),.UNSPECIFIED.);
#529=B_SPLINE_CURVE_WITH_KNOTS('',2,(#13492,#13493,#13494),
 .UNSPECIFIED.,.F.,.F.,(3,3),(0.,1.),.UNSPECIFIED.);
#530=B_SPLINE_CURVE_WITH_KNOTS('',2,(#13502,#13503,#13504),
 .UNSPECIFIED.,.F.,.F.,(3,3),(0.,1.),.UNSPECIFIED.);
#531=B_SPLINE_CURVE_WITH_KNOTS('',2,(#13507,#13508,#13509),
 .UNSPECIFIED.,.F.,.F.,(3,3),(0.,1.),.UNSPECIFIED.);
#532=B_SPLINE_CURVE_WITH_KNOTS('',2,(#13517,#13518,#13519),
 .UNSPECIFIED.,.F.,.F.,(3,3),(0.,1.),.UNSPECIFIED.);
#533=B_SPLINE_CURVE_WITH_KNOTS('',2,(#13522,#13523,#13524),
 .UNSPECIFIED.,.F.,.F.,(3,3),(0.,1.),.UNSPECIFIED.);
#534=B_SPLINE_CURVE_WITH_KNOTS('',2,(#13550,#13551,#13552),
 .UNSPECIFIED.,.F.,.F.,(3,3),(0.,1.),.UNSPECIFIED.);
#535=B_SPLINE_CURVE_WITH_KNOTS('',2,(#13555,#13556,#13557),
 .UNSPECIFIED.,.F.,.F.,(3,3),(0.,1.),.UNSPECIFIED.);
#536=B_SPLINE_CURVE_WITH_KNOTS('',2,(#13565,#13566,#13567),
 .UNSPECIFIED.,.F.,.F.,(3,3),(0.,1.),.UNSPECIFIED.);
#537=B_SPLINE_CURVE_WITH_KNOTS('',2,(#13570,#13571,#13572),
 .UNSPECIFIED.,.F.,.F.,(3,3),(0.,1.),.UNSPECIFIED.);
#538=B_SPLINE_CURVE_WITH_KNOTS('',2,(#13580,#13581,#13582),
 .UNSPECIFIED.,.F.,.F.,(3,3),(0.,1.),.UNSPECIFIED.);
#539=B_SPLINE_CURVE_WITH_KNOTS('',2,(#13585,#13586,#13587),
 .UNSPECIFIED.,.F.,.F.,(3,3),(0.,1.),.UNSPECIFIED.);
#540=B_SPLINE_CURVE_WITH_KNOTS('',2,(#13595,#13596,#13597),
 .UNSPECIFIED.,.F.,.F.,(3,3),(0.,1.),.UNSPECIFIED.);
#541=B_SPLINE_CURVE_WITH_KNOTS('',2,(#13600,#13601,#13602),
 .UNSPECIFIED.,.F.,.F.,(3,3),(0.,1.),.UNSPECIFIED.);
#542=B_SPLINE_CURVE_WITH_KNOTS('',2,(#13610,#13611,#13612),
 .UNSPECIFIED.,.F.,.F.,(3,3),(0.,1.),.UNSPECIFIED.);
#543=B_SPLINE_CURVE_WITH_KNOTS('',2,(#13615,#13616,#13617),
 .UNSPECIFIED.,.F.,.F.,(3,3),(0.,1.),.UNSPECIFIED.);
#544=B_SPLINE_CURVE_WITH_KNOTS('',2,(#13625,#13626,#13627),
 .UNSPECIFIED.,.F.,.F.,(3,3),(0.,1.),.UNSPECIFIED.);
#545=B_SPLINE_CURVE_WITH_KNOTS('',2,(#13630,#13631,#13632),
 .UNSPECIFIED.,.F.,.F.,(3,3),(0.,1.),.UNSPECIFIED.);
#546=B_SPLINE_CURVE_WITH_KNOTS('',2,(#13640,#13641,#13642),
 .UNSPECIFIED.,.F.,.F.,(3,3),(0.,1.),.UNSPECIFIED.);
#547=B_SPLINE_CURVE_WITH_KNOTS('',2,(#13645,#13646,#13647),
 .UNSPECIFIED.,.F.,.F.,(3,3),(0.,1.),.UNSPECIFIED.);
#548=B_SPLINE_CURVE_WITH_KNOTS('',2,(#13655,#13656,#13657),
 .UNSPECIFIED.,.F.,.F.,(3,3),(0.,1.),.UNSPECIFIED.);
#549=B_SPLINE_CURVE_WITH_KNOTS('',2,(#13660,#13661,#13662),
 .UNSPECIFIED.,.F.,.F.,(3,3),(0.,1.),.UNSPECIFIED.);
#550=B_SPLINE_CURVE_WITH_KNOTS('',2,(#13693,#13694,#13695),
 .UNSPECIFIED.,.F.,.F.,(3,3),(0.,1.),.UNSPECIFIED.);
#551=B_SPLINE_CURVE_WITH_KNOTS('',2,(#13699,#13700,#13701),
 .UNSPECIFIED.,.F.,.F.,(3,3),(0.,1.),.UNSPECIFIED.);
#552=B_SPLINE_CURVE_WITH_KNOTS('',2,(#13710,#13711,#13712),
 .UNSPECIFIED.,.F.,.F.,(3,3),(0.,1.),.UNSPECIFIED.);
#553=B_SPLINE_CURVE_WITH_KNOTS('',2,(#13715,#13716,#13717),
 .UNSPECIFIED.,.F.,.F.,(3,3),(0.,1.),.UNSPECIFIED.);
#554=B_SPLINE_CURVE_WITH_KNOTS('',2,(#13725,#13726,#13727),
 .UNSPECIFIED.,.F.,.F.,(3,3),(0.,1.),.UNSPECIFIED.);
#555=B_SPLINE_CURVE_WITH_KNOTS('',2,(#13730,#13731,#13732),
 .UNSPECIFIED.,.F.,.F.,(3,3),(0.,1.),.UNSPECIFIED.);
#556=B_SPLINE_CURVE_WITH_KNOTS('',2,(#13740,#13741,#13742),
 .UNSPECIFIED.,.F.,.F.,(3,3),(0.,1.),.UNSPECIFIED.);
#557=B_SPLINE_CURVE_WITH_KNOTS('',2,(#13745,#13746,#13747),
 .UNSPECIFIED.,.F.,.F.,(3,3),(0.,1.),.UNSPECIFIED.);
#558=B_SPLINE_CURVE_WITH_KNOTS('',2,(#13761,#13762,#13763),
 .UNSPECIFIED.,.F.,.F.,(3,3),(0.,1.),.UNSPECIFIED.);
#559=B_SPLINE_CURVE_WITH_KNOTS('',2,(#13766,#13767,#13768),
 .UNSPECIFIED.,.F.,.F.,(3,3),(0.,1.),.UNSPECIFIED.);
#560=B_SPLINE_CURVE_WITH_KNOTS('',2,(#13776,#13777,#13778),
 .UNSPECIFIED.,.F.,.F.,(3,3),(0.,1.),.UNSPECIFIED.);
#561=B_SPLINE_CURVE_WITH_KNOTS('',2,(#13781,#13782,#13783),
 .UNSPECIFIED.,.F.,.F.,(3,3),(0.,1.),.UNSPECIFIED.);
#562=B_SPLINE_CURVE_WITH_KNOTS('',2,(#13791,#13792,#13793),
 .UNSPECIFIED.,.F.,.F.,(3,3),(0.,1.),.UNSPECIFIED.);
#563=B_SPLINE_CURVE_WITH_KNOTS('',2,(#13796,#13797,#13798),
 .UNSPECIFIED.,.F.,.F.,(3,3),(0.,1.),.UNSPECIFIED.);
#564=B_SPLINE_CURVE_WITH_KNOTS('',2,(#13806,#13807,#13808),
 .UNSPECIFIED.,.F.,.F.,(3,3),(0.,1.),.UNSPECIFIED.);
#565=B_SPLINE_CURVE_WITH_KNOTS('',2,(#13811,#13812,#13813),
 .UNSPECIFIED.,.F.,.F.,(3,3),(0.,1.),.UNSPECIFIED.);
#566=B_SPLINE_CURVE_WITH_KNOTS('',2,(#13886,#13887,#13888),
 .UNSPECIFIED.,.F.,.F.,(3,3),(0.,1.),.UNSPECIFIED.);
#567=B_SPLINE_CURVE_WITH_KNOTS('',2,(#13892,#13893,#13894),
 .UNSPECIFIED.,.F.,.F.,(3,3),(0.,1.),.UNSPECIFIED.);
#568=B_SPLINE_CURVE_WITH_KNOTS('',2,(#13903,#13904,#13905),
 .UNSPECIFIED.,.F.,.F.,(3,3),(0.,1.),.UNSPECIFIED.);
#569=B_SPLINE_CURVE_WITH_KNOTS('',2,(#13908,#13909,#13910),
 .UNSPECIFIED.,.F.,.F.,(3,3),(0.,1.),.UNSPECIFIED.);
#570=B_SPLINE_CURVE_WITH_KNOTS('',2,(#13918,#13919,#13920),
 .UNSPECIFIED.,.F.,.F.,(3,3),(0.,1.),.UNSPECIFIED.);
#571=B_SPLINE_CURVE_WITH_KNOTS('',2,(#13923,#13924,#13925),
 .UNSPECIFIED.,.F.,.F.,(3,3),(0.,1.),.UNSPECIFIED.);
#572=B_SPLINE_CURVE_WITH_KNOTS('',2,(#13933,#13934,#13935),
 .UNSPECIFIED.,.F.,.F.,(3,3),(0.,1.),.UNSPECIFIED.);
#573=B_SPLINE_CURVE_WITH_KNOTS('',2,(#13938,#13939,#13940),
 .UNSPECIFIED.,.F.,.F.,(3,3),(0.,1.),.UNSPECIFIED.);
#574=B_SPLINE_CURVE_WITH_KNOTS('',2,(#13948,#13949,#13950),
 .UNSPECIFIED.,.F.,.F.,(3,3),(0.,1.),.UNSPECIFIED.);
#575=B_SPLINE_CURVE_WITH_KNOTS('',2,(#13953,#13954,#13955),
 .UNSPECIFIED.,.F.,.F.,(3,3),(0.,1.),.UNSPECIFIED.);
#576=B_SPLINE_CURVE_WITH_KNOTS('',2,(#13963,#13964,#13965),
 .UNSPECIFIED.,.F.,.F.,(3,3),(0.,1.),.UNSPECIFIED.);
#577=B_SPLINE_CURVE_WITH_KNOTS('',2,(#13968,#13969,#13970),
 .UNSPECIFIED.,.F.,.F.,(3,3),(0.,1.),.UNSPECIFIED.);
#578=B_SPLINE_CURVE_WITH_KNOTS('',2,(#13978,#13979,#13980),
 .UNSPECIFIED.,.F.,.F.,(3,3),(0.,1.),.UNSPECIFIED.);
#579=B_SPLINE_CURVE_WITH_KNOTS('',2,(#13983,#13984,#13985),
 .UNSPECIFIED.,.F.,.F.,(3,3),(0.,1.),.UNSPECIFIED.);
#580=B_SPLINE_CURVE_WITH_KNOTS('',2,(#13993,#13994,#13995),
 .UNSPECIFIED.,.F.,.F.,(3,3),(0.,1.),.UNSPECIFIED.);
#581=B_SPLINE_CURVE_WITH_KNOTS('',2,(#13998,#13999,#14000),
 .UNSPECIFIED.,.F.,.F.,(3,3),(0.,1.),.UNSPECIFIED.);
#582=B_SPLINE_CURVE_WITH_KNOTS('',2,(#14007,#14008,#14009),
 .UNSPECIFIED.,.F.,.F.,(3,3),(0.,1.),.UNSPECIFIED.);
#583=B_SPLINE_CURVE_WITH_KNOTS('',2,(#14010,#14011,#14012),
 .UNSPECIFIED.,.F.,.F.,(3,3),(0.,1.),.UNSPECIFIED.);
#584=B_SPLINE_CURVE_WITH_KNOTS('',2,(#14021,#14022,#14023),
 .UNSPECIFIED.,.F.,.F.,(3,3),(0.,1.),.UNSPECIFIED.);
#585=B_SPLINE_CURVE_WITH_KNOTS('',2,(#14027,#14028,#14029),
 .UNSPECIFIED.,.F.,.F.,(3,3),(0.,1.),.UNSPECIFIED.);
#586=B_SPLINE_CURVE_WITH_KNOTS('',2,(#14038,#14039,#14040),
 .UNSPECIFIED.,.F.,.F.,(3,3),(0.,1.),.UNSPECIFIED.);
#587=B_SPLINE_CURVE_WITH_KNOTS('',2,(#14043,#14044,#14045),
 .UNSPECIFIED.,.F.,.F.,(3,3),(0.,1.),.UNSPECIFIED.);
#588=B_SPLINE_CURVE_WITH_KNOTS('',2,(#14053,#14054,#14055),
 .UNSPECIFIED.,.F.,.F.,(3,3),(0.,1.),.UNSPECIFIED.);
#589=B_SPLINE_CURVE_WITH_KNOTS('',2,(#14058,#14059,#14060),
 .UNSPECIFIED.,.F.,.F.,(3,3),(0.,1.),.UNSPECIFIED.);
#590=B_SPLINE_CURVE_WITH_KNOTS('',2,(#14068,#14069,#14070),
 .UNSPECIFIED.,.F.,.F.,(3,3),(0.,1.),.UNSPECIFIED.);
#591=B_SPLINE_CURVE_WITH_KNOTS('',2,(#14073,#14074,#14075),
 .UNSPECIFIED.,.F.,.F.,(3,3),(0.,1.),.UNSPECIFIED.);
#592=B_SPLINE_CURVE_WITH_KNOTS('',2,(#14083,#14084,#14085),
 .UNSPECIFIED.,.F.,.F.,(3,3),(0.,1.),.UNSPECIFIED.);
#593=B_SPLINE_CURVE_WITH_KNOTS('',2,(#14088,#14089,#14090),
 .UNSPECIFIED.,.F.,.F.,(3,3),(0.,1.),.UNSPECIFIED.);
#594=B_SPLINE_CURVE_WITH_KNOTS('',2,(#14098,#14099,#14100),
 .UNSPECIFIED.,.F.,.F.,(3,3),(0.,1.),.UNSPECIFIED.);
#595=B_SPLINE_CURVE_WITH_KNOTS('',2,(#14103,#14104,#14105),
 .UNSPECIFIED.,.F.,.F.,(3,3),(0.,1.),.UNSPECIFIED.);
#596=B_SPLINE_CURVE_WITH_KNOTS('',2,(#14113,#14114,#14115),
 .UNSPECIFIED.,.F.,.F.,(3,3),(0.,1.),.UNSPECIFIED.);
#597=B_SPLINE_CURVE_WITH_KNOTS('',2,(#14118,#14119,#14120),
 .UNSPECIFIED.,.F.,.F.,(3,3),(0.,1.),.UNSPECIFIED.);
#598=B_SPLINE_CURVE_WITH_KNOTS('',2,(#14128,#14129,#14130),
 .UNSPECIFIED.,.F.,.F.,(3,3),(0.,1.),.UNSPECIFIED.);
#599=B_SPLINE_CURVE_WITH_KNOTS('',2,(#14133,#14134,#14135),
 .UNSPECIFIED.,.F.,.F.,(3,3),(0.,1.),.UNSPECIFIED.);
#600=B_SPLINE_CURVE_WITH_KNOTS('',2,(#14142,#14143,#14144),
 .UNSPECIFIED.,.F.,.F.,(3,3),(0.,1.),.UNSPECIFIED.);
#601=B_SPLINE_CURVE_WITH_KNOTS('',2,(#14145,#14146,#14147),
 .UNSPECIFIED.,.F.,.F.,(3,3),(0.,1.),.UNSPECIFIED.);
#602=B_SPLINE_SURFACE_WITH_KNOTS('',2,1,((#9347,#9348),(#9349,#9350),(#9351,
#9352)),.UNSPECIFIED.,.F.,.F.,.F.,(3,3),(2,2),(0.,1.),(0.,0.05),
 .UNSPECIFIED.);
#603=B_SPLINE_SURFACE_WITH_KNOTS('',2,1,((#9365,#9366),(#9367,#9368),(#9369,
#9370)),.UNSPECIFIED.,.F.,.F.,.F.,(3,3),(2,2),(0.,1.),(0.,0.05),
 .UNSPECIFIED.);
#604=B_SPLINE_SURFACE_WITH_KNOTS('',2,1,((#9380,#9381),(#9382,#9383),(#9384,
#9385)),.UNSPECIFIED.,.F.,.F.,.F.,(3,3),(2,2),(0.,1.),(0.,0.05),
 .UNSPECIFIED.);
#605=B_SPLINE_SURFACE_WITH_KNOTS('',2,1,((#9395,#9396),(#9397,#9398),(#9399,
#9400)),.UNSPECIFIED.,.F.,.F.,.F.,(3,3),(2,2),(0.,1.),(0.,0.05),
 .UNSPECIFIED.);
#606=B_SPLINE_SURFACE_WITH_KNOTS('',2,1,((#9410,#9411),(#9412,#9413),(#9414,
#9415)),.UNSPECIFIED.,.F.,.F.,.F.,(3,3),(2,2),(0.,1.),(0.,0.05),
 .UNSPECIFIED.);
#607=B_SPLINE_SURFACE_WITH_KNOTS('',2,1,((#9425,#9426),(#9427,#9428),(#9429,
#9430)),.UNSPECIFIED.,.F.,.F.,.F.,(3,3),(2,2),(0.,1.),(0.,0.05),
 .UNSPECIFIED.);
#608=B_SPLINE_SURFACE_WITH_KNOTS('',2,1,((#9440,#9441),(#9442,#9443),(#9444,
#9445)),.UNSPECIFIED.,.F.,.F.,.F.,(3,3),(2,2),(0.,1.),(0.,0.05),
 .UNSPECIFIED.);
#609=B_SPLINE_SURFACE_WITH_KNOTS('',2,1,((#9455,#9456),(#9457,#9458),(#9459,
#9460)),.UNSPECIFIED.,.F.,.F.,.F.,(3,3),(2,2),(0.,1.),(0.,0.05),
 .UNSPECIFIED.);
#610=B_SPLINE_SURFACE_WITH_KNOTS('',2,1,((#9473,#9474),(#9475,#9476),(#9477,
#9478)),.UNSPECIFIED.,.F.,.F.,.F.,(3,3),(2,2),(0.,1.),(0.,0.05),
 .UNSPECIFIED.);
#611=B_SPLINE_SURFACE_WITH_KNOTS('',2,1,((#9491,#9492),(#9493,#9494),(#9495,
#9496)),.UNSPECIFIED.,.F.,.F.,.F.,(3,3),(2,2),(0.,1.),(0.,0.05),
 .UNSPECIFIED.);
#612=B_SPLINE_SURFACE_WITH_KNOTS('',2,1,((#9506,#9507),(#9508,#9509),(#9510,
#9511)),.UNSPECIFIED.,.F.,.F.,.F.,(3,3),(2,2),(0.,1.),(0.,0.05),
 .UNSPECIFIED.);
#613=B_SPLINE_SURFACE_WITH_KNOTS('',2,1,((#9521,#9522),(#9523,#9524),(#9525,
#9526)),.UNSPECIFIED.,.F.,.F.,.F.,(3,3),(2,2),(0.,1.),(0.,0.05),
 .UNSPECIFIED.);
#614=B_SPLINE_SURFACE_WITH_KNOTS('',2,1,((#9536,#9537),(#9538,#9539),(#9540,
#9541)),.UNSPECIFIED.,.F.,.F.,.F.,(3,3),(2,2),(0.,1.),(0.,0.05),
 .UNSPECIFIED.);
#615=B_SPLINE_SURFACE_WITH_KNOTS('',2,1,((#9551,#9552),(#9553,#9554),(#9555,
#9556)),.UNSPECIFIED.,.F.,.F.,.F.,(3,3),(2,2),(0.,1.),(0.,0.05),
 .UNSPECIFIED.);
#616=B_SPLINE_SURFACE_WITH_KNOTS('',2,1,((#9566,#9567),(#9568,#9569),(#9570,
#9571)),.UNSPECIFIED.,.F.,.F.,.F.,(3,3),(2,2),(0.,1.),(0.,0.05),
 .UNSPECIFIED.);
#617=B_SPLINE_SURFACE_WITH_KNOTS('',2,1,((#9581,#9582),(#9583,#9584),(#9585,
#9586)),.UNSPECIFIED.,.F.,.F.,.F.,(3,3),(2,2),(0.,1.),(0.,0.05),
 .UNSPECIFIED.);
#618=B_SPLINE_SURFACE_WITH_KNOTS('',2,1,((#9596,#9597),(#9598,#9599),(#9600,
#9601)),.UNSPECIFIED.,.F.,.F.,.F.,(3,3),(2,2),(0.,1.),(0.,0.05),
 .UNSPECIFIED.);
#619=B_SPLINE_SURFACE_WITH_KNOTS('',2,1,((#9611,#9612),(#9613,#9614),(#9615,
#9616)),.UNSPECIFIED.,.F.,.F.,.F.,(3,3),(2,2),(0.,1.),(0.,0.05),
 .UNSPECIFIED.);
#620=B_SPLINE_SURFACE_WITH_KNOTS('',2,1,((#9626,#9627),(#9628,#9629),(#9630,
#9631)),.UNSPECIFIED.,.F.,.F.,.F.,(3,3),(2,2),(0.,1.),(0.,0.05),
 .UNSPECIFIED.);
#621=B_SPLINE_SURFACE_WITH_KNOTS('',2,1,((#9647,#9648),(#9649,#9650),(#9651,
#9652)),.UNSPECIFIED.,.F.,.F.,.F.,(3,3),(2,2),(0.,1.),(0.,0.05),
 .UNSPECIFIED.);
#622=B_SPLINE_SURFACE_WITH_KNOTS('',2,1,((#9662,#9663),(#9664,#9665),(#9666,
#9667)),.UNSPECIFIED.,.F.,.F.,.F.,(3,3),(2,2),(0.,1.),(0.,0.05),
 .UNSPECIFIED.);
#623=B_SPLINE_SURFACE_WITH_KNOTS('',2,1,((#9677,#9678),(#9679,#9680),(#9681,
#9682)),.UNSPECIFIED.,.F.,.F.,.F.,(3,3),(2,2),(0.,1.),(0.,0.05),
 .UNSPECIFIED.);
#624=B_SPLINE_SURFACE_WITH_KNOTS('',2,1,((#9692,#9693),(#9694,#9695),(#9696,
#9697)),.UNSPECIFIED.,.F.,.F.,.F.,(3,3),(2,2),(0.,1.),(0.,0.05),
 .UNSPECIFIED.);
#625=B_SPLINE_SURFACE_WITH_KNOTS('',2,1,((#9707,#9708),(#9709,#9710),(#9711,
#9712)),.UNSPECIFIED.,.F.,.F.,.F.,(3,3),(2,2),(0.,1.),(0.,0.05),
 .UNSPECIFIED.);
#626=B_SPLINE_SURFACE_WITH_KNOTS('',2,1,((#9722,#9723),(#9724,#9725),(#9726,
#9727)),.UNSPECIFIED.,.F.,.F.,.F.,(3,3),(2,2),(0.,1.),(0.,0.05),
 .UNSPECIFIED.);
#627=B_SPLINE_SURFACE_WITH_KNOTS('',2,1,((#9737,#9738),(#9739,#9740),(#9741,
#9742)),.UNSPECIFIED.,.F.,.F.,.F.,(3,3),(2,2),(0.,1.),(0.,0.05),
 .UNSPECIFIED.);
#628=B_SPLINE_SURFACE_WITH_KNOTS('',2,1,((#9752,#9753),(#9754,#9755),(#9756,
#9757)),.UNSPECIFIED.,.F.,.F.,.F.,(3,3),(2,2),(0.,1.),(0.,0.05),
 .UNSPECIFIED.);
#629=B_SPLINE_SURFACE_WITH_KNOTS('',2,1,((#9773,#9774),(#9775,#9776),(#9777,
#9778)),.UNSPECIFIED.,.F.,.F.,.F.,(3,3),(2,2),(0.,1.),(0.,0.05),
 .UNSPECIFIED.);
#630=B_SPLINE_SURFACE_WITH_KNOTS('',2,1,((#9788,#9789),(#9790,#9791),(#9792,
#9793)),.UNSPECIFIED.,.F.,.F.,.F.,(3,3),(2,2),(0.,1.),(0.,0.05),
 .UNSPECIFIED.);
#631=B_SPLINE_SURFACE_WITH_KNOTS('',2,1,((#9801,#9802),(#9803,#9804),(#9805,
#9806)),.UNSPECIFIED.,.F.,.F.,.F.,(3,3),(2,2),(0.,1.),(0.,0.05),
 .UNSPECIFIED.);
#632=B_SPLINE_SURFACE_WITH_KNOTS('',2,1,((#9819,#9820),(#9821,#9822),(#9823,
#9824)),.UNSPECIFIED.,.F.,.F.,.F.,(3,3),(2,2),(0.,1.),(0.,0.05),
 .UNSPECIFIED.);
#633=B_SPLINE_SURFACE_WITH_KNOTS('',2,1,((#9834,#9835),(#9836,#9837),(#9838,
#9839)),.UNSPECIFIED.,.F.,.F.,.F.,(3,3),(2,2),(0.,1.),(0.,0.05),
 .UNSPECIFIED.);
#634=B_SPLINE_SURFACE_WITH_KNOTS('',2,1,((#9849,#9850),(#9851,#9852),(#9853,
#9854)),.UNSPECIFIED.,.F.,.F.,.F.,(3,3),(2,2),(0.,1.),(0.,0.05),
 .UNSPECIFIED.);
#635=B_SPLINE_SURFACE_WITH_KNOTS('',2,1,((#9864,#9865),(#9866,#9867),(#9868,
#9869)),.UNSPECIFIED.,.F.,.F.,.F.,(3,3),(2,2),(0.,1.),(0.,0.05),
 .UNSPECIFIED.);
#636=B_SPLINE_SURFACE_WITH_KNOTS('',2,1,((#9897,#9898),(#9899,#9900),(#9901,
#9902)),.UNSPECIFIED.,.F.,.F.,.F.,(3,3),(2,2),(0.,1.),(0.,0.05),
 .UNSPECIFIED.);
#637=B_SPLINE_SURFACE_WITH_KNOTS('',2,1,((#9912,#9913),(#9914,#9915),(#9916,
#9917)),.UNSPECIFIED.,.F.,.F.,.F.,(3,3),(2,2),(0.,1.),(0.,0.05),
 .UNSPECIFIED.);
#638=B_SPLINE_SURFACE_WITH_KNOTS('',2,1,((#9927,#9928),(#9929,#9930),(#9931,
#9932)),.UNSPECIFIED.,.F.,.F.,.F.,(3,3),(2,2),(0.,1.),(0.,0.05),
 .UNSPECIFIED.);
#639=B_SPLINE_SURFACE_WITH_KNOTS('',2,1,((#9942,#9943),(#9944,#9945),(#9946,
#9947)),.UNSPECIFIED.,.F.,.F.,.F.,(3,3),(2,2),(0.,1.),(0.,0.05),
 .UNSPECIFIED.);
#640=B_SPLINE_SURFACE_WITH_KNOTS('',2,1,((#9957,#9958),(#9959,#9960),(#9961,
#9962)),.UNSPECIFIED.,.F.,.F.,.F.,(3,3),(2,2),(0.,1.),(0.,0.05),
 .UNSPECIFIED.);
#641=B_SPLINE_SURFACE_WITH_KNOTS('',2,1,((#10002,#10003),(#10004,#10005),
(#10006,#10007)),.UNSPECIFIED.,.F.,.F.,.F.,(3,3),(2,2),(0.,1.),(0.,0.05),
 .UNSPECIFIED.);
#642=B_SPLINE_SURFACE_WITH_KNOTS('',2,1,((#10015,#10016),(#10017,#10018),
(#10019,#10020)),.UNSPECIFIED.,.F.,.F.,.F.,(3,3),(2,2),(0.,1.),(0.,0.05),
 .UNSPECIFIED.);
#643=B_SPLINE_SURFACE_WITH_KNOTS('',2,1,((#10033,#10034),(#10035,#10036),
(#10037,#10038)),.UNSPECIFIED.,.F.,.F.,.F.,(3,3),(2,2),(0.,1.),(0.,0.05),
 .UNSPECIFIED.);
#644=B_SPLINE_SURFACE_WITH_KNOTS('',2,1,((#10048,#10049),(#10050,#10051),
(#10052,#10053)),.UNSPECIFIED.,.F.,.F.,.F.,(3,3),(2,2),(0.,1.),(0.,0.05),
 .UNSPECIFIED.);
#645=B_SPLINE_SURFACE_WITH_KNOTS('',2,1,((#10063,#10064),(#10065,#10066),
(#10067,#10068)),.UNSPECIFIED.,.F.,.F.,.F.,(3,3),(2,2),(0.,1.),(0.,0.05),
 .UNSPECIFIED.);
#646=B_SPLINE_SURFACE_WITH_KNOTS('',2,1,((#10078,#10079),(#10080,#10081),
(#10082,#10083)),.UNSPECIFIED.,.F.,.F.,.F.,(3,3),(2,2),(0.,1.),(0.,0.05),
 .UNSPECIFIED.);
#647=B_SPLINE_SURFACE_WITH_KNOTS('',2,1,((#10093,#10094),(#10095,#10096),
(#10097,#10098)),.UNSPECIFIED.,.F.,.F.,.F.,(3,3),(2,2),(0.,1.),(0.,0.05),
 .UNSPECIFIED.);
#648=B_SPLINE_SURFACE_WITH_KNOTS('',2,1,((#10108,#10109),(#10110,#10111),
(#10112,#10113)),.UNSPECIFIED.,.F.,.F.,.F.,(3,3),(2,2),(0.,1.),(0.,0.05),
 .UNSPECIFIED.);
#649=B_SPLINE_SURFACE_WITH_KNOTS('',2,1,((#10123,#10124),(#10125,#10126),
(#10127,#10128)),.UNSPECIFIED.,.F.,.F.,.F.,(3,3),(2,2),(0.,1.),(0.,0.05),
 .UNSPECIFIED.);
#650=B_SPLINE_SURFACE_WITH_KNOTS('',2,1,((#10156,#10157),(#10158,#10159),
(#10160,#10161)),.UNSPECIFIED.,.F.,.F.,.F.,(3,3),(2,2),(0.,1.),(0.,0.05),
 .UNSPECIFIED.);
#651=B_SPLINE_SURFACE_WITH_KNOTS('',2,1,((#10171,#10172),(#10173,#10174),
(#10175,#10176)),.UNSPECIFIED.,.F.,.F.,.F.,(3,3),(2,2),(0.,1.),(0.,0.05),
 .UNSPECIFIED.);
#652=B_SPLINE_SURFACE_WITH_KNOTS('',2,1,((#10186,#10187),(#10188,#10189),
(#10190,#10191)),.UNSPECIFIED.,.F.,.F.,.F.,(3,3),(2,2),(0.,1.),(0.,0.05),
 .UNSPECIFIED.);
#653=B_SPLINE_SURFACE_WITH_KNOTS('',2,1,((#10201,#10202),(#10203,#10204),
(#10205,#10206)),.UNSPECIFIED.,.F.,.F.,.F.,(3,3),(2,2),(0.,1.),(0.,0.05),
 .UNSPECIFIED.);
#654=B_SPLINE_SURFACE_WITH_KNOTS('',2,1,((#10216,#10217),(#10218,#10219),
(#10220,#10221)),.UNSPECIFIED.,.F.,.F.,.F.,(3,3),(2,2),(0.,1.),(0.,0.05),
 .UNSPECIFIED.);
#655=B_SPLINE_SURFACE_WITH_KNOTS('',2,1,((#10231,#10232),(#10233,#10234),
(#10235,#10236)),.UNSPECIFIED.,.F.,.F.,.F.,(3,3),(2,2),(0.,1.),(0.,0.05),
 .UNSPECIFIED.);
#656=B_SPLINE_SURFACE_WITH_KNOTS('',2,1,((#10246,#10247),(#10248,#10249),
(#10250,#10251)),.UNSPECIFIED.,.F.,.F.,.F.,(3,3),(2,2),(0.,1.),(0.,0.05),
 .UNSPECIFIED.);
#657=B_SPLINE_SURFACE_WITH_KNOTS('',2,1,((#10261,#10262),(#10263,#10264),
(#10265,#10266)),.UNSPECIFIED.,.F.,.F.,.F.,(3,3),(2,2),(0.,1.),(0.,0.05),
 .UNSPECIFIED.);
#658=B_SPLINE_SURFACE_WITH_KNOTS('',2,1,((#10276,#10277),(#10278,#10279),
(#10280,#10281)),.UNSPECIFIED.,.F.,.F.,.F.,(3,3),(2,2),(0.,1.),(0.,0.05),
 .UNSPECIFIED.);
#659=B_SPLINE_SURFACE_WITH_KNOTS('',2,1,((#10297,#10298),(#10299,#10300),
(#10301,#10302)),.UNSPECIFIED.,.F.,.F.,.F.,(3,3),(2,2),(0.,1.),(0.,0.05),
 .UNSPECIFIED.);
#660=B_SPLINE_SURFACE_WITH_KNOTS('',2,1,((#10312,#10313),(#10314,#10315),
(#10316,#10317)),.UNSPECIFIED.,.F.,.F.,.F.,(3,3),(2,2),(0.,1.),(0.,0.05),
 .UNSPECIFIED.);
#661=B_SPLINE_SURFACE_WITH_KNOTS('',2,1,((#10350,#10351),(#10352,#10353),
(#10354,#10355)),.UNSPECIFIED.,.F.,.F.,.F.,(3,3),(2,2),(0.,1.),(0.,0.05),
 .UNSPECIFIED.);
#662=B_SPLINE_SURFACE_WITH_KNOTS('',2,1,((#10368,#10369),(#10370,#10371),
(#10372,#10373)),.UNSPECIFIED.,.F.,.F.,.F.,(3,3),(2,2),(0.,1.),(0.,0.05),
 .UNSPECIFIED.);
#663=B_SPLINE_SURFACE_WITH_KNOTS('',2,1,((#10389,#10390),(#10391,#10392),
(#10393,#10394)),.UNSPECIFIED.,.F.,.F.,.F.,(3,3),(2,2),(0.,1.),(0.,0.05),
 .UNSPECIFIED.);
#664=B_SPLINE_SURFACE_WITH_KNOTS('',2,1,((#10404,#10405),(#10406,#10407),
(#10408,#10409)),.UNSPECIFIED.,.F.,.F.,.F.,(3,3),(2,2),(0.,1.),(0.,0.05),
 .UNSPECIFIED.);
#665=B_SPLINE_SURFACE_WITH_KNOTS('',2,1,((#10419,#10420),(#10421,#10422),
(#10423,#10424)),.UNSPECIFIED.,.F.,.F.,.F.,(3,3),(2,2),(0.,1.),(0.,0.05),
 .UNSPECIFIED.);
#666=B_SPLINE_SURFACE_WITH_KNOTS('',2,1,((#10434,#10435),(#10436,#10437),
(#10438,#10439)),.UNSPECIFIED.,.F.,.F.,.F.,(3,3),(2,2),(0.,1.),(0.,0.05),
 .UNSPECIFIED.);
#667=B_SPLINE_SURFACE_WITH_KNOTS('',2,1,((#10473,#10474),(#10475,#10476),
(#10477,#10478)),.UNSPECIFIED.,.F.,.F.,.F.,(3,3),(2,2),(0.,1.),(0.,0.05),
 .UNSPECIFIED.);
#668=B_SPLINE_SURFACE_WITH_KNOTS('',2,1,((#10513,#10514),(#10515,#10516),
(#10517,#10518)),.UNSPECIFIED.,.F.,.F.,.F.,(3,3),(2,2),(0.,1.),(0.,0.05),
 .UNSPECIFIED.);
#669=B_SPLINE_SURFACE_WITH_KNOTS('',2,1,((#10534,#10535),(#10536,#10537),
(#10538,#10539)),.UNSPECIFIED.,.F.,.F.,.F.,(3,3),(2,2),(0.,1.),(0.,0.05),
 .UNSPECIFIED.);
#670=B_SPLINE_SURFACE_WITH_KNOTS('',2,1,((#10549,#10550),(#10551,#10552),
(#10553,#10554)),.UNSPECIFIED.,.F.,.F.,.F.,(3,3),(2,2),(0.,1.),(0.,0.05),
 .UNSPECIFIED.);
#671=B_SPLINE_SURFACE_WITH_KNOTS('',2,1,((#10562,#10563),(#10564,#10565),
(#10566,#10567)),.UNSPECIFIED.,.F.,.F.,.F.,(3,3),(2,2),(0.,1.),(0.,0.05),
 .UNSPECIFIED.);
#672=B_SPLINE_SURFACE_WITH_KNOTS('',2,1,((#10580,#10581),(#10582,#10583),
(#10584,#10585)),.UNSPECIFIED.,.F.,.F.,.F.,(3,3),(2,2),(0.,1.),(0.,0.05),
 .UNSPECIFIED.);
#673=B_SPLINE_SURFACE_WITH_KNOTS('',2,1,((#10595,#10596),(#10597,#10598),
(#10599,#10600)),.UNSPECIFIED.,.F.,.F.,.F.,(3,3),(2,2),(0.,1.),(0.,0.05),
 .UNSPECIFIED.);
#674=B_SPLINE_SURFACE_WITH_KNOTS('',2,1,((#10610,#10611),(#10612,#10613),
(#10614,#10615)),.UNSPECIFIED.,.F.,.F.,.F.,(3,3),(2,2),(0.,1.),(0.,0.05),
 .UNSPECIFIED.);
#675=B_SPLINE_SURFACE_WITH_KNOTS('',2,1,((#10625,#10626),(#10627,#10628),
(#10629,#10630)),.UNSPECIFIED.,.F.,.F.,.F.,(3,3),(2,2),(0.,1.),(0.,0.05),
 .UNSPECIFIED.);
#676=B_SPLINE_SURFACE_WITH_KNOTS('',2,1,((#10640,#10641),(#10642,#10643),
(#10644,#10645)),.UNSPECIFIED.,.F.,.F.,.F.,(3,3),(2,2),(0.,1.),(0.,0.05),
 .UNSPECIFIED.);
#677=B_SPLINE_SURFACE_WITH_KNOTS('',2,1,((#10655,#10656),(#10657,#10658),
(#10659,#10660)),.UNSPECIFIED.,.F.,.F.,.F.,(3,3),(2,2),(0.,1.),(0.,0.05),
 .UNSPECIFIED.);
#678=B_SPLINE_SURFACE_WITH_KNOTS('',2,1,((#10670,#10671),(#10672,#10673),
(#10674,#10675)),.UNSPECIFIED.,.F.,.F.,.F.,(3,3),(2,2),(0.,1.),(0.,0.05),
 .UNSPECIFIED.);
#679=B_SPLINE_SURFACE_WITH_KNOTS('',2,1,((#10688,#10689),(#10690,#10691),
(#10692,#10693)),.UNSPECIFIED.,.F.,.F.,.F.,(3,3),(2,2),(0.,1.),(0.,0.05),
 .UNSPECIFIED.);
#680=B_SPLINE_SURFACE_WITH_KNOTS('',2,1,((#10706,#10707),(#10708,#10709),
(#10710,#10711)),.UNSPECIFIED.,.F.,.F.,.F.,(3,3),(2,2),(0.,1.),(0.,0.05),
 .UNSPECIFIED.);
#681=B_SPLINE_SURFACE_WITH_KNOTS('',2,1,((#10721,#10722),(#10723,#10724),
(#10725,#10726)),.UNSPECIFIED.,.F.,.F.,.F.,(3,3),(2,2),(0.,1.),(0.,0.05),
 .UNSPECIFIED.);
#682=B_SPLINE_SURFACE_WITH_KNOTS('',2,1,((#10736,#10737),(#10738,#10739),
(#10740,#10741)),.UNSPECIFIED.,.F.,.F.,.F.,(3,3),(2,2),(0.,1.),(0.,0.05),
 .UNSPECIFIED.);
#683=B_SPLINE_SURFACE_WITH_KNOTS('',2,1,((#10751,#10752),(#10753,#10754),
(#10755,#10756)),.UNSPECIFIED.,.F.,.F.,.F.,(3,3),(2,2),(0.,1.),(0.,0.05),
 .UNSPECIFIED.);
#684=B_SPLINE_SURFACE_WITH_KNOTS('',2,1,((#10766,#10767),(#10768,#10769),
(#10770,#10771)),.UNSPECIFIED.,.F.,.F.,.F.,(3,3),(2,2),(0.,1.),(0.,0.05),
 .UNSPECIFIED.);
#685=B_SPLINE_SURFACE_WITH_KNOTS('',2,1,((#10781,#10782),(#10783,#10784),
(#10785,#10786)),.UNSPECIFIED.,.F.,.F.,.F.,(3,3),(2,2),(0.,1.),(0.,0.05),
 .UNSPECIFIED.);
#686=B_SPLINE_SURFACE_WITH_KNOTS('',2,1,((#10796,#10797),(#10798,#10799),
(#10800,#10801)),.UNSPECIFIED.,.F.,.F.,.F.,(3,3),(2,2),(0.,1.),(0.,0.05),
 .UNSPECIFIED.);
#687=B_SPLINE_SURFACE_WITH_KNOTS('',2,1,((#10811,#10812),(#10813,#10814),
(#10815,#10816)),.UNSPECIFIED.,.F.,.F.,.F.,(3,3),(2,2),(0.,1.),(0.,0.05),
 .UNSPECIFIED.);
#688=B_SPLINE_SURFACE_WITH_KNOTS('',2,1,((#10826,#10827),(#10828,#10829),
(#10830,#10831)),.UNSPECIFIED.,.F.,.F.,.F.,(3,3),(2,2),(0.,1.),(0.,0.05),
 .UNSPECIFIED.);
#689=B_SPLINE_SURFACE_WITH_KNOTS('',2,1,((#10841,#10842),(#10843,#10844),
(#10845,#10846)),.UNSPECIFIED.,.F.,.F.,.F.,(3,3),(2,2),(0.,1.),(0.,0.05),
 .UNSPECIFIED.);
#690=B_SPLINE_SURFACE_WITH_KNOTS('',2,1,((#10862,#10863),(#10864,#10865),
(#10866,#10867)),.UNSPECIFIED.,.F.,.F.,.F.,(3,3),(2,2),(0.,1.),(0.,0.05),
 .UNSPECIFIED.);
#691=B_SPLINE_SURFACE_WITH_KNOTS('',2,1,((#10877,#10878),(#10879,#10880),
(#10881,#10882)),.UNSPECIFIED.,.F.,.F.,.F.,(3,3),(2,2),(0.,1.),(0.,0.05),
 .UNSPECIFIED.);
#692=B_SPLINE_SURFACE_WITH_KNOTS('',2,1,((#10892,#10893),(#10894,#10895),
(#10896,#10897)),.UNSPECIFIED.,.F.,.F.,.F.,(3,3),(2,2),(0.,1.),(0.,0.05),
 .UNSPECIFIED.);
#693=B_SPLINE_SURFACE_WITH_KNOTS('',2,1,((#10907,#10908),(#10909,#10910),
(#10911,#10912)),.UNSPECIFIED.,.F.,.F.,.F.,(3,3),(2,2),(0.,1.),(0.,0.05),
 .UNSPECIFIED.);
#694=B_SPLINE_SURFACE_WITH_KNOTS('',2,1,((#10922,#10923),(#10924,#10925),
(#10926,#10927)),.UNSPECIFIED.,.F.,.F.,.F.,(3,3),(2,2),(0.,1.),(0.,0.05),
 .UNSPECIFIED.);
#695=B_SPLINE_SURFACE_WITH_KNOTS('',2,1,((#10937,#10938),(#10939,#10940),
(#10941,#10942)),.UNSPECIFIED.,.F.,.F.,.F.,(3,3),(2,2),(0.,1.),(0.,0.05),
 .UNSPECIFIED.);
#696=B_SPLINE_SURFACE_WITH_KNOTS('',2,1,((#10952,#10953),(#10954,#10955),
(#10956,#10957)),.UNSPECIFIED.,.F.,.F.,.F.,(3,3),(2,2),(0.,1.),(0.,0.05),
 .UNSPECIFIED.);
#697=B_SPLINE_SURFACE_WITH_KNOTS('',2,1,((#10967,#10968),(#10969,#10970),
(#10971,#10972)),.UNSPECIFIED.,.F.,.F.,.F.,(3,3),(2,2),(0.,1.),(0.,0.05),
 .UNSPECIFIED.);
#698=B_SPLINE_SURFACE_WITH_KNOTS('',2,1,((#10988,#10989),(#10990,#10991),
(#10992,#10993)),.UNSPECIFIED.,.F.,.F.,.F.,(3,3),(2,2),(0.,1.),(0.,0.05),
 .UNSPECIFIED.);
#699=B_SPLINE_SURFACE_WITH_KNOTS('',2,1,((#11003,#11004),(#11005,#11006),
(#11007,#11008)),.UNSPECIFIED.,.F.,.F.,.F.,(3,3),(2,2),(0.,1.),(0.,0.05),
 .UNSPECIFIED.);
#700=B_SPLINE_SURFACE_WITH_KNOTS('',2,1,((#11032,#11033),(#11034,#11035),
(#11036,#11037)),.UNSPECIFIED.,.F.,.F.,.F.,(3,3),(2,2),(0.,1.),(0.,0.05),
 .UNSPECIFIED.);
#701=B_SPLINE_SURFACE_WITH_KNOTS('',2,1,((#11047,#11048),(#11049,#11050),
(#11051,#11052)),.UNSPECIFIED.,.F.,.F.,.F.,(3,3),(2,2),(0.,1.),(0.,0.05),
 .UNSPECIFIED.);
#702=B_SPLINE_SURFACE_WITH_KNOTS('',2,1,((#11068,#11069),(#11070,#11071),
(#11072,#11073)),.UNSPECIFIED.,.F.,.F.,.F.,(3,3),(2,2),(0.,1.),(0.,0.05),
 .UNSPECIFIED.);
#703=B_SPLINE_SURFACE_WITH_KNOTS('',2,1,((#11083,#11084),(#11085,#11086),
(#11087,#11088)),.UNSPECIFIED.,.F.,.F.,.F.,(3,3),(2,2),(0.,1.),(0.,0.05),
 .UNSPECIFIED.);
#704=B_SPLINE_SURFACE_WITH_KNOTS('',2,1,((#11098,#11099),(#11100,#11101),
(#11102,#11103)),.UNSPECIFIED.,.F.,.F.,.F.,(3,3),(2,2),(0.,1.),(0.,0.05),
 .UNSPECIFIED.);
#705=B_SPLINE_SURFACE_WITH_KNOTS('',2,1,((#11113,#11114),(#11115,#11116),
(#11117,#11118)),.UNSPECIFIED.,.F.,.F.,.F.,(3,3),(2,2),(0.,1.),(0.,0.05),
 .UNSPECIFIED.);
#706=B_SPLINE_SURFACE_WITH_KNOTS('',2,1,((#11146,#11147),(#11148,#11149),
(#11150,#11151)),.UNSPECIFIED.,.F.,.F.,.F.,(3,3),(2,2),(0.,1.),(0.,0.05),
 .UNSPECIFIED.);
#707=B_SPLINE_SURFACE_WITH_KNOTS('',2,1,((#11161,#11162),(#11163,#11164),
(#11165,#11166)),.UNSPECIFIED.,.F.,.F.,.F.,(3,3),(2,2),(0.,1.),(0.,0.05),
 .UNSPECIFIED.);
#708=B_SPLINE_SURFACE_WITH_KNOTS('',2,1,((#11194,#11195),(#11196,#11197),
(#11198,#11199)),.UNSPECIFIED.,.F.,.F.,.F.,(3,3),(2,2),(-1.,-0.985093895979675),
(0.,0.05),.UNSPECIFIED.);
#709=B_SPLINE_SURFACE_WITH_KNOTS('',2,1,((#11208,#11209),(#11210,#11211),
(#11212,#11213)),.UNSPECIFIED.,.F.,.F.,.F.,(3,3),(2,2),(0.,0.985093895979672),
(0.,0.05),.UNSPECIFIED.);
#710=B_SPLINE_SURFACE_WITH_KNOTS('',2,1,((#11223,#11224),(#11225,#11226),
(#11227,#11228)),.UNSPECIFIED.,.F.,.F.,.F.,(3,3),(2,2),(0.,1.),(0.,0.05),
 .UNSPECIFIED.);
#711=B_SPLINE_SURFACE_WITH_KNOTS('',2,1,((#11268,#11269),(#11270,#11271),
(#11272,#11273)),.UNSPECIFIED.,.F.,.F.,.F.,(3,3),(2,2),(0.,1.),(0.,0.05),
 .UNSPECIFIED.);
#712=B_SPLINE_SURFACE_WITH_KNOTS('',2,1,((#11283,#11284),(#11285,#11286),
(#11287,#11288)),.UNSPECIFIED.,.F.,.F.,.F.,(3,3),(2,2),(0.,1.),(0.,0.05),
 .UNSPECIFIED.);
#713=B_SPLINE_SURFACE_WITH_KNOTS('',2,1,((#11298,#11299),(#11300,#11301),
(#11302,#11303)),.UNSPECIFIED.,.F.,.F.,.F.,(3,3),(2,2),(0.,1.),(0.,0.05),
 .UNSPECIFIED.);
#714=B_SPLINE_SURFACE_WITH_KNOTS('',2,1,((#11313,#11314),(#11315,#11316),
(#11317,#11318)),.UNSPECIFIED.,.F.,.F.,.F.,(3,3),(2,2),(0.,1.),(0.,0.05),
 .UNSPECIFIED.);
#715=B_SPLINE_SURFACE_WITH_KNOTS('',2,1,((#11335,#11336),(#11337,#11338),
(#11339,#11340)),.UNSPECIFIED.,.F.,.F.,.F.,(3,3),(2,2),(0.,1.),(0.,0.05),
 .UNSPECIFIED.);
#716=B_SPLINE_SURFACE_WITH_KNOTS('',2,1,((#11353,#11354),(#11355,#11356),
(#11357,#11358)),.UNSPECIFIED.,.F.,.F.,.F.,(3,3),(2,2),(0.,1.),(0.,0.05),
 .UNSPECIFIED.);
#717=B_SPLINE_SURFACE_WITH_KNOTS('',2,1,((#11368,#11369),(#11370,#11371),
(#11372,#11373)),.UNSPECIFIED.,.F.,.F.,.F.,(3,3),(2,2),(0.,1.),(0.,0.05),
 .UNSPECIFIED.);
#718=B_SPLINE_SURFACE_WITH_KNOTS('',2,1,((#11383,#11384),(#11385,#11386),
(#11387,#11388)),.UNSPECIFIED.,.F.,.F.,.F.,(3,3),(2,2),(0.,1.),(0.,0.05),
 .UNSPECIFIED.);
#719=B_SPLINE_SURFACE_WITH_KNOTS('',2,1,((#11404,#11405),(#11406,#11407),
(#11408,#11409)),.UNSPECIFIED.,.F.,.F.,.F.,(3,3),(2,2),(0.,1.),(0.,0.05),
 .UNSPECIFIED.);
#720=B_SPLINE_SURFACE_WITH_KNOTS('',2,1,((#11419,#11420),(#11421,#11422),
(#11423,#11424)),.UNSPECIFIED.,.F.,.F.,.F.,(3,3),(2,2),(0.,1.),(0.,0.05),
 .UNSPECIFIED.);
#721=B_SPLINE_SURFACE_WITH_KNOTS('',2,1,((#11434,#11435),(#11436,#11437),
(#11438,#11439)),.UNSPECIFIED.,.F.,.F.,.F.,(3,3),(2,2),(0.,1.),(0.,0.05),
 .UNSPECIFIED.);
#722=B_SPLINE_SURFACE_WITH_KNOTS('',2,1,((#11449,#11450),(#11451,#11452),
(#11453,#11454)),.UNSPECIFIED.,.F.,.F.,.F.,(3,3),(2,2),(0.,1.),(0.,0.05),
 .UNSPECIFIED.);
#723=B_SPLINE_SURFACE_WITH_KNOTS('',2,1,((#11528,#11529),(#11530,#11531),
(#11532,#11533)),.UNSPECIFIED.,.F.,.F.,.F.,(3,3),(2,2),(0.,1.),(0.,0.05),
 .UNSPECIFIED.);
#724=B_SPLINE_SURFACE_WITH_KNOTS('',2,1,((#11546,#11547),(#11548,#11549),
(#11550,#11551)),.UNSPECIFIED.,.F.,.F.,.F.,(3,3),(2,2),(0.,1.),(0.,0.05),
 .UNSPECIFIED.);
#725=B_SPLINE_SURFACE_WITH_KNOTS('',2,1,((#11561,#11562),(#11563,#11564),
(#11565,#11566)),.UNSPECIFIED.,.F.,.F.,.F.,(3,3),(2,2),(0.,1.),(0.,0.05),
 .UNSPECIFIED.);
#726=B_SPLINE_SURFACE_WITH_KNOTS('',2,1,((#11576,#11577),(#11578,#11579),
(#11580,#11581)),.UNSPECIFIED.,.F.,.F.,.F.,(3,3),(2,2),(0.,1.),(0.,0.05),
 .UNSPECIFIED.);
#727=B_SPLINE_SURFACE_WITH_KNOTS('',2,1,((#11591,#11592),(#11593,#11594),
(#11595,#11596)),.UNSPECIFIED.,.F.,.F.,.F.,(3,3),(2,2),(0.,1.),(0.,0.05),
 .UNSPECIFIED.);
#728=B_SPLINE_SURFACE_WITH_KNOTS('',2,1,((#11606,#11607),(#11608,#11609),
(#11610,#11611)),.UNSPECIFIED.,.F.,.F.,.F.,(3,3),(2,2),(0.,1.),(0.,0.05),
 .UNSPECIFIED.);
#729=B_SPLINE_SURFACE_WITH_KNOTS('',2,1,((#11621,#11622),(#11623,#11624),
(#11625,#11626)),.UNSPECIFIED.,.F.,.F.,.F.,(3,3),(2,2),(0.,1.),(0.,0.05),
 .UNSPECIFIED.);
#730=B_SPLINE_SURFACE_WITH_KNOTS('',2,1,((#11636,#11637),(#11638,#11639),
(#11640,#11641)),.UNSPECIFIED.,.F.,.F.,.F.,(3,3),(2,2),(0.,1.),(0.,0.05),
 .UNSPECIFIED.);
#731=B_SPLINE_SURFACE_WITH_KNOTS('',2,1,((#11651,#11652),(#11653,#11654),
(#11655,#11656)),.UNSPECIFIED.,.F.,.F.,.F.,(3,3),(2,2),(0.,1.),(0.,0.05),
 .UNSPECIFIED.);
#732=B_SPLINE_SURFACE_WITH_KNOTS('',2,1,((#11666,#11667),(#11668,#11669),
(#11670,#11671)),.UNSPECIFIED.,.F.,.F.,.F.,(3,3),(2,2),(0.,1.),(0.,0.05),
 .UNSPECIFIED.);
#733=B_SPLINE_SURFACE_WITH_KNOTS('',2,1,((#11687,#11688),(#11689,#11690),
(#11691,#11692)),.UNSPECIFIED.,.F.,.F.,.F.,(3,3),(2,2),(0.,1.),(0.,0.05),
 .UNSPECIFIED.);
#734=B_SPLINE_SURFACE_WITH_KNOTS('',2,1,((#11702,#11703),(#11704,#11705),
(#11706,#11707)),.UNSPECIFIED.,.F.,.F.,.F.,(3,3),(2,2),(0.,1.),(0.,0.05),
 .UNSPECIFIED.);
#735=B_SPLINE_SURFACE_WITH_KNOTS('',2,1,((#11717,#11718),(#11719,#11720),
(#11721,#11722)),.UNSPECIFIED.,.F.,.F.,.F.,(3,3),(2,2),(0.,1.),(0.,0.05),
 .UNSPECIFIED.);
#736=B_SPLINE_SURFACE_WITH_KNOTS('',2,1,((#11732,#11733),(#11734,#11735),
(#11736,#11737)),.UNSPECIFIED.,.F.,.F.,.F.,(3,3),(2,2),(0.,1.),(0.,0.05),
 .UNSPECIFIED.);
#737=B_SPLINE_SURFACE_WITH_KNOTS('',2,1,((#11747,#11748),(#11749,#11750),
(#11751,#11752)),.UNSPECIFIED.,.F.,.F.,.F.,(3,3),(2,2),(0.,1.),(0.,0.05),
 .UNSPECIFIED.);
#738=B_SPLINE_SURFACE_WITH_KNOTS('',2,1,((#11762,#11763),(#11764,#11765),
(#11766,#11767)),.UNSPECIFIED.,.F.,.F.,.F.,(3,3),(2,2),(0.,1.),(0.,0.05),
 .UNSPECIFIED.);
#739=B_SPLINE_SURFACE_WITH_KNOTS('',2,1,((#11777,#11778),(#11779,#11780),
(#11781,#11782)),.UNSPECIFIED.,.F.,.F.,.F.,(3,3),(2,2),(0.,1.),(0.,0.05),
 .UNSPECIFIED.);
#740=B_SPLINE_SURFACE_WITH_KNOTS('',2,1,((#11839,#11840),(#11841,#11842),
(#11843,#11844)),.UNSPECIFIED.,.F.,.F.,.F.,(3,3),(2,2),(0.,1.),(0.,0.05),
 .UNSPECIFIED.);
#741=B_SPLINE_SURFACE_WITH_KNOTS('',2,1,((#11857,#11858),(#11859,#11860),
(#11861,#11862)),.UNSPECIFIED.,.F.,.F.,.F.,(3,3),(2,2),(0.,1.),(0.,0.05),
 .UNSPECIFIED.);
#742=B_SPLINE_SURFACE_WITH_KNOTS('',2,1,((#11872,#11873),(#11874,#11875),
(#11876,#11877)),.UNSPECIFIED.,.F.,.F.,.F.,(3,3),(2,2),(0.,1.),(0.,0.05),
 .UNSPECIFIED.);
#743=B_SPLINE_SURFACE_WITH_KNOTS('',2,1,((#11887,#11888),(#11889,#11890),
(#11891,#11892)),.UNSPECIFIED.,.F.,.F.,.F.,(3,3),(2,2),(0.,1.),(0.,0.05),
 .UNSPECIFIED.);
#744=B_SPLINE_SURFACE_WITH_KNOTS('',2,1,((#11902,#11903),(#11904,#11905),
(#11906,#11907)),.UNSPECIFIED.,.F.,.F.,.F.,(3,3),(2,2),(0.,1.),(0.,0.05),
 .UNSPECIFIED.);
#745=B_SPLINE_SURFACE_WITH_KNOTS('',2,1,((#11917,#11918),(#11919,#11920),
(#11921,#11922)),.UNSPECIFIED.,.F.,.F.,.F.,(3,3),(2,2),(0.,1.),(0.,0.05),
 .UNSPECIFIED.);
#746=B_SPLINE_SURFACE_WITH_KNOTS('',2,1,((#11932,#11933),(#11934,#11935),
(#11936,#11937)),.UNSPECIFIED.,.F.,.F.,.F.,(3,3),(2,2),(0.,1.),(0.,0.05),
 .UNSPECIFIED.);
#747=B_SPLINE_SURFACE_WITH_KNOTS('',2,1,((#11947,#11948),(#11949,#11950),
(#11951,#11952)),.UNSPECIFIED.,.F.,.F.,.F.,(3,3),(2,2),(0.,1.),(0.,0.05),
 .UNSPECIFIED.);
#748=B_SPLINE_SURFACE_WITH_KNOTS('',2,1,((#11962,#11963),(#11964,#11965),
(#11966,#11967)),.UNSPECIFIED.,.F.,.F.,.F.,(3,3),(2,2),(0.,1.),(0.,0.05),
 .UNSPECIFIED.);
#749=B_SPLINE_SURFACE_WITH_KNOTS('',2,1,((#11974,#11975),(#11976,#11977),
(#11978,#11979)),.UNSPECIFIED.,.F.,.F.,.F.,(3,3),(2,2),(0.,1.),(0.,0.05),
 .UNSPECIFIED.);
#750=B_SPLINE_SURFACE_WITH_KNOTS('',2,1,((#11992,#11993),(#11994,#11995),
(#11996,#11997)),.UNSPECIFIED.,.F.,.F.,.F.,(3,3),(2,2),(0.,1.),(0.,0.05),
 .UNSPECIFIED.);
#751=B_SPLINE_SURFACE_WITH_KNOTS('',2,1,((#12007,#12008),(#12009,#12010),
(#12011,#12012)),.UNSPECIFIED.,.F.,.F.,.F.,(3,3),(2,2),(0.,1.),(0.,0.05),
 .UNSPECIFIED.);
#752=B_SPLINE_SURFACE_WITH_KNOTS('',2,1,((#12022,#12023),(#12024,#12025),
(#12026,#12027)),.UNSPECIFIED.,.F.,.F.,.F.,(3,3),(2,2),(0.,1.),(0.,0.05),
 .UNSPECIFIED.);
#753=B_SPLINE_SURFACE_WITH_KNOTS('',2,1,((#12037,#12038),(#12039,#12040),
(#12041,#12042)),.UNSPECIFIED.,.F.,.F.,.F.,(3,3),(2,2),(0.,1.),(0.,0.05),
 .UNSPECIFIED.);
#754=B_SPLINE_SURFACE_WITH_KNOTS('',2,1,((#12052,#12053),(#12054,#12055),
(#12056,#12057)),.UNSPECIFIED.,.F.,.F.,.F.,(3,3),(2,2),(0.,1.),(0.,0.05),
 .UNSPECIFIED.);
#755=B_SPLINE_SURFACE_WITH_KNOTS('',2,1,((#12067,#12068),(#12069,#12070),
(#12071,#12072)),.UNSPECIFIED.,.F.,.F.,.F.,(3,3),(2,2),(0.,1.),(0.,0.05),
 .UNSPECIFIED.);
#756=B_SPLINE_SURFACE_WITH_KNOTS('',2,1,((#12082,#12083),(#12084,#12085),
(#12086,#12087)),.UNSPECIFIED.,.F.,.F.,.F.,(3,3),(2,2),(0.,1.),(0.,0.05),
 .UNSPECIFIED.);
#757=B_SPLINE_SURFACE_WITH_KNOTS('',2,1,((#12097,#12098),(#12099,#12100),
(#12101,#12102)),.UNSPECIFIED.,.F.,.F.,.F.,(3,3),(2,2),(0.,1.),(0.,0.05),
 .UNSPECIFIED.);
#758=B_SPLINE_SURFACE_WITH_KNOTS('',2,1,((#12140,#12141),(#12142,#12143),
(#12144,#12145)),.UNSPECIFIED.,.F.,.F.,.F.,(3,3),(2,2),(0.,1.),(0.,0.05),
 .UNSPECIFIED.);
#759=B_SPLINE_SURFACE_WITH_KNOTS('',2,1,((#12158,#12159),(#12160,#12161),
(#12162,#12163)),.UNSPECIFIED.,.F.,.F.,.F.,(3,3),(2,2),(0.,1.),(0.,0.05),
 .UNSPECIFIED.);
#760=B_SPLINE_SURFACE_WITH_KNOTS('',2,1,((#12173,#12174),(#12175,#12176),
(#12177,#12178)),.UNSPECIFIED.,.F.,.F.,.F.,(3,3),(2,2),(0.,1.),(0.,0.05),
 .UNSPECIFIED.);
#761=B_SPLINE_SURFACE_WITH_KNOTS('',2,1,((#12188,#12189),(#12190,#12191),
(#12192,#12193)),.UNSPECIFIED.,.F.,.F.,.F.,(3,3),(2,2),(0.,1.),(0.,0.05),
 .UNSPECIFIED.);
#762=B_SPLINE_SURFACE_WITH_KNOTS('',2,1,((#12203,#12204),(#12205,#12206),
(#12207,#12208)),.UNSPECIFIED.,.F.,.F.,.F.,(3,3),(2,2),(0.,1.),(0.,0.05),
 .UNSPECIFIED.);
#763=B_SPLINE_SURFACE_WITH_KNOTS('',2,1,((#12221,#12222),(#12223,#12224),
(#12225,#12226)),.UNSPECIFIED.,.F.,.F.,.F.,(3,3),(2,2),(0.,1.),(0.,0.05),
 .UNSPECIFIED.);
#764=B_SPLINE_SURFACE_WITH_KNOTS('',2,1,((#12239,#12240),(#12241,#12242),
(#12243,#12244)),.UNSPECIFIED.,.F.,.F.,.F.,(3,3),(2,2),(0.,1.),(0.,0.05),
 .UNSPECIFIED.);
#765=B_SPLINE_SURFACE_WITH_KNOTS('',2,1,((#12254,#12255),(#12256,#12257),
(#12258,#12259)),.UNSPECIFIED.,.F.,.F.,.F.,(3,3),(2,2),(0.,1.),(0.,0.05),
 .UNSPECIFIED.);
#766=B_SPLINE_SURFACE_WITH_KNOTS('',2,1,((#12269,#12270),(#12271,#12272),
(#12273,#12274)),.UNSPECIFIED.,.F.,.F.,.F.,(3,3),(2,2),(0.,1.),(0.,0.05),
 .UNSPECIFIED.);
#767=B_SPLINE_SURFACE_WITH_KNOTS('',2,1,((#12284,#12285),(#12286,#12287),
(#12288,#12289)),.UNSPECIFIED.,.F.,.F.,.F.,(3,3),(2,2),(0.,1.),(0.,0.05),
 .UNSPECIFIED.);
#768=B_SPLINE_SURFACE_WITH_KNOTS('',2,1,((#12299,#12300),(#12301,#12302),
(#12303,#12304)),.UNSPECIFIED.,.F.,.F.,.F.,(3,3),(2,2),(0.,1.),(0.,0.05),
 .UNSPECIFIED.);
#769=B_SPLINE_SURFACE_WITH_KNOTS('',2,1,((#12314,#12315),(#12316,#12317),
(#12318,#12319)),.UNSPECIFIED.,.F.,.F.,.F.,(3,3),(2,2),(0.,1.),(0.,0.05),
 .UNSPECIFIED.);
#770=B_SPLINE_SURFACE_WITH_KNOTS('',2,1,((#12335,#12336),(#12337,#12338),
(#12339,#12340)),.UNSPECIFIED.,.F.,.F.,.F.,(3,3),(2,2),(0.,1.),(0.,0.05),
 .UNSPECIFIED.);
#771=B_SPLINE_SURFACE_WITH_KNOTS('',2,1,((#12350,#12351),(#12352,#12353),
(#12354,#12355)),.UNSPECIFIED.,.F.,.F.,.F.,(3,3),(2,2),(0.,1.),(0.,0.05),
 .UNSPECIFIED.);
#772=B_SPLINE_SURFACE_WITH_KNOTS('',2,1,((#12365,#12366),(#12367,#12368),
(#12369,#12370)),.UNSPECIFIED.,.F.,.F.,.F.,(3,3),(2,2),(0.,1.),(0.,0.05),
 .UNSPECIFIED.);
#773=B_SPLINE_SURFACE_WITH_KNOTS('',2,1,((#12380,#12381),(#12382,#12383),
(#12384,#12385)),.UNSPECIFIED.,.F.,.F.,.F.,(3,3),(2,2),(0.,1.),(0.,0.05),
 .UNSPECIFIED.);
#774=B_SPLINE_SURFACE_WITH_KNOTS('',2,1,((#12401,#12402),(#12403,#12404),
(#12405,#12406)),.UNSPECIFIED.,.F.,.F.,.F.,(3,3),(2,2),(0.,1.),(0.,0.05),
 .UNSPECIFIED.);
#775=B_SPLINE_SURFACE_WITH_KNOTS('',2,1,((#12416,#12417),(#12418,#12419),
(#12420,#12421)),.UNSPECIFIED.,.F.,.F.,.F.,(3,3),(2,2),(0.,1.),(0.,0.05),
 .UNSPECIFIED.);
#776=B_SPLINE_SURFACE_WITH_KNOTS('',2,1,((#12429,#12430),(#12431,#12432),
(#12433,#12434)),.UNSPECIFIED.,.F.,.F.,.F.,(3,3),(2,2),(0.,1.),(0.,0.05),
 .UNSPECIFIED.);
#777=B_SPLINE_SURFACE_WITH_KNOTS('',2,1,((#12447,#12448),(#12449,#12450),
(#12451,#12452)),.UNSPECIFIED.,.F.,.F.,.F.,(3,3),(2,2),(0.,1.),(0.,0.05),
 .UNSPECIFIED.);
#778=B_SPLINE_SURFACE_WITH_KNOTS('',2,1,((#12462,#12463),(#12464,#12465),
(#12466,#12467)),.UNSPECIFIED.,.F.,.F.,.F.,(3,3),(2,2),(0.,1.),(0.,0.05),
 .UNSPECIFIED.);
#779=B_SPLINE_SURFACE_WITH_KNOTS('',2,1,((#12477,#12478),(#12479,#12480),
(#12481,#12482)),.UNSPECIFIED.,.F.,.F.,.F.,(3,3),(2,2),(0.,1.),(0.,0.05),
 .UNSPECIFIED.);
#780=B_SPLINE_SURFACE_WITH_KNOTS('',2,1,((#12492,#12493),(#12494,#12495),
(#12496,#12497)),.UNSPECIFIED.,.F.,.F.,.F.,(3,3),(2,2),(0.,1.),(0.,0.05),
 .UNSPECIFIED.);
#781=B_SPLINE_SURFACE_WITH_KNOTS('',2,1,((#12507,#12508),(#12509,#12510),
(#12511,#12512)),.UNSPECIFIED.,.F.,.F.,.F.,(3,3),(2,2),(0.,1.),(0.,0.05),
 .UNSPECIFIED.);
#782=B_SPLINE_SURFACE_WITH_KNOTS('',2,1,((#12522,#12523),(#12524,#12525),
(#12526,#12527)),.UNSPECIFIED.,.F.,.F.,.F.,(3,3),(2,2),(0.,1.),(0.,0.05),
 .UNSPECIFIED.);
#783=B_SPLINE_SURFACE_WITH_KNOTS('',2,1,((#12537,#12538),(#12539,#12540),
(#12541,#12542)),.UNSPECIFIED.,.F.,.F.,.F.,(3,3),(2,2),(0.,1.),(0.,0.05),
 .UNSPECIFIED.);
#784=B_SPLINE_SURFACE_WITH_KNOTS('',2,1,((#12552,#12553),(#12554,#12555),
(#12556,#12557)),.UNSPECIFIED.,.F.,.F.,.F.,(3,3),(2,2),(0.,1.),(0.,0.05),
 .UNSPECIFIED.);
#785=B_SPLINE_SURFACE_WITH_KNOTS('',2,1,((#12567,#12568),(#12569,#12570),
(#12571,#12572)),.UNSPECIFIED.,.F.,.F.,.F.,(3,3),(2,2),(0.,1.),(0.,0.05),
 .UNSPECIFIED.);
#786=B_SPLINE_SURFACE_WITH_KNOTS('',2,1,((#12579,#12580),(#12581,#12582),
(#12583,#12584)),.UNSPECIFIED.,.F.,.F.,.F.,(3,3),(2,2),(0.,1.),(0.,0.05),
 .UNSPECIFIED.);
#787=B_SPLINE_SURFACE_WITH_KNOTS('',2,1,((#12597,#12598),(#12599,#12600),
(#12601,#12602)),.UNSPECIFIED.,.F.,.F.,.F.,(3,3),(2,2),(0.,1.),(0.,0.05),
 .UNSPECIFIED.);
#788=B_SPLINE_SURFACE_WITH_KNOTS('',2,1,((#12612,#12613),(#12614,#12615),
(#12616,#12617)),.UNSPECIFIED.,.F.,.F.,.F.,(3,3),(2,2),(0.,1.),(0.,0.05),
 .UNSPECIFIED.);
#789=B_SPLINE_SURFACE_WITH_KNOTS('',2,1,((#12627,#12628),(#12629,#12630),
(#12631,#12632)),.UNSPECIFIED.,.F.,.F.,.F.,(3,3),(2,2),(0.,1.),(0.,0.05),
 .UNSPECIFIED.);
#790=B_SPLINE_SURFACE_WITH_KNOTS('',2,1,((#12642,#12643),(#12644,#12645),
(#12646,#12647)),.UNSPECIFIED.,.F.,.F.,.F.,(3,3),(2,2),(0.,1.),(0.,0.05),
 .UNSPECIFIED.);
#791=B_SPLINE_SURFACE_WITH_KNOTS('',2,1,((#12657,#12658),(#12659,#12660),
(#12661,#12662)),.UNSPECIFIED.,.F.,.F.,.F.,(3,3),(2,2),(0.,1.),(0.,0.05),
 .UNSPECIFIED.);
#792=B_SPLINE_SURFACE_WITH_KNOTS('',2,1,((#12672,#12673),(#12674,#12675),
(#12676,#12677)),.UNSPECIFIED.,.F.,.F.,.F.,(3,3),(2,2),(0.,1.),(0.,0.05),
 .UNSPECIFIED.);
#793=B_SPLINE_SURFACE_WITH_KNOTS('',2,1,((#12687,#12688),(#12689,#12690),
(#12691,#12692)),.UNSPECIFIED.,.F.,.F.,.F.,(3,3),(2,2),(0.,1.),(0.,0.05),
 .UNSPECIFIED.);
#794=B_SPLINE_SURFACE_WITH_KNOTS('',2,1,((#12702,#12703),(#12704,#12705),
(#12706,#12707)),.UNSPECIFIED.,.F.,.F.,.F.,(3,3),(2,2),(0.,1.),(0.,0.05),
 .UNSPECIFIED.);
#795=B_SPLINE_SURFACE_WITH_KNOTS('',2,1,((#12717,#12718),(#12719,#12720),
(#12721,#12722)),.UNSPECIFIED.,.F.,.F.,.F.,(3,3),(2,2),(0.,1.),(0.,0.05),
 .UNSPECIFIED.);
#796=B_SPLINE_SURFACE_WITH_KNOTS('',2,1,((#12739,#12740),(#12741,#12742),
(#12743,#12744)),.UNSPECIFIED.,.F.,.F.,.F.,(3,3),(2,2),(0.,1.),(0.,0.05),
 .UNSPECIFIED.);
#797=B_SPLINE_SURFACE_WITH_KNOTS('',2,1,((#12754,#12755),(#12756,#12757),
(#12758,#12759)),.UNSPECIFIED.,.F.,.F.,.F.,(3,3),(2,2),(0.,1.),(0.,0.05),
 .UNSPECIFIED.);
#798=B_SPLINE_SURFACE_WITH_KNOTS('',2,1,((#12769,#12770),(#12771,#12772),
(#12773,#12774)),.UNSPECIFIED.,.F.,.F.,.F.,(3,3),(2,2),(0.,1.),(0.,0.05),
 .UNSPECIFIED.);
#799=B_SPLINE_SURFACE_WITH_KNOTS('',2,1,((#12818,#12819),(#12820,#12821),
(#12822,#12823)),.UNSPECIFIED.,.F.,.F.,.F.,(3,3),(2,2),(0.,1.),(0.,0.05),
 .UNSPECIFIED.);
#800=B_SPLINE_SURFACE_WITH_KNOTS('',2,1,((#12836,#12837),(#12838,#12839),
(#12840,#12841)),.UNSPECIFIED.,.F.,.F.,.F.,(3,3),(2,2),(0.,1.),(0.,0.05),
 .UNSPECIFIED.);
#801=B_SPLINE_SURFACE_WITH_KNOTS('',2,1,((#12851,#12852),(#12853,#12854),
(#12855,#12856)),.UNSPECIFIED.,.F.,.F.,.F.,(3,3),(2,2),(0.,1.),(0.,0.05),
 .UNSPECIFIED.);
#802=B_SPLINE_SURFACE_WITH_KNOTS('',2,1,((#12866,#12867),(#12868,#12869),
(#12870,#12871)),.UNSPECIFIED.,.F.,.F.,.F.,(3,3),(2,2),(0.,1.),(0.,0.05),
 .UNSPECIFIED.);
#803=B_SPLINE_SURFACE_WITH_KNOTS('',2,1,((#12881,#12882),(#12883,#12884),
(#12885,#12886)),.UNSPECIFIED.,.F.,.F.,.F.,(3,3),(2,2),(0.,1.),(0.,0.05),
 .UNSPECIFIED.);
#804=B_SPLINE_SURFACE_WITH_KNOTS('',2,1,((#12896,#12897),(#12898,#12899),
(#12900,#12901)),.UNSPECIFIED.,.F.,.F.,.F.,(3,3),(2,2),(0.,1.),(0.,0.05),
 .UNSPECIFIED.);
#805=B_SPLINE_SURFACE_WITH_KNOTS('',2,1,((#12911,#12912),(#12913,#12914),
(#12915,#12916)),.UNSPECIFIED.,.F.,.F.,.F.,(3,3),(2,2),(0.,1.),(0.,0.05),
 .UNSPECIFIED.);
#806=B_SPLINE_SURFACE_WITH_KNOTS('',2,1,((#12926,#12927),(#12928,#12929),
(#12930,#12931)),.UNSPECIFIED.,.F.,.F.,.F.,(3,3),(2,2),(0.,1.),(0.,0.05),
 .UNSPECIFIED.);
#807=B_SPLINE_SURFACE_WITH_KNOTS('',2,1,((#12941,#12942),(#12943,#12944),
(#12945,#12946)),.UNSPECIFIED.,.F.,.F.,.F.,(3,3),(2,2),(0.,1.),(0.,0.05),
 .UNSPECIFIED.);
#808=B_SPLINE_SURFACE_WITH_KNOTS('',2,1,((#12956,#12957),(#12958,#12959),
(#12960,#12961)),.UNSPECIFIED.,.F.,.F.,.F.,(3,3),(2,2),(0.,1.),(0.,0.05),
 .UNSPECIFIED.);
#809=B_SPLINE_SURFACE_WITH_KNOTS('',2,1,((#12977,#12978),(#12979,#12980),
(#12981,#12982)),.UNSPECIFIED.,.F.,.F.,.F.,(3,3),(2,2),(0.,1.),(0.,0.05),
 .UNSPECIFIED.);
#810=B_SPLINE_SURFACE_WITH_KNOTS('',2,1,((#12992,#12993),(#12994,#12995),
(#12996,#12997)),.UNSPECIFIED.,.F.,.F.,.F.,(3,3),(2,2),(0.,1.),(0.,0.05),
 .UNSPECIFIED.);
#811=B_SPLINE_SURFACE_WITH_KNOTS('',2,1,((#13007,#13008),(#13009,#13010),
(#13011,#13012)),.UNSPECIFIED.,.F.,.F.,.F.,(3,3),(2,2),(0.,1.),(0.,0.05),
 .UNSPECIFIED.);
#812=B_SPLINE_SURFACE_WITH_KNOTS('',2,1,((#13022,#13023),(#13024,#13025),
(#13026,#13027)),.UNSPECIFIED.,.F.,.F.,.F.,(3,3),(2,2),(0.,1.),(0.,0.05),
 .UNSPECIFIED.);
#813=B_SPLINE_SURFACE_WITH_KNOTS('',2,1,((#13037,#13038),(#13039,#13040),
(#13041,#13042)),.UNSPECIFIED.,.F.,.F.,.F.,(3,3),(2,2),(0.,1.),(0.,0.05),
 .UNSPECIFIED.);
#814=B_SPLINE_SURFACE_WITH_KNOTS('',2,1,((#13052,#13053),(#13054,#13055),
(#13056,#13057)),.UNSPECIFIED.,.F.,.F.,.F.,(3,3),(2,2),(0.,1.),(0.,0.05),
 .UNSPECIFIED.);
#815=B_SPLINE_SURFACE_WITH_KNOTS('',2,1,((#13067,#13068),(#13069,#13070),
(#13071,#13072)),.UNSPECIFIED.,.F.,.F.,.F.,(3,3),(2,2),(0.,1.),(0.,0.05),
 .UNSPECIFIED.);
#816=B_SPLINE_SURFACE_WITH_KNOTS('',2,1,((#13088,#13089),(#13090,#13091),
(#13092,#13093)),.UNSPECIFIED.,.F.,.F.,.F.,(3,3),(2,2),(0.,1.),(0.,0.05),
 .UNSPECIFIED.);
#817=B_SPLINE_SURFACE_WITH_KNOTS('',2,1,((#13103,#13104),(#13105,#13106),
(#13107,#13108)),.UNSPECIFIED.,.F.,.F.,.F.,(3,3),(2,2),(0.,1.),(0.,0.05),
 .UNSPECIFIED.);
#818=B_SPLINE_SURFACE_WITH_KNOTS('',2,1,((#13118,#13119),(#13120,#13121),
(#13122,#13123)),.UNSPECIFIED.,.F.,.F.,.F.,(3,3),(2,2),(0.,1.),(0.,0.05),
 .UNSPECIFIED.);
#819=B_SPLINE_SURFACE_WITH_KNOTS('',2,1,((#13133,#13134),(#13135,#13136),
(#13137,#13138)),.UNSPECIFIED.,.F.,.F.,.F.,(3,3),(2,2),(0.,1.),(0.,0.05),
 .UNSPECIFIED.);
#820=B_SPLINE_SURFACE_WITH_KNOTS('',2,1,((#13148,#13149),(#13150,#13151),
(#13152,#13153)),.UNSPECIFIED.,.F.,.F.,.F.,(3,3),(2,2),(0.,1.),(0.,0.05),
 .UNSPECIFIED.);
#821=B_SPLINE_SURFACE_WITH_KNOTS('',2,1,((#13163,#13164),(#13165,#13166),
(#13167,#13168)),.UNSPECIFIED.,.F.,.F.,.F.,(3,3),(2,2),(0.,1.),(0.,0.05),
 .UNSPECIFIED.);
#822=B_SPLINE_SURFACE_WITH_KNOTS('',2,1,((#13178,#13179),(#13180,#13181),
(#13182,#13183)),.UNSPECIFIED.,.F.,.F.,.F.,(3,3),(2,2),(0.,1.),(0.,0.05),
 .UNSPECIFIED.);
#823=B_SPLINE_SURFACE_WITH_KNOTS('',2,1,((#13199,#13200),(#13201,#13202),
(#13203,#13204)),.UNSPECIFIED.,.F.,.F.,.F.,(3,3),(2,2),(0.,1.),(0.,0.05),
 .UNSPECIFIED.);
#824=B_SPLINE_SURFACE_WITH_KNOTS('',2,1,((#13214,#13215),(#13216,#13217),
(#13218,#13219)),.UNSPECIFIED.,.F.,.F.,.F.,(3,3),(2,2),(0.,1.),(0.,0.05),
 .UNSPECIFIED.);
#825=B_SPLINE_SURFACE_WITH_KNOTS('',2,1,((#13227,#13228),(#13229,#13230),
(#13231,#13232)),.UNSPECIFIED.,.F.,.F.,.F.,(3,3),(2,2),(0.,1.),(0.,0.05),
 .UNSPECIFIED.);
#826=B_SPLINE_SURFACE_WITH_KNOTS('',2,1,((#13245,#13246),(#13247,#13248),
(#13249,#13250)),.UNSPECIFIED.,.F.,.F.,.F.,(3,3),(2,2),(0.,1.),(0.,0.05),
 .UNSPECIFIED.);
#827=B_SPLINE_SURFACE_WITH_KNOTS('',2,1,((#13266,#13267),(#13268,#13269),
(#13270,#13271)),.UNSPECIFIED.,.F.,.F.,.F.,(3,3),(2,2),(0.,1.),(0.,0.05),
 .UNSPECIFIED.);
#828=B_SPLINE_SURFACE_WITH_KNOTS('',2,1,((#13281,#13282),(#13283,#13284),
(#13285,#13286)),.UNSPECIFIED.,.F.,.F.,.F.,(3,3),(2,2),(0.,1.),(0.,0.05),
 .UNSPECIFIED.);
#829=B_SPLINE_SURFACE_WITH_KNOTS('',2,1,((#13327,#13328),(#13329,#13330),
(#13331,#13332)),.UNSPECIFIED.,.F.,.F.,.F.,(3,3),(2,2),(0.,1.),(0.,0.05),
 .UNSPECIFIED.);
#830=B_SPLINE_SURFACE_WITH_KNOTS('',2,1,((#13342,#13343),(#13344,#13345),
(#13346,#13347)),.UNSPECIFIED.,.F.,.F.,.F.,(3,3),(2,2),(0.,1.),(0.,0.05),
 .UNSPECIFIED.);
#831=B_SPLINE_SURFACE_WITH_KNOTS('',2,1,((#13357,#13358),(#13359,#13360),
(#13361,#13362)),.UNSPECIFIED.,.F.,.F.,.F.,(3,3),(2,2),(0.,1.),(0.,0.05),
 .UNSPECIFIED.);
#832=B_SPLINE_SURFACE_WITH_KNOTS('',2,1,((#13372,#13373),(#13374,#13375),
(#13376,#13377)),.UNSPECIFIED.,.F.,.F.,.F.,(3,3),(2,2),(0.,1.),(0.,0.05),
 .UNSPECIFIED.);
#833=B_SPLINE_SURFACE_WITH_KNOTS('',2,1,((#13387,#13388),(#13389,#13390),
(#13391,#13392)),.UNSPECIFIED.,.F.,.F.,.F.,(3,3),(2,2),(0.,1.),(0.,0.05),
 .UNSPECIFIED.);
#834=B_SPLINE_SURFACE_WITH_KNOTS('',2,1,((#13402,#13403),(#13404,#13405),
(#13406,#13407)),.UNSPECIFIED.,.F.,.F.,.F.,(3,3),(2,2),(0.,1.),(0.,0.05),
 .UNSPECIFIED.);
#835=B_SPLINE_SURFACE_WITH_KNOTS('',2,1,((#13417,#13418),(#13419,#13420),
(#13421,#13422)),.UNSPECIFIED.,.F.,.F.,.F.,(3,3),(2,2),(0.,1.),(0.,0.05),
 .UNSPECIFIED.);
#836=B_SPLINE_SURFACE_WITH_KNOTS('',2,1,((#13450,#13451),(#13452,#13453),
(#13454,#13455)),.UNSPECIFIED.,.F.,.F.,.F.,(3,3),(2,2),(0.,1.),(0.,0.05),
 .UNSPECIFIED.);
#837=B_SPLINE_SURFACE_WITH_KNOTS('',2,1,((#13465,#13466),(#13467,#13468),
(#13469,#13470)),.UNSPECIFIED.,.F.,.F.,.F.,(3,3),(2,2),(0.,1.),(0.,0.05),
 .UNSPECIFIED.);
#838=B_SPLINE_SURFACE_WITH_KNOTS('',2,1,((#13480,#13481),(#13482,#13483),
(#13484,#13485)),.UNSPECIFIED.,.F.,.F.,.F.,(3,3),(2,2),(0.,1.),(0.,0.05),
 .UNSPECIFIED.);
#839=B_SPLINE_SURFACE_WITH_KNOTS('',2,1,((#13495,#13496),(#13497,#13498),
(#13499,#13500)),.UNSPECIFIED.,.F.,.F.,.F.,(3,3),(2,2),(0.,1.),(0.,0.05),
 .UNSPECIFIED.);
#840=B_SPLINE_SURFACE_WITH_KNOTS('',2,1,((#13510,#13511),(#13512,#13513),
(#13514,#13515)),.UNSPECIFIED.,.F.,.F.,.F.,(3,3),(2,2),(0.,1.),(0.,0.05),
 .UNSPECIFIED.);
#841=B_SPLINE_SURFACE_WITH_KNOTS('',2,1,((#13543,#13544),(#13545,#13546),
(#13547,#13548)),.UNSPECIFIED.,.F.,.F.,.F.,(3,3),(2,2),(0.,1.),(0.,0.05),
 .UNSPECIFIED.);
#842=B_SPLINE_SURFACE_WITH_KNOTS('',2,1,((#13558,#13559),(#13560,#13561),
(#13562,#13563)),.UNSPECIFIED.,.F.,.F.,.F.,(3,3),(2,2),(0.,1.),(0.,0.05),
 .UNSPECIFIED.);
#843=B_SPLINE_SURFACE_WITH_KNOTS('',2,1,((#13573,#13574),(#13575,#13576),
(#13577,#13578)),.UNSPECIFIED.,.F.,.F.,.F.,(3,3),(2,2),(0.,1.),(0.,0.05),
 .UNSPECIFIED.);
#844=B_SPLINE_SURFACE_WITH_KNOTS('',2,1,((#13588,#13589),(#13590,#13591),
(#13592,#13593)),.UNSPECIFIED.,.F.,.F.,.F.,(3,3),(2,2),(0.,1.),(0.,0.05),
 .UNSPECIFIED.);
#845=B_SPLINE_SURFACE_WITH_KNOTS('',2,1,((#13603,#13604),(#13605,#13606),
(#13607,#13608)),.UNSPECIFIED.,.F.,.F.,.F.,(3,3),(2,2),(0.,1.),(0.,0.05),
 .UNSPECIFIED.);
#846=B_SPLINE_SURFACE_WITH_KNOTS('',2,1,((#13618,#13619),(#13620,#13621),
(#13622,#13623)),.UNSPECIFIED.,.F.,.F.,.F.,(3,3),(2,2),(0.,1.),(0.,0.05),
 .UNSPECIFIED.);
#847=B_SPLINE_SURFACE_WITH_KNOTS('',2,1,((#13633,#13634),(#13635,#13636),
(#13637,#13638)),.UNSPECIFIED.,.F.,.F.,.F.,(3,3),(2,2),(0.,1.),(0.,0.05),
 .UNSPECIFIED.);
#848=B_SPLINE_SURFACE_WITH_KNOTS('',2,1,((#13648,#13649),(#13650,#13651),
(#13652,#13653)),.UNSPECIFIED.,.F.,.F.,.F.,(3,3),(2,2),(0.,1.),(0.,0.05),
 .UNSPECIFIED.);
#849=B_SPLINE_SURFACE_WITH_KNOTS('',2,1,((#13685,#13686),(#13687,#13688),
(#13689,#13690)),.UNSPECIFIED.,.F.,.F.,.F.,(3,3),(2,2),(0.,1.),(0.,0.05),
 .UNSPECIFIED.);
#850=B_SPLINE_SURFACE_WITH_KNOTS('',2,1,((#13703,#13704),(#13705,#13706),
(#13707,#13708)),.UNSPECIFIED.,.F.,.F.,.F.,(3,3),(2,2),(0.,1.),(0.,0.05),
 .UNSPECIFIED.);
#851=B_SPLINE_SURFACE_WITH_KNOTS('',2,1,((#13718,#13719),(#13720,#13721),
(#13722,#13723)),.UNSPECIFIED.,.F.,.F.,.F.,(3,3),(2,2),(0.,1.),(0.,0.05),
 .UNSPECIFIED.);
#852=B_SPLINE_SURFACE_WITH_KNOTS('',2,1,((#13733,#13734),(#13735,#13736),
(#13737,#13738)),.UNSPECIFIED.,.F.,.F.,.F.,(3,3),(2,2),(0.,1.),(0.,0.05),
 .UNSPECIFIED.);
#853=B_SPLINE_SURFACE_WITH_KNOTS('',2,1,((#13754,#13755),(#13756,#13757),
(#13758,#13759)),.UNSPECIFIED.,.F.,.F.,.F.,(3,3),(2,2),(0.,1.),(0.,0.05),
 .UNSPECIFIED.);
#854=B_SPLINE_SURFACE_WITH_KNOTS('',2,1,((#13769,#13770),(#13771,#13772),
(#13773,#13774)),.UNSPECIFIED.,.F.,.F.,.F.,(3,3),(2,2),(0.,1.),(0.,0.05),
 .UNSPECIFIED.);
#855=B_SPLINE_SURFACE_WITH_KNOTS('',2,1,((#13784,#13785),(#13786,#13787),
(#13788,#13789)),.UNSPECIFIED.,.F.,.F.,.F.,(3,3),(2,2),(0.,1.),(0.,0.05),
 .UNSPECIFIED.);
#856=B_SPLINE_SURFACE_WITH_KNOTS('',2,1,((#13799,#13800),(#13801,#13802),
(#13803,#13804)),.UNSPECIFIED.,.F.,.F.,.F.,(3,3),(2,2),(0.,1.),(0.,0.05),
 .UNSPECIFIED.);
#857=B_SPLINE_SURFACE_WITH_KNOTS('',2,1,((#13878,#13879),(#13880,#13881),
(#13882,#13883)),.UNSPECIFIED.,.F.,.F.,.F.,(3,3),(2,2),(0.,1.),(0.,0.05),
 .UNSPECIFIED.);
#858=B_SPLINE_SURFACE_WITH_KNOTS('',2,1,((#13896,#13897),(#13898,#13899),
(#13900,#13901)),.UNSPECIFIED.,.F.,.F.,.F.,(3,3),(2,2),(0.,1.),(0.,0.05),
 .UNSPECIFIED.);
#859=B_SPLINE_SURFACE_WITH_KNOTS('',2,1,((#13911,#13912),(#13913,#13914),
(#13915,#13916)),.UNSPECIFIED.,.F.,.F.,.F.,(3,3),(2,2),(0.,1.),(0.,0.05),
 .UNSPECIFIED.);
#860=B_SPLINE_SURFACE_WITH_KNOTS('',2,1,((#13926,#13927),(#13928,#13929),
(#13930,#13931)),.UNSPECIFIED.,.F.,.F.,.F.,(3,3),(2,2),(0.,1.),(0.,0.05),
 .UNSPECIFIED.);
#861=B_SPLINE_SURFACE_WITH_KNOTS('',2,1,((#13941,#13942),(#13943,#13944),
(#13945,#13946)),.UNSPECIFIED.,.F.,.F.,.F.,(3,3),(2,2),(0.,1.),(0.,0.05),
 .UNSPECIFIED.);
#862=B_SPLINE_SURFACE_WITH_KNOTS('',2,1,((#13956,#13957),(#13958,#13959),
(#13960,#13961)),.UNSPECIFIED.,.F.,.F.,.F.,(3,3),(2,2),(0.,1.),(0.,0.05),
 .UNSPECIFIED.);
#863=B_SPLINE_SURFACE_WITH_KNOTS('',2,1,((#13971,#13972),(#13973,#13974),
(#13975,#13976)),.UNSPECIFIED.,.F.,.F.,.F.,(3,3),(2,2),(0.,1.),(0.,0.05),
 .UNSPECIFIED.);
#864=B_SPLINE_SURFACE_WITH_KNOTS('',2,1,((#13986,#13987),(#13988,#13989),
(#13990,#13991)),.UNSPECIFIED.,.F.,.F.,.F.,(3,3),(2,2),(0.,1.),(0.,0.05),
 .UNSPECIFIED.);
#865=B_SPLINE_SURFACE_WITH_KNOTS('',2,1,((#14001,#14002),(#14003,#14004),
(#14005,#14006)),.UNSPECIFIED.,.F.,.F.,.F.,(3,3),(2,2),(0.,1.),(0.,0.05),
 .UNSPECIFIED.);
#866=B_SPLINE_SURFACE_WITH_KNOTS('',2,1,((#14013,#14014),(#14015,#14016),
(#14017,#14018)),.UNSPECIFIED.,.F.,.F.,.F.,(3,3),(2,2),(0.,1.),(0.,0.05),
 .UNSPECIFIED.);
#867=B_SPLINE_SURFACE_WITH_KNOTS('',2,1,((#14031,#14032),(#14033,#14034),
(#14035,#14036)),.UNSPECIFIED.,.F.,.F.,.F.,(3,3),(2,2),(0.,1.),(0.,0.05),
 .UNSPECIFIED.);
#868=B_SPLINE_SURFACE_WITH_KNOTS('',2,1,((#14046,#14047),(#14048,#14049),
(#14050,#14051)),.UNSPECIFIED.,.F.,.F.,.F.,(3,3),(2,2),(0.,1.),(0.,0.05),
 .UNSPECIFIED.);
#869=B_SPLINE_SURFACE_WITH_KNOTS('',2,1,((#14061,#14062),(#14063,#14064),
(#14065,#14066)),.UNSPECIFIED.,.F.,.F.,.F.,(3,3),(2,2),(0.,1.),(0.,0.05),
 .UNSPECIFIED.);
#870=B_SPLINE_SURFACE_WITH_KNOTS('',2,1,((#14076,#14077),(#14078,#14079),
(#14080,#14081)),.UNSPECIFIED.,.F.,.F.,.F.,(3,3),(2,2),(0.,1.),(0.,0.05),
 .UNSPECIFIED.);
#871=B_SPLINE_SURFACE_WITH_KNOTS('',2,1,((#14091,#14092),(#14093,#14094),
(#14095,#14096)),.UNSPECIFIED.,.F.,.F.,.F.,(3,3),(2,2),(0.,1.),(0.,0.05),
 .UNSPECIFIED.);
#872=B_SPLINE_SURFACE_WITH_KNOTS('',2,1,((#14106,#14107),(#14108,#14109),
(#14110,#14111)),.UNSPECIFIED.,.F.,.F.,.F.,(3,3),(2,2),(0.,1.),(0.,0.05),
 .UNSPECIFIED.);
#873=B_SPLINE_SURFACE_WITH_KNOTS('',2,1,((#14121,#14122),(#14123,#14124),
(#14125,#14126)),.UNSPECIFIED.,.F.,.F.,.F.,(3,3),(2,2),(0.,1.),(0.,0.05),
 .UNSPECIFIED.);
#874=B_SPLINE_SURFACE_WITH_KNOTS('',2,1,((#14136,#14137),(#14138,#14139),
(#14140,#14141)),.UNSPECIFIED.,.F.,.F.,.F.,(3,3),(2,2),(0.,1.),(0.,0.05),
 .UNSPECIFIED.);
#875=FACE_OUTER_BOUND('',#1312,.T.);
#876=FACE_OUTER_BOUND('',#1313,.T.);
#877=FACE_OUTER_BOUND('',#1314,.T.);
#878=FACE_OUTER_BOUND('',#1315,.T.);
#879=FACE_OUTER_BOUND('',#1316,.T.);
#880=FACE_OUTER_BOUND('',#1317,.T.);
#881=FACE_OUTER_BOUND('',#1318,.T.);
#882=FACE_OUTER_BOUND('',#1319,.T.);
#883=FACE_OUTER_BOUND('',#1320,.T.);
#884=FACE_OUTER_BOUND('',#1321,.T.);
#885=FACE_OUTER_BOUND('',#1322,.T.);
#886=FACE_OUTER_BOUND('',#1323,.T.);
#887=FACE_OUTER_BOUND('',#1324,.T.);
#888=FACE_OUTER_BOUND('',#1325,.T.);
#889=FACE_OUTER_BOUND('',#1326,.T.);
#890=FACE_OUTER_BOUND('',#1327,.T.);
#891=FACE_OUTER_BOUND('',#1328,.T.);
#892=FACE_OUTER_BOUND('',#1329,.T.);
#893=FACE_OUTER_BOUND('',#1330,.T.);
#894=FACE_OUTER_BOUND('',#1331,.T.);
#895=FACE_OUTER_BOUND('',#1332,.T.);
#896=FACE_OUTER_BOUND('',#1333,.T.);
#897=FACE_OUTER_BOUND('',#1334,.T.);
#898=FACE_OUTER_BOUND('',#1335,.T.);
#899=FACE_OUTER_BOUND('',#1336,.T.);
#900=FACE_OUTER_BOUND('',#1337,.T.);
#901=FACE_OUTER_BOUND('',#1338,.T.);
#902=FACE_OUTER_BOUND('',#1339,.T.);
#903=FACE_OUTER_BOUND('',#1340,.T.);
#904=FACE_OUTER_BOUND('',#1341,.T.);
#905=FACE_OUTER_BOUND('',#1342,.T.);
#906=FACE_OUTER_BOUND('',#1343,.T.);
#907=FACE_OUTER_BOUND('',#1344,.T.);
#908=FACE_OUTER_BOUND('',#1345,.T.);
#909=FACE_OUTER_BOUND('',#1346,.T.);
#910=FACE_OUTER_BOUND('',#1347,.T.);
#911=FACE_OUTER_BOUND('',#1348,.T.);
#912=FACE_OUTER_BOUND('',#1349,.T.);
#913=FACE_OUTER_BOUND('',#1351,.T.);
#914=FACE_OUTER_BOUND('',#1352,.T.);
#915=FACE_OUTER_BOUND('',#1353,.T.);
#916=FACE_OUTER_BOUND('',#1354,.T.);
#917=FACE_OUTER_BOUND('',#1355,.T.);
#918=FACE_OUTER_BOUND('',#1356,.T.);
#919=FACE_OUTER_BOUND('',#1357,.T.);
#920=FACE_OUTER_BOUND('',#1358,.T.);
#921=FACE_OUTER_BOUND('',#1359,.T.);
#922=FACE_OUTER_BOUND('',#1360,.T.);
#923=FACE_OUTER_BOUND('',#1361,.T.);
#924=FACE_OUTER_BOUND('',#1362,.T.);
#925=FACE_OUTER_BOUND('',#1363,.T.);
#926=FACE_OUTER_BOUND('',#1364,.T.);
#927=FACE_OUTER_BOUND('',#1365,.T.);
#928=FACE_OUTER_BOUND('',#1366,.T.);
#929=FACE_OUTER_BOUND('',#1367,.T.);
#930=FACE_OUTER_BOUND('',#1368,.T.);
#931=FACE_OUTER_BOUND('',#1369,.T.);
#932=FACE_OUTER_BOUND('',#1370,.T.);
#933=FACE_OUTER_BOUND('',#1371,.T.);
#934=FACE_OUTER_BOUND('',#1372,.T.);
#935=FACE_OUTER_BOUND('',#1373,.T.);
#936=FACE_OUTER_BOUND('',#1374,.T.);
#937=FACE_OUTER_BOUND('',#1375,.T.);
#938=FACE_OUTER_BOUND('',#1376,.T.);
#939=FACE_OUTER_BOUND('',#1377,.T.);
#940=FACE_OUTER_BOUND('',#1378,.T.);
#941=FACE_OUTER_BOUND('',#1379,.T.);
#942=FACE_OUTER_BOUND('',#1380,.T.);
#943=FACE_OUTER_BOUND('',#1381,.T.);
#944=FACE_OUTER_BOUND('',#1382,.T.);
#945=FACE_OUTER_BOUND('',#1383,.T.);
#946=FACE_OUTER_BOUND('',#1384,.T.);
#947=FACE_OUTER_BOUND('',#1385,.T.);
#948=FACE_OUTER_BOUND('',#1386,.T.);
#949=FACE_OUTER_BOUND('',#1387,.T.);
#950=FACE_OUTER_BOUND('',#1388,.T.);
#951=FACE_OUTER_BOUND('',#1389,.T.);
#952=FACE_OUTER_BOUND('',#1390,.T.);
#953=FACE_OUTER_BOUND('',#1391,.T.);
#954=FACE_OUTER_BOUND('',#1392,.T.);
#955=FACE_OUTER_BOUND('',#1393,.T.);
#956=FACE_OUTER_BOUND('',#1394,.T.);
#957=FACE_OUTER_BOUND('',#1395,.T.);
#958=FACE_OUTER_BOUND('',#1396,.T.);
#959=FACE_OUTER_BOUND('',#1397,.T.);
#960=FACE_OUTER_BOUND('',#1398,.T.);
#961=FACE_OUTER_BOUND('',#1399,.T.);
#962=FACE_OUTER_BOUND('',#1400,.T.);
#963=FACE_OUTER_BOUND('',#1401,.T.);
#964=FACE_OUTER_BOUND('',#1402,.T.);
#965=FACE_OUTER_BOUND('',#1403,.T.);
#966=FACE_OUTER_BOUND('',#1404,.T.);
#967=FACE_OUTER_BOUND('',#1405,.T.);
#968=FACE_OUTER_BOUND('',#1406,.T.);
#969=FACE_OUTER_BOUND('',#1407,.T.);
#970=FACE_OUTER_BOUND('',#1408,.T.);
#971=FACE_OUTER_BOUND('',#1409,.T.);
#972=FACE_OUTER_BOUND('',#1410,.T.);
#973=FACE_OUTER_BOUND('',#1411,.T.);
#974=FACE_OUTER_BOUND('',#1412,.T.);
#975=FACE_OUTER_BOUND('',#1413,.T.);
#976=FACE_OUTER_BOUND('',#1414,.T.);
#977=FACE_OUTER_BOUND('',#1415,.T.);
#978=FACE_OUTER_BOUND('',#1416,.T.);
#979=FACE_OUTER_BOUND('',#1417,.T.);
#980=FACE_OUTER_BOUND('',#1418,.T.);
#981=FACE_OUTER_BOUND('',#1419,.T.);
#982=FACE_OUTER_BOUND('',#1420,.T.);
#983=FACE_OUTER_BOUND('',#1421,.T.);
#984=FACE_OUTER_BOUND('',#1422,.T.);
#985=FACE_OUTER_BOUND('',#1423,.T.);
#986=FACE_OUTER_BOUND('',#1424,.T.);
#987=FACE_OUTER_BOUND('',#1425,.T.);
#988=FACE_OUTER_BOUND('',#1426,.T.);
#989=FACE_OUTER_BOUND('',#1427,.T.);
#990=FACE_OUTER_BOUND('',#1428,.T.);
#991=FACE_OUTER_BOUND('',#1429,.T.);
#992=FACE_OUTER_BOUND('',#1430,.T.);
#993=FACE_OUTER_BOUND('',#1431,.T.);
#994=FACE_OUTER_BOUND('',#1432,.T.);
#995=FACE_OUTER_BOUND('',#1433,.T.);
#996=FACE_OUTER_BOUND('',#1434,.T.);
#997=FACE_OUTER_BOUND('',#1435,.T.);
#998=FACE_OUTER_BOUND('',#1436,.T.);
#999=FACE_OUTER_BOUND('',#1437,.T.);
#1000=FACE_OUTER_BOUND('',#1438,.T.);
#1001=FACE_OUTER_BOUND('',#1439,.T.);
#1002=FACE_OUTER_BOUND('',#1440,.T.);
#1003=FACE_OUTER_BOUND('',#1441,.T.);
#1004=FACE_OUTER_BOUND('',#1442,.T.);
#1005=FACE_OUTER_BOUND('',#1443,.T.);
#1006=FACE_OUTER_BOUND('',#1444,.T.);
#1007=FACE_OUTER_BOUND('',#1445,.T.);
#1008=FACE_OUTER_BOUND('',#1446,.T.);
#1009=FACE_OUTER_BOUND('',#1447,.T.);
#1010=FACE_OUTER_BOUND('',#1448,.T.);
#1011=FACE_OUTER_BOUND('',#1449,.T.);
#1012=FACE_OUTER_BOUND('',#1450,.T.);
#1013=FACE_OUTER_BOUND('',#1451,.T.);
#1014=FACE_OUTER_BOUND('',#1452,.T.);
#1015=FACE_OUTER_BOUND('',#1453,.T.);
#1016=FACE_OUTER_BOUND('',#1454,.T.);
#1017=FACE_OUTER_BOUND('',#1456,.T.);
#1018=FACE_OUTER_BOUND('',#1457,.T.);
#1019=FACE_OUTER_BOUND('',#1458,.T.);
#1020=FACE_OUTER_BOUND('',#1459,.T.);
#1021=FACE_OUTER_BOUND('',#1460,.T.);
#1022=FACE_OUTER_BOUND('',#1461,.T.);
#1023=FACE_OUTER_BOUND('',#1462,.T.);
#1024=FACE_OUTER_BOUND('',#1463,.T.);
#1025=FACE_OUTER_BOUND('',#1464,.T.);
#1026=FACE_OUTER_BOUND('',#1465,.T.);
#1027=FACE_OUTER_BOUND('',#1466,.T.);
#1028=FACE_OUTER_BOUND('',#1467,.T.);
#1029=FACE_OUTER_BOUND('',#1468,.T.);
#1030=FACE_OUTER_BOUND('',#1469,.T.);
#1031=FACE_OUTER_BOUND('',#1470,.T.);
#1032=FACE_OUTER_BOUND('',#1471,.T.);
#1033=FACE_OUTER_BOUND('',#1472,.T.);
#1034=FACE_OUTER_BOUND('',#1473,.T.);
#1035=FACE_OUTER_BOUND('',#1474,.T.);
#1036=FACE_OUTER_BOUND('',#1475,.T.);
#1037=FACE_OUTER_BOUND('',#1476,.T.);
#1038=FACE_OUTER_BOUND('',#1477,.T.);
#1039=FACE_OUTER_BOUND('',#1478,.T.);
#1040=FACE_OUTER_BOUND('',#1479,.T.);
#1041=FACE_OUTER_BOUND('',#1480,.T.);
#1042=FACE_OUTER_BOUND('',#1481,.T.);
#1043=FACE_OUTER_BOUND('',#1482,.T.);
#1044=FACE_OUTER_BOUND('',#1483,.T.);
#1045=FACE_OUTER_BOUND('',#1484,.T.);
#1046=FACE_OUTER_BOUND('',#1485,.T.);
#1047=FACE_OUTER_BOUND('',#1486,.T.);
#1048=FACE_OUTER_BOUND('',#1487,.T.);
#1049=FACE_OUTER_BOUND('',#1488,.T.);
#1050=FACE_OUTER_BOUND('',#1489,.T.);
#1051=FACE_OUTER_BOUND('',#1490,.T.);
#1052=FACE_OUTER_BOUND('',#1491,.T.);
#1053=FACE_OUTER_BOUND('',#1492,.T.);
#1054=FACE_OUTER_BOUND('',#1493,.T.);
#1055=FACE_OUTER_BOUND('',#1494,.T.);
#1056=FACE_OUTER_BOUND('',#1495,.T.);
#1057=FACE_OUTER_BOUND('',#1496,.T.);
#1058=FACE_OUTER_BOUND('',#1497,.T.);
#1059=FACE_OUTER_BOUND('',#1498,.T.);
#1060=FACE_OUTER_BOUND('',#1499,.T.);
#1061=FACE_OUTER_BOUND('',#1500,.T.);
#1062=FACE_OUTER_BOUND('',#1501,.T.);
#1063=FACE_OUTER_BOUND('',#1502,.T.);
#1064=FACE_OUTER_BOUND('',#1503,.T.);
#1065=FACE_OUTER_BOUND('',#1504,.T.);
#1066=FACE_OUTER_BOUND('',#1505,.T.);
#1067=FACE_OUTER_BOUND('',#1506,.T.);
#1068=FACE_OUTER_BOUND('',#1507,.T.);
#1069=FACE_OUTER_BOUND('',#1508,.T.);
#1070=FACE_OUTER_BOUND('',#1509,.T.);
#1071=FACE_OUTER_BOUND('',#1510,.T.);
#1072=FACE_OUTER_BOUND('',#1511,.T.);
#1073=FACE_OUTER_BOUND('',#1512,.T.);
#1074=FACE_OUTER_BOUND('',#1513,.T.);
#1075=FACE_OUTER_BOUND('',#1514,.T.);
#1076=FACE_OUTER_BOUND('',#1515,.T.);
#1077=FACE_OUTER_BOUND('',#1516,.T.);
#1078=FACE_OUTER_BOUND('',#1517,.T.);
#1079=FACE_OUTER_BOUND('',#1518,.T.);
#1080=FACE_OUTER_BOUND('',#1519,.T.);
#1081=FACE_OUTER_BOUND('',#1520,.T.);
#1082=FACE_OUTER_BOUND('',#1521,.T.);
#1083=FACE_OUTER_BOUND('',#1522,.T.);
#1084=FACE_OUTER_BOUND('',#1523,.T.);
#1085=FACE_OUTER_BOUND('',#1524,.T.);
#1086=FACE_OUTER_BOUND('',#1525,.T.);
#1087=FACE_OUTER_BOUND('',#1526,.T.);
#1088=FACE_OUTER_BOUND('',#1527,.T.);
#1089=FACE_OUTER_BOUND('',#1528,.T.);
#1090=FACE_OUTER_BOUND('',#1529,.T.);
#1091=FACE_OUTER_BOUND('',#1530,.T.);
#1092=FACE_OUTER_BOUND('',#1531,.T.);
#1093=FACE_OUTER_BOUND('',#1532,.T.);
#1094=FACE_OUTER_BOUND('',#1534,.T.);
#1095=FACE_OUTER_BOUND('',#1535,.T.);
#1096=FACE_OUTER_BOUND('',#1536,.T.);
#1097=FACE_OUTER_BOUND('',#1537,.T.);
#1098=FACE_OUTER_BOUND('',#1538,.T.);
#1099=FACE_OUTER_BOUND('',#1539,.T.);
#1100=FACE_OUTER_BOUND('',#1540,.T.);
#1101=FACE_OUTER_BOUND('',#1541,.T.);
#1102=FACE_OUTER_BOUND('',#1542,.T.);
#1103=FACE_OUTER_BOUND('',#1543,.T.);
#1104=FACE_OUTER_BOUND('',#1544,.T.);
#1105=FACE_OUTER_BOUND('',#1545,.T.);
#1106=FACE_OUTER_BOUND('',#1546,.T.);
#1107=FACE_OUTER_BOUND('',#1547,.T.);
#1108=FACE_OUTER_BOUND('',#1548,.T.);
#1109=FACE_OUTER_BOUND('',#1549,.T.);
#1110=FACE_OUTER_BOUND('',#1550,.T.);
#1111=FACE_OUTER_BOUND('',#1551,.T.);
#1112=FACE_OUTER_BOUND('',#1552,.T.);
#1113=FACE_OUTER_BOUND('',#1553,.T.);
#1114=FACE_OUTER_BOUND('',#1554,.T.);
#1115=FACE_OUTER_BOUND('',#1555,.T.);
#1116=FACE_OUTER_BOUND('',#1556,.T.);
#1117=FACE_OUTER_BOUND('',#1557,.T.);
#1118=FACE_OUTER_BOUND('',#1558,.T.);
#1119=FACE_OUTER_BOUND('',#1559,.T.);
#1120=FACE_OUTER_BOUND('',#1560,.T.);
#1121=FACE_OUTER_BOUND('',#1561,.T.);
#1122=FACE_OUTER_BOUND('',#1562,.T.);
#1123=FACE_OUTER_BOUND('',#1564,.T.);
#1124=FACE_OUTER_BOUND('',#1565,.T.);
#1125=FACE_OUTER_BOUND('',#1566,.T.);
#1126=FACE_OUTER_BOUND('',#1567,.T.);
#1127=FACE_OUTER_BOUND('',#1568,.T.);
#1128=FACE_OUTER_BOUND('',#1569,.T.);
#1129=FACE_OUTER_BOUND('',#1570,.T.);
#1130=FACE_OUTER_BOUND('',#1571,.T.);
#1131=FACE_OUTER_BOUND('',#1572,.T.);
#1132=FACE_OUTER_BOUND('',#1573,.T.);
#1133=FACE_OUTER_BOUND('',#1574,.T.);
#1134=FACE_OUTER_BOUND('',#1575,.T.);
#1135=FACE_OUTER_BOUND('',#1576,.T.);
#1136=FACE_OUTER_BOUND('',#1577,.T.);
#1137=FACE_OUTER_BOUND('',#1578,.T.);
#1138=FACE_OUTER_BOUND('',#1579,.T.);
#1139=FACE_OUTER_BOUND('',#1580,.T.);
#1140=FACE_OUTER_BOUND('',#1581,.T.);
#1141=FACE_OUTER_BOUND('',#1582,.T.);
#1142=FACE_OUTER_BOUND('',#1583,.T.);
#1143=FACE_OUTER_BOUND('',#1584,.T.);
#1144=FACE_OUTER_BOUND('',#1585,.T.);
#1145=FACE_OUTER_BOUND('',#1587,.T.);
#1146=FACE_OUTER_BOUND('',#1588,.T.);
#1147=FACE_OUTER_BOUND('',#1589,.T.);
#1148=FACE_OUTER_BOUND('',#1590,.T.);
#1149=FACE_OUTER_BOUND('',#1591,.T.);
#1150=FACE_OUTER_BOUND('',#1592,.T.);
#1151=FACE_OUTER_BOUND('',#1593,.T.);
#1152=FACE_OUTER_BOUND('',#1594,.T.);
#1153=FACE_OUTER_BOUND('',#1595,.T.);
#1154=FACE_OUTER_BOUND('',#1596,.T.);
#1155=FACE_OUTER_BOUND('',#1597,.T.);
#1156=FACE_OUTER_BOUND('',#1598,.T.);
#1157=FACE_OUTER_BOUND('',#1599,.T.);
#1158=FACE_OUTER_BOUND('',#1600,.T.);
#1159=FACE_OUTER_BOUND('',#1601,.T.);
#1160=FACE_OUTER_BOUND('',#1602,.T.);
#1161=FACE_OUTER_BOUND('',#1603,.T.);
#1162=FACE_OUTER_BOUND('',#1604,.T.);
#1163=FACE_OUTER_BOUND('',#1605,.T.);
#1164=FACE_OUTER_BOUND('',#1606,.T.);
#1165=FACE_OUTER_BOUND('',#1607,.T.);
#1166=FACE_OUTER_BOUND('',#1609,.T.);
#1167=FACE_OUTER_BOUND('',#1610,.T.);
#1168=FACE_OUTER_BOUND('',#1611,.T.);
#1169=FACE_OUTER_BOUND('',#1612,.T.);
#1170=FACE_OUTER_BOUND('',#1613,.T.);
#1171=FACE_OUTER_BOUND('',#1614,.T.);
#1172=FACE_OUTER_BOUND('',#1615,.T.);
#1173=FACE_OUTER_BOUND('',#1616,.T.);
#1174=FACE_OUTER_BOUND('',#1617,.T.);
#1175=FACE_OUTER_BOUND('',#1618,.T.);
#1176=FACE_OUTER_BOUND('',#1619,.T.);
#1177=FACE_OUTER_BOUND('',#1620,.T.);
#1178=FACE_OUTER_BOUND('',#1621,.T.);
#1179=FACE_OUTER_BOUND('',#1622,.T.);
#1180=FACE_OUTER_BOUND('',#1623,.T.);
#1181=FACE_OUTER_BOUND('',#1624,.T.);
#1182=FACE_OUTER_BOUND('',#1625,.T.);
#1183=FACE_OUTER_BOUND('',#1626,.T.);
#1184=FACE_OUTER_BOUND('',#1627,.T.);
#1185=FACE_OUTER_BOUND('',#1628,.T.);
#1186=FACE_OUTER_BOUND('',#1629,.T.);
#1187=FACE_OUTER_BOUND('',#1630,.T.);
#1188=FACE_OUTER_BOUND('',#1631,.T.);
#1189=FACE_OUTER_BOUND('',#1632,.T.);
#1190=FACE_OUTER_BOUND('',#1633,.T.);
#1191=FACE_OUTER_BOUND('',#1634,.T.);
#1192=FACE_OUTER_BOUND('',#1635,.T.);
#1193=FACE_OUTER_BOUND('',#1636,.T.);
#1194=FACE_OUTER_BOUND('',#1637,.T.);
#1195=FACE_OUTER_BOUND('',#1638,.T.);
#1196=FACE_OUTER_BOUND('',#1639,.T.);
#1197=FACE_OUTER_BOUND('',#1640,.T.);
#1198=FACE_OUTER_BOUND('',#1641,.T.);
#1199=FACE_OUTER_BOUND('',#1642,.T.);
#1200=FACE_OUTER_BOUND('',#1643,.T.);
#1201=FACE_OUTER_BOUND('',#1644,.T.);
#1202=FACE_OUTER_BOUND('',#1645,.T.);
#1203=FACE_OUTER_BOUND('',#1646,.T.);
#1204=FACE_OUTER_BOUND('',#1647,.T.);
#1205=FACE_OUTER_BOUND('',#1648,.T.);
#1206=FACE_OUTER_BOUND('',#1649,.T.);
#1207=FACE_OUTER_BOUND('',#1650,.T.);
#1208=FACE_OUTER_BOUND('',#1651,.T.);
#1209=FACE_OUTER_BOUND('',#1652,.T.);
#1210=FACE_OUTER_BOUND('',#1653,.T.);
#1211=FACE_OUTER_BOUND('',#1654,.T.);
#1212=FACE_OUTER_BOUND('',#1655,.T.);
#1213=FACE_OUTER_BOUND('',#1656,.T.);
#1214=FACE_OUTER_BOUND('',#1657,.T.);
#1215=FACE_OUTER_BOUND('',#1658,.T.);
#1216=FACE_OUTER_BOUND('',#1659,.T.);
#1217=FACE_OUTER_BOUND('',#1660,.T.);
#1218=FACE_OUTER_BOUND('',#1661,.T.);
#1219=FACE_OUTER_BOUND('',#1662,.T.);
#1220=FACE_OUTER_BOUND('',#1663,.T.);
#1221=FACE_OUTER_BOUND('',#1664,.T.);
#1222=FACE_OUTER_BOUND('',#1665,.T.);
#1223=FACE_OUTER_BOUND('',#1666,.T.);
#1224=FACE_OUTER_BOUND('',#1667,.T.);
#1225=FACE_OUTER_BOUND('',#1668,.T.);
#1226=FACE_OUTER_BOUND('',#1669,.T.);
#1227=FACE_OUTER_BOUND('',#1670,.T.);
#1228=FACE_OUTER_BOUND('',#1671,.T.);
#1229=FACE_OUTER_BOUND('',#1672,.T.);
#1230=FACE_OUTER_BOUND('',#1673,.T.);
#1231=FACE_OUTER_BOUND('',#1674,.T.);
#1232=FACE_OUTER_BOUND('',#1675,.T.);
#1233=FACE_OUTER_BOUND('',#1676,.T.);
#1234=FACE_OUTER_BOUND('',#1677,.T.);
#1235=FACE_OUTER_BOUND('',#1678,.T.);
#1236=FACE_OUTER_BOUND('',#1679,.T.);
#1237=FACE_OUTER_BOUND('',#1680,.T.);
#1238=FACE_OUTER_BOUND('',#1681,.T.);
#1239=FACE_OUTER_BOUND('',#1682,.T.);
#1240=FACE_OUTER_BOUND('',#1683,.T.);
#1241=FACE_OUTER_BOUND('',#1684,.T.);
#1242=FACE_OUTER_BOUND('',#1685,.T.);
#1243=FACE_OUTER_BOUND('',#1686,.T.);
#1244=FACE_OUTER_BOUND('',#1687,.T.);
#1245=FACE_OUTER_BOUND('',#1688,.T.);
#1246=FACE_OUTER_BOUND('',#1689,.T.);
#1247=FACE_OUTER_BOUND('',#1690,.T.);
#1248=FACE_OUTER_BOUND('',#1691,.T.);
#1249=FACE_OUTER_BOUND('',#1692,.T.);
#1250=FACE_OUTER_BOUND('',#1693,.T.);
#1251=FACE_OUTER_BOUND('',#1694,.T.);
#1252=FACE_OUTER_BOUND('',#1695,.T.);
#1253=FACE_OUTER_BOUND('',#1696,.T.);
#1254=FACE_OUTER_BOUND('',#1697,.T.);
#1255=FACE_OUTER_BOUND('',#1698,.T.);
#1256=FACE_OUTER_BOUND('',#1699,.T.);
#1257=FACE_OUTER_BOUND('',#1700,.T.);
#1258=FACE_OUTER_BOUND('',#1701,.T.);
#1259=FACE_OUTER_BOUND('',#1702,.T.);
#1260=FACE_OUTER_BOUND('',#1703,.T.);
#1261=FACE_OUTER_BOUND('',#1704,.T.);
#1262=FACE_OUTER_BOUND('',#1705,.T.);
#1263=FACE_OUTER_BOUND('',#1706,.T.);
#1264=FACE_OUTER_BOUND('',#1707,.T.);
#1265=FACE_OUTER_BOUND('',#1708,.T.);
#1266=FACE_OUTER_BOUND('',#1709,.T.);
#1267=FACE_OUTER_BOUND('',#1710,.T.);
#1268=FACE_OUTER_BOUND('',#1711,.T.);
#1269=FACE_OUTER_BOUND('',#1712,.T.);
#1270=FACE_OUTER_BOUND('',#1713,.T.);
#1271=FACE_OUTER_BOUND('',#1714,.T.);
#1272=FACE_OUTER_BOUND('',#1715,.T.);
#1273=FACE_OUTER_BOUND('',#1716,.T.);
#1274=FACE_OUTER_BOUND('',#1717,.T.);
#1275=FACE_OUTER_BOUND('',#1718,.T.);
#1276=FACE_OUTER_BOUND('',#1719,.T.);
#1277=FACE_OUTER_BOUND('',#1720,.T.);
#1278=FACE_OUTER_BOUND('',#1721,.T.);
#1279=FACE_OUTER_BOUND('',#1722,.T.);
#1280=FACE_OUTER_BOUND('',#1723,.T.);
#1281=FACE_OUTER_BOUND('',#1724,.T.);
#1282=FACE_OUTER_BOUND('',#1725,.T.);
#1283=FACE_OUTER_BOUND('',#1726,.T.);
#1284=FACE_OUTER_BOUND('',#1727,.T.);
#1285=FACE_OUTER_BOUND('',#1728,.T.);
#1286=FACE_OUTER_BOUND('',#1729,.T.);
#1287=FACE_OUTER_BOUND('',#1730,.T.);
#1288=FACE_OUTER_BOUND('',#1731,.T.);
#1289=FACE_OUTER_BOUND('',#1733,.T.);
#1290=FACE_OUTER_BOUND('',#1734,.T.);
#1291=FACE_OUTER_BOUND('',#1735,.T.);
#1292=FACE_OUTER_BOUND('',#1736,.T.);
#1293=FACE_OUTER_BOUND('',#1737,.T.);
#1294=FACE_OUTER_BOUND('',#1738,.T.);
#1295=FACE_OUTER_BOUND('',#1739,.T.);
#1296=FACE_OUTER_BOUND('',#1740,.T.);
#1297=FACE_OUTER_BOUND('',#1741,.T.);
#1298=FACE_OUTER_BOUND('',#1742,.T.);
#1299=FACE_OUTER_BOUND('',#1743,.T.);
#1300=FACE_OUTER_BOUND('',#1744,.T.);
#1301=FACE_OUTER_BOUND('',#1745,.T.);
#1302=FACE_OUTER_BOUND('',#1746,.T.);
#1303=FACE_OUTER_BOUND('',#1747,.T.);
#1304=FACE_OUTER_BOUND('',#1748,.T.);
#1305=FACE_OUTER_BOUND('',#1749,.T.);
#1306=FACE_OUTER_BOUND('',#1750,.T.);
#1307=FACE_OUTER_BOUND('',#1751,.T.);
#1308=FACE_OUTER_BOUND('',#1752,.T.);
#1309=FACE_OUTER_BOUND('',#1753,.T.);
#1310=FACE_OUTER_BOUND('',#1754,.T.);
#1311=FACE_OUTER_BOUND('',#1777,.T.);
#1312=EDGE_LOOP('',(#5110,#5111,#5112,#5113));
#1313=EDGE_LOOP('',(#5114,#5115,#5116,#5117));
#1314=EDGE_LOOP('',(#5118,#5119,#5120,#5121));
#1315=EDGE_LOOP('',(#5122,#5123,#5124,#5125));
#1316=EDGE_LOOP('',(#5126,#5127,#5128,#5129));
#1317=EDGE_LOOP('',(#5130,#5131,#5132,#5133));
#1318=EDGE_LOOP('',(#5134,#5135,#5136,#5137));
#1319=EDGE_LOOP('',(#5138,#5139,#5140,#5141));
#1320=EDGE_LOOP('',(#5142,#5143,#5144,#5145));
#1321=EDGE_LOOP('',(#5146,#5147,#5148,#5149));
#1322=EDGE_LOOP('',(#5150,#5151,#5152,#5153));
#1323=EDGE_LOOP('',(#5154,#5155,#5156,#5157));
#1324=EDGE_LOOP('',(#5158,#5159,#5160,#5161));
#1325=EDGE_LOOP('',(#5162,#5163,#5164,#5165));
#1326=EDGE_LOOP('',(#5166,#5167,#5168,#5169));
#1327=EDGE_LOOP('',(#5170,#5171,#5172,#5173));
#1328=EDGE_LOOP('',(#5174,#5175,#5176,#5177));
#1329=EDGE_LOOP('',(#5178,#5179,#5180,#5181));
#1330=EDGE_LOOP('',(#5182,#5183,#5184,#5185));
#1331=EDGE_LOOP('',(#5186,#5187,#5188,#5189));
#1332=EDGE_LOOP('',(#5190,#5191,#5192,#5193));
#1333=EDGE_LOOP('',(#5194,#5195,#5196,#5197));
#1334=EDGE_LOOP('',(#5198,#5199,#5200,#5201));
#1335=EDGE_LOOP('',(#5202,#5203,#5204,#5205));
#1336=EDGE_LOOP('',(#5206,#5207,#5208,#5209));
#1337=EDGE_LOOP('',(#5210,#5211,#5212,#5213));
#1338=EDGE_LOOP('',(#5214,#5215,#5216,#5217));
#1339=EDGE_LOOP('',(#5218,#5219,#5220,#5221));
#1340=EDGE_LOOP('',(#5222,#5223,#5224,#5225));
#1341=EDGE_LOOP('',(#5226,#5227,#5228,#5229));
#1342=EDGE_LOOP('',(#5230,#5231,#5232,#5233));
#1343=EDGE_LOOP('',(#5234,#5235,#5236,#5237));
#1344=EDGE_LOOP('',(#5238,#5239,#5240,#5241));
#1345=EDGE_LOOP('',(#5242,#5243,#5244,#5245));
#1346=EDGE_LOOP('',(#5246,#5247,#5248,#5249));
#1347=EDGE_LOOP('',(#5250,#5251,#5252,#5253));
#1348=EDGE_LOOP('',(#5254,#5255,#5256,#5257));
#1349=EDGE_LOOP('',(#5258,#5259,#5260,#5261,#5262,#5263,#5264,#5265,#5266,
#5267,#5268,#5269,#5270,#5271,#5272,#5273,#5274,#5275,#5276,#5277,#5278,
#5279,#5280));
#1350=EDGE_LOOP('',(#5281,#5282,#5283,#5284,#5285,#5286,#5287,#5288,#5289));
#1351=EDGE_LOOP('',(#5290,#5291,#5292,#5293));
#1352=EDGE_LOOP('',(#5294,#5295,#5296,#5297));
#1353=EDGE_LOOP('',(#5298,#5299,#5300,#5301));
#1354=EDGE_LOOP('',(#5302,#5303,#5304,#5305));
#1355=EDGE_LOOP('',(#5306,#5307,#5308,#5309));
#1356=EDGE_LOOP('',(#5310,#5311,#5312,#5313));
#1357=EDGE_LOOP('',(#5314,#5315,#5316,#5317));
#1358=EDGE_LOOP('',(#5318,#5319,#5320,#5321));
#1359=EDGE_LOOP('',(#5322,#5323,#5324,#5325));
#1360=EDGE_LOOP('',(#5326,#5327,#5328,#5329));
#1361=EDGE_LOOP('',(#5330,#5331,#5332,#5333));
#1362=EDGE_LOOP('',(#5334,#5335,#5336,#5337));
#1363=EDGE_LOOP('',(#5338,#5339,#5340,#5341));
#1364=EDGE_LOOP('',(#5342,#5343,#5344,#5345));
#1365=EDGE_LOOP('',(#5346,#5347,#5348,#5349));
#1366=EDGE_LOOP('',(#5350,#5351,#5352,#5353));
#1367=EDGE_LOOP('',(#5354,#5355,#5356,#5357));
#1368=EDGE_LOOP('',(#5358,#5359,#5360,#5361));
#1369=EDGE_LOOP('',(#5362,#5363,#5364,#5365));
#1370=EDGE_LOOP('',(#5366,#5367,#5368,#5369,#5370,#5371,#5372,#5373,#5374,
#5375,#5376,#5377,#5378,#5379,#5380,#5381,#5382,#5383,#5384));
#1371=EDGE_LOOP('',(#5385,#5386,#5387,#5388));
#1372=EDGE_LOOP('',(#5389,#5390,#5391,#5392));
#1373=EDGE_LOOP('',(#5393,#5394,#5395,#5396));
#1374=EDGE_LOOP('',(#5397,#5398,#5399,#5400));
#1375=EDGE_LOOP('',(#5401,#5402,#5403,#5404));
#1376=EDGE_LOOP('',(#5405,#5406,#5407,#5408));
#1377=EDGE_LOOP('',(#5409,#5410,#5411,#5412));
#1378=EDGE_LOOP('',(#5413,#5414,#5415,#5416));
#1379=EDGE_LOOP('',(#5417,#5418,#5419,#5420));
#1380=EDGE_LOOP('',(#5421,#5422,#5423,#5424));
#1381=EDGE_LOOP('',(#5425,#5426,#5427,#5428));
#1382=EDGE_LOOP('',(#5429,#5430,#5431,#5432));
#1383=EDGE_LOOP('',(#5433,#5434,#5435,#5436));
#1384=EDGE_LOOP('',(#5437,#5438,#5439,#5440));
#1385=EDGE_LOOP('',(#5441,#5442,#5443,#5444));
#1386=EDGE_LOOP('',(#5445,#5446,#5447,#5448));
#1387=EDGE_LOOP('',(#5449,#5450,#5451,#5452));
#1388=EDGE_LOOP('',(#5453,#5454,#5455,#5456));
#1389=EDGE_LOOP('',(#5457,#5458,#5459,#5460));
#1390=EDGE_LOOP('',(#5461,#5462,#5463,#5464));
#1391=EDGE_LOOP('',(#5465,#5466,#5467,#5468));
#1392=EDGE_LOOP('',(#5469,#5470,#5471,#5472));
#1393=EDGE_LOOP('',(#5473,#5474,#5475,#5476));
#1394=EDGE_LOOP('',(#5477,#5478,#5479,#5480,#5481,#5482,#5483,#5484,#5485,
#5486,#5487,#5488,#5489,#5490,#5491,#5492,#5493,#5494,#5495,#5496,#5497,
#5498,#5499));
#1395=EDGE_LOOP('',(#5500,#5501,#5502,#5503));
#1396=EDGE_LOOP('',(#5504,#5505,#5506,#5507));
#1397=EDGE_LOOP('',(#5508,#5509,#5510,#5511));
#1398=EDGE_LOOP('',(#5512,#5513,#5514,#5515));
#1399=EDGE_LOOP('',(#5516,#5517,#5518,#5519));
#1400=EDGE_LOOP('',(#5520,#5521,#5522,#5523));
#1401=EDGE_LOOP('',(#5524,#5525,#5526,#5527));
#1402=EDGE_LOOP('',(#5528,#5529,#5530,#5531));
#1403=EDGE_LOOP('',(#5532,#5533,#5534,#5535));
#1404=EDGE_LOOP('',(#5536,#5537,#5538,#5539));
#1405=EDGE_LOOP('',(#5540,#5541,#5542,#5543));
#1406=EDGE_LOOP('',(#5544,#5545,#5546,#5547));
#1407=EDGE_LOOP('',(#5548,#5549,#5550,#5551));
#1408=EDGE_LOOP('',(#5552,#5553,#5554,#5555));
#1409=EDGE_LOOP('',(#5556,#5557,#5558,#5559));
#1410=EDGE_LOOP('',(#5560,#5561,#5562,#5563));
#1411=EDGE_LOOP('',(#5564,#5565,#5566,#5567));
#1412=EDGE_LOOP('',(#5568,#5569,#5570,#5571,#5572,#5573,#5574,#5575,#5576,
#5577,#5578,#5579));
#1413=EDGE_LOOP('',(#5580,#5581,#5582,#5583));
#1414=EDGE_LOOP('',(#5584,#5585,#5586,#5587));
#1415=EDGE_LOOP('',(#5588,#5589,#5590,#5591));
#1416=EDGE_LOOP('',(#5592,#5593,#5594,#5595));
#1417=EDGE_LOOP('',(#5596,#5597,#5598,#5599));
#1418=EDGE_LOOP('',(#5600,#5601,#5602,#5603));
#1419=EDGE_LOOP('',(#5604,#5605,#5606,#5607));
#1420=EDGE_LOOP('',(#5608,#5609,#5610,#5611));
#1421=EDGE_LOOP('',(#5612,#5613,#5614,#5615,#5616,#5617,#5618,#5619));
#1422=EDGE_LOOP('',(#5620,#5621,#5622,#5623));
#1423=EDGE_LOOP('',(#5624,#5625,#5626,#5627));
#1424=EDGE_LOOP('',(#5628,#5629,#5630,#5631));
#1425=EDGE_LOOP('',(#5632,#5633,#5634,#5635));
#1426=EDGE_LOOP('',(#5636,#5637,#5638,#5639));
#1427=EDGE_LOOP('',(#5640,#5641,#5642,#5643));
#1428=EDGE_LOOP('',(#5644,#5645,#5646,#5647));
#1429=EDGE_LOOP('',(#5648,#5649,#5650,#5651));
#1430=EDGE_LOOP('',(#5652,#5653,#5654,#5655));
#1431=EDGE_LOOP('',(#5656,#5657,#5658,#5659));
#1432=EDGE_LOOP('',(#5660,#5661,#5662,#5663));
#1433=EDGE_LOOP('',(#5664,#5665,#5666,#5667));
#1434=EDGE_LOOP('',(#5668,#5669,#5670,#5671));
#1435=EDGE_LOOP('',(#5672,#5673,#5674,#5675));
#1436=EDGE_LOOP('',(#5676,#5677,#5678,#5679));
#1437=EDGE_LOOP('',(#5680,#5681,#5682,#5683));
#1438=EDGE_LOOP('',(#5684,#5685,#5686,#5687));
#1439=EDGE_LOOP('',(#5688,#5689,#5690,#5691));
#1440=EDGE_LOOP('',(#5692,#5693,#5694,#5695));
#1441=EDGE_LOOP('',(#5696,#5697,#5698,#5699));
#1442=EDGE_LOOP('',(#5700,#5701,#5702,#5703));
#1443=EDGE_LOOP('',(#5704,#5705,#5706,#5707));
#1444=EDGE_LOOP('',(#5708,#5709,#5710,#5711));
#1445=EDGE_LOOP('',(#5712,#5713,#5714,#5715));
#1446=EDGE_LOOP('',(#5716,#5717,#5718,#5719));
#1447=EDGE_LOOP('',(#5720,#5721,#5722,#5723));
#1448=EDGE_LOOP('',(#5724,#5725,#5726,#5727));
#1449=EDGE_LOOP('',(#5728,#5729,#5730,#5731));
#1450=EDGE_LOOP('',(#5732,#5733,#5734,#5735));
#1451=EDGE_LOOP('',(#5736,#5737,#5738,#5739));
#1452=EDGE_LOOP('',(#5740,#5741,#5742,#5743));
#1453=EDGE_LOOP('',(#5744,#5745,#5746,#5747));
#1454=EDGE_LOOP('',(#5748,#5749,#5750,#5751,#5752,#5753,#5754,#5755,#5756,
#5757,#5758,#5759,#5760,#5761,#5762,#5763,#5764,#5765,#5766,#5767,#5768,
#5769,#5770));
#1455=EDGE_LOOP('',(#5771,#5772,#5773,#5774,#5775,#5776,#5777,#5778,#5779));
#1456=EDGE_LOOP('',(#5780,#5781,#5782,#5783));
#1457=EDGE_LOOP('',(#5784,#5785,#5786,#5787));
#1458=EDGE_LOOP('',(#5788,#5789,#5790,#5791));
#1459=EDGE_LOOP('',(#5792,#5793,#5794,#5795));
#1460=EDGE_LOOP('',(#5796,#5797,#5798,#5799));
#1461=EDGE_LOOP('',(#5800,#5801,#5802,#5803));
#1462=EDGE_LOOP('',(#5804,#5805,#5806,#5807));
#1463=EDGE_LOOP('',(#5808,#5809,#5810,#5811));
#1464=EDGE_LOOP('',(#5812,#5813,#5814,#5815));
#1465=EDGE_LOOP('',(#5816,#5817,#5818,#5819));
#1466=EDGE_LOOP('',(#5820,#5821,#5822,#5823));
#1467=EDGE_LOOP('',(#5824,#5825,#5826,#5827));
#1468=EDGE_LOOP('',(#5828,#5829,#5830,#5831));
#1469=EDGE_LOOP('',(#5832,#5833,#5834,#5835));
#1470=EDGE_LOOP('',(#5836,#5837,#5838,#5839));
#1471=EDGE_LOOP('',(#5840,#5841,#5842,#5843));
#1472=EDGE_LOOP('',(#5844,#5845,#5846,#5847));
#1473=EDGE_LOOP('',(#5848,#5849,#5850,#5851));
#1474=EDGE_LOOP('',(#5852,#5853,#5854,#5855,#5856,#5857,#5858,#5859,#5860,
#5861,#5862,#5863,#5864,#5865,#5866,#5867,#5868,#5869));
#1475=EDGE_LOOP('',(#5870,#5871,#5872,#5873));
#1476=EDGE_LOOP('',(#5874,#5875,#5876,#5877));
#1477=EDGE_LOOP('',(#5878,#5879,#5880,#5881));
#1478=EDGE_LOOP('',(#5882,#5883,#5884,#5885));
#1479=EDGE_LOOP('',(#5886,#5887,#5888,#5889));
#1480=EDGE_LOOP('',(#5890,#5891,#5892,#5893));
#1481=EDGE_LOOP('',(#5894,#5895,#5896,#5897));
#1482=EDGE_LOOP('',(#5898,#5899,#5900,#5901));
#1483=EDGE_LOOP('',(#5902,#5903,#5904,#5905));
#1484=EDGE_LOOP('',(#5906,#5907,#5908,#5909));
#1485=EDGE_LOOP('',(#5910,#5911,#5912,#5913));
#1486=EDGE_LOOP('',(#5914,#5915,#5916,#5917));
#1487=EDGE_LOOP('',(#5918,#5919,#5920,#5921));
#1488=EDGE_LOOP('',(#5922,#5923,#5924,#5925,#5926,#5927,#5928,#5929,#5930,
#5931,#5932,#5933,#5934));
#1489=EDGE_LOOP('',(#5935,#5936,#5937,#5938));
#1490=EDGE_LOOP('',(#5939,#5940,#5941,#5942));
#1491=EDGE_LOOP('',(#5943,#5944,#5945,#5946));
#1492=EDGE_LOOP('',(#5947,#5948,#5949,#5950));
#1493=EDGE_LOOP('',(#5951,#5952,#5953,#5954));
#1494=EDGE_LOOP('',(#5955,#5956,#5957,#5958));
#1495=EDGE_LOOP('',(#5959,#5960,#5961,#5962));
#1496=EDGE_LOOP('',(#5963,#5964,#5965,#5966));
#1497=EDGE_LOOP('',(#5967,#5968,#5969,#5970));
#1498=EDGE_LOOP('',(#5971,#5972,#5973,#5974));
#1499=EDGE_LOOP('',(#5975,#5976,#5977,#5978));
#1500=EDGE_LOOP('',(#5979,#5980,#5981,#5982));
#1501=EDGE_LOOP('',(#5983,#5984,#5985,#5986));
#1502=EDGE_LOOP('',(#5987,#5988,#5989,#5990));
#1503=EDGE_LOOP('',(#5991,#5992,#5993,#5994));
#1504=EDGE_LOOP('',(#5995,#5996,#5997,#5998));
#1505=EDGE_LOOP('',(#5999,#6000,#6001,#6002));
#1506=EDGE_LOOP('',(#6003,#6004,#6005,#6006));
#1507=EDGE_LOOP('',(#6007,#6008,#6009,#6010));
#1508=EDGE_LOOP('',(#6011,#6012,#6013,#6014));
#1509=EDGE_LOOP('',(#6015,#6016,#6017,#6018,#6019,#6020,#6021,#6022,#6023,
#6024,#6025,#6026,#6027,#6028,#6029,#6030,#6031,#6032,#6033,#6034));
#1510=EDGE_LOOP('',(#6035,#6036,#6037,#6038));
#1511=EDGE_LOOP('',(#6039,#6040,#6041,#6042));
#1512=EDGE_LOOP('',(#6043,#6044,#6045,#6046));
#1513=EDGE_LOOP('',(#6047,#6048,#6049,#6050));
#1514=EDGE_LOOP('',(#6051,#6052,#6053,#6054));
#1515=EDGE_LOOP('',(#6055,#6056,#6057,#6058));
#1516=EDGE_LOOP('',(#6059,#6060,#6061,#6062));
#1517=EDGE_LOOP('',(#6063,#6064,#6065,#6066));
#1518=EDGE_LOOP('',(#6067,#6068,#6069,#6070));
#1519=EDGE_LOOP('',(#6071,#6072,#6073,#6074));
#1520=EDGE_LOOP('',(#6075,#6076,#6077,#6078));
#1521=EDGE_LOOP('',(#6079,#6080,#6081,#6082));
#1522=EDGE_LOOP('',(#6083,#6084,#6085,#6086));
#1523=EDGE_LOOP('',(#6087,#6088,#6089,#6090));
#1524=EDGE_LOOP('',(#6091,#6092,#6093,#6094));
#1525=EDGE_LOOP('',(#6095,#6096,#6097,#6098));
#1526=EDGE_LOOP('',(#6099,#6100,#6101,#6102));
#1527=EDGE_LOOP('',(#6103,#6104,#6105,#6106));
#1528=EDGE_LOOP('',(#6107,#6108,#6109,#6110));
#1529=EDGE_LOOP('',(#6111,#6112,#6113,#6114));
#1530=EDGE_LOOP('',(#6115,#6116,#6117,#6118));
#1531=EDGE_LOOP('',(#6119,#6120,#6121,#6122));
#1532=EDGE_LOOP('',(#6123,#6124,#6125,#6126,#6127,#6128,#6129,#6130,#6131,
#6132,#6133,#6134));
#1533=EDGE_LOOP('',(#6135,#6136,#6137,#6138,#6139,#6140,#6141,#6142,#6143,
#6144));
#1534=EDGE_LOOP('',(#6145,#6146,#6147,#6148));
#1535=EDGE_LOOP('',(#6149,#6150,#6151,#6152));
#1536=EDGE_LOOP('',(#6153,#6154,#6155,#6156));
#1537=EDGE_LOOP('',(#6157,#6158,#6159,#6160));
#1538=EDGE_LOOP('',(#6161,#6162,#6163,#6164));
#1539=EDGE_LOOP('',(#6165,#6166,#6167,#6168));
#1540=EDGE_LOOP('',(#6169,#6170,#6171,#6172));
#1541=EDGE_LOOP('',(#6173,#6174,#6175,#6176));
#1542=EDGE_LOOP('',(#6177,#6178,#6179,#6180));
#1543=EDGE_LOOP('',(#6181,#6182,#6183,#6184));
#1544=EDGE_LOOP('',(#6185,#6186,#6187,#6188));
#1545=EDGE_LOOP('',(#6189,#6190,#6191,#6192));
#1546=EDGE_LOOP('',(#6193,#6194,#6195,#6196));
#1547=EDGE_LOOP('',(#6197,#6198,#6199,#6200));
#1548=EDGE_LOOP('',(#6201,#6202,#6203,#6204));
#1549=EDGE_LOOP('',(#6205,#6206,#6207,#6208));
#1550=EDGE_LOOP('',(#6209,#6210,#6211,#6212));
#1551=EDGE_LOOP('',(#6213,#6214,#6215,#6216));
#1552=EDGE_LOOP('',(#6217,#6218,#6219,#6220));
#1553=EDGE_LOOP('',(#6221,#6222,#6223,#6224));
#1554=EDGE_LOOP('',(#6225,#6226,#6227,#6228));
#1555=EDGE_LOOP('',(#6229,#6230,#6231,#6232));
#1556=EDGE_LOOP('',(#6233,#6234,#6235,#6236));
#1557=EDGE_LOOP('',(#6237,#6238,#6239,#6240));
#1558=EDGE_LOOP('',(#6241,#6242,#6243,#6244));
#1559=EDGE_LOOP('',(#6245,#6246,#6247,#6248));
#1560=EDGE_LOOP('',(#6249,#6250,#6251,#6252));
#1561=EDGE_LOOP('',(#6253,#6254,#6255,#6256));
#1562=EDGE_LOOP('',(#6257,#6258,#6259,#6260,#6261,#6262,#6263,#6264,#6265,
#6266,#6267,#6268,#6269,#6270));
#1563=EDGE_LOOP('',(#6271,#6272,#6273,#6274,#6275,#6276,#6277,#6278,#6279));
#1564=EDGE_LOOP('',(#6280,#6281,#6282,#6283));
#1565=EDGE_LOOP('',(#6284,#6285,#6286,#6287));
#1566=EDGE_LOOP('',(#6288,#6289,#6290,#6291));
#1567=EDGE_LOOP('',(#6292,#6293,#6294,#6295));
#1568=EDGE_LOOP('',(#6296,#6297,#6298,#6299));
#1569=EDGE_LOOP('',(#6300,#6301,#6302,#6303));
#1570=EDGE_LOOP('',(#6304,#6305,#6306,#6307));
#1571=EDGE_LOOP('',(#6308,#6309,#6310,#6311));
#1572=EDGE_LOOP('',(#6312,#6313,#6314,#6315));
#1573=EDGE_LOOP('',(#6316,#6317,#6318,#6319));
#1574=EDGE_LOOP('',(#6320,#6321,#6322,#6323));
#1575=EDGE_LOOP('',(#6324,#6325,#6326,#6327));
#1576=EDGE_LOOP('',(#6328,#6329,#6330,#6331));
#1577=EDGE_LOOP('',(#6332,#6333,#6334,#6335));
#1578=EDGE_LOOP('',(#6336,#6337,#6338,#6339));
#1579=EDGE_LOOP('',(#6340,#6341,#6342,#6343));
#1580=EDGE_LOOP('',(#6344,#6345,#6346,#6347));
#1581=EDGE_LOOP('',(#6348,#6349,#6350,#6351));
#1582=EDGE_LOOP('',(#6352,#6353,#6354,#6355));
#1583=EDGE_LOOP('',(#6356,#6357,#6358,#6359));
#1584=EDGE_LOOP('',(#6360,#6361,#6362,#6363));
#1585=EDGE_LOOP('',(#6364,#6365,#6366,#6367,#6368,#6369,#6370,#6371,#6372,
#6373,#6374,#6375,#6376,#6377,#6378));
#1586=EDGE_LOOP('',(#6379,#6380,#6381,#6382,#6383,#6384));
#1587=EDGE_LOOP('',(#6385,#6386,#6387,#6388));
#1588=EDGE_LOOP('',(#6389,#6390,#6391,#6392));
#1589=EDGE_LOOP('',(#6393,#6394,#6395,#6396));
#1590=EDGE_LOOP('',(#6397,#6398,#6399,#6400));
#1591=EDGE_LOOP('',(#6401,#6402,#6403,#6404));
#1592=EDGE_LOOP('',(#6405,#6406,#6407,#6408));
#1593=EDGE_LOOP('',(#6409,#6410,#6411,#6412));
#1594=EDGE_LOOP('',(#6413,#6414,#6415,#6416));
#1595=EDGE_LOOP('',(#6417,#6418,#6419,#6420));
#1596=EDGE_LOOP('',(#6421,#6422,#6423,#6424));
#1597=EDGE_LOOP('',(#6425,#6426,#6427,#6428));
#1598=EDGE_LOOP('',(#6429,#6430,#6431,#6432));
#1599=EDGE_LOOP('',(#6433,#6434,#6435,#6436));
#1600=EDGE_LOOP('',(#6437,#6438,#6439,#6440));
#1601=EDGE_LOOP('',(#6441,#6442,#6443,#6444));
#1602=EDGE_LOOP('',(#6445,#6446,#6447,#6448));
#1603=EDGE_LOOP('',(#6449,#6450,#6451,#6452));
#1604=EDGE_LOOP('',(#6453,#6454,#6455,#6456));
#1605=EDGE_LOOP('',(#6457,#6458,#6459,#6460));
#1606=EDGE_LOOP('',(#6461,#6462,#6463,#6464));
#1607=EDGE_LOOP('',(#6465,#6466,#6467,#6468,#6469,#6470,#6471,#6472,#6473,
#6474));
#1608=EDGE_LOOP('',(#6475,#6476,#6477,#6478,#6479,#6480,#6481,#6482,#6483,
#6484));
#1609=EDGE_LOOP('',(#6485,#6486,#6487,#6488));
#1610=EDGE_LOOP('',(#6489,#6490,#6491,#6492));
#1611=EDGE_LOOP('',(#6493,#6494,#6495,#6496));
#1612=EDGE_LOOP('',(#6497,#6498,#6499,#6500));
#1613=EDGE_LOOP('',(#6501,#6502,#6503,#6504));
#1614=EDGE_LOOP('',(#6505,#6506,#6507,#6508));
#1615=EDGE_LOOP('',(#6509,#6510,#6511,#6512));
#1616=EDGE_LOOP('',(#6513,#6514,#6515,#6516));
#1617=EDGE_LOOP('',(#6517,#6518,#6519,#6520));
#1618=EDGE_LOOP('',(#6521,#6522,#6523,#6524));
#1619=EDGE_LOOP('',(#6525,#6526,#6527,#6528,#6529,#6530,#6531,#6532,#6533,
#6534));
#1620=EDGE_LOOP('',(#6535,#6536,#6537,#6538));
#1621=EDGE_LOOP('',(#6539,#6540,#6541,#6542));
#1622=EDGE_LOOP('',(#6543,#6544,#6545,#6546));
#1623=EDGE_LOOP('',(#6547,#6548,#6549,#6550));
#1624=EDGE_LOOP('',(#6551,#6552,#6553,#6554));
#1625=EDGE_LOOP('',(#6555,#6556,#6557,#6558));
#1626=EDGE_LOOP('',(#6559,#6560,#6561,#6562));
#1627=EDGE_LOOP('',(#6563,#6564,#6565,#6566));
#1628=EDGE_LOOP('',(#6567,#6568,#6569,#6570));
#1629=EDGE_LOOP('',(#6571,#6572,#6573,#6574));
#1630=EDGE_LOOP('',(#6575,#6576,#6577,#6578));
#1631=EDGE_LOOP('',(#6579,#6580,#6581,#6582));
#1632=EDGE_LOOP('',(#6583,#6584,#6585,#6586));
#1633=EDGE_LOOP('',(#6587,#6588,#6589,#6590));
#1634=EDGE_LOOP('',(#6591,#6592,#6593,#6594));
#1635=EDGE_LOOP('',(#6595,#6596,#6597,#6598));
#1636=EDGE_LOOP('',(#6599,#6600,#6601,#6602));
#1637=EDGE_LOOP('',(#6603,#6604,#6605,#6606));
#1638=EDGE_LOOP('',(#6607,#6608,#6609,#6610));
#1639=EDGE_LOOP('',(#6611,#6612,#6613,#6614));
#1640=EDGE_LOOP('',(#6615,#6616,#6617,#6618));
#1641=EDGE_LOOP('',(#6619,#6620,#6621,#6622));
#1642=EDGE_LOOP('',(#6623,#6624,#6625,#6626));
#1643=EDGE_LOOP('',(#6627,#6628,#6629,#6630));
#1644=EDGE_LOOP('',(#6631,#6632,#6633,#6634));
#1645=EDGE_LOOP('',(#6635,#6636,#6637,#6638));
#1646=EDGE_LOOP('',(#6639,#6640,#6641,#6642));
#1647=EDGE_LOOP('',(#6643,#6644,#6645,#6646));
#1648=EDGE_LOOP('',(#6647,#6648,#6649,#6650));
#1649=EDGE_LOOP('',(#6651,#6652,#6653,#6654,#6655,#6656,#6657,#6658,#6659,
#6660,#6661,#6662,#6663,#6664,#6665,#6666,#6667,#6668,#6669,#6670,#6671,
#6672,#6673,#6674,#6675,#6676,#6677,#6678,#6679));
#1650=EDGE_LOOP('',(#6680,#6681,#6682,#6683));
#1651=EDGE_LOOP('',(#6684,#6685,#6686,#6687));
#1652=EDGE_LOOP('',(#6688,#6689,#6690,#6691));
#1653=EDGE_LOOP('',(#6692,#6693,#6694,#6695));
#1654=EDGE_LOOP('',(#6696,#6697,#6698,#6699));
#1655=EDGE_LOOP('',(#6700,#6701,#6702,#6703));
#1656=EDGE_LOOP('',(#6704,#6705,#6706,#6707));
#1657=EDGE_LOOP('',(#6708,#6709,#6710,#6711));
#1658=EDGE_LOOP('',(#6712,#6713,#6714,#6715));
#1659=EDGE_LOOP('',(#6716,#6717,#6718,#6719,#6720,#6721,#6722,#6723,#6724));
#1660=EDGE_LOOP('',(#6725,#6726,#6727,#6728));
#1661=EDGE_LOOP('',(#6729,#6730,#6731,#6732));
#1662=EDGE_LOOP('',(#6733,#6734,#6735,#6736));
#1663=EDGE_LOOP('',(#6737,#6738,#6739,#6740));
#1664=EDGE_LOOP('',(#6741,#6742,#6743,#6744));
#1665=EDGE_LOOP('',(#6745,#6746,#6747,#6748));
#1666=EDGE_LOOP('',(#6749,#6750,#6751,#6752));
#1667=EDGE_LOOP('',(#6753,#6754,#6755,#6756));
#1668=EDGE_LOOP('',(#6757,#6758,#6759,#6760));
#1669=EDGE_LOOP('',(#6761,#6762,#6763,#6764));
#1670=EDGE_LOOP('',(#6765,#6766,#6767,#6768));
#1671=EDGE_LOOP('',(#6769,#6770,#6771,#6772));
#1672=EDGE_LOOP('',(#6773,#6774,#6775,#6776));
#1673=EDGE_LOOP('',(#6777,#6778,#6779,#6780));
#1674=EDGE_LOOP('',(#6781,#6782,#6783,#6784));
#1675=EDGE_LOOP('',(#6785,#6786,#6787,#6788));
#1676=EDGE_LOOP('',(#6789,#6790,#6791,#6792));
#1677=EDGE_LOOP('',(#6793,#6794,#6795,#6796));
#1678=EDGE_LOOP('',(#6797,#6798,#6799,#6800));
#1679=EDGE_LOOP('',(#6801,#6802,#6803,#6804));
#1680=EDGE_LOOP('',(#6805,#6806,#6807,#6808));
#1681=EDGE_LOOP('',(#6809,#6810,#6811,#6812));
#1682=EDGE_LOOP('',(#6813,#6814,#6815,#6816));
#1683=EDGE_LOOP('',(#6817,#6818,#6819,#6820));
#1684=EDGE_LOOP('',(#6821,#6822,#6823,#6824));
#1685=EDGE_LOOP('',(#6825,#6826,#6827,#6828));
#1686=EDGE_LOOP('',(#6829,#6830,#6831,#6832));
#1687=EDGE_LOOP('',(#6833,#6834,#6835,#6836));
#1688=EDGE_LOOP('',(#6837,#6838,#6839,#6840));
#1689=EDGE_LOOP('',(#6841,#6842,#6843,#6844));
#1690=EDGE_LOOP('',(#6845,#6846,#6847,#6848));
#1691=EDGE_LOOP('',(#6849,#6850,#6851,#6852,#6853,#6854,#6855,#6856,#6857,
#6858,#6859,#6860,#6861,#6862,#6863,#6864,#6865,#6866,#6867,#6868,#6869,
#6870,#6871,#6872,#6873,#6874,#6875,#6876,#6877,#6878,#6879));
#1692=EDGE_LOOP('',(#6880,#6881,#6882,#6883));
#1693=EDGE_LOOP('',(#6884,#6885,#6886,#6887));
#1694=EDGE_LOOP('',(#6888,#6889,#6890,#6891));
#1695=EDGE_LOOP('',(#6892,#6893,#6894,#6895));
#1696=EDGE_LOOP('',(#6896,#6897,#6898,#6899));
#1697=EDGE_LOOP('',(#6900,#6901,#6902,#6903));
#1698=EDGE_LOOP('',(#6904,#6905,#6906,#6907));
#1699=EDGE_LOOP('',(#6908,#6909,#6910,#6911));
#1700=EDGE_LOOP('',(#6912,#6913,#6914,#6915));
#1701=EDGE_LOOP('',(#6916,#6917,#6918,#6919));
#1702=EDGE_LOOP('',(#6920,#6921,#6922,#6923));
#1703=EDGE_LOOP('',(#6924,#6925,#6926,#6927));
#1704=EDGE_LOOP('',(#6928,#6929,#6930,#6931));
#1705=EDGE_LOOP('',(#6932,#6933,#6934,#6935));
#1706=EDGE_LOOP('',(#6936,#6937,#6938,#6939));
#1707=EDGE_LOOP('',(#6940,#6941,#6942,#6943));
#1708=EDGE_LOOP('',(#6944,#6945,#6946,#6947));
#1709=EDGE_LOOP('',(#6948,#6949,#6950,#6951));
#1710=EDGE_LOOP('',(#6952,#6953,#6954,#6955));
#1711=EDGE_LOOP('',(#6956,#6957,#6958,#6959));
#1712=EDGE_LOOP('',(#6960,#6961,#6962,#6963,#6964,#6965,#6966,#6967,#6968,
#6969,#6970,#6971,#6972,#6973,#6974,#6975,#6976,#6977,#6978,#6979));
#1713=EDGE_LOOP('',(#6980,#6981,#6982,#6983));
#1714=EDGE_LOOP('',(#6984,#6985,#6986,#6987));
#1715=EDGE_LOOP('',(#6988,#6989,#6990,#6991));
#1716=EDGE_LOOP('',(#6992,#6993,#6994,#6995));
#1717=EDGE_LOOP('',(#6996,#6997,#6998,#6999));
#1718=EDGE_LOOP('',(#7000,#7001,#7002,#7003));
#1719=EDGE_LOOP('',(#7004,#7005,#7006,#7007));
#1720=EDGE_LOOP('',(#7008,#7009,#7010,#7011));
#1721=EDGE_LOOP('',(#7012,#7013,#7014,#7015));
#1722=EDGE_LOOP('',(#7016,#7017,#7018,#7019));
#1723=EDGE_LOOP('',(#7020,#7021,#7022,#7023));
#1724=EDGE_LOOP('',(#7024,#7025,#7026,#7027));
#1725=EDGE_LOOP('',(#7028,#7029,#7030,#7031));
#1726=EDGE_LOOP('',(#7032,#7033,#7034,#7035));
#1727=EDGE_LOOP('',(#7036,#7037,#7038,#7039));
#1728=EDGE_LOOP('',(#7040,#7041,#7042,#7043));
#1729=EDGE_LOOP('',(#7044,#7045,#7046,#7047));
#1730=EDGE_LOOP('',(#7048,#7049,#7050,#7051));
#1731=EDGE_LOOP('',(#7052,#7053,#7054,#7055,#7056,#7057,#7058,#7059,#7060));
#1732=EDGE_LOOP('',(#7061,#7062,#7063,#7064,#7065,#7066,#7067,#7068,#7069));
#1733=EDGE_LOOP('',(#7070,#7071,#7072,#7073));
#1734=EDGE_LOOP('',(#7074,#7075,#7076,#7077));
#1735=EDGE_LOOP('',(#7078,#7079,#7080,#7081));
#1736=EDGE_LOOP('',(#7082,#7083,#7084,#7085));
#1737=EDGE_LOOP('',(#7086,#7087,#7088,#7089));
#1738=EDGE_LOOP('',(#7090,#7091,#7092,#7093,#7094,#7095,#7096,#7097,#7098));
#1739=EDGE_LOOP('',(#7099,#7100,#7101,#7102,#7103,#7104,#7105,#7106,#7107,
#7108));
#1740=EDGE_LOOP('',(#7109,#7110,#7111,#7112,#7113,#7114));
#1741=EDGE_LOOP('',(#7115,#7116,#7117,#7118,#7119,#7120,#7121,#7122,#7123));
#1742=EDGE_LOOP('',(#7124,#7125,#7126,#7127,#7128,#7129,#7130,#7131,#7132,
#7133));
#1743=EDGE_LOOP('',(#7134,#7135,#7136));
#1744=EDGE_LOOP('',(#7137,#7138,#7139,#7140,#7141,#7142,#7143,#7144,#7145));
#1745=EDGE_LOOP('',(#7146,#7147,#7148,#7149,#7150,#7151,#7152,#7153,#7154));
#1746=EDGE_LOOP('',(#7155,#7156,#7157,#7158));
#1747=EDGE_LOOP('',(#7159,#7160,#7161,#7162));
#1748=EDGE_LOOP('',(#7163,#7164,#7165,#7166));
#1749=EDGE_LOOP('',(#7167,#7168,#7169,#7170));
#1750=EDGE_LOOP('',(#7171,#7172,#7173,#7174));
#1751=EDGE_LOOP('',(#7175,#7176,#7177,#7178));
#1752=EDGE_LOOP('',(#7179,#7180,#7181,#7182));
#1753=EDGE_LOOP('',(#7183,#7184,#7185,#7186));
#1754=EDGE_LOOP('',(#7187,#7188,#7189,#7190,#7191,#7192,#7193,#7194));
#1755=EDGE_LOOP('',(#7195,#7196,#7197,#7198));
#1756=EDGE_LOOP('',(#7199,#7200,#7201,#7202,#7203,#7204,#7205,#7206,#7207));
#1757=EDGE_LOOP('',(#7208,#7209,#7210,#7211,#7212,#7213,#7214,#7215,#7216,
#7217,#7218,#7219,#7220,#7221,#7222,#7223,#7224,#7225,#7226,#7227));
#1758=EDGE_LOOP('',(#7228,#7229,#7230,#7231,#7232,#7233,#7234,#7235,#7236,
#7237,#7238,#7239,#7240,#7241,#7242,#7243,#7244,#7245,#7246,#7247,#7248,
#7249,#7250,#7251,#7252,#7253,#7254,#7255,#7256,#7257,#7258));
#1759=EDGE_LOOP('',(#7259,#7260,#7261,#7262,#7263,#7264,#7265,#7266,#7267));
#1760=EDGE_LOOP('',(#7268,#7269,#7270,#7271,#7272,#7273,#7274,#7275,#7276,
#7277,#7278,#7279,#7280,#7281,#7282,#7283,#7284,#7285,#7286,#7287,#7288,
#7289,#7290,#7291,#7292,#7293,#7294,#7295,#7296));
#1761=EDGE_LOOP('',(#7297,#7298,#7299,#7300,#7301,#7302,#7303,#7304,#7305,
#7306));
#1762=EDGE_LOOP('',(#7307,#7308,#7309,#7310,#7311,#7312,#7313,#7314,#7315,
#7316));
#1763=EDGE_LOOP('',(#7317,#7318,#7319,#7320,#7321,#7322,#7323,#7324,#7325,
#7326,#7327,#7328,#7329,#7330,#7331));
#1764=EDGE_LOOP('',(#7332,#7333,#7334,#7335,#7336,#7337,#7338,#7339,#7340,
#7341,#7342,#7343,#7344,#7345));
#1765=EDGE_LOOP('',(#7346,#7347,#7348,#7349));
#1766=EDGE_LOOP('',(#7350,#7351,#7352,#7353,#7354,#7355,#7356,#7357,#7358,
#7359,#7360,#7361));
#1767=EDGE_LOOP('',(#7362,#7363,#7364,#7365,#7366,#7367,#7368,#7369,#7370,
#7371,#7372,#7373,#7374,#7375,#7376,#7377,#7378,#7379,#7380,#7381));
#1768=EDGE_LOOP('',(#7382,#7383,#7384,#7385,#7386,#7387,#7388,#7389,#7390,
#7391,#7392,#7393,#7394,#7395,#7396,#7397,#7398,#7399,#7400,#7401,#7402,
#7403,#7404,#7405,#7406,#7407,#7408,#7409));
#1769=EDGE_LOOP('',(#7410,#7411,#7412,#7413,#7414,#7415,#7416,#7417,#7418,
#7419,#7420,#7421,#7422,#7423,#7424,#7425,#7426,#7427,#7428,#7429,#7430,
#7431,#7432));
#1770=EDGE_LOOP('',(#7433,#7434,#7435,#7436,#7437,#7438,#7439,#7440));
#1771=EDGE_LOOP('',(#7441,#7442,#7443,#7444,#7445,#7446,#7447,#7448,#7449,
#7450,#7451,#7452));
#1772=EDGE_LOOP('',(#7453,#7454,#7455,#7456));
#1773=EDGE_LOOP('',(#7457,#7458,#7459,#7460,#7461,#7462,#7463,#7464,#7465,
#7466,#7467,#7468,#7469,#7470,#7471,#7472,#7473,#7474,#7475,#7476,#7477,
#7478,#7479));
#1774=EDGE_LOOP('',(#7480,#7481,#7482,#7483,#7484,#7485,#7486,#7487,#7488,
#7489,#7490,#7491,#7492,#7493,#7494,#7495,#7496,#7497,#7498));
#1775=EDGE_LOOP('',(#7499,#7500,#7501,#7502,#7503,#7504,#7505,#7506,#7507,
#7508,#7509,#7510,#7511,#7512,#7513,#7514,#7515,#7516,#7517,#7518,#7519,
#7520,#7521));
#1776=EDGE_LOOP('',(#7522,#7523,#7524,#7525));
#1777=EDGE_LOOP('',(#7526,#7527,#7528,#7529,#7530,#7531,#7532,#7533));
#1778=LINE('',#9325,#2436);
#1779=LINE('',#9327,#2437);
#1780=LINE('',#9329,#2438);
#1781=LINE('',#9330,#2439);
#1782=LINE('',#9333,#2440);
#1783=LINE('',#9335,#2441);
#1784=LINE('',#9336,#2442);
#1785=LINE('',#9339,#2443);
#1786=LINE('',#9341,#2444);
#1787=LINE('',#9342,#2445);
#1788=LINE('',#9344,#2446);
#1789=LINE('',#9345,#2447);
#1790=LINE('',#9359,#2448);
#1791=LINE('',#9364,#2449);
#1792=LINE('',#9376,#2450);
#1793=LINE('',#9391,#2451);
#1794=LINE('',#9406,#2452);
#1795=LINE('',#9421,#2453);
#1796=LINE('',#9436,#2454);
#1797=LINE('',#9451,#2455);
#1798=LINE('',#9466,#2456);
#1799=LINE('',#9471,#2457);
#1800=LINE('',#9472,#2458);
#1801=LINE('',#9485,#2459);
#1802=LINE('',#9490,#2460);
#1803=LINE('',#9502,#2461);
#1804=LINE('',#9517,#2462);
#1805=LINE('',#9532,#2463);
#1806=LINE('',#9547,#2464);
#1807=LINE('',#9562,#2465);
#1808=LINE('',#9577,#2466);
#1809=LINE('',#9592,#2467);
#1810=LINE('',#9607,#2468);
#1811=LINE('',#9622,#2469);
#1812=LINE('',#9637,#2470);
#1813=LINE('',#9643,#2471);
#1814=LINE('',#9645,#2472);
#1815=LINE('',#9646,#2473);
#1816=LINE('',#9658,#2474);
#1817=LINE('',#9673,#2475);
#1818=LINE('',#9688,#2476);
#1819=LINE('',#9703,#2477);
#1820=LINE('',#9718,#2478);
#1821=LINE('',#9733,#2479);
#1822=LINE('',#9748,#2480);
#1823=LINE('',#9763,#2481);
#1824=LINE('',#9769,#2482);
#1825=LINE('',#9771,#2483);
#1826=LINE('',#9772,#2484);
#1827=LINE('',#9784,#2485);
#1828=LINE('',#9813,#2486);
#1829=LINE('',#9818,#2487);
#1830=LINE('',#9830,#2488);
#1831=LINE('',#9845,#2489);
#1832=LINE('',#9860,#2490);
#1833=LINE('',#9875,#2491);
#1834=LINE('',#9881,#2492);
#1835=LINE('',#9883,#2493);
#1836=LINE('',#9884,#2494);
#1837=LINE('',#9887,#2495);
#1838=LINE('',#9889,#2496);
#1839=LINE('',#9890,#2497);
#1840=LINE('',#9893,#2498);
#1841=LINE('',#9895,#2499);
#1842=LINE('',#9896,#2500);
#1843=LINE('',#9908,#2501);
#1844=LINE('',#9923,#2502);
#1845=LINE('',#9938,#2503);
#1846=LINE('',#9953,#2504);
#1847=LINE('',#9968,#2505);
#1848=LINE('',#9974,#2506);
#1849=LINE('',#9976,#2507);
#1850=LINE('',#9977,#2508);
#1851=LINE('',#9980,#2509);
#1852=LINE('',#9982,#2510);
#1853=LINE('',#9983,#2511);
#1854=LINE('',#9986,#2512);
#1855=LINE('',#9988,#2513);
#1856=LINE('',#9989,#2514);
#1857=LINE('',#9992,#2515);
#1858=LINE('',#9994,#2516);
#1859=LINE('',#9995,#2517);
#1860=LINE('',#9998,#2518);
#1861=LINE('',#10000,#2519);
#1862=LINE('',#10001,#2520);
#1863=LINE('',#10027,#2521);
#1864=LINE('',#10032,#2522);
#1865=LINE('',#10044,#2523);
#1866=LINE('',#10059,#2524);
#1867=LINE('',#10074,#2525);
#1868=LINE('',#10089,#2526);
#1869=LINE('',#10104,#2527);
#1870=LINE('',#10119,#2528);
#1871=LINE('',#10134,#2529);
#1872=LINE('',#10140,#2530);
#1873=LINE('',#10142,#2531);
#1874=LINE('',#10143,#2532);
#1875=LINE('',#10146,#2533);
#1876=LINE('',#10148,#2534);
#1877=LINE('',#10149,#2535);
#1878=LINE('',#10152,#2536);
#1879=LINE('',#10154,#2537);
#1880=LINE('',#10155,#2538);
#1881=LINE('',#10167,#2539);
#1882=LINE('',#10182,#2540);
#1883=LINE('',#10197,#2541);
#1884=LINE('',#10212,#2542);
#1885=LINE('',#10227,#2543);
#1886=LINE('',#10242,#2544);
#1887=LINE('',#10257,#2545);
#1888=LINE('',#10272,#2546);
#1889=LINE('',#10287,#2547);
#1890=LINE('',#10293,#2548);
#1891=LINE('',#10295,#2549);
#1892=LINE('',#10296,#2550);
#1893=LINE('',#10308,#2551);
#1894=LINE('',#10328,#2552);
#1895=LINE('',#10330,#2553);
#1896=LINE('',#10332,#2554);
#1897=LINE('',#10333,#2555);
#1898=LINE('',#10336,#2556);
#1899=LINE('',#10338,#2557);
#1900=LINE('',#10339,#2558);
#1901=LINE('',#10342,#2559);
#1902=LINE('',#10344,#2560);
#1903=LINE('',#10345,#2561);
#1904=LINE('',#10347,#2562);
#1905=LINE('',#10348,#2563);
#1906=LINE('',#10362,#2564);
#1907=LINE('',#10367,#2565);
#1908=LINE('',#10379,#2566);
#1909=LINE('',#10385,#2567);
#1910=LINE('',#10387,#2568);
#1911=LINE('',#10388,#2569);
#1912=LINE('',#10400,#2570);
#1913=LINE('',#10415,#2571);
#1914=LINE('',#10430,#2572);
#1915=LINE('',#10445,#2573);
#1916=LINE('',#10451,#2574);
#1917=LINE('',#10453,#2575);
#1918=LINE('',#10454,#2576);
#1919=LINE('',#10457,#2577);
#1920=LINE('',#10459,#2578);
#1921=LINE('',#10460,#2579);
#1922=LINE('',#10463,#2580);
#1923=LINE('',#10465,#2581);
#1924=LINE('',#10466,#2582);
#1925=LINE('',#10469,#2583);
#1926=LINE('',#10471,#2584);
#1927=LINE('',#10472,#2585);
#1928=LINE('',#10489,#2586);
#1929=LINE('',#10491,#2587);
#1930=LINE('',#10493,#2588);
#1931=LINE('',#10494,#2589);
#1932=LINE('',#10497,#2590);
#1933=LINE('',#10499,#2591);
#1934=LINE('',#10500,#2592);
#1935=LINE('',#10503,#2593);
#1936=LINE('',#10505,#2594);
#1937=LINE('',#10506,#2595);
#1938=LINE('',#10509,#2596);
#1939=LINE('',#10511,#2597);
#1940=LINE('',#10512,#2598);
#1941=LINE('',#10524,#2599);
#1942=LINE('',#10530,#2600);
#1943=LINE('',#10532,#2601);
#1944=LINE('',#10533,#2602);
#1945=LINE('',#10545,#2603);
#1946=LINE('',#10574,#2604);
#1947=LINE('',#10579,#2605);
#1948=LINE('',#10591,#2606);
#1949=LINE('',#10606,#2607);
#1950=LINE('',#10621,#2608);
#1951=LINE('',#10636,#2609);
#1952=LINE('',#10651,#2610);
#1953=LINE('',#10666,#2611);
#1954=LINE('',#10681,#2612);
#1955=LINE('',#10686,#2613);
#1956=LINE('',#10687,#2614);
#1957=LINE('',#10700,#2615);
#1958=LINE('',#10705,#2616);
#1959=LINE('',#10717,#2617);
#1960=LINE('',#10732,#2618);
#1961=LINE('',#10747,#2619);
#1962=LINE('',#10762,#2620);
#1963=LINE('',#10777,#2621);
#1964=LINE('',#10792,#2622);
#1965=LINE('',#10807,#2623);
#1966=LINE('',#10822,#2624);
#1967=LINE('',#10837,#2625);
#1968=LINE('',#10852,#2626);
#1969=LINE('',#10858,#2627);
#1970=LINE('',#10860,#2628);
#1971=LINE('',#10861,#2629);
#1972=LINE('',#10873,#2630);
#1973=LINE('',#10888,#2631);
#1974=LINE('',#10903,#2632);
#1975=LINE('',#10918,#2633);
#1976=LINE('',#10933,#2634);
#1977=LINE('',#10948,#2635);
#1978=LINE('',#10963,#2636);
#1979=LINE('',#10978,#2637);
#1980=LINE('',#10984,#2638);
#1981=LINE('',#10986,#2639);
#1982=LINE('',#10987,#2640);
#1983=LINE('',#10999,#2641);
#1984=LINE('',#11019,#2642);
#1985=LINE('',#11021,#2643);
#1986=LINE('',#11023,#2644);
#1987=LINE('',#11024,#2645);
#1988=LINE('',#11027,#2646);
#1989=LINE('',#11029,#2647);
#1990=LINE('',#11030,#2648);
#1991=LINE('',#11031,#2649);
#1992=LINE('',#11043,#2650);
#1993=LINE('',#11058,#2651);
#1994=LINE('',#11064,#2652);
#1995=LINE('',#11066,#2653);
#1996=LINE('',#11067,#2654);
#1997=LINE('',#11079,#2655);
#1998=LINE('',#11094,#2656);
#1999=LINE('',#11109,#2657);
#2000=LINE('',#11124,#2658);
#2001=LINE('',#11130,#2659);
#2002=LINE('',#11132,#2660);
#2003=LINE('',#11133,#2661);
#2004=LINE('',#11136,#2662);
#2005=LINE('',#11138,#2663);
#2006=LINE('',#11139,#2664);
#2007=LINE('',#11142,#2665);
#2008=LINE('',#11144,#2666);
#2009=LINE('',#11145,#2667);
#2010=LINE('',#11157,#2668);
#2011=LINE('',#11172,#2669);
#2012=LINE('',#11178,#2670);
#2013=LINE('',#11180,#2671);
#2014=LINE('',#11181,#2672);
#2015=LINE('',#11184,#2673);
#2016=LINE('',#11186,#2674);
#2017=LINE('',#11187,#2675);
#2018=LINE('',#11190,#2676);
#2019=LINE('',#11192,#2677);
#2020=LINE('',#11193,#2678);
#2021=LINE('',#11206,#2679);
#2022=LINE('',#11219,#2680);
#2023=LINE('',#11234,#2681);
#2024=LINE('',#11240,#2682);
#2025=LINE('',#11242,#2683);
#2026=LINE('',#11243,#2684);
#2027=LINE('',#11246,#2685);
#2028=LINE('',#11248,#2686);
#2029=LINE('',#11249,#2687);
#2030=LINE('',#11252,#2688);
#2031=LINE('',#11254,#2689);
#2032=LINE('',#11255,#2690);
#2033=LINE('',#11258,#2691);
#2034=LINE('',#11260,#2692);
#2035=LINE('',#11261,#2693);
#2036=LINE('',#11264,#2694);
#2037=LINE('',#11266,#2695);
#2038=LINE('',#11267,#2696);
#2039=LINE('',#11279,#2697);
#2040=LINE('',#11294,#2698);
#2041=LINE('',#11309,#2699);
#2042=LINE('',#11324,#2700);
#2043=LINE('',#11329,#2701);
#2044=LINE('',#11330,#2702);
#2045=LINE('',#11332,#2703);
#2046=LINE('',#11333,#2704);
#2047=LINE('',#11347,#2705);
#2048=LINE('',#11352,#2706);
#2049=LINE('',#11364,#2707);
#2050=LINE('',#11379,#2708);
#2051=LINE('',#11394,#2709);
#2052=LINE('',#11400,#2710);
#2053=LINE('',#11402,#2711);
#2054=LINE('',#11403,#2712);
#2055=LINE('',#11415,#2713);
#2056=LINE('',#11430,#2714);
#2057=LINE('',#11445,#2715);
#2058=LINE('',#11460,#2716);
#2059=LINE('',#11466,#2717);
#2060=LINE('',#11468,#2718);
#2061=LINE('',#11469,#2719);
#2062=LINE('',#11472,#2720);
#2063=LINE('',#11474,#2721);
#2064=LINE('',#11475,#2722);
#2065=LINE('',#11478,#2723);
#2066=LINE('',#11480,#2724);
#2067=LINE('',#11481,#2725);
#2068=LINE('',#11484,#2726);
#2069=LINE('',#11486,#2727);
#2070=LINE('',#11487,#2728);
#2071=LINE('',#11490,#2729);
#2072=LINE('',#11492,#2730);
#2073=LINE('',#11493,#2731);
#2074=LINE('',#11496,#2732);
#2075=LINE('',#11498,#2733);
#2076=LINE('',#11499,#2734);
#2077=LINE('',#11502,#2735);
#2078=LINE('',#11504,#2736);
#2079=LINE('',#11505,#2737);
#2080=LINE('',#11508,#2738);
#2081=LINE('',#11510,#2739);
#2082=LINE('',#11511,#2740);
#2083=LINE('',#11514,#2741);
#2084=LINE('',#11516,#2742);
#2085=LINE('',#11517,#2743);
#2086=LINE('',#11520,#2744);
#2087=LINE('',#11522,#2745);
#2088=LINE('',#11523,#2746);
#2089=LINE('',#11525,#2747);
#2090=LINE('',#11526,#2748);
#2091=LINE('',#11540,#2749);
#2092=LINE('',#11545,#2750);
#2093=LINE('',#11557,#2751);
#2094=LINE('',#11572,#2752);
#2095=LINE('',#11587,#2753);
#2096=LINE('',#11602,#2754);
#2097=LINE('',#11617,#2755);
#2098=LINE('',#11632,#2756);
#2099=LINE('',#11647,#2757);
#2100=LINE('',#11662,#2758);
#2101=LINE('',#11681,#2759);
#2102=LINE('',#11683,#2760);
#2103=LINE('',#11685,#2761);
#2104=LINE('',#11686,#2762);
#2105=LINE('',#11698,#2763);
#2106=LINE('',#11713,#2764);
#2107=LINE('',#11728,#2765);
#2108=LINE('',#11743,#2766);
#2109=LINE('',#11758,#2767);
#2110=LINE('',#11773,#2768);
#2111=LINE('',#11788,#2769);
#2112=LINE('',#11794,#2770);
#2113=LINE('',#11796,#2771);
#2114=LINE('',#11797,#2772);
#2115=LINE('',#11800,#2773);
#2116=LINE('',#11802,#2774);
#2117=LINE('',#11803,#2775);
#2118=LINE('',#11806,#2776);
#2119=LINE('',#11808,#2777);
#2120=LINE('',#11809,#2778);
#2121=LINE('',#11811,#2779);
#2122=LINE('',#11812,#2780);
#2123=LINE('',#11817,#2781);
#2124=LINE('',#11819,#2782);
#2125=LINE('',#11821,#2783);
#2126=LINE('',#11822,#2784);
#2127=LINE('',#11825,#2785);
#2128=LINE('',#11827,#2786);
#2129=LINE('',#11828,#2787);
#2130=LINE('',#11831,#2788);
#2131=LINE('',#11833,#2789);
#2132=LINE('',#11834,#2790);
#2133=LINE('',#11836,#2791);
#2134=LINE('',#11837,#2792);
#2135=LINE('',#11851,#2793);
#2136=LINE('',#11856,#2794);
#2137=LINE('',#11868,#2795);
#2138=LINE('',#11883,#2796);
#2139=LINE('',#11898,#2797);
#2140=LINE('',#11913,#2798);
#2141=LINE('',#11928,#2799);
#2142=LINE('',#11943,#2800);
#2143=LINE('',#11958,#2801);
#2144=LINE('',#11986,#2802);
#2145=LINE('',#11991,#2803);
#2146=LINE('',#12003,#2804);
#2147=LINE('',#12018,#2805);
#2148=LINE('',#12033,#2806);
#2149=LINE('',#12048,#2807);
#2150=LINE('',#12063,#2808);
#2151=LINE('',#12078,#2809);
#2152=LINE('',#12093,#2810);
#2153=LINE('',#12108,#2811);
#2154=LINE('',#12114,#2812);
#2155=LINE('',#12116,#2813);
#2156=LINE('',#12117,#2814);
#2157=LINE('',#12120,#2815);
#2158=LINE('',#12122,#2816);
#2159=LINE('',#12123,#2817);
#2160=LINE('',#12126,#2818);
#2161=LINE('',#12128,#2819);
#2162=LINE('',#12129,#2820);
#2163=LINE('',#12132,#2821);
#2164=LINE('',#12134,#2822);
#2165=LINE('',#12135,#2823);
#2166=LINE('',#12137,#2824);
#2167=LINE('',#12138,#2825);
#2168=LINE('',#12152,#2826);
#2169=LINE('',#12157,#2827);
#2170=LINE('',#12169,#2828);
#2171=LINE('',#12184,#2829);
#2172=LINE('',#12199,#2830);
#2173=LINE('',#12214,#2831);
#2174=LINE('',#12219,#2832);
#2175=LINE('',#12220,#2833);
#2176=LINE('',#12233,#2834);
#2177=LINE('',#12238,#2835);
#2178=LINE('',#12250,#2836);
#2179=LINE('',#12265,#2837);
#2180=LINE('',#12280,#2838);
#2181=LINE('',#12295,#2839);
#2182=LINE('',#12310,#2840);
#2183=LINE('',#12325,#2841);
#2184=LINE('',#12331,#2842);
#2185=LINE('',#12333,#2843);
#2186=LINE('',#12334,#2844);
#2187=LINE('',#12346,#2845);
#2188=LINE('',#12361,#2846);
#2189=LINE('',#12376,#2847);
#2190=LINE('',#12391,#2848);
#2191=LINE('',#12397,#2849);
#2192=LINE('',#12399,#2850);
#2193=LINE('',#12400,#2851);
#2194=LINE('',#12412,#2852);
#2195=LINE('',#12441,#2853);
#2196=LINE('',#12446,#2854);
#2197=LINE('',#12458,#2855);
#2198=LINE('',#12473,#2856);
#2199=LINE('',#12488,#2857);
#2200=LINE('',#12503,#2858);
#2201=LINE('',#12518,#2859);
#2202=LINE('',#12533,#2860);
#2203=LINE('',#12548,#2861);
#2204=LINE('',#12563,#2862);
#2205=LINE('',#12591,#2863);
#2206=LINE('',#12596,#2864);
#2207=LINE('',#12608,#2865);
#2208=LINE('',#12623,#2866);
#2209=LINE('',#12638,#2867);
#2210=LINE('',#12653,#2868);
#2211=LINE('',#12668,#2869);
#2212=LINE('',#12683,#2870);
#2213=LINE('',#12698,#2871);
#2214=LINE('',#12713,#2872);
#2215=LINE('',#12733,#2873);
#2216=LINE('',#12735,#2874);
#2217=LINE('',#12737,#2875);
#2218=LINE('',#12738,#2876);
#2219=LINE('',#12750,#2877);
#2220=LINE('',#12765,#2878);
#2221=LINE('',#12780,#2879);
#2222=LINE('',#12786,#2880);
#2223=LINE('',#12788,#2881);
#2224=LINE('',#12789,#2882);
#2225=LINE('',#12792,#2883);
#2226=LINE('',#12794,#2884);
#2227=LINE('',#12795,#2885);
#2228=LINE('',#12798,#2886);
#2229=LINE('',#12800,#2887);
#2230=LINE('',#12801,#2888);
#2231=LINE('',#12804,#2889);
#2232=LINE('',#12806,#2890);
#2233=LINE('',#12807,#2891);
#2234=LINE('',#12810,#2892);
#2235=LINE('',#12812,#2893);
#2236=LINE('',#12813,#2894);
#2237=LINE('',#12815,#2895);
#2238=LINE('',#12816,#2896);
#2239=LINE('',#12830,#2897);
#2240=LINE('',#12835,#2898);
#2241=LINE('',#12847,#2899);
#2242=LINE('',#12862,#2900);
#2243=LINE('',#12877,#2901);
#2244=LINE('',#12892,#2902);
#2245=LINE('',#12907,#2903);
#2246=LINE('',#12922,#2904);
#2247=LINE('',#12937,#2905);
#2248=LINE('',#12952,#2906);
#2249=LINE('',#12967,#2907);
#2250=LINE('',#12973,#2908);
#2251=LINE('',#12975,#2909);
#2252=LINE('',#12976,#2910);
#2253=LINE('',#12988,#2911);
#2254=LINE('',#13003,#2912);
#2255=LINE('',#13018,#2913);
#2256=LINE('',#13033,#2914);
#2257=LINE('',#13048,#2915);
#2258=LINE('',#13063,#2916);
#2259=LINE('',#13078,#2917);
#2260=LINE('',#13084,#2918);
#2261=LINE('',#13086,#2919);
#2262=LINE('',#13087,#2920);
#2263=LINE('',#13099,#2921);
#2264=LINE('',#13114,#2922);
#2265=LINE('',#13129,#2923);
#2266=LINE('',#13144,#2924);
#2267=LINE('',#13159,#2925);
#2268=LINE('',#13174,#2926);
#2269=LINE('',#13189,#2927);
#2270=LINE('',#13195,#2928);
#2271=LINE('',#13197,#2929);
#2272=LINE('',#13198,#2930);
#2273=LINE('',#13210,#2931);
#2274=LINE('',#13239,#2932);
#2275=LINE('',#13244,#2933);
#2276=LINE('',#13256,#2934);
#2277=LINE('',#13262,#2935);
#2278=LINE('',#13264,#2936);
#2279=LINE('',#13265,#2937);
#2280=LINE('',#13277,#2938);
#2281=LINE('',#13292,#2939);
#2282=LINE('',#13298,#2940);
#2283=LINE('',#13300,#2941);
#2284=LINE('',#13301,#2942);
#2285=LINE('',#13304,#2943);
#2286=LINE('',#13306,#2944);
#2287=LINE('',#13307,#2945);
#2288=LINE('',#13310,#2946);
#2289=LINE('',#13312,#2947);
#2290=LINE('',#13313,#2948);
#2291=LINE('',#13315,#2949);
#2292=LINE('',#13316,#2950);
#2293=LINE('',#13321,#2951);
#2294=LINE('',#13323,#2952);
#2295=LINE('',#13325,#2953);
#2296=LINE('',#13326,#2954);
#2297=LINE('',#13338,#2955);
#2298=LINE('',#13353,#2956);
#2299=LINE('',#13368,#2957);
#2300=LINE('',#13383,#2958);
#2301=LINE('',#13398,#2959);
#2302=LINE('',#13413,#2960);
#2303=LINE('',#13428,#2961);
#2304=LINE('',#13434,#2962);
#2305=LINE('',#13436,#2963);
#2306=LINE('',#13437,#2964);
#2307=LINE('',#13440,#2965);
#2308=LINE('',#13442,#2966);
#2309=LINE('',#13443,#2967);
#2310=LINE('',#13446,#2968);
#2311=LINE('',#13448,#2969);
#2312=LINE('',#13449,#2970);
#2313=LINE('',#13461,#2971);
#2314=LINE('',#13476,#2972);
#2315=LINE('',#13491,#2973);
#2316=LINE('',#13506,#2974);
#2317=LINE('',#13521,#2975);
#2318=LINE('',#13527,#2976);
#2319=LINE('',#13529,#2977);
#2320=LINE('',#13530,#2978);
#2321=LINE('',#13533,#2979);
#2322=LINE('',#13535,#2980);
#2323=LINE('',#13536,#2981);
#2324=LINE('',#13539,#2982);
#2325=LINE('',#13541,#2983);
#2326=LINE('',#13542,#2984);
#2327=LINE('',#13554,#2985);
#2328=LINE('',#13569,#2986);
#2329=LINE('',#13584,#2987);
#2330=LINE('',#13599,#2988);
#2331=LINE('',#13614,#2989);
#2332=LINE('',#13629,#2990);
#2333=LINE('',#13644,#2991);
#2334=LINE('',#13659,#2992);
#2335=LINE('',#13665,#2993);
#2336=LINE('',#13667,#2994);
#2337=LINE('',#13668,#2995);
#2338=LINE('',#13671,#2996);
#2339=LINE('',#13673,#2997);
#2340=LINE('',#13674,#2998);
#2341=LINE('',#13677,#2999);
#2342=LINE('',#13679,#3000);
#2343=LINE('',#13680,#3001);
#2344=LINE('',#13682,#3002);
#2345=LINE('',#13683,#3003);
#2346=LINE('',#13697,#3004);
#2347=LINE('',#13702,#3005);
#2348=LINE('',#13714,#3006);
#2349=LINE('',#13729,#3007);
#2350=LINE('',#13744,#3008);
#2351=LINE('',#13750,#3009);
#2352=LINE('',#13752,#3010);
#2353=LINE('',#13753,#3011);
#2354=LINE('',#13765,#3012);
#2355=LINE('',#13780,#3013);
#2356=LINE('',#13795,#3014);
#2357=LINE('',#13810,#3015);
#2358=LINE('',#13816,#3016);
#2359=LINE('',#13818,#3017);
#2360=LINE('',#13819,#3018);
#2361=LINE('',#13822,#3019);
#2362=LINE('',#13824,#3020);
#2363=LINE('',#13825,#3021);
#2364=LINE('',#13828,#3022);
#2365=LINE('',#13830,#3023);
#2366=LINE('',#13831,#3024);
#2367=LINE('',#13834,#3025);
#2368=LINE('',#13836,#3026);
#2369=LINE('',#13837,#3027);
#2370=LINE('',#13840,#3028);
#2371=LINE('',#13842,#3029);
#2372=LINE('',#13843,#3030);
#2373=LINE('',#13846,#3031);
#2374=LINE('',#13848,#3032);
#2375=LINE('',#13849,#3033);
#2376=LINE('',#13852,#3034);
#2377=LINE('',#13854,#3035);
#2378=LINE('',#13855,#3036);
#2379=LINE('',#13858,#3037);
#2380=LINE('',#13860,#3038);
#2381=LINE('',#13861,#3039);
#2382=LINE('',#13864,#3040);
#2383=LINE('',#13866,#3041);
#2384=LINE('',#13867,#3042);
#2385=LINE('',#13870,#3043);
#2386=LINE('',#13872,#3044);
#2387=LINE('',#13873,#3045);
#2388=LINE('',#13875,#3046);
#2389=LINE('',#13876,#3047);
#2390=LINE('',#13890,#3048);
#2391=LINE('',#13895,#3049);
#2392=LINE('',#13907,#3050);
#2393=LINE('',#13922,#3051);
#2394=LINE('',#13937,#3052);
#2395=LINE('',#13952,#3053);
#2396=LINE('',#13967,#3054);
#2397=LINE('',#13982,#3055);
#2398=LINE('',#13997,#3056);
#2399=LINE('',#14025,#3057);
#2400=LINE('',#14030,#3058);
#2401=LINE('',#14042,#3059);
#2402=LINE('',#14057,#3060);
#2403=LINE('',#14072,#3061);
#2404=LINE('',#14087,#3062);
#2405=LINE('',#14102,#3063);
#2406=LINE('',#14117,#3064);
#2407=LINE('',#14132,#3065);
#2408=LINE('',#14152,#3066);
#2409=LINE('',#14154,#3067);
#2410=LINE('',#14156,#3068);
#2411=LINE('',#14157,#3069);
#2412=LINE('',#14160,#3070);
#2413=LINE('',#14162,#3071);
#2414=LINE('',#14163,#3072);
#2415=LINE('',#14166,#3073);
#2416=LINE('',#14168,#3074);
#2417=LINE('',#14169,#3075);
#2418=LINE('',#14171,#3076);
#2419=LINE('',#14172,#3077);
#2420=LINE('',#14185,#3078);
#2421=LINE('',#14187,#3079);
#2422=LINE('',#14189,#3080);
#2423=LINE('',#14190,#3081);
#2424=LINE('',#14196,#3082);
#2425=LINE('',#14199,#3083);
#2426=LINE('',#14201,#3084);
#2427=LINE('',#14202,#3085);
#2428=LINE('',#14208,#3086);
#2429=LINE('',#14211,#3087);
#2430=LINE('',#14213,#3088);
#2431=LINE('',#14214,#3089);
#2432=LINE('',#14220,#3090);
#2433=LINE('',#14223,#3091);
#2434=LINE('',#14225,#3092);
#2435=LINE('',#14226,#3093);
#2436=VECTOR('',#8321,10.);
#2437=VECTOR('',#8322,10.);
#2438=VECTOR('',#8323,10.);
#2439=VECTOR('',#8324,10.);
#2440=VECTOR('',#8327,10.);
#2441=VECTOR('',#8328,10.);
#2442=VECTOR('',#8329,10.);
#2443=VECTOR('',#8332,10.);
#2444=VECTOR('',#8333,10.);
#2445=VECTOR('',#8334,10.);
#2446=VECTOR('',#8337,10.);
#2447=VECTOR('',#8338,10.);
#2448=VECTOR('',#8341,10.);
#2449=VECTOR('',#8342,10.);
#2450=VECTOR('',#8343,10.);
#2451=VECTOR('',#8344,10.);
#2452=VECTOR('',#8345,10.);
#2453=VECTOR('',#8346,10.);
#2454=VECTOR('',#8347,10.);
#2455=VECTOR('',#8348,10.);
#2456=VECTOR('',#8349,10.);
#2457=VECTOR('',#8352,10.);
#2458=VECTOR('',#8353,10.);
#2459=VECTOR('',#8354,10.);
#2460=VECTOR('',#8355,10.);
#2461=VECTOR('',#8356,10.);
#2462=VECTOR('',#8357,10.);
#2463=VECTOR('',#8358,10.);
#2464=VECTOR('',#8359,10.);
#2465=VECTOR('',#8360,10.);
#2466=VECTOR('',#8361,10.);
#2467=VECTOR('',#8362,10.);
#2468=VECTOR('',#8363,10.);
#2469=VECTOR('',#8364,10.);
#2470=VECTOR('',#8365,10.);
#2471=VECTOR('',#8368,10.);
#2472=VECTOR('',#8369,10.);
#2473=VECTOR('',#8370,10.);
#2474=VECTOR('',#8371,10.);
#2475=VECTOR('',#8372,10.);
#2476=VECTOR('',#8373,10.);
#2477=VECTOR('',#8374,10.);
#2478=VECTOR('',#8375,10.);
#2479=VECTOR('',#8376,10.);
#2480=VECTOR('',#8377,10.);
#2481=VECTOR('',#8378,10.);
#2482=VECTOR('',#8381,10.);
#2483=VECTOR('',#8382,10.);
#2484=VECTOR('',#8383,10.);
#2485=VECTOR('',#8384,10.);
#2486=VECTOR('',#8387,10.);
#2487=VECTOR('',#8388,10.);
#2488=VECTOR('',#8389,10.);
#2489=VECTOR('',#8390,10.);
#2490=VECTOR('',#8391,10.);
#2491=VECTOR('',#8392,10.);
#2492=VECTOR('',#8395,10.);
#2493=VECTOR('',#8396,10.);
#2494=VECTOR('',#8397,10.);
#2495=VECTOR('',#8400,10.);
#2496=VECTOR('',#8401,10.);
#2497=VECTOR('',#8402,10.);
#2498=VECTOR('',#8405,10.);
#2499=VECTOR('',#8406,10.);
#2500=VECTOR('',#8407,10.);
#2501=VECTOR('',#8408,10.);
#2502=VECTOR('',#8409,10.);
#2503=VECTOR('',#8410,10.);
#2504=VECTOR('',#8411,10.);
#2505=VECTOR('',#8412,10.);
#2506=VECTOR('',#8415,10.);
#2507=VECTOR('',#8416,10.);
#2508=VECTOR('',#8417,10.);
#2509=VECTOR('',#8420,10.);
#2510=VECTOR('',#8421,10.);
#2511=VECTOR('',#8422,10.);
#2512=VECTOR('',#8425,10.);
#2513=VECTOR('',#8426,10.);
#2514=VECTOR('',#8427,10.);
#2515=VECTOR('',#8430,10.);
#2516=VECTOR('',#8431,10.);
#2517=VECTOR('',#8432,10.);
#2518=VECTOR('',#8435,10.);
#2519=VECTOR('',#8436,10.);
#2520=VECTOR('',#8437,10.);
#2521=VECTOR('',#8440,10.);
#2522=VECTOR('',#8441,10.);
#2523=VECTOR('',#8442,10.);
#2524=VECTOR('',#8443,10.);
#2525=VECTOR('',#8444,10.);
#2526=VECTOR('',#8445,10.);
#2527=VECTOR('',#8446,10.);
#2528=VECTOR('',#8447,10.);
#2529=VECTOR('',#8448,10.);
#2530=VECTOR('',#8451,10.);
#2531=VECTOR('',#8452,10.);
#2532=VECTOR('',#8453,10.);
#2533=VECTOR('',#8456,10.);
#2534=VECTOR('',#8457,10.);
#2535=VECTOR('',#8458,10.);
#2536=VECTOR('',#8461,10.);
#2537=VECTOR('',#8462,10.);
#2538=VECTOR('',#8463,10.);
#2539=VECTOR('',#8464,10.);
#2540=VECTOR('',#8465,10.);
#2541=VECTOR('',#8466,10.);
#2542=VECTOR('',#8467,10.);
#2543=VECTOR('',#8468,10.);
#2544=VECTOR('',#8469,10.);
#2545=VECTOR('',#8470,10.);
#2546=VECTOR('',#8471,10.);
#2547=VECTOR('',#8472,10.);
#2548=VECTOR('',#8475,10.);
#2549=VECTOR('',#8476,10.);
#2550=VECTOR('',#8477,10.);
#2551=VECTOR('',#8478,10.);
#2552=VECTOR('',#8483,10.);
#2553=VECTOR('',#8484,10.);
#2554=VECTOR('',#8485,10.);
#2555=VECTOR('',#8486,10.);
#2556=VECTOR('',#8489,10.);
#2557=VECTOR('',#8490,10.);
#2558=VECTOR('',#8491,10.);
#2559=VECTOR('',#8494,10.);
#2560=VECTOR('',#8495,10.);
#2561=VECTOR('',#8496,10.);
#2562=VECTOR('',#8499,10.);
#2563=VECTOR('',#8500,10.);
#2564=VECTOR('',#8503,10.);
#2565=VECTOR('',#8504,10.);
#2566=VECTOR('',#8505,10.);
#2567=VECTOR('',#8508,10.);
#2568=VECTOR('',#8509,10.);
#2569=VECTOR('',#8510,10.);
#2570=VECTOR('',#8511,10.);
#2571=VECTOR('',#8512,10.);
#2572=VECTOR('',#8513,10.);
#2573=VECTOR('',#8514,10.);
#2574=VECTOR('',#8517,10.);
#2575=VECTOR('',#8518,10.);
#2576=VECTOR('',#8519,10.);
#2577=VECTOR('',#8522,10.);
#2578=VECTOR('',#8523,10.);
#2579=VECTOR('',#8524,10.);
#2580=VECTOR('',#8527,10.);
#2581=VECTOR('',#8528,10.);
#2582=VECTOR('',#8529,10.);
#2583=VECTOR('',#8532,10.);
#2584=VECTOR('',#8533,10.);
#2585=VECTOR('',#8534,10.);
#2586=VECTOR('',#8539,10.);
#2587=VECTOR('',#8540,10.);
#2588=VECTOR('',#8541,10.);
#2589=VECTOR('',#8542,10.);
#2590=VECTOR('',#8545,10.);
#2591=VECTOR('',#8546,10.);
#2592=VECTOR('',#8547,10.);
#2593=VECTOR('',#8550,10.);
#2594=VECTOR('',#8551,10.);
#2595=VECTOR('',#8552,10.);
#2596=VECTOR('',#8555,10.);
#2597=VECTOR('',#8556,10.);
#2598=VECTOR('',#8557,10.);
#2599=VECTOR('',#8558,10.);
#2600=VECTOR('',#8561,10.);
#2601=VECTOR('',#8562,10.);
#2602=VECTOR('',#8563,10.);
#2603=VECTOR('',#8564,10.);
#2604=VECTOR('',#8567,10.);
#2605=VECTOR('',#8568,10.);
#2606=VECTOR('',#8569,10.);
#2607=VECTOR('',#8570,10.);
#2608=VECTOR('',#8571,10.);
#2609=VECTOR('',#8572,10.);
#2610=VECTOR('',#8573,10.);
#2611=VECTOR('',#8574,10.);
#2612=VECTOR('',#8575,10.);
#2613=VECTOR('',#8578,10.);
#2614=VECTOR('',#8579,10.);
#2615=VECTOR('',#8580,10.);
#2616=VECTOR('',#8581,10.);
#2617=VECTOR('',#8582,10.);
#2618=VECTOR('',#8583,10.);
#2619=VECTOR('',#8584,10.);
#2620=VECTOR('',#8585,10.);
#2621=VECTOR('',#8586,10.);
#2622=VECTOR('',#8587,10.);
#2623=VECTOR('',#8588,10.);
#2624=VECTOR('',#8589,10.);
#2625=VECTOR('',#8590,10.);
#2626=VECTOR('',#8591,10.);
#2627=VECTOR('',#8594,10.);
#2628=VECTOR('',#8595,10.);
#2629=VECTOR('',#8596,10.);
#2630=VECTOR('',#8597,10.);
#2631=VECTOR('',#8598,10.);
#2632=VECTOR('',#8599,10.);
#2633=VECTOR('',#8600,10.);
#2634=VECTOR('',#8601,10.);
#2635=VECTOR('',#8602,10.);
#2636=VECTOR('',#8603,10.);
#2637=VECTOR('',#8604,10.);
#2638=VECTOR('',#8607,10.);
#2639=VECTOR('',#8608,10.);
#2640=VECTOR('',#8609,10.);
#2641=VECTOR('',#8610,10.);
#2642=VECTOR('',#8615,10.);
#2643=VECTOR('',#8616,10.);
#2644=VECTOR('',#8617,10.);
#2645=VECTOR('',#8618,10.);
#2646=VECTOR('',#8621,10.);
#2647=VECTOR('',#8622,10.);
#2648=VECTOR('',#8623,10.);
#2649=VECTOR('',#8624,10.);
#2650=VECTOR('',#8625,10.);
#2651=VECTOR('',#8626,10.);
#2652=VECTOR('',#8629,10.);
#2653=VECTOR('',#8630,10.);
#2654=VECTOR('',#8631,10.);
#2655=VECTOR('',#8632,10.);
#2656=VECTOR('',#8633,10.);
#2657=VECTOR('',#8634,10.);
#2658=VECTOR('',#8635,10.);
#2659=VECTOR('',#8638,10.);
#2660=VECTOR('',#8639,10.);
#2661=VECTOR('',#8640,10.);
#2662=VECTOR('',#8643,10.);
#2663=VECTOR('',#8644,10.);
#2664=VECTOR('',#8645,10.);
#2665=VECTOR('',#8648,10.);
#2666=VECTOR('',#8649,10.);
#2667=VECTOR('',#8650,10.);
#2668=VECTOR('',#8651,10.);
#2669=VECTOR('',#8652,10.);
#2670=VECTOR('',#8655,10.);
#2671=VECTOR('',#8656,10.);
#2672=VECTOR('',#8657,10.);
#2673=VECTOR('',#8660,10.);
#2674=VECTOR('',#8661,10.);
#2675=VECTOR('',#8662,10.);
#2676=VECTOR('',#8665,10.);
#2677=VECTOR('',#8666,10.);
#2678=VECTOR('',#8667,10.);
#2679=VECTOR('',#8668,10.);
#2680=VECTOR('',#8671,10.);
#2681=VECTOR('',#8672,10.);
#2682=VECTOR('',#8675,10.);
#2683=VECTOR('',#8676,10.);
#2684=VECTOR('',#8677,10.);
#2685=VECTOR('',#8680,10.);
#2686=VECTOR('',#8681,10.);
#2687=VECTOR('',#8682,10.);
#2688=VECTOR('',#8685,10.);
#2689=VECTOR('',#8686,10.);
#2690=VECTOR('',#8687,10.);
#2691=VECTOR('',#8690,10.);
#2692=VECTOR('',#8691,10.);
#2693=VECTOR('',#8692,10.);
#2694=VECTOR('',#8695,10.);
#2695=VECTOR('',#8696,10.);
#2696=VECTOR('',#8697,10.);
#2697=VECTOR('',#8698,10.);
#2698=VECTOR('',#8699,10.);
#2699=VECTOR('',#8700,10.);
#2700=VECTOR('',#8701,10.);
#2701=VECTOR('',#8704,10.);
#2702=VECTOR('',#8705,10.);
#2703=VECTOR('',#8708,10.);
#2704=VECTOR('',#8709,10.);
#2705=VECTOR('',#8712,10.);
#2706=VECTOR('',#8713,10.);
#2707=VECTOR('',#8714,10.);
#2708=VECTOR('',#8715,10.);
#2709=VECTOR('',#8716,10.);
#2710=VECTOR('',#8719,10.);
#2711=VECTOR('',#8720,10.);
#2712=VECTOR('',#8721,10.);
#2713=VECTOR('',#8722,10.);
#2714=VECTOR('',#8723,10.);
#2715=VECTOR('',#8724,10.);
#2716=VECTOR('',#8725,10.);
#2717=VECTOR('',#8728,10.);
#2718=VECTOR('',#8729,10.);
#2719=VECTOR('',#8730,10.);
#2720=VECTOR('',#8733,10.);
#2721=VECTOR('',#8734,10.);
#2722=VECTOR('',#8735,10.);
#2723=VECTOR('',#8738,10.);
#2724=VECTOR('',#8739,10.);
#2725=VECTOR('',#8740,10.);
#2726=VECTOR('',#8743,10.);
#2727=VECTOR('',#8744,10.);
#2728=VECTOR('',#8745,10.);
#2729=VECTOR('',#8748,10.);
#2730=VECTOR('',#8749,10.);
#2731=VECTOR('',#8750,10.);
#2732=VECTOR('',#8753,10.);
#2733=VECTOR('',#8754,10.);
#2734=VECTOR('',#8755,10.);
#2735=VECTOR('',#8758,10.);
#2736=VECTOR('',#8759,10.);
#2737=VECTOR('',#8760,10.);
#2738=VECTOR('',#8763,10.);
#2739=VECTOR('',#8764,10.);
#2740=VECTOR('',#8765,10.);
#2741=VECTOR('',#8768,10.);
#2742=VECTOR('',#8769,10.);
#2743=VECTOR('',#8770,10.);
#2744=VECTOR('',#8773,10.);
#2745=VECTOR('',#8774,10.);
#2746=VECTOR('',#8775,10.);
#2747=VECTOR('',#8778,10.);
#2748=VECTOR('',#8779,10.);
#2749=VECTOR('',#8782,10.);
#2750=VECTOR('',#8783,10.);
#2751=VECTOR('',#8784,10.);
#2752=VECTOR('',#8785,10.);
#2753=VECTOR('',#8786,10.);
#2754=VECTOR('',#8787,10.);
#2755=VECTOR('',#8788,10.);
#2756=VECTOR('',#8789,10.);
#2757=VECTOR('',#8790,10.);
#2758=VECTOR('',#8791,10.);
#2759=VECTOR('',#8794,10.);
#2760=VECTOR('',#8795,10.);
#2761=VECTOR('',#8796,10.);
#2762=VECTOR('',#8797,10.);
#2763=VECTOR('',#8798,10.);
#2764=VECTOR('',#8799,10.);
#2765=VECTOR('',#8800,10.);
#2766=VECTOR('',#8801,10.);
#2767=VECTOR('',#8802,10.);
#2768=VECTOR('',#8803,10.);
#2769=VECTOR('',#8804,10.);
#2770=VECTOR('',#8807,10.);
#2771=VECTOR('',#8808,10.);
#2772=VECTOR('',#8809,10.);
#2773=VECTOR('',#8812,10.);
#2774=VECTOR('',#8813,10.);
#2775=VECTOR('',#8814,10.);
#2776=VECTOR('',#8817,10.);
#2777=VECTOR('',#8818,10.);
#2778=VECTOR('',#8819,10.);
#2779=VECTOR('',#8822,10.);
#2780=VECTOR('',#8823,10.);
#2781=VECTOR('',#8828,10.);
#2782=VECTOR('',#8829,10.);
#2783=VECTOR('',#8830,10.);
#2784=VECTOR('',#8831,10.);
#2785=VECTOR('',#8834,10.);
#2786=VECTOR('',#8835,10.);
#2787=VECTOR('',#8836,10.);
#2788=VECTOR('',#8839,10.);
#2789=VECTOR('',#8840,10.);
#2790=VECTOR('',#8841,10.);
#2791=VECTOR('',#8844,10.);
#2792=VECTOR('',#8845,10.);
#2793=VECTOR('',#8848,10.);
#2794=VECTOR('',#8849,10.);
#2795=VECTOR('',#8850,10.);
#2796=VECTOR('',#8851,10.);
#2797=VECTOR('',#8852,10.);
#2798=VECTOR('',#8853,10.);
#2799=VECTOR('',#8854,10.);
#2800=VECTOR('',#8855,10.);
#2801=VECTOR('',#8856,10.);
#2802=VECTOR('',#8857,10.);
#2803=VECTOR('',#8858,10.);
#2804=VECTOR('',#8859,10.);
#2805=VECTOR('',#8860,10.);
#2806=VECTOR('',#8861,10.);
#2807=VECTOR('',#8862,10.);
#2808=VECTOR('',#8863,10.);
#2809=VECTOR('',#8864,10.);
#2810=VECTOR('',#8865,10.);
#2811=VECTOR('',#8866,10.);
#2812=VECTOR('',#8869,10.);
#2813=VECTOR('',#8870,10.);
#2814=VECTOR('',#8871,10.);
#2815=VECTOR('',#8874,10.);
#2816=VECTOR('',#8875,10.);
#2817=VECTOR('',#8876,10.);
#2818=VECTOR('',#8879,10.);
#2819=VECTOR('',#8880,10.);
#2820=VECTOR('',#8881,10.);
#2821=VECTOR('',#8884,10.);
#2822=VECTOR('',#8885,10.);
#2823=VECTOR('',#8886,10.);
#2824=VECTOR('',#8889,10.);
#2825=VECTOR('',#8890,10.);
#2826=VECTOR('',#8893,10.);
#2827=VECTOR('',#8894,10.);
#2828=VECTOR('',#8895,10.);
#2829=VECTOR('',#8896,10.);
#2830=VECTOR('',#8897,10.);
#2831=VECTOR('',#8898,10.);
#2832=VECTOR('',#8901,10.);
#2833=VECTOR('',#8902,10.);
#2834=VECTOR('',#8903,10.);
#2835=VECTOR('',#8904,10.);
#2836=VECTOR('',#8905,10.);
#2837=VECTOR('',#8906,10.);
#2838=VECTOR('',#8907,10.);
#2839=VECTOR('',#8908,10.);
#2840=VECTOR('',#8909,10.);
#2841=VECTOR('',#8910,10.);
#2842=VECTOR('',#8913,10.);
#2843=VECTOR('',#8914,10.);
#2844=VECTOR('',#8915,10.);
#2845=VECTOR('',#8916,10.);
#2846=VECTOR('',#8917,10.);
#2847=VECTOR('',#8918,10.);
#2848=VECTOR('',#8919,10.);
#2849=VECTOR('',#8922,10.);
#2850=VECTOR('',#8923,10.);
#2851=VECTOR('',#8924,10.);
#2852=VECTOR('',#8925,10.);
#2853=VECTOR('',#8928,10.);
#2854=VECTOR('',#8929,10.);
#2855=VECTOR('',#8930,10.);
#2856=VECTOR('',#8931,10.);
#2857=VECTOR('',#8932,10.);
#2858=VECTOR('',#8933,10.);
#2859=VECTOR('',#8934,10.);
#2860=VECTOR('',#8935,10.);
#2861=VECTOR('',#8936,10.);
#2862=VECTOR('',#8937,10.);
#2863=VECTOR('',#8938,10.);
#2864=VECTOR('',#8939,10.);
#2865=VECTOR('',#8940,10.);
#2866=VECTOR('',#8941,10.);
#2867=VECTOR('',#8942,10.);
#2868=VECTOR('',#8943,10.);
#2869=VECTOR('',#8944,10.);
#2870=VECTOR('',#8945,10.);
#2871=VECTOR('',#8946,10.);
#2872=VECTOR('',#8947,10.);
#2873=VECTOR('',#8952,10.);
#2874=VECTOR('',#8953,10.);
#2875=VECTOR('',#8954,10.);
#2876=VECTOR('',#8955,10.);
#2877=VECTOR('',#8956,10.);
#2878=VECTOR('',#8957,10.);
#2879=VECTOR('',#8958,10.);
#2880=VECTOR('',#8961,10.);
#2881=VECTOR('',#8962,10.);
#2882=VECTOR('',#8963,10.);
#2883=VECTOR('',#8966,10.);
#2884=VECTOR('',#8967,10.);
#2885=VECTOR('',#8968,10.);
#2886=VECTOR('',#8971,10.);
#2887=VECTOR('',#8972,10.);
#2888=VECTOR('',#8973,10.);
#2889=VECTOR('',#8976,10.);
#2890=VECTOR('',#8977,10.);
#2891=VECTOR('',#8978,10.);
#2892=VECTOR('',#8981,10.);
#2893=VECTOR('',#8982,10.);
#2894=VECTOR('',#8983,10.);
#2895=VECTOR('',#8986,10.);
#2896=VECTOR('',#8987,10.);
#2897=VECTOR('',#8990,10.);
#2898=VECTOR('',#8991,10.);
#2899=VECTOR('',#8992,10.);
#2900=VECTOR('',#8993,10.);
#2901=VECTOR('',#8994,10.);
#2902=VECTOR('',#8995,10.);
#2903=VECTOR('',#8996,10.);
#2904=VECTOR('',#8997,10.);
#2905=VECTOR('',#8998,10.);
#2906=VECTOR('',#8999,10.);
#2907=VECTOR('',#9000,10.);
#2908=VECTOR('',#9003,10.);
#2909=VECTOR('',#9004,10.);
#2910=VECTOR('',#9005,10.);
#2911=VECTOR('',#9006,10.);
#2912=VECTOR('',#9007,10.);
#2913=VECTOR('',#9008,10.);
#2914=VECTOR('',#9009,10.);
#2915=VECTOR('',#9010,10.);
#2916=VECTOR('',#9011,10.);
#2917=VECTOR('',#9012,10.);
#2918=VECTOR('',#9015,10.);
#2919=VECTOR('',#9016,10.);
#2920=VECTOR('',#9017,10.);
#2921=VECTOR('',#9018,10.);
#2922=VECTOR('',#9019,10.);
#2923=VECTOR('',#9020,10.);
#2924=VECTOR('',#9021,10.);
#2925=VECTOR('',#9022,10.);
#2926=VECTOR('',#9023,10.);
#2927=VECTOR('',#9024,10.);
#2928=VECTOR('',#9027,10.);
#2929=VECTOR('',#9028,10.);
#2930=VECTOR('',#9029,10.);
#2931=VECTOR('',#9030,10.);
#2932=VECTOR('',#9033,10.);
#2933=VECTOR('',#9034,10.);
#2934=VECTOR('',#9035,10.);
#2935=VECTOR('',#9038,10.);
#2936=VECTOR('',#9039,10.);
#2937=VECTOR('',#9040,10.);
#2938=VECTOR('',#9041,10.);
#2939=VECTOR('',#9042,10.);
#2940=VECTOR('',#9045,10.);
#2941=VECTOR('',#9046,10.);
#2942=VECTOR('',#9047,10.);
#2943=VECTOR('',#9050,10.);
#2944=VECTOR('',#9051,10.);
#2945=VECTOR('',#9052,10.);
#2946=VECTOR('',#9055,10.);
#2947=VECTOR('',#9056,10.);
#2948=VECTOR('',#9057,10.);
#2949=VECTOR('',#9060,10.);
#2950=VECTOR('',#9061,10.);
#2951=VECTOR('',#9066,10.);
#2952=VECTOR('',#9067,10.);
#2953=VECTOR('',#9068,10.);
#2954=VECTOR('',#9069,10.);
#2955=VECTOR('',#9070,10.);
#2956=VECTOR('',#9071,10.);
#2957=VECTOR('',#9072,10.);
#2958=VECTOR('',#9073,10.);
#2959=VECTOR('',#9074,10.);
#2960=VECTOR('',#9075,10.);
#2961=VECTOR('',#9076,10.);
#2962=VECTOR('',#9079,10.);
#2963=VECTOR('',#9080,10.);
#2964=VECTOR('',#9081,10.);
#2965=VECTOR('',#9084,10.);
#2966=VECTOR('',#9085,10.);
#2967=VECTOR('',#9086,10.);
#2968=VECTOR('',#9089,10.);
#2969=VECTOR('',#9090,10.);
#2970=VECTOR('',#9091,10.);
#2971=VECTOR('',#9092,10.);
#2972=VECTOR('',#9093,10.);
#2973=VECTOR('',#9094,10.);
#2974=VECTOR('',#9095,10.);
#2975=VECTOR('',#9096,10.);
#2976=VECTOR('',#9099,10.);
#2977=VECTOR('',#9100,10.);
#2978=VECTOR('',#9101,10.);
#2979=VECTOR('',#9104,10.);
#2980=VECTOR('',#9105,10.);
#2981=VECTOR('',#9106,10.);
#2982=VECTOR('',#9109,10.);
#2983=VECTOR('',#9110,10.);
#2984=VECTOR('',#9111,10.);
#2985=VECTOR('',#9112,10.);
#2986=VECTOR('',#9113,10.);
#2987=VECTOR('',#9114,10.);
#2988=VECTOR('',#9115,10.);
#2989=VECTOR('',#9116,10.);
#2990=VECTOR('',#9117,10.);
#2991=VECTOR('',#9118,10.);
#2992=VECTOR('',#9119,10.);
#2993=VECTOR('',#9122,10.);
#2994=VECTOR('',#9123,10.);
#2995=VECTOR('',#9124,10.);
#2996=VECTOR('',#9127,10.);
#2997=VECTOR('',#9128,10.);
#2998=VECTOR('',#9129,10.);
#2999=VECTOR('',#9132,10.);
#3000=VECTOR('',#9133,10.);
#3001=VECTOR('',#9134,10.);
#3002=VECTOR('',#9137,10.);
#3003=VECTOR('',#9138,10.);
#3004=VECTOR('',#9141,10.);
#3005=VECTOR('',#9142,10.);
#3006=VECTOR('',#9143,10.);
#3007=VECTOR('',#9144,10.);
#3008=VECTOR('',#9145,10.);
#3009=VECTOR('',#9148,10.);
#3010=VECTOR('',#9149,10.);
#3011=VECTOR('',#9150,10.);
#3012=VECTOR('',#9151,10.);
#3013=VECTOR('',#9152,10.);
#3014=VECTOR('',#9153,10.);
#3015=VECTOR('',#9154,10.);
#3016=VECTOR('',#9157,10.);
#3017=VECTOR('',#9158,10.);
#3018=VECTOR('',#9159,10.);
#3019=VECTOR('',#9162,10.);
#3020=VECTOR('',#9163,10.);
#3021=VECTOR('',#9164,10.);
#3022=VECTOR('',#9167,10.);
#3023=VECTOR('',#9168,10.);
#3024=VECTOR('',#9169,10.);
#3025=VECTOR('',#9172,10.);
#3026=VECTOR('',#9173,10.);
#3027=VECTOR('',#9174,10.);
#3028=VECTOR('',#9177,10.);
#3029=VECTOR('',#9178,10.);
#3030=VECTOR('',#9179,10.);
#3031=VECTOR('',#9182,10.);
#3032=VECTOR('',#9183,10.);
#3033=VECTOR('',#9184,10.);
#3034=VECTOR('',#9187,10.);
#3035=VECTOR('',#9188,10.);
#3036=VECTOR('',#9189,10.);
#3037=VECTOR('',#9192,10.);
#3038=VECTOR('',#9193,10.);
#3039=VECTOR('',#9194,10.);
#3040=VECTOR('',#9197,10.);
#3041=VECTOR('',#9198,10.);
#3042=VECTOR('',#9199,10.);
#3043=VECTOR('',#9202,10.);
#3044=VECTOR('',#9203,10.);
#3045=VECTOR('',#9204,10.);
#3046=VECTOR('',#9207,10.);
#3047=VECTOR('',#9208,10.);
#3048=VECTOR('',#9211,10.);
#3049=VECTOR('',#9212,10.);
#3050=VECTOR('',#9213,10.);
#3051=VECTOR('',#9214,10.);
#3052=VECTOR('',#9215,10.);
#3053=VECTOR('',#9216,10.);
#3054=VECTOR('',#9217,10.);
#3055=VECTOR('',#9218,10.);
#3056=VECTOR('',#9219,10.);
#3057=VECTOR('',#9220,10.);
#3058=VECTOR('',#9221,10.);
#3059=VECTOR('',#9222,10.);
#3060=VECTOR('',#9223,10.);
#3061=VECTOR('',#9224,10.);
#3062=VECTOR('',#9225,10.);
#3063=VECTOR('',#9226,10.);
#3064=VECTOR('',#9227,10.);
#3065=VECTOR('',#9228,10.);
#3066=VECTOR('',#9233,10.);
#3067=VECTOR('',#9234,10.);
#3068=VECTOR('',#9235,10.);
#3069=VECTOR('',#9236,10.);
#3070=VECTOR('',#9239,10.);
#3071=VECTOR('',#9240,10.);
#3072=VECTOR('',#9241,10.);
#3073=VECTOR('',#9244,10.);
#3074=VECTOR('',#9245,10.);
#3075=VECTOR('',#9246,10.);
#3076=VECTOR('',#9249,10.);
#3077=VECTOR('',#9250,10.);
#3078=VECTOR('',#9271,10.);
#3079=VECTOR('',#9272,10.);
#3080=VECTOR('',#9273,10.);
#3081=VECTOR('',#9274,10.);
#3082=VECTOR('',#9281,10.);
#3083=VECTOR('',#9284,10.);
#3084=VECTOR('',#9285,10.);
#3085=VECTOR('',#9286,10.);
#3086=VECTOR('',#9293,10.);
#3087=VECTOR('',#9296,10.);
#3088=VECTOR('',#9297,10.);
#3089=VECTOR('',#9298,10.);
#3090=VECTOR('',#9305,10.);
#3091=VECTOR('',#9308,10.);
#3092=VECTOR('',#9309,10.);
#3093=VECTOR('',#9310,10.);
#3094=VERTEX_POINT('',#9323);
#3095=VERTEX_POINT('',#9324);
#3096=VERTEX_POINT('',#9326);
#3097=VERTEX_POINT('',#9328);
#3098=VERTEX_POINT('',#9332);
#3099=VERTEX_POINT('',#9334);
#3100=VERTEX_POINT('',#9338);
#3101=VERTEX_POINT('',#9340);
#3102=VERTEX_POINT('',#9353);
#3103=VERTEX_POINT('',#9354);
#3104=VERTEX_POINT('',#9358);
#3105=VERTEX_POINT('',#9360);
#3106=VERTEX_POINT('',#9371);
#3107=VERTEX_POINT('',#9375);
#3108=VERTEX_POINT('',#9386);
#3109=VERTEX_POINT('',#9390);
#3110=VERTEX_POINT('',#9401);
#3111=VERTEX_POINT('',#9405);
#3112=VERTEX_POINT('',#9416);
#3113=VERTEX_POINT('',#9420);
#3114=VERTEX_POINT('',#9431);
#3115=VERTEX_POINT('',#9435);
#3116=VERTEX_POINT('',#9446);
#3117=VERTEX_POINT('',#9450);
#3118=VERTEX_POINT('',#9461);
#3119=VERTEX_POINT('',#9465);
#3120=VERTEX_POINT('',#9479);
#3121=VERTEX_POINT('',#9480);
#3122=VERTEX_POINT('',#9484);
#3123=VERTEX_POINT('',#9486);
#3124=VERTEX_POINT('',#9497);
#3125=VERTEX_POINT('',#9501);
#3126=VERTEX_POINT('',#9512);
#3127=VERTEX_POINT('',#9516);
#3128=VERTEX_POINT('',#9527);
#3129=VERTEX_POINT('',#9531);
#3130=VERTEX_POINT('',#9542);
#3131=VERTEX_POINT('',#9546);
#3132=VERTEX_POINT('',#9557);
#3133=VERTEX_POINT('',#9561);
#3134=VERTEX_POINT('',#9572);
#3135=VERTEX_POINT('',#9576);
#3136=VERTEX_POINT('',#9587);
#3137=VERTEX_POINT('',#9591);
#3138=VERTEX_POINT('',#9602);
#3139=VERTEX_POINT('',#9606);
#3140=VERTEX_POINT('',#9617);
#3141=VERTEX_POINT('',#9621);
#3142=VERTEX_POINT('',#9632);
#3143=VERTEX_POINT('',#9636);
#3144=VERTEX_POINT('',#9642);
#3145=VERTEX_POINT('',#9644);
#3146=VERTEX_POINT('',#9653);
#3147=VERTEX_POINT('',#9657);
#3148=VERTEX_POINT('',#9668);
#3149=VERTEX_POINT('',#9672);
#3150=VERTEX_POINT('',#9683);
#3151=VERTEX_POINT('',#9687);
#3152=VERTEX_POINT('',#9698);
#3153=VERTEX_POINT('',#9702);
#3154=VERTEX_POINT('',#9713);
#3155=VERTEX_POINT('',#9717);
#3156=VERTEX_POINT('',#9728);
#3157=VERTEX_POINT('',#9732);
#3158=VERTEX_POINT('',#9743);
#3159=VERTEX_POINT('',#9747);
#3160=VERTEX_POINT('',#9758);
#3161=VERTEX_POINT('',#9762);
#3162=VERTEX_POINT('',#9768);
#3163=VERTEX_POINT('',#9770);
#3164=VERTEX_POINT('',#9779);
#3165=VERTEX_POINT('',#9783);
#3166=VERTEX_POINT('',#9807);
#3167=VERTEX_POINT('',#9808);
#3168=VERTEX_POINT('',#9812);
#3169=VERTEX_POINT('',#9814);
#3170=VERTEX_POINT('',#9825);
#3171=VERTEX_POINT('',#9829);
#3172=VERTEX_POINT('',#9840);
#3173=VERTEX_POINT('',#9844);
#3174=VERTEX_POINT('',#9855);
#3175=VERTEX_POINT('',#9859);
#3176=VERTEX_POINT('',#9870);
#3177=VERTEX_POINT('',#9874);
#3178=VERTEX_POINT('',#9880);
#3179=VERTEX_POINT('',#9882);
#3180=VERTEX_POINT('',#9886);
#3181=VERTEX_POINT('',#9888);
#3182=VERTEX_POINT('',#9892);
#3183=VERTEX_POINT('',#9894);
#3184=VERTEX_POINT('',#9903);
#3185=VERTEX_POINT('',#9907);
#3186=VERTEX_POINT('',#9918);
#3187=VERTEX_POINT('',#9922);
#3188=VERTEX_POINT('',#9933);
#3189=VERTEX_POINT('',#9937);
#3190=VERTEX_POINT('',#9948);
#3191=VERTEX_POINT('',#9952);
#3192=VERTEX_POINT('',#9963);
#3193=VERTEX_POINT('',#9967);
#3194=VERTEX_POINT('',#9973);
#3195=VERTEX_POINT('',#9975);
#3196=VERTEX_POINT('',#9979);
#3197=VERTEX_POINT('',#9981);
#3198=VERTEX_POINT('',#9985);
#3199=VERTEX_POINT('',#9987);
#3200=VERTEX_POINT('',#9991);
#3201=VERTEX_POINT('',#9993);
#3202=VERTEX_POINT('',#9997);
#3203=VERTEX_POINT('',#9999);
#3204=VERTEX_POINT('',#10021);
#3205=VERTEX_POINT('',#10022);
#3206=VERTEX_POINT('',#10026);
#3207=VERTEX_POINT('',#10028);
#3208=VERTEX_POINT('',#10039);
#3209=VERTEX_POINT('',#10043);
#3210=VERTEX_POINT('',#10054);
#3211=VERTEX_POINT('',#10058);
#3212=VERTEX_POINT('',#10069);
#3213=VERTEX_POINT('',#10073);
#3214=VERTEX_POINT('',#10084);
#3215=VERTEX_POINT('',#10088);
#3216=VERTEX_POINT('',#10099);
#3217=VERTEX_POINT('',#10103);
#3218=VERTEX_POINT('',#10114);
#3219=VERTEX_POINT('',#10118);
#3220=VERTEX_POINT('',#10129);
#3221=VERTEX_POINT('',#10133);
#3222=VERTEX_POINT('',#10139);
#3223=VERTEX_POINT('',#10141);
#3224=VERTEX_POINT('',#10145);
#3225=VERTEX_POINT('',#10147);
#3226=VERTEX_POINT('',#10151);
#3227=VERTEX_POINT('',#10153);
#3228=VERTEX_POINT('',#10162);
#3229=VERTEX_POINT('',#10166);
#3230=VERTEX_POINT('',#10177);
#3231=VERTEX_POINT('',#10181);
#3232=VERTEX_POINT('',#10192);
#3233=VERTEX_POINT('',#10196);
#3234=VERTEX_POINT('',#10207);
#3235=VERTEX_POINT('',#10211);
#3236=VERTEX_POINT('',#10222);
#3237=VERTEX_POINT('',#10226);
#3238=VERTEX_POINT('',#10237);
#3239=VERTEX_POINT('',#10241);
#3240=VERTEX_POINT('',#10252);
#3241=VERTEX_POINT('',#10256);
#3242=VERTEX_POINT('',#10267);
#3243=VERTEX_POINT('',#10271);
#3244=VERTEX_POINT('',#10282);
#3245=VERTEX_POINT('',#10286);
#3246=VERTEX_POINT('',#10292);
#3247=VERTEX_POINT('',#10294);
#3248=VERTEX_POINT('',#10303);
#3249=VERTEX_POINT('',#10307);
#3250=VERTEX_POINT('',#10326);
#3251=VERTEX_POINT('',#10327);
#3252=VERTEX_POINT('',#10329);
#3253=VERTEX_POINT('',#10331);
#3254=VERTEX_POINT('',#10335);
#3255=VERTEX_POINT('',#10337);
#3256=VERTEX_POINT('',#10341);
#3257=VERTEX_POINT('',#10343);
#3258=VERTEX_POINT('',#10356);
#3259=VERTEX_POINT('',#10357);
#3260=VERTEX_POINT('',#10361);
#3261=VERTEX_POINT('',#10363);
#3262=VERTEX_POINT('',#10374);
#3263=VERTEX_POINT('',#10378);
#3264=VERTEX_POINT('',#10384);
#3265=VERTEX_POINT('',#10386);
#3266=VERTEX_POINT('',#10395);
#3267=VERTEX_POINT('',#10399);
#3268=VERTEX_POINT('',#10410);
#3269=VERTEX_POINT('',#10414);
#3270=VERTEX_POINT('',#10425);
#3271=VERTEX_POINT('',#10429);
#3272=VERTEX_POINT('',#10440);
#3273=VERTEX_POINT('',#10444);
#3274=VERTEX_POINT('',#10450);
#3275=VERTEX_POINT('',#10452);
#3276=VERTEX_POINT('',#10456);
#3277=VERTEX_POINT('',#10458);
#3278=VERTEX_POINT('',#10462);
#3279=VERTEX_POINT('',#10464);
#3280=VERTEX_POINT('',#10468);
#3281=VERTEX_POINT('',#10470);
#3282=VERTEX_POINT('',#10487);
#3283=VERTEX_POINT('',#10488);
#3284=VERTEX_POINT('',#10490);
#3285=VERTEX_POINT('',#10492);
#3286=VERTEX_POINT('',#10496);
#3287=VERTEX_POINT('',#10498);
#3288=VERTEX_POINT('',#10502);
#3289=VERTEX_POINT('',#10504);
#3290=VERTEX_POINT('',#10508);
#3291=VERTEX_POINT('',#10510);
#3292=VERTEX_POINT('',#10519);
#3293=VERTEX_POINT('',#10523);
#3294=VERTEX_POINT('',#10529);
#3295=VERTEX_POINT('',#10531);
#3296=VERTEX_POINT('',#10540);
#3297=VERTEX_POINT('',#10544);
#3298=VERTEX_POINT('',#10568);
#3299=VERTEX_POINT('',#10569);
#3300=VERTEX_POINT('',#10573);
#3301=VERTEX_POINT('',#10575);
#3302=VERTEX_POINT('',#10586);
#3303=VERTEX_POINT('',#10590);
#3304=VERTEX_POINT('',#10601);
#3305=VERTEX_POINT('',#10605);
#3306=VERTEX_POINT('',#10616);
#3307=VERTEX_POINT('',#10620);
#3308=VERTEX_POINT('',#10631);
#3309=VERTEX_POINT('',#10635);
#3310=VERTEX_POINT('',#10646);
#3311=VERTEX_POINT('',#10650);
#3312=VERTEX_POINT('',#10661);
#3313=VERTEX_POINT('',#10665);
#3314=VERTEX_POINT('',#10676);
#3315=VERTEX_POINT('',#10680);
#3316=VERTEX_POINT('',#10694);
#3317=VERTEX_POINT('',#10695);
#3318=VERTEX_POINT('',#10699);
#3319=VERTEX_POINT('',#10701);
#3320=VERTEX_POINT('',#10712);
#3321=VERTEX_POINT('',#10716);
#3322=VERTEX_POINT('',#10727);
#3323=VERTEX_POINT('',#10731);
#3324=VERTEX_POINT('',#10742);
#3325=VERTEX_POINT('',#10746);
#3326=VERTEX_POINT('',#10757);
#3327=VERTEX_POINT('',#10761);
#3328=VERTEX_POINT('',#10772);
#3329=VERTEX_POINT('',#10776);
#3330=VERTEX_POINT('',#10787);
#3331=VERTEX_POINT('',#10791);
#3332=VERTEX_POINT('',#10802);
#3333=VERTEX_POINT('',#10806);
#3334=VERTEX_POINT('',#10817);
#3335=VERTEX_POINT('',#10821);
#3336=VERTEX_POINT('',#10832);
#3337=VERTEX_POINT('',#10836);
#3338=VERTEX_POINT('',#10847);
#3339=VERTEX_POINT('',#10851);
#3340=VERTEX_POINT('',#10857);
#3341=VERTEX_POINT('',#10859);
#3342=VERTEX_POINT('',#10868);
#3343=VERTEX_POINT('',#10872);
#3344=VERTEX_POINT('',#10883);
#3345=VERTEX_POINT('',#10887);
#3346=VERTEX_POINT('',#10898);
#3347=VERTEX_POINT('',#10902);
#3348=VERTEX_POINT('',#10913);
#3349=VERTEX_POINT('',#10917);
#3350=VERTEX_POINT('',#10928);
#3351=VERTEX_POINT('',#10932);
#3352=VERTEX_POINT('',#10943);
#3353=VERTEX_POINT('',#10947);
#3354=VERTEX_POINT('',#10958);
#3355=VERTEX_POINT('',#10962);
#3356=VERTEX_POINT('',#10973);
#3357=VERTEX_POINT('',#10977);
#3358=VERTEX_POINT('',#10983);
#3359=VERTEX_POINT('',#10985);
#3360=VERTEX_POINT('',#10994);
#3361=VERTEX_POINT('',#10998);
#3362=VERTEX_POINT('',#11017);
#3363=VERTEX_POINT('',#11018);
#3364=VERTEX_POINT('',#11020);
#3365=VERTEX_POINT('',#11022);
#3366=VERTEX_POINT('',#11026);
#3367=VERTEX_POINT('',#11028);
#3368=VERTEX_POINT('',#11038);
#3369=VERTEX_POINT('',#11042);
#3370=VERTEX_POINT('',#11053);
#3371=VERTEX_POINT('',#11057);
#3372=VERTEX_POINT('',#11063);
#3373=VERTEX_POINT('',#11065);
#3374=VERTEX_POINT('',#11074);
#3375=VERTEX_POINT('',#11078);
#3376=VERTEX_POINT('',#11089);
#3377=VERTEX_POINT('',#11093);
#3378=VERTEX_POINT('',#11104);
#3379=VERTEX_POINT('',#11108);
#3380=VERTEX_POINT('',#11119);
#3381=VERTEX_POINT('',#11123);
#3382=VERTEX_POINT('',#11129);
#3383=VERTEX_POINT('',#11131);
#3384=VERTEX_POINT('',#11135);
#3385=VERTEX_POINT('',#11137);
#3386=VERTEX_POINT('',#11141);
#3387=VERTEX_POINT('',#11143);
#3388=VERTEX_POINT('',#11152);
#3389=VERTEX_POINT('',#11156);
#3390=VERTEX_POINT('',#11167);
#3391=VERTEX_POINT('',#11171);
#3392=VERTEX_POINT('',#11177);
#3393=VERTEX_POINT('',#11179);
#3394=VERTEX_POINT('',#11183);
#3395=VERTEX_POINT('',#11185);
#3396=VERTEX_POINT('',#11189);
#3397=VERTEX_POINT('',#11191);
#3398=VERTEX_POINT('',#11214);
#3399=VERTEX_POINT('',#11218);
#3400=VERTEX_POINT('',#11229);
#3401=VERTEX_POINT('',#11233);
#3402=VERTEX_POINT('',#11239);
#3403=VERTEX_POINT('',#11241);
#3404=VERTEX_POINT('',#11245);
#3405=VERTEX_POINT('',#11247);
#3406=VERTEX_POINT('',#11251);
#3407=VERTEX_POINT('',#11253);
#3408=VERTEX_POINT('',#11257);
#3409=VERTEX_POINT('',#11259);
#3410=VERTEX_POINT('',#11263);
#3411=VERTEX_POINT('',#11265);
#3412=VERTEX_POINT('',#11274);
#3413=VERTEX_POINT('',#11278);
#3414=VERTEX_POINT('',#11289);
#3415=VERTEX_POINT('',#11293);
#3416=VERTEX_POINT('',#11304);
#3417=VERTEX_POINT('',#11308);
#3418=VERTEX_POINT('',#11319);
#3419=VERTEX_POINT('',#11323);
#3420=VERTEX_POINT('',#11341);
#3421=VERTEX_POINT('',#11342);
#3422=VERTEX_POINT('',#11346);
#3423=VERTEX_POINT('',#11348);
#3424=VERTEX_POINT('',#11359);
#3425=VERTEX_POINT('',#11363);
#3426=VERTEX_POINT('',#11374);
#3427=VERTEX_POINT('',#11378);
#3428=VERTEX_POINT('',#11389);
#3429=VERTEX_POINT('',#11393);
#3430=VERTEX_POINT('',#11399);
#3431=VERTEX_POINT('',#11401);
#3432=VERTEX_POINT('',#11410);
#3433=VERTEX_POINT('',#11414);
#3434=VERTEX_POINT('',#11425);
#3435=VERTEX_POINT('',#11429);
#3436=VERTEX_POINT('',#11440);
#3437=VERTEX_POINT('',#11444);
#3438=VERTEX_POINT('',#11455);
#3439=VERTEX_POINT('',#11459);
#3440=VERTEX_POINT('',#11465);
#3441=VERTEX_POINT('',#11467);
#3442=VERTEX_POINT('',#11471);
#3443=VERTEX_POINT('',#11473);
#3444=VERTEX_POINT('',#11477);
#3445=VERTEX_POINT('',#11479);
#3446=VERTEX_POINT('',#11483);
#3447=VERTEX_POINT('',#11485);
#3448=VERTEX_POINT('',#11489);
#3449=VERTEX_POINT('',#11491);
#3450=VERTEX_POINT('',#11495);
#3451=VERTEX_POINT('',#11497);
#3452=VERTEX_POINT('',#11501);
#3453=VERTEX_POINT('',#11503);
#3454=VERTEX_POINT('',#11507);
#3455=VERTEX_POINT('',#11509);
#3456=VERTEX_POINT('',#11513);
#3457=VERTEX_POINT('',#11515);
#3458=VERTEX_POINT('',#11519);
#3459=VERTEX_POINT('',#11521);
#3460=VERTEX_POINT('',#11534);
#3461=VERTEX_POINT('',#11535);
#3462=VERTEX_POINT('',#11539);
#3463=VERTEX_POINT('',#11541);
#3464=VERTEX_POINT('',#11552);
#3465=VERTEX_POINT('',#11556);
#3466=VERTEX_POINT('',#11567);
#3467=VERTEX_POINT('',#11571);
#3468=VERTEX_POINT('',#11582);
#3469=VERTEX_POINT('',#11586);
#3470=VERTEX_POINT('',#11597);
#3471=VERTEX_POINT('',#11601);
#3472=VERTEX_POINT('',#11612);
#3473=VERTEX_POINT('',#11616);
#3474=VERTEX_POINT('',#11627);
#3475=VERTEX_POINT('',#11631);
#3476=VERTEX_POINT('',#11642);
#3477=VERTEX_POINT('',#11646);
#3478=VERTEX_POINT('',#11657);
#3479=VERTEX_POINT('',#11661);
#3480=VERTEX_POINT('',#11679);
#3481=VERTEX_POINT('',#11680);
#3482=VERTEX_POINT('',#11682);
#3483=VERTEX_POINT('',#11684);
#3484=VERTEX_POINT('',#11693);
#3485=VERTEX_POINT('',#11697);
#3486=VERTEX_POINT('',#11708);
#3487=VERTEX_POINT('',#11712);
#3488=VERTEX_POINT('',#11723);
#3489=VERTEX_POINT('',#11727);
#3490=VERTEX_POINT('',#11738);
#3491=VERTEX_POINT('',#11742);
#3492=VERTEX_POINT('',#11753);
#3493=VERTEX_POINT('',#11757);
#3494=VERTEX_POINT('',#11768);
#3495=VERTEX_POINT('',#11772);
#3496=VERTEX_POINT('',#11783);
#3497=VERTEX_POINT('',#11787);
#3498=VERTEX_POINT('',#11793);
#3499=VERTEX_POINT('',#11795);
#3500=VERTEX_POINT('',#11799);
#3501=VERTEX_POINT('',#11801);
#3502=VERTEX_POINT('',#11805);
#3503=VERTEX_POINT('',#11807);
#3504=VERTEX_POINT('',#11815);
#3505=VERTEX_POINT('',#11816);
#3506=VERTEX_POINT('',#11818);
#3507=VERTEX_POINT('',#11820);
#3508=VERTEX_POINT('',#11824);
#3509=VERTEX_POINT('',#11826);
#3510=VERTEX_POINT('',#11830);
#3511=VERTEX_POINT('',#11832);
#3512=VERTEX_POINT('',#11845);
#3513=VERTEX_POINT('',#11846);
#3514=VERTEX_POINT('',#11850);
#3515=VERTEX_POINT('',#11852);
#3516=VERTEX_POINT('',#11863);
#3517=VERTEX_POINT('',#11867);
#3518=VERTEX_POINT('',#11878);
#3519=VERTEX_POINT('',#11882);
#3520=VERTEX_POINT('',#11893);
#3521=VERTEX_POINT('',#11897);
#3522=VERTEX_POINT('',#11908);
#3523=VERTEX_POINT('',#11912);
#3524=VERTEX_POINT('',#11923);
#3525=VERTEX_POINT('',#11927);
#3526=VERTEX_POINT('',#11938);
#3527=VERTEX_POINT('',#11942);
#3528=VERTEX_POINT('',#11953);
#3529=VERTEX_POINT('',#11957);
#3530=VERTEX_POINT('',#11980);
#3531=VERTEX_POINT('',#11981);
#3532=VERTEX_POINT('',#11985);
#3533=VERTEX_POINT('',#11987);
#3534=VERTEX_POINT('',#11998);
#3535=VERTEX_POINT('',#12002);
#3536=VERTEX_POINT('',#12013);
#3537=VERTEX_POINT('',#12017);
#3538=VERTEX_POINT('',#12028);
#3539=VERTEX_POINT('',#12032);
#3540=VERTEX_POINT('',#12043);
#3541=VERTEX_POINT('',#12047);
#3542=VERTEX_POINT('',#12058);
#3543=VERTEX_POINT('',#12062);
#3544=VERTEX_POINT('',#12073);
#3545=VERTEX_POINT('',#12077);
#3546=VERTEX_POINT('',#12088);
#3547=VERTEX_POINT('',#12092);
#3548=VERTEX_POINT('',#12103);
#3549=VERTEX_POINT('',#12107);
#3550=VERTEX_POINT('',#12113);
#3551=VERTEX_POINT('',#12115);
#3552=VERTEX_POINT('',#12119);
#3553=VERTEX_POINT('',#12121);
#3554=VERTEX_POINT('',#12125);
#3555=VERTEX_POINT('',#12127);
#3556=VERTEX_POINT('',#12131);
#3557=VERTEX_POINT('',#12133);
#3558=VERTEX_POINT('',#12146);
#3559=VERTEX_POINT('',#12147);
#3560=VERTEX_POINT('',#12151);
#3561=VERTEX_POINT('',#12153);
#3562=VERTEX_POINT('',#12164);
#3563=VERTEX_POINT('',#12168);
#3564=VERTEX_POINT('',#12179);
#3565=VERTEX_POINT('',#12183);
#3566=VERTEX_POINT('',#12194);
#3567=VERTEX_POINT('',#12198);
#3568=VERTEX_POINT('',#12209);
#3569=VERTEX_POINT('',#12213);
#3570=VERTEX_POINT('',#12227);
#3571=VERTEX_POINT('',#12228);
#3572=VERTEX_POINT('',#12232);
#3573=VERTEX_POINT('',#12234);
#3574=VERTEX_POINT('',#12245);
#3575=VERTEX_POINT('',#12249);
#3576=VERTEX_POINT('',#12260);
#3577=VERTEX_POINT('',#12264);
#3578=VERTEX_POINT('',#12275);
#3579=VERTEX_POINT('',#12279);
#3580=VERTEX_POINT('',#12290);
#3581=VERTEX_POINT('',#12294);
#3582=VERTEX_POINT('',#12305);
#3583=VERTEX_POINT('',#12309);
#3584=VERTEX_POINT('',#12320);
#3585=VERTEX_POINT('',#12324);
#3586=VERTEX_POINT('',#12330);
#3587=VERTEX_POINT('',#12332);
#3588=VERTEX_POINT('',#12341);
#3589=VERTEX_POINT('',#12345);
#3590=VERTEX_POINT('',#12356);
#3591=VERTEX_POINT('',#12360);
#3592=VERTEX_POINT('',#12371);
#3593=VERTEX_POINT('',#12375);
#3594=VERTEX_POINT('',#12386);
#3595=VERTEX_POINT('',#12390);
#3596=VERTEX_POINT('',#12396);
#3597=VERTEX_POINT('',#12398);
#3598=VERTEX_POINT('',#12407);
#3599=VERTEX_POINT('',#12411);
#3600=VERTEX_POINT('',#12435);
#3601=VERTEX_POINT('',#12436);
#3602=VERTEX_POINT('',#12440);
#3603=VERTEX_POINT('',#12442);
#3604=VERTEX_POINT('',#12453);
#3605=VERTEX_POINT('',#12457);
#3606=VERTEX_POINT('',#12468);
#3607=VERTEX_POINT('',#12472);
#3608=VERTEX_POINT('',#12483);
#3609=VERTEX_POINT('',#12487);
#3610=VERTEX_POINT('',#12498);
#3611=VERTEX_POINT('',#12502);
#3612=VERTEX_POINT('',#12513);
#3613=VERTEX_POINT('',#12517);
#3614=VERTEX_POINT('',#12528);
#3615=VERTEX_POINT('',#12532);
#3616=VERTEX_POINT('',#12543);
#3617=VERTEX_POINT('',#12547);
#3618=VERTEX_POINT('',#12558);
#3619=VERTEX_POINT('',#12562);
#3620=VERTEX_POINT('',#12585);
#3621=VERTEX_POINT('',#12586);
#3622=VERTEX_POINT('',#12590);
#3623=VERTEX_POINT('',#12592);
#3624=VERTEX_POINT('',#12603);
#3625=VERTEX_POINT('',#12607);
#3626=VERTEX_POINT('',#12618);
#3627=VERTEX_POINT('',#12622);
#3628=VERTEX_POINT('',#12633);
#3629=VERTEX_POINT('',#12637);
#3630=VERTEX_POINT('',#12648);
#3631=VERTEX_POINT('',#12652);
#3632=VERTEX_POINT('',#12663);
#3633=VERTEX_POINT('',#12667);
#3634=VERTEX_POINT('',#12678);
#3635=VERTEX_POINT('',#12682);
#3636=VERTEX_POINT('',#12693);
#3637=VERTEX_POINT('',#12697);
#3638=VERTEX_POINT('',#12708);
#3639=VERTEX_POINT('',#12712);
#3640=VERTEX_POINT('',#12731);
#3641=VERTEX_POINT('',#12732);
#3642=VERTEX_POINT('',#12734);
#3643=VERTEX_POINT('',#12736);
#3644=VERTEX_POINT('',#12745);
#3645=VERTEX_POINT('',#12749);
#3646=VERTEX_POINT('',#12760);
#3647=VERTEX_POINT('',#12764);
#3648=VERTEX_POINT('',#12775);
#3649=VERTEX_POINT('',#12779);
#3650=VERTEX_POINT('',#12785);
#3651=VERTEX_POINT('',#12787);
#3652=VERTEX_POINT('',#12791);
#3653=VERTEX_POINT('',#12793);
#3654=VERTEX_POINT('',#12797);
#3655=VERTEX_POINT('',#12799);
#3656=VERTEX_POINT('',#12803);
#3657=VERTEX_POINT('',#12805);
#3658=VERTEX_POINT('',#12809);
#3659=VERTEX_POINT('',#12811);
#3660=VERTEX_POINT('',#12824);
#3661=VERTEX_POINT('',#12825);
#3662=VERTEX_POINT('',#12829);
#3663=VERTEX_POINT('',#12831);
#3664=VERTEX_POINT('',#12842);
#3665=VERTEX_POINT('',#12846);
#3666=VERTEX_POINT('',#12857);
#3667=VERTEX_POINT('',#12861);
#3668=VERTEX_POINT('',#12872);
#3669=VERTEX_POINT('',#12876);
#3670=VERTEX_POINT('',#12887);
#3671=VERTEX_POINT('',#12891);
#3672=VERTEX_POINT('',#12902);
#3673=VERTEX_POINT('',#12906);
#3674=VERTEX_POINT('',#12917);
#3675=VERTEX_POINT('',#12921);
#3676=VERTEX_POINT('',#12932);
#3677=VERTEX_POINT('',#12936);
#3678=VERTEX_POINT('',#12947);
#3679=VERTEX_POINT('',#12951);
#3680=VERTEX_POINT('',#12962);
#3681=VERTEX_POINT('',#12966);
#3682=VERTEX_POINT('',#12972);
#3683=VERTEX_POINT('',#12974);
#3684=VERTEX_POINT('',#12983);
#3685=VERTEX_POINT('',#12987);
#3686=VERTEX_POINT('',#12998);
#3687=VERTEX_POINT('',#13002);
#3688=VERTEX_POINT('',#13013);
#3689=VERTEX_POINT('',#13017);
#3690=VERTEX_POINT('',#13028);
#3691=VERTEX_POINT('',#13032);
#3692=VERTEX_POINT('',#13043);
#3693=VERTEX_POINT('',#13047);
#3694=VERTEX_POINT('',#13058);
#3695=VERTEX_POINT('',#13062);
#3696=VERTEX_POINT('',#13073);
#3697=VERTEX_POINT('',#13077);
#3698=VERTEX_POINT('',#13083);
#3699=VERTEX_POINT('',#13085);
#3700=VERTEX_POINT('',#13094);
#3701=VERTEX_POINT('',#13098);
#3702=VERTEX_POINT('',#13109);
#3703=VERTEX_POINT('',#13113);
#3704=VERTEX_POINT('',#13124);
#3705=VERTEX_POINT('',#13128);
#3706=VERTEX_POINT('',#13139);
#3707=VERTEX_POINT('',#13143);
#3708=VERTEX_POINT('',#13154);
#3709=VERTEX_POINT('',#13158);
#3710=VERTEX_POINT('',#13169);
#3711=VERTEX_POINT('',#13173);
#3712=VERTEX_POINT('',#13184);
#3713=VERTEX_POINT('',#13188);
#3714=VERTEX_POINT('',#13194);
#3715=VERTEX_POINT('',#13196);
#3716=VERTEX_POINT('',#13205);
#3717=VERTEX_POINT('',#13209);
#3718=VERTEX_POINT('',#13233);
#3719=VERTEX_POINT('',#13234);
#3720=VERTEX_POINT('',#13238);
#3721=VERTEX_POINT('',#13240);
#3722=VERTEX_POINT('',#13251);
#3723=VERTEX_POINT('',#13255);
#3724=VERTEX_POINT('',#13261);
#3725=VERTEX_POINT('',#13263);
#3726=VERTEX_POINT('',#13272);
#3727=VERTEX_POINT('',#13276);
#3728=VERTEX_POINT('',#13287);
#3729=VERTEX_POINT('',#13291);
#3730=VERTEX_POINT('',#13297);
#3731=VERTEX_POINT('',#13299);
#3732=VERTEX_POINT('',#13303);
#3733=VERTEX_POINT('',#13305);
#3734=VERTEX_POINT('',#13309);
#3735=VERTEX_POINT('',#13311);
#3736=VERTEX_POINT('',#13319);
#3737=VERTEX_POINT('',#13320);
#3738=VERTEX_POINT('',#13322);
#3739=VERTEX_POINT('',#13324);
#3740=VERTEX_POINT('',#13333);
#3741=VERTEX_POINT('',#13337);
#3742=VERTEX_POINT('',#13348);
#3743=VERTEX_POINT('',#13352);
#3744=VERTEX_POINT('',#13363);
#3745=VERTEX_POINT('',#13367);
#3746=VERTEX_POINT('',#13378);
#3747=VERTEX_POINT('',#13382);
#3748=VERTEX_POINT('',#13393);
#3749=VERTEX_POINT('',#13397);
#3750=VERTEX_POINT('',#13408);
#3751=VERTEX_POINT('',#13412);
#3752=VERTEX_POINT('',#13423);
#3753=VERTEX_POINT('',#13427);
#3754=VERTEX_POINT('',#13433);
#3755=VERTEX_POINT('',#13435);
#3756=VERTEX_POINT('',#13439);
#3757=VERTEX_POINT('',#13441);
#3758=VERTEX_POINT('',#13445);
#3759=VERTEX_POINT('',#13447);
#3760=VERTEX_POINT('',#13456);
#3761=VERTEX_POINT('',#13460);
#3762=VERTEX_POINT('',#13471);
#3763=VERTEX_POINT('',#13475);
#3764=VERTEX_POINT('',#13486);
#3765=VERTEX_POINT('',#13490);
#3766=VERTEX_POINT('',#13501);
#3767=VERTEX_POINT('',#13505);
#3768=VERTEX_POINT('',#13516);
#3769=VERTEX_POINT('',#13520);
#3770=VERTEX_POINT('',#13526);
#3771=VERTEX_POINT('',#13528);
#3772=VERTEX_POINT('',#13532);
#3773=VERTEX_POINT('',#13534);
#3774=VERTEX_POINT('',#13538);
#3775=VERTEX_POINT('',#13540);
#3776=VERTEX_POINT('',#13549);
#3777=VERTEX_POINT('',#13553);
#3778=VERTEX_POINT('',#13564);
#3779=VERTEX_POINT('',#13568);
#3780=VERTEX_POINT('',#13579);
#3781=VERTEX_POINT('',#13583);
#3782=VERTEX_POINT('',#13594);
#3783=VERTEX_POINT('',#13598);
#3784=VERTEX_POINT('',#13609);
#3785=VERTEX_POINT('',#13613);
#3786=VERTEX_POINT('',#13624);
#3787=VERTEX_POINT('',#13628);
#3788=VERTEX_POINT('',#13639);
#3789=VERTEX_POINT('',#13643);
#3790=VERTEX_POINT('',#13654);
#3791=VERTEX_POINT('',#13658);
#3792=VERTEX_POINT('',#13664);
#3793=VERTEX_POINT('',#13666);
#3794=VERTEX_POINT('',#13670);
#3795=VERTEX_POINT('',#13672);
#3796=VERTEX_POINT('',#13676);
#3797=VERTEX_POINT('',#13678);
#3798=VERTEX_POINT('',#13691);
#3799=VERTEX_POINT('',#13692);
#3800=VERTEX_POINT('',#13696);
#3801=VERTEX_POINT('',#13698);
#3802=VERTEX_POINT('',#13709);
#3803=VERTEX_POINT('',#13713);
#3804=VERTEX_POINT('',#13724);
#3805=VERTEX_POINT('',#13728);
#3806=VERTEX_POINT('',#13739);
#3807=VERTEX_POINT('',#13743);
#3808=VERTEX_POINT('',#13749);
#3809=VERTEX_POINT('',#13751);
#3810=VERTEX_POINT('',#13760);
#3811=VERTEX_POINT('',#13764);
#3812=VERTEX_POINT('',#13775);
#3813=VERTEX_POINT('',#13779);
#3814=VERTEX_POINT('',#13790);
#3815=VERTEX_POINT('',#13794);
#3816=VERTEX_POINT('',#13805);
#3817=VERTEX_POINT('',#13809);
#3818=VERTEX_POINT('',#13815);
#3819=VERTEX_POINT('',#13817);
#3820=VERTEX_POINT('',#13821);
#3821=VERTEX_POINT('',#13823);
#3822=VERTEX_POINT('',#13827);
#3823=VERTEX_POINT('',#13829);
#3824=VERTEX_POINT('',#13833);
#3825=VERTEX_POINT('',#13835);
#3826=VERTEX_POINT('',#13839);
#3827=VERTEX_POINT('',#13841);
#3828=VERTEX_POINT('',#13845);
#3829=VERTEX_POINT('',#13847);
#3830=VERTEX_POINT('',#13851);
#3831=VERTEX_POINT('',#13853);
#3832=VERTEX_POINT('',#13857);
#3833=VERTEX_POINT('',#13859);
#3834=VERTEX_POINT('',#13863);
#3835=VERTEX_POINT('',#13865);
#3836=VERTEX_POINT('',#13869);
#3837=VERTEX_POINT('',#13871);
#3838=VERTEX_POINT('',#13884);
#3839=VERTEX_POINT('',#13885);
#3840=VERTEX_POINT('',#13889);
#3841=VERTEX_POINT('',#13891);
#3842=VERTEX_POINT('',#13902);
#3843=VERTEX_POINT('',#13906);
#3844=VERTEX_POINT('',#13917);
#3845=VERTEX_POINT('',#13921);
#3846=VERTEX_POINT('',#13932);
#3847=VERTEX_POINT('',#13936);
#3848=VERTEX_POINT('',#13947);
#3849=VERTEX_POINT('',#13951);
#3850=VERTEX_POINT('',#13962);
#3851=VERTEX_POINT('',#13966);
#3852=VERTEX_POINT('',#13977);
#3853=VERTEX_POINT('',#13981);
#3854=VERTEX_POINT('',#13992);
#3855=VERTEX_POINT('',#13996);
#3856=VERTEX_POINT('',#14019);
#3857=VERTEX_POINT('',#14020);
#3858=VERTEX_POINT('',#14024);
#3859=VERTEX_POINT('',#14026);
#3860=VERTEX_POINT('',#14037);
#3861=VERTEX_POINT('',#14041);
#3862=VERTEX_POINT('',#14052);
#3863=VERTEX_POINT('',#14056);
#3864=VERTEX_POINT('',#14067);
#3865=VERTEX_POINT('',#14071);
#3866=VERTEX_POINT('',#14082);
#3867=VERTEX_POINT('',#14086);
#3868=VERTEX_POINT('',#14097);
#3869=VERTEX_POINT('',#14101);
#3870=VERTEX_POINT('',#14112);
#3871=VERTEX_POINT('',#14116);
#3872=VERTEX_POINT('',#14127);
#3873=VERTEX_POINT('',#14131);
#3874=VERTEX_POINT('',#14150);
#3875=VERTEX_POINT('',#14151);
#3876=VERTEX_POINT('',#14153);
#3877=VERTEX_POINT('',#14155);
#3878=VERTEX_POINT('',#14159);
#3879=VERTEX_POINT('',#14161);
#3880=VERTEX_POINT('',#14165);
#3881=VERTEX_POINT('',#14167);
#3882=VERTEX_POINT('',#14183);
#3883=VERTEX_POINT('',#14184);
#3884=VERTEX_POINT('',#14186);
#3885=VERTEX_POINT('',#14188);
#3886=VERTEX_POINT('',#14192);
#3887=VERTEX_POINT('',#14194);
#3888=VERTEX_POINT('',#14198);
#3889=VERTEX_POINT('',#14200);
#3890=VERTEX_POINT('',#14204);
#3891=VERTEX_POINT('',#14206);
#3892=VERTEX_POINT('',#14210);
#3893=VERTEX_POINT('',#14212);
#3894=VERTEX_POINT('',#14216);
#3895=VERTEX_POINT('',#14218);
#3896=VERTEX_POINT('',#14222);
#3897=VERTEX_POINT('',#14224);
#3898=EDGE_CURVE('',#3094,#3095,#1778,.T.);
#3899=EDGE_CURVE('',#3094,#3096,#1779,.T.);
#3900=EDGE_CURVE('',#3096,#3097,#1780,.T.);
#3901=EDGE_CURVE('',#3095,#3097,#1781,.T.);
#3902=EDGE_CURVE('',#3098,#3094,#1782,.T.);
#3903=EDGE_CURVE('',#3098,#3099,#1783,.T.);
#3904=EDGE_CURVE('',#3099,#3096,#1784,.T.);
#3905=EDGE_CURVE('',#3100,#3098,#1785,.T.);
#3906=EDGE_CURVE('',#3100,#3101,#1786,.T.);
#3907=EDGE_CURVE('',#3101,#3099,#1787,.T.);
#3908=EDGE_CURVE('',#3095,#3100,#1788,.T.);
#3909=EDGE_CURVE('',#3097,#3101,#1789,.T.);
#3910=EDGE_CURVE('',#3102,#3103,#56,.T.);
#3911=EDGE_CURVE('',#3102,#3104,#1790,.T.);
#3912=EDGE_CURVE('',#3104,#3105,#57,.T.);
#3913=EDGE_CURVE('',#3103,#3105,#1791,.T.);
#3914=EDGE_CURVE('',#3106,#3102,#58,.T.);
#3915=EDGE_CURVE('',#3106,#3107,#1792,.T.);
#3916=EDGE_CURVE('',#3107,#3104,#59,.T.);
#3917=EDGE_CURVE('',#3108,#3106,#60,.T.);
#3918=EDGE_CURVE('',#3108,#3109,#1793,.T.);
#3919=EDGE_CURVE('',#3109,#3107,#61,.T.);
#3920=EDGE_CURVE('',#3110,#3108,#62,.T.);
#3921=EDGE_CURVE('',#3110,#3111,#1794,.T.);
#3922=EDGE_CURVE('',#3111,#3109,#63,.T.);
#3923=EDGE_CURVE('',#3112,#3110,#64,.T.);
#3924=EDGE_CURVE('',#3112,#3113,#1795,.T.);
#3925=EDGE_CURVE('',#3113,#3111,#65,.T.);
#3926=EDGE_CURVE('',#3114,#3112,#66,.T.);
#3927=EDGE_CURVE('',#3114,#3115,#1796,.T.);
#3928=EDGE_CURVE('',#3115,#3113,#67,.T.);
#3929=EDGE_CURVE('',#3116,#3114,#68,.T.);
#3930=EDGE_CURVE('',#3116,#3117,#1797,.T.);
#3931=EDGE_CURVE('',#3117,#3115,#69,.T.);
#3932=EDGE_CURVE('',#3118,#3116,#70,.T.);
#3933=EDGE_CURVE('',#3118,#3119,#1798,.T.);
#3934=EDGE_CURVE('',#3119,#3117,#71,.T.);
#3935=EDGE_CURVE('',#3103,#3118,#1799,.T.);
#3936=EDGE_CURVE('',#3105,#3119,#1800,.T.);
#3937=EDGE_CURVE('',#3120,#3121,#72,.T.);
#3938=EDGE_CURVE('',#3120,#3122,#1801,.T.);
#3939=EDGE_CURVE('',#3122,#3123,#73,.T.);
#3940=EDGE_CURVE('',#3121,#3123,#1802,.T.);
#3941=EDGE_CURVE('',#3124,#3120,#74,.T.);
#3942=EDGE_CURVE('',#3124,#3125,#1803,.T.);
#3943=EDGE_CURVE('',#3125,#3122,#75,.T.);
#3944=EDGE_CURVE('',#3126,#3124,#76,.T.);
#3945=EDGE_CURVE('',#3126,#3127,#1804,.T.);
#3946=EDGE_CURVE('',#3127,#3125,#77,.T.);
#3947=EDGE_CURVE('',#3128,#3126,#78,.T.);
#3948=EDGE_CURVE('',#3128,#3129,#1805,.T.);
#3949=EDGE_CURVE('',#3129,#3127,#79,.T.);
#3950=EDGE_CURVE('',#3130,#3128,#80,.T.);
#3951=EDGE_CURVE('',#3130,#3131,#1806,.T.);
#3952=EDGE_CURVE('',#3131,#3129,#81,.T.);
#3953=EDGE_CURVE('',#3132,#3130,#82,.T.);
#3954=EDGE_CURVE('',#3132,#3133,#1807,.T.);
#3955=EDGE_CURVE('',#3133,#3131,#83,.T.);
#3956=EDGE_CURVE('',#3134,#3132,#84,.T.);
#3957=EDGE_CURVE('',#3134,#3135,#1808,.T.);
#3958=EDGE_CURVE('',#3135,#3133,#85,.T.);
#3959=EDGE_CURVE('',#3136,#3134,#86,.T.);
#3960=EDGE_CURVE('',#3136,#3137,#1809,.T.);
#3961=EDGE_CURVE('',#3137,#3135,#87,.T.);
#3962=EDGE_CURVE('',#3138,#3136,#88,.T.);
#3963=EDGE_CURVE('',#3138,#3139,#1810,.T.);
#3964=EDGE_CURVE('',#3139,#3137,#89,.T.);
#3965=EDGE_CURVE('',#3140,#3138,#90,.T.);
#3966=EDGE_CURVE('',#3140,#3141,#1811,.T.);
#3967=EDGE_CURVE('',#3141,#3139,#91,.T.);
#3968=EDGE_CURVE('',#3142,#3140,#92,.T.);
#3969=EDGE_CURVE('',#3142,#3143,#1812,.T.);
#3970=EDGE_CURVE('',#3143,#3141,#93,.T.);
#3971=EDGE_CURVE('',#3144,#3142,#1813,.T.);
#3972=EDGE_CURVE('',#3144,#3145,#1814,.T.);
#3973=EDGE_CURVE('',#3145,#3143,#1815,.T.);
#3974=EDGE_CURVE('',#3146,#3144,#94,.T.);
#3975=EDGE_CURVE('',#3146,#3147,#1816,.T.);
#3976=EDGE_CURVE('',#3147,#3145,#95,.T.);
#3977=EDGE_CURVE('',#3148,#3146,#96,.T.);
#3978=EDGE_CURVE('',#3148,#3149,#1817,.T.);
#3979=EDGE_CURVE('',#3149,#3147,#97,.T.);
#3980=EDGE_CURVE('',#3150,#3148,#98,.T.);
#3981=EDGE_CURVE('',#3150,#3151,#1818,.T.);
#3982=EDGE_CURVE('',#3151,#3149,#99,.T.);
#3983=EDGE_CURVE('',#3152,#3150,#100,.T.);
#3984=EDGE_CURVE('',#3152,#3153,#1819,.T.);
#3985=EDGE_CURVE('',#3153,#3151,#101,.T.);
#3986=EDGE_CURVE('',#3154,#3152,#102,.T.);
#3987=EDGE_CURVE('',#3154,#3155,#1820,.T.);
#3988=EDGE_CURVE('',#3155,#3153,#103,.T.);
#3989=EDGE_CURVE('',#3156,#3154,#104,.T.);
#3990=EDGE_CURVE('',#3156,#3157,#1821,.T.);
#3991=EDGE_CURVE('',#3157,#3155,#105,.T.);
#3992=EDGE_CURVE('',#3158,#3156,#106,.T.);
#3993=EDGE_CURVE('',#3158,#3159,#1822,.T.);
#3994=EDGE_CURVE('',#3159,#3157,#107,.T.);
#3995=EDGE_CURVE('',#3160,#3158,#108,.T.);
#3996=EDGE_CURVE('',#3160,#3161,#1823,.T.);
#3997=EDGE_CURVE('',#3161,#3159,#109,.T.);
#3998=EDGE_CURVE('',#3162,#3160,#1824,.T.);
#3999=EDGE_CURVE('',#3162,#3163,#1825,.T.);
#4000=EDGE_CURVE('',#3163,#3161,#1826,.T.);
#4001=EDGE_CURVE('',#3164,#3162,#110,.T.);
#4002=EDGE_CURVE('',#3164,#3165,#1827,.T.);
#4003=EDGE_CURVE('',#3165,#3163,#111,.T.);
#4004=EDGE_CURVE('',#3121,#3164,#112,.T.);
#4005=EDGE_CURVE('',#3123,#3165,#113,.T.);
#4006=EDGE_CURVE('',#3166,#3167,#114,.T.);
#4007=EDGE_CURVE('',#3166,#3168,#1828,.T.);
#4008=EDGE_CURVE('',#3168,#3169,#115,.T.);
#4009=EDGE_CURVE('',#3167,#3169,#1829,.T.);
#4010=EDGE_CURVE('',#3170,#3166,#116,.T.);
#4011=EDGE_CURVE('',#3170,#3171,#1830,.T.);
#4012=EDGE_CURVE('',#3171,#3168,#117,.T.);
#4013=EDGE_CURVE('',#3172,#3170,#118,.T.);
#4014=EDGE_CURVE('',#3172,#3173,#1831,.T.);
#4015=EDGE_CURVE('',#3173,#3171,#119,.T.);
#4016=EDGE_CURVE('',#3174,#3172,#120,.T.);
#4017=EDGE_CURVE('',#3174,#3175,#1832,.T.);
#4018=EDGE_CURVE('',#3175,#3173,#121,.T.);
#4019=EDGE_CURVE('',#3176,#3174,#122,.T.);
#4020=EDGE_CURVE('',#3176,#3177,#1833,.T.);
#4021=EDGE_CURVE('',#3177,#3175,#123,.T.);
#4022=EDGE_CURVE('',#3178,#3176,#1834,.T.);
#4023=EDGE_CURVE('',#3178,#3179,#1835,.T.);
#4024=EDGE_CURVE('',#3179,#3177,#1836,.T.);
#4025=EDGE_CURVE('',#3180,#3178,#1837,.T.);
#4026=EDGE_CURVE('',#3180,#3181,#1838,.T.);
#4027=EDGE_CURVE('',#3181,#3179,#1839,.T.);
#4028=EDGE_CURVE('',#3182,#3180,#1840,.T.);
#4029=EDGE_CURVE('',#3182,#3183,#1841,.T.);
#4030=EDGE_CURVE('',#3183,#3181,#1842,.T.);
#4031=EDGE_CURVE('',#3184,#3182,#124,.T.);
#4032=EDGE_CURVE('',#3184,#3185,#1843,.T.);
#4033=EDGE_CURVE('',#3185,#3183,#125,.T.);
#4034=EDGE_CURVE('',#3186,#3184,#126,.T.);
#4035=EDGE_CURVE('',#3186,#3187,#1844,.T.);
#4036=EDGE_CURVE('',#3187,#3185,#127,.T.);
#4037=EDGE_CURVE('',#3188,#3186,#128,.T.);
#4038=EDGE_CURVE('',#3188,#3189,#1845,.T.);
#4039=EDGE_CURVE('',#3189,#3187,#129,.T.);
#4040=EDGE_CURVE('',#3190,#3188,#130,.T.);
#4041=EDGE_CURVE('',#3190,#3191,#1846,.T.);
#4042=EDGE_CURVE('',#3191,#3189,#131,.T.);
#4043=EDGE_CURVE('',#3192,#3190,#132,.T.);
#4044=EDGE_CURVE('',#3192,#3193,#1847,.T.);
#4045=EDGE_CURVE('',#3193,#3191,#133,.T.);
#4046=EDGE_CURVE('',#3194,#3192,#1848,.T.);
#4047=EDGE_CURVE('',#3194,#3195,#1849,.T.);
#4048=EDGE_CURVE('',#3195,#3193,#1850,.T.);
#4049=EDGE_CURVE('',#3196,#3194,#1851,.T.);
#4050=EDGE_CURVE('',#3196,#3197,#1852,.T.);
#4051=EDGE_CURVE('',#3197,#3195,#1853,.T.);
#4052=EDGE_CURVE('',#3198,#3196,#1854,.T.);
#4053=EDGE_CURVE('',#3198,#3199,#1855,.T.);
#4054=EDGE_CURVE('',#3199,#3197,#1856,.T.);
#4055=EDGE_CURVE('',#3200,#3198,#1857,.T.);
#4056=EDGE_CURVE('',#3200,#3201,#1858,.T.);
#4057=EDGE_CURVE('',#3201,#3199,#1859,.T.);
#4058=EDGE_CURVE('',#3202,#3200,#1860,.T.);
#4059=EDGE_CURVE('',#3202,#3203,#1861,.T.);
#4060=EDGE_CURVE('',#3203,#3201,#1862,.T.);
#4061=EDGE_CURVE('',#3167,#3202,#134,.T.);
#4062=EDGE_CURVE('',#3169,#3203,#135,.T.);
#4063=EDGE_CURVE('',#3204,#3205,#136,.T.);
#4064=EDGE_CURVE('',#3204,#3206,#1863,.T.);
#4065=EDGE_CURVE('',#3206,#3207,#137,.T.);
#4066=EDGE_CURVE('',#3205,#3207,#1864,.T.);
#4067=EDGE_CURVE('',#3208,#3204,#138,.T.);
#4068=EDGE_CURVE('',#3208,#3209,#1865,.T.);
#4069=EDGE_CURVE('',#3209,#3206,#139,.T.);
#4070=EDGE_CURVE('',#3210,#3208,#140,.T.);
#4071=EDGE_CURVE('',#3210,#3211,#1866,.T.);
#4072=EDGE_CURVE('',#3211,#3209,#141,.T.);
#4073=EDGE_CURVE('',#3212,#3210,#142,.T.);
#4074=EDGE_CURVE('',#3212,#3213,#1867,.T.);
#4075=EDGE_CURVE('',#3213,#3211,#143,.T.);
#4076=EDGE_CURVE('',#3214,#3212,#144,.T.);
#4077=EDGE_CURVE('',#3214,#3215,#1868,.T.);
#4078=EDGE_CURVE('',#3215,#3213,#145,.T.);
#4079=EDGE_CURVE('',#3216,#3214,#146,.T.);
#4080=EDGE_CURVE('',#3216,#3217,#1869,.T.);
#4081=EDGE_CURVE('',#3217,#3215,#147,.T.);
#4082=EDGE_CURVE('',#3218,#3216,#148,.T.);
#4083=EDGE_CURVE('',#3218,#3219,#1870,.T.);
#4084=EDGE_CURVE('',#3219,#3217,#149,.T.);
#4085=EDGE_CURVE('',#3220,#3218,#150,.T.);
#4086=EDGE_CURVE('',#3220,#3221,#1871,.T.);
#4087=EDGE_CURVE('',#3221,#3219,#151,.T.);
#4088=EDGE_CURVE('',#3222,#3220,#1872,.T.);
#4089=EDGE_CURVE('',#3222,#3223,#1873,.T.);
#4090=EDGE_CURVE('',#3223,#3221,#1874,.T.);
#4091=EDGE_CURVE('',#3224,#3222,#1875,.T.);
#4092=EDGE_CURVE('',#3224,#3225,#1876,.T.);
#4093=EDGE_CURVE('',#3225,#3223,#1877,.T.);
#4094=EDGE_CURVE('',#3226,#3224,#1878,.T.);
#4095=EDGE_CURVE('',#3226,#3227,#1879,.T.);
#4096=EDGE_CURVE('',#3227,#3225,#1880,.T.);
#4097=EDGE_CURVE('',#3228,#3226,#152,.T.);
#4098=EDGE_CURVE('',#3228,#3229,#1881,.T.);
#4099=EDGE_CURVE('',#3229,#3227,#153,.T.);
#4100=EDGE_CURVE('',#3230,#3228,#154,.T.);
#4101=EDGE_CURVE('',#3230,#3231,#1882,.T.);
#4102=EDGE_CURVE('',#3231,#3229,#155,.T.);
#4103=EDGE_CURVE('',#3232,#3230,#156,.T.);
#4104=EDGE_CURVE('',#3232,#3233,#1883,.T.);
#4105=EDGE_CURVE('',#3233,#3231,#157,.T.);
#4106=EDGE_CURVE('',#3234,#3232,#158,.T.);
#4107=EDGE_CURVE('',#3234,#3235,#1884,.T.);
#4108=EDGE_CURVE('',#3235,#3233,#159,.T.);
#4109=EDGE_CURVE('',#3236,#3234,#160,.T.);
#4110=EDGE_CURVE('',#3236,#3237,#1885,.T.);
#4111=EDGE_CURVE('',#3237,#3235,#161,.T.);
#4112=EDGE_CURVE('',#3238,#3236,#162,.T.);
#4113=EDGE_CURVE('',#3238,#3239,#1886,.T.);
#4114=EDGE_CURVE('',#3239,#3237,#163,.T.);
#4115=EDGE_CURVE('',#3240,#3238,#164,.T.);
#4116=EDGE_CURVE('',#3240,#3241,#1887,.T.);
#4117=EDGE_CURVE('',#3241,#3239,#165,.T.);
#4118=EDGE_CURVE('',#3242,#3240,#166,.T.);
#4119=EDGE_CURVE('',#3242,#3243,#1888,.T.);
#4120=EDGE_CURVE('',#3243,#3241,#167,.T.);
#4121=EDGE_CURVE('',#3244,#3242,#168,.T.);
#4122=EDGE_CURVE('',#3244,#3245,#1889,.T.);
#4123=EDGE_CURVE('',#3245,#3243,#169,.T.);
#4124=EDGE_CURVE('',#3246,#3244,#1890,.T.);
#4125=EDGE_CURVE('',#3246,#3247,#1891,.T.);
#4126=EDGE_CURVE('',#3247,#3245,#1892,.T.);
#4127=EDGE_CURVE('',#3248,#3246,#170,.T.);
#4128=EDGE_CURVE('',#3248,#3249,#1893,.T.);
#4129=EDGE_CURVE('',#3249,#3247,#171,.T.);
#4130=EDGE_CURVE('',#3205,#3248,#172,.T.);
#4131=EDGE_CURVE('',#3207,#3249,#173,.T.);
#4132=EDGE_CURVE('',#3250,#3251,#1894,.T.);
#4133=EDGE_CURVE('',#3250,#3252,#1895,.T.);
#4134=EDGE_CURVE('',#3252,#3253,#1896,.T.);
#4135=EDGE_CURVE('',#3251,#3253,#1897,.T.);
#4136=EDGE_CURVE('',#3254,#3250,#1898,.T.);
#4137=EDGE_CURVE('',#3254,#3255,#1899,.T.);
#4138=EDGE_CURVE('',#3255,#3252,#1900,.T.);
#4139=EDGE_CURVE('',#3256,#3254,#1901,.T.);
#4140=EDGE_CURVE('',#3256,#3257,#1902,.T.);
#4141=EDGE_CURVE('',#3257,#3255,#1903,.T.);
#4142=EDGE_CURVE('',#3251,#3256,#1904,.T.);
#4143=EDGE_CURVE('',#3253,#3257,#1905,.T.);
#4144=EDGE_CURVE('',#3258,#3259,#174,.T.);
#4145=EDGE_CURVE('',#3258,#3260,#1906,.T.);
#4146=EDGE_CURVE('',#3260,#3261,#175,.T.);
#4147=EDGE_CURVE('',#3259,#3261,#1907,.T.);
#4148=EDGE_CURVE('',#3262,#3258,#176,.T.);
#4149=EDGE_CURVE('',#3262,#3263,#1908,.T.);
#4150=EDGE_CURVE('',#3263,#3260,#177,.T.);
#4151=EDGE_CURVE('',#3264,#3262,#1909,.T.);
#4152=EDGE_CURVE('',#3264,#3265,#1910,.T.);
#4153=EDGE_CURVE('',#3265,#3263,#1911,.T.);
#4154=EDGE_CURVE('',#3266,#3264,#178,.T.);
#4155=EDGE_CURVE('',#3266,#3267,#1912,.T.);
#4156=EDGE_CURVE('',#3267,#3265,#179,.T.);
#4157=EDGE_CURVE('',#3268,#3266,#180,.T.);
#4158=EDGE_CURVE('',#3268,#3269,#1913,.T.);
#4159=EDGE_CURVE('',#3269,#3267,#181,.T.);
#4160=EDGE_CURVE('',#3270,#3268,#182,.T.);
#4161=EDGE_CURVE('',#3270,#3271,#1914,.T.);
#4162=EDGE_CURVE('',#3271,#3269,#183,.T.);
#4163=EDGE_CURVE('',#3272,#3270,#184,.T.);
#4164=EDGE_CURVE('',#3272,#3273,#1915,.T.);
#4165=EDGE_CURVE('',#3273,#3271,#185,.T.);
#4166=EDGE_CURVE('',#3274,#3272,#1916,.T.);
#4167=EDGE_CURVE('',#3274,#3275,#1917,.T.);
#4168=EDGE_CURVE('',#3275,#3273,#1918,.T.);
#4169=EDGE_CURVE('',#3276,#3274,#1919,.T.);
#4170=EDGE_CURVE('',#3276,#3277,#1920,.T.);
#4171=EDGE_CURVE('',#3277,#3275,#1921,.T.);
#4172=EDGE_CURVE('',#3278,#3276,#1922,.T.);
#4173=EDGE_CURVE('',#3278,#3279,#1923,.T.);
#4174=EDGE_CURVE('',#3279,#3277,#1924,.T.);
#4175=EDGE_CURVE('',#3280,#3278,#1925,.T.);
#4176=EDGE_CURVE('',#3280,#3281,#1926,.T.);
#4177=EDGE_CURVE('',#3281,#3279,#1927,.T.);
#4178=EDGE_CURVE('',#3259,#3280,#186,.T.);
#4179=EDGE_CURVE('',#3261,#3281,#187,.T.);
#4180=EDGE_CURVE('',#3282,#3283,#1928,.T.);
#4181=EDGE_CURVE('',#3282,#3284,#1929,.T.);
#4182=EDGE_CURVE('',#3284,#3285,#1930,.T.);
#4183=EDGE_CURVE('',#3283,#3285,#1931,.T.);
#4184=EDGE_CURVE('',#3286,#3282,#1932,.T.);
#4185=EDGE_CURVE('',#3286,#3287,#1933,.T.);
#4186=EDGE_CURVE('',#3287,#3284,#1934,.T.);
#4187=EDGE_CURVE('',#3288,#3286,#1935,.T.);
#4188=EDGE_CURVE('',#3288,#3289,#1936,.T.);
#4189=EDGE_CURVE('',#3289,#3287,#1937,.T.);
#4190=EDGE_CURVE('',#3290,#3288,#1938,.T.);
#4191=EDGE_CURVE('',#3290,#3291,#1939,.T.);
#4192=EDGE_CURVE('',#3291,#3289,#1940,.T.);
#4193=EDGE_CURVE('',#3292,#3290,#188,.T.);
#4194=EDGE_CURVE('',#3292,#3293,#1941,.T.);
#4195=EDGE_CURVE('',#3293,#3291,#189,.T.);
#4196=EDGE_CURVE('',#3294,#3292,#1942,.T.);
#4197=EDGE_CURVE('',#3294,#3295,#1943,.T.);
#4198=EDGE_CURVE('',#3295,#3293,#1944,.T.);
#4199=EDGE_CURVE('',#3296,#3294,#190,.T.);
#4200=EDGE_CURVE('',#3296,#3297,#1945,.T.);
#4201=EDGE_CURVE('',#3297,#3295,#191,.T.);
#4202=EDGE_CURVE('',#3283,#3296,#192,.T.);
#4203=EDGE_CURVE('',#3285,#3297,#193,.T.);
#4204=EDGE_CURVE('',#3298,#3299,#194,.T.);
#4205=EDGE_CURVE('',#3298,#3300,#1946,.T.);
#4206=EDGE_CURVE('',#3300,#3301,#195,.T.);
#4207=EDGE_CURVE('',#3299,#3301,#1947,.T.);
#4208=EDGE_CURVE('',#3302,#3298,#196,.T.);
#4209=EDGE_CURVE('',#3302,#3303,#1948,.T.);
#4210=EDGE_CURVE('',#3303,#3300,#197,.T.);
#4211=EDGE_CURVE('',#3304,#3302,#198,.T.);
#4212=EDGE_CURVE('',#3304,#3305,#1949,.T.);
#4213=EDGE_CURVE('',#3305,#3303,#199,.T.);
#4214=EDGE_CURVE('',#3306,#3304,#200,.T.);
#4215=EDGE_CURVE('',#3306,#3307,#1950,.T.);
#4216=EDGE_CURVE('',#3307,#3305,#201,.T.);
#4217=EDGE_CURVE('',#3308,#3306,#202,.T.);
#4218=EDGE_CURVE('',#3308,#3309,#1951,.T.);
#4219=EDGE_CURVE('',#3309,#3307,#203,.T.);
#4220=EDGE_CURVE('',#3310,#3308,#204,.T.);
#4221=EDGE_CURVE('',#3310,#3311,#1952,.T.);
#4222=EDGE_CURVE('',#3311,#3309,#205,.T.);
#4223=EDGE_CURVE('',#3312,#3310,#206,.T.);
#4224=EDGE_CURVE('',#3312,#3313,#1953,.T.);
#4225=EDGE_CURVE('',#3313,#3311,#207,.T.);
#4226=EDGE_CURVE('',#3314,#3312,#208,.T.);
#4227=EDGE_CURVE('',#3314,#3315,#1954,.T.);
#4228=EDGE_CURVE('',#3315,#3313,#209,.T.);
#4229=EDGE_CURVE('',#3299,#3314,#1955,.T.);
#4230=EDGE_CURVE('',#3301,#3315,#1956,.T.);
#4231=EDGE_CURVE('',#3316,#3317,#210,.T.);
#4232=EDGE_CURVE('',#3316,#3318,#1957,.T.);
#4233=EDGE_CURVE('',#3318,#3319,#211,.T.);
#4234=EDGE_CURVE('',#3317,#3319,#1958,.T.);
#4235=EDGE_CURVE('',#3320,#3316,#212,.T.);
#4236=EDGE_CURVE('',#3320,#3321,#1959,.T.);
#4237=EDGE_CURVE('',#3321,#3318,#213,.T.);
#4238=EDGE_CURVE('',#3322,#3320,#214,.T.);
#4239=EDGE_CURVE('',#3322,#3323,#1960,.T.);
#4240=EDGE_CURVE('',#3323,#3321,#215,.T.);
#4241=EDGE_CURVE('',#3324,#3322,#216,.T.);
#4242=EDGE_CURVE('',#3324,#3325,#1961,.T.);
#4243=EDGE_CURVE('',#3325,#3323,#217,.T.);
#4244=EDGE_CURVE('',#3326,#3324,#218,.T.);
#4245=EDGE_CURVE('',#3326,#3327,#1962,.T.);
#4246=EDGE_CURVE('',#3327,#3325,#219,.T.);
#4247=EDGE_CURVE('',#3328,#3326,#220,.T.);
#4248=EDGE_CURVE('',#3328,#3329,#1963,.T.);
#4249=EDGE_CURVE('',#3329,#3327,#221,.T.);
#4250=EDGE_CURVE('',#3330,#3328,#222,.T.);
#4251=EDGE_CURVE('',#3330,#3331,#1964,.T.);
#4252=EDGE_CURVE('',#3331,#3329,#223,.T.);
#4253=EDGE_CURVE('',#3332,#3330,#224,.T.);
#4254=EDGE_CURVE('',#3332,#3333,#1965,.T.);
#4255=EDGE_CURVE('',#3333,#3331,#225,.T.);
#4256=EDGE_CURVE('',#3334,#3332,#226,.T.);
#4257=EDGE_CURVE('',#3334,#3335,#1966,.T.);
#4258=EDGE_CURVE('',#3335,#3333,#227,.T.);
#4259=EDGE_CURVE('',#3336,#3334,#228,.T.);
#4260=EDGE_CURVE('',#3336,#3337,#1967,.T.);
#4261=EDGE_CURVE('',#3337,#3335,#229,.T.);
#4262=EDGE_CURVE('',#3338,#3336,#230,.T.);
#4263=EDGE_CURVE('',#3338,#3339,#1968,.T.);
#4264=EDGE_CURVE('',#3339,#3337,#231,.T.);
#4265=EDGE_CURVE('',#3340,#3338,#1969,.T.);
#4266=EDGE_CURVE('',#3340,#3341,#1970,.T.);
#4267=EDGE_CURVE('',#3341,#3339,#1971,.T.);
#4268=EDGE_CURVE('',#3342,#3340,#232,.T.);
#4269=EDGE_CURVE('',#3342,#3343,#1972,.T.);
#4270=EDGE_CURVE('',#3343,#3341,#233,.T.);
#4271=EDGE_CURVE('',#3344,#3342,#234,.T.);
#4272=EDGE_CURVE('',#3344,#3345,#1973,.T.);
#4273=EDGE_CURVE('',#3345,#3343,#235,.T.);
#4274=EDGE_CURVE('',#3346,#3344,#236,.T.);
#4275=EDGE_CURVE('',#3346,#3347,#1974,.T.);
#4276=EDGE_CURVE('',#3347,#3345,#237,.T.);
#4277=EDGE_CURVE('',#3348,#3346,#238,.T.);
#4278=EDGE_CURVE('',#3348,#3349,#1975,.T.);
#4279=EDGE_CURVE('',#3349,#3347,#239,.T.);
#4280=EDGE_CURVE('',#3350,#3348,#240,.T.);
#4281=EDGE_CURVE('',#3350,#3351,#1976,.T.);
#4282=EDGE_CURVE('',#3351,#3349,#241,.T.);
#4283=EDGE_CURVE('',#3352,#3350,#242,.T.);
#4284=EDGE_CURVE('',#3352,#3353,#1977,.T.);
#4285=EDGE_CURVE('',#3353,#3351,#243,.T.);
#4286=EDGE_CURVE('',#3354,#3352,#244,.T.);
#4287=EDGE_CURVE('',#3354,#3355,#1978,.T.);
#4288=EDGE_CURVE('',#3355,#3353,#245,.T.);
#4289=EDGE_CURVE('',#3356,#3354,#246,.T.);
#4290=EDGE_CURVE('',#3356,#3357,#1979,.T.);
#4291=EDGE_CURVE('',#3357,#3355,#247,.T.);
#4292=EDGE_CURVE('',#3358,#3356,#1980,.T.);
#4293=EDGE_CURVE('',#3358,#3359,#1981,.T.);
#4294=EDGE_CURVE('',#3359,#3357,#1982,.T.);
#4295=EDGE_CURVE('',#3360,#3358,#248,.T.);
#4296=EDGE_CURVE('',#3360,#3361,#1983,.T.);
#4297=EDGE_CURVE('',#3361,#3359,#249,.T.);
#4298=EDGE_CURVE('',#3317,#3360,#250,.T.);
#4299=EDGE_CURVE('',#3319,#3361,#251,.T.);
#4300=EDGE_CURVE('',#3362,#3363,#1984,.T.);
#4301=EDGE_CURVE('',#3362,#3364,#1985,.T.);
#4302=EDGE_CURVE('',#3364,#3365,#1986,.T.);
#4303=EDGE_CURVE('',#3363,#3365,#1987,.T.);
#4304=EDGE_CURVE('',#3366,#3362,#1988,.T.);
#4305=EDGE_CURVE('',#3366,#3367,#1989,.T.);
#4306=EDGE_CURVE('',#3367,#3364,#1990,.T.);
#4307=EDGE_CURVE('',#3362,#3364,#1991,.T.);
#4308=EDGE_CURVE('',#3368,#3366,#252,.T.);
#4309=EDGE_CURVE('',#3368,#3369,#1992,.T.);
#4310=EDGE_CURVE('',#3369,#3367,#253,.T.);
#4311=EDGE_CURVE('',#3370,#3368,#254,.T.);
#4312=EDGE_CURVE('',#3370,#3371,#1993,.T.);
#4313=EDGE_CURVE('',#3371,#3369,#255,.T.);
#4314=EDGE_CURVE('',#3372,#3370,#1994,.T.);
#4315=EDGE_CURVE('',#3372,#3373,#1995,.T.);
#4316=EDGE_CURVE('',#3373,#3371,#1996,.T.);
#4317=EDGE_CURVE('',#3374,#3372,#256,.T.);
#4318=EDGE_CURVE('',#3374,#3375,#1997,.T.);
#4319=EDGE_CURVE('',#3375,#3373,#257,.T.);
#4320=EDGE_CURVE('',#3376,#3374,#258,.T.);
#4321=EDGE_CURVE('',#3376,#3377,#1998,.T.);
#4322=EDGE_CURVE('',#3377,#3375,#259,.T.);
#4323=EDGE_CURVE('',#3378,#3376,#260,.T.);
#4324=EDGE_CURVE('',#3378,#3379,#1999,.T.);
#4325=EDGE_CURVE('',#3379,#3377,#261,.T.);
#4326=EDGE_CURVE('',#3380,#3378,#262,.T.);
#4327=EDGE_CURVE('',#3380,#3381,#2000,.T.);
#4328=EDGE_CURVE('',#3381,#3379,#263,.T.);
#4329=EDGE_CURVE('',#3382,#3380,#2001,.T.);
#4330=EDGE_CURVE('',#3382,#3383,#2002,.T.);
#4331=EDGE_CURVE('',#3383,#3381,#2003,.T.);
#4332=EDGE_CURVE('',#3384,#3382,#2004,.T.);
#4333=EDGE_CURVE('',#3384,#3385,#2005,.T.);
#4334=EDGE_CURVE('',#3385,#3383,#2006,.T.);
#4335=EDGE_CURVE('',#3386,#3384,#2007,.T.);
#4336=EDGE_CURVE('',#3386,#3387,#2008,.T.);
#4337=EDGE_CURVE('',#3387,#3385,#2009,.T.);
#4338=EDGE_CURVE('',#3388,#3386,#264,.T.);
#4339=EDGE_CURVE('',#3388,#3389,#2010,.T.);
#4340=EDGE_CURVE('',#3389,#3387,#265,.T.);
#4341=EDGE_CURVE('',#3390,#3388,#266,.T.);
#4342=EDGE_CURVE('',#3390,#3391,#2011,.T.);
#4343=EDGE_CURVE('',#3391,#3389,#267,.T.);
#4344=EDGE_CURVE('',#3392,#3390,#2012,.T.);
#4345=EDGE_CURVE('',#3392,#3393,#2013,.T.);
#4346=EDGE_CURVE('',#3393,#3391,#2014,.T.);
#4347=EDGE_CURVE('',#3394,#3392,#2015,.T.);
#4348=EDGE_CURVE('',#3394,#3395,#2016,.T.);
#4349=EDGE_CURVE('',#3395,#3393,#2017,.T.);
#4350=EDGE_CURVE('',#3396,#3394,#2018,.T.);
#4351=EDGE_CURVE('',#3396,#3397,#2019,.T.);
#4352=EDGE_CURVE('',#3397,#3395,#2020,.T.);
#4353=EDGE_CURVE('',#3363,#3396,#268,.T.);
#4354=EDGE_CURVE('',#3365,#3397,#269,.T.);
#4355=EDGE_CURVE('',#3396,#3397,#2021,.T.);
#4356=EDGE_CURVE('',#3398,#3396,#270,.T.);
#4357=EDGE_CURVE('',#3398,#3399,#2022,.T.);
#4358=EDGE_CURVE('',#3399,#3397,#271,.T.);
#4359=EDGE_CURVE('',#3400,#3398,#272,.T.);
#4360=EDGE_CURVE('',#3400,#3401,#2023,.T.);
#4361=EDGE_CURVE('',#3401,#3399,#273,.T.);
#4362=EDGE_CURVE('',#3402,#3400,#2024,.T.);
#4363=EDGE_CURVE('',#3402,#3403,#2025,.T.);
#4364=EDGE_CURVE('',#3403,#3401,#2026,.T.);
#4365=EDGE_CURVE('',#3404,#3402,#2027,.T.);
#4366=EDGE_CURVE('',#3404,#3405,#2028,.T.);
#4367=EDGE_CURVE('',#3405,#3403,#2029,.T.);
#4368=EDGE_CURVE('',#3406,#3404,#2030,.T.);
#4369=EDGE_CURVE('',#3406,#3407,#2031,.T.);
#4370=EDGE_CURVE('',#3407,#3405,#2032,.T.);
#4371=EDGE_CURVE('',#3408,#3406,#2033,.T.);
#4372=EDGE_CURVE('',#3408,#3409,#2034,.T.);
#4373=EDGE_CURVE('',#3409,#3407,#2035,.T.);
#4374=EDGE_CURVE('',#3410,#3408,#2036,.T.);
#4375=EDGE_CURVE('',#3410,#3411,#2037,.T.);
#4376=EDGE_CURVE('',#3411,#3409,#2038,.T.);
#4377=EDGE_CURVE('',#3412,#3410,#274,.T.);
#4378=EDGE_CURVE('',#3412,#3413,#2039,.T.);
#4379=EDGE_CURVE('',#3413,#3411,#275,.T.);
#4380=EDGE_CURVE('',#3414,#3412,#276,.T.);
#4381=EDGE_CURVE('',#3414,#3415,#2040,.T.);
#4382=EDGE_CURVE('',#3415,#3413,#277,.T.);
#4383=EDGE_CURVE('',#3416,#3414,#278,.T.);
#4384=EDGE_CURVE('',#3416,#3417,#2041,.T.);
#4385=EDGE_CURVE('',#3417,#3415,#279,.T.);
#4386=EDGE_CURVE('',#3418,#3416,#280,.T.);
#4387=EDGE_CURVE('',#3418,#3419,#2042,.T.);
#4388=EDGE_CURVE('',#3419,#3417,#281,.T.);
#4389=EDGE_CURVE('',#3362,#3418,#2043,.T.);
#4390=EDGE_CURVE('',#3364,#3419,#2044,.T.);
#4391=EDGE_CURVE('',#3396,#3362,#2045,.T.);
#4392=EDGE_CURVE('',#3397,#3364,#2046,.T.);
#4393=EDGE_CURVE('',#3420,#3421,#282,.T.);
#4394=EDGE_CURVE('',#3420,#3422,#2047,.T.);
#4395=EDGE_CURVE('',#3422,#3423,#283,.T.);
#4396=EDGE_CURVE('',#3421,#3423,#2048,.T.);
#4397=EDGE_CURVE('',#3424,#3420,#284,.T.);
#4398=EDGE_CURVE('',#3424,#3425,#2049,.T.);
#4399=EDGE_CURVE('',#3425,#3422,#285,.T.);
#4400=EDGE_CURVE('',#3426,#3424,#286,.T.);
#4401=EDGE_CURVE('',#3426,#3427,#2050,.T.);
#4402=EDGE_CURVE('',#3427,#3425,#287,.T.);
#4403=EDGE_CURVE('',#3428,#3426,#288,.T.);
#4404=EDGE_CURVE('',#3428,#3429,#2051,.T.);
#4405=EDGE_CURVE('',#3429,#3427,#289,.T.);
#4406=EDGE_CURVE('',#3430,#3428,#2052,.T.);
#4407=EDGE_CURVE('',#3430,#3431,#2053,.T.);
#4408=EDGE_CURVE('',#3431,#3429,#2054,.T.);
#4409=EDGE_CURVE('',#3432,#3430,#290,.T.);
#4410=EDGE_CURVE('',#3432,#3433,#2055,.T.);
#4411=EDGE_CURVE('',#3433,#3431,#291,.T.);
#4412=EDGE_CURVE('',#3434,#3432,#292,.T.);
#4413=EDGE_CURVE('',#3434,#3435,#2056,.T.);
#4414=EDGE_CURVE('',#3435,#3433,#293,.T.);
#4415=EDGE_CURVE('',#3436,#3434,#294,.T.);
#4416=EDGE_CURVE('',#3436,#3437,#2057,.T.);
#4417=EDGE_CURVE('',#3437,#3435,#295,.T.);
#4418=EDGE_CURVE('',#3438,#3436,#296,.T.);
#4419=EDGE_CURVE('',#3438,#3439,#2058,.T.);
#4420=EDGE_CURVE('',#3439,#3437,#297,.T.);
#4421=EDGE_CURVE('',#3440,#3438,#2059,.T.);
#4422=EDGE_CURVE('',#3440,#3441,#2060,.T.);
#4423=EDGE_CURVE('',#3441,#3439,#2061,.T.);
#4424=EDGE_CURVE('',#3442,#3440,#2062,.T.);
#4425=EDGE_CURVE('',#3442,#3443,#2063,.T.);
#4426=EDGE_CURVE('',#3443,#3441,#2064,.T.);
#4427=EDGE_CURVE('',#3444,#3442,#2065,.T.);
#4428=EDGE_CURVE('',#3444,#3445,#2066,.T.);
#4429=EDGE_CURVE('',#3445,#3443,#2067,.T.);
#4430=EDGE_CURVE('',#3446,#3444,#2068,.T.);
#4431=EDGE_CURVE('',#3446,#3447,#2069,.T.);
#4432=EDGE_CURVE('',#3447,#3445,#2070,.T.);
#4433=EDGE_CURVE('',#3448,#3446,#2071,.T.);
#4434=EDGE_CURVE('',#3448,#3449,#2072,.T.);
#4435=EDGE_CURVE('',#3449,#3447,#2073,.T.);
#4436=EDGE_CURVE('',#3450,#3448,#2074,.T.);
#4437=EDGE_CURVE('',#3450,#3451,#2075,.T.);
#4438=EDGE_CURVE('',#3451,#3449,#2076,.T.);
#4439=EDGE_CURVE('',#3452,#3450,#2077,.T.);
#4440=EDGE_CURVE('',#3452,#3453,#2078,.T.);
#4441=EDGE_CURVE('',#3453,#3451,#2079,.T.);
#4442=EDGE_CURVE('',#3454,#3452,#2080,.T.);
#4443=EDGE_CURVE('',#3454,#3455,#2081,.T.);
#4444=EDGE_CURVE('',#3455,#3453,#2082,.T.);
#4445=EDGE_CURVE('',#3456,#3454,#2083,.T.);
#4446=EDGE_CURVE('',#3456,#3457,#2084,.T.);
#4447=EDGE_CURVE('',#3457,#3455,#2085,.T.);
#4448=EDGE_CURVE('',#3458,#3456,#2086,.T.);
#4449=EDGE_CURVE('',#3458,#3459,#2087,.T.);
#4450=EDGE_CURVE('',#3459,#3457,#2088,.T.);
#4451=EDGE_CURVE('',#3421,#3458,#2089,.T.);
#4452=EDGE_CURVE('',#3423,#3459,#2090,.T.);
#4453=EDGE_CURVE('',#3460,#3461,#298,.T.);
#4454=EDGE_CURVE('',#3460,#3462,#2091,.T.);
#4455=EDGE_CURVE('',#3462,#3463,#299,.T.);
#4456=EDGE_CURVE('',#3461,#3463,#2092,.T.);
#4457=EDGE_CURVE('',#3464,#3460,#300,.T.);
#4458=EDGE_CURVE('',#3464,#3465,#2093,.T.);
#4459=EDGE_CURVE('',#3465,#3462,#301,.T.);
#4460=EDGE_CURVE('',#3466,#3464,#302,.T.);
#4461=EDGE_CURVE('',#3466,#3467,#2094,.T.);
#4462=EDGE_CURVE('',#3467,#3465,#303,.T.);
#4463=EDGE_CURVE('',#3468,#3466,#304,.T.);
#4464=EDGE_CURVE('',#3468,#3469,#2095,.T.);
#4465=EDGE_CURVE('',#3469,#3467,#305,.T.);
#4466=EDGE_CURVE('',#3470,#3468,#306,.T.);
#4467=EDGE_CURVE('',#3470,#3471,#2096,.T.);
#4468=EDGE_CURVE('',#3471,#3469,#307,.T.);
#4469=EDGE_CURVE('',#3472,#3470,#308,.T.);
#4470=EDGE_CURVE('',#3472,#3473,#2097,.T.);
#4471=EDGE_CURVE('',#3473,#3471,#309,.T.);
#4472=EDGE_CURVE('',#3474,#3472,#310,.T.);
#4473=EDGE_CURVE('',#3474,#3475,#2098,.T.);
#4474=EDGE_CURVE('',#3475,#3473,#311,.T.);
#4475=EDGE_CURVE('',#3476,#3474,#312,.T.);
#4476=EDGE_CURVE('',#3476,#3477,#2099,.T.);
#4477=EDGE_CURVE('',#3477,#3475,#313,.T.);
#4478=EDGE_CURVE('',#3478,#3476,#314,.T.);
#4479=EDGE_CURVE('',#3478,#3479,#2100,.T.);
#4480=EDGE_CURVE('',#3479,#3477,#315,.T.);
#4481=EDGE_CURVE('',#3461,#3478,#316,.T.);
#4482=EDGE_CURVE('',#3463,#3479,#317,.T.);
#4483=EDGE_CURVE('',#3480,#3481,#2101,.T.);
#4484=EDGE_CURVE('',#3480,#3482,#2102,.T.);
#4485=EDGE_CURVE('',#3482,#3483,#2103,.T.);
#4486=EDGE_CURVE('',#3481,#3483,#2104,.T.);
#4487=EDGE_CURVE('',#3484,#3480,#318,.T.);
#4488=EDGE_CURVE('',#3484,#3485,#2105,.T.);
#4489=EDGE_CURVE('',#3485,#3482,#319,.T.);
#4490=EDGE_CURVE('',#3486,#3484,#320,.T.);
#4491=EDGE_CURVE('',#3486,#3487,#2106,.T.);
#4492=EDGE_CURVE('',#3487,#3485,#321,.T.);
#4493=EDGE_CURVE('',#3488,#3486,#322,.T.);
#4494=EDGE_CURVE('',#3488,#3489,#2107,.T.);
#4495=EDGE_CURVE('',#3489,#3487,#323,.T.);
#4496=EDGE_CURVE('',#3490,#3488,#324,.T.);
#4497=EDGE_CURVE('',#3490,#3491,#2108,.T.);
#4498=EDGE_CURVE('',#3491,#3489,#325,.T.);
#4499=EDGE_CURVE('',#3492,#3490,#326,.T.);
#4500=EDGE_CURVE('',#3492,#3493,#2109,.T.);
#4501=EDGE_CURVE('',#3493,#3491,#327,.T.);
#4502=EDGE_CURVE('',#3494,#3492,#328,.T.);
#4503=EDGE_CURVE('',#3494,#3495,#2110,.T.);
#4504=EDGE_CURVE('',#3495,#3493,#329,.T.);
#4505=EDGE_CURVE('',#3496,#3494,#330,.T.);
#4506=EDGE_CURVE('',#3496,#3497,#2111,.T.);
#4507=EDGE_CURVE('',#3497,#3495,#331,.T.);
#4508=EDGE_CURVE('',#3498,#3496,#2112,.T.);
#4509=EDGE_CURVE('',#3498,#3499,#2113,.T.);
#4510=EDGE_CURVE('',#3499,#3497,#2114,.T.);
#4511=EDGE_CURVE('',#3500,#3498,#2115,.T.);
#4512=EDGE_CURVE('',#3500,#3501,#2116,.T.);
#4513=EDGE_CURVE('',#3501,#3499,#2117,.T.);
#4514=EDGE_CURVE('',#3502,#3500,#2118,.T.);
#4515=EDGE_CURVE('',#3502,#3503,#2119,.T.);
#4516=EDGE_CURVE('',#3503,#3501,#2120,.T.);
#4517=EDGE_CURVE('',#3481,#3502,#2121,.T.);
#4518=EDGE_CURVE('',#3483,#3503,#2122,.T.);
#4519=EDGE_CURVE('',#3504,#3505,#2123,.T.);
#4520=EDGE_CURVE('',#3504,#3506,#2124,.T.);
#4521=EDGE_CURVE('',#3506,#3507,#2125,.T.);
#4522=EDGE_CURVE('',#3505,#3507,#2126,.T.);
#4523=EDGE_CURVE('',#3508,#3504,#2127,.T.);
#4524=EDGE_CURVE('',#3508,#3509,#2128,.T.);
#4525=EDGE_CURVE('',#3509,#3506,#2129,.T.);
#4526=EDGE_CURVE('',#3510,#3508,#2130,.T.);
#4527=EDGE_CURVE('',#3510,#3511,#2131,.T.);
#4528=EDGE_CURVE('',#3511,#3509,#2132,.T.);
#4529=EDGE_CURVE('',#3505,#3510,#2133,.T.);
#4530=EDGE_CURVE('',#3507,#3511,#2134,.T.);
#4531=EDGE_CURVE('',#3512,#3513,#332,.T.);
#4532=EDGE_CURVE('',#3512,#3514,#2135,.T.);
#4533=EDGE_CURVE('',#3514,#3515,#333,.T.);
#4534=EDGE_CURVE('',#3513,#3515,#2136,.T.);
#4535=EDGE_CURVE('',#3516,#3512,#334,.T.);
#4536=EDGE_CURVE('',#3516,#3517,#2137,.T.);
#4537=EDGE_CURVE('',#3517,#3514,#335,.T.);
#4538=EDGE_CURVE('',#3518,#3516,#336,.T.);
#4539=EDGE_CURVE('',#3518,#3519,#2138,.T.);
#4540=EDGE_CURVE('',#3519,#3517,#337,.T.);
#4541=EDGE_CURVE('',#3520,#3518,#338,.T.);
#4542=EDGE_CURVE('',#3520,#3521,#2139,.T.);
#4543=EDGE_CURVE('',#3521,#3519,#339,.T.);
#4544=EDGE_CURVE('',#3522,#3520,#340,.T.);
#4545=EDGE_CURVE('',#3522,#3523,#2140,.T.);
#4546=EDGE_CURVE('',#3523,#3521,#341,.T.);
#4547=EDGE_CURVE('',#3524,#3522,#342,.T.);
#4548=EDGE_CURVE('',#3524,#3525,#2141,.T.);
#4549=EDGE_CURVE('',#3525,#3523,#343,.T.);
#4550=EDGE_CURVE('',#3526,#3524,#344,.T.);
#4551=EDGE_CURVE('',#3526,#3527,#2142,.T.);
#4552=EDGE_CURVE('',#3527,#3525,#345,.T.);
#4553=EDGE_CURVE('',#3528,#3526,#346,.T.);
#4554=EDGE_CURVE('',#3528,#3529,#2143,.T.);
#4555=EDGE_CURVE('',#3529,#3527,#347,.T.);
#4556=EDGE_CURVE('',#3513,#3528,#348,.T.);
#4557=EDGE_CURVE('',#3515,#3529,#349,.T.);
#4558=EDGE_CURVE('',#3530,#3531,#350,.T.);
#4559=EDGE_CURVE('',#3530,#3532,#2144,.T.);
#4560=EDGE_CURVE('',#3532,#3533,#351,.T.);
#4561=EDGE_CURVE('',#3531,#3533,#2145,.T.);
#4562=EDGE_CURVE('',#3534,#3530,#352,.T.);
#4563=EDGE_CURVE('',#3534,#3535,#2146,.T.);
#4564=EDGE_CURVE('',#3535,#3532,#353,.T.);
#4565=EDGE_CURVE('',#3536,#3534,#354,.T.);
#4566=EDGE_CURVE('',#3536,#3537,#2147,.T.);
#4567=EDGE_CURVE('',#3537,#3535,#355,.T.);
#4568=EDGE_CURVE('',#3538,#3536,#356,.T.);
#4569=EDGE_CURVE('',#3538,#3539,#2148,.T.);
#4570=EDGE_CURVE('',#3539,#3537,#357,.T.);
#4571=EDGE_CURVE('',#3540,#3538,#358,.T.);
#4572=EDGE_CURVE('',#3540,#3541,#2149,.T.);
#4573=EDGE_CURVE('',#3541,#3539,#359,.T.);
#4574=EDGE_CURVE('',#3542,#3540,#360,.T.);
#4575=EDGE_CURVE('',#3542,#3543,#2150,.T.);
#4576=EDGE_CURVE('',#3543,#3541,#361,.T.);
#4577=EDGE_CURVE('',#3544,#3542,#362,.T.);
#4578=EDGE_CURVE('',#3544,#3545,#2151,.T.);
#4579=EDGE_CURVE('',#3545,#3543,#363,.T.);
#4580=EDGE_CURVE('',#3546,#3544,#364,.T.);
#4581=EDGE_CURVE('',#3546,#3547,#2152,.T.);
#4582=EDGE_CURVE('',#3547,#3545,#365,.T.);
#4583=EDGE_CURVE('',#3548,#3546,#366,.T.);
#4584=EDGE_CURVE('',#3548,#3549,#2153,.T.);
#4585=EDGE_CURVE('',#3549,#3547,#367,.T.);
#4586=EDGE_CURVE('',#3550,#3548,#2154,.T.);
#4587=EDGE_CURVE('',#3550,#3551,#2155,.T.);
#4588=EDGE_CURVE('',#3551,#3549,#2156,.T.);
#4589=EDGE_CURVE('',#3552,#3550,#2157,.T.);
#4590=EDGE_CURVE('',#3552,#3553,#2158,.T.);
#4591=EDGE_CURVE('',#3553,#3551,#2159,.T.);
#4592=EDGE_CURVE('',#3554,#3552,#2160,.T.);
#4593=EDGE_CURVE('',#3554,#3555,#2161,.T.);
#4594=EDGE_CURVE('',#3555,#3553,#2162,.T.);
#4595=EDGE_CURVE('',#3556,#3554,#2163,.T.);
#4596=EDGE_CURVE('',#3556,#3557,#2164,.T.);
#4597=EDGE_CURVE('',#3557,#3555,#2165,.T.);
#4598=EDGE_CURVE('',#3531,#3556,#2166,.T.);
#4599=EDGE_CURVE('',#3533,#3557,#2167,.T.);
#4600=EDGE_CURVE('',#3558,#3559,#368,.T.);
#4601=EDGE_CURVE('',#3558,#3560,#2168,.T.);
#4602=EDGE_CURVE('',#3560,#3561,#369,.T.);
#4603=EDGE_CURVE('',#3559,#3561,#2169,.T.);
#4604=EDGE_CURVE('',#3562,#3558,#370,.T.);
#4605=EDGE_CURVE('',#3562,#3563,#2170,.T.);
#4606=EDGE_CURVE('',#3563,#3560,#371,.T.);
#4607=EDGE_CURVE('',#3564,#3562,#372,.T.);
#4608=EDGE_CURVE('',#3564,#3565,#2171,.T.);
#4609=EDGE_CURVE('',#3565,#3563,#373,.T.);
#4610=EDGE_CURVE('',#3566,#3564,#374,.T.);
#4611=EDGE_CURVE('',#3566,#3567,#2172,.T.);
#4612=EDGE_CURVE('',#3567,#3565,#375,.T.);
#4613=EDGE_CURVE('',#3568,#3566,#376,.T.);
#4614=EDGE_CURVE('',#3568,#3569,#2173,.T.);
#4615=EDGE_CURVE('',#3569,#3567,#377,.T.);
#4616=EDGE_CURVE('',#3559,#3568,#2174,.T.);
#4617=EDGE_CURVE('',#3561,#3569,#2175,.T.);
#4618=EDGE_CURVE('',#3570,#3571,#378,.T.);
#4619=EDGE_CURVE('',#3570,#3572,#2176,.T.);
#4620=EDGE_CURVE('',#3572,#3573,#379,.T.);
#4621=EDGE_CURVE('',#3571,#3573,#2177,.T.);
#4622=EDGE_CURVE('',#3574,#3570,#380,.T.);
#4623=EDGE_CURVE('',#3574,#3575,#2178,.T.);
#4624=EDGE_CURVE('',#3575,#3572,#381,.T.);
#4625=EDGE_CURVE('',#3576,#3574,#382,.T.);
#4626=EDGE_CURVE('',#3576,#3577,#2179,.T.);
#4627=EDGE_CURVE('',#3577,#3575,#383,.T.);
#4628=EDGE_CURVE('',#3578,#3576,#384,.T.);
#4629=EDGE_CURVE('',#3578,#3579,#2180,.T.);
#4630=EDGE_CURVE('',#3579,#3577,#385,.T.);
#4631=EDGE_CURVE('',#3580,#3578,#386,.T.);
#4632=EDGE_CURVE('',#3580,#3581,#2181,.T.);
#4633=EDGE_CURVE('',#3581,#3579,#387,.T.);
#4634=EDGE_CURVE('',#3582,#3580,#388,.T.);
#4635=EDGE_CURVE('',#3582,#3583,#2182,.T.);
#4636=EDGE_CURVE('',#3583,#3581,#389,.T.);
#4637=EDGE_CURVE('',#3584,#3582,#390,.T.);
#4638=EDGE_CURVE('',#3584,#3585,#2183,.T.);
#4639=EDGE_CURVE('',#3585,#3583,#391,.T.);
#4640=EDGE_CURVE('',#3586,#3584,#2184,.T.);
#4641=EDGE_CURVE('',#3586,#3587,#2185,.T.);
#4642=EDGE_CURVE('',#3587,#3585,#2186,.T.);
#4643=EDGE_CURVE('',#3588,#3586,#392,.T.);
#4644=EDGE_CURVE('',#3588,#3589,#2187,.T.);
#4645=EDGE_CURVE('',#3589,#3587,#393,.T.);
#4646=EDGE_CURVE('',#3590,#3588,#394,.T.);
#4647=EDGE_CURVE('',#3590,#3591,#2188,.T.);
#4648=EDGE_CURVE('',#3591,#3589,#395,.T.);
#4649=EDGE_CURVE('',#3592,#3590,#396,.T.);
#4650=EDGE_CURVE('',#3592,#3593,#2189,.T.);
#4651=EDGE_CURVE('',#3593,#3591,#397,.T.);
#4652=EDGE_CURVE('',#3594,#3592,#398,.T.);
#4653=EDGE_CURVE('',#3594,#3595,#2190,.T.);
#4654=EDGE_CURVE('',#3595,#3593,#399,.T.);
#4655=EDGE_CURVE('',#3596,#3594,#2191,.T.);
#4656=EDGE_CURVE('',#3596,#3597,#2192,.T.);
#4657=EDGE_CURVE('',#3597,#3595,#2193,.T.);
#4658=EDGE_CURVE('',#3598,#3596,#400,.T.);
#4659=EDGE_CURVE('',#3598,#3599,#2194,.T.);
#4660=EDGE_CURVE('',#3599,#3597,#401,.T.);
#4661=EDGE_CURVE('',#3571,#3598,#402,.T.);
#4662=EDGE_CURVE('',#3573,#3599,#403,.T.);
#4663=EDGE_CURVE('',#3600,#3601,#404,.T.);
#4664=EDGE_CURVE('',#3600,#3602,#2195,.T.);
#4665=EDGE_CURVE('',#3602,#3603,#405,.T.);
#4666=EDGE_CURVE('',#3601,#3603,#2196,.T.);
#4667=EDGE_CURVE('',#3604,#3600,#406,.T.);
#4668=EDGE_CURVE('',#3604,#3605,#2197,.T.);
#4669=EDGE_CURVE('',#3605,#3602,#407,.T.);
#4670=EDGE_CURVE('',#3606,#3604,#408,.T.);
#4671=EDGE_CURVE('',#3606,#3607,#2198,.T.);
#4672=EDGE_CURVE('',#3607,#3605,#409,.T.);
#4673=EDGE_CURVE('',#3608,#3606,#410,.T.);
#4674=EDGE_CURVE('',#3608,#3609,#2199,.T.);
#4675=EDGE_CURVE('',#3609,#3607,#411,.T.);
#4676=EDGE_CURVE('',#3610,#3608,#412,.T.);
#4677=EDGE_CURVE('',#3610,#3611,#2200,.T.);
#4678=EDGE_CURVE('',#3611,#3609,#413,.T.);
#4679=EDGE_CURVE('',#3612,#3610,#414,.T.);
#4680=EDGE_CURVE('',#3612,#3613,#2201,.T.);
#4681=EDGE_CURVE('',#3613,#3611,#415,.T.);
#4682=EDGE_CURVE('',#3614,#3612,#416,.T.);
#4683=EDGE_CURVE('',#3614,#3615,#2202,.T.);
#4684=EDGE_CURVE('',#3615,#3613,#417,.T.);
#4685=EDGE_CURVE('',#3616,#3614,#418,.T.);
#4686=EDGE_CURVE('',#3616,#3617,#2203,.T.);
#4687=EDGE_CURVE('',#3617,#3615,#419,.T.);
#4688=EDGE_CURVE('',#3618,#3616,#420,.T.);
#4689=EDGE_CURVE('',#3618,#3619,#2204,.T.);
#4690=EDGE_CURVE('',#3619,#3617,#421,.T.);
#4691=EDGE_CURVE('',#3601,#3618,#422,.T.);
#4692=EDGE_CURVE('',#3603,#3619,#423,.T.);
#4693=EDGE_CURVE('',#3620,#3621,#424,.T.);
#4694=EDGE_CURVE('',#3620,#3622,#2205,.T.);
#4695=EDGE_CURVE('',#3622,#3623,#425,.T.);
#4696=EDGE_CURVE('',#3621,#3623,#2206,.T.);
#4697=EDGE_CURVE('',#3624,#3620,#426,.T.);
#4698=EDGE_CURVE('',#3624,#3625,#2207,.T.);
#4699=EDGE_CURVE('',#3625,#3622,#427,.T.);
#4700=EDGE_CURVE('',#3626,#3624,#428,.T.);
#4701=EDGE_CURVE('',#3626,#3627,#2208,.T.);
#4702=EDGE_CURVE('',#3627,#3625,#429,.T.);
#4703=EDGE_CURVE('',#3628,#3626,#430,.T.);
#4704=EDGE_CURVE('',#3628,#3629,#2209,.T.);
#4705=EDGE_CURVE('',#3629,#3627,#431,.T.);
#4706=EDGE_CURVE('',#3630,#3628,#432,.T.);
#4707=EDGE_CURVE('',#3630,#3631,#2210,.T.);
#4708=EDGE_CURVE('',#3631,#3629,#433,.T.);
#4709=EDGE_CURVE('',#3632,#3630,#434,.T.);
#4710=EDGE_CURVE('',#3632,#3633,#2211,.T.);
#4711=EDGE_CURVE('',#3633,#3631,#435,.T.);
#4712=EDGE_CURVE('',#3634,#3632,#436,.T.);
#4713=EDGE_CURVE('',#3634,#3635,#2212,.T.);
#4714=EDGE_CURVE('',#3635,#3633,#437,.T.);
#4715=EDGE_CURVE('',#3636,#3634,#438,.T.);
#4716=EDGE_CURVE('',#3636,#3637,#2213,.T.);
#4717=EDGE_CURVE('',#3637,#3635,#439,.T.);
#4718=EDGE_CURVE('',#3638,#3636,#440,.T.);
#4719=EDGE_CURVE('',#3638,#3639,#2214,.T.);
#4720=EDGE_CURVE('',#3639,#3637,#441,.T.);
#4721=EDGE_CURVE('',#3621,#3638,#442,.T.);
#4722=EDGE_CURVE('',#3623,#3639,#443,.T.);
#4723=EDGE_CURVE('',#3640,#3641,#2215,.T.);
#4724=EDGE_CURVE('',#3640,#3642,#2216,.T.);
#4725=EDGE_CURVE('',#3642,#3643,#2217,.T.);
#4726=EDGE_CURVE('',#3641,#3643,#2218,.T.);
#4727=EDGE_CURVE('',#3644,#3640,#444,.T.);
#4728=EDGE_CURVE('',#3644,#3645,#2219,.T.);
#4729=EDGE_CURVE('',#3645,#3642,#445,.T.);
#4730=EDGE_CURVE('',#3646,#3644,#446,.T.);
#4731=EDGE_CURVE('',#3646,#3647,#2220,.T.);
#4732=EDGE_CURVE('',#3647,#3645,#447,.T.);
#4733=EDGE_CURVE('',#3648,#3646,#448,.T.);
#4734=EDGE_CURVE('',#3648,#3649,#2221,.T.);
#4735=EDGE_CURVE('',#3649,#3647,#449,.T.);
#4736=EDGE_CURVE('',#3650,#3648,#2222,.T.);
#4737=EDGE_CURVE('',#3650,#3651,#2223,.T.);
#4738=EDGE_CURVE('',#3651,#3649,#2224,.T.);
#4739=EDGE_CURVE('',#3652,#3650,#2225,.T.);
#4740=EDGE_CURVE('',#3652,#3653,#2226,.T.);
#4741=EDGE_CURVE('',#3653,#3651,#2227,.T.);
#4742=EDGE_CURVE('',#3654,#3652,#2228,.T.);
#4743=EDGE_CURVE('',#3654,#3655,#2229,.T.);
#4744=EDGE_CURVE('',#3655,#3653,#2230,.T.);
#4745=EDGE_CURVE('',#3656,#3654,#2231,.T.);
#4746=EDGE_CURVE('',#3656,#3657,#2232,.T.);
#4747=EDGE_CURVE('',#3657,#3655,#2233,.T.);
#4748=EDGE_CURVE('',#3658,#3656,#2234,.T.);
#4749=EDGE_CURVE('',#3658,#3659,#2235,.T.);
#4750=EDGE_CURVE('',#3659,#3657,#2236,.T.);
#4751=EDGE_CURVE('',#3641,#3658,#2237,.T.);
#4752=EDGE_CURVE('',#3643,#3659,#2238,.T.);
#4753=EDGE_CURVE('',#3660,#3661,#450,.T.);
#4754=EDGE_CURVE('',#3660,#3662,#2239,.T.);
#4755=EDGE_CURVE('',#3662,#3663,#451,.T.);
#4756=EDGE_CURVE('',#3661,#3663,#2240,.T.);
#4757=EDGE_CURVE('',#3664,#3660,#452,.T.);
#4758=EDGE_CURVE('',#3664,#3665,#2241,.T.);
#4759=EDGE_CURVE('',#3665,#3662,#453,.T.);
#4760=EDGE_CURVE('',#3666,#3664,#454,.T.);
#4761=EDGE_CURVE('',#3666,#3667,#2242,.T.);
#4762=EDGE_CURVE('',#3667,#3665,#455,.T.);
#4763=EDGE_CURVE('',#3668,#3666,#456,.T.);
#4764=EDGE_CURVE('',#3668,#3669,#2243,.T.);
#4765=EDGE_CURVE('',#3669,#3667,#457,.T.);
#4766=EDGE_CURVE('',#3670,#3668,#458,.T.);
#4767=EDGE_CURVE('',#3670,#3671,#2244,.T.);
#4768=EDGE_CURVE('',#3671,#3669,#459,.T.);
#4769=EDGE_CURVE('',#3672,#3670,#460,.T.);
#4770=EDGE_CURVE('',#3672,#3673,#2245,.T.);
#4771=EDGE_CURVE('',#3673,#3671,#461,.T.);
#4772=EDGE_CURVE('',#3674,#3672,#462,.T.);
#4773=EDGE_CURVE('',#3674,#3675,#2246,.T.);
#4774=EDGE_CURVE('',#3675,#3673,#463,.T.);
#4775=EDGE_CURVE('',#3676,#3674,#464,.T.);
#4776=EDGE_CURVE('',#3676,#3677,#2247,.T.);
#4777=EDGE_CURVE('',#3677,#3675,#465,.T.);
#4778=EDGE_CURVE('',#3678,#3676,#466,.T.);
#4779=EDGE_CURVE('',#3678,#3679,#2248,.T.);
#4780=EDGE_CURVE('',#3679,#3677,#467,.T.);
#4781=EDGE_CURVE('',#3680,#3678,#468,.T.);
#4782=EDGE_CURVE('',#3680,#3681,#2249,.T.);
#4783=EDGE_CURVE('',#3681,#3679,#469,.T.);
#4784=EDGE_CURVE('',#3682,#3680,#2250,.T.);
#4785=EDGE_CURVE('',#3682,#3683,#2251,.T.);
#4786=EDGE_CURVE('',#3683,#3681,#2252,.T.);
#4787=EDGE_CURVE('',#3684,#3682,#470,.T.);
#4788=EDGE_CURVE('',#3684,#3685,#2253,.T.);
#4789=EDGE_CURVE('',#3685,#3683,#471,.T.);
#4790=EDGE_CURVE('',#3686,#3684,#472,.T.);
#4791=EDGE_CURVE('',#3686,#3687,#2254,.T.);
#4792=EDGE_CURVE('',#3687,#3685,#473,.T.);
#4793=EDGE_CURVE('',#3688,#3686,#474,.T.);
#4794=EDGE_CURVE('',#3688,#3689,#2255,.T.);
#4795=EDGE_CURVE('',#3689,#3687,#475,.T.);
#4796=EDGE_CURVE('',#3690,#3688,#476,.T.);
#4797=EDGE_CURVE('',#3690,#3691,#2256,.T.);
#4798=EDGE_CURVE('',#3691,#3689,#477,.T.);
#4799=EDGE_CURVE('',#3692,#3690,#478,.T.);
#4800=EDGE_CURVE('',#3692,#3693,#2257,.T.);
#4801=EDGE_CURVE('',#3693,#3691,#479,.T.);
#4802=EDGE_CURVE('',#3694,#3692,#480,.T.);
#4803=EDGE_CURVE('',#3694,#3695,#2258,.T.);
#4804=EDGE_CURVE('',#3695,#3693,#481,.T.);
#4805=EDGE_CURVE('',#3696,#3694,#482,.T.);
#4806=EDGE_CURVE('',#3696,#3697,#2259,.T.);
#4807=EDGE_CURVE('',#3697,#3695,#483,.T.);
#4808=EDGE_CURVE('',#3698,#3696,#2260,.T.);
#4809=EDGE_CURVE('',#3698,#3699,#2261,.T.);
#4810=EDGE_CURVE('',#3699,#3697,#2262,.T.);
#4811=EDGE_CURVE('',#3700,#3698,#484,.T.);
#4812=EDGE_CURVE('',#3700,#3701,#2263,.T.);
#4813=EDGE_CURVE('',#3701,#3699,#485,.T.);
#4814=EDGE_CURVE('',#3702,#3700,#486,.T.);
#4815=EDGE_CURVE('',#3702,#3703,#2264,.T.);
#4816=EDGE_CURVE('',#3703,#3701,#487,.T.);
#4817=EDGE_CURVE('',#3704,#3702,#488,.T.);
#4818=EDGE_CURVE('',#3704,#3705,#2265,.T.);
#4819=EDGE_CURVE('',#3705,#3703,#489,.T.);
#4820=EDGE_CURVE('',#3706,#3704,#490,.T.);
#4821=EDGE_CURVE('',#3706,#3707,#2266,.T.);
#4822=EDGE_CURVE('',#3707,#3705,#491,.T.);
#4823=EDGE_CURVE('',#3708,#3706,#492,.T.);
#4824=EDGE_CURVE('',#3708,#3709,#2267,.T.);
#4825=EDGE_CURVE('',#3709,#3707,#493,.T.);
#4826=EDGE_CURVE('',#3710,#3708,#494,.T.);
#4827=EDGE_CURVE('',#3710,#3711,#2268,.T.);
#4828=EDGE_CURVE('',#3711,#3709,#495,.T.);
#4829=EDGE_CURVE('',#3712,#3710,#496,.T.);
#4830=EDGE_CURVE('',#3712,#3713,#2269,.T.);
#4831=EDGE_CURVE('',#3713,#3711,#497,.T.);
#4832=EDGE_CURVE('',#3714,#3712,#2270,.T.);
#4833=EDGE_CURVE('',#3714,#3715,#2271,.T.);
#4834=EDGE_CURVE('',#3715,#3713,#2272,.T.);
#4835=EDGE_CURVE('',#3716,#3714,#498,.T.);
#4836=EDGE_CURVE('',#3716,#3717,#2273,.T.);
#4837=EDGE_CURVE('',#3717,#3715,#499,.T.);
#4838=EDGE_CURVE('',#3661,#3716,#500,.T.);
#4839=EDGE_CURVE('',#3663,#3717,#501,.T.);
#4840=EDGE_CURVE('',#3718,#3719,#502,.T.);
#4841=EDGE_CURVE('',#3718,#3720,#2274,.T.);
#4842=EDGE_CURVE('',#3720,#3721,#503,.T.);
#4843=EDGE_CURVE('',#3719,#3721,#2275,.T.);
#4844=EDGE_CURVE('',#3722,#3718,#504,.T.);
#4845=EDGE_CURVE('',#3722,#3723,#2276,.T.);
#4846=EDGE_CURVE('',#3723,#3720,#505,.T.);
#4847=EDGE_CURVE('',#3724,#3722,#2277,.T.);
#4848=EDGE_CURVE('',#3724,#3725,#2278,.T.);
#4849=EDGE_CURVE('',#3725,#3723,#2279,.T.);
#4850=EDGE_CURVE('',#3726,#3724,#506,.T.);
#4851=EDGE_CURVE('',#3726,#3727,#2280,.T.);
#4852=EDGE_CURVE('',#3727,#3725,#507,.T.);
#4853=EDGE_CURVE('',#3728,#3726,#508,.T.);
#4854=EDGE_CURVE('',#3728,#3729,#2281,.T.);
#4855=EDGE_CURVE('',#3729,#3727,#509,.T.);
#4856=EDGE_CURVE('',#3730,#3728,#2282,.T.);
#4857=EDGE_CURVE('',#3730,#3731,#2283,.T.);
#4858=EDGE_CURVE('',#3731,#3729,#2284,.T.);
#4859=EDGE_CURVE('',#3732,#3730,#2285,.T.);
#4860=EDGE_CURVE('',#3732,#3733,#2286,.T.);
#4861=EDGE_CURVE('',#3733,#3731,#2287,.T.);
#4862=EDGE_CURVE('',#3734,#3732,#2288,.T.);
#4863=EDGE_CURVE('',#3734,#3735,#2289,.T.);
#4864=EDGE_CURVE('',#3735,#3733,#2290,.T.);
#4865=EDGE_CURVE('',#3719,#3734,#2291,.T.);
#4866=EDGE_CURVE('',#3721,#3735,#2292,.T.);
#4867=EDGE_CURVE('',#3736,#3737,#2293,.T.);
#4868=EDGE_CURVE('',#3736,#3738,#2294,.T.);
#4869=EDGE_CURVE('',#3738,#3739,#2295,.T.);
#4870=EDGE_CURVE('',#3737,#3739,#2296,.T.);
#4871=EDGE_CURVE('',#3740,#3736,#510,.T.);
#4872=EDGE_CURVE('',#3740,#3741,#2297,.T.);
#4873=EDGE_CURVE('',#3741,#3738,#511,.T.);
#4874=EDGE_CURVE('',#3742,#3740,#512,.T.);
#4875=EDGE_CURVE('',#3742,#3743,#2298,.T.);
#4876=EDGE_CURVE('',#3743,#3741,#513,.T.);
#4877=EDGE_CURVE('',#3744,#3742,#514,.T.);
#4878=EDGE_CURVE('',#3744,#3745,#2299,.T.);
#4879=EDGE_CURVE('',#3745,#3743,#515,.T.);
#4880=EDGE_CURVE('',#3746,#3744,#516,.T.);
#4881=EDGE_CURVE('',#3746,#3747,#2300,.T.);
#4882=EDGE_CURVE('',#3747,#3745,#517,.T.);
#4883=EDGE_CURVE('',#3748,#3746,#518,.T.);
#4884=EDGE_CURVE('',#3748,#3749,#2301,.T.);
#4885=EDGE_CURVE('',#3749,#3747,#519,.T.);
#4886=EDGE_CURVE('',#3750,#3748,#520,.T.);
#4887=EDGE_CURVE('',#3750,#3751,#2302,.T.);
#4888=EDGE_CURVE('',#3751,#3749,#521,.T.);
#4889=EDGE_CURVE('',#3752,#3750,#522,.T.);
#4890=EDGE_CURVE('',#3752,#3753,#2303,.T.);
#4891=EDGE_CURVE('',#3753,#3751,#523,.T.);
#4892=EDGE_CURVE('',#3754,#3752,#2304,.T.);
#4893=EDGE_CURVE('',#3754,#3755,#2305,.T.);
#4894=EDGE_CURVE('',#3755,#3753,#2306,.T.);
#4895=EDGE_CURVE('',#3756,#3754,#2307,.T.);
#4896=EDGE_CURVE('',#3756,#3757,#2308,.T.);
#4897=EDGE_CURVE('',#3757,#3755,#2309,.T.);
#4898=EDGE_CURVE('',#3758,#3756,#2310,.T.);
#4899=EDGE_CURVE('',#3758,#3759,#2311,.T.);
#4900=EDGE_CURVE('',#3759,#3757,#2312,.T.);
#4901=EDGE_CURVE('',#3760,#3758,#524,.T.);
#4902=EDGE_CURVE('',#3760,#3761,#2313,.T.);
#4903=EDGE_CURVE('',#3761,#3759,#525,.T.);
#4904=EDGE_CURVE('',#3762,#3760,#526,.T.);
#4905=EDGE_CURVE('',#3762,#3763,#2314,.T.);
#4906=EDGE_CURVE('',#3763,#3761,#527,.T.);
#4907=EDGE_CURVE('',#3764,#3762,#528,.T.);
#4908=EDGE_CURVE('',#3764,#3765,#2315,.T.);
#4909=EDGE_CURVE('',#3765,#3763,#529,.T.);
#4910=EDGE_CURVE('',#3766,#3764,#530,.T.);
#4911=EDGE_CURVE('',#3766,#3767,#2316,.T.);
#4912=EDGE_CURVE('',#3767,#3765,#531,.T.);
#4913=EDGE_CURVE('',#3768,#3766,#532,.T.);
#4914=EDGE_CURVE('',#3768,#3769,#2317,.T.);
#4915=EDGE_CURVE('',#3769,#3767,#533,.T.);
#4916=EDGE_CURVE('',#3770,#3768,#2318,.T.);
#4917=EDGE_CURVE('',#3770,#3771,#2319,.T.);
#4918=EDGE_CURVE('',#3771,#3769,#2320,.T.);
#4919=EDGE_CURVE('',#3772,#3770,#2321,.T.);
#4920=EDGE_CURVE('',#3772,#3773,#2322,.T.);
#4921=EDGE_CURVE('',#3773,#3771,#2323,.T.);
#4922=EDGE_CURVE('',#3774,#3772,#2324,.T.);
#4923=EDGE_CURVE('',#3774,#3775,#2325,.T.);
#4924=EDGE_CURVE('',#3775,#3773,#2326,.T.);
#4925=EDGE_CURVE('',#3776,#3774,#534,.T.);
#4926=EDGE_CURVE('',#3776,#3777,#2327,.T.);
#4927=EDGE_CURVE('',#3777,#3775,#535,.T.);
#4928=EDGE_CURVE('',#3778,#3776,#536,.T.);
#4929=EDGE_CURVE('',#3778,#3779,#2328,.T.);
#4930=EDGE_CURVE('',#3779,#3777,#537,.T.);
#4931=EDGE_CURVE('',#3780,#3778,#538,.T.);
#4932=EDGE_CURVE('',#3780,#3781,#2329,.T.);
#4933=EDGE_CURVE('',#3781,#3779,#539,.T.);
#4934=EDGE_CURVE('',#3782,#3780,#540,.T.);
#4935=EDGE_CURVE('',#3782,#3783,#2330,.T.);
#4936=EDGE_CURVE('',#3783,#3781,#541,.T.);
#4937=EDGE_CURVE('',#3784,#3782,#542,.T.);
#4938=EDGE_CURVE('',#3784,#3785,#2331,.T.);
#4939=EDGE_CURVE('',#3785,#3783,#543,.T.);
#4940=EDGE_CURVE('',#3786,#3784,#544,.T.);
#4941=EDGE_CURVE('',#3786,#3787,#2332,.T.);
#4942=EDGE_CURVE('',#3787,#3785,#545,.T.);
#4943=EDGE_CURVE('',#3788,#3786,#546,.T.);
#4944=EDGE_CURVE('',#3788,#3789,#2333,.T.);
#4945=EDGE_CURVE('',#3789,#3787,#547,.T.);
#4946=EDGE_CURVE('',#3790,#3788,#548,.T.);
#4947=EDGE_CURVE('',#3790,#3791,#2334,.T.);
#4948=EDGE_CURVE('',#3791,#3789,#549,.T.);
#4949=EDGE_CURVE('',#3792,#3790,#2335,.T.);
#4950=EDGE_CURVE('',#3792,#3793,#2336,.T.);
#4951=EDGE_CURVE('',#3793,#3791,#2337,.T.);
#4952=EDGE_CURVE('',#3794,#3792,#2338,.T.);
#4953=EDGE_CURVE('',#3794,#3795,#2339,.T.);
#4954=EDGE_CURVE('',#3795,#3793,#2340,.T.);
#4955=EDGE_CURVE('',#3796,#3794,#2341,.T.);
#4956=EDGE_CURVE('',#3796,#3797,#2342,.T.);
#4957=EDGE_CURVE('',#3797,#3795,#2343,.T.);
#4958=EDGE_CURVE('',#3737,#3796,#2344,.T.);
#4959=EDGE_CURVE('',#3739,#3797,#2345,.T.);
#4960=EDGE_CURVE('',#3798,#3799,#550,.T.);
#4961=EDGE_CURVE('',#3798,#3800,#2346,.T.);
#4962=EDGE_CURVE('',#3800,#3801,#551,.T.);
#4963=EDGE_CURVE('',#3799,#3801,#2347,.T.);
#4964=EDGE_CURVE('',#3802,#3798,#552,.T.);
#4965=EDGE_CURVE('',#3802,#3803,#2348,.T.);
#4966=EDGE_CURVE('',#3803,#3800,#553,.T.);
#4967=EDGE_CURVE('',#3804,#3802,#554,.T.);
#4968=EDGE_CURVE('',#3804,#3805,#2349,.T.);
#4969=EDGE_CURVE('',#3805,#3803,#555,.T.);
#4970=EDGE_CURVE('',#3806,#3804,#556,.T.);
#4971=EDGE_CURVE('',#3806,#3807,#2350,.T.);
#4972=EDGE_CURVE('',#3807,#3805,#557,.T.);
#4973=EDGE_CURVE('',#3808,#3806,#2351,.T.);
#4974=EDGE_CURVE('',#3808,#3809,#2352,.T.);
#4975=EDGE_CURVE('',#3809,#3807,#2353,.T.);
#4976=EDGE_CURVE('',#3810,#3808,#558,.T.);
#4977=EDGE_CURVE('',#3810,#3811,#2354,.T.);
#4978=EDGE_CURVE('',#3811,#3809,#559,.T.);
#4979=EDGE_CURVE('',#3812,#3810,#560,.T.);
#4980=EDGE_CURVE('',#3812,#3813,#2355,.T.);
#4981=EDGE_CURVE('',#3813,#3811,#561,.T.);
#4982=EDGE_CURVE('',#3814,#3812,#562,.T.);
#4983=EDGE_CURVE('',#3814,#3815,#2356,.T.);
#4984=EDGE_CURVE('',#3815,#3813,#563,.T.);
#4985=EDGE_CURVE('',#3816,#3814,#564,.T.);
#4986=EDGE_CURVE('',#3816,#3817,#2357,.T.);
#4987=EDGE_CURVE('',#3817,#3815,#565,.T.);
#4988=EDGE_CURVE('',#3818,#3816,#2358,.T.);
#4989=EDGE_CURVE('',#3818,#3819,#2359,.T.);
#4990=EDGE_CURVE('',#3819,#3817,#2360,.T.);
#4991=EDGE_CURVE('',#3820,#3818,#2361,.T.);
#4992=EDGE_CURVE('',#3820,#3821,#2362,.T.);
#4993=EDGE_CURVE('',#3821,#3819,#2363,.T.);
#4994=EDGE_CURVE('',#3822,#3820,#2364,.T.);
#4995=EDGE_CURVE('',#3822,#3823,#2365,.T.);
#4996=EDGE_CURVE('',#3823,#3821,#2366,.T.);
#4997=EDGE_CURVE('',#3824,#3822,#2367,.T.);
#4998=EDGE_CURVE('',#3824,#3825,#2368,.T.);
#4999=EDGE_CURVE('',#3825,#3823,#2369,.T.);
#5000=EDGE_CURVE('',#3826,#3824,#2370,.T.);
#5001=EDGE_CURVE('',#3826,#3827,#2371,.T.);
#5002=EDGE_CURVE('',#3827,#3825,#2372,.T.);
#5003=EDGE_CURVE('',#3828,#3826,#2373,.T.);
#5004=EDGE_CURVE('',#3828,#3829,#2374,.T.);
#5005=EDGE_CURVE('',#3829,#3827,#2375,.T.);
#5006=EDGE_CURVE('',#3830,#3828,#2376,.T.);
#5007=EDGE_CURVE('',#3830,#3831,#2377,.T.);
#5008=EDGE_CURVE('',#3831,#3829,#2378,.T.);
#5009=EDGE_CURVE('',#3832,#3830,#2379,.T.);
#5010=EDGE_CURVE('',#3832,#3833,#2380,.T.);
#5011=EDGE_CURVE('',#3833,#3831,#2381,.T.);
#5012=EDGE_CURVE('',#3834,#3832,#2382,.T.);
#5013=EDGE_CURVE('',#3834,#3835,#2383,.T.);
#5014=EDGE_CURVE('',#3835,#3833,#2384,.T.);
#5015=EDGE_CURVE('',#3836,#3834,#2385,.T.);
#5016=EDGE_CURVE('',#3836,#3837,#2386,.T.);
#5017=EDGE_CURVE('',#3837,#3835,#2387,.T.);
#5018=EDGE_CURVE('',#3799,#3836,#2388,.T.);
#5019=EDGE_CURVE('',#3801,#3837,#2389,.T.);
#5020=EDGE_CURVE('',#3838,#3839,#566,.T.);
#5021=EDGE_CURVE('',#3838,#3840,#2390,.T.);
#5022=EDGE_CURVE('',#3840,#3841,#567,.T.);
#5023=EDGE_CURVE('',#3839,#3841,#2391,.T.);
#5024=EDGE_CURVE('',#3842,#3838,#568,.T.);
#5025=EDGE_CURVE('',#3842,#3843,#2392,.T.);
#5026=EDGE_CURVE('',#3843,#3840,#569,.T.);
#5027=EDGE_CURVE('',#3844,#3842,#570,.T.);
#5028=EDGE_CURVE('',#3844,#3845,#2393,.T.);
#5029=EDGE_CURVE('',#3845,#3843,#571,.T.);
#5030=EDGE_CURVE('',#3846,#3844,#572,.T.);
#5031=EDGE_CURVE('',#3846,#3847,#2394,.T.);
#5032=EDGE_CURVE('',#3847,#3845,#573,.T.);
#5033=EDGE_CURVE('',#3848,#3846,#574,.T.);
#5034=EDGE_CURVE('',#3848,#3849,#2395,.T.);
#5035=EDGE_CURVE('',#3849,#3847,#575,.T.);
#5036=EDGE_CURVE('',#3850,#3848,#576,.T.);
#5037=EDGE_CURVE('',#3850,#3851,#2396,.T.);
#5038=EDGE_CURVE('',#3851,#3849,#577,.T.);
#5039=EDGE_CURVE('',#3852,#3850,#578,.T.);
#5040=EDGE_CURVE('',#3852,#3853,#2397,.T.);
#5041=EDGE_CURVE('',#3853,#3851,#579,.T.);
#5042=EDGE_CURVE('',#3854,#3852,#580,.T.);
#5043=EDGE_CURVE('',#3854,#3855,#2398,.T.);
#5044=EDGE_CURVE('',#3855,#3853,#581,.T.);
#5045=EDGE_CURVE('',#3839,#3854,#582,.T.);
#5046=EDGE_CURVE('',#3841,#3855,#583,.T.);
#5047=EDGE_CURVE('',#3856,#3857,#584,.T.);
#5048=EDGE_CURVE('',#3856,#3858,#2399,.T.);
#5049=EDGE_CURVE('',#3858,#3859,#585,.T.);
#5050=EDGE_CURVE('',#3857,#3859,#2400,.T.);
#5051=EDGE_CURVE('',#3860,#3856,#586,.T.);
#5052=EDGE_CURVE('',#3860,#3861,#2401,.T.);
#5053=EDGE_CURVE('',#3861,#3858,#587,.T.);
#5054=EDGE_CURVE('',#3862,#3860,#588,.T.);
#5055=EDGE_CURVE('',#3862,#3863,#2402,.T.);
#5056=EDGE_CURVE('',#3863,#3861,#589,.T.);
#5057=EDGE_CURVE('',#3864,#3862,#590,.T.);
#5058=EDGE_CURVE('',#3864,#3865,#2403,.T.);
#5059=EDGE_CURVE('',#3865,#3863,#591,.T.);
#5060=EDGE_CURVE('',#3866,#3864,#592,.T.);
#5061=EDGE_CURVE('',#3866,#3867,#2404,.T.);
#5062=EDGE_CURVE('',#3867,#3865,#593,.T.);
#5063=EDGE_CURVE('',#3868,#3866,#594,.T.);
#5064=EDGE_CURVE('',#3868,#3869,#2405,.T.);
#5065=EDGE_CURVE('',#3869,#3867,#595,.T.);
#5066=EDGE_CURVE('',#3870,#3868,#596,.T.);
#5067=EDGE_CURVE('',#3870,#3871,#2406,.T.);
#5068=EDGE_CURVE('',#3871,#3869,#597,.T.);
#5069=EDGE_CURVE('',#3872,#3870,#598,.T.);
#5070=EDGE_CURVE('',#3872,#3873,#2407,.T.);
#5071=EDGE_CURVE('',#3873,#3871,#599,.T.);
#5072=EDGE_CURVE('',#3857,#3872,#600,.T.);
#5073=EDGE_CURVE('',#3859,#3873,#601,.T.);
#5074=EDGE_CURVE('',#3874,#3875,#2408,.T.);
#5075=EDGE_CURVE('',#3874,#3876,#2409,.T.);
#5076=EDGE_CURVE('',#3876,#3877,#2410,.T.);
#5077=EDGE_CURVE('',#3875,#3877,#2411,.T.);
#5078=EDGE_CURVE('',#3878,#3874,#2412,.T.);
#5079=EDGE_CURVE('',#3878,#3879,#2413,.T.);
#5080=EDGE_CURVE('',#3879,#3876,#2414,.T.);
#5081=EDGE_CURVE('',#3880,#3878,#2415,.T.);
#5082=EDGE_CURVE('',#3880,#3881,#2416,.T.);
#5083=EDGE_CURVE('',#3881,#3879,#2417,.T.);
#5084=EDGE_CURVE('',#3875,#3880,#2418,.T.);
#5085=EDGE_CURVE('',#3877,#3881,#2419,.T.);
#5086=EDGE_CURVE('',#3882,#3883,#2420,.T.);
#5087=EDGE_CURVE('',#3882,#3884,#2421,.T.);
#5088=EDGE_CURVE('',#3885,#3884,#2422,.T.);
#5089=EDGE_CURVE('',#3883,#3885,#2423,.T.);
#5090=EDGE_CURVE('',#3886,#3883,#15,.T.);
#5091=EDGE_CURVE('',#3887,#3885,#16,.T.);
#5092=EDGE_CURVE('',#3886,#3887,#2424,.T.);
#5093=EDGE_CURVE('',#3886,#3888,#2425,.T.);
#5094=EDGE_CURVE('',#3889,#3887,#2426,.T.);
#5095=EDGE_CURVE('',#3888,#3889,#2427,.T.);
#5096=EDGE_CURVE('',#3890,#3888,#17,.T.);
#5097=EDGE_CURVE('',#3891,#3889,#18,.T.);
#5098=EDGE_CURVE('',#3890,#3891,#2428,.T.);
#5099=EDGE_CURVE('',#3890,#3892,#2429,.T.);
#5100=EDGE_CURVE('',#3893,#3891,#2430,.T.);
#5101=EDGE_CURVE('',#3892,#3893,#2431,.T.);
#5102=EDGE_CURVE('',#3894,#3892,#19,.T.);
#5103=EDGE_CURVE('',#3895,#3893,#20,.T.);
#5104=EDGE_CURVE('',#3894,#3895,#2432,.T.);
#5105=EDGE_CURVE('',#3894,#3896,#2433,.T.);
#5106=EDGE_CURVE('',#3897,#3895,#2434,.T.);
#5107=EDGE_CURVE('',#3896,#3897,#2435,.T.);
#5108=EDGE_CURVE('',#3882,#3896,#21,.T.);
#5109=EDGE_CURVE('',#3884,#3897,#22,.T.);
#5110=ORIENTED_EDGE('',*,*,#3898,.F.);
#5111=ORIENTED_EDGE('',*,*,#3899,.T.);
#5112=ORIENTED_EDGE('',*,*,#3900,.T.);
#5113=ORIENTED_EDGE('',*,*,#3901,.F.);
#5114=ORIENTED_EDGE('',*,*,#3902,.F.);
#5115=ORIENTED_EDGE('',*,*,#3903,.T.);
#5116=ORIENTED_EDGE('',*,*,#3904,.T.);
#5117=ORIENTED_EDGE('',*,*,#3899,.F.);
#5118=ORIENTED_EDGE('',*,*,#3905,.F.);
#5119=ORIENTED_EDGE('',*,*,#3906,.T.);
#5120=ORIENTED_EDGE('',*,*,#3907,.T.);
#5121=ORIENTED_EDGE('',*,*,#3903,.F.);
#5122=ORIENTED_EDGE('',*,*,#3908,.F.);
#5123=ORIENTED_EDGE('',*,*,#3901,.T.);
#5124=ORIENTED_EDGE('',*,*,#3909,.T.);
#5125=ORIENTED_EDGE('',*,*,#3906,.F.);
#5126=ORIENTED_EDGE('',*,*,#3909,.F.);
#5127=ORIENTED_EDGE('',*,*,#3900,.F.);
#5128=ORIENTED_EDGE('',*,*,#3904,.F.);
#5129=ORIENTED_EDGE('',*,*,#3907,.F.);
#5130=ORIENTED_EDGE('',*,*,#3910,.F.);
#5131=ORIENTED_EDGE('',*,*,#3911,.T.);
#5132=ORIENTED_EDGE('',*,*,#3912,.T.);
#5133=ORIENTED_EDGE('',*,*,#3913,.F.);
#5134=ORIENTED_EDGE('',*,*,#3914,.F.);
#5135=ORIENTED_EDGE('',*,*,#3915,.T.);
#5136=ORIENTED_EDGE('',*,*,#3916,.T.);
#5137=ORIENTED_EDGE('',*,*,#3911,.F.);
#5138=ORIENTED_EDGE('',*,*,#3917,.F.);
#5139=ORIENTED_EDGE('',*,*,#3918,.T.);
#5140=ORIENTED_EDGE('',*,*,#3919,.T.);
#5141=ORIENTED_EDGE('',*,*,#3915,.F.);
#5142=ORIENTED_EDGE('',*,*,#3920,.F.);
#5143=ORIENTED_EDGE('',*,*,#3921,.T.);
#5144=ORIENTED_EDGE('',*,*,#3922,.T.);
#5145=ORIENTED_EDGE('',*,*,#3918,.F.);
#5146=ORIENTED_EDGE('',*,*,#3923,.F.);
#5147=ORIENTED_EDGE('',*,*,#3924,.T.);
#5148=ORIENTED_EDGE('',*,*,#3925,.T.);
#5149=ORIENTED_EDGE('',*,*,#3921,.F.);
#5150=ORIENTED_EDGE('',*,*,#3926,.F.);
#5151=ORIENTED_EDGE('',*,*,#3927,.T.);
#5152=ORIENTED_EDGE('',*,*,#3928,.T.);
#5153=ORIENTED_EDGE('',*,*,#3924,.F.);
#5154=ORIENTED_EDGE('',*,*,#3929,.F.);
#5155=ORIENTED_EDGE('',*,*,#3930,.T.);
#5156=ORIENTED_EDGE('',*,*,#3931,.T.);
#5157=ORIENTED_EDGE('',*,*,#3927,.F.);
#5158=ORIENTED_EDGE('',*,*,#3932,.F.);
#5159=ORIENTED_EDGE('',*,*,#3933,.T.);
#5160=ORIENTED_EDGE('',*,*,#3934,.T.);
#5161=ORIENTED_EDGE('',*,*,#3930,.F.);
#5162=ORIENTED_EDGE('',*,*,#3935,.F.);
#5163=ORIENTED_EDGE('',*,*,#3913,.T.);
#5164=ORIENTED_EDGE('',*,*,#3936,.T.);
#5165=ORIENTED_EDGE('',*,*,#3933,.F.);
#5166=ORIENTED_EDGE('',*,*,#3937,.F.);
#5167=ORIENTED_EDGE('',*,*,#3938,.T.);
#5168=ORIENTED_EDGE('',*,*,#3939,.T.);
#5169=ORIENTED_EDGE('',*,*,#3940,.F.);
#5170=ORIENTED_EDGE('',*,*,#3941,.F.);
#5171=ORIENTED_EDGE('',*,*,#3942,.T.);
#5172=ORIENTED_EDGE('',*,*,#3943,.T.);
#5173=ORIENTED_EDGE('',*,*,#3938,.F.);
#5174=ORIENTED_EDGE('',*,*,#3944,.F.);
#5175=ORIENTED_EDGE('',*,*,#3945,.T.);
#5176=ORIENTED_EDGE('',*,*,#3946,.T.);
#5177=ORIENTED_EDGE('',*,*,#3942,.F.);
#5178=ORIENTED_EDGE('',*,*,#3947,.F.);
#5179=ORIENTED_EDGE('',*,*,#3948,.T.);
#5180=ORIENTED_EDGE('',*,*,#3949,.T.);
#5181=ORIENTED_EDGE('',*,*,#3945,.F.);
#5182=ORIENTED_EDGE('',*,*,#3950,.F.);
#5183=ORIENTED_EDGE('',*,*,#3951,.T.);
#5184=ORIENTED_EDGE('',*,*,#3952,.T.);
#5185=ORIENTED_EDGE('',*,*,#3948,.F.);
#5186=ORIENTED_EDGE('',*,*,#3953,.F.);
#5187=ORIENTED_EDGE('',*,*,#3954,.T.);
#5188=ORIENTED_EDGE('',*,*,#3955,.T.);
#5189=ORIENTED_EDGE('',*,*,#3951,.F.);
#5190=ORIENTED_EDGE('',*,*,#3956,.F.);
#5191=ORIENTED_EDGE('',*,*,#3957,.T.);
#5192=ORIENTED_EDGE('',*,*,#3958,.T.);
#5193=ORIENTED_EDGE('',*,*,#3954,.F.);
#5194=ORIENTED_EDGE('',*,*,#3959,.F.);
#5195=ORIENTED_EDGE('',*,*,#3960,.T.);
#5196=ORIENTED_EDGE('',*,*,#3961,.T.);
#5197=ORIENTED_EDGE('',*,*,#3957,.F.);
#5198=ORIENTED_EDGE('',*,*,#3962,.F.);
#5199=ORIENTED_EDGE('',*,*,#3963,.T.);
#5200=ORIENTED_EDGE('',*,*,#3964,.T.);
#5201=ORIENTED_EDGE('',*,*,#3960,.F.);
#5202=ORIENTED_EDGE('',*,*,#3965,.F.);
#5203=ORIENTED_EDGE('',*,*,#3966,.T.);
#5204=ORIENTED_EDGE('',*,*,#3967,.T.);
#5205=ORIENTED_EDGE('',*,*,#3963,.F.);
#5206=ORIENTED_EDGE('',*,*,#3968,.F.);
#5207=ORIENTED_EDGE('',*,*,#3969,.T.);
#5208=ORIENTED_EDGE('',*,*,#3970,.T.);
#5209=ORIENTED_EDGE('',*,*,#3966,.F.);
#5210=ORIENTED_EDGE('',*,*,#3971,.F.);
#5211=ORIENTED_EDGE('',*,*,#3972,.T.);
#5212=ORIENTED_EDGE('',*,*,#3973,.T.);
#5213=ORIENTED_EDGE('',*,*,#3969,.F.);
#5214=ORIENTED_EDGE('',*,*,#3974,.F.);
#5215=ORIENTED_EDGE('',*,*,#3975,.T.);
#5216=ORIENTED_EDGE('',*,*,#3976,.T.);
#5217=ORIENTED_EDGE('',*,*,#3972,.F.);
#5218=ORIENTED_EDGE('',*,*,#3977,.F.);
#5219=ORIENTED_EDGE('',*,*,#3978,.T.);
#5220=ORIENTED_EDGE('',*,*,#3979,.T.);
#5221=ORIENTED_EDGE('',*,*,#3975,.F.);
#5222=ORIENTED_EDGE('',*,*,#3980,.F.);
#5223=ORIENTED_EDGE('',*,*,#3981,.T.);
#5224=ORIENTED_EDGE('',*,*,#3982,.T.);
#5225=ORIENTED_EDGE('',*,*,#3978,.F.);
#5226=ORIENTED_EDGE('',*,*,#3983,.F.);
#5227=ORIENTED_EDGE('',*,*,#3984,.T.);
#5228=ORIENTED_EDGE('',*,*,#3985,.T.);
#5229=ORIENTED_EDGE('',*,*,#3981,.F.);
#5230=ORIENTED_EDGE('',*,*,#3986,.F.);
#5231=ORIENTED_EDGE('',*,*,#3987,.T.);
#5232=ORIENTED_EDGE('',*,*,#3988,.T.);
#5233=ORIENTED_EDGE('',*,*,#3984,.F.);
#5234=ORIENTED_EDGE('',*,*,#3989,.F.);
#5235=ORIENTED_EDGE('',*,*,#3990,.T.);
#5236=ORIENTED_EDGE('',*,*,#3991,.T.);
#5237=ORIENTED_EDGE('',*,*,#3987,.F.);
#5238=ORIENTED_EDGE('',*,*,#3992,.F.);
#5239=ORIENTED_EDGE('',*,*,#3993,.T.);
#5240=ORIENTED_EDGE('',*,*,#3994,.T.);
#5241=ORIENTED_EDGE('',*,*,#3990,.F.);
#5242=ORIENTED_EDGE('',*,*,#3995,.F.);
#5243=ORIENTED_EDGE('',*,*,#3996,.T.);
#5244=ORIENTED_EDGE('',*,*,#3997,.T.);
#5245=ORIENTED_EDGE('',*,*,#3993,.F.);
#5246=ORIENTED_EDGE('',*,*,#3998,.F.);
#5247=ORIENTED_EDGE('',*,*,#3999,.T.);
#5248=ORIENTED_EDGE('',*,*,#4000,.T.);
#5249=ORIENTED_EDGE('',*,*,#3996,.F.);
#5250=ORIENTED_EDGE('',*,*,#4001,.F.);
#5251=ORIENTED_EDGE('',*,*,#4002,.T.);
#5252=ORIENTED_EDGE('',*,*,#4003,.T.);
#5253=ORIENTED_EDGE('',*,*,#3999,.F.);
#5254=ORIENTED_EDGE('',*,*,#4004,.F.);
#5255=ORIENTED_EDGE('',*,*,#3940,.T.);
#5256=ORIENTED_EDGE('',*,*,#4005,.T.);
#5257=ORIENTED_EDGE('',*,*,#4002,.F.);
#5258=ORIENTED_EDGE('',*,*,#4005,.F.);
#5259=ORIENTED_EDGE('',*,*,#3939,.F.);
#5260=ORIENTED_EDGE('',*,*,#3943,.F.);
#5261=ORIENTED_EDGE('',*,*,#3946,.F.);
#5262=ORIENTED_EDGE('',*,*,#3949,.F.);
#5263=ORIENTED_EDGE('',*,*,#3952,.F.);
#5264=ORIENTED_EDGE('',*,*,#3955,.F.);
#5265=ORIENTED_EDGE('',*,*,#3958,.F.);
#5266=ORIENTED_EDGE('',*,*,#3961,.F.);
#5267=ORIENTED_EDGE('',*,*,#3964,.F.);
#5268=ORIENTED_EDGE('',*,*,#3967,.F.);
#5269=ORIENTED_EDGE('',*,*,#3970,.F.);
#5270=ORIENTED_EDGE('',*,*,#3973,.F.);
#5271=ORIENTED_EDGE('',*,*,#3976,.F.);
#5272=ORIENTED_EDGE('',*,*,#3979,.F.);
#5273=ORIENTED_EDGE('',*,*,#3982,.F.);
#5274=ORIENTED_EDGE('',*,*,#3985,.F.);
#5275=ORIENTED_EDGE('',*,*,#3988,.F.);
#5276=ORIENTED_EDGE('',*,*,#3991,.F.);
#5277=ORIENTED_EDGE('',*,*,#3994,.F.);
#5278=ORIENTED_EDGE('',*,*,#3997,.F.);
#5279=ORIENTED_EDGE('',*,*,#4000,.F.);
#5280=ORIENTED_EDGE('',*,*,#4003,.F.);
#5281=ORIENTED_EDGE('',*,*,#3936,.F.);
#5282=ORIENTED_EDGE('',*,*,#3912,.F.);
#5283=ORIENTED_EDGE('',*,*,#3916,.F.);
#5284=ORIENTED_EDGE('',*,*,#3919,.F.);
#5285=ORIENTED_EDGE('',*,*,#3922,.F.);
#5286=ORIENTED_EDGE('',*,*,#3925,.F.);
#5287=ORIENTED_EDGE('',*,*,#3928,.F.);
#5288=ORIENTED_EDGE('',*,*,#3931,.F.);
#5289=ORIENTED_EDGE('',*,*,#3934,.F.);
#5290=ORIENTED_EDGE('',*,*,#4006,.F.);
#5291=ORIENTED_EDGE('',*,*,#4007,.T.);
#5292=ORIENTED_EDGE('',*,*,#4008,.T.);
#5293=ORIENTED_EDGE('',*,*,#4009,.F.);
#5294=ORIENTED_EDGE('',*,*,#4010,.F.);
#5295=ORIENTED_EDGE('',*,*,#4011,.T.);
#5296=ORIENTED_EDGE('',*,*,#4012,.T.);
#5297=ORIENTED_EDGE('',*,*,#4007,.F.);
#5298=ORIENTED_EDGE('',*,*,#4013,.F.);
#5299=ORIENTED_EDGE('',*,*,#4014,.T.);
#5300=ORIENTED_EDGE('',*,*,#4015,.T.);
#5301=ORIENTED_EDGE('',*,*,#4011,.F.);
#5302=ORIENTED_EDGE('',*,*,#4016,.F.);
#5303=ORIENTED_EDGE('',*,*,#4017,.T.);
#5304=ORIENTED_EDGE('',*,*,#4018,.T.);
#5305=ORIENTED_EDGE('',*,*,#4014,.F.);
#5306=ORIENTED_EDGE('',*,*,#4019,.F.);
#5307=ORIENTED_EDGE('',*,*,#4020,.T.);
#5308=ORIENTED_EDGE('',*,*,#4021,.T.);
#5309=ORIENTED_EDGE('',*,*,#4017,.F.);
#5310=ORIENTED_EDGE('',*,*,#4022,.F.);
#5311=ORIENTED_EDGE('',*,*,#4023,.T.);
#5312=ORIENTED_EDGE('',*,*,#4024,.T.);
#5313=ORIENTED_EDGE('',*,*,#4020,.F.);
#5314=ORIENTED_EDGE('',*,*,#4025,.F.);
#5315=ORIENTED_EDGE('',*,*,#4026,.T.);
#5316=ORIENTED_EDGE('',*,*,#4027,.T.);
#5317=ORIENTED_EDGE('',*,*,#4023,.F.);
#5318=ORIENTED_EDGE('',*,*,#4028,.F.);
#5319=ORIENTED_EDGE('',*,*,#4029,.T.);
#5320=ORIENTED_EDGE('',*,*,#4030,.T.);
#5321=ORIENTED_EDGE('',*,*,#4026,.F.);
#5322=ORIENTED_EDGE('',*,*,#4031,.F.);
#5323=ORIENTED_EDGE('',*,*,#4032,.T.);
#5324=ORIENTED_EDGE('',*,*,#4033,.T.);
#5325=ORIENTED_EDGE('',*,*,#4029,.F.);
#5326=ORIENTED_EDGE('',*,*,#4034,.F.);
#5327=ORIENTED_EDGE('',*,*,#4035,.T.);
#5328=ORIENTED_EDGE('',*,*,#4036,.T.);
#5329=ORIENTED_EDGE('',*,*,#4032,.F.);
#5330=ORIENTED_EDGE('',*,*,#4037,.F.);
#5331=ORIENTED_EDGE('',*,*,#4038,.T.);
#5332=ORIENTED_EDGE('',*,*,#4039,.T.);
#5333=ORIENTED_EDGE('',*,*,#4035,.F.);
#5334=ORIENTED_EDGE('',*,*,#4040,.F.);
#5335=ORIENTED_EDGE('',*,*,#4041,.T.);
#5336=ORIENTED_EDGE('',*,*,#4042,.T.);
#5337=ORIENTED_EDGE('',*,*,#4038,.F.);
#5338=ORIENTED_EDGE('',*,*,#4043,.F.);
#5339=ORIENTED_EDGE('',*,*,#4044,.T.);
#5340=ORIENTED_EDGE('',*,*,#4045,.T.);
#5341=ORIENTED_EDGE('',*,*,#4041,.F.);
#5342=ORIENTED_EDGE('',*,*,#4046,.F.);
#5343=ORIENTED_EDGE('',*,*,#4047,.T.);
#5344=ORIENTED_EDGE('',*,*,#4048,.T.);
#5345=ORIENTED_EDGE('',*,*,#4044,.F.);
#5346=ORIENTED_EDGE('',*,*,#4049,.F.);
#5347=ORIENTED_EDGE('',*,*,#4050,.T.);
#5348=ORIENTED_EDGE('',*,*,#4051,.T.);
#5349=ORIENTED_EDGE('',*,*,#4047,.F.);
#5350=ORIENTED_EDGE('',*,*,#4052,.F.);
#5351=ORIENTED_EDGE('',*,*,#4053,.T.);
#5352=ORIENTED_EDGE('',*,*,#4054,.T.);
#5353=ORIENTED_EDGE('',*,*,#4050,.F.);
#5354=ORIENTED_EDGE('',*,*,#4055,.F.);
#5355=ORIENTED_EDGE('',*,*,#4056,.T.);
#5356=ORIENTED_EDGE('',*,*,#4057,.T.);
#5357=ORIENTED_EDGE('',*,*,#4053,.F.);
#5358=ORIENTED_EDGE('',*,*,#4058,.F.);
#5359=ORIENTED_EDGE('',*,*,#4059,.T.);
#5360=ORIENTED_EDGE('',*,*,#4060,.T.);
#5361=ORIENTED_EDGE('',*,*,#4056,.F.);
#5362=ORIENTED_EDGE('',*,*,#4061,.F.);
#5363=ORIENTED_EDGE('',*,*,#4009,.T.);
#5364=ORIENTED_EDGE('',*,*,#4062,.T.);
#5365=ORIENTED_EDGE('',*,*,#4059,.F.);
#5366=ORIENTED_EDGE('',*,*,#4062,.F.);
#5367=ORIENTED_EDGE('',*,*,#4008,.F.);
#5368=ORIENTED_EDGE('',*,*,#4012,.F.);
#5369=ORIENTED_EDGE('',*,*,#4015,.F.);
#5370=ORIENTED_EDGE('',*,*,#4018,.F.);
#5371=ORIENTED_EDGE('',*,*,#4021,.F.);
#5372=ORIENTED_EDGE('',*,*,#4024,.F.);
#5373=ORIENTED_EDGE('',*,*,#4027,.F.);
#5374=ORIENTED_EDGE('',*,*,#4030,.F.);
#5375=ORIENTED_EDGE('',*,*,#4033,.F.);
#5376=ORIENTED_EDGE('',*,*,#4036,.F.);
#5377=ORIENTED_EDGE('',*,*,#4039,.F.);
#5378=ORIENTED_EDGE('',*,*,#4042,.F.);
#5379=ORIENTED_EDGE('',*,*,#4045,.F.);
#5380=ORIENTED_EDGE('',*,*,#4048,.F.);
#5381=ORIENTED_EDGE('',*,*,#4051,.F.);
#5382=ORIENTED_EDGE('',*,*,#4054,.F.);
#5383=ORIENTED_EDGE('',*,*,#4057,.F.);
#5384=ORIENTED_EDGE('',*,*,#4060,.F.);
#5385=ORIENTED_EDGE('',*,*,#4063,.F.);
#5386=ORIENTED_EDGE('',*,*,#4064,.T.);
#5387=ORIENTED_EDGE('',*,*,#4065,.T.);
#5388=ORIENTED_EDGE('',*,*,#4066,.F.);
#5389=ORIENTED_EDGE('',*,*,#4067,.F.);
#5390=ORIENTED_EDGE('',*,*,#4068,.T.);
#5391=ORIENTED_EDGE('',*,*,#4069,.T.);
#5392=ORIENTED_EDGE('',*,*,#4064,.F.);
#5393=ORIENTED_EDGE('',*,*,#4070,.F.);
#5394=ORIENTED_EDGE('',*,*,#4071,.T.);
#5395=ORIENTED_EDGE('',*,*,#4072,.T.);
#5396=ORIENTED_EDGE('',*,*,#4068,.F.);
#5397=ORIENTED_EDGE('',*,*,#4073,.F.);
#5398=ORIENTED_EDGE('',*,*,#4074,.T.);
#5399=ORIENTED_EDGE('',*,*,#4075,.T.);
#5400=ORIENTED_EDGE('',*,*,#4071,.F.);
#5401=ORIENTED_EDGE('',*,*,#4076,.F.);
#5402=ORIENTED_EDGE('',*,*,#4077,.T.);
#5403=ORIENTED_EDGE('',*,*,#4078,.T.);
#5404=ORIENTED_EDGE('',*,*,#4074,.F.);
#5405=ORIENTED_EDGE('',*,*,#4079,.F.);
#5406=ORIENTED_EDGE('',*,*,#4080,.T.);
#5407=ORIENTED_EDGE('',*,*,#4081,.T.);
#5408=ORIENTED_EDGE('',*,*,#4077,.F.);
#5409=ORIENTED_EDGE('',*,*,#4082,.F.);
#5410=ORIENTED_EDGE('',*,*,#4083,.T.);
#5411=ORIENTED_EDGE('',*,*,#4084,.T.);
#5412=ORIENTED_EDGE('',*,*,#4080,.F.);
#5413=ORIENTED_EDGE('',*,*,#4085,.F.);
#5414=ORIENTED_EDGE('',*,*,#4086,.T.);
#5415=ORIENTED_EDGE('',*,*,#4087,.T.);
#5416=ORIENTED_EDGE('',*,*,#4083,.F.);
#5417=ORIENTED_EDGE('',*,*,#4088,.F.);
#5418=ORIENTED_EDGE('',*,*,#4089,.T.);
#5419=ORIENTED_EDGE('',*,*,#4090,.T.);
#5420=ORIENTED_EDGE('',*,*,#4086,.F.);
#5421=ORIENTED_EDGE('',*,*,#4091,.F.);
#5422=ORIENTED_EDGE('',*,*,#4092,.T.);
#5423=ORIENTED_EDGE('',*,*,#4093,.T.);
#5424=ORIENTED_EDGE('',*,*,#4089,.F.);
#5425=ORIENTED_EDGE('',*,*,#4094,.F.);
#5426=ORIENTED_EDGE('',*,*,#4095,.T.);
#5427=ORIENTED_EDGE('',*,*,#4096,.T.);
#5428=ORIENTED_EDGE('',*,*,#4092,.F.);
#5429=ORIENTED_EDGE('',*,*,#4097,.F.);
#5430=ORIENTED_EDGE('',*,*,#4098,.T.);
#5431=ORIENTED_EDGE('',*,*,#4099,.T.);
#5432=ORIENTED_EDGE('',*,*,#4095,.F.);
#5433=ORIENTED_EDGE('',*,*,#4100,.F.);
#5434=ORIENTED_EDGE('',*,*,#4101,.T.);
#5435=ORIENTED_EDGE('',*,*,#4102,.T.);
#5436=ORIENTED_EDGE('',*,*,#4098,.F.);
#5437=ORIENTED_EDGE('',*,*,#4103,.F.);
#5438=ORIENTED_EDGE('',*,*,#4104,.T.);
#5439=ORIENTED_EDGE('',*,*,#4105,.T.);
#5440=ORIENTED_EDGE('',*,*,#4101,.F.);
#5441=ORIENTED_EDGE('',*,*,#4106,.F.);
#5442=ORIENTED_EDGE('',*,*,#4107,.T.);
#5443=ORIENTED_EDGE('',*,*,#4108,.T.);
#5444=ORIENTED_EDGE('',*,*,#4104,.F.);
#5445=ORIENTED_EDGE('',*,*,#4109,.F.);
#5446=ORIENTED_EDGE('',*,*,#4110,.T.);
#5447=ORIENTED_EDGE('',*,*,#4111,.T.);
#5448=ORIENTED_EDGE('',*,*,#4107,.F.);
#5449=ORIENTED_EDGE('',*,*,#4112,.F.);
#5450=ORIENTED_EDGE('',*,*,#4113,.T.);
#5451=ORIENTED_EDGE('',*,*,#4114,.T.);
#5452=ORIENTED_EDGE('',*,*,#4110,.F.);
#5453=ORIENTED_EDGE('',*,*,#4115,.F.);
#5454=ORIENTED_EDGE('',*,*,#4116,.T.);
#5455=ORIENTED_EDGE('',*,*,#4117,.T.);
#5456=ORIENTED_EDGE('',*,*,#4113,.F.);
#5457=ORIENTED_EDGE('',*,*,#4118,.F.);
#5458=ORIENTED_EDGE('',*,*,#4119,.T.);
#5459=ORIENTED_EDGE('',*,*,#4120,.T.);
#5460=ORIENTED_EDGE('',*,*,#4116,.F.);
#5461=ORIENTED_EDGE('',*,*,#4121,.F.);
#5462=ORIENTED_EDGE('',*,*,#4122,.T.);
#5463=ORIENTED_EDGE('',*,*,#4123,.T.);
#5464=ORIENTED_EDGE('',*,*,#4119,.F.);
#5465=ORIENTED_EDGE('',*,*,#4124,.F.);
#5466=ORIENTED_EDGE('',*,*,#4125,.T.);
#5467=ORIENTED_EDGE('',*,*,#4126,.T.);
#5468=ORIENTED_EDGE('',*,*,#4122,.F.);
#5469=ORIENTED_EDGE('',*,*,#4127,.F.);
#5470=ORIENTED_EDGE('',*,*,#4128,.T.);
#5471=ORIENTED_EDGE('',*,*,#4129,.T.);
#5472=ORIENTED_EDGE('',*,*,#4125,.F.);
#5473=ORIENTED_EDGE('',*,*,#4130,.F.);
#5474=ORIENTED_EDGE('',*,*,#4066,.T.);
#5475=ORIENTED_EDGE('',*,*,#4131,.T.);
#5476=ORIENTED_EDGE('',*,*,#4128,.F.);
#5477=ORIENTED_EDGE('',*,*,#4131,.F.);
#5478=ORIENTED_EDGE('',*,*,#4065,.F.);
#5479=ORIENTED_EDGE('',*,*,#4069,.F.);
#5480=ORIENTED_EDGE('',*,*,#4072,.F.);
#5481=ORIENTED_EDGE('',*,*,#4075,.F.);
#5482=ORIENTED_EDGE('',*,*,#4078,.F.);
#5483=ORIENTED_EDGE('',*,*,#4081,.F.);
#5484=ORIENTED_EDGE('',*,*,#4084,.F.);
#5485=ORIENTED_EDGE('',*,*,#4087,.F.);
#5486=ORIENTED_EDGE('',*,*,#4090,.F.);
#5487=ORIENTED_EDGE('',*,*,#4093,.F.);
#5488=ORIENTED_EDGE('',*,*,#4096,.F.);
#5489=ORIENTED_EDGE('',*,*,#4099,.F.);
#5490=ORIENTED_EDGE('',*,*,#4102,.F.);
#5491=ORIENTED_EDGE('',*,*,#4105,.F.);
#5492=ORIENTED_EDGE('',*,*,#4108,.F.);
#5493=ORIENTED_EDGE('',*,*,#4111,.F.);
#5494=ORIENTED_EDGE('',*,*,#4114,.F.);
#5495=ORIENTED_EDGE('',*,*,#4117,.F.);
#5496=ORIENTED_EDGE('',*,*,#4120,.F.);
#5497=ORIENTED_EDGE('',*,*,#4123,.F.);
#5498=ORIENTED_EDGE('',*,*,#4126,.F.);
#5499=ORIENTED_EDGE('',*,*,#4129,.F.);
#5500=ORIENTED_EDGE('',*,*,#4132,.F.);
#5501=ORIENTED_EDGE('',*,*,#4133,.T.);
#5502=ORIENTED_EDGE('',*,*,#4134,.T.);
#5503=ORIENTED_EDGE('',*,*,#4135,.F.);
#5504=ORIENTED_EDGE('',*,*,#4136,.F.);
#5505=ORIENTED_EDGE('',*,*,#4137,.T.);
#5506=ORIENTED_EDGE('',*,*,#4138,.T.);
#5507=ORIENTED_EDGE('',*,*,#4133,.F.);
#5508=ORIENTED_EDGE('',*,*,#4139,.F.);
#5509=ORIENTED_EDGE('',*,*,#4140,.T.);
#5510=ORIENTED_EDGE('',*,*,#4141,.T.);
#5511=ORIENTED_EDGE('',*,*,#4137,.F.);
#5512=ORIENTED_EDGE('',*,*,#4142,.F.);
#5513=ORIENTED_EDGE('',*,*,#4135,.T.);
#5514=ORIENTED_EDGE('',*,*,#4143,.T.);
#5515=ORIENTED_EDGE('',*,*,#4140,.F.);
#5516=ORIENTED_EDGE('',*,*,#4143,.F.);
#5517=ORIENTED_EDGE('',*,*,#4134,.F.);
#5518=ORIENTED_EDGE('',*,*,#4138,.F.);
#5519=ORIENTED_EDGE('',*,*,#4141,.F.);
#5520=ORIENTED_EDGE('',*,*,#4144,.F.);
#5521=ORIENTED_EDGE('',*,*,#4145,.T.);
#5522=ORIENTED_EDGE('',*,*,#4146,.T.);
#5523=ORIENTED_EDGE('',*,*,#4147,.F.);
#5524=ORIENTED_EDGE('',*,*,#4148,.F.);
#5525=ORIENTED_EDGE('',*,*,#4149,.T.);
#5526=ORIENTED_EDGE('',*,*,#4150,.T.);
#5527=ORIENTED_EDGE('',*,*,#4145,.F.);
#5528=ORIENTED_EDGE('',*,*,#4151,.F.);
#5529=ORIENTED_EDGE('',*,*,#4152,.T.);
#5530=ORIENTED_EDGE('',*,*,#4153,.T.);
#5531=ORIENTED_EDGE('',*,*,#4149,.F.);
#5532=ORIENTED_EDGE('',*,*,#4154,.F.);
#5533=ORIENTED_EDGE('',*,*,#4155,.T.);
#5534=ORIENTED_EDGE('',*,*,#4156,.T.);
#5535=ORIENTED_EDGE('',*,*,#4152,.F.);
#5536=ORIENTED_EDGE('',*,*,#4157,.F.);
#5537=ORIENTED_EDGE('',*,*,#4158,.T.);
#5538=ORIENTED_EDGE('',*,*,#4159,.T.);
#5539=ORIENTED_EDGE('',*,*,#4155,.F.);
#5540=ORIENTED_EDGE('',*,*,#4160,.F.);
#5541=ORIENTED_EDGE('',*,*,#4161,.T.);
#5542=ORIENTED_EDGE('',*,*,#4162,.T.);
#5543=ORIENTED_EDGE('',*,*,#4158,.F.);
#5544=ORIENTED_EDGE('',*,*,#4163,.F.);
#5545=ORIENTED_EDGE('',*,*,#4164,.T.);
#5546=ORIENTED_EDGE('',*,*,#4165,.T.);
#5547=ORIENTED_EDGE('',*,*,#4161,.F.);
#5548=ORIENTED_EDGE('',*,*,#4166,.F.);
#5549=ORIENTED_EDGE('',*,*,#4167,.T.);
#5550=ORIENTED_EDGE('',*,*,#4168,.T.);
#5551=ORIENTED_EDGE('',*,*,#4164,.F.);
#5552=ORIENTED_EDGE('',*,*,#4169,.F.);
#5553=ORIENTED_EDGE('',*,*,#4170,.T.);
#5554=ORIENTED_EDGE('',*,*,#4171,.T.);
#5555=ORIENTED_EDGE('',*,*,#4167,.F.);
#5556=ORIENTED_EDGE('',*,*,#4172,.F.);
#5557=ORIENTED_EDGE('',*,*,#4173,.T.);
#5558=ORIENTED_EDGE('',*,*,#4174,.T.);
#5559=ORIENTED_EDGE('',*,*,#4170,.F.);
#5560=ORIENTED_EDGE('',*,*,#4175,.F.);
#5561=ORIENTED_EDGE('',*,*,#4176,.T.);
#5562=ORIENTED_EDGE('',*,*,#4177,.T.);
#5563=ORIENTED_EDGE('',*,*,#4173,.F.);
#5564=ORIENTED_EDGE('',*,*,#4178,.F.);
#5565=ORIENTED_EDGE('',*,*,#4147,.T.);
#5566=ORIENTED_EDGE('',*,*,#4179,.T.);
#5567=ORIENTED_EDGE('',*,*,#4176,.F.);
#5568=ORIENTED_EDGE('',*,*,#4179,.F.);
#5569=ORIENTED_EDGE('',*,*,#4146,.F.);
#5570=ORIENTED_EDGE('',*,*,#4150,.F.);
#5571=ORIENTED_EDGE('',*,*,#4153,.F.);
#5572=ORIENTED_EDGE('',*,*,#4156,.F.);
#5573=ORIENTED_EDGE('',*,*,#4159,.F.);
#5574=ORIENTED_EDGE('',*,*,#4162,.F.);
#5575=ORIENTED_EDGE('',*,*,#4165,.F.);
#5576=ORIENTED_EDGE('',*,*,#4168,.F.);
#5577=ORIENTED_EDGE('',*,*,#4171,.F.);
#5578=ORIENTED_EDGE('',*,*,#4174,.F.);
#5579=ORIENTED_EDGE('',*,*,#4177,.F.);
#5580=ORIENTED_EDGE('',*,*,#4180,.F.);
#5581=ORIENTED_EDGE('',*,*,#4181,.T.);
#5582=ORIENTED_EDGE('',*,*,#4182,.T.);
#5583=ORIENTED_EDGE('',*,*,#4183,.F.);
#5584=ORIENTED_EDGE('',*,*,#4184,.F.);
#5585=ORIENTED_EDGE('',*,*,#4185,.T.);
#5586=ORIENTED_EDGE('',*,*,#4186,.T.);
#5587=ORIENTED_EDGE('',*,*,#4181,.F.);
#5588=ORIENTED_EDGE('',*,*,#4187,.F.);
#5589=ORIENTED_EDGE('',*,*,#4188,.T.);
#5590=ORIENTED_EDGE('',*,*,#4189,.T.);
#5591=ORIENTED_EDGE('',*,*,#4185,.F.);
#5592=ORIENTED_EDGE('',*,*,#4190,.F.);
#5593=ORIENTED_EDGE('',*,*,#4191,.T.);
#5594=ORIENTED_EDGE('',*,*,#4192,.T.);
#5595=ORIENTED_EDGE('',*,*,#4188,.F.);
#5596=ORIENTED_EDGE('',*,*,#4193,.F.);
#5597=ORIENTED_EDGE('',*,*,#4194,.T.);
#5598=ORIENTED_EDGE('',*,*,#4195,.T.);
#5599=ORIENTED_EDGE('',*,*,#4191,.F.);
#5600=ORIENTED_EDGE('',*,*,#4196,.F.);
#5601=ORIENTED_EDGE('',*,*,#4197,.T.);
#5602=ORIENTED_EDGE('',*,*,#4198,.T.);
#5603=ORIENTED_EDGE('',*,*,#4194,.F.);
#5604=ORIENTED_EDGE('',*,*,#4199,.F.);
#5605=ORIENTED_EDGE('',*,*,#4200,.T.);
#5606=ORIENTED_EDGE('',*,*,#4201,.T.);
#5607=ORIENTED_EDGE('',*,*,#4197,.F.);
#5608=ORIENTED_EDGE('',*,*,#4202,.F.);
#5609=ORIENTED_EDGE('',*,*,#4183,.T.);
#5610=ORIENTED_EDGE('',*,*,#4203,.T.);
#5611=ORIENTED_EDGE('',*,*,#4200,.F.);
#5612=ORIENTED_EDGE('',*,*,#4203,.F.);
#5613=ORIENTED_EDGE('',*,*,#4182,.F.);
#5614=ORIENTED_EDGE('',*,*,#4186,.F.);
#5615=ORIENTED_EDGE('',*,*,#4189,.F.);
#5616=ORIENTED_EDGE('',*,*,#4192,.F.);
#5617=ORIENTED_EDGE('',*,*,#4195,.F.);
#5618=ORIENTED_EDGE('',*,*,#4198,.F.);
#5619=ORIENTED_EDGE('',*,*,#4201,.F.);
#5620=ORIENTED_EDGE('',*,*,#4204,.F.);
#5621=ORIENTED_EDGE('',*,*,#4205,.T.);
#5622=ORIENTED_EDGE('',*,*,#4206,.T.);
#5623=ORIENTED_EDGE('',*,*,#4207,.F.);
#5624=ORIENTED_EDGE('',*,*,#4208,.F.);
#5625=ORIENTED_EDGE('',*,*,#4209,.T.);
#5626=ORIENTED_EDGE('',*,*,#4210,.T.);
#5627=ORIENTED_EDGE('',*,*,#4205,.F.);
#5628=ORIENTED_EDGE('',*,*,#4211,.F.);
#5629=ORIENTED_EDGE('',*,*,#4212,.T.);
#5630=ORIENTED_EDGE('',*,*,#4213,.T.);
#5631=ORIENTED_EDGE('',*,*,#4209,.F.);
#5632=ORIENTED_EDGE('',*,*,#4214,.F.);
#5633=ORIENTED_EDGE('',*,*,#4215,.T.);
#5634=ORIENTED_EDGE('',*,*,#4216,.T.);
#5635=ORIENTED_EDGE('',*,*,#4212,.F.);
#5636=ORIENTED_EDGE('',*,*,#4217,.F.);
#5637=ORIENTED_EDGE('',*,*,#4218,.T.);
#5638=ORIENTED_EDGE('',*,*,#4219,.T.);
#5639=ORIENTED_EDGE('',*,*,#4215,.F.);
#5640=ORIENTED_EDGE('',*,*,#4220,.F.);
#5641=ORIENTED_EDGE('',*,*,#4221,.T.);
#5642=ORIENTED_EDGE('',*,*,#4222,.T.);
#5643=ORIENTED_EDGE('',*,*,#4218,.F.);
#5644=ORIENTED_EDGE('',*,*,#4223,.F.);
#5645=ORIENTED_EDGE('',*,*,#4224,.T.);
#5646=ORIENTED_EDGE('',*,*,#4225,.T.);
#5647=ORIENTED_EDGE('',*,*,#4221,.F.);
#5648=ORIENTED_EDGE('',*,*,#4226,.F.);
#5649=ORIENTED_EDGE('',*,*,#4227,.T.);
#5650=ORIENTED_EDGE('',*,*,#4228,.T.);
#5651=ORIENTED_EDGE('',*,*,#4224,.F.);
#5652=ORIENTED_EDGE('',*,*,#4229,.F.);
#5653=ORIENTED_EDGE('',*,*,#4207,.T.);
#5654=ORIENTED_EDGE('',*,*,#4230,.T.);
#5655=ORIENTED_EDGE('',*,*,#4227,.F.);
#5656=ORIENTED_EDGE('',*,*,#4231,.F.);
#5657=ORIENTED_EDGE('',*,*,#4232,.T.);
#5658=ORIENTED_EDGE('',*,*,#4233,.T.);
#5659=ORIENTED_EDGE('',*,*,#4234,.F.);
#5660=ORIENTED_EDGE('',*,*,#4235,.F.);
#5661=ORIENTED_EDGE('',*,*,#4236,.T.);
#5662=ORIENTED_EDGE('',*,*,#4237,.T.);
#5663=ORIENTED_EDGE('',*,*,#4232,.F.);
#5664=ORIENTED_EDGE('',*,*,#4238,.F.);
#5665=ORIENTED_EDGE('',*,*,#4239,.T.);
#5666=ORIENTED_EDGE('',*,*,#4240,.T.);
#5667=ORIENTED_EDGE('',*,*,#4236,.F.);
#5668=ORIENTED_EDGE('',*,*,#4241,.F.);
#5669=ORIENTED_EDGE('',*,*,#4242,.T.);
#5670=ORIENTED_EDGE('',*,*,#4243,.T.);
#5671=ORIENTED_EDGE('',*,*,#4239,.F.);
#5672=ORIENTED_EDGE('',*,*,#4244,.F.);
#5673=ORIENTED_EDGE('',*,*,#4245,.T.);
#5674=ORIENTED_EDGE('',*,*,#4246,.T.);
#5675=ORIENTED_EDGE('',*,*,#4242,.F.);
#5676=ORIENTED_EDGE('',*,*,#4247,.F.);
#5677=ORIENTED_EDGE('',*,*,#4248,.T.);
#5678=ORIENTED_EDGE('',*,*,#4249,.T.);
#5679=ORIENTED_EDGE('',*,*,#4245,.F.);
#5680=ORIENTED_EDGE('',*,*,#4250,.F.);
#5681=ORIENTED_EDGE('',*,*,#4251,.T.);
#5682=ORIENTED_EDGE('',*,*,#4252,.T.);
#5683=ORIENTED_EDGE('',*,*,#4248,.F.);
#5684=ORIENTED_EDGE('',*,*,#4253,.F.);
#5685=ORIENTED_EDGE('',*,*,#4254,.T.);
#5686=ORIENTED_EDGE('',*,*,#4255,.T.);
#5687=ORIENTED_EDGE('',*,*,#4251,.F.);
#5688=ORIENTED_EDGE('',*,*,#4256,.F.);
#5689=ORIENTED_EDGE('',*,*,#4257,.T.);
#5690=ORIENTED_EDGE('',*,*,#4258,.T.);
#5691=ORIENTED_EDGE('',*,*,#4254,.F.);
#5692=ORIENTED_EDGE('',*,*,#4259,.F.);
#5693=ORIENTED_EDGE('',*,*,#4260,.T.);
#5694=ORIENTED_EDGE('',*,*,#4261,.T.);
#5695=ORIENTED_EDGE('',*,*,#4257,.F.);
#5696=ORIENTED_EDGE('',*,*,#4262,.F.);
#5697=ORIENTED_EDGE('',*,*,#4263,.T.);
#5698=ORIENTED_EDGE('',*,*,#4264,.T.);
#5699=ORIENTED_EDGE('',*,*,#4260,.F.);
#5700=ORIENTED_EDGE('',*,*,#4265,.F.);
#5701=ORIENTED_EDGE('',*,*,#4266,.T.);
#5702=ORIENTED_EDGE('',*,*,#4267,.T.);
#5703=ORIENTED_EDGE('',*,*,#4263,.F.);
#5704=ORIENTED_EDGE('',*,*,#4268,.F.);
#5705=ORIENTED_EDGE('',*,*,#4269,.T.);
#5706=ORIENTED_EDGE('',*,*,#4270,.T.);
#5707=ORIENTED_EDGE('',*,*,#4266,.F.);
#5708=ORIENTED_EDGE('',*,*,#4271,.F.);
#5709=ORIENTED_EDGE('',*,*,#4272,.T.);
#5710=ORIENTED_EDGE('',*,*,#4273,.T.);
#5711=ORIENTED_EDGE('',*,*,#4269,.F.);
#5712=ORIENTED_EDGE('',*,*,#4274,.F.);
#5713=ORIENTED_EDGE('',*,*,#4275,.T.);
#5714=ORIENTED_EDGE('',*,*,#4276,.T.);
#5715=ORIENTED_EDGE('',*,*,#4272,.F.);
#5716=ORIENTED_EDGE('',*,*,#4277,.F.);
#5717=ORIENTED_EDGE('',*,*,#4278,.T.);
#5718=ORIENTED_EDGE('',*,*,#4279,.T.);
#5719=ORIENTED_EDGE('',*,*,#4275,.F.);
#5720=ORIENTED_EDGE('',*,*,#4280,.F.);
#5721=ORIENTED_EDGE('',*,*,#4281,.T.);
#5722=ORIENTED_EDGE('',*,*,#4282,.T.);
#5723=ORIENTED_EDGE('',*,*,#4278,.F.);
#5724=ORIENTED_EDGE('',*,*,#4283,.F.);
#5725=ORIENTED_EDGE('',*,*,#4284,.T.);
#5726=ORIENTED_EDGE('',*,*,#4285,.T.);
#5727=ORIENTED_EDGE('',*,*,#4281,.F.);
#5728=ORIENTED_EDGE('',*,*,#4286,.F.);
#5729=ORIENTED_EDGE('',*,*,#4287,.T.);
#5730=ORIENTED_EDGE('',*,*,#4288,.T.);
#5731=ORIENTED_EDGE('',*,*,#4284,.F.);
#5732=ORIENTED_EDGE('',*,*,#4289,.F.);
#5733=ORIENTED_EDGE('',*,*,#4290,.T.);
#5734=ORIENTED_EDGE('',*,*,#4291,.T.);
#5735=ORIENTED_EDGE('',*,*,#4287,.F.);
#5736=ORIENTED_EDGE('',*,*,#4292,.F.);
#5737=ORIENTED_EDGE('',*,*,#4293,.T.);
#5738=ORIENTED_EDGE('',*,*,#4294,.T.);
#5739=ORIENTED_EDGE('',*,*,#4290,.F.);
#5740=ORIENTED_EDGE('',*,*,#4295,.F.);
#5741=ORIENTED_EDGE('',*,*,#4296,.T.);
#5742=ORIENTED_EDGE('',*,*,#4297,.T.);
#5743=ORIENTED_EDGE('',*,*,#4293,.F.);
#5744=ORIENTED_EDGE('',*,*,#4298,.F.);
#5745=ORIENTED_EDGE('',*,*,#4234,.T.);
#5746=ORIENTED_EDGE('',*,*,#4299,.T.);
#5747=ORIENTED_EDGE('',*,*,#4296,.F.);
#5748=ORIENTED_EDGE('',*,*,#4299,.F.);
#5749=ORIENTED_EDGE('',*,*,#4233,.F.);
#5750=ORIENTED_EDGE('',*,*,#4237,.F.);
#5751=ORIENTED_EDGE('',*,*,#4240,.F.);
#5752=ORIENTED_EDGE('',*,*,#4243,.F.);
#5753=ORIENTED_EDGE('',*,*,#4246,.F.);
#5754=ORIENTED_EDGE('',*,*,#4249,.F.);
#5755=ORIENTED_EDGE('',*,*,#4252,.F.);
#5756=ORIENTED_EDGE('',*,*,#4255,.F.);
#5757=ORIENTED_EDGE('',*,*,#4258,.F.);
#5758=ORIENTED_EDGE('',*,*,#4261,.F.);
#5759=ORIENTED_EDGE('',*,*,#4264,.F.);
#5760=ORIENTED_EDGE('',*,*,#4267,.F.);
#5761=ORIENTED_EDGE('',*,*,#4270,.F.);
#5762=ORIENTED_EDGE('',*,*,#4273,.F.);
#5763=ORIENTED_EDGE('',*,*,#4276,.F.);
#5764=ORIENTED_EDGE('',*,*,#4279,.F.);
#5765=ORIENTED_EDGE('',*,*,#4282,.F.);
#5766=ORIENTED_EDGE('',*,*,#4285,.F.);
#5767=ORIENTED_EDGE('',*,*,#4288,.F.);
#5768=ORIENTED_EDGE('',*,*,#4291,.F.);
#5769=ORIENTED_EDGE('',*,*,#4294,.F.);
#5770=ORIENTED_EDGE('',*,*,#4297,.F.);
#5771=ORIENTED_EDGE('',*,*,#4230,.F.);
#5772=ORIENTED_EDGE('',*,*,#4206,.F.);
#5773=ORIENTED_EDGE('',*,*,#4210,.F.);
#5774=ORIENTED_EDGE('',*,*,#4213,.F.);
#5775=ORIENTED_EDGE('',*,*,#4216,.F.);
#5776=ORIENTED_EDGE('',*,*,#4219,.F.);
#5777=ORIENTED_EDGE('',*,*,#4222,.F.);
#5778=ORIENTED_EDGE('',*,*,#4225,.F.);
#5779=ORIENTED_EDGE('',*,*,#4228,.F.);
#5780=ORIENTED_EDGE('',*,*,#4300,.F.);
#5781=ORIENTED_EDGE('',*,*,#4301,.T.);
#5782=ORIENTED_EDGE('',*,*,#4302,.T.);
#5783=ORIENTED_EDGE('',*,*,#4303,.F.);
#5784=ORIENTED_EDGE('',*,*,#4304,.F.);
#5785=ORIENTED_EDGE('',*,*,#4305,.T.);
#5786=ORIENTED_EDGE('',*,*,#4306,.T.);
#5787=ORIENTED_EDGE('',*,*,#4307,.F.);
#5788=ORIENTED_EDGE('',*,*,#4308,.F.);
#5789=ORIENTED_EDGE('',*,*,#4309,.T.);
#5790=ORIENTED_EDGE('',*,*,#4310,.T.);
#5791=ORIENTED_EDGE('',*,*,#4305,.F.);
#5792=ORIENTED_EDGE('',*,*,#4311,.F.);
#5793=ORIENTED_EDGE('',*,*,#4312,.T.);
#5794=ORIENTED_EDGE('',*,*,#4313,.T.);
#5795=ORIENTED_EDGE('',*,*,#4309,.F.);
#5796=ORIENTED_EDGE('',*,*,#4314,.F.);
#5797=ORIENTED_EDGE('',*,*,#4315,.T.);
#5798=ORIENTED_EDGE('',*,*,#4316,.T.);
#5799=ORIENTED_EDGE('',*,*,#4312,.F.);
#5800=ORIENTED_EDGE('',*,*,#4317,.F.);
#5801=ORIENTED_EDGE('',*,*,#4318,.T.);
#5802=ORIENTED_EDGE('',*,*,#4319,.T.);
#5803=ORIENTED_EDGE('',*,*,#4315,.F.);
#5804=ORIENTED_EDGE('',*,*,#4320,.F.);
#5805=ORIENTED_EDGE('',*,*,#4321,.T.);
#5806=ORIENTED_EDGE('',*,*,#4322,.T.);
#5807=ORIENTED_EDGE('',*,*,#4318,.F.);
#5808=ORIENTED_EDGE('',*,*,#4323,.F.);
#5809=ORIENTED_EDGE('',*,*,#4324,.T.);
#5810=ORIENTED_EDGE('',*,*,#4325,.T.);
#5811=ORIENTED_EDGE('',*,*,#4321,.F.);
#5812=ORIENTED_EDGE('',*,*,#4326,.F.);
#5813=ORIENTED_EDGE('',*,*,#4327,.T.);
#5814=ORIENTED_EDGE('',*,*,#4328,.T.);
#5815=ORIENTED_EDGE('',*,*,#4324,.F.);
#5816=ORIENTED_EDGE('',*,*,#4329,.F.);
#5817=ORIENTED_EDGE('',*,*,#4330,.T.);
#5818=ORIENTED_EDGE('',*,*,#4331,.T.);
#5819=ORIENTED_EDGE('',*,*,#4327,.F.);
#5820=ORIENTED_EDGE('',*,*,#4332,.F.);
#5821=ORIENTED_EDGE('',*,*,#4333,.T.);
#5822=ORIENTED_EDGE('',*,*,#4334,.T.);
#5823=ORIENTED_EDGE('',*,*,#4330,.F.);
#5824=ORIENTED_EDGE('',*,*,#4335,.F.);
#5825=ORIENTED_EDGE('',*,*,#4336,.T.);
#5826=ORIENTED_EDGE('',*,*,#4337,.T.);
#5827=ORIENTED_EDGE('',*,*,#4333,.F.);
#5828=ORIENTED_EDGE('',*,*,#4338,.F.);
#5829=ORIENTED_EDGE('',*,*,#4339,.T.);
#5830=ORIENTED_EDGE('',*,*,#4340,.T.);
#5831=ORIENTED_EDGE('',*,*,#4336,.F.);
#5832=ORIENTED_EDGE('',*,*,#4341,.F.);
#5833=ORIENTED_EDGE('',*,*,#4342,.T.);
#5834=ORIENTED_EDGE('',*,*,#4343,.T.);
#5835=ORIENTED_EDGE('',*,*,#4339,.F.);
#5836=ORIENTED_EDGE('',*,*,#4344,.F.);
#5837=ORIENTED_EDGE('',*,*,#4345,.T.);
#5838=ORIENTED_EDGE('',*,*,#4346,.T.);
#5839=ORIENTED_EDGE('',*,*,#4342,.F.);
#5840=ORIENTED_EDGE('',*,*,#4347,.F.);
#5841=ORIENTED_EDGE('',*,*,#4348,.T.);
#5842=ORIENTED_EDGE('',*,*,#4349,.T.);
#5843=ORIENTED_EDGE('',*,*,#4345,.F.);
#5844=ORIENTED_EDGE('',*,*,#4350,.F.);
#5845=ORIENTED_EDGE('',*,*,#4351,.T.);
#5846=ORIENTED_EDGE('',*,*,#4352,.T.);
#5847=ORIENTED_EDGE('',*,*,#4348,.F.);
#5848=ORIENTED_EDGE('',*,*,#4353,.F.);
#5849=ORIENTED_EDGE('',*,*,#4303,.T.);
#5850=ORIENTED_EDGE('',*,*,#4354,.T.);
#5851=ORIENTED_EDGE('',*,*,#4355,.F.);
#5852=ORIENTED_EDGE('',*,*,#4354,.F.);
#5853=ORIENTED_EDGE('',*,*,#4302,.F.);
#5854=ORIENTED_EDGE('',*,*,#4306,.F.);
#5855=ORIENTED_EDGE('',*,*,#4310,.F.);
#5856=ORIENTED_EDGE('',*,*,#4313,.F.);
#5857=ORIENTED_EDGE('',*,*,#4316,.F.);
#5858=ORIENTED_EDGE('',*,*,#4319,.F.);
#5859=ORIENTED_EDGE('',*,*,#4322,.F.);
#5860=ORIENTED_EDGE('',*,*,#4325,.F.);
#5861=ORIENTED_EDGE('',*,*,#4328,.F.);
#5862=ORIENTED_EDGE('',*,*,#4331,.F.);
#5863=ORIENTED_EDGE('',*,*,#4334,.F.);
#5864=ORIENTED_EDGE('',*,*,#4337,.F.);
#5865=ORIENTED_EDGE('',*,*,#4340,.F.);
#5866=ORIENTED_EDGE('',*,*,#4343,.F.);
#5867=ORIENTED_EDGE('',*,*,#4346,.F.);
#5868=ORIENTED_EDGE('',*,*,#4349,.F.);
#5869=ORIENTED_EDGE('',*,*,#4352,.F.);
#5870=ORIENTED_EDGE('',*,*,#4356,.F.);
#5871=ORIENTED_EDGE('',*,*,#4357,.T.);
#5872=ORIENTED_EDGE('',*,*,#4358,.T.);
#5873=ORIENTED_EDGE('',*,*,#4351,.F.);
#5874=ORIENTED_EDGE('',*,*,#4359,.F.);
#5875=ORIENTED_EDGE('',*,*,#4360,.T.);
#5876=ORIENTED_EDGE('',*,*,#4361,.T.);
#5877=ORIENTED_EDGE('',*,*,#4357,.F.);
#5878=ORIENTED_EDGE('',*,*,#4362,.F.);
#5879=ORIENTED_EDGE('',*,*,#4363,.T.);
#5880=ORIENTED_EDGE('',*,*,#4364,.T.);
#5881=ORIENTED_EDGE('',*,*,#4360,.F.);
#5882=ORIENTED_EDGE('',*,*,#4365,.F.);
#5883=ORIENTED_EDGE('',*,*,#4366,.T.);
#5884=ORIENTED_EDGE('',*,*,#4367,.T.);
#5885=ORIENTED_EDGE('',*,*,#4363,.F.);
#5886=ORIENTED_EDGE('',*,*,#4368,.F.);
#5887=ORIENTED_EDGE('',*,*,#4369,.T.);
#5888=ORIENTED_EDGE('',*,*,#4370,.T.);
#5889=ORIENTED_EDGE('',*,*,#4366,.F.);
#5890=ORIENTED_EDGE('',*,*,#4371,.F.);
#5891=ORIENTED_EDGE('',*,*,#4372,.T.);
#5892=ORIENTED_EDGE('',*,*,#4373,.T.);
#5893=ORIENTED_EDGE('',*,*,#4369,.F.);
#5894=ORIENTED_EDGE('',*,*,#4374,.F.);
#5895=ORIENTED_EDGE('',*,*,#4375,.T.);
#5896=ORIENTED_EDGE('',*,*,#4376,.T.);
#5897=ORIENTED_EDGE('',*,*,#4372,.F.);
#5898=ORIENTED_EDGE('',*,*,#4377,.F.);
#5899=ORIENTED_EDGE('',*,*,#4378,.T.);
#5900=ORIENTED_EDGE('',*,*,#4379,.T.);
#5901=ORIENTED_EDGE('',*,*,#4375,.F.);
#5902=ORIENTED_EDGE('',*,*,#4380,.F.);
#5903=ORIENTED_EDGE('',*,*,#4381,.T.);
#5904=ORIENTED_EDGE('',*,*,#4382,.T.);
#5905=ORIENTED_EDGE('',*,*,#4378,.F.);
#5906=ORIENTED_EDGE('',*,*,#4383,.F.);
#5907=ORIENTED_EDGE('',*,*,#4384,.T.);
#5908=ORIENTED_EDGE('',*,*,#4385,.T.);
#5909=ORIENTED_EDGE('',*,*,#4381,.F.);
#5910=ORIENTED_EDGE('',*,*,#4386,.F.);
#5911=ORIENTED_EDGE('',*,*,#4387,.T.);
#5912=ORIENTED_EDGE('',*,*,#4388,.T.);
#5913=ORIENTED_EDGE('',*,*,#4384,.F.);
#5914=ORIENTED_EDGE('',*,*,#4389,.F.);
#5915=ORIENTED_EDGE('',*,*,#4307,.T.);
#5916=ORIENTED_EDGE('',*,*,#4390,.T.);
#5917=ORIENTED_EDGE('',*,*,#4387,.F.);
#5918=ORIENTED_EDGE('',*,*,#4391,.F.);
#5919=ORIENTED_EDGE('',*,*,#4355,.T.);
#5920=ORIENTED_EDGE('',*,*,#4392,.T.);
#5921=ORIENTED_EDGE('',*,*,#4301,.F.);
#5922=ORIENTED_EDGE('',*,*,#4392,.F.);
#5923=ORIENTED_EDGE('',*,*,#4358,.F.);
#5924=ORIENTED_EDGE('',*,*,#4361,.F.);
#5925=ORIENTED_EDGE('',*,*,#4364,.F.);
#5926=ORIENTED_EDGE('',*,*,#4367,.F.);
#5927=ORIENTED_EDGE('',*,*,#4370,.F.);
#5928=ORIENTED_EDGE('',*,*,#4373,.F.);
#5929=ORIENTED_EDGE('',*,*,#4376,.F.);
#5930=ORIENTED_EDGE('',*,*,#4379,.F.);
#5931=ORIENTED_EDGE('',*,*,#4382,.F.);
#5932=ORIENTED_EDGE('',*,*,#4385,.F.);
#5933=ORIENTED_EDGE('',*,*,#4388,.F.);
#5934=ORIENTED_EDGE('',*,*,#4390,.F.);
#5935=ORIENTED_EDGE('',*,*,#4393,.F.);
#5936=ORIENTED_EDGE('',*,*,#4394,.T.);
#5937=ORIENTED_EDGE('',*,*,#4395,.T.);
#5938=ORIENTED_EDGE('',*,*,#4396,.F.);
#5939=ORIENTED_EDGE('',*,*,#4397,.F.);
#5940=ORIENTED_EDGE('',*,*,#4398,.T.);
#5941=ORIENTED_EDGE('',*,*,#4399,.T.);
#5942=ORIENTED_EDGE('',*,*,#4394,.F.);
#5943=ORIENTED_EDGE('',*,*,#4400,.F.);
#5944=ORIENTED_EDGE('',*,*,#4401,.T.);
#5945=ORIENTED_EDGE('',*,*,#4402,.T.);
#5946=ORIENTED_EDGE('',*,*,#4398,.F.);
#5947=ORIENTED_EDGE('',*,*,#4403,.F.);
#5948=ORIENTED_EDGE('',*,*,#4404,.T.);
#5949=ORIENTED_EDGE('',*,*,#4405,.T.);
#5950=ORIENTED_EDGE('',*,*,#4401,.F.);
#5951=ORIENTED_EDGE('',*,*,#4406,.F.);
#5952=ORIENTED_EDGE('',*,*,#4407,.T.);
#5953=ORIENTED_EDGE('',*,*,#4408,.T.);
#5954=ORIENTED_EDGE('',*,*,#4404,.F.);
#5955=ORIENTED_EDGE('',*,*,#4409,.F.);
#5956=ORIENTED_EDGE('',*,*,#4410,.T.);
#5957=ORIENTED_EDGE('',*,*,#4411,.T.);
#5958=ORIENTED_EDGE('',*,*,#4407,.F.);
#5959=ORIENTED_EDGE('',*,*,#4412,.F.);
#5960=ORIENTED_EDGE('',*,*,#4413,.T.);
#5961=ORIENTED_EDGE('',*,*,#4414,.T.);
#5962=ORIENTED_EDGE('',*,*,#4410,.F.);
#5963=ORIENTED_EDGE('',*,*,#4415,.F.);
#5964=ORIENTED_EDGE('',*,*,#4416,.T.);
#5965=ORIENTED_EDGE('',*,*,#4417,.T.);
#5966=ORIENTED_EDGE('',*,*,#4413,.F.);
#5967=ORIENTED_EDGE('',*,*,#4418,.F.);
#5968=ORIENTED_EDGE('',*,*,#4419,.T.);
#5969=ORIENTED_EDGE('',*,*,#4420,.T.);
#5970=ORIENTED_EDGE('',*,*,#4416,.F.);
#5971=ORIENTED_EDGE('',*,*,#4421,.F.);
#5972=ORIENTED_EDGE('',*,*,#4422,.T.);
#5973=ORIENTED_EDGE('',*,*,#4423,.T.);
#5974=ORIENTED_EDGE('',*,*,#4419,.F.);
#5975=ORIENTED_EDGE('',*,*,#4424,.F.);
#5976=ORIENTED_EDGE('',*,*,#4425,.T.);
#5977=ORIENTED_EDGE('',*,*,#4426,.T.);
#5978=ORIENTED_EDGE('',*,*,#4422,.F.);
#5979=ORIENTED_EDGE('',*,*,#4427,.F.);
#5980=ORIENTED_EDGE('',*,*,#4428,.T.);
#5981=ORIENTED_EDGE('',*,*,#4429,.T.);
#5982=ORIENTED_EDGE('',*,*,#4425,.F.);
#5983=ORIENTED_EDGE('',*,*,#4430,.F.);
#5984=ORIENTED_EDGE('',*,*,#4431,.T.);
#5985=ORIENTED_EDGE('',*,*,#4432,.T.);
#5986=ORIENTED_EDGE('',*,*,#4428,.F.);
#5987=ORIENTED_EDGE('',*,*,#4433,.F.);
#5988=ORIENTED_EDGE('',*,*,#4434,.T.);
#5989=ORIENTED_EDGE('',*,*,#4435,.T.);
#5990=ORIENTED_EDGE('',*,*,#4431,.F.);
#5991=ORIENTED_EDGE('',*,*,#4436,.F.);
#5992=ORIENTED_EDGE('',*,*,#4437,.T.);
#5993=ORIENTED_EDGE('',*,*,#4438,.T.);
#5994=ORIENTED_EDGE('',*,*,#4434,.F.);
#5995=ORIENTED_EDGE('',*,*,#4439,.F.);
#5996=ORIENTED_EDGE('',*,*,#4440,.T.);
#5997=ORIENTED_EDGE('',*,*,#4441,.T.);
#5998=ORIENTED_EDGE('',*,*,#4437,.F.);
#5999=ORIENTED_EDGE('',*,*,#4442,.F.);
#6000=ORIENTED_EDGE('',*,*,#4443,.T.);
#6001=ORIENTED_EDGE('',*,*,#4444,.T.);
#6002=ORIENTED_EDGE('',*,*,#4440,.F.);
#6003=ORIENTED_EDGE('',*,*,#4445,.F.);
#6004=ORIENTED_EDGE('',*,*,#4446,.T.);
#6005=ORIENTED_EDGE('',*,*,#4447,.T.);
#6006=ORIENTED_EDGE('',*,*,#4443,.F.);
#6007=ORIENTED_EDGE('',*,*,#4448,.F.);
#6008=ORIENTED_EDGE('',*,*,#4449,.T.);
#6009=ORIENTED_EDGE('',*,*,#4450,.T.);
#6010=ORIENTED_EDGE('',*,*,#4446,.F.);
#6011=ORIENTED_EDGE('',*,*,#4451,.F.);
#6012=ORIENTED_EDGE('',*,*,#4396,.T.);
#6013=ORIENTED_EDGE('',*,*,#4452,.T.);
#6014=ORIENTED_EDGE('',*,*,#4449,.F.);
#6015=ORIENTED_EDGE('',*,*,#4452,.F.);
#6016=ORIENTED_EDGE('',*,*,#4395,.F.);
#6017=ORIENTED_EDGE('',*,*,#4399,.F.);
#6018=ORIENTED_EDGE('',*,*,#4402,.F.);
#6019=ORIENTED_EDGE('',*,*,#4405,.F.);
#6020=ORIENTED_EDGE('',*,*,#4408,.F.);
#6021=ORIENTED_EDGE('',*,*,#4411,.F.);
#6022=ORIENTED_EDGE('',*,*,#4414,.F.);
#6023=ORIENTED_EDGE('',*,*,#4417,.F.);
#6024=ORIENTED_EDGE('',*,*,#4420,.F.);
#6025=ORIENTED_EDGE('',*,*,#4423,.F.);
#6026=ORIENTED_EDGE('',*,*,#4426,.F.);
#6027=ORIENTED_EDGE('',*,*,#4429,.F.);
#6028=ORIENTED_EDGE('',*,*,#4432,.F.);
#6029=ORIENTED_EDGE('',*,*,#4435,.F.);
#6030=ORIENTED_EDGE('',*,*,#4438,.F.);
#6031=ORIENTED_EDGE('',*,*,#4441,.F.);
#6032=ORIENTED_EDGE('',*,*,#4444,.F.);
#6033=ORIENTED_EDGE('',*,*,#4447,.F.);
#6034=ORIENTED_EDGE('',*,*,#4450,.F.);
#6035=ORIENTED_EDGE('',*,*,#4453,.F.);
#6036=ORIENTED_EDGE('',*,*,#4454,.T.);
#6037=ORIENTED_EDGE('',*,*,#4455,.T.);
#6038=ORIENTED_EDGE('',*,*,#4456,.F.);
#6039=ORIENTED_EDGE('',*,*,#4457,.F.);
#6040=ORIENTED_EDGE('',*,*,#4458,.T.);
#6041=ORIENTED_EDGE('',*,*,#4459,.T.);
#6042=ORIENTED_EDGE('',*,*,#4454,.F.);
#6043=ORIENTED_EDGE('',*,*,#4460,.F.);
#6044=ORIENTED_EDGE('',*,*,#4461,.T.);
#6045=ORIENTED_EDGE('',*,*,#4462,.T.);
#6046=ORIENTED_EDGE('',*,*,#4458,.F.);
#6047=ORIENTED_EDGE('',*,*,#4463,.F.);
#6048=ORIENTED_EDGE('',*,*,#4464,.T.);
#6049=ORIENTED_EDGE('',*,*,#4465,.T.);
#6050=ORIENTED_EDGE('',*,*,#4461,.F.);
#6051=ORIENTED_EDGE('',*,*,#4466,.F.);
#6052=ORIENTED_EDGE('',*,*,#4467,.T.);
#6053=ORIENTED_EDGE('',*,*,#4468,.T.);
#6054=ORIENTED_EDGE('',*,*,#4464,.F.);
#6055=ORIENTED_EDGE('',*,*,#4469,.F.);
#6056=ORIENTED_EDGE('',*,*,#4470,.T.);
#6057=ORIENTED_EDGE('',*,*,#4471,.T.);
#6058=ORIENTED_EDGE('',*,*,#4467,.F.);
#6059=ORIENTED_EDGE('',*,*,#4472,.F.);
#6060=ORIENTED_EDGE('',*,*,#4473,.T.);
#6061=ORIENTED_EDGE('',*,*,#4474,.T.);
#6062=ORIENTED_EDGE('',*,*,#4470,.F.);
#6063=ORIENTED_EDGE('',*,*,#4475,.F.);
#6064=ORIENTED_EDGE('',*,*,#4476,.T.);
#6065=ORIENTED_EDGE('',*,*,#4477,.T.);
#6066=ORIENTED_EDGE('',*,*,#4473,.F.);
#6067=ORIENTED_EDGE('',*,*,#4478,.F.);
#6068=ORIENTED_EDGE('',*,*,#4479,.T.);
#6069=ORIENTED_EDGE('',*,*,#4480,.T.);
#6070=ORIENTED_EDGE('',*,*,#4476,.F.);
#6071=ORIENTED_EDGE('',*,*,#4481,.F.);
#6072=ORIENTED_EDGE('',*,*,#4456,.T.);
#6073=ORIENTED_EDGE('',*,*,#4482,.T.);
#6074=ORIENTED_EDGE('',*,*,#4479,.F.);
#6075=ORIENTED_EDGE('',*,*,#4483,.F.);
#6076=ORIENTED_EDGE('',*,*,#4484,.T.);
#6077=ORIENTED_EDGE('',*,*,#4485,.T.);
#6078=ORIENTED_EDGE('',*,*,#4486,.F.);
#6079=ORIENTED_EDGE('',*,*,#4487,.F.);
#6080=ORIENTED_EDGE('',*,*,#4488,.T.);
#6081=ORIENTED_EDGE('',*,*,#4489,.T.);
#6082=ORIENTED_EDGE('',*,*,#4484,.F.);
#6083=ORIENTED_EDGE('',*,*,#4490,.F.);
#6084=ORIENTED_EDGE('',*,*,#4491,.T.);
#6085=ORIENTED_EDGE('',*,*,#4492,.T.);
#6086=ORIENTED_EDGE('',*,*,#4488,.F.);
#6087=ORIENTED_EDGE('',*,*,#4493,.F.);
#6088=ORIENTED_EDGE('',*,*,#4494,.T.);
#6089=ORIENTED_EDGE('',*,*,#4495,.T.);
#6090=ORIENTED_EDGE('',*,*,#4491,.F.);
#6091=ORIENTED_EDGE('',*,*,#4496,.F.);
#6092=ORIENTED_EDGE('',*,*,#4497,.T.);
#6093=ORIENTED_EDGE('',*,*,#4498,.T.);
#6094=ORIENTED_EDGE('',*,*,#4494,.F.);
#6095=ORIENTED_EDGE('',*,*,#4499,.F.);
#6096=ORIENTED_EDGE('',*,*,#4500,.T.);
#6097=ORIENTED_EDGE('',*,*,#4501,.T.);
#6098=ORIENTED_EDGE('',*,*,#4497,.F.);
#6099=ORIENTED_EDGE('',*,*,#4502,.F.);
#6100=ORIENTED_EDGE('',*,*,#4503,.T.);
#6101=ORIENTED_EDGE('',*,*,#4504,.T.);
#6102=ORIENTED_EDGE('',*,*,#4500,.F.);
#6103=ORIENTED_EDGE('',*,*,#4505,.F.);
#6104=ORIENTED_EDGE('',*,*,#4506,.T.);
#6105=ORIENTED_EDGE('',*,*,#4507,.T.);
#6106=ORIENTED_EDGE('',*,*,#4503,.F.);
#6107=ORIENTED_EDGE('',*,*,#4508,.F.);
#6108=ORIENTED_EDGE('',*,*,#4509,.T.);
#6109=ORIENTED_EDGE('',*,*,#4510,.T.);
#6110=ORIENTED_EDGE('',*,*,#4506,.F.);
#6111=ORIENTED_EDGE('',*,*,#4511,.F.);
#6112=ORIENTED_EDGE('',*,*,#4512,.T.);
#6113=ORIENTED_EDGE('',*,*,#4513,.T.);
#6114=ORIENTED_EDGE('',*,*,#4509,.F.);
#6115=ORIENTED_EDGE('',*,*,#4514,.F.);
#6116=ORIENTED_EDGE('',*,*,#4515,.T.);
#6117=ORIENTED_EDGE('',*,*,#4516,.T.);
#6118=ORIENTED_EDGE('',*,*,#4512,.F.);
#6119=ORIENTED_EDGE('',*,*,#4517,.F.);
#6120=ORIENTED_EDGE('',*,*,#4486,.T.);
#6121=ORIENTED_EDGE('',*,*,#4518,.T.);
#6122=ORIENTED_EDGE('',*,*,#4515,.F.);
#6123=ORIENTED_EDGE('',*,*,#4518,.F.);
#6124=ORIENTED_EDGE('',*,*,#4485,.F.);
#6125=ORIENTED_EDGE('',*,*,#4489,.F.);
#6126=ORIENTED_EDGE('',*,*,#4492,.F.);
#6127=ORIENTED_EDGE('',*,*,#4495,.F.);
#6128=ORIENTED_EDGE('',*,*,#4498,.F.);
#6129=ORIENTED_EDGE('',*,*,#4501,.F.);
#6130=ORIENTED_EDGE('',*,*,#4504,.F.);
#6131=ORIENTED_EDGE('',*,*,#4507,.F.);
#6132=ORIENTED_EDGE('',*,*,#4510,.F.);
#6133=ORIENTED_EDGE('',*,*,#4513,.F.);
#6134=ORIENTED_EDGE('',*,*,#4516,.F.);
#6135=ORIENTED_EDGE('',*,*,#4482,.F.);
#6136=ORIENTED_EDGE('',*,*,#4455,.F.);
#6137=ORIENTED_EDGE('',*,*,#4459,.F.);
#6138=ORIENTED_EDGE('',*,*,#4462,.F.);
#6139=ORIENTED_EDGE('',*,*,#4465,.F.);
#6140=ORIENTED_EDGE('',*,*,#4468,.F.);
#6141=ORIENTED_EDGE('',*,*,#4471,.F.);
#6142=ORIENTED_EDGE('',*,*,#4474,.F.);
#6143=ORIENTED_EDGE('',*,*,#4477,.F.);
#6144=ORIENTED_EDGE('',*,*,#4480,.F.);
#6145=ORIENTED_EDGE('',*,*,#4519,.F.);
#6146=ORIENTED_EDGE('',*,*,#4520,.T.);
#6147=ORIENTED_EDGE('',*,*,#4521,.T.);
#6148=ORIENTED_EDGE('',*,*,#4522,.F.);
#6149=ORIENTED_EDGE('',*,*,#4523,.F.);
#6150=ORIENTED_EDGE('',*,*,#4524,.T.);
#6151=ORIENTED_EDGE('',*,*,#4525,.T.);
#6152=ORIENTED_EDGE('',*,*,#4520,.F.);
#6153=ORIENTED_EDGE('',*,*,#4526,.F.);
#6154=ORIENTED_EDGE('',*,*,#4527,.T.);
#6155=ORIENTED_EDGE('',*,*,#4528,.T.);
#6156=ORIENTED_EDGE('',*,*,#4524,.F.);
#6157=ORIENTED_EDGE('',*,*,#4529,.F.);
#6158=ORIENTED_EDGE('',*,*,#4522,.T.);
#6159=ORIENTED_EDGE('',*,*,#4530,.T.);
#6160=ORIENTED_EDGE('',*,*,#4527,.F.);
#6161=ORIENTED_EDGE('',*,*,#4530,.F.);
#6162=ORIENTED_EDGE('',*,*,#4521,.F.);
#6163=ORIENTED_EDGE('',*,*,#4525,.F.);
#6164=ORIENTED_EDGE('',*,*,#4528,.F.);
#6165=ORIENTED_EDGE('',*,*,#4531,.F.);
#6166=ORIENTED_EDGE('',*,*,#4532,.T.);
#6167=ORIENTED_EDGE('',*,*,#4533,.T.);
#6168=ORIENTED_EDGE('',*,*,#4534,.F.);
#6169=ORIENTED_EDGE('',*,*,#4535,.F.);
#6170=ORIENTED_EDGE('',*,*,#4536,.T.);
#6171=ORIENTED_EDGE('',*,*,#4537,.T.);
#6172=ORIENTED_EDGE('',*,*,#4532,.F.);
#6173=ORIENTED_EDGE('',*,*,#4538,.F.);
#6174=ORIENTED_EDGE('',*,*,#4539,.T.);
#6175=ORIENTED_EDGE('',*,*,#4540,.T.);
#6176=ORIENTED_EDGE('',*,*,#4536,.F.);
#6177=ORIENTED_EDGE('',*,*,#4541,.F.);
#6178=ORIENTED_EDGE('',*,*,#4542,.T.);
#6179=ORIENTED_EDGE('',*,*,#4543,.T.);
#6180=ORIENTED_EDGE('',*,*,#4539,.F.);
#6181=ORIENTED_EDGE('',*,*,#4544,.F.);
#6182=ORIENTED_EDGE('',*,*,#4545,.T.);
#6183=ORIENTED_EDGE('',*,*,#4546,.T.);
#6184=ORIENTED_EDGE('',*,*,#4542,.F.);
#6185=ORIENTED_EDGE('',*,*,#4547,.F.);
#6186=ORIENTED_EDGE('',*,*,#4548,.T.);
#6187=ORIENTED_EDGE('',*,*,#4549,.T.);
#6188=ORIENTED_EDGE('',*,*,#4545,.F.);
#6189=ORIENTED_EDGE('',*,*,#4550,.F.);
#6190=ORIENTED_EDGE('',*,*,#4551,.T.);
#6191=ORIENTED_EDGE('',*,*,#4552,.T.);
#6192=ORIENTED_EDGE('',*,*,#4548,.F.);
#6193=ORIENTED_EDGE('',*,*,#4553,.F.);
#6194=ORIENTED_EDGE('',*,*,#4554,.T.);
#6195=ORIENTED_EDGE('',*,*,#4555,.T.);
#6196=ORIENTED_EDGE('',*,*,#4551,.F.);
#6197=ORIENTED_EDGE('',*,*,#4556,.F.);
#6198=ORIENTED_EDGE('',*,*,#4534,.T.);
#6199=ORIENTED_EDGE('',*,*,#4557,.T.);
#6200=ORIENTED_EDGE('',*,*,#4554,.F.);
#6201=ORIENTED_EDGE('',*,*,#4558,.F.);
#6202=ORIENTED_EDGE('',*,*,#4559,.T.);
#6203=ORIENTED_EDGE('',*,*,#4560,.T.);
#6204=ORIENTED_EDGE('',*,*,#4561,.F.);
#6205=ORIENTED_EDGE('',*,*,#4562,.F.);
#6206=ORIENTED_EDGE('',*,*,#4563,.T.);
#6207=ORIENTED_EDGE('',*,*,#4564,.T.);
#6208=ORIENTED_EDGE('',*,*,#4559,.F.);
#6209=ORIENTED_EDGE('',*,*,#4565,.F.);
#6210=ORIENTED_EDGE('',*,*,#4566,.T.);
#6211=ORIENTED_EDGE('',*,*,#4567,.T.);
#6212=ORIENTED_EDGE('',*,*,#4563,.F.);
#6213=ORIENTED_EDGE('',*,*,#4568,.F.);
#6214=ORIENTED_EDGE('',*,*,#4569,.T.);
#6215=ORIENTED_EDGE('',*,*,#4570,.T.);
#6216=ORIENTED_EDGE('',*,*,#4566,.F.);
#6217=ORIENTED_EDGE('',*,*,#4571,.F.);
#6218=ORIENTED_EDGE('',*,*,#4572,.T.);
#6219=ORIENTED_EDGE('',*,*,#4573,.T.);
#6220=ORIENTED_EDGE('',*,*,#4569,.F.);
#6221=ORIENTED_EDGE('',*,*,#4574,.F.);
#6222=ORIENTED_EDGE('',*,*,#4575,.T.);
#6223=ORIENTED_EDGE('',*,*,#4576,.T.);
#6224=ORIENTED_EDGE('',*,*,#4572,.F.);
#6225=ORIENTED_EDGE('',*,*,#4577,.F.);
#6226=ORIENTED_EDGE('',*,*,#4578,.T.);
#6227=ORIENTED_EDGE('',*,*,#4579,.T.);
#6228=ORIENTED_EDGE('',*,*,#4575,.F.);
#6229=ORIENTED_EDGE('',*,*,#4580,.F.);
#6230=ORIENTED_EDGE('',*,*,#4581,.T.);
#6231=ORIENTED_EDGE('',*,*,#4582,.T.);
#6232=ORIENTED_EDGE('',*,*,#4578,.F.);
#6233=ORIENTED_EDGE('',*,*,#4583,.F.);
#6234=ORIENTED_EDGE('',*,*,#4584,.T.);
#6235=ORIENTED_EDGE('',*,*,#4585,.T.);
#6236=ORIENTED_EDGE('',*,*,#4581,.F.);
#6237=ORIENTED_EDGE('',*,*,#4586,.F.);
#6238=ORIENTED_EDGE('',*,*,#4587,.T.);
#6239=ORIENTED_EDGE('',*,*,#4588,.T.);
#6240=ORIENTED_EDGE('',*,*,#4584,.F.);
#6241=ORIENTED_EDGE('',*,*,#4589,.F.);
#6242=ORIENTED_EDGE('',*,*,#4590,.T.);
#6243=ORIENTED_EDGE('',*,*,#4591,.T.);
#6244=ORIENTED_EDGE('',*,*,#4587,.F.);
#6245=ORIENTED_EDGE('',*,*,#4592,.F.);
#6246=ORIENTED_EDGE('',*,*,#4593,.T.);
#6247=ORIENTED_EDGE('',*,*,#4594,.T.);
#6248=ORIENTED_EDGE('',*,*,#4590,.F.);
#6249=ORIENTED_EDGE('',*,*,#4595,.F.);
#6250=ORIENTED_EDGE('',*,*,#4596,.T.);
#6251=ORIENTED_EDGE('',*,*,#4597,.T.);
#6252=ORIENTED_EDGE('',*,*,#4593,.F.);
#6253=ORIENTED_EDGE('',*,*,#4598,.F.);
#6254=ORIENTED_EDGE('',*,*,#4561,.T.);
#6255=ORIENTED_EDGE('',*,*,#4599,.T.);
#6256=ORIENTED_EDGE('',*,*,#4596,.F.);
#6257=ORIENTED_EDGE('',*,*,#4599,.F.);
#6258=ORIENTED_EDGE('',*,*,#4560,.F.);
#6259=ORIENTED_EDGE('',*,*,#4564,.F.);
#6260=ORIENTED_EDGE('',*,*,#4567,.F.);
#6261=ORIENTED_EDGE('',*,*,#4570,.F.);
#6262=ORIENTED_EDGE('',*,*,#4573,.F.);
#6263=ORIENTED_EDGE('',*,*,#4576,.F.);
#6264=ORIENTED_EDGE('',*,*,#4579,.F.);
#6265=ORIENTED_EDGE('',*,*,#4582,.F.);
#6266=ORIENTED_EDGE('',*,*,#4585,.F.);
#6267=ORIENTED_EDGE('',*,*,#4588,.F.);
#6268=ORIENTED_EDGE('',*,*,#4591,.F.);
#6269=ORIENTED_EDGE('',*,*,#4594,.F.);
#6270=ORIENTED_EDGE('',*,*,#4597,.F.);
#6271=ORIENTED_EDGE('',*,*,#4557,.F.);
#6272=ORIENTED_EDGE('',*,*,#4533,.F.);
#6273=ORIENTED_EDGE('',*,*,#4537,.F.);
#6274=ORIENTED_EDGE('',*,*,#4540,.F.);
#6275=ORIENTED_EDGE('',*,*,#4543,.F.);
#6276=ORIENTED_EDGE('',*,*,#4546,.F.);
#6277=ORIENTED_EDGE('',*,*,#4549,.F.);
#6278=ORIENTED_EDGE('',*,*,#4552,.F.);
#6279=ORIENTED_EDGE('',*,*,#4555,.F.);
#6280=ORIENTED_EDGE('',*,*,#4600,.F.);
#6281=ORIENTED_EDGE('',*,*,#4601,.T.);
#6282=ORIENTED_EDGE('',*,*,#4602,.T.);
#6283=ORIENTED_EDGE('',*,*,#4603,.F.);
#6284=ORIENTED_EDGE('',*,*,#4604,.F.);
#6285=ORIENTED_EDGE('',*,*,#4605,.T.);
#6286=ORIENTED_EDGE('',*,*,#4606,.T.);
#6287=ORIENTED_EDGE('',*,*,#4601,.F.);
#6288=ORIENTED_EDGE('',*,*,#4607,.F.);
#6289=ORIENTED_EDGE('',*,*,#4608,.T.);
#6290=ORIENTED_EDGE('',*,*,#4609,.T.);
#6291=ORIENTED_EDGE('',*,*,#4605,.F.);
#6292=ORIENTED_EDGE('',*,*,#4610,.F.);
#6293=ORIENTED_EDGE('',*,*,#4611,.T.);
#6294=ORIENTED_EDGE('',*,*,#4612,.T.);
#6295=ORIENTED_EDGE('',*,*,#4608,.F.);
#6296=ORIENTED_EDGE('',*,*,#4613,.F.);
#6297=ORIENTED_EDGE('',*,*,#4614,.T.);
#6298=ORIENTED_EDGE('',*,*,#4615,.T.);
#6299=ORIENTED_EDGE('',*,*,#4611,.F.);
#6300=ORIENTED_EDGE('',*,*,#4616,.F.);
#6301=ORIENTED_EDGE('',*,*,#4603,.T.);
#6302=ORIENTED_EDGE('',*,*,#4617,.T.);
#6303=ORIENTED_EDGE('',*,*,#4614,.F.);
#6304=ORIENTED_EDGE('',*,*,#4618,.F.);
#6305=ORIENTED_EDGE('',*,*,#4619,.T.);
#6306=ORIENTED_EDGE('',*,*,#4620,.T.);
#6307=ORIENTED_EDGE('',*,*,#4621,.F.);
#6308=ORIENTED_EDGE('',*,*,#4622,.F.);
#6309=ORIENTED_EDGE('',*,*,#4623,.T.);
#6310=ORIENTED_EDGE('',*,*,#4624,.T.);
#6311=ORIENTED_EDGE('',*,*,#4619,.F.);
#6312=ORIENTED_EDGE('',*,*,#4625,.F.);
#6313=ORIENTED_EDGE('',*,*,#4626,.T.);
#6314=ORIENTED_EDGE('',*,*,#4627,.T.);
#6315=ORIENTED_EDGE('',*,*,#4623,.F.);
#6316=ORIENTED_EDGE('',*,*,#4628,.F.);
#6317=ORIENTED_EDGE('',*,*,#4629,.T.);
#6318=ORIENTED_EDGE('',*,*,#4630,.T.);
#6319=ORIENTED_EDGE('',*,*,#4626,.F.);
#6320=ORIENTED_EDGE('',*,*,#4631,.F.);
#6321=ORIENTED_EDGE('',*,*,#4632,.T.);
#6322=ORIENTED_EDGE('',*,*,#4633,.T.);
#6323=ORIENTED_EDGE('',*,*,#4629,.F.);
#6324=ORIENTED_EDGE('',*,*,#4634,.F.);
#6325=ORIENTED_EDGE('',*,*,#4635,.T.);
#6326=ORIENTED_EDGE('',*,*,#4636,.T.);
#6327=ORIENTED_EDGE('',*,*,#4632,.F.);
#6328=ORIENTED_EDGE('',*,*,#4637,.F.);
#6329=ORIENTED_EDGE('',*,*,#4638,.T.);
#6330=ORIENTED_EDGE('',*,*,#4639,.T.);
#6331=ORIENTED_EDGE('',*,*,#4635,.F.);
#6332=ORIENTED_EDGE('',*,*,#4640,.F.);
#6333=ORIENTED_EDGE('',*,*,#4641,.T.);
#6334=ORIENTED_EDGE('',*,*,#4642,.T.);
#6335=ORIENTED_EDGE('',*,*,#4638,.F.);
#6336=ORIENTED_EDGE('',*,*,#4643,.F.);
#6337=ORIENTED_EDGE('',*,*,#4644,.T.);
#6338=ORIENTED_EDGE('',*,*,#4645,.T.);
#6339=ORIENTED_EDGE('',*,*,#4641,.F.);
#6340=ORIENTED_EDGE('',*,*,#4646,.F.);
#6341=ORIENTED_EDGE('',*,*,#4647,.T.);
#6342=ORIENTED_EDGE('',*,*,#4648,.T.);
#6343=ORIENTED_EDGE('',*,*,#4644,.F.);
#6344=ORIENTED_EDGE('',*,*,#4649,.F.);
#6345=ORIENTED_EDGE('',*,*,#4650,.T.);
#6346=ORIENTED_EDGE('',*,*,#4651,.T.);
#6347=ORIENTED_EDGE('',*,*,#4647,.F.);
#6348=ORIENTED_EDGE('',*,*,#4652,.F.);
#6349=ORIENTED_EDGE('',*,*,#4653,.T.);
#6350=ORIENTED_EDGE('',*,*,#4654,.T.);
#6351=ORIENTED_EDGE('',*,*,#4650,.F.);
#6352=ORIENTED_EDGE('',*,*,#4655,.F.);
#6353=ORIENTED_EDGE('',*,*,#4656,.T.);
#6354=ORIENTED_EDGE('',*,*,#4657,.T.);
#6355=ORIENTED_EDGE('',*,*,#4653,.F.);
#6356=ORIENTED_EDGE('',*,*,#4658,.F.);
#6357=ORIENTED_EDGE('',*,*,#4659,.T.);
#6358=ORIENTED_EDGE('',*,*,#4660,.T.);
#6359=ORIENTED_EDGE('',*,*,#4656,.F.);
#6360=ORIENTED_EDGE('',*,*,#4661,.F.);
#6361=ORIENTED_EDGE('',*,*,#4621,.T.);
#6362=ORIENTED_EDGE('',*,*,#4662,.T.);
#6363=ORIENTED_EDGE('',*,*,#4659,.F.);
#6364=ORIENTED_EDGE('',*,*,#4662,.F.);
#6365=ORIENTED_EDGE('',*,*,#4620,.F.);
#6366=ORIENTED_EDGE('',*,*,#4624,.F.);
#6367=ORIENTED_EDGE('',*,*,#4627,.F.);
#6368=ORIENTED_EDGE('',*,*,#4630,.F.);
#6369=ORIENTED_EDGE('',*,*,#4633,.F.);
#6370=ORIENTED_EDGE('',*,*,#4636,.F.);
#6371=ORIENTED_EDGE('',*,*,#4639,.F.);
#6372=ORIENTED_EDGE('',*,*,#4642,.F.);
#6373=ORIENTED_EDGE('',*,*,#4645,.F.);
#6374=ORIENTED_EDGE('',*,*,#4648,.F.);
#6375=ORIENTED_EDGE('',*,*,#4651,.F.);
#6376=ORIENTED_EDGE('',*,*,#4654,.F.);
#6377=ORIENTED_EDGE('',*,*,#4657,.F.);
#6378=ORIENTED_EDGE('',*,*,#4660,.F.);
#6379=ORIENTED_EDGE('',*,*,#4617,.F.);
#6380=ORIENTED_EDGE('',*,*,#4602,.F.);
#6381=ORIENTED_EDGE('',*,*,#4606,.F.);
#6382=ORIENTED_EDGE('',*,*,#4609,.F.);
#6383=ORIENTED_EDGE('',*,*,#4612,.F.);
#6384=ORIENTED_EDGE('',*,*,#4615,.F.);
#6385=ORIENTED_EDGE('',*,*,#4663,.F.);
#6386=ORIENTED_EDGE('',*,*,#4664,.T.);
#6387=ORIENTED_EDGE('',*,*,#4665,.T.);
#6388=ORIENTED_EDGE('',*,*,#4666,.F.);
#6389=ORIENTED_EDGE('',*,*,#4667,.F.);
#6390=ORIENTED_EDGE('',*,*,#4668,.T.);
#6391=ORIENTED_EDGE('',*,*,#4669,.T.);
#6392=ORIENTED_EDGE('',*,*,#4664,.F.);
#6393=ORIENTED_EDGE('',*,*,#4670,.F.);
#6394=ORIENTED_EDGE('',*,*,#4671,.T.);
#6395=ORIENTED_EDGE('',*,*,#4672,.T.);
#6396=ORIENTED_EDGE('',*,*,#4668,.F.);
#6397=ORIENTED_EDGE('',*,*,#4673,.F.);
#6398=ORIENTED_EDGE('',*,*,#4674,.T.);
#6399=ORIENTED_EDGE('',*,*,#4675,.T.);
#6400=ORIENTED_EDGE('',*,*,#4671,.F.);
#6401=ORIENTED_EDGE('',*,*,#4676,.F.);
#6402=ORIENTED_EDGE('',*,*,#4677,.T.);
#6403=ORIENTED_EDGE('',*,*,#4678,.T.);
#6404=ORIENTED_EDGE('',*,*,#4674,.F.);
#6405=ORIENTED_EDGE('',*,*,#4679,.F.);
#6406=ORIENTED_EDGE('',*,*,#4680,.T.);
#6407=ORIENTED_EDGE('',*,*,#4681,.T.);
#6408=ORIENTED_EDGE('',*,*,#4677,.F.);
#6409=ORIENTED_EDGE('',*,*,#4682,.F.);
#6410=ORIENTED_EDGE('',*,*,#4683,.T.);
#6411=ORIENTED_EDGE('',*,*,#4684,.T.);
#6412=ORIENTED_EDGE('',*,*,#4680,.F.);
#6413=ORIENTED_EDGE('',*,*,#4685,.F.);
#6414=ORIENTED_EDGE('',*,*,#4686,.T.);
#6415=ORIENTED_EDGE('',*,*,#4687,.T.);
#6416=ORIENTED_EDGE('',*,*,#4683,.F.);
#6417=ORIENTED_EDGE('',*,*,#4688,.F.);
#6418=ORIENTED_EDGE('',*,*,#4689,.T.);
#6419=ORIENTED_EDGE('',*,*,#4690,.T.);
#6420=ORIENTED_EDGE('',*,*,#4686,.F.);
#6421=ORIENTED_EDGE('',*,*,#4691,.F.);
#6422=ORIENTED_EDGE('',*,*,#4666,.T.);
#6423=ORIENTED_EDGE('',*,*,#4692,.T.);
#6424=ORIENTED_EDGE('',*,*,#4689,.F.);
#6425=ORIENTED_EDGE('',*,*,#4693,.F.);
#6426=ORIENTED_EDGE('',*,*,#4694,.T.);
#6427=ORIENTED_EDGE('',*,*,#4695,.T.);
#6428=ORIENTED_EDGE('',*,*,#4696,.F.);
#6429=ORIENTED_EDGE('',*,*,#4697,.F.);
#6430=ORIENTED_EDGE('',*,*,#4698,.T.);
#6431=ORIENTED_EDGE('',*,*,#4699,.T.);
#6432=ORIENTED_EDGE('',*,*,#4694,.F.);
#6433=ORIENTED_EDGE('',*,*,#4700,.F.);
#6434=ORIENTED_EDGE('',*,*,#4701,.T.);
#6435=ORIENTED_EDGE('',*,*,#4702,.T.);
#6436=ORIENTED_EDGE('',*,*,#4698,.F.);
#6437=ORIENTED_EDGE('',*,*,#4703,.F.);
#6438=ORIENTED_EDGE('',*,*,#4704,.T.);
#6439=ORIENTED_EDGE('',*,*,#4705,.T.);
#6440=ORIENTED_EDGE('',*,*,#4701,.F.);
#6441=ORIENTED_EDGE('',*,*,#4706,.F.);
#6442=ORIENTED_EDGE('',*,*,#4707,.T.);
#6443=ORIENTED_EDGE('',*,*,#4708,.T.);
#6444=ORIENTED_EDGE('',*,*,#4704,.F.);
#6445=ORIENTED_EDGE('',*,*,#4709,.F.);
#6446=ORIENTED_EDGE('',*,*,#4710,.T.);
#6447=ORIENTED_EDGE('',*,*,#4711,.T.);
#6448=ORIENTED_EDGE('',*,*,#4707,.F.);
#6449=ORIENTED_EDGE('',*,*,#4712,.F.);
#6450=ORIENTED_EDGE('',*,*,#4713,.T.);
#6451=ORIENTED_EDGE('',*,*,#4714,.T.);
#6452=ORIENTED_EDGE('',*,*,#4710,.F.);
#6453=ORIENTED_EDGE('',*,*,#4715,.F.);
#6454=ORIENTED_EDGE('',*,*,#4716,.T.);
#6455=ORIENTED_EDGE('',*,*,#4717,.T.);
#6456=ORIENTED_EDGE('',*,*,#4713,.F.);
#6457=ORIENTED_EDGE('',*,*,#4718,.F.);
#6458=ORIENTED_EDGE('',*,*,#4719,.T.);
#6459=ORIENTED_EDGE('',*,*,#4720,.T.);
#6460=ORIENTED_EDGE('',*,*,#4716,.F.);
#6461=ORIENTED_EDGE('',*,*,#4721,.F.);
#6462=ORIENTED_EDGE('',*,*,#4696,.T.);
#6463=ORIENTED_EDGE('',*,*,#4722,.T.);
#6464=ORIENTED_EDGE('',*,*,#4719,.F.);
#6465=ORIENTED_EDGE('',*,*,#4722,.F.);
#6466=ORIENTED_EDGE('',*,*,#4695,.F.);
#6467=ORIENTED_EDGE('',*,*,#4699,.F.);
#6468=ORIENTED_EDGE('',*,*,#4702,.F.);
#6469=ORIENTED_EDGE('',*,*,#4705,.F.);
#6470=ORIENTED_EDGE('',*,*,#4708,.F.);
#6471=ORIENTED_EDGE('',*,*,#4711,.F.);
#6472=ORIENTED_EDGE('',*,*,#4714,.F.);
#6473=ORIENTED_EDGE('',*,*,#4717,.F.);
#6474=ORIENTED_EDGE('',*,*,#4720,.F.);
#6475=ORIENTED_EDGE('',*,*,#4692,.F.);
#6476=ORIENTED_EDGE('',*,*,#4665,.F.);
#6477=ORIENTED_EDGE('',*,*,#4669,.F.);
#6478=ORIENTED_EDGE('',*,*,#4672,.F.);
#6479=ORIENTED_EDGE('',*,*,#4675,.F.);
#6480=ORIENTED_EDGE('',*,*,#4678,.F.);
#6481=ORIENTED_EDGE('',*,*,#4681,.F.);
#6482=ORIENTED_EDGE('',*,*,#4684,.F.);
#6483=ORIENTED_EDGE('',*,*,#4687,.F.);
#6484=ORIENTED_EDGE('',*,*,#4690,.F.);
#6485=ORIENTED_EDGE('',*,*,#4723,.F.);
#6486=ORIENTED_EDGE('',*,*,#4724,.T.);
#6487=ORIENTED_EDGE('',*,*,#4725,.T.);
#6488=ORIENTED_EDGE('',*,*,#4726,.F.);
#6489=ORIENTED_EDGE('',*,*,#4727,.F.);
#6490=ORIENTED_EDGE('',*,*,#4728,.T.);
#6491=ORIENTED_EDGE('',*,*,#4729,.T.);
#6492=ORIENTED_EDGE('',*,*,#4724,.F.);
#6493=ORIENTED_EDGE('',*,*,#4730,.F.);
#6494=ORIENTED_EDGE('',*,*,#4731,.T.);
#6495=ORIENTED_EDGE('',*,*,#4732,.T.);
#6496=ORIENTED_EDGE('',*,*,#4728,.F.);
#6497=ORIENTED_EDGE('',*,*,#4733,.F.);
#6498=ORIENTED_EDGE('',*,*,#4734,.T.);
#6499=ORIENTED_EDGE('',*,*,#4735,.T.);
#6500=ORIENTED_EDGE('',*,*,#4731,.F.);
#6501=ORIENTED_EDGE('',*,*,#4736,.F.);
#6502=ORIENTED_EDGE('',*,*,#4737,.T.);
#6503=ORIENTED_EDGE('',*,*,#4738,.T.);
#6504=ORIENTED_EDGE('',*,*,#4734,.F.);
#6505=ORIENTED_EDGE('',*,*,#4739,.F.);
#6506=ORIENTED_EDGE('',*,*,#4740,.T.);
#6507=ORIENTED_EDGE('',*,*,#4741,.T.);
#6508=ORIENTED_EDGE('',*,*,#4737,.F.);
#6509=ORIENTED_EDGE('',*,*,#4742,.F.);
#6510=ORIENTED_EDGE('',*,*,#4743,.T.);
#6511=ORIENTED_EDGE('',*,*,#4744,.T.);
#6512=ORIENTED_EDGE('',*,*,#4740,.F.);
#6513=ORIENTED_EDGE('',*,*,#4745,.F.);
#6514=ORIENTED_EDGE('',*,*,#4746,.T.);
#6515=ORIENTED_EDGE('',*,*,#4747,.T.);
#6516=ORIENTED_EDGE('',*,*,#4743,.F.);
#6517=ORIENTED_EDGE('',*,*,#4748,.F.);
#6518=ORIENTED_EDGE('',*,*,#4749,.T.);
#6519=ORIENTED_EDGE('',*,*,#4750,.T.);
#6520=ORIENTED_EDGE('',*,*,#4746,.F.);
#6521=ORIENTED_EDGE('',*,*,#4751,.F.);
#6522=ORIENTED_EDGE('',*,*,#4726,.T.);
#6523=ORIENTED_EDGE('',*,*,#4752,.T.);
#6524=ORIENTED_EDGE('',*,*,#4749,.F.);
#6525=ORIENTED_EDGE('',*,*,#4752,.F.);
#6526=ORIENTED_EDGE('',*,*,#4725,.F.);
#6527=ORIENTED_EDGE('',*,*,#4729,.F.);
#6528=ORIENTED_EDGE('',*,*,#4732,.F.);
#6529=ORIENTED_EDGE('',*,*,#4735,.F.);
#6530=ORIENTED_EDGE('',*,*,#4738,.F.);
#6531=ORIENTED_EDGE('',*,*,#4741,.F.);
#6532=ORIENTED_EDGE('',*,*,#4744,.F.);
#6533=ORIENTED_EDGE('',*,*,#4747,.F.);
#6534=ORIENTED_EDGE('',*,*,#4750,.F.);
#6535=ORIENTED_EDGE('',*,*,#4753,.F.);
#6536=ORIENTED_EDGE('',*,*,#4754,.T.);
#6537=ORIENTED_EDGE('',*,*,#4755,.T.);
#6538=ORIENTED_EDGE('',*,*,#4756,.F.);
#6539=ORIENTED_EDGE('',*,*,#4757,.F.);
#6540=ORIENTED_EDGE('',*,*,#4758,.T.);
#6541=ORIENTED_EDGE('',*,*,#4759,.T.);
#6542=ORIENTED_EDGE('',*,*,#4754,.F.);
#6543=ORIENTED_EDGE('',*,*,#4760,.F.);
#6544=ORIENTED_EDGE('',*,*,#4761,.T.);
#6545=ORIENTED_EDGE('',*,*,#4762,.T.);
#6546=ORIENTED_EDGE('',*,*,#4758,.F.);
#6547=ORIENTED_EDGE('',*,*,#4763,.F.);
#6548=ORIENTED_EDGE('',*,*,#4764,.T.);
#6549=ORIENTED_EDGE('',*,*,#4765,.T.);
#6550=ORIENTED_EDGE('',*,*,#4761,.F.);
#6551=ORIENTED_EDGE('',*,*,#4766,.F.);
#6552=ORIENTED_EDGE('',*,*,#4767,.T.);
#6553=ORIENTED_EDGE('',*,*,#4768,.T.);
#6554=ORIENTED_EDGE('',*,*,#4764,.F.);
#6555=ORIENTED_EDGE('',*,*,#4769,.F.);
#6556=ORIENTED_EDGE('',*,*,#4770,.T.);
#6557=ORIENTED_EDGE('',*,*,#4771,.T.);
#6558=ORIENTED_EDGE('',*,*,#4767,.F.);
#6559=ORIENTED_EDGE('',*,*,#4772,.F.);
#6560=ORIENTED_EDGE('',*,*,#4773,.T.);
#6561=ORIENTED_EDGE('',*,*,#4774,.T.);
#6562=ORIENTED_EDGE('',*,*,#4770,.F.);
#6563=ORIENTED_EDGE('',*,*,#4775,.F.);
#6564=ORIENTED_EDGE('',*,*,#4776,.T.);
#6565=ORIENTED_EDGE('',*,*,#4777,.T.);
#6566=ORIENTED_EDGE('',*,*,#4773,.F.);
#6567=ORIENTED_EDGE('',*,*,#4778,.F.);
#6568=ORIENTED_EDGE('',*,*,#4779,.T.);
#6569=ORIENTED_EDGE('',*,*,#4780,.T.);
#6570=ORIENTED_EDGE('',*,*,#4776,.F.);
#6571=ORIENTED_EDGE('',*,*,#4781,.F.);
#6572=ORIENTED_EDGE('',*,*,#4782,.T.);
#6573=ORIENTED_EDGE('',*,*,#4783,.T.);
#6574=ORIENTED_EDGE('',*,*,#4779,.F.);
#6575=ORIENTED_EDGE('',*,*,#4784,.F.);
#6576=ORIENTED_EDGE('',*,*,#4785,.T.);
#6577=ORIENTED_EDGE('',*,*,#4786,.T.);
#6578=ORIENTED_EDGE('',*,*,#4782,.F.);
#6579=ORIENTED_EDGE('',*,*,#4787,.F.);
#6580=ORIENTED_EDGE('',*,*,#4788,.T.);
#6581=ORIENTED_EDGE('',*,*,#4789,.T.);
#6582=ORIENTED_EDGE('',*,*,#4785,.F.);
#6583=ORIENTED_EDGE('',*,*,#4790,.F.);
#6584=ORIENTED_EDGE('',*,*,#4791,.T.);
#6585=ORIENTED_EDGE('',*,*,#4792,.T.);
#6586=ORIENTED_EDGE('',*,*,#4788,.F.);
#6587=ORIENTED_EDGE('',*,*,#4793,.F.);
#6588=ORIENTED_EDGE('',*,*,#4794,.T.);
#6589=ORIENTED_EDGE('',*,*,#4795,.T.);
#6590=ORIENTED_EDGE('',*,*,#4791,.F.);
#6591=ORIENTED_EDGE('',*,*,#4796,.F.);
#6592=ORIENTED_EDGE('',*,*,#4797,.T.);
#6593=ORIENTED_EDGE('',*,*,#4798,.T.);
#6594=ORIENTED_EDGE('',*,*,#4794,.F.);
#6595=ORIENTED_EDGE('',*,*,#4799,.F.);
#6596=ORIENTED_EDGE('',*,*,#4800,.T.);
#6597=ORIENTED_EDGE('',*,*,#4801,.T.);
#6598=ORIENTED_EDGE('',*,*,#4797,.F.);
#6599=ORIENTED_EDGE('',*,*,#4802,.F.);
#6600=ORIENTED_EDGE('',*,*,#4803,.T.);
#6601=ORIENTED_EDGE('',*,*,#4804,.T.);
#6602=ORIENTED_EDGE('',*,*,#4800,.F.);
#6603=ORIENTED_EDGE('',*,*,#4805,.F.);
#6604=ORIENTED_EDGE('',*,*,#4806,.T.);
#6605=ORIENTED_EDGE('',*,*,#4807,.T.);
#6606=ORIENTED_EDGE('',*,*,#4803,.F.);
#6607=ORIENTED_EDGE('',*,*,#4808,.F.);
#6608=ORIENTED_EDGE('',*,*,#4809,.T.);
#6609=ORIENTED_EDGE('',*,*,#4810,.T.);
#6610=ORIENTED_EDGE('',*,*,#4806,.F.);
#6611=ORIENTED_EDGE('',*,*,#4811,.F.);
#6612=ORIENTED_EDGE('',*,*,#4812,.T.);
#6613=ORIENTED_EDGE('',*,*,#4813,.T.);
#6614=ORIENTED_EDGE('',*,*,#4809,.F.);
#6615=ORIENTED_EDGE('',*,*,#4814,.F.);
#6616=ORIENTED_EDGE('',*,*,#4815,.T.);
#6617=ORIENTED_EDGE('',*,*,#4816,.T.);
#6618=ORIENTED_EDGE('',*,*,#4812,.F.);
#6619=ORIENTED_EDGE('',*,*,#4817,.F.);
#6620=ORIENTED_EDGE('',*,*,#4818,.T.);
#6621=ORIENTED_EDGE('',*,*,#4819,.T.);
#6622=ORIENTED_EDGE('',*,*,#4815,.F.);
#6623=ORIENTED_EDGE('',*,*,#4820,.F.);
#6624=ORIENTED_EDGE('',*,*,#4821,.T.);
#6625=ORIENTED_EDGE('',*,*,#4822,.T.);
#6626=ORIENTED_EDGE('',*,*,#4818,.F.);
#6627=ORIENTED_EDGE('',*,*,#4823,.F.);
#6628=ORIENTED_EDGE('',*,*,#4824,.T.);
#6629=ORIENTED_EDGE('',*,*,#4825,.T.);
#6630=ORIENTED_EDGE('',*,*,#4821,.F.);
#6631=ORIENTED_EDGE('',*,*,#4826,.F.);
#6632=ORIENTED_EDGE('',*,*,#4827,.T.);
#6633=ORIENTED_EDGE('',*,*,#4828,.T.);
#6634=ORIENTED_EDGE('',*,*,#4824,.F.);
#6635=ORIENTED_EDGE('',*,*,#4829,.F.);
#6636=ORIENTED_EDGE('',*,*,#4830,.T.);
#6637=ORIENTED_EDGE('',*,*,#4831,.T.);
#6638=ORIENTED_EDGE('',*,*,#4827,.F.);
#6639=ORIENTED_EDGE('',*,*,#4832,.F.);
#6640=ORIENTED_EDGE('',*,*,#4833,.T.);
#6641=ORIENTED_EDGE('',*,*,#4834,.T.);
#6642=ORIENTED_EDGE('',*,*,#4830,.F.);
#6643=ORIENTED_EDGE('',*,*,#4835,.F.);
#6644=ORIENTED_EDGE('',*,*,#4836,.T.);
#6645=ORIENTED_EDGE('',*,*,#4837,.T.);
#6646=ORIENTED_EDGE('',*,*,#4833,.F.);
#6647=ORIENTED_EDGE('',*,*,#4838,.F.);
#6648=ORIENTED_EDGE('',*,*,#4756,.T.);
#6649=ORIENTED_EDGE('',*,*,#4839,.T.);
#6650=ORIENTED_EDGE('',*,*,#4836,.F.);
#6651=ORIENTED_EDGE('',*,*,#4839,.F.);
#6652=ORIENTED_EDGE('',*,*,#4755,.F.);
#6653=ORIENTED_EDGE('',*,*,#4759,.F.);
#6654=ORIENTED_EDGE('',*,*,#4762,.F.);
#6655=ORIENTED_EDGE('',*,*,#4765,.F.);
#6656=ORIENTED_EDGE('',*,*,#4768,.F.);
#6657=ORIENTED_EDGE('',*,*,#4771,.F.);
#6658=ORIENTED_EDGE('',*,*,#4774,.F.);
#6659=ORIENTED_EDGE('',*,*,#4777,.F.);
#6660=ORIENTED_EDGE('',*,*,#4780,.F.);
#6661=ORIENTED_EDGE('',*,*,#4783,.F.);
#6662=ORIENTED_EDGE('',*,*,#4786,.F.);
#6663=ORIENTED_EDGE('',*,*,#4789,.F.);
#6664=ORIENTED_EDGE('',*,*,#4792,.F.);
#6665=ORIENTED_EDGE('',*,*,#4795,.F.);
#6666=ORIENTED_EDGE('',*,*,#4798,.F.);
#6667=ORIENTED_EDGE('',*,*,#4801,.F.);
#6668=ORIENTED_EDGE('',*,*,#4804,.F.);
#6669=ORIENTED_EDGE('',*,*,#4807,.F.);
#6670=ORIENTED_EDGE('',*,*,#4810,.F.);
#6671=ORIENTED_EDGE('',*,*,#4813,.F.);
#6672=ORIENTED_EDGE('',*,*,#4816,.F.);
#6673=ORIENTED_EDGE('',*,*,#4819,.F.);
#6674=ORIENTED_EDGE('',*,*,#4822,.F.);
#6675=ORIENTED_EDGE('',*,*,#4825,.F.);
#6676=ORIENTED_EDGE('',*,*,#4828,.F.);
#6677=ORIENTED_EDGE('',*,*,#4831,.F.);
#6678=ORIENTED_EDGE('',*,*,#4834,.F.);
#6679=ORIENTED_EDGE('',*,*,#4837,.F.);
#6680=ORIENTED_EDGE('',*,*,#4840,.F.);
#6681=ORIENTED_EDGE('',*,*,#4841,.T.);
#6682=ORIENTED_EDGE('',*,*,#4842,.T.);
#6683=ORIENTED_EDGE('',*,*,#4843,.F.);
#6684=ORIENTED_EDGE('',*,*,#4844,.F.);
#6685=ORIENTED_EDGE('',*,*,#4845,.T.);
#6686=ORIENTED_EDGE('',*,*,#4846,.T.);
#6687=ORIENTED_EDGE('',*,*,#4841,.F.);
#6688=ORIENTED_EDGE('',*,*,#4847,.F.);
#6689=ORIENTED_EDGE('',*,*,#4848,.T.);
#6690=ORIENTED_EDGE('',*,*,#4849,.T.);
#6691=ORIENTED_EDGE('',*,*,#4845,.F.);
#6692=ORIENTED_EDGE('',*,*,#4850,.F.);
#6693=ORIENTED_EDGE('',*,*,#4851,.T.);
#6694=ORIENTED_EDGE('',*,*,#4852,.T.);
#6695=ORIENTED_EDGE('',*,*,#4848,.F.);
#6696=ORIENTED_EDGE('',*,*,#4853,.F.);
#6697=ORIENTED_EDGE('',*,*,#4854,.T.);
#6698=ORIENTED_EDGE('',*,*,#4855,.T.);
#6699=ORIENTED_EDGE('',*,*,#4851,.F.);
#6700=ORIENTED_EDGE('',*,*,#4856,.F.);
#6701=ORIENTED_EDGE('',*,*,#4857,.T.);
#6702=ORIENTED_EDGE('',*,*,#4858,.T.);
#6703=ORIENTED_EDGE('',*,*,#4854,.F.);
#6704=ORIENTED_EDGE('',*,*,#4859,.F.);
#6705=ORIENTED_EDGE('',*,*,#4860,.T.);
#6706=ORIENTED_EDGE('',*,*,#4861,.T.);
#6707=ORIENTED_EDGE('',*,*,#4857,.F.);
#6708=ORIENTED_EDGE('',*,*,#4862,.F.);
#6709=ORIENTED_EDGE('',*,*,#4863,.T.);
#6710=ORIENTED_EDGE('',*,*,#4864,.T.);
#6711=ORIENTED_EDGE('',*,*,#4860,.F.);
#6712=ORIENTED_EDGE('',*,*,#4865,.F.);
#6713=ORIENTED_EDGE('',*,*,#4843,.T.);
#6714=ORIENTED_EDGE('',*,*,#4866,.T.);
#6715=ORIENTED_EDGE('',*,*,#4863,.F.);
#6716=ORIENTED_EDGE('',*,*,#4866,.F.);
#6717=ORIENTED_EDGE('',*,*,#4842,.F.);
#6718=ORIENTED_EDGE('',*,*,#4846,.F.);
#6719=ORIENTED_EDGE('',*,*,#4849,.F.);
#6720=ORIENTED_EDGE('',*,*,#4852,.F.);
#6721=ORIENTED_EDGE('',*,*,#4855,.F.);
#6722=ORIENTED_EDGE('',*,*,#4858,.F.);
#6723=ORIENTED_EDGE('',*,*,#4861,.F.);
#6724=ORIENTED_EDGE('',*,*,#4864,.F.);
#6725=ORIENTED_EDGE('',*,*,#4867,.F.);
#6726=ORIENTED_EDGE('',*,*,#4868,.T.);
#6727=ORIENTED_EDGE('',*,*,#4869,.T.);
#6728=ORIENTED_EDGE('',*,*,#4870,.F.);
#6729=ORIENTED_EDGE('',*,*,#4871,.F.);
#6730=ORIENTED_EDGE('',*,*,#4872,.T.);
#6731=ORIENTED_EDGE('',*,*,#4873,.T.);
#6732=ORIENTED_EDGE('',*,*,#4868,.F.);
#6733=ORIENTED_EDGE('',*,*,#4874,.F.);
#6734=ORIENTED_EDGE('',*,*,#4875,.T.);
#6735=ORIENTED_EDGE('',*,*,#4876,.T.);
#6736=ORIENTED_EDGE('',*,*,#4872,.F.);
#6737=ORIENTED_EDGE('',*,*,#4877,.F.);
#6738=ORIENTED_EDGE('',*,*,#4878,.T.);
#6739=ORIENTED_EDGE('',*,*,#4879,.T.);
#6740=ORIENTED_EDGE('',*,*,#4875,.F.);
#6741=ORIENTED_EDGE('',*,*,#4880,.F.);
#6742=ORIENTED_EDGE('',*,*,#4881,.T.);
#6743=ORIENTED_EDGE('',*,*,#4882,.T.);
#6744=ORIENTED_EDGE('',*,*,#4878,.F.);
#6745=ORIENTED_EDGE('',*,*,#4883,.F.);
#6746=ORIENTED_EDGE('',*,*,#4884,.T.);
#6747=ORIENTED_EDGE('',*,*,#4885,.T.);
#6748=ORIENTED_EDGE('',*,*,#4881,.F.);
#6749=ORIENTED_EDGE('',*,*,#4886,.F.);
#6750=ORIENTED_EDGE('',*,*,#4887,.T.);
#6751=ORIENTED_EDGE('',*,*,#4888,.T.);
#6752=ORIENTED_EDGE('',*,*,#4884,.F.);
#6753=ORIENTED_EDGE('',*,*,#4889,.F.);
#6754=ORIENTED_EDGE('',*,*,#4890,.T.);
#6755=ORIENTED_EDGE('',*,*,#4891,.T.);
#6756=ORIENTED_EDGE('',*,*,#4887,.F.);
#6757=ORIENTED_EDGE('',*,*,#4892,.F.);
#6758=ORIENTED_EDGE('',*,*,#4893,.T.);
#6759=ORIENTED_EDGE('',*,*,#4894,.T.);
#6760=ORIENTED_EDGE('',*,*,#4890,.F.);
#6761=ORIENTED_EDGE('',*,*,#4895,.F.);
#6762=ORIENTED_EDGE('',*,*,#4896,.T.);
#6763=ORIENTED_EDGE('',*,*,#4897,.T.);
#6764=ORIENTED_EDGE('',*,*,#4893,.F.);
#6765=ORIENTED_EDGE('',*,*,#4898,.F.);
#6766=ORIENTED_EDGE('',*,*,#4899,.T.);
#6767=ORIENTED_EDGE('',*,*,#4900,.T.);
#6768=ORIENTED_EDGE('',*,*,#4896,.F.);
#6769=ORIENTED_EDGE('',*,*,#4901,.F.);
#6770=ORIENTED_EDGE('',*,*,#4902,.T.);
#6771=ORIENTED_EDGE('',*,*,#4903,.T.);
#6772=ORIENTED_EDGE('',*,*,#4899,.F.);
#6773=ORIENTED_EDGE('',*,*,#4904,.F.);
#6774=ORIENTED_EDGE('',*,*,#4905,.T.);
#6775=ORIENTED_EDGE('',*,*,#4906,.T.);
#6776=ORIENTED_EDGE('',*,*,#4902,.F.);
#6777=ORIENTED_EDGE('',*,*,#4907,.F.);
#6778=ORIENTED_EDGE('',*,*,#4908,.T.);
#6779=ORIENTED_EDGE('',*,*,#4909,.T.);
#6780=ORIENTED_EDGE('',*,*,#4905,.F.);
#6781=ORIENTED_EDGE('',*,*,#4910,.F.);
#6782=ORIENTED_EDGE('',*,*,#4911,.T.);
#6783=ORIENTED_EDGE('',*,*,#4912,.T.);
#6784=ORIENTED_EDGE('',*,*,#4908,.F.);
#6785=ORIENTED_EDGE('',*,*,#4913,.F.);
#6786=ORIENTED_EDGE('',*,*,#4914,.T.);
#6787=ORIENTED_EDGE('',*,*,#4915,.T.);
#6788=ORIENTED_EDGE('',*,*,#4911,.F.);
#6789=ORIENTED_EDGE('',*,*,#4916,.F.);
#6790=ORIENTED_EDGE('',*,*,#4917,.T.);
#6791=ORIENTED_EDGE('',*,*,#4918,.T.);
#6792=ORIENTED_EDGE('',*,*,#4914,.F.);
#6793=ORIENTED_EDGE('',*,*,#4919,.F.);
#6794=ORIENTED_EDGE('',*,*,#4920,.T.);
#6795=ORIENTED_EDGE('',*,*,#4921,.T.);
#6796=ORIENTED_EDGE('',*,*,#4917,.F.);
#6797=ORIENTED_EDGE('',*,*,#4922,.F.);
#6798=ORIENTED_EDGE('',*,*,#4923,.T.);
#6799=ORIENTED_EDGE('',*,*,#4924,.T.);
#6800=ORIENTED_EDGE('',*,*,#4920,.F.);
#6801=ORIENTED_EDGE('',*,*,#4925,.F.);
#6802=ORIENTED_EDGE('',*,*,#4926,.T.);
#6803=ORIENTED_EDGE('',*,*,#4927,.T.);
#6804=ORIENTED_EDGE('',*,*,#4923,.F.);
#6805=ORIENTED_EDGE('',*,*,#4928,.F.);
#6806=ORIENTED_EDGE('',*,*,#4929,.T.);
#6807=ORIENTED_EDGE('',*,*,#4930,.T.);
#6808=ORIENTED_EDGE('',*,*,#4926,.F.);
#6809=ORIENTED_EDGE('',*,*,#4931,.F.);
#6810=ORIENTED_EDGE('',*,*,#4932,.T.);
#6811=ORIENTED_EDGE('',*,*,#4933,.T.);
#6812=ORIENTED_EDGE('',*,*,#4929,.F.);
#6813=ORIENTED_EDGE('',*,*,#4934,.F.);
#6814=ORIENTED_EDGE('',*,*,#4935,.T.);
#6815=ORIENTED_EDGE('',*,*,#4936,.T.);
#6816=ORIENTED_EDGE('',*,*,#4932,.F.);
#6817=ORIENTED_EDGE('',*,*,#4937,.F.);
#6818=ORIENTED_EDGE('',*,*,#4938,.T.);
#6819=ORIENTED_EDGE('',*,*,#4939,.T.);
#6820=ORIENTED_EDGE('',*,*,#4935,.F.);
#6821=ORIENTED_EDGE('',*,*,#4940,.F.);
#6822=ORIENTED_EDGE('',*,*,#4941,.T.);
#6823=ORIENTED_EDGE('',*,*,#4942,.T.);
#6824=ORIENTED_EDGE('',*,*,#4938,.F.);
#6825=ORIENTED_EDGE('',*,*,#4943,.F.);
#6826=ORIENTED_EDGE('',*,*,#4944,.T.);
#6827=ORIENTED_EDGE('',*,*,#4945,.T.);
#6828=ORIENTED_EDGE('',*,*,#4941,.F.);
#6829=ORIENTED_EDGE('',*,*,#4946,.F.);
#6830=ORIENTED_EDGE('',*,*,#4947,.T.);
#6831=ORIENTED_EDGE('',*,*,#4948,.T.);
#6832=ORIENTED_EDGE('',*,*,#4944,.F.);
#6833=ORIENTED_EDGE('',*,*,#4949,.F.);
#6834=ORIENTED_EDGE('',*,*,#4950,.T.);
#6835=ORIENTED_EDGE('',*,*,#4951,.T.);
#6836=ORIENTED_EDGE('',*,*,#4947,.F.);
#6837=ORIENTED_EDGE('',*,*,#4952,.F.);
#6838=ORIENTED_EDGE('',*,*,#4953,.T.);
#6839=ORIENTED_EDGE('',*,*,#4954,.T.);
#6840=ORIENTED_EDGE('',*,*,#4950,.F.);
#6841=ORIENTED_EDGE('',*,*,#4955,.F.);
#6842=ORIENTED_EDGE('',*,*,#4956,.T.);
#6843=ORIENTED_EDGE('',*,*,#4957,.T.);
#6844=ORIENTED_EDGE('',*,*,#4953,.F.);
#6845=ORIENTED_EDGE('',*,*,#4958,.F.);
#6846=ORIENTED_EDGE('',*,*,#4870,.T.);
#6847=ORIENTED_EDGE('',*,*,#4959,.T.);
#6848=ORIENTED_EDGE('',*,*,#4956,.F.);
#6849=ORIENTED_EDGE('',*,*,#4959,.F.);
#6850=ORIENTED_EDGE('',*,*,#4869,.F.);
#6851=ORIENTED_EDGE('',*,*,#4873,.F.);
#6852=ORIENTED_EDGE('',*,*,#4876,.F.);
#6853=ORIENTED_EDGE('',*,*,#4879,.F.);
#6854=ORIENTED_EDGE('',*,*,#4882,.F.);
#6855=ORIENTED_EDGE('',*,*,#4885,.F.);
#6856=ORIENTED_EDGE('',*,*,#4888,.F.);
#6857=ORIENTED_EDGE('',*,*,#4891,.F.);
#6858=ORIENTED_EDGE('',*,*,#4894,.F.);
#6859=ORIENTED_EDGE('',*,*,#4897,.F.);
#6860=ORIENTED_EDGE('',*,*,#4900,.F.);
#6861=ORIENTED_EDGE('',*,*,#4903,.F.);
#6862=ORIENTED_EDGE('',*,*,#4906,.F.);
#6863=ORIENTED_EDGE('',*,*,#4909,.F.);
#6864=ORIENTED_EDGE('',*,*,#4912,.F.);
#6865=ORIENTED_EDGE('',*,*,#4915,.F.);
#6866=ORIENTED_EDGE('',*,*,#4918,.F.);
#6867=ORIENTED_EDGE('',*,*,#4921,.F.);
#6868=ORIENTED_EDGE('',*,*,#4924,.F.);
#6869=ORIENTED_EDGE('',*,*,#4927,.F.);
#6870=ORIENTED_EDGE('',*,*,#4930,.F.);
#6871=ORIENTED_EDGE('',*,*,#4933,.F.);
#6872=ORIENTED_EDGE('',*,*,#4936,.F.);
#6873=ORIENTED_EDGE('',*,*,#4939,.F.);
#6874=ORIENTED_EDGE('',*,*,#4942,.F.);
#6875=ORIENTED_EDGE('',*,*,#4945,.F.);
#6876=ORIENTED_EDGE('',*,*,#4948,.F.);
#6877=ORIENTED_EDGE('',*,*,#4951,.F.);
#6878=ORIENTED_EDGE('',*,*,#4954,.F.);
#6879=ORIENTED_EDGE('',*,*,#4957,.F.);
#6880=ORIENTED_EDGE('',*,*,#4960,.F.);
#6881=ORIENTED_EDGE('',*,*,#4961,.T.);
#6882=ORIENTED_EDGE('',*,*,#4962,.T.);
#6883=ORIENTED_EDGE('',*,*,#4963,.F.);
#6884=ORIENTED_EDGE('',*,*,#4964,.F.);
#6885=ORIENTED_EDGE('',*,*,#4965,.T.);
#6886=ORIENTED_EDGE('',*,*,#4966,.T.);
#6887=ORIENTED_EDGE('',*,*,#4961,.F.);
#6888=ORIENTED_EDGE('',*,*,#4967,.F.);
#6889=ORIENTED_EDGE('',*,*,#4968,.T.);
#6890=ORIENTED_EDGE('',*,*,#4969,.T.);
#6891=ORIENTED_EDGE('',*,*,#4965,.F.);
#6892=ORIENTED_EDGE('',*,*,#4970,.F.);
#6893=ORIENTED_EDGE('',*,*,#4971,.T.);
#6894=ORIENTED_EDGE('',*,*,#4972,.T.);
#6895=ORIENTED_EDGE('',*,*,#4968,.F.);
#6896=ORIENTED_EDGE('',*,*,#4973,.F.);
#6897=ORIENTED_EDGE('',*,*,#4974,.T.);
#6898=ORIENTED_EDGE('',*,*,#4975,.T.);
#6899=ORIENTED_EDGE('',*,*,#4971,.F.);
#6900=ORIENTED_EDGE('',*,*,#4976,.F.);
#6901=ORIENTED_EDGE('',*,*,#4977,.T.);
#6902=ORIENTED_EDGE('',*,*,#4978,.T.);
#6903=ORIENTED_EDGE('',*,*,#4974,.F.);
#6904=ORIENTED_EDGE('',*,*,#4979,.F.);
#6905=ORIENTED_EDGE('',*,*,#4980,.T.);
#6906=ORIENTED_EDGE('',*,*,#4981,.T.);
#6907=ORIENTED_EDGE('',*,*,#4977,.F.);
#6908=ORIENTED_EDGE('',*,*,#4982,.F.);
#6909=ORIENTED_EDGE('',*,*,#4983,.T.);
#6910=ORIENTED_EDGE('',*,*,#4984,.T.);
#6911=ORIENTED_EDGE('',*,*,#4980,.F.);
#6912=ORIENTED_EDGE('',*,*,#4985,.F.);
#6913=ORIENTED_EDGE('',*,*,#4986,.T.);
#6914=ORIENTED_EDGE('',*,*,#4987,.T.);
#6915=ORIENTED_EDGE('',*,*,#4983,.F.);
#6916=ORIENTED_EDGE('',*,*,#4988,.F.);
#6917=ORIENTED_EDGE('',*,*,#4989,.T.);
#6918=ORIENTED_EDGE('',*,*,#4990,.T.);
#6919=ORIENTED_EDGE('',*,*,#4986,.F.);
#6920=ORIENTED_EDGE('',*,*,#4991,.F.);
#6921=ORIENTED_EDGE('',*,*,#4992,.T.);
#6922=ORIENTED_EDGE('',*,*,#4993,.T.);
#6923=ORIENTED_EDGE('',*,*,#4989,.F.);
#6924=ORIENTED_EDGE('',*,*,#4994,.F.);
#6925=ORIENTED_EDGE('',*,*,#4995,.T.);
#6926=ORIENTED_EDGE('',*,*,#4996,.T.);
#6927=ORIENTED_EDGE('',*,*,#4992,.F.);
#6928=ORIENTED_EDGE('',*,*,#4997,.F.);
#6929=ORIENTED_EDGE('',*,*,#4998,.T.);
#6930=ORIENTED_EDGE('',*,*,#4999,.T.);
#6931=ORIENTED_EDGE('',*,*,#4995,.F.);
#6932=ORIENTED_EDGE('',*,*,#5000,.F.);
#6933=ORIENTED_EDGE('',*,*,#5001,.T.);
#6934=ORIENTED_EDGE('',*,*,#5002,.T.);
#6935=ORIENTED_EDGE('',*,*,#4998,.F.);
#6936=ORIENTED_EDGE('',*,*,#5003,.F.);
#6937=ORIENTED_EDGE('',*,*,#5004,.T.);
#6938=ORIENTED_EDGE('',*,*,#5005,.T.);
#6939=ORIENTED_EDGE('',*,*,#5001,.F.);
#6940=ORIENTED_EDGE('',*,*,#5006,.F.);
#6941=ORIENTED_EDGE('',*,*,#5007,.T.);
#6942=ORIENTED_EDGE('',*,*,#5008,.T.);
#6943=ORIENTED_EDGE('',*,*,#5004,.F.);
#6944=ORIENTED_EDGE('',*,*,#5009,.F.);
#6945=ORIENTED_EDGE('',*,*,#5010,.T.);
#6946=ORIENTED_EDGE('',*,*,#5011,.T.);
#6947=ORIENTED_EDGE('',*,*,#5007,.F.);
#6948=ORIENTED_EDGE('',*,*,#5012,.F.);
#6949=ORIENTED_EDGE('',*,*,#5013,.T.);
#6950=ORIENTED_EDGE('',*,*,#5014,.T.);
#6951=ORIENTED_EDGE('',*,*,#5010,.F.);
#6952=ORIENTED_EDGE('',*,*,#5015,.F.);
#6953=ORIENTED_EDGE('',*,*,#5016,.T.);
#6954=ORIENTED_EDGE('',*,*,#5017,.T.);
#6955=ORIENTED_EDGE('',*,*,#5013,.F.);
#6956=ORIENTED_EDGE('',*,*,#5018,.F.);
#6957=ORIENTED_EDGE('',*,*,#4963,.T.);
#6958=ORIENTED_EDGE('',*,*,#5019,.T.);
#6959=ORIENTED_EDGE('',*,*,#5016,.F.);
#6960=ORIENTED_EDGE('',*,*,#5019,.F.);
#6961=ORIENTED_EDGE('',*,*,#4962,.F.);
#6962=ORIENTED_EDGE('',*,*,#4966,.F.);
#6963=ORIENTED_EDGE('',*,*,#4969,.F.);
#6964=ORIENTED_EDGE('',*,*,#4972,.F.);
#6965=ORIENTED_EDGE('',*,*,#4975,.F.);
#6966=ORIENTED_EDGE('',*,*,#4978,.F.);
#6967=ORIENTED_EDGE('',*,*,#4981,.F.);
#6968=ORIENTED_EDGE('',*,*,#4984,.F.);
#6969=ORIENTED_EDGE('',*,*,#4987,.F.);
#6970=ORIENTED_EDGE('',*,*,#4990,.F.);
#6971=ORIENTED_EDGE('',*,*,#4993,.F.);
#6972=ORIENTED_EDGE('',*,*,#4996,.F.);
#6973=ORIENTED_EDGE('',*,*,#4999,.F.);
#6974=ORIENTED_EDGE('',*,*,#5002,.F.);
#6975=ORIENTED_EDGE('',*,*,#5005,.F.);
#6976=ORIENTED_EDGE('',*,*,#5008,.F.);
#6977=ORIENTED_EDGE('',*,*,#5011,.F.);
#6978=ORIENTED_EDGE('',*,*,#5014,.F.);
#6979=ORIENTED_EDGE('',*,*,#5017,.F.);
#6980=ORIENTED_EDGE('',*,*,#5020,.F.);
#6981=ORIENTED_EDGE('',*,*,#5021,.T.);
#6982=ORIENTED_EDGE('',*,*,#5022,.T.);
#6983=ORIENTED_EDGE('',*,*,#5023,.F.);
#6984=ORIENTED_EDGE('',*,*,#5024,.F.);
#6985=ORIENTED_EDGE('',*,*,#5025,.T.);
#6986=ORIENTED_EDGE('',*,*,#5026,.T.);
#6987=ORIENTED_EDGE('',*,*,#5021,.F.);
#6988=ORIENTED_EDGE('',*,*,#5027,.F.);
#6989=ORIENTED_EDGE('',*,*,#5028,.T.);
#6990=ORIENTED_EDGE('',*,*,#5029,.T.);
#6991=ORIENTED_EDGE('',*,*,#5025,.F.);
#6992=ORIENTED_EDGE('',*,*,#5030,.F.);
#6993=ORIENTED_EDGE('',*,*,#5031,.T.);
#6994=ORIENTED_EDGE('',*,*,#5032,.T.);
#6995=ORIENTED_EDGE('',*,*,#5028,.F.);
#6996=ORIENTED_EDGE('',*,*,#5033,.F.);
#6997=ORIENTED_EDGE('',*,*,#5034,.T.);
#6998=ORIENTED_EDGE('',*,*,#5035,.T.);
#6999=ORIENTED_EDGE('',*,*,#5031,.F.);
#7000=ORIENTED_EDGE('',*,*,#5036,.F.);
#7001=ORIENTED_EDGE('',*,*,#5037,.T.);
#7002=ORIENTED_EDGE('',*,*,#5038,.T.);
#7003=ORIENTED_EDGE('',*,*,#5034,.F.);
#7004=ORIENTED_EDGE('',*,*,#5039,.F.);
#7005=ORIENTED_EDGE('',*,*,#5040,.T.);
#7006=ORIENTED_EDGE('',*,*,#5041,.T.);
#7007=ORIENTED_EDGE('',*,*,#5037,.F.);
#7008=ORIENTED_EDGE('',*,*,#5042,.F.);
#7009=ORIENTED_EDGE('',*,*,#5043,.T.);
#7010=ORIENTED_EDGE('',*,*,#5044,.T.);
#7011=ORIENTED_EDGE('',*,*,#5040,.F.);
#7012=ORIENTED_EDGE('',*,*,#5045,.F.);
#7013=ORIENTED_EDGE('',*,*,#5023,.T.);
#7014=ORIENTED_EDGE('',*,*,#5046,.T.);
#7015=ORIENTED_EDGE('',*,*,#5043,.F.);
#7016=ORIENTED_EDGE('',*,*,#5047,.F.);
#7017=ORIENTED_EDGE('',*,*,#5048,.T.);
#7018=ORIENTED_EDGE('',*,*,#5049,.T.);
#7019=ORIENTED_EDGE('',*,*,#5050,.F.);
#7020=ORIENTED_EDGE('',*,*,#5051,.F.);
#7021=ORIENTED_EDGE('',*,*,#5052,.T.);
#7022=ORIENTED_EDGE('',*,*,#5053,.T.);
#7023=ORIENTED_EDGE('',*,*,#5048,.F.);
#7024=ORIENTED_EDGE('',*,*,#5054,.F.);
#7025=ORIENTED_EDGE('',*,*,#5055,.T.);
#7026=ORIENTED_EDGE('',*,*,#5056,.T.);
#7027=ORIENTED_EDGE('',*,*,#5052,.F.);
#7028=ORIENTED_EDGE('',*,*,#5057,.F.);
#7029=ORIENTED_EDGE('',*,*,#5058,.T.);
#7030=ORIENTED_EDGE('',*,*,#5059,.T.);
#7031=ORIENTED_EDGE('',*,*,#5055,.F.);
#7032=ORIENTED_EDGE('',*,*,#5060,.F.);
#7033=ORIENTED_EDGE('',*,*,#5061,.T.);
#7034=ORIENTED_EDGE('',*,*,#5062,.T.);
#7035=ORIENTED_EDGE('',*,*,#5058,.F.);
#7036=ORIENTED_EDGE('',*,*,#5063,.F.);
#7037=ORIENTED_EDGE('',*,*,#5064,.T.);
#7038=ORIENTED_EDGE('',*,*,#5065,.T.);
#7039=ORIENTED_EDGE('',*,*,#5061,.F.);
#7040=ORIENTED_EDGE('',*,*,#5066,.F.);
#7041=ORIENTED_EDGE('',*,*,#5067,.T.);
#7042=ORIENTED_EDGE('',*,*,#5068,.T.);
#7043=ORIENTED_EDGE('',*,*,#5064,.F.);
#7044=ORIENTED_EDGE('',*,*,#5069,.F.);
#7045=ORIENTED_EDGE('',*,*,#5070,.T.);
#7046=ORIENTED_EDGE('',*,*,#5071,.T.);
#7047=ORIENTED_EDGE('',*,*,#5067,.F.);
#7048=ORIENTED_EDGE('',*,*,#5072,.F.);
#7049=ORIENTED_EDGE('',*,*,#5050,.T.);
#7050=ORIENTED_EDGE('',*,*,#5073,.T.);
#7051=ORIENTED_EDGE('',*,*,#5070,.F.);
#7052=ORIENTED_EDGE('',*,*,#5073,.F.);
#7053=ORIENTED_EDGE('',*,*,#5049,.F.);
#7054=ORIENTED_EDGE('',*,*,#5053,.F.);
#7055=ORIENTED_EDGE('',*,*,#5056,.F.);
#7056=ORIENTED_EDGE('',*,*,#5059,.F.);
#7057=ORIENTED_EDGE('',*,*,#5062,.F.);
#7058=ORIENTED_EDGE('',*,*,#5065,.F.);
#7059=ORIENTED_EDGE('',*,*,#5068,.F.);
#7060=ORIENTED_EDGE('',*,*,#5071,.F.);
#7061=ORIENTED_EDGE('',*,*,#5046,.F.);
#7062=ORIENTED_EDGE('',*,*,#5022,.F.);
#7063=ORIENTED_EDGE('',*,*,#5026,.F.);
#7064=ORIENTED_EDGE('',*,*,#5029,.F.);
#7065=ORIENTED_EDGE('',*,*,#5032,.F.);
#7066=ORIENTED_EDGE('',*,*,#5035,.F.);
#7067=ORIENTED_EDGE('',*,*,#5038,.F.);
#7068=ORIENTED_EDGE('',*,*,#5041,.F.);
#7069=ORIENTED_EDGE('',*,*,#5044,.F.);
#7070=ORIENTED_EDGE('',*,*,#5074,.F.);
#7071=ORIENTED_EDGE('',*,*,#5075,.T.);
#7072=ORIENTED_EDGE('',*,*,#5076,.T.);
#7073=ORIENTED_EDGE('',*,*,#5077,.F.);
#7074=ORIENTED_EDGE('',*,*,#5078,.F.);
#7075=ORIENTED_EDGE('',*,*,#5079,.T.);
#7076=ORIENTED_EDGE('',*,*,#5080,.T.);
#7077=ORIENTED_EDGE('',*,*,#5075,.F.);
#7078=ORIENTED_EDGE('',*,*,#5081,.F.);
#7079=ORIENTED_EDGE('',*,*,#5082,.T.);
#7080=ORIENTED_EDGE('',*,*,#5083,.T.);
#7081=ORIENTED_EDGE('',*,*,#5079,.F.);
#7082=ORIENTED_EDGE('',*,*,#5084,.F.);
#7083=ORIENTED_EDGE('',*,*,#5077,.T.);
#7084=ORIENTED_EDGE('',*,*,#5085,.T.);
#7085=ORIENTED_EDGE('',*,*,#5082,.F.);
#7086=ORIENTED_EDGE('',*,*,#5085,.F.);
#7087=ORIENTED_EDGE('',*,*,#5076,.F.);
#7088=ORIENTED_EDGE('',*,*,#5080,.F.);
#7089=ORIENTED_EDGE('',*,*,#5083,.F.);
#7090=ORIENTED_EDGE('',*,*,#5020,.T.);
#7091=ORIENTED_EDGE('',*,*,#5045,.T.);
#7092=ORIENTED_EDGE('',*,*,#5042,.T.);
#7093=ORIENTED_EDGE('',*,*,#5039,.T.);
#7094=ORIENTED_EDGE('',*,*,#5036,.T.);
#7095=ORIENTED_EDGE('',*,*,#5033,.T.);
#7096=ORIENTED_EDGE('',*,*,#5030,.T.);
#7097=ORIENTED_EDGE('',*,*,#5027,.T.);
#7098=ORIENTED_EDGE('',*,*,#5024,.T.);
#7099=ORIENTED_EDGE('',*,*,#4663,.T.);
#7100=ORIENTED_EDGE('',*,*,#4691,.T.);
#7101=ORIENTED_EDGE('',*,*,#4688,.T.);
#7102=ORIENTED_EDGE('',*,*,#4685,.T.);
#7103=ORIENTED_EDGE('',*,*,#4682,.T.);
#7104=ORIENTED_EDGE('',*,*,#4679,.T.);
#7105=ORIENTED_EDGE('',*,*,#4676,.T.);
#7106=ORIENTED_EDGE('',*,*,#4673,.T.);
#7107=ORIENTED_EDGE('',*,*,#4670,.T.);
#7108=ORIENTED_EDGE('',*,*,#4667,.T.);
#7109=ORIENTED_EDGE('',*,*,#4600,.T.);
#7110=ORIENTED_EDGE('',*,*,#4616,.T.);
#7111=ORIENTED_EDGE('',*,*,#4613,.T.);
#7112=ORIENTED_EDGE('',*,*,#4610,.T.);
#7113=ORIENTED_EDGE('',*,*,#4607,.T.);
#7114=ORIENTED_EDGE('',*,*,#4604,.T.);
#7115=ORIENTED_EDGE('',*,*,#4531,.T.);
#7116=ORIENTED_EDGE('',*,*,#4556,.T.);
#7117=ORIENTED_EDGE('',*,*,#4553,.T.);
#7118=ORIENTED_EDGE('',*,*,#4550,.T.);
#7119=ORIENTED_EDGE('',*,*,#4547,.T.);
#7120=ORIENTED_EDGE('',*,*,#4544,.T.);
#7121=ORIENTED_EDGE('',*,*,#4541,.T.);
#7122=ORIENTED_EDGE('',*,*,#4538,.T.);
#7123=ORIENTED_EDGE('',*,*,#4535,.T.);
#7124=ORIENTED_EDGE('',*,*,#4453,.T.);
#7125=ORIENTED_EDGE('',*,*,#4481,.T.);
#7126=ORIENTED_EDGE('',*,*,#4478,.T.);
#7127=ORIENTED_EDGE('',*,*,#4475,.T.);
#7128=ORIENTED_EDGE('',*,*,#4472,.T.);
#7129=ORIENTED_EDGE('',*,*,#4469,.T.);
#7130=ORIENTED_EDGE('',*,*,#4466,.T.);
#7131=ORIENTED_EDGE('',*,*,#4463,.T.);
#7132=ORIENTED_EDGE('',*,*,#4460,.T.);
#7133=ORIENTED_EDGE('',*,*,#4457,.T.);
#7134=ORIENTED_EDGE('',*,*,#4300,.T.);
#7135=ORIENTED_EDGE('',*,*,#4353,.T.);
#7136=ORIENTED_EDGE('',*,*,#4391,.T.);
#7137=ORIENTED_EDGE('',*,*,#4204,.T.);
#7138=ORIENTED_EDGE('',*,*,#4229,.T.);
#7139=ORIENTED_EDGE('',*,*,#4226,.T.);
#7140=ORIENTED_EDGE('',*,*,#4223,.T.);
#7141=ORIENTED_EDGE('',*,*,#4220,.T.);
#7142=ORIENTED_EDGE('',*,*,#4217,.T.);
#7143=ORIENTED_EDGE('',*,*,#4214,.T.);
#7144=ORIENTED_EDGE('',*,*,#4211,.T.);
#7145=ORIENTED_EDGE('',*,*,#4208,.T.);
#7146=ORIENTED_EDGE('',*,*,#3910,.T.);
#7147=ORIENTED_EDGE('',*,*,#3935,.T.);
#7148=ORIENTED_EDGE('',*,*,#3932,.T.);
#7149=ORIENTED_EDGE('',*,*,#3929,.T.);
#7150=ORIENTED_EDGE('',*,*,#3926,.T.);
#7151=ORIENTED_EDGE('',*,*,#3923,.T.);
#7152=ORIENTED_EDGE('',*,*,#3920,.T.);
#7153=ORIENTED_EDGE('',*,*,#3917,.T.);
#7154=ORIENTED_EDGE('',*,*,#3914,.T.);
#7155=ORIENTED_EDGE('',*,*,#5086,.F.);
#7156=ORIENTED_EDGE('',*,*,#5087,.T.);
#7157=ORIENTED_EDGE('',*,*,#5088,.F.);
#7158=ORIENTED_EDGE('',*,*,#5089,.F.);
#7159=ORIENTED_EDGE('',*,*,#5090,.T.);
#7160=ORIENTED_EDGE('',*,*,#5089,.T.);
#7161=ORIENTED_EDGE('',*,*,#5091,.F.);
#7162=ORIENTED_EDGE('',*,*,#5092,.F.);
#7163=ORIENTED_EDGE('',*,*,#5093,.F.);
#7164=ORIENTED_EDGE('',*,*,#5092,.T.);
#7165=ORIENTED_EDGE('',*,*,#5094,.F.);
#7166=ORIENTED_EDGE('',*,*,#5095,.F.);
#7167=ORIENTED_EDGE('',*,*,#5096,.T.);
#7168=ORIENTED_EDGE('',*,*,#5095,.T.);
#7169=ORIENTED_EDGE('',*,*,#5097,.F.);
#7170=ORIENTED_EDGE('',*,*,#5098,.F.);
#7171=ORIENTED_EDGE('',*,*,#5099,.F.);
#7172=ORIENTED_EDGE('',*,*,#5098,.T.);
#7173=ORIENTED_EDGE('',*,*,#5100,.F.);
#7174=ORIENTED_EDGE('',*,*,#5101,.F.);
#7175=ORIENTED_EDGE('',*,*,#5102,.T.);
#7176=ORIENTED_EDGE('',*,*,#5101,.T.);
#7177=ORIENTED_EDGE('',*,*,#5103,.F.);
#7178=ORIENTED_EDGE('',*,*,#5104,.F.);
#7179=ORIENTED_EDGE('',*,*,#5105,.F.);
#7180=ORIENTED_EDGE('',*,*,#5104,.T.);
#7181=ORIENTED_EDGE('',*,*,#5106,.F.);
#7182=ORIENTED_EDGE('',*,*,#5107,.F.);
#7183=ORIENTED_EDGE('',*,*,#5108,.T.);
#7184=ORIENTED_EDGE('',*,*,#5107,.T.);
#7185=ORIENTED_EDGE('',*,*,#5109,.F.);
#7186=ORIENTED_EDGE('',*,*,#5087,.F.);
#7187=ORIENTED_EDGE('',*,*,#5109,.T.);
#7188=ORIENTED_EDGE('',*,*,#5106,.T.);
#7189=ORIENTED_EDGE('',*,*,#5103,.T.);
#7190=ORIENTED_EDGE('',*,*,#5100,.T.);
#7191=ORIENTED_EDGE('',*,*,#5097,.T.);
#7192=ORIENTED_EDGE('',*,*,#5094,.T.);
#7193=ORIENTED_EDGE('',*,*,#5091,.T.);
#7194=ORIENTED_EDGE('',*,*,#5088,.T.);
#7195=ORIENTED_EDGE('',*,*,#5074,.T.);
#7196=ORIENTED_EDGE('',*,*,#5084,.T.);
#7197=ORIENTED_EDGE('',*,*,#5081,.T.);
#7198=ORIENTED_EDGE('',*,*,#5078,.T.);
#7199=ORIENTED_EDGE('',*,*,#5047,.T.);
#7200=ORIENTED_EDGE('',*,*,#5072,.T.);
#7201=ORIENTED_EDGE('',*,*,#5069,.T.);
#7202=ORIENTED_EDGE('',*,*,#5066,.T.);
#7203=ORIENTED_EDGE('',*,*,#5063,.T.);
#7204=ORIENTED_EDGE('',*,*,#5060,.T.);
#7205=ORIENTED_EDGE('',*,*,#5057,.T.);
#7206=ORIENTED_EDGE('',*,*,#5054,.T.);
#7207=ORIENTED_EDGE('',*,*,#5051,.T.);
#7208=ORIENTED_EDGE('',*,*,#4960,.T.);
#7209=ORIENTED_EDGE('',*,*,#5018,.T.);
#7210=ORIENTED_EDGE('',*,*,#5015,.T.);
#7211=ORIENTED_EDGE('',*,*,#5012,.T.);
#7212=ORIENTED_EDGE('',*,*,#5009,.T.);
#7213=ORIENTED_EDGE('',*,*,#5006,.T.);
#7214=ORIENTED_EDGE('',*,*,#5003,.T.);
#7215=ORIENTED_EDGE('',*,*,#5000,.T.);
#7216=ORIENTED_EDGE('',*,*,#4997,.T.);
#7217=ORIENTED_EDGE('',*,*,#4994,.T.);
#7218=ORIENTED_EDGE('',*,*,#4991,.T.);
#7219=ORIENTED_EDGE('',*,*,#4988,.T.);
#7220=ORIENTED_EDGE('',*,*,#4985,.T.);
#7221=ORIENTED_EDGE('',*,*,#4982,.T.);
#7222=ORIENTED_EDGE('',*,*,#4979,.T.);
#7223=ORIENTED_EDGE('',*,*,#4976,.T.);
#7224=ORIENTED_EDGE('',*,*,#4973,.T.);
#7225=ORIENTED_EDGE('',*,*,#4970,.T.);
#7226=ORIENTED_EDGE('',*,*,#4967,.T.);
#7227=ORIENTED_EDGE('',*,*,#4964,.T.);
#7228=ORIENTED_EDGE('',*,*,#4867,.T.);
#7229=ORIENTED_EDGE('',*,*,#4958,.T.);
#7230=ORIENTED_EDGE('',*,*,#4955,.T.);
#7231=ORIENTED_EDGE('',*,*,#4952,.T.);
#7232=ORIENTED_EDGE('',*,*,#4949,.T.);
#7233=ORIENTED_EDGE('',*,*,#4946,.T.);
#7234=ORIENTED_EDGE('',*,*,#4943,.T.);
#7235=ORIENTED_EDGE('',*,*,#4940,.T.);
#7236=ORIENTED_EDGE('',*,*,#4937,.T.);
#7237=ORIENTED_EDGE('',*,*,#4934,.T.);
#7238=ORIENTED_EDGE('',*,*,#4931,.T.);
#7239=ORIENTED_EDGE('',*,*,#4928,.T.);
#7240=ORIENTED_EDGE('',*,*,#4925,.T.);
#7241=ORIENTED_EDGE('',*,*,#4922,.T.);
#7242=ORIENTED_EDGE('',*,*,#4919,.T.);
#7243=ORIENTED_EDGE('',*,*,#4916,.T.);
#7244=ORIENTED_EDGE('',*,*,#4913,.T.);
#7245=ORIENTED_EDGE('',*,*,#4910,.T.);
#7246=ORIENTED_EDGE('',*,*,#4907,.T.);
#7247=ORIENTED_EDGE('',*,*,#4904,.T.);
#7248=ORIENTED_EDGE('',*,*,#4901,.T.);
#7249=ORIENTED_EDGE('',*,*,#4898,.T.);
#7250=ORIENTED_EDGE('',*,*,#4895,.T.);
#7251=ORIENTED_EDGE('',*,*,#4892,.T.);
#7252=ORIENTED_EDGE('',*,*,#4889,.T.);
#7253=ORIENTED_EDGE('',*,*,#4886,.T.);
#7254=ORIENTED_EDGE('',*,*,#4883,.T.);
#7255=ORIENTED_EDGE('',*,*,#4880,.T.);
#7256=ORIENTED_EDGE('',*,*,#4877,.T.);
#7257=ORIENTED_EDGE('',*,*,#4874,.T.);
#7258=ORIENTED_EDGE('',*,*,#4871,.T.);
#7259=ORIENTED_EDGE('',*,*,#4840,.T.);
#7260=ORIENTED_EDGE('',*,*,#4865,.T.);
#7261=ORIENTED_EDGE('',*,*,#4862,.T.);
#7262=ORIENTED_EDGE('',*,*,#4859,.T.);
#7263=ORIENTED_EDGE('',*,*,#4856,.T.);
#7264=ORIENTED_EDGE('',*,*,#4853,.T.);
#7265=ORIENTED_EDGE('',*,*,#4850,.T.);
#7266=ORIENTED_EDGE('',*,*,#4847,.T.);
#7267=ORIENTED_EDGE('',*,*,#4844,.T.);
#7268=ORIENTED_EDGE('',*,*,#4753,.T.);
#7269=ORIENTED_EDGE('',*,*,#4838,.T.);
#7270=ORIENTED_EDGE('',*,*,#4835,.T.);
#7271=ORIENTED_EDGE('',*,*,#4832,.T.);
#7272=ORIENTED_EDGE('',*,*,#4829,.T.);
#7273=ORIENTED_EDGE('',*,*,#4826,.T.);
#7274=ORIENTED_EDGE('',*,*,#4823,.T.);
#7275=ORIENTED_EDGE('',*,*,#4820,.T.);
#7276=ORIENTED_EDGE('',*,*,#4817,.T.);
#7277=ORIENTED_EDGE('',*,*,#4814,.T.);
#7278=ORIENTED_EDGE('',*,*,#4811,.T.);
#7279=ORIENTED_EDGE('',*,*,#4808,.T.);
#7280=ORIENTED_EDGE('',*,*,#4805,.T.);
#7281=ORIENTED_EDGE('',*,*,#4802,.T.);
#7282=ORIENTED_EDGE('',*,*,#4799,.T.);
#7283=ORIENTED_EDGE('',*,*,#4796,.T.);
#7284=ORIENTED_EDGE('',*,*,#4793,.T.);
#7285=ORIENTED_EDGE('',*,*,#4790,.T.);
#7286=ORIENTED_EDGE('',*,*,#4787,.T.);
#7287=ORIENTED_EDGE('',*,*,#4784,.T.);
#7288=ORIENTED_EDGE('',*,*,#4781,.T.);
#7289=ORIENTED_EDGE('',*,*,#4778,.T.);
#7290=ORIENTED_EDGE('',*,*,#4775,.T.);
#7291=ORIENTED_EDGE('',*,*,#4772,.T.);
#7292=ORIENTED_EDGE('',*,*,#4769,.T.);
#7293=ORIENTED_EDGE('',*,*,#4766,.T.);
#7294=ORIENTED_EDGE('',*,*,#4763,.T.);
#7295=ORIENTED_EDGE('',*,*,#4760,.T.);
#7296=ORIENTED_EDGE('',*,*,#4757,.T.);
#7297=ORIENTED_EDGE('',*,*,#4723,.T.);
#7298=ORIENTED_EDGE('',*,*,#4751,.T.);
#7299=ORIENTED_EDGE('',*,*,#4748,.T.);
#7300=ORIENTED_EDGE('',*,*,#4745,.T.);
#7301=ORIENTED_EDGE('',*,*,#4742,.T.);
#7302=ORIENTED_EDGE('',*,*,#4739,.T.);
#7303=ORIENTED_EDGE('',*,*,#4736,.T.);
#7304=ORIENTED_EDGE('',*,*,#4733,.T.);
#7305=ORIENTED_EDGE('',*,*,#4730,.T.);
#7306=ORIENTED_EDGE('',*,*,#4727,.T.);
#7307=ORIENTED_EDGE('',*,*,#4693,.T.);
#7308=ORIENTED_EDGE('',*,*,#4721,.T.);
#7309=ORIENTED_EDGE('',*,*,#4718,.T.);
#7310=ORIENTED_EDGE('',*,*,#4715,.T.);
#7311=ORIENTED_EDGE('',*,*,#4712,.T.);
#7312=ORIENTED_EDGE('',*,*,#4709,.T.);
#7313=ORIENTED_EDGE('',*,*,#4706,.T.);
#7314=ORIENTED_EDGE('',*,*,#4703,.T.);
#7315=ORIENTED_EDGE('',*,*,#4700,.T.);
#7316=ORIENTED_EDGE('',*,*,#4697,.T.);
#7317=ORIENTED_EDGE('',*,*,#4618,.T.);
#7318=ORIENTED_EDGE('',*,*,#4661,.T.);
#7319=ORIENTED_EDGE('',*,*,#4658,.T.);
#7320=ORIENTED_EDGE('',*,*,#4655,.T.);
#7321=ORIENTED_EDGE('',*,*,#4652,.T.);
#7322=ORIENTED_EDGE('',*,*,#4649,.T.);
#7323=ORIENTED_EDGE('',*,*,#4646,.T.);
#7324=ORIENTED_EDGE('',*,*,#4643,.T.);
#7325=ORIENTED_EDGE('',*,*,#4640,.T.);
#7326=ORIENTED_EDGE('',*,*,#4637,.T.);
#7327=ORIENTED_EDGE('',*,*,#4634,.T.);
#7328=ORIENTED_EDGE('',*,*,#4631,.T.);
#7329=ORIENTED_EDGE('',*,*,#4628,.T.);
#7330=ORIENTED_EDGE('',*,*,#4625,.T.);
#7331=ORIENTED_EDGE('',*,*,#4622,.T.);
#7332=ORIENTED_EDGE('',*,*,#4558,.T.);
#7333=ORIENTED_EDGE('',*,*,#4598,.T.);
#7334=ORIENTED_EDGE('',*,*,#4595,.T.);
#7335=ORIENTED_EDGE('',*,*,#4592,.T.);
#7336=ORIENTED_EDGE('',*,*,#4589,.T.);
#7337=ORIENTED_EDGE('',*,*,#4586,.T.);
#7338=ORIENTED_EDGE('',*,*,#4583,.T.);
#7339=ORIENTED_EDGE('',*,*,#4580,.T.);
#7340=ORIENTED_EDGE('',*,*,#4577,.T.);
#7341=ORIENTED_EDGE('',*,*,#4574,.T.);
#7342=ORIENTED_EDGE('',*,*,#4571,.T.);
#7343=ORIENTED_EDGE('',*,*,#4568,.T.);
#7344=ORIENTED_EDGE('',*,*,#4565,.T.);
#7345=ORIENTED_EDGE('',*,*,#4562,.T.);
#7346=ORIENTED_EDGE('',*,*,#4519,.T.);
#7347=ORIENTED_EDGE('',*,*,#4529,.T.);
#7348=ORIENTED_EDGE('',*,*,#4526,.T.);
#7349=ORIENTED_EDGE('',*,*,#4523,.T.);
#7350=ORIENTED_EDGE('',*,*,#4483,.T.);
#7351=ORIENTED_EDGE('',*,*,#4517,.T.);
#7352=ORIENTED_EDGE('',*,*,#4514,.T.);
#7353=ORIENTED_EDGE('',*,*,#4511,.T.);
#7354=ORIENTED_EDGE('',*,*,#4508,.T.);
#7355=ORIENTED_EDGE('',*,*,#4505,.T.);
#7356=ORIENTED_EDGE('',*,*,#4502,.T.);
#7357=ORIENTED_EDGE('',*,*,#4499,.T.);
#7358=ORIENTED_EDGE('',*,*,#4496,.T.);
#7359=ORIENTED_EDGE('',*,*,#4493,.T.);
#7360=ORIENTED_EDGE('',*,*,#4490,.T.);
#7361=ORIENTED_EDGE('',*,*,#4487,.T.);
#7362=ORIENTED_EDGE('',*,*,#4393,.T.);
#7363=ORIENTED_EDGE('',*,*,#4451,.T.);
#7364=ORIENTED_EDGE('',*,*,#4448,.T.);
#7365=ORIENTED_EDGE('',*,*,#4445,.T.);
#7366=ORIENTED_EDGE('',*,*,#4442,.T.);
#7367=ORIENTED_EDGE('',*,*,#4439,.T.);
#7368=ORIENTED_EDGE('',*,*,#4436,.T.);
#7369=ORIENTED_EDGE('',*,*,#4433,.T.);
#7370=ORIENTED_EDGE('',*,*,#4430,.T.);
#7371=ORIENTED_EDGE('',*,*,#4427,.T.);
#7372=ORIENTED_EDGE('',*,*,#4424,.T.);
#7373=ORIENTED_EDGE('',*,*,#4421,.T.);
#7374=ORIENTED_EDGE('',*,*,#4418,.T.);
#7375=ORIENTED_EDGE('',*,*,#4415,.T.);
#7376=ORIENTED_EDGE('',*,*,#4412,.T.);
#7377=ORIENTED_EDGE('',*,*,#4409,.T.);
#7378=ORIENTED_EDGE('',*,*,#4406,.T.);
#7379=ORIENTED_EDGE('',*,*,#4403,.T.);
#7380=ORIENTED_EDGE('',*,*,#4400,.T.);
#7381=ORIENTED_EDGE('',*,*,#4397,.T.);
#7382=ORIENTED_EDGE('',*,*,#4350,.T.);
#7383=ORIENTED_EDGE('',*,*,#4347,.T.);
#7384=ORIENTED_EDGE('',*,*,#4344,.T.);
#7385=ORIENTED_EDGE('',*,*,#4341,.T.);
#7386=ORIENTED_EDGE('',*,*,#4338,.T.);
#7387=ORIENTED_EDGE('',*,*,#4335,.T.);
#7388=ORIENTED_EDGE('',*,*,#4332,.T.);
#7389=ORIENTED_EDGE('',*,*,#4329,.T.);
#7390=ORIENTED_EDGE('',*,*,#4326,.T.);
#7391=ORIENTED_EDGE('',*,*,#4323,.T.);
#7392=ORIENTED_EDGE('',*,*,#4320,.T.);
#7393=ORIENTED_EDGE('',*,*,#4317,.T.);
#7394=ORIENTED_EDGE('',*,*,#4314,.T.);
#7395=ORIENTED_EDGE('',*,*,#4311,.T.);
#7396=ORIENTED_EDGE('',*,*,#4308,.T.);
#7397=ORIENTED_EDGE('',*,*,#4304,.T.);
#7398=ORIENTED_EDGE('',*,*,#4389,.T.);
#7399=ORIENTED_EDGE('',*,*,#4386,.T.);
#7400=ORIENTED_EDGE('',*,*,#4383,.T.);
#7401=ORIENTED_EDGE('',*,*,#4380,.T.);
#7402=ORIENTED_EDGE('',*,*,#4377,.T.);
#7403=ORIENTED_EDGE('',*,*,#4374,.T.);
#7404=ORIENTED_EDGE('',*,*,#4371,.T.);
#7405=ORIENTED_EDGE('',*,*,#4368,.T.);
#7406=ORIENTED_EDGE('',*,*,#4365,.T.);
#7407=ORIENTED_EDGE('',*,*,#4362,.T.);
#7408=ORIENTED_EDGE('',*,*,#4359,.T.);
#7409=ORIENTED_EDGE('',*,*,#4356,.T.);
#7410=ORIENTED_EDGE('',*,*,#4231,.T.);
#7411=ORIENTED_EDGE('',*,*,#4298,.T.);
#7412=ORIENTED_EDGE('',*,*,#4295,.T.);
#7413=ORIENTED_EDGE('',*,*,#4292,.T.);
#7414=ORIENTED_EDGE('',*,*,#4289,.T.);
#7415=ORIENTED_EDGE('',*,*,#4286,.T.);
#7416=ORIENTED_EDGE('',*,*,#4283,.T.);
#7417=ORIENTED_EDGE('',*,*,#4280,.T.);
#7418=ORIENTED_EDGE('',*,*,#4277,.T.);
#7419=ORIENTED_EDGE('',*,*,#4274,.T.);
#7420=ORIENTED_EDGE('',*,*,#4271,.T.);
#7421=ORIENTED_EDGE('',*,*,#4268,.T.);
#7422=ORIENTED_EDGE('',*,*,#4265,.T.);
#7423=ORIENTED_EDGE('',*,*,#4262,.T.);
#7424=ORIENTED_EDGE('',*,*,#4259,.T.);
#7425=ORIENTED_EDGE('',*,*,#4256,.T.);
#7426=ORIENTED_EDGE('',*,*,#4253,.T.);
#7427=ORIENTED_EDGE('',*,*,#4250,.T.);
#7428=ORIENTED_EDGE('',*,*,#4247,.T.);
#7429=ORIENTED_EDGE('',*,*,#4244,.T.);
#7430=ORIENTED_EDGE('',*,*,#4241,.T.);
#7431=ORIENTED_EDGE('',*,*,#4238,.T.);
#7432=ORIENTED_EDGE('',*,*,#4235,.T.);
#7433=ORIENTED_EDGE('',*,*,#4180,.T.);
#7434=ORIENTED_EDGE('',*,*,#4202,.T.);
#7435=ORIENTED_EDGE('',*,*,#4199,.T.);
#7436=ORIENTED_EDGE('',*,*,#4196,.T.);
#7437=ORIENTED_EDGE('',*,*,#4193,.T.);
#7438=ORIENTED_EDGE('',*,*,#4190,.T.);
#7439=ORIENTED_EDGE('',*,*,#4187,.T.);
#7440=ORIENTED_EDGE('',*,*,#4184,.T.);
#7441=ORIENTED_EDGE('',*,*,#4144,.T.);
#7442=ORIENTED_EDGE('',*,*,#4178,.T.);
#7443=ORIENTED_EDGE('',*,*,#4175,.T.);
#7444=ORIENTED_EDGE('',*,*,#4172,.T.);
#7445=ORIENTED_EDGE('',*,*,#4169,.T.);
#7446=ORIENTED_EDGE('',*,*,#4166,.T.);
#7447=ORIENTED_EDGE('',*,*,#4163,.T.);
#7448=ORIENTED_EDGE('',*,*,#4160,.T.);
#7449=ORIENTED_EDGE('',*,*,#4157,.T.);
#7450=ORIENTED_EDGE('',*,*,#4154,.T.);
#7451=ORIENTED_EDGE('',*,*,#4151,.T.);
#7452=ORIENTED_EDGE('',*,*,#4148,.T.);
#7453=ORIENTED_EDGE('',*,*,#4132,.T.);
#7454=ORIENTED_EDGE('',*,*,#4142,.T.);
#7455=ORIENTED_EDGE('',*,*,#4139,.T.);
#7456=ORIENTED_EDGE('',*,*,#4136,.T.);
#7457=ORIENTED_EDGE('',*,*,#4063,.T.);
#7458=ORIENTED_EDGE('',*,*,#4130,.T.);
#7459=ORIENTED_EDGE('',*,*,#4127,.T.);
#7460=ORIENTED_EDGE('',*,*,#4124,.T.);
#7461=ORIENTED_EDGE('',*,*,#4121,.T.);
#7462=ORIENTED_EDGE('',*,*,#4118,.T.);
#7463=ORIENTED_EDGE('',*,*,#4115,.T.);
#7464=ORIENTED_EDGE('',*,*,#4112,.T.);
#7465=ORIENTED_EDGE('',*,*,#4109,.T.);
#7466=ORIENTED_EDGE('',*,*,#4106,.T.);
#7467=ORIENTED_EDGE('',*,*,#4103,.T.);
#7468=ORIENTED_EDGE('',*,*,#4100,.T.);
#7469=ORIENTED_EDGE('',*,*,#4097,.T.);
#7470=ORIENTED_EDGE('',*,*,#4094,.T.);
#7471=ORIENTED_EDGE('',*,*,#4091,.T.);
#7472=ORIENTED_EDGE('',*,*,#4088,.T.);
#7473=ORIENTED_EDGE('',*,*,#4085,.T.);
#7474=ORIENTED_EDGE('',*,*,#4082,.T.);
#7475=ORIENTED_EDGE('',*,*,#4079,.T.);
#7476=ORIENTED_EDGE('',*,*,#4076,.T.);
#7477=ORIENTED_EDGE('',*,*,#4073,.T.);
#7478=ORIENTED_EDGE('',*,*,#4070,.T.);
#7479=ORIENTED_EDGE('',*,*,#4067,.T.);
#7480=ORIENTED_EDGE('',*,*,#4006,.T.);
#7481=ORIENTED_EDGE('',*,*,#4061,.T.);
#7482=ORIENTED_EDGE('',*,*,#4058,.T.);
#7483=ORIENTED_EDGE('',*,*,#4055,.T.);
#7484=ORIENTED_EDGE('',*,*,#4052,.T.);
#7485=ORIENTED_EDGE('',*,*,#4049,.T.);
#7486=ORIENTED_EDGE('',*,*,#4046,.T.);
#7487=ORIENTED_EDGE('',*,*,#4043,.T.);
#7488=ORIENTED_EDGE('',*,*,#4040,.T.);
#7489=ORIENTED_EDGE('',*,*,#4037,.T.);
#7490=ORIENTED_EDGE('',*,*,#4034,.T.);
#7491=ORIENTED_EDGE('',*,*,#4031,.T.);
#7492=ORIENTED_EDGE('',*,*,#4028,.T.);
#7493=ORIENTED_EDGE('',*,*,#4025,.T.);
#7494=ORIENTED_EDGE('',*,*,#4022,.T.);
#7495=ORIENTED_EDGE('',*,*,#4019,.T.);
#7496=ORIENTED_EDGE('',*,*,#4016,.T.);
#7497=ORIENTED_EDGE('',*,*,#4013,.T.);
#7498=ORIENTED_EDGE('',*,*,#4010,.T.);
#7499=ORIENTED_EDGE('',*,*,#3937,.T.);
#7500=ORIENTED_EDGE('',*,*,#4004,.T.);
#7501=ORIENTED_EDGE('',*,*,#4001,.T.);
#7502=ORIENTED_EDGE('',*,*,#3998,.T.);
#7503=ORIENTED_EDGE('',*,*,#3995,.T.);
#7504=ORIENTED_EDGE('',*,*,#3992,.T.);
#7505=ORIENTED_EDGE('',*,*,#3989,.T.);
#7506=ORIENTED_EDGE('',*,*,#3986,.T.);
#7507=ORIENTED_EDGE('',*,*,#3983,.T.);
#7508=ORIENTED_EDGE('',*,*,#3980,.T.);
#7509=ORIENTED_EDGE('',*,*,#3977,.T.);
#7510=ORIENTED_EDGE('',*,*,#3974,.T.);
#7511=ORIENTED_EDGE('',*,*,#3971,.T.);
#7512=ORIENTED_EDGE('',*,*,#3968,.T.);
#7513=ORIENTED_EDGE('',*,*,#3965,.T.);
#7514=ORIENTED_EDGE('',*,*,#3962,.T.);
#7515=ORIENTED_EDGE('',*,*,#3959,.T.);
#7516=ORIENTED_EDGE('',*,*,#3956,.T.);
#7517=ORIENTED_EDGE('',*,*,#3953,.T.);
#7518=ORIENTED_EDGE('',*,*,#3950,.T.);
#7519=ORIENTED_EDGE('',*,*,#3947,.T.);
#7520=ORIENTED_EDGE('',*,*,#3944,.T.);
#7521=ORIENTED_EDGE('',*,*,#3941,.T.);
#7522=ORIENTED_EDGE('',*,*,#3898,.T.);
#7523=ORIENTED_EDGE('',*,*,#3908,.T.);
#7524=ORIENTED_EDGE('',*,*,#3905,.T.);
#7525=ORIENTED_EDGE('',*,*,#3902,.T.);
#7526=ORIENTED_EDGE('',*,*,#5108,.F.);
#7527=ORIENTED_EDGE('',*,*,#5086,.T.);
#7528=ORIENTED_EDGE('',*,*,#5090,.F.);
#7529=ORIENTED_EDGE('',*,*,#5093,.T.);
#7530=ORIENTED_EDGE('',*,*,#5096,.F.);
#7531=ORIENTED_EDGE('',*,*,#5099,.T.);
#7532=ORIENTED_EDGE('',*,*,#5102,.F.);
#7533=ORIENTED_EDGE('',*,*,#5105,.T.);
#7534=PLANE('',#8145);
#7535=PLANE('',#8146);
#7536=PLANE('',#8147);
#7537=PLANE('',#8148);
#7538=PLANE('',#8149);
#7539=PLANE('',#8150);
#7540=PLANE('',#8151);
#7541=PLANE('',#8152);
#7542=PLANE('',#8153);
#7543=PLANE('',#8154);
#7544=PLANE('',#8155);
#7545=PLANE('',#8156);
#7546=PLANE('',#8157);
#7547=PLANE('',#8158);
#7548=PLANE('',#8159);
#7549=PLANE('',#8160);
#7550=PLANE('',#8161);
#7551=PLANE('',#8162);
#7552=PLANE('',#8163);
#7553=PLANE('',#8164);
#7554=PLANE('',#8165);
#7555=PLANE('',#8166);
#7556=PLANE('',#8167);
#7557=PLANE('',#8168);
#7558=PLANE('',#8169);
#7559=PLANE('',#8170);
#7560=PLANE('',#8171);
#7561=PLANE('',#8172);
#7562=PLANE('',#8173);
#7563=PLANE('',#8174);
#7564=PLANE('',#8175);
#7565=PLANE('',#8176);
#7566=PLANE('',#8177);
#7567=PLANE('',#8178);
#7568=PLANE('',#8179);
#7569=PLANE('',#8180);
#7570=PLANE('',#8181);
#7571=PLANE('',#8182);
#7572=PLANE('',#8183);
#7573=PLANE('',#8184);
#7574=PLANE('',#8185);
#7575=PLANE('',#8186);
#7576=PLANE('',#8187);
#7577=PLANE('',#8188);
#7578=PLANE('',#8189);
#7579=PLANE('',#8190);
#7580=PLANE('',#8191);
#7581=PLANE('',#8192);
#7582=PLANE('',#8193);
#7583=PLANE('',#8194);
#7584=PLANE('',#8195);
#7585=PLANE('',#8196);
#7586=PLANE('',#8197);
#7587=PLANE('',#8198);
#7588=PLANE('',#8199);
#7589=PLANE('',#8200);
#7590=PLANE('',#8201);
#7591=PLANE('',#8202);
#7592=PLANE('',#8203);
#7593=PLANE('',#8204);
#7594=PLANE('',#8205);
#7595=PLANE('',#8206);
#7596=PLANE('',#8207);
#7597=PLANE('',#8208);
#7598=PLANE('',#8209);
#7599=PLANE('',#8210);
#7600=PLANE('',#8211);
#7601=PLANE('',#8212);
#7602=PLANE('',#8213);
#7603=PLANE('',#8214);
#7604=PLANE('',#8215);
#7605=PLANE('',#8216);
#7606=PLANE('',#8217);
#7607=PLANE('',#8218);
#7608=PLANE('',#8219);
#7609=PLANE('',#8220);
#7610=PLANE('',#8221);
#7611=PLANE('',#8222);
#7612=PLANE('',#8223);
#7613=PLANE('',#8224);
#7614=PLANE('',#8225);
#7615=PLANE('',#8226);
#7616=PLANE('',#8227);
#7617=PLANE('',#8228);
#7618=PLANE('',#8229);
#7619=PLANE('',#8230);
#7620=PLANE('',#8231);
#7621=PLANE('',#8232);
#7622=PLANE('',#8233);
#7623=PLANE('',#8234);
#7624=PLANE('',#8235);
#7625=PLANE('',#8236);
#7626=PLANE('',#8237);
#7627=PLANE('',#8238);
#7628=PLANE('',#8239);
#7629=PLANE('',#8240);
#7630=PLANE('',#8241);
#7631=PLANE('',#8242);
#7632=PLANE('',#8243);
#7633=PLANE('',#8244);
#7634=PLANE('',#8245);
#7635=PLANE('',#8246);
#7636=PLANE('',#8247);
#7637=PLANE('',#8248);
#7638=PLANE('',#8249);
#7639=PLANE('',#8250);
#7640=PLANE('',#8251);
#7641=PLANE('',#8252);
#7642=PLANE('',#8253);
#7643=PLANE('',#8254);
#7644=PLANE('',#8255);
#7645=PLANE('',#8256);
#7646=PLANE('',#8257);
#7647=PLANE('',#8258);
#7648=PLANE('',#8259);
#7649=PLANE('',#8260);
#7650=PLANE('',#8261);
#7651=PLANE('',#8262);
#7652=PLANE('',#8263);
#7653=PLANE('',#8264);
#7654=PLANE('',#8265);
#7655=PLANE('',#8266);
#7656=PLANE('',#8267);
#7657=PLANE('',#8268);
#7658=PLANE('',#8269);
#7659=PLANE('',#8270);
#7660=PLANE('',#8271);
#7661=PLANE('',#8272);
#7662=PLANE('',#8273);
#7663=PLANE('',#8274);
#7664=PLANE('',#8275);
#7665=PLANE('',#8276);
#7666=PLANE('',#8277);
#7667=PLANE('',#8278);
#7668=PLANE('',#8279);
#7669=PLANE('',#8280);
#7670=PLANE('',#8281);
#7671=PLANE('',#8282);
#7672=PLANE('',#8283);
#7673=PLANE('',#8284);
#7674=PLANE('',#8285);
#7675=PLANE('',#8286);
#7676=PLANE('',#8287);
#7677=PLANE('',#8288);
#7678=PLANE('',#8289);
#7679=PLANE('',#8290);
#7680=PLANE('',#8291);
#7681=PLANE('',#8292);
#7682=PLANE('',#8293);
#7683=PLANE('',#8294);
#7684=PLANE('',#8295);
#7685=PLANE('',#8296);
#7686=PLANE('',#8297);
#7687=PLANE('',#8298);
#7688=PLANE('',#8299);
#7689=PLANE('',#8303);
#7690=PLANE('',#8307);
#7691=PLANE('',#8311);
#7692=PLANE('',#8315);
#7693=PLANE('',#8316);
#7694=ADVANCED_FACE('',(#875),#7534,.F.);
#7695=ADVANCED_FACE('',(#876),#7535,.F.);
#7696=ADVANCED_FACE('',(#877),#7536,.F.);
#7697=ADVANCED_FACE('',(#878),#7537,.F.);
#7698=ADVANCED_FACE('',(#879),#7538,.F.);
#7699=ADVANCED_FACE('',(#880),#602,.F.);
#7700=ADVANCED_FACE('',(#881),#603,.F.);
#7701=ADVANCED_FACE('',(#882),#604,.F.);
#7702=ADVANCED_FACE('',(#883),#605,.F.);
#7703=ADVANCED_FACE('',(#884),#606,.F.);
#7704=ADVANCED_FACE('',(#885),#607,.F.);
#7705=ADVANCED_FACE('',(#886),#608,.F.);
#7706=ADVANCED_FACE('',(#887),#609,.F.);
#7707=ADVANCED_FACE('',(#888),#7539,.F.);
#7708=ADVANCED_FACE('',(#889),#610,.F.);
#7709=ADVANCED_FACE('',(#890),#611,.F.);
#7710=ADVANCED_FACE('',(#891),#612,.F.);
#7711=ADVANCED_FACE('',(#892),#613,.F.);
#7712=ADVANCED_FACE('',(#893),#614,.F.);
#7713=ADVANCED_FACE('',(#894),#615,.F.);
#7714=ADVANCED_FACE('',(#895),#616,.F.);
#7715=ADVANCED_FACE('',(#896),#617,.F.);
#7716=ADVANCED_FACE('',(#897),#618,.F.);
#7717=ADVANCED_FACE('',(#898),#619,.F.);
#7718=ADVANCED_FACE('',(#899),#620,.F.);
#7719=ADVANCED_FACE('',(#900),#7540,.F.);
#7720=ADVANCED_FACE('',(#901),#621,.F.);
#7721=ADVANCED_FACE('',(#902),#622,.F.);
#7722=ADVANCED_FACE('',(#903),#623,.F.);
#7723=ADVANCED_FACE('',(#904),#624,.F.);
#7724=ADVANCED_FACE('',(#905),#625,.F.);
#7725=ADVANCED_FACE('',(#906),#626,.F.);
#7726=ADVANCED_FACE('',(#907),#627,.F.);
#7727=ADVANCED_FACE('',(#908),#628,.F.);
#7728=ADVANCED_FACE('',(#909),#7541,.F.);
#7729=ADVANCED_FACE('',(#910),#629,.F.);
#7730=ADVANCED_FACE('',(#911),#630,.F.);
#7731=ADVANCED_FACE('',(#912,#27),#7542,.T.);
#7732=ADVANCED_FACE('',(#913),#631,.F.);
#7733=ADVANCED_FACE('',(#914),#632,.F.);
#7734=ADVANCED_FACE('',(#915),#633,.F.);
#7735=ADVANCED_FACE('',(#916),#634,.F.);
#7736=ADVANCED_FACE('',(#917),#635,.F.);
#7737=ADVANCED_FACE('',(#918),#7543,.F.);
#7738=ADVANCED_FACE('',(#919),#7544,.F.);
#7739=ADVANCED_FACE('',(#920),#7545,.F.);
#7740=ADVANCED_FACE('',(#921),#636,.F.);
#7741=ADVANCED_FACE('',(#922),#637,.F.);
#7742=ADVANCED_FACE('',(#923),#638,.F.);
#7743=ADVANCED_FACE('',(#924),#639,.F.);
#7744=ADVANCED_FACE('',(#925),#640,.F.);
#7745=ADVANCED_FACE('',(#926),#7546,.F.);
#7746=ADVANCED_FACE('',(#927),#7547,.F.);
#7747=ADVANCED_FACE('',(#928),#7548,.F.);
#7748=ADVANCED_FACE('',(#929),#7549,.F.);
#7749=ADVANCED_FACE('',(#930),#7550,.F.);
#7750=ADVANCED_FACE('',(#931),#641,.F.);
#7751=ADVANCED_FACE('',(#932),#7551,.T.);
#7752=ADVANCED_FACE('',(#933),#642,.F.);
#7753=ADVANCED_FACE('',(#934),#643,.F.);
#7754=ADVANCED_FACE('',(#935),#644,.F.);
#7755=ADVANCED_FACE('',(#936),#645,.F.);
#7756=ADVANCED_FACE('',(#937),#646,.F.);
#7757=ADVANCED_FACE('',(#938),#647,.F.);
#7758=ADVANCED_FACE('',(#939),#648,.F.);
#7759=ADVANCED_FACE('',(#940),#649,.F.);
#7760=ADVANCED_FACE('',(#941),#7552,.F.);
#7761=ADVANCED_FACE('',(#942),#7553,.F.);
#7762=ADVANCED_FACE('',(#943),#7554,.F.);
#7763=ADVANCED_FACE('',(#944),#650,.F.);
#7764=ADVANCED_FACE('',(#945),#651,.F.);
#7765=ADVANCED_FACE('',(#946),#652,.F.);
#7766=ADVANCED_FACE('',(#947),#653,.F.);
#7767=ADVANCED_FACE('',(#948),#654,.F.);
#7768=ADVANCED_FACE('',(#949),#655,.F.);
#7769=ADVANCED_FACE('',(#950),#656,.F.);
#7770=ADVANCED_FACE('',(#951),#657,.F.);
#7771=ADVANCED_FACE('',(#952),#658,.F.);
#7772=ADVANCED_FACE('',(#953),#7555,.F.);
#7773=ADVANCED_FACE('',(#954),#659,.F.);
#7774=ADVANCED_FACE('',(#955),#660,.F.);
#7775=ADVANCED_FACE('',(#956),#7556,.T.);
#7776=ADVANCED_FACE('',(#957),#7557,.F.);
#7777=ADVANCED_FACE('',(#958),#7558,.F.);
#7778=ADVANCED_FACE('',(#959),#7559,.F.);
#7779=ADVANCED_FACE('',(#960),#7560,.F.);
#7780=ADVANCED_FACE('',(#961),#7561,.F.);
#7781=ADVANCED_FACE('',(#962),#661,.F.);
#7782=ADVANCED_FACE('',(#963),#662,.F.);
#7783=ADVANCED_FACE('',(#964),#7562,.F.);
#7784=ADVANCED_FACE('',(#965),#663,.F.);
#7785=ADVANCED_FACE('',(#966),#664,.F.);
#7786=ADVANCED_FACE('',(#967),#665,.F.);
#7787=ADVANCED_FACE('',(#968),#666,.F.);
#7788=ADVANCED_FACE('',(#969),#7563,.F.);
#7789=ADVANCED_FACE('',(#970),#7564,.F.);
#7790=ADVANCED_FACE('',(#971),#7565,.F.);
#7791=ADVANCED_FACE('',(#972),#7566,.F.);
#7792=ADVANCED_FACE('',(#973),#667,.F.);
#7793=ADVANCED_FACE('',(#974),#7567,.T.);
#7794=ADVANCED_FACE('',(#975),#7568,.F.);
#7795=ADVANCED_FACE('',(#976),#7569,.F.);
#7796=ADVANCED_FACE('',(#977),#7570,.F.);
#7797=ADVANCED_FACE('',(#978),#7571,.F.);
#7798=ADVANCED_FACE('',(#979),#668,.F.);
#7799=ADVANCED_FACE('',(#980),#7572,.F.);
#7800=ADVANCED_FACE('',(#981),#669,.F.);
#7801=ADVANCED_FACE('',(#982),#670,.F.);
#7802=ADVANCED_FACE('',(#983),#7573,.T.);
#7803=ADVANCED_FACE('',(#984),#671,.F.);
#7804=ADVANCED_FACE('',(#985),#672,.F.);
#7805=ADVANCED_FACE('',(#986),#673,.F.);
#7806=ADVANCED_FACE('',(#987),#674,.F.);
#7807=ADVANCED_FACE('',(#988),#675,.F.);
#7808=ADVANCED_FACE('',(#989),#676,.F.);
#7809=ADVANCED_FACE('',(#990),#677,.F.);
#7810=ADVANCED_FACE('',(#991),#678,.F.);
#7811=ADVANCED_FACE('',(#992),#7574,.F.);
#7812=ADVANCED_FACE('',(#993),#679,.F.);
#7813=ADVANCED_FACE('',(#994),#680,.F.);
#7814=ADVANCED_FACE('',(#995),#681,.F.);
#7815=ADVANCED_FACE('',(#996),#682,.F.);
#7816=ADVANCED_FACE('',(#997),#683,.F.);
#7817=ADVANCED_FACE('',(#998),#684,.F.);
#7818=ADVANCED_FACE('',(#999),#685,.F.);
#7819=ADVANCED_FACE('',(#1000),#686,.F.);
#7820=ADVANCED_FACE('',(#1001),#687,.F.);
#7821=ADVANCED_FACE('',(#1002),#688,.F.);
#7822=ADVANCED_FACE('',(#1003),#689,.F.);
#7823=ADVANCED_FACE('',(#1004),#7575,.F.);
#7824=ADVANCED_FACE('',(#1005),#690,.F.);
#7825=ADVANCED_FACE('',(#1006),#691,.F.);
#7826=ADVANCED_FACE('',(#1007),#692,.F.);
#7827=ADVANCED_FACE('',(#1008),#693,.F.);
#7828=ADVANCED_FACE('',(#1009),#694,.F.);
#7829=ADVANCED_FACE('',(#1010),#695,.F.);
#7830=ADVANCED_FACE('',(#1011),#696,.F.);
#7831=ADVANCED_FACE('',(#1012),#697,.F.);
#7832=ADVANCED_FACE('',(#1013),#7576,.F.);
#7833=ADVANCED_FACE('',(#1014),#698,.F.);
#7834=ADVANCED_FACE('',(#1015),#699,.F.);
#7835=ADVANCED_FACE('',(#1016,#28),#7577,.T.);
#7836=ADVANCED_FACE('',(#1017),#7578,.F.);
#7837=ADVANCED_FACE('',(#1018),#7579,.F.);
#7838=ADVANCED_FACE('',(#1019),#700,.F.);
#7839=ADVANCED_FACE('',(#1020),#701,.F.);
#7840=ADVANCED_FACE('',(#1021),#7580,.F.);
#7841=ADVANCED_FACE('',(#1022),#702,.F.);
#7842=ADVANCED_FACE('',(#1023),#703,.F.);
#7843=ADVANCED_FACE('',(#1024),#704,.F.);
#7844=ADVANCED_FACE('',(#1025),#705,.F.);
#7845=ADVANCED_FACE('',(#1026),#7581,.F.);
#7846=ADVANCED_FACE('',(#1027),#7582,.F.);
#7847=ADVANCED_FACE('',(#1028),#7583,.F.);
#7848=ADVANCED_FACE('',(#1029),#706,.F.);
#7849=ADVANCED_FACE('',(#1030),#707,.F.);
#7850=ADVANCED_FACE('',(#1031),#7584,.F.);
#7851=ADVANCED_FACE('',(#1032),#7585,.F.);
#7852=ADVANCED_FACE('',(#1033),#7586,.F.);
#7853=ADVANCED_FACE('',(#1034),#708,.F.);
#7854=ADVANCED_FACE('',(#1035),#7587,.T.);
#7855=ADVANCED_FACE('',(#1036),#709,.F.);
#7856=ADVANCED_FACE('',(#1037),#710,.F.);
#7857=ADVANCED_FACE('',(#1038),#7588,.F.);
#7858=ADVANCED_FACE('',(#1039),#7589,.F.);
#7859=ADVANCED_FACE('',(#1040),#7590,.F.);
#7860=ADVANCED_FACE('',(#1041),#7591,.F.);
#7861=ADVANCED_FACE('',(#1042),#7592,.F.);
#7862=ADVANCED_FACE('',(#1043),#711,.F.);
#7863=ADVANCED_FACE('',(#1044),#712,.F.);
#7864=ADVANCED_FACE('',(#1045),#713,.F.);
#7865=ADVANCED_FACE('',(#1046),#714,.F.);
#7866=ADVANCED_FACE('',(#1047),#7593,.F.);
#7867=ADVANCED_FACE('',(#1048),#7594,.F.);
#7868=ADVANCED_FACE('',(#1049),#7595,.T.);
#7869=ADVANCED_FACE('',(#1050),#715,.F.);
#7870=ADVANCED_FACE('',(#1051),#716,.F.);
#7871=ADVANCED_FACE('',(#1052),#717,.F.);
#7872=ADVANCED_FACE('',(#1053),#718,.F.);
#7873=ADVANCED_FACE('',(#1054),#7596,.F.);
#7874=ADVANCED_FACE('',(#1055),#719,.F.);
#7875=ADVANCED_FACE('',(#1056),#720,.F.);
#7876=ADVANCED_FACE('',(#1057),#721,.F.);
#7877=ADVANCED_FACE('',(#1058),#722,.F.);
#7878=ADVANCED_FACE('',(#1059),#7597,.F.);
#7879=ADVANCED_FACE('',(#1060),#7598,.F.);
#7880=ADVANCED_FACE('',(#1061),#7599,.F.);
#7881=ADVANCED_FACE('',(#1062),#7600,.F.);
#7882=ADVANCED_FACE('',(#1063),#7601,.F.);
#7883=ADVANCED_FACE('',(#1064),#7602,.F.);
#7884=ADVANCED_FACE('',(#1065),#7603,.F.);
#7885=ADVANCED_FACE('',(#1066),#7604,.F.);
#7886=ADVANCED_FACE('',(#1067),#7605,.F.);
#7887=ADVANCED_FACE('',(#1068),#7606,.F.);
#7888=ADVANCED_FACE('',(#1069),#7607,.F.);
#7889=ADVANCED_FACE('',(#1070),#7608,.T.);
#7890=ADVANCED_FACE('',(#1071),#723,.F.);
#7891=ADVANCED_FACE('',(#1072),#724,.F.);
#7892=ADVANCED_FACE('',(#1073),#725,.F.);
#7893=ADVANCED_FACE('',(#1074),#726,.F.);
#7894=ADVANCED_FACE('',(#1075),#727,.F.);
#7895=ADVANCED_FACE('',(#1076),#728,.F.);
#7896=ADVANCED_FACE('',(#1077),#729,.F.);
#7897=ADVANCED_FACE('',(#1078),#730,.F.);
#7898=ADVANCED_FACE('',(#1079),#731,.F.);
#7899=ADVANCED_FACE('',(#1080),#732,.F.);
#7900=ADVANCED_FACE('',(#1081),#7609,.F.);
#7901=ADVANCED_FACE('',(#1082),#733,.F.);
#7902=ADVANCED_FACE('',(#1083),#734,.F.);
#7903=ADVANCED_FACE('',(#1084),#735,.F.);
#7904=ADVANCED_FACE('',(#1085),#736,.F.);
#7905=ADVANCED_FACE('',(#1086),#737,.F.);
#7906=ADVANCED_FACE('',(#1087),#738,.F.);
#7907=ADVANCED_FACE('',(#1088),#739,.F.);
#7908=ADVANCED_FACE('',(#1089),#7610,.F.);
#7909=ADVANCED_FACE('',(#1090),#7611,.F.);
#7910=ADVANCED_FACE('',(#1091),#7612,.F.);
#7911=ADVANCED_FACE('',(#1092),#7613,.F.);
#7912=ADVANCED_FACE('',(#1093,#29),#7614,.T.);
#7913=ADVANCED_FACE('',(#1094),#7615,.F.);
#7914=ADVANCED_FACE('',(#1095),#7616,.F.);
#7915=ADVANCED_FACE('',(#1096),#7617,.F.);
#7916=ADVANCED_FACE('',(#1097),#7618,.F.);
#7917=ADVANCED_FACE('',(#1098),#7619,.F.);
#7918=ADVANCED_FACE('',(#1099),#740,.F.);
#7919=ADVANCED_FACE('',(#1100),#741,.F.);
#7920=ADVANCED_FACE('',(#1101),#742,.F.);
#7921=ADVANCED_FACE('',(#1102),#743,.F.);
#7922=ADVANCED_FACE('',(#1103),#744,.F.);
#7923=ADVANCED_FACE('',(#1104),#745,.F.);
#7924=ADVANCED_FACE('',(#1105),#746,.F.);
#7925=ADVANCED_FACE('',(#1106),#747,.F.);
#7926=ADVANCED_FACE('',(#1107),#748,.F.);
#7927=ADVANCED_FACE('',(#1108),#749,.F.);
#7928=ADVANCED_FACE('',(#1109),#750,.F.);
#7929=ADVANCED_FACE('',(#1110),#751,.F.);
#7930=ADVANCED_FACE('',(#1111),#752,.F.);
#7931=ADVANCED_FACE('',(#1112),#753,.F.);
#7932=ADVANCED_FACE('',(#1113),#754,.F.);
#7933=ADVANCED_FACE('',(#1114),#755,.F.);
#7934=ADVANCED_FACE('',(#1115),#756,.F.);
#7935=ADVANCED_FACE('',(#1116),#757,.F.);
#7936=ADVANCED_FACE('',(#1117),#7620,.F.);
#7937=ADVANCED_FACE('',(#1118),#7621,.F.);
#7938=ADVANCED_FACE('',(#1119),#7622,.F.);
#7939=ADVANCED_FACE('',(#1120),#7623,.F.);
#7940=ADVANCED_FACE('',(#1121),#7624,.F.);
#7941=ADVANCED_FACE('',(#1122,#30),#7625,.T.);
#7942=ADVANCED_FACE('',(#1123),#758,.F.);
#7943=ADVANCED_FACE('',(#1124),#759,.F.);
#7944=ADVANCED_FACE('',(#1125),#760,.F.);
#7945=ADVANCED_FACE('',(#1126),#761,.F.);
#7946=ADVANCED_FACE('',(#1127),#762,.F.);
#7947=ADVANCED_FACE('',(#1128),#7626,.F.);
#7948=ADVANCED_FACE('',(#1129),#763,.F.);
#7949=ADVANCED_FACE('',(#1130),#764,.F.);
#7950=ADVANCED_FACE('',(#1131),#765,.F.);
#7951=ADVANCED_FACE('',(#1132),#766,.F.);
#7952=ADVANCED_FACE('',(#1133),#767,.F.);
#7953=ADVANCED_FACE('',(#1134),#768,.F.);
#7954=ADVANCED_FACE('',(#1135),#769,.F.);
#7955=ADVANCED_FACE('',(#1136),#7627,.F.);
#7956=ADVANCED_FACE('',(#1137),#770,.F.);
#7957=ADVANCED_FACE('',(#1138),#771,.F.);
#7958=ADVANCED_FACE('',(#1139),#772,.F.);
#7959=ADVANCED_FACE('',(#1140),#773,.F.);
#7960=ADVANCED_FACE('',(#1141),#7628,.F.);
#7961=ADVANCED_FACE('',(#1142),#774,.F.);
#7962=ADVANCED_FACE('',(#1143),#775,.F.);
#7963=ADVANCED_FACE('',(#1144,#31),#7629,.T.);
#7964=ADVANCED_FACE('',(#1145),#776,.F.);
#7965=ADVANCED_FACE('',(#1146),#777,.F.);
#7966=ADVANCED_FACE('',(#1147),#778,.F.);
#7967=ADVANCED_FACE('',(#1148),#779,.F.);
#7968=ADVANCED_FACE('',(#1149),#780,.F.);
#7969=ADVANCED_FACE('',(#1150),#781,.F.);
#7970=ADVANCED_FACE('',(#1151),#782,.F.);
#7971=ADVANCED_FACE('',(#1152),#783,.F.);
#7972=ADVANCED_FACE('',(#1153),#784,.F.);
#7973=ADVANCED_FACE('',(#1154),#785,.F.);
#7974=ADVANCED_FACE('',(#1155),#786,.F.);
#7975=ADVANCED_FACE('',(#1156),#787,.F.);
#7976=ADVANCED_FACE('',(#1157),#788,.F.);
#7977=ADVANCED_FACE('',(#1158),#789,.F.);
#7978=ADVANCED_FACE('',(#1159),#790,.F.);
#7979=ADVANCED_FACE('',(#1160),#791,.F.);
#7980=ADVANCED_FACE('',(#1161),#792,.F.);
#7981=ADVANCED_FACE('',(#1162),#793,.F.);
#7982=ADVANCED_FACE('',(#1163),#794,.F.);
#7983=ADVANCED_FACE('',(#1164),#795,.F.);
#7984=ADVANCED_FACE('',(#1165,#32),#7630,.T.);
#7985=ADVANCED_FACE('',(#1166),#7631,.F.);
#7986=ADVANCED_FACE('',(#1167),#796,.F.);
#7987=ADVANCED_FACE('',(#1168),#797,.F.);
#7988=ADVANCED_FACE('',(#1169),#798,.F.);
#7989=ADVANCED_FACE('',(#1170),#7632,.F.);
#7990=ADVANCED_FACE('',(#1171),#7633,.F.);
#7991=ADVANCED_FACE('',(#1172),#7634,.F.);
#7992=ADVANCED_FACE('',(#1173),#7635,.F.);
#7993=ADVANCED_FACE('',(#1174),#7636,.F.);
#7994=ADVANCED_FACE('',(#1175),#7637,.F.);
#7995=ADVANCED_FACE('',(#1176),#7638,.T.);
#7996=ADVANCED_FACE('',(#1177),#799,.F.);
#7997=ADVANCED_FACE('',(#1178),#800,.F.);
#7998=ADVANCED_FACE('',(#1179),#801,.F.);
#7999=ADVANCED_FACE('',(#1180),#802,.F.);
#8000=ADVANCED_FACE('',(#1181),#803,.F.);
#8001=ADVANCED_FACE('',(#1182),#804,.F.);
#8002=ADVANCED_FACE('',(#1183),#805,.F.);
#8003=ADVANCED_FACE('',(#1184),#806,.F.);
#8004=ADVANCED_FACE('',(#1185),#807,.F.);
#8005=ADVANCED_FACE('',(#1186),#808,.F.);
#8006=ADVANCED_FACE('',(#1187),#7639,.F.);
#8007=ADVANCED_FACE('',(#1188),#809,.F.);
#8008=ADVANCED_FACE('',(#1189),#810,.F.);
#8009=ADVANCED_FACE('',(#1190),#811,.F.);
#8010=ADVANCED_FACE('',(#1191),#812,.F.);
#8011=ADVANCED_FACE('',(#1192),#813,.F.);
#8012=ADVANCED_FACE('',(#1193),#814,.F.);
#8013=ADVANCED_FACE('',(#1194),#815,.F.);
#8014=ADVANCED_FACE('',(#1195),#7640,.F.);
#8015=ADVANCED_FACE('',(#1196),#816,.F.);
#8016=ADVANCED_FACE('',(#1197),#817,.F.);
#8017=ADVANCED_FACE('',(#1198),#818,.F.);
#8018=ADVANCED_FACE('',(#1199),#819,.F.);
#8019=ADVANCED_FACE('',(#1200),#820,.F.);
#8020=ADVANCED_FACE('',(#1201),#821,.F.);
#8021=ADVANCED_FACE('',(#1202),#822,.F.);
#8022=ADVANCED_FACE('',(#1203),#7641,.F.);
#8023=ADVANCED_FACE('',(#1204),#823,.F.);
#8024=ADVANCED_FACE('',(#1205),#824,.F.);
#8025=ADVANCED_FACE('',(#1206),#7642,.T.);
#8026=ADVANCED_FACE('',(#1207),#825,.F.);
#8027=ADVANCED_FACE('',(#1208),#826,.F.);
#8028=ADVANCED_FACE('',(#1209),#7643,.F.);
#8029=ADVANCED_FACE('',(#1210),#827,.F.);
#8030=ADVANCED_FACE('',(#1211),#828,.F.);
#8031=ADVANCED_FACE('',(#1212),#7644,.F.);
#8032=ADVANCED_FACE('',(#1213),#7645,.F.);
#8033=ADVANCED_FACE('',(#1214),#7646,.F.);
#8034=ADVANCED_FACE('',(#1215),#7647,.F.);
#8035=ADVANCED_FACE('',(#1216),#7648,.T.);
#8036=ADVANCED_FACE('',(#1217),#7649,.F.);
#8037=ADVANCED_FACE('',(#1218),#829,.F.);
#8038=ADVANCED_FACE('',(#1219),#830,.F.);
#8039=ADVANCED_FACE('',(#1220),#831,.F.);
#8040=ADVANCED_FACE('',(#1221),#832,.F.);
#8041=ADVANCED_FACE('',(#1222),#833,.F.);
#8042=ADVANCED_FACE('',(#1223),#834,.F.);
#8043=ADVANCED_FACE('',(#1224),#835,.F.);
#8044=ADVANCED_FACE('',(#1225),#7650,.F.);
#8045=ADVANCED_FACE('',(#1226),#7651,.F.);
#8046=ADVANCED_FACE('',(#1227),#7652,.F.);
#8047=ADVANCED_FACE('',(#1228),#836,.F.);
#8048=ADVANCED_FACE('',(#1229),#837,.F.);
#8049=ADVANCED_FACE('',(#1230),#838,.F.);
#8050=ADVANCED_FACE('',(#1231),#839,.F.);
#8051=ADVANCED_FACE('',(#1232),#840,.F.);
#8052=ADVANCED_FACE('',(#1233),#7653,.F.);
#8053=ADVANCED_FACE('',(#1234),#7654,.F.);
#8054=ADVANCED_FACE('',(#1235),#7655,.F.);
#8055=ADVANCED_FACE('',(#1236),#841,.F.);
#8056=ADVANCED_FACE('',(#1237),#842,.F.);
#8057=ADVANCED_FACE('',(#1238),#843,.F.);
#8058=ADVANCED_FACE('',(#1239),#844,.F.);
#8059=ADVANCED_FACE('',(#1240),#845,.F.);
#8060=ADVANCED_FACE('',(#1241),#846,.F.);
#8061=ADVANCED_FACE('',(#1242),#847,.F.);
#8062=ADVANCED_FACE('',(#1243),#848,.F.);
#8063=ADVANCED_FACE('',(#1244),#7656,.F.);
#8064=ADVANCED_FACE('',(#1245),#7657,.F.);
#8065=ADVANCED_FACE('',(#1246),#7658,.F.);
#8066=ADVANCED_FACE('',(#1247),#7659,.F.);
#8067=ADVANCED_FACE('',(#1248),#7660,.T.);
#8068=ADVANCED_FACE('',(#1249),#849,.F.);
#8069=ADVANCED_FACE('',(#1250),#850,.F.);
#8070=ADVANCED_FACE('',(#1251),#851,.F.);
#8071=ADVANCED_FACE('',(#1252),#852,.F.);
#8072=ADVANCED_FACE('',(#1253),#7661,.F.);
#8073=ADVANCED_FACE('',(#1254),#853,.F.);
#8074=ADVANCED_FACE('',(#1255),#854,.F.);
#8075=ADVANCED_FACE('',(#1256),#855,.F.);
#8076=ADVANCED_FACE('',(#1257),#856,.F.);
#8077=ADVANCED_FACE('',(#1258),#7662,.F.);
#8078=ADVANCED_FACE('',(#1259),#7663,.F.);
#8079=ADVANCED_FACE('',(#1260),#7664,.F.);
#8080=ADVANCED_FACE('',(#1261),#7665,.F.);
#8081=ADVANCED_FACE('',(#1262),#7666,.F.);
#8082=ADVANCED_FACE('',(#1263),#7667,.F.);
#8083=ADVANCED_FACE('',(#1264),#7668,.F.);
#8084=ADVANCED_FACE('',(#1265),#7669,.F.);
#8085=ADVANCED_FACE('',(#1266),#7670,.F.);
#8086=ADVANCED_FACE('',(#1267),#7671,.F.);
#8087=ADVANCED_FACE('',(#1268),#7672,.F.);
#8088=ADVANCED_FACE('',(#1269),#7673,.T.);
#8089=ADVANCED_FACE('',(#1270),#857,.F.);
#8090=ADVANCED_FACE('',(#1271),#858,.F.);
#8091=ADVANCED_FACE('',(#1272),#859,.F.);
#8092=ADVANCED_FACE('',(#1273),#860,.F.);
#8093=ADVANCED_FACE('',(#1274),#861,.F.);
#8094=ADVANCED_FACE('',(#1275),#862,.F.);
#8095=ADVANCED_FACE('',(#1276),#863,.F.);
#8096=ADVANCED_FACE('',(#1277),#864,.F.);
#8097=ADVANCED_FACE('',(#1278),#865,.F.);
#8098=ADVANCED_FACE('',(#1279),#866,.F.);
#8099=ADVANCED_FACE('',(#1280),#867,.F.);
#8100=ADVANCED_FACE('',(#1281),#868,.F.);
#8101=ADVANCED_FACE('',(#1282),#869,.F.);
#8102=ADVANCED_FACE('',(#1283),#870,.F.);
#8103=ADVANCED_FACE('',(#1284),#871,.F.);
#8104=ADVANCED_FACE('',(#1285),#872,.F.);
#8105=ADVANCED_FACE('',(#1286),#873,.F.);
#8106=ADVANCED_FACE('',(#1287),#874,.F.);
#8107=ADVANCED_FACE('',(#1288,#33),#7674,.T.);
#8108=ADVANCED_FACE('',(#1289),#7675,.F.);
#8109=ADVANCED_FACE('',(#1290),#7676,.F.);
#8110=ADVANCED_FACE('',(#1291),#7677,.F.);
#8111=ADVANCED_FACE('',(#1292),#7678,.F.);
#8112=ADVANCED_FACE('',(#1293),#7679,.F.);
#8113=ADVANCED_FACE('',(#1294),#7680,.T.);
#8114=ADVANCED_FACE('',(#1295),#7681,.T.);
#8115=ADVANCED_FACE('',(#1296),#7682,.T.);
#8116=ADVANCED_FACE('',(#1297),#7683,.T.);
#8117=ADVANCED_FACE('',(#1298),#7684,.T.);
#8118=ADVANCED_FACE('',(#1299),#7685,.T.);
#8119=ADVANCED_FACE('',(#1300),#7686,.T.);
#8120=ADVANCED_FACE('',(#1301),#7687,.T.);
#8121=ADVANCED_FACE('',(#1302),#7688,.T.);
#8122=ADVANCED_FACE('',(#1303),#23,.T.);
#8123=ADVANCED_FACE('',(#1304),#7689,.T.);
#8124=ADVANCED_FACE('',(#1305),#24,.T.);
#8125=ADVANCED_FACE('',(#1306),#7690,.T.);
#8126=ADVANCED_FACE('',(#1307),#25,.T.);
#8127=ADVANCED_FACE('',(#1308),#7691,.T.);
#8128=ADVANCED_FACE('',(#1309),#26,.T.);
#8129=ADVANCED_FACE('',(#1310,#34,#35,#36,#37,#38,#39,#40,#41,#42,#43,#44,
#45,#46,#47,#48,#49,#50,#51,#52,#53,#54,#55),#7692,.T.);
#8130=ADVANCED_FACE('',(#1311),#7693,.F.);
#8131=CLOSED_SHELL('',(#7694,#7695,#7696,#7697,#7698,#7699,#7700,#7701,
#7702,#7703,#7704,#7705,#7706,#7707,#7708,#7709,#7710,#7711,#7712,#7713,
#7714,#7715,#7716,#7717,#7718,#7719,#7720,#7721,#7722,#7723,#7724,#7725,
#7726,#7727,#7728,#7729,#7730,#7731,#7732,#7733,#7734,#7735,#7736,#7737,
#7738,#7739,#7740,#7741,#7742,#7743,#7744,#7745,#7746,#7747,#7748,#7749,
#7750,#7751,#7752,#7753,#7754,#7755,#7756,#7757,#7758,#7759,#7760,#7761,
#7762,#7763,#7764,#7765,#7766,#7767,#7768,#7769,#7770,#7771,#7772,#7773,
#7774,#7775,#7776,#7777,#7778,#7779,#7780,#7781,#7782,#7783,#7784,#7785,
#7786,#7787,#7788,#7789,#7790,#7791,#7792,#7793,#7794,#7795,#7796,#7797,
#7798,#7799,#7800,#7801,#7802,#7803,#7804,#7805,#7806,#7807,#7808,#7809,
#7810,#7811,#7812,#7813,#7814,#7815,#7816,#7817,#7818,#7819,#7820,#7821,
#7822,#7823,#7824,#7825,#7826,#7827,#7828,#7829,#7830,#7831,#7832,#7833,
#7834,#7835,#7836,#7837,#7838,#7839,#7840,#7841,#7842,#7843,#7844,#7845,
#7846,#7847,#7848,#7849,#7850,#7851,#7852,#7853,#7854,#7855,#7856,#7857,
#7858,#7859,#7860,#7861,#7862,#7863,#7864,#7865,#7866,#7867,#7868,#7869,
#7870,#7871,#7872,#7873,#7874,#7875,#7876,#7877,#7878,#7879,#7880,#7881,
#7882,#7883,#7884,#7885,#7886,#7887,#7888,#7889,#7890,#7891,#7892,#7893,
#7894,#7895,#7896,#7897,#7898,#7899,#7900,#7901,#7902,#7903,#7904,#7905,
#7906,#7907,#7908,#7909,#7910,#7911,#7912,#7913,#7914,#7915,#7916,#7917,
#7918,#7919,#7920,#7921,#7922,#7923,#7924,#7925,#7926,#7927,#7928,#7929,
#7930,#7931,#7932,#7933,#7934,#7935,#7936,#7937,#7938,#7939,#7940,#7941,
#7942,#7943,#7944,#7945,#7946,#7947,#7948,#7949,#7950,#7951,#7952,#7953,
#7954,#7955,#7956,#7957,#7958,#7959,#7960,#7961,#7962,#7963,#7964,#7965,
#7966,#7967,#7968,#7969,#7970,#7971,#7972,#7973,#7974,#7975,#7976,#7977,
#7978,#7979,#7980,#7981,#7982,#7983,#7984,#7985,#7986,#7987,#7988,#7989,
#7990,#7991,#7992,#7993,#7994,#7995,#7996,#7997,#7998,#7999,#8000,#8001,
#8002,#8003,#8004,#8005,#8006,#8007,#8008,#8009,#8010,#8011,#8012,#8013,
#8014,#8015,#8016,#8017,#8018,#8019,#8020,#8021,#8022,#8023,#8024,#8025,
#8026,#8027,#8028,#8029,#8030,#8031,#8032,#8033,#8034,#8035,#8036,#8037,
#8038,#8039,#8040,#8041,#8042,#8043,#8044,#8045,#8046,#8047,#8048,#8049,
#8050,#8051,#8052,#8053,#8054,#8055,#8056,#8057,#8058,#8059,#8060,#8061,
#8062,#8063,#8064,#8065,#8066,#8067,#8068,#8069,#8070,#8071,#8072,#8073,
#8074,#8075,#8076,#8077,#8078,#8079,#8080,#8081,#8082,#8083,#8084,#8085,
#8086,#8087,#8088,#8089,#8090,#8091,#8092,#8093,#8094,#8095,#8096,#8097,
#8098,#8099,#8100,#8101,#8102,#8103,#8104,#8105,#8106,#8107,#8108,#8109,
#8110,#8111,#8112,#8113,#8114,#8115,#8116,#8117,#8118,#8119,#8120,#8121,
#8122,#8123,#8124,#8125,#8126,#8127,#8128,#8129,#8130));
#8132=DERIVED_UNIT_ELEMENT(#8134,1.);
#8133=DERIVED_UNIT_ELEMENT(#14237,-3.);
#8134=(
MASS_UNIT()
NAMED_UNIT(*)
SI_UNIT(.KILO.,.GRAM.)
);
#8135=DERIVED_UNIT((#8132,#8133));
#8136=MEASURE_REPRESENTATION_ITEM('density measure',
POSITIVE_RATIO_MEASURE(7850.),#8135);
#8137=PROPERTY_DEFINITION_REPRESENTATION(#8142,#8139);
#8138=PROPERTY_DEFINITION_REPRESENTATION(#8143,#8140);
#8139=REPRESENTATION('material name',(#8141),#14234);
#8140=REPRESENTATION('density',(#8136),#14234);
#8141=DESCRIPTIVE_REPRESENTATION_ITEM('Steel','Steel');
#8142=PROPERTY_DEFINITION('material property','material name',#14244);
#8143=PROPERTY_DEFINITION('material property','density of part',#14244);
#8144=AXIS2_PLACEMENT_3D('',#9321,#8317,#8318);
#8145=AXIS2_PLACEMENT_3D('',#9322,#8319,#8320);
#8146=AXIS2_PLACEMENT_3D('',#9331,#8325,#8326);
#8147=AXIS2_PLACEMENT_3D('',#9337,#8330,#8331);
#8148=AXIS2_PLACEMENT_3D('',#9343,#8335,#8336);
#8149=AXIS2_PLACEMENT_3D('',#9346,#8339,#8340);
#8150=AXIS2_PLACEMENT_3D('',#9470,#8350,#8351);
#8151=AXIS2_PLACEMENT_3D('',#9641,#8366,#8367);
#8152=AXIS2_PLACEMENT_3D('',#9767,#8379,#8380);
#8153=AXIS2_PLACEMENT_3D('',#9800,#8385,#8386);
#8154=AXIS2_PLACEMENT_3D('',#9879,#8393,#8394);
#8155=AXIS2_PLACEMENT_3D('',#9885,#8398,#8399);
#8156=AXIS2_PLACEMENT_3D('',#9891,#8403,#8404);
#8157=AXIS2_PLACEMENT_3D('',#9972,#8413,#8414);
#8158=AXIS2_PLACEMENT_3D('',#9978,#8418,#8419);
#8159=AXIS2_PLACEMENT_3D('',#9984,#8423,#8424);
#8160=AXIS2_PLACEMENT_3D('',#9990,#8428,#8429);
#8161=AXIS2_PLACEMENT_3D('',#9996,#8433,#8434);
#8162=AXIS2_PLACEMENT_3D('',#10014,#8438,#8439);
#8163=AXIS2_PLACEMENT_3D('',#10138,#8449,#8450);
#8164=AXIS2_PLACEMENT_3D('',#10144,#8454,#8455);
#8165=AXIS2_PLACEMENT_3D('',#10150,#8459,#8460);
#8166=AXIS2_PLACEMENT_3D('',#10291,#8473,#8474);
#8167=AXIS2_PLACEMENT_3D('',#10324,#8479,#8480);
#8168=AXIS2_PLACEMENT_3D('',#10325,#8481,#8482);
#8169=AXIS2_PLACEMENT_3D('',#10334,#8487,#8488);
#8170=AXIS2_PLACEMENT_3D('',#10340,#8492,#8493);
#8171=AXIS2_PLACEMENT_3D('',#10346,#8497,#8498);
#8172=AXIS2_PLACEMENT_3D('',#10349,#8501,#8502);
#8173=AXIS2_PLACEMENT_3D('',#10383,#8506,#8507);
#8174=AXIS2_PLACEMENT_3D('',#10449,#8515,#8516);
#8175=AXIS2_PLACEMENT_3D('',#10455,#8520,#8521);
#8176=AXIS2_PLACEMENT_3D('',#10461,#8525,#8526);
#8177=AXIS2_PLACEMENT_3D('',#10467,#8530,#8531);
#8178=AXIS2_PLACEMENT_3D('',#10485,#8535,#8536);
#8179=AXIS2_PLACEMENT_3D('',#10486,#8537,#8538);
#8180=AXIS2_PLACEMENT_3D('',#10495,#8543,#8544);
#8181=AXIS2_PLACEMENT_3D('',#10501,#8548,#8549);
#8182=AXIS2_PLACEMENT_3D('',#10507,#8553,#8554);
#8183=AXIS2_PLACEMENT_3D('',#10528,#8559,#8560);
#8184=AXIS2_PLACEMENT_3D('',#10561,#8565,#8566);
#8185=AXIS2_PLACEMENT_3D('',#10685,#8576,#8577);
#8186=AXIS2_PLACEMENT_3D('',#10856,#8592,#8593);
#8187=AXIS2_PLACEMENT_3D('',#10982,#8605,#8606);
#8188=AXIS2_PLACEMENT_3D('',#11015,#8611,#8612);
#8189=AXIS2_PLACEMENT_3D('',#11016,#8613,#8614);
#8190=AXIS2_PLACEMENT_3D('',#11025,#8619,#8620);
#8191=AXIS2_PLACEMENT_3D('',#11062,#8627,#8628);
#8192=AXIS2_PLACEMENT_3D('',#11128,#8636,#8637);
#8193=AXIS2_PLACEMENT_3D('',#11134,#8641,#8642);
#8194=AXIS2_PLACEMENT_3D('',#11140,#8646,#8647);
#8195=AXIS2_PLACEMENT_3D('',#11176,#8653,#8654);
#8196=AXIS2_PLACEMENT_3D('',#11182,#8658,#8659);
#8197=AXIS2_PLACEMENT_3D('',#11188,#8663,#8664);
#8198=AXIS2_PLACEMENT_3D('',#11207,#8669,#8670);
#8199=AXIS2_PLACEMENT_3D('',#11238,#8673,#8674);
#8200=AXIS2_PLACEMENT_3D('',#11244,#8678,#8679);
#8201=AXIS2_PLACEMENT_3D('',#11250,#8683,#8684);
#8202=AXIS2_PLACEMENT_3D('',#11256,#8688,#8689);
#8203=AXIS2_PLACEMENT_3D('',#11262,#8693,#8694);
#8204=AXIS2_PLACEMENT_3D('',#11328,#8702,#8703);
#8205=AXIS2_PLACEMENT_3D('',#11331,#8706,#8707);
#8206=AXIS2_PLACEMENT_3D('',#11334,#8710,#8711);
#8207=AXIS2_PLACEMENT_3D('',#11398,#8717,#8718);
#8208=AXIS2_PLACEMENT_3D('',#11464,#8726,#8727);
#8209=AXIS2_PLACEMENT_3D('',#11470,#8731,#8732);
#8210=AXIS2_PLACEMENT_3D('',#11476,#8736,#8737);
#8211=AXIS2_PLACEMENT_3D('',#11482,#8741,#8742);
#8212=AXIS2_PLACEMENT_3D('',#11488,#8746,#8747);
#8213=AXIS2_PLACEMENT_3D('',#11494,#8751,#8752);
#8214=AXIS2_PLACEMENT_3D('',#11500,#8756,#8757);
#8215=AXIS2_PLACEMENT_3D('',#11506,#8761,#8762);
#8216=AXIS2_PLACEMENT_3D('',#11512,#8766,#8767);
#8217=AXIS2_PLACEMENT_3D('',#11518,#8771,#8772);
#8218=AXIS2_PLACEMENT_3D('',#11524,#8776,#8777);
#8219=AXIS2_PLACEMENT_3D('',#11527,#8780,#8781);
#8220=AXIS2_PLACEMENT_3D('',#11678,#8792,#8793);
#8221=AXIS2_PLACEMENT_3D('',#11792,#8805,#8806);
#8222=AXIS2_PLACEMENT_3D('',#11798,#8810,#8811);
#8223=AXIS2_PLACEMENT_3D('',#11804,#8815,#8816);
#8224=AXIS2_PLACEMENT_3D('',#11810,#8820,#8821);
#8225=AXIS2_PLACEMENT_3D('',#11813,#8824,#8825);
#8226=AXIS2_PLACEMENT_3D('',#11814,#8826,#8827);
#8227=AXIS2_PLACEMENT_3D('',#11823,#8832,#8833);
#8228=AXIS2_PLACEMENT_3D('',#11829,#8837,#8838);
#8229=AXIS2_PLACEMENT_3D('',#11835,#8842,#8843);
#8230=AXIS2_PLACEMENT_3D('',#11838,#8846,#8847);
#8231=AXIS2_PLACEMENT_3D('',#12112,#8867,#8868);
#8232=AXIS2_PLACEMENT_3D('',#12118,#8872,#8873);
#8233=AXIS2_PLACEMENT_3D('',#12124,#8877,#8878);
#8234=AXIS2_PLACEMENT_3D('',#12130,#8882,#8883);
#8235=AXIS2_PLACEMENT_3D('',#12136,#8887,#8888);
#8236=AXIS2_PLACEMENT_3D('',#12139,#8891,#8892);
#8237=AXIS2_PLACEMENT_3D('',#12218,#8899,#8900);
#8238=AXIS2_PLACEMENT_3D('',#12329,#8911,#8912);
#8239=AXIS2_PLACEMENT_3D('',#12395,#8920,#8921);
#8240=AXIS2_PLACEMENT_3D('',#12428,#8926,#8927);
#8241=AXIS2_PLACEMENT_3D('',#12729,#8948,#8949);
#8242=AXIS2_PLACEMENT_3D('',#12730,#8950,#8951);
#8243=AXIS2_PLACEMENT_3D('',#12784,#8959,#8960);
#8244=AXIS2_PLACEMENT_3D('',#12790,#8964,#8965);
#8245=AXIS2_PLACEMENT_3D('',#12796,#8969,#8970);
#8246=AXIS2_PLACEMENT_3D('',#12802,#8974,#8975);
#8247=AXIS2_PLACEMENT_3D('',#12808,#8979,#8980);
#8248=AXIS2_PLACEMENT_3D('',#12814,#8984,#8985);
#8249=AXIS2_PLACEMENT_3D('',#12817,#8988,#8989);
#8250=AXIS2_PLACEMENT_3D('',#12971,#9001,#9002);
#8251=AXIS2_PLACEMENT_3D('',#13082,#9013,#9014);
#8252=AXIS2_PLACEMENT_3D('',#13193,#9025,#9026);
#8253=AXIS2_PLACEMENT_3D('',#13226,#9031,#9032);
#8254=AXIS2_PLACEMENT_3D('',#13260,#9036,#9037);
#8255=AXIS2_PLACEMENT_3D('',#13296,#9043,#9044);
#8256=AXIS2_PLACEMENT_3D('',#13302,#9048,#9049);
#8257=AXIS2_PLACEMENT_3D('',#13308,#9053,#9054);
#8258=AXIS2_PLACEMENT_3D('',#13314,#9058,#9059);
#8259=AXIS2_PLACEMENT_3D('',#13317,#9062,#9063);
#8260=AXIS2_PLACEMENT_3D('',#13318,#9064,#9065);
#8261=AXIS2_PLACEMENT_3D('',#13432,#9077,#9078);
#8262=AXIS2_PLACEMENT_3D('',#13438,#9082,#9083);
#8263=AXIS2_PLACEMENT_3D('',#13444,#9087,#9088);
#8264=AXIS2_PLACEMENT_3D('',#13525,#9097,#9098);
#8265=AXIS2_PLACEMENT_3D('',#13531,#9102,#9103);
#8266=AXIS2_PLACEMENT_3D('',#13537,#9107,#9108);
#8267=AXIS2_PLACEMENT_3D('',#13663,#9120,#9121);
#8268=AXIS2_PLACEMENT_3D('',#13669,#9125,#9126);
#8269=AXIS2_PLACEMENT_3D('',#13675,#9130,#9131);
#8270=AXIS2_PLACEMENT_3D('',#13681,#9135,#9136);
#8271=AXIS2_PLACEMENT_3D('',#13684,#9139,#9140);
#8272=AXIS2_PLACEMENT_3D('',#13748,#9146,#9147);
#8273=AXIS2_PLACEMENT_3D('',#13814,#9155,#9156);
#8274=AXIS2_PLACEMENT_3D('',#13820,#9160,#9161);
#8275=AXIS2_PLACEMENT_3D('',#13826,#9165,#9166);
#8276=AXIS2_PLACEMENT_3D('',#13832,#9170,#9171);
#8277=AXIS2_PLACEMENT_3D('',#13838,#9175,#9176);
#8278=AXIS2_PLACEMENT_3D('',#13844,#9180,#9181);
#8279=AXIS2_PLACEMENT_3D('',#13850,#9185,#9186);
#8280=AXIS2_PLACEMENT_3D('',#13856,#9190,#9191);
#8281=AXIS2_PLACEMENT_3D('',#13862,#9195,#9196);
#8282=AXIS2_PLACEMENT_3D('',#13868,#9200,#9201);
#8283=AXIS2_PLACEMENT_3D('',#13874,#9205,#9206);
#8284=AXIS2_PLACEMENT_3D('',#13877,#9209,#9210);
#8285=AXIS2_PLACEMENT_3D('',#14148,#9229,#9230);
#8286=AXIS2_PLACEMENT_3D('',#14149,#9231,#9232);
#8287=AXIS2_PLACEMENT_3D('',#14158,#9237,#9238);
#8288=AXIS2_PLACEMENT_3D('',#14164,#9242,#9243);
#8289=AXIS2_PLACEMENT_3D('',#14170,#9247,#9248);
#8290=AXIS2_PLACEMENT_3D('',#14173,#9251,#9252);
#8291=AXIS2_PLACEMENT_3D('',#14174,#9253,#9254);
#8292=AXIS2_PLACEMENT_3D('',#14175,#9255,#9256);
#8293=AXIS2_PLACEMENT_3D('',#14176,#9257,#9258);
#8294=AXIS2_PLACEMENT_3D('',#14177,#9259,#9260);
#8295=AXIS2_PLACEMENT_3D('',#14178,#9261,#9262);
#8296=AXIS2_PLACEMENT_3D('',#14179,#9263,#9264);
#8297=AXIS2_PLACEMENT_3D('',#14180,#9265,#9266);
#8298=AXIS2_PLACEMENT_3D('',#14181,#9267,#9268);
#8299=AXIS2_PLACEMENT_3D('',#14182,#9269,#9270);
#8300=AXIS2_PLACEMENT_3D('',#14191,#9275,#9276);
#8301=AXIS2_PLACEMENT_3D('',#14193,#9277,#9278);
#8302=AXIS2_PLACEMENT_3D('',#14195,#9279,#9280);
#8303=AXIS2_PLACEMENT_3D('',#14197,#9282,#9283);
#8304=AXIS2_PLACEMENT_3D('',#14203,#9287,#9288);
#8305=AXIS2_PLACEMENT_3D('',#14205,#9289,#9290);
#8306=AXIS2_PLACEMENT_3D('',#14207,#9291,#9292);
#8307=AXIS2_PLACEMENT_3D('',#14209,#9294,#9295);
#8308=AXIS2_PLACEMENT_3D('',#14215,#9299,#9300);
#8309=AXIS2_PLACEMENT_3D('',#14217,#9301,#9302);
#8310=AXIS2_PLACEMENT_3D('',#14219,#9303,#9304);
#8311=AXIS2_PLACEMENT_3D('',#14221,#9306,#9307);
#8312=AXIS2_PLACEMENT_3D('',#14227,#9311,#9312);
#8313=AXIS2_PLACEMENT_3D('',#14228,#9313,#9314);
#8314=AXIS2_PLACEMENT_3D('',#14229,#9315,#9316);
#8315=AXIS2_PLACEMENT_3D('',#14230,#9317,#9318);
#8316=AXIS2_PLACEMENT_3D('',#14231,#9319,#9320);
#8317=DIRECTION('axis',(0.,0.,1.));
#8318=DIRECTION('refdir',(1.,0.,0.));
#8319=DIRECTION('center_axis',(0.204616588420113,0.97884219961305,0.));
#8320=DIRECTION('ref_axis',(0.97884219961305,-0.204616588420113,0.));
#8321=DIRECTION('',(0.97884219961305,-0.204616588420113,0.));
#8322=DIRECTION('',(0.,0.,-1.));
#8323=DIRECTION('',(0.97884219961305,-0.204616588420113,0.));
#8324=DIRECTION('',(0.,0.,-1.));
#8325=DIRECTION('center_axis',(-1.,0.,0.));
#8326=DIRECTION('ref_axis',(0.,1.,0.));
#8327=DIRECTION('',(0.,1.,0.));
#8328=DIRECTION('',(0.,0.,-1.));
#8329=DIRECTION('',(0.,1.,0.));
#8330=DIRECTION('center_axis',(-0.204616588420113,-0.97884219961305,0.));
#8331=DIRECTION('ref_axis',(-0.97884219961305,0.204616588420113,0.));
#8332=DIRECTION('',(-0.97884219961305,0.204616588420113,0.));
#8333=DIRECTION('',(0.,0.,-1.));
#8334=DIRECTION('',(-0.97884219961305,0.204616588420113,0.));
#8335=DIRECTION('center_axis',(1.,0.,0.));
#8336=DIRECTION('ref_axis',(0.,-1.,0.));
#8337=DIRECTION('',(0.,-1.,0.));
#8338=DIRECTION('',(0.,-1.,0.));
#8339=DIRECTION('center_axis',(0.,0.,-1.));
#8340=DIRECTION('ref_axis',(-1.,0.,0.));
#8341=DIRECTION('',(0.,0.,-1.));
#8342=DIRECTION('',(0.,0.,-1.));
#8343=DIRECTION('',(0.,0.,-1.));
#8344=DIRECTION('',(0.,0.,-1.));
#8345=DIRECTION('',(0.,0.,-1.));
#8346=DIRECTION('',(0.,0.,-1.));
#8347=DIRECTION('',(0.,0.,-1.));
#8348=DIRECTION('',(0.,0.,-1.));
#8349=DIRECTION('',(0.,0.,-1.));
#8350=DIRECTION('center_axis',(-0.206009725027519,-0.978549944149038,0.));
#8351=DIRECTION('ref_axis',(-0.978549944149038,0.206009725027519,0.));
#8352=DIRECTION('',(-0.978549944149038,0.206009725027519,0.));
#8353=DIRECTION('',(-0.978549944149038,0.206009725027519,0.));
#8354=DIRECTION('',(0.,0.,-1.));
#8355=DIRECTION('',(0.,0.,-1.));
#8356=DIRECTION('',(0.,0.,-1.));
#8357=DIRECTION('',(0.,0.,-1.));
#8358=DIRECTION('',(0.,0.,-1.));
#8359=DIRECTION('',(0.,0.,-1.));
#8360=DIRECTION('',(0.,0.,-1.));
#8361=DIRECTION('',(0.,0.,-1.));
#8362=DIRECTION('',(0.,0.,-1.));
#8363=DIRECTION('',(0.,0.,-1.));
#8364=DIRECTION('',(0.,0.,-1.));
#8365=DIRECTION('',(0.,0.,-1.));
#8366=DIRECTION('center_axis',(1.,0.,0.));
#8367=DIRECTION('ref_axis',(0.,-1.,0.));
#8368=DIRECTION('',(0.,-1.,0.));
#8369=DIRECTION('',(0.,0.,-1.));
#8370=DIRECTION('',(0.,-1.,0.));
#8371=DIRECTION('',(0.,0.,-1.));
#8372=DIRECTION('',(0.,0.,-1.));
#8373=DIRECTION('',(0.,0.,-1.));
#8374=DIRECTION('',(0.,0.,-1.));
#8375=DIRECTION('',(0.,0.,-1.));
#8376=DIRECTION('',(0.,0.,-1.));
#8377=DIRECTION('',(0.,0.,-1.));
#8378=DIRECTION('',(0.,0.,-1.));
#8379=DIRECTION('center_axis',(0.99634667927826,-0.0854007885864245,0.));
#8380=DIRECTION('ref_axis',(-0.0854007885864245,-0.99634667927826,0.));
#8381=DIRECTION('',(-0.0854007885864245,-0.99634667927826,0.));
#8382=DIRECTION('',(0.,0.,-1.));
#8383=DIRECTION('',(-0.0854007885864245,-0.99634667927826,0.));
#8384=DIRECTION('',(0.,0.,-1.));
#8385=DIRECTION('center_axis',(0.,0.,1.));
#8386=DIRECTION('ref_axis',(-1.,0.,0.));
#8387=DIRECTION('',(0.,0.,-1.));
#8388=DIRECTION('',(0.,0.,-1.));
#8389=DIRECTION('',(0.,0.,-1.));
#8390=DIRECTION('',(0.,0.,-1.));
#8391=DIRECTION('',(0.,0.,-1.));
#8392=DIRECTION('',(0.,0.,-1.));
#8393=DIRECTION('center_axis',(-0.205620845509891,-0.978631732518314,0.));
#8394=DIRECTION('ref_axis',(-0.978631732518314,0.205620845509891,0.));
#8395=DIRECTION('',(-0.978631732518314,0.205620845509891,0.));
#8396=DIRECTION('',(0.,0.,-1.));
#8397=DIRECTION('',(-0.978631732518314,0.205620845509891,0.));
#8398=DIRECTION('center_axis',(1.,0.,0.));
#8399=DIRECTION('ref_axis',(0.,-1.,0.));
#8400=DIRECTION('',(0.,-1.,0.));
#8401=DIRECTION('',(0.,0.,-1.));
#8402=DIRECTION('',(0.,-1.,0.));
#8403=DIRECTION('center_axis',(0.204898124181727,0.978783305286114,0.));
#8404=DIRECTION('ref_axis',(0.978783305286114,-0.204898124181727,0.));
#8405=DIRECTION('',(0.978783305286114,-0.204898124181727,0.));
#8406=DIRECTION('',(0.,0.,-1.));
#8407=DIRECTION('',(0.978783305286114,-0.204898124181727,0.));
#8408=DIRECTION('',(0.,0.,-1.));
#8409=DIRECTION('',(0.,0.,-1.));
#8410=DIRECTION('',(0.,0.,-1.));
#8411=DIRECTION('',(0.,0.,-1.));
#8412=DIRECTION('',(0.,0.,-1.));
#8413=DIRECTION('center_axis',(0.206199958705247,0.978509875795822,0.));
#8414=DIRECTION('ref_axis',(0.978509875795822,-0.206199958705246,0.));
#8415=DIRECTION('',(0.978509875795822,-0.206199958705246,0.));
#8416=DIRECTION('',(0.,0.,-1.));
#8417=DIRECTION('',(0.978509875795822,-0.206199958705246,0.));
#8418=DIRECTION('center_axis',(-1.,0.,0.));
#8419=DIRECTION('ref_axis',(0.,1.,0.));
#8420=DIRECTION('',(0.,1.,0.));
#8421=DIRECTION('',(0.,0.,-1.));
#8422=DIRECTION('',(0.,1.,0.));
#8423=DIRECTION('center_axis',(-0.20496727003688,-0.978768827769678,0.));
#8424=DIRECTION('ref_axis',(-0.978768827769678,0.20496727003688,0.));
#8425=DIRECTION('',(-0.978768827769678,0.20496727003688,0.));
#8426=DIRECTION('',(0.,0.,-1.));
#8427=DIRECTION('',(-0.978768827769678,0.20496727003688,0.));
#8428=DIRECTION('center_axis',(1.,0.,0.));
#8429=DIRECTION('ref_axis',(0.,-1.,0.));
#8430=DIRECTION('',(0.,-1.,0.));
#8431=DIRECTION('',(0.,0.,-1.));
#8432=DIRECTION('',(0.,-1.,0.));
#8433=DIRECTION('center_axis',(0.204602061527254,0.978845236193545,0.));
#8434=DIRECTION('ref_axis',(0.978845236193546,-0.204602061527254,0.));
#8435=DIRECTION('',(0.978845236193546,-0.204602061527254,0.));
#8436=DIRECTION('',(0.,0.,-1.));
#8437=DIRECTION('',(0.978845236193546,-0.204602061527254,0.));
#8438=DIRECTION('center_axis',(0.,0.,1.));
#8439=DIRECTION('ref_axis',(-1.,0.,0.));
#8440=DIRECTION('',(0.,0.,-1.));
#8441=DIRECTION('',(0.,0.,-1.));
#8442=DIRECTION('',(0.,0.,-1.));
#8443=DIRECTION('',(0.,0.,-1.));
#8444=DIRECTION('',(0.,0.,-1.));
#8445=DIRECTION('',(0.,0.,-1.));
#8446=DIRECTION('',(0.,0.,-1.));
#8447=DIRECTION('',(0.,0.,-1.));
#8448=DIRECTION('',(0.,0.,-1.));
#8449=DIRECTION('center_axis',(1.,0.,0.));
#8450=DIRECTION('ref_axis',(0.,-1.,0.));
#8451=DIRECTION('',(0.,-1.,0.));
#8452=DIRECTION('',(0.,0.,-1.));
#8453=DIRECTION('',(0.,-1.,0.));
#8454=DIRECTION('center_axis',(0.20186363826079,0.979413636594936,0.));
#8455=DIRECTION('ref_axis',(0.979413636594936,-0.20186363826079,0.));
#8456=DIRECTION('',(0.979413636594936,-0.20186363826079,0.));
#8457=DIRECTION('',(0.,0.,-1.));
#8458=DIRECTION('',(0.979413636594936,-0.20186363826079,0.));
#8459=DIRECTION('center_axis',(-1.,-8.54376370699792E-15,0.));
#8460=DIRECTION('ref_axis',(-8.54376370699792E-15,1.,0.));
#8461=DIRECTION('',(-8.54376370699792E-15,1.,0.));
#8462=DIRECTION('',(0.,0.,-1.));
#8463=DIRECTION('',(-8.54376370699792E-15,1.,0.));
#8464=DIRECTION('',(0.,0.,-1.));
#8465=DIRECTION('',(0.,0.,-1.));
#8466=DIRECTION('',(0.,0.,-1.));
#8467=DIRECTION('',(0.,0.,-1.));
#8468=DIRECTION('',(0.,0.,-1.));
#8469=DIRECTION('',(0.,0.,-1.));
#8470=DIRECTION('',(0.,0.,-1.));
#8471=DIRECTION('',(0.,0.,-1.));
#8472=DIRECTION('',(0.,0.,-1.));
#8473=DIRECTION('center_axis',(0.989013616162907,-0.147824446707472,0.));
#8474=DIRECTION('ref_axis',(-0.147824446707472,-0.989013616162907,0.));
#8475=DIRECTION('',(-0.147824446707472,-0.989013616162907,0.));
#8476=DIRECTION('',(0.,0.,-1.));
#8477=DIRECTION('',(-0.147824446707472,-0.989013616162907,0.));
#8478=DIRECTION('',(0.,0.,-1.));
#8479=DIRECTION('center_axis',(0.,0.,1.));
#8480=DIRECTION('ref_axis',(-1.,0.,0.));
#8481=DIRECTION('center_axis',(0.204941597481768,0.978774203594282,0.));
#8482=DIRECTION('ref_axis',(0.978774203594282,-0.204941597481768,0.));
#8483=DIRECTION('',(0.978774203594282,-0.204941597481768,0.));
#8484=DIRECTION('',(0.,0.,-1.));
#8485=DIRECTION('',(0.978774203594282,-0.204941597481768,0.));
#8486=DIRECTION('',(0.,0.,-1.));
#8487=DIRECTION('center_axis',(-1.,0.,0.));
#8488=DIRECTION('ref_axis',(0.,1.,0.));
#8489=DIRECTION('',(0.,1.,0.));
#8490=DIRECTION('',(0.,0.,-1.));
#8491=DIRECTION('',(0.,1.,0.));
#8492=DIRECTION('center_axis',(-0.204942090463208,-0.97877410037075,0.));
#8493=DIRECTION('ref_axis',(-0.97877410037075,0.204942090463208,0.));
#8494=DIRECTION('',(-0.97877410037075,0.204942090463208,0.));
#8495=DIRECTION('',(0.,0.,-1.));
#8496=DIRECTION('',(-0.97877410037075,0.204942090463208,0.));
#8497=DIRECTION('center_axis',(1.,0.,0.));
#8498=DIRECTION('ref_axis',(0.,-1.,0.));
#8499=DIRECTION('',(0.,-1.,0.));
#8500=DIRECTION('',(0.,-1.,0.));
#8501=DIRECTION('center_axis',(0.,0.,-1.));
#8502=DIRECTION('ref_axis',(-1.,0.,0.));
#8503=DIRECTION('',(0.,0.,-1.));
#8504=DIRECTION('',(0.,0.,-1.));
#8505=DIRECTION('',(0.,0.,-1.));
#8506=DIRECTION('center_axis',(1.,-1.58982857796623E-14,0.));
#8507=DIRECTION('ref_axis',(-1.58982857796623E-14,-1.,0.));
#8508=DIRECTION('',(-1.58982857796623E-14,-1.,0.));
#8509=DIRECTION('',(0.,0.,-1.));
#8510=DIRECTION('',(-1.58982857796623E-14,-1.,0.));
#8511=DIRECTION('',(0.,0.,-1.));
#8512=DIRECTION('',(0.,0.,-1.));
#8513=DIRECTION('',(0.,0.,-1.));
#8514=DIRECTION('',(0.,0.,-1.));
#8515=DIRECTION('center_axis',(0.206253178539452,0.978498659346232,0.));
#8516=DIRECTION('ref_axis',(0.978498659346232,-0.206253178539452,0.));
#8517=DIRECTION('',(0.978498659346232,-0.206253178539452,0.));
#8518=DIRECTION('',(0.,0.,-1.));
#8519=DIRECTION('',(0.978498659346232,-0.206253178539452,0.));
#8520=DIRECTION('center_axis',(-1.,0.,0.));
#8521=DIRECTION('ref_axis',(0.,1.,0.));
#8522=DIRECTION('',(0.,1.,0.));
#8523=DIRECTION('',(0.,0.,-1.));
#8524=DIRECTION('',(0.,1.,0.));
#8525=DIRECTION('center_axis',(-0.203216481166376,-0.979133832416364,0.));
#8526=DIRECTION('ref_axis',(-0.979133832416364,0.203216481166376,0.));
#8527=DIRECTION('',(-0.979133832416364,0.203216481166376,0.));
#8528=DIRECTION('',(0.,0.,-1.));
#8529=DIRECTION('',(-0.979133832416364,0.203216481166376,0.));
#8530=DIRECTION('center_axis',(1.,0.,0.));
#8531=DIRECTION('ref_axis',(0.,-1.,0.));
#8532=DIRECTION('',(0.,-1.,0.));
#8533=DIRECTION('',(0.,0.,-1.));
#8534=DIRECTION('',(0.,-1.,0.));
#8535=DIRECTION('center_axis',(0.,0.,1.));
#8536=DIRECTION('ref_axis',(-1.,0.,0.));
#8537=DIRECTION('center_axis',(-0.205184731649821,-0.97872326318413,0.));
#8538=DIRECTION('ref_axis',(-0.97872326318413,0.20518473164982,0.));
#8539=DIRECTION('',(-0.97872326318413,0.20518473164982,0.));
#8540=DIRECTION('',(0.,0.,-1.));
#8541=DIRECTION('',(-0.97872326318413,0.205184731649821,0.));
#8542=DIRECTION('',(0.,0.,-1.));
#8543=DIRECTION('center_axis',(1.,0.,0.));
#8544=DIRECTION('ref_axis',(0.,-1.,0.));
#8545=DIRECTION('',(0.,-1.,0.));
#8546=DIRECTION('',(0.,0.,-1.));
#8547=DIRECTION('',(0.,-1.,0.));
#8548=DIRECTION('center_axis',(0.205040448433502,0.978753500380044,0.));
#8549=DIRECTION('ref_axis',(0.978753500380044,-0.205040448433502,0.));
#8550=DIRECTION('',(0.978753500380044,-0.205040448433502,0.));
#8551=DIRECTION('',(0.,0.,-1.));
#8552=DIRECTION('',(0.978753500380044,-0.205040448433502,0.));
#8553=DIRECTION('center_axis',(-1.,0.,0.));
#8554=DIRECTION('ref_axis',(0.,1.,0.));
#8555=DIRECTION('',(0.,1.,0.));
#8556=DIRECTION('',(0.,0.,-1.));
#8557=DIRECTION('',(0.,1.,0.));
#8558=DIRECTION('',(0.,0.,-1.));
#8559=DIRECTION('center_axis',(-0.206395466904391,-0.978468656238573,0.));
#8560=DIRECTION('ref_axis',(-0.978468656238573,0.206395466904391,0.));
#8561=DIRECTION('',(-0.978468656238573,0.206395466904391,0.));
#8562=DIRECTION('',(0.,0.,-1.));
#8563=DIRECTION('',(-0.978468656238573,0.206395466904391,0.));
#8564=DIRECTION('',(0.,0.,-1.));
#8565=DIRECTION('center_axis',(0.,0.,1.));
#8566=DIRECTION('ref_axis',(-1.,0.,0.));
#8567=DIRECTION('',(0.,0.,-1.));
#8568=DIRECTION('',(0.,0.,-1.));
#8569=DIRECTION('',(0.,0.,-1.));
#8570=DIRECTION('',(0.,0.,-1.));
#8571=DIRECTION('',(0.,0.,-1.));
#8572=DIRECTION('',(0.,0.,-1.));
#8573=DIRECTION('',(0.,0.,-1.));
#8574=DIRECTION('',(0.,0.,-1.));
#8575=DIRECTION('',(0.,0.,-1.));
#8576=DIRECTION('center_axis',(-0.205995360534304,-0.97855296813118,0.));
#8577=DIRECTION('ref_axis',(-0.97855296813118,0.205995360534304,0.));
#8578=DIRECTION('',(-0.97855296813118,0.205995360534304,0.));
#8579=DIRECTION('',(-0.97855296813118,0.205995360534304,0.));
#8580=DIRECTION('',(0.,0.,-1.));
#8581=DIRECTION('',(0.,0.,-1.));
#8582=DIRECTION('',(0.,0.,-1.));
#8583=DIRECTION('',(0.,0.,-1.));
#8584=DIRECTION('',(0.,0.,-1.));
#8585=DIRECTION('',(0.,0.,-1.));
#8586=DIRECTION('',(0.,0.,-1.));
#8587=DIRECTION('',(0.,0.,-1.));
#8588=DIRECTION('',(0.,0.,-1.));
#8589=DIRECTION('',(0.,0.,-1.));
#8590=DIRECTION('',(0.,0.,-1.));
#8591=DIRECTION('',(0.,0.,-1.));
#8592=DIRECTION('center_axis',(1.,0.,0.));
#8593=DIRECTION('ref_axis',(0.,-1.,0.));
#8594=DIRECTION('',(0.,-1.,0.));
#8595=DIRECTION('',(0.,0.,-1.));
#8596=DIRECTION('',(0.,-1.,0.));
#8597=DIRECTION('',(0.,0.,-1.));
#8598=DIRECTION('',(0.,0.,-1.));
#8599=DIRECTION('',(0.,0.,-1.));
#8600=DIRECTION('',(0.,0.,-1.));
#8601=DIRECTION('',(0.,0.,-1.));
#8602=DIRECTION('',(0.,0.,-1.));
#8603=DIRECTION('',(0.,0.,-1.));
#8604=DIRECTION('',(0.,0.,-1.));
#8605=DIRECTION('center_axis',(0.996346650301605,-0.0854011266481332,0.));
#8606=DIRECTION('ref_axis',(-0.0854011266481332,-0.996346650301605,0.));
#8607=DIRECTION('',(-0.0854011266481332,-0.996346650301605,0.));
#8608=DIRECTION('',(0.,0.,-1.));
#8609=DIRECTION('',(-0.0854011266481332,-0.996346650301605,0.));
#8610=DIRECTION('',(0.,0.,-1.));
#8611=DIRECTION('center_axis',(0.,0.,1.));
#8612=DIRECTION('ref_axis',(-1.,0.,0.));
#8613=DIRECTION('center_axis',(-0.423941007253799,-0.905689804717175,0.));
#8614=DIRECTION('ref_axis',(-0.905689804717175,0.423941007253799,0.));
#8615=DIRECTION('',(-0.905689804717175,0.423941007253799,0.));
#8616=DIRECTION('',(0.,0.,-1.));
#8617=DIRECTION('',(-0.905689804717175,0.423941007253799,0.));
#8618=DIRECTION('',(0.,0.,-1.));
#8619=DIRECTION('center_axis',(0.171614742074991,-0.98516413876193,0.));
#8620=DIRECTION('ref_axis',(-0.98516413876193,-0.171614742074991,0.));
#8621=DIRECTION('',(-0.98516413876193,-0.171614742074991,0.));
#8622=DIRECTION('',(0.,0.,-1.));
#8623=DIRECTION('',(-0.98516413876193,-0.171614742074991,0.));
#8624=DIRECTION('',(0.,0.,-1.));
#8625=DIRECTION('',(0.,0.,-1.));
#8626=DIRECTION('',(0.,0.,-1.));
#8627=DIRECTION('center_axis',(-0.116033942534923,-0.993245248757729,0.));
#8628=DIRECTION('ref_axis',(-0.993245248757729,0.116033942534923,0.));
#8629=DIRECTION('',(-0.993245248757729,0.116033942534923,0.));
#8630=DIRECTION('',(0.,0.,-1.));
#8631=DIRECTION('',(-0.993245248757729,0.116033942534923,0.));
#8632=DIRECTION('',(0.,0.,-1.));
#8633=DIRECTION('',(0.,0.,-1.));
#8634=DIRECTION('',(0.,0.,-1.));
#8635=DIRECTION('',(0.,0.,-1.));
#8636=DIRECTION('center_axis',(0.490332662513023,0.871535357901726,0.));
#8637=DIRECTION('ref_axis',(0.871535357901726,-0.490332662513023,0.));
#8638=DIRECTION('',(0.871535357901726,-0.490332662513023,0.));
#8639=DIRECTION('',(0.,0.,-1.));
#8640=DIRECTION('',(0.871535357901726,-0.490332662513023,0.));
#8641=DIRECTION('center_axis',(-1.,0.,0.));
#8642=DIRECTION('ref_axis',(0.,1.,0.));
#8643=DIRECTION('',(0.,1.,0.));
#8644=DIRECTION('',(0.,0.,-1.));
#8645=DIRECTION('',(0.,1.,0.));
#8646=DIRECTION('center_axis',(-0.47465655059111,-0.880171096424411,0.));
#8647=DIRECTION('ref_axis',(-0.880171096424411,0.47465655059111,0.));
#8648=DIRECTION('',(-0.880171096424411,0.47465655059111,0.));
#8649=DIRECTION('',(0.,0.,-1.));
#8650=DIRECTION('',(-0.880171096424411,0.47465655059111,0.));
#8651=DIRECTION('',(0.,0.,-1.));
#8652=DIRECTION('',(0.,0.,-1.));
#8653=DIRECTION('center_axis',(-0.134863021166915,0.990864251813402,0.));
#8654=DIRECTION('ref_axis',(0.990864251813402,0.134863021166915,0.));
#8655=DIRECTION('',(0.990864251813402,0.134863021166915,0.));
#8656=DIRECTION('',(0.,0.,-1.));
#8657=DIRECTION('',(0.990864251813402,0.134863021166915,0.));
#8658=DIRECTION('center_axis',(-1.,0.,0.));
#8659=DIRECTION('ref_axis',(0.,1.,0.));
#8660=DIRECTION('',(0.,1.,0.));
#8661=DIRECTION('',(0.,0.,-1.));
#8662=DIRECTION('',(0.,1.,0.));
#8663=DIRECTION('center_axis',(0.171614742074991,-0.98516413876193,0.));
#8664=DIRECTION('ref_axis',(-0.98516413876193,-0.171614742074991,0.));
#8665=DIRECTION('',(-0.98516413876193,-0.171614742074991,0.));
#8666=DIRECTION('',(0.,0.,-1.));
#8667=DIRECTION('',(-0.98516413876193,-0.171614742074991,0.));
#8668=DIRECTION('',(0.,0.,-1.));
#8669=DIRECTION('center_axis',(0.,0.,1.));
#8670=DIRECTION('ref_axis',(-1.,0.,0.));
#8671=DIRECTION('',(0.,0.,-1.));
#8672=DIRECTION('',(0.,0.,-1.));
#8673=DIRECTION('center_axis',(0.204336054138125,0.978900800377271,0.));
#8674=DIRECTION('ref_axis',(0.978900800377271,-0.204336054138125,0.));
#8675=DIRECTION('',(0.978900800377271,-0.204336054138125,0.));
#8676=DIRECTION('',(0.,0.,-1.));
#8677=DIRECTION('',(0.978900800377271,-0.204336054138125,0.));
#8678=DIRECTION('center_axis',(-1.,0.,0.));
#8679=DIRECTION('ref_axis',(0.,1.,0.));
#8680=DIRECTION('',(0.,1.,0.));
#8681=DIRECTION('',(0.,0.,-1.));
#8682=DIRECTION('',(0.,1.,0.));
#8683=DIRECTION('center_axis',(-0.204616588420113,-0.97884219961305,0.));
#8684=DIRECTION('ref_axis',(-0.97884219961305,0.204616588420113,0.));
#8685=DIRECTION('',(-0.97884219961305,0.204616588420113,0.));
#8686=DIRECTION('',(0.,0.,-1.));
#8687=DIRECTION('',(-0.97884219961305,0.204616588420113,0.));
#8688=DIRECTION('center_axis',(1.,0.,0.));
#8689=DIRECTION('ref_axis',(0.,-1.,0.));
#8690=DIRECTION('',(0.,-1.,0.));
#8691=DIRECTION('',(0.,0.,-1.));
#8692=DIRECTION('',(0.,-1.,0.));
#8693=DIRECTION('center_axis',(0.205713846912311,0.978612187328841,0.));
#8694=DIRECTION('ref_axis',(0.978612187328841,-0.205713846912311,0.));
#8695=DIRECTION('',(0.978612187328841,-0.205713846912311,0.));
#8696=DIRECTION('',(0.,0.,-1.));
#8697=DIRECTION('',(0.978612187328841,-0.205713846912311,0.));
#8698=DIRECTION('',(0.,0.,-1.));
#8699=DIRECTION('',(0.,0.,-1.));
#8700=DIRECTION('',(0.,0.,-1.));
#8701=DIRECTION('',(0.,0.,-1.));
#8702=DIRECTION('center_axis',(0.423941007253799,0.905689804717175,0.));
#8703=DIRECTION('ref_axis',(0.905689804717175,-0.423941007253799,0.));
#8704=DIRECTION('',(0.905689804717175,-0.423941007253799,0.));
#8705=DIRECTION('',(0.905689804717175,-0.423941007253799,0.));
#8706=DIRECTION('center_axis',(-0.171614742074991,0.98516413876193,0.));
#8707=DIRECTION('ref_axis',(0.98516413876193,0.171614742074991,0.));
#8708=DIRECTION('',(0.98516413876193,0.171614742074991,0.));
#8709=DIRECTION('',(0.98516413876193,0.171614742074991,0.));
#8710=DIRECTION('center_axis',(0.,0.,1.));
#8711=DIRECTION('ref_axis',(-1.,0.,0.));
#8712=DIRECTION('',(0.,0.,-1.));
#8713=DIRECTION('',(0.,0.,-1.));
#8714=DIRECTION('',(0.,0.,-1.));
#8715=DIRECTION('',(0.,0.,-1.));
#8716=DIRECTION('',(0.,0.,-1.));
#8717=DIRECTION('center_axis',(0.206703593609671,0.978403610167526,0.));
#8718=DIRECTION('ref_axis',(0.978403610167526,-0.206703593609671,0.));
#8719=DIRECTION('',(0.978403610167526,-0.206703593609671,0.));
#8720=DIRECTION('',(0.,0.,-1.));
#8721=DIRECTION('',(0.978403610167526,-0.206703593609671,0.));
#8722=DIRECTION('',(0.,0.,-1.));
#8723=DIRECTION('',(0.,0.,-1.));
#8724=DIRECTION('',(0.,0.,-1.));
#8725=DIRECTION('',(0.,0.,-1.));
#8726=DIRECTION('center_axis',(0.204569432635163,0.978852055844665,0.));
#8727=DIRECTION('ref_axis',(0.978852055844665,-0.204569432635163,0.));
#8728=DIRECTION('',(0.978852055844665,-0.204569432635163,0.));
#8729=DIRECTION('',(0.,0.,-1.));
#8730=DIRECTION('',(0.978852055844665,-0.204569432635163,0.));
#8731=DIRECTION('center_axis',(1.,0.,0.));
#8732=DIRECTION('ref_axis',(0.,-1.,0.));
#8733=DIRECTION('',(0.,-1.,0.));
#8734=DIRECTION('',(0.,0.,-1.));
#8735=DIRECTION('',(0.,-1.,0.));
#8736=DIRECTION('center_axis',(0.202302078109663,0.979323168924595,0.));
#8737=DIRECTION('ref_axis',(0.979323168924595,-0.202302078109663,0.));
#8738=DIRECTION('',(0.979323168924595,-0.202302078109663,0.));
#8739=DIRECTION('',(0.,0.,-1.));
#8740=DIRECTION('',(0.979323168924595,-0.202302078109663,0.));
#8741=DIRECTION('center_axis',(-1.,0.,0.));
#8742=DIRECTION('ref_axis',(0.,1.,0.));
#8743=DIRECTION('',(0.,1.,0.));
#8744=DIRECTION('',(0.,0.,-1.));
#8745=DIRECTION('',(0.,1.,0.));
#8746=DIRECTION('center_axis',(0.204802776799789,0.978803260423205,0.));
#8747=DIRECTION('ref_axis',(0.978803260423205,-0.204802776799789,0.));
#8748=DIRECTION('',(0.978803260423205,-0.204802776799789,0.));
#8749=DIRECTION('',(0.,0.,-1.));
#8750=DIRECTION('',(0.978803260423205,-0.204802776799789,0.));
#8751=DIRECTION('center_axis',(-0.856802577112148,-0.515644590637758,0.));
#8752=DIRECTION('ref_axis',(-0.515644590637758,0.856802577112148,0.));
#8753=DIRECTION('',(-0.515644590637758,0.856802577112148,0.));
#8754=DIRECTION('',(0.,0.,-1.));
#8755=DIRECTION('',(-0.515644590637758,0.856802577112148,0.));
#8756=DIRECTION('center_axis',(-0.20165249451938,-0.979457130993548,0.));
#8757=DIRECTION('ref_axis',(-0.979457130993548,0.20165249451938,0.));
#8758=DIRECTION('',(-0.979457130993548,0.20165249451938,0.));
#8759=DIRECTION('',(0.,0.,-1.));
#8760=DIRECTION('',(-0.979457130993548,0.20165249451938,0.));
#8761=DIRECTION('center_axis',(-1.,0.,0.));
#8762=DIRECTION('ref_axis',(0.,1.,0.));
#8763=DIRECTION('',(0.,1.,0.));
#8764=DIRECTION('',(0.,0.,-1.));
#8765=DIRECTION('',(0.,1.,0.));
#8766=DIRECTION('center_axis',(-0.202302078109663,-0.979323168924595,0.));
#8767=DIRECTION('ref_axis',(-0.979323168924595,0.202302078109663,0.));
#8768=DIRECTION('',(-0.979323168924595,0.202302078109663,0.));
#8769=DIRECTION('',(0.,0.,-1.));
#8770=DIRECTION('',(-0.979323168924595,0.202302078109663,0.));
#8771=DIRECTION('center_axis',(1.,0.,0.));
#8772=DIRECTION('ref_axis',(0.,-1.,0.));
#8773=DIRECTION('',(0.,-1.,0.));
#8774=DIRECTION('',(0.,0.,-1.));
#8775=DIRECTION('',(0.,-1.,0.));
#8776=DIRECTION('center_axis',(-0.204045452903019,-0.978961415557121,0.));
#8777=DIRECTION('ref_axis',(-0.978961415557121,0.204045452903019,0.));
#8778=DIRECTION('',(-0.978961415557121,0.204045452903019,0.));
#8779=DIRECTION('',(-0.978961415557121,0.204045452903019,0.));
#8780=DIRECTION('center_axis',(0.,0.,1.));
#8781=DIRECTION('ref_axis',(-1.,0.,0.));
#8782=DIRECTION('',(0.,0.,-1.));
#8783=DIRECTION('',(0.,0.,-1.));
#8784=DIRECTION('',(0.,0.,-1.));
#8785=DIRECTION('',(0.,0.,-1.));
#8786=DIRECTION('',(0.,0.,-1.));
#8787=DIRECTION('',(0.,0.,-1.));
#8788=DIRECTION('',(0.,0.,-1.));
#8789=DIRECTION('',(0.,0.,-1.));
#8790=DIRECTION('',(0.,0.,-1.));
#8791=DIRECTION('',(0.,0.,-1.));
#8792=DIRECTION('center_axis',(0.204308735471198,0.978906502486402,0.));
#8793=DIRECTION('ref_axis',(0.978906502486402,-0.204308735471198,0.));
#8794=DIRECTION('',(0.978906502486402,-0.204308735471198,0.));
#8795=DIRECTION('',(0.,0.,-1.));
#8796=DIRECTION('',(0.978906502486402,-0.204308735471198,0.));
#8797=DIRECTION('',(0.,0.,-1.));
#8798=DIRECTION('',(0.,0.,-1.));
#8799=DIRECTION('',(0.,0.,-1.));
#8800=DIRECTION('',(0.,0.,-1.));
#8801=DIRECTION('',(0.,0.,-1.));
#8802=DIRECTION('',(0.,0.,-1.));
#8803=DIRECTION('',(0.,0.,-1.));
#8804=DIRECTION('',(0.,0.,-1.));
#8805=DIRECTION('center_axis',(0.206460061254373,0.978455028658364,0.));
#8806=DIRECTION('ref_axis',(0.978455028658364,-0.206460061254373,0.));
#8807=DIRECTION('',(0.978455028658364,-0.206460061254373,0.));
#8808=DIRECTION('',(0.,0.,-1.));
#8809=DIRECTION('',(0.978455028658364,-0.206460061254373,0.));
#8810=DIRECTION('center_axis',(-1.,0.,0.));
#8811=DIRECTION('ref_axis',(0.,1.,0.));
#8812=DIRECTION('',(0.,1.,0.));
#8813=DIRECTION('',(0.,0.,-1.));
#8814=DIRECTION('',(0.,1.,0.));
#8815=DIRECTION('center_axis',(-0.204194128024294,-0.978930415341355,0.));
#8816=DIRECTION('ref_axis',(-0.978930415341355,0.204194128024294,0.));
#8817=DIRECTION('',(-0.978930415341355,0.204194128024294,0.));
#8818=DIRECTION('',(0.,0.,-1.));
#8819=DIRECTION('',(-0.978930415341355,0.204194128024294,0.));
#8820=DIRECTION('center_axis',(1.,0.,0.));
#8821=DIRECTION('ref_axis',(0.,-1.,0.));
#8822=DIRECTION('',(0.,-1.,0.));
#8823=DIRECTION('',(0.,-1.,0.));
#8824=DIRECTION('center_axis',(0.,0.,1.));
#8825=DIRECTION('ref_axis',(-1.,0.,0.));
#8826=DIRECTION('center_axis',(-1.,0.,0.));
#8827=DIRECTION('ref_axis',(0.,1.,0.));
#8828=DIRECTION('',(0.,1.,0.));
#8829=DIRECTION('',(0.,0.,-1.));
#8830=DIRECTION('',(0.,1.,0.));
#8831=DIRECTION('',(0.,0.,-1.));
#8832=DIRECTION('center_axis',(-0.20496727003688,-0.978768827769678,0.));
#8833=DIRECTION('ref_axis',(-0.978768827769678,0.20496727003688,0.));
#8834=DIRECTION('',(-0.978768827769678,0.20496727003688,0.));
#8835=DIRECTION('',(0.,0.,-1.));
#8836=DIRECTION('',(-0.978768827769678,0.20496727003688,0.));
#8837=DIRECTION('center_axis',(1.,0.,0.));
#8838=DIRECTION('ref_axis',(0.,-1.,0.));
#8839=DIRECTION('',(0.,-1.,0.));
#8840=DIRECTION('',(0.,0.,-1.));
#8841=DIRECTION('',(0.,-1.,0.));
#8842=DIRECTION('center_axis',(0.204327404689385,0.978902605825983,0.));
#8843=DIRECTION('ref_axis',(0.978902605825983,-0.204327404689385,0.));
#8844=DIRECTION('',(0.978902605825983,-0.204327404689385,0.));
#8845=DIRECTION('',(0.978902605825983,-0.204327404689385,0.));
#8846=DIRECTION('center_axis',(0.,0.,-1.));
#8847=DIRECTION('ref_axis',(-1.,0.,0.));
#8848=DIRECTION('',(0.,0.,-1.));
#8849=DIRECTION('',(0.,0.,-1.));
#8850=DIRECTION('',(0.,0.,-1.));
#8851=DIRECTION('',(0.,0.,-1.));
#8852=DIRECTION('',(0.,0.,-1.));
#8853=DIRECTION('',(0.,0.,-1.));
#8854=DIRECTION('',(0.,0.,-1.));
#8855=DIRECTION('',(0.,0.,-1.));
#8856=DIRECTION('',(0.,0.,-1.));
#8857=DIRECTION('',(0.,0.,-1.));
#8858=DIRECTION('',(0.,0.,-1.));
#8859=DIRECTION('',(0.,0.,-1.));
#8860=DIRECTION('',(0.,0.,-1.));
#8861=DIRECTION('',(0.,0.,-1.));
#8862=DIRECTION('',(0.,0.,-1.));
#8863=DIRECTION('',(0.,0.,-1.));
#8864=DIRECTION('',(0.,0.,-1.));
#8865=DIRECTION('',(0.,0.,-1.));
#8866=DIRECTION('',(0.,0.,-1.));
#8867=DIRECTION('center_axis',(0.205707332851144,0.97861355662553,0.));
#8868=DIRECTION('ref_axis',(0.97861355662553,-0.205707332851144,0.));
#8869=DIRECTION('',(0.97861355662553,-0.205707332851144,0.));
#8870=DIRECTION('',(0.,0.,-1.));
#8871=DIRECTION('',(0.97861355662553,-0.205707332851144,0.));
#8872=DIRECTION('center_axis',(-1.,0.,0.));
#8873=DIRECTION('ref_axis',(0.,1.,0.));
#8874=DIRECTION('',(0.,1.,0.));
#8875=DIRECTION('',(0.,0.,-1.));
#8876=DIRECTION('',(0.,1.,0.));
#8877=DIRECTION('center_axis',(-0.204327404689385,-0.978902605825983,0.));
#8878=DIRECTION('ref_axis',(-0.978902605825983,0.204327404689385,0.));
#8879=DIRECTION('',(-0.978902605825983,0.204327404689385,0.));
#8880=DIRECTION('',(0.,0.,-1.));
#8881=DIRECTION('',(-0.978902605825983,0.204327404689385,0.));
#8882=DIRECTION('center_axis',(1.,0.,0.));
#8883=DIRECTION('ref_axis',(0.,-1.,0.));
#8884=DIRECTION('',(0.,-1.,0.));
#8885=DIRECTION('',(0.,0.,-1.));
#8886=DIRECTION('',(0.,-1.,0.));
#8887=DIRECTION('center_axis',(0.206857667792763,0.978371046830056,0.));
#8888=DIRECTION('ref_axis',(0.978371046830056,-0.206857667792763,0.));
#8889=DIRECTION('',(0.978371046830056,-0.206857667792763,0.));
#8890=DIRECTION('',(0.978371046830056,-0.206857667792763,0.));
#8891=DIRECTION('center_axis',(0.,0.,1.));
#8892=DIRECTION('ref_axis',(-1.,0.,0.));
#8893=DIRECTION('',(0.,0.,-1.));
#8894=DIRECTION('',(0.,0.,-1.));
#8895=DIRECTION('',(0.,0.,-1.));
#8896=DIRECTION('',(0.,0.,-1.));
#8897=DIRECTION('',(0.,0.,-1.));
#8898=DIRECTION('',(0.,0.,-1.));
#8899=DIRECTION('center_axis',(-1.,0.,0.));
#8900=DIRECTION('ref_axis',(0.,1.,0.));
#8901=DIRECTION('',(0.,1.,0.));
#8902=DIRECTION('',(0.,1.,0.));
#8903=DIRECTION('',(0.,0.,-1.));
#8904=DIRECTION('',(0.,0.,-1.));
#8905=DIRECTION('',(0.,0.,-1.));
#8906=DIRECTION('',(0.,0.,-1.));
#8907=DIRECTION('',(0.,0.,-1.));
#8908=DIRECTION('',(0.,0.,-1.));
#8909=DIRECTION('',(0.,0.,-1.));
#8910=DIRECTION('',(0.,0.,-1.));
#8911=DIRECTION('center_axis',(-0.98629004400246,0.165021056540146,0.));
#8912=DIRECTION('ref_axis',(0.165021056540146,0.98629004400246,0.));
#8913=DIRECTION('',(0.165021056540146,0.98629004400246,0.));
#8914=DIRECTION('',(0.,0.,-1.));
#8915=DIRECTION('',(0.165021056540146,0.98629004400246,0.));
#8916=DIRECTION('',(0.,0.,-1.));
#8917=DIRECTION('',(0.,0.,-1.));
#8918=DIRECTION('',(0.,0.,-1.));
#8919=DIRECTION('',(0.,0.,-1.));
#8920=DIRECTION('center_axis',(1.,0.,0.));
#8921=DIRECTION('ref_axis',(0.,-1.,0.));
#8922=DIRECTION('',(0.,-1.,0.));
#8923=DIRECTION('',(0.,0.,-1.));
#8924=DIRECTION('',(0.,-1.,0.));
#8925=DIRECTION('',(0.,0.,-1.));
#8926=DIRECTION('center_axis',(0.,0.,1.));
#8927=DIRECTION('ref_axis',(-1.,0.,0.));
#8928=DIRECTION('',(0.,0.,-1.));
#8929=DIRECTION('',(0.,0.,-1.));
#8930=DIRECTION('',(0.,0.,-1.));
#8931=DIRECTION('',(0.,0.,-1.));
#8932=DIRECTION('',(0.,0.,-1.));
#8933=DIRECTION('',(0.,0.,-1.));
#8934=DIRECTION('',(0.,0.,-1.));
#8935=DIRECTION('',(0.,0.,-1.));
#8936=DIRECTION('',(0.,0.,-1.));
#8937=DIRECTION('',(0.,0.,-1.));
#8938=DIRECTION('',(0.,0.,-1.));
#8939=DIRECTION('',(0.,0.,-1.));
#8940=DIRECTION('',(0.,0.,-1.));
#8941=DIRECTION('',(0.,0.,-1.));
#8942=DIRECTION('',(0.,0.,-1.));
#8943=DIRECTION('',(0.,0.,-1.));
#8944=DIRECTION('',(0.,0.,-1.));
#8945=DIRECTION('',(0.,0.,-1.));
#8946=DIRECTION('',(0.,0.,-1.));
#8947=DIRECTION('',(0.,0.,-1.));
#8948=DIRECTION('center_axis',(0.,0.,1.));
#8949=DIRECTION('ref_axis',(-1.,0.,0.));
#8950=DIRECTION('center_axis',(-0.507692439472178,-0.861538383882453,0.));
#8951=DIRECTION('ref_axis',(-0.861538383882453,0.507692439472178,0.));
#8952=DIRECTION('',(-0.861538383882453,0.507692439472178,0.));
#8953=DIRECTION('',(0.,0.,-1.));
#8954=DIRECTION('',(-0.861538383882453,0.507692439472178,0.));
#8955=DIRECTION('',(0.,0.,-1.));
#8956=DIRECTION('',(0.,0.,-1.));
#8957=DIRECTION('',(0.,0.,-1.));
#8958=DIRECTION('',(0.,0.,-1.));
#8959=DIRECTION('center_axis',(-0.159902837031969,0.987132758401385,0.));
#8960=DIRECTION('ref_axis',(0.987132758401385,0.159902837031969,0.));
#8961=DIRECTION('',(0.987132758401385,0.159902837031969,0.));
#8962=DIRECTION('',(0.,0.,-1.));
#8963=DIRECTION('',(0.987132758401385,0.159902837031969,0.));
#8964=DIRECTION('center_axis',(-1.,0.,0.));
#8965=DIRECTION('ref_axis',(0.,1.,0.));
#8966=DIRECTION('',(0.,1.,0.));
#8967=DIRECTION('',(0.,0.,-1.));
#8968=DIRECTION('',(0.,1.,0.));
#8969=DIRECTION('center_axis',(0.196648687076472,-0.980474014888258,0.));
#8970=DIRECTION('ref_axis',(-0.980474014888258,-0.196648687076472,0.));
#8971=DIRECTION('',(-0.980474014888258,-0.196648687076472,0.));
#8972=DIRECTION('',(0.,0.,-1.));
#8973=DIRECTION('',(-0.980474014888258,-0.196648687076472,0.));
#8974=DIRECTION('center_axis',(1.,0.,0.));
#8975=DIRECTION('ref_axis',(0.,-1.,0.));
#8976=DIRECTION('',(0.,-1.,0.));
#8977=DIRECTION('',(0.,0.,-1.));
#8978=DIRECTION('',(0.,-1.,0.));
#8979=DIRECTION('center_axis',(0.523784231396564,0.851850972260002,0.));
#8980=DIRECTION('ref_axis',(0.851850972260002,-0.523784231396564,0.));
#8981=DIRECTION('',(0.851850972260002,-0.523784231396564,0.));
#8982=DIRECTION('',(0.,0.,-1.));
#8983=DIRECTION('',(0.851850972260002,-0.523784231396564,0.));
#8984=DIRECTION('center_axis',(-1.,0.,0.));
#8985=DIRECTION('ref_axis',(0.,1.,0.));
#8986=DIRECTION('',(0.,1.,0.));
#8987=DIRECTION('',(0.,1.,0.));
#8988=DIRECTION('center_axis',(0.,0.,1.));
#8989=DIRECTION('ref_axis',(-1.,0.,0.));
#8990=DIRECTION('',(0.,0.,-1.));
#8991=DIRECTION('',(0.,0.,-1.));
#8992=DIRECTION('',(0.,0.,-1.));
#8993=DIRECTION('',(0.,0.,-1.));
#8994=DIRECTION('',(0.,0.,-1.));
#8995=DIRECTION('',(0.,0.,-1.));
#8996=DIRECTION('',(0.,0.,-1.));
#8997=DIRECTION('',(0.,0.,-1.));
#8998=DIRECTION('',(0.,0.,-1.));
#8999=DIRECTION('',(0.,0.,-1.));
#9000=DIRECTION('',(0.,0.,-1.));
#9001=DIRECTION('center_axis',(0.980867589230987,-0.194676070425186,0.));
#9002=DIRECTION('ref_axis',(-0.194676070425186,-0.980867589230987,0.));
#9003=DIRECTION('',(-0.194676070425186,-0.980867589230987,0.));
#9004=DIRECTION('',(0.,0.,-1.));
#9005=DIRECTION('',(-0.194676070425186,-0.980867589230987,0.));
#9006=DIRECTION('',(0.,0.,-1.));
#9007=DIRECTION('',(0.,0.,-1.));
#9008=DIRECTION('',(0.,0.,-1.));
#9009=DIRECTION('',(0.,0.,-1.));
#9010=DIRECTION('',(0.,0.,-1.));
#9011=DIRECTION('',(0.,0.,-1.));
#9012=DIRECTION('',(0.,0.,-1.));
#9013=DIRECTION('center_axis',(-0.204771987814463,-0.978809702141593,0.));
#9014=DIRECTION('ref_axis',(-0.978809702141593,0.204771987814463,0.));
#9015=DIRECTION('',(-0.978809702141593,0.204771987814463,0.));
#9016=DIRECTION('',(0.,0.,-1.));
#9017=DIRECTION('',(-0.978809702141593,0.204771987814463,0.));
#9018=DIRECTION('',(0.,0.,-1.));
#9019=DIRECTION('',(0.,0.,-1.));
#9020=DIRECTION('',(0.,0.,-1.));
#9021=DIRECTION('',(0.,0.,-1.));
#9022=DIRECTION('',(0.,0.,-1.));
#9023=DIRECTION('',(0.,0.,-1.));
#9024=DIRECTION('',(0.,0.,-1.));
#9025=DIRECTION('center_axis',(-0.992876864300323,-0.119145005506558,0.));
#9026=DIRECTION('ref_axis',(-0.119145005506558,0.992876864300323,0.));
#9027=DIRECTION('',(-0.119145005506558,0.992876864300323,0.));
#9028=DIRECTION('',(0.,0.,-1.));
#9029=DIRECTION('',(-0.119145005506558,0.992876864300323,0.));
#9030=DIRECTION('',(0.,0.,-1.));
#9031=DIRECTION('center_axis',(0.,0.,1.));
#9032=DIRECTION('ref_axis',(-1.,0.,0.));
#9033=DIRECTION('',(0.,0.,-1.));
#9034=DIRECTION('',(0.,0.,-1.));
#9035=DIRECTION('',(0.,0.,-1.));
#9036=DIRECTION('center_axis',(-0.20601177708716,-0.978549512135891,0.));
#9037=DIRECTION('ref_axis',(-0.978549512135891,0.20601177708716,0.));
#9038=DIRECTION('',(-0.978549512135891,0.20601177708716,0.));
#9039=DIRECTION('',(0.,0.,-1.));
#9040=DIRECTION('',(-0.978549512135891,0.20601177708716,0.));
#9041=DIRECTION('',(0.,0.,-1.));
#9042=DIRECTION('',(0.,0.,-1.));
#9043=DIRECTION('center_axis',(0.205150385061568,0.978730463155761,0.));
#9044=DIRECTION('ref_axis',(0.978730463155761,-0.205150385061568,0.));
#9045=DIRECTION('',(0.978730463155761,-0.205150385061568,0.));
#9046=DIRECTION('',(0.,0.,-1.));
#9047=DIRECTION('',(0.978730463155761,-0.205150385061568,0.));
#9048=DIRECTION('center_axis',(-1.,0.,0.));
#9049=DIRECTION('ref_axis',(0.,1.,0.));
#9050=DIRECTION('',(0.,1.,0.));
#9051=DIRECTION('',(0.,0.,-1.));
#9052=DIRECTION('',(0.,1.,0.));
#9053=DIRECTION('center_axis',(-0.208322715526394,-0.97806014446746,0.));
#9054=DIRECTION('ref_axis',(-0.97806014446746,0.208322715526394,0.));
#9055=DIRECTION('',(-0.97806014446746,0.208322715526394,0.));
#9056=DIRECTION('',(0.,0.,-1.));
#9057=DIRECTION('',(-0.97806014446746,0.208322715526394,0.));
#9058=DIRECTION('center_axis',(1.,0.,0.));
#9059=DIRECTION('ref_axis',(0.,-1.,0.));
#9060=DIRECTION('',(0.,-1.,0.));
#9061=DIRECTION('',(0.,-1.,0.));
#9062=DIRECTION('center_axis',(0.,0.,1.));
#9063=DIRECTION('ref_axis',(-1.,0.,0.));
#9064=DIRECTION('center_axis',(0.204594528487265,0.978846810748788,0.));
#9065=DIRECTION('ref_axis',(0.978846810748788,-0.204594528487265,0.));
#9066=DIRECTION('',(0.978846810748788,-0.204594528487265,0.));
#9067=DIRECTION('',(0.,0.,-1.));
#9068=DIRECTION('',(0.978846810748788,-0.204594528487265,0.));
#9069=DIRECTION('',(0.,0.,-1.));
#9070=DIRECTION('',(0.,0.,-1.));
#9071=DIRECTION('',(0.,0.,-1.));
#9072=DIRECTION('',(0.,0.,-1.));
#9073=DIRECTION('',(0.,0.,-1.));
#9074=DIRECTION('',(0.,0.,-1.));
#9075=DIRECTION('',(0.,0.,-1.));
#9076=DIRECTION('',(0.,0.,-1.));
#9077=DIRECTION('center_axis',(-0.204318989865779,-0.978904362223516,0.));
#9078=DIRECTION('ref_axis',(-0.978904362223516,0.204318989865779,0.));
#9079=DIRECTION('',(-0.978904362223516,0.204318989865779,0.));
#9080=DIRECTION('',(0.,0.,-1.));
#9081=DIRECTION('',(-0.978904362223515,0.204318989865779,0.));
#9082=DIRECTION('center_axis',(1.,0.,0.));
#9083=DIRECTION('ref_axis',(0.,-1.,0.));
#9084=DIRECTION('',(0.,-1.,0.));
#9085=DIRECTION('',(0.,0.,-1.));
#9086=DIRECTION('',(0.,-1.,0.));
#9087=DIRECTION('center_axis',(0.205089514462483,0.978743220184714,0.));
#9088=DIRECTION('ref_axis',(0.978743220184714,-0.205089514462483,0.));
#9089=DIRECTION('',(0.978743220184714,-0.205089514462483,0.));
#9090=DIRECTION('',(0.,0.,-1.));
#9091=DIRECTION('',(0.978743220184714,-0.205089514462483,0.));
#9092=DIRECTION('',(0.,0.,-1.));
#9093=DIRECTION('',(0.,0.,-1.));
#9094=DIRECTION('',(0.,0.,-1.));
#9095=DIRECTION('',(0.,0.,-1.));
#9096=DIRECTION('',(0.,0.,-1.));
#9097=DIRECTION('center_axis',(-0.205096688389533,-0.978741716905766,0.));
#9098=DIRECTION('ref_axis',(-0.978741716905766,0.205096688389533,0.));
#9099=DIRECTION('',(-0.978741716905766,0.205096688389533,0.));
#9100=DIRECTION('',(0.,0.,-1.));
#9101=DIRECTION('',(-0.978741716905766,0.205096688389533,0.));
#9102=DIRECTION('center_axis',(1.,0.,0.));
#9103=DIRECTION('ref_axis',(0.,-1.,0.));
#9104=DIRECTION('',(0.,-1.,0.));
#9105=DIRECTION('',(0.,0.,-1.));
#9106=DIRECTION('',(0.,-1.,0.));
#9107=DIRECTION('center_axis',(0.205098371498086,0.978741364206517,0.));
#9108=DIRECTION('ref_axis',(0.978741364206516,-0.205098371498086,0.));
#9109=DIRECTION('',(0.978741364206516,-0.205098371498086,0.));
#9110=DIRECTION('',(0.,0.,-1.));
#9111=DIRECTION('',(0.978741364206516,-0.205098371498086,0.));
#9112=DIRECTION('',(0.,0.,-1.));
#9113=DIRECTION('',(0.,0.,-1.));
#9114=DIRECTION('',(0.,0.,-1.));
#9115=DIRECTION('',(0.,0.,-1.));
#9116=DIRECTION('',(0.,0.,-1.));
#9117=DIRECTION('',(0.,0.,-1.));
#9118=DIRECTION('',(0.,0.,-1.));
#9119=DIRECTION('',(0.,0.,-1.));
#9120=DIRECTION('center_axis',(0.204858784204487,0.97879153987673,0.));
#9121=DIRECTION('ref_axis',(0.97879153987673,-0.204858784204487,0.));
#9122=DIRECTION('',(0.97879153987673,-0.204858784204487,0.));
#9123=DIRECTION('',(0.,0.,-1.));
#9124=DIRECTION('',(0.97879153987673,-0.204858784204487,0.));
#9125=DIRECTION('center_axis',(-1.,0.,0.));
#9126=DIRECTION('ref_axis',(0.,1.,0.));
#9127=DIRECTION('',(0.,1.,0.));
#9128=DIRECTION('',(0.,0.,-1.));
#9129=DIRECTION('',(0.,1.,0.));
#9130=DIRECTION('center_axis',(-0.204616574977784,-0.978842202423026,0.));
#9131=DIRECTION('ref_axis',(-0.978842202423026,0.204616574977784,0.));
#9132=DIRECTION('',(-0.978842202423026,0.204616574977784,0.));
#9133=DIRECTION('',(0.,0.,-1.));
#9134=DIRECTION('',(-0.978842202423026,0.204616574977784,0.));
#9135=DIRECTION('center_axis',(1.,0.,0.));
#9136=DIRECTION('ref_axis',(0.,-1.,0.));
#9137=DIRECTION('',(0.,-1.,0.));
#9138=DIRECTION('',(0.,-1.,0.));
#9139=DIRECTION('center_axis',(0.,0.,1.));
#9140=DIRECTION('ref_axis',(-1.,0.,0.));
#9141=DIRECTION('',(0.,0.,-1.));
#9142=DIRECTION('',(0.,0.,-1.));
#9143=DIRECTION('',(0.,0.,-1.));
#9144=DIRECTION('',(0.,0.,-1.));
#9145=DIRECTION('',(0.,0.,-1.));
#9146=DIRECTION('center_axis',(0.206703593609671,0.978403610167526,0.));
#9147=DIRECTION('ref_axis',(0.978403610167526,-0.206703593609671,0.));
#9148=DIRECTION('',(0.978403610167526,-0.206703593609671,0.));
#9149=DIRECTION('',(0.,0.,-1.));
#9150=DIRECTION('',(0.978403610167526,-0.206703593609671,0.));
#9151=DIRECTION('',(0.,0.,-1.));
#9152=DIRECTION('',(0.,0.,-1.));
#9153=DIRECTION('',(0.,0.,-1.));
#9154=DIRECTION('',(0.,0.,-1.));
#9155=DIRECTION('center_axis',(0.204569432635163,0.978852055844665,0.));
#9156=DIRECTION('ref_axis',(0.978852055844665,-0.204569432635163,0.));
#9157=DIRECTION('',(0.978852055844665,-0.204569432635163,0.));
#9158=DIRECTION('',(0.,0.,-1.));
#9159=DIRECTION('',(0.978852055844665,-0.204569432635163,0.));
#9160=DIRECTION('center_axis',(1.,0.,0.));
#9161=DIRECTION('ref_axis',(0.,-1.,0.));
#9162=DIRECTION('',(0.,-1.,0.));
#9163=DIRECTION('',(0.,0.,-1.));
#9164=DIRECTION('',(0.,-1.,0.));
#9165=DIRECTION('center_axis',(0.202302078109663,0.979323168924595,0.));
#9166=DIRECTION('ref_axis',(0.979323168924595,-0.202302078109663,0.));
#9167=DIRECTION('',(0.979323168924595,-0.202302078109663,0.));
#9168=DIRECTION('',(0.,0.,-1.));
#9169=DIRECTION('',(0.979323168924595,-0.202302078109663,0.));
#9170=DIRECTION('center_axis',(-1.,0.,0.));
#9171=DIRECTION('ref_axis',(0.,1.,0.));
#9172=DIRECTION('',(0.,1.,0.));
#9173=DIRECTION('',(0.,0.,-1.));
#9174=DIRECTION('',(0.,1.,0.));
#9175=DIRECTION('center_axis',(0.204802776799789,0.978803260423205,0.));
#9176=DIRECTION('ref_axis',(0.978803260423205,-0.204802776799789,0.));
#9177=DIRECTION('',(0.978803260423205,-0.204802776799789,0.));
#9178=DIRECTION('',(0.,0.,-1.));
#9179=DIRECTION('',(0.978803260423205,-0.204802776799789,0.));
#9180=DIRECTION('center_axis',(-0.856802577112148,-0.515644590637758,0.));
#9181=DIRECTION('ref_axis',(-0.515644590637758,0.856802577112148,0.));
#9182=DIRECTION('',(-0.515644590637758,0.856802577112148,0.));
#9183=DIRECTION('',(0.,0.,-1.));
#9184=DIRECTION('',(-0.515644590637758,0.856802577112148,0.));
#9185=DIRECTION('center_axis',(-0.20165249451938,-0.979457130993548,0.));
#9186=DIRECTION('ref_axis',(-0.979457130993548,0.20165249451938,0.));
#9187=DIRECTION('',(-0.979457130993548,0.20165249451938,0.));
#9188=DIRECTION('',(0.,0.,-1.));
#9189=DIRECTION('',(-0.979457130993548,0.20165249451938,0.));
#9190=DIRECTION('center_axis',(-1.,0.,0.));
#9191=DIRECTION('ref_axis',(0.,1.,0.));
#9192=DIRECTION('',(0.,1.,0.));
#9193=DIRECTION('',(0.,0.,-1.));
#9194=DIRECTION('',(0.,1.,0.));
#9195=DIRECTION('center_axis',(-0.202302078109663,-0.979323168924595,0.));
#9196=DIRECTION('ref_axis',(-0.979323168924595,0.202302078109663,0.));
#9197=DIRECTION('',(-0.979323168924595,0.202302078109663,0.));
#9198=DIRECTION('',(0.,0.,-1.));
#9199=DIRECTION('',(-0.979323168924595,0.202302078109663,0.));
#9200=DIRECTION('center_axis',(1.,0.,0.));
#9201=DIRECTION('ref_axis',(0.,-1.,0.));
#9202=DIRECTION('',(0.,-1.,0.));
#9203=DIRECTION('',(0.,0.,-1.));
#9204=DIRECTION('',(0.,-1.,0.));
#9205=DIRECTION('center_axis',(-0.204045452903019,-0.978961415557121,0.));
#9206=DIRECTION('ref_axis',(-0.978961415557121,0.204045452903019,0.));
#9207=DIRECTION('',(-0.978961415557121,0.204045452903019,0.));
#9208=DIRECTION('',(-0.978961415557121,0.204045452903019,0.));
#9209=DIRECTION('center_axis',(0.,0.,1.));
#9210=DIRECTION('ref_axis',(-1.,0.,0.));
#9211=DIRECTION('',(0.,0.,-1.));
#9212=DIRECTION('',(0.,0.,-1.));
#9213=DIRECTION('',(0.,0.,-1.));
#9214=DIRECTION('',(0.,0.,-1.));
#9215=DIRECTION('',(0.,0.,-1.));
#9216=DIRECTION('',(0.,0.,-1.));
#9217=DIRECTION('',(0.,0.,-1.));
#9218=DIRECTION('',(0.,0.,-1.));
#9219=DIRECTION('',(0.,0.,-1.));
#9220=DIRECTION('',(0.,0.,-1.));
#9221=DIRECTION('',(0.,0.,-1.));
#9222=DIRECTION('',(0.,0.,-1.));
#9223=DIRECTION('',(0.,0.,-1.));
#9224=DIRECTION('',(0.,0.,-1.));
#9225=DIRECTION('',(0.,0.,-1.));
#9226=DIRECTION('',(0.,0.,-1.));
#9227=DIRECTION('',(0.,0.,-1.));
#9228=DIRECTION('',(0.,0.,-1.));
#9229=DIRECTION('center_axis',(0.,0.,1.));
#9230=DIRECTION('ref_axis',(-1.,0.,0.));
#9231=DIRECTION('center_axis',(0.203352343855413,0.979105624663912,0.));
#9232=DIRECTION('ref_axis',(0.979105624663912,-0.203352343855413,0.));
#9233=DIRECTION('',(0.979105624663912,-0.203352343855413,0.));
#9234=DIRECTION('',(0.,0.,-1.));
#9235=DIRECTION('',(0.979105624663912,-0.203352343855413,0.));
#9236=DIRECTION('',(0.,0.,-1.));
#9237=DIRECTION('center_axis',(-1.,0.,0.));
#9238=DIRECTION('ref_axis',(0.,1.,0.));
#9239=DIRECTION('',(0.,1.,0.));
#9240=DIRECTION('',(0.,0.,-1.));
#9241=DIRECTION('',(0.,1.,0.));
#9242=DIRECTION('center_axis',(-0.20335339535176,-0.97910540627601,0.));
#9243=DIRECTION('ref_axis',(-0.97910540627601,0.20335339535176,0.));
#9244=DIRECTION('',(-0.97910540627601,0.20335339535176,0.));
#9245=DIRECTION('',(0.,0.,-1.));
#9246=DIRECTION('',(-0.97910540627601,0.20335339535176,0.));
#9247=DIRECTION('center_axis',(1.,0.,0.));
#9248=DIRECTION('ref_axis',(0.,-1.,0.));
#9249=DIRECTION('',(0.,-1.,0.));
#9250=DIRECTION('',(0.,-1.,0.));
#9251=DIRECTION('center_axis',(0.,0.,-1.));
#9252=DIRECTION('ref_axis',(-1.,0.,0.));
#9253=DIRECTION('center_axis',(0.,0.,1.));
#9254=DIRECTION('ref_axis',(1.,0.,0.));
#9255=DIRECTION('center_axis',(0.,0.,1.));
#9256=DIRECTION('ref_axis',(1.,0.,0.));
#9257=DIRECTION('center_axis',(0.,0.,1.));
#9258=DIRECTION('ref_axis',(1.,0.,0.));
#9259=DIRECTION('center_axis',(0.,0.,1.));
#9260=DIRECTION('ref_axis',(1.,0.,0.));
#9261=DIRECTION('center_axis',(0.,0.,1.));
#9262=DIRECTION('ref_axis',(1.,0.,0.));
#9263=DIRECTION('center_axis',(0.,0.,1.));
#9264=DIRECTION('ref_axis',(1.,0.,0.));
#9265=DIRECTION('center_axis',(0.,0.,1.));
#9266=DIRECTION('ref_axis',(1.,0.,0.));
#9267=DIRECTION('center_axis',(0.,0.,1.));
#9268=DIRECTION('ref_axis',(1.,0.,0.));
#9269=DIRECTION('center_axis',(0.,1.,0.));
#9270=DIRECTION('ref_axis',(-1.,0.,0.));
#9271=DIRECTION('',(1.,0.,0.));
#9272=DIRECTION('',(0.,0.,1.));
#9273=DIRECTION('',(-1.,0.,0.));
#9274=DIRECTION('',(0.,0.,1.));
#9275=DIRECTION('center_axis',(0.,0.,1.));
#9276=DIRECTION('ref_axis',(1.,0.,0.));
#9277=DIRECTION('center_axis',(0.,0.,1.));
#9278=DIRECTION('ref_axis',(1.,0.,0.));
#9279=DIRECTION('center_axis',(0.,0.,1.));
#9280=DIRECTION('ref_axis',(1.,0.,0.));
#9281=DIRECTION('',(0.,0.,1.));
#9282=DIRECTION('center_axis',(1.,-1.34572487833352E-16,0.));
#9283=DIRECTION('ref_axis',(1.34572487833352E-16,1.,0.));
#9284=DIRECTION('',(-1.34572487833352E-16,-1.,0.));
#9285=DIRECTION('',(1.34572487833352E-16,1.,0.));
#9286=DIRECTION('',(0.,0.,1.));
#9287=DIRECTION('center_axis',(0.,0.,1.));
#9288=DIRECTION('ref_axis',(0.,-1.,0.));
#9289=DIRECTION('center_axis',(0.,0.,1.));
#9290=DIRECTION('ref_axis',(0.,-1.,0.));
#9291=DIRECTION('center_axis',(0.,0.,1.));
#9292=DIRECTION('ref_axis',(0.,-1.,0.));
#9293=DIRECTION('',(0.,0.,1.));
#9294=DIRECTION('center_axis',(4.93432455388958E-16,-1.,0.));
#9295=DIRECTION('ref_axis',(1.,4.93432455388958E-16,0.));
#9296=DIRECTION('',(-1.,-4.93432455388958E-16,0.));
#9297=DIRECTION('',(1.,4.93432455388958E-16,0.));
#9298=DIRECTION('',(0.,0.,1.));
#9299=DIRECTION('center_axis',(0.,0.,1.));
#9300=DIRECTION('ref_axis',(-1.,2.22044604925032E-15,0.));
#9301=DIRECTION('center_axis',(0.,0.,1.));
#9302=DIRECTION('ref_axis',(-1.,2.22044604925032E-15,0.));
#9303=DIRECTION('center_axis',(0.,0.,1.));
#9304=DIRECTION('ref_axis',(-1.,2.22044604925032E-15,0.));
#9305=DIRECTION('',(0.,0.,1.));
#9306=DIRECTION('center_axis',(-1.,0.,0.));
#9307=DIRECTION('ref_axis',(0.,-1.,0.));
#9308=DIRECTION('',(0.,1.,0.));
#9309=DIRECTION('',(0.,-1.,0.));
#9310=DIRECTION('',(0.,0.,1.));
#9311=DIRECTION('center_axis',(0.,0.,1.));
#9312=DIRECTION('ref_axis',(0.,1.,0.));
#9313=DIRECTION('center_axis',(0.,0.,1.));
#9314=DIRECTION('ref_axis',(0.,1.,0.));
#9315=DIRECTION('center_axis',(0.,0.,1.));
#9316=DIRECTION('ref_axis',(0.,1.,0.));
#9317=DIRECTION('center_axis',(0.,0.,1.));
#9318=DIRECTION('ref_axis',(1.,0.,0.));
#9319=DIRECTION('center_axis',(0.,0.,1.));
#9320=DIRECTION('ref_axis',(1.,0.,0.));
#9321=CARTESIAN_POINT('',(0.,0.,0.));
#9322=CARTESIAN_POINT('Origin',(-42.8321970254183,19.0153477713466,4.));
#9323=CARTESIAN_POINT('',(-42.8321970254183,19.0153477713466,4.));
#9324=CARTESIAN_POINT('',(-40.6589365750551,18.5610507056117,4.));
#9325=CARTESIAN_POINT('',(-44.480869454052,19.3599852705295,4.));
#9326=CARTESIAN_POINT('',(-42.8321970254183,19.0153477713466,3.5));
#9327=CARTESIAN_POINT('',(-42.8321970254183,19.0153477713466,4.));
#9328=CARTESIAN_POINT('',(-40.6589365750551,18.5610507056117,3.5));
#9329=CARTESIAN_POINT('',(-42.8321970254183,19.0153477713466,3.5));
#9330=CARTESIAN_POINT('',(-40.6589365750551,18.5610507056117,4.));
#9331=CARTESIAN_POINT('Origin',(-42.8321970254183,18.4280351921916,4.));
#9332=CARTESIAN_POINT('',(-42.8321970254183,18.4280351921916,4.));
#9333=CARTESIAN_POINT('',(-42.8321970254183,22.9640179313719,4.));
#9334=CARTESIAN_POINT('',(-42.8321970254183,18.4280351921916,3.5));
#9335=CARTESIAN_POINT('',(-42.8321970254183,18.4280351921916,4.));
#9336=CARTESIAN_POINT('',(-42.8321970254183,18.4280351921916,3.5));
#9337=CARTESIAN_POINT('Origin',(-40.6589365750551,17.9737381264567,4.));
#9338=CARTESIAN_POINT('',(-40.6589365750551,17.9737381264567,4.));
#9339=CARTESIAN_POINT('',(-43.4530548693572,18.5578189448443,4.));
#9340=CARTESIAN_POINT('',(-40.6589365750551,17.9737381264567,3.5));
#9341=CARTESIAN_POINT('',(-40.6589365750551,17.9737381264567,4.));
#9342=CARTESIAN_POINT('',(-40.6589365750551,17.9737381264567,3.5));
#9343=CARTESIAN_POINT('Origin',(-40.6589365750551,18.5610507056117,4.));
#9344=CARTESIAN_POINT('',(-40.6589365750551,23.030525688082,4.));
#9345=CARTESIAN_POINT('',(-40.6589365750551,18.5610507056117,3.5));
#9346=CARTESIAN_POINT('Origin',(-41.7455668002367,18.4945429489017,3.5));
#9347=CARTESIAN_POINT('Ctrl Pts',(-41.2779677659273,29.2503402754664,4.));
#9348=CARTESIAN_POINT('Ctrl Pts',(-41.2779677659273,29.2503402754664,3.5));
#9349=CARTESIAN_POINT('Ctrl Pts',(-41.3792640715837,29.3086622282863,4.));
#9350=CARTESIAN_POINT('Ctrl Pts',(-41.3792640715837,29.3086622282863,3.5));
#9351=CARTESIAN_POINT('Ctrl Pts',(-41.5941346436739,29.353682808578,4.));
#9352=CARTESIAN_POINT('Ctrl Pts',(-41.5941346436739,29.353682808578,3.5));
#9353=CARTESIAN_POINT('',(-41.2779677659273,29.2503402754664,4.));
#9354=CARTESIAN_POINT('',(-41.5941346436739,29.353682808578,4.));
#9355=CARTESIAN_POINT('Ctrl Pts',(-41.2779677659273,29.2503402754664,4.));
#9356=CARTESIAN_POINT('Ctrl Pts',(-41.3792640715837,29.3086622282863,4.));
#9357=CARTESIAN_POINT('Ctrl Pts',(-41.5941346436739,29.353682808578,4.));
#9358=CARTESIAN_POINT('',(-41.2779677659273,29.2503402754664,3.5));
#9359=CARTESIAN_POINT('',(-41.2779677659273,29.2503402754664,4.));
#9360=CARTESIAN_POINT('',(-41.5941346436739,29.353682808578,3.5));
#9361=CARTESIAN_POINT('Ctrl Pts',(-41.2779677659273,29.2503402754664,3.5));
#9362=CARTESIAN_POINT('Ctrl Pts',(-41.3792640715837,29.3086622282863,3.5));
#9363=CARTESIAN_POINT('Ctrl Pts',(-41.5941346436739,29.353682808578,3.5));
#9364=CARTESIAN_POINT('',(-41.5941346436739,29.353682808578,4.));
#9365=CARTESIAN_POINT('Ctrl Pts',(-41.1122108250856,29.0743516013026,4.));
#9366=CARTESIAN_POINT('Ctrl Pts',(-41.1122108250856,29.0743516013026,3.5));
#9367=CARTESIAN_POINT('Ctrl Pts',(-41.1766720563173,29.1920183226466,4.));
#9368=CARTESIAN_POINT('Ctrl Pts',(-41.1766720563173,29.1920183226466,3.5));
#9369=CARTESIAN_POINT('Ctrl Pts',(-41.2779677659273,29.2503402754664,4.));
#9370=CARTESIAN_POINT('Ctrl Pts',(-41.2779677659273,29.2503402754664,3.5));
#9371=CARTESIAN_POINT('',(-41.1122108250856,29.0743516013026,4.));
#9372=CARTESIAN_POINT('Ctrl Pts',(-41.1122108250856,29.0743516013026,4.));
#9373=CARTESIAN_POINT('Ctrl Pts',(-41.1766720563173,29.1920183226466,4.));
#9374=CARTESIAN_POINT('Ctrl Pts',(-41.2779677659273,29.2503402754664,4.));
#9375=CARTESIAN_POINT('',(-41.1122108250856,29.0743516013026,3.5));
#9376=CARTESIAN_POINT('',(-41.1122108250856,29.0743516013026,4.));
#9377=CARTESIAN_POINT('Ctrl Pts',(-41.1122108250856,29.0743516013026,3.5));
#9378=CARTESIAN_POINT('Ctrl Pts',(-41.1766720563173,29.1920183226466,3.5));
#9379=CARTESIAN_POINT('Ctrl Pts',(-41.2779677659273,29.2503402754664,3.5));
#9380=CARTESIAN_POINT('Ctrl Pts',(-41.047749593854,28.8236687704921,4.));
#9381=CARTESIAN_POINT('Ctrl Pts',(-41.047749593854,28.8236687704921,3.5));
#9382=CARTESIAN_POINT('Ctrl Pts',(-41.047749593854,28.9566836878657,4.));
#9383=CARTESIAN_POINT('Ctrl Pts',(-41.047749593854,28.9566836878657,3.5));
#9384=CARTESIAN_POINT('Ctrl Pts',(-41.1122108250856,29.0743516013026,4.));
#9385=CARTESIAN_POINT('Ctrl Pts',(-41.1122108250856,29.0743516013026,3.5));
#9386=CARTESIAN_POINT('',(-41.047749593854,28.8236687704921,4.));
#9387=CARTESIAN_POINT('Ctrl Pts',(-41.047749593854,28.8236687704921,4.));
#9388=CARTESIAN_POINT('Ctrl Pts',(-41.047749593854,28.9566836878657,4.));
#9389=CARTESIAN_POINT('Ctrl Pts',(-41.1122108250856,29.0743516013026,4.));
#9390=CARTESIAN_POINT('',(-41.047749593854,28.8236687704921,3.5));
#9391=CARTESIAN_POINT('',(-41.047749593854,28.8236687704921,4.));
#9392=CARTESIAN_POINT('Ctrl Pts',(-41.047749593854,28.8236687704921,3.5));
#9393=CARTESIAN_POINT('Ctrl Pts',(-41.047749593854,28.9566836878657,3.5));
#9394=CARTESIAN_POINT('Ctrl Pts',(-41.1122108250856,29.0743516013026,3.5));
#9395=CARTESIAN_POINT('Ctrl Pts',(-41.1183501034975,28.6292622610927,4.));
#9396=CARTESIAN_POINT('Ctrl Pts',(-41.1183501034975,28.6292622610927,3.5));
#9397=CARTESIAN_POINT('Ctrl Pts',(-41.047749593854,28.7029324099422,4.));
#9398=CARTESIAN_POINT('Ctrl Pts',(-41.047749593854,28.7029324099422,3.5));
#9399=CARTESIAN_POINT('Ctrl Pts',(-41.047749593854,28.8236687704921,4.));
#9400=CARTESIAN_POINT('Ctrl Pts',(-41.047749593854,28.8236687704921,3.5));
#9401=CARTESIAN_POINT('',(-41.1183501034975,28.6292622610927,4.));
#9402=CARTESIAN_POINT('Ctrl Pts',(-41.1183501034975,28.6292622610927,4.));
#9403=CARTESIAN_POINT('Ctrl Pts',(-41.047749593854,28.7029324099422,4.));
#9404=CARTESIAN_POINT('Ctrl Pts',(-41.047749593854,28.8236687704921,4.));
#9405=CARTESIAN_POINT('',(-41.1183501034975,28.6292622610927,3.5));
#9406=CARTESIAN_POINT('',(-41.1183501034975,28.6292622610927,4.));
#9407=CARTESIAN_POINT('Ctrl Pts',(-41.1183501034975,28.6292622610927,3.5));
#9408=CARTESIAN_POINT('Ctrl Pts',(-41.047749593854,28.7029324099422,3.5));
#9409=CARTESIAN_POINT('Ctrl Pts',(-41.047749593854,28.8236687704921,3.5));
#9410=CARTESIAN_POINT('Ctrl Pts',(-41.2912691384554,28.5555933043361,4.));
#9411=CARTESIAN_POINT('Ctrl Pts',(-41.2912691384554,28.5555933043361,3.5));
#9412=CARTESIAN_POINT('Ctrl Pts',(-41.1889500170946,28.5555933043361,4.));
#9413=CARTESIAN_POINT('Ctrl Pts',(-41.1889500170946,28.5555933043361,3.5));
#9414=CARTESIAN_POINT('Ctrl Pts',(-41.1183501034975,28.6292622610927,4.));
#9415=CARTESIAN_POINT('Ctrl Pts',(-41.1183501034975,28.6292622610927,3.5));
#9416=CARTESIAN_POINT('',(-41.2912691384554,28.5555933043361,4.));
#9417=CARTESIAN_POINT('Ctrl Pts',(-41.2912691384554,28.5555933043361,4.));
#9418=CARTESIAN_POINT('Ctrl Pts',(-41.1889500170946,28.5555933043361,4.));
#9419=CARTESIAN_POINT('Ctrl Pts',(-41.1183501034975,28.6292622610927,4.));
#9420=CARTESIAN_POINT('',(-41.2912691384554,28.5555933043361,3.5));
#9421=CARTESIAN_POINT('',(-41.2912691384554,28.5555933043361,4.));
#9422=CARTESIAN_POINT('Ctrl Pts',(-41.2912691384554,28.5555933043361,3.5));
#9423=CARTESIAN_POINT('Ctrl Pts',(-41.1889500170946,28.5555933043361,3.5));
#9424=CARTESIAN_POINT('Ctrl Pts',(-41.1183501034975,28.6292622610927,3.5));
#9425=CARTESIAN_POINT('Ctrl Pts',(-41.4897686988115,28.6517725512385,4.));
#9426=CARTESIAN_POINT('Ctrl Pts',(-41.4897686988115,28.6517725512385,3.5));
#9427=CARTESIAN_POINT('Ctrl Pts',(-41.4160991460085,28.5555933043361,4.));
#9428=CARTESIAN_POINT('Ctrl Pts',(-41.4160991460085,28.5555933043361,3.5));
#9429=CARTESIAN_POINT('Ctrl Pts',(-41.2912691384554,28.5555933043361,4.));
#9430=CARTESIAN_POINT('Ctrl Pts',(-41.2912691384554,28.5555933043361,3.5));
#9431=CARTESIAN_POINT('',(-41.4897686988115,28.6517725512385,4.));
#9432=CARTESIAN_POINT('Ctrl Pts',(-41.4897686988115,28.6517725512385,4.));
#9433=CARTESIAN_POINT('Ctrl Pts',(-41.4160991460085,28.5555933043361,4.));
#9434=CARTESIAN_POINT('Ctrl Pts',(-41.2912691384554,28.5555933043361,4.));
#9435=CARTESIAN_POINT('',(-41.4897686988115,28.6517725512385,3.5));
#9436=CARTESIAN_POINT('',(-41.4897686988115,28.6517725512385,4.));
#9437=CARTESIAN_POINT('Ctrl Pts',(-41.4897686988115,28.6517725512385,3.5));
#9438=CARTESIAN_POINT('Ctrl Pts',(-41.4160991460085,28.5555933043361,3.5));
#9439=CARTESIAN_POINT('Ctrl Pts',(-41.2912691384554,28.5555933043361,3.5));
#9440=CARTESIAN_POINT('Ctrl Pts',(-41.6452939063311,29.2288539931178,4.));
#9441=CARTESIAN_POINT('Ctrl Pts',(-41.6452939063311,29.2288539931178,3.5));
#9442=CARTESIAN_POINT('Ctrl Pts',(-41.5920878201723,28.7868342921138,4.));
#9443=CARTESIAN_POINT('Ctrl Pts',(-41.5920878201723,28.7868342921138,3.5));
#9444=CARTESIAN_POINT('Ctrl Pts',(-41.4897686988115,28.6517725512385,4.));
#9445=CARTESIAN_POINT('Ctrl Pts',(-41.4897686988115,28.6517725512385,3.5));
#9446=CARTESIAN_POINT('',(-41.6452939063311,29.2288539931178,4.));
#9447=CARTESIAN_POINT('Ctrl Pts',(-41.6452939063311,29.2288539931178,4.));
#9448=CARTESIAN_POINT('Ctrl Pts',(-41.5920878201723,28.7868342921138,4.));
#9449=CARTESIAN_POINT('Ctrl Pts',(-41.4897686988115,28.6517725512385,4.));
#9450=CARTESIAN_POINT('',(-41.6452939063311,29.2288539931178,3.5));
#9451=CARTESIAN_POINT('',(-41.6452939063311,29.2288539931178,4.));
#9452=CARTESIAN_POINT('Ctrl Pts',(-41.6452939063311,29.2288539931178,3.5));
#9453=CARTESIAN_POINT('Ctrl Pts',(-41.5920878201723,28.7868342921138,3.5));
#9454=CARTESIAN_POINT('Ctrl Pts',(-41.4897686988115,28.6517725512385,3.5));
#9455=CARTESIAN_POINT('Ctrl Pts',(-41.6718972474337,29.370053820312,4.));
#9456=CARTESIAN_POINT('Ctrl Pts',(-41.6718972474337,29.370053820312,3.5));
#9457=CARTESIAN_POINT('Ctrl Pts',(-41.6575724631548,29.3168483301997,4.));
#9458=CARTESIAN_POINT('Ctrl Pts',(-41.6575724631548,29.3168483301997,3.5));
#9459=CARTESIAN_POINT('Ctrl Pts',(-41.6452939063311,29.2288539931178,4.));
#9460=CARTESIAN_POINT('Ctrl Pts',(-41.6452939063311,29.2288539931178,3.5));
#9461=CARTESIAN_POINT('',(-41.6718972474337,29.370053820312,4.));
#9462=CARTESIAN_POINT('Ctrl Pts',(-41.6718972474337,29.370053820312,4.));
#9463=CARTESIAN_POINT('Ctrl Pts',(-41.6575724631548,29.3168483301997,4.));
#9464=CARTESIAN_POINT('Ctrl Pts',(-41.6452939063311,29.2288539931178,4.));
#9465=CARTESIAN_POINT('',(-41.6718972474337,29.370053820312,3.5));
#9466=CARTESIAN_POINT('',(-41.6718972474337,29.370053820312,4.));
#9467=CARTESIAN_POINT('Ctrl Pts',(-41.6718972474337,29.370053820312,3.5));
#9468=CARTESIAN_POINT('Ctrl Pts',(-41.6575724631548,29.3168483301997,3.5));
#9469=CARTESIAN_POINT('Ctrl Pts',(-41.6452939063311,29.2288539931178,3.5));
#9470=CARTESIAN_POINT('Origin',(-41.5941346436739,29.353682808578,4.));
#9471=CARTESIAN_POINT('',(-42.798562568671,29.6072456104848,4.));
#9472=CARTESIAN_POINT('',(-41.5941346436739,29.353682808578,3.5));
#9473=CARTESIAN_POINT('Ctrl Pts',(-42.4004102498293,29.4089351221919,4.));
#9474=CARTESIAN_POINT('Ctrl Pts',(-42.4004102498293,29.4089351221919,3.5));
#9475=CARTESIAN_POINT('Ctrl Pts',(-42.4638480693102,29.3332193419337,4.));
#9476=CARTESIAN_POINT('Ctrl Pts',(-42.4638480693102,29.3332193419337,3.5));
#9477=CARTESIAN_POINT('Ctrl Pts',(-42.4638480693102,29.1838334128261,4.));
#9478=CARTESIAN_POINT('Ctrl Pts',(-42.4638480693102,29.1838334128261,3.5));
#9479=CARTESIAN_POINT('',(-42.4004102498293,29.4089351221919,4.));
#9480=CARTESIAN_POINT('',(-42.4638480693102,29.1838334128261,4.));
#9481=CARTESIAN_POINT('Ctrl Pts',(-42.4004102498293,29.4089351221919,4.));
#9482=CARTESIAN_POINT('Ctrl Pts',(-42.4638480693102,29.3332193419337,4.));
#9483=CARTESIAN_POINT('Ctrl Pts',(-42.4638480693102,29.1838334128261,4.));
#9484=CARTESIAN_POINT('',(-42.4004102498293,29.4089351221919,3.5));
#9485=CARTESIAN_POINT('',(-42.4004102498293,29.4089351221919,4.));
#9486=CARTESIAN_POINT('',(-42.4638480693102,29.1838334128261,3.5));
#9487=CARTESIAN_POINT('Ctrl Pts',(-42.4004102498293,29.4089351221919,3.5));
#9488=CARTESIAN_POINT('Ctrl Pts',(-42.4638480693102,29.3332193419337,3.5));
#9489=CARTESIAN_POINT('Ctrl Pts',(-42.4638480693102,29.1838334128261,3.5));
#9490=CARTESIAN_POINT('',(-42.4638480693102,29.1838334128261,4.));
#9491=CARTESIAN_POINT('Ctrl Pts',(-42.2428382188082,29.484652094543,4.));
#9492=CARTESIAN_POINT('Ctrl Pts',(-42.2428382188082,29.484652094543,3.5));
#9493=CARTESIAN_POINT('Ctrl Pts',(-42.3369718343019,29.484652094543,4.));
#9494=CARTESIAN_POINT('Ctrl Pts',(-42.3369718343019,29.484652094543,3.5));
#9495=CARTESIAN_POINT('Ctrl Pts',(-42.4004102498293,29.4089351221919,4.));
#9496=CARTESIAN_POINT('Ctrl Pts',(-42.4004102498293,29.4089351221919,3.5));
#9497=CARTESIAN_POINT('',(-42.2428382188082,29.484652094543,4.));
#9498=CARTESIAN_POINT('Ctrl Pts',(-42.2428382188082,29.484652094543,4.));
#9499=CARTESIAN_POINT('Ctrl Pts',(-42.3369718343019,29.484652094543,4.));
#9500=CARTESIAN_POINT('Ctrl Pts',(-42.4004102498293,29.4089351221919,4.));
#9501=CARTESIAN_POINT('',(-42.2428382188082,29.484652094543,3.5));
#9502=CARTESIAN_POINT('',(-42.2428382188082,29.484652094543,4.));
#9503=CARTESIAN_POINT('Ctrl Pts',(-42.2428382188082,29.484652094543,3.5));
#9504=CARTESIAN_POINT('Ctrl Pts',(-42.3369718343019,29.484652094543,3.5));
#9505=CARTESIAN_POINT('Ctrl Pts',(-42.4004102498293,29.4089351221919,3.5));
#9506=CARTESIAN_POINT('Ctrl Pts',(-42.0463854819536,29.4478164240718,4.));
#9507=CARTESIAN_POINT('Ctrl Pts',(-42.0463854819536,29.4478164240718,3.5));
#9508=CARTESIAN_POINT('Ctrl Pts',(-42.1691686660051,29.484652094543,4.));
#9509=CARTESIAN_POINT('Ctrl Pts',(-42.1691686660051,29.484652094543,3.5));
#9510=CARTESIAN_POINT('Ctrl Pts',(-42.2428382188082,29.484652094543,4.));
#9511=CARTESIAN_POINT('Ctrl Pts',(-42.2428382188082,29.484652094543,3.5));
#9512=CARTESIAN_POINT('',(-42.0463854819536,29.4478164240718,4.));
#9513=CARTESIAN_POINT('Ctrl Pts',(-42.0463854819536,29.4478164240718,4.));
#9514=CARTESIAN_POINT('Ctrl Pts',(-42.1691686660051,29.484652094543,4.));
#9515=CARTESIAN_POINT('Ctrl Pts',(-42.2428382188082,29.484652094543,4.));
#9516=CARTESIAN_POINT('',(-42.0463854819536,29.4478164240718,3.5));
#9517=CARTESIAN_POINT('',(-42.0463854819536,29.4478164240718,4.));
#9518=CARTESIAN_POINT('Ctrl Pts',(-42.0463854819536,29.4478164240718,3.5));
#9519=CARTESIAN_POINT('Ctrl Pts',(-42.1691686660051,29.484652094543,3.5));
#9520=CARTESIAN_POINT('Ctrl Pts',(-42.2428382188082,29.484652094543,3.5));
#9521=CARTESIAN_POINT('Ctrl Pts',(-41.962483599782,28.8871071860194,4.));
#9522=CARTESIAN_POINT('Ctrl Pts',(-41.962483599782,28.8871071860194,3.5));
#9523=CARTESIAN_POINT('Ctrl Pts',(-41.9972724467516,29.3066154047847,4.));
#9524=CARTESIAN_POINT('Ctrl Pts',(-41.9972724467516,29.3066154047847,3.5));
#9525=CARTESIAN_POINT('Ctrl Pts',(-42.0463854819536,29.4478164240718,4.));
#9526=CARTESIAN_POINT('Ctrl Pts',(-42.0463854819536,29.4478164240718,3.5));
#9527=CARTESIAN_POINT('',(-41.962483599782,28.8871071860194,4.));
#9528=CARTESIAN_POINT('Ctrl Pts',(-41.962483599782,28.8871071860194,4.));
#9529=CARTESIAN_POINT('Ctrl Pts',(-41.9972724467516,29.3066154047847,4.));
#9530=CARTESIAN_POINT('Ctrl Pts',(-42.0463854819536,29.4478164240718,4.));
#9531=CARTESIAN_POINT('',(-41.962483599782,28.8871071860194,3.5));
#9532=CARTESIAN_POINT('',(-41.962483599782,28.8871071860194,4.));
#9533=CARTESIAN_POINT('Ctrl Pts',(-41.962483599782,28.8871071860194,3.5));
#9534=CARTESIAN_POINT('Ctrl Pts',(-41.9972724467516,29.3066154047847,3.5));
#9535=CARTESIAN_POINT('Ctrl Pts',(-42.0463854819536,29.4478164240718,3.5));
#9536=CARTESIAN_POINT('Ctrl Pts',(-41.7373812943697,28.1964526697993,4.));
#9537=CARTESIAN_POINT('Ctrl Pts',(-41.7373812943697,28.1964526697993,3.5));
#9538=CARTESIAN_POINT('Ctrl Pts',(-41.9236022979021,28.3898351714015,4.));
#9539=CARTESIAN_POINT('Ctrl Pts',(-41.9236022979021,28.3898351714015,3.5));
#9540=CARTESIAN_POINT('Ctrl Pts',(-41.962483599782,28.8871071860194,4.));
#9541=CARTESIAN_POINT('Ctrl Pts',(-41.962483599782,28.8871071860194,3.5));
#9542=CARTESIAN_POINT('',(-41.7373812943697,28.1964526697993,4.));
#9543=CARTESIAN_POINT('Ctrl Pts',(-41.7373812943697,28.1964526697993,4.));
#9544=CARTESIAN_POINT('Ctrl Pts',(-41.9236022979021,28.3898351714015,4.));
#9545=CARTESIAN_POINT('Ctrl Pts',(-41.962483599782,28.8871071860194,4.));
#9546=CARTESIAN_POINT('',(-41.7373812943697,28.1964526697993,3.5));
#9547=CARTESIAN_POINT('',(-41.7373812943697,28.1964526697993,4.));
#9548=CARTESIAN_POINT('Ctrl Pts',(-41.7373812943697,28.1964526697993,3.5));
#9549=CARTESIAN_POINT('Ctrl Pts',(-41.9236022979021,28.3898351714015,3.5));
#9550=CARTESIAN_POINT('Ctrl Pts',(-41.962483599782,28.8871071860194,3.5));
#9551=CARTESIAN_POINT('Ctrl Pts',(-41.2401098757982,28.0030689761043,4.));
#9552=CARTESIAN_POINT('Ctrl Pts',(-41.2401098757982,28.0030689761043,3.5));
#9553=CARTESIAN_POINT('Ctrl Pts',(-41.5511602908373,28.0030689761043,4.));
#9554=CARTESIAN_POINT('Ctrl Pts',(-41.5511602908373,28.0030689761043,3.5));
#9555=CARTESIAN_POINT('Ctrl Pts',(-41.7373812943697,28.1964526697993,4.));
#9556=CARTESIAN_POINT('Ctrl Pts',(-41.7373812943697,28.1964526697993,3.5));
#9557=CARTESIAN_POINT('',(-41.2401098757982,28.0030689761043,4.));
#9558=CARTESIAN_POINT('Ctrl Pts',(-41.2401098757982,28.0030689761043,4.));
#9559=CARTESIAN_POINT('Ctrl Pts',(-41.5511602908373,28.0030689761043,4.));
#9560=CARTESIAN_POINT('Ctrl Pts',(-41.7373812943697,28.1964526697993,4.));
#9561=CARTESIAN_POINT('',(-41.2401098757982,28.0030689761043,3.5));
#9562=CARTESIAN_POINT('',(-41.2401098757982,28.0030689761043,4.));
#9563=CARTESIAN_POINT('Ctrl Pts',(-41.2401098757982,28.0030689761043,3.5));
#9564=CARTESIAN_POINT('Ctrl Pts',(-41.5511602908373,28.0030689761043,3.5));
#9565=CARTESIAN_POINT('Ctrl Pts',(-41.7373812943697,28.1964526697993,3.5));
#9566=CARTESIAN_POINT('Ctrl Pts',(-40.7847893983126,28.1790576502681,4.));
#9567=CARTESIAN_POINT('Ctrl Pts',(-40.7847893983126,28.1790576502681,3.5));
#9568=CARTESIAN_POINT('Ctrl Pts',(-40.9618014842272,28.0030689761043,4.));
#9569=CARTESIAN_POINT('Ctrl Pts',(-40.9618014842272,28.0030689761043,3.5));
#9570=CARTESIAN_POINT('Ctrl Pts',(-41.2401098757982,28.0030689761043,4.));
#9571=CARTESIAN_POINT('Ctrl Pts',(-41.2401098757982,28.0030689761043,3.5));
#9572=CARTESIAN_POINT('',(-40.7847893983126,28.1790576502681,4.));
#9573=CARTESIAN_POINT('Ctrl Pts',(-40.7847893983126,28.1790576502681,4.));
#9574=CARTESIAN_POINT('Ctrl Pts',(-40.9618014842272,28.0030689761043,4.));
#9575=CARTESIAN_POINT('Ctrl Pts',(-41.2401098757982,28.0030689761043,4.));
#9576=CARTESIAN_POINT('',(-40.7847893983126,28.1790576502681,3.5));
#9577=CARTESIAN_POINT('',(-40.7847893983126,28.1790576502681,4.));
#9578=CARTESIAN_POINT('Ctrl Pts',(-40.7847893983126,28.1790576502681,3.5));
#9579=CARTESIAN_POINT('Ctrl Pts',(-40.9618014842272,28.0030689761043,3.5));
#9580=CARTESIAN_POINT('Ctrl Pts',(-41.2401098757982,28.0030689761043,3.5));
#9581=CARTESIAN_POINT('Ctrl Pts',(-40.6077767163515,28.6251698061824,4.));
#9582=CARTESIAN_POINT('Ctrl Pts',(-40.6077767163515,28.6251698061824,3.5));
#9583=CARTESIAN_POINT('Ctrl Pts',(-40.6077767163515,28.3550475165248,4.));
#9584=CARTESIAN_POINT('Ctrl Pts',(-40.6077767163515,28.3550475165248,3.5));
#9585=CARTESIAN_POINT('Ctrl Pts',(-40.7847893983126,28.1790576502681,4.));
#9586=CARTESIAN_POINT('Ctrl Pts',(-40.7847893983126,28.1790576502681,3.5));
#9587=CARTESIAN_POINT('',(-40.6077767163515,28.6251698061824,4.));
#9588=CARTESIAN_POINT('Ctrl Pts',(-40.6077767163515,28.6251698061824,4.));
#9589=CARTESIAN_POINT('Ctrl Pts',(-40.6077767163515,28.3550475165248,4.));
#9590=CARTESIAN_POINT('Ctrl Pts',(-40.7847893983126,28.1790576502681,4.));
#9591=CARTESIAN_POINT('',(-40.6077767163515,28.6251698061824,3.5));
#9592=CARTESIAN_POINT('',(-40.6077767163515,28.6251698061824,4.));
#9593=CARTESIAN_POINT('Ctrl Pts',(-40.6077767163515,28.6251698061824,3.5));
#9594=CARTESIAN_POINT('Ctrl Pts',(-40.6077767163515,28.3550475165248,3.5));
#9595=CARTESIAN_POINT('Ctrl Pts',(-40.7847893983126,28.1790576502681,3.5));
#9596=CARTESIAN_POINT('Ctrl Pts',(-40.6845165044069,28.9628229662776,4.));
#9597=CARTESIAN_POINT('Ctrl Pts',(-40.6845165044069,28.9628229662776,3.5));
#9598=CARTESIAN_POINT('Ctrl Pts',(-40.6077767163515,28.7950203940272,4.));
#9599=CARTESIAN_POINT('Ctrl Pts',(-40.6077767163515,28.7950203940272,3.5));
#9600=CARTESIAN_POINT('Ctrl Pts',(-40.6077767163515,28.6251698061824,4.));
#9601=CARTESIAN_POINT('Ctrl Pts',(-40.6077767163515,28.6251698061824,3.5));
#9602=CARTESIAN_POINT('',(-40.6845165044069,28.9628229662776,4.));
#9603=CARTESIAN_POINT('Ctrl Pts',(-40.6845165044069,28.9628229662776,4.));
#9604=CARTESIAN_POINT('Ctrl Pts',(-40.6077767163515,28.7950203940272,4.));
#9605=CARTESIAN_POINT('Ctrl Pts',(-40.6077767163515,28.6251698061824,4.));
#9606=CARTESIAN_POINT('',(-40.6845165044069,28.9628229662776,3.5));
#9607=CARTESIAN_POINT('',(-40.6845165044069,28.9628229662776,4.));
#9608=CARTESIAN_POINT('Ctrl Pts',(-40.6845165044069,28.9628229662776,3.5));
#9609=CARTESIAN_POINT('Ctrl Pts',(-40.6077767163515,28.7950203940272,3.5));
#9610=CARTESIAN_POINT('Ctrl Pts',(-40.6077767163515,28.6251698061824,3.5));
#9611=CARTESIAN_POINT('Ctrl Pts',(-40.9045029431581,29.2595491930842,4.));
#9612=CARTESIAN_POINT('Ctrl Pts',(-40.9045029431581,29.2595491930842,3.5));
#9613=CARTESIAN_POINT('Ctrl Pts',(-40.7612556964159,29.1306267306209,4.));
#9614=CARTESIAN_POINT('Ctrl Pts',(-40.7612556964159,29.1306267306209,3.5));
#9615=CARTESIAN_POINT('Ctrl Pts',(-40.6845165044069,28.9628229662776,4.));
#9616=CARTESIAN_POINT('Ctrl Pts',(-40.6845165044069,28.9628229662776,3.5));
#9617=CARTESIAN_POINT('',(-40.9045029431581,29.2595491930842,4.));
#9618=CARTESIAN_POINT('Ctrl Pts',(-40.9045029431581,29.2595491930842,4.));
#9619=CARTESIAN_POINT('Ctrl Pts',(-40.7612556964159,29.1306267306209,4.));
#9620=CARTESIAN_POINT('Ctrl Pts',(-40.6845165044069,28.9628229662776,4.));
#9621=CARTESIAN_POINT('',(-40.9045029431581,29.2595491930842,3.5));
#9622=CARTESIAN_POINT('',(-40.9045029431581,29.2595491930842,4.));
#9623=CARTESIAN_POINT('Ctrl Pts',(-40.9045029431581,29.2595491930842,3.5));
#9624=CARTESIAN_POINT('Ctrl Pts',(-40.7612556964159,29.1306267306209,3.5));
#9625=CARTESIAN_POINT('Ctrl Pts',(-40.6845165044069,28.9628229662776,3.5));
#9626=CARTESIAN_POINT('Ctrl Pts',(-40.6589365750551,29.3025229498744,4.));
#9627=CARTESIAN_POINT('Ctrl Pts',(-40.6589365750551,29.3025229498744,3.5));
#9628=CARTESIAN_POINT('Ctrl Pts',(-40.7776267081499,29.2677341029048,4.));
#9629=CARTESIAN_POINT('Ctrl Pts',(-40.7776267081499,29.2677341029048,3.5));
#9630=CARTESIAN_POINT('Ctrl Pts',(-40.9045029431581,29.2595491930842,4.));
#9631=CARTESIAN_POINT('Ctrl Pts',(-40.9045029431581,29.2595491930842,3.5));
#9632=CARTESIAN_POINT('',(-40.6589365750551,29.3025229498744,4.));
#9633=CARTESIAN_POINT('Ctrl Pts',(-40.6589365750551,29.3025229498744,4.));
#9634=CARTESIAN_POINT('Ctrl Pts',(-40.7776267081499,29.2677341029048,4.));
#9635=CARTESIAN_POINT('Ctrl Pts',(-40.9045029431581,29.2595491930842,4.));
#9636=CARTESIAN_POINT('',(-40.6589365750551,29.3025229498744,3.5));
#9637=CARTESIAN_POINT('',(-40.6589365750551,29.3025229498744,4.));
#9638=CARTESIAN_POINT('Ctrl Pts',(-40.6589365750551,29.3025229498744,3.5));
#9639=CARTESIAN_POINT('Ctrl Pts',(-40.7776267081499,29.2677341029048,3.5));
#9640=CARTESIAN_POINT('Ctrl Pts',(-40.9045029431581,29.2595491930842,3.5));
#9641=CARTESIAN_POINT('Origin',(-40.6589365750551,29.8734651133418,4.));
#9642=CARTESIAN_POINT('',(-40.6589365750551,29.8734651133418,4.));
#9643=CARTESIAN_POINT('',(-40.6589365750551,28.686732891947,4.));
#9644=CARTESIAN_POINT('',(-40.6589365750551,29.8734651133418,3.5));
#9645=CARTESIAN_POINT('',(-40.6589365750551,29.8734651133418,4.));
#9646=CARTESIAN_POINT('',(-40.6589365750551,29.8734651133418,3.5));
#9647=CARTESIAN_POINT('Ctrl Pts',(-40.967940762639,29.8243508860469,4.));
#9648=CARTESIAN_POINT('Ctrl Pts',(-40.967940762639,29.8243508860469,3.5));
#9649=CARTESIAN_POINT('Ctrl Pts',(-40.8287865668535,29.8243508860469,4.));
#9650=CARTESIAN_POINT('Ctrl Pts',(-40.8287865668535,29.8243508860469,3.5));
#9651=CARTESIAN_POINT('Ctrl Pts',(-40.6589365750551,29.8734651133418,4.));
#9652=CARTESIAN_POINT('Ctrl Pts',(-40.6589365750551,29.8734651133418,3.5));
#9653=CARTESIAN_POINT('',(-40.967940762639,29.8243508860469,4.));
#9654=CARTESIAN_POINT('Ctrl Pts',(-40.967940762639,29.8243508860469,4.));
#9655=CARTESIAN_POINT('Ctrl Pts',(-40.8287865668535,29.8243508860469,4.));
#9656=CARTESIAN_POINT('Ctrl Pts',(-40.6589365750551,29.8734651133418,4.));
#9657=CARTESIAN_POINT('',(-40.967940762639,29.8243508860469,3.5));
#9658=CARTESIAN_POINT('',(-40.967940762639,29.8243508860469,4.));
#9659=CARTESIAN_POINT('Ctrl Pts',(-40.967940762639,29.8243508860469,3.5));
#9660=CARTESIAN_POINT('Ctrl Pts',(-40.8287865668535,29.8243508860469,3.5));
#9661=CARTESIAN_POINT('Ctrl Pts',(-40.6589365750551,29.8734651133418,3.5));
#9662=CARTESIAN_POINT('Ctrl Pts',(-41.5122789889574,29.9102995917201,4.));
#9663=CARTESIAN_POINT('Ctrl Pts',(-41.5122789889574,29.9102995917201,3.5));
#9664=CARTESIAN_POINT('Ctrl Pts',(-41.1234659701586,29.8243508860469,4.));
#9665=CARTESIAN_POINT('Ctrl Pts',(-41.1234659701586,29.8243508860469,3.5));
#9666=CARTESIAN_POINT('Ctrl Pts',(-40.967940762639,29.8243508860469,4.));
#9667=CARTESIAN_POINT('Ctrl Pts',(-40.967940762639,29.8243508860469,3.5));
#9668=CARTESIAN_POINT('',(-41.5122789889574,29.9102995917201,4.));
#9669=CARTESIAN_POINT('Ctrl Pts',(-41.5122789889574,29.9102995917201,4.));
#9670=CARTESIAN_POINT('Ctrl Pts',(-41.1234659701586,29.8243508860469,4.));
#9671=CARTESIAN_POINT('Ctrl Pts',(-40.967940762639,29.8243508860469,4.));
#9672=CARTESIAN_POINT('',(-41.5122789889574,29.9102995917201,3.5));
#9673=CARTESIAN_POINT('',(-41.5122789889574,29.9102995917201,4.));
#9674=CARTESIAN_POINT('Ctrl Pts',(-41.5122789889574,29.9102995917201,3.5));
#9675=CARTESIAN_POINT('Ctrl Pts',(-41.1234659701586,29.8243508860469,3.5));
#9676=CARTESIAN_POINT('Ctrl Pts',(-40.967940762639,29.8243508860469,3.5));
#9677=CARTESIAN_POINT('Ctrl Pts',(-42.0934522897005,30.0320599600673,4.));
#9678=CARTESIAN_POINT('Ctrl Pts',(-42.0934522897005,30.0320599600673,3.5));
#9679=CARTESIAN_POINT('Ctrl Pts',(-41.9829476624727,30.014664940536,4.));
#9680=CARTESIAN_POINT('Ctrl Pts',(-41.9829476624727,30.014664940536,3.5));
#9681=CARTESIAN_POINT('Ctrl Pts',(-41.5122789889574,29.9102995917201,4.));
#9682=CARTESIAN_POINT('Ctrl Pts',(-41.5122789889574,29.9102995917201,3.5));
#9683=CARTESIAN_POINT('',(-42.0934522897005,30.0320599600673,4.));
#9684=CARTESIAN_POINT('Ctrl Pts',(-42.0934522897005,30.0320599600673,4.));
#9685=CARTESIAN_POINT('Ctrl Pts',(-41.9829476624727,30.014664940536,4.));
#9686=CARTESIAN_POINT('Ctrl Pts',(-41.5122789889574,29.9102995917201,4.));
#9687=CARTESIAN_POINT('',(-42.0934522897005,30.0320599600673,3.5));
#9688=CARTESIAN_POINT('',(-42.0934522897005,30.0320599600673,4.));
#9689=CARTESIAN_POINT('Ctrl Pts',(-42.0934522897005,30.0320599600673,3.5));
#9690=CARTESIAN_POINT('Ctrl Pts',(-41.9829476624727,30.014664940536,3.5));
#9691=CARTESIAN_POINT('Ctrl Pts',(-41.5122789889574,29.9102995917201,3.5));
#9692=CARTESIAN_POINT('Ctrl Pts',(-42.3021835833788,30.0494537875056,4.));
#9693=CARTESIAN_POINT('Ctrl Pts',(-42.3021835833788,30.0494537875056,3.5));
#9694=CARTESIAN_POINT('Ctrl Pts',(-42.2039569169283,30.0494537875056,4.));
#9695=CARTESIAN_POINT('Ctrl Pts',(-42.2039569169283,30.0494537875056,3.5));
#9696=CARTESIAN_POINT('Ctrl Pts',(-42.0934522897005,30.0320599600673,4.));
#9697=CARTESIAN_POINT('Ctrl Pts',(-42.0934522897005,30.0320599600673,3.5));
#9698=CARTESIAN_POINT('',(-42.3021835833788,30.0494537875056,4.));
#9699=CARTESIAN_POINT('Ctrl Pts',(-42.3021835833788,30.0494537875056,4.));
#9700=CARTESIAN_POINT('Ctrl Pts',(-42.2039569169283,30.0494537875056,4.));
#9701=CARTESIAN_POINT('Ctrl Pts',(-42.0934522897005,30.0320599600673,4.));
#9702=CARTESIAN_POINT('',(-42.3021835833788,30.0494537875056,3.5));
#9703=CARTESIAN_POINT('',(-42.3021835833788,30.0494537875056,4.));
#9704=CARTESIAN_POINT('Ctrl Pts',(-42.3021835833788,30.0494537875056,3.5));
#9705=CARTESIAN_POINT('Ctrl Pts',(-42.2039569169283,30.0494537875056,3.5));
#9706=CARTESIAN_POINT('Ctrl Pts',(-42.0934522897005,30.0320599600673,3.5));
#9707=CARTESIAN_POINT('Ctrl Pts',(-42.7145303040743,29.8489079996943,4.));
#9708=CARTESIAN_POINT('Ctrl Pts',(-42.7145303040743,29.8489079996943,3.5));
#9709=CARTESIAN_POINT('Ctrl Pts',(-42.5457037240267,30.0494537875056,4.));
#9710=CARTESIAN_POINT('Ctrl Pts',(-42.5457037240267,30.0494537875056,3.5));
#9711=CARTESIAN_POINT('Ctrl Pts',(-42.3021835833788,30.0494537875056,4.));
#9712=CARTESIAN_POINT('Ctrl Pts',(-42.3021835833788,30.0494537875056,3.5));
#9713=CARTESIAN_POINT('',(-42.7145303040743,29.8489079996943,4.));
#9714=CARTESIAN_POINT('Ctrl Pts',(-42.7145303040743,29.8489079996943,4.));
#9715=CARTESIAN_POINT('Ctrl Pts',(-42.5457037240267,30.0494537875056,4.));
#9716=CARTESIAN_POINT('Ctrl Pts',(-42.3021835833788,30.0494537875056,4.));
#9717=CARTESIAN_POINT('',(-42.7145303040743,29.8489079996943,3.5));
#9718=CARTESIAN_POINT('',(-42.7145303040743,29.8489079996943,4.));
#9719=CARTESIAN_POINT('Ctrl Pts',(-42.7145303040743,29.8489079996943,3.5));
#9720=CARTESIAN_POINT('Ctrl Pts',(-42.5457037240267,30.0494537875056,3.5));
#9721=CARTESIAN_POINT('Ctrl Pts',(-42.3021835833788,30.0494537875056,3.5));
#9722=CARTESIAN_POINT('Ctrl Pts',(-42.8833568841219,29.2288539931178,4.));
#9723=CARTESIAN_POINT('Ctrl Pts',(-42.8833568841219,29.2288539931178,3.5));
#9724=CARTESIAN_POINT('Ctrl Pts',(-42.8833568841219,29.6483622118831,4.));
#9725=CARTESIAN_POINT('Ctrl Pts',(-42.8833568841219,29.6483622118831,3.5));
#9726=CARTESIAN_POINT('Ctrl Pts',(-42.7145303040743,29.8489079996943,4.));
#9727=CARTESIAN_POINT('Ctrl Pts',(-42.7145303040743,29.8489079996943,3.5));
#9728=CARTESIAN_POINT('',(-42.8833568841219,29.2288539931178,4.));
#9729=CARTESIAN_POINT('Ctrl Pts',(-42.8833568841219,29.2288539931178,4.));
#9730=CARTESIAN_POINT('Ctrl Pts',(-42.8833568841219,29.6483622118831,4.));
#9731=CARTESIAN_POINT('Ctrl Pts',(-42.7145303040743,29.8489079996943,4.));
#9732=CARTESIAN_POINT('',(-42.8833568841219,29.2288539931178,3.5));
#9733=CARTESIAN_POINT('',(-42.8833568841219,29.2288539931178,4.));
#9734=CARTESIAN_POINT('Ctrl Pts',(-42.8833568841219,29.2288539931178,3.5));
#9735=CARTESIAN_POINT('Ctrl Pts',(-42.8833568841219,29.6483622118831,3.5));
#9736=CARTESIAN_POINT('Ctrl Pts',(-42.7145303040743,29.8489079996943,3.5));
#9737=CARTESIAN_POINT('Ctrl Pts',(-42.7196461707354,28.5811732336879,4.));
#9738=CARTESIAN_POINT('Ctrl Pts',(-42.7196461707354,28.5811732336879,3.5));
#9739=CARTESIAN_POINT('Ctrl Pts',(-42.8833568841219,28.8257155939937,4.));
#9740=CARTESIAN_POINT('Ctrl Pts',(-42.8833568841219,28.8257155939937,3.5));
#9741=CARTESIAN_POINT('Ctrl Pts',(-42.8833568841219,29.2288539931178,4.));
#9742=CARTESIAN_POINT('Ctrl Pts',(-42.8833568841219,29.2288539931178,3.5));
#9743=CARTESIAN_POINT('',(-42.7196461707354,28.5811732336879,4.));
#9744=CARTESIAN_POINT('Ctrl Pts',(-42.7196461707354,28.5811732336879,4.));
#9745=CARTESIAN_POINT('Ctrl Pts',(-42.8833568841219,28.8257155939937,4.));
#9746=CARTESIAN_POINT('Ctrl Pts',(-42.8833568841219,29.2288539931178,4.));
#9747=CARTESIAN_POINT('',(-42.7196461707354,28.5811732336879,3.5));
#9748=CARTESIAN_POINT('',(-42.7196461707354,28.5811732336879,4.));
#9749=CARTESIAN_POINT('Ctrl Pts',(-42.7196461707354,28.5811732336879,3.5));
#9750=CARTESIAN_POINT('Ctrl Pts',(-42.8833568841219,28.8257155939937,3.5));
#9751=CARTESIAN_POINT('Ctrl Pts',(-42.8833568841219,29.2288539931178,3.5));
#9752=CARTESIAN_POINT('Ctrl Pts',(-42.265348508954,28.2384036108851,4.));
#9753=CARTESIAN_POINT('Ctrl Pts',(-42.265348508954,28.2384036108851,3.5));
#9754=CARTESIAN_POINT('Ctrl Pts',(-42.5559354573488,28.3366296812892,4.));
#9755=CARTESIAN_POINT('Ctrl Pts',(-42.5559354573488,28.3366296812892,3.5));
#9756=CARTESIAN_POINT('Ctrl Pts',(-42.7196461707354,28.5811732336879,4.));
#9757=CARTESIAN_POINT('Ctrl Pts',(-42.7196461707354,28.5811732336879,3.5));
#9758=CARTESIAN_POINT('',(-42.265348508954,28.2384036108851,4.));
#9759=CARTESIAN_POINT('Ctrl Pts',(-42.265348508954,28.2384036108851,4.));
#9760=CARTESIAN_POINT('Ctrl Pts',(-42.5559354573488,28.3366296812892,4.));
#9761=CARTESIAN_POINT('Ctrl Pts',(-42.7196461707354,28.5811732336879,4.));
#9762=CARTESIAN_POINT('',(-42.265348508954,28.2384036108851,3.5));
#9763=CARTESIAN_POINT('',(-42.265348508954,28.2384036108851,4.));
#9764=CARTESIAN_POINT('Ctrl Pts',(-42.265348508954,28.2384036108851,3.5));
#9765=CARTESIAN_POINT('Ctrl Pts',(-42.5559354573488,28.3366296812892,3.5));
#9766=CARTESIAN_POINT('Ctrl Pts',(-42.7196461707354,28.5811732336879,3.5));
#9767=CARTESIAN_POINT('Origin',(-42.216235473752,28.8113914057612,4.));
#9768=CARTESIAN_POINT('',(-42.216235473752,28.8113914057612,4.));
#9769=CARTESIAN_POINT('',(-42.280355887142,28.0633168034946,4.));
#9770=CARTESIAN_POINT('',(-42.216235473752,28.8113914057612,3.5));
#9771=CARTESIAN_POINT('',(-42.216235473752,28.8113914057612,4.));
#9772=CARTESIAN_POINT('',(-42.216235473752,28.8113914057612,3.5));
#9773=CARTESIAN_POINT('Ctrl Pts',(-42.3993868380785,28.9351974055171,4.));
#9774=CARTESIAN_POINT('Ctrl Pts',(-42.3993868380785,28.9351974055171,3.5));
#9775=CARTESIAN_POINT('Ctrl Pts',(-42.3349256068468,28.8441334292293,4.));
#9776=CARTESIAN_POINT('Ctrl Pts',(-42.3349256068468,28.8441334292293,3.5));
#9777=CARTESIAN_POINT('Ctrl Pts',(-42.216235473752,28.8113914057612,4.));
#9778=CARTESIAN_POINT('Ctrl Pts',(-42.216235473752,28.8113914057612,3.5));
#9779=CARTESIAN_POINT('',(-42.3993868380785,28.9351974055171,4.));
#9780=CARTESIAN_POINT('Ctrl Pts',(-42.3993868380785,28.9351974055171,4.));
#9781=CARTESIAN_POINT('Ctrl Pts',(-42.3349256068468,28.8441334292293,4.));
#9782=CARTESIAN_POINT('Ctrl Pts',(-42.216235473752,28.8113914057612,4.));
#9783=CARTESIAN_POINT('',(-42.3993868380785,28.9351974055171,3.5));
#9784=CARTESIAN_POINT('',(-42.3993868380785,28.9351974055171,4.));
#9785=CARTESIAN_POINT('Ctrl Pts',(-42.3993868380785,28.9351974055171,3.5));
#9786=CARTESIAN_POINT('Ctrl Pts',(-42.3349256068468,28.8441334292293,3.5));
#9787=CARTESIAN_POINT('Ctrl Pts',(-42.216235473752,28.8113914057612,3.5));
#9788=CARTESIAN_POINT('Ctrl Pts',(-42.4638480693102,29.1838334128261,4.));
#9789=CARTESIAN_POINT('Ctrl Pts',(-42.4638480693102,29.1838334128261,3.5));
#9790=CARTESIAN_POINT('Ctrl Pts',(-42.4638480693102,29.0262613818049,4.));
#9791=CARTESIAN_POINT('Ctrl Pts',(-42.4638480693102,29.0262613818049,3.5));
#9792=CARTESIAN_POINT('Ctrl Pts',(-42.3993868380785,28.9351974055171,4.));
#9793=CARTESIAN_POINT('Ctrl Pts',(-42.3993868380785,28.9351974055171,3.5));
#9794=CARTESIAN_POINT('Ctrl Pts',(-42.4638480693102,29.1838334128261,4.));
#9795=CARTESIAN_POINT('Ctrl Pts',(-42.4638480693102,29.0262613818049,4.));
#9796=CARTESIAN_POINT('Ctrl Pts',(-42.3993868380785,28.9351974055171,4.));
#9797=CARTESIAN_POINT('Ctrl Pts',(-42.4638480693102,29.1838334128261,3.5));
#9798=CARTESIAN_POINT('Ctrl Pts',(-42.4638480693102,29.0262613818049,3.5));
#9799=CARTESIAN_POINT('Ctrl Pts',(-42.3993868380785,28.9351974055171,3.5));
#9800=CARTESIAN_POINT('Origin',(-41.7455668002367,29.0262613818049,3.5));
#9801=CARTESIAN_POINT('Ctrl Pts',(-47.0436567813158,41.5163717791438,4.));
#9802=CARTESIAN_POINT('Ctrl Pts',(-47.0436567813158,41.5163717791438,3.5));
#9803=CARTESIAN_POINT('Ctrl Pts',(-46.908595636487,41.34038310498,4.));
#9804=CARTESIAN_POINT('Ctrl Pts',(-46.908595636487,41.34038310498,3.5));
#9805=CARTESIAN_POINT('Ctrl Pts',(-46.712142303586,41.248293928802,4.));
#9806=CARTESIAN_POINT('Ctrl Pts',(-46.712142303586,41.248293928802,3.5));
#9807=CARTESIAN_POINT('',(-47.0436567813158,41.5163717791438,4.));
#9808=CARTESIAN_POINT('',(-46.712142303586,41.248293928802,4.));
#9809=CARTESIAN_POINT('Ctrl Pts',(-47.0436567813158,41.5163717791438,4.));
#9810=CARTESIAN_POINT('Ctrl Pts',(-46.908595636487,41.34038310498,4.));
#9811=CARTESIAN_POINT('Ctrl Pts',(-46.712142303586,41.248293928802,4.));
#9812=CARTESIAN_POINT('',(-47.0436567813158,41.5163717791438,3.5));
#9813=CARTESIAN_POINT('',(-47.0436567813158,41.5163717791438,4.));
#9814=CARTESIAN_POINT('',(-46.712142303586,41.248293928802,3.5));
#9815=CARTESIAN_POINT('Ctrl Pts',(-47.0436567813158,41.5163717791438,3.5));
#9816=CARTESIAN_POINT('Ctrl Pts',(-46.908595636487,41.34038310498,3.5));
#9817=CARTESIAN_POINT('Ctrl Pts',(-46.712142303586,41.248293928802,3.5));
#9818=CARTESIAN_POINT('',(-46.712142303586,41.248293928802,4.));
#9819=CARTESIAN_POINT('Ctrl Pts',(-47.1459759026766,41.7987714335322,4.));
#9820=CARTESIAN_POINT('Ctrl Pts',(-47.1459759026766,41.7987714335322,3.5));
#9821=CARTESIAN_POINT('Ctrl Pts',(-47.1459759026766,41.6514335200191,4.));
#9822=CARTESIAN_POINT('Ctrl Pts',(-47.1459759026766,41.6514335200191,3.5));
#9823=CARTESIAN_POINT('Ctrl Pts',(-47.0436567813158,41.5163717791438,4.));
#9824=CARTESIAN_POINT('Ctrl Pts',(-47.0436567813158,41.5163717791438,3.5));
#9825=CARTESIAN_POINT('',(-47.1459759026766,41.7987714335322,4.));
#9826=CARTESIAN_POINT('Ctrl Pts',(-47.1459759026766,41.7987714335322,4.));
#9827=CARTESIAN_POINT('Ctrl Pts',(-47.1459759026766,41.6514335200191,4.));
#9828=CARTESIAN_POINT('Ctrl Pts',(-47.0436567813158,41.5163717791438,4.));
#9829=CARTESIAN_POINT('',(-47.1459759026766,41.7987714335322,3.5));
#9830=CARTESIAN_POINT('',(-47.1459759026766,41.7987714335322,4.));
#9831=CARTESIAN_POINT('Ctrl Pts',(-47.1459759026766,41.7987714335322,3.5));
#9832=CARTESIAN_POINT('Ctrl Pts',(-47.1459759026766,41.6514335200191,3.5));
#9833=CARTESIAN_POINT('Ctrl Pts',(-47.0436567813158,41.5163717791438,3.5));
#9834=CARTESIAN_POINT('Ctrl Pts',(-47.0804918557405,41.9829474017024,4.));
#9835=CARTESIAN_POINT('Ctrl Pts',(-47.0804918557405,41.9829474017024,3.5));
#9836=CARTESIAN_POINT('Ctrl Pts',(-47.1459759026766,41.9154153391719,4.));
#9837=CARTESIAN_POINT('Ctrl Pts',(-47.1459759026766,41.9154153391719,3.5));
#9838=CARTESIAN_POINT('Ctrl Pts',(-47.1459759026766,41.7987714335322,4.));
#9839=CARTESIAN_POINT('Ctrl Pts',(-47.1459759026766,41.7987714335322,3.5));
#9840=CARTESIAN_POINT('',(-47.0804918557405,41.9829474017024,4.));
#9841=CARTESIAN_POINT('Ctrl Pts',(-47.0804918557405,41.9829474017024,4.));
#9842=CARTESIAN_POINT('Ctrl Pts',(-47.1459759026766,41.9154153391719,4.));
#9843=CARTESIAN_POINT('Ctrl Pts',(-47.1459759026766,41.7987714335322,4.));
#9844=CARTESIAN_POINT('',(-47.0804918557405,41.9829474017024,3.5));
#9845=CARTESIAN_POINT('',(-47.0804918557405,41.9829474017024,4.));
#9846=CARTESIAN_POINT('Ctrl Pts',(-47.0804918557405,41.9829474017024,3.5));
#9847=CARTESIAN_POINT('Ctrl Pts',(-47.1459759026766,41.9154153391719,3.5));
#9848=CARTESIAN_POINT('Ctrl Pts',(-47.1459759026766,41.7987714335322,3.5));
#9849=CARTESIAN_POINT('Ctrl Pts',(-46.9065491110086,42.0504770800471,4.));
#9850=CARTESIAN_POINT('Ctrl Pts',(-46.9065491110086,42.0504770800471,3.5));
#9851=CARTESIAN_POINT('Ctrl Pts',(-47.0150075107813,42.0504770800471,4.));
#9852=CARTESIAN_POINT('Ctrl Pts',(-47.0150075107813,42.0504770800471,3.5));
#9853=CARTESIAN_POINT('Ctrl Pts',(-47.0804918557405,41.9829474017024,4.));
#9854=CARTESIAN_POINT('Ctrl Pts',(-47.0804918557405,41.9829474017024,3.5));
#9855=CARTESIAN_POINT('',(-46.9065491110086,42.0504770800471,4.));
#9856=CARTESIAN_POINT('Ctrl Pts',(-46.9065491110086,42.0504770800471,4.));
#9857=CARTESIAN_POINT('Ctrl Pts',(-47.0150075107813,42.0504770800471,4.));
#9858=CARTESIAN_POINT('Ctrl Pts',(-47.0804918557405,41.9829474017024,4.));
#9859=CARTESIAN_POINT('',(-46.9065491110086,42.0504770800471,3.5));
#9860=CARTESIAN_POINT('',(-46.9065491110086,42.0504770800471,4.));
#9861=CARTESIAN_POINT('Ctrl Pts',(-46.9065491110086,42.0504770800471,3.5));
#9862=CARTESIAN_POINT('Ctrl Pts',(-47.0150075107813,42.0504770800471,3.5));
#9863=CARTESIAN_POINT('Ctrl Pts',(-47.0804918557405,41.9829474017024,3.5));
#9864=CARTESIAN_POINT('Ctrl Pts',(-46.6364262253046,42.0075045153499,4.));
#9865=CARTESIAN_POINT('Ctrl Pts',(-46.6364262253046,42.0075045153499,3.5));
#9866=CARTESIAN_POINT('Ctrl Pts',(-46.8472040444613,42.0504770800471,4.));
#9867=CARTESIAN_POINT('Ctrl Pts',(-46.8472040444613,42.0504770800471,3.5));
#9868=CARTESIAN_POINT('Ctrl Pts',(-46.9065491110086,42.0504770800471,4.));
#9869=CARTESIAN_POINT('Ctrl Pts',(-46.9065491110086,42.0504770800471,3.5));
#9870=CARTESIAN_POINT('',(-46.6364262253046,42.0075045153499,4.));
#9871=CARTESIAN_POINT('Ctrl Pts',(-46.6364262253046,42.0075045153499,4.));
#9872=CARTESIAN_POINT('Ctrl Pts',(-46.8472040444613,42.0504770800471,4.));
#9873=CARTESIAN_POINT('Ctrl Pts',(-46.9065491110086,42.0504770800471,4.));
#9874=CARTESIAN_POINT('',(-46.6364262253046,42.0075045153499,3.5));
#9875=CARTESIAN_POINT('',(-46.6364262253046,42.0075045153499,4.));
#9876=CARTESIAN_POINT('Ctrl Pts',(-46.6364262253046,42.0075045153499,3.5));
#9877=CARTESIAN_POINT('Ctrl Pts',(-46.8472040444613,42.0504770800471,3.5));
#9878=CARTESIAN_POINT('Ctrl Pts',(-46.9065491110086,42.0504770800471,3.5));
#9879=CARTESIAN_POINT('Origin',(-45.3410647064447,41.7353354021907,4.));
#9880=CARTESIAN_POINT('',(-45.3410647064447,41.7353354021907,4.));
#9881=CARTESIAN_POINT('',(-43.5060453384228,41.3497784848723,4.));
#9882=CARTESIAN_POINT('',(-45.3410647064447,41.7353354021907,3.5));
#9883=CARTESIAN_POINT('',(-45.3410647064447,41.7353354021907,4.));
#9884=CARTESIAN_POINT('',(-45.3410647064447,41.7353354021907,3.5));
#9885=CARTESIAN_POINT('Origin',(-45.3410647064447,42.3226461932063,4.));
#9886=CARTESIAN_POINT('',(-45.3410647064447,42.3226461932063,4.));
#9887=CARTESIAN_POINT('',(-45.3410647064447,34.9113234318793,4.));
#9888=CARTESIAN_POINT('',(-45.3410647064447,42.3226461932063,3.5));
#9889=CARTESIAN_POINT('',(-45.3410647064447,42.3226461932063,4.));
#9890=CARTESIAN_POINT('',(-45.3410647064447,42.3226461932063,3.5));
#9891=CARTESIAN_POINT('Origin',(-46.6118697077036,42.5886760279536,4.));
#9892=CARTESIAN_POINT('',(-46.6118697077036,42.5886760279536,4.));
#9893=CARTESIAN_POINT('',(-44.0872433445114,42.0601717070441,4.));
#9894=CARTESIAN_POINT('',(-46.6118697077036,42.5886760279536,3.5));
#9895=CARTESIAN_POINT('',(-46.6118697077036,42.5886760279536,4.));
#9896=CARTESIAN_POINT('',(-46.6118697077036,42.5886760279536,3.5));
#9897=CARTESIAN_POINT('Ctrl Pts',(-47.0170540362597,42.6459751650691,4.));
#9898=CARTESIAN_POINT('Ctrl Pts',(-47.0170540362597,42.6459751650691,3.5));
#9899=CARTESIAN_POINT('Ctrl Pts',(-46.8860853463411,42.6459751650691,4.));
#9900=CARTESIAN_POINT('Ctrl Pts',(-46.8860853463411,42.6459751650691,3.5));
#9901=CARTESIAN_POINT('Ctrl Pts',(-46.6118697077036,42.5886760279536,4.));
#9902=CARTESIAN_POINT('Ctrl Pts',(-46.6118697077036,42.5886760279536,3.5));
#9903=CARTESIAN_POINT('',(-47.0170540362597,42.6459751650691,4.));
#9904=CARTESIAN_POINT('Ctrl Pts',(-47.0170540362597,42.6459751650691,4.));
#9905=CARTESIAN_POINT('Ctrl Pts',(-46.8860853463411,42.6459751650691,4.));
#9906=CARTESIAN_POINT('Ctrl Pts',(-46.6118697077036,42.5886760279536,4.));
#9907=CARTESIAN_POINT('',(-47.0170540362597,42.6459751650691,3.5));
#9908=CARTESIAN_POINT('',(-47.0170540362597,42.6459751650691,4.));
#9909=CARTESIAN_POINT('Ctrl Pts',(-47.0170540362597,42.6459751650691,3.5));
#9910=CARTESIAN_POINT('Ctrl Pts',(-46.8860853463411,42.6459751650691,3.5));
#9911=CARTESIAN_POINT('Ctrl Pts',(-46.6118697077036,42.5886760279536,3.5));
#9912=CARTESIAN_POINT('Ctrl Pts',(-47.4140524119139,42.4924955889583,4.));
#9913=CARTESIAN_POINT('Ctrl Pts',(-47.4140524119139,42.4924955889583,3.5));
#9914=CARTESIAN_POINT('Ctrl Pts',(-47.2626198083162,42.6459751650691,4.));
#9915=CARTESIAN_POINT('Ctrl Pts',(-47.2626198083162,42.6459751650691,3.5));
#9916=CARTESIAN_POINT('Ctrl Pts',(-47.0170540362597,42.6459751650691,4.));
#9917=CARTESIAN_POINT('Ctrl Pts',(-47.0170540362597,42.6459751650691,3.5));
#9918=CARTESIAN_POINT('',(-47.4140524119139,42.4924955889583,4.));
#9919=CARTESIAN_POINT('Ctrl Pts',(-47.4140524119139,42.4924955889583,4.));
#9920=CARTESIAN_POINT('Ctrl Pts',(-47.2626198083162,42.6459751650691,4.));
#9921=CARTESIAN_POINT('Ctrl Pts',(-47.0170540362597,42.6459751650691,4.));
#9922=CARTESIAN_POINT('',(-47.4140524119139,42.4924955889583,3.5));
#9923=CARTESIAN_POINT('',(-47.4140524119139,42.4924955889583,4.));
#9924=CARTESIAN_POINT('Ctrl Pts',(-47.4140524119139,42.4924955889583,3.5));
#9925=CARTESIAN_POINT('Ctrl Pts',(-47.2626198083162,42.6459751650691,3.5));
#9926=CARTESIAN_POINT('Ctrl Pts',(-47.0170540362597,42.6459751650691,3.5));
#9927=CARTESIAN_POINT('Ctrl Pts',(-47.5654850155115,42.0750341936946,4.));
#9928=CARTESIAN_POINT('Ctrl Pts',(-47.5654850155115,42.0750341936946,3.5));
#9929=CARTESIAN_POINT('Ctrl Pts',(-47.5654850155115,42.3390183970332,4.));
#9930=CARTESIAN_POINT('Ctrl Pts',(-47.5654850155115,42.3390183970332,3.5));
#9931=CARTESIAN_POINT('Ctrl Pts',(-47.4140524119139,42.4924955889583,4.));
#9932=CARTESIAN_POINT('Ctrl Pts',(-47.4140524119139,42.4924955889583,3.5));
#9933=CARTESIAN_POINT('',(-47.5654850155115,42.0750341936946,4.));
#9934=CARTESIAN_POINT('Ctrl Pts',(-47.5654850155115,42.0750341936946,4.));
#9935=CARTESIAN_POINT('Ctrl Pts',(-47.5654850155115,42.3390183970332,4.));
#9936=CARTESIAN_POINT('Ctrl Pts',(-47.4140524119139,42.4924955889583,4.));
#9937=CARTESIAN_POINT('',(-47.5654850155115,42.0750341936946,3.5));
#9938=CARTESIAN_POINT('',(-47.5654850155115,42.0750341936946,4.));
#9939=CARTESIAN_POINT('Ctrl Pts',(-47.5654850155115,42.0750341936946,3.5));
#9940=CARTESIAN_POINT('Ctrl Pts',(-47.5654850155115,42.3390183970332,3.5));
#9941=CARTESIAN_POINT('Ctrl Pts',(-47.4140524119139,42.4924955889583,3.5));
#9942=CARTESIAN_POINT('Ctrl Pts',(-47.4969310313463,41.7066846415401,4.));
#9943=CARTESIAN_POINT('Ctrl Pts',(-47.4969310313463,41.7066846415401,3.5));
#9944=CARTESIAN_POINT('Ctrl Pts',(-47.5654850155115,41.8785820528865,4.));
#9945=CARTESIAN_POINT('Ctrl Pts',(-47.5654850155115,41.8785820528865,3.5));
#9946=CARTESIAN_POINT('Ctrl Pts',(-47.5654850155115,42.0750341936946,4.));
#9947=CARTESIAN_POINT('Ctrl Pts',(-47.5654850155115,42.0750341936946,3.5));
#9948=CARTESIAN_POINT('',(-47.4969310313463,41.7066846415401,4.));
#9949=CARTESIAN_POINT('Ctrl Pts',(-47.4969310313463,41.7066846415401,4.));
#9950=CARTESIAN_POINT('Ctrl Pts',(-47.5654850155115,41.8785820528865,4.));
#9951=CARTESIAN_POINT('Ctrl Pts',(-47.5654850155115,42.0750341936946,4.));
#9952=CARTESIAN_POINT('',(-47.4969310313463,41.7066846415401,3.5));
#9953=CARTESIAN_POINT('',(-47.4969310313463,41.7066846415401,4.));
#9954=CARTESIAN_POINT('Ctrl Pts',(-47.4969310313463,41.7066846415401,3.5));
#9955=CARTESIAN_POINT('Ctrl Pts',(-47.5654850155115,41.8785820528865,3.5));
#9956=CARTESIAN_POINT('Ctrl Pts',(-47.5654850155115,42.0750341936946,3.5));
#9957=CARTESIAN_POINT('Ctrl Pts',(-47.2728521376848,41.3362894579768,4.));
#9958=CARTESIAN_POINT('Ctrl Pts',(-47.2728521376848,41.3362894579768,3.5));
#9959=CARTESIAN_POINT('Ctrl Pts',(-47.4283771961927,41.5347896143794,4.));
#9960=CARTESIAN_POINT('Ctrl Pts',(-47.4283771961927,41.5347896143794,3.5));
#9961=CARTESIAN_POINT('Ctrl Pts',(-47.4969310313463,41.7066846415401,4.));
#9962=CARTESIAN_POINT('Ctrl Pts',(-47.4969310313463,41.7066846415401,3.5));
#9963=CARTESIAN_POINT('',(-47.2728521376848,41.3362894579768,4.));
#9964=CARTESIAN_POINT('Ctrl Pts',(-47.2728521376848,41.3362894579768,4.));
#9965=CARTESIAN_POINT('Ctrl Pts',(-47.4283771961927,41.5347896143794,4.));
#9966=CARTESIAN_POINT('Ctrl Pts',(-47.4969310313463,41.7066846415401,4.));
#9967=CARTESIAN_POINT('',(-47.2728521376848,41.3362894579768,3.5));
#9968=CARTESIAN_POINT('',(-47.2728521376848,41.3362894579768,4.));
#9969=CARTESIAN_POINT('Ctrl Pts',(-47.2728521376848,41.3362894579768,3.5));
#9970=CARTESIAN_POINT('Ctrl Pts',(-47.4283771961927,41.5347896143794,3.5));
#9971=CARTESIAN_POINT('Ctrl Pts',(-47.4969310313463,41.7066846415401,3.5));
#9972=CARTESIAN_POINT('Origin',(-48.341064825654,41.5613923594356,4.));
#9973=CARTESIAN_POINT('',(-48.341064825654,41.5613923594356,4.));
#9974=CARTESIAN_POINT('',(-45.0836164465955,40.8749550143857,4.));
#9975=CARTESIAN_POINT('',(-48.341064825654,41.5613923594356,3.5));
#9976=CARTESIAN_POINT('',(-48.341064825654,41.5613923594356,4.));
#9977=CARTESIAN_POINT('',(-48.341064825654,41.5613923594356,3.5));
#9978=CARTESIAN_POINT('Origin',(-48.341064825654,40.9740791842341,4.));
#9979=CARTESIAN_POINT('',(-48.341064825654,40.9740791842341,4.));
#9980=CARTESIAN_POINT('',(-48.341064825654,34.2370399273932,4.));
#9981=CARTESIAN_POINT('',(-48.341064825654,40.9740791842341,3.5));
#9982=CARTESIAN_POINT('',(-48.341064825654,40.9740791842341,4.));
#9983=CARTESIAN_POINT('',(-48.341064825654,40.9740791842341,3.5));
#9984=CARTESIAN_POINT('Origin',(-45.3410647064447,40.3458390757442,4.));
#9985=CARTESIAN_POINT('',(-45.3410647064447,40.3458390757442,4.));
#9986=CARTESIAN_POINT('',(-43.6496623128524,39.991636815402,4.));
#9987=CARTESIAN_POINT('',(-45.3410647064447,40.3458390757442,3.5));
#9988=CARTESIAN_POINT('',(-45.3410647064447,40.3458390757442,4.));
#9989=CARTESIAN_POINT('',(-45.3410647064447,40.3458390757442,3.5));
#9990=CARTESIAN_POINT('Origin',(-45.3410647064447,40.9331522509456,4.));
#9991=CARTESIAN_POINT('',(-45.3410647064447,40.9331522509456,4.));
#9992=CARTESIAN_POINT('',(-45.3410647064447,34.2165764607489,4.));
#9993=CARTESIAN_POINT('',(-45.3410647064447,40.9331522509456,3.5));
#9994=CARTESIAN_POINT('',(-45.3410647064447,40.9331522509456,4.));
#9995=CARTESIAN_POINT('',(-45.3410647064447,40.9331522509456,3.5));
#9996=CARTESIAN_POINT('Origin',(-46.202592626214,41.1132321879268,4.));
#9997=CARTESIAN_POINT('',(-46.202592626214,41.1132321879268,4.));
#9998=CARTESIAN_POINT('',(-44.0237471544853,40.6578013815221,4.));
#9999=CARTESIAN_POINT('',(-46.202592626214,41.1132321879268,3.5));
#10000=CARTESIAN_POINT('',(-46.202592626214,41.1132321879268,4.));
#10001=CARTESIAN_POINT('',(-46.202592626214,41.1132321879268,3.5));
#10002=CARTESIAN_POINT('Ctrl Pts',(-46.712142303586,41.248293928802,4.));
#10003=CARTESIAN_POINT('Ctrl Pts',(-46.712142303586,41.248293928802,3.5));
#10004=CARTESIAN_POINT('Ctrl Pts',(-46.6036839038134,41.1971340700984,4.));
#10005=CARTESIAN_POINT('Ctrl Pts',(-46.6036839038134,41.1971340700984,3.5));
#10006=CARTESIAN_POINT('Ctrl Pts',(-46.202592626214,41.1132321879268,4.));
#10007=CARTESIAN_POINT('Ctrl Pts',(-46.202592626214,41.1132321879268,3.5));
#10008=CARTESIAN_POINT('Ctrl Pts',(-46.712142303586,41.248293928802,4.));
#10009=CARTESIAN_POINT('Ctrl Pts',(-46.6036839038134,41.1971340700984,4.));
#10010=CARTESIAN_POINT('Ctrl Pts',(-46.202592626214,41.1132321879268,4.));
#10011=CARTESIAN_POINT('Ctrl Pts',(-46.712142303586,41.248293928802,3.5));
#10012=CARTESIAN_POINT('Ctrl Pts',(-46.6036839038134,41.1971340700984,3.5));
#10013=CARTESIAN_POINT('Ctrl Pts',(-46.202592626214,41.1132321879268,3.5));
#10014=CARTESIAN_POINT('Origin',(-46.8410647660494,41.4959071204066,3.5));
#10015=CARTESIAN_POINT('Ctrl Pts',(-47.7987728267908,30.0208054110408,4.));
#10016=CARTESIAN_POINT('Ctrl Pts',(-47.7987728267908,30.0208054110408,3.5));
#10017=CARTESIAN_POINT('Ctrl Pts',(-47.8929064422846,29.9317882582545,4.));
#10018=CARTESIAN_POINT('Ctrl Pts',(-47.8929064422846,29.9317882582545,3.5));
#10019=CARTESIAN_POINT('Ctrl Pts',(-47.8929064422846,29.7946796938777,4.));
#10020=CARTESIAN_POINT('Ctrl Pts',(-47.8929064422846,29.7946796938777,3.5));
#10021=CARTESIAN_POINT('',(-47.7987728267908,30.0208054110408,4.));
#10022=CARTESIAN_POINT('',(-47.8929064422846,29.7946796938777,4.));
#10023=CARTESIAN_POINT('Ctrl Pts',(-47.7987728267908,30.0208054110408,4.));
#10024=CARTESIAN_POINT('Ctrl Pts',(-47.8929064422846,29.9317882582545,4.));
#10025=CARTESIAN_POINT('Ctrl Pts',(-47.8929064422846,29.7946796938777,4.));
#10026=CARTESIAN_POINT('',(-47.7987728267908,30.0208054110408,3.5));
#10027=CARTESIAN_POINT('',(-47.7987728267908,30.0208054110408,4.));
#10028=CARTESIAN_POINT('',(-47.8929064422846,29.7946796938777,3.5));
#10029=CARTESIAN_POINT('Ctrl Pts',(-47.7987728267908,30.0208054110408,3.5));
#10030=CARTESIAN_POINT('Ctrl Pts',(-47.8929064422846,29.9317882582545,3.5));
#10031=CARTESIAN_POINT('Ctrl Pts',(-47.8929064422846,29.7946796938777,3.5));
#10032=CARTESIAN_POINT('',(-47.8929064422846,29.7946796938777,4.));
#10033=CARTESIAN_POINT('Ctrl Pts',(-47.5532066076994,30.1098237559199,4.));
#10034=CARTESIAN_POINT('Ctrl Pts',(-47.5532066076994,30.1098237559199,3.5));
#10035=CARTESIAN_POINT('Ctrl Pts',(-47.7046390622854,30.1098237559199,4.));
#10036=CARTESIAN_POINT('Ctrl Pts',(-47.7046390622854,30.1098237559199,3.5));
#10037=CARTESIAN_POINT('Ctrl Pts',(-47.7987728267908,30.0208054110408,4.));
#10038=CARTESIAN_POINT('Ctrl Pts',(-47.7987728267908,30.0208054110408,3.5));
#10039=CARTESIAN_POINT('',(-47.5532066076994,30.1098237559199,4.));
#10040=CARTESIAN_POINT('Ctrl Pts',(-47.5532066076994,30.1098237559199,4.));
#10041=CARTESIAN_POINT('Ctrl Pts',(-47.7046390622854,30.1098237559199,4.));
#10042=CARTESIAN_POINT('Ctrl Pts',(-47.7987728267908,30.0208054110408,4.));
#10043=CARTESIAN_POINT('',(-47.5532066076994,30.1098237559199,3.5));
#10044=CARTESIAN_POINT('',(-47.5532066076994,30.1098237559199,4.));
#10045=CARTESIAN_POINT('Ctrl Pts',(-47.5532066076994,30.1098237559199,3.5));
#10046=CARTESIAN_POINT('Ctrl Pts',(-47.7046390622854,30.1098237559199,3.5));
#10047=CARTESIAN_POINT('Ctrl Pts',(-47.7987728267908,30.0208054110408,3.5));
#10048=CARTESIAN_POINT('Ctrl Pts',(-47.3424289375544,30.0566170737147,4.));
#10049=CARTESIAN_POINT('Ctrl Pts',(-47.3424289375544,30.0566170737147,3.5));
#10050=CARTESIAN_POINT('Ctrl Pts',(-47.4590729922056,30.1098237559199,4.));
#10051=CARTESIAN_POINT('Ctrl Pts',(-47.4590729922056,30.1098237559199,3.5));
#10052=CARTESIAN_POINT('Ctrl Pts',(-47.5532066076994,30.1098237559199,4.));
#10053=CARTESIAN_POINT('Ctrl Pts',(-47.5532066076994,30.1098237559199,3.5));
#10054=CARTESIAN_POINT('',(-47.3424289375544,30.0566170737147,4.));
#10055=CARTESIAN_POINT('Ctrl Pts',(-47.3424289375544,30.0566170737147,4.));
#10056=CARTESIAN_POINT('Ctrl Pts',(-47.4590729922056,30.1098237559199,4.));
#10057=CARTESIAN_POINT('Ctrl Pts',(-47.5532066076994,30.1098237559199,4.));
#10058=CARTESIAN_POINT('',(-47.3424289375544,30.0566170737147,3.5));
#10059=CARTESIAN_POINT('',(-47.3424289375544,30.0566170737147,4.));
#10060=CARTESIAN_POINT('Ctrl Pts',(-47.3424289375544,30.0566170737147,3.5));
#10061=CARTESIAN_POINT('Ctrl Pts',(-47.4590729922056,30.1098237559199,3.5));
#10062=CARTESIAN_POINT('Ctrl Pts',(-47.5532066076994,30.1098237559199,3.5));
#10063=CARTESIAN_POINT('Ctrl Pts',(-47.0661670714617,29.8601649329066,4.));
#10064=CARTESIAN_POINT('Ctrl Pts',(-47.0661670714617,29.8601649329066,3.5));
#10065=CARTESIAN_POINT('Ctrl Pts',(-47.2257850319147,30.0034115836024,4.));
#10066=CARTESIAN_POINT('Ctrl Pts',(-47.2257850319147,30.0034115836024,3.5));
#10067=CARTESIAN_POINT('Ctrl Pts',(-47.3424289375544,30.0566170737147,4.));
#10068=CARTESIAN_POINT('Ctrl Pts',(-47.3424289375544,30.0566170737147,3.5));
#10069=CARTESIAN_POINT('',(-47.0661670714617,29.8601649329066,4.));
#10070=CARTESIAN_POINT('Ctrl Pts',(-47.0661670714617,29.8601649329066,4.));
#10071=CARTESIAN_POINT('Ctrl Pts',(-47.2257850319147,30.0034115836024,4.));
#10072=CARTESIAN_POINT('Ctrl Pts',(-47.3424289375544,30.0566170737147,4.));
#10073=CARTESIAN_POINT('',(-47.0661670714617,29.8601649329066,3.5));
#10074=CARTESIAN_POINT('',(-47.0661670714617,29.8601649329066,4.));
#10075=CARTESIAN_POINT('Ctrl Pts',(-47.0661670714617,29.8601649329066,3.5));
#10076=CARTESIAN_POINT('Ctrl Pts',(-47.2257850319147,30.0034115836024,3.5));
#10077=CARTESIAN_POINT('Ctrl Pts',(-47.3424289375544,30.0566170737147,3.5));
#10078=CARTESIAN_POINT('Ctrl Pts',(-46.687585785985,29.4774900004268,4.));
#10079=CARTESIAN_POINT('Ctrl Pts',(-46.687585785985,29.4774900004268,3.5));
#10080=CARTESIAN_POINT('Ctrl Pts',(-46.9781727343798,29.7803555056453,4.));
#10081=CARTESIAN_POINT('Ctrl Pts',(-46.9781727343798,29.7803555056453,3.5));
#10082=CARTESIAN_POINT('Ctrl Pts',(-47.0661670714617,29.8601649329066,4.));
#10083=CARTESIAN_POINT('Ctrl Pts',(-47.0661670714617,29.8601649329066,3.5));
#10084=CARTESIAN_POINT('',(-46.687585785985,29.4774900004268,4.));
#10085=CARTESIAN_POINT('Ctrl Pts',(-46.687585785985,29.4774900004268,4.));
#10086=CARTESIAN_POINT('Ctrl Pts',(-46.9781727343798,29.7803555056453,4.));
#10087=CARTESIAN_POINT('Ctrl Pts',(-47.0661670714617,29.8601649329066,4.));
#10088=CARTESIAN_POINT('',(-46.687585785985,29.4774900004268,3.5));
#10089=CARTESIAN_POINT('',(-46.687585785985,29.4774900004268,4.));
#10090=CARTESIAN_POINT('Ctrl Pts',(-46.687585785985,29.4774900004268,3.5));
#10091=CARTESIAN_POINT('Ctrl Pts',(-46.9781727343798,29.7803555056453,3.5));
#10092=CARTESIAN_POINT('Ctrl Pts',(-47.0661670714617,29.8601649329066,3.5));
#10093=CARTESIAN_POINT('Ctrl Pts',(-46.1330155283213,28.9229200407863,4.));
#10094=CARTESIAN_POINT('Ctrl Pts',(-46.1330155283213,28.9229200407863,3.5));
#10095=CARTESIAN_POINT('Ctrl Pts',(-46.304912045598,29.0743527933955,4.));
#10096=CARTESIAN_POINT('Ctrl Pts',(-46.304912045598,29.0743527933955,3.5));
#10097=CARTESIAN_POINT('Ctrl Pts',(-46.687585785985,29.4774900004268,4.));
#10098=CARTESIAN_POINT('Ctrl Pts',(-46.687585785985,29.4774900004268,3.5));
#10099=CARTESIAN_POINT('',(-46.1330155283213,28.9229200407863,4.));
#10100=CARTESIAN_POINT('Ctrl Pts',(-46.1330155283213,28.9229200407863,4.));
#10101=CARTESIAN_POINT('Ctrl Pts',(-46.304912045598,29.0743527933955,4.));
#10102=CARTESIAN_POINT('Ctrl Pts',(-46.687585785985,29.4774900004268,4.));
#10103=CARTESIAN_POINT('',(-46.1330155283213,28.9229200407863,3.5));
#10104=CARTESIAN_POINT('',(-46.1330155283213,28.9229200407863,4.));
#10105=CARTESIAN_POINT('Ctrl Pts',(-46.1330155283213,28.9229200407863,3.5));
#10106=CARTESIAN_POINT('Ctrl Pts',(-46.304912045598,29.0743527933955,3.5));
#10107=CARTESIAN_POINT('Ctrl Pts',(-46.687585785985,29.4774900004268,3.5));
#10108=CARTESIAN_POINT('Ctrl Pts',(-45.761596634984,28.670191578567,4.));
#10109=CARTESIAN_POINT('Ctrl Pts',(-45.761596634984,28.670191578567,3.5));
#10110=CARTESIAN_POINT('Ctrl Pts',(-45.9611193090677,28.771487288177,4.));
#10111=CARTESIAN_POINT('Ctrl Pts',(-45.9611193090677,28.771487288177,3.5));
#10112=CARTESIAN_POINT('Ctrl Pts',(-46.1330155283213,28.9229200407863,4.));
#10113=CARTESIAN_POINT('Ctrl Pts',(-46.1330155283213,28.9229200407863,3.5));
#10114=CARTESIAN_POINT('',(-45.761596634984,28.670191578567,4.));
#10115=CARTESIAN_POINT('Ctrl Pts',(-45.761596634984,28.670191578567,4.));
#10116=CARTESIAN_POINT('Ctrl Pts',(-45.9611193090677,28.771487288177,4.));
#10117=CARTESIAN_POINT('Ctrl Pts',(-46.1330155283213,28.9229200407863,4.));
#10118=CARTESIAN_POINT('',(-45.761596634984,28.670191578567,3.5));
#10119=CARTESIAN_POINT('',(-45.761596634984,28.670191578567,4.));
#10120=CARTESIAN_POINT('Ctrl Pts',(-45.761596634984,28.670191578567,3.5));
#10121=CARTESIAN_POINT('Ctrl Pts',(-45.9611193090677,28.771487288177,3.5));
#10122=CARTESIAN_POINT('Ctrl Pts',(-46.1330155283213,28.9229200407863,3.5));
#10123=CARTESIAN_POINT('Ctrl Pts',(-45.3410647064447,28.5402463003993,4.));
#10124=CARTESIAN_POINT('Ctrl Pts',(-45.3410647064447,28.5402463003993,3.5));
#10125=CARTESIAN_POINT('Ctrl Pts',(-45.5620742589235,28.568895868957,4.));
#10126=CARTESIAN_POINT('Ctrl Pts',(-45.5620742589235,28.568895868957,3.5));
#10127=CARTESIAN_POINT('Ctrl Pts',(-45.761596634984,28.670191578567,4.));
#10128=CARTESIAN_POINT('Ctrl Pts',(-45.761596634984,28.670191578567,3.5));
#10129=CARTESIAN_POINT('',(-45.3410647064447,28.5402463003993,4.));
#10130=CARTESIAN_POINT('Ctrl Pts',(-45.3410647064447,28.5402463003993,4.));
#10131=CARTESIAN_POINT('Ctrl Pts',(-45.5620742589235,28.568895868957,4.));
#10132=CARTESIAN_POINT('Ctrl Pts',(-45.761596634984,28.670191578567,4.));
#10133=CARTESIAN_POINT('',(-45.3410647064447,28.5402463003993,3.5));
#10134=CARTESIAN_POINT('',(-45.3410647064447,28.5402463003993,4.));
#10135=CARTESIAN_POINT('Ctrl Pts',(-45.3410647064447,28.5402463003993,3.5));
#10136=CARTESIAN_POINT('Ctrl Pts',(-45.5620742589235,28.568895868957,3.5));
#10137=CARTESIAN_POINT('Ctrl Pts',(-45.761596634984,28.670191578567,3.5));
#10138=CARTESIAN_POINT('Origin',(-45.3410647064447,30.3635750338435,4.));
#10139=CARTESIAN_POINT('',(-45.3410647064447,30.3635750338435,4.));
#10140=CARTESIAN_POINT('',(-45.3410647064447,28.9317878521979,4.));
#10141=CARTESIAN_POINT('',(-45.3410647064447,30.3635750338435,3.5));
#10142=CARTESIAN_POINT('',(-45.3410647064447,30.3635750338435,4.));
#10143=CARTESIAN_POINT('',(-45.3410647064447,30.3635750338435,3.5));
#10144=CARTESIAN_POINT('Origin',(-45.8772174268961,30.4740796610713,4.));
#10145=CARTESIAN_POINT('',(-45.8772174268961,30.4740796610713,4.));
#10146=CARTESIAN_POINT('',(-44.9226695333964,30.2773410171762,4.));
#10147=CARTESIAN_POINT('',(-45.8772174268961,30.4740796610713,3.5));
#10148=CARTESIAN_POINT('',(-45.8772174268961,30.4740796610713,4.));
#10149=CARTESIAN_POINT('',(-45.8772174268961,30.4740796610713,3.5));
#10150=CARTESIAN_POINT('Origin',(-45.8772174268961,29.4345162436366,4.));
#10151=CARTESIAN_POINT('',(-45.8772174268961,29.4345162436366,4.));
#10152=CARTESIAN_POINT('',(-45.8772174268961,28.4672584570944,4.));
#10153=CARTESIAN_POINT('',(-45.8772174268961,29.4345162436366,3.5));
#10154=CARTESIAN_POINT('',(-45.8772174268961,29.4345162436366,4.));
#10155=CARTESIAN_POINT('',(-45.8772174268961,29.4345162436366,3.5));
#10156=CARTESIAN_POINT('Ctrl Pts',(-46.0746935755014,29.6053896471858,4.));
#10157=CARTESIAN_POINT('Ctrl Pts',(-46.0746935755014,29.6053896471858,3.5));
#10158=CARTESIAN_POINT('Ctrl Pts',(-45.9815830737352,29.5163713023067,4.));
#10159=CARTESIAN_POINT('Ctrl Pts',(-45.9815830737352,29.5163713023067,3.5));
#10160=CARTESIAN_POINT('Ctrl Pts',(-45.8772174268961,29.4345162436366,4.));
#10161=CARTESIAN_POINT('Ctrl Pts',(-45.8772174268961,29.4345162436366,3.5));
#10162=CARTESIAN_POINT('',(-46.0746935755014,29.6053896471858,4.));
#10163=CARTESIAN_POINT('Ctrl Pts',(-46.0746935755014,29.6053896471858,4.));
#10164=CARTESIAN_POINT('Ctrl Pts',(-45.9815830737352,29.5163713023067,4.));
#10165=CARTESIAN_POINT('Ctrl Pts',(-45.8772174268961,29.4345162436366,4.));
#10166=CARTESIAN_POINT('',(-46.0746935755014,29.6053896471858,3.5));
#10167=CARTESIAN_POINT('',(-46.0746935755014,29.6053896471858,4.));
#10168=CARTESIAN_POINT('Ctrl Pts',(-46.0746935755014,29.6053896471858,3.5));
#10169=CARTESIAN_POINT('Ctrl Pts',(-45.9815830737352,29.5163713023067,3.5));
#10170=CARTESIAN_POINT('Ctrl Pts',(-45.8772174268961,29.4345162436366,3.5));
#10171=CARTESIAN_POINT('Ctrl Pts',(-46.4225790649652,29.9686227366328,4.));
#10172=CARTESIAN_POINT('Ctrl Pts',(-46.4225790649652,29.9686227366328,3.5));
#10173=CARTESIAN_POINT('Ctrl Pts',(-46.1678040772676,29.6944067999721,4.));
#10174=CARTESIAN_POINT('Ctrl Pts',(-46.1678040772676,29.6944067999721,3.5));
#10175=CARTESIAN_POINT('Ctrl Pts',(-46.0746935755014,29.6053896471858,4.));
#10176=CARTESIAN_POINT('Ctrl Pts',(-46.0746935755014,29.6053896471858,3.5));
#10177=CARTESIAN_POINT('',(-46.4225790649652,29.9686227366328,4.));
#10178=CARTESIAN_POINT('Ctrl Pts',(-46.4225790649652,29.9686227366328,4.));
#10179=CARTESIAN_POINT('Ctrl Pts',(-46.1678040772676,29.6944067999721,4.));
#10180=CARTESIAN_POINT('Ctrl Pts',(-46.0746935755014,29.6053896471858,4.));
#10181=CARTESIAN_POINT('',(-46.4225790649652,29.9686227366328,3.5));
#10182=CARTESIAN_POINT('',(-46.4225790649652,29.9686227366328,4.));
#10183=CARTESIAN_POINT('Ctrl Pts',(-46.4225790649652,29.9686227366328,3.5));
#10184=CARTESIAN_POINT('Ctrl Pts',(-46.1678040772676,29.6944067999721,3.5));
#10185=CARTESIAN_POINT('Ctrl Pts',(-46.0746935755014,29.6053896471858,3.5));
#10186=CARTESIAN_POINT('Ctrl Pts',(-46.8165082484484,30.3635750338435,4.));
#10187=CARTESIAN_POINT('Ctrl Pts',(-46.8165082484484,30.3635750338435,3.5));
#10188=CARTESIAN_POINT('Ctrl Pts',(-46.6773540526628,30.2428386732936,4.));
#10189=CARTESIAN_POINT('Ctrl Pts',(-46.6773540526628,30.2428386732936,3.5));
#10190=CARTESIAN_POINT('Ctrl Pts',(-46.4225790649652,29.9686227366328,4.));
#10191=CARTESIAN_POINT('Ctrl Pts',(-46.4225790649652,29.9686227366328,3.5));
#10192=CARTESIAN_POINT('',(-46.8165082484484,30.3635750338435,4.));
#10193=CARTESIAN_POINT('Ctrl Pts',(-46.8165082484484,30.3635750338435,4.));
#10194=CARTESIAN_POINT('Ctrl Pts',(-46.6773540526628,30.2428386732936,4.));
#10195=CARTESIAN_POINT('Ctrl Pts',(-46.4225790649652,29.9686227366328,4.));
#10196=CARTESIAN_POINT('',(-46.8165082484484,30.3635750338435,3.5));
#10197=CARTESIAN_POINT('',(-46.8165082484484,30.3635750338435,4.));
#10198=CARTESIAN_POINT('Ctrl Pts',(-46.8165082484484,30.3635750338435,3.5));
#10199=CARTESIAN_POINT('Ctrl Pts',(-46.6773540526628,30.2428386732936,3.5));
#10200=CARTESIAN_POINT('Ctrl Pts',(-46.4225790649652,29.9686227366328,3.5));
#10201=CARTESIAN_POINT('Ctrl Pts',(-47.1920198947191,30.6050489470363,4.));
#10202=CARTESIAN_POINT('Ctrl Pts',(-47.1920198947191,30.6050489470363,3.5));
#10203=CARTESIAN_POINT('Ctrl Pts',(-47.0129609853029,30.5313787981868,4.));
#10204=CARTESIAN_POINT('Ctrl Pts',(-47.0129609853029,30.5313787981868,3.5));
#10205=CARTESIAN_POINT('Ctrl Pts',(-46.8165082484484,30.3635750338435,4.));
#10206=CARTESIAN_POINT('Ctrl Pts',(-46.8165082484484,30.3635750338435,3.5));
#10207=CARTESIAN_POINT('',(-47.1920198947191,30.6050489470363,4.));
#10208=CARTESIAN_POINT('Ctrl Pts',(-47.1920198947191,30.6050489470363,4.));
#10209=CARTESIAN_POINT('Ctrl Pts',(-47.0129609853029,30.5313787981868,4.));
#10210=CARTESIAN_POINT('Ctrl Pts',(-46.8165082484484,30.3635750338435,4.));
#10211=CARTESIAN_POINT('',(-47.1920198947191,30.6050489470363,3.5));
#10212=CARTESIAN_POINT('',(-47.1920198947191,30.6050489470363,4.));
#10213=CARTESIAN_POINT('Ctrl Pts',(-47.1920198947191,30.6050489470363,3.5));
#10214=CARTESIAN_POINT('Ctrl Pts',(-47.0129609853029,30.5313787981868,3.5));
#10215=CARTESIAN_POINT('Ctrl Pts',(-46.8165082484484,30.3635750338435,3.5));
#10216=CARTESIAN_POINT('Ctrl Pts',(-47.5491138547659,30.6787179037929,4.));
#10217=CARTESIAN_POINT('Ctrl Pts',(-47.5491138547659,30.6787179037929,3.5));
#10218=CARTESIAN_POINT('Ctrl Pts',(-47.3710783571005,30.6787179037929,4.));
#10219=CARTESIAN_POINT('Ctrl Pts',(-47.3710783571005,30.6787179037929,3.5));
#10220=CARTESIAN_POINT('Ctrl Pts',(-47.1920198947191,30.6050489470363,4.));
#10221=CARTESIAN_POINT('Ctrl Pts',(-47.1920198947191,30.6050489470363,3.5));
#10222=CARTESIAN_POINT('',(-47.5491138547659,30.6787179037929,4.));
#10223=CARTESIAN_POINT('Ctrl Pts',(-47.5491138547659,30.6787179037929,4.));
#10224=CARTESIAN_POINT('Ctrl Pts',(-47.3710783571005,30.6787179037929,4.));
#10225=CARTESIAN_POINT('Ctrl Pts',(-47.1920198947191,30.6050489470363,4.));
#10226=CARTESIAN_POINT('',(-47.5491138547659,30.6787179037929,3.5));
#10227=CARTESIAN_POINT('',(-47.5491138547659,30.6787179037929,4.));
#10228=CARTESIAN_POINT('Ctrl Pts',(-47.5491138547659,30.6787179037929,3.5));
#10229=CARTESIAN_POINT('Ctrl Pts',(-47.3710783571005,30.6787179037929,3.5));
#10230=CARTESIAN_POINT('Ctrl Pts',(-47.1920198947191,30.6050489470363,3.5));
#10231=CARTESIAN_POINT('Ctrl Pts',(-48.1261942535639,30.4392920061946,4.));
#10232=CARTESIAN_POINT('Ctrl Pts',(-48.1261942535639,30.4392920061946,3.5));
#10233=CARTESIAN_POINT('Ctrl Pts',(-47.8990457206964,30.6787179037929,4.));
#10234=CARTESIAN_POINT('Ctrl Pts',(-47.8990457206964,30.6787179037929,3.5));
#10235=CARTESIAN_POINT('Ctrl Pts',(-47.5491138547659,30.6787179037929,4.));
#10236=CARTESIAN_POINT('Ctrl Pts',(-47.5491138547659,30.6787179037929,3.5));
#10237=CARTESIAN_POINT('',(-48.1261942535639,30.4392920061946,4.));
#10238=CARTESIAN_POINT('Ctrl Pts',(-48.1261942535639,30.4392920061946,4.));
#10239=CARTESIAN_POINT('Ctrl Pts',(-47.8990457206964,30.6787179037929,4.));
#10240=CARTESIAN_POINT('Ctrl Pts',(-47.5491138547659,30.6787179037929,4.));
#10241=CARTESIAN_POINT('',(-48.1261942535639,30.4392920061946,3.5));
#10242=CARTESIAN_POINT('',(-48.1261942535639,30.4392920061946,4.));
#10243=CARTESIAN_POINT('Ctrl Pts',(-48.1261942535639,30.4392920061946,3.5));
#10244=CARTESIAN_POINT('Ctrl Pts',(-47.8990457206964,30.6787179037929,3.5));
#10245=CARTESIAN_POINT('Ctrl Pts',(-47.5491138547659,30.6787179037929,3.5));
#10246=CARTESIAN_POINT('Ctrl Pts',(-48.3533430844545,29.7803555056453,4.));
#10247=CARTESIAN_POINT('Ctrl Pts',(-48.3533430844545,29.7803555056453,3.5));
#10248=CARTESIAN_POINT('Ctrl Pts',(-48.3533430844545,30.1998649165034,4.));
#10249=CARTESIAN_POINT('Ctrl Pts',(-48.3533430844545,30.1998649165034,3.5));
#10250=CARTESIAN_POINT('Ctrl Pts',(-48.1261942535639,30.4392920061946,4.));
#10251=CARTESIAN_POINT('Ctrl Pts',(-48.1261942535639,30.4392920061946,3.5));
#10252=CARTESIAN_POINT('',(-48.3533430844545,29.7803555056453,4.));
#10253=CARTESIAN_POINT('Ctrl Pts',(-48.3533430844545,29.7803555056453,4.));
#10254=CARTESIAN_POINT('Ctrl Pts',(-48.3533430844545,30.1998649165034,4.));
#10255=CARTESIAN_POINT('Ctrl Pts',(-48.1261942535639,30.4392920061946,4.));
#10256=CARTESIAN_POINT('',(-48.3533430844545,29.7803555056453,3.5));
#10257=CARTESIAN_POINT('',(-48.3533430844545,29.7803555056453,4.));
#10258=CARTESIAN_POINT('Ctrl Pts',(-48.3533430844545,29.7803555056453,3.5));
#10259=CARTESIAN_POINT('Ctrl Pts',(-48.3533430844545,30.1998649165034,3.5));
#10260=CARTESIAN_POINT('Ctrl Pts',(-48.1261942535639,30.4392920061946,3.5));
#10261=CARTESIAN_POINT('Ctrl Pts',(-48.1313104182482,29.1429064795375,4.));
#10262=CARTESIAN_POINT('Ctrl Pts',(-48.1313104182482,29.1429064795375,3.5));
#10263=CARTESIAN_POINT('Ctrl Pts',(-48.3533430844545,29.3976817652583,4.));
#10264=CARTESIAN_POINT('Ctrl Pts',(-48.3533430844545,29.3976817652583,3.5));
#10265=CARTESIAN_POINT('Ctrl Pts',(-48.3533430844545,29.7803555056453,4.));
#10266=CARTESIAN_POINT('Ctrl Pts',(-48.3533430844545,29.7803555056453,3.5));
#10267=CARTESIAN_POINT('',(-48.1313104182482,29.1429064795375,4.));
#10268=CARTESIAN_POINT('Ctrl Pts',(-48.1313104182482,29.1429064795375,4.));
#10269=CARTESIAN_POINT('Ctrl Pts',(-48.3533430844545,29.3976817652583,4.));
#10270=CARTESIAN_POINT('Ctrl Pts',(-48.3533430844545,29.7803555056453,4.));
#10271=CARTESIAN_POINT('',(-48.1313104182482,29.1429064795375,3.5));
#10272=CARTESIAN_POINT('',(-48.1313104182482,29.1429064795375,4.));
#10273=CARTESIAN_POINT('Ctrl Pts',(-48.1313104182482,29.1429064795375,3.5));
#10274=CARTESIAN_POINT('Ctrl Pts',(-48.3533430844545,29.3976817652583,3.5));
#10275=CARTESIAN_POINT('Ctrl Pts',(-48.3533430844545,29.7803555056453,3.5));
#10276=CARTESIAN_POINT('Ctrl Pts',(-47.4918151646852,28.8185546919703,4.));
#10277=CARTESIAN_POINT('Ctrl Pts',(-47.4918151646852,28.8185546919703,3.5));
#10278=CARTESIAN_POINT('Ctrl Pts',(-47.9092774540186,28.8881311938167,4.));
#10279=CARTESIAN_POINT('Ctrl Pts',(-47.9092774540186,28.8881311938167,3.5));
#10280=CARTESIAN_POINT('Ctrl Pts',(-48.1313104182482,29.1429064795375,4.));
#10281=CARTESIAN_POINT('Ctrl Pts',(-48.1313104182482,29.1429064795375,3.5));
#10282=CARTESIAN_POINT('',(-47.4918151646852,28.8185546919703,4.));
#10283=CARTESIAN_POINT('Ctrl Pts',(-47.4918151646852,28.8185546919703,4.));
#10284=CARTESIAN_POINT('Ctrl Pts',(-47.9092774540186,28.8881311938167,4.));
#10285=CARTESIAN_POINT('Ctrl Pts',(-48.1313104182482,29.1429064795375,4.));
#10286=CARTESIAN_POINT('',(-47.4918151646852,28.8185546919703,3.5));
#10287=CARTESIAN_POINT('',(-47.4918151646852,28.8185546919703,4.));
#10288=CARTESIAN_POINT('Ctrl Pts',(-47.4918151646852,28.8185546919703,3.5));
#10289=CARTESIAN_POINT('Ctrl Pts',(-47.9092774540186,28.8881311938167,3.5));
#10290=CARTESIAN_POINT('Ctrl Pts',(-48.1313104182482,29.1429064795375,3.5));
#10291=CARTESIAN_POINT('Origin',(-47.4058669060469,29.3935881182551,4.));
#10292=CARTESIAN_POINT('',(-47.4058669060469,29.3935881182551,4.));
#10293=CARTESIAN_POINT('',(-47.5125389272013,28.6799031782118,4.));
#10294=CARTESIAN_POINT('',(-47.4058669060469,29.3935881182551,3.5));
#10295=CARTESIAN_POINT('',(-47.4058669060469,29.3935881182551,4.));
#10296=CARTESIAN_POINT('',(-47.4058669060469,29.3935881182551,3.5));
#10297=CARTESIAN_POINT('Ctrl Pts',(-47.7875176817179,29.5511601492763,4.));
#10298=CARTESIAN_POINT('Ctrl Pts',(-47.7875176817179,29.5511601492763,3.5));
#10299=CARTESIAN_POINT('Ctrl Pts',(-47.6821289211512,29.4467948004603,4.));
#10300=CARTESIAN_POINT('Ctrl Pts',(-47.6821289211512,29.4467948004603,3.5));
#10301=CARTESIAN_POINT('Ctrl Pts',(-47.4058669060469,29.3935881182551,4.));
#10302=CARTESIAN_POINT('Ctrl Pts',(-47.4058669060469,29.3935881182551,3.5));
#10303=CARTESIAN_POINT('',(-47.7875176817179,29.5511601492763,4.));
#10304=CARTESIAN_POINT('Ctrl Pts',(-47.7875176817179,29.5511601492763,4.));
#10305=CARTESIAN_POINT('Ctrl Pts',(-47.6821289211512,29.4467948004603,4.));
#10306=CARTESIAN_POINT('Ctrl Pts',(-47.4058669060469,29.3935881182551,4.));
#10307=CARTESIAN_POINT('',(-47.7875176817179,29.5511601492763,3.5));
#10308=CARTESIAN_POINT('',(-47.7875176817179,29.5511601492763,4.));
#10309=CARTESIAN_POINT('Ctrl Pts',(-47.7875176817179,29.5511601492763,3.5));
#10310=CARTESIAN_POINT('Ctrl Pts',(-47.6821289211512,29.4467948004603,3.5));
#10311=CARTESIAN_POINT('Ctrl Pts',(-47.4058669060469,29.3935881182551,3.5));
#10312=CARTESIAN_POINT('Ctrl Pts',(-47.8929064422846,29.7946796938777,4.));
#10313=CARTESIAN_POINT('Ctrl Pts',(-47.8929064422846,29.7946796938777,3.5));
#10314=CARTESIAN_POINT('Ctrl Pts',(-47.8929064422846,29.6555254980922,4.));
#10315=CARTESIAN_POINT('Ctrl Pts',(-47.8929064422846,29.6555254980922,3.5));
#10316=CARTESIAN_POINT('Ctrl Pts',(-47.7875176817179,29.5511601492763,4.));
#10317=CARTESIAN_POINT('Ctrl Pts',(-47.7875176817179,29.5511601492763,3.5));
#10318=CARTESIAN_POINT('Ctrl Pts',(-47.8929064422846,29.7946796938777,4.));
#10319=CARTESIAN_POINT('Ctrl Pts',(-47.8929064422846,29.6555254980922,4.));
#10320=CARTESIAN_POINT('Ctrl Pts',(-47.7875176817179,29.5511601492763,4.));
#10321=CARTESIAN_POINT('Ctrl Pts',(-47.8929064422846,29.7946796938777,3.5));
#10322=CARTESIAN_POINT('Ctrl Pts',(-47.8929064422846,29.6555254980922,3.5));
#10323=CARTESIAN_POINT('Ctrl Pts',(-47.7875176817179,29.5511601492763,3.5));
#10324=CARTESIAN_POINT('Origin',(-46.8472038954496,29.6094821020961,3.5));
#10325=CARTESIAN_POINT('Origin',(-45.907913222909,16.3560716435313,4.));
#10326=CARTESIAN_POINT('',(-45.907913222909,16.3560716435313,4.));
#10327=CARTESIAN_POINT('',(-45.3410647064447,16.2373815104365,4.));
#10328=CARTESIAN_POINT('',(-46.3512128830204,16.4488923780508,4.));
#10329=CARTESIAN_POINT('',(-45.907913222909,16.3560716435313,3.5));
#10330=CARTESIAN_POINT('',(-45.907913222909,16.3560716435313,4.));
#10331=CARTESIAN_POINT('',(-45.3410647064447,16.2373815104365,3.5));
#10332=CARTESIAN_POINT('',(-45.907913222909,16.3560716435313,3.5));
#10333=CARTESIAN_POINT('',(-45.3410647064447,16.2373815104365,4.));
#10334=CARTESIAN_POINT('Origin',(-45.907913222909,15.7748986408114,4.));
#10335=CARTESIAN_POINT('',(-45.907913222909,15.7748986408114,4.));
#10336=CARTESIAN_POINT('',(-45.907913222909,21.6374496556818,4.));
#10337=CARTESIAN_POINT('',(-45.907913222909,15.7748986408114,3.5));
#10338=CARTESIAN_POINT('',(-45.907913222909,15.7748986408114,4.));
#10339=CARTESIAN_POINT('',(-45.907913222909,15.7748986408114,3.5));
#10340=CARTESIAN_POINT('Origin',(-45.3410647064447,15.6562082096934,4.));
#10341=CARTESIAN_POINT('',(-45.3410647064447,15.6562082096934,4.));
#10342=CARTESIAN_POINT('',(-46.1260806681806,15.8205799602171,4.));
#10343=CARTESIAN_POINT('',(-45.3410647064447,15.6562082096934,3.5));
#10344=CARTESIAN_POINT('',(-45.3410647064447,15.6562082096934,4.));
#10345=CARTESIAN_POINT('',(-45.3410647064447,15.6562082096934,3.5));
#10346=CARTESIAN_POINT('Origin',(-45.3410647064447,16.2373815104365,4.));
#10347=CARTESIAN_POINT('',(-45.3410647064447,21.8686910904944,4.));
#10348=CARTESIAN_POINT('',(-45.3410647064447,16.2373815104365,3.5));
#10349=CARTESIAN_POINT('Origin',(-45.6244889646769,16.0061399266124,3.5));
#10350=CARTESIAN_POINT('Ctrl Pts',(-45.9590727835894,17.3260585591197,4.));
#10351=CARTESIAN_POINT('Ctrl Pts',(-45.9590727835894,17.3260585591197,3.5));
#10352=CARTESIAN_POINT('Ctrl Pts',(-46.4420197159052,17.4938620254397,4.));
#10353=CARTESIAN_POINT('Ctrl Pts',(-46.4420197159052,17.4938620254397,3.5));
#10354=CARTESIAN_POINT('Ctrl Pts',(-46.8922243267298,17.7455673739314,4.));
#10355=CARTESIAN_POINT('Ctrl Pts',(-46.8922243267298,17.7455673739314,3.5));
#10356=CARTESIAN_POINT('',(-45.9590727835894,17.3260585591197,4.));
#10357=CARTESIAN_POINT('',(-46.8922243267298,17.7455673739314,4.));
#10358=CARTESIAN_POINT('Ctrl Pts',(-45.9590727835894,17.3260585591197,4.));
#10359=CARTESIAN_POINT('Ctrl Pts',(-46.4420197159052,17.4938620254397,4.));
#10360=CARTESIAN_POINT('Ctrl Pts',(-46.8922243267298,17.7455673739314,4.));
#10361=CARTESIAN_POINT('',(-45.9590727835894,17.3260585591197,3.5));
#10362=CARTESIAN_POINT('',(-45.9590727835894,17.3260585591197,4.));
#10363=CARTESIAN_POINT('',(-46.8922243267298,17.7455673739314,3.5));
#10364=CARTESIAN_POINT('Ctrl Pts',(-45.9590727835894,17.3260585591197,3.5));
#10365=CARTESIAN_POINT('Ctrl Pts',(-46.4420197159052,17.4938620254397,3.5));
#10366=CARTESIAN_POINT('Ctrl Pts',(-46.8922243267298,17.7455673739314,3.5));
#10367=CARTESIAN_POINT('',(-46.8922243267298,17.7455673739314,4.));
#10368=CARTESIAN_POINT('Ctrl Pts',(-45.3410647064447,17.1521158143878,4.));
#10369=CARTESIAN_POINT('Ctrl Pts',(-45.3410647064447,17.1521158143878,3.5));
#10370=CARTESIAN_POINT('Ctrl Pts',(-45.566167011857,17.1889508888125,4.));
#10371=CARTESIAN_POINT('Ctrl Pts',(-45.566167011857,17.1889508888125,3.5));
#10372=CARTESIAN_POINT('Ctrl Pts',(-45.9590727835894,17.3260585591197,4.));
#10373=CARTESIAN_POINT('Ctrl Pts',(-45.9590727835894,17.3260585591197,3.5));
#10374=CARTESIAN_POINT('',(-45.3410647064447,17.1521158143878,4.));
#10375=CARTESIAN_POINT('Ctrl Pts',(-45.3410647064447,17.1521158143878,4.));
#10376=CARTESIAN_POINT('Ctrl Pts',(-45.566167011857,17.1889508888125,4.));
#10377=CARTESIAN_POINT('Ctrl Pts',(-45.9590727835894,17.3260585591197,4.));
#10378=CARTESIAN_POINT('',(-45.3410647064447,17.1521158143878,3.5));
#10379=CARTESIAN_POINT('',(-45.3410647064447,17.1521158143878,4.));
#10380=CARTESIAN_POINT('Ctrl Pts',(-45.3410647064447,17.1521158143878,3.5));
#10381=CARTESIAN_POINT('Ctrl Pts',(-45.566167011857,17.1889508888125,3.5));
#10382=CARTESIAN_POINT('Ctrl Pts',(-45.9590727835894,17.3260585591197,3.5));
#10383=CARTESIAN_POINT('Origin',(-45.3410647064447,17.710778824985,4.));
#10384=CARTESIAN_POINT('',(-45.3410647064447,17.710778824985,4.));
#10385=CARTESIAN_POINT('',(-45.3410647064447,22.6053897477686,4.));
#10386=CARTESIAN_POINT('',(-45.3410647064447,17.710778824985,3.5));
#10387=CARTESIAN_POINT('',(-45.3410647064447,17.710778824985,4.));
#10388=CARTESIAN_POINT('',(-45.3410647064447,17.710778824985,3.5));
#10389=CARTESIAN_POINT('Ctrl Pts',(-46.034789159894,17.9215566441417,4.));
#10390=CARTESIAN_POINT('Ctrl Pts',(-46.034789159894,17.9215566441417,3.5));
#10391=CARTESIAN_POINT('Ctrl Pts',(-45.5682135373354,17.7517066523433,4.));
#10392=CARTESIAN_POINT('Ctrl Pts',(-45.5682135373354,17.7517066523433,3.5));
#10393=CARTESIAN_POINT('Ctrl Pts',(-45.3410647064447,17.710778824985,4.));
#10394=CARTESIAN_POINT('Ctrl Pts',(-45.3410647064447,17.710778824985,3.5));
#10395=CARTESIAN_POINT('',(-46.034789159894,17.9215566441417,4.));
#10396=CARTESIAN_POINT('Ctrl Pts',(-46.034789159894,17.9215566441417,4.));
#10397=CARTESIAN_POINT('Ctrl Pts',(-45.5682135373354,17.7517066523433,4.));
#10398=CARTESIAN_POINT('Ctrl Pts',(-45.3410647064447,17.710778824985,4.));
#10399=CARTESIAN_POINT('',(-46.034789159894,17.9215566441417,3.5));
#10400=CARTESIAN_POINT('',(-46.034789159894,17.9215566441417,4.));
#10401=CARTESIAN_POINT('Ctrl Pts',(-46.034789159894,17.9215566441417,3.5));
#10402=CARTESIAN_POINT('Ctrl Pts',(-45.5682135373354,17.7517066523433,3.5));
#10403=CARTESIAN_POINT('Ctrl Pts',(-45.3410647064447,17.710778824985,3.5));
#10404=CARTESIAN_POINT('Ctrl Pts',(-46.7479542642832,18.2377229258418,4.));
#10405=CARTESIAN_POINT('Ctrl Pts',(-46.7479542642832,18.2377229258418,3.5));
#10406=CARTESIAN_POINT('Ctrl Pts',(-46.3724426180124,18.0443392321467,4.));
#10407=CARTESIAN_POINT('Ctrl Pts',(-46.3724426180124,18.0443392321467,3.5));
#10408=CARTESIAN_POINT('Ctrl Pts',(-46.034789159894,17.9215566441417,4.));
#10409=CARTESIAN_POINT('Ctrl Pts',(-46.034789159894,17.9215566441417,3.5));
#10410=CARTESIAN_POINT('',(-46.7479542642832,18.2377229258418,4.));
#10411=CARTESIAN_POINT('Ctrl Pts',(-46.7479542642832,18.2377229258418,4.));
#10412=CARTESIAN_POINT('Ctrl Pts',(-46.3724426180124,18.0443392321467,4.));
#10413=CARTESIAN_POINT('Ctrl Pts',(-46.034789159894,17.9215566441417,4.));
#10414=CARTESIAN_POINT('',(-46.7479542642832,18.2377229258418,3.5));
#10415=CARTESIAN_POINT('',(-46.7479542642832,18.2377229258418,4.));
#10416=CARTESIAN_POINT('Ctrl Pts',(-46.7479542642832,18.2377229258418,3.5));
#10417=CARTESIAN_POINT('Ctrl Pts',(-46.3724426180124,18.0443392321467,3.5));
#10418=CARTESIAN_POINT('Ctrl Pts',(-46.034789159894,17.9215566441417,3.5));
#10419=CARTESIAN_POINT('Ctrl Pts',(-47.4273539334536,18.6582551524043,4.));
#10420=CARTESIAN_POINT('Ctrl Pts',(-47.4273539334536,18.6582551524043,3.5));
#10421=CARTESIAN_POINT('Ctrl Pts',(-47.1234656125307,18.4311066195369,4.));
#10422=CARTESIAN_POINT('Ctrl Pts',(-47.1234656125307,18.4311066195369,3.5));
#10423=CARTESIAN_POINT('Ctrl Pts',(-46.7479542642832,18.2377229258418,4.));
#10424=CARTESIAN_POINT('Ctrl Pts',(-46.7479542642832,18.2377229258418,3.5));
#10425=CARTESIAN_POINT('',(-47.4273539334536,18.6582551524043,4.));
#10426=CARTESIAN_POINT('Ctrl Pts',(-47.4273539334536,18.6582551524043,4.));
#10427=CARTESIAN_POINT('Ctrl Pts',(-47.1234656125307,18.4311066195369,4.));
#10428=CARTESIAN_POINT('Ctrl Pts',(-46.7479542642832,18.2377229258418,4.));
#10429=CARTESIAN_POINT('',(-47.4273539334536,18.6582551524043,3.5));
#10430=CARTESIAN_POINT('',(-47.4273539334536,18.6582551524043,4.));
#10431=CARTESIAN_POINT('Ctrl Pts',(-47.4273539334536,18.6582551524043,3.5));
#10432=CARTESIAN_POINT('Ctrl Pts',(-47.1234656125307,18.4311066195369,3.5));
#10433=CARTESIAN_POINT('Ctrl Pts',(-46.7479542642832,18.2377229258418,3.5));
#10434=CARTESIAN_POINT('Ctrl Pts',(-47.8826747089624,19.0736709162593,4.));
#10435=CARTESIAN_POINT('Ctrl Pts',(-47.8826747089624,19.0736709162593,3.5));
#10436=CARTESIAN_POINT('Ctrl Pts',(-47.7312421053648,18.8854036852717,4.));
#10437=CARTESIAN_POINT('Ctrl Pts',(-47.7312421053648,18.8854036852717,3.5));
#10438=CARTESIAN_POINT('Ctrl Pts',(-47.4273539334536,18.6582551524043,4.));
#10439=CARTESIAN_POINT('Ctrl Pts',(-47.4273539334536,18.6582551524043,3.5));
#10440=CARTESIAN_POINT('',(-47.8826747089624,19.0736709162593,4.));
#10441=CARTESIAN_POINT('Ctrl Pts',(-47.8826747089624,19.0736709162593,4.));
#10442=CARTESIAN_POINT('Ctrl Pts',(-47.7312421053648,18.8854036852717,4.));
#10443=CARTESIAN_POINT('Ctrl Pts',(-47.4273539334536,18.6582551524043,4.));
#10444=CARTESIAN_POINT('',(-47.8826747089624,19.0736709162593,3.5));
#10445=CARTESIAN_POINT('',(-47.8826747089624,19.0736709162593,4.));
#10446=CARTESIAN_POINT('Ctrl Pts',(-47.8826747089624,19.0736709162593,3.5));
#10447=CARTESIAN_POINT('Ctrl Pts',(-47.7312421053648,18.8854036852717,3.5));
#10448=CARTESIAN_POINT('Ctrl Pts',(-47.4273539334536,18.6582551524043,3.5));
#10449=CARTESIAN_POINT('Origin',(-48.3001369982958,19.1616658493876,4.));
#10450=CARTESIAN_POINT('',(-48.3001369982958,19.1616658493876,4.));
#10451=CARTESIAN_POINT('',(-47.322313420569,18.955554968161,4.));
#10452=CARTESIAN_POINT('',(-48.3001369982958,19.1616658493876,3.5));
#10453=CARTESIAN_POINT('',(-48.3001369982958,19.1616658493876,4.));
#10454=CARTESIAN_POINT('',(-48.3001369982958,19.1616658493876,3.5));
#10455=CARTESIAN_POINT('Origin',(-48.3001369982958,17.1828116104007,4.));
#10456=CARTESIAN_POINT('',(-48.3001369982958,17.1828116104007,4.));
#10457=CARTESIAN_POINT('',(-48.3001369982958,22.3414061404765,4.));
#10458=CARTESIAN_POINT('',(-48.3001369982958,17.1828116104007,3.5));
#10459=CARTESIAN_POINT('',(-48.3001369982958,17.1828116104007,4.));
#10460=CARTESIAN_POINT('',(-48.3001369982958,17.1828116104007,3.5));
#10461=CARTESIAN_POINT('Origin',(-47.7578451484442,17.0702604576945,4.));
#10462=CARTESIAN_POINT('',(-47.7578451484442,17.0702604576945,4.));
#10463=CARTESIAN_POINT('',(-47.2338271290116,16.9615019872472,4.));
#10464=CARTESIAN_POINT('',(-47.7578451484442,17.0702604576945,3.5));
#10465=CARTESIAN_POINT('',(-47.7578451484442,17.0702604576945,4.));
#10466=CARTESIAN_POINT('',(-47.7578451484442,17.0702604576945,3.5));
#10467=CARTESIAN_POINT('Origin',(-47.7578451484442,18.3533440157771,4.));
#10468=CARTESIAN_POINT('',(-47.7578451484442,18.3533440157771,4.));
#10469=CARTESIAN_POINT('',(-47.7578451484442,22.9266723431647,4.));
#10470=CARTESIAN_POINT('',(-47.7578451484442,18.3533440157771,3.5));
#10471=CARTESIAN_POINT('',(-47.7578451484442,18.3533440157771,4.));
#10472=CARTESIAN_POINT('',(-47.7578451484442,18.3533440157771,3.5));
#10473=CARTESIAN_POINT('Ctrl Pts',(-46.8922243267298,17.7455673739314,4.));
#10474=CARTESIAN_POINT('Ctrl Pts',(-46.8922243267298,17.7455673739314,3.5));
#10475=CARTESIAN_POINT('Ctrl Pts',(-47.3424289375544,17.9972730204463,4.));
#10476=CARTESIAN_POINT('Ctrl Pts',(-47.3424289375544,17.9972730204463,3.5));
#10477=CARTESIAN_POINT('Ctrl Pts',(-47.7578451484442,18.3533440157771,4.));
#10478=CARTESIAN_POINT('Ctrl Pts',(-47.7578451484442,18.3533440157771,3.5));
#10479=CARTESIAN_POINT('Ctrl Pts',(-46.8922243267298,17.7455673739314,4.));
#10480=CARTESIAN_POINT('Ctrl Pts',(-47.3424289375544,17.9972730204463,4.));
#10481=CARTESIAN_POINT('Ctrl Pts',(-47.7578451484442,18.3533440157771,4.));
#10482=CARTESIAN_POINT('Ctrl Pts',(-46.8922243267298,17.7455673739314,3.5));
#10483=CARTESIAN_POINT('Ctrl Pts',(-47.3424289375544,17.9972730204463,3.5));
#10484=CARTESIAN_POINT('Ctrl Pts',(-47.7578451484442,18.3533440157771,3.5));
#10485=CARTESIAN_POINT('Origin',(-46.8206008523703,18.1159631535411,3.5));
#10486=CARTESIAN_POINT('Origin',(-45.3410647064447,26.8724439665675,4.));
#10487=CARTESIAN_POINT('',(-45.3410647064447,26.8724439665675,4.));
#10488=CARTESIAN_POINT('',(-47.4201918393373,27.3083231970668,4.));
#10489=CARTESIAN_POINT('',(-45.0012501245429,26.8012034367661,4.));
#10490=CARTESIAN_POINT('',(-45.3410647064447,26.8724439665675,3.5));
#10491=CARTESIAN_POINT('',(-45.3410647064447,26.8724439665675,4.));
#10492=CARTESIAN_POINT('',(-47.4201918393373,27.3083231970668,3.5));
#10493=CARTESIAN_POINT('',(-45.3410647064447,26.8724439665675,3.5));
#10494=CARTESIAN_POINT('',(-47.4201918393373,27.3083231970668,4.));
#10495=CARTESIAN_POINT('Origin',(-45.3410647064447,27.4638484045863,4.));
#10496=CARTESIAN_POINT('',(-45.3410647064447,27.4638484045863,4.));
#10497=CARTESIAN_POINT('',(-45.3410647064447,27.4819245375693,4.));
#10498=CARTESIAN_POINT('',(-45.3410647064447,27.4638484045863,3.5));
#10499=CARTESIAN_POINT('',(-45.3410647064447,27.4638484045863,4.));
#10500=CARTESIAN_POINT('',(-45.3410647064447,27.4638484045863,3.5));
#10501=CARTESIAN_POINT('Origin',(-48.3594823628664,28.0961809679866,4.));
#10502=CARTESIAN_POINT('',(-48.3594823628664,28.0961809679866,4.));
#10503=CARTESIAN_POINT('',(-46.4510489768765,27.6963805717511,4.));
#10504=CARTESIAN_POINT('',(-48.3594823628664,28.0961809679866,3.5));
#10505=CARTESIAN_POINT('',(-48.3594823628664,28.0961809679866,4.));
#10506=CARTESIAN_POINT('',(-48.3594823628664,28.0961809679866,3.5));
#10507=CARTESIAN_POINT('Origin',(-48.3594823628664,27.7380643412471,4.));
#10508=CARTESIAN_POINT('',(-48.3594823628664,27.7380643412471,4.));
#10509=CARTESIAN_POINT('',(-48.3594823628664,27.6190325058997,4.));
#10510=CARTESIAN_POINT('',(-48.3594823628664,27.7380643412471,3.5));
#10511=CARTESIAN_POINT('',(-48.3594823628664,27.7380643412471,4.));
#10512=CARTESIAN_POINT('',(-48.3594823628664,27.7380643412471,3.5));
#10513=CARTESIAN_POINT('Ctrl Pts',(-47.5879953056574,26.5634391829371,4.));
#10514=CARTESIAN_POINT('Ctrl Pts',(-47.5879953056574,26.5634391829371,3.5));
#10515=CARTESIAN_POINT('Ctrl Pts',(-47.9195097833872,27.3226485773921,4.));
#10516=CARTESIAN_POINT('Ctrl Pts',(-47.9195097833872,27.3226485773921,3.5));
#10517=CARTESIAN_POINT('Ctrl Pts',(-48.3594823628664,27.7380643412471,4.));
#10518=CARTESIAN_POINT('Ctrl Pts',(-48.3594823628664,27.7380643412471,3.5));
#10519=CARTESIAN_POINT('',(-47.5879953056574,26.5634391829371,4.));
#10520=CARTESIAN_POINT('Ctrl Pts',(-47.5879953056574,26.5634391829371,4.));
#10521=CARTESIAN_POINT('Ctrl Pts',(-47.9195097833872,27.3226485773921,4.));
#10522=CARTESIAN_POINT('Ctrl Pts',(-48.3594823628664,27.7380643412471,4.));
#10523=CARTESIAN_POINT('',(-47.5879953056574,26.5634391829371,3.5));
#10524=CARTESIAN_POINT('',(-47.5879953056574,26.5634391829371,4.));
#10525=CARTESIAN_POINT('Ctrl Pts',(-47.5879953056574,26.5634391829371,3.5));
#10526=CARTESIAN_POINT('Ctrl Pts',(-47.9195097833872,27.3226485773921,3.5));
#10527=CARTESIAN_POINT('Ctrl Pts',(-48.3594823628664,27.7380643412471,3.5));
#10528=CARTESIAN_POINT('Origin',(-47.0641208440065,26.4529345557094,4.));
#10529=CARTESIAN_POINT('',(-47.0641208440065,26.4529345557094,4.));
#10530=CARTESIAN_POINT('',(-45.9424036680835,26.2163226430199,4.));
#10531=CARTESIAN_POINT('',(-47.0641208440065,26.4529345557094,3.5));
#10532=CARTESIAN_POINT('',(-47.0641208440065,26.4529345557094,4.));
#10533=CARTESIAN_POINT('',(-47.0641208440065,26.4529345557094,3.5));
#10534=CARTESIAN_POINT('Ctrl Pts',(-47.2032750397921,26.883698515594,4.));
#10535=CARTESIAN_POINT('Ctrl Pts',(-47.2032750397921,26.883698515594,3.5));
#10536=CARTESIAN_POINT('Ctrl Pts',(-47.1050483733416,26.6432486101985,4.));
#10537=CARTESIAN_POINT('Ctrl Pts',(-47.1050483733416,26.6432486101985,3.5));
#10538=CARTESIAN_POINT('Ctrl Pts',(-47.0641208440065,26.4529345557094,4.));
#10539=CARTESIAN_POINT('Ctrl Pts',(-47.0641208440065,26.4529345557094,3.5));
#10540=CARTESIAN_POINT('',(-47.2032750397921,26.883698515594,4.));
#10541=CARTESIAN_POINT('Ctrl Pts',(-47.2032750397921,26.883698515594,4.));
#10542=CARTESIAN_POINT('Ctrl Pts',(-47.1050483733416,26.6432486101985,4.));
#10543=CARTESIAN_POINT('Ctrl Pts',(-47.0641208440065,26.4529345557094,4.));
#10544=CARTESIAN_POINT('',(-47.2032750397921,26.883698515594,3.5));
#10545=CARTESIAN_POINT('',(-47.2032750397921,26.883698515594,4.));
#10546=CARTESIAN_POINT('Ctrl Pts',(-47.2032750397921,26.883698515594,3.5));
#10547=CARTESIAN_POINT('Ctrl Pts',(-47.1050483733416,26.6432486101985,3.5));
#10548=CARTESIAN_POINT('Ctrl Pts',(-47.0641208440065,26.4529345557094,3.5));
#10549=CARTESIAN_POINT('Ctrl Pts',(-47.4201918393373,27.3083231970668,4.));
#10550=CARTESIAN_POINT('Ctrl Pts',(-47.4201918393373,27.3083231970668,3.5));
#10551=CARTESIAN_POINT('Ctrl Pts',(-47.3015014082193,27.1241484209895,4.));
#10552=CARTESIAN_POINT('Ctrl Pts',(-47.3015014082193,27.1241484209895,3.5));
#10553=CARTESIAN_POINT('Ctrl Pts',(-47.2032750397921,26.883698515594,4.));
#10554=CARTESIAN_POINT('Ctrl Pts',(-47.2032750397921,26.883698515594,3.5));
#10555=CARTESIAN_POINT('Ctrl Pts',(-47.4201918393373,27.3083231970668,4.));
#10556=CARTESIAN_POINT('Ctrl Pts',(-47.3015014082193,27.1241484209895,4.));
#10557=CARTESIAN_POINT('Ctrl Pts',(-47.2032750397921,26.883698515594,4.));
#10558=CARTESIAN_POINT('Ctrl Pts',(-47.4201918393373,27.3083231970668,3.5));
#10559=CARTESIAN_POINT('Ctrl Pts',(-47.3015014082193,27.1241484209895,3.5));
#10560=CARTESIAN_POINT('Ctrl Pts',(-47.2032750397921,26.883698515594,3.5));
#10561=CARTESIAN_POINT('Origin',(-46.8502735346556,27.274557761848,3.5));
#10562=CARTESIAN_POINT('Ctrl Pts',(-45.9600961953402,39.2745600268245,4.));
#10563=CARTESIAN_POINT('Ctrl Pts',(-45.9600961953402,39.2745600268245,3.5));
#10564=CARTESIAN_POINT('Ctrl Pts',(-46.0613922029734,39.3328819796443,4.));
#10565=CARTESIAN_POINT('Ctrl Pts',(-46.0613922029734,39.3328819796443,3.5));
#10566=CARTESIAN_POINT('Ctrl Pts',(-46.2762624770403,39.377902559936,4.));
#10567=CARTESIAN_POINT('Ctrl Pts',(-46.2762624770403,39.377902559936,3.5));
#10568=CARTESIAN_POINT('',(-45.9600961953402,39.2745600268245,4.));
#10569=CARTESIAN_POINT('',(-46.2762624770403,39.3779025599361,4.));
#10570=CARTESIAN_POINT('Ctrl Pts',(-45.9600961953402,39.2745600268245,4.));
#10571=CARTESIAN_POINT('Ctrl Pts',(-46.0613922029734,39.3328819796443,4.));
#10572=CARTESIAN_POINT('Ctrl Pts',(-46.2762624770403,39.377902559936,4.));
#10573=CARTESIAN_POINT('',(-45.9600961953402,39.2745600268245,3.5));
#10574=CARTESIAN_POINT('',(-45.9600961953402,39.2745600268245,4.));
#10575=CARTESIAN_POINT('',(-46.2762624770403,39.3779025599361,3.5));
#10576=CARTESIAN_POINT('Ctrl Pts',(-45.9600961953402,39.2745600268245,3.5));
#10577=CARTESIAN_POINT('Ctrl Pts',(-46.0613922029734,39.3328819796443,3.5));
#10578=CARTESIAN_POINT('Ctrl Pts',(-46.2762624770403,39.377902559936,3.5));
#10579=CARTESIAN_POINT('',(-46.2762624770403,39.3779025599361,4.));
#10580=CARTESIAN_POINT('Ctrl Pts',(-45.7943389564753,39.0985689684749,4.));
#10581=CARTESIAN_POINT('Ctrl Pts',(-45.7943389564753,39.0985689684749,3.5));
#10582=CARTESIAN_POINT('Ctrl Pts',(-45.8587998896837,39.2162380740047,4.));
#10583=CARTESIAN_POINT('Ctrl Pts',(-45.8587998896837,39.2162380740047,3.5));
#10584=CARTESIAN_POINT('Ctrl Pts',(-45.9600961953402,39.2745600268245,4.));
#10585=CARTESIAN_POINT('Ctrl Pts',(-45.9600961953402,39.2745600268245,3.5));
#10586=CARTESIAN_POINT('',(-45.7943389564753,39.0985689684749,4.));
#10587=CARTESIAN_POINT('Ctrl Pts',(-45.7943389564753,39.0985689684749,4.));
#10588=CARTESIAN_POINT('Ctrl Pts',(-45.8587998896837,39.2162380740047,4.));
#10589=CARTESIAN_POINT('Ctrl Pts',(-45.9600961953402,39.2745600268245,4.));
#10590=CARTESIAN_POINT('',(-45.7943389564753,39.0985689684749,3.5));
#10591=CARTESIAN_POINT('',(-45.7943389564753,39.0985689684749,4.));
#10592=CARTESIAN_POINT('Ctrl Pts',(-45.7943389564753,39.0985689684749,3.5));
#10593=CARTESIAN_POINT('Ctrl Pts',(-45.8587998896837,39.2162380740047,3.5));
#10594=CARTESIAN_POINT('Ctrl Pts',(-45.9600961953402,39.2745600268245,3.5));
#10595=CARTESIAN_POINT('Ctrl Pts',(-45.7298777252436,38.8478885218501,4.));
#10596=CARTESIAN_POINT('Ctrl Pts',(-45.7298777252436,38.8478885218501,3.5));
#10597=CARTESIAN_POINT('Ctrl Pts',(-45.7298777252436,38.9809022471309,4.));
#10598=CARTESIAN_POINT('Ctrl Pts',(-45.7298777252436,38.9809022471309,3.5));
#10599=CARTESIAN_POINT('Ctrl Pts',(-45.7943389564753,39.0985689684749,4.));
#10600=CARTESIAN_POINT('Ctrl Pts',(-45.7943389564753,39.0985689684749,3.5));
#10601=CARTESIAN_POINT('',(-45.7298777252436,38.8478885218501,4.));
#10602=CARTESIAN_POINT('Ctrl Pts',(-45.7298777252436,38.8478885218501,4.));
#10603=CARTESIAN_POINT('Ctrl Pts',(-45.7298777252436,38.9809022471309,4.));
#10604=CARTESIAN_POINT('Ctrl Pts',(-45.7943389564753,39.0985689684749,4.));
#10605=CARTESIAN_POINT('',(-45.7298777252436,38.8478885218501,3.5));
#10606=CARTESIAN_POINT('',(-45.7298777252436,38.8478885218501,4.));
#10607=CARTESIAN_POINT('Ctrl Pts',(-45.7298777252436,38.8478885218501,3.5));
#10608=CARTESIAN_POINT('Ctrl Pts',(-45.7298777252436,38.9809022471309,3.5));
#10609=CARTESIAN_POINT('Ctrl Pts',(-45.7943389564753,39.0985689684749,3.5));
#10610=CARTESIAN_POINT('Ctrl Pts',(-45.8004779368639,38.6534820124507,4.));
#10611=CARTESIAN_POINT('Ctrl Pts',(-45.8004779368639,38.6534820124507,3.5));
#10612=CARTESIAN_POINT('Ctrl Pts',(-45.7298777252436,38.7271509692073,4.));
#10613=CARTESIAN_POINT('Ctrl Pts',(-45.7298777252436,38.7271509692073,3.5));
#10614=CARTESIAN_POINT('Ctrl Pts',(-45.7298777252436,38.8478885218501,4.));
#10615=CARTESIAN_POINT('Ctrl Pts',(-45.7298777252436,38.8478885218501,3.5));
#10616=CARTESIAN_POINT('',(-45.8004779368639,38.6534820124507,4.));
#10617=CARTESIAN_POINT('Ctrl Pts',(-45.8004779368639,38.6534820124507,4.));
#10618=CARTESIAN_POINT('Ctrl Pts',(-45.7298777252436,38.7271509692073,4.));
#10619=CARTESIAN_POINT('Ctrl Pts',(-45.7298777252436,38.8478885218501,4.));
#10620=CARTESIAN_POINT('',(-45.8004779368639,38.6534820124507,3.5));
#10621=CARTESIAN_POINT('',(-45.8004779368639,38.6534820124507,4.));
#10622=CARTESIAN_POINT('Ctrl Pts',(-45.8004779368639,38.6534820124507,3.5));
#10623=CARTESIAN_POINT('Ctrl Pts',(-45.7298777252436,38.7271509692073,3.5));
#10624=CARTESIAN_POINT('Ctrl Pts',(-45.7298777252436,38.8478885218501,3.5));
#10625=CARTESIAN_POINT('Ctrl Pts',(-45.9733975678682,38.5798106715083,4.));
#10626=CARTESIAN_POINT('Ctrl Pts',(-45.9733975678682,38.5798106715083,3.5));
#10627=CARTESIAN_POINT('Ctrl Pts',(-45.8710784465075,38.5798106715083,4.));
#10628=CARTESIAN_POINT('Ctrl Pts',(-45.8710784465075,38.5798106715083,3.5));
#10629=CARTESIAN_POINT('Ctrl Pts',(-45.8004779368639,38.6534820124507,4.));
#10630=CARTESIAN_POINT('Ctrl Pts',(-45.8004779368639,38.6534820124507,3.5));
#10631=CARTESIAN_POINT('',(-45.9733975678682,38.5798106715083,4.));
#10632=CARTESIAN_POINT('Ctrl Pts',(-45.9733975678682,38.5798106715083,4.));
#10633=CARTESIAN_POINT('Ctrl Pts',(-45.8710784465075,38.5798106715083,4.));
#10634=CARTESIAN_POINT('Ctrl Pts',(-45.8004779368639,38.6534820124507,4.));
#10635=CARTESIAN_POINT('',(-45.9733975678682,38.5798106715083,3.5));
#10636=CARTESIAN_POINT('',(-45.9733975678682,38.5798106715083,4.));
#10637=CARTESIAN_POINT('Ctrl Pts',(-45.9733975678682,38.5798106715083,3.5));
#10638=CARTESIAN_POINT('Ctrl Pts',(-45.8710784465075,38.5798106715083,3.5));
#10639=CARTESIAN_POINT('Ctrl Pts',(-45.8004779368639,38.6534820124507,3.5));
#10640=CARTESIAN_POINT('Ctrl Pts',(-46.1718968302011,38.6759911105037,4.));
#10641=CARTESIAN_POINT('Ctrl Pts',(-46.1718968302011,38.6759911105037,3.5));
#10642=CARTESIAN_POINT('Ctrl Pts',(-46.0982269793749,38.5798106715083,4.));
#10643=CARTESIAN_POINT('Ctrl Pts',(-46.0982269793749,38.5798106715083,3.5));
#10644=CARTESIAN_POINT('Ctrl Pts',(-45.9733975678682,38.5798106715083,4.));
#10645=CARTESIAN_POINT('Ctrl Pts',(-45.9733975678682,38.5798106715083,3.5));
#10646=CARTESIAN_POINT('',(-46.1718968302011,38.6759911105037,4.));
#10647=CARTESIAN_POINT('Ctrl Pts',(-46.1718968302011,38.6759911105037,4.));
#10648=CARTESIAN_POINT('Ctrl Pts',(-46.0982269793749,38.5798106715083,4.));
#10649=CARTESIAN_POINT('Ctrl Pts',(-45.9733975678682,38.5798106715083,4.));
#10650=CARTESIAN_POINT('',(-46.1718968302011,38.6759911105037,3.5));
#10651=CARTESIAN_POINT('',(-46.1718968302011,38.6759911105037,4.));
#10652=CARTESIAN_POINT('Ctrl Pts',(-46.1718968302011,38.6759911105037,3.5));
#10653=CARTESIAN_POINT('Ctrl Pts',(-46.0982269793749,38.5798106715083,3.5));
#10654=CARTESIAN_POINT('Ctrl Pts',(-45.9733975678682,38.5798106715083,3.5));
#10655=CARTESIAN_POINT('Ctrl Pts',(-46.3274220377207,39.2530713602901,4.));
#10656=CARTESIAN_POINT('Ctrl Pts',(-46.3274220377207,39.2530713602901,3.5));
#10657=CARTESIAN_POINT('Ctrl Pts',(-46.2742162495852,38.8110528513789,4.));
#10658=CARTESIAN_POINT('Ctrl Pts',(-46.2742162495852,38.8110528513789,3.5));
#10659=CARTESIAN_POINT('Ctrl Pts',(-46.1718968302011,38.6759911105037,4.));
#10660=CARTESIAN_POINT('Ctrl Pts',(-46.1718968302011,38.6759911105037,3.5));
#10661=CARTESIAN_POINT('',(-46.3274220377207,39.2530713602901,4.));
#10662=CARTESIAN_POINT('Ctrl Pts',(-46.3274220377207,39.2530713602901,4.));
#10663=CARTESIAN_POINT('Ctrl Pts',(-46.2742162495852,38.8110528513789,4.));
#10664=CARTESIAN_POINT('Ctrl Pts',(-46.1718968302011,38.6759911105037,4.));
#10665=CARTESIAN_POINT('',(-46.3274220377207,39.2530713602901,3.5));
#10666=CARTESIAN_POINT('',(-46.3274220377207,39.2530713602901,4.));
#10667=CARTESIAN_POINT('Ctrl Pts',(-46.3274220377207,39.2530713602901,3.5));
#10668=CARTESIAN_POINT('Ctrl Pts',(-46.2742162495852,38.8110528513789,3.5));
#10669=CARTESIAN_POINT('Ctrl Pts',(-46.1718968302011,38.6759911105037,3.5));
#10670=CARTESIAN_POINT('Ctrl Pts',(-46.3540250808001,39.3942723795772,4.));
#10671=CARTESIAN_POINT('Ctrl Pts',(-46.3540250808001,39.3942723795772,3.5));
#10672=CARTESIAN_POINT('Ctrl Pts',(-46.3397002965212,39.3410668894649,4.));
#10673=CARTESIAN_POINT('Ctrl Pts',(-46.3397002965212,39.3410668894649,3.5));
#10674=CARTESIAN_POINT('Ctrl Pts',(-46.3274220377207,39.2530713602901,4.));
#10675=CARTESIAN_POINT('Ctrl Pts',(-46.3274220377207,39.2530713602901,3.5));
#10676=CARTESIAN_POINT('',(-46.3540250808001,39.3942723795772,4.));
#10677=CARTESIAN_POINT('Ctrl Pts',(-46.3540250808001,39.3942723795772,4.));
#10678=CARTESIAN_POINT('Ctrl Pts',(-46.3397002965212,39.3410668894649,4.));
#10679=CARTESIAN_POINT('Ctrl Pts',(-46.3274220377207,39.2530713602901,4.));
#10680=CARTESIAN_POINT('',(-46.3540250808001,39.3942723795772,3.5));
#10681=CARTESIAN_POINT('',(-46.3540250808001,39.3942723795772,4.));
#10682=CARTESIAN_POINT('Ctrl Pts',(-46.3540250808001,39.3942723795772,3.5));
#10683=CARTESIAN_POINT('Ctrl Pts',(-46.3397002965212,39.3410668894649,3.5));
#10684=CARTESIAN_POINT('Ctrl Pts',(-46.3274220377207,39.2530713602901,3.5));
#10685=CARTESIAN_POINT('Origin',(-46.2762624770403,39.3779025599361,4.));
#10686=CARTESIAN_POINT('',(-44.2286605141383,38.9468615040959,4.));
#10687=CARTESIAN_POINT('',(-46.2762624770403,39.3779025599361,3.5));
#10688=CARTESIAN_POINT('Ctrl Pts',(-47.0825380831957,39.433153681457,4.));
#10689=CARTESIAN_POINT('Ctrl Pts',(-47.0825380831957,39.433153681457,3.5));
#10690=CARTESIAN_POINT('Ctrl Pts',(-47.1459759026766,39.357436709106,4.));
#10691=CARTESIAN_POINT('Ctrl Pts',(-47.1459759026766,39.357436709106,3.5));
#10692=CARTESIAN_POINT('Ctrl Pts',(-47.1459759026766,39.2080507799983,4.));
#10693=CARTESIAN_POINT('Ctrl Pts',(-47.1459759026766,39.2080507799983,3.5));
#10694=CARTESIAN_POINT('',(-47.0825380831957,39.433153681457,4.));
#10695=CARTESIAN_POINT('',(-47.1459759026766,39.2080507799983,4.));
#10696=CARTESIAN_POINT('Ctrl Pts',(-47.0825380831957,39.433153681457,4.));
#10697=CARTESIAN_POINT('Ctrl Pts',(-47.1459759026766,39.357436709106,4.));
#10698=CARTESIAN_POINT('Ctrl Pts',(-47.1459759026766,39.2080507799983,4.));
#10699=CARTESIAN_POINT('',(-47.0825380831957,39.433153681457,3.5));
#10700=CARTESIAN_POINT('',(-47.0825380831957,39.433153681457,4.));
#10701=CARTESIAN_POINT('',(-47.1459759026766,39.2080507799983,3.5));
#10702=CARTESIAN_POINT('Ctrl Pts',(-47.0825380831957,39.433153681457,3.5));
#10703=CARTESIAN_POINT('Ctrl Pts',(-47.1459759026766,39.357436709106,3.5));
#10704=CARTESIAN_POINT('Ctrl Pts',(-47.1459759026766,39.2080507799983,3.5));
#10705=CARTESIAN_POINT('',(-47.1459759026766,39.2080507799983,4.));
#10706=CARTESIAN_POINT('Ctrl Pts',(-46.924966648221,39.5088706538081,4.));
#10707=CARTESIAN_POINT('Ctrl Pts',(-46.924966648221,39.5088706538081,3.5));
#10708=CARTESIAN_POINT('Ctrl Pts',(-47.0191002637148,39.5088706538081,4.));
#10709=CARTESIAN_POINT('Ctrl Pts',(-47.0191002637148,39.5088706538081,3.5));
#10710=CARTESIAN_POINT('Ctrl Pts',(-47.0825380831957,39.433153681457,4.));
#10711=CARTESIAN_POINT('Ctrl Pts',(-47.0825380831957,39.433153681457,3.5));
#10712=CARTESIAN_POINT('',(-46.924966648221,39.5088706538081,4.));
#10713=CARTESIAN_POINT('Ctrl Pts',(-46.924966648221,39.5088706538081,4.));
#10714=CARTESIAN_POINT('Ctrl Pts',(-47.0191002637148,39.5088706538081,4.));
#10715=CARTESIAN_POINT('Ctrl Pts',(-47.0825380831957,39.433153681457,4.));
#10716=CARTESIAN_POINT('',(-46.924966648221,39.5088706538081,3.5));
#10717=CARTESIAN_POINT('',(-46.924966648221,39.5088706538081,4.));
#10718=CARTESIAN_POINT('Ctrl Pts',(-46.924966648221,39.5088706538081,3.5));
#10719=CARTESIAN_POINT('Ctrl Pts',(-47.0191002637148,39.5088706538081,3.5));
#10720=CARTESIAN_POINT('Ctrl Pts',(-47.0825380831957,39.433153681457,3.5));
#10721=CARTESIAN_POINT('Ctrl Pts',(-46.7285136133432,39.4720349833369,4.));
#10722=CARTESIAN_POINT('Ctrl Pts',(-46.7285136133432,39.4720349833369,3.5));
#10723=CARTESIAN_POINT('Ctrl Pts',(-46.8512964993715,39.5088706538081,4.));
#10724=CARTESIAN_POINT('Ctrl Pts',(-46.8512964993715,39.5088706538081,3.5));
#10725=CARTESIAN_POINT('Ctrl Pts',(-46.924966648221,39.5088706538081,4.));
#10726=CARTESIAN_POINT('Ctrl Pts',(-46.924966648221,39.5088706538081,3.5));
#10727=CARTESIAN_POINT('',(-46.7285136133432,39.4720349833369,4.));
#10728=CARTESIAN_POINT('Ctrl Pts',(-46.7285136133432,39.4720349833369,4.));
#10729=CARTESIAN_POINT('Ctrl Pts',(-46.8512964993715,39.5088706538081,4.));
#10730=CARTESIAN_POINT('Ctrl Pts',(-46.924966648221,39.5088706538081,4.));
#10731=CARTESIAN_POINT('',(-46.7285136133432,39.4720349833369,3.5));
#10732=CARTESIAN_POINT('',(-46.7285136133432,39.4720349833369,4.));
#10733=CARTESIAN_POINT('Ctrl Pts',(-46.7285136133432,39.4720349833369,3.5));
#10734=CARTESIAN_POINT('Ctrl Pts',(-46.8512964993715,39.5088706538081,3.5));
#10735=CARTESIAN_POINT('Ctrl Pts',(-46.924966648221,39.5088706538081,3.5));
#10736=CARTESIAN_POINT('Ctrl Pts',(-46.6446120291948,38.9113269373775,4.));
#10737=CARTESIAN_POINT('Ctrl Pts',(-46.6446120291948,38.9113269373775,3.5));
#10738=CARTESIAN_POINT('Ctrl Pts',(-46.679400280118,39.3308339640498,4.));
#10739=CARTESIAN_POINT('Ctrl Pts',(-46.679400280118,39.3308339640498,3.5));
#10740=CARTESIAN_POINT('Ctrl Pts',(-46.7285136133432,39.4720349833369,4.));
#10741=CARTESIAN_POINT('Ctrl Pts',(-46.7285136133432,39.4720349833369,3.5));
#10742=CARTESIAN_POINT('',(-46.6446120291948,38.9113269373775,4.));
#10743=CARTESIAN_POINT('Ctrl Pts',(-46.6446120291948,38.9113269373775,4.));
#10744=CARTESIAN_POINT('Ctrl Pts',(-46.679400280118,39.3308339640498,4.));
#10745=CARTESIAN_POINT('Ctrl Pts',(-46.7285136133432,39.4720349833369,4.));
#10746=CARTESIAN_POINT('',(-46.6446120291948,38.9113269373775,3.5));
#10747=CARTESIAN_POINT('',(-46.6446120291948,38.9113269373775,4.));
#10748=CARTESIAN_POINT('Ctrl Pts',(-46.6446120291948,38.9113269373775,3.5));
#10749=CARTESIAN_POINT('Ctrl Pts',(-46.679400280118,39.3308339640498,3.5));
#10750=CARTESIAN_POINT('Ctrl Pts',(-46.7285136133432,39.4720349833369,3.5));
#10751=CARTESIAN_POINT('Ctrl Pts',(-46.4195094257593,38.2206712290645,4.));
#10752=CARTESIAN_POINT('Ctrl Pts',(-46.4195094257593,38.2206712290645,3.5));
#10753=CARTESIAN_POINT('Ctrl Pts',(-46.6057307273149,38.4140549227595,4.));
#10754=CARTESIAN_POINT('Ctrl Pts',(-46.6057307273149,38.4140549227595,3.5));
#10755=CARTESIAN_POINT('Ctrl Pts',(-46.6446120291948,38.9113269373775,4.));
#10756=CARTESIAN_POINT('Ctrl Pts',(-46.6446120291948,38.9113269373775,3.5));
#10757=CARTESIAN_POINT('',(-46.4195094257593,38.2206712290645,4.));
#10758=CARTESIAN_POINT('Ctrl Pts',(-46.4195094257593,38.2206712290645,4.));
#10759=CARTESIAN_POINT('Ctrl Pts',(-46.6057307273149,38.4140549227595,4.));
#10760=CARTESIAN_POINT('Ctrl Pts',(-46.6446120291948,38.9113269373775,4.));
#10761=CARTESIAN_POINT('',(-46.4195094257593,38.2206712290645,3.5));
#10762=CARTESIAN_POINT('',(-46.4195094257593,38.2206712290645,4.));
#10763=CARTESIAN_POINT('Ctrl Pts',(-46.4195094257593,38.2206712290645,3.5));
#10764=CARTESIAN_POINT('Ctrl Pts',(-46.6057307273149,38.4140549227595,3.5));
#10765=CARTESIAN_POINT('Ctrl Pts',(-46.6446120291948,38.9113269373775,3.5));
#10766=CARTESIAN_POINT('Ctrl Pts',(-45.9222380071878,38.0272875353694,4.));
#10767=CARTESIAN_POINT('Ctrl Pts',(-45.9222380071878,38.0272875353694,3.5));
#10768=CARTESIAN_POINT('Ctrl Pts',(-46.2332884222269,38.0272875353694,4.));
#10769=CARTESIAN_POINT('Ctrl Pts',(-46.2332884222269,38.0272875353694,3.5));
#10770=CARTESIAN_POINT('Ctrl Pts',(-46.4195094257593,38.2206712290645,4.));
#10771=CARTESIAN_POINT('Ctrl Pts',(-46.4195094257593,38.2206712290645,3.5));
#10772=CARTESIAN_POINT('',(-45.9222380071878,38.0272875353694,4.));
#10773=CARTESIAN_POINT('Ctrl Pts',(-45.9222380071878,38.0272875353694,4.));
#10774=CARTESIAN_POINT('Ctrl Pts',(-46.2332884222269,38.0272875353694,4.));
#10775=CARTESIAN_POINT('Ctrl Pts',(-46.4195094257593,38.2206712290645,4.));
#10776=CARTESIAN_POINT('',(-45.9222380071878,38.0272875353694,3.5));
#10777=CARTESIAN_POINT('',(-45.9222380071878,38.0272875353694,4.));
#10778=CARTESIAN_POINT('Ctrl Pts',(-45.9222380071878,38.0272875353694,3.5));
#10779=CARTESIAN_POINT('Ctrl Pts',(-46.2332884222269,38.0272875353694,3.5));
#10780=CARTESIAN_POINT('Ctrl Pts',(-46.4195094257593,38.2206712290645,3.5));
#10781=CARTESIAN_POINT('Ctrl Pts',(-45.466917231679,38.2032762095332,4.));
#10782=CARTESIAN_POINT('Ctrl Pts',(-45.466917231679,38.2032762095332,3.5));
#10783=CARTESIAN_POINT('Ctrl Pts',(-45.6439296156168,38.0272875353694,4.));
#10784=CARTESIAN_POINT('Ctrl Pts',(-45.6439296156168,38.0272875353694,3.5));
#10785=CARTESIAN_POINT('Ctrl Pts',(-45.9222380071878,38.0272875353694,4.));
#10786=CARTESIAN_POINT('Ctrl Pts',(-45.9222380071878,38.0272875353694,3.5));
#10787=CARTESIAN_POINT('',(-45.466917231679,38.2032762095332,4.));
#10788=CARTESIAN_POINT('Ctrl Pts',(-45.466917231679,38.2032762095332,4.));
#10789=CARTESIAN_POINT('Ctrl Pts',(-45.6439296156168,38.0272875353694,4.));
#10790=CARTESIAN_POINT('Ctrl Pts',(-45.9222380071878,38.0272875353694,4.));
#10791=CARTESIAN_POINT('',(-45.466917231679,38.2032762095332,3.5));
#10792=CARTESIAN_POINT('',(-45.466917231679,38.2032762095332,4.));
#10793=CARTESIAN_POINT('Ctrl Pts',(-45.466917231679,38.2032762095332,3.5));
#10794=CARTESIAN_POINT('Ctrl Pts',(-45.6439296156168,38.0272875353694,3.5));
#10795=CARTESIAN_POINT('Ctrl Pts',(-45.9222380071878,38.0272875353694,3.5));
#10796=CARTESIAN_POINT('Ctrl Pts',(-45.2899051457644,38.6493883654475,4.));
#10797=CARTESIAN_POINT('Ctrl Pts',(-45.2899051457644,38.6493883654475,3.5));
#10798=CARTESIAN_POINT('Ctrl Pts',(-45.2899051457644,38.379264883697,4.));
#10799=CARTESIAN_POINT('Ctrl Pts',(-45.2899051457644,38.379264883697,3.5));
#10800=CARTESIAN_POINT('Ctrl Pts',(-45.466917231679,38.2032762095332,4.));
#10801=CARTESIAN_POINT('Ctrl Pts',(-45.466917231679,38.2032762095332,3.5));
#10802=CARTESIAN_POINT('',(-45.2899051457644,38.6493883654475,4.));
#10803=CARTESIAN_POINT('Ctrl Pts',(-45.2899051457644,38.6493883654475,4.));
#10804=CARTESIAN_POINT('Ctrl Pts',(-45.2899051457644,38.379264883697,4.));
#10805=CARTESIAN_POINT('Ctrl Pts',(-45.466917231679,38.2032762095332,4.));
#10806=CARTESIAN_POINT('',(-45.2899051457644,38.6493883654475,3.5));
#10807=CARTESIAN_POINT('',(-45.2899051457644,38.6493883654475,4.));
#10808=CARTESIAN_POINT('Ctrl Pts',(-45.2899051457644,38.6493883654475,3.5));
#10809=CARTESIAN_POINT('Ctrl Pts',(-45.2899051457644,38.379264883697,3.5));
#10810=CARTESIAN_POINT('Ctrl Pts',(-45.466917231679,38.2032762095332,3.5));
#10811=CARTESIAN_POINT('Ctrl Pts',(-45.3666446357965,38.9870415255427,4.));
#10812=CARTESIAN_POINT('Ctrl Pts',(-45.3666446357965,38.9870415255427,3.5));
#10813=CARTESIAN_POINT('Ctrl Pts',(-45.2899051457644,38.8192377611995,4.));
#10814=CARTESIAN_POINT('Ctrl Pts',(-45.2899051457644,38.8192377611995,3.5));
#10815=CARTESIAN_POINT('Ctrl Pts',(-45.2899051457644,38.6493883654475,4.));
#10816=CARTESIAN_POINT('Ctrl Pts',(-45.2899051457644,38.6493883654475,3.5));
#10817=CARTESIAN_POINT('',(-45.3666446357965,38.9870415255427,4.));
#10818=CARTESIAN_POINT('Ctrl Pts',(-45.3666446357965,38.9870415255427,4.));
#10819=CARTESIAN_POINT('Ctrl Pts',(-45.2899051457644,38.8192377611995,4.));
#10820=CARTESIAN_POINT('Ctrl Pts',(-45.2899051457644,38.6493883654475,4.));
#10821=CARTESIAN_POINT('',(-45.3666446357965,38.9870415255427,3.5));
#10822=CARTESIAN_POINT('',(-45.3666446357965,38.9870415255427,4.));
#10823=CARTESIAN_POINT('Ctrl Pts',(-45.3666446357965,38.9870415255427,3.5));
#10824=CARTESIAN_POINT('Ctrl Pts',(-45.2899051457644,38.8192377611995,3.5));
#10825=CARTESIAN_POINT('Ctrl Pts',(-45.2899051457644,38.6493883654475,3.5));
#10826=CARTESIAN_POINT('Ctrl Pts',(-45.5866307765245,39.2837677523494,4.));
#10827=CARTESIAN_POINT('Ctrl Pts',(-45.5866307765245,39.2837677523494,3.5));
#10828=CARTESIAN_POINT('Ctrl Pts',(-45.4433838278055,39.154845289886,4.));
#10829=CARTESIAN_POINT('Ctrl Pts',(-45.4433838278055,39.154845289886,3.5));
#10830=CARTESIAN_POINT('Ctrl Pts',(-45.3666446357965,38.9870415255427,4.));
#10831=CARTESIAN_POINT('Ctrl Pts',(-45.3666446357965,38.9870415255427,3.5));
#10832=CARTESIAN_POINT('',(-45.5866307765245,39.2837677523494,4.));
#10833=CARTESIAN_POINT('Ctrl Pts',(-45.5866307765245,39.2837677523494,4.));
#10834=CARTESIAN_POINT('Ctrl Pts',(-45.4433838278055,39.154845289886,4.));
#10835=CARTESIAN_POINT('Ctrl Pts',(-45.3666446357965,38.9870415255427,4.));
#10836=CARTESIAN_POINT('',(-45.5866307765245,39.2837677523494,3.5));
#10837=CARTESIAN_POINT('',(-45.5866307765245,39.2837677523494,4.));
#10838=CARTESIAN_POINT('Ctrl Pts',(-45.5866307765245,39.2837677523494,3.5));
#10839=CARTESIAN_POINT('Ctrl Pts',(-45.4433838278055,39.154845289886,3.5));
#10840=CARTESIAN_POINT('Ctrl Pts',(-45.3666446357965,38.9870415255427,3.5));
#10841=CARTESIAN_POINT('Ctrl Pts',(-45.3410647064447,39.3267427012324,4.));
#10842=CARTESIAN_POINT('Ctrl Pts',(-45.3410647064447,39.3267427012324,3.5));
#10843=CARTESIAN_POINT('Ctrl Pts',(-45.4597551375628,39.2919526621699,4.));
#10844=CARTESIAN_POINT('Ctrl Pts',(-45.4597551375628,39.2919526621699,3.5));
#10845=CARTESIAN_POINT('Ctrl Pts',(-45.5866307765245,39.2837677523494,4.));
#10846=CARTESIAN_POINT('Ctrl Pts',(-45.5866307765245,39.2837677523494,3.5));
#10847=CARTESIAN_POINT('',(-45.3410647064447,39.3267427012324,4.));
#10848=CARTESIAN_POINT('Ctrl Pts',(-45.3410647064447,39.3267427012324,4.));
#10849=CARTESIAN_POINT('Ctrl Pts',(-45.4597551375628,39.2919526621699,4.));
#10850=CARTESIAN_POINT('Ctrl Pts',(-45.5866307765245,39.2837677523494,4.));
#10851=CARTESIAN_POINT('',(-45.3410647064447,39.3267427012324,3.5));
#10852=CARTESIAN_POINT('',(-45.3410647064447,39.3267427012324,4.));
#10853=CARTESIAN_POINT('Ctrl Pts',(-45.3410647064447,39.3267427012324,3.5));
#10854=CARTESIAN_POINT('Ctrl Pts',(-45.4597551375628,39.2919526621699,3.5));
#10855=CARTESIAN_POINT('Ctrl Pts',(-45.5866307765245,39.2837677523494,3.5));
#10856=CARTESIAN_POINT('Origin',(-45.3410647064447,39.8976836726069,4.));
#10857=CARTESIAN_POINT('',(-45.3410647064447,39.8976836726069,4.));
#10858=CARTESIAN_POINT('',(-45.3410647064447,33.6988421715796,4.));
#10859=CARTESIAN_POINT('',(-45.3410647064447,39.8976836726069,3.5));
#10860=CARTESIAN_POINT('',(-45.3410647064447,39.8976836726069,4.));
#10861=CARTESIAN_POINT('',(-45.3410647064447,39.8976836726069,3.5));
#10862=CARTESIAN_POINT('Ctrl Pts',(-45.6500688940287,39.848569445312,4.));
#10863=CARTESIAN_POINT('Ctrl Pts',(-45.6500688940287,39.848569445312,3.5));
#10864=CARTESIAN_POINT('Ctrl Pts',(-45.5109146982431,39.848569445312,4.));
#10865=CARTESIAN_POINT('Ctrl Pts',(-45.5109146982431,39.848569445312,3.5));
#10866=CARTESIAN_POINT('Ctrl Pts',(-45.3410647064447,39.8976836726069,4.));
#10867=CARTESIAN_POINT('Ctrl Pts',(-45.3410647064447,39.8976836726069,3.5));
#10868=CARTESIAN_POINT('',(-45.6500688940287,39.848569445312,4.));
#10869=CARTESIAN_POINT('Ctrl Pts',(-45.6500688940287,39.848569445312,4.));
#10870=CARTESIAN_POINT('Ctrl Pts',(-45.5109146982431,39.848569445312,4.));
#10871=CARTESIAN_POINT('Ctrl Pts',(-45.3410647064447,39.8976836726069,4.));
#10872=CARTESIAN_POINT('',(-45.6500688940287,39.848569445312,3.5));
#10873=CARTESIAN_POINT('',(-45.6500688940287,39.848569445312,4.));
#10874=CARTESIAN_POINT('Ctrl Pts',(-45.6500688940287,39.848569445312,3.5));
#10875=CARTESIAN_POINT('Ctrl Pts',(-45.5109146982431,39.848569445312,3.5));
#10876=CARTESIAN_POINT('Ctrl Pts',(-45.3410647064447,39.8976836726069,3.5));
#10877=CARTESIAN_POINT('Ctrl Pts',(-46.194407120347,39.9345193430781,4.));
#10878=CARTESIAN_POINT('Ctrl Pts',(-46.194407120347,39.9345193430781,3.5));
#10879=CARTESIAN_POINT('Ctrl Pts',(-45.8055941015482,39.848569445312,4.));
#10880=CARTESIAN_POINT('Ctrl Pts',(-45.8055941015482,39.848569445312,3.5));
#10881=CARTESIAN_POINT('Ctrl Pts',(-45.6500688940287,39.848569445312,4.));
#10882=CARTESIAN_POINT('Ctrl Pts',(-45.6500688940287,39.848569445312,3.5));
#10883=CARTESIAN_POINT('',(-46.194407120347,39.9345193430781,4.));
#10884=CARTESIAN_POINT('Ctrl Pts',(-46.194407120347,39.9345193430781,4.));
#10885=CARTESIAN_POINT('Ctrl Pts',(-45.8055941015482,39.848569445312,4.));
#10886=CARTESIAN_POINT('Ctrl Pts',(-45.6500688940287,39.848569445312,4.));
#10887=CARTESIAN_POINT('',(-46.194407120347,39.9345193430781,3.5));
#10888=CARTESIAN_POINT('',(-46.194407120347,39.9345193430781,4.));
#10889=CARTESIAN_POINT('Ctrl Pts',(-46.194407120347,39.9345193430781,3.5));
#10890=CARTESIAN_POINT('Ctrl Pts',(-45.8055941015482,39.848569445312,3.5));
#10891=CARTESIAN_POINT('Ctrl Pts',(-45.6500688940287,39.848569445312,3.5));
#10892=CARTESIAN_POINT('Ctrl Pts',(-46.7755804210901,40.0562773272395,4.));
#10893=CARTESIAN_POINT('Ctrl Pts',(-46.7755804210901,40.0562773272395,3.5));
#10894=CARTESIAN_POINT('Ctrl Pts',(-46.6650754958391,40.0388846918941,4.));
#10895=CARTESIAN_POINT('Ctrl Pts',(-46.6650754958391,40.0388846918941,3.5));
#10896=CARTESIAN_POINT('Ctrl Pts',(-46.194407120347,39.9345193430781,4.));
#10897=CARTESIAN_POINT('Ctrl Pts',(-46.194407120347,39.9345193430781,3.5));
#10898=CARTESIAN_POINT('',(-46.7755804210901,40.0562773272395,4.));
#10899=CARTESIAN_POINT('Ctrl Pts',(-46.7755804210901,40.0562773272395,4.));
#10900=CARTESIAN_POINT('Ctrl Pts',(-46.6650754958391,40.0388846918941,4.));
#10901=CARTESIAN_POINT('Ctrl Pts',(-46.194407120347,39.9345193430781,4.));
#10902=CARTESIAN_POINT('',(-46.7755804210901,40.0562773272395,3.5));
#10903=CARTESIAN_POINT('',(-46.7755804210901,40.0562773272395,4.));
#10904=CARTESIAN_POINT('Ctrl Pts',(-46.7755804210901,40.0562773272395,3.5));
#10905=CARTESIAN_POINT('Ctrl Pts',(-46.6650754958391,40.0388846918941,3.5));
#10906=CARTESIAN_POINT('Ctrl Pts',(-46.194407120347,39.9345193430781,3.5));
#10907=CARTESIAN_POINT('Ctrl Pts',(-46.9843117147684,40.0736723467708,4.));
#10908=CARTESIAN_POINT('Ctrl Pts',(-46.9843117147684,40.0736723467708,3.5));
#10909=CARTESIAN_POINT('Ctrl Pts',(-46.8860853463411,40.0736723467708,4.));
#10910=CARTESIAN_POINT('Ctrl Pts',(-46.8860853463411,40.0736723467708,3.5));
#10911=CARTESIAN_POINT('Ctrl Pts',(-46.7755804210901,40.0562773272395,4.));
#10912=CARTESIAN_POINT('Ctrl Pts',(-46.7755804210901,40.0562773272395,3.5));
#10913=CARTESIAN_POINT('',(-46.9843117147684,40.0736723467708,4.));
#10914=CARTESIAN_POINT('Ctrl Pts',(-46.9843117147684,40.0736723467708,4.));
#10915=CARTESIAN_POINT('Ctrl Pts',(-46.8860853463411,40.0736723467708,4.));
#10916=CARTESIAN_POINT('Ctrl Pts',(-46.7755804210901,40.0562773272395,4.));
#10917=CARTESIAN_POINT('',(-46.9843117147684,40.0736723467708,3.5));
#10918=CARTESIAN_POINT('',(-46.9843117147684,40.0736723467708,4.));
#10919=CARTESIAN_POINT('Ctrl Pts',(-46.9843117147684,40.0736723467708,3.5));
#10920=CARTESIAN_POINT('Ctrl Pts',(-46.8860853463411,40.0736723467708,3.5));
#10921=CARTESIAN_POINT('Ctrl Pts',(-46.7755804210901,40.0562773272395,3.5));
#10922=CARTESIAN_POINT('Ctrl Pts',(-47.3966582864523,39.8731265589595,4.));
#10923=CARTESIAN_POINT('Ctrl Pts',(-47.3966582864523,39.8731265589595,3.5));
#10924=CARTESIAN_POINT('Ctrl Pts',(-47.2278315573931,40.0736723467708,4.));
#10925=CARTESIAN_POINT('Ctrl Pts',(-47.2278315573931,40.0736723467708,3.5));
#10926=CARTESIAN_POINT('Ctrl Pts',(-46.9843117147684,40.0736723467708,4.));
#10927=CARTESIAN_POINT('Ctrl Pts',(-46.9843117147684,40.0736723467708,3.5));
#10928=CARTESIAN_POINT('',(-47.3966582864523,39.8731265589595,4.));
#10929=CARTESIAN_POINT('Ctrl Pts',(-47.3966582864523,39.8731265589595,4.));
#10930=CARTESIAN_POINT('Ctrl Pts',(-47.2278315573931,40.0736723467708,4.));
#10931=CARTESIAN_POINT('Ctrl Pts',(-46.9843117147684,40.0736723467708,4.));
#10932=CARTESIAN_POINT('',(-47.3966582864523,39.8731265589595,3.5));
#10933=CARTESIAN_POINT('',(-47.3966582864523,39.8731265589595,4.));
#10934=CARTESIAN_POINT('Ctrl Pts',(-47.3966582864523,39.8731265589595,3.5));
#10935=CARTESIAN_POINT('Ctrl Pts',(-47.2278315573931,40.0736723467708,3.5));
#10936=CARTESIAN_POINT('Ctrl Pts',(-46.9843117147684,40.0736723467708,3.5));
#10937=CARTESIAN_POINT('Ctrl Pts',(-47.5654850155115,39.2530713602901,4.));
#10938=CARTESIAN_POINT('Ctrl Pts',(-47.5654850155115,39.2530713602901,3.5));
#10939=CARTESIAN_POINT('Ctrl Pts',(-47.5654850155115,39.6725807711482,4.));
#10940=CARTESIAN_POINT('Ctrl Pts',(-47.5654850155115,39.6725807711482,3.5));
#10941=CARTESIAN_POINT('Ctrl Pts',(-47.3966582864523,39.8731265589595,4.));
#10942=CARTESIAN_POINT('Ctrl Pts',(-47.3966582864523,39.8731265589595,3.5));
#10943=CARTESIAN_POINT('',(-47.5654850155115,39.2530713602901,4.));
#10944=CARTESIAN_POINT('Ctrl Pts',(-47.5654850155115,39.2530713602901,4.));
#10945=CARTESIAN_POINT('Ctrl Pts',(-47.5654850155115,39.6725807711482,4.));
#10946=CARTESIAN_POINT('Ctrl Pts',(-47.3966582864523,39.8731265589595,4.));
#10947=CARTESIAN_POINT('',(-47.5654850155115,39.2530713602901,3.5));
#10948=CARTESIAN_POINT('',(-47.5654850155115,39.2530713602901,4.));
#10949=CARTESIAN_POINT('Ctrl Pts',(-47.5654850155115,39.2530713602901,3.5));
#10950=CARTESIAN_POINT('Ctrl Pts',(-47.5654850155115,39.6725807711482,3.5));
#10951=CARTESIAN_POINT('Ctrl Pts',(-47.3966582864523,39.8731265589595,3.5));
#10952=CARTESIAN_POINT('Ctrl Pts',(-47.4017741531134,38.6053906008601,4.));
#10953=CARTESIAN_POINT('Ctrl Pts',(-47.4017741531134,38.6053906008601,3.5));
#10954=CARTESIAN_POINT('Ctrl Pts',(-47.5654850155115,38.8499341532588,4.));
#10955=CARTESIAN_POINT('Ctrl Pts',(-47.5654850155115,38.8499341532588,3.5));
#10956=CARTESIAN_POINT('Ctrl Pts',(-47.5654850155115,39.2530713602901,4.));
#10957=CARTESIAN_POINT('Ctrl Pts',(-47.5654850155115,39.2530713602901,3.5));
#10958=CARTESIAN_POINT('',(-47.4017741531134,38.6053906008601,4.));
#10959=CARTESIAN_POINT('Ctrl Pts',(-47.4017741531134,38.6053906008601,4.));
#10960=CARTESIAN_POINT('Ctrl Pts',(-47.5654850155115,38.8499341532588,4.));
#10961=CARTESIAN_POINT('Ctrl Pts',(-47.5654850155115,39.2530713602901,4.));
#10962=CARTESIAN_POINT('',(-47.4017741531134,38.6053906008601,3.5));
#10963=CARTESIAN_POINT('',(-47.4017741531134,38.6053906008601,4.));
#10964=CARTESIAN_POINT('Ctrl Pts',(-47.4017741531134,38.6053906008601,3.5));
#10965=CARTESIAN_POINT('Ctrl Pts',(-47.5654850155115,38.8499341532588,3.5));
#10966=CARTESIAN_POINT('Ctrl Pts',(-47.5654850155115,39.2530713602901,3.5));
#10967=CARTESIAN_POINT('Ctrl Pts',(-46.9474769383669,38.2626209780574,4.));
#10968=CARTESIAN_POINT('Ctrl Pts',(-46.9474769383669,38.2626209780574,3.5));
#10969=CARTESIAN_POINT('Ctrl Pts',(-47.2380632907152,38.3608470484614,4.));
#10970=CARTESIAN_POINT('Ctrl Pts',(-47.2380632907152,38.3608470484614,3.5));
#10971=CARTESIAN_POINT('Ctrl Pts',(-47.4017741531134,38.6053906008601,4.));
#10972=CARTESIAN_POINT('Ctrl Pts',(-47.4017741531134,38.6053906008601,3.5));
#10973=CARTESIAN_POINT('',(-46.9474769383669,38.2626209780574,4.));
#10974=CARTESIAN_POINT('Ctrl Pts',(-46.9474769383669,38.2626209780574,4.));
#10975=CARTESIAN_POINT('Ctrl Pts',(-47.2380632907152,38.3608470484614,4.));
#10976=CARTESIAN_POINT('Ctrl Pts',(-47.4017741531134,38.6053906008601,4.));
#10977=CARTESIAN_POINT('',(-46.9474769383669,38.2626209780574,3.5));
#10978=CARTESIAN_POINT('',(-46.9474769383669,38.2626209780574,4.));
#10979=CARTESIAN_POINT('Ctrl Pts',(-46.9474769383669,38.2626209780574,3.5));
#10980=CARTESIAN_POINT('Ctrl Pts',(-47.2380632907152,38.3608470484614,3.5));
#10981=CARTESIAN_POINT('Ctrl Pts',(-47.4017741531134,38.6053906008601,3.5));
#10982=CARTESIAN_POINT('Origin',(-46.8983636051416,38.8356099650264,4.));
#10983=CARTESIAN_POINT('',(-46.8983636051416,38.8356099650264,4.));
#10984=CARTESIAN_POINT('',(-47.3718860987653,33.3111799149604,4.));
#10985=CARTESIAN_POINT('',(-46.8983636051416,38.8356099650264,3.5));
#10986=CARTESIAN_POINT('',(-46.8983636051416,38.8356099650264,4.));
#10987=CARTESIAN_POINT('',(-46.8983636051416,38.8356099650264,3.5));
#10988=CARTESIAN_POINT('Ctrl Pts',(-47.0815149694681,38.9594159647822,4.));
#10989=CARTESIAN_POINT('Ctrl Pts',(-47.0815149694681,38.9594159647822,3.5));
#10990=CARTESIAN_POINT('Ctrl Pts',(-47.0170540362597,38.8683519884944,4.));
#10991=CARTESIAN_POINT('Ctrl Pts',(-47.0170540362597,38.8683519884944,3.5));
#10992=CARTESIAN_POINT('Ctrl Pts',(-46.8983636051416,38.8356099650264,4.));
#10993=CARTESIAN_POINT('Ctrl Pts',(-46.8983636051416,38.8356099650264,3.5));
#10994=CARTESIAN_POINT('',(-47.0815149694681,38.9594159647822,4.));
#10995=CARTESIAN_POINT('Ctrl Pts',(-47.0815149694681,38.9594159647822,4.));
#10996=CARTESIAN_POINT('Ctrl Pts',(-47.0170540362597,38.8683519884944,4.));
#10997=CARTESIAN_POINT('Ctrl Pts',(-46.8983636051416,38.8356099650264,4.));
#10998=CARTESIAN_POINT('',(-47.0815149694681,38.9594159647822,3.5));
#10999=CARTESIAN_POINT('',(-47.0815149694681,38.9594159647822,4.));
#11000=CARTESIAN_POINT('Ctrl Pts',(-47.0815149694681,38.9594159647822,3.5));
#11001=CARTESIAN_POINT('Ctrl Pts',(-47.0170540362597,38.8683519884944,3.5));
#11002=CARTESIAN_POINT('Ctrl Pts',(-46.8983636051416,38.8356099650264,3.5));
#11003=CARTESIAN_POINT('Ctrl Pts',(-47.1459759026766,39.2080507799983,4.));
#11004=CARTESIAN_POINT('Ctrl Pts',(-47.1459759026766,39.2080507799983,3.5));
#11005=CARTESIAN_POINT('Ctrl Pts',(-47.1459759026766,39.0504799410701,4.));
#11006=CARTESIAN_POINT('Ctrl Pts',(-47.1459759026766,39.0504799410701,3.5));
#11007=CARTESIAN_POINT('Ctrl Pts',(-47.0815149694681,38.9594159647822,4.));
#11008=CARTESIAN_POINT('Ctrl Pts',(-47.0815149694681,38.9594159647822,3.5));
#11009=CARTESIAN_POINT('Ctrl Pts',(-47.1459759026766,39.2080507799983,4.));
#11010=CARTESIAN_POINT('Ctrl Pts',(-47.1459759026766,39.0504799410701,4.));
#11011=CARTESIAN_POINT('Ctrl Pts',(-47.0815149694681,38.9594159647822,4.));
#11012=CARTESIAN_POINT('Ctrl Pts',(-47.1459759026766,39.2080507799983,3.5));
#11013=CARTESIAN_POINT('Ctrl Pts',(-47.1459759026766,39.0504799410701,3.5));
#11014=CARTESIAN_POINT('Ctrl Pts',(-47.0815149694681,38.9594159647822,3.5));
#11015=CARTESIAN_POINT('Origin',(-46.4276950806379,39.0504799410701,3.5));
#11016=CARTESIAN_POINT('Origin',(-42.8136905750912,37.2518601055444,4.));
#11017=CARTESIAN_POINT('',(-42.8136905750912,37.2518601055444,4.));
#11018=CARTESIAN_POINT('',(-42.819919064641,37.2547755762935,4.));
#11019=CARTESIAN_POINT('',(-41.6331514553388,36.6992658940123,4.));
#11020=CARTESIAN_POINT('',(-42.8136905750912,37.2518601055444,3.5));
#11021=CARTESIAN_POINT('',(-42.8136905750912,37.2518601055444,4.));
#11022=CARTESIAN_POINT('',(-42.819919064641,37.2547755762935,3.5));
#11023=CARTESIAN_POINT('',(-42.819919064641,37.2547755762935,3.5));
#11024=CARTESIAN_POINT('',(-42.819919064641,37.2547755762935,4.));
#11025=CARTESIAN_POINT('Origin',(-40.6589365750551,37.6272163912654,4.));
#11026=CARTESIAN_POINT('',(-40.6589365750551,37.6272163912654,4.));
#11027=CARTESIAN_POINT('',(-43.3790034249453,37.1533830953668,4.));
#11028=CARTESIAN_POINT('',(-40.6589365750551,37.6272163912654,3.5));
#11029=CARTESIAN_POINT('',(-40.6589365750551,37.6272163912654,4.));
#11030=CARTESIAN_POINT('',(-40.6589365750551,37.6272163912654,3.5));
#11031=CARTESIAN_POINT('',(-42.8136905750912,37.2518601055444,4.));
#11032=CARTESIAN_POINT('Ctrl Pts',(-40.2496594935656,37.1831522509456,4.));
#11033=CARTESIAN_POINT('Ctrl Pts',(-40.2496594935656,37.1831522509456,3.5));
#11034=CARTESIAN_POINT('Ctrl Pts',(-40.2496594935656,37.4532757326961,4.));
#11035=CARTESIAN_POINT('Ctrl Pts',(-40.2496594935656,37.4532757326961,3.5));
#11036=CARTESIAN_POINT('Ctrl Pts',(-40.6589365750551,37.6272163912654,4.));
#11037=CARTESIAN_POINT('Ctrl Pts',(-40.6589365750551,37.6272163912654,3.5));
#11038=CARTESIAN_POINT('',(-40.2496594935656,37.1831522509456,4.));
#11039=CARTESIAN_POINT('Ctrl Pts',(-40.2496594935656,37.1831522509456,4.));
#11040=CARTESIAN_POINT('Ctrl Pts',(-40.2496594935656,37.4532757326961,4.));
#11041=CARTESIAN_POINT('Ctrl Pts',(-40.6589365750551,37.6272163912654,4.));
#11042=CARTESIAN_POINT('',(-40.2496594935656,37.1831522509456,3.5));
#11043=CARTESIAN_POINT('',(-40.2496594935656,37.1831522509456,4.));
#11044=CARTESIAN_POINT('Ctrl Pts',(-40.2496594935656,37.1831522509456,3.5));
#11045=CARTESIAN_POINT('Ctrl Pts',(-40.2496594935656,37.4532757326961,3.5));
#11046=CARTESIAN_POINT('Ctrl Pts',(-40.6589365750551,37.6272163912654,3.5));
#11047=CARTESIAN_POINT('Ctrl Pts',(-40.2803552895784,36.9764671847224,4.));
#11048=CARTESIAN_POINT('Ctrl Pts',(-40.2803552895784,36.9764671847224,3.5));
#11049=CARTESIAN_POINT('Ctrl Pts',(-40.2496594935656,37.082878164947,4.));
#11050=CARTESIAN_POINT('Ctrl Pts',(-40.2496594935656,37.082878164947,3.5));
#11051=CARTESIAN_POINT('Ctrl Pts',(-40.2496594935656,37.1831522509456,4.));
#11052=CARTESIAN_POINT('Ctrl Pts',(-40.2496594935656,37.1831522509456,3.5));
#11053=CARTESIAN_POINT('',(-40.2803552895784,36.9764671847224,4.));
#11054=CARTESIAN_POINT('Ctrl Pts',(-40.2803552895784,36.9764671847224,4.));
#11055=CARTESIAN_POINT('Ctrl Pts',(-40.2496594935656,37.082878164947,4.));
#11056=CARTESIAN_POINT('Ctrl Pts',(-40.2496594935656,37.1831522509456,4.));
#11057=CARTESIAN_POINT('',(-40.2803552895784,36.9764671847224,3.5));
#11058=CARTESIAN_POINT('',(-40.2803552895784,36.9764671847224,4.));
#11059=CARTESIAN_POINT('Ctrl Pts',(-40.2803552895784,36.9764671847224,3.5));
#11060=CARTESIAN_POINT('Ctrl Pts',(-40.2496594935656,37.082878164947,3.5));
#11061=CARTESIAN_POINT('Ctrl Pts',(-40.2496594935656,37.1831522509456,3.5));
#11062=CARTESIAN_POINT('Origin',(-39.8424292355776,36.9253073260188,4.));
#11063=CARTESIAN_POINT('',(-39.8424292355776,36.9253073260188,4.));
#11064=CARTESIAN_POINT('',(-41.5967264480796,37.1302496826012,4.));
#11065=CARTESIAN_POINT('',(-39.8424292355776,36.9253073260188,3.5));
#11066=CARTESIAN_POINT('',(-39.8424292355776,36.9253073260188,4.));
#11067=CARTESIAN_POINT('',(-39.8424292355776,36.9253073260188,3.5));
#11068=CARTESIAN_POINT('Ctrl Pts',(-39.7769451886415,37.344816736877,4.));
#11069=CARTESIAN_POINT('Ctrl Pts',(-39.7769451886415,37.344816736877,3.5));
#11070=CARTESIAN_POINT('Ctrl Pts',(-39.7769451886415,37.1585951372981,4.));
#11071=CARTESIAN_POINT('Ctrl Pts',(-39.7769451886415,37.1585951372981,3.5));
#11072=CARTESIAN_POINT('Ctrl Pts',(-39.8424292355776,36.9253073260188,4.));
#11073=CARTESIAN_POINT('Ctrl Pts',(-39.8424292355776,36.9253073260188,3.5));
#11074=CARTESIAN_POINT('',(-39.7769451886415,37.344816736877,4.));
#11075=CARTESIAN_POINT('Ctrl Pts',(-39.7769451886415,37.344816736877,4.));
#11076=CARTESIAN_POINT('Ctrl Pts',(-39.7769451886415,37.1585951372981,4.));
#11077=CARTESIAN_POINT('Ctrl Pts',(-39.8424292355776,36.9253073260188,4.));
#11078=CARTESIAN_POINT('',(-39.7769451886415,37.344816736877,3.5));
#11079=CARTESIAN_POINT('',(-39.7769451886415,37.344816736877,4.));
#11080=CARTESIAN_POINT('Ctrl Pts',(-39.7769451886415,37.344816736877,3.5));
#11081=CARTESIAN_POINT('Ctrl Pts',(-39.7769451886415,37.1585951372981,3.5));
#11082=CARTESIAN_POINT('Ctrl Pts',(-39.8424292355776,36.9253073260188,3.5));
#11083=CARTESIAN_POINT('Ctrl Pts',(-39.8444754630327,37.6671228930354,4.));
#11084=CARTESIAN_POINT('Ctrl Pts',(-39.8444754630327,37.6671228930354,3.5));
#11085=CARTESIAN_POINT('Ctrl Pts',(-39.7769451886415,37.5330839678645,4.));
#11086=CARTESIAN_POINT('Ctrl Pts',(-39.7769451886415,37.5330839678645,3.5));
#11087=CARTESIAN_POINT('Ctrl Pts',(-39.7769451886415,37.344816736877,4.));
#11088=CARTESIAN_POINT('Ctrl Pts',(-39.7769451886415,37.344816736877,3.5));
#11089=CARTESIAN_POINT('',(-39.8444754630327,37.6671228930354,4.));
#11090=CARTESIAN_POINT('Ctrl Pts',(-39.8444754630327,37.6671228930354,4.));
#11091=CARTESIAN_POINT('Ctrl Pts',(-39.7769451886415,37.5330839678645,4.));
#11092=CARTESIAN_POINT('Ctrl Pts',(-39.7769451886415,37.344816736877,4.));
#11093=CARTESIAN_POINT('',(-39.8444754630327,37.6671228930354,3.5));
#11094=CARTESIAN_POINT('',(-39.8444754630327,37.6671228930354,4.));
#11095=CARTESIAN_POINT('Ctrl Pts',(-39.8444754630327,37.6671228930354,3.5));
#11096=CARTESIAN_POINT('Ctrl Pts',(-39.7769451886415,37.5330839678645,3.5));
#11097=CARTESIAN_POINT('Ctrl Pts',(-39.7769451886415,37.344816736877,3.5));
#11098=CARTESIAN_POINT('Ctrl Pts',(-40.0306964665651,37.8963170573115,4.));
#11099=CARTESIAN_POINT('Ctrl Pts',(-40.0306964665651,37.8963170573115,3.5));
#11100=CARTESIAN_POINT('Ctrl Pts',(-39.9120063334703,37.8011594340205,4.));
#11101=CARTESIAN_POINT('Ctrl Pts',(-39.9120063334703,37.8011594340205,3.5));
#11102=CARTESIAN_POINT('Ctrl Pts',(-39.8444754630327,37.6671228930354,4.));
#11103=CARTESIAN_POINT('Ctrl Pts',(-39.8444754630327,37.6671228930354,3.5));
#11104=CARTESIAN_POINT('',(-40.0306964665651,37.8963170573115,4.));
#11105=CARTESIAN_POINT('Ctrl Pts',(-40.0306964665651,37.8963170573115,4.));
#11106=CARTESIAN_POINT('Ctrl Pts',(-39.9120063334703,37.8011594340205,4.));
#11107=CARTESIAN_POINT('Ctrl Pts',(-39.8444754630327,37.6671228930354,4.));
#11108=CARTESIAN_POINT('',(-40.0306964665651,37.8963170573115,3.5));
#11109=CARTESIAN_POINT('',(-40.0306964665651,37.8963170573115,4.));
#11110=CARTESIAN_POINT('Ctrl Pts',(-40.0306964665651,37.8963170573115,3.5));
#11111=CARTESIAN_POINT('Ctrl Pts',(-39.9120063334703,37.8011594340205,3.5));
#11112=CARTESIAN_POINT('Ctrl Pts',(-39.8444754630327,37.6671228930354,3.5));
#11113=CARTESIAN_POINT('Ctrl Pts',(-40.4461122304201,38.1572304293513,4.));
#11114=CARTESIAN_POINT('Ctrl Pts',(-40.4461122304201,38.1572304293513,3.5));
#11115=CARTESIAN_POINT('Ctrl Pts',(-40.1493865996599,37.9914746806026,4.));
#11116=CARTESIAN_POINT('Ctrl Pts',(-40.1493865996599,37.9914746806026,3.5));
#11117=CARTESIAN_POINT('Ctrl Pts',(-40.0306964665651,37.8963170573115,4.));
#11118=CARTESIAN_POINT('Ctrl Pts',(-40.0306964665651,37.8963170573115,3.5));
#11119=CARTESIAN_POINT('',(-40.4461122304201,38.1572304293513,4.));
#11120=CARTESIAN_POINT('Ctrl Pts',(-40.4461122304201,38.1572304293513,4.));
#11121=CARTESIAN_POINT('Ctrl Pts',(-40.1493865996599,37.9914746806026,4.));
#11122=CARTESIAN_POINT('Ctrl Pts',(-40.0306964665651,37.8963170573115,4.));
#11123=CARTESIAN_POINT('',(-40.4461122304201,38.1572304293513,3.5));
#11124=CARTESIAN_POINT('',(-40.4461122304201,38.1572304293513,4.));
#11125=CARTESIAN_POINT('Ctrl Pts',(-40.4461122304201,38.1572304293513,3.5));
#11126=CARTESIAN_POINT('Ctrl Pts',(-40.1493865996599,37.9914746806026,3.5));
#11127=CARTESIAN_POINT('Ctrl Pts',(-40.0306964665651,37.8963170573115,3.5));
#11128=CARTESIAN_POINT('Origin',(-42.8321970254183,39.4996605440974,4.));
#11129=CARTESIAN_POINT('',(-42.8321970254183,39.4996605440974,4.));
#11130=CARTESIAN_POINT('',(-40.9016262567992,38.4135062113279,4.));
#11131=CARTESIAN_POINT('',(-42.8321970254183,39.4996605440974,3.5));
#11132=CARTESIAN_POINT('',(-42.8321970254183,39.4996605440974,4.));
#11133=CARTESIAN_POINT('',(-42.8321970254183,39.4996605440974,3.5));
#11134=CARTESIAN_POINT('Origin',(-42.8321970254183,38.8775573298335,4.));
#11135=CARTESIAN_POINT('',(-42.8321970254183,38.8775573298335,4.));
#11136=CARTESIAN_POINT('',(-42.8321970254183,33.1887790001929,4.));
#11137=CARTESIAN_POINT('',(-42.8321970254183,38.8775573298335,3.5));
#11138=CARTESIAN_POINT('',(-42.8321970254183,38.8775573298335,4.));
#11139=CARTESIAN_POINT('',(-42.8321970254183,38.8775573298335,3.5));
#11140=CARTESIAN_POINT('Origin',(-41.8683499842882,38.3577762171626,4.));
#11141=CARTESIAN_POINT('',(-41.8683499842882,38.3577762171626,4.));
#11142=CARTESIAN_POINT('',(-40.6196462537049,37.6843782745618,4.));
#11143=CARTESIAN_POINT('',(-41.8683499842882,38.3577762171626,3.5));
#11144=CARTESIAN_POINT('',(-41.8683499842882,38.3577762171626,4.));
#11145=CARTESIAN_POINT('',(-41.8683499842882,38.3577762171626,3.5));
#11146=CARTESIAN_POINT('Ctrl Pts',(-41.1643934994936,38.0426345393062,4.));
#11147=CARTESIAN_POINT('Ctrl Pts',(-41.1643934994936,38.0426345393062,3.5));
#11148=CARTESIAN_POINT('Ctrl Pts',(-41.4979542046785,38.1572304293513,4.));
#11149=CARTESIAN_POINT('Ctrl Pts',(-41.4979542046785,38.1572304293513,3.5));
#11150=CARTESIAN_POINT('Ctrl Pts',(-41.8683499842882,38.3577762171626,4.));
#11151=CARTESIAN_POINT('Ctrl Pts',(-41.8683499842882,38.3577762171626,3.5));
#11152=CARTESIAN_POINT('',(-41.1643934994936,38.0426345393062,4.));
#11153=CARTESIAN_POINT('Ctrl Pts',(-41.1643934994936,38.0426345393062,4.));
#11154=CARTESIAN_POINT('Ctrl Pts',(-41.4979542046785,38.1572304293513,4.));
#11155=CARTESIAN_POINT('Ctrl Pts',(-41.8683499842882,38.3577762171626,4.));
#11156=CARTESIAN_POINT('',(-41.1643934994936,38.0426345393062,3.5));
#11157=CARTESIAN_POINT('',(-41.1643934994936,38.0426345393062,4.));
#11158=CARTESIAN_POINT('Ctrl Pts',(-41.1643934994936,38.0426345393062,3.5));
#11159=CARTESIAN_POINT('Ctrl Pts',(-41.4979542046785,38.1572304293513,3.5));
#11160=CARTESIAN_POINT('Ctrl Pts',(-41.8683499842882,38.3577762171626,3.5));
#11161=CARTESIAN_POINT('Ctrl Pts',(-41.7496598511934,37.9812417551875,4.));
#11162=CARTESIAN_POINT('Ctrl Pts',(-41.7496598511934,37.9812417551875,3.5));
#11163=CARTESIAN_POINT('Ctrl Pts',(-41.3321972638369,38.0364952608943,4.));
#11164=CARTESIAN_POINT('Ctrl Pts',(-41.3321972638369,38.0364952608943,3.5));
#11165=CARTESIAN_POINT('Ctrl Pts',(-41.1643934994936,38.0426345393062,4.));
#11166=CARTESIAN_POINT('Ctrl Pts',(-41.1643934994936,38.0426345393062,3.5));
#11167=CARTESIAN_POINT('',(-41.7496598511934,37.9812417551875,4.));
#11168=CARTESIAN_POINT('Ctrl Pts',(-41.7496598511934,37.9812417551875,4.));
#11169=CARTESIAN_POINT('Ctrl Pts',(-41.3321972638369,38.0364952608943,4.));
#11170=CARTESIAN_POINT('Ctrl Pts',(-41.1643934994936,38.0426345393062,4.));
#11171=CARTESIAN_POINT('',(-41.7496598511934,37.9812417551875,3.5));
#11172=CARTESIAN_POINT('',(-41.7496598511934,37.9812417551875,4.));
#11173=CARTESIAN_POINT('Ctrl Pts',(-41.7496598511934,37.9812417551875,3.5));
#11174=CARTESIAN_POINT('Ctrl Pts',(-41.3321972638369,38.0364952608943,3.5));
#11175=CARTESIAN_POINT('Ctrl Pts',(-41.1643934994936,38.0426345393062,3.5));
#11176=CARTESIAN_POINT('Origin',(-42.8321970254183,37.8339014574885,4.));
#11177=CARTESIAN_POINT('',(-42.8321970254183,37.8339014574885,4.));
#11178=CARTESIAN_POINT('',(-44.3413963213982,37.6284896907139,4.));
#11179=CARTESIAN_POINT('',(-42.8321970254183,37.8339014574885,3.5));
#11180=CARTESIAN_POINT('',(-42.8321970254183,37.8339014574885,4.));
#11181=CARTESIAN_POINT('',(-42.8321970254183,37.8339014574885,3.5));
#11182=CARTESIAN_POINT('Origin',(-42.8321970254183,37.2486362978816,4.));
#11183=CARTESIAN_POINT('',(-42.8321970254183,37.2486362978816,4.));
#11184=CARTESIAN_POINT('',(-42.8321970254183,32.3743184842169,4.));
#11185=CARTESIAN_POINT('',(-42.8321970254183,37.2486362978816,3.5));
#11186=CARTESIAN_POINT('',(-42.8321970254183,37.2486362978816,4.));
#11187=CARTESIAN_POINT('',(-42.8321970254183,37.2486362978816,3.5));
#11188=CARTESIAN_POINT('Origin',(-42.821796190741,37.2504481142991,4.));
#11189=CARTESIAN_POINT('',(-42.821796190741,37.2504481142991,4.));
#11190=CARTESIAN_POINT('',(-44.4604332327882,36.9649989568837,4.));
#11191=CARTESIAN_POINT('',(-42.821796190741,37.2504481142991,3.5));
#11192=CARTESIAN_POINT('',(-42.821796190741,37.2504481142991,4.));
#11193=CARTESIAN_POINT('',(-40.6589365750551,37.6272163912654,3.5));
#11194=CARTESIAN_POINT('Ctrl Pts',(-42.819919064641,37.2547755762935,4.));
#11195=CARTESIAN_POINT('Ctrl Pts',(-42.819919064641,37.2547755762935,3.5));
#11196=CARTESIAN_POINT('Ctrl Pts',(-42.820864675377,37.2526097988842,4.));
#11197=CARTESIAN_POINT('Ctrl Pts',(-42.820864675377,37.2526097988842,3.5));
#11198=CARTESIAN_POINT('Ctrl Pts',(-42.821796190741,37.2504481142991,4.));
#11199=CARTESIAN_POINT('Ctrl Pts',(-42.821796190741,37.2504481142991,3.5));
#11200=CARTESIAN_POINT('Ctrl Pts',(-42.819919064641,37.2547755762935,4.));
#11201=CARTESIAN_POINT('Ctrl Pts',(-42.820864675377,37.2526097988842,4.));
#11202=CARTESIAN_POINT('Ctrl Pts',(-42.821796190741,37.2504481142991,4.));
#11203=CARTESIAN_POINT('Ctrl Pts',(-42.819919064641,37.2547755762935,3.5));
#11204=CARTESIAN_POINT('Ctrl Pts',(-42.820864675377,37.2526097988842,3.5));
#11205=CARTESIAN_POINT('Ctrl Pts',(-42.821796190741,37.2504481142991,3.5));
#11206=CARTESIAN_POINT('',(-42.821796190741,37.2504481142991,4.));
#11207=CARTESIAN_POINT('Origin',(-41.3045711070299,38.2124839350581,3.5));
#11208=CARTESIAN_POINT('Ctrl Pts',(-42.8833568841219,36.9826064631343,4.));
#11209=CARTESIAN_POINT('Ctrl Pts',(-42.8833568841219,36.9826064631343,3.5));
#11210=CARTESIAN_POINT('Ctrl Pts',(-42.8833568841219,37.1075897063006,4.));
#11211=CARTESIAN_POINT('Ctrl Pts',(-42.8833568841219,37.1075897063006,3.5));
#11212=CARTESIAN_POINT('Ctrl Pts',(-42.821796190741,37.2504481142991,4.));
#11213=CARTESIAN_POINT('Ctrl Pts',(-42.821796190741,37.2504481142991,3.5));
#11214=CARTESIAN_POINT('',(-42.8833568841219,36.9826064631343,4.));
#11215=CARTESIAN_POINT('Ctrl Pts',(-42.8833568841219,36.9826064631343,4.));
#11216=CARTESIAN_POINT('Ctrl Pts',(-42.8833568841219,37.1075897063006,4.));
#11217=CARTESIAN_POINT('Ctrl Pts',(-42.821796190741,37.2504481142991,4.));
#11218=CARTESIAN_POINT('',(-42.8833568841219,36.9826064631343,3.5));
#11219=CARTESIAN_POINT('',(-42.8833568841219,36.9826064631343,4.));
#11220=CARTESIAN_POINT('Ctrl Pts',(-42.8833568841219,36.9826064631343,3.5));
#11221=CARTESIAN_POINT('Ctrl Pts',(-42.8833568841219,37.1075897063006,3.5));
#11222=CARTESIAN_POINT('Ctrl Pts',(-42.821796190741,37.2504481142991,3.5));
#11223=CARTESIAN_POINT('Ctrl Pts',(-42.4106419831514,36.3175306841731,4.));
#11224=CARTESIAN_POINT('Ctrl Pts',(-42.4106419831514,36.3175306841731,3.5));
#11225=CARTESIAN_POINT('Ctrl Pts',(-42.8833568841219,36.6244898363948,4.));
#11226=CARTESIAN_POINT('Ctrl Pts',(-42.8833568841219,36.6244898363948,3.5));
#11227=CARTESIAN_POINT('Ctrl Pts',(-42.8833568841219,36.9826064631343,4.));
#11228=CARTESIAN_POINT('Ctrl Pts',(-42.8833568841219,36.9826064631343,3.5));
#11229=CARTESIAN_POINT('',(-42.4106419831514,36.3175306841731,4.));
#11230=CARTESIAN_POINT('Ctrl Pts',(-42.4106419831514,36.3175306841731,4.));
#11231=CARTESIAN_POINT('Ctrl Pts',(-42.8833568841219,36.6244898363948,4.));
#11232=CARTESIAN_POINT('Ctrl Pts',(-42.8833568841219,36.9826064631343,4.));
#11233=CARTESIAN_POINT('',(-42.4106419831514,36.3175306841731,3.5));
#11234=CARTESIAN_POINT('',(-42.4106419831514,36.3175306841731,4.));
#11235=CARTESIAN_POINT('Ctrl Pts',(-42.4106419831514,36.3175306841731,3.5));
#11236=CARTESIAN_POINT('Ctrl Pts',(-42.8833568841219,36.6244898363948,3.5));
#11237=CARTESIAN_POINT('Ctrl Pts',(-42.8833568841219,36.9826064631343,3.5));
#11238=CARTESIAN_POINT('Origin',(-42.8321970254183,36.4055262133479,4.));
#11239=CARTESIAN_POINT('',(-42.8321970254183,36.4055262133479,4.));
#11240=CARTESIAN_POINT('',(-42.7406181374225,36.386410008102,4.));
#11241=CARTESIAN_POINT('',(-42.8321970254183,36.4055262133479,3.5));
#11242=CARTESIAN_POINT('',(-42.8321970254183,36.4055262133479,4.));
#11243=CARTESIAN_POINT('',(-42.8321970254183,36.4055262133479,3.5));
#11244=CARTESIAN_POINT('Origin',(-42.8321970254183,35.8570943400264,4.));
#11245=CARTESIAN_POINT('',(-42.8321970254183,35.8570943400264,4.));
#11246=CARTESIAN_POINT('',(-42.8321970254183,31.6785475052893,4.));
#11247=CARTESIAN_POINT('',(-42.8321970254183,35.8570943400264,3.5));
#11248=CARTESIAN_POINT('',(-42.8321970254183,35.8570943400264,4.));
#11249=CARTESIAN_POINT('',(-42.8321970254183,35.8570943400264,3.5));
#11250=CARTESIAN_POINT('Origin',(-40.6589365750551,35.4027972742915,4.));
#11251=CARTESIAN_POINT('',(-40.6589365750551,35.4027972742915,4.));
#11252=CARTESIAN_POINT('',(-41.7076448215469,35.622018619397,4.));
#11253=CARTESIAN_POINT('',(-40.6589365750551,35.4027972742915,3.5));
#11254=CARTESIAN_POINT('',(-40.6589365750551,35.4027972742915,4.));
#11255=CARTESIAN_POINT('',(-40.6589365750551,35.4027972742915,3.5));
#11256=CARTESIAN_POINT('Origin',(-40.6589365750551,35.9901104494929,4.));
#11257=CARTESIAN_POINT('',(-40.6589365750551,35.9901104494929,4.));
#11258=CARTESIAN_POINT('',(-40.6589365750551,31.7450555600226,4.));
#11259=CARTESIAN_POINT('',(-40.6589365750551,35.9901104494929,3.5));
#11260=CARTESIAN_POINT('',(-40.6589365750551,35.9901104494929,4.));
#11261=CARTESIAN_POINT('',(-40.6589365750551,35.9901104494929,3.5));
#11262=CARTESIAN_POINT('Origin',(-41.3403827697039,36.1333571001887,4.));
#11263=CARTESIAN_POINT('',(-41.3403827697039,36.1333571001887,4.));
#11264=CARTESIAN_POINT('',(-41.9843290120104,36.2687208943708,4.));
#11265=CARTESIAN_POINT('',(-41.3403827697039,36.1333571001887,3.5));
#11266=CARTESIAN_POINT('',(-41.3403827697039,36.1333571001887,4.));
#11267=CARTESIAN_POINT('',(-41.3403827697039,36.1333571001887,3.5));
#11268=CARTESIAN_POINT('Ctrl Pts',(-41.9471359997988,36.3072977587581,4.));
#11269=CARTESIAN_POINT('Ctrl Pts',(-41.9471359997988,36.3072977587581,3.5));
#11270=CARTESIAN_POINT('Ctrl Pts',(-41.7557991296053,36.2193046137691,4.));
#11271=CARTESIAN_POINT('Ctrl Pts',(-41.7557991296053,36.2193046137691,3.5));
#11272=CARTESIAN_POINT('Ctrl Pts',(-41.3403827697039,36.1333571001887,4.));
#11273=CARTESIAN_POINT('Ctrl Pts',(-41.3403827697039,36.1333571001887,3.5));
#11274=CARTESIAN_POINT('',(-41.9471359997988,36.3072977587581,4.));
#11275=CARTESIAN_POINT('Ctrl Pts',(-41.9471359997988,36.3072977587581,4.));
#11276=CARTESIAN_POINT('Ctrl Pts',(-41.7557991296053,36.2193046137691,4.));
#11277=CARTESIAN_POINT('Ctrl Pts',(-41.3403827697039,36.1333571001887,4.));
#11278=CARTESIAN_POINT('',(-41.9471359997988,36.3072977587581,3.5));
#11279=CARTESIAN_POINT('',(-41.9471359997988,36.3072977587581,4.));
#11280=CARTESIAN_POINT('Ctrl Pts',(-41.9471359997988,36.3072977587581,3.5));
#11281=CARTESIAN_POINT('Ctrl Pts',(-41.7557991296053,36.2193046137691,3.5));
#11282=CARTESIAN_POINT('Ctrl Pts',(-41.3403827697039,36.1333571001887,3.5));
#11283=CARTESIAN_POINT('Ctrl Pts',(-42.2530699521303,36.5518436953425,4.));
#11284=CARTESIAN_POINT('Ctrl Pts',(-42.2530699521303,36.5518436953425,3.5));
#11285=CARTESIAN_POINT('Ctrl Pts',(-42.1384728699923,36.3952932879329,4.));
#11286=CARTESIAN_POINT('Ctrl Pts',(-42.1384728699923,36.3952932879329,3.5));
#11287=CARTESIAN_POINT('Ctrl Pts',(-41.9471359997988,36.3072977587581,4.));
#11288=CARTESIAN_POINT('Ctrl Pts',(-41.9471359997988,36.3072977587581,3.5));
#11289=CARTESIAN_POINT('',(-42.2530699521303,36.5518436953425,4.));
#11290=CARTESIAN_POINT('Ctrl Pts',(-42.2530699521303,36.5518436953425,4.));
#11291=CARTESIAN_POINT('Ctrl Pts',(-42.1384728699923,36.3952932879329,4.));
#11292=CARTESIAN_POINT('Ctrl Pts',(-41.9471359997988,36.3072977587581,4.));
#11293=CARTESIAN_POINT('',(-42.2530699521303,36.5518436953425,3.5));
#11294=CARTESIAN_POINT('',(-42.2530699521303,36.5518436953425,4.));
#11295=CARTESIAN_POINT('Ctrl Pts',(-42.2530699521303,36.5518436953425,3.5));
#11296=CARTESIAN_POINT('Ctrl Pts',(-42.1384728699923,36.3952932879329,3.5));
#11297=CARTESIAN_POINT('Ctrl Pts',(-41.9471359997988,36.3072977587581,3.5));
#11298=CARTESIAN_POINT('Ctrl Pts',(-42.3676676303148,36.8598232790828,4.));
#11299=CARTESIAN_POINT('Ctrl Pts',(-42.3676676303148,36.8598232790828,3.5));
#11300=CARTESIAN_POINT('Ctrl Pts',(-42.3676676303148,36.7083917185664,4.));
#11301=CARTESIAN_POINT('Ctrl Pts',(-42.3676676303148,36.7083917185664,3.5));
#11302=CARTESIAN_POINT('Ctrl Pts',(-42.2530699521303,36.5518436953425,4.));
#11303=CARTESIAN_POINT('Ctrl Pts',(-42.2530699521303,36.5518436953425,3.5));
#11304=CARTESIAN_POINT('',(-42.3676676303148,36.8598232790828,4.));
#11305=CARTESIAN_POINT('Ctrl Pts',(-42.3676676303148,36.8598232790828,4.));
#11306=CARTESIAN_POINT('Ctrl Pts',(-42.3676676303148,36.7083917185664,4.));
#11307=CARTESIAN_POINT('Ctrl Pts',(-42.2530699521303,36.5518436953425,4.));
#11308=CARTESIAN_POINT('',(-42.3676676303148,36.8598232790828,3.5));
#11309=CARTESIAN_POINT('',(-42.3676676303148,36.8598232790828,4.));
#11310=CARTESIAN_POINT('Ctrl Pts',(-42.3676676303148,36.8598232790828,3.5));
#11311=CARTESIAN_POINT('Ctrl Pts',(-42.3676676303148,36.7083917185664,3.5));
#11312=CARTESIAN_POINT('Ctrl Pts',(-42.2530699521303,36.5518436953425,3.5));
#11313=CARTESIAN_POINT('Ctrl Pts',(-42.3390186578035,37.0296726748347,4.));
#11314=CARTESIAN_POINT('Ctrl Pts',(-42.3390186578035,37.0296726748347,3.5));
#11315=CARTESIAN_POINT('Ctrl Pts',(-42.3676676303148,36.9498644396663,4.));
#11316=CARTESIAN_POINT('Ctrl Pts',(-42.3676676303148,36.9498644396663,3.5));
#11317=CARTESIAN_POINT('Ctrl Pts',(-42.3676676303148,36.8598232790828,4.));
#11318=CARTESIAN_POINT('Ctrl Pts',(-42.3676676303148,36.8598232790828,3.5));
#11319=CARTESIAN_POINT('',(-42.3390186578035,37.0296726748347,4.));
#11320=CARTESIAN_POINT('Ctrl Pts',(-42.3390186578035,37.0296726748347,4.));
#11321=CARTESIAN_POINT('Ctrl Pts',(-42.3676676303148,36.9498644396663,4.));
#11322=CARTESIAN_POINT('Ctrl Pts',(-42.3676676303148,36.8598232790828,4.));
#11323=CARTESIAN_POINT('',(-42.3390186578035,37.0296726748347,3.5));
#11324=CARTESIAN_POINT('',(-42.3390186578035,37.0296726748347,4.));
#11325=CARTESIAN_POINT('Ctrl Pts',(-42.3390186578035,37.0296726748347,3.5));
#11326=CARTESIAN_POINT('Ctrl Pts',(-42.3676676303148,36.9498644396663,3.5));
#11327=CARTESIAN_POINT('Ctrl Pts',(-42.3676676303148,36.8598232790828,3.5));
#11328=CARTESIAN_POINT('Origin',(-42.8136905750912,37.2518601055444,4.));
#11329=CARTESIAN_POINT('',(-41.6331514553388,36.6992658940123,4.));
#11330=CARTESIAN_POINT('',(-42.819919064641,37.2547755762935,3.5));
#11331=CARTESIAN_POINT('Origin',(-42.821796190741,37.2504481142991,4.));
#11332=CARTESIAN_POINT('',(-44.4604332327882,36.9649989568837,4.));
#11333=CARTESIAN_POINT('',(-40.6589365750551,37.6272163912654,3.5));
#11334=CARTESIAN_POINT('Origin',(-41.7711467295885,36.3273286899179,3.5));
#11335=CARTESIAN_POINT('Ctrl Pts',(-41.0600281506777,30.4873798415065,4.));
#11336=CARTESIAN_POINT('Ctrl Pts',(-41.0600281506777,30.4873798415065,3.5));
#11337=CARTESIAN_POINT('Ctrl Pts',(-41.1603010445833,30.4873798415065,4.));
#11338=CARTESIAN_POINT('Ctrl Pts',(-41.1603010445833,30.4873798415065,3.5));
#11339=CARTESIAN_POINT('Ctrl Pts',(-41.5225107222795,30.5630968138576,4.));
#11340=CARTESIAN_POINT('Ctrl Pts',(-41.5225107222795,30.5630968138576,3.5));
#11341=CARTESIAN_POINT('',(-41.0600281506777,30.4873798415065,4.));
#11342=CARTESIAN_POINT('',(-41.5225107222796,30.5630968138576,4.));
#11343=CARTESIAN_POINT('Ctrl Pts',(-41.0600281506777,30.4873798415065,4.));
#11344=CARTESIAN_POINT('Ctrl Pts',(-41.1603010445833,30.4873798415065,4.));
#11345=CARTESIAN_POINT('Ctrl Pts',(-41.5225107222795,30.5630968138576,4.));
#11346=CARTESIAN_POINT('',(-41.0600281506777,30.4873798415065,3.5));
#11347=CARTESIAN_POINT('',(-41.0600281506777,30.4873798415065,4.));
#11348=CARTESIAN_POINT('',(-41.5225107222796,30.5630968138576,3.5));
#11349=CARTESIAN_POINT('Ctrl Pts',(-41.0600281506777,30.4873798415065,3.5));
#11350=CARTESIAN_POINT('Ctrl Pts',(-41.1603010445833,30.4873798415065,3.5));
#11351=CARTESIAN_POINT('Ctrl Pts',(-41.5225107222795,30.5630968138576,3.5));
#11352=CARTESIAN_POINT('',(-41.5225107222796,30.5630968138576,4.));
#11353=CARTESIAN_POINT('Ctrl Pts',(-40.7274902611971,30.6285808607936,4.));
#11354=CARTESIAN_POINT('Ctrl Pts',(-40.7274902611971,30.6285808607936,3.5));
#11355=CARTESIAN_POINT('Ctrl Pts',(-40.8472038060427,30.4873798415065,4.));
#11356=CARTESIAN_POINT('Ctrl Pts',(-40.8472038060427,30.4873798415065,3.5));
#11357=CARTESIAN_POINT('Ctrl Pts',(-41.0600281506777,30.4873798415065,4.));
#11358=CARTESIAN_POINT('Ctrl Pts',(-41.0600281506777,30.4873798415065,3.5));
#11359=CARTESIAN_POINT('',(-40.7274902611971,30.6285808607936,4.));
#11360=CARTESIAN_POINT('Ctrl Pts',(-40.7274902611971,30.6285808607936,4.));
#11361=CARTESIAN_POINT('Ctrl Pts',(-40.8472038060427,30.4873798415065,4.));
#11362=CARTESIAN_POINT('Ctrl Pts',(-41.0600281506777,30.4873798415065,4.));
#11363=CARTESIAN_POINT('',(-40.7274902611971,30.6285808607936,3.5));
#11364=CARTESIAN_POINT('',(-40.7274902611971,30.6285808607936,4.));
#11365=CARTESIAN_POINT('Ctrl Pts',(-40.7274902611971,30.6285808607936,3.5));
#11366=CARTESIAN_POINT('Ctrl Pts',(-40.8472038060427,30.4873798415065,3.5));
#11367=CARTESIAN_POINT('Ctrl Pts',(-41.0600281506777,30.4873798415065,3.5));
#11368=CARTESIAN_POINT('Ctrl Pts',(-40.6077767163515,31.0808311030269,4.));
#11369=CARTESIAN_POINT('Ctrl Pts',(-40.6077767163515,31.0808311030269,3.5));
#11370=CARTESIAN_POINT('Ctrl Pts',(-40.6077767163515,30.7697806879878,4.));
#11371=CARTESIAN_POINT('Ctrl Pts',(-40.6077767163515,30.7697806879878,3.5));
#11372=CARTESIAN_POINT('Ctrl Pts',(-40.7274902611971,30.6285808607936,4.));
#11373=CARTESIAN_POINT('Ctrl Pts',(-40.7274902611971,30.6285808607936,3.5));
#11374=CARTESIAN_POINT('',(-40.6077767163515,31.0808311030269,4.));
#11375=CARTESIAN_POINT('Ctrl Pts',(-40.6077767163515,31.0808311030269,4.));
#11376=CARTESIAN_POINT('Ctrl Pts',(-40.6077767163515,30.7697806879878,4.));
#11377=CARTESIAN_POINT('Ctrl Pts',(-40.7274902611971,30.6285808607936,4.));
#11378=CARTESIAN_POINT('',(-40.6077767163515,31.0808311030269,3.5));
#11379=CARTESIAN_POINT('',(-40.6077767163515,31.0808311030269,4.));
#11380=CARTESIAN_POINT('Ctrl Pts',(-40.6077767163515,31.0808311030269,3.5));
#11381=CARTESIAN_POINT('Ctrl Pts',(-40.6077767163515,30.7697806879878,3.5));
#11382=CARTESIAN_POINT('Ctrl Pts',(-40.7274902611971,30.6285808607936,3.5));
#11383=CARTESIAN_POINT('Ctrl Pts',(-40.6384725123644,31.3918827101588,4.));
#11384=CARTESIAN_POINT('Ctrl Pts',(-40.6384725123644,31.3918827101588,3.5));
#11385=CARTESIAN_POINT('Ctrl Pts',(-40.6077767163515,31.2404499575496,4.));
#11386=CARTESIAN_POINT('Ctrl Pts',(-40.6077767163515,31.2404499575496,3.5));
#11387=CARTESIAN_POINT('Ctrl Pts',(-40.6077767163515,31.0808311030269,4.));
#11388=CARTESIAN_POINT('Ctrl Pts',(-40.6077767163515,31.0808311030269,3.5));
#11389=CARTESIAN_POINT('',(-40.6384725123644,31.3918827101588,4.));
#11390=CARTESIAN_POINT('Ctrl Pts',(-40.6384725123644,31.3918827101588,4.));
#11391=CARTESIAN_POINT('Ctrl Pts',(-40.6077767163515,31.2404499575496,4.));
#11392=CARTESIAN_POINT('Ctrl Pts',(-40.6077767163515,31.0808311030269,4.));
#11393=CARTESIAN_POINT('',(-40.6384725123644,31.3918827101588,3.5));
#11394=CARTESIAN_POINT('',(-40.6384725123644,31.3918827101588,4.));
#11395=CARTESIAN_POINT('Ctrl Pts',(-40.6384725123644,31.3918827101588,3.5));
#11396=CARTESIAN_POINT('Ctrl Pts',(-40.6077767163515,31.2404499575496,3.5));
#11397=CARTESIAN_POINT('Ctrl Pts',(-40.6077767163515,31.0808311030269,3.5));
#11398=CARTESIAN_POINT('Origin',(-41.0743529349566,31.483969502151,4.));
#11399=CARTESIAN_POINT('',(-41.0743529349566,31.483969502151,4.));
#11400=CARTESIAN_POINT('',(-42.3111360661191,31.7452599502549,4.));
#11401=CARTESIAN_POINT('',(-41.0743529349566,31.483969502151,3.5));
#11402=CARTESIAN_POINT('',(-41.0743529349566,31.483969502151,4.));
#11403=CARTESIAN_POINT('',(-41.0743529349566,31.483969502151,3.5));
#11404=CARTESIAN_POINT('Ctrl Pts',(-41.0600281506777,31.2895629927516,4.));
#11405=CARTESIAN_POINT('Ctrl Pts',(-41.0600281506777,31.2895629927516,3.5));
#11406=CARTESIAN_POINT('Ctrl Pts',(-41.0600281506777,31.3284442946315,4.));
#11407=CARTESIAN_POINT('Ctrl Pts',(-41.0600281506777,31.3284442946315,3.5));
#11408=CARTESIAN_POINT('Ctrl Pts',(-41.0743529349566,31.483969502151,4.));
#11409=CARTESIAN_POINT('Ctrl Pts',(-41.0743529349566,31.483969502151,3.5));
#11410=CARTESIAN_POINT('',(-41.0600281506777,31.2895629927516,4.));
#11411=CARTESIAN_POINT('Ctrl Pts',(-41.0600281506777,31.2895629927516,4.));
#11412=CARTESIAN_POINT('Ctrl Pts',(-41.0600281506777,31.3284442946315,4.));
#11413=CARTESIAN_POINT('Ctrl Pts',(-41.0743529349566,31.483969502151,4.));
#11414=CARTESIAN_POINT('',(-41.0600281506777,31.2895629927516,3.5));
#11415=CARTESIAN_POINT('',(-41.0600281506777,31.2895629927516,4.));
#11416=CARTESIAN_POINT('Ctrl Pts',(-41.0600281506777,31.2895629927516,3.5));
#11417=CARTESIAN_POINT('Ctrl Pts',(-41.0600281506777,31.3284442946315,3.5));
#11418=CARTESIAN_POINT('Ctrl Pts',(-41.0743529349566,31.483969502151,3.5));
#11419=CARTESIAN_POINT('Ctrl Pts',(-41.0978860408068,31.1340377852321,4.));
#11420=CARTESIAN_POINT('Ctrl Pts',(-41.0978860408068,31.1340377852321,3.5));
#11421=CARTESIAN_POINT('Ctrl Pts',(-41.0600281506777,31.1770115420222,4.));
#11422=CARTESIAN_POINT('Ctrl Pts',(-41.0600281506777,31.1770115420222,3.5));
#11423=CARTESIAN_POINT('Ctrl Pts',(-41.0600281506777,31.2895629927516,4.));
#11424=CARTESIAN_POINT('Ctrl Pts',(-41.0600281506777,31.2895629927516,3.5));
#11425=CARTESIAN_POINT('',(-41.0978860408068,31.1340377852321,4.));
#11426=CARTESIAN_POINT('Ctrl Pts',(-41.0978860408068,31.1340377852321,4.));
#11427=CARTESIAN_POINT('Ctrl Pts',(-41.0600281506777,31.1770115420222,4.));
#11428=CARTESIAN_POINT('Ctrl Pts',(-41.0600281506777,31.2895629927516,4.));
#11429=CARTESIAN_POINT('',(-41.0978860408068,31.1340377852321,3.5));
#11430=CARTESIAN_POINT('',(-41.0978860408068,31.1340377852321,4.));
#11431=CARTESIAN_POINT('Ctrl Pts',(-41.0978860408068,31.1340377852321,3.5));
#11432=CARTESIAN_POINT('Ctrl Pts',(-41.0600281506777,31.1770115420222,3.5));
#11433=CARTESIAN_POINT('Ctrl Pts',(-41.0600281506777,31.2895629927516,3.5));
#11434=CARTESIAN_POINT('Ctrl Pts',(-41.2032748013735,31.0910640284419,4.));
#11435=CARTESIAN_POINT('Ctrl Pts',(-41.2032748013735,31.0910640284419,3.5));
#11436=CARTESIAN_POINT('Ctrl Pts',(-41.1357439309359,31.0910640284419,4.));
#11437=CARTESIAN_POINT('Ctrl Pts',(-41.1357439309359,31.0910640284419,3.5));
#11438=CARTESIAN_POINT('Ctrl Pts',(-41.0978860408068,31.1340377852321,4.));
#11439=CARTESIAN_POINT('Ctrl Pts',(-41.0978860408068,31.1340377852321,3.5));
#11440=CARTESIAN_POINT('',(-41.2032748013735,31.0910640284419,4.));
#11441=CARTESIAN_POINT('Ctrl Pts',(-41.2032748013735,31.0910640284419,4.));
#11442=CARTESIAN_POINT('Ctrl Pts',(-41.1357439309359,31.0910640284419,4.));
#11443=CARTESIAN_POINT('Ctrl Pts',(-41.0978860408068,31.1340377852321,4.));
#11444=CARTESIAN_POINT('',(-41.2032748013735,31.0910640284419,3.5));
#11445=CARTESIAN_POINT('',(-41.2032748013735,31.0910640284419,4.));
#11446=CARTESIAN_POINT('Ctrl Pts',(-41.2032748013735,31.0910640284419,3.5));
#11447=CARTESIAN_POINT('Ctrl Pts',(-41.1357439309359,31.0910640284419,3.5));
#11448=CARTESIAN_POINT('Ctrl Pts',(-41.0978860408068,31.1340377852321,3.5));
#11449=CARTESIAN_POINT('Ctrl Pts',(-41.4856762439013,31.1422226950526,4.));
#11450=CARTESIAN_POINT('Ctrl Pts',(-41.4856762439013,31.1422226950526,3.5));
#11451=CARTESIAN_POINT('Ctrl Pts',(-41.2380636483431,31.0910640284419,4.));
#11452=CARTESIAN_POINT('Ctrl Pts',(-41.2380636483431,31.0910640284419,3.5));
#11453=CARTESIAN_POINT('Ctrl Pts',(-41.2032748013735,31.0910640284419,4.));
#11454=CARTESIAN_POINT('Ctrl Pts',(-41.2032748013735,31.0910640284419,3.5));
#11455=CARTESIAN_POINT('',(-41.4856762439013,31.1422226950526,4.));
#11456=CARTESIAN_POINT('Ctrl Pts',(-41.4856762439013,31.1422226950526,4.));
#11457=CARTESIAN_POINT('Ctrl Pts',(-41.2380636483431,31.0910640284419,4.));
#11458=CARTESIAN_POINT('Ctrl Pts',(-41.2032748013735,31.0910640284419,4.));
#11459=CARTESIAN_POINT('',(-41.4856762439013,31.1422226950526,3.5));
#11460=CARTESIAN_POINT('',(-41.4856762439013,31.1422226950526,4.));
#11461=CARTESIAN_POINT('Ctrl Pts',(-41.4856762439013,31.1422226950526,3.5));
#11462=CARTESIAN_POINT('Ctrl Pts',(-41.2380636483431,31.0910640284419,3.5));
#11463=CARTESIAN_POINT('Ctrl Pts',(-41.2032748013735,31.0910640284419,3.5));
#11464=CARTESIAN_POINT('Origin',(-42.3963171988726,31.3325367495418,4.));
#11465=CARTESIAN_POINT('',(-42.3963171988726,31.3325367495418,4.));
#11466=CARTESIAN_POINT('',(-43.0204211479656,31.4629676864837,4.));
#11467=CARTESIAN_POINT('',(-42.3963171988726,31.3325367495418,3.5));
#11468=CARTESIAN_POINT('',(-42.3963171988726,31.3325367495418,4.));
#11469=CARTESIAN_POINT('',(-42.3963171988726,31.3325367495418,3.5));
#11470=CARTESIAN_POINT('Origin',(-42.3963171988726,31.6927001997828,4.));
#11471=CARTESIAN_POINT('',(-42.3963171988726,31.6927001997828,4.));
#11472=CARTESIAN_POINT('',(-42.3963171988726,29.5963504351676,4.));
#11473=CARTESIAN_POINT('',(-42.3963171988726,31.6927001997828,3.5));
#11474=CARTESIAN_POINT('',(-42.3963171988726,31.6927001997828,4.));
#11475=CARTESIAN_POINT('',(-42.3963171988726,31.6927001997828,3.5));
#11476=CARTESIAN_POINT('Origin',(-42.8321970254183,31.7827413603663,4.));
#11477=CARTESIAN_POINT('',(-42.8321970254183,31.7827413603663,4.));
#11478=CARTESIAN_POINT('',(-43.2077241169874,31.8603152536648,4.));
#11479=CARTESIAN_POINT('',(-42.8321970254183,31.7827413603663,3.5));
#11480=CARTESIAN_POINT('',(-42.8321970254183,31.7827413603663,4.));
#11481=CARTESIAN_POINT('',(-42.8321970254183,31.7827413603663,3.5));
#11482=CARTESIAN_POINT('Origin',(-42.8321970254183,31.4246247336268,4.));
#11483=CARTESIAN_POINT('',(-42.8321970254183,31.4246247336268,4.));
#11484=CARTESIAN_POINT('',(-42.8321970254183,29.4623127020895,4.));
#11485=CARTESIAN_POINT('',(-42.8321970254183,31.4246247336268,3.5));
#11486=CARTESIAN_POINT('',(-42.8321970254183,31.4246247336268,4.));
#11487=CARTESIAN_POINT('',(-42.8321970254183,31.4246247336268,3.5));
#11488=CARTESIAN_POINT('Origin',(-43.5852671414614,31.5821955725551,4.));
#11489=CARTESIAN_POINT('',(-43.5852671414614,31.5821955725551,4.));
#11490=CARTESIAN_POINT('',(-43.6142883558055,31.5882679116288,4.));
#11491=CARTESIAN_POINT('',(-43.5852671414614,31.5821955725551,3.5));
#11492=CARTESIAN_POINT('',(-43.5852671414614,31.5821955725551,4.));
#11493=CARTESIAN_POINT('',(-43.5852671414614,31.5821955725551,3.5));
#11494=CARTESIAN_POINT('Origin',(-43.1800825148821,30.9089348837733,4.));
#11495=CARTESIAN_POINT('',(-43.1800825148821,30.9089348837733,4.));
#11496=CARTESIAN_POINT('',(-42.6025154741588,29.9492410599039,4.));
#11497=CARTESIAN_POINT('',(-43.1800825148821,30.9089348837733,3.5));
#11498=CARTESIAN_POINT('',(-43.1800825148821,30.9089348837733,4.));
#11499=CARTESIAN_POINT('',(-43.1800825148821,30.9089348837733,3.5));
#11500=CARTESIAN_POINT('Origin',(-42.8321970254183,30.8373115584254,4.));
#11501=CARTESIAN_POINT('',(-42.8321970254183,30.8373115584254,4.));
#11502=CARTESIAN_POINT('',(-43.3026132334641,30.934161740851,4.));
#11503=CARTESIAN_POINT('',(-42.8321970254183,30.8373115584254,3.5));
#11504=CARTESIAN_POINT('',(-42.8321970254183,30.8373115584254,4.));
#11505=CARTESIAN_POINT('',(-42.8321970254183,30.8373115584254,3.5));
#11506=CARTESIAN_POINT('Origin',(-42.8321970254183,30.5508182570338,4.));
#11507=CARTESIAN_POINT('',(-42.8321970254183,30.5508182570338,4.));
#11508=CARTESIAN_POINT('',(-42.8321970254183,29.025409463793,4.));
#11509=CARTESIAN_POINT('',(-42.8321970254183,30.5508182570338,3.5));
#11510=CARTESIAN_POINT('',(-42.8321970254183,30.5508182570338,4.));
#11511=CARTESIAN_POINT('',(-42.8321970254183,30.5508182570338,3.5));
#11512=CARTESIAN_POINT('Origin',(-42.3963171988726,30.4607770964503,4.));
#11513=CARTESIAN_POINT('',(-42.3963171988726,30.4607770964503,4.));
#11514=CARTESIAN_POINT('',(-43.1118179594888,30.6085804930765,4.));
#11515=CARTESIAN_POINT('',(-42.3963171988726,30.4607770964503,3.5));
#11516=CARTESIAN_POINT('',(-42.3963171988726,30.4607770964503,4.));
#11517=CARTESIAN_POINT('',(-42.3963171988726,30.4607770964503,3.5));
#11518=CARTESIAN_POINT('Origin',(-42.3963171988726,30.7452247664332,4.));
#11519=CARTESIAN_POINT('',(-42.3963171988726,30.7452247664332,4.));
#11520=CARTESIAN_POINT('',(-42.3963171988726,29.1226127184927,4.));
#11521=CARTESIAN_POINT('',(-42.3963171988726,30.7452247664332,3.5));
#11522=CARTESIAN_POINT('',(-42.3963171988726,30.7452247664332,4.));
#11523=CARTESIAN_POINT('',(-42.3963171988726,30.7452247664332,3.5));
#11524=CARTESIAN_POINT('Origin',(-41.5225107222796,30.5630968138576,4.));
#11525=CARTESIAN_POINT('',(-42.6433417614866,30.7967122285086,4.));
#11526=CARTESIAN_POINT('',(-41.5225107222796,30.5630968138576,3.5));
#11527=CARTESIAN_POINT('Origin',(-42.0965219289064,31.1217592284083,3.5));
#11528=CARTESIAN_POINT('Ctrl Pts',(-42.3441345244646,20.217598490417,4.));
#11529=CARTESIAN_POINT('Ctrl Pts',(-42.3441345244646,20.217598490417,3.5));
#11530=CARTESIAN_POINT('Ctrl Pts',(-42.224420979619,20.0794677063823,4.));
#11531=CARTESIAN_POINT('Ctrl Pts',(-42.224420979619,20.0794677063823,3.5));
#11532=CARTESIAN_POINT('Ctrl Pts',(-41.9921565800905,20.0037513300776,4.));
#11533=CARTESIAN_POINT('Ctrl Pts',(-41.9921565800905,20.0037513300776,3.5));
#11534=CARTESIAN_POINT('',(-42.3441345244646,20.217598490417,4.));
#11535=CARTESIAN_POINT('',(-41.9921565800905,20.0037513300776,4.));
#11536=CARTESIAN_POINT('Ctrl Pts',(-42.3441345244646,20.217598490417,4.));
#11537=CARTESIAN_POINT('Ctrl Pts',(-42.224420979619,20.0794677063823,4.));
#11538=CARTESIAN_POINT('Ctrl Pts',(-41.9921565800905,20.0037513300776,4.));
#11539=CARTESIAN_POINT('',(-42.3441345244646,20.217598490417,3.5));
#11540=CARTESIAN_POINT('',(-42.3441345244646,20.217598490417,4.));
#11541=CARTESIAN_POINT('',(-41.9921565800905,20.0037513300776,3.5));
#11542=CARTESIAN_POINT('Ctrl Pts',(-42.3441345244646,20.217598490417,3.5));
#11543=CARTESIAN_POINT('Ctrl Pts',(-42.224420979619,20.0794677063823,3.5));
#11544=CARTESIAN_POINT('Ctrl Pts',(-41.9921565800905,20.0037513300776,3.5));
#11545=CARTESIAN_POINT('',(-41.9921565800905,20.0037513300776,4.));
#11546=CARTESIAN_POINT('Ctrl Pts',(-42.4638480693102,20.523533038795,4.));
#11547=CARTESIAN_POINT('Ctrl Pts',(-42.4638480693102,20.523533038795,3.5));
#11548=CARTESIAN_POINT('Ctrl Pts',(-42.4638480693102,20.3557298704982,4.));
#11549=CARTESIAN_POINT('Ctrl Pts',(-42.4638480693102,20.3557298704982,3.5));
#11550=CARTESIAN_POINT('Ctrl Pts',(-42.3441345244646,20.217598490417,4.));
#11551=CARTESIAN_POINT('Ctrl Pts',(-42.3441345244646,20.217598490417,3.5));
#11552=CARTESIAN_POINT('',(-42.4638480693102,20.523533038795,4.));
#11553=CARTESIAN_POINT('Ctrl Pts',(-42.4638480693102,20.523533038795,4.));
#11554=CARTESIAN_POINT('Ctrl Pts',(-42.4638480693102,20.3557298704982,4.));
#11555=CARTESIAN_POINT('Ctrl Pts',(-42.3441345244646,20.217598490417,4.));
#11556=CARTESIAN_POINT('',(-42.4638480693102,20.523533038795,3.5));
#11557=CARTESIAN_POINT('',(-42.4638480693102,20.523533038795,4.));
#11558=CARTESIAN_POINT('Ctrl Pts',(-42.4638480693102,20.523533038795,3.5));
#11559=CARTESIAN_POINT('Ctrl Pts',(-42.4638480693102,20.3557298704982,3.5));
#11560=CARTESIAN_POINT('Ctrl Pts',(-42.3441345244646,20.217598490417,3.5));
#11561=CARTESIAN_POINT('Ctrl Pts',(-42.333902195096,20.8202586695552,4.));
#11562=CARTESIAN_POINT('Ctrl Pts',(-42.333902195096,20.8202586695552,3.5));
#11563=CARTESIAN_POINT('Ctrl Pts',(-42.4638480693102,20.7036147639155,4.));
#11564=CARTESIAN_POINT('Ctrl Pts',(-42.4638480693102,20.7036147639155,3.5));
#11565=CARTESIAN_POINT('Ctrl Pts',(-42.4638480693102,20.523533038795,4.));
#11566=CARTESIAN_POINT('Ctrl Pts',(-42.4638480693102,20.523533038795,3.5));
#11567=CARTESIAN_POINT('',(-42.333902195096,20.8202586695552,4.));
#11568=CARTESIAN_POINT('Ctrl Pts',(-42.333902195096,20.8202586695552,4.));
#11569=CARTESIAN_POINT('Ctrl Pts',(-42.4638480693102,20.7036147639155,4.));
#11570=CARTESIAN_POINT('Ctrl Pts',(-42.4638480693102,20.523533038795,4.));
#11571=CARTESIAN_POINT('',(-42.333902195096,20.8202586695552,3.5));
#11572=CARTESIAN_POINT('',(-42.333902195096,20.8202586695552,4.));
#11573=CARTESIAN_POINT('Ctrl Pts',(-42.333902195096,20.8202586695552,3.5));
#11574=CARTESIAN_POINT('Ctrl Pts',(-42.4638480693102,20.7036147639155,3.5));
#11575=CARTESIAN_POINT('Ctrl Pts',(-42.4638480693102,20.523533038795,3.5));
#11576=CARTESIAN_POINT('Ctrl Pts',(-41.9604373723269,20.9369025751948,4.));
#11577=CARTESIAN_POINT('Ctrl Pts',(-41.9604373723269,20.9369025751948,3.5));
#11578=CARTESIAN_POINT('Ctrl Pts',(-42.2039569169283,20.9369025751948,4.));
#11579=CARTESIAN_POINT('Ctrl Pts',(-42.2039569169283,20.9369025751948,3.5));
#11580=CARTESIAN_POINT('Ctrl Pts',(-42.333902195096,20.8202586695552,4.));
#11581=CARTESIAN_POINT('Ctrl Pts',(-42.333902195096,20.8202586695552,3.5));
#11582=CARTESIAN_POINT('',(-41.9604373723269,20.9369025751948,4.));
#11583=CARTESIAN_POINT('Ctrl Pts',(-41.9604373723269,20.9369025751948,4.));
#11584=CARTESIAN_POINT('Ctrl Pts',(-42.2039569169283,20.9369025751948,4.));
#11585=CARTESIAN_POINT('Ctrl Pts',(-42.333902195096,20.8202586695552,4.));
#11586=CARTESIAN_POINT('',(-41.9604373723269,20.9369025751948,3.5));
#11587=CARTESIAN_POINT('',(-41.9604373723269,20.9369025751948,4.));
#11588=CARTESIAN_POINT('Ctrl Pts',(-41.9604373723269,20.9369025751948,3.5));
#11589=CARTESIAN_POINT('Ctrl Pts',(-42.2039569169283,20.9369025751948,3.5));
#11590=CARTESIAN_POINT('Ctrl Pts',(-42.333902195096,20.8202586695552,3.5));
#11591=CARTESIAN_POINT('Ctrl Pts',(-41.5071631222963,20.8478854224086,4.));
#11592=CARTESIAN_POINT('Ctrl Pts',(-41.5071631222963,20.8478854224086,3.5));
#11593=CARTESIAN_POINT('Ctrl Pts',(-41.7517060786486,20.9369025751948,4.));
#11594=CARTESIAN_POINT('Ctrl Pts',(-41.7517060786486,20.9369025751948,3.5));
#11595=CARTESIAN_POINT('Ctrl Pts',(-41.9604373723269,20.9369025751948,4.));
#11596=CARTESIAN_POINT('Ctrl Pts',(-41.9604373723269,20.9369025751948,3.5));
#11597=CARTESIAN_POINT('',(-41.5071631222963,20.8478854224086,4.));
#11598=CARTESIAN_POINT('Ctrl Pts',(-41.5071631222963,20.8478854224086,4.));
#11599=CARTESIAN_POINT('Ctrl Pts',(-41.7517060786486,20.9369025751948,4.));
#11600=CARTESIAN_POINT('Ctrl Pts',(-41.9604373723269,20.9369025751948,4.));
#11601=CARTESIAN_POINT('',(-41.5071631222963,20.8478854224086,3.5));
#11602=CARTESIAN_POINT('',(-41.5071631222963,20.8478854224086,4.));
#11603=CARTESIAN_POINT('Ctrl Pts',(-41.5071631222963,20.8478854224086,3.5));
#11604=CARTESIAN_POINT('Ctrl Pts',(-41.7517060786486,20.9369025751948,3.5));
#11605=CARTESIAN_POINT('Ctrl Pts',(-41.9604373723269,20.9369025751948,3.5));
#11606=CARTESIAN_POINT('Ctrl Pts',(-41.1572314053774,20.6238059327006,4.));
#11607=CARTESIAN_POINT('Ctrl Pts',(-41.1572314053774,20.6238059327006,3.5));
#11608=CARTESIAN_POINT('Ctrl Pts',(-41.2626201659441,20.7588670775294,4.));
#11609=CARTESIAN_POINT('Ctrl Pts',(-41.2626201659441,20.7588670775294,3.5));
#11610=CARTESIAN_POINT('Ctrl Pts',(-41.5071631222963,20.8478854224086,4.));
#11611=CARTESIAN_POINT('Ctrl Pts',(-41.5071631222963,20.8478854224086,3.5));
#11612=CARTESIAN_POINT('',(-41.1572314053774,20.6238059327006,4.));
#11613=CARTESIAN_POINT('Ctrl Pts',(-41.1572314053774,20.6238059327006,4.));
#11614=CARTESIAN_POINT('Ctrl Pts',(-41.2626201659441,20.7588670775294,4.));
#11615=CARTESIAN_POINT('Ctrl Pts',(-41.5071631222963,20.8478854224086,4.));
#11616=CARTESIAN_POINT('',(-41.1572314053774,20.6238059327006,3.5));
#11617=CARTESIAN_POINT('',(-41.1572314053774,20.6238059327006,4.));
#11618=CARTESIAN_POINT('Ctrl Pts',(-41.1572314053774,20.6238059327006,3.5));
#11619=CARTESIAN_POINT('Ctrl Pts',(-41.2626201659441,20.7588670775294,3.5));
#11620=CARTESIAN_POINT('Ctrl Pts',(-41.5071631222963,20.8478854224086,3.5));
#11621=CARTESIAN_POINT('Ctrl Pts',(-41.0518426448107,20.3434513136744,4.));
#11622=CARTESIAN_POINT('Ctrl Pts',(-41.0518426448107,20.3434513136744,3.5));
#11623=CARTESIAN_POINT('Ctrl Pts',(-41.0518426448107,20.4887447878718,4.));
#11624=CARTESIAN_POINT('Ctrl Pts',(-41.0518426448107,20.4887447878718,3.5));
#11625=CARTESIAN_POINT('Ctrl Pts',(-41.1572314053774,20.6238059327006,4.));
#11626=CARTESIAN_POINT('Ctrl Pts',(-41.1572314053774,20.6238059327006,3.5));
#11627=CARTESIAN_POINT('',(-41.0518426448107,20.3434513136744,4.));
#11628=CARTESIAN_POINT('Ctrl Pts',(-41.0518426448107,20.3434513136744,4.));
#11629=CARTESIAN_POINT('Ctrl Pts',(-41.0518426448107,20.4887447878718,4.));
#11630=CARTESIAN_POINT('Ctrl Pts',(-41.1572314053774,20.6238059327006,4.));
#11631=CARTESIAN_POINT('',(-41.0518426448107,20.3434513136744,3.5));
#11632=CARTESIAN_POINT('',(-41.0518426448107,20.3434513136744,4.));
#11633=CARTESIAN_POINT('Ctrl Pts',(-41.0518426448107,20.3434513136744,3.5));
#11634=CARTESIAN_POINT('Ctrl Pts',(-41.0518426448107,20.4887447878718,3.5));
#11635=CARTESIAN_POINT('Ctrl Pts',(-41.1572314053774,20.6238059327006,3.5));
#11636=CARTESIAN_POINT('Ctrl Pts',(-41.1920196563005,20.0518415495753,4.));
#11637=CARTESIAN_POINT('Ctrl Pts',(-41.1920196563005,20.0518415495753,3.5));
#11638=CARTESIAN_POINT('Ctrl Pts',(-41.0518426448107,20.1756475493312,4.));
#11639=CARTESIAN_POINT('Ctrl Pts',(-41.0518426448107,20.1756475493312,3.5));
#11640=CARTESIAN_POINT('Ctrl Pts',(-41.0518426448107,20.3434513136744,4.));
#11641=CARTESIAN_POINT('Ctrl Pts',(-41.0518426448107,20.3434513136744,3.5));
#11642=CARTESIAN_POINT('',(-41.1920196563005,20.0518415495753,4.));
#11643=CARTESIAN_POINT('Ctrl Pts',(-41.1920196563005,20.0518415495753,4.));
#11644=CARTESIAN_POINT('Ctrl Pts',(-41.0518426448107,20.1756475493312,4.));
#11645=CARTESIAN_POINT('Ctrl Pts',(-41.0518426448107,20.3434513136744,4.));
#11646=CARTESIAN_POINT('',(-41.1920196563005,20.0518415495753,3.5));
#11647=CARTESIAN_POINT('',(-41.1920196563005,20.0518415495753,4.));
#11648=CARTESIAN_POINT('Ctrl Pts',(-41.1920196563005,20.0518415495753,3.5));
#11649=CARTESIAN_POINT('Ctrl Pts',(-41.0518426448107,20.1756475493312,3.5));
#11650=CARTESIAN_POINT('Ctrl Pts',(-41.0518426448107,20.3434513136744,3.5));
#11651=CARTESIAN_POINT('Ctrl Pts',(-41.5859491378069,19.9280355498195,4.));
#11652=CARTESIAN_POINT('Ctrl Pts',(-41.5859491378069,19.9280355498195,3.5));
#11653=CARTESIAN_POINT('Ctrl Pts',(-41.3321972638369,19.9280355498195,4.));
#11654=CARTESIAN_POINT('Ctrl Pts',(-41.3321972638369,19.9280355498195,3.5));
#11655=CARTESIAN_POINT('Ctrl Pts',(-41.1920196563005,20.0518415495753,4.));
#11656=CARTESIAN_POINT('Ctrl Pts',(-41.1920196563005,20.0518415495753,3.5));
#11657=CARTESIAN_POINT('',(-41.5859491378069,19.9280355498195,4.));
#11658=CARTESIAN_POINT('Ctrl Pts',(-41.5859491378069,19.9280355498195,4.));
#11659=CARTESIAN_POINT('Ctrl Pts',(-41.3321972638369,19.9280355498195,4.));
#11660=CARTESIAN_POINT('Ctrl Pts',(-41.1920196563005,20.0518415495753,4.));
#11661=CARTESIAN_POINT('',(-41.5859491378069,19.9280355498195,3.5));
#11662=CARTESIAN_POINT('',(-41.5859491378069,19.9280355498195,4.));
#11663=CARTESIAN_POINT('Ctrl Pts',(-41.5859491378069,19.9280355498195,3.5));
#11664=CARTESIAN_POINT('Ctrl Pts',(-41.3321972638369,19.9280355498195,3.5));
#11665=CARTESIAN_POINT('Ctrl Pts',(-41.1920196563005,20.0518415495753,3.5));
#11666=CARTESIAN_POINT('Ctrl Pts',(-41.9921565800905,20.0037513300776,4.));
#11667=CARTESIAN_POINT('Ctrl Pts',(-41.9921565800905,20.0037513300776,3.5));
#11668=CARTESIAN_POINT('Ctrl Pts',(-41.7598915845156,19.9280355498195,4.));
#11669=CARTESIAN_POINT('Ctrl Pts',(-41.7598915845156,19.9280355498195,3.5));
#11670=CARTESIAN_POINT('Ctrl Pts',(-41.5859491378069,19.9280355498195,4.));
#11671=CARTESIAN_POINT('Ctrl Pts',(-41.5859491378069,19.9280355498195,3.5));
#11672=CARTESIAN_POINT('Ctrl Pts',(-41.9921565800905,20.0037513300776,4.));
#11673=CARTESIAN_POINT('Ctrl Pts',(-41.7598915845156,19.9280355498195,4.));
#11674=CARTESIAN_POINT('Ctrl Pts',(-41.5859491378069,19.9280355498195,4.));
#11675=CARTESIAN_POINT('Ctrl Pts',(-41.9921565800905,20.0037513300776,3.5));
#11676=CARTESIAN_POINT('Ctrl Pts',(-41.7598915845156,19.9280355498195,3.5));
#11677=CARTESIAN_POINT('Ctrl Pts',(-41.5859491378069,19.9280355498195,3.5));
#11678=CARTESIAN_POINT('Origin',(-40.9577090293169,19.7704635187984,4.));
#11679=CARTESIAN_POINT('',(-40.9577090293169,19.7704635187984,4.));
#11680=CARTESIAN_POINT('',(-39.8301506787539,19.5351294800639,4.));
#11681=CARTESIAN_POINT('',(-43.4278740404374,20.2860145837319,4.));
#11682=CARTESIAN_POINT('',(-40.9577090293169,19.7704635187984,3.5));
#11683=CARTESIAN_POINT('',(-40.9577090293169,19.7704635187984,4.));
#11684=CARTESIAN_POINT('',(-39.8301506787539,19.5351294800639,3.5));
#11685=CARTESIAN_POINT('',(-40.9577090293169,19.7704635187984,3.5));
#11686=CARTESIAN_POINT('',(-39.8301506787539,19.5351294800639,4.));
#11687=CARTESIAN_POINT('Ctrl Pts',(-40.6077767163515,20.4232601448894,4.));
#11688=CARTESIAN_POINT('Ctrl Pts',(-40.6077767163515,20.4232601448894,3.5));
#11689=CARTESIAN_POINT('Ctrl Pts',(-40.6077767163515,19.9914733693004,4.));
#11690=CARTESIAN_POINT('Ctrl Pts',(-40.6077767163515,19.9914733693004,3.5));
#11691=CARTESIAN_POINT('Ctrl Pts',(-40.9577090293169,19.7704635187984,4.));
#11692=CARTESIAN_POINT('Ctrl Pts',(-40.9577090293169,19.7704635187984,3.5));
#11693=CARTESIAN_POINT('',(-40.6077767163515,20.4232601448894,4.));
#11694=CARTESIAN_POINT('Ctrl Pts',(-40.6077767163515,20.4232601448894,4.));
#11695=CARTESIAN_POINT('Ctrl Pts',(-40.6077767163515,19.9914733693004,4.));
#11696=CARTESIAN_POINT('Ctrl Pts',(-40.9577090293169,19.7704635187984,4.));
#11697=CARTESIAN_POINT('',(-40.6077767163515,20.4232601448894,3.5));
#11698=CARTESIAN_POINT('',(-40.6077767163515,20.4232601448894,4.));
#11699=CARTESIAN_POINT('Ctrl Pts',(-40.6077767163515,20.4232601448894,3.5));
#11700=CARTESIAN_POINT('Ctrl Pts',(-40.6077767163515,19.9914733693004,3.5));
#11701=CARTESIAN_POINT('Ctrl Pts',(-40.9577090293169,19.7704635187984,3.5));
#11702=CARTESIAN_POINT('Ctrl Pts',(-40.9536159783602,21.1497269198298,4.));
#11703=CARTESIAN_POINT('Ctrl Pts',(-40.9536159783602,21.1497269198298,3.5));
#11704=CARTESIAN_POINT('Ctrl Pts',(-40.6077767163515,20.8427689597011,4.));
#11705=CARTESIAN_POINT('Ctrl Pts',(-40.6077767163515,20.8427689597011,3.5));
#11706=CARTESIAN_POINT('Ctrl Pts',(-40.6077767163515,20.4232601448894,4.));
#11707=CARTESIAN_POINT('Ctrl Pts',(-40.6077767163515,20.4232601448894,3.5));
#11708=CARTESIAN_POINT('',(-40.9536159783602,21.1497269198298,4.));
#11709=CARTESIAN_POINT('Ctrl Pts',(-40.9536159783602,21.1497269198298,4.));
#11710=CARTESIAN_POINT('Ctrl Pts',(-40.6077767163515,20.8427689597011,4.));
#11711=CARTESIAN_POINT('Ctrl Pts',(-40.6077767163515,20.4232601448894,4.));
#11712=CARTESIAN_POINT('',(-40.9536159783602,21.1497269198298,3.5));
#11713=CARTESIAN_POINT('',(-40.9536159783602,21.1497269198298,4.));
#11714=CARTESIAN_POINT('Ctrl Pts',(-40.9536159783602,21.1497269198298,3.5));
#11715=CARTESIAN_POINT('Ctrl Pts',(-40.6077767163515,20.8427689597011,3.5));
#11716=CARTESIAN_POINT('Ctrl Pts',(-40.6077767163515,20.4232601448894,3.5));
#11717=CARTESIAN_POINT('Ctrl Pts',(-41.9461131840944,21.5078441426158,4.));
#11718=CARTESIAN_POINT('Ctrl Pts',(-41.9461131840944,21.5078441426158,3.5));
#11719=CARTESIAN_POINT('Ctrl Pts',(-41.358800008893,21.5078441426158,4.));
#11720=CARTESIAN_POINT('Ctrl Pts',(-41.358800008893,21.5078441426158,3.5));
#11721=CARTESIAN_POINT('Ctrl Pts',(-40.9536159783602,21.1497269198298,4.));
#11722=CARTESIAN_POINT('Ctrl Pts',(-40.9536159783602,21.1497269198298,3.5));
#11723=CARTESIAN_POINT('',(-41.9461131840944,21.5078441426158,4.));
#11724=CARTESIAN_POINT('Ctrl Pts',(-41.9461131840944,21.5078441426158,4.));
#11725=CARTESIAN_POINT('Ctrl Pts',(-41.358800008893,21.5078441426158,4.));
#11726=CARTESIAN_POINT('Ctrl Pts',(-40.9536159783602,21.1497269198298,4.));
#11727=CARTESIAN_POINT('',(-41.9461131840944,21.5078441426158,3.5));
#11728=CARTESIAN_POINT('',(-41.9461131840944,21.5078441426158,4.));
#11729=CARTESIAN_POINT('Ctrl Pts',(-41.9461131840944,21.5078441426158,3.5));
#11730=CARTESIAN_POINT('Ctrl Pts',(-41.358800008893,21.5078441426158,3.5));
#11731=CARTESIAN_POINT('Ctrl Pts',(-40.9536159783602,21.1497269198298,3.5));
#11732=CARTESIAN_POINT('Ctrl Pts',(-42.648022249341,21.3001362606883,4.));
#11733=CARTESIAN_POINT('Ctrl Pts',(-42.648022249341,21.3001362606883,3.5));
#11734=CARTESIAN_POINT('Ctrl Pts',(-42.412688806653,21.5078441426158,4.));
#11735=CARTESIAN_POINT('Ctrl Pts',(-42.412688806653,21.5078441426158,3.5));
#11736=CARTESIAN_POINT('Ctrl Pts',(-41.9461131840944,21.5078441426158,4.));
#11737=CARTESIAN_POINT('Ctrl Pts',(-41.9461131840944,21.5078441426158,3.5));
#11738=CARTESIAN_POINT('',(-42.648022249341,21.3001362606883,4.));
#11739=CARTESIAN_POINT('Ctrl Pts',(-42.648022249341,21.3001362606883,4.));
#11740=CARTESIAN_POINT('Ctrl Pts',(-42.412688806653,21.5078441426158,4.));
#11741=CARTESIAN_POINT('Ctrl Pts',(-41.9461131840944,21.5078441426158,4.));
#11742=CARTESIAN_POINT('',(-42.648022249341,21.3001362606883,3.5));
#11743=CARTESIAN_POINT('',(-42.648022249341,21.3001362606883,4.));
#11744=CARTESIAN_POINT('Ctrl Pts',(-42.648022249341,21.3001362606883,3.5));
#11745=CARTESIAN_POINT('Ctrl Pts',(-42.412688806653,21.5078441426158,3.5));
#11746=CARTESIAN_POINT('Ctrl Pts',(-41.9461131840944,21.5078441426158,3.5));
#11747=CARTESIAN_POINT('Ctrl Pts',(-42.8833568841219,20.7506821677089,4.));
#11748=CARTESIAN_POINT('Ctrl Pts',(-42.8833568841219,20.7506821677089,3.5));
#11749=CARTESIAN_POINT('Ctrl Pts',(-42.8833568841219,21.0924277827144,4.));
#11750=CARTESIAN_POINT('Ctrl Pts',(-42.8833568841219,21.0924277827144,3.5));
#11751=CARTESIAN_POINT('Ctrl Pts',(-42.648022249341,21.3001362606883,4.));
#11752=CARTESIAN_POINT('Ctrl Pts',(-42.648022249341,21.3001362606883,3.5));
#11753=CARTESIAN_POINT('',(-42.8833568841219,20.7506821677089,4.));
#11754=CARTESIAN_POINT('Ctrl Pts',(-42.8833568841219,20.7506821677089,4.));
#11755=CARTESIAN_POINT('Ctrl Pts',(-42.8833568841219,21.0924277827144,4.));
#11756=CARTESIAN_POINT('Ctrl Pts',(-42.648022249341,21.3001362606883,4.));
#11757=CARTESIAN_POINT('',(-42.8833568841219,20.7506821677089,3.5));
#11758=CARTESIAN_POINT('',(-42.8833568841219,20.7506821677089,4.));
#11759=CARTESIAN_POINT('Ctrl Pts',(-42.8833568841219,20.7506821677089,3.5));
#11760=CARTESIAN_POINT('Ctrl Pts',(-42.8833568841219,21.0924277827144,3.5));
#11761=CARTESIAN_POINT('Ctrl Pts',(-42.648022249341,21.3001362606883,3.5));
#11762=CARTESIAN_POINT('Ctrl Pts',(-42.819919064641,20.4171214625239,4.));
#11763=CARTESIAN_POINT('Ctrl Pts',(-42.819919064641,20.4171214625239,3.5));
#11764=CARTESIAN_POINT('Ctrl Pts',(-42.8833568841219,20.5726466700435,4.));
#11765=CARTESIAN_POINT('Ctrl Pts',(-42.8833568841219,20.5726466700435,3.5));
#11766=CARTESIAN_POINT('Ctrl Pts',(-42.8833568841219,20.7506821677089,4.));
#11767=CARTESIAN_POINT('Ctrl Pts',(-42.8833568841219,20.7506821677089,3.5));
#11768=CARTESIAN_POINT('',(-42.819919064641,20.4171214625239,4.));
#11769=CARTESIAN_POINT('Ctrl Pts',(-42.819919064641,20.4171214625239,4.));
#11770=CARTESIAN_POINT('Ctrl Pts',(-42.8833568841219,20.5726466700435,4.));
#11771=CARTESIAN_POINT('Ctrl Pts',(-42.8833568841219,20.7506821677089,4.));
#11772=CARTESIAN_POINT('',(-42.819919064641,20.4171214625239,3.5));
#11773=CARTESIAN_POINT('',(-42.819919064641,20.4171214625239,4.));
#11774=CARTESIAN_POINT('Ctrl Pts',(-42.819919064641,20.4171214625239,3.5));
#11775=CARTESIAN_POINT('Ctrl Pts',(-42.8833568841219,20.5726466700435,3.5));
#11776=CARTESIAN_POINT('Ctrl Pts',(-42.8833568841219,20.7506821677089,3.5));
#11777=CARTESIAN_POINT('Ctrl Pts',(-42.6091409474611,20.083560757339,4.));
#11778=CARTESIAN_POINT('Ctrl Pts',(-42.6091409474611,20.083560757339,3.5));
#11779=CARTESIAN_POINT('Ctrl Pts',(-42.7564812451601,20.2615962550044,4.));
#11780=CARTESIAN_POINT('Ctrl Pts',(-42.7564812451601,20.2615962550044,3.5));
#11781=CARTESIAN_POINT('Ctrl Pts',(-42.819919064641,20.4171214625239,4.));
#11782=CARTESIAN_POINT('Ctrl Pts',(-42.819919064641,20.4171214625239,3.5));
#11783=CARTESIAN_POINT('',(-42.6091409474611,20.083560757339,4.));
#11784=CARTESIAN_POINT('Ctrl Pts',(-42.6091409474611,20.083560757339,4.));
#11785=CARTESIAN_POINT('Ctrl Pts',(-42.7564812451601,20.2615962550044,4.));
#11786=CARTESIAN_POINT('Ctrl Pts',(-42.819919064641,20.4171214625239,4.));
#11787=CARTESIAN_POINT('',(-42.6091409474611,20.083560757339,3.5));
#11788=CARTESIAN_POINT('',(-42.6091409474611,20.083560757339,4.));
#11789=CARTESIAN_POINT('Ctrl Pts',(-42.6091409474611,20.083560757339,3.5));
#11790=CARTESIAN_POINT('Ctrl Pts',(-42.7564812451601,20.2615962550044,3.5));
#11791=CARTESIAN_POINT('Ctrl Pts',(-42.819919064641,20.4171214625239,3.5));
#11792=CARTESIAN_POINT('Origin',(-42.8321970254183,20.1306269690394,4.));
#11793=CARTESIAN_POINT('',(-42.8321970254183,20.1306269690394,4.));
#11794=CARTESIAN_POINT('',(-44.3749037242028,20.4561476217007,4.));
#11795=CARTESIAN_POINT('',(-42.8321970254183,20.1306269690394,3.5));
#11796=CARTESIAN_POINT('',(-42.8321970254183,20.1306269690394,4.));
#11797=CARTESIAN_POINT('',(-42.8321970254183,20.1306269690394,3.5));
#11798=CARTESIAN_POINT('Origin',(-42.8321970254183,19.5740107819438,4.));
#11799=CARTESIAN_POINT('',(-42.8321970254183,19.5740107819438,4.));
#11800=CARTESIAN_POINT('',(-42.8321970254183,23.537005726248,4.));
#11801=CARTESIAN_POINT('',(-42.8321970254183,19.5740107819438,3.5));
#11802=CARTESIAN_POINT('',(-42.8321970254183,19.5740107819438,4.));
#11803=CARTESIAN_POINT('',(-42.8321970254183,19.5740107819438,3.5));
#11804=CARTESIAN_POINT('Origin',(-39.8301506787539,18.9478169009089,4.));
#11805=CARTESIAN_POINT('',(-39.8301506787539,18.9478169009089,4.));
#11806=CARTESIAN_POINT('',(-42.922476333585,19.5928420536265,4.));
#11807=CARTESIAN_POINT('',(-39.8301506787539,18.9478169009089,3.5));
#11808=CARTESIAN_POINT('',(-39.8301506787539,18.9478169009089,4.));
#11809=CARTESIAN_POINT('',(-39.8301506787539,18.9478169009089,3.5));
#11810=CARTESIAN_POINT('Origin',(-39.8301506787539,19.5351294800639,4.));
#11811=CARTESIAN_POINT('',(-39.8301506787539,23.5175650753081,4.));
#11812=CARTESIAN_POINT('',(-39.8301506787539,19.5351294800639,3.5));
#11813=CARTESIAN_POINT('Origin',(-41.3567537814379,20.2278305217624,3.5));
#11814=CARTESIAN_POINT('Origin',(-43.6589366942644,17.4334923550487,4.));
#11815=CARTESIAN_POINT('',(-43.6589366942644,17.4334923550487,4.));
#11816=CARTESIAN_POINT('',(-43.6589366942644,18.018758110702,4.));
#11817=CARTESIAN_POINT('',(-43.6589366942644,22.4667465128005,4.));
#11818=CARTESIAN_POINT('',(-43.6589366942644,17.4334923550487,3.5));
#11819=CARTESIAN_POINT('',(-43.6589366942644,17.4334923550487,4.));
#11820=CARTESIAN_POINT('',(-43.6589366942644,18.018758110702,3.5));
#11821=CARTESIAN_POINT('',(-43.6589366942644,17.4334923550487,3.5));
#11822=CARTESIAN_POINT('',(-43.6589366942644,18.018758110702,4.));
#11823=CARTESIAN_POINT('Origin',(-40.6589365750551,16.8052522465587,4.));
#11824=CARTESIAN_POINT('',(-40.6589365750551,16.8052522465587,4.));
#11825=CARTESIAN_POINT('',(-43.5715506195696,17.4151925434269,4.));
#11826=CARTESIAN_POINT('',(-40.6589365750551,16.8052522465587,3.5));
#11827=CARTESIAN_POINT('',(-40.6589365750551,16.8052522465587,4.));
#11828=CARTESIAN_POINT('',(-40.6589365750551,16.8052522465587,3.5));
#11829=CARTESIAN_POINT('Origin',(-40.6589365750551,17.3925648257136,4.));
#11830=CARTESIAN_POINT('',(-40.6589365750551,17.3925648257136,4.));
#11831=CARTESIAN_POINT('',(-40.6589365750551,22.4462827481329,4.));
#11832=CARTESIAN_POINT('',(-40.6589365750551,17.3925648257136,3.5));
#11833=CARTESIAN_POINT('',(-40.6589365750551,17.3925648257136,4.));
#11834=CARTESIAN_POINT('',(-40.6589365750551,17.3925648257136,3.5));
#11835=CARTESIAN_POINT('Origin',(-43.6589366942644,18.018758110702,4.));
#11836=CARTESIAN_POINT('',(-45.0101147259425,18.300790969582,4.));
#11837=CARTESIAN_POINT('',(-43.6589366942644,18.018758110702,3.5));
#11838=CARTESIAN_POINT('Origin',(-42.1589366346598,17.4120051786304,3.5));
#11839=CARTESIAN_POINT('Ctrl Pts',(-42.4638480693102,26.7977498099208,4.));
#11840=CARTESIAN_POINT('Ctrl Pts',(-42.4638480693102,26.7977498099208,3.5));
#11841=CARTESIAN_POINT('Ctrl Pts',(-42.4638480693102,26.5767393633723,4.));
#11842=CARTESIAN_POINT('Ctrl Pts',(-42.4638480693102,26.5767393633723,3.5));
#11843=CARTESIAN_POINT('Ctrl Pts',(-42.2592092305422,26.4171217009425,4.));
#11844=CARTESIAN_POINT('Ctrl Pts',(-42.2592092305422,26.4171217009425,3.5));
#11845=CARTESIAN_POINT('',(-42.4638480693102,26.7977498099208,4.));
#11846=CARTESIAN_POINT('',(-42.2592092305422,26.4171217009425,4.));
#11847=CARTESIAN_POINT('Ctrl Pts',(-42.4638480693102,26.7977498099208,4.));
#11848=CARTESIAN_POINT('Ctrl Pts',(-42.4638480693102,26.5767393633723,4.));
#11849=CARTESIAN_POINT('Ctrl Pts',(-42.2592092305422,26.4171217009425,4.));
#11850=CARTESIAN_POINT('',(-42.4638480693102,26.7977498099208,3.5));
#11851=CARTESIAN_POINT('',(-42.4638480693102,26.7977498099208,4.));
#11852=CARTESIAN_POINT('',(-42.2592092305422,26.4171217009425,3.5));
#11853=CARTESIAN_POINT('Ctrl Pts',(-42.4638480693102,26.7977498099208,3.5));
#11854=CARTESIAN_POINT('Ctrl Pts',(-42.4638480693102,26.5767393633723,3.5));
#11855=CARTESIAN_POINT('Ctrl Pts',(-42.2592092305422,26.4171217009425,3.5));
#11856=CARTESIAN_POINT('',(-42.2592092305422,26.4171217009425,4.));
#11857=CARTESIAN_POINT('Ctrl Pts',(-42.3318559676409,27.0873127505183,4.));
#11858=CARTESIAN_POINT('Ctrl Pts',(-42.3318559676409,27.0873127505183,3.5));
#11859=CARTESIAN_POINT('Ctrl Pts',(-42.4638480693102,26.9675992056727,4.));
#11860=CARTESIAN_POINT('Ctrl Pts',(-42.4638480693102,26.9675992056727,3.5));
#11861=CARTESIAN_POINT('Ctrl Pts',(-42.4638480693102,26.7977498099208,4.));
#11862=CARTESIAN_POINT('Ctrl Pts',(-42.4638480693102,26.7977498099208,3.5));
#11863=CARTESIAN_POINT('',(-42.3318559676409,27.0873127505183,4.));
#11864=CARTESIAN_POINT('Ctrl Pts',(-42.3318559676409,27.0873127505183,4.));
#11865=CARTESIAN_POINT('Ctrl Pts',(-42.4638480693102,26.9675992056727,4.));
#11866=CARTESIAN_POINT('Ctrl Pts',(-42.4638480693102,26.7977498099208,4.));
#11867=CARTESIAN_POINT('',(-42.3318559676409,27.0873127505183,3.5));
#11868=CARTESIAN_POINT('',(-42.3318559676409,27.0873127505183,4.));
#11869=CARTESIAN_POINT('Ctrl Pts',(-42.3318559676409,27.0873127505183,3.5));
#11870=CARTESIAN_POINT('Ctrl Pts',(-42.4638480693102,26.9675992056727,3.5));
#11871=CARTESIAN_POINT('Ctrl Pts',(-42.4638480693102,26.7977498099208,3.5));
#11872=CARTESIAN_POINT('Ctrl Pts',(-41.9686228781939,27.2070262953639,4.));
#11873=CARTESIAN_POINT('Ctrl Pts',(-41.9686228781939,27.2070262953639,3.5));
#11874=CARTESIAN_POINT('Ctrl Pts',(-42.199864462018,27.2070262953639,4.));
#11875=CARTESIAN_POINT('Ctrl Pts',(-42.199864462018,27.2070262953639,3.5));
#11876=CARTESIAN_POINT('Ctrl Pts',(-42.3318559676409,27.0873127505183,4.));
#11877=CARTESIAN_POINT('Ctrl Pts',(-42.3318559676409,27.0873127505183,3.5));
#11878=CARTESIAN_POINT('',(-41.9686228781939,27.2070262953639,4.));
#11879=CARTESIAN_POINT('Ctrl Pts',(-41.9686228781939,27.2070262953639,4.));
#11880=CARTESIAN_POINT('Ctrl Pts',(-42.199864462018,27.2070262953639,4.));
#11881=CARTESIAN_POINT('Ctrl Pts',(-42.3318559676409,27.0873127505183,4.));
#11882=CARTESIAN_POINT('',(-41.9686228781939,27.2070262953639,3.5));
#11883=CARTESIAN_POINT('',(-41.9686228781939,27.2070262953639,4.));
#11884=CARTESIAN_POINT('Ctrl Pts',(-41.9686228781939,27.2070262953639,3.5));
#11885=CARTESIAN_POINT('Ctrl Pts',(-42.199864462018,27.2070262953639,3.5));
#11886=CARTESIAN_POINT('Ctrl Pts',(-42.3318559676409,27.0873127505183,3.5));
#11887=CARTESIAN_POINT('Ctrl Pts',(-41.4979542046785,27.1180091425776,4.));
#11888=CARTESIAN_POINT('Ctrl Pts',(-41.4979542046785,27.1180091425776,3.5));
#11889=CARTESIAN_POINT('Ctrl Pts',(-41.7312420159578,27.2070262953639,4.));
#11890=CARTESIAN_POINT('Ctrl Pts',(-41.7312420159578,27.2070262953639,3.5));
#11891=CARTESIAN_POINT('Ctrl Pts',(-41.9686228781939,27.2070262953639,4.));
#11892=CARTESIAN_POINT('Ctrl Pts',(-41.9686228781939,27.2070262953639,3.5));
#11893=CARTESIAN_POINT('',(-41.4979542046785,27.1180091425776,4.));
#11894=CARTESIAN_POINT('Ctrl Pts',(-41.4979542046785,27.1180091425776,4.));
#11895=CARTESIAN_POINT('Ctrl Pts',(-41.7312420159578,27.2070262953639,4.));
#11896=CARTESIAN_POINT('Ctrl Pts',(-41.9686228781939,27.2070262953639,4.));
#11897=CARTESIAN_POINT('',(-41.4979542046785,27.1180091425776,3.5));
#11898=CARTESIAN_POINT('',(-41.4979542046785,27.1180091425776,4.));
#11899=CARTESIAN_POINT('Ctrl Pts',(-41.4979542046785,27.1180091425776,3.5));
#11900=CARTESIAN_POINT('Ctrl Pts',(-41.7312420159578,27.2070262953639,3.5));
#11901=CARTESIAN_POINT('Ctrl Pts',(-41.9686228781939,27.2070262953639,3.5));
#11902=CARTESIAN_POINT('Ctrl Pts',(-41.1582542210817,26.8949530646205,4.));
#11903=CARTESIAN_POINT('Ctrl Pts',(-41.1582542210817,26.8949530646205,3.5));
#11904=CARTESIAN_POINT('Ctrl Pts',(-41.2646663933992,27.0289907976985,4.));
#11905=CARTESIAN_POINT('Ctrl Pts',(-41.2646663933992,27.0289907976985,3.5));
#11906=CARTESIAN_POINT('Ctrl Pts',(-41.4979542046785,27.1180091425776,4.));
#11907=CARTESIAN_POINT('Ctrl Pts',(-41.4979542046785,27.1180091425776,3.5));
#11908=CARTESIAN_POINT('',(-41.1582542210817,26.8949530646205,4.));
#11909=CARTESIAN_POINT('Ctrl Pts',(-41.1582542210817,26.8949530646205,4.));
#11910=CARTESIAN_POINT('Ctrl Pts',(-41.2646663933992,27.0289907976985,4.));
#11911=CARTESIAN_POINT('Ctrl Pts',(-41.4979542046785,27.1180091425776,4.));
#11912=CARTESIAN_POINT('',(-41.1582542210817,26.8949530646205,3.5));
#11913=CARTESIAN_POINT('',(-41.1582542210817,26.8949530646205,4.));
#11914=CARTESIAN_POINT('Ctrl Pts',(-41.1582542210817,26.8949530646205,3.5));
#11915=CARTESIAN_POINT('Ctrl Pts',(-41.2646663933992,27.0289907976985,3.5));
#11916=CARTESIAN_POINT('Ctrl Pts',(-41.4979542046785,27.1180091425776,3.5));
#11917=CARTESIAN_POINT('Ctrl Pts',(-41.0518426448107,26.6135750338435,4.));
#11918=CARTESIAN_POINT('Ctrl Pts',(-41.0518426448107,26.6135750338435,3.5));
#11919=CARTESIAN_POINT('Ctrl Pts',(-41.0518426448107,26.7609141394496,4.));
#11920=CARTESIAN_POINT('Ctrl Pts',(-41.0518426448107,26.7609141394496,3.5));
#11921=CARTESIAN_POINT('Ctrl Pts',(-41.1582542210817,26.8949530646205,4.));
#11922=CARTESIAN_POINT('Ctrl Pts',(-41.1582542210817,26.8949530646205,3.5));
#11923=CARTESIAN_POINT('',(-41.0518426448107,26.6135750338435,4.));
#11924=CARTESIAN_POINT('Ctrl Pts',(-41.0518426448107,26.6135750338435,4.));
#11925=CARTESIAN_POINT('Ctrl Pts',(-41.0518426448107,26.7609141394496,4.));
#11926=CARTESIAN_POINT('Ctrl Pts',(-41.1582542210817,26.8949530646205,4.));
#11927=CARTESIAN_POINT('',(-41.0518426448107,26.6135750338435,3.5));
#11928=CARTESIAN_POINT('',(-41.0518426448107,26.6135750338435,4.));
#11929=CARTESIAN_POINT('Ctrl Pts',(-41.0518426448107,26.6135750338435,3.5));
#11930=CARTESIAN_POINT('Ctrl Pts',(-41.0518426448107,26.7609141394496,3.5));
#11931=CARTESIAN_POINT('Ctrl Pts',(-41.1582542210817,26.8949530646205,3.5));
#11932=CARTESIAN_POINT('Ctrl Pts',(-41.1889500170946,26.3219652697444,4.));
#11933=CARTESIAN_POINT('Ctrl Pts',(-41.1889500170946,26.3219652697444,3.5));
#11934=CARTESIAN_POINT('Ctrl Pts',(-41.0518426448107,26.4457712695003,4.));
#11935=CARTESIAN_POINT('Ctrl Pts',(-41.0518426448107,26.4457712695003,3.5));
#11936=CARTESIAN_POINT('Ctrl Pts',(-41.0518426448107,26.6135750338435,4.));
#11937=CARTESIAN_POINT('Ctrl Pts',(-41.0518426448107,26.6135750338435,3.5));
#11938=CARTESIAN_POINT('',(-41.1889500170946,26.3219652697444,4.));
#11939=CARTESIAN_POINT('Ctrl Pts',(-41.1889500170946,26.3219652697444,4.));
#11940=CARTESIAN_POINT('Ctrl Pts',(-41.0518426448107,26.4457712695003,4.));
#11941=CARTESIAN_POINT('Ctrl Pts',(-41.0518426448107,26.6135750338435,4.));
#11942=CARTESIAN_POINT('',(-41.1889500170946,26.3219652697444,3.5));
#11943=CARTESIAN_POINT('',(-41.1889500170946,26.3219652697444,4.));
#11944=CARTESIAN_POINT('Ctrl Pts',(-41.1889500170946,26.3219652697444,3.5));
#11945=CARTESIAN_POINT('Ctrl Pts',(-41.0518426448107,26.4457712695003,3.5));
#11946=CARTESIAN_POINT('Ctrl Pts',(-41.0518426448107,26.6135750338435,3.5));
#11947=CARTESIAN_POINT('Ctrl Pts',(-41.5450210124254,26.1981592699885,4.));
#11948=CARTESIAN_POINT('Ctrl Pts',(-41.5450210124254,26.1981592699885,3.5));
#11949=CARTESIAN_POINT('Ctrl Pts',(-41.326057985425,26.1981592699885,4.));
#11950=CARTESIAN_POINT('Ctrl Pts',(-41.326057985425,26.1981592699885,3.5));
#11951=CARTESIAN_POINT('Ctrl Pts',(-41.1889500170946,26.3219652697444,4.));
#11952=CARTESIAN_POINT('Ctrl Pts',(-41.1889500170946,26.3219652697444,3.5));
#11953=CARTESIAN_POINT('',(-41.5450210124254,26.1981592699885,4.));
#11954=CARTESIAN_POINT('Ctrl Pts',(-41.5450210124254,26.1981592699885,4.));
#11955=CARTESIAN_POINT('Ctrl Pts',(-41.326057985425,26.1981592699885,4.));
#11956=CARTESIAN_POINT('Ctrl Pts',(-41.1889500170946,26.3219652697444,4.));
#11957=CARTESIAN_POINT('',(-41.5450210124254,26.1981592699885,3.5));
#11958=CARTESIAN_POINT('',(-41.5450210124254,26.1981592699885,4.));
#11959=CARTESIAN_POINT('Ctrl Pts',(-41.5450210124254,26.1981592699885,3.5));
#11960=CARTESIAN_POINT('Ctrl Pts',(-41.326057985425,26.1981592699885,3.5));
#11961=CARTESIAN_POINT('Ctrl Pts',(-41.1889500170946,26.3219652697444,3.5));
#11962=CARTESIAN_POINT('Ctrl Pts',(-42.2592092305422,26.4171217009425,4.));
#11963=CARTESIAN_POINT('Ctrl Pts',(-42.2592092305422,26.4171217009425,3.5));
#11964=CARTESIAN_POINT('Ctrl Pts',(-41.978854611516,26.1981592699885,4.));
#11965=CARTESIAN_POINT('Ctrl Pts',(-41.978854611516,26.1981592699885,3.5));
#11966=CARTESIAN_POINT('Ctrl Pts',(-41.5450210124254,26.1981592699885,4.));
#11967=CARTESIAN_POINT('Ctrl Pts',(-41.5450210124254,26.1981592699885,3.5));
#11968=CARTESIAN_POINT('Ctrl Pts',(-42.2592092305422,26.4171217009425,4.));
#11969=CARTESIAN_POINT('Ctrl Pts',(-41.978854611516,26.1981592699885,4.));
#11970=CARTESIAN_POINT('Ctrl Pts',(-41.5450210124254,26.1981592699885,4.));
#11971=CARTESIAN_POINT('Ctrl Pts',(-42.2592092305422,26.4171217009425,3.5));
#11972=CARTESIAN_POINT('Ctrl Pts',(-41.978854611516,26.1981592699885,3.5));
#11973=CARTESIAN_POINT('Ctrl Pts',(-41.5450210124254,26.1981592699885,3.5));
#11974=CARTESIAN_POINT('Ctrl Pts',(-40.6077767163515,26.7015693709254,4.));
#11975=CARTESIAN_POINT('Ctrl Pts',(-40.6077767163515,26.7015693709254,3.5));
#11976=CARTESIAN_POINT('Ctrl Pts',(-40.6077767163515,26.2349937483668,4.));
#11977=CARTESIAN_POINT('Ctrl Pts',(-40.6077767163515,26.2349937483668,3.5));
#11978=CARTESIAN_POINT('Ctrl Pts',(-41.0170537978411,26.0160313174129,4.));
#11979=CARTESIAN_POINT('Ctrl Pts',(-41.0170537978411,26.0160313174129,3.5));
#11980=CARTESIAN_POINT('',(-40.6077767163515,26.7015693709254,4.));
#11981=CARTESIAN_POINT('',(-41.0170537978411,26.0160313174129,4.));
#11982=CARTESIAN_POINT('Ctrl Pts',(-40.6077767163515,26.7015693709254,4.));
#11983=CARTESIAN_POINT('Ctrl Pts',(-40.6077767163515,26.2349937483668,4.));
#11984=CARTESIAN_POINT('Ctrl Pts',(-41.0170537978411,26.0160313174129,4.));
#11985=CARTESIAN_POINT('',(-40.6077767163515,26.7015693709254,3.5));
#11986=CARTESIAN_POINT('',(-40.6077767163515,26.7015693709254,4.));
#11987=CARTESIAN_POINT('',(-41.0170537978411,26.0160313174129,3.5));
#11988=CARTESIAN_POINT('Ctrl Pts',(-40.6077767163515,26.7015693709254,3.5));
#11989=CARTESIAN_POINT('Ctrl Pts',(-40.6077767163515,26.2349937483668,3.5));
#11990=CARTESIAN_POINT('Ctrl Pts',(-41.0170537978411,26.0160313174129,3.5));
#11991=CARTESIAN_POINT('',(-41.0170537978411,26.0160313174129,4.));
#11992=CARTESIAN_POINT('Ctrl Pts',(-40.6927020102739,27.0770810171962,4.));
#11993=CARTESIAN_POINT('Ctrl Pts',(-40.6927020102739,27.0770810171962,3.5));
#11994=CARTESIAN_POINT('Ctrl Pts',(-40.6077767163515,26.8980227038264,4.));
#11995=CARTESIAN_POINT('Ctrl Pts',(-40.6077767163515,26.8980227038264,3.5));
#11996=CARTESIAN_POINT('Ctrl Pts',(-40.6077767163515,26.7015693709254,4.));
#11997=CARTESIAN_POINT('Ctrl Pts',(-40.6077767163515,26.7015693709254,3.5));
#11998=CARTESIAN_POINT('',(-40.6927020102739,27.0770810171962,4.));
#11999=CARTESIAN_POINT('Ctrl Pts',(-40.6927020102739,27.0770810171962,4.));
#12000=CARTESIAN_POINT('Ctrl Pts',(-40.6077767163515,26.8980227038264,4.));
#12001=CARTESIAN_POINT('Ctrl Pts',(-40.6077767163515,26.7015693709254,4.));
#12002=CARTESIAN_POINT('',(-40.6927020102739,27.0770810171962,3.5));
#12003=CARTESIAN_POINT('',(-40.6927020102739,27.0770810171962,4.));
#12004=CARTESIAN_POINT('Ctrl Pts',(-40.6927020102739,27.0770810171962,3.5));
#12005=CARTESIAN_POINT('Ctrl Pts',(-40.6077767163515,26.8980227038264,3.5));
#12006=CARTESIAN_POINT('Ctrl Pts',(-40.6077767163515,26.7015693709254,3.5));
#12007=CARTESIAN_POINT('Ctrl Pts',(-40.9525925666094,27.4188266322017,4.));
#12008=CARTESIAN_POINT('Ctrl Pts',(-40.9525925666094,27.4188266322017,3.5));
#12009=CARTESIAN_POINT('Ctrl Pts',(-40.7776267081499,27.2561393305659,4.));
#12010=CARTESIAN_POINT('Ctrl Pts',(-40.7776267081499,27.2561393305659,3.5));
#12011=CARTESIAN_POINT('Ctrl Pts',(-40.6927020102739,27.0770810171962,4.));
#12012=CARTESIAN_POINT('Ctrl Pts',(-40.6927020102739,27.0770810171962,3.5));
#12013=CARTESIAN_POINT('',(-40.9525925666094,27.4188266322017,4.));
#12014=CARTESIAN_POINT('Ctrl Pts',(-40.9525925666094,27.4188266322017,4.));
#12015=CARTESIAN_POINT('Ctrl Pts',(-40.7776267081499,27.2561393305659,4.));
#12016=CARTESIAN_POINT('Ctrl Pts',(-40.6927020102739,27.0770810171962,4.));
#12017=CARTESIAN_POINT('',(-40.9525925666094,27.4188266322017,3.5));
#12018=CARTESIAN_POINT('',(-40.9525925666094,27.4188266322017,4.));
#12019=CARTESIAN_POINT('Ctrl Pts',(-40.9525925666094,27.4188266322017,3.5));
#12020=CARTESIAN_POINT('Ctrl Pts',(-40.7776267081499,27.2561393305659,3.5));
#12021=CARTESIAN_POINT('Ctrl Pts',(-40.6927020102739,27.0770810171962,3.5));
#12022=CARTESIAN_POINT('Ctrl Pts',(-41.4068902283907,27.67871838063,4.));
#12023=CARTESIAN_POINT('Ctrl Pts',(-41.4068902283907,27.67871838063,3.5));
#12024=CARTESIAN_POINT('Ctrl Pts',(-41.1275584250689,27.5815151259303,4.));
#12025=CARTESIAN_POINT('Ctrl Pts',(-41.1275584250689,27.5815151259303,3.5));
#12026=CARTESIAN_POINT('Ctrl Pts',(-40.9525925666094,27.4188266322017,4.));
#12027=CARTESIAN_POINT('Ctrl Pts',(-40.9525925666094,27.4188266322017,3.5));
#12028=CARTESIAN_POINT('',(-41.4068902283907,27.67871838063,4.));
#12029=CARTESIAN_POINT('Ctrl Pts',(-41.4068902283907,27.67871838063,4.));
#12030=CARTESIAN_POINT('Ctrl Pts',(-41.1275584250689,27.5815151259303,4.));
#12031=CARTESIAN_POINT('Ctrl Pts',(-40.9525925666094,27.4188266322017,4.));
#12032=CARTESIAN_POINT('',(-41.4068902283907,27.67871838063,3.5));
#12033=CARTESIAN_POINT('',(-41.4068902283907,27.67871838063,4.));
#12034=CARTESIAN_POINT('Ctrl Pts',(-41.4068902283907,27.67871838063,3.5));
#12035=CARTESIAN_POINT('Ctrl Pts',(-41.1275584250689,27.5815151259303,3.5));
#12036=CARTESIAN_POINT('Ctrl Pts',(-40.9525925666094,27.4188266322017,3.5));
#12037=CARTESIAN_POINT('Ctrl Pts',(-41.9829476624727,27.7759216353297,4.));
#12038=CARTESIAN_POINT('Ctrl Pts',(-41.9829476624727,27.7759216353297,3.5));
#12039=CARTESIAN_POINT('Ctrl Pts',(-41.6862214356661,27.7759216353297,4.));
#12040=CARTESIAN_POINT('Ctrl Pts',(-41.6862214356661,27.7759216353297,3.5));
#12041=CARTESIAN_POINT('Ctrl Pts',(-41.4068902283907,27.67871838063,4.));
#12042=CARTESIAN_POINT('Ctrl Pts',(-41.4068902283907,27.67871838063,3.5));
#12043=CARTESIAN_POINT('',(-41.9829476624727,27.7759216353297,4.));
#12044=CARTESIAN_POINT('Ctrl Pts',(-41.9829476624727,27.7759216353297,4.));
#12045=CARTESIAN_POINT('Ctrl Pts',(-41.6862214356661,27.7759216353297,4.));
#12046=CARTESIAN_POINT('Ctrl Pts',(-41.4068902283907,27.67871838063,4.));
#12047=CARTESIAN_POINT('',(-41.9829476624727,27.7759216353297,3.5));
#12048=CARTESIAN_POINT('',(-41.9829476624727,27.7759216353297,4.));
#12049=CARTESIAN_POINT('Ctrl Pts',(-41.9829476624727,27.7759216353297,3.5));
#12050=CARTESIAN_POINT('Ctrl Pts',(-41.6862214356661,27.7759216353297,3.5));
#12051=CARTESIAN_POINT('Ctrl Pts',(-41.4068902283907,27.67871838063,3.5));
#12052=CARTESIAN_POINT('Ctrl Pts',(-42.6531387120485,27.5692365691066,4.));
#12053=CARTESIAN_POINT('Ctrl Pts',(-42.6531387120485,27.5692365691066,3.5));
#12054=CARTESIAN_POINT('Ctrl Pts',(-42.4229205399752,27.7759216353297,4.));
#12055=CARTESIAN_POINT('Ctrl Pts',(-42.4229205399752,27.7759216353297,3.5));
#12056=CARTESIAN_POINT('Ctrl Pts',(-41.9829476624727,27.7759216353297,4.));
#12057=CARTESIAN_POINT('Ctrl Pts',(-41.9829476624727,27.7759216353297,3.5));
#12058=CARTESIAN_POINT('',(-42.6531387120485,27.5692365691066,4.));
#12059=CARTESIAN_POINT('Ctrl Pts',(-42.6531387120485,27.5692365691066,4.));
#12060=CARTESIAN_POINT('Ctrl Pts',(-42.4229205399752,27.7759216353297,4.));
#12061=CARTESIAN_POINT('Ctrl Pts',(-41.9829476624727,27.7759216353297,4.));
#12062=CARTESIAN_POINT('',(-42.6531387120485,27.5692365691066,3.5));
#12063=CARTESIAN_POINT('',(-42.6531387120485,27.5692365691066,4.));
#12064=CARTESIAN_POINT('Ctrl Pts',(-42.6531387120485,27.5692365691066,3.5));
#12065=CARTESIAN_POINT('Ctrl Pts',(-42.4229205399752,27.7759216353297,3.5));
#12066=CARTESIAN_POINT('Ctrl Pts',(-41.9829476624727,27.7759216353297,3.5));
#12067=CARTESIAN_POINT('Ctrl Pts',(-42.8833568841219,27.0187590643764,4.));
#12068=CARTESIAN_POINT('Ctrl Pts',(-42.8833568841219,27.0187590643764,3.5));
#12069=CARTESIAN_POINT('Ctrl Pts',(-42.8833568841219,27.3625515028834,4.));
#12070=CARTESIAN_POINT('Ctrl Pts',(-42.8833568841219,27.3625515028834,3.5));
#12071=CARTESIAN_POINT('Ctrl Pts',(-42.6531387120485,27.5692365691066,4.));
#12072=CARTESIAN_POINT('Ctrl Pts',(-42.6531387120485,27.5692365691066,3.5));
#12073=CARTESIAN_POINT('',(-42.8833568841219,27.0187590643764,4.));
#12074=CARTESIAN_POINT('Ctrl Pts',(-42.8833568841219,27.0187590643764,4.));
#12075=CARTESIAN_POINT('Ctrl Pts',(-42.8833568841219,27.3625515028834,4.));
#12076=CARTESIAN_POINT('Ctrl Pts',(-42.6531387120485,27.5692365691066,4.));
#12077=CARTESIAN_POINT('',(-42.8833568841219,27.0187590643764,3.5));
#12078=CARTESIAN_POINT('',(-42.8833568841219,27.0187590643764,4.));
#12079=CARTESIAN_POINT('Ctrl Pts',(-42.8833568841219,27.0187590643764,3.5));
#12080=CARTESIAN_POINT('Ctrl Pts',(-42.8833568841219,27.3625515028834,3.5));
#12081=CARTESIAN_POINT('Ctrl Pts',(-42.6531387120485,27.5692365691066,3.5));
#12082=CARTESIAN_POINT('Ctrl Pts',(-42.8311742097139,26.7128239199519,4.));
#12083=CARTESIAN_POINT('Ctrl Pts',(-42.8311742097139,26.7128239199519,3.5));
#12084=CARTESIAN_POINT('Ctrl Pts',(-42.8833568841219,26.8530021235347,4.));
#12085=CARTESIAN_POINT('Ctrl Pts',(-42.8833568841219,26.8530021235347,3.5));
#12086=CARTESIAN_POINT('Ctrl Pts',(-42.8833568841219,27.0187590643764,4.));
#12087=CARTESIAN_POINT('Ctrl Pts',(-42.8833568841219,27.0187590643764,3.5));
#12088=CARTESIAN_POINT('',(-42.8311742097139,26.7128239199519,4.));
#12089=CARTESIAN_POINT('Ctrl Pts',(-42.8311742097139,26.7128239199519,4.));
#12090=CARTESIAN_POINT('Ctrl Pts',(-42.8833568841219,26.8530021235347,4.));
#12091=CARTESIAN_POINT('Ctrl Pts',(-42.8833568841219,27.0187590643764,4.));
#12092=CARTESIAN_POINT('',(-42.8311742097139,26.7128239199519,3.5));
#12093=CARTESIAN_POINT('',(-42.8311742097139,26.7128239199519,4.));
#12094=CARTESIAN_POINT('Ctrl Pts',(-42.8311742097139,26.7128239199519,3.5));
#12095=CARTESIAN_POINT('Ctrl Pts',(-42.8833568841219,26.8530021235347,3.5));
#12096=CARTESIAN_POINT('Ctrl Pts',(-42.8833568841219,27.0187590643764,3.5));
#12097=CARTESIAN_POINT('Ctrl Pts',(-42.6562083512545,26.4109836146235,4.));
#12098=CARTESIAN_POINT('Ctrl Pts',(-42.6562083512545,26.4109836146235,3.5));
#12099=CARTESIAN_POINT('Ctrl Pts',(-42.778991535306,26.572646908462,4.));
#12100=CARTESIAN_POINT('Ctrl Pts',(-42.778991535306,26.572646908462,3.5));
#12101=CARTESIAN_POINT('Ctrl Pts',(-42.8311742097139,26.7128239199519,4.));
#12102=CARTESIAN_POINT('Ctrl Pts',(-42.8311742097139,26.7128239199519,3.5));
#12103=CARTESIAN_POINT('',(-42.6562083512545,26.4109836146235,4.));
#12104=CARTESIAN_POINT('Ctrl Pts',(-42.6562083512545,26.4109836146235,4.));
#12105=CARTESIAN_POINT('Ctrl Pts',(-42.778991535306,26.572646908462,4.));
#12106=CARTESIAN_POINT('Ctrl Pts',(-42.8311742097139,26.7128239199519,4.));
#12107=CARTESIAN_POINT('',(-42.6562083512545,26.4109836146235,3.5));
#12108=CARTESIAN_POINT('',(-42.6562083512545,26.4109836146235,4.));
#12109=CARTESIAN_POINT('Ctrl Pts',(-42.6562083512545,26.4109836146235,3.5));
#12110=CARTESIAN_POINT('Ctrl Pts',(-42.778991535306,26.572646908462,3.5));
#12111=CARTESIAN_POINT('Ctrl Pts',(-42.8311742097139,26.7128239199519,3.5));
#12112=CARTESIAN_POINT('Origin',(-43.6589366942644,26.6217599436641,4.));
#12113=CARTESIAN_POINT('',(-43.6589366942644,26.6217599436641,4.));
#12114=CARTESIAN_POINT('',(-44.1500721292586,26.7249979988875,4.));
#12115=CARTESIAN_POINT('',(-43.6589366942644,26.6217599436641,3.5));
#12116=CARTESIAN_POINT('',(-43.6589366942644,26.6217599436641,4.));
#12117=CARTESIAN_POINT('',(-43.6589366942644,26.6217599436641,3.5));
#12118=CARTESIAN_POINT('Origin',(-43.6589366942644,26.032401137054,4.));
#12119=CARTESIAN_POINT('',(-43.6589366942644,26.032401137054,4.));
#12120=CARTESIAN_POINT('',(-43.6589366942644,26.7662009038031,4.));
#12121=CARTESIAN_POINT('',(-43.6589366942644,26.032401137054,3.5));
#12122=CARTESIAN_POINT('',(-43.6589366942644,26.032401137054,4.));
#12123=CARTESIAN_POINT('',(-43.6589366942644,26.032401137054,3.5));
#12124=CARTESIAN_POINT('Origin',(-40.6589365750551,25.4062078520656,4.));
#12125=CARTESIAN_POINT('',(-40.6589365750551,25.4062078520656,4.));
#12126=CARTESIAN_POINT('',(-42.7086837347001,25.8340538041624,4.));
#12127=CARTESIAN_POINT('',(-40.6589365750551,25.4062078520656,3.5));
#12128=CARTESIAN_POINT('',(-40.6589365750551,25.4062078520656,4.));
#12129=CARTESIAN_POINT('',(-40.6589365750551,25.4062078520656,3.5));
#12130=CARTESIAN_POINT('Origin',(-40.6589365750551,25.9403143450618,4.));
#12131=CARTESIAN_POINT('',(-40.6589365750551,25.9403143450618,4.));
#12132=CARTESIAN_POINT('',(-40.6589365750551,26.720157507807,4.));
#12133=CARTESIAN_POINT('',(-40.6589365750551,25.9403143450618,3.5));
#12134=CARTESIAN_POINT('',(-40.6589365750551,25.9403143450618,4.));
#12135=CARTESIAN_POINT('',(-40.6589365750551,25.9403143450618,3.5));
#12136=CARTESIAN_POINT('Origin',(-41.0170537978411,26.0160313174129,4.));
#12137=CARTESIAN_POINT('',(-42.8341749516567,26.4002265010225,4.));
#12138=CARTESIAN_POINT('',(-41.0170537978411,26.0160313174129,3.5));
#12139=CARTESIAN_POINT('Origin',(-42.133356705308,26.5910647436976,3.5));
#12140=CARTESIAN_POINT('Ctrl Pts',(-42.3267401009798,34.0020475909114,4.));
#12141=CARTESIAN_POINT('Ctrl Pts',(-42.3267401009798,34.0020475909114,3.5));
#12142=CARTESIAN_POINT('Ctrl Pts',(-42.1896327286959,33.8577757403255,4.));
#12143=CARTESIAN_POINT('Ctrl Pts',(-42.1896327286959,33.8577757403255,3.5));
#12144=CARTESIAN_POINT('Ctrl Pts',(-41.921556070447,33.8066158816218,4.));
#12145=CARTESIAN_POINT('Ctrl Pts',(-41.921556070447,33.8066158816218,3.5));
#12146=CARTESIAN_POINT('',(-42.3267401009798,34.0020475909114,4.));
#12147=CARTESIAN_POINT('',(-41.921556070447,33.8066158816218,4.));
#12148=CARTESIAN_POINT('Ctrl Pts',(-42.3267401009798,34.0020475909114,4.));
#12149=CARTESIAN_POINT('Ctrl Pts',(-42.1896327286959,33.8577757403255,4.));
#12150=CARTESIAN_POINT('Ctrl Pts',(-41.921556070447,33.8066158816218,4.));
#12151=CARTESIAN_POINT('',(-42.3267401009798,34.0020475909114,3.5));
#12152=CARTESIAN_POINT('',(-42.3267401009798,34.0020475909114,4.));
#12153=CARTESIAN_POINT('',(-41.921556070447,33.8066158816218,3.5));
#12154=CARTESIAN_POINT('Ctrl Pts',(-42.3267401009798,34.0020475909114,3.5));
#12155=CARTESIAN_POINT('Ctrl Pts',(-42.1896327286959,33.8577757403255,3.5));
#12156=CARTESIAN_POINT('Ctrl Pts',(-41.921556070447,33.8066158816218,3.5));
#12157=CARTESIAN_POINT('',(-41.921556070447,33.8066158816218,4.));
#12158=CARTESIAN_POINT('Ctrl Pts',(-42.4638480693102,34.3284450098872,4.));
#12159=CARTESIAN_POINT('Ctrl Pts',(-42.4638480693102,34.3284450098872,3.5));
#12160=CARTESIAN_POINT('Ctrl Pts',(-42.4638480693102,34.1463146731257,4.));
#12161=CARTESIAN_POINT('Ctrl Pts',(-42.4638480693102,34.1463146731257,3.5));
#12162=CARTESIAN_POINT('Ctrl Pts',(-42.3267401009798,34.0020475909114,4.));
#12163=CARTESIAN_POINT('Ctrl Pts',(-42.3267401009798,34.0020475909114,3.5));
#12164=CARTESIAN_POINT('',(-42.4638480693102,34.3284450098872,4.));
#12165=CARTESIAN_POINT('Ctrl Pts',(-42.4638480693102,34.3284450098872,4.));
#12166=CARTESIAN_POINT('Ctrl Pts',(-42.4638480693102,34.1463146731257,4.));
#12167=CARTESIAN_POINT('Ctrl Pts',(-42.3267401009798,34.0020475909114,4.));
#12168=CARTESIAN_POINT('',(-42.4638480693102,34.3284450098872,3.5));
#12169=CARTESIAN_POINT('',(-42.4638480693102,34.3284450098872,4.));
#12170=CARTESIAN_POINT('Ctrl Pts',(-42.4638480693102,34.3284450098872,3.5));
#12171=CARTESIAN_POINT('Ctrl Pts',(-42.4638480693102,34.1463146731257,3.5));
#12172=CARTESIAN_POINT('Ctrl Pts',(-42.3267401009798,34.0020475909114,3.5));
#12173=CARTESIAN_POINT('Ctrl Pts',(-42.3431111127138,34.619031958282,4.));
#12174=CARTESIAN_POINT('Ctrl Pts',(-42.3431111127138,34.619031958282,3.5));
#12175=CARTESIAN_POINT('Ctrl Pts',(-42.4638480693102,34.5105729624629,4.));
#12176=CARTESIAN_POINT('Ctrl Pts',(-42.4638480693102,34.5105729624629,3.5));
#12177=CARTESIAN_POINT('Ctrl Pts',(-42.4638480693102,34.3284450098872,4.));
#12178=CARTESIAN_POINT('Ctrl Pts',(-42.4638480693102,34.3284450098872,3.5));
#12179=CARTESIAN_POINT('',(-42.3431111127138,34.619031958282,4.));
#12180=CARTESIAN_POINT('Ctrl Pts',(-42.3431111127138,34.619031958282,4.));
#12181=CARTESIAN_POINT('Ctrl Pts',(-42.4638480693102,34.5105729624629,4.));
#12182=CARTESIAN_POINT('Ctrl Pts',(-42.4638480693102,34.3284450098872,4.));
#12183=CARTESIAN_POINT('',(-42.3431111127138,34.619031958282,3.5));
#12184=CARTESIAN_POINT('',(-42.3431111127138,34.619031958282,4.));
#12185=CARTESIAN_POINT('Ctrl Pts',(-42.3431111127138,34.619031958282,3.5));
#12186=CARTESIAN_POINT('Ctrl Pts',(-42.4638480693102,34.5105729624629,3.5));
#12187=CARTESIAN_POINT('Ctrl Pts',(-42.4638480693102,34.3284450098872,3.5));
#12188=CARTESIAN_POINT('Ctrl Pts',(-41.9809008389711,34.7274885699153,4.));
#12189=CARTESIAN_POINT('Ctrl Pts',(-41.9809008389711,34.7274885699153,3.5));
#12190=CARTESIAN_POINT('Ctrl Pts',(-42.2223747521639,34.7274885699153,4.));
#12191=CARTESIAN_POINT('Ctrl Pts',(-42.2223747521639,34.7274885699153,3.5));
#12192=CARTESIAN_POINT('Ctrl Pts',(-42.3431111127138,34.619031958282,4.));
#12193=CARTESIAN_POINT('Ctrl Pts',(-42.3431111127138,34.619031958282,3.5));
#12194=CARTESIAN_POINT('',(-41.9809008389711,34.7274885699153,4.));
#12195=CARTESIAN_POINT('Ctrl Pts',(-41.9809008389711,34.7274885699153,4.));
#12196=CARTESIAN_POINT('Ctrl Pts',(-42.2223747521639,34.7274885699153,4.));
#12197=CARTESIAN_POINT('Ctrl Pts',(-42.3431111127138,34.619031958282,4.));
#12198=CARTESIAN_POINT('',(-41.9809008389711,34.7274885699153,3.5));
#12199=CARTESIAN_POINT('',(-41.9809008389711,34.7274885699153,4.));
#12200=CARTESIAN_POINT('Ctrl Pts',(-41.9809008389711,34.7274885699153,3.5));
#12201=CARTESIAN_POINT('Ctrl Pts',(-42.2223747521639,34.7274885699153,3.5));
#12202=CARTESIAN_POINT('Ctrl Pts',(-42.3431111127138,34.619031958282,3.5));
#12203=CARTESIAN_POINT('Ctrl Pts',(-41.921556070447,34.7254429385066,4.));
#12204=CARTESIAN_POINT('Ctrl Pts',(-41.921556070447,34.7254429385066,3.5));
#12205=CARTESIAN_POINT('Ctrl Pts',(-41.9604373723269,34.7274885699153,4.));
#12206=CARTESIAN_POINT('Ctrl Pts',(-41.9604373723269,34.7274885699153,3.5));
#12207=CARTESIAN_POINT('Ctrl Pts',(-41.9809008389711,34.7274885699153,4.));
#12208=CARTESIAN_POINT('Ctrl Pts',(-41.9809008389711,34.7274885699153,3.5));
#12209=CARTESIAN_POINT('',(-41.921556070447,34.7254429385066,4.));
#12210=CARTESIAN_POINT('Ctrl Pts',(-41.921556070447,34.7254429385066,4.));
#12211=CARTESIAN_POINT('Ctrl Pts',(-41.9604373723269,34.7274885699153,4.));
#12212=CARTESIAN_POINT('Ctrl Pts',(-41.9809008389711,34.7274885699153,4.));
#12213=CARTESIAN_POINT('',(-41.921556070447,34.7254429385066,3.5));
#12214=CARTESIAN_POINT('',(-41.921556070447,34.7254429385066,4.));
#12215=CARTESIAN_POINT('Ctrl Pts',(-41.921556070447,34.7254429385066,3.5));
#12216=CARTESIAN_POINT('Ctrl Pts',(-41.9604373723269,34.7274885699153,3.5));
#12217=CARTESIAN_POINT('Ctrl Pts',(-41.9809008389711,34.7274885699153,3.5));
#12218=CARTESIAN_POINT('Origin',(-41.921556070447,33.8066158816218,4.));
#12219=CARTESIAN_POINT('',(-41.921556070447,30.653308276087,4.));
#12220=CARTESIAN_POINT('',(-41.921556070447,33.8066158816218,3.5));
#12221=CARTESIAN_POINT('Ctrl Pts',(-42.8833568841219,34.3918810412288,4.));
#12222=CARTESIAN_POINT('Ctrl Pts',(-42.8833568841219,34.3918810412288,3.5));
#12223=CARTESIAN_POINT('Ctrl Pts',(-42.8833568841219,34.7909269854426,4.));
#12224=CARTESIAN_POINT('Ctrl Pts',(-42.8833568841219,34.7909269854426,3.5));
#12225=CARTESIAN_POINT('Ctrl Pts',(-42.6367677003145,35.0262604281306,4.));
#12226=CARTESIAN_POINT('Ctrl Pts',(-42.6367677003145,35.0262604281306,3.5));
#12227=CARTESIAN_POINT('',(-42.8833568841219,34.3918810412288,4.));
#12228=CARTESIAN_POINT('',(-42.6367677003145,35.0262604281306,4.));
#12229=CARTESIAN_POINT('Ctrl Pts',(-42.8833568841219,34.3918810412288,4.));
#12230=CARTESIAN_POINT('Ctrl Pts',(-42.8833568841219,34.7909269854426,4.));
#12231=CARTESIAN_POINT('Ctrl Pts',(-42.6367677003145,35.0262604281306,4.));
#12232=CARTESIAN_POINT('',(-42.8833568841219,34.3918810412288,3.5));
#12233=CARTESIAN_POINT('',(-42.8833568841219,34.3918810412288,4.));
#12234=CARTESIAN_POINT('',(-42.6367677003145,35.0262604281306,3.5));
#12235=CARTESIAN_POINT('Ctrl Pts',(-42.8833568841219,34.3918810412288,3.5));
#12236=CARTESIAN_POINT('Ctrl Pts',(-42.8833568841219,34.7909269854426,3.5));
#12237=CARTESIAN_POINT('Ctrl Pts',(-42.6367677003145,35.0262604281306,3.5));
#12238=CARTESIAN_POINT('',(-42.6367677003145,35.0262604281306,4.));
#12239=CARTESIAN_POINT('Ctrl Pts',(-42.4126882106066,33.428035788238,4.));
#12240=CARTESIAN_POINT('Ctrl Pts',(-42.4126882106066,33.428035788238,3.5));
#12241=CARTESIAN_POINT('Ctrl Pts',(-42.8833568841219,33.7656889483333,4.));
#12242=CARTESIAN_POINT('Ctrl Pts',(-42.8833568841219,33.7656889483333,3.5));
#12243=CARTESIAN_POINT('Ctrl Pts',(-42.8833568841219,34.3918810412288,4.));
#12244=CARTESIAN_POINT('Ctrl Pts',(-42.8833568841219,34.3918810412288,3.5));
#12245=CARTESIAN_POINT('',(-42.4126882106066,33.428035788238,4.));
#12246=CARTESIAN_POINT('Ctrl Pts',(-42.4126882106066,33.428035788238,4.));
#12247=CARTESIAN_POINT('Ctrl Pts',(-42.8833568841219,33.7656889483333,4.));
#12248=CARTESIAN_POINT('Ctrl Pts',(-42.8833568841219,34.3918810412288,4.));
#12249=CARTESIAN_POINT('',(-42.4126882106066,33.428035788238,3.5));
#12250=CARTESIAN_POINT('',(-42.4126882106066,33.428035788238,4.));
#12251=CARTESIAN_POINT('Ctrl Pts',(-42.4126882106066,33.428035788238,3.5));
#12252=CARTESIAN_POINT('Ctrl Pts',(-42.8833568841219,33.7656889483333,3.5));
#12253=CARTESIAN_POINT('Ctrl Pts',(-42.8833568841219,34.3918810412288,3.5));
#12254=CARTESIAN_POINT('Ctrl Pts',(-41.6186911612749,33.1804237887263,4.));
#12255=CARTESIAN_POINT('Ctrl Pts',(-41.6186911612749,33.1804237887263,3.5));
#12256=CARTESIAN_POINT('Ctrl Pts',(-42.0648027211428,33.1804237887263,4.));
#12257=CARTESIAN_POINT('Ctrl Pts',(-42.0648027211428,33.1804237887263,3.5));
#12258=CARTESIAN_POINT('Ctrl Pts',(-42.4126882106066,33.428035788238,4.));
#12259=CARTESIAN_POINT('Ctrl Pts',(-42.4126882106066,33.428035788238,3.5));
#12260=CARTESIAN_POINT('',(-41.6186911612749,33.1804237887263,4.));
#12261=CARTESIAN_POINT('Ctrl Pts',(-41.6186911612749,33.1804237887263,4.));
#12262=CARTESIAN_POINT('Ctrl Pts',(-42.0648027211428,33.1804237887263,4.));
#12263=CARTESIAN_POINT('Ctrl Pts',(-42.4126882106066,33.428035788238,4.));
#12264=CARTESIAN_POINT('',(-41.6186911612749,33.1804237887263,3.5));
#12265=CARTESIAN_POINT('',(-41.6186911612749,33.1804237887263,4.));
#12266=CARTESIAN_POINT('Ctrl Pts',(-41.6186911612749,33.1804237887263,3.5));
#12267=CARTESIAN_POINT('Ctrl Pts',(-42.0648027211428,33.1804237887263,3.5));
#12268=CARTESIAN_POINT('Ctrl Pts',(-42.4126882106066,33.428035788238,3.5));
#12269=CARTESIAN_POINT('Ctrl Pts',(-40.8850622922182,33.4546385332942,4.));
#12270=CARTESIAN_POINT('Ctrl Pts',(-40.8850622922182,33.4546385332942,3.5));
#12271=CARTESIAN_POINT('Ctrl Pts',(-41.1623472720385,33.1804237887263,4.));
#12272=CARTESIAN_POINT('Ctrl Pts',(-41.1623472720385,33.1804237887263,3.5));
#12273=CARTESIAN_POINT('Ctrl Pts',(-41.6186911612749,33.1804237887263,4.));
#12274=CARTESIAN_POINT('Ctrl Pts',(-41.6186911612749,33.1804237887263,3.5));
#12275=CARTESIAN_POINT('',(-40.8850622922182,33.4546385332942,4.));
#12276=CARTESIAN_POINT('Ctrl Pts',(-40.8850622922182,33.4546385332942,4.));
#12277=CARTESIAN_POINT('Ctrl Pts',(-41.1623472720385,33.1804237887263,4.));
#12278=CARTESIAN_POINT('Ctrl Pts',(-41.6186911612749,33.1804237887263,4.));
#12279=CARTESIAN_POINT('',(-40.8850622922182,33.4546385332942,3.5));
#12280=CARTESIAN_POINT('',(-40.8850622922182,33.4546385332942,4.));
#12281=CARTESIAN_POINT('Ctrl Pts',(-40.8850622922182,33.4546385332942,3.5));
#12282=CARTESIAN_POINT('Ctrl Pts',(-41.1623472720385,33.1804237887263,3.5));
#12283=CARTESIAN_POINT('Ctrl Pts',(-41.6186911612749,33.1804237887263,3.5));
#12284=CARTESIAN_POINT('Ctrl Pts',(-40.6077767163515,34.1667805239558,4.));
#12285=CARTESIAN_POINT('Ctrl Pts',(-40.6077767163515,34.1667805239558,3.5));
#12286=CARTESIAN_POINT('Ctrl Pts',(-40.6077767163515,33.7288532778621,4.));
#12287=CARTESIAN_POINT('Ctrl Pts',(-40.6077767163515,33.7288532778621,3.5));
#12288=CARTESIAN_POINT('Ctrl Pts',(-40.8850622922182,33.4546385332942,4.));
#12289=CARTESIAN_POINT('Ctrl Pts',(-40.8850622922182,33.4546385332942,3.5));
#12290=CARTESIAN_POINT('',(-40.6077767163515,34.1667805239558,4.));
#12291=CARTESIAN_POINT('Ctrl Pts',(-40.6077767163515,34.1667805239558,4.));
#12292=CARTESIAN_POINT('Ctrl Pts',(-40.6077767163515,33.7288532778621,4.));
#12293=CARTESIAN_POINT('Ctrl Pts',(-40.8850622922182,33.4546385332942,4.));
#12294=CARTESIAN_POINT('',(-40.6077767163515,34.1667805239558,3.5));
#12295=CARTESIAN_POINT('',(-40.6077767163515,34.1667805239558,4.));
#12296=CARTESIAN_POINT('Ctrl Pts',(-40.6077767163515,34.1667805239558,3.5));
#12297=CARTESIAN_POINT('Ctrl Pts',(-40.6077767163515,33.7288532778621,3.5));
#12298=CARTESIAN_POINT('Ctrl Pts',(-40.8850622922182,33.4546385332942,3.5));
#12299=CARTESIAN_POINT('Ctrl Pts',(-40.766371563077,34.7428379580379,4.));
#12300=CARTESIAN_POINT('Ctrl Pts',(-40.766371563077,34.7428379580379,3.5));
#12301=CARTESIAN_POINT('Ctrl Pts',(-40.6077767163515,34.4860158488154,4.));
#12302=CARTESIAN_POINT('Ctrl Pts',(-40.6077767163515,34.4860158488154,3.5));
#12303=CARTESIAN_POINT('Ctrl Pts',(-40.6077767163515,34.1667805239558,4.));
#12304=CARTESIAN_POINT('Ctrl Pts',(-40.6077767163515,34.1667805239558,3.5));
#12305=CARTESIAN_POINT('',(-40.766371563077,34.7428379580379,4.));
#12306=CARTESIAN_POINT('Ctrl Pts',(-40.766371563077,34.7428379580379,4.));
#12307=CARTESIAN_POINT('Ctrl Pts',(-40.6077767163515,34.4860158488154,4.));
#12308=CARTESIAN_POINT('Ctrl Pts',(-40.6077767163515,34.1667805239558,4.));
#12309=CARTESIAN_POINT('',(-40.766371563077,34.7428379580379,3.5));
#12310=CARTESIAN_POINT('',(-40.766371563077,34.7428379580379,4.));
#12311=CARTESIAN_POINT('Ctrl Pts',(-40.766371563077,34.7428379580379,3.5));
#12312=CARTESIAN_POINT('Ctrl Pts',(-40.6077767163515,34.4860158488154,3.5));
#12313=CARTESIAN_POINT('Ctrl Pts',(-40.6077767163515,34.1667805239558,3.5));
#12314=CARTESIAN_POINT('Ctrl Pts',(-41.2421561032534,35.1531372591853,4.));
#12315=CARTESIAN_POINT('Ctrl Pts',(-41.2421561032534,35.1531372591853,3.5));
#12316=CARTESIAN_POINT('Ctrl Pts',(-40.9249664098024,34.9996576830745,4.));
#12317=CARTESIAN_POINT('Ctrl Pts',(-40.9249664098024,34.9996576830745,3.5));
#12318=CARTESIAN_POINT('Ctrl Pts',(-40.766371563077,34.7428379580379,4.));
#12319=CARTESIAN_POINT('Ctrl Pts',(-40.766371563077,34.7428379580379,3.5));
#12320=CARTESIAN_POINT('',(-41.2421561032534,35.1531372591853,4.));
#12321=CARTESIAN_POINT('Ctrl Pts',(-41.2421561032534,35.1531372591853,4.));
#12322=CARTESIAN_POINT('Ctrl Pts',(-40.9249664098024,34.9996576830745,4.));
#12323=CARTESIAN_POINT('Ctrl Pts',(-40.766371563077,34.7428379580379,4.));
#12324=CARTESIAN_POINT('',(-41.2421561032534,35.1531372591853,3.5));
#12325=CARTESIAN_POINT('',(-41.2421561032534,35.1531372591853,4.));
#12326=CARTESIAN_POINT('Ctrl Pts',(-41.2421561032534,35.1531372591853,3.5));
#12327=CARTESIAN_POINT('Ctrl Pts',(-40.9249664098024,34.9996576830745,3.5));
#12328=CARTESIAN_POINT('Ctrl Pts',(-40.766371563077,34.7428379580379,3.5));
#12329=CARTESIAN_POINT('Origin',(-41.3301504403353,34.6272168681026,4.));
#12330=CARTESIAN_POINT('',(-41.3301504403353,34.6272168681026,4.));
#12331=CARTESIAN_POINT('',(-41.9533189960243,30.9026925249808,4.));
#12332=CARTESIAN_POINT('',(-41.3301504403353,34.6272168681026,3.5));
#12333=CARTESIAN_POINT('',(-41.3301504403353,34.6272168681026,4.));
#12334=CARTESIAN_POINT('',(-41.3301504403353,34.6272168681026,3.5));
#12335=CARTESIAN_POINT('Ctrl Pts',(-41.0272861272097,34.1708717867732,4.));
#12336=CARTESIAN_POINT('Ctrl Pts',(-41.0272861272097,34.1708717867732,3.5));
#12337=CARTESIAN_POINT('Ctrl Pts',(-41.0272861272097,34.4635067507625,4.));
#12338=CARTESIAN_POINT('Ctrl Pts',(-41.0272861272097,34.4635067507625,3.5));
#12339=CARTESIAN_POINT('Ctrl Pts',(-41.3301504403353,34.6272168681026,4.));
#12340=CARTESIAN_POINT('Ctrl Pts',(-41.3301504403353,34.6272168681026,3.5));
#12341=CARTESIAN_POINT('',(-41.0272861272097,34.1708717867732,4.));
#12342=CARTESIAN_POINT('Ctrl Pts',(-41.0272861272097,34.1708717867732,4.));
#12343=CARTESIAN_POINT('Ctrl Pts',(-41.0272861272097,34.4635067507625,4.));
#12344=CARTESIAN_POINT('Ctrl Pts',(-41.3301504403353,34.6272168681026,4.));
#12345=CARTESIAN_POINT('',(-41.0272861272097,34.1708717867732,3.5));
#12346=CARTESIAN_POINT('',(-41.0272861272097,34.1708717867732,4.));
#12347=CARTESIAN_POINT('Ctrl Pts',(-41.0272861272097,34.1708717867732,3.5));
#12348=CARTESIAN_POINT('Ctrl Pts',(-41.0272861272097,34.4635067507625,3.5));
#12349=CARTESIAN_POINT('Ctrl Pts',(-41.3301504403353,34.6272168681026,3.5));
#12350=CARTESIAN_POINT('Ctrl Pts',(-41.1603010445833,33.8690314814448,4.));
#12351=CARTESIAN_POINT('Ctrl Pts',(-41.1603010445833,33.8690314814448,3.5));
#12352=CARTESIAN_POINT('Ctrl Pts',(-41.0272861272097,33.9928374812007,4.));
#12353=CARTESIAN_POINT('Ctrl Pts',(-41.0272861272097,33.9928374812007,3.5));
#12354=CARTESIAN_POINT('Ctrl Pts',(-41.0272861272097,34.1708717867732,4.));
#12355=CARTESIAN_POINT('Ctrl Pts',(-41.0272861272097,34.1708717867732,3.5));
#12356=CARTESIAN_POINT('',(-41.1603010445833,33.8690314814448,4.));
#12357=CARTESIAN_POINT('Ctrl Pts',(-41.1603010445833,33.8690314814448,4.));
#12358=CARTESIAN_POINT('Ctrl Pts',(-41.0272861272097,33.9928374812007,4.));
#12359=CARTESIAN_POINT('Ctrl Pts',(-41.0272861272097,34.1708717867732,4.));
#12360=CARTESIAN_POINT('',(-41.1603010445833,33.8690314814448,3.5));
#12361=CARTESIAN_POINT('',(-41.1603010445833,33.8690314814448,4.));
#12362=CARTESIAN_POINT('Ctrl Pts',(-41.1603010445833,33.8690314814448,3.5));
#12363=CARTESIAN_POINT('Ctrl Pts',(-41.0272861272097,33.9928374812007,3.5));
#12364=CARTESIAN_POINT('Ctrl Pts',(-41.0272861272097,34.1708717867732,3.5));
#12365=CARTESIAN_POINT('Ctrl Pts',(-41.5102327615023,33.7452230975032,4.));
#12366=CARTESIAN_POINT('Ctrl Pts',(-41.5102327615023,33.7452230975032,3.5));
#12367=CARTESIAN_POINT('Ctrl Pts',(-41.293315961957,33.7452230975032,4.));
#12368=CARTESIAN_POINT('Ctrl Pts',(-41.293315961957,33.7452230975032,3.5));
#12369=CARTESIAN_POINT('Ctrl Pts',(-41.1603010445833,33.8690314814448,4.));
#12370=CARTESIAN_POINT('Ctrl Pts',(-41.1603010445833,33.8690314814448,3.5));
#12371=CARTESIAN_POINT('',(-41.5102327615023,33.7452230975032,4.));
#12372=CARTESIAN_POINT('Ctrl Pts',(-41.5102327615023,33.7452230975032,4.));
#12373=CARTESIAN_POINT('Ctrl Pts',(-41.293315961957,33.7452230975032,4.));
#12374=CARTESIAN_POINT('Ctrl Pts',(-41.1603010445833,33.8690314814448,4.));
#12375=CARTESIAN_POINT('',(-41.5102327615023,33.7452230975032,3.5));
#12376=CARTESIAN_POINT('',(-41.5102327615023,33.7452230975032,4.));
#12377=CARTESIAN_POINT('Ctrl Pts',(-41.5102327615023,33.7452230975032,3.5));
#12378=CARTESIAN_POINT('Ctrl Pts',(-41.293315961957,33.7452230975032,3.5));
#12379=CARTESIAN_POINT('Ctrl Pts',(-41.1603010445833,33.8690314814448,3.5));
#12380=CARTESIAN_POINT('Ctrl Pts',(-41.563438847661,33.7472711130977,4.));
#12381=CARTESIAN_POINT('Ctrl Pts',(-41.563438847661,33.7472711130977,3.5));
#12382=CARTESIAN_POINT('Ctrl Pts',(-41.5286500006914,33.7452230975032,4.));
#12383=CARTESIAN_POINT('Ctrl Pts',(-41.5286500006914,33.7452230975032,3.5));
#12384=CARTESIAN_POINT('Ctrl Pts',(-41.5102327615023,33.7452230975032,4.));
#12385=CARTESIAN_POINT('Ctrl Pts',(-41.5102327615023,33.7452230975032,3.5));
#12386=CARTESIAN_POINT('',(-41.563438847661,33.7472711130977,4.));
#12387=CARTESIAN_POINT('Ctrl Pts',(-41.563438847661,33.7472711130977,4.));
#12388=CARTESIAN_POINT('Ctrl Pts',(-41.5286500006914,33.7452230975032,4.));
#12389=CARTESIAN_POINT('Ctrl Pts',(-41.5102327615023,33.7452230975032,4.));
#12390=CARTESIAN_POINT('',(-41.563438847661,33.7472711130977,3.5));
#12391=CARTESIAN_POINT('',(-41.563438847661,33.7472711130977,4.));
#12392=CARTESIAN_POINT('Ctrl Pts',(-41.563438847661,33.7472711130977,3.5));
#12393=CARTESIAN_POINT('Ctrl Pts',(-41.5286500006914,33.7452230975032,3.5));
#12394=CARTESIAN_POINT('Ctrl Pts',(-41.5102327615023,33.7452230975032,3.5));
#12395=CARTESIAN_POINT('Origin',(-41.563438847661,35.22066693753,4.));
#12396=CARTESIAN_POINT('',(-41.563438847661,35.22066693753,4.));
#12397=CARTESIAN_POINT('',(-41.563438847661,31.3603338040411,4.));
#12398=CARTESIAN_POINT('',(-41.563438847661,35.22066693753,3.5));
#12399=CARTESIAN_POINT('',(-41.563438847661,35.22066693753,4.));
#12400=CARTESIAN_POINT('',(-41.563438847661,35.22066693753,3.5));
#12401=CARTESIAN_POINT('Ctrl Pts',(-41.946112588048,35.2615962550044,4.));
#12402=CARTESIAN_POINT('Ctrl Pts',(-41.946112588048,35.2615962550044,3.5));
#12403=CARTESIAN_POINT('Ctrl Pts',(-41.7332888394594,35.2615962550044,4.));
#12404=CARTESIAN_POINT('Ctrl Pts',(-41.7332888394594,35.2615962550044,3.5));
#12405=CARTESIAN_POINT('Ctrl Pts',(-41.563438847661,35.22066693753,4.));
#12406=CARTESIAN_POINT('Ctrl Pts',(-41.563438847661,35.22066693753,3.5));
#12407=CARTESIAN_POINT('',(-41.946112588048,35.2615962550044,4.));
#12408=CARTESIAN_POINT('Ctrl Pts',(-41.946112588048,35.2615962550044,4.));
#12409=CARTESIAN_POINT('Ctrl Pts',(-41.7332888394594,35.2615962550044,4.));
#12410=CARTESIAN_POINT('Ctrl Pts',(-41.563438847661,35.22066693753,4.));
#12411=CARTESIAN_POINT('',(-41.946112588048,35.2615962550044,3.5));
#12412=CARTESIAN_POINT('',(-41.946112588048,35.2615962550044,4.));
#12413=CARTESIAN_POINT('Ctrl Pts',(-41.946112588048,35.2615962550044,3.5));
#12414=CARTESIAN_POINT('Ctrl Pts',(-41.7332888394594,35.2615962550044,3.5));
#12415=CARTESIAN_POINT('Ctrl Pts',(-41.563438847661,35.22066693753,3.5));
#12416=CARTESIAN_POINT('Ctrl Pts',(-42.6367677003145,35.0262604281306,4.));
#12417=CARTESIAN_POINT('Ctrl Pts',(-42.6367677003145,35.0262604281306,3.5));
#12418=CARTESIAN_POINT('Ctrl Pts',(-42.3901779204607,35.2615962550044,4.));
#12419=CARTESIAN_POINT('Ctrl Pts',(-42.3901779204607,35.2615962550044,3.5));
#12420=CARTESIAN_POINT('Ctrl Pts',(-41.946112588048,35.2615962550044,4.));
#12421=CARTESIAN_POINT('Ctrl Pts',(-41.946112588048,35.2615962550044,3.5));
#12422=CARTESIAN_POINT('Ctrl Pts',(-42.6367677003145,35.0262604281306,4.));
#12423=CARTESIAN_POINT('Ctrl Pts',(-42.3901779204607,35.2615962550044,4.));
#12424=CARTESIAN_POINT('Ctrl Pts',(-41.946112588048,35.2615962550044,4.));
#12425=CARTESIAN_POINT('Ctrl Pts',(-42.6367677003145,35.0262604281306,3.5));
#12426=CARTESIAN_POINT('Ctrl Pts',(-42.3901779204607,35.2615962550044,3.5));
#12427=CARTESIAN_POINT('Ctrl Pts',(-41.946112588048,35.2615962550044,3.5));
#12428=CARTESIAN_POINT('Origin',(-41.7455668002367,34.2210100218654,3.5));
#12429=CARTESIAN_POINT('Ctrl Pts',(-47.7332884818316,31.8819926306605,4.));
#12430=CARTESIAN_POINT('Ctrl Pts',(-47.7332884818316,31.8819926306605,3.5));
#12431=CARTESIAN_POINT('Ctrl Pts',(-47.5163718312979,31.7039571329951,4.));
#12432=CARTESIAN_POINT('Ctrl Pts',(-47.5163718312979,31.7039571329951,3.5));
#12433=CARTESIAN_POINT('Ctrl Pts',(-46.9699872285128,31.5750346705317,4.));
#12434=CARTESIAN_POINT('Ctrl Pts',(-46.9699872285128,31.5750346705317,3.5));
#12435=CARTESIAN_POINT('',(-47.7332884818316,31.8819926306605,4.));
#12436=CARTESIAN_POINT('',(-46.9699872285128,31.5750346705317,4.));
#12437=CARTESIAN_POINT('Ctrl Pts',(-47.7332884818316,31.8819926306605,4.));
#12438=CARTESIAN_POINT('Ctrl Pts',(-47.5163718312979,31.7039571329951,4.));
#12439=CARTESIAN_POINT('Ctrl Pts',(-46.9699872285128,31.5750346705317,4.));
#12440=CARTESIAN_POINT('',(-47.7332884818316,31.8819926306605,3.5));
#12441=CARTESIAN_POINT('',(-47.7332884818316,31.8819926306605,4.));
#12442=CARTESIAN_POINT('',(-46.9699872285128,31.5750346705317,3.5));
#12443=CARTESIAN_POINT('Ctrl Pts',(-47.7332884818316,31.8819926306605,3.5));
#12444=CARTESIAN_POINT('Ctrl Pts',(-47.5163718312979,31.7039571329951,3.5));
#12445=CARTESIAN_POINT('Ctrl Pts',(-46.9699872285128,31.5750346705317,3.5));
#12446=CARTESIAN_POINT('',(-46.9699872285128,31.5750346705317,4.));
#12447=CARTESIAN_POINT('Ctrl Pts',(-47.8826747089624,32.15825419873,4.));
#12448=CARTESIAN_POINT('Ctrl Pts',(-47.8826747089624,32.15825419873,3.5));
#12449=CARTESIAN_POINT('Ctrl Pts',(-47.8826747089624,32.0027289912105,4.));
#12450=CARTESIAN_POINT('Ctrl Pts',(-47.8826747089624,32.0027289912105,3.5));
#12451=CARTESIAN_POINT('Ctrl Pts',(-47.7332884818316,31.8819926306605,4.));
#12452=CARTESIAN_POINT('Ctrl Pts',(-47.7332884818316,31.8819926306605,3.5));
#12453=CARTESIAN_POINT('',(-47.8826747089624,32.15825419873,4.));
#12454=CARTESIAN_POINT('Ctrl Pts',(-47.8826747089624,32.15825419873,4.));
#12455=CARTESIAN_POINT('Ctrl Pts',(-47.8826747089624,32.0027289912105,4.));
#12456=CARTESIAN_POINT('Ctrl Pts',(-47.7332884818316,31.8819926306605,4.));
#12457=CARTESIAN_POINT('',(-47.8826747089624,32.15825419873,3.5));
#12458=CARTESIAN_POINT('',(-47.8826747089624,32.15825419873,4.));
#12459=CARTESIAN_POINT('Ctrl Pts',(-47.8826747089624,32.15825419873,3.5));
#12460=CARTESIAN_POINT('Ctrl Pts',(-47.8826747089624,32.0027289912105,3.5));
#12461=CARTESIAN_POINT('Ctrl Pts',(-47.7332884818316,31.8819926306605,3.5));
#12462=CARTESIAN_POINT('Ctrl Pts',(-47.7834249287844,32.3598239943385,4.));
#12463=CARTESIAN_POINT('Ctrl Pts',(-47.7834249287844,32.3598239943385,3.5));
#12464=CARTESIAN_POINT('Ctrl Pts',(-47.8826747089624,32.2810373827815,4.));
#12465=CARTESIAN_POINT('Ctrl Pts',(-47.8826747089624,32.2810373827815,3.5));
#12466=CARTESIAN_POINT('Ctrl Pts',(-47.8826747089624,32.15825419873,4.));
#12467=CARTESIAN_POINT('Ctrl Pts',(-47.8826747089624,32.15825419873,3.5));
#12468=CARTESIAN_POINT('',(-47.7834249287844,32.3598239943385,4.));
#12469=CARTESIAN_POINT('Ctrl Pts',(-47.7834249287844,32.3598239943385,4.));
#12470=CARTESIAN_POINT('Ctrl Pts',(-47.8826747089624,32.2810373827815,4.));
#12471=CARTESIAN_POINT('Ctrl Pts',(-47.8826747089624,32.15825419873,4.));
#12472=CARTESIAN_POINT('',(-47.7834249287844,32.3598239943385,3.5));
#12473=CARTESIAN_POINT('',(-47.7834249287844,32.3598239943385,4.));
#12474=CARTESIAN_POINT('Ctrl Pts',(-47.7834249287844,32.3598239943385,3.5));
#12475=CARTESIAN_POINT('Ctrl Pts',(-47.8826747089624,32.2810373827815,3.5));
#12476=CARTESIAN_POINT('Ctrl Pts',(-47.8826747089624,32.15825419873,3.5));
#12477=CARTESIAN_POINT('Ctrl Pts',(-47.4590729922056,32.4386094138026,4.));
#12478=CARTESIAN_POINT('Ctrl Pts',(-47.4590729922056,32.4386094138026,3.5));
#12479=CARTESIAN_POINT('Ctrl Pts',(-47.6841752976179,32.4386094138026,4.));
#12480=CARTESIAN_POINT('Ctrl Pts',(-47.6841752976179,32.4386094138026,3.5));
#12481=CARTESIAN_POINT('Ctrl Pts',(-47.7834249287844,32.3598239943385,4.));
#12482=CARTESIAN_POINT('Ctrl Pts',(-47.7834249287844,32.3598239943385,3.5));
#12483=CARTESIAN_POINT('',(-47.4590729922056,32.4386094138026,4.));
#12484=CARTESIAN_POINT('Ctrl Pts',(-47.4590729922056,32.4386094138026,4.));
#12485=CARTESIAN_POINT('Ctrl Pts',(-47.6841752976179,32.4386094138026,4.));
#12486=CARTESIAN_POINT('Ctrl Pts',(-47.7834249287844,32.3598239943385,4.));
#12487=CARTESIAN_POINT('',(-47.4590729922056,32.4386094138026,3.5));
#12488=CARTESIAN_POINT('',(-47.4590729922056,32.4386094138026,4.));
#12489=CARTESIAN_POINT('Ctrl Pts',(-47.4590729922056,32.4386094138026,3.5));
#12490=CARTESIAN_POINT('Ctrl Pts',(-47.6841752976179,32.4386094138026,3.5));
#12491=CARTESIAN_POINT('Ctrl Pts',(-47.7834249287844,32.3598239943385,3.5));
#12492=CARTESIAN_POINT('Ctrl Pts',(-46.7100960761309,32.3342440649867,4.));
#12493=CARTESIAN_POINT('Ctrl Pts',(-46.7100960761309,32.3342440649867,3.5));
#12494=CARTESIAN_POINT('Ctrl Pts',(-47.1828109771013,32.4386094138026,4.));
#12495=CARTESIAN_POINT('Ctrl Pts',(-47.1828109771013,32.4386094138026,3.5));
#12496=CARTESIAN_POINT('Ctrl Pts',(-47.4590729922056,32.4386094138026,4.));
#12497=CARTESIAN_POINT('Ctrl Pts',(-47.4590729922056,32.4386094138026,3.5));
#12498=CARTESIAN_POINT('',(-46.7100960761309,32.3342440649867,4.));
#12499=CARTESIAN_POINT('Ctrl Pts',(-46.7100960761309,32.3342440649867,4.));
#12500=CARTESIAN_POINT('Ctrl Pts',(-47.1828109771013,32.4386094138026,4.));
#12501=CARTESIAN_POINT('Ctrl Pts',(-47.4590729922056,32.4386094138026,4.));
#12502=CARTESIAN_POINT('',(-46.7100960761309,32.3342440649867,3.5));
#12503=CARTESIAN_POINT('',(-46.7100960761309,32.3342440649867,4.));
#12504=CARTESIAN_POINT('Ctrl Pts',(-46.7100960761309,32.3342440649867,3.5));
#12505=CARTESIAN_POINT('Ctrl Pts',(-47.1828109771013,32.4386094138026,3.5));
#12506=CARTESIAN_POINT('Ctrl Pts',(-47.4590729922056,32.4386094138026,3.5));
#12507=CARTESIAN_POINT('Ctrl Pts',(-45.9120059758425,32.0334253832698,4.));
#12508=CARTESIAN_POINT('Ctrl Pts',(-45.9120059758425,32.0334253832698,3.5));
#12509=CARTESIAN_POINT('Ctrl Pts',(-46.1145979911089,32.2032747790217,4.));
#12510=CARTESIAN_POINT('Ctrl Pts',(-46.1145979911089,32.2032747790217,3.5));
#12511=CARTESIAN_POINT('Ctrl Pts',(-46.7100960761309,32.3342440649867,4.));
#12512=CARTESIAN_POINT('Ctrl Pts',(-46.7100960761309,32.3342440649867,3.5));
#12513=CARTESIAN_POINT('',(-45.9120059758425,32.0334253832698,4.));
#12514=CARTESIAN_POINT('Ctrl Pts',(-45.9120059758425,32.0334253832698,4.));
#12515=CARTESIAN_POINT('Ctrl Pts',(-46.1145979911089,32.2032747790217,4.));
#12516=CARTESIAN_POINT('Ctrl Pts',(-46.7100960761309,32.3342440649867,4.));
#12517=CARTESIAN_POINT('',(-45.9120059758425,32.0334253832698,3.5));
#12518=CARTESIAN_POINT('',(-45.9120059758425,32.0334253832698,4.));
#12519=CARTESIAN_POINT('Ctrl Pts',(-45.9120059758425,32.0334253832698,3.5));
#12520=CARTESIAN_POINT('Ctrl Pts',(-46.1145979911089,32.2032747790217,3.5));
#12521=CARTESIAN_POINT('Ctrl Pts',(-46.7100960761309,32.3342440649867,3.5));
#12522=CARTESIAN_POINT('Ctrl Pts',(-45.7605735212564,31.742838434875,4.));
#12523=CARTESIAN_POINT('Ctrl Pts',(-45.7605735212564,31.742838434875,3.5));
#12524=CARTESIAN_POINT('Ctrl Pts',(-45.7605735212564,31.906549744308,4.));
#12525=CARTESIAN_POINT('Ctrl Pts',(-45.7605735212564,31.906549744308,3.5));
#12526=CARTESIAN_POINT('Ctrl Pts',(-45.9120059758425,32.0334253832698,4.));
#12527=CARTESIAN_POINT('Ctrl Pts',(-45.9120059758425,32.0334253832698,3.5));
#12528=CARTESIAN_POINT('',(-45.7605735212564,31.742838434875,4.));
#12529=CARTESIAN_POINT('Ctrl Pts',(-45.7605735212564,31.742838434875,4.));
#12530=CARTESIAN_POINT('Ctrl Pts',(-45.7605735212564,31.906549744308,4.));
#12531=CARTESIAN_POINT('Ctrl Pts',(-45.9120059758425,32.0334253832698,4.));
#12532=CARTESIAN_POINT('',(-45.7605735212564,31.742838434875,3.5));
#12533=CARTESIAN_POINT('',(-45.7605735212564,31.742838434875,4.));
#12534=CARTESIAN_POINT('Ctrl Pts',(-45.7605735212564,31.742838434875,3.5));
#12535=CARTESIAN_POINT('Ctrl Pts',(-45.7605735212564,31.906549744308,3.5));
#12536=CARTESIAN_POINT('Ctrl Pts',(-45.9120059758425,32.0334253832698,3.5));
#12537=CARTESIAN_POINT('Ctrl Pts',(-45.8587998896837,31.5422926470637,4.));
#12538=CARTESIAN_POINT('Ctrl Pts',(-45.8587998896837,31.5422926470637,3.5));
#12539=CARTESIAN_POINT('Ctrl Pts',(-45.7605735212564,31.6200552508235,4.));
#12540=CARTESIAN_POINT('Ctrl Pts',(-45.7605735212564,31.6200552508235,3.5));
#12541=CARTESIAN_POINT('Ctrl Pts',(-45.7605735212564,31.742838434875,4.));
#12542=CARTESIAN_POINT('Ctrl Pts',(-45.7605735212564,31.742838434875,3.5));
#12543=CARTESIAN_POINT('',(-45.8587998896837,31.5422926470637,4.));
#12544=CARTESIAN_POINT('Ctrl Pts',(-45.8587998896837,31.5422926470637,4.));
#12545=CARTESIAN_POINT('Ctrl Pts',(-45.7605735212564,31.6200552508235,4.));
#12546=CARTESIAN_POINT('Ctrl Pts',(-45.7605735212564,31.742838434875,4.));
#12547=CARTESIAN_POINT('',(-45.8587998896837,31.5422926470637,3.5));
#12548=CARTESIAN_POINT('',(-45.8587998896837,31.5422926470637,4.));
#12549=CARTESIAN_POINT('Ctrl Pts',(-45.8587998896837,31.5422926470637,3.5));
#12550=CARTESIAN_POINT('Ctrl Pts',(-45.7605735212564,31.6200552508235,3.5));
#12551=CARTESIAN_POINT('Ctrl Pts',(-45.7605735212564,31.742838434875,3.5));
#12552=CARTESIAN_POINT('Ctrl Pts',(-46.1984998732805,31.464530043304,4.));
#12553=CARTESIAN_POINT('Ctrl Pts',(-46.1984998732805,31.464530043304,3.5));
#12554=CARTESIAN_POINT('Ctrl Pts',(-45.9570265561342,31.464530043304,4.));
#12555=CARTESIAN_POINT('Ctrl Pts',(-45.9570265561342,31.464530043304,3.5));
#12556=CARTESIAN_POINT('Ctrl Pts',(-45.8587998896837,31.5422926470637,4.));
#12557=CARTESIAN_POINT('Ctrl Pts',(-45.8587998896837,31.5422926470637,3.5));
#12558=CARTESIAN_POINT('',(-46.1984998732805,31.464530043304,4.));
#12559=CARTESIAN_POINT('Ctrl Pts',(-46.1984998732805,31.464530043304,4.));
#12560=CARTESIAN_POINT('Ctrl Pts',(-45.9570265561342,31.464530043304,4.));
#12561=CARTESIAN_POINT('Ctrl Pts',(-45.8587998896837,31.5422926470637,4.));
#12562=CARTESIAN_POINT('',(-46.1984998732805,31.464530043304,3.5));
#12563=CARTESIAN_POINT('',(-46.1984998732805,31.464530043304,4.));
#12564=CARTESIAN_POINT('Ctrl Pts',(-46.1984998732805,31.464530043304,3.5));
#12565=CARTESIAN_POINT('Ctrl Pts',(-45.9570265561342,31.464530043304,3.5));
#12566=CARTESIAN_POINT('Ctrl Pts',(-45.8587998896837,31.5422926470637,3.5));
#12567=CARTESIAN_POINT('Ctrl Pts',(-46.9699872285128,31.5750346705317,4.));
#12568=CARTESIAN_POINT('Ctrl Pts',(-46.9699872285128,31.5750346705317,3.5));
#12569=CARTESIAN_POINT('Ctrl Pts',(-46.4972720295191,31.464530043304,4.));
#12570=CARTESIAN_POINT('Ctrl Pts',(-46.4972720295191,31.464530043304,3.5));
#12571=CARTESIAN_POINT('Ctrl Pts',(-46.1984998732805,31.464530043304,4.));
#12572=CARTESIAN_POINT('Ctrl Pts',(-46.1984998732805,31.464530043304,3.5));
#12573=CARTESIAN_POINT('Ctrl Pts',(-46.9699872285128,31.5750346705317,4.));
#12574=CARTESIAN_POINT('Ctrl Pts',(-46.4972720295191,31.464530043304,4.));
#12575=CARTESIAN_POINT('Ctrl Pts',(-46.1984998732805,31.464530043304,4.));
#12576=CARTESIAN_POINT('Ctrl Pts',(-46.9699872285128,31.5750346705317,3.5));
#12577=CARTESIAN_POINT('Ctrl Pts',(-46.4972720295191,31.464530043304,3.5));
#12578=CARTESIAN_POINT('Ctrl Pts',(-46.1984998732805,31.464530043304,3.5));
#12579=CARTESIAN_POINT('Ctrl Pts',(-45.5630973726511,32.3792646452785,4.));
#12580=CARTESIAN_POINT('Ctrl Pts',(-45.5630973726511,32.3792646452785,3.5));
#12581=CARTESIAN_POINT('Ctrl Pts',(-45.2899051457644,32.0886776968837,4.));
#12582=CARTESIAN_POINT('Ctrl Pts',(-45.2899051457644,32.0886776968837,3.5));
#12583=CARTESIAN_POINT('Ctrl Pts',(-45.2899051457644,31.7244205996394,4.));
#12584=CARTESIAN_POINT('Ctrl Pts',(-45.2899051457644,31.7244205996394,3.5));
#12585=CARTESIAN_POINT('',(-45.5630973726511,32.3792646452785,4.));
#12586=CARTESIAN_POINT('',(-45.2899051457644,31.7244205996394,4.));
#12587=CARTESIAN_POINT('Ctrl Pts',(-45.5630973726511,32.3792646452785,4.));
#12588=CARTESIAN_POINT('Ctrl Pts',(-45.2899051457644,32.0886776968837,4.));
#12589=CARTESIAN_POINT('Ctrl Pts',(-45.2899051457644,31.7244205996394,4.));
#12590=CARTESIAN_POINT('',(-45.5630973726511,32.3792646452785,3.5));
#12591=CARTESIAN_POINT('',(-45.5630973726511,32.3792646452785,4.));
#12592=CARTESIAN_POINT('',(-45.2899051457644,31.7244205996394,3.5));
#12593=CARTESIAN_POINT('Ctrl Pts',(-45.5630973726511,32.3792646452785,3.5));
#12594=CARTESIAN_POINT('Ctrl Pts',(-45.2899051457644,32.0886776968837,3.5));
#12595=CARTESIAN_POINT('Ctrl Pts',(-45.2899051457644,31.7244205996394,3.5));
#12596=CARTESIAN_POINT('',(-45.2899051457644,31.7244205996394,4.));
#12597=CARTESIAN_POINT('Ctrl Pts',(-46.348909214139,32.8407249972224,4.));
#12598=CARTESIAN_POINT('Ctrl Pts',(-46.348909214139,32.8407249972224,3.5));
#12599=CARTESIAN_POINT('Ctrl Pts',(-45.8362898975611,32.6698504015803,4.));
#12600=CARTESIAN_POINT('Ctrl Pts',(-45.8362898975611,32.6698504015803,3.5));
#12601=CARTESIAN_POINT('Ctrl Pts',(-45.5630973726511,32.3792646452785,4.));
#12602=CARTESIAN_POINT('Ctrl Pts',(-45.5630973726511,32.3792646452785,3.5));
#12603=CARTESIAN_POINT('',(-46.348909214139,32.8407249972224,4.));
#12604=CARTESIAN_POINT('Ctrl Pts',(-46.348909214139,32.8407249972224,4.));
#12605=CARTESIAN_POINT('Ctrl Pts',(-45.8362898975611,32.6698504015803,4.));
#12606=CARTESIAN_POINT('Ctrl Pts',(-45.5630973726511,32.3792646452785,4.));
#12607=CARTESIAN_POINT('',(-46.348909214139,32.8407249972224,3.5));
#12608=CARTESIAN_POINT('',(-46.348909214139,32.8407249972224,4.));
#12609=CARTESIAN_POINT('Ctrl Pts',(-46.348909214139,32.8407249972224,3.5));
#12610=CARTESIAN_POINT('Ctrl Pts',(-45.8362898975611,32.6698504015803,3.5));
#12611=CARTESIAN_POINT('Ctrl Pts',(-45.5630973726511,32.3792646452785,3.5));
#12612=CARTESIAN_POINT('Ctrl Pts',(-47.3219651728868,33.0115972086787,4.));
#12613=CARTESIAN_POINT('Ctrl Pts',(-47.3219651728868,33.0115972086787,3.5));
#12614=CARTESIAN_POINT('Ctrl Pts',(-46.8615288287401,33.0115972086787,4.));
#12615=CARTESIAN_POINT('Ctrl Pts',(-46.8615288287401,33.0115972086787,3.5));
#12616=CARTESIAN_POINT('Ctrl Pts',(-46.348909214139,32.8407249972224,4.));
#12617=CARTESIAN_POINT('Ctrl Pts',(-46.348909214139,32.8407249972224,3.5));
#12618=CARTESIAN_POINT('',(-47.3219651728868,33.0115972086787,4.));
#12619=CARTESIAN_POINT('Ctrl Pts',(-47.3219651728868,33.0115972086787,4.));
#12620=CARTESIAN_POINT('Ctrl Pts',(-46.8615288287401,33.0115972086787,4.));
#12621=CARTESIAN_POINT('Ctrl Pts',(-46.348909214139,32.8407249972224,4.));
#12622=CARTESIAN_POINT('',(-47.3219651728868,33.0115972086787,3.5));
#12623=CARTESIAN_POINT('',(-47.3219651728868,33.0115972086787,4.));
#12624=CARTESIAN_POINT('Ctrl Pts',(-47.3219651728868,33.0115972086787,3.5));
#12625=CARTESIAN_POINT('Ctrl Pts',(-46.8615288287401,33.0115972086787,3.5));
#12626=CARTESIAN_POINT('Ctrl Pts',(-46.348909214139,32.8407249972224,3.5));
#12627=CARTESIAN_POINT('Ctrl Pts',(-48.0893594771624,32.7772865816951,4.));
#12628=CARTESIAN_POINT('Ctrl Pts',(-48.0893594771624,32.7772865816951,3.5));
#12629=CARTESIAN_POINT('Ctrl Pts',(-47.8253758698702,33.0115972086787,4.));
#12630=CARTESIAN_POINT('Ctrl Pts',(-47.8253758698702,33.0115972086787,3.5));
#12631=CARTESIAN_POINT('Ctrl Pts',(-47.3219651728868,33.0115972086787,4.));
#12632=CARTESIAN_POINT('Ctrl Pts',(-47.3219651728868,33.0115972086787,3.5));
#12633=CARTESIAN_POINT('',(-48.0893594771624,32.7772865816951,4.));
#12634=CARTESIAN_POINT('Ctrl Pts',(-48.0893594771624,32.7772865816951,4.));
#12635=CARTESIAN_POINT('Ctrl Pts',(-47.8253758698702,33.0115972086787,4.));
#12636=CARTESIAN_POINT('Ctrl Pts',(-47.3219651728868,33.0115972086787,4.));
#12637=CARTESIAN_POINT('',(-48.0893594771624,32.7772865816951,3.5));
#12638=CARTESIAN_POINT('',(-48.0893594771624,32.7772865816951,4.));
#12639=CARTESIAN_POINT('Ctrl Pts',(-48.0893594771624,32.7772865816951,3.5));
#12640=CARTESIAN_POINT('Ctrl Pts',(-47.8253758698702,33.0115972086787,3.5));
#12641=CARTESIAN_POINT('Ctrl Pts',(-47.3219651728868,33.0115972086787,3.5));
#12642=CARTESIAN_POINT('Ctrl Pts',(-48.3533430844545,32.1787188574672,4.));
#12643=CARTESIAN_POINT('Ctrl Pts',(-48.3533430844545,32.1787188574672,3.5));
#12644=CARTESIAN_POINT('Ctrl Pts',(-48.3533430844545,32.5429747626185,4.));
#12645=CARTESIAN_POINT('Ctrl Pts',(-48.3533430844545,32.5429747626185,3.5));
#12646=CARTESIAN_POINT('Ctrl Pts',(-48.0893594771624,32.7772865816951,4.));
#12647=CARTESIAN_POINT('Ctrl Pts',(-48.0893594771624,32.7772865816951,3.5));
#12648=CARTESIAN_POINT('',(-48.3533430844545,32.1787188574672,4.));
#12649=CARTESIAN_POINT('Ctrl Pts',(-48.3533430844545,32.1787188574672,4.));
#12650=CARTESIAN_POINT('Ctrl Pts',(-48.3533430844545,32.5429747626185,4.));
#12651=CARTESIAN_POINT('Ctrl Pts',(-48.0893594771624,32.7772865816951,4.));
#12652=CARTESIAN_POINT('',(-48.3533430844545,32.1787188574672,3.5));
#12653=CARTESIAN_POINT('',(-48.3533430844545,32.1787188574672,4.));
#12654=CARTESIAN_POINT('Ctrl Pts',(-48.3533430844545,32.1787188574672,3.5));
#12655=CARTESIAN_POINT('Ctrl Pts',(-48.3533430844545,32.5429747626185,3.5));
#12656=CARTESIAN_POINT('Ctrl Pts',(-48.0893594771624,32.7772865816951,3.5));
#12657=CARTESIAN_POINT('Ctrl Pts',(-48.0770812183619,31.523876003921,4.));
#12658=CARTESIAN_POINT('Ctrl Pts',(-48.0770812183619,31.523876003921,3.5));
#12659=CARTESIAN_POINT('Ctrl Pts',(-48.3533430844545,31.8185554072261,4.));
#12660=CARTESIAN_POINT('Ctrl Pts',(-48.3533430844545,31.8185554072261,3.5));
#12661=CARTESIAN_POINT('Ctrl Pts',(-48.3533430844545,32.1787188574672,4.));
#12662=CARTESIAN_POINT('Ctrl Pts',(-48.3533430844545,32.1787188574672,3.5));
#12663=CARTESIAN_POINT('',(-48.0770812183619,31.523876003921,4.));
#12664=CARTESIAN_POINT('Ctrl Pts',(-48.0770812183619,31.523876003921,4.));
#12665=CARTESIAN_POINT('Ctrl Pts',(-48.3533430844545,31.8185554072261,4.));
#12666=CARTESIAN_POINT('Ctrl Pts',(-48.3533430844545,32.1787188574672,4.));
#12667=CARTESIAN_POINT('',(-48.0770812183619,31.523876003921,3.5));
#12668=CARTESIAN_POINT('',(-48.0770812183619,31.523876003921,4.));
#12669=CARTESIAN_POINT('Ctrl Pts',(-48.0770812183619,31.523876003921,3.5));
#12670=CARTESIAN_POINT('Ctrl Pts',(-48.3533430844545,31.8185554072261,3.5));
#12671=CARTESIAN_POINT('Ctrl Pts',(-48.3533430844545,32.1787188574672,3.5));
#12672=CARTESIAN_POINT('Ctrl Pts',(-47.2339708358049,31.0409281775355,4.));
#12673=CARTESIAN_POINT('Ctrl Pts',(-47.2339708358049,31.0409281775355,3.5));
#12674=CARTESIAN_POINT('Ctrl Pts',(-47.8008193522692,31.229196600616,4.));
#12675=CARTESIAN_POINT('Ctrl Pts',(-47.8008193522692,31.229196600616,3.5));
#12676=CARTESIAN_POINT('Ctrl Pts',(-48.0770812183619,31.523876003921,4.));
#12677=CARTESIAN_POINT('Ctrl Pts',(-48.0770812183619,31.523876003921,3.5));
#12678=CARTESIAN_POINT('',(-47.2339708358049,31.0409281775355,4.));
#12679=CARTESIAN_POINT('Ctrl Pts',(-47.2339708358049,31.0409281775355,4.));
#12680=CARTESIAN_POINT('Ctrl Pts',(-47.8008193522692,31.229196600616,4.));
#12681=CARTESIAN_POINT('Ctrl Pts',(-48.0770812183619,31.523876003921,4.));
#12682=CARTESIAN_POINT('',(-47.2339708358049,31.0409281775355,3.5));
#12683=CARTESIAN_POINT('',(-47.2339708358049,31.0409281775355,4.));
#12684=CARTESIAN_POINT('Ctrl Pts',(-47.2339708358049,31.0409281775355,3.5));
#12685=CARTESIAN_POINT('Ctrl Pts',(-47.8008193522692,31.229196600616,3.5));
#12686=CARTESIAN_POINT('Ctrl Pts',(-48.0770812183619,31.523876003921,3.5));
#12687=CARTESIAN_POINT('Ctrl Pts',(-46.3171903043985,30.8874497935176,4.));
#12688=CARTESIAN_POINT('Ctrl Pts',(-46.3171903043985,30.8874497935176,3.5));
#12689=CARTESIAN_POINT('Ctrl Pts',(-46.7694414407015,30.8874497935176,4.));
#12690=CARTESIAN_POINT('Ctrl Pts',(-46.7694414407015,30.8874497935176,3.5));
#12691=CARTESIAN_POINT('Ctrl Pts',(-47.2339708358049,31.0409281775355,4.));
#12692=CARTESIAN_POINT('Ctrl Pts',(-47.2339708358049,31.0409281775355,3.5));
#12693=CARTESIAN_POINT('',(-46.3171903043985,30.8874497935176,4.));
#12694=CARTESIAN_POINT('Ctrl Pts',(-46.3171903043985,30.8874497935176,4.));
#12695=CARTESIAN_POINT('Ctrl Pts',(-46.7694414407015,30.8874497935176,4.));
#12696=CARTESIAN_POINT('Ctrl Pts',(-47.2339708358049,31.0409281775355,4.));
#12697=CARTESIAN_POINT('',(-46.3171903043985,30.8874497935176,3.5));
#12698=CARTESIAN_POINT('',(-46.3171903043985,30.8874497935176,4.));
#12699=CARTESIAN_POINT('Ctrl Pts',(-46.3171903043985,30.8874497935176,3.5));
#12700=CARTESIAN_POINT('Ctrl Pts',(-46.7694414407015,30.8874497935176,3.5));
#12701=CARTESIAN_POINT('Ctrl Pts',(-47.2339708358049,31.0409281775355,3.5));
#12702=CARTESIAN_POINT('Ctrl Pts',(-45.5538887530565,31.1238072440028,4.));
#12703=CARTESIAN_POINT('Ctrl Pts',(-45.5538887530565,31.1238072440028,3.5));
#12704=CARTESIAN_POINT('Ctrl Pts',(-45.8178723603487,30.8874497935176,4.));
#12705=CARTESIAN_POINT('Ctrl Pts',(-45.8178723603487,30.8874497935176,3.5));
#12706=CARTESIAN_POINT('Ctrl Pts',(-46.3171903043985,30.8874497935176,4.));
#12707=CARTESIAN_POINT('Ctrl Pts',(-46.3171903043985,30.8874497935176,3.5));
#12708=CARTESIAN_POINT('',(-45.5538887530565,31.1238072440028,4.));
#12709=CARTESIAN_POINT('Ctrl Pts',(-45.5538887530565,31.1238072440028,4.));
#12710=CARTESIAN_POINT('Ctrl Pts',(-45.8178723603487,30.8874497935176,4.));
#12711=CARTESIAN_POINT('Ctrl Pts',(-46.3171903043985,30.8874497935176,4.));
#12712=CARTESIAN_POINT('',(-45.5538887530565,31.1238072440028,3.5));
#12713=CARTESIAN_POINT('',(-45.5538887530565,31.1238072440028,4.));
#12714=CARTESIAN_POINT('Ctrl Pts',(-45.5538887530565,31.1238072440028,3.5));
#12715=CARTESIAN_POINT('Ctrl Pts',(-45.8178723603487,30.8874497935176,3.5));
#12716=CARTESIAN_POINT('Ctrl Pts',(-46.3171903043985,30.8874497935176,3.5));
#12717=CARTESIAN_POINT('Ctrl Pts',(-45.2899051457644,31.7244205996394,4.));
#12718=CARTESIAN_POINT('Ctrl Pts',(-45.2899051457644,31.7244205996394,3.5));
#12719=CARTESIAN_POINT('Ctrl Pts',(-45.2899051457644,31.360164694488,4.));
#12720=CARTESIAN_POINT('Ctrl Pts',(-45.2899051457644,31.360164694488,3.5));
#12721=CARTESIAN_POINT('Ctrl Pts',(-45.5538887530565,31.1238072440028,4.));
#12722=CARTESIAN_POINT('Ctrl Pts',(-45.5538887530565,31.1238072440028,3.5));
#12723=CARTESIAN_POINT('Ctrl Pts',(-45.2899051457644,31.7244205996394,4.));
#12724=CARTESIAN_POINT('Ctrl Pts',(-45.2899051457644,31.360164694488,4.));
#12725=CARTESIAN_POINT('Ctrl Pts',(-45.5538887530565,31.1238072440028,4.));
#12726=CARTESIAN_POINT('Ctrl Pts',(-45.2899051457644,31.7244205996394,3.5));
#12727=CARTESIAN_POINT('Ctrl Pts',(-45.2899051457644,31.360164694488,3.5));
#12728=CARTESIAN_POINT('Ctrl Pts',(-45.5538887530565,31.1238072440028,3.5));
#12729=CARTESIAN_POINT('Origin',(-46.8216241151094,31.9495235010982,3.5));
#12730=CARTESIAN_POINT('Origin',(-46.5975449234247,21.5477500483394,4.));
#12731=CARTESIAN_POINT('',(-46.5975449234247,21.5477500483394,4.));
#12732=CARTESIAN_POINT('',(-47.5143253058195,22.0879958197474,4.));
#12733=CARTESIAN_POINT('',(-47.1208423975072,21.8561218819764,4.));
#12734=CARTESIAN_POINT('',(-46.5975449234247,21.5477500483394,3.5));
#12735=CARTESIAN_POINT('',(-46.5975449234247,21.5477500483394,4.));
#12736=CARTESIAN_POINT('',(-47.5143253058195,22.0879958197474,3.5));
#12737=CARTESIAN_POINT('',(-46.5975449234247,21.5477500483394,3.5));
#12738=CARTESIAN_POINT('',(-47.5143253058195,22.0879958197474,4.));
#12739=CARTESIAN_POINT('Ctrl Pts',(-46.3202596455812,21.3932482525706,4.));
#12740=CARTESIAN_POINT('Ctrl Pts',(-46.3202596455812,21.3932482525706,3.5));
#12741=CARTESIAN_POINT('Ctrl Pts',(-46.5504781156778,21.5191004797816,4.));
#12742=CARTESIAN_POINT('Ctrl Pts',(-46.5504781156778,21.5191004797816,3.5));
#12743=CARTESIAN_POINT('Ctrl Pts',(-46.5975449234247,21.5477500483394,4.));
#12744=CARTESIAN_POINT('Ctrl Pts',(-46.5975449234247,21.5477500483394,3.5));
#12745=CARTESIAN_POINT('',(-46.3202596455812,21.3932482525706,4.));
#12746=CARTESIAN_POINT('Ctrl Pts',(-46.3202596455812,21.3932482525706,4.));
#12747=CARTESIAN_POINT('Ctrl Pts',(-46.5504781156778,21.5191004797816,4.));
#12748=CARTESIAN_POINT('Ctrl Pts',(-46.5975449234247,21.5477500483394,4.));
#12749=CARTESIAN_POINT('',(-46.3202596455812,21.3932482525706,3.5));
#12750=CARTESIAN_POINT('',(-46.3202596455812,21.3932482525706,4.));
#12751=CARTESIAN_POINT('Ctrl Pts',(-46.3202596455812,21.3932482525706,3.5));
#12752=CARTESIAN_POINT('Ctrl Pts',(-46.5504781156778,21.5191004797816,3.5));
#12753=CARTESIAN_POINT('Ctrl Pts',(-46.5975449234247,21.5477500483394,3.5));
#12754=CARTESIAN_POINT('Ctrl Pts',(-46.0552529245615,21.2510244175792,4.));
#12755=CARTESIAN_POINT('Ctrl Pts',(-46.0552529245615,21.2510244175792,3.5));
#12756=CARTESIAN_POINT('Ctrl Pts',(-46.0900414735079,21.2673954293132,4.));
#12757=CARTESIAN_POINT('Ctrl Pts',(-46.0900414735079,21.2673954293132,3.5));
#12758=CARTESIAN_POINT('Ctrl Pts',(-46.3202596455812,21.3932482525706,4.));
#12759=CARTESIAN_POINT('Ctrl Pts',(-46.3202596455812,21.3932482525706,3.5));
#12760=CARTESIAN_POINT('',(-46.0552529245615,21.2510244175792,4.));
#12761=CARTESIAN_POINT('Ctrl Pts',(-46.0552529245615,21.2510244175792,4.));
#12762=CARTESIAN_POINT('Ctrl Pts',(-46.0900414735079,21.2673954293132,4.));
#12763=CARTESIAN_POINT('Ctrl Pts',(-46.3202596455812,21.3932482525706,4.));
#12764=CARTESIAN_POINT('',(-46.0552529245615,21.2510244175792,3.5));
#12765=CARTESIAN_POINT('',(-46.0552529245615,21.2510244175792,4.));
#12766=CARTESIAN_POINT('Ctrl Pts',(-46.0552529245615,21.2510244175792,3.5));
#12767=CARTESIAN_POINT('Ctrl Pts',(-46.0900414735079,21.2673954293132,3.5));
#12768=CARTESIAN_POINT('Ctrl Pts',(-46.3202596455812,21.3932482525706,3.5));
#12769=CARTESIAN_POINT('Ctrl Pts',(-46.5668491274118,21.1753080412745,4.));
#12770=CARTESIAN_POINT('Ctrl Pts',(-46.5668491274118,21.1753080412745,3.5));
#12771=CARTESIAN_POINT('Ctrl Pts',(-46.1821288615465,21.2387458607554,4.));
#12772=CARTESIAN_POINT('Ctrl Pts',(-46.1821288615465,21.2387458607554,3.5));
#12773=CARTESIAN_POINT('Ctrl Pts',(-46.0552529245615,21.2510244175792,4.));
#12774=CARTESIAN_POINT('Ctrl Pts',(-46.0552529245615,21.2510244175792,3.5));
#12775=CARTESIAN_POINT('',(-46.5668491274118,21.1753080412745,4.));
#12776=CARTESIAN_POINT('Ctrl Pts',(-46.5668491274118,21.1753080412745,4.));
#12777=CARTESIAN_POINT('Ctrl Pts',(-46.1821288615465,21.2387458607554,4.));
#12778=CARTESIAN_POINT('Ctrl Pts',(-46.0552529245615,21.2510244175792,4.));
#12779=CARTESIAN_POINT('',(-46.5668491274118,21.1753080412745,3.5));
#12780=CARTESIAN_POINT('',(-46.5668491274118,21.1753080412745,4.));
#12781=CARTESIAN_POINT('Ctrl Pts',(-46.5668491274118,21.1753080412745,3.5));
#12782=CARTESIAN_POINT('Ctrl Pts',(-46.1821288615465,21.2387458607554,3.5));
#12783=CARTESIAN_POINT('Ctrl Pts',(-46.0552529245615,21.2510244175792,3.5));
#12784=CARTESIAN_POINT('Origin',(-47.5143253058195,21.0218290612102,4.));
#12785=CARTESIAN_POINT('',(-47.5143253058195,21.0218290612102,4.));
#12786=CARTESIAN_POINT('',(-45.5344249699422,21.3425475036414,4.));
#12787=CARTESIAN_POINT('',(-47.5143253058195,21.0218290612102,3.5));
#12788=CARTESIAN_POINT('',(-47.5143253058195,21.0218290612102,4.));
#12789=CARTESIAN_POINT('',(-47.5143253058195,21.0218290612102,3.5));
#12790=CARTESIAN_POINT('Origin',(-47.5143253058195,20.4447488114238,4.));
#12791=CARTESIAN_POINT('',(-47.5143253058195,20.4447488114238,4.));
#12792=CARTESIAN_POINT('',(-47.5143253058195,23.972374740988,4.));
#12793=CARTESIAN_POINT('',(-47.5143253058195,20.4447488114238,3.5));
#12794=CARTESIAN_POINT('',(-47.5143253058195,20.4447488114238,4.));
#12795=CARTESIAN_POINT('',(-47.5143253058195,20.4447488114238,3.5));
#12796=CARTESIAN_POINT('Origin',(-45.3410647064447,20.8806286379695,4.));
#12797=CARTESIAN_POINT('',(-45.3410647064447,20.8806286379695,4.));
#12798=CARTESIAN_POINT('',(-44.2986579824361,21.0896988535624,4.));
#12799=CARTESIAN_POINT('',(-45.3410647064447,20.8806286379695,3.5));
#12800=CARTESIAN_POINT('',(-45.3410647064447,20.8806286379695,4.));
#12801=CARTESIAN_POINT('',(-45.3410647064447,20.8806286379695,3.5));
#12802=CARTESIAN_POINT('Origin',(-45.3410647064447,21.386085562408,4.));
#12803=CARTESIAN_POINT('',(-45.3410647064447,21.386085562408,4.));
#12804=CARTESIAN_POINT('',(-45.3410647064447,24.4430431164801,4.));
#12805=CARTESIAN_POINT('',(-45.3410647064447,21.386085562408,3.5));
#12806=CARTESIAN_POINT('',(-45.3410647064447,21.386085562408,4.));
#12807=CARTESIAN_POINT('',(-45.3410647064447,21.386085562408,3.5));
#12808=CARTESIAN_POINT('Origin',(-47.5143253058195,22.7223752066493,4.));
#12809=CARTESIAN_POINT('',(-47.5143253058195,22.7223752066493,4.));
#12810=CARTESIAN_POINT('',(-47.4865079307565,22.7052709209335,4.));
#12811=CARTESIAN_POINT('',(-47.5143253058195,22.7223752066493,3.5));
#12812=CARTESIAN_POINT('',(-47.5143253058195,22.7223752066493,4.));
#12813=CARTESIAN_POINT('',(-47.5143253058195,22.7223752066493,3.5));
#12814=CARTESIAN_POINT('Origin',(-47.5143253058195,22.0879958197474,4.));
#12815=CARTESIAN_POINT('',(-47.5143253058195,24.7939982451499,4.));
#12816=CARTESIAN_POINT('',(-47.5143253058195,22.0879958197474,3.5));
#12817=CARTESIAN_POINT('Origin',(-46.4276950061321,21.5835620090365,3.5));
#12818=CARTESIAN_POINT('Ctrl Pts',(-45.6705326586962,15.1098237559199,4.));
#12819=CARTESIAN_POINT('Ctrl Pts',(-45.6705326586962,15.1098237559199,3.5));
#12820=CARTESIAN_POINT('Ctrl Pts',(-45.2899051457644,14.7885413095355,4.));
#12821=CARTESIAN_POINT('Ctrl Pts',(-45.2899051457644,14.7885413095355,3.5));
#12822=CARTESIAN_POINT('Ctrl Pts',(-45.2899051457644,14.2810378596187,4.));
#12823=CARTESIAN_POINT('Ctrl Pts',(-45.2899051457644,14.2810378596187,3.5));
#12824=CARTESIAN_POINT('',(-45.6705326586962,15.1098237559199,4.));
#12825=CARTESIAN_POINT('',(-45.2899051457644,14.2810378596187,4.));
#12826=CARTESIAN_POINT('Ctrl Pts',(-45.6705326586962,15.1098237559199,4.));
#12827=CARTESIAN_POINT('Ctrl Pts',(-45.2899051457644,14.7885413095355,4.));
#12828=CARTESIAN_POINT('Ctrl Pts',(-45.2899051457644,14.2810378596187,4.));
#12829=CARTESIAN_POINT('',(-45.6705326586962,15.1098237559199,3.5));
#12830=CARTESIAN_POINT('',(-45.6705326586962,15.1098237559199,4.));
#12831=CARTESIAN_POINT('',(-45.2899051457644,14.2810378596187,3.5));
#12832=CARTESIAN_POINT('Ctrl Pts',(-45.6705326586962,15.1098237559199,3.5));
#12833=CARTESIAN_POINT('Ctrl Pts',(-45.2899051457644,14.7885413095355,3.5));
#12834=CARTESIAN_POINT('Ctrl Pts',(-45.2899051457644,14.2810378596187,3.5));
#12835=CARTESIAN_POINT('',(-45.2899051457644,14.2810378596187,4.));
#12836=CARTESIAN_POINT('Ctrl Pts',(-46.2803552299738,15.3451577946544,4.));
#12837=CARTESIAN_POINT('Ctrl Pts',(-46.2803552299738,15.3451577946544,3.5));
#12838=CARTESIAN_POINT('Ctrl Pts',(-45.9488410502672,15.3451577946544,4.));
#12839=CARTESIAN_POINT('Ctrl Pts',(-45.9488410502672,15.3451577946544,3.5));
#12840=CARTESIAN_POINT('Ctrl Pts',(-45.6705326586962,15.1098237559199,4.));
#12841=CARTESIAN_POINT('Ctrl Pts',(-45.6705326586962,15.1098237559199,3.5));
#12842=CARTESIAN_POINT('',(-46.2803552299738,15.3451577946544,4.));
#12843=CARTESIAN_POINT('Ctrl Pts',(-46.2803552299738,15.3451577946544,4.));
#12844=CARTESIAN_POINT('Ctrl Pts',(-45.9488410502672,15.3451577946544,4.));
#12845=CARTESIAN_POINT('Ctrl Pts',(-45.6705326586962,15.1098237559199,4.));
#12846=CARTESIAN_POINT('',(-46.2803552299738,15.3451577946544,3.5));
#12847=CARTESIAN_POINT('',(-46.2803552299738,15.3451577946544,4.));
#12848=CARTESIAN_POINT('Ctrl Pts',(-46.2803552299738,15.3451577946544,3.5));
#12849=CARTESIAN_POINT('Ctrl Pts',(-45.9488410502672,15.3451577946544,3.5));
#12850=CARTESIAN_POINT('Ctrl Pts',(-45.6705326586962,15.1098237559199,3.5));
#12851=CARTESIAN_POINT('Ctrl Pts',(-46.613916233182,15.2551170811057,4.));
#12852=CARTESIAN_POINT('Ctrl Pts',(-46.613916233182,15.2551170811057,3.5));
#12853=CARTESIAN_POINT('Ctrl Pts',(-46.4542979747057,15.3451577946544,4.));
#12854=CARTESIAN_POINT('Ctrl Pts',(-46.4542979747057,15.3451577946544,3.5));
#12855=CARTESIAN_POINT('Ctrl Pts',(-46.2803552299738,15.3451577946544,4.));
#12856=CARTESIAN_POINT('Ctrl Pts',(-46.2803552299738,15.3451577946544,3.5));
#12857=CARTESIAN_POINT('',(-46.613916233182,15.2551170811057,4.));
#12858=CARTESIAN_POINT('Ctrl Pts',(-46.613916233182,15.2551170811057,4.));
#12859=CARTESIAN_POINT('Ctrl Pts',(-46.4542979747057,15.3451577946544,4.));
#12860=CARTESIAN_POINT('Ctrl Pts',(-46.2803552299738,15.3451577946544,4.));
#12861=CARTESIAN_POINT('',(-46.613916233182,15.2551170811057,3.5));
#12862=CARTESIAN_POINT('',(-46.613916233182,15.2551170811057,4.));
#12863=CARTESIAN_POINT('Ctrl Pts',(-46.613916233182,15.2551170811057,3.5));
#12864=CARTESIAN_POINT('Ctrl Pts',(-46.4542979747057,15.3451577946544,3.5));
#12865=CARTESIAN_POINT('Ctrl Pts',(-46.2803552299738,15.3451577946544,3.5));
#12866=CARTESIAN_POINT('Ctrl Pts',(-46.8738067895174,14.9747623130679,4.));
#12867=CARTESIAN_POINT('Ctrl Pts',(-46.8738067895174,14.9747623130679,3.5));
#12868=CARTESIAN_POINT('Ctrl Pts',(-46.7735338956118,15.1650760695338,4.));
#12869=CARTESIAN_POINT('Ctrl Pts',(-46.7735338956118,15.1650760695338,3.5));
#12870=CARTESIAN_POINT('Ctrl Pts',(-46.613916233182,15.2551170811057,4.));
#12871=CARTESIAN_POINT('Ctrl Pts',(-46.613916233182,15.2551170811057,3.5));
#12872=CARTESIAN_POINT('',(-46.8738067895174,14.9747623130679,4.));
#12873=CARTESIAN_POINT('Ctrl Pts',(-46.8738067895174,14.9747623130679,4.));
#12874=CARTESIAN_POINT('Ctrl Pts',(-46.7735338956118,15.1650760695338,4.));
#12875=CARTESIAN_POINT('Ctrl Pts',(-46.613916233182,15.2551170811057,4.));
#12876=CARTESIAN_POINT('',(-46.8738067895174,14.9747623130679,3.5));
#12877=CARTESIAN_POINT('',(-46.8738067895174,14.9747623130679,4.));
#12878=CARTESIAN_POINT('Ctrl Pts',(-46.8738067895174,14.9747623130679,3.5));
#12879=CARTESIAN_POINT('Ctrl Pts',(-46.7735338956118,15.1650760695338,3.5));
#12880=CARTESIAN_POINT('Ctrl Pts',(-46.613916233182,15.2551170811057,3.5));
#12881=CARTESIAN_POINT('Ctrl Pts',(-47.1500689536333,15.3512970730662,4.));
#12882=CARTESIAN_POINT('Ctrl Pts',(-47.1500689536333,15.3512970730662,3.5));
#12883=CARTESIAN_POINT('Ctrl Pts',(-46.9618014246225,15.2141894027591,4.));
#12884=CARTESIAN_POINT('Ctrl Pts',(-46.9618014246225,15.2141894027591,3.5));
#12885=CARTESIAN_POINT('Ctrl Pts',(-46.8738067895174,14.9747623130679,4.));
#12886=CARTESIAN_POINT('Ctrl Pts',(-46.8738067895174,14.9747623130679,3.5));
#12887=CARTESIAN_POINT('',(-47.1500689536333,15.3512970730662,4.));
#12888=CARTESIAN_POINT('Ctrl Pts',(-47.1500689536333,15.3512970730662,4.));
#12889=CARTESIAN_POINT('Ctrl Pts',(-46.9618014246225,15.2141894027591,4.));
#12890=CARTESIAN_POINT('Ctrl Pts',(-46.8738067895174,14.9747623130679,4.));
#12891=CARTESIAN_POINT('',(-47.1500689536333,15.3512970730662,3.5));
#12892=CARTESIAN_POINT('',(-47.1500689536333,15.3512970730662,4.));
#12893=CARTESIAN_POINT('Ctrl Pts',(-47.1500689536333,15.3512970730662,3.5));
#12894=CARTESIAN_POINT('Ctrl Pts',(-46.9618014246225,15.2141894027591,3.5));
#12895=CARTESIAN_POINT('Ctrl Pts',(-46.8738067895174,14.9747623130679,3.5));
#12896=CARTESIAN_POINT('Ctrl Pts',(-47.5716241449118,15.4884050413966,4.));
#12897=CARTESIAN_POINT('Ctrl Pts',(-47.5716241449118,15.4884050413966,3.5));
#12898=CARTESIAN_POINT('Ctrl Pts',(-47.3383363336325,15.4884050413966,4.));
#12899=CARTESIAN_POINT('Ctrl Pts',(-47.3383363336325,15.4884050413966,3.5));
#12900=CARTESIAN_POINT('Ctrl Pts',(-47.1500689536333,15.3512970730662,4.));
#12901=CARTESIAN_POINT('Ctrl Pts',(-47.1500689536333,15.3512970730662,3.5));
#12902=CARTESIAN_POINT('',(-47.5716241449118,15.4884050413966,4.));
#12903=CARTESIAN_POINT('Ctrl Pts',(-47.5716241449118,15.4884050413966,4.));
#12904=CARTESIAN_POINT('Ctrl Pts',(-47.3383363336325,15.4884050413966,4.));
#12905=CARTESIAN_POINT('Ctrl Pts',(-47.1500689536333,15.3512970730662,4.));
#12906=CARTESIAN_POINT('',(-47.5716241449118,15.4884050413966,3.5));
#12907=CARTESIAN_POINT('',(-47.5716241449118,15.4884050413966,4.));
#12908=CARTESIAN_POINT('Ctrl Pts',(-47.5716241449118,15.4884050413966,3.5));
#12909=CARTESIAN_POINT('Ctrl Pts',(-47.3383363336325,15.4884050413966,3.5));
#12910=CARTESIAN_POINT('Ctrl Pts',(-47.1500689536333,15.3512970730662,3.5));
#12911=CARTESIAN_POINT('Ctrl Pts',(-48.1231249123812,15.2735344693065,4.));
#12912=CARTESIAN_POINT('Ctrl Pts',(-48.1231249123812,15.2735344693065,3.5));
#12913=CARTESIAN_POINT('Ctrl Pts',(-47.8929064422846,15.4884050413966,4.));
#12914=CARTESIAN_POINT('Ctrl Pts',(-47.8929064422846,15.4884050413966,3.5));
#12915=CARTESIAN_POINT('Ctrl Pts',(-47.5716241449118,15.4884050413966,4.));
#12916=CARTESIAN_POINT('Ctrl Pts',(-47.5716241449118,15.4884050413966,3.5));
#12917=CARTESIAN_POINT('',(-48.1231249123812,15.2735344693065,4.));
#12918=CARTESIAN_POINT('Ctrl Pts',(-48.1231249123812,15.2735344693065,4.));
#12919=CARTESIAN_POINT('Ctrl Pts',(-47.8929064422846,15.4884050413966,4.));
#12920=CARTESIAN_POINT('Ctrl Pts',(-47.5716241449118,15.4884050413966,4.));
#12921=CARTESIAN_POINT('',(-48.1231249123812,15.2735344693065,3.5));
#12922=CARTESIAN_POINT('',(-48.1231249123812,15.2735344693065,4.));
#12923=CARTESIAN_POINT('Ctrl Pts',(-48.1231249123812,15.2735344693065,3.5));
#12924=CARTESIAN_POINT('Ctrl Pts',(-47.8929064422846,15.4884050413966,3.5));
#12925=CARTESIAN_POINT('Ctrl Pts',(-47.5716241449118,15.4884050413966,3.5));
#12926=CARTESIAN_POINT('Ctrl Pts',(-48.3533430844545,14.6452943608165,4.));
#12927=CARTESIAN_POINT('Ctrl Pts',(-48.3533430844545,14.6452943608165,3.5));
#12928=CARTESIAN_POINT('Ctrl Pts',(-48.3533430844545,15.0586640462279,4.));
#12929=CARTESIAN_POINT('Ctrl Pts',(-48.3533430844545,15.0586640462279,3.5));
#12930=CARTESIAN_POINT('Ctrl Pts',(-48.1231249123812,15.2735344693065,4.));
#12931=CARTESIAN_POINT('Ctrl Pts',(-48.1231249123812,15.2735344693065,3.5));
#12932=CARTESIAN_POINT('',(-48.3533430844545,14.6452943608165,4.));
#12933=CARTESIAN_POINT('Ctrl Pts',(-48.3533430844545,14.6452943608165,4.));
#12934=CARTESIAN_POINT('Ctrl Pts',(-48.3533430844545,15.0586640462279,4.));
#12935=CARTESIAN_POINT('Ctrl Pts',(-48.1231249123812,15.2735344693065,4.));
#12936=CARTESIAN_POINT('',(-48.3533430844545,14.6452943608165,3.5));
#12937=CARTESIAN_POINT('',(-48.3533430844545,14.6452943608165,4.));
#12938=CARTESIAN_POINT('Ctrl Pts',(-48.3533430844545,14.6452943608165,3.5));
#12939=CARTESIAN_POINT('Ctrl Pts',(-48.3533430844545,15.0586640462279,3.5));
#12940=CARTESIAN_POINT('Ctrl Pts',(-48.1231249123812,15.2735344693065,3.5));
#12941=CARTESIAN_POINT('Ctrl Pts',(-48.0873132497072,13.9658946171403,4.));
#12942=CARTESIAN_POINT('Ctrl Pts',(-48.0873132497072,13.9658946171403,3.5));
#12943=CARTESIAN_POINT('Ctrl Pts',(-48.3533430844545,14.2421565577388,4.));
#12944=CARTESIAN_POINT('Ctrl Pts',(-48.3533430844545,14.2421565577388,3.5));
#12945=CARTESIAN_POINT('Ctrl Pts',(-48.3533430844545,14.6452943608165,4.));
#12946=CARTESIAN_POINT('Ctrl Pts',(-48.3533430844545,14.6452943608165,3.5));
#12947=CARTESIAN_POINT('',(-48.0873132497072,13.9658946171403,4.));
#12948=CARTESIAN_POINT('Ctrl Pts',(-48.0873132497072,13.9658946171403,4.));
#12949=CARTESIAN_POINT('Ctrl Pts',(-48.3533430844545,14.2421565577388,4.));
#12950=CARTESIAN_POINT('Ctrl Pts',(-48.3533430844545,14.6452943608165,4.));
#12951=CARTESIAN_POINT('',(-48.0873132497072,13.9658946171403,3.5));
#12952=CARTESIAN_POINT('',(-48.0873132497072,13.9658946171403,4.));
#12953=CARTESIAN_POINT('Ctrl Pts',(-48.0873132497072,13.9658946171403,3.5));
#12954=CARTESIAN_POINT('Ctrl Pts',(-48.3533430844545,14.2421565577388,3.5));
#12955=CARTESIAN_POINT('Ctrl Pts',(-48.3533430844545,14.6452943608165,3.5));
#12956=CARTESIAN_POINT('Ctrl Pts',(-47.577763274312,13.6814471706748,4.));
#12957=CARTESIAN_POINT('Ctrl Pts',(-47.577763274312,13.6814471706748,3.5));
#12958=CARTESIAN_POINT('Ctrl Pts',(-47.9092777520418,13.7837663665414,4.));
#12959=CARTESIAN_POINT('Ctrl Pts',(-47.9092777520418,13.7837663665414,3.5));
#12960=CARTESIAN_POINT('Ctrl Pts',(-48.0873132497072,13.9658946171403,4.));
#12961=CARTESIAN_POINT('Ctrl Pts',(-48.0873132497072,13.9658946171403,3.5));
#12962=CARTESIAN_POINT('',(-47.577763274312,13.6814471706748,4.));
#12963=CARTESIAN_POINT('Ctrl Pts',(-47.577763274312,13.6814471706748,4.));
#12964=CARTESIAN_POINT('Ctrl Pts',(-47.9092777520418,13.7837663665414,4.));
#12965=CARTESIAN_POINT('Ctrl Pts',(-48.0873132497072,13.9658946171403,4.));
#12966=CARTESIAN_POINT('',(-47.577763274312,13.6814471706748,3.5));
#12967=CARTESIAN_POINT('',(-47.577763274312,13.6814471706748,4.));
#12968=CARTESIAN_POINT('Ctrl Pts',(-47.577763274312,13.6814471706748,3.5));
#12969=CARTESIAN_POINT('Ctrl Pts',(-47.9092777520418,13.7837663665414,3.5));
#12970=CARTESIAN_POINT('Ctrl Pts',(-48.0873132497072,13.9658946171403,3.5));
#12971=CARTESIAN_POINT('Origin',(-47.4713512510061,14.2175998911262,4.));
#12972=CARTESIAN_POINT('',(-47.4713512510061,14.2175998911262,4.));
#12973=CARTESIAN_POINT('',(-46.1468991526693,20.8907987794652,4.));
#12974=CARTESIAN_POINT('',(-47.4713512510061,14.2175998911262,3.5));
#12975=CARTESIAN_POINT('',(-47.4713512510061,14.2175998911262,4.));
#12976=CARTESIAN_POINT('',(-47.4713512510061,14.2175998911262,3.5));
#12977=CARTESIAN_POINT('Ctrl Pts',(-47.7895640581846,14.3772180005908,4.));
#12978=CARTESIAN_POINT('Ctrl Pts',(-47.7895640581846,14.3772180005908,3.5));
#12979=CARTESIAN_POINT('Ctrl Pts',(-47.6964535564184,14.2769451066852,4.));
#12980=CARTESIAN_POINT('Ctrl Pts',(-47.6964535564184,14.2769451066852,3.5));
#12981=CARTESIAN_POINT('Ctrl Pts',(-47.4713512510061,14.2175998911262,4.));
#12982=CARTESIAN_POINT('Ctrl Pts',(-47.4713512510061,14.2175998911262,3.5));
#12983=CARTESIAN_POINT('',(-47.7895640581846,14.3772180005908,4.));
#12984=CARTESIAN_POINT('Ctrl Pts',(-47.7895640581846,14.3772180005908,4.));
#12985=CARTESIAN_POINT('Ctrl Pts',(-47.6964535564184,14.2769451066852,4.));
#12986=CARTESIAN_POINT('Ctrl Pts',(-47.4713512510061,14.2175998911262,4.));
#12987=CARTESIAN_POINT('',(-47.7895640581846,14.3772180005908,3.5));
#12988=CARTESIAN_POINT('',(-47.7895640581846,14.3772180005908,4.));
#12989=CARTESIAN_POINT('Ctrl Pts',(-47.7895640581846,14.3772180005908,3.5));
#12990=CARTESIAN_POINT('Ctrl Pts',(-47.6964535564184,14.2769451066852,3.5));
#12991=CARTESIAN_POINT('Ctrl Pts',(-47.4713512510061,14.2175998911262,3.5));
#12992=CARTESIAN_POINT('Ctrl Pts',(-47.8826747089624,14.6043666824698,4.));
#12993=CARTESIAN_POINT('Ctrl Pts',(-47.8826747089624,14.6043666824698,3.5));
#12994=CARTESIAN_POINT('Ctrl Pts',(-47.8826747089624,14.4774907454848,4.));
#12995=CARTESIAN_POINT('Ctrl Pts',(-47.8826747089624,14.4774907454848,3.5));
#12996=CARTESIAN_POINT('Ctrl Pts',(-47.7895640581846,14.3772180005908,4.));
#12997=CARTESIAN_POINT('Ctrl Pts',(-47.7895640581846,14.3772180005908,3.5));
#12998=CARTESIAN_POINT('',(-47.8826747089624,14.6043666824698,4.));
#12999=CARTESIAN_POINT('Ctrl Pts',(-47.8826747089624,14.6043666824698,4.));
#13000=CARTESIAN_POINT('Ctrl Pts',(-47.8826747089624,14.4774907454848,4.));
#13001=CARTESIAN_POINT('Ctrl Pts',(-47.7895640581846,14.3772180005908,4.));
#13002=CARTESIAN_POINT('',(-47.8826747089624,14.6043666824698,3.5));
#13003=CARTESIAN_POINT('',(-47.8826747089624,14.6043666824698,4.));
#13004=CARTESIAN_POINT('Ctrl Pts',(-47.8826747089624,14.6043666824698,3.5));
#13005=CARTESIAN_POINT('Ctrl Pts',(-47.8826747089624,14.4774907454848,3.5));
#13006=CARTESIAN_POINT('Ctrl Pts',(-47.7895640581846,14.3772180005908,3.5));
#13007=CARTESIAN_POINT('Ctrl Pts',(-47.7987728267908,14.8223065957427,4.));
#13008=CARTESIAN_POINT('Ctrl Pts',(-47.7987728267908,14.8223065957427,3.5));
#13009=CARTESIAN_POINT('Ctrl Pts',(-47.8826747089624,14.7394281253219,4.));
#13010=CARTESIAN_POINT('Ctrl Pts',(-47.8826747089624,14.7394281253219,3.5));
#13011=CARTESIAN_POINT('Ctrl Pts',(-47.8826747089624,14.6043666824698,4.));
#13012=CARTESIAN_POINT('Ctrl Pts',(-47.8826747089624,14.6043666824698,3.5));
#13013=CARTESIAN_POINT('',(-47.7987728267908,14.8223065957427,4.));
#13014=CARTESIAN_POINT('Ctrl Pts',(-47.7987728267908,14.8223065957427,4.));
#13015=CARTESIAN_POINT('Ctrl Pts',(-47.8826747089624,14.7394281253219,4.));
#13016=CARTESIAN_POINT('Ctrl Pts',(-47.8826747089624,14.6043666824698,4.));
#13017=CARTESIAN_POINT('',(-47.7987728267908,14.8223065957427,3.5));
#13018=CARTESIAN_POINT('',(-47.7987728267908,14.8223065957427,4.));
#13019=CARTESIAN_POINT('Ctrl Pts',(-47.7987728267908,14.8223065957427,3.5));
#13020=CARTESIAN_POINT('Ctrl Pts',(-47.8826747089624,14.7394281253219,3.5));
#13021=CARTESIAN_POINT('Ctrl Pts',(-47.8826747089624,14.6043666824698,3.5));
#13022=CARTESIAN_POINT('Ctrl Pts',(-47.569577768445,14.9051852151752,4.));
#13023=CARTESIAN_POINT('Ctrl Pts',(-47.569577768445,14.9051852151752,3.5));
#13024=CARTESIAN_POINT('Ctrl Pts',(-47.7148710936308,14.9051852151752,4.));
#13025=CARTESIAN_POINT('Ctrl Pts',(-47.7148710936308,14.9051852151752,3.5));
#13026=CARTESIAN_POINT('Ctrl Pts',(-47.7987728267908,14.8223065957427,4.));
#13027=CARTESIAN_POINT('Ctrl Pts',(-47.7987728267908,14.8223065957427,3.5));
#13028=CARTESIAN_POINT('',(-47.569577768445,14.9051852151752,4.));
#13029=CARTESIAN_POINT('Ctrl Pts',(-47.569577768445,14.9051852151752,4.));
#13030=CARTESIAN_POINT('Ctrl Pts',(-47.7148710936308,14.9051852151752,4.));
#13031=CARTESIAN_POINT('Ctrl Pts',(-47.7987728267908,14.8223065957427,4.));
#13032=CARTESIAN_POINT('',(-47.569577768445,14.9051852151752,3.5));
#13033=CARTESIAN_POINT('',(-47.569577768445,14.9051852151752,4.));
#13034=CARTESIAN_POINT('Ctrl Pts',(-47.569577768445,14.9051852151752,3.5));
#13035=CARTESIAN_POINT('Ctrl Pts',(-47.7148710936308,14.9051852151752,3.5));
#13036=CARTESIAN_POINT('Ctrl Pts',(-47.7987728267908,14.8223065957427,3.5));
#13037=CARTESIAN_POINT('Ctrl Pts',(-47.2452259808779,14.7824021801353,4.));
#13038=CARTESIAN_POINT('Ctrl Pts',(-47.2452259808779,14.7824021801353,3.5));
#13039=CARTESIAN_POINT('Ctrl Pts',(-47.3649392277002,14.9051852151752,4.));
#13040=CARTESIAN_POINT('Ctrl Pts',(-47.3649392277002,14.9051852151752,3.5));
#13041=CARTESIAN_POINT('Ctrl Pts',(-47.569577768445,14.9051852151752,4.));
#13042=CARTESIAN_POINT('Ctrl Pts',(-47.569577768445,14.9051852151752,3.5));
#13043=CARTESIAN_POINT('',(-47.2452259808779,14.7824021801353,4.));
#13044=CARTESIAN_POINT('Ctrl Pts',(-47.2452259808779,14.7824021801353,4.));
#13045=CARTESIAN_POINT('Ctrl Pts',(-47.3649392277002,14.9051852151752,4.));
#13046=CARTESIAN_POINT('Ctrl Pts',(-47.569577768445,14.9051852151752,4.));
#13047=CARTESIAN_POINT('',(-47.2452259808779,14.7824021801353,3.5));
#13048=CARTESIAN_POINT('',(-47.2452259808779,14.7824021801353,4.));
#13049=CARTESIAN_POINT('Ctrl Pts',(-47.2452259808779,14.7824021801353,3.5));
#13050=CARTESIAN_POINT('Ctrl Pts',(-47.3649392277002,14.9051852151752,3.5));
#13051=CARTESIAN_POINT('Ctrl Pts',(-47.569577768445,14.9051852151752,3.5));
#13052=CARTESIAN_POINT('Ctrl Pts',(-47.1255124360323,14.4242848083377,4.));
#13053=CARTESIAN_POINT('Ctrl Pts',(-47.1255124360323,14.4242848083377,3.5));
#13054=CARTESIAN_POINT('Ctrl Pts',(-47.1255124360323,14.6596191450953,4.));
#13055=CARTESIAN_POINT('Ctrl Pts',(-47.1255124360323,14.6596191450953,3.5));
#13056=CARTESIAN_POINT('Ctrl Pts',(-47.2452259808779,14.7824021801353,4.));
#13057=CARTESIAN_POINT('Ctrl Pts',(-47.2452259808779,14.7824021801353,3.5));
#13058=CARTESIAN_POINT('',(-47.1255124360323,14.4242848083377,4.));
#13059=CARTESIAN_POINT('Ctrl Pts',(-47.1255124360323,14.4242848083377,4.));
#13060=CARTESIAN_POINT('Ctrl Pts',(-47.1255124360323,14.6596191450953,4.));
#13061=CARTESIAN_POINT('Ctrl Pts',(-47.2452259808779,14.7824021801353,4.));
#13062=CARTESIAN_POINT('',(-47.1255124360323,14.4242848083377,3.5));
#13063=CARTESIAN_POINT('',(-47.1255124360323,14.4242848083377,4.));
#13064=CARTESIAN_POINT('Ctrl Pts',(-47.1255124360323,14.4242848083377,3.5));
#13065=CARTESIAN_POINT('Ctrl Pts',(-47.1255124360323,14.6596191450953,3.5));
#13066=CARTESIAN_POINT('Ctrl Pts',(-47.2452259808779,14.7824021801353,3.5));
#13067=CARTESIAN_POINT('Ctrl Pts',(-47.1296048909426,14.3649395927787,4.));
#13068=CARTESIAN_POINT('Ctrl Pts',(-47.1296048909426,14.3649395927787,3.5));
#13069=CARTESIAN_POINT('Ctrl Pts',(-47.1255124360323,14.3956353887916,4.));
#13070=CARTESIAN_POINT('Ctrl Pts',(-47.1255124360323,14.3956353887916,3.5));
#13071=CARTESIAN_POINT('Ctrl Pts',(-47.1255124360323,14.4242848083377,4.));
#13072=CARTESIAN_POINT('Ctrl Pts',(-47.1255124360323,14.4242848083377,3.5));
#13073=CARTESIAN_POINT('',(-47.1296048909426,14.3649395927787,4.));
#13074=CARTESIAN_POINT('Ctrl Pts',(-47.1296048909426,14.3649395927787,4.));
#13075=CARTESIAN_POINT('Ctrl Pts',(-47.1255124360323,14.3956353887916,4.));
#13076=CARTESIAN_POINT('Ctrl Pts',(-47.1255124360323,14.4242848083377,4.));
#13077=CARTESIAN_POINT('',(-47.1296048909426,14.3649395927787,3.5));
#13078=CARTESIAN_POINT('',(-47.1296048909426,14.3649395927787,4.));
#13079=CARTESIAN_POINT('Ctrl Pts',(-47.1296048909426,14.3649395927787,3.5));
#13080=CARTESIAN_POINT('Ctrl Pts',(-47.1255124360323,14.3956353887916,3.5));
#13081=CARTESIAN_POINT('Ctrl Pts',(-47.1255124360323,14.4242848083377,3.5));
#13082=CARTESIAN_POINT('Origin',(-46.6405189782381,14.2626203224063,4.));
#13083=CARTESIAN_POINT('',(-46.6405189782381,14.2626203224063,4.));
#13084=CARTESIAN_POINT('',(-46.9417401630122,14.3256373323961,4.));
#13085=CARTESIAN_POINT('',(-46.6405189782381,14.2626203224063,3.5));
#13086=CARTESIAN_POINT('',(-46.6405189782381,14.2626203224063,4.));
#13087=CARTESIAN_POINT('',(-46.6405189782381,14.2626203224063,3.5));
#13088=CARTESIAN_POINT('Ctrl Pts',(-46.6487044841051,14.3567540869117,4.));
#13089=CARTESIAN_POINT('Ctrl Pts',(-46.6487044841051,14.3567540869117,3.5));
#13090=CARTESIAN_POINT('Ctrl Pts',(-46.6487044841051,14.3117336556315,4.));
#13091=CARTESIAN_POINT('Ctrl Pts',(-46.6487044841051,14.3117336556315,3.5));
#13092=CARTESIAN_POINT('Ctrl Pts',(-46.6405189782381,14.2626203224063,4.));
#13093=CARTESIAN_POINT('Ctrl Pts',(-46.6405189782381,14.2626203224063,3.5));
#13094=CARTESIAN_POINT('',(-46.6487044841051,14.3567540869117,4.));
#13095=CARTESIAN_POINT('Ctrl Pts',(-46.6487044841051,14.3567540869117,4.));
#13096=CARTESIAN_POINT('Ctrl Pts',(-46.6487044841051,14.3117336556315,4.));
#13097=CARTESIAN_POINT('Ctrl Pts',(-46.6405189782381,14.2626203224063,4.));
#13098=CARTESIAN_POINT('',(-46.6487044841051,14.3567540869117,3.5));
#13099=CARTESIAN_POINT('',(-46.6487044841051,14.3567540869117,4.));
#13100=CARTESIAN_POINT('Ctrl Pts',(-46.6487044841051,14.3567540869117,3.5));
#13101=CARTESIAN_POINT('Ctrl Pts',(-46.6487044841051,14.3117336556315,3.5));
#13102=CARTESIAN_POINT('Ctrl Pts',(-46.6405189782381,14.2626203224063,3.5));
#13103=CARTESIAN_POINT('Ctrl Pts',(-46.5412694960833,14.6432479843497,4.));
#13104=CARTESIAN_POINT('Ctrl Pts',(-46.5412694960833,14.6432479843497,3.5));
#13105=CARTESIAN_POINT('Ctrl Pts',(-46.6487044841051,14.5368359610438,4.));
#13106=CARTESIAN_POINT('Ctrl Pts',(-46.6487044841051,14.5368359610438,3.5));
#13107=CARTESIAN_POINT('Ctrl Pts',(-46.6487044841051,14.3567540869117,4.));
#13108=CARTESIAN_POINT('Ctrl Pts',(-46.6487044841051,14.3567540869117,3.5));
#13109=CARTESIAN_POINT('',(-46.5412694960833,14.6432479843497,4.));
#13110=CARTESIAN_POINT('Ctrl Pts',(-46.5412694960833,14.6432479843497,4.));
#13111=CARTESIAN_POINT('Ctrl Pts',(-46.6487044841051,14.5368359610438,4.));
#13112=CARTESIAN_POINT('Ctrl Pts',(-46.6487044841051,14.3567540869117,4.));
#13113=CARTESIAN_POINT('',(-46.5412694960833,14.6432479843497,3.5));
#13114=CARTESIAN_POINT('',(-46.5412694960833,14.6432479843497,4.));
#13115=CARTESIAN_POINT('Ctrl Pts',(-46.5412694960833,14.6432479843497,3.5));
#13116=CARTESIAN_POINT('Ctrl Pts',(-46.6487044841051,14.5368359610438,3.5));
#13117=CARTESIAN_POINT('Ctrl Pts',(-46.6487044841051,14.3567540869117,3.5));
#13118=CARTESIAN_POINT('Ctrl Pts',(-46.2496594339609,14.7496600076556,4.));
#13119=CARTESIAN_POINT('Ctrl Pts',(-46.2496594339609,14.7496600076556,3.5));
#13120=CARTESIAN_POINT('Ctrl Pts',(-46.4338342100382,14.7496600076556,4.));
#13121=CARTESIAN_POINT('Ctrl Pts',(-46.4338342100382,14.7496600076556,3.5));
#13122=CARTESIAN_POINT('Ctrl Pts',(-46.5412694960833,14.6432479843497,4.));
#13123=CARTESIAN_POINT('Ctrl Pts',(-46.5412694960833,14.6432479843497,3.5));
#13124=CARTESIAN_POINT('',(-46.2496594339609,14.7496600076556,4.));
#13125=CARTESIAN_POINT('Ctrl Pts',(-46.2496594339609,14.7496600076556,4.));
#13126=CARTESIAN_POINT('Ctrl Pts',(-46.4338342100382,14.7496600076556,4.));
#13127=CARTESIAN_POINT('Ctrl Pts',(-46.5412694960833,14.6432479843497,4.));
#13128=CARTESIAN_POINT('',(-46.2496594339609,14.7496600076556,3.5));
#13129=CARTESIAN_POINT('',(-46.2496594339609,14.7496600076556,4.));
#13130=CARTESIAN_POINT('Ctrl Pts',(-46.2496594339609,14.7496600076556,3.5));
#13131=CARTESIAN_POINT('Ctrl Pts',(-46.4338342100382,14.7496600076556,3.5));
#13132=CARTESIAN_POINT('Ctrl Pts',(-46.5412694960833,14.6432479843497,3.5));
#13133=CARTESIAN_POINT('Ctrl Pts',(-45.9038204699755,14.6176682040095,4.));
#13134=CARTESIAN_POINT('Ctrl Pts',(-45.9038204699755,14.6176682040095,3.5));
#13135=CARTESIAN_POINT('Ctrl Pts',(-46.0388819128275,14.7496600076556,4.));
#13136=CARTESIAN_POINT('Ctrl Pts',(-46.0388819128275,14.7496600076556,3.5));
#13137=CARTESIAN_POINT('Ctrl Pts',(-46.2496594339609,14.7496600076556,4.));
#13138=CARTESIAN_POINT('Ctrl Pts',(-46.2496594339609,14.7496600076556,3.5));
#13139=CARTESIAN_POINT('',(-45.9038204699755,14.6176682040095,4.));
#13140=CARTESIAN_POINT('Ctrl Pts',(-45.9038204699755,14.6176682040095,4.));
#13141=CARTESIAN_POINT('Ctrl Pts',(-46.0388819128275,14.7496600076556,4.));
#13142=CARTESIAN_POINT('Ctrl Pts',(-46.2496594339609,14.7496600076556,4.));
#13143=CARTESIAN_POINT('',(-45.9038204699755,14.6176682040095,3.5));
#13144=CARTESIAN_POINT('',(-45.9038204699755,14.6176682040095,4.));
#13145=CARTESIAN_POINT('Ctrl Pts',(-45.9038204699755,14.6176682040095,3.5));
#13146=CARTESIAN_POINT('Ctrl Pts',(-46.0388819128275,14.7496600076556,3.5));
#13147=CARTESIAN_POINT('Ctrl Pts',(-46.2496594339609,14.7496600076556,3.5));
#13148=CARTESIAN_POINT('Ctrl Pts',(-45.7687590271235,14.2851306125522,4.));
#13149=CARTESIAN_POINT('Ctrl Pts',(-45.7687590271235,14.2851306125522,3.5));
#13150=CARTESIAN_POINT('Ctrl Pts',(-45.7687590271235,14.4856764003634,4.));
#13151=CARTESIAN_POINT('Ctrl Pts',(-45.7687590271235,14.4856764003634,3.5));
#13152=CARTESIAN_POINT('Ctrl Pts',(-45.9038204699755,14.6176682040095,4.));
#13153=CARTESIAN_POINT('Ctrl Pts',(-45.9038204699755,14.6176682040095,3.5));
#13154=CARTESIAN_POINT('',(-45.7687590271235,14.2851306125522,4.));
#13155=CARTESIAN_POINT('Ctrl Pts',(-45.7687590271235,14.2851306125522,4.));
#13156=CARTESIAN_POINT('Ctrl Pts',(-45.7687590271235,14.4856764003634,4.));
#13157=CARTESIAN_POINT('Ctrl Pts',(-45.9038204699755,14.6176682040095,4.));
#13158=CARTESIAN_POINT('',(-45.7687590271235,14.2851306125522,3.5));
#13159=CARTESIAN_POINT('',(-45.7687590271235,14.2851306125522,4.));
#13160=CARTESIAN_POINT('Ctrl Pts',(-45.7687590271235,14.2851306125522,3.5));
#13161=CARTESIAN_POINT('Ctrl Pts',(-45.7687590271235,14.4856764003634,3.5));
#13162=CARTESIAN_POINT('Ctrl Pts',(-45.9038204699755,14.6176682040095,3.5));
#13163=CARTESIAN_POINT('Ctrl Pts',(-45.8608464151621,14.0426340326667,4.));
#13164=CARTESIAN_POINT('Ctrl Pts',(-45.8608464151621,14.0426340326667,3.5));
#13165=CARTESIAN_POINT('Ctrl Pts',(-45.7687590271235,14.1336981579661,4.));
#13166=CARTESIAN_POINT('Ctrl Pts',(-45.7687590271235,14.1336981579661,3.5));
#13167=CARTESIAN_POINT('Ctrl Pts',(-45.7687590271235,14.2851306125522,4.));
#13168=CARTESIAN_POINT('Ctrl Pts',(-45.7687590271235,14.2851306125522,3.5));
#13169=CARTESIAN_POINT('',(-45.8608464151621,14.0426340326667,4.));
#13170=CARTESIAN_POINT('Ctrl Pts',(-45.8608464151621,14.0426340326667,4.));
#13171=CARTESIAN_POINT('Ctrl Pts',(-45.7687590271235,14.1336981579661,4.));
#13172=CARTESIAN_POINT('Ctrl Pts',(-45.7687590271235,14.2851306125522,4.));
#13173=CARTESIAN_POINT('',(-45.8608464151621,14.0426340326667,3.5));
#13174=CARTESIAN_POINT('',(-45.8608464151621,14.0426340326667,4.));
#13175=CARTESIAN_POINT('Ctrl Pts',(-45.8608464151621,14.0426340326667,3.5));
#13176=CARTESIAN_POINT('Ctrl Pts',(-45.7687590271235,14.1336981579661,3.5));
#13177=CARTESIAN_POINT('Ctrl Pts',(-45.7687590271235,14.2851306125522,3.5));
#13178=CARTESIAN_POINT('Ctrl Pts',(-46.1923605948687,13.9167813584208,4.));
#13179=CARTESIAN_POINT('Ctrl Pts',(-46.1923605948687,13.9167813584208,3.5));
#13180=CARTESIAN_POINT('Ctrl Pts',(-45.9529338032007,13.9515699073672,4.));
#13181=CARTESIAN_POINT('Ctrl Pts',(-45.9529338032007,13.9515699073672,3.5));
#13182=CARTESIAN_POINT('Ctrl Pts',(-45.8608464151621,14.0426340326667,4.));
#13183=CARTESIAN_POINT('Ctrl Pts',(-45.8608464151621,14.0426340326667,3.5));
#13184=CARTESIAN_POINT('',(-46.1923605948687,13.9167813584208,4.));
#13185=CARTESIAN_POINT('Ctrl Pts',(-46.1923605948687,13.9167813584208,4.));
#13186=CARTESIAN_POINT('Ctrl Pts',(-45.9529338032007,13.9515699073672,4.));
#13187=CARTESIAN_POINT('Ctrl Pts',(-45.8608464151621,14.0426340326667,4.));
#13188=CARTESIAN_POINT('',(-46.1923605948687,13.9167813584208,3.5));
#13189=CARTESIAN_POINT('',(-46.1923605948687,13.9167813584208,4.));
#13190=CARTESIAN_POINT('Ctrl Pts',(-46.1923605948687,13.9167813584208,3.5));
#13191=CARTESIAN_POINT('Ctrl Pts',(-45.9529338032007,13.9515699073672,3.5));
#13192=CARTESIAN_POINT('Ctrl Pts',(-45.8608464151621,14.0426340326667,3.5));
#13193=CARTESIAN_POINT('Origin',(-46.1248300224543,13.3540255576372,4.));
#13194=CARTESIAN_POINT('',(-46.1248300224543,13.3540255576372,4.));
#13195=CARTESIAN_POINT('',(-46.9500057597258,20.2305026288797,4.));
#13196=CARTESIAN_POINT('',(-46.1248300224543,13.3540255576372,3.5));
#13197=CARTESIAN_POINT('',(-46.1248300224543,13.3540255576372,4.));
#13198=CARTESIAN_POINT('',(-46.1248300224543,13.3540255576372,3.5));
#13199=CARTESIAN_POINT('Ctrl Pts',(-45.5078450590372,13.653820939362,4.));
#13200=CARTESIAN_POINT('Ctrl Pts',(-45.5078450590372,13.653820939362,3.5));
#13201=CARTESIAN_POINT('Ctrl Pts',(-45.7257849723101,13.4072315692902,4.));
#13202=CARTESIAN_POINT('Ctrl Pts',(-45.7257849723101,13.4072315692902,3.5));
#13203=CARTESIAN_POINT('Ctrl Pts',(-46.1248300224543,13.3540255576372,4.));
#13204=CARTESIAN_POINT('Ctrl Pts',(-46.1248300224543,13.3540255576372,3.5));
#13205=CARTESIAN_POINT('',(-45.5078450590372,13.653820939362,4.));
#13206=CARTESIAN_POINT('Ctrl Pts',(-45.5078450590372,13.653820939362,4.));
#13207=CARTESIAN_POINT('Ctrl Pts',(-45.7257849723101,13.4072315692902,4.));
#13208=CARTESIAN_POINT('Ctrl Pts',(-46.1248300224543,13.3540255576372,4.));
#13209=CARTESIAN_POINT('',(-45.5078450590372,13.653820939362,3.5));
#13210=CARTESIAN_POINT('',(-45.5078450590372,13.653820939362,4.));
#13211=CARTESIAN_POINT('Ctrl Pts',(-45.5078450590372,13.653820939362,3.5));
#13212=CARTESIAN_POINT('Ctrl Pts',(-45.7257849723101,13.4072315692902,3.5));
#13213=CARTESIAN_POINT('Ctrl Pts',(-46.1248300224543,13.3540255576372,3.5));
#13214=CARTESIAN_POINT('Ctrl Pts',(-45.2899051457644,14.2810378596187,4.));
#13215=CARTESIAN_POINT('Ctrl Pts',(-45.2899051457644,14.2810378596187,3.5));
#13216=CARTESIAN_POINT('Ctrl Pts',(-45.2899051457644,13.900410272181,4.));
#13217=CARTESIAN_POINT('Ctrl Pts',(-45.2899051457644,13.900410272181,3.5));
#13218=CARTESIAN_POINT('Ctrl Pts',(-45.5078450590372,13.653820939362,4.));
#13219=CARTESIAN_POINT('Ctrl Pts',(-45.5078450590372,13.653820939362,3.5));
#13220=CARTESIAN_POINT('Ctrl Pts',(-45.2899051457644,14.2810378596187,4.));
#13221=CARTESIAN_POINT('Ctrl Pts',(-45.2899051457644,13.900410272181,4.));
#13222=CARTESIAN_POINT('Ctrl Pts',(-45.5078450590372,13.653820939362,4.));
#13223=CARTESIAN_POINT('Ctrl Pts',(-45.2899051457644,14.2810378596187,3.5));
#13224=CARTESIAN_POINT('Ctrl Pts',(-45.2899051457644,13.900410272181,3.5));
#13225=CARTESIAN_POINT('Ctrl Pts',(-45.5078450590372,13.653820939362,3.5));
#13226=CARTESIAN_POINT('Origin',(-46.8216241151094,14.4212152995169,3.5));
#13227=CARTESIAN_POINT('Ctrl Pts',(-45.0801507383585,23.9553211256862,4.));
#13228=CARTESIAN_POINT('Ctrl Pts',(-45.0801507383585,23.9553211256862,3.5));
#13229=CARTESIAN_POINT('Ctrl Pts',(-45.1650757342577,24.0361533686519,4.));
#13230=CARTESIAN_POINT('Ctrl Pts',(-45.1650757342577,24.0361533686519,3.5));
#13231=CARTESIAN_POINT('Ctrl Pts',(-45.3410647064447,24.0750346705317,4.));
#13232=CARTESIAN_POINT('Ctrl Pts',(-45.3410647064447,24.0750346705317,3.5));
#13233=CARTESIAN_POINT('',(-45.0801507383585,23.9553211256862,4.));
#13234=CARTESIAN_POINT('',(-45.3410647064447,24.0750346705317,4.));
#13235=CARTESIAN_POINT('Ctrl Pts',(-45.0801507383585,23.9553211256862,4.));
#13236=CARTESIAN_POINT('Ctrl Pts',(-45.1650757342577,24.0361533686519,4.));
#13237=CARTESIAN_POINT('Ctrl Pts',(-45.3410647064447,24.0750346705317,4.));
#13238=CARTESIAN_POINT('',(-45.0801507383585,23.9553211256862,3.5));
#13239=CARTESIAN_POINT('',(-45.0801507383585,23.9553211256862,4.));
#13240=CARTESIAN_POINT('',(-45.3410647064447,24.0750346705317,3.5));
#13241=CARTESIAN_POINT('Ctrl Pts',(-45.0801507383585,23.9553211256862,3.5));
#13242=CARTESIAN_POINT('Ctrl Pts',(-45.1650757342577,24.0361533686519,3.5));
#13243=CARTESIAN_POINT('Ctrl Pts',(-45.3410647064447,24.0750346705317,3.5));
#13244=CARTESIAN_POINT('',(-45.3410647064447,24.0750346705317,4.));
#13245=CARTESIAN_POINT('Ctrl Pts',(-44.9624837189913,23.7271497771144,4.));
#13246=CARTESIAN_POINT('Ctrl Pts',(-44.9624837189913,23.7271497771144,3.5));
#13247=CARTESIAN_POINT('Ctrl Pts',(-44.9952257424593,23.8744888827205,4.));
#13248=CARTESIAN_POINT('Ctrl Pts',(-44.9952257424593,23.8744888827205,3.5));
#13249=CARTESIAN_POINT('Ctrl Pts',(-45.0801507383585,23.9553211256862,4.));
#13250=CARTESIAN_POINT('Ctrl Pts',(-45.0801507383585,23.9553211256862,3.5));
#13251=CARTESIAN_POINT('',(-44.9624837189913,23.7271497771144,4.));
#13252=CARTESIAN_POINT('Ctrl Pts',(-44.9624837189913,23.7271497771144,4.));
#13253=CARTESIAN_POINT('Ctrl Pts',(-44.9952257424593,23.8744888827205,4.));
#13254=CARTESIAN_POINT('Ctrl Pts',(-45.0801507383585,23.9553211256862,4.));
#13255=CARTESIAN_POINT('',(-44.9624837189913,23.7271497771144,3.5));
#13256=CARTESIAN_POINT('',(-44.9624837189913,23.7271497771144,4.));
#13257=CARTESIAN_POINT('Ctrl Pts',(-44.9624837189913,23.7271497771144,3.5));
#13258=CARTESIAN_POINT('Ctrl Pts',(-44.9952257424593,23.8744888827205,3.5));
#13259=CARTESIAN_POINT('Ctrl Pts',(-45.0801507383585,23.9553211256862,3.5));
#13260=CARTESIAN_POINT('Origin',(-44.6903146058321,23.6698506399989,4.));
#13261=CARTESIAN_POINT('',(-44.6903146058321,23.6698506399989,4.));
#13262=CARTESIAN_POINT('',(-44.9852614055957,23.7319451110624,4.));
#13263=CARTESIAN_POINT('',(-44.6903146058321,23.6698506399989,3.5));
#13264=CARTESIAN_POINT('',(-44.6903146058321,23.6698506399989,4.));
#13265=CARTESIAN_POINT('',(-44.6903146058321,23.6698506399989,3.5));
#13266=CARTESIAN_POINT('Ctrl Pts',(-44.8652801662683,24.1497276350856,4.));
#13267=CARTESIAN_POINT('Ctrl Pts',(-44.8652801662683,24.1497276350856,3.5));
#13268=CARTESIAN_POINT('Ctrl Pts',(-44.6964532881975,23.964530043304,4.));
#13269=CARTESIAN_POINT('Ctrl Pts',(-44.6964532881975,23.964530043304,3.5));
#13270=CARTESIAN_POINT('Ctrl Pts',(-44.6903146058321,23.6698506399989,4.));
#13271=CARTESIAN_POINT('Ctrl Pts',(-44.6903146058321,23.6698506399989,3.5));
#13272=CARTESIAN_POINT('',(-44.8652801662683,24.1497276350856,4.));
#13273=CARTESIAN_POINT('Ctrl Pts',(-44.8652801662683,24.1497276350856,4.));
#13274=CARTESIAN_POINT('Ctrl Pts',(-44.6964532881975,23.964530043304,4.));
#13275=CARTESIAN_POINT('Ctrl Pts',(-44.6903146058321,23.6698506399989,4.));
#13276=CARTESIAN_POINT('',(-44.8652801662683,24.1497276350856,3.5));
#13277=CARTESIAN_POINT('',(-44.8652801662683,24.1497276350856,4.));
#13278=CARTESIAN_POINT('Ctrl Pts',(-44.8652801662683,24.1497276350856,3.5));
#13279=CARTESIAN_POINT('Ctrl Pts',(-44.6964532881975,23.964530043304,3.5));
#13280=CARTESIAN_POINT('Ctrl Pts',(-44.6903146058321,23.6698506399989,3.5));
#13281=CARTESIAN_POINT('Ctrl Pts',(-45.439291074872,24.4188271090388,4.));
#13282=CARTESIAN_POINT('Ctrl Pts',(-45.439291074872,24.4188271090388,3.5));
#13283=CARTESIAN_POINT('Ctrl Pts',(-45.0341070443392,24.3349252268672,4.));
#13284=CARTESIAN_POINT('Ctrl Pts',(-45.0341070443392,24.3349252268672,3.5));
#13285=CARTESIAN_POINT('Ctrl Pts',(-44.8652801662683,24.1497276350856,4.));
#13286=CARTESIAN_POINT('Ctrl Pts',(-44.8652801662683,24.1497276350856,3.5));
#13287=CARTESIAN_POINT('',(-45.439291074872,24.4188271090388,4.));
#13288=CARTESIAN_POINT('Ctrl Pts',(-45.439291074872,24.4188271090388,4.));
#13289=CARTESIAN_POINT('Ctrl Pts',(-45.0341070443392,24.3349252268672,4.));
#13290=CARTESIAN_POINT('Ctrl Pts',(-44.8652801662683,24.1497276350856,4.));
#13291=CARTESIAN_POINT('',(-45.439291074872,24.4188271090388,3.5));
#13292=CARTESIAN_POINT('',(-45.439291074872,24.4188271090388,4.));
#13293=CARTESIAN_POINT('Ctrl Pts',(-45.439291074872,24.4188271090388,3.5));
#13294=CARTESIAN_POINT('Ctrl Pts',(-45.0341070443392,24.3349252268672,3.5));
#13295=CARTESIAN_POINT('Ctrl Pts',(-44.8652801662683,24.1497276350856,3.5));
#13296=CARTESIAN_POINT('Origin',(-45.907913222909,24.5170543715358,4.));
#13297=CARTESIAN_POINT('',(-45.907913222909,24.5170543715358,4.));
#13298=CARTESIAN_POINT('',(-45.5330524822279,24.4384803123947,4.));
#13299=CARTESIAN_POINT('',(-45.907913222909,24.5170543715358,3.5));
#13300=CARTESIAN_POINT('',(-45.907913222909,24.5170543715358,4.));
#13301=CARTESIAN_POINT('',(-45.907913222909,24.5170543715358,3.5));
#13302=CARTESIAN_POINT('Origin',(-45.907913222909,23.9256487414241,4.));
#13303=CARTESIAN_POINT('',(-45.907913222909,23.9256487414241,4.));
#13304=CARTESIAN_POINT('',(-45.907913222909,25.7128247059882,4.));
#13305=CARTESIAN_POINT('',(-45.907913222909,23.9256487414241,3.5));
#13306=CARTESIAN_POINT('',(-45.907913222909,23.9256487414241,4.));
#13307=CARTESIAN_POINT('',(-45.907913222909,23.9256487414241,3.5));
#13308=CARTESIAN_POINT('Origin',(-45.3410647064447,23.8049123808742,4.));
#13309=CARTESIAN_POINT('',(-45.3410647064447,23.8049123808742,4.));
#13310=CARTESIAN_POINT('',(-45.3152242043788,23.7994084621311,4.));
#13311=CARTESIAN_POINT('',(-45.3410647064447,23.8049123808742,3.5));
#13312=CARTESIAN_POINT('',(-45.3410647064447,23.8049123808742,4.));
#13313=CARTESIAN_POINT('',(-45.3410647064447,23.8049123808742,3.5));
#13314=CARTESIAN_POINT('Origin',(-45.3410647064447,24.0750346705317,4.));
#13315=CARTESIAN_POINT('',(-45.3410647064447,25.787517670542,4.));
#13316=CARTESIAN_POINT('',(-45.3410647064447,24.0750346705317,3.5));
#13317=CARTESIAN_POINT('Origin',(-45.2991139143705,24.0934525057673,3.5));
#13318=CARTESIAN_POINT('Origin',(-46.3397002965212,35.0579820200801,4.));
#13319=CARTESIAN_POINT('',(-46.3397002965212,35.0579820200801,4.));
#13320=CARTESIAN_POINT('',(-45.3410647064447,34.8492513224483,4.));
#13321=CARTESIAN_POINT('',(-44.7015484417495,34.7155822669858,4.));
#13322=CARTESIAN_POINT('',(-46.3397002965212,35.0579820200801,3.5));
#13323=CARTESIAN_POINT('',(-46.3397002965212,35.0579820200801,4.));
#13324=CARTESIAN_POINT('',(-45.3410647064447,34.8492513224483,3.5));
#13325=CARTESIAN_POINT('',(-46.3397002965212,35.0579820200801,3.5));
#13326=CARTESIAN_POINT('',(-45.3410647064447,34.8492513224483,4.));
#13327=CARTESIAN_POINT('Ctrl Pts',(-46.6732610017061,35.1377902552485,4.));
#13328=CARTESIAN_POINT('Ctrl Pts',(-46.6732610017061,35.1377902552485,3.5));
#13329=CARTESIAN_POINT('Ctrl Pts',(-46.5995914489031,35.1132331416011,4.));
#13330=CARTESIAN_POINT('Ctrl Pts',(-46.5995914489031,35.1132331416011,3.5));
#13331=CARTESIAN_POINT('Ctrl Pts',(-46.3397002965212,35.0579820200801,4.));
#13332=CARTESIAN_POINT('Ctrl Pts',(-46.3397002965212,35.0579820200801,3.5));
#13333=CARTESIAN_POINT('',(-46.6732610017061,35.1377902552485,4.));
#13334=CARTESIAN_POINT('Ctrl Pts',(-46.6732610017061,35.1377902552485,4.));
#13335=CARTESIAN_POINT('Ctrl Pts',(-46.5995914489031,35.1132331416011,4.));
#13336=CARTESIAN_POINT('Ctrl Pts',(-46.3397002965212,35.0579820200801,4.));
#13337=CARTESIAN_POINT('',(-46.6732610017061,35.1377902552485,3.5));
#13338=CARTESIAN_POINT('',(-46.6732610017061,35.1377902552485,4.));
#13339=CARTESIAN_POINT('Ctrl Pts',(-46.6732610017061,35.1377902552485,3.5));
#13340=CARTESIAN_POINT('Ctrl Pts',(-46.5995914489031,35.1132331416011,3.5));
#13341=CARTESIAN_POINT('Ctrl Pts',(-46.3397002965212,35.0579820200801,3.5));
#13342=CARTESIAN_POINT('Ctrl Pts',(-46.9311056286097,35.2697835490108,4.));
#13343=CARTESIAN_POINT('Ctrl Pts',(-46.9311056286097,35.2697835490108,3.5));
#13344=CARTESIAN_POINT('Ctrl Pts',(-46.8308330327272,35.1930437609553,4.));
#13345=CARTESIAN_POINT('Ctrl Pts',(-46.8308330327272,35.1930437609553,3.5));
#13346=CARTESIAN_POINT('Ctrl Pts',(-46.6732610017061,35.1377902552485,4.));
#13347=CARTESIAN_POINT('Ctrl Pts',(-46.6732610017061,35.1377902552485,3.5));
#13348=CARTESIAN_POINT('',(-46.9311056286097,35.2697835490108,4.));
#13349=CARTESIAN_POINT('Ctrl Pts',(-46.9311056286097,35.2697835490108,4.));
#13350=CARTESIAN_POINT('Ctrl Pts',(-46.8308330327272,35.1930437609553,4.));
#13351=CARTESIAN_POINT('Ctrl Pts',(-46.6732610017061,35.1377902552485,4.));
#13352=CARTESIAN_POINT('',(-46.9311056286097,35.2697835490108,3.5));
#13353=CARTESIAN_POINT('',(-46.9311056286097,35.2697835490108,4.));
#13354=CARTESIAN_POINT('Ctrl Pts',(-46.9311056286097,35.2697835490108,3.5));
#13355=CARTESIAN_POINT('Ctrl Pts',(-46.8308330327272,35.1930437609553,3.5));
#13356=CARTESIAN_POINT('Ctrl Pts',(-46.6732610017061,35.1377902552485,3.5));
#13357=CARTESIAN_POINT('Ctrl Pts',(-47.0886773616076,35.4488406702876,4.));
#13358=CARTESIAN_POINT('Ctrl Pts',(-47.0886773616076,35.4488406702876,3.5));
#13359=CARTESIAN_POINT('Ctrl Pts',(-47.0313785225153,35.3465209528804,4.));
#13360=CARTESIAN_POINT('Ctrl Pts',(-47.0313785225153,35.3465209528804,3.5));
#13361=CARTESIAN_POINT('Ctrl Pts',(-46.9311056286097,35.2697835490108,4.));
#13362=CARTESIAN_POINT('Ctrl Pts',(-46.9311056286097,35.2697835490108,3.5));
#13363=CARTESIAN_POINT('',(-47.0886773616076,35.4488406702876,4.));
#13364=CARTESIAN_POINT('Ctrl Pts',(-47.0886773616076,35.4488406702876,4.));
#13365=CARTESIAN_POINT('Ctrl Pts',(-47.0313785225153,35.3465209528804,4.));
#13366=CARTESIAN_POINT('Ctrl Pts',(-46.9311056286097,35.2697835490108,4.));
#13367=CARTESIAN_POINT('',(-47.0886773616076,35.4488406702876,3.5));
#13368=CARTESIAN_POINT('',(-47.0886773616076,35.4488406702876,4.));
#13369=CARTESIAN_POINT('Ctrl Pts',(-47.0886773616076,35.4488406702876,3.5));
#13370=CARTESIAN_POINT('Ctrl Pts',(-47.0313785225153,35.3465209528804,3.5));
#13371=CARTESIAN_POINT('Ctrl Pts',(-46.9311056286097,35.2697835490108,3.5));
#13372=CARTESIAN_POINT('Ctrl Pts',(-47.1459759026766,35.6473408266902,4.));
#13373=CARTESIAN_POINT('Ctrl Pts',(-47.1459759026766,35.6473408266902,3.5));
#13374=CARTESIAN_POINT('Ctrl Pts',(-47.1459759026766,35.5511603876948,4.));
#13375=CARTESIAN_POINT('Ctrl Pts',(-47.1459759026766,35.5511603876948,3.5));
#13376=CARTESIAN_POINT('Ctrl Pts',(-47.0886773616076,35.4488406702876,4.));
#13377=CARTESIAN_POINT('Ctrl Pts',(-47.0886773616076,35.4488406702876,3.5));
#13378=CARTESIAN_POINT('',(-47.1459759026766,35.6473408266902,4.));
#13379=CARTESIAN_POINT('Ctrl Pts',(-47.1459759026766,35.6473408266902,4.));
#13380=CARTESIAN_POINT('Ctrl Pts',(-47.1459759026766,35.5511603876948,4.));
#13381=CARTESIAN_POINT('Ctrl Pts',(-47.0886773616076,35.4488406702876,4.));
#13382=CARTESIAN_POINT('',(-47.1459759026766,35.6473408266902,3.5));
#13383=CARTESIAN_POINT('',(-47.1459759026766,35.6473408266902,4.));
#13384=CARTESIAN_POINT('Ctrl Pts',(-47.1459759026766,35.6473408266902,3.5));
#13385=CARTESIAN_POINT('Ctrl Pts',(-47.1459759026766,35.5511603876948,3.5));
#13386=CARTESIAN_POINT('Ctrl Pts',(-47.0886773616076,35.4488406702876,3.5));
#13387=CARTESIAN_POINT('Ctrl Pts',(-47.0907235890627,35.8079824969172,4.));
#13388=CARTESIAN_POINT('Ctrl Pts',(-47.0907235890627,35.8079824969172,3.5));
#13389=CARTESIAN_POINT('Ctrl Pts',(-47.1459759026766,35.7496605440974,4.));
#13390=CARTESIAN_POINT('Ctrl Pts',(-47.1459759026766,35.7496605440974,3.5));
#13391=CARTESIAN_POINT('Ctrl Pts',(-47.1459759026766,35.6473408266902,4.));
#13392=CARTESIAN_POINT('Ctrl Pts',(-47.1459759026766,35.6473408266902,3.5));
#13393=CARTESIAN_POINT('',(-47.0907235890627,35.8079824969172,4.));
#13394=CARTESIAN_POINT('Ctrl Pts',(-47.0907235890627,35.8079824969172,4.));
#13395=CARTESIAN_POINT('Ctrl Pts',(-47.1459759026766,35.7496605440974,4.));
#13396=CARTESIAN_POINT('Ctrl Pts',(-47.1459759026766,35.6473408266902,4.));
#13397=CARTESIAN_POINT('',(-47.0907235890627,35.8079824969172,3.5));
#13398=CARTESIAN_POINT('',(-47.0907235890627,35.8079824969172,4.));
#13399=CARTESIAN_POINT('Ctrl Pts',(-47.0907235890627,35.8079824969172,3.5));
#13400=CARTESIAN_POINT('Ctrl Pts',(-47.1459759026766,35.7496605440974,3.5));
#13401=CARTESIAN_POINT('Ctrl Pts',(-47.1459759026766,35.6473408266902,3.5));
#13402=CARTESIAN_POINT('Ctrl Pts',(-46.949523165822,35.8663044497371,4.));
#13403=CARTESIAN_POINT('Ctrl Pts',(-46.949523165822,35.8663044497371,3.5));
#13404=CARTESIAN_POINT('Ctrl Pts',(-47.0354712754488,35.8663044497371,4.));
#13405=CARTESIAN_POINT('Ctrl Pts',(-47.0354712754488,35.8663044497371,3.5));
#13406=CARTESIAN_POINT('Ctrl Pts',(-47.0907235890627,35.8079824969172,4.));
#13407=CARTESIAN_POINT('Ctrl Pts',(-47.0907235890627,35.8079824969172,3.5));
#13408=CARTESIAN_POINT('',(-46.949523165822,35.8663044497371,4.));
#13409=CARTESIAN_POINT('Ctrl Pts',(-46.949523165822,35.8663044497371,4.));
#13410=CARTESIAN_POINT('Ctrl Pts',(-47.0354712754488,35.8663044497371,4.));
#13411=CARTESIAN_POINT('Ctrl Pts',(-47.0907235890627,35.8079824969172,4.));
#13412=CARTESIAN_POINT('',(-46.949523165822,35.8663044497371,3.5));
#13413=CARTESIAN_POINT('',(-46.949523165822,35.8663044497371,4.));
#13414=CARTESIAN_POINT('Ctrl Pts',(-46.949523165822,35.8663044497371,3.5));
#13415=CARTESIAN_POINT('Ctrl Pts',(-47.0354712754488,35.8663044497371,3.5));
#13416=CARTESIAN_POINT('Ctrl Pts',(-47.0907235890627,35.8079824969172,3.5));
#13417=CARTESIAN_POINT('Ctrl Pts',(-46.654843762517,35.8192358538508,4.));
#13418=CARTESIAN_POINT('Ctrl Pts',(-46.654843762517,35.8192358538508,3.5));
#13419=CARTESIAN_POINT('Ctrl Pts',(-46.8819922953844,35.8663044497371,4.));
#13420=CARTESIAN_POINT('Ctrl Pts',(-46.8819922953844,35.8663044497371,3.5));
#13421=CARTESIAN_POINT('Ctrl Pts',(-46.949523165822,35.8663044497371,4.));
#13422=CARTESIAN_POINT('Ctrl Pts',(-46.949523165822,35.8663044497371,3.5));
#13423=CARTESIAN_POINT('',(-46.654843762517,35.8192358538508,4.));
#13424=CARTESIAN_POINT('Ctrl Pts',(-46.654843762517,35.8192358538508,4.));
#13425=CARTESIAN_POINT('Ctrl Pts',(-46.8819922953844,35.8663044497371,4.));
#13426=CARTESIAN_POINT('Ctrl Pts',(-46.949523165822,35.8663044497371,4.));
#13427=CARTESIAN_POINT('',(-46.654843762517,35.8192358538508,3.5));
#13428=CARTESIAN_POINT('',(-46.654843762517,35.8192358538508,4.));
#13429=CARTESIAN_POINT('Ctrl Pts',(-46.654843762517,35.8192358538508,3.5));
#13430=CARTESIAN_POINT('Ctrl Pts',(-46.8819922953844,35.8663044497371,3.5));
#13431=CARTESIAN_POINT('Ctrl Pts',(-46.949523165822,35.8663044497371,3.5));
#13432=CARTESIAN_POINT('Origin',(-45.3410647064447,35.545021109283,4.));
#13433=CARTESIAN_POINT('',(-45.3410647064447,35.545021109283,4.));
#13434=CARTESIAN_POINT('',(-44.1335511160837,35.2929863175783,4.));
#13435=CARTESIAN_POINT('',(-45.3410647064447,35.545021109283,3.5));
#13436=CARTESIAN_POINT('',(-45.3410647064447,35.545021109283,4.));
#13437=CARTESIAN_POINT('',(-45.3410647064447,35.545021109283,3.5));
#13438=CARTESIAN_POINT('Origin',(-45.3410647064447,36.1323342844844,4.));
#13439=CARTESIAN_POINT('',(-45.3410647064447,36.1323342844844,4.));
#13440=CARTESIAN_POINT('',(-45.3410647064447,31.8161674775183,4.));
#13441=CARTESIAN_POINT('',(-45.3410647064447,36.1323342844844,3.5));
#13442=CARTESIAN_POINT('',(-45.3410647064447,36.1323342844844,4.));
#13443=CARTESIAN_POINT('',(-45.3410647064447,36.1323342844844,3.5));
#13444=CARTESIAN_POINT('Origin',(-46.3274223357439,36.3390193507075,4.));
#13445=CARTESIAN_POINT('',(-46.3274223357439,36.3390193507075,4.));
#13446=CARTESIAN_POINT('',(-44.5650157926795,35.969718092984,4.));
#13447=CARTESIAN_POINT('',(-46.3274223357439,36.3390193507075,3.5));
#13448=CARTESIAN_POINT('',(-46.3274223357439,36.3390193507075,4.));
#13449=CARTESIAN_POINT('',(-46.3274223357439,36.3390193507075,3.5));
#13450=CARTESIAN_POINT('Ctrl Pts',(-46.9147346168756,36.5518413111567,4.));
#13451=CARTESIAN_POINT('Ctrl Pts',(-46.9147346168756,36.5518413111567,3.5));
#13452=CARTESIAN_POINT('Ctrl Pts',(-46.7489773780107,36.4270124956965,4.));
#13453=CARTESIAN_POINT('Ctrl Pts',(-46.7489773780107,36.4270124956965,3.5));
#13454=CARTESIAN_POINT('Ctrl Pts',(-46.3274223357439,36.3390193507075,4.));
#13455=CARTESIAN_POINT('Ctrl Pts',(-46.3274223357439,36.3390193507075,3.5));
#13456=CARTESIAN_POINT('',(-46.9147346168756,36.5518413111567,4.));
#13457=CARTESIAN_POINT('Ctrl Pts',(-46.9147346168756,36.5518413111567,4.));
#13458=CARTESIAN_POINT('Ctrl Pts',(-46.7489773780107,36.4270124956965,4.));
#13459=CARTESIAN_POINT('Ctrl Pts',(-46.3274223357439,36.3390193507075,4.));
#13460=CARTESIAN_POINT('',(-46.9147346168756,36.5518413111567,3.5));
#13461=CARTESIAN_POINT('',(-46.9147346168756,36.5518413111567,4.));
#13462=CARTESIAN_POINT('Ctrl Pts',(-46.9147346168756,36.5518413111567,3.5));
#13463=CARTESIAN_POINT('Ctrl Pts',(-46.7489773780107,36.4270124956965,3.5));
#13464=CARTESIAN_POINT('Ctrl Pts',(-46.3274223357439,36.3390193507075,3.5));
#13465=CARTESIAN_POINT('Ctrl Pts',(-47.1459759026766,36.9427023455501,4.));
#13466=CARTESIAN_POINT('Ctrl Pts',(-47.1459759026766,36.9427023455501,3.5));
#13467=CARTESIAN_POINT('Ctrl Pts',(-47.1459759026766,36.7237387225032,4.));
#13468=CARTESIAN_POINT('Ctrl Pts',(-47.1459759026766,36.7237387225032,3.5));
#13469=CARTESIAN_POINT('Ctrl Pts',(-46.9147346168756,36.5518413111567,4.));
#13470=CARTESIAN_POINT('Ctrl Pts',(-46.9147346168756,36.5518413111567,3.5));
#13471=CARTESIAN_POINT('',(-47.1459759026766,36.9427023455501,4.));
#13472=CARTESIAN_POINT('Ctrl Pts',(-47.1459759026766,36.9427023455501,4.));
#13473=CARTESIAN_POINT('Ctrl Pts',(-47.1459759026766,36.7237387225032,4.));
#13474=CARTESIAN_POINT('Ctrl Pts',(-46.9147346168756,36.5518413111567,4.));
#13475=CARTESIAN_POINT('',(-47.1459759026766,36.9427023455501,3.5));
#13476=CARTESIAN_POINT('',(-47.1459759026766,36.9427023455501,4.));
#13477=CARTESIAN_POINT('Ctrl Pts',(-47.1459759026766,36.9427023455501,3.5));
#13478=CARTESIAN_POINT('Ctrl Pts',(-47.1459759026766,36.7237387225032,3.5));
#13479=CARTESIAN_POINT('Ctrl Pts',(-46.9147346168756,36.5518413111567,3.5));
#13480=CARTESIAN_POINT('Ctrl Pts',(-47.0937932282686,37.1053896471858,4.));
#13481=CARTESIAN_POINT('Ctrl Pts',(-47.0937932282686,37.1053896471858,3.5));
#13482=CARTESIAN_POINT('Ctrl Pts',(-47.1459759026766,37.0511613413692,4.));
#13483=CARTESIAN_POINT('Ctrl Pts',(-47.1459759026766,37.0511613413692,3.5));
#13484=CARTESIAN_POINT('Ctrl Pts',(-47.1459759026766,36.9427023455501,4.));
#13485=CARTESIAN_POINT('Ctrl Pts',(-47.1459759026766,36.9427023455501,3.5));
#13486=CARTESIAN_POINT('',(-47.0937932282686,37.1053896471858,4.));
#13487=CARTESIAN_POINT('Ctrl Pts',(-47.0937932282686,37.1053896471858,4.));
#13488=CARTESIAN_POINT('Ctrl Pts',(-47.1459759026766,37.0511613413692,4.));
#13489=CARTESIAN_POINT('Ctrl Pts',(-47.1459759026766,36.9427023455501,4.));
#13490=CARTESIAN_POINT('',(-47.0937932282686,37.1053896471858,3.5));
#13491=CARTESIAN_POINT('',(-47.0937932282686,37.1053896471858,4.));
#13492=CARTESIAN_POINT('Ctrl Pts',(-47.0937932282686,37.1053896471858,3.5));
#13493=CARTESIAN_POINT('Ctrl Pts',(-47.1459759026766,37.0511613413692,3.5));
#13494=CARTESIAN_POINT('Ctrl Pts',(-47.1459759026766,36.9427023455501,3.5));
#13495=CARTESIAN_POINT('Ctrl Pts',(-46.9515693932772,37.1596179530025,4.));
#13496=CARTESIAN_POINT('Ctrl Pts',(-46.9515693932772,37.1596179530025,3.5));
#13497=CARTESIAN_POINT('Ctrl Pts',(-47.0416105538607,37.1596179530025,4.));
#13498=CARTESIAN_POINT('Ctrl Pts',(-47.0416105538607,37.1596179530025,3.5));
#13499=CARTESIAN_POINT('Ctrl Pts',(-47.0937932282686,37.1053896471858,4.));
#13500=CARTESIAN_POINT('Ctrl Pts',(-47.0937932282686,37.1053896471858,3.5));
#13501=CARTESIAN_POINT('',(-46.9515693932772,37.1596179530025,4.));
#13502=CARTESIAN_POINT('Ctrl Pts',(-46.9515693932772,37.1596179530025,4.));
#13503=CARTESIAN_POINT('Ctrl Pts',(-47.0416105538607,37.1596179530025,4.));
#13504=CARTESIAN_POINT('Ctrl Pts',(-47.0937932282686,37.1053896471858,4.));
#13505=CARTESIAN_POINT('',(-46.9515693932772,37.1596179530025,3.5));
#13506=CARTESIAN_POINT('',(-46.9515693932772,37.1596179530025,4.));
#13507=CARTESIAN_POINT('Ctrl Pts',(-46.9515693932772,37.1596179530025,3.5));
#13508=CARTESIAN_POINT('Ctrl Pts',(-47.0416105538607,37.1596179530025,3.5));
#13509=CARTESIAN_POINT('Ctrl Pts',(-47.0937932282686,37.1053896471858,3.5));
#13510=CARTESIAN_POINT('Ctrl Pts',(-46.6691685467958,37.1084580942988,4.));
#13511=CARTESIAN_POINT('Ctrl Pts',(-46.6691685467958,37.1084580942988,3.5));
#13512=CARTESIAN_POINT('Ctrl Pts',(-46.9188273698092,37.1596179530025,4.));
#13513=CARTESIAN_POINT('Ctrl Pts',(-46.9188273698092,37.1596179530025,3.5));
#13514=CARTESIAN_POINT('Ctrl Pts',(-46.9515693932772,37.1596179530025,4.));
#13515=CARTESIAN_POINT('Ctrl Pts',(-46.9515693932772,37.1596179530025,3.5));
#13516=CARTESIAN_POINT('',(-46.6691685467958,37.1084580942988,4.));
#13517=CARTESIAN_POINT('Ctrl Pts',(-46.6691685467958,37.1084580942988,4.));
#13518=CARTESIAN_POINT('Ctrl Pts',(-46.9188273698092,37.1596179530025,4.));
#13519=CARTESIAN_POINT('Ctrl Pts',(-46.9515693932772,37.1596179530025,4.));
#13520=CARTESIAN_POINT('',(-46.6691685467958,37.1084580942988,3.5));
#13521=CARTESIAN_POINT('',(-46.6691685467958,37.1084580942988,4.));
#13522=CARTESIAN_POINT('Ctrl Pts',(-46.6691685467958,37.1084580942988,3.5));
#13523=CARTESIAN_POINT('Ctrl Pts',(-46.9188273698092,37.1596179530025,3.5));
#13524=CARTESIAN_POINT('Ctrl Pts',(-46.9515693932772,37.1596179530025,3.5));
#13525=CARTESIAN_POINT('Origin',(-45.3410647064447,36.8301520869136,4.));
#13526=CARTESIAN_POINT('',(-45.3410647064447,36.8301520869136,4.));
#13527=CARTESIAN_POINT('',(-44.0017704244118,36.5495011069059,4.));
#13528=CARTESIAN_POINT('',(-45.3410647064447,36.8301520869136,3.5));
#13529=CARTESIAN_POINT('',(-45.3410647064447,36.8301520869136,4.));
#13530=CARTESIAN_POINT('',(-45.3410647064447,36.8301520869136,3.5));
#13531=CARTESIAN_POINT('Origin',(-45.3410647064447,37.4174628779292,4.));
#13532=CARTESIAN_POINT('',(-45.3410647064447,37.4174628779292,4.));
#13533=CARTESIAN_POINT('',(-45.3410647064447,32.4587317742407,4.));
#13534=CARTESIAN_POINT('',(-45.3410647064447,37.4174628779292,3.5));
#13535=CARTESIAN_POINT('',(-45.3410647064447,37.4174628779292,4.));
#13536=CARTESIAN_POINT('',(-45.3410647064447,37.4174628779292,3.5));
#13537=CARTESIAN_POINT('Origin',(-46.6691685467958,37.6957712695003,4.));
#13538=CARTESIAN_POINT('',(-46.6691685467958,37.6957712695003,4.));
#13539=CARTESIAN_POINT('',(-44.6068674143644,37.2636094959522,4.));
#13540=CARTESIAN_POINT('',(-46.6691685467958,37.6957712695003,3.5));
#13541=CARTESIAN_POINT('',(-46.6691685467958,37.6957712695003,4.));
#13542=CARTESIAN_POINT('',(-46.6691685467958,37.6957712695003,3.5));
#13543=CARTESIAN_POINT('Ctrl Pts',(-47.0579815655947,37.7530704066157,4.));
#13544=CARTESIAN_POINT('Ctrl Pts',(-47.0579815655947,37.7530704066157,3.5));
#13545=CARTESIAN_POINT('Ctrl Pts',(-46.9454304128885,37.7530704066157,4.));
#13546=CARTESIAN_POINT('Ctrl Pts',(-46.9454304128885,37.7530704066157,3.5));
#13547=CARTESIAN_POINT('Ctrl Pts',(-46.6691685467958,37.6957712695003,4.));
#13548=CARTESIAN_POINT('Ctrl Pts',(-46.6691685467958,37.6957712695003,3.5));
#13549=CARTESIAN_POINT('',(-47.0579815655947,37.7530704066157,4.));
#13550=CARTESIAN_POINT('Ctrl Pts',(-47.0579815655947,37.7530704066157,4.));
#13551=CARTESIAN_POINT('Ctrl Pts',(-46.9454304128885,37.7530704066157,4.));
#13552=CARTESIAN_POINT('Ctrl Pts',(-46.6691685467958,37.6957712695003,4.));
#13553=CARTESIAN_POINT('',(-47.0579815655947,37.7530704066157,3.5));
#13554=CARTESIAN_POINT('',(-47.0579815655947,37.7530704066157,4.));
#13555=CARTESIAN_POINT('Ctrl Pts',(-47.0579815655947,37.7530704066157,3.5));
#13556=CARTESIAN_POINT('Ctrl Pts',(-46.9454304128885,37.7530704066157,3.5));
#13557=CARTESIAN_POINT('Ctrl Pts',(-46.6691685467958,37.6957712695003,3.5));
#13558=CARTESIAN_POINT('Ctrl Pts',(-47.426330819726,37.6077781245112,4.));
#13559=CARTESIAN_POINT('Ctrl Pts',(-47.426330819726,37.6077781245112,3.5));
#13560=CARTESIAN_POINT('Ctrl Pts',(-47.2871766239405,37.7530704066157,4.));
#13561=CARTESIAN_POINT('Ctrl Pts',(-47.2871766239405,37.7530704066157,3.5));
#13562=CARTESIAN_POINT('Ctrl Pts',(-47.0579815655947,37.7530704066157,4.));
#13563=CARTESIAN_POINT('Ctrl Pts',(-47.0579815655947,37.7530704066157,3.5));
#13564=CARTESIAN_POINT('',(-47.426330819726,37.6077781245112,4.));
#13565=CARTESIAN_POINT('Ctrl Pts',(-47.426330819726,37.6077781245112,4.));
#13566=CARTESIAN_POINT('Ctrl Pts',(-47.2871766239405,37.7530704066157,4.));
#13567=CARTESIAN_POINT('Ctrl Pts',(-47.0579815655947,37.7530704066157,4.));
#13568=CARTESIAN_POINT('',(-47.426330819726,37.6077781245112,3.5));
#13569=CARTESIAN_POINT('',(-47.426330819726,37.6077781245112,4.));
#13570=CARTESIAN_POINT('Ctrl Pts',(-47.426330819726,37.6077781245112,3.5));
#13571=CARTESIAN_POINT('Ctrl Pts',(-47.2871766239405,37.7530704066157,3.5));
#13572=CARTESIAN_POINT('Ctrl Pts',(-47.0579815655947,37.7530704066157,3.5));
#13573=CARTESIAN_POINT('Ctrl Pts',(-47.5654850155115,37.2025929018855,4.));
#13574=CARTESIAN_POINT('Ctrl Pts',(-47.5654850155115,37.2025929018855,3.5));
#13575=CARTESIAN_POINT('Ctrl Pts',(-47.5654850155115,37.462483458221,4.));
#13576=CARTESIAN_POINT('Ctrl Pts',(-47.5654850155115,37.462483458221,3.5));
#13577=CARTESIAN_POINT('Ctrl Pts',(-47.426330819726,37.6077781245112,4.));
#13578=CARTESIAN_POINT('Ctrl Pts',(-47.426330819726,37.6077781245112,3.5));
#13579=CARTESIAN_POINT('',(-47.5654850155115,37.2025929018855,4.));
#13580=CARTESIAN_POINT('Ctrl Pts',(-47.5654850155115,37.2025929018855,4.));
#13581=CARTESIAN_POINT('Ctrl Pts',(-47.5654850155115,37.462483458221,4.));
#13582=CARTESIAN_POINT('Ctrl Pts',(-47.426330819726,37.6077781245112,4.));
#13583=CARTESIAN_POINT('',(-47.5654850155115,37.2025929018855,3.5));
#13584=CARTESIAN_POINT('',(-47.5654850155115,37.2025929018855,4.));
#13585=CARTESIAN_POINT('Ctrl Pts',(-47.5654850155115,37.2025929018855,3.5));
#13586=CARTESIAN_POINT('Ctrl Pts',(-47.5654850155115,37.462483458221,3.5));
#13587=CARTESIAN_POINT('Ctrl Pts',(-47.426330819726,37.6077781245112,3.5));
#13588=CARTESIAN_POINT('Ctrl Pts',(-47.4549802392721,36.7646656557918,4.));
#13589=CARTESIAN_POINT('Ctrl Pts',(-47.4549802392721,36.7646656557918,3.5));
#13590=CARTESIAN_POINT('Ctrl Pts',(-47.5654850155115,36.9754443690181,4.));
#13591=CARTESIAN_POINT('Ctrl Pts',(-47.5654850155115,36.9754443690181,3.5));
#13592=CARTESIAN_POINT('Ctrl Pts',(-47.5654850155115,37.2025929018855,4.));
#13593=CARTESIAN_POINT('Ctrl Pts',(-47.5654850155115,37.2025929018855,3.5));
#13594=CARTESIAN_POINT('',(-47.4549802392721,36.7646656557918,4.));
#13595=CARTESIAN_POINT('Ctrl Pts',(-47.4549802392721,36.7646656557918,4.));
#13596=CARTESIAN_POINT('Ctrl Pts',(-47.5654850155115,36.9754443690181,4.));
#13597=CARTESIAN_POINT('Ctrl Pts',(-47.5654850155115,37.2025929018855,4.));
#13598=CARTESIAN_POINT('',(-47.4549802392721,36.7646656557918,3.5));
#13599=CARTESIAN_POINT('',(-47.4549802392721,36.7646656557918,4.));
#13600=CARTESIAN_POINT('Ctrl Pts',(-47.4549802392721,36.7646656557918,3.5));
#13601=CARTESIAN_POINT('Ctrl Pts',(-47.5654850155115,36.9754443690181,3.5));
#13602=CARTESIAN_POINT('Ctrl Pts',(-47.5654850155115,37.2025929018855,3.5));
#13603=CARTESIAN_POINT('Ctrl Pts',(-47.1807647496462,36.441336683929,4.));
#13604=CARTESIAN_POINT('Ctrl Pts',(-47.1807647496462,36.441336683929,3.5));
#13605=CARTESIAN_POINT('Ctrl Pts',(-47.3444753140211,36.5538893267512,4.));
#13606=CARTESIAN_POINT('Ctrl Pts',(-47.3444753140211,36.5538893267512,3.5));
#13607=CARTESIAN_POINT('Ctrl Pts',(-47.4549802392721,36.7646656557918,4.));
#13608=CARTESIAN_POINT('Ctrl Pts',(-47.4549802392721,36.7646656557918,3.5));
#13609=CARTESIAN_POINT('',(-47.1807647496462,36.441336683929,4.));
#13610=CARTESIAN_POINT('Ctrl Pts',(-47.1807647496462,36.441336683929,4.));
#13611=CARTESIAN_POINT('Ctrl Pts',(-47.3444753140211,36.5538893267512,4.));
#13612=CARTESIAN_POINT('Ctrl Pts',(-47.4549802392721,36.7646656557918,4.));
#13613=CARTESIAN_POINT('',(-47.1807647496462,36.441336683929,3.5));
#13614=CARTESIAN_POINT('',(-47.1807647496462,36.441336683929,4.));
#13615=CARTESIAN_POINT('Ctrl Pts',(-47.1807647496462,36.441336683929,3.5));
#13616=CARTESIAN_POINT('Ctrl Pts',(-47.3444753140211,36.5538893267512,3.5));
#13617=CARTESIAN_POINT('Ctrl Pts',(-47.4549802392721,36.7646656557918,3.5));
#13618=CARTESIAN_POINT('Ctrl Pts',(-47.4631657451391,36.271487288177,4.));
#13619=CARTESIAN_POINT('Ctrl Pts',(-47.4631657451391,36.271487288177,3.5));
#13620=CARTESIAN_POINT('Ctrl Pts',(-47.3608464747667,36.4045033976436,4.));
#13621=CARTESIAN_POINT('Ctrl Pts',(-47.3608464747667,36.4045033976436,3.5));
#13622=CARTESIAN_POINT('Ctrl Pts',(-47.1807647496462,36.441336683929,4.));
#13623=CARTESIAN_POINT('Ctrl Pts',(-47.1807647496462,36.441336683929,3.5));
#13624=CARTESIAN_POINT('',(-47.4631657451391,36.271487288177,4.));
#13625=CARTESIAN_POINT('Ctrl Pts',(-47.4631657451391,36.271487288177,4.));
#13626=CARTESIAN_POINT('Ctrl Pts',(-47.3608464747667,36.4045033976436,4.));
#13627=CARTESIAN_POINT('Ctrl Pts',(-47.1807647496462,36.441336683929,4.));
#13628=CARTESIAN_POINT('',(-47.4631657451391,36.271487288177,3.5));
#13629=CARTESIAN_POINT('',(-47.4631657451391,36.271487288177,4.));
#13630=CARTESIAN_POINT('Ctrl Pts',(-47.4631657451391,36.271487288177,3.5));
#13631=CARTESIAN_POINT('Ctrl Pts',(-47.3608464747667,36.4045033976436,3.5));
#13632=CARTESIAN_POINT('Ctrl Pts',(-47.1807647496462,36.441336683929,3.5));
#13633=CARTESIAN_POINT('Ctrl Pts',(-47.5654850155115,35.8929071947932,4.));
#13634=CARTESIAN_POINT('Ctrl Pts',(-47.5654850155115,35.8929071947932,3.5));
#13635=CARTESIAN_POINT('Ctrl Pts',(-47.5654850155115,36.1384735628963,4.));
#13636=CARTESIAN_POINT('Ctrl Pts',(-47.5654850155115,36.1384735628963,3.5));
#13637=CARTESIAN_POINT('Ctrl Pts',(-47.4631657451391,36.271487288177,4.));
#13638=CARTESIAN_POINT('Ctrl Pts',(-47.4631657451391,36.271487288177,3.5));
#13639=CARTESIAN_POINT('',(-47.5654850155115,35.8929071947932,4.));
#13640=CARTESIAN_POINT('Ctrl Pts',(-47.5654850155115,35.8929071947932,4.));
#13641=CARTESIAN_POINT('Ctrl Pts',(-47.5654850155115,36.1384735628963,4.));
#13642=CARTESIAN_POINT('Ctrl Pts',(-47.4631657451391,36.271487288177,4.));
#13643=CARTESIAN_POINT('',(-47.5654850155115,35.8929071947932,3.5));
#13644=CARTESIAN_POINT('',(-47.5654850155115,35.8929071947932,4.));
#13645=CARTESIAN_POINT('Ctrl Pts',(-47.5654850155115,35.8929071947932,3.5));
#13646=CARTESIAN_POINT('Ctrl Pts',(-47.5654850155115,36.1384735628963,3.5));
#13647=CARTESIAN_POINT('Ctrl Pts',(-47.4631657451391,36.271487288177,3.5));
#13648=CARTESIAN_POINT('Ctrl Pts',(-47.2503418475389,35.2135072275996,4.));
#13649=CARTESIAN_POINT('Ctrl Pts',(-47.2503418475389,35.2135072275996,3.5));
#13650=CARTESIAN_POINT('Ctrl Pts',(-47.5654850155115,35.5368361994624,4.));
#13651=CARTESIAN_POINT('Ctrl Pts',(-47.5654850155115,35.5368361994624,3.5));
#13652=CARTESIAN_POINT('Ctrl Pts',(-47.5654850155115,35.8929071947932,4.));
#13653=CARTESIAN_POINT('Ctrl Pts',(-47.5654850155115,35.8929071947932,3.5));
#13654=CARTESIAN_POINT('',(-47.2503418475389,35.2135072275996,4.));
#13655=CARTESIAN_POINT('Ctrl Pts',(-47.2503418475389,35.2135072275996,4.));
#13656=CARTESIAN_POINT('Ctrl Pts',(-47.5654850155115,35.5368361994624,4.));
#13657=CARTESIAN_POINT('Ctrl Pts',(-47.5654850155115,35.8929071947932,4.));
#13658=CARTESIAN_POINT('',(-47.2503418475389,35.2135072275996,3.5));
#13659=CARTESIAN_POINT('',(-47.2503418475389,35.2135072275996,4.));
#13660=CARTESIAN_POINT('Ctrl Pts',(-47.2503418475389,35.2135072275996,3.5));
#13661=CARTESIAN_POINT('Ctrl Pts',(-47.5654850155115,35.5368361994624,3.5));
#13662=CARTESIAN_POINT('Ctrl Pts',(-47.5654850155115,35.8929071947932,3.5));
#13663=CARTESIAN_POINT('Origin',(-47.5143253058195,35.2687583491206,4.));
#13664=CARTESIAN_POINT('',(-47.5143253058195,35.2687583491206,4.));
#13665=CARTESIAN_POINT('',(-45.2915417751382,34.8035349454708,4.));
#13666=CARTESIAN_POINT('',(-47.5143253058195,35.2687583491206,3.5));
#13667=CARTESIAN_POINT('',(-47.5143253058195,35.2687583491206,4.));
#13668=CARTESIAN_POINT('',(-47.5143253058195,35.2687583491206,3.5));
#13669=CARTESIAN_POINT('Origin',(-47.5143253058195,34.7162352129817,4.));
#13670=CARTESIAN_POINT('',(-47.5143253058195,34.7162352129817,4.));
#13671=CARTESIAN_POINT('',(-47.5143253058195,31.108117941767,4.));
#13672=CARTESIAN_POINT('',(-47.5143253058195,34.7162352129817,3.5));
#13673=CARTESIAN_POINT('',(-47.5143253058195,34.7162352129817,4.));
#13674=CARTESIAN_POINT('',(-47.5143253058195,34.7162352129817,3.5));
#13675=CARTESIAN_POINT('Origin',(-45.3410647064447,34.2619381472468,4.));
#13676=CARTESIAN_POINT('',(-45.3410647064447,34.2619381472468,4.));
#13677=CARTESIAN_POINT('',(-44.2609743031264,34.0361567103142,4.));
#13678=CARTESIAN_POINT('',(-45.3410647064447,34.2619381472468,3.5));
#13679=CARTESIAN_POINT('',(-45.3410647064447,34.2619381472468,4.));
#13680=CARTESIAN_POINT('',(-45.3410647064447,34.2619381472468,3.5));
#13681=CARTESIAN_POINT('Origin',(-45.3410647064447,34.8492513224483,4.));
#13682=CARTESIAN_POINT('',(-45.3410647064447,31.1746259965003,4.));
#13683=CARTESIAN_POINT('',(-45.3410647064447,34.8492513224483,3.5));
#13684=CARTESIAN_POINT('Origin',(-46.4532748609781,36.0075042769313,3.5));
#13685=CARTESIAN_POINT('Ctrl Pts',(-41.0600281506777,31.883014254272,4.));
#13686=CARTESIAN_POINT('Ctrl Pts',(-41.0600281506777,31.883014254272,3.5));
#13687=CARTESIAN_POINT('Ctrl Pts',(-41.1603010445833,31.883014254272,4.));
#13688=CARTESIAN_POINT('Ctrl Pts',(-41.1603010445833,31.883014254272,3.5));
#13689=CARTESIAN_POINT('Ctrl Pts',(-41.5225107222795,31.9587312266231,4.));
#13690=CARTESIAN_POINT('Ctrl Pts',(-41.5225107222795,31.9587312266231,3.5));
#13691=CARTESIAN_POINT('',(-41.0600281506777,31.883014254272,4.));
#13692=CARTESIAN_POINT('',(-41.5225107222796,31.9587312266231,4.));
#13693=CARTESIAN_POINT('Ctrl Pts',(-41.0600281506777,31.883014254272,4.));
#13694=CARTESIAN_POINT('Ctrl Pts',(-41.1603010445833,31.883014254272,4.));
#13695=CARTESIAN_POINT('Ctrl Pts',(-41.5225107222795,31.9587312266231,4.));
#13696=CARTESIAN_POINT('',(-41.0600281506777,31.883014254272,3.5));
#13697=CARTESIAN_POINT('',(-41.0600281506777,31.883014254272,4.));
#13698=CARTESIAN_POINT('',(-41.5225107222796,31.9587312266231,3.5));
#13699=CARTESIAN_POINT('Ctrl Pts',(-41.0600281506777,31.883014254272,3.5));
#13700=CARTESIAN_POINT('Ctrl Pts',(-41.1603010445833,31.883014254272,3.5));
#13701=CARTESIAN_POINT('Ctrl Pts',(-41.5225107222795,31.9587312266231,3.5));
#13702=CARTESIAN_POINT('',(-41.5225107222796,31.9587312266231,4.));
#13703=CARTESIAN_POINT('Ctrl Pts',(-40.7274902611971,32.0242152735591,4.));
#13704=CARTESIAN_POINT('Ctrl Pts',(-40.7274902611971,32.0242152735591,3.5));
#13705=CARTESIAN_POINT('Ctrl Pts',(-40.8472038060427,31.883014254272,4.));
#13706=CARTESIAN_POINT('Ctrl Pts',(-40.8472038060427,31.883014254272,3.5));
#13707=CARTESIAN_POINT('Ctrl Pts',(-41.0600281506777,31.883014254272,4.));
#13708=CARTESIAN_POINT('Ctrl Pts',(-41.0600281506777,31.883014254272,3.5));
#13709=CARTESIAN_POINT('',(-40.7274902611971,32.0242152735591,4.));
#13710=CARTESIAN_POINT('Ctrl Pts',(-40.7274902611971,32.0242152735591,4.));
#13711=CARTESIAN_POINT('Ctrl Pts',(-40.8472038060427,31.883014254272,4.));
#13712=CARTESIAN_POINT('Ctrl Pts',(-41.0600281506777,31.883014254272,4.));
#13713=CARTESIAN_POINT('',(-40.7274902611971,32.0242152735591,3.5));
#13714=CARTESIAN_POINT('',(-40.7274902611971,32.0242152735591,4.));
#13715=CARTESIAN_POINT('Ctrl Pts',(-40.7274902611971,32.0242152735591,3.5));
#13716=CARTESIAN_POINT('Ctrl Pts',(-40.8472038060427,31.883014254272,3.5));
#13717=CARTESIAN_POINT('Ctrl Pts',(-41.0600281506777,31.883014254272,3.5));
#13718=CARTESIAN_POINT('Ctrl Pts',(-40.6077767163515,32.4764655157924,4.));
#13719=CARTESIAN_POINT('Ctrl Pts',(-40.6077767163515,32.4764655157924,3.5));
#13720=CARTESIAN_POINT('Ctrl Pts',(-40.6077767163515,32.1654151007533,4.));
#13721=CARTESIAN_POINT('Ctrl Pts',(-40.6077767163515,32.1654151007533,3.5));
#13722=CARTESIAN_POINT('Ctrl Pts',(-40.7274902611971,32.0242152735591,4.));
#13723=CARTESIAN_POINT('Ctrl Pts',(-40.7274902611971,32.0242152735591,3.5));
#13724=CARTESIAN_POINT('',(-40.6077767163515,32.4764655157924,4.));
#13725=CARTESIAN_POINT('Ctrl Pts',(-40.6077767163515,32.4764655157924,4.));
#13726=CARTESIAN_POINT('Ctrl Pts',(-40.6077767163515,32.1654151007533,4.));
#13727=CARTESIAN_POINT('Ctrl Pts',(-40.7274902611971,32.0242152735591,4.));
#13728=CARTESIAN_POINT('',(-40.6077767163515,32.4764655157924,3.5));
#13729=CARTESIAN_POINT('',(-40.6077767163515,32.4764655157924,4.));
#13730=CARTESIAN_POINT('Ctrl Pts',(-40.6077767163515,32.4764655157924,3.5));
#13731=CARTESIAN_POINT('Ctrl Pts',(-40.6077767163515,32.1654151007533,3.5));
#13732=CARTESIAN_POINT('Ctrl Pts',(-40.7274902611971,32.0242152735591,3.5));
#13733=CARTESIAN_POINT('Ctrl Pts',(-40.6384725123644,32.7875171229243,4.));
#13734=CARTESIAN_POINT('Ctrl Pts',(-40.6384725123644,32.7875171229243,3.5));
#13735=CARTESIAN_POINT('Ctrl Pts',(-40.6077767163515,32.6360843703151,4.));
#13736=CARTESIAN_POINT('Ctrl Pts',(-40.6077767163515,32.6360843703151,3.5));
#13737=CARTESIAN_POINT('Ctrl Pts',(-40.6077767163515,32.4764655157924,4.));
#13738=CARTESIAN_POINT('Ctrl Pts',(-40.6077767163515,32.4764655157924,3.5));
#13739=CARTESIAN_POINT('',(-40.6384725123644,32.7875171229243,4.));
#13740=CARTESIAN_POINT('Ctrl Pts',(-40.6384725123644,32.7875171229243,4.));
#13741=CARTESIAN_POINT('Ctrl Pts',(-40.6077767163515,32.6360843703151,4.));
#13742=CARTESIAN_POINT('Ctrl Pts',(-40.6077767163515,32.4764655157924,4.));
#13743=CARTESIAN_POINT('',(-40.6384725123644,32.7875171229243,3.5));
#13744=CARTESIAN_POINT('',(-40.6384725123644,32.7875171229243,4.));
#13745=CARTESIAN_POINT('Ctrl Pts',(-40.6384725123644,32.7875171229243,3.5));
#13746=CARTESIAN_POINT('Ctrl Pts',(-40.6077767163515,32.6360843703151,3.5));
#13747=CARTESIAN_POINT('Ctrl Pts',(-40.6077767163515,32.4764655157924,3.5));
#13748=CARTESIAN_POINT('Origin',(-41.0743529349566,32.8796039149165,4.));
#13749=CARTESIAN_POINT('',(-41.0743529349566,32.8796039149165,4.));
#13750=CARTESIAN_POINT('',(-42.1700098337454,33.1110791629526,4.));
#13751=CARTESIAN_POINT('',(-41.0743529349566,32.8796039149165,3.5));
#13752=CARTESIAN_POINT('',(-41.0743529349566,32.8796039149165,4.));
#13753=CARTESIAN_POINT('',(-41.0743529349566,32.8796039149165,3.5));
#13754=CARTESIAN_POINT('Ctrl Pts',(-41.0600281506777,32.6851974055171,4.));
#13755=CARTESIAN_POINT('Ctrl Pts',(-41.0600281506777,32.6851974055171,3.5));
#13756=CARTESIAN_POINT('Ctrl Pts',(-41.0600281506777,32.724078707397,4.));
#13757=CARTESIAN_POINT('Ctrl Pts',(-41.0600281506777,32.724078707397,3.5));
#13758=CARTESIAN_POINT('Ctrl Pts',(-41.0743529349566,32.8796039149165,4.));
#13759=CARTESIAN_POINT('Ctrl Pts',(-41.0743529349566,32.8796039149165,3.5));
#13760=CARTESIAN_POINT('',(-41.0600281506777,32.6851974055171,4.));
#13761=CARTESIAN_POINT('Ctrl Pts',(-41.0600281506777,32.6851974055171,4.));
#13762=CARTESIAN_POINT('Ctrl Pts',(-41.0600281506777,32.724078707397,4.));
#13763=CARTESIAN_POINT('Ctrl Pts',(-41.0743529349566,32.8796039149165,4.));
#13764=CARTESIAN_POINT('',(-41.0600281506777,32.6851974055171,3.5));
#13765=CARTESIAN_POINT('',(-41.0600281506777,32.6851974055171,4.));
#13766=CARTESIAN_POINT('Ctrl Pts',(-41.0600281506777,32.6851974055171,3.5));
#13767=CARTESIAN_POINT('Ctrl Pts',(-41.0600281506777,32.724078707397,3.5));
#13768=CARTESIAN_POINT('Ctrl Pts',(-41.0743529349566,32.8796039149165,3.5));
#13769=CARTESIAN_POINT('Ctrl Pts',(-41.0978860408068,32.5296721979976,4.));
#13770=CARTESIAN_POINT('Ctrl Pts',(-41.0978860408068,32.5296721979976,3.5));
#13771=CARTESIAN_POINT('Ctrl Pts',(-41.0600281506777,32.5726459547877,4.));
#13772=CARTESIAN_POINT('Ctrl Pts',(-41.0600281506777,32.5726459547877,3.5));
#13773=CARTESIAN_POINT('Ctrl Pts',(-41.0600281506777,32.6851974055171,4.));
#13774=CARTESIAN_POINT('Ctrl Pts',(-41.0600281506777,32.6851974055171,3.5));
#13775=CARTESIAN_POINT('',(-41.0978860408068,32.5296721979976,4.));
#13776=CARTESIAN_POINT('Ctrl Pts',(-41.0978860408068,32.5296721979976,4.));
#13777=CARTESIAN_POINT('Ctrl Pts',(-41.0600281506777,32.5726459547877,4.));
#13778=CARTESIAN_POINT('Ctrl Pts',(-41.0600281506777,32.6851974055171,4.));
#13779=CARTESIAN_POINT('',(-41.0978860408068,32.5296721979976,3.5));
#13780=CARTESIAN_POINT('',(-41.0978860408068,32.5296721979976,4.));
#13781=CARTESIAN_POINT('Ctrl Pts',(-41.0978860408068,32.5296721979976,3.5));
#13782=CARTESIAN_POINT('Ctrl Pts',(-41.0600281506777,32.5726459547877,3.5));
#13783=CARTESIAN_POINT('Ctrl Pts',(-41.0600281506777,32.6851974055171,3.5));
#13784=CARTESIAN_POINT('Ctrl Pts',(-41.2032748013735,32.4866984412074,4.));
#13785=CARTESIAN_POINT('Ctrl Pts',(-41.2032748013735,32.4866984412074,3.5));
#13786=CARTESIAN_POINT('Ctrl Pts',(-41.1357439309359,32.4866984412074,4.));
#13787=CARTESIAN_POINT('Ctrl Pts',(-41.1357439309359,32.4866984412074,3.5));
#13788=CARTESIAN_POINT('Ctrl Pts',(-41.0978860408068,32.5296721979976,4.));
#13789=CARTESIAN_POINT('Ctrl Pts',(-41.0978860408068,32.5296721979976,3.5));
#13790=CARTESIAN_POINT('',(-41.2032748013735,32.4866984412074,4.));
#13791=CARTESIAN_POINT('Ctrl Pts',(-41.2032748013735,32.4866984412074,4.));
#13792=CARTESIAN_POINT('Ctrl Pts',(-41.1357439309359,32.4866984412074,4.));
#13793=CARTESIAN_POINT('Ctrl Pts',(-41.0978860408068,32.5296721979976,4.));
#13794=CARTESIAN_POINT('',(-41.2032748013735,32.4866984412074,3.5));
#13795=CARTESIAN_POINT('',(-41.2032748013735,32.4866984412074,4.));
#13796=CARTESIAN_POINT('Ctrl Pts',(-41.2032748013735,32.4866984412074,3.5));
#13797=CARTESIAN_POINT('Ctrl Pts',(-41.1357439309359,32.4866984412074,3.5));
#13798=CARTESIAN_POINT('Ctrl Pts',(-41.0978860408068,32.5296721979976,3.5));
#13799=CARTESIAN_POINT('Ctrl Pts',(-41.4856762439013,32.5378571078181,4.));
#13800=CARTESIAN_POINT('Ctrl Pts',(-41.4856762439013,32.5378571078181,3.5));
#13801=CARTESIAN_POINT('Ctrl Pts',(-41.2380636483431,32.4866984412074,4.));
#13802=CARTESIAN_POINT('Ctrl Pts',(-41.2380636483431,32.4866984412074,3.5));
#13803=CARTESIAN_POINT('Ctrl Pts',(-41.2032748013735,32.4866984412074,4.));
#13804=CARTESIAN_POINT('Ctrl Pts',(-41.2032748013735,32.4866984412074,3.5));
#13805=CARTESIAN_POINT('',(-41.4856762439013,32.5378571078181,4.));
#13806=CARTESIAN_POINT('Ctrl Pts',(-41.4856762439013,32.5378571078181,4.));
#13807=CARTESIAN_POINT('Ctrl Pts',(-41.2380636483431,32.4866984412074,4.));
#13808=CARTESIAN_POINT('Ctrl Pts',(-41.2032748013735,32.4866984412074,4.));
#13809=CARTESIAN_POINT('',(-41.4856762439013,32.5378571078181,3.5));
#13810=CARTESIAN_POINT('',(-41.4856762439013,32.5378571078181,4.));
#13811=CARTESIAN_POINT('Ctrl Pts',(-41.4856762439013,32.5378571078181,3.5));
#13812=CARTESIAN_POINT('Ctrl Pts',(-41.2380636483431,32.4866984412074,3.5));
#13813=CARTESIAN_POINT('Ctrl Pts',(-41.2032748013735,32.4866984412074,3.5));
#13814=CARTESIAN_POINT('Origin',(-42.3963171988726,32.7281711623073,4.));
#13815=CARTESIAN_POINT('',(-42.3963171988726,32.7281711623073,4.));
#13816=CARTESIAN_POINT('',(-42.8806879907771,32.8293993892833,4.));
#13817=CARTESIAN_POINT('',(-42.3963171988726,32.7281711623073,3.5));
#13818=CARTESIAN_POINT('',(-42.3963171988726,32.7281711623073,4.));
#13819=CARTESIAN_POINT('',(-42.3963171988726,32.7281711623073,3.5));
#13820=CARTESIAN_POINT('Origin',(-42.3963171988726,33.0883346125484,4.));
#13821=CARTESIAN_POINT('',(-42.3963171988726,33.0883346125484,4.));
#13822=CARTESIAN_POINT('',(-42.3963171988726,30.2941676415503,4.));
#13823=CARTESIAN_POINT('',(-42.3963171988726,33.0883346125484,3.5));
#13824=CARTESIAN_POINT('',(-42.3963171988726,33.0883346125484,4.));
#13825=CARTESIAN_POINT('',(-42.3963171988726,33.0883346125484,3.5));
#13826=CARTESIAN_POINT('Origin',(-42.8321970254183,33.1783757731318,4.));
#13827=CARTESIAN_POINT('',(-42.8321970254183,33.1783757731318,4.));
#13828=CARTESIAN_POINT('',(-43.0694731915709,33.2273907081622,4.));
#13829=CARTESIAN_POINT('',(-42.8321970254183,33.1783757731318,3.5));
#13830=CARTESIAN_POINT('',(-42.8321970254183,33.1783757731318,4.));
#13831=CARTESIAN_POINT('',(-42.8321970254183,33.1783757731318,3.5));
#13832=CARTESIAN_POINT('Origin',(-42.8321970254183,32.8202591463923,4.));
#13833=CARTESIAN_POINT('',(-42.8321970254183,32.8202591463923,4.));
#13834=CARTESIAN_POINT('',(-42.8321970254183,30.1601299084723,4.));
#13835=CARTESIAN_POINT('',(-42.8321970254183,32.8202591463923,3.5));
#13836=CARTESIAN_POINT('',(-42.8321970254183,32.8202591463923,4.));
#13837=CARTESIAN_POINT('',(-42.8321970254183,32.8202591463923,3.5));
#13838=CARTESIAN_POINT('Origin',(-43.5852671414614,32.9778299853206,4.));
#13839=CARTESIAN_POINT('',(-43.5852671414614,32.9778299853206,4.));
#13840=CARTESIAN_POINT('',(-43.4744027841898,32.9546329557076,4.));
#13841=CARTESIAN_POINT('',(-43.5852671414614,32.9778299853206,3.5));
#13842=CARTESIAN_POINT('',(-43.5852671414614,32.9778299853206,4.));
#13843=CARTESIAN_POINT('',(-43.5852671414614,32.9778299853206,3.5));
#13844=CARTESIAN_POINT('Origin',(-43.1800825148821,32.3045692965388,4.));
#13845=CARTESIAN_POINT('',(-43.1800825148821,32.3045692965388,4.));
#13846=CARTESIAN_POINT('',(-42.2942159147407,30.8326004254217,4.));
#13847=CARTESIAN_POINT('',(-43.1800825148821,32.3045692965388,3.5));
#13848=CARTESIAN_POINT('',(-43.1800825148821,32.3045692965388,4.));
#13849=CARTESIAN_POINT('',(-43.1800825148821,32.3045692965388,3.5));
#13850=CARTESIAN_POINT('Origin',(-42.8321970254183,32.2329459711909,4.));
#13851=CARTESIAN_POINT('',(-42.8321970254183,32.2329459711909,4.));
#13852=CARTESIAN_POINT('',(-43.1647873753564,32.3014203041615,4.));
#13853=CARTESIAN_POINT('',(-42.8321970254183,32.2329459711909,3.5));
#13854=CARTESIAN_POINT('',(-42.8321970254183,32.2329459711909,4.));
#13855=CARTESIAN_POINT('',(-42.8321970254183,32.2329459711909,3.5));
#13856=CARTESIAN_POINT('Origin',(-42.8321970254183,31.9464526697993,4.));
#13857=CARTESIAN_POINT('',(-42.8321970254183,31.9464526697993,4.));
#13858=CARTESIAN_POINT('',(-42.8321970254183,29.7232266701758,4.));
#13859=CARTESIAN_POINT('',(-42.8321970254183,31.9464526697993,3.5));
#13860=CARTESIAN_POINT('',(-42.8321970254183,31.9464526697993,4.));
#13861=CARTESIAN_POINT('',(-42.8321970254183,31.9464526697993,3.5));
#13862=CARTESIAN_POINT('Origin',(-42.3963171988726,31.8564115092158,4.));
#13863=CARTESIAN_POINT('',(-42.3963171988726,31.8564115092158,4.));
#13864=CARTESIAN_POINT('',(-42.9735670340724,31.9756559475738,4.));
#13865=CARTESIAN_POINT('',(-42.3963171988726,31.8564115092158,3.5));
#13866=CARTESIAN_POINT('',(-42.3963171988726,31.8564115092158,4.));
#13867=CARTESIAN_POINT('',(-42.3963171988726,31.8564115092158,3.5));
#13868=CARTESIAN_POINT('Origin',(-42.3963171988726,32.1408591791987,4.));
#13869=CARTESIAN_POINT('',(-42.3963171988726,32.1408591791987,4.));
#13870=CARTESIAN_POINT('',(-42.3963171988726,29.8204299248755,4.));
#13871=CARTESIAN_POINT('',(-42.3963171988726,32.1408591791987,3.5));
#13872=CARTESIAN_POINT('',(-42.3963171988726,32.1408591791987,4.));
#13873=CARTESIAN_POINT('',(-42.3963171988726,32.1408591791987,3.5));
#13874=CARTESIAN_POINT('Origin',(-41.5225107222796,31.9587312266231,4.));
#13875=CARTESIAN_POINT('',(-42.503950942454,32.163293338102,4.));
#13876=CARTESIAN_POINT('',(-41.5225107222796,31.9587312266231,3.5));
#13877=CARTESIAN_POINT('Origin',(-42.0965219289064,32.5173936411738,3.5));
#13878=CARTESIAN_POINT('Ctrl Pts',(-41.0620743781328,22.8195772692561,4.));
#13879=CARTESIAN_POINT('Ctrl Pts',(-41.0620743781328,22.8195772692561,3.5));
#13880=CARTESIAN_POINT('Ctrl Pts',(-41.0620743781328,23.061049990356,4.));
#13881=CARTESIAN_POINT('Ctrl Pts',(-41.0620743781328,23.061049990356,3.5));
#13882=CARTESIAN_POINT('Ctrl Pts',(-41.268759444356,23.224761299789,4.));
#13883=CARTESIAN_POINT('Ctrl Pts',(-41.268759444356,23.224761299789,3.5));
#13884=CARTESIAN_POINT('',(-41.0620743781328,22.8195772692561,4.));
#13885=CARTESIAN_POINT('',(-41.268759444356,23.224761299789,4.));
#13886=CARTESIAN_POINT('Ctrl Pts',(-41.0620743781328,22.8195772692561,4.));
#13887=CARTESIAN_POINT('Ctrl Pts',(-41.0620743781328,23.061049990356,4.));
#13888=CARTESIAN_POINT('Ctrl Pts',(-41.268759444356,23.224761299789,4.));
#13889=CARTESIAN_POINT('',(-41.0620743781328,22.8195772692561,3.5));
#13890=CARTESIAN_POINT('',(-41.0620743781328,22.8195772692561,4.));
#13891=CARTESIAN_POINT('',(-41.268759444356,23.224761299789,3.5));
#13892=CARTESIAN_POINT('Ctrl Pts',(-41.0620743781328,22.8195772692561,3.5));
#13893=CARTESIAN_POINT('Ctrl Pts',(-41.0620743781328,23.061049990356,3.5));
#13894=CARTESIAN_POINT('Ctrl Pts',(-41.268759444356,23.224761299789,3.5));
#13895=CARTESIAN_POINT('',(-41.268759444356,23.224761299789,4.));
#13896=CARTESIAN_POINT('Ctrl Pts',(-41.1991823464632,22.5003407523036,4.));
#13897=CARTESIAN_POINT('Ctrl Pts',(-41.1991823464632,22.5003407523036,3.5));
#13898=CARTESIAN_POINT('Ctrl Pts',(-41.0620743781328,22.6272169873118,4.));
#13899=CARTESIAN_POINT('Ctrl Pts',(-41.0620743781328,22.6272169873118,3.5));
#13900=CARTESIAN_POINT('Ctrl Pts',(-41.0620743781328,22.8195772692561,4.));
#13901=CARTESIAN_POINT('Ctrl Pts',(-41.0620743781328,22.8195772692561,3.5));
#13902=CARTESIAN_POINT('',(-41.1991823464632,22.5003407523036,4.));
#13903=CARTESIAN_POINT('Ctrl Pts',(-41.1991823464632,22.5003407523036,4.));
#13904=CARTESIAN_POINT('Ctrl Pts',(-41.0620743781328,22.6272169873118,4.));
#13905=CARTESIAN_POINT('Ctrl Pts',(-41.0620743781328,22.8195772692561,4.));
#13906=CARTESIAN_POINT('',(-41.1991823464632,22.5003407523036,3.5));
#13907=CARTESIAN_POINT('',(-41.1991823464632,22.5003407523036,4.));
#13908=CARTESIAN_POINT('Ctrl Pts',(-41.1991823464632,22.5003407523036,3.5));
#13909=CARTESIAN_POINT('Ctrl Pts',(-41.0620743781328,22.6272169873118,3.5));
#13910=CARTESIAN_POINT('Ctrl Pts',(-41.0620743781328,22.8195772692561,3.5));
#13911=CARTESIAN_POINT('Ctrl Pts',(-41.5695775300264,22.3734651133418,4.));
#13912=CARTESIAN_POINT('Ctrl Pts',(-41.5695775300264,22.3734651133418,3.5));
#13913=CARTESIAN_POINT('Ctrl Pts',(-41.3362897187471,22.3734651133418,4.));
#13914=CARTESIAN_POINT('Ctrl Pts',(-41.3362897187471,22.3734651133418,3.5));
#13915=CARTESIAN_POINT('Ctrl Pts',(-41.1991823464632,22.5003407523036,4.));
#13916=CARTESIAN_POINT('Ctrl Pts',(-41.1991823464632,22.5003407523036,3.5));
#13917=CARTESIAN_POINT('',(-41.5695775300264,22.3734651133418,4.));
#13918=CARTESIAN_POINT('Ctrl Pts',(-41.5695775300264,22.3734651133418,4.));
#13919=CARTESIAN_POINT('Ctrl Pts',(-41.3362897187471,22.3734651133418,4.));
#13920=CARTESIAN_POINT('Ctrl Pts',(-41.1991823464632,22.5003407523036,4.));
#13921=CARTESIAN_POINT('',(-41.5695775300264,22.3734651133418,3.5));
#13922=CARTESIAN_POINT('',(-41.5695775300264,22.3734651133418,4.));
#13923=CARTESIAN_POINT('Ctrl Pts',(-41.5695775300264,22.3734651133418,3.5));
#13924=CARTESIAN_POINT('Ctrl Pts',(-41.3362897187471,22.3734651133418,3.5));
#13925=CARTESIAN_POINT('Ctrl Pts',(-41.1991823464632,22.5003407523036,3.5));
#13926=CARTESIAN_POINT('Ctrl Pts',(-41.9819242507219,22.4553207680583,4.));
#13927=CARTESIAN_POINT('Ctrl Pts',(-41.9819242507219,22.4553207680583,3.5));
#13928=CARTESIAN_POINT('Ctrl Pts',(-41.7578453570604,22.3734651133418,4.));
#13929=CARTESIAN_POINT('Ctrl Pts',(-41.7578453570604,22.3734651133418,3.5));
#13930=CARTESIAN_POINT('Ctrl Pts',(-41.5695775300264,22.3734651133418,4.));
#13931=CARTESIAN_POINT('Ctrl Pts',(-41.5695775300264,22.3734651133418,3.5));
#13932=CARTESIAN_POINT('',(-41.9819242507219,22.4553207680583,4.));
#13933=CARTESIAN_POINT('Ctrl Pts',(-41.9819242507219,22.4553207680583,4.));
#13934=CARTESIAN_POINT('Ctrl Pts',(-41.7578453570604,22.3734651133418,4.));
#13935=CARTESIAN_POINT('Ctrl Pts',(-41.5695775300264,22.3734651133418,4.));
#13936=CARTESIAN_POINT('',(-41.9819242507219,22.4553207680583,3.5));
#13937=CARTESIAN_POINT('',(-41.9819242507219,22.4553207680583,4.));
#13938=CARTESIAN_POINT('Ctrl Pts',(-41.9819242507219,22.4553207680583,3.5));
#13939=CARTESIAN_POINT('Ctrl Pts',(-41.7578453570604,22.3734651133418,3.5));
#13940=CARTESIAN_POINT('Ctrl Pts',(-41.5695775300264,22.3734651133418,3.5));
#13941=CARTESIAN_POINT('Ctrl Pts',(-42.3236704617739,22.6845155283809,4.));
#13942=CARTESIAN_POINT('Ctrl Pts',(-42.3236704617739,22.6845155283809,3.5));
#13943=CARTESIAN_POINT('Ctrl Pts',(-42.2060037404299,22.5371758267283,4.));
#13944=CARTESIAN_POINT('Ctrl Pts',(-42.2060037404299,22.5371758267283,3.5));
#13945=CARTESIAN_POINT('Ctrl Pts',(-41.9819242507219,22.4553207680583,4.));
#13946=CARTESIAN_POINT('Ctrl Pts',(-41.9819242507219,22.4553207680583,3.5));
#13947=CARTESIAN_POINT('',(-42.3236704617739,22.6845155283809,4.));
#13948=CARTESIAN_POINT('Ctrl Pts',(-42.3236704617739,22.6845155283809,4.));
#13949=CARTESIAN_POINT('Ctrl Pts',(-42.2060037404299,22.5371758267283,4.));
#13950=CARTESIAN_POINT('Ctrl Pts',(-41.9819242507219,22.4553207680583,4.));
#13951=CARTESIAN_POINT('',(-42.3236704617739,22.6845155283809,3.5));
#13952=CARTESIAN_POINT('',(-42.3236704617739,22.6845155283809,4.));
#13953=CARTESIAN_POINT('Ctrl Pts',(-42.3236704617739,22.6845155283809,3.5));
#13954=CARTESIAN_POINT('Ctrl Pts',(-42.2060037404299,22.5371758267283,3.5));
#13955=CARTESIAN_POINT('Ctrl Pts',(-41.9819242507219,22.4553207680583,3.5));
#13956=CARTESIAN_POINT('Ctrl Pts',(-42.4413377791643,23.0221686884761,4.));
#13957=CARTESIAN_POINT('Ctrl Pts',(-42.4413377791643,23.0221686884761,3.5));
#13958=CARTESIAN_POINT('Ctrl Pts',(-42.4413377791643,22.8318558260798,4.));
#13959=CARTESIAN_POINT('Ctrl Pts',(-42.4413377791643,22.8318558260798,3.5));
#13960=CARTESIAN_POINT('Ctrl Pts',(-42.3236704617739,22.6845155283809,4.));
#13961=CARTESIAN_POINT('Ctrl Pts',(-42.3236704617739,22.6845155283809,3.5));
#13962=CARTESIAN_POINT('',(-42.4413377791643,23.0221686884761,4.));
#13963=CARTESIAN_POINT('Ctrl Pts',(-42.4413377791643,23.0221686884761,4.));
#13964=CARTESIAN_POINT('Ctrl Pts',(-42.4413377791643,22.8318558260798,4.));
#13965=CARTESIAN_POINT('Ctrl Pts',(-42.3236704617739,22.6845155283809,4.));
#13966=CARTESIAN_POINT('',(-42.4413377791643,23.0221686884761,3.5));
#13967=CARTESIAN_POINT('',(-42.4413377791643,23.0221686884761,4.));
#13968=CARTESIAN_POINT('Ctrl Pts',(-42.4413377791643,23.0221686884761,3.5));
#13969=CARTESIAN_POINT('Ctrl Pts',(-42.4413377791643,22.8318558260798,3.5));
#13970=CARTESIAN_POINT('Ctrl Pts',(-42.3236704617739,22.6845155283809,3.5));
#13971=CARTESIAN_POINT('Ctrl Pts',(-42.3154849559069,23.336289934814,4.));
#13972=CARTESIAN_POINT('Ctrl Pts',(-42.3154849559069,23.336289934814,3.5));
#13973=CARTESIAN_POINT('Ctrl Pts',(-42.4413377791643,23.2145295664668,4.));
#13974=CARTESIAN_POINT('Ctrl Pts',(-42.4413377791643,23.2145295664668,3.5));
#13975=CARTESIAN_POINT('Ctrl Pts',(-42.4413377791643,23.0221686884761,4.));
#13976=CARTESIAN_POINT('Ctrl Pts',(-42.4413377791643,23.0221686884761,3.5));
#13977=CARTESIAN_POINT('',(-42.3154849559069,23.336289934814,4.));
#13978=CARTESIAN_POINT('Ctrl Pts',(-42.3154849559069,23.336289934814,4.));
#13979=CARTESIAN_POINT('Ctrl Pts',(-42.4413377791643,23.2145295664668,4.));
#13980=CARTESIAN_POINT('Ctrl Pts',(-42.4413377791643,23.0221686884761,4.));
#13981=CARTESIAN_POINT('',(-42.3154849559069,23.336289934814,3.5));
#13982=CARTESIAN_POINT('',(-42.3154849559069,23.336289934814,4.));
#13983=CARTESIAN_POINT('Ctrl Pts',(-42.3154849559069,23.336289934814,3.5));
#13984=CARTESIAN_POINT('Ctrl Pts',(-42.4413377791643,23.2145295664668,3.5));
#13985=CARTESIAN_POINT('Ctrl Pts',(-42.4413377791643,23.0221686884761,3.5));
#13986=CARTESIAN_POINT('Ctrl Pts',(-41.9809008389711,23.4580491110682,4.));
#13987=CARTESIAN_POINT('Ctrl Pts',(-41.9809008389711,23.4580491110682,3.5));
#13988=CARTESIAN_POINT('Ctrl Pts',(-42.1896327286959,23.4580491110682,4.));
#13989=CARTESIAN_POINT('Ctrl Pts',(-42.1896327286959,23.4580491110682,3.5));
#13990=CARTESIAN_POINT('Ctrl Pts',(-42.3154849559069,23.336289934814,4.));
#13991=CARTESIAN_POINT('Ctrl Pts',(-42.3154849559069,23.336289934814,3.5));
#13992=CARTESIAN_POINT('',(-41.9809008389711,23.4580491110682,4.));
#13993=CARTESIAN_POINT('Ctrl Pts',(-41.9809008389711,23.4580491110682,4.));
#13994=CARTESIAN_POINT('Ctrl Pts',(-42.1896327286959,23.4580491110682,4.));
#13995=CARTESIAN_POINT('Ctrl Pts',(-42.3154849559069,23.336289934814,4.));
#13996=CARTESIAN_POINT('',(-41.9809008389711,23.4580491110682,3.5));
#13997=CARTESIAN_POINT('',(-41.9809008389711,23.4580491110682,4.));
#13998=CARTESIAN_POINT('Ctrl Pts',(-41.9809008389711,23.4580491110682,3.5));
#13999=CARTESIAN_POINT('Ctrl Pts',(-42.1896327286959,23.4580491110682,3.5));
#14000=CARTESIAN_POINT('Ctrl Pts',(-42.3154849559069,23.336289934814,3.5));
#14001=CARTESIAN_POINT('Ctrl Pts',(-41.268759444356,23.224761299789,4.));
#14002=CARTESIAN_POINT('Ctrl Pts',(-41.268759444356,23.224761299789,3.5));
#14003=CARTESIAN_POINT('Ctrl Pts',(-41.5613920241594,23.4580491110682,4.));
#14004=CARTESIAN_POINT('Ctrl Pts',(-41.5613920241594,23.4580491110682,3.5));
#14005=CARTESIAN_POINT('Ctrl Pts',(-41.9809008389711,23.4580491110682,4.));
#14006=CARTESIAN_POINT('Ctrl Pts',(-41.9809008389711,23.4580491110682,3.5));
#14007=CARTESIAN_POINT('Ctrl Pts',(-41.268759444356,23.224761299789,4.));
#14008=CARTESIAN_POINT('Ctrl Pts',(-41.5613920241594,23.4580491110682,4.));
#14009=CARTESIAN_POINT('Ctrl Pts',(-41.9809008389711,23.4580491110682,4.));
#14010=CARTESIAN_POINT('Ctrl Pts',(-41.268759444356,23.224761299789,3.5));
#14011=CARTESIAN_POINT('Ctrl Pts',(-41.5613920241594,23.4580491110682,3.5));
#14012=CARTESIAN_POINT('Ctrl Pts',(-41.9809008389711,23.4580491110682,3.5));
#14013=CARTESIAN_POINT('Ctrl Pts',(-40.6077767163515,22.7991138026118,4.));
#14014=CARTESIAN_POINT('Ctrl Pts',(-40.6077767163515,22.7991138026118,3.5));
#14015=CARTESIAN_POINT('Ctrl Pts',(-40.6077767163515,22.4921552464366,4.));
#14016=CARTESIAN_POINT('Ctrl Pts',(-40.6077767163515,22.4921552464366,3.5));
#14017=CARTESIAN_POINT('Ctrl Pts',(-40.730559900403,22.254774980247,4.));
#14018=CARTESIAN_POINT('Ctrl Pts',(-40.730559900403,22.254774980247,3.5));
#14019=CARTESIAN_POINT('',(-40.6077767163515,22.7991138026118,4.));
#14020=CARTESIAN_POINT('',(-40.730559900403,22.254774980247,4.));
#14021=CARTESIAN_POINT('Ctrl Pts',(-40.6077767163515,22.7991138026118,4.));
#14022=CARTESIAN_POINT('Ctrl Pts',(-40.6077767163515,22.4921552464366,4.));
#14023=CARTESIAN_POINT('Ctrl Pts',(-40.730559900403,22.254774980247,4.));
#14024=CARTESIAN_POINT('',(-40.6077767163515,22.7991138026118,3.5));
#14025=CARTESIAN_POINT('',(-40.6077767163515,22.7991138026118,4.));
#14026=CARTESIAN_POINT('',(-40.730559900403,22.254774980247,3.5));
#14027=CARTESIAN_POINT('Ctrl Pts',(-40.6077767163515,22.7991138026118,3.5));
#14028=CARTESIAN_POINT('Ctrl Pts',(-40.6077767163515,22.4921552464366,3.5));
#14029=CARTESIAN_POINT('Ctrl Pts',(-40.730559900403,22.254774980247,3.5));
#14030=CARTESIAN_POINT('',(-40.730559900403,22.254774980247,4.));
#14031=CARTESIAN_POINT('Ctrl Pts',(-40.9924972802401,23.7036154791713,4.));
#14032=CARTESIAN_POINT('Ctrl Pts',(-40.9924972802401,23.7036154791713,3.5));
#14033=CARTESIAN_POINT('Ctrl Pts',(-40.6077767163515,23.3659611269832,4.));
#14034=CARTESIAN_POINT('Ctrl Pts',(-40.6077767163515,23.3659611269832,3.5));
#14035=CARTESIAN_POINT('Ctrl Pts',(-40.6077767163515,22.7991138026118,4.));
#14036=CARTESIAN_POINT('Ctrl Pts',(-40.6077767163515,22.7991138026118,3.5));
#14037=CARTESIAN_POINT('',(-40.9924972802401,23.7036154791713,4.));
#14038=CARTESIAN_POINT('Ctrl Pts',(-40.9924972802401,23.7036154791713,4.));
#14039=CARTESIAN_POINT('Ctrl Pts',(-40.6077767163515,23.3659611269832,4.));
#14040=CARTESIAN_POINT('Ctrl Pts',(-40.6077767163515,22.7991138026118,4.));
#14041=CARTESIAN_POINT('',(-40.9924972802401,23.7036154791713,3.5));
#14042=CARTESIAN_POINT('',(-40.9924972802401,23.7036154791713,4.));
#14043=CARTESIAN_POINT('Ctrl Pts',(-40.9924972802401,23.7036154791713,3.5));
#14044=CARTESIAN_POINT('Ctrl Pts',(-40.6077767163515,23.3659611269832,3.5));
#14045=CARTESIAN_POINT('Ctrl Pts',(-40.6077767163515,22.7991138026118,3.5));
#14046=CARTESIAN_POINT('Ctrl Pts',(-41.905185058713,24.0412686392665,4.));
#14047=CARTESIAN_POINT('Ctrl Pts',(-41.905185058713,24.0412686392665,3.5));
#14048=CARTESIAN_POINT('Ctrl Pts',(-41.3772178441286,24.0412686392665,4.));
#14049=CARTESIAN_POINT('Ctrl Pts',(-41.3772178441286,24.0412686392665,3.5));
#14050=CARTESIAN_POINT('Ctrl Pts',(-40.9924972802401,23.7036154791713,4.));
#14051=CARTESIAN_POINT('Ctrl Pts',(-40.9924972802401,23.7036154791713,3.5));
#14052=CARTESIAN_POINT('',(-41.905185058713,24.0412686392665,4.));
#14053=CARTESIAN_POINT('Ctrl Pts',(-41.905185058713,24.0412686392665,4.));
#14054=CARTESIAN_POINT('Ctrl Pts',(-41.3772178441286,24.0412686392665,4.));
#14055=CARTESIAN_POINT('Ctrl Pts',(-40.9924972802401,23.7036154791713,4.));
#14056=CARTESIAN_POINT('',(-41.905185058713,24.0412686392665,3.5));
#14057=CARTESIAN_POINT('',(-41.905185058713,24.0412686392665,4.));
#14058=CARTESIAN_POINT('Ctrl Pts',(-41.905185058713,24.0412686392665,3.5));
#14059=CARTESIAN_POINT('Ctrl Pts',(-41.3772178441286,24.0412686392665,3.5));
#14060=CARTESIAN_POINT('Ctrl Pts',(-40.9924972802401,23.7036154791713,3.5));
#14061=CARTESIAN_POINT('Ctrl Pts',(-42.6183498650789,23.7711463496089,4.));
#14062=CARTESIAN_POINT('Ctrl Pts',(-42.6183498650789,23.7711463496089,3.5));
#14063=CARTESIAN_POINT('Ctrl Pts',(-42.353342846036,24.0412686392665,4.));
#14064=CARTESIAN_POINT('Ctrl Pts',(-42.353342846036,24.0412686392665,3.5));
#14065=CARTESIAN_POINT('Ctrl Pts',(-41.905185058713,24.0412686392665,4.));
#14066=CARTESIAN_POINT('Ctrl Pts',(-41.905185058713,24.0412686392665,3.5));
#14067=CARTESIAN_POINT('',(-42.6183498650789,23.7711463496089,4.));
#14068=CARTESIAN_POINT('Ctrl Pts',(-42.6183498650789,23.7711463496089,4.));
#14069=CARTESIAN_POINT('Ctrl Pts',(-42.353342846036,24.0412686392665,4.));
#14070=CARTESIAN_POINT('Ctrl Pts',(-41.905185058713,24.0412686392665,4.));
#14071=CARTESIAN_POINT('',(-42.6183498650789,23.7711463496089,3.5));
#14072=CARTESIAN_POINT('',(-42.6183498650789,23.7711463496089,4.));
#14073=CARTESIAN_POINT('Ctrl Pts',(-42.6183498650789,23.7711463496089,3.5));
#14074=CARTESIAN_POINT('Ctrl Pts',(-42.353342846036,24.0412686392665,3.5));
#14075=CARTESIAN_POINT('Ctrl Pts',(-41.905185058713,24.0412686392665,3.5));
#14076=CARTESIAN_POINT('Ctrl Pts',(-42.8833568841219,23.0201230570674,4.));
#14077=CARTESIAN_POINT('Ctrl Pts',(-42.8833568841219,23.0201230570674,3.5));
#14078=CARTESIAN_POINT('Ctrl Pts',(-42.8833568841219,23.5010228678584,4.));
#14079=CARTESIAN_POINT('Ctrl Pts',(-42.8833568841219,23.5010228678584,3.5));
#14080=CARTESIAN_POINT('Ctrl Pts',(-42.6183498650789,23.7711463496089,4.));
#14081=CARTESIAN_POINT('Ctrl Pts',(-42.6183498650789,23.7711463496089,3.5));
#14082=CARTESIAN_POINT('',(-42.8833568841219,23.0201230570674,4.));
#14083=CARTESIAN_POINT('Ctrl Pts',(-42.8833568841219,23.0201230570674,4.));
#14084=CARTESIAN_POINT('Ctrl Pts',(-42.8833568841219,23.5010228678584,4.));
#14085=CARTESIAN_POINT('Ctrl Pts',(-42.6183498650789,23.7711463496089,4.));
#14086=CARTESIAN_POINT('',(-42.8833568841219,23.0201230570674,3.5));
#14087=CARTESIAN_POINT('',(-42.8833568841219,23.0201230570674,4.));
#14088=CARTESIAN_POINT('Ctrl Pts',(-42.8833568841219,23.0201230570674,3.5));
#14089=CARTESIAN_POINT('Ctrl Pts',(-42.8833568841219,23.5010228678584,3.5));
#14090=CARTESIAN_POINT('Ctrl Pts',(-42.6183498650789,23.7711463496089,3.5));
#14091=CARTESIAN_POINT('Ctrl Pts',(-42.5242162495852,22.1248291060328,4.));
#14092=CARTESIAN_POINT('Ctrl Pts',(-42.5242162495852,22.1248291060328,3.5));
#14093=CARTESIAN_POINT('Ctrl Pts',(-42.8833568841219,22.4655525013804,4.));
#14094=CARTESIAN_POINT('Ctrl Pts',(-42.8833568841219,22.4655525013804,3.5));
#14095=CARTESIAN_POINT('Ctrl Pts',(-42.8833568841219,23.0201230570674,4.));
#14096=CARTESIAN_POINT('Ctrl Pts',(-42.8833568841219,23.0201230570674,3.5));
#14097=CARTESIAN_POINT('',(-42.5242162495852,22.1248291060328,4.));
#14098=CARTESIAN_POINT('Ctrl Pts',(-42.5242162495852,22.1248291060328,4.));
#14099=CARTESIAN_POINT('Ctrl Pts',(-42.8833568841219,22.4655525013804,4.));
#14100=CARTESIAN_POINT('Ctrl Pts',(-42.8833568841219,23.0201230570674,4.));
#14101=CARTESIAN_POINT('',(-42.5242162495852,22.1248291060328,3.5));
#14102=CARTESIAN_POINT('',(-42.5242162495852,22.1248291060328,4.));
#14103=CARTESIAN_POINT('Ctrl Pts',(-42.5242162495852,22.1248291060328,3.5));
#14104=CARTESIAN_POINT('Ctrl Pts',(-42.8833568841219,22.4655525013804,3.5));
#14105=CARTESIAN_POINT('Ctrl Pts',(-42.8833568841219,23.0201230570674,3.5));
#14106=CARTESIAN_POINT('Ctrl Pts',(-41.5613920241594,21.7841063067317,4.));
#14107=CARTESIAN_POINT('Ctrl Pts',(-41.5613920241594,21.7841063067317,3.5));
#14108=CARTESIAN_POINT('Ctrl Pts',(-42.1650756150484,21.7841063067317,4.));
#14109=CARTESIAN_POINT('Ctrl Pts',(-42.1650756150484,21.7841063067317,3.5));
#14110=CARTESIAN_POINT('Ctrl Pts',(-42.5242162495852,22.1248291060328,4.));
#14111=CARTESIAN_POINT('Ctrl Pts',(-42.5242162495852,22.1248291060328,3.5));
#14112=CARTESIAN_POINT('',(-41.5613920241594,21.7841063067317,4.));
#14113=CARTESIAN_POINT('Ctrl Pts',(-41.5613920241594,21.7841063067317,4.));
#14114=CARTESIAN_POINT('Ctrl Pts',(-42.1650756150484,21.7841063067317,4.));
#14115=CARTESIAN_POINT('Ctrl Pts',(-42.5242162495852,22.1248291060328,4.));
#14116=CARTESIAN_POINT('',(-41.5613920241594,21.7841063067317,3.5));
#14117=CARTESIAN_POINT('',(-41.5613920241594,21.7841063067317,4.));
#14118=CARTESIAN_POINT('Ctrl Pts',(-41.5613920241594,21.7841063067317,3.5));
#14119=CARTESIAN_POINT('Ctrl Pts',(-42.1650756150484,21.7841063067317,3.5));
#14120=CARTESIAN_POINT('Ctrl Pts',(-42.5242162495852,22.1248291060328,3.5));
#14121=CARTESIAN_POINT('Ctrl Pts',(-41.0784453898668,21.9007502123713,4.));
#14122=CARTESIAN_POINT('Ctrl Pts',(-41.0784453898668,21.9007502123713,3.5));
#14123=CARTESIAN_POINT('Ctrl Pts',(-41.3035476952791,21.7841063067317,4.));
#14124=CARTESIAN_POINT('Ctrl Pts',(-41.3035476952791,21.7841063067317,3.5));
#14125=CARTESIAN_POINT('Ctrl Pts',(-41.5613920241594,21.7841063067317,4.));
#14126=CARTESIAN_POINT('Ctrl Pts',(-41.5613920241594,21.7841063067317,3.5));
#14127=CARTESIAN_POINT('',(-41.0784453898668,21.9007502123713,4.));
#14128=CARTESIAN_POINT('Ctrl Pts',(-41.0784453898668,21.9007502123713,4.));
#14129=CARTESIAN_POINT('Ctrl Pts',(-41.3035476952791,21.7841063067317,4.));
#14130=CARTESIAN_POINT('Ctrl Pts',(-41.5613920241594,21.7841063067317,4.));
#14131=CARTESIAN_POINT('',(-41.0784453898668,21.9007502123713,3.5));
#14132=CARTESIAN_POINT('',(-41.0784453898668,21.9007502123713,4.));
#14133=CARTESIAN_POINT('Ctrl Pts',(-41.0784453898668,21.9007502123713,3.5));
#14134=CARTESIAN_POINT('Ctrl Pts',(-41.3035476952791,21.7841063067317,3.5));
#14135=CARTESIAN_POINT('Ctrl Pts',(-41.5613920241594,21.7841063067317,3.5));
#14136=CARTESIAN_POINT('Ctrl Pts',(-40.730559900403,22.254774980247,4.));
#14137=CARTESIAN_POINT('Ctrl Pts',(-40.730559900403,22.254774980247,3.5));
#14138=CARTESIAN_POINT('Ctrl Pts',(-40.8533430844545,22.017394118011,4.));
#14139=CARTESIAN_POINT('Ctrl Pts',(-40.8533430844545,22.017394118011,3.5));
#14140=CARTESIAN_POINT('Ctrl Pts',(-41.0784453898668,21.9007502123713,4.));
#14141=CARTESIAN_POINT('Ctrl Pts',(-41.0784453898668,21.9007502123713,3.5));
#14142=CARTESIAN_POINT('Ctrl Pts',(-40.730559900403,22.254774980247,4.));
#14143=CARTESIAN_POINT('Ctrl Pts',(-40.8533430844545,22.017394118011,4.));
#14144=CARTESIAN_POINT('Ctrl Pts',(-41.0784453898668,21.9007502123713,4.));
#14145=CARTESIAN_POINT('Ctrl Pts',(-40.730559900403,22.254774980247,3.5));
#14146=CARTESIAN_POINT('Ctrl Pts',(-40.8533430844545,22.017394118011,3.5));
#14147=CARTESIAN_POINT('Ctrl Pts',(-41.0784453898668,21.9007502123713,3.5));
#14148=CARTESIAN_POINT('Origin',(-41.7455668002367,22.9126874729991,3.5));
#14149=CARTESIAN_POINT('Origin',(-43.6589366942644,19.1872439906001,4.));
#14150=CARTESIAN_POINT('',(-43.6589366942644,19.1872439906001,4.));
#14151=CARTESIAN_POINT('',(-43.1268764287233,19.0767393633723,4.));
#14152=CARTESIAN_POINT('',(-44.8896279629427,19.4428486442186,4.));
#14153=CARTESIAN_POINT('',(-43.6589366942644,19.1872439906001,3.5));
#14154=CARTESIAN_POINT('',(-43.6589366942644,19.1872439906001,4.));
#14155=CARTESIAN_POINT('',(-43.1268764287233,19.0767393633723,3.5));
#14156=CARTESIAN_POINT('',(-43.6589366942644,19.1872439906001,3.5));
#14157=CARTESIAN_POINT('',(-43.1268764287233,19.0767393633723,4.));
#14158=CARTESIAN_POINT('Origin',(-43.6589366942644,18.5999320074916,4.));
#14159=CARTESIAN_POINT('',(-43.6589366942644,18.5999320074916,4.));
#14160=CARTESIAN_POINT('',(-43.6589366942644,23.0499663390219,4.));
#14161=CARTESIAN_POINT('',(-43.6589366942644,18.5999320074916,3.5));
#14162=CARTESIAN_POINT('',(-43.6589366942644,18.5999320074916,4.));
#14163=CARTESIAN_POINT('',(-43.6589366942644,18.5999320074916,3.5));
#14164=CARTESIAN_POINT('Origin',(-43.1268764287233,18.4894267842174,4.));
#14165=CARTESIAN_POINT('',(-43.1268764287233,18.4894267842174,4.));
#14166=CARTESIAN_POINT('',(-44.6820699474281,18.8124296809744,4.));
#14167=CARTESIAN_POINT('',(-43.1268764287233,18.4894267842174,3.5));
#14168=CARTESIAN_POINT('',(-43.1268764287233,18.4894267842174,4.));
#14169=CARTESIAN_POINT('',(-43.1268764287233,18.4894267842174,3.5));
#14170=CARTESIAN_POINT('Origin',(-43.1268764287233,19.0767393633723,4.));
#14171=CARTESIAN_POINT('',(-43.1268764287233,23.2883700169623,4.));
#14172=CARTESIAN_POINT('',(-43.1268764287233,19.0767393633723,3.5));
#14173=CARTESIAN_POINT('Origin',(-43.3929065614939,18.8383353874087,3.5));
#14174=CARTESIAN_POINT('Origin',(-44.5000007450581,27.5000006705523,4.));
#14175=CARTESIAN_POINT('Origin',(-44.5000007450581,27.5000006705523,4.));
#14176=CARTESIAN_POINT('Origin',(-44.5000007450581,27.5000006705523,4.));
#14177=CARTESIAN_POINT('Origin',(-44.5000007450581,27.5000006705523,4.));
#14178=CARTESIAN_POINT('Origin',(-44.5000007450581,27.5000006705523,4.));
#14179=CARTESIAN_POINT('Origin',(-44.5000007450581,27.5000006705523,4.));
#14180=CARTESIAN_POINT('Origin',(-44.5000007450581,27.5000006705523,4.));
#14181=CARTESIAN_POINT('Origin',(-44.5000007450581,27.5000006705523,4.));
#14182=CARTESIAN_POINT('Origin',(-40.0000007450581,45.0000006705523,0.));
#14183=CARTESIAN_POINT('',(-49.0000007450581,45.0000006705523,0.));
#14184=CARTESIAN_POINT('',(-40.0000007450581,45.0000006705523,0.));
#14185=CARTESIAN_POINT('',(-49.0000007450581,45.0000006705523,0.));
#14186=CARTESIAN_POINT('',(-49.0000007450581,45.0000006705523,4.));
#14187=CARTESIAN_POINT('',(-49.0000007450581,45.0000006705523,0.));
#14188=CARTESIAN_POINT('',(-40.0000007450581,45.0000006705523,4.));
#14189=CARTESIAN_POINT('',(-49.0000007450581,45.0000006705523,4.));
#14190=CARTESIAN_POINT('',(-40.0000007450581,45.0000006705523,0.));
#14191=CARTESIAN_POINT('Origin',(-40.0000007450581,44.0000006705523,0.));
#14192=CARTESIAN_POINT('',(-39.0000007450581,44.0000006705523,0.));
#14193=CARTESIAN_POINT('Origin',(-40.0000007450581,44.0000006705523,0.));
#14194=CARTESIAN_POINT('',(-39.0000007450581,44.0000006705523,4.));
#14195=CARTESIAN_POINT('Origin',(-40.0000007450581,44.0000006705523,4.));
#14196=CARTESIAN_POINT('',(-39.0000007450581,44.0000006705523,0.));
#14197=CARTESIAN_POINT('Origin',(-39.0000007450581,11.0000006705522,0.));
#14198=CARTESIAN_POINT('',(-39.0000007450581,11.0000006705522,0.));
#14199=CARTESIAN_POINT('',(-39.0000007450581,44.0000006705523,0.));
#14200=CARTESIAN_POINT('',(-39.0000007450581,11.0000006705522,4.));
#14201=CARTESIAN_POINT('',(-39.0000007450581,44.0000006705523,4.));
#14202=CARTESIAN_POINT('',(-39.0000007450581,11.0000006705522,0.));
#14203=CARTESIAN_POINT('Origin',(-40.0000007450581,11.0000006705523,0.));
#14204=CARTESIAN_POINT('',(-40.0000007450581,10.0000006705523,0.));
#14205=CARTESIAN_POINT('Origin',(-40.0000007450581,11.0000006705523,0.));
#14206=CARTESIAN_POINT('',(-40.0000007450581,10.0000006705523,4.));
#14207=CARTESIAN_POINT('Origin',(-40.0000007450581,11.0000006705523,4.));
#14208=CARTESIAN_POINT('',(-40.0000007450581,10.0000006705523,0.));
#14209=CARTESIAN_POINT('Origin',(-49.0000007450581,10.0000006705523,0.));
#14210=CARTESIAN_POINT('',(-49.0000007450581,10.0000006705523,0.));
#14211=CARTESIAN_POINT('',(-40.0000007450581,10.0000006705523,0.));
#14212=CARTESIAN_POINT('',(-49.0000007450581,10.0000006705523,4.));
#14213=CARTESIAN_POINT('',(-40.0000007450581,10.0000006705523,4.));
#14214=CARTESIAN_POINT('',(-49.0000007450581,10.0000006705523,0.));
#14215=CARTESIAN_POINT('Origin',(-49.0000007450581,11.0000006705523,0.));
#14216=CARTESIAN_POINT('',(-50.0000007450581,11.0000006705523,0.));
#14217=CARTESIAN_POINT('Origin',(-49.0000007450581,11.0000006705523,0.));
#14218=CARTESIAN_POINT('',(-50.0000007450581,11.0000006705523,4.));
#14219=CARTESIAN_POINT('Origin',(-49.0000007450581,11.0000006705523,4.));
#14220=CARTESIAN_POINT('',(-50.0000007450581,11.0000006705523,0.));
#14221=CARTESIAN_POINT('Origin',(-50.0000007450581,44.0000006705523,0.));
#14222=CARTESIAN_POINT('',(-50.0000007450581,44.0000006705523,0.));
#14223=CARTESIAN_POINT('',(-50.0000007450581,11.0000006705523,0.));
#14224=CARTESIAN_POINT('',(-50.0000007450581,44.0000006705523,4.));
#14225=CARTESIAN_POINT('',(-50.0000007450581,11.0000006705523,4.));
#14226=CARTESIAN_POINT('',(-50.0000007450581,44.0000006705523,0.));
#14227=CARTESIAN_POINT('Origin',(-49.0000007450581,44.0000006705523,0.));
#14228=CARTESIAN_POINT('Origin',(-49.0000007450581,44.0000006705523,0.));
#14229=CARTESIAN_POINT('Origin',(-49.0000007450581,44.0000006705523,4.));
#14230=CARTESIAN_POINT('Origin',(-44.5000007450581,27.5000006705523,4.));
#14231=CARTESIAN_POINT('Origin',(-44.5000007450581,27.5000006705523,0.));
#14232=UNCERTAINTY_MEASURE_WITH_UNIT(LENGTH_MEASURE(0.01),#14236,
'DISTANCE_ACCURACY_VALUE',
'Maximum model space distance between geometric entities at asserted c
onnectivities');
#14233=UNCERTAINTY_MEASURE_WITH_UNIT(LENGTH_MEASURE(0.01),#14236,
'DISTANCE_ACCURACY_VALUE',
'Maximum model space distance between geometric entities at asserted c
onnectivities');
#14234=(
GEOMETRIC_REPRESENTATION_CONTEXT(3)
GLOBAL_UNCERTAINTY_ASSIGNED_CONTEXT((#14232))
GLOBAL_UNIT_ASSIGNED_CONTEXT((#14236,#14238,#14239))
REPRESENTATION_CONTEXT('','3D')
);
#14235=(
GEOMETRIC_REPRESENTATION_CONTEXT(3)
GLOBAL_UNCERTAINTY_ASSIGNED_CONTEXT((#14233))
GLOBAL_UNIT_ASSIGNED_CONTEXT((#14236,#14238,#14239))
REPRESENTATION_CONTEXT('','3D')
);
#14236=(
LENGTH_UNIT()
NAMED_UNIT(*)
SI_UNIT(.MILLI.,.METRE.)
);
#14237=(
LENGTH_UNIT()
NAMED_UNIT(*)
SI_UNIT($,.METRE.)
);
#14238=(
NAMED_UNIT(*)
PLANE_ANGLE_UNIT()
SI_UNIT($,.RADIAN.)
);
#14239=(
NAMED_UNIT(*)
SI_UNIT($,.STERADIAN.)
SOLID_ANGLE_UNIT()
);
#14240=SHAPE_DEFINITION_REPRESENTATION(#14241,#14242);
#14241=PRODUCT_DEFINITION_SHAPE('',$,#14244);
#14242=SHAPE_REPRESENTATION('',(#8144),#14234);
#14243=PRODUCT_DEFINITION_CONTEXT('part definition',#14248,'design');
#14244=PRODUCT_DEFINITION('2026-07-18-00-20-30-894','Battery',#14245,#14243);
#14245=PRODUCT_DEFINITION_FORMATION('',$,#14250);
#14246=PRODUCT_RELATED_PRODUCT_CATEGORY('Battery','Battery',(#14250));
#14247=APPLICATION_PROTOCOL_DEFINITION('international standard',
'automotive_design',2009,#14248);
#14248=APPLICATION_CONTEXT(
'Core Data for Automotive Mechanical Design Process');
#14249=PRODUCT_CONTEXT('part definition',#14248,'mechanical');
#14250=PRODUCT('2026-07-18-00-20-30-894','Battery',$,(#14249));
#14251=PRESENTATION_STYLE_ASSIGNMENT((#14252));
#14252=SURFACE_STYLE_USAGE(.BOTH.,#14253);
#14253=SURFACE_SIDE_STYLE('',(#14254));
#14254=SURFACE_STYLE_FILL_AREA(#14255);
#14255=FILL_AREA_STYLE('Steel - Satin',(#14256));
#14256=FILL_AREA_STYLE_COLOUR('Steel - Satin',#14257);
#14257=COLOUR_RGB('Steel - Satin',0.627450980392157,0.627450980392157,0.627450980392157);
ENDSEC;
END-ISO-10303-21;
