ISO-10303-21;
HEADER;
/* Generated by software containing ST-Developer
 * from STEP Tools, Inc. (www.steptools.com) 
 */

FILE_DESCRIPTION(
/* description */ (''),
/* implementation_level */ '2;1');

FILE_NAME(
/* name */ 'Left_ENclosure.step',
/* time_stamp */ '2026-07-29T11:48:41+03:00',
/* author */ (''),
/* organization */ (''),
/* preprocessor_version */ 'ST-DEVELOPER v20.1',
/* originating_system */ 'Autodesk Translation Framework v15.8.0.0',
/* authorisation */ '');

FILE_SCHEMA (('AUTOMOTIVE_DESIGN { 1 0 10303 214 3 1 1 }'));
ENDSEC;

DATA;
#10=MECHANICAL_DESIGN_GEOMETRIC_PRESENTATION_REPRESENTATION('',(#13),#2717);
#11=SHAPE_REPRESENTATION_RELATIONSHIP('SRR','None',#2724,#12);
#12=ADVANCED_BREP_SHAPE_REPRESENTATION('',(#14),#2716);
#13=STYLED_ITEM('',(#2733),#14);
#14=MANIFOLD_SOLID_BREP('Body1',#1622);
#15=CYLINDRICAL_SURFACE('',#1660,2.45);
#16=CYLINDRICAL_SURFACE('',#1662,3.45);
#17=CYLINDRICAL_SURFACE('',#1678,2.45);
#18=CYLINDRICAL_SURFACE('',#1680,3.45);
#19=CYLINDRICAL_SURFACE('',#1706,1.00000000000001);
#20=CYLINDRICAL_SURFACE('',#1709,1.);
#21=CYLINDRICAL_SURFACE('',#1712,1.00000000000001);
#22=CYLINDRICAL_SURFACE('',#1714,0.999999999999479);
#23=CYLINDRICAL_SURFACE('',#1716,1.00000000000013);
#24=CYLINDRICAL_SURFACE('',#1719,8.00000000000002);
#25=CYLINDRICAL_SURFACE('',#1722,7.99999999999999);
#26=CYLINDRICAL_SURFACE('',#1725,8.00000000000001);
#27=CYLINDRICAL_SURFACE('',#1728,7.99999999999997);
#28=CYLINDRICAL_SURFACE('',#1731,2.75);
#29=CYLINDRICAL_SURFACE('',#1736,2.75);
#30=CYLINDRICAL_SURFACE('',#1741,2.75);
#31=CYLINDRICAL_SURFACE('',#1746,2.75);
#32=CYLINDRICAL_SURFACE('',#1753,1.00000000000001);
#33=CYLINDRICAL_SURFACE('',#1756,1.);
#34=CYLINDRICAL_SURFACE('',#1758,1.00000000000001);
#35=CYLINDRICAL_SURFACE('',#1760,1.);
#36=CYLINDRICAL_SURFACE('',#1761,0.999999999999996);
#37=CYLINDRICAL_SURFACE('',#1763,0.999999999999869);
#38=CYLINDRICAL_SURFACE('',#1766,1.00000000000002);
#39=CYLINDRICAL_SURFACE('',#1767,1.6);
#40=CYLINDRICAL_SURFACE('',#1768,1.6);
#41=CYLINDRICAL_SURFACE('',#1769,1.59999999999999);
#42=CYLINDRICAL_SURFACE('',#1770,1.6);
#43=CYLINDRICAL_SURFACE('',#1771,7.99999999999999);
#44=CYLINDRICAL_SURFACE('',#1775,8.00000000000002);
#45=CYLINDRICAL_SURFACE('',#1780,7.99999999999999);
#46=FACE_BOUND('',#230,.T.);
#47=FACE_BOUND('',#232,.T.);
#48=FACE_BOUND('',#236,.T.);
#49=FACE_BOUND('',#237,.T.);
#50=FACE_BOUND('',#242,.T.);
#51=FACE_BOUND('',#243,.T.);
#52=FACE_BOUND('',#244,.T.);
#53=FACE_BOUND('',#245,.T.);
#54=FACE_BOUND('',#270,.T.);
#55=FACE_BOUND('',#273,.T.);
#56=FACE_BOUND('',#276,.T.);
#57=FACE_BOUND('',#279,.T.);
#58=FACE_BOUND('',#309,.T.);
#59=FACE_BOUND('',#310,.T.);
#60=FACE_BOUND('',#311,.T.);
#61=FACE_BOUND('',#312,.T.);
#62=FACE_BOUND('',#313,.T.);
#63=CIRCLE('',#1655,3.45);
#64=CIRCLE('',#1656,2.45);
#65=CIRCLE('',#1658,3.45);
#66=CIRCLE('',#1659,2.45);
#67=CIRCLE('',#1661,2.45);
#68=CIRCLE('',#1663,3.45);
#69=CIRCLE('',#1665,1.00000000000002);
#70=CIRCLE('',#1666,0.999999999999869);
#71=CIRCLE('',#1667,0.999999999999996);
#72=CIRCLE('',#1668,1.);
#73=CIRCLE('',#1669,1.00000000000001);
#74=CIRCLE('',#1670,1.);
#75=CIRCLE('',#1671,1.00000000000001);
#76=CIRCLE('',#1672,1.00000000000001);
#77=CIRCLE('',#1673,1.);
#78=CIRCLE('',#1674,1.00000000000001);
#79=CIRCLE('',#1675,0.999999999999479);
#80=CIRCLE('',#1676,1.00000000000013);
#81=CIRCLE('',#1677,3.45);
#82=CIRCLE('',#1679,2.45);
#83=CIRCLE('',#1683,0.999999999999996);
#84=CIRCLE('',#1684,0.999999999999869);
#85=CIRCLE('',#1685,1.00000000000002);
#86=CIRCLE('',#1686,1.00000000000013);
#87=CIRCLE('',#1687,0.999999999999479);
#88=CIRCLE('',#1688,1.00000000000001);
#89=CIRCLE('',#1689,1.);
#90=CIRCLE('',#1690,1.00000000000001);
#91=CIRCLE('',#1691,1.);
#92=CIRCLE('',#1692,1.00000000000001);
#93=CIRCLE('',#1693,1.);
#94=CIRCLE('',#1694,8.00000000000001);
#95=CIRCLE('',#1695,7.99999999999999);
#96=CIRCLE('',#1696,8.00000000000002);
#97=CIRCLE('',#1697,7.99999999999999);
#98=CIRCLE('',#1698,8.00000000000002);
#99=CIRCLE('',#1699,7.99999999999999);
#100=CIRCLE('',#1700,7.99999999999997);
#101=CIRCLE('',#1701,1.6);
#102=CIRCLE('',#1702,1.59999999999999);
#103=CIRCLE('',#1703,1.6);
#104=CIRCLE('',#1704,1.6);
#105=CIRCLE('',#1720,8.00000000000002);
#106=CIRCLE('',#1723,7.99999999999999);
#107=CIRCLE('',#1726,8.00000000000001);
#108=CIRCLE('',#1729,7.99999999999997);
#109=CIRCLE('',#1732,2.75);
#110=CIRCLE('',#1733,2.75);
#111=CIRCLE('',#1735,1.6);
#112=CIRCLE('',#1737,2.75);
#113=CIRCLE('',#1738,2.75);
#114=CIRCLE('',#1740,1.6);
#115=CIRCLE('',#1742,2.75);
#116=CIRCLE('',#1743,2.75);
#117=CIRCLE('',#1745,1.6);
#118=CIRCLE('',#1747,2.75);
#119=CIRCLE('',#1748,2.75);
#120=CIRCLE('',#1750,1.59999999999999);
#121=CIRCLE('',#1754,1.00000000000001);
#122=CIRCLE('',#1772,7.99999999999999);
#123=CIRCLE('',#1776,8.00000000000002);
#124=CIRCLE('',#1781,7.99999999999999);
#125=FACE_OUTER_BOUND('',#211,.T.);
#126=FACE_OUTER_BOUND('',#212,.T.);
#127=FACE_OUTER_BOUND('',#213,.T.);
#128=FACE_OUTER_BOUND('',#214,.T.);
#129=FACE_OUTER_BOUND('',#215,.T.);
#130=FACE_OUTER_BOUND('',#216,.T.);
#131=FACE_OUTER_BOUND('',#217,.T.);
#132=FACE_OUTER_BOUND('',#218,.T.);
#133=FACE_OUTER_BOUND('',#219,.T.);
#134=FACE_OUTER_BOUND('',#220,.T.);
#135=FACE_OUTER_BOUND('',#221,.T.);
#136=FACE_OUTER_BOUND('',#222,.T.);
#137=FACE_OUTER_BOUND('',#223,.T.);
#138=FACE_OUTER_BOUND('',#224,.T.);
#139=FACE_OUTER_BOUND('',#225,.T.);
#140=FACE_OUTER_BOUND('',#226,.T.);
#141=FACE_OUTER_BOUND('',#227,.T.);
#142=FACE_OUTER_BOUND('',#228,.T.);
#143=FACE_OUTER_BOUND('',#229,.T.);
#144=FACE_OUTER_BOUND('',#231,.T.);
#145=FACE_OUTER_BOUND('',#233,.T.);
#146=FACE_OUTER_BOUND('',#234,.T.);
#147=FACE_OUTER_BOUND('',#235,.T.);
#148=FACE_OUTER_BOUND('',#238,.T.);
#149=FACE_OUTER_BOUND('',#239,.T.);
#150=FACE_OUTER_BOUND('',#240,.T.);
#151=FACE_OUTER_BOUND('',#241,.T.);
#152=FACE_OUTER_BOUND('',#246,.T.);
#153=FACE_OUTER_BOUND('',#247,.T.);
#154=FACE_OUTER_BOUND('',#248,.T.);
#155=FACE_OUTER_BOUND('',#249,.T.);
#156=FACE_OUTER_BOUND('',#250,.T.);
#157=FACE_OUTER_BOUND('',#251,.T.);
#158=FACE_OUTER_BOUND('',#252,.T.);
#159=FACE_OUTER_BOUND('',#253,.T.);
#160=FACE_OUTER_BOUND('',#254,.T.);
#161=FACE_OUTER_BOUND('',#255,.T.);
#162=FACE_OUTER_BOUND('',#256,.T.);
#163=FACE_OUTER_BOUND('',#257,.T.);
#164=FACE_OUTER_BOUND('',#258,.T.);
#165=FACE_OUTER_BOUND('',#259,.T.);
#166=FACE_OUTER_BOUND('',#260,.T.);
#167=FACE_OUTER_BOUND('',#261,.T.);
#168=FACE_OUTER_BOUND('',#262,.T.);
#169=FACE_OUTER_BOUND('',#263,.T.);
#170=FACE_OUTER_BOUND('',#264,.T.);
#171=FACE_OUTER_BOUND('',#265,.T.);
#172=FACE_OUTER_BOUND('',#266,.T.);
#173=FACE_OUTER_BOUND('',#267,.T.);
#174=FACE_OUTER_BOUND('',#268,.T.);
#175=FACE_OUTER_BOUND('',#269,.T.);
#176=FACE_OUTER_BOUND('',#271,.T.);
#177=FACE_OUTER_BOUND('',#272,.T.);
#178=FACE_OUTER_BOUND('',#274,.T.);
#179=FACE_OUTER_BOUND('',#275,.T.);
#180=FACE_OUTER_BOUND('',#277,.T.);
#181=FACE_OUTER_BOUND('',#278,.T.);
#182=FACE_OUTER_BOUND('',#280,.T.);
#183=FACE_OUTER_BOUND('',#281,.T.);
#184=FACE_OUTER_BOUND('',#282,.T.);
#185=FACE_OUTER_BOUND('',#283,.T.);
#186=FACE_OUTER_BOUND('',#284,.T.);
#187=FACE_OUTER_BOUND('',#285,.T.);
#188=FACE_OUTER_BOUND('',#286,.T.);
#189=FACE_OUTER_BOUND('',#287,.T.);
#190=FACE_OUTER_BOUND('',#288,.T.);
#191=FACE_OUTER_BOUND('',#289,.T.);
#192=FACE_OUTER_BOUND('',#290,.T.);
#193=FACE_OUTER_BOUND('',#291,.T.);
#194=FACE_OUTER_BOUND('',#292,.T.);
#195=FACE_OUTER_BOUND('',#293,.T.);
#196=FACE_OUTER_BOUND('',#294,.T.);
#197=FACE_OUTER_BOUND('',#295,.T.);
#198=FACE_OUTER_BOUND('',#296,.T.);
#199=FACE_OUTER_BOUND('',#297,.T.);
#200=FACE_OUTER_BOUND('',#298,.T.);
#201=FACE_OUTER_BOUND('',#299,.T.);
#202=FACE_OUTER_BOUND('',#300,.T.);
#203=FACE_OUTER_BOUND('',#301,.T.);
#204=FACE_OUTER_BOUND('',#302,.T.);
#205=FACE_OUTER_BOUND('',#303,.T.);
#206=FACE_OUTER_BOUND('',#304,.T.);
#207=FACE_OUTER_BOUND('',#305,.T.);
#208=FACE_OUTER_BOUND('',#306,.T.);
#209=FACE_OUTER_BOUND('',#307,.T.);
#210=FACE_OUTER_BOUND('',#308,.T.);
#211=EDGE_LOOP('',(#1025,#1026,#1027,#1028));
#212=EDGE_LOOP('',(#1029,#1030,#1031,#1032));
#213=EDGE_LOOP('',(#1033,#1034,#1035,#1036));
#214=EDGE_LOOP('',(#1037,#1038,#1039,#1040));
#215=EDGE_LOOP('',(#1041,#1042,#1043,#1044));
#216=EDGE_LOOP('',(#1045,#1046,#1047,#1048));
#217=EDGE_LOOP('',(#1049,#1050,#1051,#1052));
#218=EDGE_LOOP('',(#1053,#1054,#1055,#1056));
#219=EDGE_LOOP('',(#1057,#1058,#1059,#1060));
#220=EDGE_LOOP('',(#1061,#1062,#1063,#1064));
#221=EDGE_LOOP('',(#1065,#1066,#1067,#1068));
#222=EDGE_LOOP('',(#1069,#1070,#1071,#1072));
#223=EDGE_LOOP('',(#1073,#1074,#1075,#1076));
#224=EDGE_LOOP('',(#1077,#1078,#1079,#1080));
#225=EDGE_LOOP('',(#1081,#1082,#1083,#1084));
#226=EDGE_LOOP('',(#1085,#1086,#1087,#1088));
#227=EDGE_LOOP('',(#1089,#1090,#1091,#1092));
#228=EDGE_LOOP('',(#1093,#1094,#1095,#1096,#1097,#1098,#1099,#1100,#1101,
#1102,#1103,#1104,#1105,#1106,#1107,#1108,#1109,#1110,#1111,#1112,#1113,
#1114));
#229=EDGE_LOOP('',(#1115));
#230=EDGE_LOOP('',(#1116));
#231=EDGE_LOOP('',(#1117));
#232=EDGE_LOOP('',(#1118));
#233=EDGE_LOOP('',(#1119,#1120,#1121,#1122));
#234=EDGE_LOOP('',(#1123,#1124,#1125,#1126));
#235=EDGE_LOOP('',(#1127,#1128,#1129,#1130,#1131,#1132,#1133,#1134,#1135,
#1136,#1137,#1138,#1139,#1140,#1141,#1142,#1143,#1144,#1145,#1146,#1147,
#1148,#1149,#1150,#1151,#1152,#1153,#1154));
#236=EDGE_LOOP('',(#1155));
#237=EDGE_LOOP('',(#1156));
#238=EDGE_LOOP('',(#1157,#1158,#1159,#1160));
#239=EDGE_LOOP('',(#1161,#1162,#1163,#1164));
#240=EDGE_LOOP('',(#1165));
#241=EDGE_LOOP('',(#1166,#1167,#1168,#1169,#1170,#1171,#1172,#1173,#1174,
#1175,#1176,#1177,#1178,#1179,#1180,#1181,#1182,#1183,#1184,#1185,#1186,
#1187,#1188,#1189,#1190,#1191,#1192,#1193,#1194,#1195,#1196,#1197,#1198,
#1199,#1200,#1201,#1202,#1203,#1204,#1205,#1206,#1207,#1208,#1209,#1210,
#1211,#1212));
#242=EDGE_LOOP('',(#1213));
#243=EDGE_LOOP('',(#1214));
#244=EDGE_LOOP('',(#1215));
#245=EDGE_LOOP('',(#1216));
#246=EDGE_LOOP('',(#1217,#1218,#1219,#1220));
#247=EDGE_LOOP('',(#1221,#1222,#1223,#1224));
#248=EDGE_LOOP('',(#1225,#1226,#1227,#1228));
#249=EDGE_LOOP('',(#1229,#1230,#1231,#1232));
#250=EDGE_LOOP('',(#1233,#1234,#1235,#1236));
#251=EDGE_LOOP('',(#1237,#1238,#1239,#1240));
#252=EDGE_LOOP('',(#1241,#1242,#1243,#1244));
#253=EDGE_LOOP('',(#1245,#1246,#1247,#1248));
#254=EDGE_LOOP('',(#1249,#1250,#1251,#1252));
#255=EDGE_LOOP('',(#1253,#1254,#1255,#1256));
#256=EDGE_LOOP('',(#1257,#1258,#1259,#1260));
#257=EDGE_LOOP('',(#1261,#1262,#1263,#1264));
#258=EDGE_LOOP('',(#1265,#1266,#1267,#1268));
#259=EDGE_LOOP('',(#1269,#1270,#1271,#1272));
#260=EDGE_LOOP('',(#1273,#1274,#1275,#1276));
#261=EDGE_LOOP('',(#1277,#1278,#1279,#1280));
#262=EDGE_LOOP('',(#1281,#1282,#1283,#1284));
#263=EDGE_LOOP('',(#1285,#1286,#1287,#1288));
#264=EDGE_LOOP('',(#1289,#1290,#1291,#1292));
#265=EDGE_LOOP('',(#1293,#1294,#1295,#1296,#1297,#1298,#1299,#1300,#1301,
#1302,#1303,#1304,#1305,#1306,#1307,#1308,#1309,#1310,#1311,#1312,#1313,
#1314));
#266=EDGE_LOOP('',(#1315,#1316,#1317,#1318));
#267=EDGE_LOOP('',(#1319,#1320,#1321,#1322));
#268=EDGE_LOOP('',(#1323,#1324,#1325,#1326));
#269=EDGE_LOOP('',(#1327));
#270=EDGE_LOOP('',(#1328));
#271=EDGE_LOOP('',(#1329,#1330,#1331,#1332));
#272=EDGE_LOOP('',(#1333));
#273=EDGE_LOOP('',(#1334));
#274=EDGE_LOOP('',(#1335,#1336,#1337,#1338));
#275=EDGE_LOOP('',(#1339));
#276=EDGE_LOOP('',(#1340));
#277=EDGE_LOOP('',(#1341,#1342,#1343,#1344));
#278=EDGE_LOOP('',(#1345));
#279=EDGE_LOOP('',(#1346));
#280=EDGE_LOOP('',(#1347,#1348,#1349,#1350));
#281=EDGE_LOOP('',(#1351,#1352,#1353,#1354));
#282=EDGE_LOOP('',(#1355,#1356,#1357,#1358));
#283=EDGE_LOOP('',(#1359));
#284=EDGE_LOOP('',(#1360,#1361,#1362,#1363));
#285=EDGE_LOOP('',(#1364,#1365,#1366,#1367));
#286=EDGE_LOOP('',(#1368,#1369,#1370,#1371));
#287=EDGE_LOOP('',(#1372,#1373,#1374,#1375));
#288=EDGE_LOOP('',(#1376,#1377,#1378,#1379));
#289=EDGE_LOOP('',(#1380,#1381,#1382,#1383));
#290=EDGE_LOOP('',(#1384,#1385,#1386,#1387));
#291=EDGE_LOOP('',(#1388,#1389,#1390,#1391));
#292=EDGE_LOOP('',(#1392,#1393,#1394,#1395));
#293=EDGE_LOOP('',(#1396,#1397,#1398,#1399));
#294=EDGE_LOOP('',(#1400,#1401,#1402,#1403));
#295=EDGE_LOOP('',(#1404,#1405,#1406,#1407));
#296=EDGE_LOOP('',(#1408,#1409,#1410,#1411));
#297=EDGE_LOOP('',(#1412,#1413,#1414,#1415));
#298=EDGE_LOOP('',(#1416,#1417,#1418,#1419));
#299=EDGE_LOOP('',(#1420,#1421,#1422,#1423));
#300=EDGE_LOOP('',(#1424,#1425,#1426,#1427));
#301=EDGE_LOOP('',(#1428,#1429,#1430,#1431));
#302=EDGE_LOOP('',(#1432,#1433,#1434,#1435));
#303=EDGE_LOOP('',(#1436,#1437,#1438,#1439));
#304=EDGE_LOOP('',(#1440,#1441,#1442,#1443));
#305=EDGE_LOOP('',(#1444,#1445,#1446,#1447));
#306=EDGE_LOOP('',(#1448,#1449,#1450,#1451));
#307=EDGE_LOOP('',(#1452,#1453,#1454,#1455));
#308=EDGE_LOOP('',(#1456,#1457,#1458,#1459,#1460,#1461,#1462,#1463,#1464,
#1465,#1466,#1467,#1468,#1469,#1470,#1471,#1472,#1473));
#309=EDGE_LOOP('',(#1474,#1475,#1476));
#310=EDGE_LOOP('',(#1477));
#311=EDGE_LOOP('',(#1478));
#312=EDGE_LOOP('',(#1479));
#313=EDGE_LOOP('',(#1480));
#314=LINE('',#2252,#480);
#315=LINE('',#2254,#481);
#316=LINE('',#2256,#482);
#317=LINE('',#2257,#483);
#318=LINE('',#2260,#484);
#319=LINE('',#2262,#485);
#320=LINE('',#2263,#486);
#321=LINE('',#2266,#487);
#322=LINE('',#2268,#488);
#323=LINE('',#2269,#489);
#324=LINE('',#2272,#490);
#325=LINE('',#2274,#491);
#326=LINE('',#2275,#492);
#327=LINE('',#2278,#493);
#328=LINE('',#2280,#494);
#329=LINE('',#2281,#495);
#330=LINE('',#2284,#496);
#331=LINE('',#2286,#497);
#332=LINE('',#2287,#498);
#333=LINE('',#2290,#499);
#334=LINE('',#2292,#500);
#335=LINE('',#2293,#501);
#336=LINE('',#2296,#502);
#337=LINE('',#2298,#503);
#338=LINE('',#2299,#504);
#339=LINE('',#2302,#505);
#340=LINE('',#2304,#506);
#341=LINE('',#2305,#507);
#342=LINE('',#2309,#508);
#343=LINE('',#2311,#509);
#344=LINE('',#2313,#510);
#345=LINE('',#2314,#511);
#346=LINE('',#2317,#512);
#347=LINE('',#2319,#513);
#348=LINE('',#2320,#514);
#349=LINE('',#2323,#515);
#350=LINE('',#2325,#516);
#351=LINE('',#2326,#517);
#352=LINE('',#2329,#518);
#353=LINE('',#2331,#519);
#354=LINE('',#2332,#520);
#355=LINE('',#2335,#521);
#356=LINE('',#2337,#522);
#357=LINE('',#2338,#523);
#358=LINE('',#2341,#524);
#359=LINE('',#2343,#525);
#360=LINE('',#2344,#526);
#361=LINE('',#2347,#527);
#362=LINE('',#2349,#528);
#363=LINE('',#2350,#529);
#364=LINE('',#2352,#530);
#365=LINE('',#2353,#531);
#366=LINE('',#2356,#532);
#367=LINE('',#2358,#533);
#368=LINE('',#2360,#534);
#369=LINE('',#2362,#535);
#370=LINE('',#2363,#536);
#371=LINE('',#2376,#537);
#372=LINE('',#2380,#538);
#373=LINE('',#2385,#539);
#374=LINE('',#2389,#540);
#375=LINE('',#2391,#541);
#376=LINE('',#2395,#542);
#377=LINE('',#2400,#543);
#378=LINE('',#2404,#544);
#379=LINE('',#2408,#545);
#380=LINE('',#2412,#546);
#381=LINE('',#2413,#547);
#382=LINE('',#2417,#548);
#383=LINE('',#2419,#549);
#384=LINE('',#2423,#550);
#385=LINE('',#2425,#551);
#386=LINE('',#2429,#552);
#387=LINE('',#2433,#553);
#388=LINE('',#2439,#554);
#389=LINE('',#2442,#555);
#390=LINE('',#2448,#556);
#391=LINE('',#2452,#557);
#392=LINE('',#2454,#558);
#393=LINE('',#2458,#559);
#394=LINE('',#2462,#560);
#395=LINE('',#2466,#561);
#396=LINE('',#2470,#562);
#397=LINE('',#2472,#563);
#398=LINE('',#2476,#564);
#399=LINE('',#2478,#565);
#400=LINE('',#2482,#566);
#401=LINE('',#2486,#567);
#402=LINE('',#2490,#568);
#403=LINE('',#2493,#569);
#404=LINE('',#2497,#570);
#405=LINE('',#2501,#571);
#406=LINE('',#2505,#572);
#407=LINE('',#2507,#573);
#408=LINE('',#2511,#574);
#409=LINE('',#2513,#575);
#410=LINE('',#2515,#576);
#411=LINE('',#2519,#577);
#412=LINE('',#2521,#578);
#413=LINE('',#2525,#579);
#414=LINE('',#2528,#580);
#415=LINE('',#2538,#581);
#416=LINE('',#2539,#582);
#417=LINE('',#2541,#583);
#418=LINE('',#2543,#584);
#419=LINE('',#2545,#585);
#420=LINE('',#2547,#586);
#421=LINE('',#2549,#587);
#422=LINE('',#2551,#588);
#423=LINE('',#2553,#589);
#424=LINE('',#2555,#590);
#425=LINE('',#2557,#591);
#426=LINE('',#2559,#592);
#427=LINE('',#2561,#593);
#428=LINE('',#2563,#594);
#429=LINE('',#2566,#595);
#430=LINE('',#2568,#596);
#431=LINE('',#2569,#597);
#432=LINE('',#2572,#598);
#433=LINE('',#2576,#599);
#434=LINE('',#2577,#600);
#435=LINE('',#2580,#601);
#436=LINE('',#2584,#602);
#437=LINE('',#2585,#603);
#438=LINE('',#2588,#604);
#439=LINE('',#2592,#605);
#440=LINE('',#2593,#606);
#441=LINE('',#2596,#607);
#442=LINE('',#2600,#608);
#443=LINE('',#2601,#609);
#444=LINE('',#2606,#610);
#445=LINE('',#2615,#611);
#446=LINE('',#2624,#612);
#447=LINE('',#2633,#613);
#448=LINE('',#2641,#614);
#449=LINE('',#2642,#615);
#450=LINE('',#2643,#616);
#451=LINE('',#2646,#617);
#452=LINE('',#2647,#618);
#453=LINE('',#2652,#619);
#454=LINE('',#2654,#620);
#455=LINE('',#2656,#621);
#456=LINE('',#2658,#622);
#457=LINE('',#2661,#623);
#458=LINE('',#2663,#624);
#459=LINE('',#2665,#625);
#460=LINE('',#2667,#626);
#461=LINE('',#2669,#627);
#462=LINE('',#2672,#628);
#463=LINE('',#2674,#629);
#464=LINE('',#2676,#630);
#465=LINE('',#2678,#631);
#466=LINE('',#2681,#632);
#467=LINE('',#2685,#633);
#468=LINE('',#2686,#634);
#469=LINE('',#2689,#635);
#470=LINE('',#2690,#636);
#471=LINE('',#2693,#637);
#472=LINE('',#2697,#638);
#473=LINE('',#2698,#639);
#474=LINE('',#2701,#640);
#475=LINE('',#2702,#641);
#476=LINE('',#2705,#642);
#477=LINE('',#2706,#643);
#478=LINE('',#2709,#644);
#479=LINE('',#2712,#645);
#480=VECTOR('',#1788,10.);
#481=VECTOR('',#1789,10.);
#482=VECTOR('',#1790,10.);
#483=VECTOR('',#1791,10.);
#484=VECTOR('',#1794,10.);
#485=VECTOR('',#1795,10.);
#486=VECTOR('',#1796,10.);
#487=VECTOR('',#1799,10.);
#488=VECTOR('',#1800,10.);
#489=VECTOR('',#1801,10.);
#490=VECTOR('',#1804,10.);
#491=VECTOR('',#1805,10.);
#492=VECTOR('',#1806,10.);
#493=VECTOR('',#1809,10.);
#494=VECTOR('',#1810,10.);
#495=VECTOR('',#1811,10.);
#496=VECTOR('',#1814,10.);
#497=VECTOR('',#1815,10.);
#498=VECTOR('',#1816,10.);
#499=VECTOR('',#1819,10.);
#500=VECTOR('',#1820,10.);
#501=VECTOR('',#1821,10.);
#502=VECTOR('',#1824,10.);
#503=VECTOR('',#1825,10.);
#504=VECTOR('',#1826,10.);
#505=VECTOR('',#1829,10.);
#506=VECTOR('',#1830,10.);
#507=VECTOR('',#1831,10.);
#508=VECTOR('',#1834,10.);
#509=VECTOR('',#1835,10.);
#510=VECTOR('',#1836,10.);
#511=VECTOR('',#1837,10.);
#512=VECTOR('',#1840,10.);
#513=VECTOR('',#1841,10.);
#514=VECTOR('',#1842,10.);
#515=VECTOR('',#1845,10.);
#516=VECTOR('',#1846,10.);
#517=VECTOR('',#1847,10.);
#518=VECTOR('',#1850,10.);
#519=VECTOR('',#1851,10.);
#520=VECTOR('',#1852,10.);
#521=VECTOR('',#1855,10.);
#522=VECTOR('',#1856,10.);
#523=VECTOR('',#1857,10.);
#524=VECTOR('',#1860,10.);
#525=VECTOR('',#1861,10.);
#526=VECTOR('',#1862,10.);
#527=VECTOR('',#1865,10.);
#528=VECTOR('',#1866,10.);
#529=VECTOR('',#1867,10.);
#530=VECTOR('',#1870,10.);
#531=VECTOR('',#1871,10.);
#532=VECTOR('',#1874,10.);
#533=VECTOR('',#1875,10.);
#534=VECTOR('',#1876,10.);
#535=VECTOR('',#1877,10.);
#536=VECTOR('',#1878,10.);
#537=VECTOR('',#1893,2.45);
#538=VECTOR('',#1898,3.45);
#539=VECTOR('',#1903,10.);
#540=VECTOR('',#1906,10.);
#541=VECTOR('',#1907,10.);
#542=VECTOR('',#1910,10.);
#543=VECTOR('',#1915,10.);
#544=VECTOR('',#1918,10.);
#545=VECTOR('',#1921,10.);
#546=VECTOR('',#1924,10.);
#547=VECTOR('',#1925,10.);
#548=VECTOR('',#1928,10.);
#549=VECTOR('',#1929,10.);
#550=VECTOR('',#1932,10.);
#551=VECTOR('',#1933,10.);
#552=VECTOR('',#1936,10.);
#553=VECTOR('',#1939,10.);
#554=VECTOR('',#1946,2.45);
#555=VECTOR('',#1951,3.45);
#556=VECTOR('',#1958,10.);
#557=VECTOR('',#1961,10.);
#558=VECTOR('',#1962,10.);
#559=VECTOR('',#1965,10.);
#560=VECTOR('',#1968,10.);
#561=VECTOR('',#1971,10.);
#562=VECTOR('',#1974,10.);
#563=VECTOR('',#1975,10.);
#564=VECTOR('',#1978,10.);
#565=VECTOR('',#1979,10.);
#566=VECTOR('',#1982,10.);
#567=VECTOR('',#1985,10.);
#568=VECTOR('',#1988,10.);
#569=VECTOR('',#1991,10.);
#570=VECTOR('',#1994,10.);
#571=VECTOR('',#1997,10.);
#572=VECTOR('',#2000,10.);
#573=VECTOR('',#2001,10.);
#574=VECTOR('',#2004,10.);
#575=VECTOR('',#2005,10.);
#576=VECTOR('',#2006,10.);
#577=VECTOR('',#2009,10.);
#578=VECTOR('',#2010,10.);
#579=VECTOR('',#2013,10.);
#580=VECTOR('',#2016,10.);
#581=VECTOR('',#2027,10.);
#582=VECTOR('',#2028,10.);
#583=VECTOR('',#2031,10.);
#584=VECTOR('',#2034,10.);
#585=VECTOR('',#2037,10.);
#586=VECTOR('',#2040,10.);
#587=VECTOR('',#2043,10.);
#588=VECTOR('',#2046,10.);
#589=VECTOR('',#2049,10.);
#590=VECTOR('',#2052,10.);
#591=VECTOR('',#2055,10.);
#592=VECTOR('',#2058,10.);
#593=VECTOR('',#2061,10.);
#594=VECTOR('',#2064,10.);
#595=VECTOR('',#2067,10.);
#596=VECTOR('',#2068,10.);
#597=VECTOR('',#2069,10.);
#598=VECTOR('',#2072,10.);
#599=VECTOR('',#2077,10.);
#600=VECTOR('',#2078,10.);
#601=VECTOR('',#2081,10.);
#602=VECTOR('',#2086,10.);
#603=VECTOR('',#2087,10.);
#604=VECTOR('',#2090,10.);
#605=VECTOR('',#2095,10.);
#606=VECTOR('',#2096,10.);
#607=VECTOR('',#2099,10.);
#608=VECTOR('',#2104,10.);
#609=VECTOR('',#2105,10.);
#610=VECTOR('',#2110,2.75);
#611=VECTOR('',#2121,2.75);
#612=VECTOR('',#2132,2.75);
#613=VECTOR('',#2143,2.75);
#614=VECTOR('',#2152,10.);
#615=VECTOR('',#2153,10.);
#616=VECTOR('',#2154,10.);
#617=VECTOR('',#2157,10.);
#618=VECTOR('',#2158,10.);
#619=VECTOR('',#2167,10.);
#620=VECTOR('',#2170,10.);
#621=VECTOR('',#2173,10.);
#622=VECTOR('',#2176,10.);
#623=VECTOR('',#2181,10.);
#624=VECTOR('',#2184,10.);
#625=VECTOR('',#2187,10.);
#626=VECTOR('',#2190,10.);
#627=VECTOR('',#2193,10.);
#628=VECTOR('',#2198,1.6);
#629=VECTOR('',#2201,1.6);
#630=VECTOR('',#2204,1.59999999999999);
#631=VECTOR('',#2207,1.6);
#632=VECTOR('',#2210,10.);
#633=VECTOR('',#2215,10.);
#634=VECTOR('',#2216,10.);
#635=VECTOR('',#2219,10.);
#636=VECTOR('',#2220,10.);
#637=VECTOR('',#2223,10.);
#638=VECTOR('',#2228,10.);
#639=VECTOR('',#2229,10.);
#640=VECTOR('',#2232,10.);
#641=VECTOR('',#2233,10.);
#642=VECTOR('',#2236,10.);
#643=VECTOR('',#2237,10.);
#644=VECTOR('',#2240,10.);
#645=VECTOR('',#2245,10.);
#646=VERTEX_POINT('',#2250);
#647=VERTEX_POINT('',#2251);
#648=VERTEX_POINT('',#2253);
#649=VERTEX_POINT('',#2255);
#650=VERTEX_POINT('',#2259);
#651=VERTEX_POINT('',#2261);
#652=VERTEX_POINT('',#2265);
#653=VERTEX_POINT('',#2267);
#654=VERTEX_POINT('',#2271);
#655=VERTEX_POINT('',#2273);
#656=VERTEX_POINT('',#2277);
#657=VERTEX_POINT('',#2279);
#658=VERTEX_POINT('',#2283);
#659=VERTEX_POINT('',#2285);
#660=VERTEX_POINT('',#2289);
#661=VERTEX_POINT('',#2291);
#662=VERTEX_POINT('',#2295);
#663=VERTEX_POINT('',#2297);
#664=VERTEX_POINT('',#2301);
#665=VERTEX_POINT('',#2303);
#666=VERTEX_POINT('',#2307);
#667=VERTEX_POINT('',#2308);
#668=VERTEX_POINT('',#2310);
#669=VERTEX_POINT('',#2312);
#670=VERTEX_POINT('',#2316);
#671=VERTEX_POINT('',#2318);
#672=VERTEX_POINT('',#2322);
#673=VERTEX_POINT('',#2324);
#674=VERTEX_POINT('',#2328);
#675=VERTEX_POINT('',#2330);
#676=VERTEX_POINT('',#2334);
#677=VERTEX_POINT('',#2336);
#678=VERTEX_POINT('',#2340);
#679=VERTEX_POINT('',#2342);
#680=VERTEX_POINT('',#2346);
#681=VERTEX_POINT('',#2348);
#682=VERTEX_POINT('',#2355);
#683=VERTEX_POINT('',#2357);
#684=VERTEX_POINT('',#2359);
#685=VERTEX_POINT('',#2361);
#686=VERTEX_POINT('',#2365);
#687=VERTEX_POINT('',#2367);
#688=VERTEX_POINT('',#2370);
#689=VERTEX_POINT('',#2372);
#690=VERTEX_POINT('',#2375);
#691=VERTEX_POINT('',#2379);
#692=VERTEX_POINT('',#2383);
#693=VERTEX_POINT('',#2384);
#694=VERTEX_POINT('',#2386);
#695=VERTEX_POINT('',#2388);
#696=VERTEX_POINT('',#2390);
#697=VERTEX_POINT('',#2392);
#698=VERTEX_POINT('',#2394);
#699=VERTEX_POINT('',#2397);
#700=VERTEX_POINT('',#2399);
#701=VERTEX_POINT('',#2401);
#702=VERTEX_POINT('',#2403);
#703=VERTEX_POINT('',#2405);
#704=VERTEX_POINT('',#2407);
#705=VERTEX_POINT('',#2409);
#706=VERTEX_POINT('',#2411);
#707=VERTEX_POINT('',#2414);
#708=VERTEX_POINT('',#2416);
#709=VERTEX_POINT('',#2418);
#710=VERTEX_POINT('',#2420);
#711=VERTEX_POINT('',#2422);
#712=VERTEX_POINT('',#2424);
#713=VERTEX_POINT('',#2426);
#714=VERTEX_POINT('',#2428);
#715=VERTEX_POINT('',#2430);
#716=VERTEX_POINT('',#2432);
#717=VERTEX_POINT('',#2435);
#718=VERTEX_POINT('',#2438);
#719=VERTEX_POINT('',#2445);
#720=VERTEX_POINT('',#2447);
#721=VERTEX_POINT('',#2449);
#722=VERTEX_POINT('',#2451);
#723=VERTEX_POINT('',#2453);
#724=VERTEX_POINT('',#2455);
#725=VERTEX_POINT('',#2457);
#726=VERTEX_POINT('',#2459);
#727=VERTEX_POINT('',#2461);
#728=VERTEX_POINT('',#2463);
#729=VERTEX_POINT('',#2465);
#730=VERTEX_POINT('',#2467);
#731=VERTEX_POINT('',#2469);
#732=VERTEX_POINT('',#2471);
#733=VERTEX_POINT('',#2473);
#734=VERTEX_POINT('',#2475);
#735=VERTEX_POINT('',#2477);
#736=VERTEX_POINT('',#2479);
#737=VERTEX_POINT('',#2481);
#738=VERTEX_POINT('',#2483);
#739=VERTEX_POINT('',#2485);
#740=VERTEX_POINT('',#2487);
#741=VERTEX_POINT('',#2489);
#742=VERTEX_POINT('',#2492);
#743=VERTEX_POINT('',#2494);
#744=VERTEX_POINT('',#2496);
#745=VERTEX_POINT('',#2498);
#746=VERTEX_POINT('',#2500);
#747=VERTEX_POINT('',#2502);
#748=VERTEX_POINT('',#2504);
#749=VERTEX_POINT('',#2506);
#750=VERTEX_POINT('',#2508);
#751=VERTEX_POINT('',#2510);
#752=VERTEX_POINT('',#2512);
#753=VERTEX_POINT('',#2514);
#754=VERTEX_POINT('',#2516);
#755=VERTEX_POINT('',#2518);
#756=VERTEX_POINT('',#2520);
#757=VERTEX_POINT('',#2522);
#758=VERTEX_POINT('',#2524);
#759=VERTEX_POINT('',#2526);
#760=VERTEX_POINT('',#2529);
#761=VERTEX_POINT('',#2531);
#762=VERTEX_POINT('',#2533);
#763=VERTEX_POINT('',#2535);
#764=VERTEX_POINT('',#2565);
#765=VERTEX_POINT('',#2567);
#766=VERTEX_POINT('',#2571);
#767=VERTEX_POINT('',#2575);
#768=VERTEX_POINT('',#2579);
#769=VERTEX_POINT('',#2583);
#770=VERTEX_POINT('',#2587);
#771=VERTEX_POINT('',#2591);
#772=VERTEX_POINT('',#2595);
#773=VERTEX_POINT('',#2599);
#774=VERTEX_POINT('',#2603);
#775=VERTEX_POINT('',#2605);
#776=VERTEX_POINT('',#2609);
#777=VERTEX_POINT('',#2612);
#778=VERTEX_POINT('',#2614);
#779=VERTEX_POINT('',#2618);
#780=VERTEX_POINT('',#2621);
#781=VERTEX_POINT('',#2623);
#782=VERTEX_POINT('',#2627);
#783=VERTEX_POINT('',#2630);
#784=VERTEX_POINT('',#2632);
#785=VERTEX_POINT('',#2636);
#786=VERTEX_POINT('',#2639);
#787=VERTEX_POINT('',#2640);
#788=VERTEX_POINT('',#2645);
#789=VERTEX_POINT('',#2680);
#790=VERTEX_POINT('',#2684);
#791=VERTEX_POINT('',#2688);
#792=VERTEX_POINT('',#2692);
#793=VERTEX_POINT('',#2696);
#794=VERTEX_POINT('',#2700);
#795=VERTEX_POINT('',#2704);
#796=VERTEX_POINT('',#2708);
#797=EDGE_CURVE('',#646,#647,#314,.T.);
#798=EDGE_CURVE('',#648,#646,#315,.T.);
#799=EDGE_CURVE('',#649,#648,#316,.T.);
#800=EDGE_CURVE('',#649,#647,#317,.T.);
#801=EDGE_CURVE('',#647,#650,#318,.T.);
#802=EDGE_CURVE('',#651,#649,#319,.T.);
#803=EDGE_CURVE('',#651,#650,#320,.T.);
#804=EDGE_CURVE('',#650,#652,#321,.T.);
#805=EDGE_CURVE('',#653,#651,#322,.T.);
#806=EDGE_CURVE('',#653,#652,#323,.T.);
#807=EDGE_CURVE('',#652,#654,#324,.T.);
#808=EDGE_CURVE('',#655,#653,#325,.T.);
#809=EDGE_CURVE('',#655,#654,#326,.T.);
#810=EDGE_CURVE('',#654,#656,#327,.T.);
#811=EDGE_CURVE('',#657,#655,#328,.T.);
#812=EDGE_CURVE('',#657,#656,#329,.T.);
#813=EDGE_CURVE('',#656,#658,#330,.T.);
#814=EDGE_CURVE('',#659,#657,#331,.T.);
#815=EDGE_CURVE('',#659,#658,#332,.T.);
#816=EDGE_CURVE('',#658,#660,#333,.T.);
#817=EDGE_CURVE('',#661,#659,#334,.T.);
#818=EDGE_CURVE('',#661,#660,#335,.T.);
#819=EDGE_CURVE('',#660,#662,#336,.T.);
#820=EDGE_CURVE('',#663,#661,#337,.T.);
#821=EDGE_CURVE('',#663,#662,#338,.T.);
#822=EDGE_CURVE('',#662,#664,#339,.T.);
#823=EDGE_CURVE('',#665,#663,#340,.T.);
#824=EDGE_CURVE('',#664,#665,#341,.T.);
#825=EDGE_CURVE('',#666,#667,#342,.T.);
#826=EDGE_CURVE('',#668,#666,#343,.T.);
#827=EDGE_CURVE('',#669,#668,#344,.T.);
#828=EDGE_CURVE('',#669,#667,#345,.T.);
#829=EDGE_CURVE('',#667,#670,#346,.T.);
#830=EDGE_CURVE('',#671,#669,#347,.T.);
#831=EDGE_CURVE('',#671,#670,#348,.T.);
#832=EDGE_CURVE('',#670,#672,#349,.T.);
#833=EDGE_CURVE('',#673,#671,#350,.T.);
#834=EDGE_CURVE('',#673,#672,#351,.T.);
#835=EDGE_CURVE('',#672,#674,#352,.T.);
#836=EDGE_CURVE('',#675,#673,#353,.T.);
#837=EDGE_CURVE('',#675,#674,#354,.T.);
#838=EDGE_CURVE('',#674,#676,#355,.T.);
#839=EDGE_CURVE('',#677,#675,#356,.T.);
#840=EDGE_CURVE('',#677,#676,#357,.T.);
#841=EDGE_CURVE('',#676,#678,#358,.T.);
#842=EDGE_CURVE('',#679,#677,#359,.T.);
#843=EDGE_CURVE('',#679,#678,#360,.T.);
#844=EDGE_CURVE('',#678,#680,#361,.T.);
#845=EDGE_CURVE('',#681,#679,#362,.T.);
#846=EDGE_CURVE('',#681,#680,#363,.T.);
#847=EDGE_CURVE('',#680,#646,#364,.T.);
#848=EDGE_CURVE('',#648,#681,#365,.T.);
#849=EDGE_CURVE('',#682,#664,#366,.T.);
#850=EDGE_CURVE('',#683,#682,#367,.T.);
#851=EDGE_CURVE('',#683,#684,#368,.T.);
#852=EDGE_CURVE('',#684,#685,#369,.T.);
#853=EDGE_CURVE('',#666,#685,#370,.T.);
#854=EDGE_CURVE('',#686,#686,#63,.T.);
#855=EDGE_CURVE('',#687,#687,#64,.T.);
#856=EDGE_CURVE('',#688,#688,#65,.T.);
#857=EDGE_CURVE('',#689,#689,#66,.T.);
#858=EDGE_CURVE('',#689,#690,#371,.T.);
#859=EDGE_CURVE('',#690,#690,#67,.T.);
#860=EDGE_CURVE('',#688,#691,#372,.T.);
#861=EDGE_CURVE('',#691,#691,#68,.T.);
#862=EDGE_CURVE('',#692,#693,#373,.T.);
#863=EDGE_CURVE('',#694,#692,#69,.T.);
#864=EDGE_CURVE('',#695,#694,#374,.T.);
#865=EDGE_CURVE('',#696,#695,#375,.T.);
#866=EDGE_CURVE('',#697,#696,#70,.T.);
#867=EDGE_CURVE('',#698,#697,#376,.T.);
#868=EDGE_CURVE('',#684,#698,#71,.T.);
#869=EDGE_CURVE('',#699,#683,#72,.T.);
#870=EDGE_CURVE('',#700,#699,#377,.T.);
#871=EDGE_CURVE('',#701,#700,#73,.T.);
#872=EDGE_CURVE('',#702,#701,#378,.T.);
#873=EDGE_CURVE('',#703,#702,#74,.T.);
#874=EDGE_CURVE('',#704,#703,#379,.T.);
#875=EDGE_CURVE('',#704,#705,#75,.T.);
#876=EDGE_CURVE('',#705,#706,#380,.T.);
#877=EDGE_CURVE('',#706,#704,#381,.T.);
#878=EDGE_CURVE('',#707,#704,#76,.T.);
#879=EDGE_CURVE('',#708,#707,#382,.T.);
#880=EDGE_CURVE('',#709,#708,#383,.T.);
#881=EDGE_CURVE('',#710,#709,#77,.T.);
#882=EDGE_CURVE('',#711,#710,#384,.T.);
#883=EDGE_CURVE('',#712,#711,#385,.T.);
#884=EDGE_CURVE('',#713,#712,#78,.T.);
#885=EDGE_CURVE('',#714,#713,#386,.T.);
#886=EDGE_CURVE('',#715,#714,#79,.T.);
#887=EDGE_CURVE('',#716,#715,#387,.T.);
#888=EDGE_CURVE('',#693,#716,#80,.T.);
#889=EDGE_CURVE('',#717,#717,#81,.T.);
#890=EDGE_CURVE('',#687,#718,#388,.T.);
#891=EDGE_CURVE('',#718,#718,#82,.T.);
#892=EDGE_CURVE('',#686,#717,#389,.T.);
#893=EDGE_CURVE('',#685,#719,#83,.T.);
#894=EDGE_CURVE('',#719,#720,#390,.T.);
#895=EDGE_CURVE('',#720,#721,#84,.T.);
#896=EDGE_CURVE('',#721,#722,#391,.T.);
#897=EDGE_CURVE('',#722,#723,#392,.T.);
#898=EDGE_CURVE('',#723,#724,#85,.T.);
#899=EDGE_CURVE('',#724,#725,#393,.T.);
#900=EDGE_CURVE('',#725,#726,#86,.T.);
#901=EDGE_CURVE('',#726,#727,#394,.T.);
#902=EDGE_CURVE('',#727,#728,#87,.T.);
#903=EDGE_CURVE('',#728,#729,#395,.T.);
#904=EDGE_CURVE('',#729,#730,#88,.T.);
#905=EDGE_CURVE('',#730,#731,#396,.T.);
#906=EDGE_CURVE('',#731,#732,#397,.T.);
#907=EDGE_CURVE('',#732,#733,#89,.T.);
#908=EDGE_CURVE('',#733,#734,#398,.T.);
#909=EDGE_CURVE('',#734,#735,#399,.T.);
#910=EDGE_CURVE('',#735,#736,#90,.T.);
#911=EDGE_CURVE('',#736,#737,#400,.T.);
#912=EDGE_CURVE('',#737,#738,#91,.T.);
#913=EDGE_CURVE('',#738,#739,#401,.T.);
#914=EDGE_CURVE('',#739,#740,#92,.T.);
#915=EDGE_CURVE('',#740,#741,#402,.T.);
#916=EDGE_CURVE('',#741,#682,#93,.T.);
#917=EDGE_CURVE('',#665,#742,#403,.T.);
#918=EDGE_CURVE('',#742,#743,#94,.T.);
#919=EDGE_CURVE('',#743,#744,#404,.T.);
#920=EDGE_CURVE('',#744,#745,#95,.T.);
#921=EDGE_CURVE('',#745,#746,#405,.T.);
#922=EDGE_CURVE('',#746,#747,#96,.T.);
#923=EDGE_CURVE('',#747,#748,#406,.T.);
#924=EDGE_CURVE('',#748,#749,#407,.T.);
#925=EDGE_CURVE('',#749,#750,#97,.T.);
#926=EDGE_CURVE('',#750,#751,#408,.T.);
#927=EDGE_CURVE('',#751,#752,#409,.T.);
#928=EDGE_CURVE('',#752,#753,#410,.T.);
#929=EDGE_CURVE('',#753,#754,#98,.T.);
#930=EDGE_CURVE('',#754,#755,#411,.T.);
#931=EDGE_CURVE('',#755,#756,#412,.T.);
#932=EDGE_CURVE('',#756,#757,#99,.T.);
#933=EDGE_CURVE('',#757,#758,#413,.T.);
#934=EDGE_CURVE('',#758,#759,#100,.T.);
#935=EDGE_CURVE('',#759,#668,#414,.T.);
#936=EDGE_CURVE('',#760,#760,#101,.T.);
#937=EDGE_CURVE('',#761,#761,#102,.T.);
#938=EDGE_CURVE('',#762,#762,#103,.T.);
#939=EDGE_CURVE('',#763,#763,#104,.T.);
#940=EDGE_CURVE('',#704,#736,#415,.T.);
#941=EDGE_CURVE('',#703,#737,#416,.T.);
#942=EDGE_CURVE('',#707,#735,#417,.T.);
#943=EDGE_CURVE('',#708,#734,#418,.T.);
#944=EDGE_CURVE('',#709,#733,#419,.T.);
#945=EDGE_CURVE('',#710,#732,#420,.T.);
#946=EDGE_CURVE('',#711,#731,#421,.T.);
#947=EDGE_CURVE('',#712,#730,#422,.T.);
#948=EDGE_CURVE('',#713,#729,#423,.T.);
#949=EDGE_CURVE('',#714,#728,#424,.T.);
#950=EDGE_CURVE('',#715,#727,#425,.T.);
#951=EDGE_CURVE('',#716,#726,#426,.T.);
#952=EDGE_CURVE('',#693,#725,#427,.T.);
#953=EDGE_CURVE('',#692,#724,#428,.T.);
#954=EDGE_CURVE('',#764,#747,#429,.T.);
#955=EDGE_CURVE('',#764,#765,#430,.T.);
#956=EDGE_CURVE('',#765,#748,#431,.T.);
#957=EDGE_CURVE('',#766,#746,#432,.T.);
#958=EDGE_CURVE('',#766,#764,#105,.T.);
#959=EDGE_CURVE('',#767,#745,#433,.T.);
#960=EDGE_CURVE('',#767,#766,#434,.T.);
#961=EDGE_CURVE('',#768,#744,#435,.T.);
#962=EDGE_CURVE('',#768,#767,#106,.T.);
#963=EDGE_CURVE('',#769,#743,#436,.T.);
#964=EDGE_CURVE('',#769,#768,#437,.T.);
#965=EDGE_CURVE('',#770,#742,#438,.T.);
#966=EDGE_CURVE('',#770,#769,#107,.T.);
#967=EDGE_CURVE('',#771,#759,#439,.T.);
#968=EDGE_CURVE('',#771,#770,#440,.T.);
#969=EDGE_CURVE('',#772,#758,#441,.T.);
#970=EDGE_CURVE('',#772,#771,#108,.T.);
#971=EDGE_CURVE('',#773,#757,#442,.T.);
#972=EDGE_CURVE('',#773,#772,#443,.T.);
#973=EDGE_CURVE('',#774,#774,#109,.T.);
#974=EDGE_CURVE('',#774,#775,#444,.T.);
#975=EDGE_CURVE('',#775,#775,#110,.T.);
#976=EDGE_CURVE('',#776,#776,#111,.T.);
#977=EDGE_CURVE('',#777,#777,#112,.T.);
#978=EDGE_CURVE('',#777,#778,#445,.T.);
#979=EDGE_CURVE('',#778,#778,#113,.T.);
#980=EDGE_CURVE('',#779,#779,#114,.T.);
#981=EDGE_CURVE('',#780,#780,#115,.T.);
#982=EDGE_CURVE('',#780,#781,#446,.T.);
#983=EDGE_CURVE('',#781,#781,#116,.T.);
#984=EDGE_CURVE('',#782,#782,#117,.T.);
#985=EDGE_CURVE('',#783,#783,#118,.T.);
#986=EDGE_CURVE('',#783,#784,#447,.T.);
#987=EDGE_CURVE('',#784,#784,#119,.T.);
#988=EDGE_CURVE('',#785,#785,#120,.T.);
#989=EDGE_CURVE('',#786,#787,#448,.T.);
#990=EDGE_CURVE('',#786,#704,#449,.T.);
#991=EDGE_CURVE('',#787,#706,#450,.T.);
#992=EDGE_CURVE('',#787,#788,#451,.T.);
#993=EDGE_CURVE('',#788,#705,#452,.T.);
#994=EDGE_CURVE('',#786,#788,#121,.T.);
#995=EDGE_CURVE('',#702,#738,#453,.T.);
#996=EDGE_CURVE('',#701,#739,#454,.T.);
#997=EDGE_CURVE('',#700,#740,#455,.T.);
#998=EDGE_CURVE('',#699,#741,#456,.T.);
#999=EDGE_CURVE('',#698,#719,#457,.T.);
#1000=EDGE_CURVE('',#697,#720,#458,.T.);
#1001=EDGE_CURVE('',#696,#721,#459,.T.);
#1002=EDGE_CURVE('',#695,#722,#460,.T.);
#1003=EDGE_CURVE('',#694,#723,#461,.T.);
#1004=EDGE_CURVE('',#763,#779,#462,.T.);
#1005=EDGE_CURVE('',#762,#782,#463,.T.);
#1006=EDGE_CURVE('',#761,#785,#464,.T.);
#1007=EDGE_CURVE('',#760,#776,#465,.T.);
#1008=EDGE_CURVE('',#789,#756,#466,.T.);
#1009=EDGE_CURVE('',#789,#773,#122,.T.);
#1010=EDGE_CURVE('',#790,#755,#467,.T.);
#1011=EDGE_CURVE('',#790,#789,#468,.T.);
#1012=EDGE_CURVE('',#791,#754,#469,.T.);
#1013=EDGE_CURVE('',#791,#790,#470,.T.);
#1014=EDGE_CURVE('',#792,#753,#471,.T.);
#1015=EDGE_CURVE('',#792,#791,#123,.T.);
#1016=EDGE_CURVE('',#793,#752,#472,.T.);
#1017=EDGE_CURVE('',#793,#792,#473,.T.);
#1018=EDGE_CURVE('',#794,#751,#474,.T.);
#1019=EDGE_CURVE('',#794,#793,#475,.T.);
#1020=EDGE_CURVE('',#795,#750,#476,.T.);
#1021=EDGE_CURVE('',#795,#794,#477,.T.);
#1022=EDGE_CURVE('',#796,#749,#478,.T.);
#1023=EDGE_CURVE('',#796,#795,#124,.T.);
#1024=EDGE_CURVE('',#765,#796,#479,.T.);
#1025=ORIENTED_EDGE('',*,*,#797,.F.);
#1026=ORIENTED_EDGE('',*,*,#798,.F.);
#1027=ORIENTED_EDGE('',*,*,#799,.F.);
#1028=ORIENTED_EDGE('',*,*,#800,.T.);
#1029=ORIENTED_EDGE('',*,*,#801,.F.);
#1030=ORIENTED_EDGE('',*,*,#800,.F.);
#1031=ORIENTED_EDGE('',*,*,#802,.F.);
#1032=ORIENTED_EDGE('',*,*,#803,.T.);
#1033=ORIENTED_EDGE('',*,*,#804,.F.);
#1034=ORIENTED_EDGE('',*,*,#803,.F.);
#1035=ORIENTED_EDGE('',*,*,#805,.F.);
#1036=ORIENTED_EDGE('',*,*,#806,.T.);
#1037=ORIENTED_EDGE('',*,*,#807,.F.);
#1038=ORIENTED_EDGE('',*,*,#806,.F.);
#1039=ORIENTED_EDGE('',*,*,#808,.F.);
#1040=ORIENTED_EDGE('',*,*,#809,.T.);
#1041=ORIENTED_EDGE('',*,*,#810,.F.);
#1042=ORIENTED_EDGE('',*,*,#809,.F.);
#1043=ORIENTED_EDGE('',*,*,#811,.F.);
#1044=ORIENTED_EDGE('',*,*,#812,.T.);
#1045=ORIENTED_EDGE('',*,*,#813,.F.);
#1046=ORIENTED_EDGE('',*,*,#812,.F.);
#1047=ORIENTED_EDGE('',*,*,#814,.F.);
#1048=ORIENTED_EDGE('',*,*,#815,.T.);
#1049=ORIENTED_EDGE('',*,*,#816,.F.);
#1050=ORIENTED_EDGE('',*,*,#815,.F.);
#1051=ORIENTED_EDGE('',*,*,#817,.F.);
#1052=ORIENTED_EDGE('',*,*,#818,.T.);
#1053=ORIENTED_EDGE('',*,*,#819,.F.);
#1054=ORIENTED_EDGE('',*,*,#818,.F.);
#1055=ORIENTED_EDGE('',*,*,#820,.F.);
#1056=ORIENTED_EDGE('',*,*,#821,.T.);
#1057=ORIENTED_EDGE('',*,*,#822,.F.);
#1058=ORIENTED_EDGE('',*,*,#821,.F.);
#1059=ORIENTED_EDGE('',*,*,#823,.F.);
#1060=ORIENTED_EDGE('',*,*,#824,.F.);
#1061=ORIENTED_EDGE('',*,*,#825,.F.);
#1062=ORIENTED_EDGE('',*,*,#826,.F.);
#1063=ORIENTED_EDGE('',*,*,#827,.F.);
#1064=ORIENTED_EDGE('',*,*,#828,.T.);
#1065=ORIENTED_EDGE('',*,*,#829,.F.);
#1066=ORIENTED_EDGE('',*,*,#828,.F.);
#1067=ORIENTED_EDGE('',*,*,#830,.F.);
#1068=ORIENTED_EDGE('',*,*,#831,.T.);
#1069=ORIENTED_EDGE('',*,*,#832,.F.);
#1070=ORIENTED_EDGE('',*,*,#831,.F.);
#1071=ORIENTED_EDGE('',*,*,#833,.F.);
#1072=ORIENTED_EDGE('',*,*,#834,.T.);
#1073=ORIENTED_EDGE('',*,*,#835,.F.);
#1074=ORIENTED_EDGE('',*,*,#834,.F.);
#1075=ORIENTED_EDGE('',*,*,#836,.F.);
#1076=ORIENTED_EDGE('',*,*,#837,.T.);
#1077=ORIENTED_EDGE('',*,*,#838,.F.);
#1078=ORIENTED_EDGE('',*,*,#837,.F.);
#1079=ORIENTED_EDGE('',*,*,#839,.F.);
#1080=ORIENTED_EDGE('',*,*,#840,.T.);
#1081=ORIENTED_EDGE('',*,*,#841,.F.);
#1082=ORIENTED_EDGE('',*,*,#840,.F.);
#1083=ORIENTED_EDGE('',*,*,#842,.F.);
#1084=ORIENTED_EDGE('',*,*,#843,.T.);
#1085=ORIENTED_EDGE('',*,*,#844,.F.);
#1086=ORIENTED_EDGE('',*,*,#843,.F.);
#1087=ORIENTED_EDGE('',*,*,#845,.F.);
#1088=ORIENTED_EDGE('',*,*,#846,.T.);
#1089=ORIENTED_EDGE('',*,*,#847,.F.);
#1090=ORIENTED_EDGE('',*,*,#846,.F.);
#1091=ORIENTED_EDGE('',*,*,#848,.F.);
#1092=ORIENTED_EDGE('',*,*,#798,.T.);
#1093=ORIENTED_EDGE('',*,*,#825,.T.);
#1094=ORIENTED_EDGE('',*,*,#829,.T.);
#1095=ORIENTED_EDGE('',*,*,#832,.T.);
#1096=ORIENTED_EDGE('',*,*,#835,.T.);
#1097=ORIENTED_EDGE('',*,*,#838,.T.);
#1098=ORIENTED_EDGE('',*,*,#841,.T.);
#1099=ORIENTED_EDGE('',*,*,#844,.T.);
#1100=ORIENTED_EDGE('',*,*,#847,.T.);
#1101=ORIENTED_EDGE('',*,*,#797,.T.);
#1102=ORIENTED_EDGE('',*,*,#801,.T.);
#1103=ORIENTED_EDGE('',*,*,#804,.T.);
#1104=ORIENTED_EDGE('',*,*,#807,.T.);
#1105=ORIENTED_EDGE('',*,*,#810,.T.);
#1106=ORIENTED_EDGE('',*,*,#813,.T.);
#1107=ORIENTED_EDGE('',*,*,#816,.T.);
#1108=ORIENTED_EDGE('',*,*,#819,.T.);
#1109=ORIENTED_EDGE('',*,*,#822,.T.);
#1110=ORIENTED_EDGE('',*,*,#849,.F.);
#1111=ORIENTED_EDGE('',*,*,#850,.F.);
#1112=ORIENTED_EDGE('',*,*,#851,.T.);
#1113=ORIENTED_EDGE('',*,*,#852,.T.);
#1114=ORIENTED_EDGE('',*,*,#853,.F.);
#1115=ORIENTED_EDGE('',*,*,#854,.F.);
#1116=ORIENTED_EDGE('',*,*,#855,.F.);
#1117=ORIENTED_EDGE('',*,*,#856,.F.);
#1118=ORIENTED_EDGE('',*,*,#857,.F.);
#1119=ORIENTED_EDGE('',*,*,#857,.T.);
#1120=ORIENTED_EDGE('',*,*,#858,.T.);
#1121=ORIENTED_EDGE('',*,*,#859,.F.);
#1122=ORIENTED_EDGE('',*,*,#858,.F.);
#1123=ORIENTED_EDGE('',*,*,#856,.T.);
#1124=ORIENTED_EDGE('',*,*,#860,.T.);
#1125=ORIENTED_EDGE('',*,*,#861,.F.);
#1126=ORIENTED_EDGE('',*,*,#860,.F.);
#1127=ORIENTED_EDGE('',*,*,#862,.F.);
#1128=ORIENTED_EDGE('',*,*,#863,.F.);
#1129=ORIENTED_EDGE('',*,*,#864,.F.);
#1130=ORIENTED_EDGE('',*,*,#865,.F.);
#1131=ORIENTED_EDGE('',*,*,#866,.F.);
#1132=ORIENTED_EDGE('',*,*,#867,.F.);
#1133=ORIENTED_EDGE('',*,*,#868,.F.);
#1134=ORIENTED_EDGE('',*,*,#851,.F.);
#1135=ORIENTED_EDGE('',*,*,#869,.F.);
#1136=ORIENTED_EDGE('',*,*,#870,.F.);
#1137=ORIENTED_EDGE('',*,*,#871,.F.);
#1138=ORIENTED_EDGE('',*,*,#872,.F.);
#1139=ORIENTED_EDGE('',*,*,#873,.F.);
#1140=ORIENTED_EDGE('',*,*,#874,.F.);
#1141=ORIENTED_EDGE('',*,*,#875,.T.);
#1142=ORIENTED_EDGE('',*,*,#876,.T.);
#1143=ORIENTED_EDGE('',*,*,#877,.T.);
#1144=ORIENTED_EDGE('',*,*,#878,.F.);
#1145=ORIENTED_EDGE('',*,*,#879,.F.);
#1146=ORIENTED_EDGE('',*,*,#880,.F.);
#1147=ORIENTED_EDGE('',*,*,#881,.F.);
#1148=ORIENTED_EDGE('',*,*,#882,.F.);
#1149=ORIENTED_EDGE('',*,*,#883,.F.);
#1150=ORIENTED_EDGE('',*,*,#884,.F.);
#1151=ORIENTED_EDGE('',*,*,#885,.F.);
#1152=ORIENTED_EDGE('',*,*,#886,.F.);
#1153=ORIENTED_EDGE('',*,*,#887,.F.);
#1154=ORIENTED_EDGE('',*,*,#888,.F.);
#1155=ORIENTED_EDGE('',*,*,#889,.T.);
#1156=ORIENTED_EDGE('',*,*,#861,.T.);
#1157=ORIENTED_EDGE('',*,*,#855,.T.);
#1158=ORIENTED_EDGE('',*,*,#890,.T.);
#1159=ORIENTED_EDGE('',*,*,#891,.F.);
#1160=ORIENTED_EDGE('',*,*,#890,.F.);
#1161=ORIENTED_EDGE('',*,*,#854,.T.);
#1162=ORIENTED_EDGE('',*,*,#892,.T.);
#1163=ORIENTED_EDGE('',*,*,#889,.F.);
#1164=ORIENTED_EDGE('',*,*,#892,.F.);
#1165=ORIENTED_EDGE('',*,*,#859,.T.);
#1166=ORIENTED_EDGE('',*,*,#826,.T.);
#1167=ORIENTED_EDGE('',*,*,#853,.T.);
#1168=ORIENTED_EDGE('',*,*,#893,.T.);
#1169=ORIENTED_EDGE('',*,*,#894,.T.);
#1170=ORIENTED_EDGE('',*,*,#895,.T.);
#1171=ORIENTED_EDGE('',*,*,#896,.T.);
#1172=ORIENTED_EDGE('',*,*,#897,.T.);
#1173=ORIENTED_EDGE('',*,*,#898,.T.);
#1174=ORIENTED_EDGE('',*,*,#899,.T.);
#1175=ORIENTED_EDGE('',*,*,#900,.T.);
#1176=ORIENTED_EDGE('',*,*,#901,.T.);
#1177=ORIENTED_EDGE('',*,*,#902,.T.);
#1178=ORIENTED_EDGE('',*,*,#903,.T.);
#1179=ORIENTED_EDGE('',*,*,#904,.T.);
#1180=ORIENTED_EDGE('',*,*,#905,.T.);
#1181=ORIENTED_EDGE('',*,*,#906,.T.);
#1182=ORIENTED_EDGE('',*,*,#907,.T.);
#1183=ORIENTED_EDGE('',*,*,#908,.T.);
#1184=ORIENTED_EDGE('',*,*,#909,.T.);
#1185=ORIENTED_EDGE('',*,*,#910,.T.);
#1186=ORIENTED_EDGE('',*,*,#911,.T.);
#1187=ORIENTED_EDGE('',*,*,#912,.T.);
#1188=ORIENTED_EDGE('',*,*,#913,.T.);
#1189=ORIENTED_EDGE('',*,*,#914,.T.);
#1190=ORIENTED_EDGE('',*,*,#915,.T.);
#1191=ORIENTED_EDGE('',*,*,#916,.T.);
#1192=ORIENTED_EDGE('',*,*,#849,.T.);
#1193=ORIENTED_EDGE('',*,*,#824,.T.);
#1194=ORIENTED_EDGE('',*,*,#917,.T.);
#1195=ORIENTED_EDGE('',*,*,#918,.T.);
#1196=ORIENTED_EDGE('',*,*,#919,.T.);
#1197=ORIENTED_EDGE('',*,*,#920,.T.);
#1198=ORIENTED_EDGE('',*,*,#921,.T.);
#1199=ORIENTED_EDGE('',*,*,#922,.T.);
#1200=ORIENTED_EDGE('',*,*,#923,.T.);
#1201=ORIENTED_EDGE('',*,*,#924,.T.);
#1202=ORIENTED_EDGE('',*,*,#925,.T.);
#1203=ORIENTED_EDGE('',*,*,#926,.T.);
#1204=ORIENTED_EDGE('',*,*,#927,.T.);
#1205=ORIENTED_EDGE('',*,*,#928,.T.);
#1206=ORIENTED_EDGE('',*,*,#929,.T.);
#1207=ORIENTED_EDGE('',*,*,#930,.T.);
#1208=ORIENTED_EDGE('',*,*,#931,.T.);
#1209=ORIENTED_EDGE('',*,*,#932,.T.);
#1210=ORIENTED_EDGE('',*,*,#933,.T.);
#1211=ORIENTED_EDGE('',*,*,#934,.T.);
#1212=ORIENTED_EDGE('',*,*,#935,.T.);
#1213=ORIENTED_EDGE('',*,*,#936,.T.);
#1214=ORIENTED_EDGE('',*,*,#937,.T.);
#1215=ORIENTED_EDGE('',*,*,#938,.T.);
#1216=ORIENTED_EDGE('',*,*,#939,.T.);
#1217=ORIENTED_EDGE('',*,*,#940,.F.);
#1218=ORIENTED_EDGE('',*,*,#874,.T.);
#1219=ORIENTED_EDGE('',*,*,#941,.T.);
#1220=ORIENTED_EDGE('',*,*,#911,.F.);
#1221=ORIENTED_EDGE('',*,*,#942,.F.);
#1222=ORIENTED_EDGE('',*,*,#878,.T.);
#1223=ORIENTED_EDGE('',*,*,#940,.T.);
#1224=ORIENTED_EDGE('',*,*,#910,.F.);
#1225=ORIENTED_EDGE('',*,*,#943,.F.);
#1226=ORIENTED_EDGE('',*,*,#879,.T.);
#1227=ORIENTED_EDGE('',*,*,#942,.T.);
#1228=ORIENTED_EDGE('',*,*,#909,.F.);
#1229=ORIENTED_EDGE('',*,*,#944,.F.);
#1230=ORIENTED_EDGE('',*,*,#880,.T.);
#1231=ORIENTED_EDGE('',*,*,#943,.T.);
#1232=ORIENTED_EDGE('',*,*,#908,.F.);
#1233=ORIENTED_EDGE('',*,*,#945,.F.);
#1234=ORIENTED_EDGE('',*,*,#881,.T.);
#1235=ORIENTED_EDGE('',*,*,#944,.T.);
#1236=ORIENTED_EDGE('',*,*,#907,.F.);
#1237=ORIENTED_EDGE('',*,*,#946,.F.);
#1238=ORIENTED_EDGE('',*,*,#882,.T.);
#1239=ORIENTED_EDGE('',*,*,#945,.T.);
#1240=ORIENTED_EDGE('',*,*,#906,.F.);
#1241=ORIENTED_EDGE('',*,*,#947,.F.);
#1242=ORIENTED_EDGE('',*,*,#883,.T.);
#1243=ORIENTED_EDGE('',*,*,#946,.T.);
#1244=ORIENTED_EDGE('',*,*,#905,.F.);
#1245=ORIENTED_EDGE('',*,*,#948,.F.);
#1246=ORIENTED_EDGE('',*,*,#884,.T.);
#1247=ORIENTED_EDGE('',*,*,#947,.T.);
#1248=ORIENTED_EDGE('',*,*,#904,.F.);
#1249=ORIENTED_EDGE('',*,*,#949,.F.);
#1250=ORIENTED_EDGE('',*,*,#885,.T.);
#1251=ORIENTED_EDGE('',*,*,#948,.T.);
#1252=ORIENTED_EDGE('',*,*,#903,.F.);
#1253=ORIENTED_EDGE('',*,*,#950,.F.);
#1254=ORIENTED_EDGE('',*,*,#886,.T.);
#1255=ORIENTED_EDGE('',*,*,#949,.T.);
#1256=ORIENTED_EDGE('',*,*,#902,.F.);
#1257=ORIENTED_EDGE('',*,*,#951,.F.);
#1258=ORIENTED_EDGE('',*,*,#887,.T.);
#1259=ORIENTED_EDGE('',*,*,#950,.T.);
#1260=ORIENTED_EDGE('',*,*,#901,.F.);
#1261=ORIENTED_EDGE('',*,*,#952,.F.);
#1262=ORIENTED_EDGE('',*,*,#888,.T.);
#1263=ORIENTED_EDGE('',*,*,#951,.T.);
#1264=ORIENTED_EDGE('',*,*,#900,.F.);
#1265=ORIENTED_EDGE('',*,*,#953,.F.);
#1266=ORIENTED_EDGE('',*,*,#862,.T.);
#1267=ORIENTED_EDGE('',*,*,#952,.T.);
#1268=ORIENTED_EDGE('',*,*,#899,.F.);
#1269=ORIENTED_EDGE('',*,*,#954,.F.);
#1270=ORIENTED_EDGE('',*,*,#955,.T.);
#1271=ORIENTED_EDGE('',*,*,#956,.T.);
#1272=ORIENTED_EDGE('',*,*,#923,.F.);
#1273=ORIENTED_EDGE('',*,*,#957,.F.);
#1274=ORIENTED_EDGE('',*,*,#958,.T.);
#1275=ORIENTED_EDGE('',*,*,#954,.T.);
#1276=ORIENTED_EDGE('',*,*,#922,.F.);
#1277=ORIENTED_EDGE('',*,*,#959,.F.);
#1278=ORIENTED_EDGE('',*,*,#960,.T.);
#1279=ORIENTED_EDGE('',*,*,#957,.T.);
#1280=ORIENTED_EDGE('',*,*,#921,.F.);
#1281=ORIENTED_EDGE('',*,*,#961,.F.);
#1282=ORIENTED_EDGE('',*,*,#962,.T.);
#1283=ORIENTED_EDGE('',*,*,#959,.T.);
#1284=ORIENTED_EDGE('',*,*,#920,.F.);
#1285=ORIENTED_EDGE('',*,*,#963,.F.);
#1286=ORIENTED_EDGE('',*,*,#964,.T.);
#1287=ORIENTED_EDGE('',*,*,#961,.T.);
#1288=ORIENTED_EDGE('',*,*,#919,.F.);
#1289=ORIENTED_EDGE('',*,*,#965,.F.);
#1290=ORIENTED_EDGE('',*,*,#966,.T.);
#1291=ORIENTED_EDGE('',*,*,#963,.T.);
#1292=ORIENTED_EDGE('',*,*,#918,.F.);
#1293=ORIENTED_EDGE('',*,*,#827,.T.);
#1294=ORIENTED_EDGE('',*,*,#935,.F.);
#1295=ORIENTED_EDGE('',*,*,#967,.F.);
#1296=ORIENTED_EDGE('',*,*,#968,.T.);
#1297=ORIENTED_EDGE('',*,*,#965,.T.);
#1298=ORIENTED_EDGE('',*,*,#917,.F.);
#1299=ORIENTED_EDGE('',*,*,#823,.T.);
#1300=ORIENTED_EDGE('',*,*,#820,.T.);
#1301=ORIENTED_EDGE('',*,*,#817,.T.);
#1302=ORIENTED_EDGE('',*,*,#814,.T.);
#1303=ORIENTED_EDGE('',*,*,#811,.T.);
#1304=ORIENTED_EDGE('',*,*,#808,.T.);
#1305=ORIENTED_EDGE('',*,*,#805,.T.);
#1306=ORIENTED_EDGE('',*,*,#802,.T.);
#1307=ORIENTED_EDGE('',*,*,#799,.T.);
#1308=ORIENTED_EDGE('',*,*,#848,.T.);
#1309=ORIENTED_EDGE('',*,*,#845,.T.);
#1310=ORIENTED_EDGE('',*,*,#842,.T.);
#1311=ORIENTED_EDGE('',*,*,#839,.T.);
#1312=ORIENTED_EDGE('',*,*,#836,.T.);
#1313=ORIENTED_EDGE('',*,*,#833,.T.);
#1314=ORIENTED_EDGE('',*,*,#830,.T.);
#1315=ORIENTED_EDGE('',*,*,#969,.F.);
#1316=ORIENTED_EDGE('',*,*,#970,.T.);
#1317=ORIENTED_EDGE('',*,*,#967,.T.);
#1318=ORIENTED_EDGE('',*,*,#934,.F.);
#1319=ORIENTED_EDGE('',*,*,#971,.F.);
#1320=ORIENTED_EDGE('',*,*,#972,.T.);
#1321=ORIENTED_EDGE('',*,*,#969,.T.);
#1322=ORIENTED_EDGE('',*,*,#933,.F.);
#1323=ORIENTED_EDGE('',*,*,#973,.F.);
#1324=ORIENTED_EDGE('',*,*,#974,.T.);
#1325=ORIENTED_EDGE('',*,*,#975,.T.);
#1326=ORIENTED_EDGE('',*,*,#974,.F.);
#1327=ORIENTED_EDGE('',*,*,#975,.F.);
#1328=ORIENTED_EDGE('',*,*,#976,.F.);
#1329=ORIENTED_EDGE('',*,*,#977,.F.);
#1330=ORIENTED_EDGE('',*,*,#978,.T.);
#1331=ORIENTED_EDGE('',*,*,#979,.T.);
#1332=ORIENTED_EDGE('',*,*,#978,.F.);
#1333=ORIENTED_EDGE('',*,*,#979,.F.);
#1334=ORIENTED_EDGE('',*,*,#980,.F.);
#1335=ORIENTED_EDGE('',*,*,#981,.F.);
#1336=ORIENTED_EDGE('',*,*,#982,.T.);
#1337=ORIENTED_EDGE('',*,*,#983,.T.);
#1338=ORIENTED_EDGE('',*,*,#982,.F.);
#1339=ORIENTED_EDGE('',*,*,#983,.F.);
#1340=ORIENTED_EDGE('',*,*,#984,.F.);
#1341=ORIENTED_EDGE('',*,*,#985,.F.);
#1342=ORIENTED_EDGE('',*,*,#986,.T.);
#1343=ORIENTED_EDGE('',*,*,#987,.T.);
#1344=ORIENTED_EDGE('',*,*,#986,.F.);
#1345=ORIENTED_EDGE('',*,*,#987,.F.);
#1346=ORIENTED_EDGE('',*,*,#988,.F.);
#1347=ORIENTED_EDGE('',*,*,#989,.F.);
#1348=ORIENTED_EDGE('',*,*,#990,.T.);
#1349=ORIENTED_EDGE('',*,*,#877,.F.);
#1350=ORIENTED_EDGE('',*,*,#991,.F.);
#1351=ORIENTED_EDGE('',*,*,#992,.F.);
#1352=ORIENTED_EDGE('',*,*,#991,.T.);
#1353=ORIENTED_EDGE('',*,*,#876,.F.);
#1354=ORIENTED_EDGE('',*,*,#993,.F.);
#1355=ORIENTED_EDGE('',*,*,#994,.T.);
#1356=ORIENTED_EDGE('',*,*,#993,.T.);
#1357=ORIENTED_EDGE('',*,*,#875,.F.);
#1358=ORIENTED_EDGE('',*,*,#990,.F.);
#1359=ORIENTED_EDGE('',*,*,#891,.T.);
#1360=ORIENTED_EDGE('',*,*,#941,.F.);
#1361=ORIENTED_EDGE('',*,*,#873,.T.);
#1362=ORIENTED_EDGE('',*,*,#995,.T.);
#1363=ORIENTED_EDGE('',*,*,#912,.F.);
#1364=ORIENTED_EDGE('',*,*,#995,.F.);
#1365=ORIENTED_EDGE('',*,*,#872,.T.);
#1366=ORIENTED_EDGE('',*,*,#996,.T.);
#1367=ORIENTED_EDGE('',*,*,#913,.F.);
#1368=ORIENTED_EDGE('',*,*,#996,.F.);
#1369=ORIENTED_EDGE('',*,*,#871,.T.);
#1370=ORIENTED_EDGE('',*,*,#997,.T.);
#1371=ORIENTED_EDGE('',*,*,#914,.F.);
#1372=ORIENTED_EDGE('',*,*,#997,.F.);
#1373=ORIENTED_EDGE('',*,*,#870,.T.);
#1374=ORIENTED_EDGE('',*,*,#998,.T.);
#1375=ORIENTED_EDGE('',*,*,#915,.F.);
#1376=ORIENTED_EDGE('',*,*,#998,.F.);
#1377=ORIENTED_EDGE('',*,*,#869,.T.);
#1378=ORIENTED_EDGE('',*,*,#850,.T.);
#1379=ORIENTED_EDGE('',*,*,#916,.F.);
#1380=ORIENTED_EDGE('',*,*,#852,.F.);
#1381=ORIENTED_EDGE('',*,*,#868,.T.);
#1382=ORIENTED_EDGE('',*,*,#999,.T.);
#1383=ORIENTED_EDGE('',*,*,#893,.F.);
#1384=ORIENTED_EDGE('',*,*,#999,.F.);
#1385=ORIENTED_EDGE('',*,*,#867,.T.);
#1386=ORIENTED_EDGE('',*,*,#1000,.T.);
#1387=ORIENTED_EDGE('',*,*,#894,.F.);
#1388=ORIENTED_EDGE('',*,*,#1000,.F.);
#1389=ORIENTED_EDGE('',*,*,#866,.T.);
#1390=ORIENTED_EDGE('',*,*,#1001,.T.);
#1391=ORIENTED_EDGE('',*,*,#895,.F.);
#1392=ORIENTED_EDGE('',*,*,#1001,.F.);
#1393=ORIENTED_EDGE('',*,*,#865,.T.);
#1394=ORIENTED_EDGE('',*,*,#1002,.T.);
#1395=ORIENTED_EDGE('',*,*,#896,.F.);
#1396=ORIENTED_EDGE('',*,*,#1002,.F.);
#1397=ORIENTED_EDGE('',*,*,#864,.T.);
#1398=ORIENTED_EDGE('',*,*,#1003,.T.);
#1399=ORIENTED_EDGE('',*,*,#897,.F.);
#1400=ORIENTED_EDGE('',*,*,#1003,.F.);
#1401=ORIENTED_EDGE('',*,*,#863,.T.);
#1402=ORIENTED_EDGE('',*,*,#953,.T.);
#1403=ORIENTED_EDGE('',*,*,#898,.F.);
#1404=ORIENTED_EDGE('',*,*,#939,.F.);
#1405=ORIENTED_EDGE('',*,*,#1004,.T.);
#1406=ORIENTED_EDGE('',*,*,#980,.T.);
#1407=ORIENTED_EDGE('',*,*,#1004,.F.);
#1408=ORIENTED_EDGE('',*,*,#938,.F.);
#1409=ORIENTED_EDGE('',*,*,#1005,.T.);
#1410=ORIENTED_EDGE('',*,*,#984,.T.);
#1411=ORIENTED_EDGE('',*,*,#1005,.F.);
#1412=ORIENTED_EDGE('',*,*,#937,.F.);
#1413=ORIENTED_EDGE('',*,*,#1006,.T.);
#1414=ORIENTED_EDGE('',*,*,#988,.T.);
#1415=ORIENTED_EDGE('',*,*,#1006,.F.);
#1416=ORIENTED_EDGE('',*,*,#936,.F.);
#1417=ORIENTED_EDGE('',*,*,#1007,.T.);
#1418=ORIENTED_EDGE('',*,*,#976,.T.);
#1419=ORIENTED_EDGE('',*,*,#1007,.F.);
#1420=ORIENTED_EDGE('',*,*,#1008,.F.);
#1421=ORIENTED_EDGE('',*,*,#1009,.T.);
#1422=ORIENTED_EDGE('',*,*,#971,.T.);
#1423=ORIENTED_EDGE('',*,*,#932,.F.);
#1424=ORIENTED_EDGE('',*,*,#1010,.F.);
#1425=ORIENTED_EDGE('',*,*,#1011,.T.);
#1426=ORIENTED_EDGE('',*,*,#1008,.T.);
#1427=ORIENTED_EDGE('',*,*,#931,.F.);
#1428=ORIENTED_EDGE('',*,*,#1012,.F.);
#1429=ORIENTED_EDGE('',*,*,#1013,.T.);
#1430=ORIENTED_EDGE('',*,*,#1010,.T.);
#1431=ORIENTED_EDGE('',*,*,#930,.F.);
#1432=ORIENTED_EDGE('',*,*,#1014,.F.);
#1433=ORIENTED_EDGE('',*,*,#1015,.T.);
#1434=ORIENTED_EDGE('',*,*,#1012,.T.);
#1435=ORIENTED_EDGE('',*,*,#929,.F.);
#1436=ORIENTED_EDGE('',*,*,#1016,.F.);
#1437=ORIENTED_EDGE('',*,*,#1017,.T.);
#1438=ORIENTED_EDGE('',*,*,#1014,.T.);
#1439=ORIENTED_EDGE('',*,*,#928,.F.);
#1440=ORIENTED_EDGE('',*,*,#1018,.F.);
#1441=ORIENTED_EDGE('',*,*,#1019,.T.);
#1442=ORIENTED_EDGE('',*,*,#1016,.T.);
#1443=ORIENTED_EDGE('',*,*,#927,.F.);
#1444=ORIENTED_EDGE('',*,*,#1020,.F.);
#1445=ORIENTED_EDGE('',*,*,#1021,.T.);
#1446=ORIENTED_EDGE('',*,*,#1018,.T.);
#1447=ORIENTED_EDGE('',*,*,#926,.F.);
#1448=ORIENTED_EDGE('',*,*,#1022,.F.);
#1449=ORIENTED_EDGE('',*,*,#1023,.T.);
#1450=ORIENTED_EDGE('',*,*,#1020,.T.);
#1451=ORIENTED_EDGE('',*,*,#925,.F.);
#1452=ORIENTED_EDGE('',*,*,#956,.F.);
#1453=ORIENTED_EDGE('',*,*,#1024,.T.);
#1454=ORIENTED_EDGE('',*,*,#1022,.T.);
#1455=ORIENTED_EDGE('',*,*,#924,.F.);
#1456=ORIENTED_EDGE('',*,*,#972,.F.);
#1457=ORIENTED_EDGE('',*,*,#1009,.F.);
#1458=ORIENTED_EDGE('',*,*,#1011,.F.);
#1459=ORIENTED_EDGE('',*,*,#1013,.F.);
#1460=ORIENTED_EDGE('',*,*,#1015,.F.);
#1461=ORIENTED_EDGE('',*,*,#1017,.F.);
#1462=ORIENTED_EDGE('',*,*,#1019,.F.);
#1463=ORIENTED_EDGE('',*,*,#1021,.F.);
#1464=ORIENTED_EDGE('',*,*,#1023,.F.);
#1465=ORIENTED_EDGE('',*,*,#1024,.F.);
#1466=ORIENTED_EDGE('',*,*,#955,.F.);
#1467=ORIENTED_EDGE('',*,*,#958,.F.);
#1468=ORIENTED_EDGE('',*,*,#960,.F.);
#1469=ORIENTED_EDGE('',*,*,#962,.F.);
#1470=ORIENTED_EDGE('',*,*,#964,.F.);
#1471=ORIENTED_EDGE('',*,*,#966,.F.);
#1472=ORIENTED_EDGE('',*,*,#968,.F.);
#1473=ORIENTED_EDGE('',*,*,#970,.F.);
#1474=ORIENTED_EDGE('',*,*,#989,.T.);
#1475=ORIENTED_EDGE('',*,*,#992,.T.);
#1476=ORIENTED_EDGE('',*,*,#994,.F.);
#1477=ORIENTED_EDGE('',*,*,#985,.T.);
#1478=ORIENTED_EDGE('',*,*,#981,.T.);
#1479=ORIENTED_EDGE('',*,*,#977,.T.);
#1480=ORIENTED_EDGE('',*,*,#973,.T.);
#1481=PLANE('',#1636);
#1482=PLANE('',#1637);
#1483=PLANE('',#1638);
#1484=PLANE('',#1639);
#1485=PLANE('',#1640);
#1486=PLANE('',#1641);
#1487=PLANE('',#1642);
#1488=PLANE('',#1643);
#1489=PLANE('',#1644);
#1490=PLANE('',#1645);
#1491=PLANE('',#1646);
#1492=PLANE('',#1647);
#1493=PLANE('',#1648);
#1494=PLANE('',#1649);
#1495=PLANE('',#1650);
#1496=PLANE('',#1651);
#1497=PLANE('',#1652);
#1498=PLANE('',#1653);
#1499=PLANE('',#1654);
#1500=PLANE('',#1657);
#1501=PLANE('',#1664);
#1502=PLANE('',#1681);
#1503=PLANE('',#1682);
#1504=PLANE('',#1705);
#1505=PLANE('',#1707);
#1506=PLANE('',#1708);
#1507=PLANE('',#1710);
#1508=PLANE('',#1711);
#1509=PLANE('',#1713);
#1510=PLANE('',#1715);
#1511=PLANE('',#1717);
#1512=PLANE('',#1718);
#1513=PLANE('',#1721);
#1514=PLANE('',#1724);
#1515=PLANE('',#1727);
#1516=PLANE('',#1730);
#1517=PLANE('',#1734);
#1518=PLANE('',#1739);
#1519=PLANE('',#1744);
#1520=PLANE('',#1749);
#1521=PLANE('',#1751);
#1522=PLANE('',#1752);
#1523=PLANE('',#1755);
#1524=PLANE('',#1757);
#1525=PLANE('',#1759);
#1526=PLANE('',#1762);
#1527=PLANE('',#1764);
#1528=PLANE('',#1765);
#1529=PLANE('',#1773);
#1530=PLANE('',#1774);
#1531=PLANE('',#1777);
#1532=PLANE('',#1778);
#1533=PLANE('',#1779);
#1534=PLANE('',#1782);
#1535=PLANE('',#1783);
#1536=ADVANCED_FACE('',(#125),#1481,.F.);
#1537=ADVANCED_FACE('',(#126),#1482,.F.);
#1538=ADVANCED_FACE('',(#127),#1483,.F.);
#1539=ADVANCED_FACE('',(#128),#1484,.F.);
#1540=ADVANCED_FACE('',(#129),#1485,.F.);
#1541=ADVANCED_FACE('',(#130),#1486,.F.);
#1542=ADVANCED_FACE('',(#131),#1487,.F.);
#1543=ADVANCED_FACE('',(#132),#1488,.F.);
#1544=ADVANCED_FACE('',(#133),#1489,.F.);
#1545=ADVANCED_FACE('',(#134),#1490,.F.);
#1546=ADVANCED_FACE('',(#135),#1491,.F.);
#1547=ADVANCED_FACE('',(#136),#1492,.F.);
#1548=ADVANCED_FACE('',(#137),#1493,.F.);
#1549=ADVANCED_FACE('',(#138),#1494,.F.);
#1550=ADVANCED_FACE('',(#139),#1495,.F.);
#1551=ADVANCED_FACE('',(#140),#1496,.F.);
#1552=ADVANCED_FACE('',(#141),#1497,.F.);
#1553=ADVANCED_FACE('',(#142),#1498,.T.);
#1554=ADVANCED_FACE('',(#143,#46),#1499,.T.);
#1555=ADVANCED_FACE('',(#144,#47),#1500,.T.);
#1556=ADVANCED_FACE('',(#145),#15,.F.);
#1557=ADVANCED_FACE('',(#146),#16,.T.);
#1558=ADVANCED_FACE('',(#147,#48,#49),#1501,.T.);
#1559=ADVANCED_FACE('',(#148),#17,.F.);
#1560=ADVANCED_FACE('',(#149),#18,.T.);
#1561=ADVANCED_FACE('',(#150),#1502,.T.);
#1562=ADVANCED_FACE('',(#151,#50,#51,#52,#53),#1503,.T.);
#1563=ADVANCED_FACE('',(#152),#1504,.T.);
#1564=ADVANCED_FACE('',(#153),#19,.T.);
#1565=ADVANCED_FACE('',(#154),#1505,.T.);
#1566=ADVANCED_FACE('',(#155),#1506,.T.);
#1567=ADVANCED_FACE('',(#156),#20,.T.);
#1568=ADVANCED_FACE('',(#157),#1507,.T.);
#1569=ADVANCED_FACE('',(#158),#1508,.T.);
#1570=ADVANCED_FACE('',(#159),#21,.F.);
#1571=ADVANCED_FACE('',(#160),#1509,.T.);
#1572=ADVANCED_FACE('',(#161),#22,.T.);
#1573=ADVANCED_FACE('',(#162),#1510,.T.);
#1574=ADVANCED_FACE('',(#163),#23,.T.);
#1575=ADVANCED_FACE('',(#164),#1511,.T.);
#1576=ADVANCED_FACE('',(#165),#1512,.T.);
#1577=ADVANCED_FACE('',(#166),#24,.T.);
#1578=ADVANCED_FACE('',(#167),#1513,.T.);
#1579=ADVANCED_FACE('',(#168),#25,.T.);
#1580=ADVANCED_FACE('',(#169),#1514,.T.);
#1581=ADVANCED_FACE('',(#170),#26,.T.);
#1582=ADVANCED_FACE('',(#171),#1515,.T.);
#1583=ADVANCED_FACE('',(#172),#27,.T.);
#1584=ADVANCED_FACE('',(#173),#1516,.T.);
#1585=ADVANCED_FACE('',(#174),#28,.F.);
#1586=ADVANCED_FACE('',(#175,#54),#1517,.F.);
#1587=ADVANCED_FACE('',(#176),#29,.F.);
#1588=ADVANCED_FACE('',(#177,#55),#1518,.F.);
#1589=ADVANCED_FACE('',(#178),#30,.F.);
#1590=ADVANCED_FACE('',(#179,#56),#1519,.F.);
#1591=ADVANCED_FACE('',(#180),#31,.F.);
#1592=ADVANCED_FACE('',(#181,#57),#1520,.F.);
#1593=ADVANCED_FACE('',(#182),#1521,.T.);
#1594=ADVANCED_FACE('',(#183),#1522,.T.);
#1595=ADVANCED_FACE('',(#184),#32,.T.);
#1596=ADVANCED_FACE('',(#185),#1523,.T.);
#1597=ADVANCED_FACE('',(#186),#33,.F.);
#1598=ADVANCED_FACE('',(#187),#1524,.T.);
#1599=ADVANCED_FACE('',(#188),#34,.F.);
#1600=ADVANCED_FACE('',(#189),#1525,.T.);
#1601=ADVANCED_FACE('',(#190),#35,.F.);
#1602=ADVANCED_FACE('',(#191),#36,.F.);
#1603=ADVANCED_FACE('',(#192),#1526,.T.);
#1604=ADVANCED_FACE('',(#193),#37,.F.);
#1605=ADVANCED_FACE('',(#194),#1527,.T.);
#1606=ADVANCED_FACE('',(#195),#1528,.T.);
#1607=ADVANCED_FACE('',(#196),#38,.F.);
#1608=ADVANCED_FACE('',(#197),#39,.F.);
#1609=ADVANCED_FACE('',(#198),#40,.F.);
#1610=ADVANCED_FACE('',(#199),#41,.F.);
#1611=ADVANCED_FACE('',(#200),#42,.F.);
#1612=ADVANCED_FACE('',(#201),#43,.T.);
#1613=ADVANCED_FACE('',(#202),#1529,.T.);
#1614=ADVANCED_FACE('',(#203),#1530,.T.);
#1615=ADVANCED_FACE('',(#204),#44,.T.);
#1616=ADVANCED_FACE('',(#205),#1531,.T.);
#1617=ADVANCED_FACE('',(#206),#1532,.T.);
#1618=ADVANCED_FACE('',(#207),#1533,.T.);
#1619=ADVANCED_FACE('',(#208),#45,.T.);
#1620=ADVANCED_FACE('',(#209),#1534,.T.);
#1621=ADVANCED_FACE('',(#210,#58,#59,#60,#61,#62),#1535,.F.);
#1622=CLOSED_SHELL('',(#1536,#1537,#1538,#1539,#1540,#1541,#1542,#1543,
#1544,#1545,#1546,#1547,#1548,#1549,#1550,#1551,#1552,#1553,#1554,#1555,
#1556,#1557,#1558,#1559,#1560,#1561,#1562,#1563,#1564,#1565,#1566,#1567,
#1568,#1569,#1570,#1571,#1572,#1573,#1574,#1575,#1576,#1577,#1578,#1579,
#1580,#1581,#1582,#1583,#1584,#1585,#1586,#1587,#1588,#1589,#1590,#1591,
#1592,#1593,#1594,#1595,#1596,#1597,#1598,#1599,#1600,#1601,#1602,#1603,
#1604,#1605,#1606,#1607,#1608,#1609,#1610,#1611,#1612,#1613,#1614,#1615,
#1616,#1617,#1618,#1619,#1620,#1621));
#1623=DERIVED_UNIT_ELEMENT(#1625,1.);
#1624=DERIVED_UNIT_ELEMENT(#2719,-3.);
#1625=(
MASS_UNIT()
NAMED_UNIT(*)
SI_UNIT(.KILO.,.GRAM.)
);
#1626=DERIVED_UNIT((#1623,#1624));
#1627=MEASURE_REPRESENTATION_ITEM('density measure',
POSITIVE_RATIO_MEASURE(7850.),#1626);
#1628=PROPERTY_DEFINITION_REPRESENTATION(#1633,#1630);
#1629=PROPERTY_DEFINITION_REPRESENTATION(#1634,#1631);
#1630=REPRESENTATION('material name',(#1632),#2716);
#1631=REPRESENTATION('density',(#1627),#2716);
#1632=DESCRIPTIVE_REPRESENTATION_ITEM('Steel','Steel');
#1633=PROPERTY_DEFINITION('material property','material name',#2726);
#1634=PROPERTY_DEFINITION('material property','density of part',#2726);
#1635=AXIS2_PLACEMENT_3D('',#2248,#1784,#1785);
#1636=AXIS2_PLACEMENT_3D('',#2249,#1786,#1787);
#1637=AXIS2_PLACEMENT_3D('',#2258,#1792,#1793);
#1638=AXIS2_PLACEMENT_3D('',#2264,#1797,#1798);
#1639=AXIS2_PLACEMENT_3D('',#2270,#1802,#1803);
#1640=AXIS2_PLACEMENT_3D('',#2276,#1807,#1808);
#1641=AXIS2_PLACEMENT_3D('',#2282,#1812,#1813);
#1642=AXIS2_PLACEMENT_3D('',#2288,#1817,#1818);
#1643=AXIS2_PLACEMENT_3D('',#2294,#1822,#1823);
#1644=AXIS2_PLACEMENT_3D('',#2300,#1827,#1828);
#1645=AXIS2_PLACEMENT_3D('',#2306,#1832,#1833);
#1646=AXIS2_PLACEMENT_3D('',#2315,#1838,#1839);
#1647=AXIS2_PLACEMENT_3D('',#2321,#1843,#1844);
#1648=AXIS2_PLACEMENT_3D('',#2327,#1848,#1849);
#1649=AXIS2_PLACEMENT_3D('',#2333,#1853,#1854);
#1650=AXIS2_PLACEMENT_3D('',#2339,#1858,#1859);
#1651=AXIS2_PLACEMENT_3D('',#2345,#1863,#1864);
#1652=AXIS2_PLACEMENT_3D('',#2351,#1868,#1869);
#1653=AXIS2_PLACEMENT_3D('',#2354,#1872,#1873);
#1654=AXIS2_PLACEMENT_3D('',#2364,#1879,#1880);
#1655=AXIS2_PLACEMENT_3D('',#2366,#1881,#1882);
#1656=AXIS2_PLACEMENT_3D('',#2368,#1883,#1884);
#1657=AXIS2_PLACEMENT_3D('',#2369,#1885,#1886);
#1658=AXIS2_PLACEMENT_3D('',#2371,#1887,#1888);
#1659=AXIS2_PLACEMENT_3D('',#2373,#1889,#1890);
#1660=AXIS2_PLACEMENT_3D('',#2374,#1891,#1892);
#1661=AXIS2_PLACEMENT_3D('',#2377,#1894,#1895);
#1662=AXIS2_PLACEMENT_3D('',#2378,#1896,#1897);
#1663=AXIS2_PLACEMENT_3D('',#2381,#1899,#1900);
#1664=AXIS2_PLACEMENT_3D('',#2382,#1901,#1902);
#1665=AXIS2_PLACEMENT_3D('',#2387,#1904,#1905);
#1666=AXIS2_PLACEMENT_3D('',#2393,#1908,#1909);
#1667=AXIS2_PLACEMENT_3D('',#2396,#1911,#1912);
#1668=AXIS2_PLACEMENT_3D('',#2398,#1913,#1914);
#1669=AXIS2_PLACEMENT_3D('',#2402,#1916,#1917);
#1670=AXIS2_PLACEMENT_3D('',#2406,#1919,#1920);
#1671=AXIS2_PLACEMENT_3D('',#2410,#1922,#1923);
#1672=AXIS2_PLACEMENT_3D('',#2415,#1926,#1927);
#1673=AXIS2_PLACEMENT_3D('',#2421,#1930,#1931);
#1674=AXIS2_PLACEMENT_3D('',#2427,#1934,#1935);
#1675=AXIS2_PLACEMENT_3D('',#2431,#1937,#1938);
#1676=AXIS2_PLACEMENT_3D('',#2434,#1940,#1941);
#1677=AXIS2_PLACEMENT_3D('',#2436,#1942,#1943);
#1678=AXIS2_PLACEMENT_3D('',#2437,#1944,#1945);
#1679=AXIS2_PLACEMENT_3D('',#2440,#1947,#1948);
#1680=AXIS2_PLACEMENT_3D('',#2441,#1949,#1950);
#1681=AXIS2_PLACEMENT_3D('',#2443,#1952,#1953);
#1682=AXIS2_PLACEMENT_3D('',#2444,#1954,#1955);
#1683=AXIS2_PLACEMENT_3D('',#2446,#1956,#1957);
#1684=AXIS2_PLACEMENT_3D('',#2450,#1959,#1960);
#1685=AXIS2_PLACEMENT_3D('',#2456,#1963,#1964);
#1686=AXIS2_PLACEMENT_3D('',#2460,#1966,#1967);
#1687=AXIS2_PLACEMENT_3D('',#2464,#1969,#1970);
#1688=AXIS2_PLACEMENT_3D('',#2468,#1972,#1973);
#1689=AXIS2_PLACEMENT_3D('',#2474,#1976,#1977);
#1690=AXIS2_PLACEMENT_3D('',#2480,#1980,#1981);
#1691=AXIS2_PLACEMENT_3D('',#2484,#1983,#1984);
#1692=AXIS2_PLACEMENT_3D('',#2488,#1986,#1987);
#1693=AXIS2_PLACEMENT_3D('',#2491,#1989,#1990);
#1694=AXIS2_PLACEMENT_3D('',#2495,#1992,#1993);
#1695=AXIS2_PLACEMENT_3D('',#2499,#1995,#1996);
#1696=AXIS2_PLACEMENT_3D('',#2503,#1998,#1999);
#1697=AXIS2_PLACEMENT_3D('',#2509,#2002,#2003);
#1698=AXIS2_PLACEMENT_3D('',#2517,#2007,#2008);
#1699=AXIS2_PLACEMENT_3D('',#2523,#2011,#2012);
#1700=AXIS2_PLACEMENT_3D('',#2527,#2014,#2015);
#1701=AXIS2_PLACEMENT_3D('',#2530,#2017,#2018);
#1702=AXIS2_PLACEMENT_3D('',#2532,#2019,#2020);
#1703=AXIS2_PLACEMENT_3D('',#2534,#2021,#2022);
#1704=AXIS2_PLACEMENT_3D('',#2536,#2023,#2024);
#1705=AXIS2_PLACEMENT_3D('',#2537,#2025,#2026);
#1706=AXIS2_PLACEMENT_3D('',#2540,#2029,#2030);
#1707=AXIS2_PLACEMENT_3D('',#2542,#2032,#2033);
#1708=AXIS2_PLACEMENT_3D('',#2544,#2035,#2036);
#1709=AXIS2_PLACEMENT_3D('',#2546,#2038,#2039);
#1710=AXIS2_PLACEMENT_3D('',#2548,#2041,#2042);
#1711=AXIS2_PLACEMENT_3D('',#2550,#2044,#2045);
#1712=AXIS2_PLACEMENT_3D('',#2552,#2047,#2048);
#1713=AXIS2_PLACEMENT_3D('',#2554,#2050,#2051);
#1714=AXIS2_PLACEMENT_3D('',#2556,#2053,#2054);
#1715=AXIS2_PLACEMENT_3D('',#2558,#2056,#2057);
#1716=AXIS2_PLACEMENT_3D('',#2560,#2059,#2060);
#1717=AXIS2_PLACEMENT_3D('',#2562,#2062,#2063);
#1718=AXIS2_PLACEMENT_3D('',#2564,#2065,#2066);
#1719=AXIS2_PLACEMENT_3D('',#2570,#2070,#2071);
#1720=AXIS2_PLACEMENT_3D('',#2573,#2073,#2074);
#1721=AXIS2_PLACEMENT_3D('',#2574,#2075,#2076);
#1722=AXIS2_PLACEMENT_3D('',#2578,#2079,#2080);
#1723=AXIS2_PLACEMENT_3D('',#2581,#2082,#2083);
#1724=AXIS2_PLACEMENT_3D('',#2582,#2084,#2085);
#1725=AXIS2_PLACEMENT_3D('',#2586,#2088,#2089);
#1726=AXIS2_PLACEMENT_3D('',#2589,#2091,#2092);
#1727=AXIS2_PLACEMENT_3D('',#2590,#2093,#2094);
#1728=AXIS2_PLACEMENT_3D('',#2594,#2097,#2098);
#1729=AXIS2_PLACEMENT_3D('',#2597,#2100,#2101);
#1730=AXIS2_PLACEMENT_3D('',#2598,#2102,#2103);
#1731=AXIS2_PLACEMENT_3D('',#2602,#2106,#2107);
#1732=AXIS2_PLACEMENT_3D('',#2604,#2108,#2109);
#1733=AXIS2_PLACEMENT_3D('',#2607,#2111,#2112);
#1734=AXIS2_PLACEMENT_3D('',#2608,#2113,#2114);
#1735=AXIS2_PLACEMENT_3D('',#2610,#2115,#2116);
#1736=AXIS2_PLACEMENT_3D('',#2611,#2117,#2118);
#1737=AXIS2_PLACEMENT_3D('',#2613,#2119,#2120);
#1738=AXIS2_PLACEMENT_3D('',#2616,#2122,#2123);
#1739=AXIS2_PLACEMENT_3D('',#2617,#2124,#2125);
#1740=AXIS2_PLACEMENT_3D('',#2619,#2126,#2127);
#1741=AXIS2_PLACEMENT_3D('',#2620,#2128,#2129);
#1742=AXIS2_PLACEMENT_3D('',#2622,#2130,#2131);
#1743=AXIS2_PLACEMENT_3D('',#2625,#2133,#2134);
#1744=AXIS2_PLACEMENT_3D('',#2626,#2135,#2136);
#1745=AXIS2_PLACEMENT_3D('',#2628,#2137,#2138);
#1746=AXIS2_PLACEMENT_3D('',#2629,#2139,#2140);
#1747=AXIS2_PLACEMENT_3D('',#2631,#2141,#2142);
#1748=AXIS2_PLACEMENT_3D('',#2634,#2144,#2145);
#1749=AXIS2_PLACEMENT_3D('',#2635,#2146,#2147);
#1750=AXIS2_PLACEMENT_3D('',#2637,#2148,#2149);
#1751=AXIS2_PLACEMENT_3D('',#2638,#2150,#2151);
#1752=AXIS2_PLACEMENT_3D('',#2644,#2155,#2156);
#1753=AXIS2_PLACEMENT_3D('',#2648,#2159,#2160);
#1754=AXIS2_PLACEMENT_3D('',#2649,#2161,#2162);
#1755=AXIS2_PLACEMENT_3D('',#2650,#2163,#2164);
#1756=AXIS2_PLACEMENT_3D('',#2651,#2165,#2166);
#1757=AXIS2_PLACEMENT_3D('',#2653,#2168,#2169);
#1758=AXIS2_PLACEMENT_3D('',#2655,#2171,#2172);
#1759=AXIS2_PLACEMENT_3D('',#2657,#2174,#2175);
#1760=AXIS2_PLACEMENT_3D('',#2659,#2177,#2178);
#1761=AXIS2_PLACEMENT_3D('',#2660,#2179,#2180);
#1762=AXIS2_PLACEMENT_3D('',#2662,#2182,#2183);
#1763=AXIS2_PLACEMENT_3D('',#2664,#2185,#2186);
#1764=AXIS2_PLACEMENT_3D('',#2666,#2188,#2189);
#1765=AXIS2_PLACEMENT_3D('',#2668,#2191,#2192);
#1766=AXIS2_PLACEMENT_3D('',#2670,#2194,#2195);
#1767=AXIS2_PLACEMENT_3D('',#2671,#2196,#2197);
#1768=AXIS2_PLACEMENT_3D('',#2673,#2199,#2200);
#1769=AXIS2_PLACEMENT_3D('',#2675,#2202,#2203);
#1770=AXIS2_PLACEMENT_3D('',#2677,#2205,#2206);
#1771=AXIS2_PLACEMENT_3D('',#2679,#2208,#2209);
#1772=AXIS2_PLACEMENT_3D('',#2682,#2211,#2212);
#1773=AXIS2_PLACEMENT_3D('',#2683,#2213,#2214);
#1774=AXIS2_PLACEMENT_3D('',#2687,#2217,#2218);
#1775=AXIS2_PLACEMENT_3D('',#2691,#2221,#2222);
#1776=AXIS2_PLACEMENT_3D('',#2694,#2224,#2225);
#1777=AXIS2_PLACEMENT_3D('',#2695,#2226,#2227);
#1778=AXIS2_PLACEMENT_3D('',#2699,#2230,#2231);
#1779=AXIS2_PLACEMENT_3D('',#2703,#2234,#2235);
#1780=AXIS2_PLACEMENT_3D('',#2707,#2238,#2239);
#1781=AXIS2_PLACEMENT_3D('',#2710,#2241,#2242);
#1782=AXIS2_PLACEMENT_3D('',#2711,#2243,#2244);
#1783=AXIS2_PLACEMENT_3D('',#2713,#2246,#2247);
#1784=DIRECTION('axis',(0.,0.,1.));
#1785=DIRECTION('refdir',(1.,0.,0.));
#1786=DIRECTION('center_axis',(0.,0.,-1.));
#1787=DIRECTION('ref_axis',(0.999999927322193,-0.000381255307343902,0.));
#1788=DIRECTION('',(-0.999999927322193,0.000381255307342395,0.));
#1789=DIRECTION('',(-0.000381255307342343,-0.999999927322193,0.));
#1790=DIRECTION('',(0.999999927322193,-0.000381255307342526,0.));
#1791=DIRECTION('',(-0.000381255307342343,-0.999999927322193,0.));
#1792=DIRECTION('center_axis',(-0.0940691963294495,3.58643829645762E-5,
-0.995565660825883));
#1793=DIRECTION('ref_axis',(0.995565588470354,-0.000379564691997837,-0.0940692031661929));
#1794=DIRECTION('',(-0.995565588470354,0.000379564691997707,0.0940692031661929));
#1795=DIRECTION('',(0.995565588470354,-0.000379564691997837,-0.0940692031661929));
#1796=DIRECTION('',(-0.000381255307342343,-0.999999927322193,0.));
#1797=DIRECTION('center_axis',(-0.301981395535473,0.000115132018134089,
-0.953313811656511));
#1798=DIRECTION('ref_axis',(0.953313742371754,-0.000363455950256978,-0.301981417482821));
#1799=DIRECTION('',(-0.953313742371754,0.000363455950256854,0.301981417482821));
#1800=DIRECTION('',(0.953313742371754,-0.000363455950256978,-0.301981417482821));
#1801=DIRECTION('',(-0.000381255307342343,-0.999999927322193,0.));
#1802=DIRECTION('center_axis',(-0.485350631815085,0.000185042517749945,
-0.874319581134933));
#1803=DIRECTION('ref_axis',(0.874319517591303,-0.000333338980621187,-0.485350667089308));
#1804=DIRECTION('',(-0.874319517591303,0.000333338980621073,0.485350667089308));
#1805=DIRECTION('',(0.874319517591303,-0.000333338980621187,-0.485350667089308));
#1806=DIRECTION('',(-0.000381255307342343,-0.999999927322193,0.));
#1807=DIRECTION('center_axis',(-0.625443992524486,0.000238453858925648,
-0.780269027550619));
#1808=DIRECTION('ref_axis',(0.780268970842377,-0.000297481707908665,-0.625444037980387));
#1809=DIRECTION('',(-0.780268970842377,0.000297481707908563,0.625444037980387));
#1810=DIRECTION('',(0.780268970842377,-0.000297481707908665,-0.625444037980387));
#1811=DIRECTION('',(-0.000381255307342343,-0.999999927322193,0.));
#1812=DIRECTION('center_axis',(-0.776149032663425,0.000295910959497716,
-0.630549436231873));
#1813=DIRECTION('ref_axis',(0.630549390404923,-0.000240400319069509,-0.776149089072239));
#1814=DIRECTION('',(-0.630549390404923,0.000240400319105157,0.776149089072239));
#1815=DIRECTION('',(0.630549390404923,-0.000240400319105239,-0.776149089072239));
#1816=DIRECTION('',(-0.000381255307342343,-0.999999927322193,0.));
#1817=DIRECTION('center_axis',(-0.8841166614399,0.000337074193981569,-0.467266107636059));
#1818=DIRECTION('ref_axis',(0.467266073676183,-0.000178147683477531,-0.884116725695565));
#1819=DIRECTION('',(-0.467266073676183,0.00017814768347747,0.884116725695565));
#1820=DIRECTION('',(0.467266073676183,-0.000178147683477531,-0.884116725695565));
#1821=DIRECTION('',(-0.000381255307342343,-0.999999927322193,0.));
#1822=DIRECTION('center_axis',(-0.957545730955497,0.000365069418482231,
-0.28828118192699));
#1823=DIRECTION('ref_axis',(0.288281160975346,-0.000109908730651874,-0.957545800547826));
#1824=DIRECTION('',(-0.288281160975346,0.000109908730616604,0.957545800547826));
#1825=DIRECTION('',(0.288281160975346,-0.000109908730616641,-0.957545800547826));
#1826=DIRECTION('',(-0.000381255307342343,-0.999999927322193,0.));
#1827=DIRECTION('center_axis',(-0.995565589750915,0.000379564692485875,
-0.0940691896135916));
#1828=DIRECTION('ref_axis',(0.0940691827768492,-3.58643777975922E-5,-0.995565662106444));
#1829=DIRECTION('',(-0.0940691827768492,3.58643777975799E-5,0.995565662106444));
#1830=DIRECTION('',(0.0940691827768492,-3.58643777975922E-5,-0.995565662106444));
#1831=DIRECTION('',(0.000381255307342343,0.999999927322193,0.));
#1832=DIRECTION('center_axis',(0.995565589750911,-0.000379564692485874,
-0.0940691896136254));
#1833=DIRECTION('ref_axis',(0.0940691827768829,-3.58643777976051E-5,0.995565662106441));
#1834=DIRECTION('',(-0.0940691827768829,3.58643777975928E-5,-0.995565662106441));
#1835=DIRECTION('',(-0.000381255307342343,-0.999999927322193,0.));
#1836=DIRECTION('',(0.0940691827768829,-3.58643777976051E-5,0.995565662106441));
#1837=DIRECTION('',(-0.000381255307342343,-0.999999927322193,0.));
#1838=DIRECTION('center_axis',(0.95785734064499,-0.000365188221338804,-0.287244115013818));
#1839=DIRECTION('ref_axis',(0.287244094137545,-0.000109513343351925,0.957857410259966));
#1840=DIRECTION('',(-0.287244094137545,0.000109513343351887,-0.957857410259966));
#1841=DIRECTION('',(0.287244094137545,-0.000109513343351925,0.957857410259966));
#1842=DIRECTION('',(-0.000381255307342343,-0.999999927322193,0.));
#1843=DIRECTION('center_axis',(0.883608443268346,-0.000336880433092294,
-0.468226446814427));
#1844=DIRECTION('ref_axis',(0.468226412784755,-0.000178513817847832,0.883608507487075));
#1845=DIRECTION('',(-0.468226412784755,0.000178513817886072,-0.883608507487075));
#1846=DIRECTION('',(0.468226412784755,-0.000178513817886133,0.883608507487075));
#1847=DIRECTION('',(-0.000381255307342343,-0.999999927322193,0.));
#1848=DIRECTION('center_axis',(0.776149032641569,-0.000295910959489383,
-0.630549436258777));
#1849=DIRECTION('ref_axis',(0.630549390431826,-0.000240400319151226,0.776149089050383));
#1850=DIRECTION('',(-0.630549390431826,0.000240400319115414,-0.776149089050383));
#1851=DIRECTION('',(0.630549390431826,-0.000240400319115496,0.776149089050383));
#1852=DIRECTION('',(-0.000381255307342343,-0.999999927322193,0.));
#1853=DIRECTION('center_axis',(0.624844725216361,-0.000238225385067304,
-0.780749007439623));
#1854=DIRECTION('ref_axis',(0.780748950696497,-0.000297664702788765,0.624844770628709));
#1855=DIRECTION('',(-0.780748950696497,0.000297664702788663,-0.624844770628709));
#1856=DIRECTION('',(0.780748950696497,-0.000297664702788765,0.624844770628709));
#1857=DIRECTION('',(-0.000381255307342343,-0.999999927322193,0.));
#1858=DIRECTION('center_axis',(0.485350632761802,-0.000185042518110886,
-0.874319580609393));
#1859=DIRECTION('ref_axis',(0.874319517065763,-0.000333338980420822,0.485350668036025));
#1860=DIRECTION('',(-0.874319517065763,0.000333338980420708,-0.485350668036025));
#1861=DIRECTION('',(0.874319517065763,-0.000333338980420822,0.485350668036025));
#1862=DIRECTION('',(-0.000381255307342343,-0.999999927322193,0.));
#1863=DIRECTION('center_axis',(0.302322683333642,-0.000115262135927929,
-0.953205634612273));
#1864=DIRECTION('ref_axis',(0.953205565335378,-0.00036341470714778,0.302322705305793));
#1865=DIRECTION('',(-0.953205565335378,0.000363414707184605,-0.302322705305793));
#1866=DIRECTION('',(0.953205565335378,-0.00036341470718473,0.302322705305793));
#1867=DIRECTION('',(-0.000381255307342343,-0.999999927322193,0.));
#1868=DIRECTION('center_axis',(0.0940691959614424,-3.58643828242715E-5,
-0.995565660860656));
#1869=DIRECTION('ref_axis',(0.995565588505126,-0.000379564692011094,0.0940692027981858));
#1870=DIRECTION('',(-0.995565588505126,0.000379564692010964,-0.0940692027981858));
#1871=DIRECTION('',(0.995565588505126,-0.000379564692011094,0.0940692027981858));
#1872=DIRECTION('center_axis',(-0.000381255307342395,-0.999999927322193,
0.));
#1873=DIRECTION('ref_axis',(0.999999927322193,-0.000381255307342395,0.));
#1874=DIRECTION('',(0.999999927322193,-0.000381255307342395,0.));
#1875=DIRECTION('',(0.,0.,1.));
#1876=DIRECTION('',(0.999999927322193,-0.000381255307342395,0.));
#1877=DIRECTION('',(0.,0.,1.));
#1878=DIRECTION('',(0.999999927322193,-0.000381255307342395,0.));
#1879=DIRECTION('center_axis',(0.,0.,1.));
#1880=DIRECTION('ref_axis',(-1.,0.,0.));
#1881=DIRECTION('center_axis',(0.,0.,-1.));
#1882=DIRECTION('ref_axis',(-1.,0.,0.));
#1883=DIRECTION('center_axis',(0.,0.,1.));
#1884=DIRECTION('ref_axis',(-1.,0.,0.));
#1885=DIRECTION('center_axis',(0.,0.,1.));
#1886=DIRECTION('ref_axis',(-1.,0.,0.));
#1887=DIRECTION('center_axis',(0.,0.,-1.));
#1888=DIRECTION('ref_axis',(-1.,0.,0.));
#1889=DIRECTION('center_axis',(0.,0.,1.));
#1890=DIRECTION('ref_axis',(-1.,0.,0.));
#1891=DIRECTION('center_axis',(0.,0.,1.));
#1892=DIRECTION('ref_axis',(-1.,0.,0.));
#1893=DIRECTION('',(0.,0.,-1.));
#1894=DIRECTION('center_axis',(0.,0.,1.));
#1895=DIRECTION('ref_axis',(-1.,0.,0.));
#1896=DIRECTION('center_axis',(0.,0.,1.));
#1897=DIRECTION('ref_axis',(-1.,0.,0.));
#1898=DIRECTION('',(0.,0.,-1.));
#1899=DIRECTION('center_axis',(0.,0.,-1.));
#1900=DIRECTION('ref_axis',(-1.,0.,0.));
#1901=DIRECTION('center_axis',(0.,0.,1.));
#1902=DIRECTION('ref_axis',(1.,0.,0.));
#1903=DIRECTION('',(-0.867647162339107,0.49718045183303,0.));
#1904=DIRECTION('center_axis',(0.,0.,-1.));
#1905=DIRECTION('ref_axis',(-0.497180451833009,-0.867647162339119,0.));
#1906=DIRECTION('',(-0.497180451833098,-0.867647162339068,0.));
#1907=DIRECTION('',(-0.508173334442361,-0.861254818367788,0.));
#1908=DIRECTION('center_axis',(0.,0.,-1.));
#1909=DIRECTION('ref_axis',(0.861254818367765,-0.508173334442401,0.));
#1910=DIRECTION('',(0.,-1.,0.));
#1911=DIRECTION('center_axis',(0.,0.,-1.));
#1912=DIRECTION('ref_axis',(1.,-8.88178419700128E-15,0.));
#1913=DIRECTION('center_axis',(0.,0.,-1.));
#1914=DIRECTION('ref_axis',(0.000381255307360106,0.999999927322193,0.));
#1915=DIRECTION('',(0.,1.,0.));
#1916=DIRECTION('center_axis',(0.,0.,-1.));
#1917=DIRECTION('ref_axis',(-1.,4.4408920985006E-15,0.));
#1918=DIRECTION('',(-1.,-1.25727599268461E-15,0.));
#1919=DIRECTION('center_axis',(0.,0.,-1.));
#1920=DIRECTION('ref_axis',(1.55431223447522E-14,-1.,0.));
#1921=DIRECTION('',(-1.36105302364149E-15,-1.,0.));
#1922=DIRECTION('center_axis',(0.,0.,1.));
#1923=DIRECTION('ref_axis',(0.00191204612956518,0.999998172038129,0.));
#1924=DIRECTION('',(0.00191204612956814,0.999998172038129,0.));
#1925=DIRECTION('',(-1.36105302364149E-15,-1.,0.));
#1926=DIRECTION('center_axis',(0.,0.,1.));
#1927=DIRECTION('ref_axis',(0.00191204612956518,0.999998172038129,0.));
#1928=DIRECTION('',(-0.999998172038128,0.00191204612971288,0.));
#1929=DIRECTION('',(-0.999975630705395,0.00698126029796103,0.));
#1930=DIRECTION('center_axis',(0.,0.,1.));
#1931=DIRECTION('ref_axis',(0.999975630705395,-0.00698126029796241,0.));
#1932=DIRECTION('',(0.0069812602979417,0.999975630705395,0.));
#1933=DIRECTION('',(-0.000217801368535936,0.999999976281282,0.));
#1934=DIRECTION('center_axis',(0.,0.,-1.));
#1935=DIRECTION('ref_axis',(-0.999999976281282,-0.000217801368540548,0.));
#1936=DIRECTION('',(-1.,0.,0.));
#1937=DIRECTION('center_axis',(0.,0.,1.));
#1938=DIRECTION('ref_axis',(0.258670904572874,0.965965508249363,0.));
#1939=DIRECTION('',(-0.96596550824938,0.258670904572813,0.));
#1940=DIRECTION('center_axis',(0.,0.,1.));
#1941=DIRECTION('ref_axis',(0.497180451833035,0.867647162339104,0.));
#1942=DIRECTION('center_axis',(0.,0.,-1.));
#1943=DIRECTION('ref_axis',(-1.,0.,0.));
#1944=DIRECTION('center_axis',(0.,0.,1.));
#1945=DIRECTION('ref_axis',(-1.,0.,0.));
#1946=DIRECTION('',(0.,0.,-1.));
#1947=DIRECTION('center_axis',(0.,0.,1.));
#1948=DIRECTION('ref_axis',(-1.,0.,0.));
#1949=DIRECTION('center_axis',(0.,0.,1.));
#1950=DIRECTION('ref_axis',(-1.,0.,0.));
#1951=DIRECTION('',(0.,0.,-1.));
#1952=DIRECTION('center_axis',(0.,0.,1.));
#1953=DIRECTION('ref_axis',(1.,0.,0.));
#1954=DIRECTION('center_axis',(0.,0.,1.));
#1955=DIRECTION('ref_axis',(1.,0.,0.));
#1956=DIRECTION('center_axis',(0.,0.,-1.));
#1957=DIRECTION('ref_axis',(1.,-8.88178419700128E-15,0.));
#1958=DIRECTION('',(0.,-1.,0.));
#1959=DIRECTION('center_axis',(0.,0.,-1.));
#1960=DIRECTION('ref_axis',(0.861254818367765,-0.508173334442401,0.));
#1961=DIRECTION('',(-0.508173334442361,-0.861254818367788,0.));
#1962=DIRECTION('',(-0.497180451833098,-0.867647162339068,0.));
#1963=DIRECTION('center_axis',(0.,0.,-1.));
#1964=DIRECTION('ref_axis',(-0.497180451833009,-0.867647162339119,0.));
#1965=DIRECTION('',(-0.867647162339107,0.49718045183303,0.));
#1966=DIRECTION('center_axis',(0.,0.,1.));
#1967=DIRECTION('ref_axis',(0.497180451833035,0.867647162339104,0.));
#1968=DIRECTION('',(-0.96596550824938,0.258670904572813,0.));
#1969=DIRECTION('center_axis',(0.,0.,1.));
#1970=DIRECTION('ref_axis',(0.258670904572874,0.965965508249363,0.));
#1971=DIRECTION('',(-1.,0.,0.));
#1972=DIRECTION('center_axis',(0.,0.,-1.));
#1973=DIRECTION('ref_axis',(-0.999999976281282,-0.000217801368540548,0.));
#1974=DIRECTION('',(-0.000217801368535936,0.999999976281282,0.));
#1975=DIRECTION('',(0.0069812602979417,0.999975630705395,0.));
#1976=DIRECTION('center_axis',(0.,0.,1.));
#1977=DIRECTION('ref_axis',(0.999975630705395,-0.00698126029796241,0.));
#1978=DIRECTION('',(-0.999975630705395,0.00698126029796103,0.));
#1979=DIRECTION('',(-0.999998172038128,0.00191204612971288,0.));
#1980=DIRECTION('center_axis',(0.,0.,1.));
#1981=DIRECTION('ref_axis',(0.00191204612956518,0.999998172038129,0.));
#1982=DIRECTION('',(-1.36105302364149E-15,-1.,0.));
#1983=DIRECTION('center_axis',(0.,0.,-1.));
#1984=DIRECTION('ref_axis',(1.55431223447522E-14,-1.,0.));
#1985=DIRECTION('',(-1.,-1.25727599268461E-15,0.));
#1986=DIRECTION('center_axis',(0.,0.,-1.));
#1987=DIRECTION('ref_axis',(-1.,4.4408920985006E-15,0.));
#1988=DIRECTION('',(0.,1.,0.));
#1989=DIRECTION('center_axis',(0.,0.,-1.));
#1990=DIRECTION('ref_axis',(0.000381255307360106,0.999999927322193,0.));
#1991=DIRECTION('',(-0.999999927322193,0.000381255307342526,0.));
#1992=DIRECTION('center_axis',(0.,0.,1.));
#1993=DIRECTION('ref_axis',(0.000381255307341232,0.999999927322193,0.));
#1994=DIRECTION('',(0.,-1.,0.));
#1995=DIRECTION('center_axis',(0.,0.,1.));
#1996=DIRECTION('ref_axis',(-1.,5.55111512312579E-16,0.));
#1997=DIRECTION('',(1.,0.,0.));
#1998=DIRECTION('center_axis',(0.,0.,1.));
#1999=DIRECTION('ref_axis',(3.05311331771917E-15,-1.,0.));
#2000=DIRECTION('',(0.999975630705395,-0.00698126029796205,0.));
#2001=DIRECTION('',(0.000217801368536189,-0.999999976281282,0.));
#2002=DIRECTION('center_axis',(0.,0.,1.));
#2003=DIRECTION('ref_axis',(-0.999999976281282,-0.000217801368534998,0.));
#2004=DIRECTION('',(1.,2.08203140033387E-15,0.));
#2005=DIRECTION('',(0.96596550824938,-0.258670904572814,0.));
#2006=DIRECTION('',(0.867647162339107,-0.49718045183303,0.));
#2007=DIRECTION('center_axis',(0.,0.,1.));
#2008=DIRECTION('ref_axis',(-0.497180451833012,-0.867647162339117,0.));
#2009=DIRECTION('',(0.49718045183309,0.867647162339072,0.));
#2010=DIRECTION('',(0.508173334442364,0.861254818367787,0.));
#2011=DIRECTION('center_axis',(0.,0.,1.));
#2012=DIRECTION('ref_axis',(0.861254818367788,-0.508173334442362,0.));
#2013=DIRECTION('',(0.,1.,0.));
#2014=DIRECTION('center_axis',(0.,0.,1.));
#2015=DIRECTION('ref_axis',(1.,-3.33066907387548E-15,0.));
#2016=DIRECTION('',(-0.999999927322193,0.000381255307342526,0.));
#2017=DIRECTION('center_axis',(0.,0.,-1.));
#2018=DIRECTION('ref_axis',(1.,0.,0.));
#2019=DIRECTION('center_axis',(0.,0.,-1.));
#2020=DIRECTION('ref_axis',(1.,0.,0.));
#2021=DIRECTION('center_axis',(0.,0.,-1.));
#2022=DIRECTION('ref_axis',(1.,0.,0.));
#2023=DIRECTION('center_axis',(0.,0.,-1.));
#2024=DIRECTION('ref_axis',(1.,0.,0.));
#2025=DIRECTION('center_axis',(-1.,1.36105302364149E-15,0.));
#2026=DIRECTION('ref_axis',(-1.36105302364149E-15,-1.,0.));
#2027=DIRECTION('',(0.,0.,1.));
#2028=DIRECTION('',(0.,0.,1.));
#2029=DIRECTION('center_axis',(0.,0.,1.));
#2030=DIRECTION('ref_axis',(0.00191204612956518,0.999998172038129,0.));
#2031=DIRECTION('',(0.,0.,1.));
#2032=DIRECTION('center_axis',(0.00191204612971288,0.999998172038128,0.));
#2033=DIRECTION('ref_axis',(-0.999998172038128,0.00191204612971288,0.));
#2034=DIRECTION('',(0.,0.,1.));
#2035=DIRECTION('center_axis',(0.00698126029796103,0.999975630705395,0.));
#2036=DIRECTION('ref_axis',(-0.999975630705395,0.00698126029796103,0.));
#2037=DIRECTION('',(0.,0.,1.));
#2038=DIRECTION('center_axis',(0.,0.,1.));
#2039=DIRECTION('ref_axis',(0.999975630705395,-0.00698126029796241,0.));
#2040=DIRECTION('',(0.,0.,1.));
#2041=DIRECTION('center_axis',(0.999975630705395,-0.0069812602979417,0.));
#2042=DIRECTION('ref_axis',(0.0069812602979417,0.999975630705395,0.));
#2043=DIRECTION('',(0.,0.,1.));
#2044=DIRECTION('center_axis',(0.999999976281282,0.000217801368535936,0.));
#2045=DIRECTION('ref_axis',(-0.000217801368535936,0.999999976281282,0.));
#2046=DIRECTION('',(0.,0.,1.));
#2047=DIRECTION('center_axis',(0.,0.,1.));
#2048=DIRECTION('ref_axis',(-0.999999976281282,-0.000217801368540548,0.));
#2049=DIRECTION('',(0.,0.,1.));
#2050=DIRECTION('center_axis',(0.,1.,0.));
#2051=DIRECTION('ref_axis',(-1.,0.,0.));
#2052=DIRECTION('',(0.,0.,1.));
#2053=DIRECTION('center_axis',(0.,0.,1.));
#2054=DIRECTION('ref_axis',(0.258670904572874,0.965965508249363,0.));
#2055=DIRECTION('',(0.,0.,1.));
#2056=DIRECTION('center_axis',(0.258670904572813,0.96596550824938,0.));
#2057=DIRECTION('ref_axis',(-0.96596550824938,0.258670904572813,0.));
#2058=DIRECTION('',(0.,0.,1.));
#2059=DIRECTION('center_axis',(0.,0.,1.));
#2060=DIRECTION('ref_axis',(0.497180451833035,0.867647162339104,0.));
#2061=DIRECTION('',(0.,0.,1.));
#2062=DIRECTION('center_axis',(0.49718045183303,0.867647162339107,0.));
#2063=DIRECTION('ref_axis',(-0.867647162339107,0.49718045183303,0.));
#2064=DIRECTION('',(0.,0.,1.));
#2065=DIRECTION('center_axis',(-0.00698126029796205,-0.999975630705395,
0.));
#2066=DIRECTION('ref_axis',(0.999975630705395,-0.00698126029796205,0.));
#2067=DIRECTION('',(0.,0.,1.));
#2068=DIRECTION('',(0.999975630705395,-0.00698126029796205,0.));
#2069=DIRECTION('',(0.,0.,1.));
#2070=DIRECTION('center_axis',(0.,0.,1.));
#2071=DIRECTION('ref_axis',(3.05311331771917E-15,-1.,0.));
#2072=DIRECTION('',(0.,0.,1.));
#2073=DIRECTION('center_axis',(0.,0.,1.));
#2074=DIRECTION('ref_axis',(3.05311331771917E-15,-1.,0.));
#2075=DIRECTION('center_axis',(0.,-1.,0.));
#2076=DIRECTION('ref_axis',(1.,0.,0.));
#2077=DIRECTION('',(0.,0.,1.));
#2078=DIRECTION('',(1.,0.,0.));
#2079=DIRECTION('center_axis',(0.,0.,1.));
#2080=DIRECTION('ref_axis',(-1.,5.55111512312579E-16,0.));
#2081=DIRECTION('',(0.,0.,1.));
#2082=DIRECTION('center_axis',(0.,0.,1.));
#2083=DIRECTION('ref_axis',(-1.,5.55111512312579E-16,0.));
#2084=DIRECTION('center_axis',(-1.,0.,0.));
#2085=DIRECTION('ref_axis',(0.,-1.,0.));
#2086=DIRECTION('',(0.,0.,1.));
#2087=DIRECTION('',(0.,-1.,0.));
#2088=DIRECTION('center_axis',(0.,0.,1.));
#2089=DIRECTION('ref_axis',(0.000381255307341232,0.999999927322193,0.));
#2090=DIRECTION('',(0.,0.,1.));
#2091=DIRECTION('center_axis',(0.,0.,1.));
#2092=DIRECTION('ref_axis',(0.000381255307341232,0.999999927322193,0.));
#2093=DIRECTION('center_axis',(0.000381255307342526,0.999999927322193,0.));
#2094=DIRECTION('ref_axis',(-0.999999927322193,0.000381255307342526,0.));
#2095=DIRECTION('',(0.,0.,1.));
#2096=DIRECTION('',(-0.999999927322193,0.000381255307342526,0.));
#2097=DIRECTION('center_axis',(0.,0.,1.));
#2098=DIRECTION('ref_axis',(1.,-3.33066907387548E-15,0.));
#2099=DIRECTION('',(0.,0.,1.));
#2100=DIRECTION('center_axis',(0.,0.,1.));
#2101=DIRECTION('ref_axis',(1.,-3.33066907387548E-15,0.));
#2102=DIRECTION('center_axis',(1.,0.,0.));
#2103=DIRECTION('ref_axis',(0.,1.,0.));
#2104=DIRECTION('',(0.,0.,1.));
#2105=DIRECTION('',(0.,1.,0.));
#2106=DIRECTION('center_axis',(0.,0.,1.));
#2107=DIRECTION('ref_axis',(1.,0.,0.));
#2108=DIRECTION('center_axis',(0.,0.,1.));
#2109=DIRECTION('ref_axis',(1.,0.,0.));
#2110=DIRECTION('',(0.,0.,1.));
#2111=DIRECTION('center_axis',(0.,0.,1.));
#2112=DIRECTION('ref_axis',(1.,0.,0.));
#2113=DIRECTION('center_axis',(0.,0.,1.));
#2114=DIRECTION('ref_axis',(1.,0.,0.));
#2115=DIRECTION('center_axis',(0.,0.,-1.));
#2116=DIRECTION('ref_axis',(1.,0.,0.));
#2117=DIRECTION('center_axis',(0.,0.,1.));
#2118=DIRECTION('ref_axis',(1.,0.,0.));
#2119=DIRECTION('center_axis',(0.,0.,1.));
#2120=DIRECTION('ref_axis',(1.,0.,0.));
#2121=DIRECTION('',(0.,0.,1.));
#2122=DIRECTION('center_axis',(0.,0.,1.));
#2123=DIRECTION('ref_axis',(1.,0.,0.));
#2124=DIRECTION('center_axis',(0.,0.,1.));
#2125=DIRECTION('ref_axis',(1.,0.,0.));
#2126=DIRECTION('center_axis',(0.,0.,-1.));
#2127=DIRECTION('ref_axis',(1.,0.,0.));
#2128=DIRECTION('center_axis',(0.,0.,1.));
#2129=DIRECTION('ref_axis',(1.,0.,0.));
#2130=DIRECTION('center_axis',(0.,0.,1.));
#2131=DIRECTION('ref_axis',(1.,0.,0.));
#2132=DIRECTION('',(0.,0.,1.));
#2133=DIRECTION('center_axis',(0.,0.,1.));
#2134=DIRECTION('ref_axis',(1.,0.,0.));
#2135=DIRECTION('center_axis',(0.,0.,1.));
#2136=DIRECTION('ref_axis',(1.,0.,0.));
#2137=DIRECTION('center_axis',(0.,0.,-1.));
#2138=DIRECTION('ref_axis',(1.,0.,0.));
#2139=DIRECTION('center_axis',(0.,0.,1.));
#2140=DIRECTION('ref_axis',(1.,0.,0.));
#2141=DIRECTION('center_axis',(0.,0.,1.));
#2142=DIRECTION('ref_axis',(1.,0.,0.));
#2143=DIRECTION('',(0.,0.,1.));
#2144=DIRECTION('center_axis',(0.,0.,1.));
#2145=DIRECTION('ref_axis',(1.,0.,0.));
#2146=DIRECTION('center_axis',(0.,0.,1.));
#2147=DIRECTION('ref_axis',(1.,0.,0.));
#2148=DIRECTION('center_axis',(0.,0.,-1.));
#2149=DIRECTION('ref_axis',(1.,0.,0.));
#2150=DIRECTION('center_axis',(-1.,1.36105302364149E-15,0.));
#2151=DIRECTION('ref_axis',(-1.36105302364149E-15,-1.,0.));
#2152=DIRECTION('',(1.36105302364149E-15,1.,0.));
#2153=DIRECTION('',(0.,0.,1.));
#2154=DIRECTION('',(0.,0.,1.));
#2155=DIRECTION('center_axis',(0.999998172038128,-0.00191204612956814,0.));
#2156=DIRECTION('ref_axis',(0.00191204612956814,0.999998172038129,0.));
#2157=DIRECTION('',(-0.00191204612956814,-0.999998172038129,0.));
#2158=DIRECTION('',(0.,0.,1.));
#2159=DIRECTION('center_axis',(0.,0.,1.));
#2160=DIRECTION('ref_axis',(0.00191204612956518,0.999998172038129,0.));
#2161=DIRECTION('center_axis',(0.,0.,1.));
#2162=DIRECTION('ref_axis',(0.00191204612956518,0.999998172038129,0.));
#2163=DIRECTION('center_axis',(0.,0.,1.));
#2164=DIRECTION('ref_axis',(1.,0.,0.));
#2165=DIRECTION('center_axis',(0.,0.,1.));
#2166=DIRECTION('ref_axis',(1.55431223447522E-14,-1.,0.));
#2167=DIRECTION('',(0.,0.,1.));
#2168=DIRECTION('center_axis',(-1.25727599268461E-15,1.,0.));
#2169=DIRECTION('ref_axis',(-1.,-1.25727599268461E-15,0.));
#2170=DIRECTION('',(0.,0.,1.));
#2171=DIRECTION('center_axis',(0.,0.,1.));
#2172=DIRECTION('ref_axis',(-1.,4.4408920985006E-15,0.));
#2173=DIRECTION('',(0.,0.,1.));
#2174=DIRECTION('center_axis',(1.,0.,0.));
#2175=DIRECTION('ref_axis',(0.,1.,0.));
#2176=DIRECTION('',(0.,0.,1.));
#2177=DIRECTION('center_axis',(0.,0.,1.));
#2178=DIRECTION('ref_axis',(0.000381255307360106,0.999999927322193,0.));
#2179=DIRECTION('center_axis',(0.,0.,1.));
#2180=DIRECTION('ref_axis',(1.,-8.88178419700128E-15,0.));
#2181=DIRECTION('',(0.,0.,1.));
#2182=DIRECTION('center_axis',(-1.,0.,0.));
#2183=DIRECTION('ref_axis',(0.,-1.,0.));
#2184=DIRECTION('',(0.,0.,1.));
#2185=DIRECTION('center_axis',(0.,0.,1.));
#2186=DIRECTION('ref_axis',(0.861254818367765,-0.508173334442401,0.));
#2187=DIRECTION('',(0.,0.,1.));
#2188=DIRECTION('center_axis',(-0.861254818367788,0.508173334442361,0.));
#2189=DIRECTION('ref_axis',(-0.508173334442361,-0.861254818367788,0.));
#2190=DIRECTION('',(0.,0.,1.));
#2191=DIRECTION('center_axis',(-0.867647162339068,0.497180451833098,0.));
#2192=DIRECTION('ref_axis',(-0.497180451833098,-0.867647162339068,0.));
#2193=DIRECTION('',(0.,0.,1.));
#2194=DIRECTION('center_axis',(0.,0.,1.));
#2195=DIRECTION('ref_axis',(-0.497180451833009,-0.867647162339119,0.));
#2196=DIRECTION('center_axis',(0.,0.,1.));
#2197=DIRECTION('ref_axis',(1.,0.,0.));
#2198=DIRECTION('',(0.,0.,-1.));
#2199=DIRECTION('center_axis',(0.,0.,1.));
#2200=DIRECTION('ref_axis',(1.,0.,0.));
#2201=DIRECTION('',(0.,0.,-1.));
#2202=DIRECTION('center_axis',(0.,0.,1.));
#2203=DIRECTION('ref_axis',(1.,0.,0.));
#2204=DIRECTION('',(0.,0.,-1.));
#2205=DIRECTION('center_axis',(0.,0.,1.));
#2206=DIRECTION('ref_axis',(1.,0.,0.));
#2207=DIRECTION('',(0.,0.,-1.));
#2208=DIRECTION('center_axis',(0.,0.,1.));
#2209=DIRECTION('ref_axis',(0.861254818367788,-0.508173334442362,0.));
#2210=DIRECTION('',(0.,0.,1.));
#2211=DIRECTION('center_axis',(0.,0.,1.));
#2212=DIRECTION('ref_axis',(0.861254818367788,-0.508173334442362,0.));
#2213=DIRECTION('center_axis',(0.861254818367787,-0.508173334442364,0.));
#2214=DIRECTION('ref_axis',(0.508173334442364,0.861254818367787,0.));
#2215=DIRECTION('',(0.,0.,1.));
#2216=DIRECTION('',(0.508173334442364,0.861254818367787,0.));
#2217=DIRECTION('center_axis',(0.867647162339073,-0.49718045183309,0.));
#2218=DIRECTION('ref_axis',(0.49718045183309,0.867647162339072,0.));
#2219=DIRECTION('',(0.,0.,1.));
#2220=DIRECTION('',(0.49718045183309,0.867647162339072,0.));
#2221=DIRECTION('center_axis',(0.,0.,1.));
#2222=DIRECTION('ref_axis',(-0.497180451833012,-0.867647162339117,0.));
#2223=DIRECTION('',(0.,0.,1.));
#2224=DIRECTION('center_axis',(0.,0.,1.));
#2225=DIRECTION('ref_axis',(-0.497180451833012,-0.867647162339117,0.));
#2226=DIRECTION('center_axis',(-0.49718045183303,-0.867647162339107,0.));
#2227=DIRECTION('ref_axis',(0.867647162339107,-0.49718045183303,0.));
#2228=DIRECTION('',(0.,0.,1.));
#2229=DIRECTION('',(0.867647162339107,-0.49718045183303,0.));
#2230=DIRECTION('center_axis',(-0.258670904572813,-0.96596550824938,0.));
#2231=DIRECTION('ref_axis',(0.96596550824938,-0.258670904572814,0.));
#2232=DIRECTION('',(0.,0.,1.));
#2233=DIRECTION('',(0.96596550824938,-0.258670904572814,0.));
#2234=DIRECTION('center_axis',(2.08203140033387E-15,-1.,0.));
#2235=DIRECTION('ref_axis',(1.,2.08203140033387E-15,0.));
#2236=DIRECTION('',(0.,0.,1.));
#2237=DIRECTION('',(1.,2.08203140033387E-15,0.));
#2238=DIRECTION('center_axis',(0.,0.,1.));
#2239=DIRECTION('ref_axis',(-0.999999976281282,-0.000217801368534998,0.));
#2240=DIRECTION('',(0.,0.,1.));
#2241=DIRECTION('center_axis',(0.,0.,1.));
#2242=DIRECTION('ref_axis',(-0.999999976281282,-0.000217801368534998,0.));
#2243=DIRECTION('center_axis',(-0.999999976281282,-0.000217801368536189,
0.));
#2244=DIRECTION('ref_axis',(0.000217801368536189,-0.999999976281282,0.));
#2245=DIRECTION('',(0.000217801368536189,-0.999999976281282,0.));
#2246=DIRECTION('center_axis',(0.,0.,1.));
#2247=DIRECTION('ref_axis',(1.,0.,0.));
#2248=CARTESIAN_POINT('',(0.,0.,0.));
#2249=CARTESIAN_POINT('Origin',(75.8551931268077,53.004867153177,9.414469557));
#2250=CARTESIAN_POINT('',(82.3068785184796,46.0024069049567,9.414469557));
#2251=CARTESIAN_POINT('',(75.8525243396563,46.0048676619217,9.414469557));
#2252=CARTESIAN_POINT('',(13.3942987455696,46.0286801936473,9.414469557));
#2253=CARTESIAN_POINT('',(82.309547305631,53.002406396212,9.414469557));
#2254=CARTESIAN_POINT('',(82.309547305631,53.002406396212,9.414469557));
#2255=CARTESIAN_POINT('',(75.8551931268077,53.004867153177,9.414469557));
#2256=CARTESIAN_POINT('',(81.7382143942285,53.0026242199326,9.414469557));
#2257=CARTESIAN_POINT('',(75.8551931268077,53.004867153177,9.414469557));
#2258=CARTESIAN_POINT('Origin',(75.6018409166339,53.0049637450588,9.438408352));
#2259=CARTESIAN_POINT('',(75.5991721294825,46.0049642538035,9.438408352));
#2260=CARTESIAN_POINT('',(14.261158656134,46.0283496986816,15.2341270048519));
#2261=CARTESIAN_POINT('',(75.6018409166339,53.0049637450588,9.438408352));
#2262=CARTESIAN_POINT('',(82.0003215872681,53.0025242901669,8.83382741315332));
#2263=CARTESIAN_POINT('',(75.6018409166339,53.0049637450588,9.438408352));
#2264=CARTESIAN_POINT('Origin',(75.3724274959804,53.0050512101494,9.511079695));
#2265=CARTESIAN_POINT('',(75.369758708829,46.005051718894,9.511079695));
#2266=CARTESIAN_POINT('',(20.1956818139566,46.0260871300667,26.9885849573991));
#2267=CARTESIAN_POINT('',(75.3724274959804,53.0050512101494,9.511079695));
#2268=CARTESIAN_POINT('',(82.3073694115055,53.0024072265458,7.31429651992369));
#2269=CARTESIAN_POINT('',(75.3724274959804,53.0050512101494,9.511079695));
#2270=CARTESIAN_POINT('Origin',(75.1552684595457,53.0051340031906,9.631628626));
#2271=CARTESIAN_POINT('',(75.1525996723943,46.0051345119352,9.631628626));
#2272=CARTESIAN_POINT('',(29.7184845406016,46.0224565107225,34.8529323303694));
#2273=CARTESIAN_POINT('',(75.1552684595457,53.0051340031906,9.631628626));
#2274=CARTESIAN_POINT('',(81.9635759171834,53.0025382996497,5.85221332092134));
#2275=CARTESIAN_POINT('',(75.1552684595457,53.0051340031906,9.631628626));
#2276=CARTESIAN_POINT('Origin',(74.9743025942193,53.0052029973922,9.7766863250447));
#2277=CARTESIAN_POINT('',(74.9716338070679,46.0052035061368,9.7766863250447));
#2278=CARTESIAN_POINT('',(39.5995666752458,46.0186892954426,38.1300482109542));
#2279=CARTESIAN_POINT('',(74.9743025942193,53.0052029973922,9.7766863250447));
#2280=CARTESIAN_POINT('',(81.2097366572614,53.0028257048893,4.77851876400586));
#2281=CARTESIAN_POINT('',(74.9743025942193,53.0052029973922,9.7766863250447));
#2282=CARTESIAN_POINT('Origin',(74.8175605086335,53.0052627561485,9.969621611));
#2283=CARTESIAN_POINT('',(74.8148917214821,46.0052632648932,9.969621611));
#2284=CARTESIAN_POINT('',(52.6278095438901,46.0137222083426,37.2799067105549));
#2285=CARTESIAN_POINT('',(74.8175605086335,53.0052627561485,9.969621611));
#2286=CARTESIAN_POINT('',(79.8024517792591,53.003362239757,3.83367274213235));
#2287=CARTESIAN_POINT('',(74.8175605086335,53.0052627561485,9.969621611));
#2288=CARTESIAN_POINT('Origin',(74.7092659743747,53.0053040440175,10.174526299));
#2289=CARTESIAN_POINT('',(74.7065971872233,46.0053045527621,10.174526299));
#2290=CARTESIAN_POINT('',(63.2963553647295,46.0096547683312,31.7639080406089));
#2291=CARTESIAN_POINT('',(74.7092659743747,53.0053040440175,10.174526299));
#2292=CARTESIAN_POINT('',(78.2204890213504,53.0039653714983,3.53092172686421));
#2293=CARTESIAN_POINT('',(74.7092659743747,53.0053040440175,10.174526299));
#2294=CARTESIAN_POINT('Origin',(74.6365946429379,53.0053317503503,10.415909149));
#2295=CARTESIAN_POINT('',(74.6339258557865,46.005332259095,10.415909149));
#2296=CARTESIAN_POINT('',(70.9315228758001,46.0067438199836,22.7136965362406));
#2297=CARTESIAN_POINT('',(74.6365946429379,53.0053317503503,10.415909149));
#2298=CARTESIAN_POINT('',(76.6137620482429,53.0045779447287,3.84861096161773));
#2299=CARTESIAN_POINT('',(74.6365946429379,53.0053317503503,10.415909149));
#2300=CARTESIAN_POINT('Origin',(74.6286490518697,53.0053347796493,10.5));
#2301=CARTESIAN_POINT('',(74.6259802647183,46.005335288394,10.5));
#2302=CARTESIAN_POINT('',(74.5703867549152,46.0053564837161,11.0883647307462));
#2303=CARTESIAN_POINT('',(74.6286490518697,53.0053347796493,10.5));
#2304=CARTESIAN_POINT('',(75.1778080853372,53.005125409838,4.68806605290981));
#2305=CARTESIAN_POINT('',(74.6177621364678,24.4498906952376,10.5));
#2306=CARTESIAN_POINT('Origin',(83.5281457895009,53.0019417990388,10.415909149));
#2307=CARTESIAN_POINT('',(83.5334225934176,46.0019392784845,10.5));
#2308=CARTESIAN_POINT('',(83.5254770023495,46.0019423077835,10.415909149));
#2309=CARTESIAN_POINT('',(82.4510987476484,46.0023519202249,-0.95459569562249));
#2310=CARTESIAN_POINT('',(83.536091380569,53.0019387697398,10.5));
#2311=CARTESIAN_POINT('',(83.5252044651671,24.4464946853281,10.5));
#2312=CARTESIAN_POINT('',(83.5281457895009,53.0019417990388,10.415909149));
#2313=CARTESIAN_POINT('',(83.0585200780709,53.0021208463467,5.44570298221618));
#2314=CARTESIAN_POINT('',(83.5281457895009,53.0019417990388,10.415909149));
#2315=CARTESIAN_POINT('Origin',(83.4557594430226,53.0019693967196,10.174526298));
#2316=CARTESIAN_POINT('',(83.4530906558712,46.0019699054642,10.174526298));
#2317=CARTESIAN_POINT('',(76.5864514179677,46.0045878483076,-12.7232857435532));
#2318=CARTESIAN_POINT('',(83.4557594430226,53.0019693967196,10.174526298));
#2319=CARTESIAN_POINT('',(82.2279005538739,53.0024375244717,6.08005139067101));
#2320=CARTESIAN_POINT('',(83.4557594430226,53.0019693967196,10.174526298));
#2321=CARTESIAN_POINT('Origin',(83.3471799258052,53.0020107932398,9.969621614));
#2322=CARTESIAN_POINT('',(83.3445111386538,46.0020113019844,9.969621614));
#2323=CARTESIAN_POINT('',(66.7678026178805,46.0083312605456,-21.3129380091843));
#2324=CARTESIAN_POINT('',(83.3471799258052,53.0020107932398,9.969621614));
#2325=CARTESIAN_POINT('',(81.7533333775965,53.0026184557395,6.96181100961713));
#2326=CARTESIAN_POINT('',(83.3471799258052,53.0020107932398,9.969621614));
#2327=CARTESIAN_POINT('Origin',(83.1904378360352,53.0020705519977,9.77668632290797));
#2328=CARTESIAN_POINT('',(83.1877690488838,46.0020710607424,9.77668632290797));
#2329=CARTESIAN_POINT('',(54.5042650127066,46.0130067996841,-25.530104653776));
#2330=CARTESIAN_POINT('',(83.1904378360352,53.0020705519977,9.77668632290797));
#2331=CARTESIAN_POINT('',(81.6789072503943,53.0026468310976,7.91612931513173));
#2332=CARTESIAN_POINT('',(83.1904378360352,53.0020705519977,9.77668632290797));
#2333=CARTESIAN_POINT('Origin',(83.009186989411,53.00213965485,9.6316286272375));
#2334=CARTESIAN_POINT('',(83.0065182022596,46.0021401635947,9.6316286272375));
#2335=CARTESIAN_POINT('',(40.4041127303131,46.0183825579669,-24.4636977277994));
#2336=CARTESIAN_POINT('',(83.009186989411,53.00213965485,9.6316286272375));
#2337=CARTESIAN_POINT('',(82.0654878879136,53.0024994451671,8.87637247467834));
#2338=CARTESIAN_POINT('',(83.009186989411,53.00213965485,9.6316286272375));
#2339=CARTESIAN_POINT('Origin',(82.7920279494997,53.0022224478925,9.511079694));
#2340=CARTESIAN_POINT('',(82.7893591623483,46.0022229566372,9.511079694));
#2341=CARTESIAN_POINT('',(30.3747229194435,46.0222063163395,-19.5852383211057));
#2342=CARTESIAN_POINT('',(82.7920279494997,53.0022224478925,9.511079694));
#2343=CARTESIAN_POINT('',(82.6198142332211,53.0022881052906,9.41548072747882));
#2344=CARTESIAN_POINT('',(82.7920279494997,53.0022224478925,9.511079694));
#2345=CARTESIAN_POINT('Origin',(82.5628995168048,53.0023098043299,9.438408352));
#2346=CARTESIAN_POINT('',(82.5602307296534,46.0023103130746,9.438408352));
#2347=CARTESIAN_POINT('',(21.4033514267333,46.0256266995839,-9.95836593394685));
#2348=CARTESIAN_POINT('',(82.5628995168048,53.0023098043299,9.438408352));
#2349=CARTESIAN_POINT('',(83.5009442135538,53.0019521697847,9.73592257215576));
#2350=CARTESIAN_POINT('',(82.5628995168048,53.0023098043299,9.438408352));
#2351=CARTESIAN_POINT('Origin',(82.309547305631,53.002406396212,9.414469557));
#2352=CARTESIAN_POINT('',(16.761884703265,46.0273962835347,3.22124091711968));
#2353=CARTESIAN_POINT('',(84.5010476391308,53.0015708750181,9.62154048400324));
#2354=CARTESIAN_POINT('Origin',(-49.0639268485172,46.0524927253729,0.));
#2355=CARTESIAN_POINT('',(-49.0639268485172,46.0524927253729,10.5));
#2356=CARTESIAN_POINT('',(-14.8839415235908,46.0394614236158,10.5));
#2357=CARTESIAN_POINT('',(-49.0639268485172,46.0524927253729,2.));
#2358=CARTESIAN_POINT('',(-49.0639268485172,46.0524927253729,0.));
#2359=CARTESIAN_POINT('',(87.6185668744981,46.0003817954328,2.));
#2360=CARTESIAN_POINT('',(-14.8839415235908,46.0394614236158,2.));
#2361=CARTESIAN_POINT('',(87.6185668744981,46.0003817954328,10.5));
#2362=CARTESIAN_POINT('',(87.6185668744981,46.0003817954328,0.));
#2363=CARTESIAN_POINT('',(-14.8839415235908,46.0394614236158,10.5));
#2364=CARTESIAN_POINT('Origin',(-43.5556081038245,39.8338730755316,6.9));
#2365=CARTESIAN_POINT('',(-40.1056081038245,39.8338730755316,6.9));
#2366=CARTESIAN_POINT('Origin',(-43.5556081038245,39.8338730755316,6.9));
#2367=CARTESIAN_POINT('',(-41.1056081038245,39.8338730755316,6.9));
#2368=CARTESIAN_POINT('Origin',(-43.5556081038245,39.8338730755316,6.9));
#2369=CARTESIAN_POINT('Origin',(80.2693918961754,-12.5536269244684,6.9));
#2370=CARTESIAN_POINT('',(83.7193918961754,-12.5536269244684,6.9));
#2371=CARTESIAN_POINT('Origin',(80.2693918961754,-12.5536269244684,6.9));
#2372=CARTESIAN_POINT('',(82.7193918961754,-12.5536269244684,6.9));
#2373=CARTESIAN_POINT('Origin',(80.2693918961754,-12.5536269244684,6.9));
#2374=CARTESIAN_POINT('Origin',(80.2693918961754,-12.5536269244684,2.));
#2375=CARTESIAN_POINT('',(82.7193918961754,-12.5536269244684,2.));
#2376=CARTESIAN_POINT('',(82.7193918961754,-12.5536269244684,2.));
#2377=CARTESIAN_POINT('Origin',(80.2693918961754,-12.5536269244684,2.));
#2378=CARTESIAN_POINT('Origin',(80.2693918961754,-12.5536269244684,2.));
#2379=CARTESIAN_POINT('',(83.7193918961754,-12.5536269244684,2.));
#2380=CARTESIAN_POINT('',(83.7193918961754,-12.5536269244684,2.));
#2381=CARTESIAN_POINT('Origin',(80.2693918961754,-12.5536269244684,2.));
#2382=CARTESIAN_POINT('Origin',(19.2769387576831,-4.08445855570937,2.));
#2383=CARTESIAN_POINT('',(72.1398146433606,-54.0890570718085,2.));
#2384=CARTESIAN_POINT('',(55.7287128329635,-44.6851433989114,2.));
#2385=CARTESIAN_POINT('',(41.4564995472422,-36.5068587711805,2.));
#2386=CARTESIAN_POINT('',(73.5046422575327,-53.7185903613025,2.));
#2387=CARTESIAN_POINT('Origin',(72.6369950951936,-53.2214099094694,2.));
#2388=CARTESIAN_POINT('',(73.7619694098075,-53.2695196614372,2.));
#2389=CARTESIAN_POINT('',(77.6365927610324,-46.5077776351206,2.));
#2390=CARTESIAN_POINT('',(88.4794404375586,-28.3262729821362,2.));
#2391=CARTESIAN_POINT('',(84.8489265105162,-34.4792869261827,2.));
#2392=CARTESIAN_POINT('',(88.6181856191908,-27.8180996476939,2.));
#2393=CARTESIAN_POINT('Origin',(87.6181856191909,-27.8180996476939,2.));
#2394=CARTESIAN_POINT('',(88.6181856191908,45.0003818681106,2.));
#2395=CARTESIAN_POINT('',(88.6181856191908,20.4579616562006,2.));
#2396=CARTESIAN_POINT('Origin',(87.6181856191908,45.0003818681106,2.));
#2397=CARTESIAN_POINT('',(-50.0643081038245,45.0524927980507,2.));
#2398=CARTESIAN_POINT('Origin',(-49.0643081038245,45.0524927980507,2.));
#2399=CARTESIAN_POINT('',(-50.0643081038245,-23.4471269244684,2.));
#2400=CARTESIAN_POINT('',(-50.0643081038245,-13.7657927400889,2.));
#2401=CARTESIAN_POINT('',(-49.0643081038245,-24.4471269244684,2.));
#2402=CARTESIAN_POINT('Origin',(-49.0643081038245,-23.4471269244684,2.));
#2403=CARTESIAN_POINT('',(-10.0815081038245,-24.4471269244683,2.));
#2404=CARTESIAN_POINT('',(4.5977153269293,-24.4471269244683,2.));
#2405=CARTESIAN_POINT('',(-9.08150810382454,-23.4471269244684,2.));
#2406=CARTESIAN_POINT('Origin',(-10.0815081038245,-23.4471269244683,2.));
#2407=CARTESIAN_POINT('',(-9.08150810382454,-21.3474495509976,2.));
#2408=CARTESIAN_POINT('',(-9.08150810382453,-12.7159540533535,2.));
#2409=CARTESIAN_POINT('',(-9.08224212606473,-21.383893194519,2.));
#2410=CARTESIAN_POINT('Origin',(-8.08224395402659,-21.3858052406486,2.));
#2411=CARTESIAN_POINT('',(-9.08150810382454,-21.0000003129244,2.));
#2412=CARTESIAN_POINT('',(-9.08150810382454,-21.0000003129244,2.));
#2413=CARTESIAN_POINT('',(-9.08150810382454,-23.4471269244684,2.));
#2414=CARTESIAN_POINT('',(-8.08033190789703,-20.3858070686104,2.));
#2415=CARTESIAN_POINT('Origin',(-8.08224395402659,-21.3858052406486,2.));
#2416=CARTESIAN_POINT('',(-8.06497646199765,-20.385836428985,2.));
#2417=CARTESIAN_POINT('',(5.59034670316196,-20.4119460845204,2.));
#2418=CARTESIAN_POINT('',(15.484706825915,-20.5502469045198,2.));
#2419=CARTESIAN_POINT('',(17.3232558023199,-20.5630826062916,2.));
#2420=CARTESIAN_POINT('',(16.4777011963224,-21.5572037955231,2.));
#2421=CARTESIAN_POINT('Origin',(15.477725565617,-21.5502225352252,2.));
#2422=CARTESIAN_POINT('',(16.4766995162673,-21.7006815634507,2.));
#2423=CARTESIAN_POINT('',(16.5382579759229,-12.8832249879572,2.));
#2424=CARTESIAN_POINT('',(16.4804102991485,-38.7381447258369,2.));
#2425=CARTESIAN_POINT('',(16.4766365554317,-21.4116070065696,2.));
#2426=CARTESIAN_POINT('',(17.4804102754298,-39.7379269244684,2.));
#2427=CARTESIAN_POINT('Origin',(17.4804102754298,-38.7379269244683,2.));
#2428=CARTESIAN_POINT('',(37.2511870162866,-39.7379269244683,2.));
#2429=CARTESIAN_POINT('',(28.2640628869849,-39.7379269244683,2.));
#2430=CARTESIAN_POINT('',(37.5098579208594,-39.771961416219,2.));
#2431=CARTESIAN_POINT('Origin',(37.2511870162867,-40.7379269244678,2.));
#2432=CARTESIAN_POINT('',(55.4902032857032,-44.5868250530011,2.));
#2433=CARTESIAN_POINT('',(33.5349914340505,-38.7075524896907,2.));
#2434=CARTESIAN_POINT('Origin',(55.2315323811304,-45.5527905612506,2.));
#2435=CARTESIAN_POINT('',(-40.1056081038245,39.8338730755316,2.));
#2436=CARTESIAN_POINT('Origin',(-43.5556081038245,39.8338730755316,2.));
#2437=CARTESIAN_POINT('Origin',(-43.5556081038245,39.8338730755316,2.));
#2438=CARTESIAN_POINT('',(-41.1056081038245,39.8338730755316,2.));
#2439=CARTESIAN_POINT('',(-41.1056081038245,39.8338730755316,2.));
#2440=CARTESIAN_POINT('Origin',(-43.5556081038245,39.8338730755316,2.));
#2441=CARTESIAN_POINT('Origin',(-43.5556081038245,39.8338730755316,2.));
#2442=CARTESIAN_POINT('',(-40.1056081038245,39.8338730755316,2.));
#2443=CARTESIAN_POINT('Origin',(19.2769387576831,-4.08445855570937,2.));
#2444=CARTESIAN_POINT('Origin',(19.2769387576831,-4.08445855570938,10.5));
#2445=CARTESIAN_POINT('',(88.6181856191908,45.0003818681106,10.5));
#2446=CARTESIAN_POINT('Origin',(87.6181856191908,45.0003818681106,10.5));
#2447=CARTESIAN_POINT('',(88.6181856191908,-27.8180996476939,10.5));
#2448=CARTESIAN_POINT('',(88.6181856191908,20.4579616562006,10.5));
#2449=CARTESIAN_POINT('',(88.4794404375586,-28.3262729821362,10.5));
#2450=CARTESIAN_POINT('Origin',(87.6181856191909,-27.8180996476939,10.5));
#2451=CARTESIAN_POINT('',(73.7619694098075,-53.2695196614372,10.5));
#2452=CARTESIAN_POINT('',(84.8489265105162,-34.4792869261827,10.5));
#2453=CARTESIAN_POINT('',(73.5046422575327,-53.7185903613025,10.5));
#2454=CARTESIAN_POINT('',(77.6365927610324,-46.5077776351206,10.5));
#2455=CARTESIAN_POINT('',(72.1398146433606,-54.0890570718085,10.5));
#2456=CARTESIAN_POINT('Origin',(72.6369950951936,-53.2214099094694,10.5));
#2457=CARTESIAN_POINT('',(55.7287128329635,-44.6851433989114,10.5));
#2458=CARTESIAN_POINT('',(41.4564995472422,-36.5068587711805,10.5));
#2459=CARTESIAN_POINT('',(55.4902032857032,-44.5868250530011,10.5));
#2460=CARTESIAN_POINT('Origin',(55.2315323811304,-45.5527905612506,10.5));
#2461=CARTESIAN_POINT('',(37.5098579208594,-39.771961416219,10.5));
#2462=CARTESIAN_POINT('',(33.5349914340505,-38.7075524896907,10.5));
#2463=CARTESIAN_POINT('',(37.2511870162866,-39.7379269244683,10.5));
#2464=CARTESIAN_POINT('Origin',(37.2511870162867,-40.7379269244678,10.5));
#2465=CARTESIAN_POINT('',(17.4804102754298,-39.7379269244684,10.5));
#2466=CARTESIAN_POINT('',(28.2640628869849,-39.7379269244683,10.5));
#2467=CARTESIAN_POINT('',(16.4804102991485,-38.7381447258369,10.5));
#2468=CARTESIAN_POINT('Origin',(17.4804102754298,-38.7379269244683,10.5));
#2469=CARTESIAN_POINT('',(16.4766995162673,-21.7006815634507,10.5));
#2470=CARTESIAN_POINT('',(16.4766365554317,-21.4116070065696,10.5));
#2471=CARTESIAN_POINT('',(16.4777011963224,-21.5572037955231,10.5));
#2472=CARTESIAN_POINT('',(16.5382579759229,-12.8832249879572,10.5));
#2473=CARTESIAN_POINT('',(15.484706825915,-20.5502469045198,10.5));
#2474=CARTESIAN_POINT('Origin',(15.477725565617,-21.5502225352252,10.5));
#2475=CARTESIAN_POINT('',(-8.06497646199765,-20.385836428985,10.5));
#2476=CARTESIAN_POINT('',(17.3232558023199,-20.5630826062916,10.5));
#2477=CARTESIAN_POINT('',(-8.08033190789703,-20.3858070686104,10.5));
#2478=CARTESIAN_POINT('',(5.59034670316196,-20.4119460845204,10.5));
#2479=CARTESIAN_POINT('',(-9.08150810382454,-21.3474495509976,10.5));
#2480=CARTESIAN_POINT('Origin',(-8.08224395402659,-21.3858052406486,10.5));
#2481=CARTESIAN_POINT('',(-9.08150810382454,-23.4471269244684,10.5));
#2482=CARTESIAN_POINT('',(-9.08150810382453,-12.7159540533535,10.5));
#2483=CARTESIAN_POINT('',(-10.0815081038245,-24.4471269244683,10.5));
#2484=CARTESIAN_POINT('Origin',(-10.0815081038245,-23.4471269244683,10.5));
#2485=CARTESIAN_POINT('',(-49.0643081038245,-24.4471269244684,10.5));
#2486=CARTESIAN_POINT('',(4.5977153269293,-24.4471269244683,10.5));
#2487=CARTESIAN_POINT('',(-50.0643081038245,-23.4471269244684,10.5));
#2488=CARTESIAN_POINT('Origin',(-49.0643081038245,-23.4471269244684,10.5));
#2489=CARTESIAN_POINT('',(-50.0643081038245,45.0524927980507,10.5));
#2490=CARTESIAN_POINT('',(-50.0643081038245,-13.7657927400889,10.5));
#2491=CARTESIAN_POINT('Origin',(-49.0643081038245,45.0524927980507,10.5));
#2492=CARTESIAN_POINT('',(-49.0612580613658,53.0524922166282,10.5));
#2493=CARTESIAN_POINT('',(53.4599741250681,53.0134054499011,10.5));
#2494=CARTESIAN_POINT('',(-57.0643081038245,45.0524927980507,10.5));
#2495=CARTESIAN_POINT('Origin',(-49.0643081038245,45.0524927980506,10.5));
#2496=CARTESIAN_POINT('',(-57.0643081038245,-23.4471269244684,10.5));
#2497=CARTESIAN_POINT('',(-57.0643081038245,20.4840171211706,10.5));
#2498=CARTESIAN_POINT('',(-49.0643081038245,-31.4471269244683,10.5));
#2499=CARTESIAN_POINT('Origin',(-49.0643081038245,-23.4471269244684,10.5));
#2500=CARTESIAN_POINT('',(-10.0815081038245,-31.4471269244683,10.5));
#2501=CARTESIAN_POINT('',(-14.8936846730707,-31.4471269244683,10.5));
#2502=CARTESIAN_POINT('',(-3.13794537443309,-27.4204047429711,10.5));
#2503=CARTESIAN_POINT('Origin',(-10.0815081038246,-23.4471269244683,10.5));
#2504=CARTESIAN_POINT('',(9.47796429711442,-27.5084818386604,10.5));
#2505=CARTESIAN_POINT('',(7.98749529110295,-27.4980762329862,10.5));
#2506=CARTESIAN_POINT('',(9.48041046517952,-38.7396693354167,10.5));
#2507=CARTESIAN_POINT('',(9.47541363743021,-15.7975378677713,10.5));
#2508=CARTESIAN_POINT('',(17.4804102754297,-46.7379269244684,10.5));
#2509=CARTESIAN_POINT('Origin',(17.4804102754298,-38.7379269244684,10.5));
#2510=CARTESIAN_POINT('',(36.4617400901201,-46.7379269244684,10.5));
#2511=CARTESIAN_POINT('',(18.3786745165565,-46.7379269244684,10.5));
#2512=CARTESIAN_POINT('',(52.9256116526725,-51.1467018895022,10.5));
#2513=CARTESIAN_POINT('',(23.1154116702541,-43.1639827042972,10.5));
#2514=CARTESIAN_POINT('',(68.6595514805295,-60.1625872081824,10.5));
#2515=CARTESIAN_POINT('',(30.1092664704826,-38.0724462482142,10.5));
#2516=CARTESIAN_POINT('',(79.5781723939061,-57.1988535241343,10.5));
#2517=CARTESIAN_POINT('Origin',(72.6369950951936,-53.2214099094694,10.5));
#2518=CARTESIAN_POINT('',(79.813370978555,-56.7884001690107,10.5));
#2519=CARTESIAN_POINT('',(83.5814593212686,-50.2125761478846,10.5));
#2520=CARTESIAN_POINT('',(94.5082241661331,-31.8834863232328,10.5));
#2521=CARTESIAN_POINT('',(83.5302836453017,-50.4889571901684,10.5));
#2522=CARTESIAN_POINT('',(95.6181856191908,-27.8180996476936,10.5));
#2523=CARTESIAN_POINT('Origin',(87.6181856191908,-27.8180996476939,10.5));
#2524=CARTESIAN_POINT('',(95.6181856191908,45.0003818681106,10.5));
#2525=CARTESIAN_POINT('',(95.6181856191908,-15.9512791017015,10.5));
#2526=CARTESIAN_POINT('',(87.6212356616492,53.0003812866882,10.5));
#2527=CARTESIAN_POINT('Origin',(87.6181856191908,45.0003818681107,10.5));
#2528=CARTESIAN_POINT('',(53.4599741250681,53.0134054499011,10.5));
#2529=CARTESIAN_POINT('',(-53.8397812284225,48.3326037639491,10.5));
#2530=CARTESIAN_POINT('Origin',(-52.2397812284225,48.3326037639491,10.5));
#2531=CARTESIAN_POINT('',(71.4000010877848,-58.0000008642673,10.5));
#2532=CARTESIAN_POINT('Origin',(73.0000010877848,-58.0000008642673,10.5));
#2533=CARTESIAN_POINT('',(-53.6000007748604,-27.0000004023314,10.5));
#2534=CARTESIAN_POINT('Origin',(-52.0000007748604,-27.0000004023314,10.5));
#2535=CARTESIAN_POINT('',(88.9000013485551,48.5000007227063,10.5));
#2536=CARTESIAN_POINT('Origin',(90.5000013485551,48.5000007227063,10.5));
#2537=CARTESIAN_POINT('Origin',(-9.08150810382454,-21.3474495509976,0.));
#2538=CARTESIAN_POINT('',(-9.08150810382454,-21.3474495509976,10.));
#2539=CARTESIAN_POINT('',(-9.08150810382455,-23.4471269244684,0.));
#2540=CARTESIAN_POINT('Origin',(-8.08224395402659,-21.3858052406486,0.));
#2541=CARTESIAN_POINT('',(-8.08033190789703,-20.3858070686104,10.));
#2542=CARTESIAN_POINT('Origin',(-8.06497646199765,-20.385836428985,0.));
#2543=CARTESIAN_POINT('',(-8.06497646199765,-20.385836428985,10.));
#2544=CARTESIAN_POINT('Origin',(15.484706825915,-20.5502469045198,0.));
#2545=CARTESIAN_POINT('',(15.484706825915,-20.5502469045198,10.));
#2546=CARTESIAN_POINT('Origin',(15.477725565617,-21.5502225352252,0.));
#2547=CARTESIAN_POINT('',(16.4777011963224,-21.5572037955231,10.));
#2548=CARTESIAN_POINT('Origin',(16.4766995162673,-21.7006815634507,0.));
#2549=CARTESIAN_POINT('',(16.4766995162673,-21.7006815634507,10.));
#2550=CARTESIAN_POINT('Origin',(16.4804102991485,-38.7381447258369,0.));
#2551=CARTESIAN_POINT('',(16.4804102991485,-38.7381447258369,10.));
#2552=CARTESIAN_POINT('Origin',(17.4804102754298,-38.7379269244683,0.));
#2553=CARTESIAN_POINT('',(17.4804102754298,-39.7379269244684,10.));
#2554=CARTESIAN_POINT('Origin',(37.2511870162866,-39.7379269244683,0.));
#2555=CARTESIAN_POINT('',(37.2511870162866,-39.7379269244683,10.));
#2556=CARTESIAN_POINT('Origin',(37.2511870162867,-40.7379269244678,0.));
#2557=CARTESIAN_POINT('',(37.5098579208594,-39.771961416219,10.));
#2558=CARTESIAN_POINT('Origin',(55.4902032857032,-44.5868250530011,0.));
#2559=CARTESIAN_POINT('',(55.4902032857032,-44.5868250530011,10.));
#2560=CARTESIAN_POINT('Origin',(55.2315323811304,-45.5527905612506,0.));
#2561=CARTESIAN_POINT('',(55.7287128329635,-44.6851433989114,10.));
#2562=CARTESIAN_POINT('Origin',(72.1398146433606,-54.0890570718085,0.));
#2563=CARTESIAN_POINT('',(72.1398146433606,-54.0890570718085,0.));
#2564=CARTESIAN_POINT('Origin',(-3.13794537443309,-27.4204047429711,0.));
#2565=CARTESIAN_POINT('',(-3.13794537443309,-27.4204047429711,0.));
#2566=CARTESIAN_POINT('',(-3.13794537443309,-27.4204047429711,10.));
#2567=CARTESIAN_POINT('',(9.47796429711442,-27.5084818386604,0.));
#2568=CARTESIAN_POINT('',(-3.13794537443309,-27.4204047429711,0.));
#2569=CARTESIAN_POINT('',(9.47796429711442,-27.5084818386604,10.));
#2570=CARTESIAN_POINT('Origin',(-10.0815081038246,-23.4471269244683,0.));
#2571=CARTESIAN_POINT('',(-10.0815081038245,-31.4471269244683,0.));
#2572=CARTESIAN_POINT('',(-10.0815081038245,-31.4471269244683,10.));
#2573=CARTESIAN_POINT('Origin',(-10.0815081038246,-23.4471269244683,0.));
#2574=CARTESIAN_POINT('Origin',(-49.0643081038245,-31.4471269244683,0.));
#2575=CARTESIAN_POINT('',(-49.0643081038245,-31.4471269244683,0.));
#2576=CARTESIAN_POINT('',(-49.0643081038245,-31.4471269244683,10.));
#2577=CARTESIAN_POINT('',(-49.0643081038245,-31.4471269244683,0.));
#2578=CARTESIAN_POINT('Origin',(-49.0643081038245,-23.4471269244684,0.));
#2579=CARTESIAN_POINT('',(-57.0643081038245,-23.4471269244684,0.));
#2580=CARTESIAN_POINT('',(-57.0643081038245,-23.4471269244684,10.));
#2581=CARTESIAN_POINT('Origin',(-49.0643081038245,-23.4471269244684,0.));
#2582=CARTESIAN_POINT('Origin',(-57.0643081038245,45.0524927980507,0.));
#2583=CARTESIAN_POINT('',(-57.0643081038245,45.0524927980507,0.));
#2584=CARTESIAN_POINT('',(-57.0643081038245,45.0524927980507,10.));
#2585=CARTESIAN_POINT('',(-57.0643081038245,45.0524927980507,0.));
#2586=CARTESIAN_POINT('Origin',(-49.0643081038245,45.0524927980506,0.));
#2587=CARTESIAN_POINT('',(-49.0612580613658,53.0524922166282,0.));
#2588=CARTESIAN_POINT('',(-49.0612580613658,53.0524922166282,10.));
#2589=CARTESIAN_POINT('Origin',(-49.0643081038245,45.0524927980506,0.));
#2590=CARTESIAN_POINT('Origin',(87.6212356616492,53.0003812866882,0.));
#2591=CARTESIAN_POINT('',(87.6212356616492,53.0003812866882,0.));
#2592=CARTESIAN_POINT('',(87.6212356616492,53.0003812866882,10.));
#2593=CARTESIAN_POINT('',(87.6212356616492,53.0003812866882,0.));
#2594=CARTESIAN_POINT('Origin',(87.6181856191908,45.0003818681107,0.));
#2595=CARTESIAN_POINT('',(95.6181856191908,45.0003818681106,0.));
#2596=CARTESIAN_POINT('',(95.6181856191908,45.0003818681106,10.));
#2597=CARTESIAN_POINT('Origin',(87.6181856191908,45.0003818681107,0.));
#2598=CARTESIAN_POINT('Origin',(95.6181856191908,-27.8180996476936,0.));
#2599=CARTESIAN_POINT('',(95.6181856191908,-27.8180996476936,0.));
#2600=CARTESIAN_POINT('',(95.6181856191908,-27.8180996476936,0.));
#2601=CARTESIAN_POINT('',(95.6181856191908,-27.8180996476936,0.));
#2602=CARTESIAN_POINT('Origin',(-52.2397812284225,48.3326037639491,0.));
#2603=CARTESIAN_POINT('',(-54.9897812284225,48.3326037639491,0.));
#2604=CARTESIAN_POINT('Origin',(-52.2397812284225,48.3326037639491,0.));
#2605=CARTESIAN_POINT('',(-54.9897812284225,48.3326037639491,2.9));
#2606=CARTESIAN_POINT('',(-54.9897812284225,48.3326037639491,0.));
#2607=CARTESIAN_POINT('Origin',(-52.2397812284225,48.3326037639491,2.9));
#2608=CARTESIAN_POINT('Origin',(-52.2397812284225,48.3326037639491,2.9));
#2609=CARTESIAN_POINT('',(-53.8397812284225,48.3326037639491,2.9));
#2610=CARTESIAN_POINT('Origin',(-52.2397812284225,48.3326037639491,2.9));
#2611=CARTESIAN_POINT('Origin',(90.5000013485551,48.5000007227063,0.));
#2612=CARTESIAN_POINT('',(87.7500013485551,48.5000007227063,0.));
#2613=CARTESIAN_POINT('Origin',(90.5000013485551,48.5000007227063,0.));
#2614=CARTESIAN_POINT('',(87.7500013485551,48.5000007227063,2.9));
#2615=CARTESIAN_POINT('',(87.7500013485551,48.5000007227063,0.));
#2616=CARTESIAN_POINT('Origin',(90.5000013485551,48.5000007227063,2.9));
#2617=CARTESIAN_POINT('Origin',(90.5000013485551,48.5000007227063,2.9));
#2618=CARTESIAN_POINT('',(88.9000013485551,48.5000007227063,2.9));
#2619=CARTESIAN_POINT('Origin',(90.5000013485551,48.5000007227063,2.9));
#2620=CARTESIAN_POINT('Origin',(-52.0000007748604,-27.0000004023314,0.));
#2621=CARTESIAN_POINT('',(-54.7500007748604,-27.0000004023314,0.));
#2622=CARTESIAN_POINT('Origin',(-52.0000007748604,-27.0000004023314,0.));
#2623=CARTESIAN_POINT('',(-54.7500007748604,-27.0000004023314,2.9));
#2624=CARTESIAN_POINT('',(-54.7500007748604,-27.0000004023314,0.));
#2625=CARTESIAN_POINT('Origin',(-52.0000007748604,-27.0000004023314,2.9));
#2626=CARTESIAN_POINT('Origin',(-52.0000007748604,-27.0000004023314,2.9));
#2627=CARTESIAN_POINT('',(-53.6000007748604,-27.0000004023314,2.9));
#2628=CARTESIAN_POINT('Origin',(-52.0000007748604,-27.0000004023314,2.9));
#2629=CARTESIAN_POINT('Origin',(73.0000010877848,-58.0000008642673,0.));
#2630=CARTESIAN_POINT('',(70.2500010877848,-58.0000008642673,0.));
#2631=CARTESIAN_POINT('Origin',(73.0000010877848,-58.0000008642673,0.));
#2632=CARTESIAN_POINT('',(70.2500010877848,-58.0000008642673,2.9));
#2633=CARTESIAN_POINT('',(70.2500010877848,-58.0000008642673,0.));
#2634=CARTESIAN_POINT('Origin',(73.0000010877848,-58.0000008642673,2.9));
#2635=CARTESIAN_POINT('Origin',(73.0000010877848,-58.0000008642673,2.9));
#2636=CARTESIAN_POINT('',(71.4000010877848,-58.0000008642673,2.9));
#2637=CARTESIAN_POINT('Origin',(73.0000010877848,-58.0000008642673,2.9));
#2638=CARTESIAN_POINT('Origin',(-9.08150810382454,-21.0000003129244,0.));
#2639=CARTESIAN_POINT('',(-9.08150810382454,-21.3474495509976,0.));
#2640=CARTESIAN_POINT('',(-9.08150810382454,-21.0000003129244,0.));
#2641=CARTESIAN_POINT('',(-9.08150810382454,-23.4471269244684,0.));
#2642=CARTESIAN_POINT('',(-9.08150810382454,-21.3474495509976,0.));
#2643=CARTESIAN_POINT('',(-9.08150810382454,-21.0000003129244,0.));
#2644=CARTESIAN_POINT('Origin',(-9.08224212606472,-21.383893194519,0.));
#2645=CARTESIAN_POINT('',(-9.08224212606473,-21.383893194519,0.));
#2646=CARTESIAN_POINT('',(-9.08150810382454,-21.0000003129244,0.));
#2647=CARTESIAN_POINT('',(-9.08224212606473,-21.383893194519,0.));
#2648=CARTESIAN_POINT('Origin',(-8.08224395402659,-21.3858052406486,0.));
#2649=CARTESIAN_POINT('Origin',(-8.08224395402659,-21.3858052406486,0.));
#2650=CARTESIAN_POINT('Origin',(19.2769387576831,-4.08445855570937,2.));
#2651=CARTESIAN_POINT('Origin',(-10.0815081038245,-23.4471269244683,0.));
#2652=CARTESIAN_POINT('',(-10.0815081038245,-24.4471269244683,0.));
#2653=CARTESIAN_POINT('Origin',(-10.0815081038245,-24.4471269244683,0.));
#2654=CARTESIAN_POINT('',(-49.0643081038245,-24.4471269244684,0.));
#2655=CARTESIAN_POINT('Origin',(-49.0643081038245,-23.4471269244684,0.));
#2656=CARTESIAN_POINT('',(-50.0643081038245,-23.4471269244684,0.));
#2657=CARTESIAN_POINT('Origin',(-50.0643081038245,-23.4471269244684,0.));
#2658=CARTESIAN_POINT('',(-50.0643081038245,45.0524927980507,0.));
#2659=CARTESIAN_POINT('Origin',(-49.0643081038245,45.0524927980507,0.));
#2660=CARTESIAN_POINT('Origin',(87.6181856191908,45.0003818681106,0.));
#2661=CARTESIAN_POINT('',(88.6181856191908,45.0003818681106,0.));
#2662=CARTESIAN_POINT('Origin',(88.6181856191908,45.0003818681106,0.));
#2663=CARTESIAN_POINT('',(88.6181856191908,-27.8180996476939,0.));
#2664=CARTESIAN_POINT('Origin',(87.6181856191909,-27.8180996476939,0.));
#2665=CARTESIAN_POINT('',(88.4794404375586,-28.3262729821362,0.));
#2666=CARTESIAN_POINT('Origin',(88.4794404375584,-28.3262729821362,0.));
#2667=CARTESIAN_POINT('',(73.7619694098075,-53.2695196614372,0.));
#2668=CARTESIAN_POINT('Origin',(73.7619694098075,-53.2695196614372,0.));
#2669=CARTESIAN_POINT('',(73.5046422575327,-53.7185903613025,0.));
#2670=CARTESIAN_POINT('Origin',(72.6369950951936,-53.2214099094694,0.));
#2671=CARTESIAN_POINT('Origin',(90.5000013485551,48.5000007227063,0.));
#2672=CARTESIAN_POINT('',(88.9000013485551,48.5000007227063,0.));
#2673=CARTESIAN_POINT('Origin',(-52.0000007748604,-27.0000004023314,0.));
#2674=CARTESIAN_POINT('',(-53.6000007748604,-27.0000004023314,0.));
#2675=CARTESIAN_POINT('Origin',(73.0000010877848,-58.0000008642673,0.));
#2676=CARTESIAN_POINT('',(71.4000010877848,-58.0000008642673,0.));
#2677=CARTESIAN_POINT('Origin',(-52.2397812284225,48.3326037639491,0.));
#2678=CARTESIAN_POINT('',(-53.8397812284225,48.3326037639491,0.));
#2679=CARTESIAN_POINT('Origin',(87.6181856191908,-27.8180996476939,0.));
#2680=CARTESIAN_POINT('',(94.5082241661331,-31.8834863232328,0.));
#2681=CARTESIAN_POINT('',(94.5082241661331,-31.8834863232328,0.));
#2682=CARTESIAN_POINT('Origin',(87.6181856191908,-27.8180996476939,0.));
#2683=CARTESIAN_POINT('Origin',(79.813370978555,-56.7884001690107,0.));
#2684=CARTESIAN_POINT('',(79.813370978555,-56.7884001690107,0.));
#2685=CARTESIAN_POINT('',(79.813370978555,-56.7884001690107,0.));
#2686=CARTESIAN_POINT('',(79.813370978555,-56.7884001690107,0.));
#2687=CARTESIAN_POINT('Origin',(79.5781723939061,-57.1988535241343,0.));
#2688=CARTESIAN_POINT('',(79.5781723939061,-57.1988535241343,0.));
#2689=CARTESIAN_POINT('',(79.5781723939061,-57.1988535241343,0.));
#2690=CARTESIAN_POINT('',(79.5781723939061,-57.1988535241343,0.));
#2691=CARTESIAN_POINT('Origin',(72.6369950951936,-53.2214099094694,0.));
#2692=CARTESIAN_POINT('',(68.6595514805295,-60.1625872081824,0.));
#2693=CARTESIAN_POINT('',(68.6595514805295,-60.1625872081824,0.));
#2694=CARTESIAN_POINT('Origin',(72.6369950951936,-53.2214099094694,0.));
#2695=CARTESIAN_POINT('Origin',(52.9256116526725,-51.1467018895022,0.));
#2696=CARTESIAN_POINT('',(52.9256116526725,-51.1467018895022,0.));
#2697=CARTESIAN_POINT('',(52.9256116526725,-51.1467018895022,0.));
#2698=CARTESIAN_POINT('',(52.9256116526725,-51.1467018895022,0.));
#2699=CARTESIAN_POINT('Origin',(36.4617400901201,-46.7379269244684,0.));
#2700=CARTESIAN_POINT('',(36.4617400901201,-46.7379269244684,0.));
#2701=CARTESIAN_POINT('',(36.4617400901201,-46.7379269244684,0.));
#2702=CARTESIAN_POINT('',(36.4617400901201,-46.7379269244684,0.));
#2703=CARTESIAN_POINT('Origin',(17.4804102754297,-46.7379269244684,0.));
#2704=CARTESIAN_POINT('',(17.4804102754297,-46.7379269244684,0.));
#2705=CARTESIAN_POINT('',(17.4804102754297,-46.7379269244684,0.));
#2706=CARTESIAN_POINT('',(17.4804102754297,-46.7379269244684,0.));
#2707=CARTESIAN_POINT('Origin',(17.4804102754298,-38.7379269244684,0.));
#2708=CARTESIAN_POINT('',(9.48041046517952,-38.7396693354167,0.));
#2709=CARTESIAN_POINT('',(9.48041046517952,-38.7396693354167,0.));
#2710=CARTESIAN_POINT('Origin',(17.4804102754298,-38.7379269244684,0.));
#2711=CARTESIAN_POINT('Origin',(9.47796429711442,-27.5084818386604,0.));
#2712=CARTESIAN_POINT('',(9.47796429711442,-27.5084818386604,0.));
#2713=CARTESIAN_POINT('Origin',(19.2769387576831,-4.08445855570938,0.));
#2714=UNCERTAINTY_MEASURE_WITH_UNIT(LENGTH_MEASURE(0.01),#2718,
'DISTANCE_ACCURACY_VALUE',
'Maximum model space distance between geometric entities at asserted c
onnectivities');
#2715=UNCERTAINTY_MEASURE_WITH_UNIT(LENGTH_MEASURE(0.01),#2718,
'DISTANCE_ACCURACY_VALUE',
'Maximum model space distance between geometric entities at asserted c
onnectivities');
#2716=(
GEOMETRIC_REPRESENTATION_CONTEXT(3)
GLOBAL_UNCERTAINTY_ASSIGNED_CONTEXT((#2714))
GLOBAL_UNIT_ASSIGNED_CONTEXT((#2718,#2720,#2721))
REPRESENTATION_CONTEXT('','3D')
);
#2717=(
GEOMETRIC_REPRESENTATION_CONTEXT(3)
GLOBAL_UNCERTAINTY_ASSIGNED_CONTEXT((#2715))
GLOBAL_UNIT_ASSIGNED_CONTEXT((#2718,#2720,#2721))
REPRESENTATION_CONTEXT('','3D')
);
#2718=(
LENGTH_UNIT()
NAMED_UNIT(*)
SI_UNIT(.MILLI.,.METRE.)
);
#2719=(
LENGTH_UNIT()
NAMED_UNIT(*)
SI_UNIT($,.METRE.)
);
#2720=(
NAMED_UNIT(*)
PLANE_ANGLE_UNIT()
SI_UNIT($,.RADIAN.)
);
#2721=(
NAMED_UNIT(*)
SI_UNIT($,.STERADIAN.)
SOLID_ANGLE_UNIT()
);
#2722=SHAPE_DEFINITION_REPRESENTATION(#2723,#2724);
#2723=PRODUCT_DEFINITION_SHAPE('',$,#2726);
#2724=SHAPE_REPRESENTATION('',(#1635),#2716);
#2725=PRODUCT_DEFINITION_CONTEXT('part definition',#2730,'design');
#2726=PRODUCT_DEFINITION('2026-07-16-22-57-57-444','Left_ENclosure',#2727,
#2725);
#2727=PRODUCT_DEFINITION_FORMATION('',$,#2732);
#2728=PRODUCT_RELATED_PRODUCT_CATEGORY('Left_ENclosure',
'Left_ENclosure',(#2732));
#2729=APPLICATION_PROTOCOL_DEFINITION('international standard',
'automotive_design',2009,#2730);
#2730=APPLICATION_CONTEXT(
'Core Data for Automotive Mechanical Design Process');
#2731=PRODUCT_CONTEXT('part definition',#2730,'mechanical');
#2732=PRODUCT('2026-07-16-22-57-57-444','Left_ENclosure',$,(#2731));
#2733=PRESENTATION_STYLE_ASSIGNMENT((#2734));
#2734=SURFACE_STYLE_USAGE(.BOTH.,#2735);
#2735=SURFACE_SIDE_STYLE('',(#2736));
#2736=SURFACE_STYLE_FILL_AREA(#2737);
#2737=FILL_AREA_STYLE('Steel - Satin',(#2738));
#2738=FILL_AREA_STYLE_COLOUR('Steel - Satin',#2739);
#2739=COLOUR_RGB('Steel - Satin',0.627450980392157,0.627450980392157,0.627450980392157);
ENDSEC;
END-ISO-10303-21;
