ISO-10303-21;
HEADER;
/* Generated by software containing ST-Developer
 * from STEP Tools, Inc. (www.steptools.com) 
 */

FILE_DESCRIPTION(
/* description */ (''),
/* implementation_level */ '2;1');

FILE_NAME(
/* name */ 'left_top_cover.step',
/* time_stamp */ '2026-07-17T04:20:44+03:00',
/* author */ (''),
/* organization */ (''),
/* preprocessor_version */ 'ST-DEVELOPER v20.1',
/* originating_system */ 'Autodesk Translation Framework v15.8.0.0',
/* authorisation */ '');

FILE_SCHEMA (('AUTOMOTIVE_DESIGN { 1 0 10303 214 3 1 1 }'));
ENDSEC;

DATA;
#10=MECHANICAL_DESIGN_GEOMETRIC_PRESENTATION_REPRESENTATION('',(#760,#761),
#15003);
#11=SHAPE_REPRESENTATION_RELATIONSHIP('SRR','None',#15010,#12);
#12=ADVANCED_BREP_SHAPE_REPRESENTATION('',(#762,#763),#15002);
#13=B_SPLINE_CURVE_WITH_KNOTS('',2,(#10497,#10498,#10499),.UNSPECIFIED.,
 .F.,.F.,(3,3),(0.,0.780103369319998),.UNSPECIFIED.);
#14=B_SPLINE_CURVE_WITH_KNOTS('',2,(#10502,#10503,#10504),.UNSPECIFIED.,
 .F.,.F.,(3,3),(0.,0.780103369319998),.UNSPECIFIED.);
#15=B_SPLINE_CURVE_WITH_KNOTS('',2,(#10513,#10514,#10515),.UNSPECIFIED.,
 .F.,.F.,(3,3),(0.,1.),.UNSPECIFIED.);
#16=B_SPLINE_CURVE_WITH_KNOTS('',2,(#10518,#10519,#10520),.UNSPECIFIED.,
 .F.,.F.,(3,3),(0.,1.),.UNSPECIFIED.);
#17=B_SPLINE_CURVE_WITH_KNOTS('',2,(#10528,#10529,#10530),.UNSPECIFIED.,
 .F.,.F.,(3,3),(0.,1.),.UNSPECIFIED.);
#18=B_SPLINE_CURVE_WITH_KNOTS('',2,(#10533,#10534,#10535),.UNSPECIFIED.,
 .F.,.F.,(3,3),(0.,1.),.UNSPECIFIED.);
#19=B_SPLINE_CURVE_WITH_KNOTS('',2,(#10543,#10544,#10545),.UNSPECIFIED.,
 .F.,.F.,(3,3),(0.,1.),.UNSPECIFIED.);
#20=B_SPLINE_CURVE_WITH_KNOTS('',2,(#10548,#10549,#10550),.UNSPECIFIED.,
 .F.,.F.,(3,3),(0.,1.),.UNSPECIFIED.);
#21=B_SPLINE_CURVE_WITH_KNOTS('',2,(#10576,#10577,#10578),.UNSPECIFIED.,
 .F.,.F.,(3,3),(0.,1.),.UNSPECIFIED.);
#22=B_SPLINE_CURVE_WITH_KNOTS('',2,(#10581,#10582,#10583),.UNSPECIFIED.,
 .F.,.F.,(3,3),(0.,1.),.UNSPECIFIED.);
#23=B_SPLINE_CURVE_WITH_KNOTS('',2,(#10591,#10592,#10593),.UNSPECIFIED.,
 .F.,.F.,(3,3),(0.,1.),.UNSPECIFIED.);
#24=B_SPLINE_CURVE_WITH_KNOTS('',2,(#10596,#10597,#10598),.UNSPECIFIED.,
 .F.,.F.,(3,3),(0.,1.),.UNSPECIFIED.);
#25=B_SPLINE_CURVE_WITH_KNOTS('',2,(#10606,#10607,#10608),.UNSPECIFIED.,
 .F.,.F.,(3,3),(0.,1.),.UNSPECIFIED.);
#26=B_SPLINE_CURVE_WITH_KNOTS('',2,(#10611,#10612,#10613),.UNSPECIFIED.,
 .F.,.F.,(3,3),(0.,1.),.UNSPECIFIED.);
#27=B_SPLINE_CURVE_WITH_KNOTS('',2,(#10626,#10627,#10628),.UNSPECIFIED.,
 .F.,.F.,(3,3),(-1.,-0.547292623457169),.UNSPECIFIED.);
#28=B_SPLINE_CURVE_WITH_KNOTS('',2,(#10629,#10630,#10631),.UNSPECIFIED.,
 .F.,.F.,(3,3),(-1.,-0.547292623457169),.UNSPECIFIED.);
#29=B_SPLINE_CURVE_WITH_KNOTS('',2,(#10653,#10654,#10655),.UNSPECIFIED.,
 .F.,.F.,(3,3),(0.,0.547292623452634),.UNSPECIFIED.);
#30=B_SPLINE_CURVE_WITH_KNOTS('',2,(#10658,#10659,#10660),.UNSPECIFIED.,
 .F.,.F.,(3,3),(0.,0.547292623452634),.UNSPECIFIED.);
#31=B_SPLINE_CURVE_WITH_KNOTS('',2,(#10668,#10669,#10670),.UNSPECIFIED.,
 .F.,.F.,(3,3),(0.,1.),.UNSPECIFIED.);
#32=B_SPLINE_CURVE_WITH_KNOTS('',2,(#10673,#10674,#10675),.UNSPECIFIED.,
 .F.,.F.,(3,3),(0.,1.),.UNSPECIFIED.);
#33=B_SPLINE_CURVE_WITH_KNOTS('',2,(#10683,#10684,#10685),.UNSPECIFIED.,
 .F.,.F.,(3,3),(0.,1.),.UNSPECIFIED.);
#34=B_SPLINE_CURVE_WITH_KNOTS('',2,(#10688,#10689,#10690),.UNSPECIFIED.,
 .F.,.F.,(3,3),(0.,1.),.UNSPECIFIED.);
#35=B_SPLINE_CURVE_WITH_KNOTS('',2,(#10698,#10699,#10700),.UNSPECIFIED.,
 .F.,.F.,(3,3),(0.,1.),.UNSPECIFIED.);
#36=B_SPLINE_CURVE_WITH_KNOTS('',2,(#10703,#10704,#10705),.UNSPECIFIED.,
 .F.,.F.,(3,3),(0.,1.),.UNSPECIFIED.);
#37=B_SPLINE_CURVE_WITH_KNOTS('',2,(#10732,#10733,#10734),.UNSPECIFIED.,
 .F.,.F.,(3,3),(0.,0.808327546402431),.UNSPECIFIED.);
#38=B_SPLINE_CURVE_WITH_KNOTS('',2,(#10737,#10738,#10739),.UNSPECIFIED.,
 .F.,.F.,(3,3),(0.,0.808327546402431),.UNSPECIFIED.);
#39=B_SPLINE_CURVE_WITH_KNOTS('',2,(#10748,#10749,#10750),.UNSPECIFIED.,
 .F.,.F.,(3,3),(0.,1.),.UNSPECIFIED.);
#40=B_SPLINE_CURVE_WITH_KNOTS('',2,(#10753,#10754,#10755),.UNSPECIFIED.,
 .F.,.F.,(3,3),(0.,1.),.UNSPECIFIED.);
#41=B_SPLINE_CURVE_WITH_KNOTS('',2,(#10763,#10764,#10765),.UNSPECIFIED.,
 .F.,.F.,(3,3),(0.,1.),.UNSPECIFIED.);
#42=B_SPLINE_CURVE_WITH_KNOTS('',2,(#10768,#10769,#10770),.UNSPECIFIED.,
 .F.,.F.,(3,3),(0.,1.),.UNSPECIFIED.);
#43=B_SPLINE_CURVE_WITH_KNOTS('',2,(#10792,#10793,#10794),.UNSPECIFIED.,
 .F.,.F.,(3,3),(-1.,-0.78010336932),.UNSPECIFIED.);
#44=B_SPLINE_CURVE_WITH_KNOTS('',2,(#10795,#10796,#10797),.UNSPECIFIED.,
 .F.,.F.,(3,3),(-1.,-0.78010336932),.UNSPECIFIED.);
#45=B_SPLINE_CURVE_WITH_KNOTS('',2,(#10844,#10845,#10846),.UNSPECIFIED.,
 .F.,.F.,(3,3),(-1.,-0.80832754640244),.UNSPECIFIED.);
#46=B_SPLINE_CURVE_WITH_KNOTS('',2,(#10847,#10848,#10849),.UNSPECIFIED.,
 .F.,.F.,(3,3),(-1.,-0.80832754640244),.UNSPECIFIED.);
#47=B_SPLINE_CURVE_WITH_KNOTS('',2,(#10859,#10860,#10861),.UNSPECIFIED.,
 .F.,.F.,(3,3),(0.,1.),.UNSPECIFIED.);
#48=B_SPLINE_CURVE_WITH_KNOTS('',2,(#10865,#10866,#10867),.UNSPECIFIED.,
 .F.,.F.,(3,3),(0.,1.),.UNSPECIFIED.);
#49=B_SPLINE_CURVE_WITH_KNOTS('',2,(#10876,#10877,#10878),.UNSPECIFIED.,
 .F.,.F.,(3,3),(0.,1.),.UNSPECIFIED.);
#50=B_SPLINE_CURVE_WITH_KNOTS('',2,(#10881,#10882,#10883),.UNSPECIFIED.,
 .F.,.F.,(3,3),(0.,1.),.UNSPECIFIED.);
#51=B_SPLINE_CURVE_WITH_KNOTS('',2,(#10897,#10898,#10899),.UNSPECIFIED.,
 .F.,.F.,(3,3),(0.,1.),.UNSPECIFIED.);
#52=B_SPLINE_CURVE_WITH_KNOTS('',2,(#10902,#10903,#10904),.UNSPECIFIED.,
 .F.,.F.,(3,3),(0.,1.),.UNSPECIFIED.);
#53=B_SPLINE_CURVE_WITH_KNOTS('',2,(#10912,#10913,#10914),.UNSPECIFIED.,
 .F.,.F.,(3,3),(0.,1.),.UNSPECIFIED.);
#54=B_SPLINE_CURVE_WITH_KNOTS('',2,(#10917,#10918,#10919),.UNSPECIFIED.,
 .F.,.F.,(3,3),(0.,1.),.UNSPECIFIED.);
#55=B_SPLINE_CURVE_WITH_KNOTS('',2,(#10927,#10928,#10929),.UNSPECIFIED.,
 .F.,.F.,(3,3),(0.,1.),.UNSPECIFIED.);
#56=B_SPLINE_CURVE_WITH_KNOTS('',2,(#10932,#10933,#10934),.UNSPECIFIED.,
 .F.,.F.,(3,3),(0.,1.),.UNSPECIFIED.);
#57=B_SPLINE_CURVE_WITH_KNOTS('',2,(#10942,#10943,#10944),.UNSPECIFIED.,
 .F.,.F.,(3,3),(0.,1.),.UNSPECIFIED.);
#58=B_SPLINE_CURVE_WITH_KNOTS('',2,(#10947,#10948,#10949),.UNSPECIFIED.,
 .F.,.F.,(3,3),(0.,1.),.UNSPECIFIED.);
#59=B_SPLINE_CURVE_WITH_KNOTS('',2,(#10957,#10958,#10959),.UNSPECIFIED.,
 .F.,.F.,(3,3),(0.,1.),.UNSPECIFIED.);
#60=B_SPLINE_CURVE_WITH_KNOTS('',2,(#10962,#10963,#10964),.UNSPECIFIED.,
 .F.,.F.,(3,3),(0.,1.),.UNSPECIFIED.);
#61=B_SPLINE_CURVE_WITH_KNOTS('',2,(#10972,#10973,#10974),.UNSPECIFIED.,
 .F.,.F.,(3,3),(0.,1.),.UNSPECIFIED.);
#62=B_SPLINE_CURVE_WITH_KNOTS('',2,(#10977,#10978,#10979),.UNSPECIFIED.,
 .F.,.F.,(3,3),(0.,1.),.UNSPECIFIED.);
#63=B_SPLINE_CURVE_WITH_KNOTS('',2,(#10993,#10994,#10995),.UNSPECIFIED.,
 .F.,.F.,(3,3),(0.,1.),.UNSPECIFIED.);
#64=B_SPLINE_CURVE_WITH_KNOTS('',2,(#10998,#10999,#11000),.UNSPECIFIED.,
 .F.,.F.,(3,3),(0.,1.),.UNSPECIFIED.);
#65=B_SPLINE_CURVE_WITH_KNOTS('',2,(#11008,#11009,#11010),.UNSPECIFIED.,
 .F.,.F.,(3,3),(0.,1.),.UNSPECIFIED.);
#66=B_SPLINE_CURVE_WITH_KNOTS('',2,(#11013,#11014,#11015),.UNSPECIFIED.,
 .F.,.F.,(3,3),(0.,1.),.UNSPECIFIED.);
#67=B_SPLINE_CURVE_WITH_KNOTS('',2,(#11023,#11024,#11025),.UNSPECIFIED.,
 .F.,.F.,(3,3),(0.,1.),.UNSPECIFIED.);
#68=B_SPLINE_CURVE_WITH_KNOTS('',2,(#11028,#11029,#11030),.UNSPECIFIED.,
 .F.,.F.,(3,3),(0.,1.),.UNSPECIFIED.);
#69=B_SPLINE_CURVE_WITH_KNOTS('',2,(#11038,#11039,#11040),.UNSPECIFIED.,
 .F.,.F.,(3,3),(0.,1.),.UNSPECIFIED.);
#70=B_SPLINE_CURVE_WITH_KNOTS('',2,(#11043,#11044,#11045),.UNSPECIFIED.,
 .F.,.F.,(3,3),(0.,1.),.UNSPECIFIED.);
#71=B_SPLINE_CURVE_WITH_KNOTS('',2,(#11053,#11054,#11055),.UNSPECIFIED.,
 .F.,.F.,(3,3),(0.,1.),.UNSPECIFIED.);
#72=B_SPLINE_CURVE_WITH_KNOTS('',2,(#11058,#11059,#11060),.UNSPECIFIED.,
 .F.,.F.,(3,3),(0.,1.),.UNSPECIFIED.);
#73=B_SPLINE_CURVE_WITH_KNOTS('',2,(#11068,#11069,#11070),.UNSPECIFIED.,
 .F.,.F.,(3,3),(0.,1.),.UNSPECIFIED.);
#74=B_SPLINE_CURVE_WITH_KNOTS('',2,(#11073,#11074,#11075),.UNSPECIFIED.,
 .F.,.F.,(3,3),(0.,1.),.UNSPECIFIED.);
#75=B_SPLINE_CURVE_WITH_KNOTS('',2,(#11089,#11090,#11091),.UNSPECIFIED.,
 .F.,.F.,(3,3),(0.,1.),.UNSPECIFIED.);
#76=B_SPLINE_CURVE_WITH_KNOTS('',2,(#11094,#11095,#11096),.UNSPECIFIED.,
 .F.,.F.,(3,3),(0.,1.),.UNSPECIFIED.);
#77=B_SPLINE_CURVE_WITH_KNOTS('',2,(#11104,#11105,#11106),.UNSPECIFIED.,
 .F.,.F.,(3,3),(0.,1.),.UNSPECIFIED.);
#78=B_SPLINE_CURVE_WITH_KNOTS('',2,(#11109,#11110,#11111),.UNSPECIFIED.,
 .F.,.F.,(3,3),(0.,1.),.UNSPECIFIED.);
#79=B_SPLINE_CURVE_WITH_KNOTS('',2,(#11119,#11120,#11121),.UNSPECIFIED.,
 .F.,.F.,(3,3),(0.,1.),.UNSPECIFIED.);
#80=B_SPLINE_CURVE_WITH_KNOTS('',2,(#11124,#11125,#11126),.UNSPECIFIED.,
 .F.,.F.,(3,3),(0.,1.),.UNSPECIFIED.);
#81=B_SPLINE_CURVE_WITH_KNOTS('',2,(#11134,#11135,#11136),.UNSPECIFIED.,
 .F.,.F.,(3,3),(0.,1.),.UNSPECIFIED.);
#82=B_SPLINE_CURVE_WITH_KNOTS('',2,(#11139,#11140,#11141),.UNSPECIFIED.,
 .F.,.F.,(3,3),(0.,1.),.UNSPECIFIED.);
#83=B_SPLINE_CURVE_WITH_KNOTS('',2,(#11149,#11150,#11151),.UNSPECIFIED.,
 .F.,.F.,(3,3),(0.,1.),.UNSPECIFIED.);
#84=B_SPLINE_CURVE_WITH_KNOTS('',2,(#11154,#11155,#11156),.UNSPECIFIED.,
 .F.,.F.,(3,3),(0.,1.),.UNSPECIFIED.);
#85=B_SPLINE_CURVE_WITH_KNOTS('',2,(#11164,#11165,#11166),.UNSPECIFIED.,
 .F.,.F.,(3,3),(0.,1.),.UNSPECIFIED.);
#86=B_SPLINE_CURVE_WITH_KNOTS('',2,(#11169,#11170,#11171),.UNSPECIFIED.,
 .F.,.F.,(3,3),(0.,1.),.UNSPECIFIED.);
#87=B_SPLINE_CURVE_WITH_KNOTS('',2,(#11185,#11186,#11187),.UNSPECIFIED.,
 .F.,.F.,(3,3),(0.,1.),.UNSPECIFIED.);
#88=B_SPLINE_CURVE_WITH_KNOTS('',2,(#11190,#11191,#11192),.UNSPECIFIED.,
 .F.,.F.,(3,3),(0.,1.),.UNSPECIFIED.);
#89=B_SPLINE_CURVE_WITH_KNOTS('',2,(#11200,#11201,#11202),.UNSPECIFIED.,
 .F.,.F.,(3,3),(0.,1.),.UNSPECIFIED.);
#90=B_SPLINE_CURVE_WITH_KNOTS('',2,(#11205,#11206,#11207),.UNSPECIFIED.,
 .F.,.F.,(3,3),(0.,1.),.UNSPECIFIED.);
#91=B_SPLINE_CURVE_WITH_KNOTS('',2,(#11215,#11216,#11217),.UNSPECIFIED.,
 .F.,.F.,(3,3),(0.,1.),.UNSPECIFIED.);
#92=B_SPLINE_CURVE_WITH_KNOTS('',2,(#11220,#11221,#11222),.UNSPECIFIED.,
 .F.,.F.,(3,3),(0.,1.),.UNSPECIFIED.);
#93=B_SPLINE_CURVE_WITH_KNOTS('',2,(#11229,#11230,#11231),.UNSPECIFIED.,
 .F.,.F.,(3,3),(0.,1.),.UNSPECIFIED.);
#94=B_SPLINE_CURVE_WITH_KNOTS('',2,(#11232,#11233,#11234),.UNSPECIFIED.,
 .F.,.F.,(3,3),(0.,1.),.UNSPECIFIED.);
#95=B_SPLINE_CURVE_WITH_KNOTS('',2,(#11244,#11245,#11246),.UNSPECIFIED.,
 .F.,.F.,(3,3),(0.,1.),.UNSPECIFIED.);
#96=B_SPLINE_CURVE_WITH_KNOTS('',2,(#11250,#11251,#11252),.UNSPECIFIED.,
 .F.,.F.,(3,3),(0.,1.),.UNSPECIFIED.);
#97=B_SPLINE_CURVE_WITH_KNOTS('',2,(#11267,#11268,#11269),.UNSPECIFIED.,
 .F.,.F.,(3,3),(0.,1.),.UNSPECIFIED.);
#98=B_SPLINE_CURVE_WITH_KNOTS('',2,(#11272,#11273,#11274),.UNSPECIFIED.,
 .F.,.F.,(3,3),(0.,1.),.UNSPECIFIED.);
#99=B_SPLINE_CURVE_WITH_KNOTS('',2,(#11282,#11283,#11284),.UNSPECIFIED.,
 .F.,.F.,(3,3),(0.,1.),.UNSPECIFIED.);
#100=B_SPLINE_CURVE_WITH_KNOTS('',2,(#11287,#11288,#11289),
 .UNSPECIFIED.,.F.,.F.,(3,3),(0.,1.),.UNSPECIFIED.);
#101=B_SPLINE_CURVE_WITH_KNOTS('',2,(#11297,#11298,#11299),
 .UNSPECIFIED.,.F.,.F.,(3,3),(0.,1.),.UNSPECIFIED.);
#102=B_SPLINE_CURVE_WITH_KNOTS('',2,(#11302,#11303,#11304),
 .UNSPECIFIED.,.F.,.F.,(3,3),(0.,1.),.UNSPECIFIED.);
#103=B_SPLINE_CURVE_WITH_KNOTS('',2,(#11354,#11355,#11356),
 .UNSPECIFIED.,.F.,.F.,(3,3),(0.,0.85431304130101),.UNSPECIFIED.);
#104=B_SPLINE_CURVE_WITH_KNOTS('',2,(#11359,#11360,#11361),
 .UNSPECIFIED.,.F.,.F.,(3,3),(0.,0.85431304130101),.UNSPECIFIED.);
#105=B_SPLINE_CURVE_WITH_KNOTS('',2,(#11368,#11369,#11370),
 .UNSPECIFIED.,.F.,.F.,(3,3),(0.,1.),.UNSPECIFIED.);
#106=B_SPLINE_CURVE_WITH_KNOTS('',2,(#11371,#11372,#11373),
 .UNSPECIFIED.,.F.,.F.,(3,3),(0.,1.),.UNSPECIFIED.);
#107=B_SPLINE_CURVE_WITH_KNOTS('',2,(#11404,#11405,#11406),
 .UNSPECIFIED.,.F.,.F.,(3,3),(0.,1.),.UNSPECIFIED.);
#108=B_SPLINE_CURVE_WITH_KNOTS('',2,(#11409,#11410,#11411),
 .UNSPECIFIED.,.F.,.F.,(3,3),(0.,1.),.UNSPECIFIED.);
#109=B_SPLINE_CURVE_WITH_KNOTS('',2,(#11419,#11420,#11421),
 .UNSPECIFIED.,.F.,.F.,(3,3),(0.,1.),.UNSPECIFIED.);
#110=B_SPLINE_CURVE_WITH_KNOTS('',2,(#11424,#11425,#11426),
 .UNSPECIFIED.,.F.,.F.,(3,3),(0.,1.),.UNSPECIFIED.);
#111=B_SPLINE_CURVE_WITH_KNOTS('',2,(#11434,#11435,#11436),
 .UNSPECIFIED.,.F.,.F.,(3,3),(0.,1.),.UNSPECIFIED.);
#112=B_SPLINE_CURVE_WITH_KNOTS('',2,(#11439,#11440,#11441),
 .UNSPECIFIED.,.F.,.F.,(3,3),(0.,1.),.UNSPECIFIED.);
#113=B_SPLINE_CURVE_WITH_KNOTS('',2,(#11449,#11450,#11451),
 .UNSPECIFIED.,.F.,.F.,(3,3),(0.,1.),.UNSPECIFIED.);
#114=B_SPLINE_CURVE_WITH_KNOTS('',2,(#11454,#11455,#11456),
 .UNSPECIFIED.,.F.,.F.,(3,3),(0.,1.),.UNSPECIFIED.);
#115=B_SPLINE_CURVE_WITH_KNOTS('',2,(#11464,#11465,#11466),
 .UNSPECIFIED.,.F.,.F.,(3,3),(0.,1.),.UNSPECIFIED.);
#116=B_SPLINE_CURVE_WITH_KNOTS('',2,(#11469,#11470,#11471),
 .UNSPECIFIED.,.F.,.F.,(3,3),(0.,1.),.UNSPECIFIED.);
#117=B_SPLINE_CURVE_WITH_KNOTS('',2,(#11479,#11480,#11481),
 .UNSPECIFIED.,.F.,.F.,(3,3),(0.,1.),.UNSPECIFIED.);
#118=B_SPLINE_CURVE_WITH_KNOTS('',2,(#11484,#11485,#11486),
 .UNSPECIFIED.,.F.,.F.,(3,3),(0.,1.),.UNSPECIFIED.);
#119=B_SPLINE_CURVE_WITH_KNOTS('',2,(#11500,#11501,#11502),
 .UNSPECIFIED.,.F.,.F.,(3,3),(0.,1.),.UNSPECIFIED.);
#120=B_SPLINE_CURVE_WITH_KNOTS('',2,(#11505,#11506,#11507),
 .UNSPECIFIED.,.F.,.F.,(3,3),(0.,1.),.UNSPECIFIED.);
#121=B_SPLINE_CURVE_WITH_KNOTS('',2,(#11515,#11516,#11517),
 .UNSPECIFIED.,.F.,.F.,(3,3),(0.,1.),.UNSPECIFIED.);
#122=B_SPLINE_CURVE_WITH_KNOTS('',2,(#11520,#11521,#11522),
 .UNSPECIFIED.,.F.,.F.,(3,3),(0.,1.),.UNSPECIFIED.);
#123=B_SPLINE_CURVE_WITH_KNOTS('',2,(#11530,#11531,#11532),
 .UNSPECIFIED.,.F.,.F.,(3,3),(0.,1.),.UNSPECIFIED.);
#124=B_SPLINE_CURVE_WITH_KNOTS('',2,(#11535,#11536,#11537),
 .UNSPECIFIED.,.F.,.F.,(3,3),(0.,1.),.UNSPECIFIED.);
#125=B_SPLINE_CURVE_WITH_KNOTS('',2,(#11545,#11546,#11547),
 .UNSPECIFIED.,.F.,.F.,(3,3),(0.,1.),.UNSPECIFIED.);
#126=B_SPLINE_CURVE_WITH_KNOTS('',2,(#11550,#11551,#11552),
 .UNSPECIFIED.,.F.,.F.,(3,3),(0.,1.),.UNSPECIFIED.);
#127=B_SPLINE_CURVE_WITH_KNOTS('',2,(#11560,#11561,#11562),
 .UNSPECIFIED.,.F.,.F.,(3,3),(0.,1.),.UNSPECIFIED.);
#128=B_SPLINE_CURVE_WITH_KNOTS('',2,(#11565,#11566,#11567),
 .UNSPECIFIED.,.F.,.F.,(3,3),(0.,1.),.UNSPECIFIED.);
#129=B_SPLINE_CURVE_WITH_KNOTS('',2,(#11575,#11576,#11577),
 .UNSPECIFIED.,.F.,.F.,(3,3),(0.,1.),.UNSPECIFIED.);
#130=B_SPLINE_CURVE_WITH_KNOTS('',2,(#11580,#11581,#11582),
 .UNSPECIFIED.,.F.,.F.,(3,3),(0.,1.),.UNSPECIFIED.);
#131=B_SPLINE_CURVE_WITH_KNOTS('',2,(#11590,#11591,#11592),
 .UNSPECIFIED.,.F.,.F.,(3,3),(0.417720390399106,1.),.UNSPECIFIED.);
#132=B_SPLINE_CURVE_WITH_KNOTS('',2,(#11595,#11596,#11597),
 .UNSPECIFIED.,.F.,.F.,(3,3),(0.417720390399106,1.),.UNSPECIFIED.);
#133=B_SPLINE_CURVE_WITH_KNOTS('',2,(#11617,#11618,#11619),
 .UNSPECIFIED.,.F.,.F.,(3,3),(-0.417720390399053,0.),.UNSPECIFIED.);
#134=B_SPLINE_CURVE_WITH_KNOTS('',2,(#11620,#11621,#11622),
 .UNSPECIFIED.,.F.,.F.,(3,3),(-0.417720390399053,0.),.UNSPECIFIED.);
#135=B_SPLINE_CURVE_WITH_KNOTS('',2,(#11635,#11636,#11637),
 .UNSPECIFIED.,.F.,.F.,(3,3),(-1.,-0.882134325448778),.UNSPECIFIED.);
#136=B_SPLINE_CURVE_WITH_KNOTS('',2,(#11638,#11639,#11640),
 .UNSPECIFIED.,.F.,.F.,(3,3),(-1.,-0.882134325448778),.UNSPECIFIED.);
#137=B_SPLINE_CURVE_WITH_KNOTS('',2,(#11656,#11657,#11658),
 .UNSPECIFIED.,.F.,.F.,(3,3),(0.,0.882134325446507),.UNSPECIFIED.);
#138=B_SPLINE_CURVE_WITH_KNOTS('',2,(#11661,#11662,#11663),
 .UNSPECIFIED.,.F.,.F.,(3,3),(0.,0.882134325446507),.UNSPECIFIED.);
#139=B_SPLINE_CURVE_WITH_KNOTS('',2,(#11671,#11672,#11673),
 .UNSPECIFIED.,.F.,.F.,(3,3),(0.,1.),.UNSPECIFIED.);
#140=B_SPLINE_CURVE_WITH_KNOTS('',2,(#11676,#11677,#11678),
 .UNSPECIFIED.,.F.,.F.,(3,3),(0.,1.),.UNSPECIFIED.);
#141=B_SPLINE_CURVE_WITH_KNOTS('',2,(#11686,#11687,#11688),
 .UNSPECIFIED.,.F.,.F.,(3,3),(0.,1.),.UNSPECIFIED.);
#142=B_SPLINE_CURVE_WITH_KNOTS('',2,(#11691,#11692,#11693),
 .UNSPECIFIED.,.F.,.F.,(3,3),(0.,1.),.UNSPECIFIED.);
#143=B_SPLINE_CURVE_WITH_KNOTS('',2,(#11719,#11720,#11721),
 .UNSPECIFIED.,.F.,.F.,(3,3),(0.,1.),.UNSPECIFIED.);
#144=B_SPLINE_CURVE_WITH_KNOTS('',2,(#11724,#11725,#11726),
 .UNSPECIFIED.,.F.,.F.,(3,3),(0.,1.),.UNSPECIFIED.);
#145=B_SPLINE_CURVE_WITH_KNOTS('',2,(#11734,#11735,#11736),
 .UNSPECIFIED.,.F.,.F.,(3,3),(0.,1.),.UNSPECIFIED.);
#146=B_SPLINE_CURVE_WITH_KNOTS('',2,(#11739,#11740,#11741),
 .UNSPECIFIED.,.F.,.F.,(3,3),(0.,1.),.UNSPECIFIED.);
#147=B_SPLINE_CURVE_WITH_KNOTS('',2,(#11769,#11770,#11771),
 .UNSPECIFIED.,.F.,.F.,(3,3),(0.,1.),.UNSPECIFIED.);
#148=B_SPLINE_CURVE_WITH_KNOTS('',2,(#11775,#11776,#11777),
 .UNSPECIFIED.,.F.,.F.,(3,3),(0.,1.),.UNSPECIFIED.);
#149=B_SPLINE_CURVE_WITH_KNOTS('',2,(#11786,#11787,#11788),
 .UNSPECIFIED.,.F.,.F.,(3,3),(0.,1.),.UNSPECIFIED.);
#150=B_SPLINE_CURVE_WITH_KNOTS('',2,(#11791,#11792,#11793),
 .UNSPECIFIED.,.F.,.F.,(3,3),(0.,1.),.UNSPECIFIED.);
#151=B_SPLINE_CURVE_WITH_KNOTS('',2,(#11801,#11802,#11803),
 .UNSPECIFIED.,.F.,.F.,(3,3),(0.,1.),.UNSPECIFIED.);
#152=B_SPLINE_CURVE_WITH_KNOTS('',2,(#11806,#11807,#11808),
 .UNSPECIFIED.,.F.,.F.,(3,3),(0.,1.),.UNSPECIFIED.);
#153=B_SPLINE_CURVE_WITH_KNOTS('',2,(#11816,#11817,#11818),
 .UNSPECIFIED.,.F.,.F.,(3,3),(0.,1.),.UNSPECIFIED.);
#154=B_SPLINE_CURVE_WITH_KNOTS('',2,(#11821,#11822,#11823),
 .UNSPECIFIED.,.F.,.F.,(3,3),(0.,1.),.UNSPECIFIED.);
#155=B_SPLINE_CURVE_WITH_KNOTS('',2,(#11831,#11832,#11833),
 .UNSPECIFIED.,.F.,.F.,(3,3),(0.,1.),.UNSPECIFIED.);
#156=B_SPLINE_CURVE_WITH_KNOTS('',2,(#11836,#11837,#11838),
 .UNSPECIFIED.,.F.,.F.,(3,3),(0.,1.),.UNSPECIFIED.);
#157=B_SPLINE_CURVE_WITH_KNOTS('',2,(#11846,#11847,#11848),
 .UNSPECIFIED.,.F.,.F.,(3,3),(0.147560503249062,1.),.UNSPECIFIED.);
#158=B_SPLINE_CURVE_WITH_KNOTS('',2,(#11851,#11852,#11853),
 .UNSPECIFIED.,.F.,.F.,(3,3),(0.147560503249062,1.),.UNSPECIFIED.);
#159=B_SPLINE_CURVE_WITH_KNOTS('',2,(#11861,#11862,#11863),
 .UNSPECIFIED.,.F.,.F.,(3,3),(-1.,-0.42402855022762),.UNSPECIFIED.);
#160=B_SPLINE_CURVE_WITH_KNOTS('',2,(#11866,#11867,#11868),
 .UNSPECIFIED.,.F.,.F.,(3,3),(-1.,-0.42402855022762),.UNSPECIFIED.);
#161=B_SPLINE_CURVE_WITH_KNOTS('',2,(#11877,#11878,#11879),
 .UNSPECIFIED.,.F.,.F.,(3,3),(-0.212972850466767,0.),.UNSPECIFIED.);
#162=B_SPLINE_CURVE_WITH_KNOTS('',2,(#11882,#11883,#11884),
 .UNSPECIFIED.,.F.,.F.,(3,3),(-0.212972850466767,0.),.UNSPECIFIED.);
#163=B_SPLINE_CURVE_WITH_KNOTS('',2,(#11892,#11893,#11894),
 .UNSPECIFIED.,.F.,.F.,(3,3),(0.,0.960626434984356),.UNSPECIFIED.);
#164=B_SPLINE_CURVE_WITH_KNOTS('',2,(#11897,#11898,#11899),
 .UNSPECIFIED.,.F.,.F.,(3,3),(0.,0.960626434984356),.UNSPECIFIED.);
#165=B_SPLINE_CURVE_WITH_KNOTS('',2,(#11908,#11909,#11910),
 .UNSPECIFIED.,.F.,.F.,(3,3),(0.,1.),.UNSPECIFIED.);
#166=B_SPLINE_CURVE_WITH_KNOTS('',2,(#11913,#11914,#11915),
 .UNSPECIFIED.,.F.,.F.,(3,3),(0.,1.),.UNSPECIFIED.);
#167=B_SPLINE_CURVE_WITH_KNOTS('',2,(#11923,#11924,#11925),
 .UNSPECIFIED.,.F.,.F.,(3,3),(0.,1.),.UNSPECIFIED.);
#168=B_SPLINE_CURVE_WITH_KNOTS('',2,(#11928,#11929,#11930),
 .UNSPECIFIED.,.F.,.F.,(3,3),(0.,1.),.UNSPECIFIED.);
#169=B_SPLINE_CURVE_WITH_KNOTS('',2,(#11938,#11939,#11940),
 .UNSPECIFIED.,.F.,.F.,(3,3),(0.,1.),.UNSPECIFIED.);
#170=B_SPLINE_CURVE_WITH_KNOTS('',2,(#11943,#11944,#11945),
 .UNSPECIFIED.,.F.,.F.,(3,3),(0.,1.),.UNSPECIFIED.);
#171=B_SPLINE_CURVE_WITH_KNOTS('',2,(#11953,#11954,#11955),
 .UNSPECIFIED.,.F.,.F.,(3,3),(0.,1.),.UNSPECIFIED.);
#172=B_SPLINE_CURVE_WITH_KNOTS('',2,(#11958,#11959,#11960),
 .UNSPECIFIED.,.F.,.F.,(3,3),(0.,1.),.UNSPECIFIED.);
#173=B_SPLINE_CURVE_WITH_KNOTS('',2,(#11968,#11969,#11970),
 .UNSPECIFIED.,.F.,.F.,(3,3),(0.,1.),.UNSPECIFIED.);
#174=B_SPLINE_CURVE_WITH_KNOTS('',2,(#11973,#11974,#11975),
 .UNSPECIFIED.,.F.,.F.,(3,3),(0.,1.),.UNSPECIFIED.);
#175=B_SPLINE_CURVE_WITH_KNOTS('',2,(#11983,#11984,#11985),
 .UNSPECIFIED.,.F.,.F.,(3,3),(0.,1.),.UNSPECIFIED.);
#176=B_SPLINE_CURVE_WITH_KNOTS('',2,(#11988,#11989,#11990),
 .UNSPECIFIED.,.F.,.F.,(3,3),(0.,1.),.UNSPECIFIED.);
#177=B_SPLINE_CURVE_WITH_KNOTS('',2,(#11998,#11999,#12000),
 .UNSPECIFIED.,.F.,.F.,(3,3),(0.,1.),.UNSPECIFIED.);
#178=B_SPLINE_CURVE_WITH_KNOTS('',2,(#12003,#12004,#12005),
 .UNSPECIFIED.,.F.,.F.,(3,3),(0.,1.),.UNSPECIFIED.);
#179=B_SPLINE_CURVE_WITH_KNOTS('',2,(#12013,#12014,#12015),
 .UNSPECIFIED.,.F.,.F.,(3,3),(0.,1.),.UNSPECIFIED.);
#180=B_SPLINE_CURVE_WITH_KNOTS('',2,(#12018,#12019,#12020),
 .UNSPECIFIED.,.F.,.F.,(3,3),(0.,1.),.UNSPECIFIED.);
#181=B_SPLINE_CURVE_WITH_KNOTS('',2,(#12028,#12029,#12030),
 .UNSPECIFIED.,.F.,.F.,(3,3),(0.,1.),.UNSPECIFIED.);
#182=B_SPLINE_CURVE_WITH_KNOTS('',2,(#12033,#12034,#12035),
 .UNSPECIFIED.,.F.,.F.,(3,3),(0.,1.),.UNSPECIFIED.);
#183=B_SPLINE_CURVE_WITH_KNOTS('',2,(#12043,#12044,#12045),
 .UNSPECIFIED.,.F.,.F.,(3,3),(0.,1.),.UNSPECIFIED.);
#184=B_SPLINE_CURVE_WITH_KNOTS('',2,(#12048,#12049,#12050),
 .UNSPECIFIED.,.F.,.F.,(3,3),(0.,1.),.UNSPECIFIED.);
#185=B_SPLINE_CURVE_WITH_KNOTS('',2,(#12064,#12065,#12066),
 .UNSPECIFIED.,.F.,.F.,(3,3),(0.,1.),.UNSPECIFIED.);
#186=B_SPLINE_CURVE_WITH_KNOTS('',2,(#12069,#12070,#12071),
 .UNSPECIFIED.,.F.,.F.,(3,3),(0.,1.),.UNSPECIFIED.);
#187=B_SPLINE_CURVE_WITH_KNOTS('',2,(#12079,#12080,#12081),
 .UNSPECIFIED.,.F.,.F.,(3,3),(0.,1.),.UNSPECIFIED.);
#188=B_SPLINE_CURVE_WITH_KNOTS('',2,(#12084,#12085,#12086),
 .UNSPECIFIED.,.F.,.F.,(3,3),(0.,1.),.UNSPECIFIED.);
#189=B_SPLINE_CURVE_WITH_KNOTS('',2,(#12094,#12095,#12096),
 .UNSPECIFIED.,.F.,.F.,(3,3),(0.,1.),.UNSPECIFIED.);
#190=B_SPLINE_CURVE_WITH_KNOTS('',2,(#12099,#12100,#12101),
 .UNSPECIFIED.,.F.,.F.,(3,3),(0.,1.),.UNSPECIFIED.);
#191=B_SPLINE_CURVE_WITH_KNOTS('',2,(#12108,#12109,#12110),
 .UNSPECIFIED.,.F.,.F.,(3,3),(0.212972850466777,1.),.UNSPECIFIED.);
#192=B_SPLINE_CURVE_WITH_KNOTS('',2,(#12111,#12112,#12113),
 .UNSPECIFIED.,.F.,.F.,(3,3),(0.212972850466777,1.),.UNSPECIFIED.);
#193=B_SPLINE_CURVE_WITH_KNOTS('',2,(#12121,#12122,#12123),
 .UNSPECIFIED.,.F.,.F.,(3,3),(-1.,-0.960626434984386),.UNSPECIFIED.);
#194=B_SPLINE_CURVE_WITH_KNOTS('',2,(#12126,#12127,#12128),
 .UNSPECIFIED.,.F.,.F.,(3,3),(-1.,-0.960626434984386),.UNSPECIFIED.);
#195=B_SPLINE_CURVE_WITH_KNOTS('',2,(#12141,#12142,#12143),
 .UNSPECIFIED.,.F.,.F.,(3,3),(-0.147560503249058,0.),.UNSPECIFIED.);
#196=B_SPLINE_CURVE_WITH_KNOTS('',2,(#12144,#12145,#12146),
 .UNSPECIFIED.,.F.,.F.,(3,3),(-0.147560503249058,0.),.UNSPECIFIED.);
#197=B_SPLINE_CURVE_WITH_KNOTS('',2,(#12153,#12154,#12155),
 .UNSPECIFIED.,.F.,.F.,(3,3),(0.,0.424028550227613),.UNSPECIFIED.);
#198=B_SPLINE_CURVE_WITH_KNOTS('',2,(#12156,#12157,#12158),
 .UNSPECIFIED.,.F.,.F.,(3,3),(0.,0.424028550227613),.UNSPECIFIED.);
#199=B_SPLINE_CURVE_WITH_KNOTS('',2,(#12176,#12177,#12178),
 .UNSPECIFIED.,.F.,.F.,(3,3),(0.,0.913738295377027),.UNSPECIFIED.);
#200=B_SPLINE_CURVE_WITH_KNOTS('',2,(#12181,#12182,#12183),
 .UNSPECIFIED.,.F.,.F.,(3,3),(0.,0.913738295377027),.UNSPECIFIED.);
#201=B_SPLINE_CURVE_WITH_KNOTS('',2,(#12192,#12193,#12194),
 .UNSPECIFIED.,.F.,.F.,(3,3),(0.,1.),.UNSPECIFIED.);
#202=B_SPLINE_CURVE_WITH_KNOTS('',2,(#12197,#12198,#12199),
 .UNSPECIFIED.,.F.,.F.,(3,3),(0.,1.),.UNSPECIFIED.);
#203=B_SPLINE_CURVE_WITH_KNOTS('',2,(#12207,#12208,#12209),
 .UNSPECIFIED.,.F.,.F.,(3,3),(0.,1.),.UNSPECIFIED.);
#204=B_SPLINE_CURVE_WITH_KNOTS('',2,(#12212,#12213,#12214),
 .UNSPECIFIED.,.F.,.F.,(3,3),(0.,1.),.UNSPECIFIED.);
#205=B_SPLINE_CURVE_WITH_KNOTS('',2,(#12222,#12223,#12224),
 .UNSPECIFIED.,.F.,.F.,(3,3),(0.,1.),.UNSPECIFIED.);
#206=B_SPLINE_CURVE_WITH_KNOTS('',2,(#12227,#12228,#12229),
 .UNSPECIFIED.,.F.,.F.,(3,3),(0.,1.),.UNSPECIFIED.);
#207=B_SPLINE_CURVE_WITH_KNOTS('',2,(#12237,#12238,#12239),
 .UNSPECIFIED.,.F.,.F.,(3,3),(0.,1.),.UNSPECIFIED.);
#208=B_SPLINE_CURVE_WITH_KNOTS('',2,(#12242,#12243,#12244),
 .UNSPECIFIED.,.F.,.F.,(3,3),(0.,1.),.UNSPECIFIED.);
#209=B_SPLINE_CURVE_WITH_KNOTS('',2,(#12270,#12271,#12272),
 .UNSPECIFIED.,.F.,.F.,(3,3),(0.,1.),.UNSPECIFIED.);
#210=B_SPLINE_CURVE_WITH_KNOTS('',2,(#12275,#12276,#12277),
 .UNSPECIFIED.,.F.,.F.,(3,3),(0.,1.),.UNSPECIFIED.);
#211=B_SPLINE_CURVE_WITH_KNOTS('',2,(#12285,#12286,#12287),
 .UNSPECIFIED.,.F.,.F.,(3,3),(0.,1.),.UNSPECIFIED.);
#212=B_SPLINE_CURVE_WITH_KNOTS('',2,(#12290,#12291,#12292),
 .UNSPECIFIED.,.F.,.F.,(3,3),(0.,1.),.UNSPECIFIED.);
#213=B_SPLINE_CURVE_WITH_KNOTS('',2,(#12300,#12301,#12302),
 .UNSPECIFIED.,.F.,.F.,(3,3),(0.,1.),.UNSPECIFIED.);
#214=B_SPLINE_CURVE_WITH_KNOTS('',2,(#12305,#12306,#12307),
 .UNSPECIFIED.,.F.,.F.,(3,3),(0.,1.),.UNSPECIFIED.);
#215=B_SPLINE_CURVE_WITH_KNOTS('',2,(#12315,#12316,#12317),
 .UNSPECIFIED.,.F.,.F.,(3,3),(0.,1.),.UNSPECIFIED.);
#216=B_SPLINE_CURVE_WITH_KNOTS('',2,(#12320,#12321,#12322),
 .UNSPECIFIED.,.F.,.F.,(3,3),(0.,1.),.UNSPECIFIED.);
#217=B_SPLINE_CURVE_WITH_KNOTS('',2,(#12379,#12380,#12381),
 .UNSPECIFIED.,.F.,.F.,(3,3),(-1.,-0.913738295377176),.UNSPECIFIED.);
#218=B_SPLINE_CURVE_WITH_KNOTS('',2,(#12382,#12383,#12384),
 .UNSPECIFIED.,.F.,.F.,(3,3),(-1.,-0.913738295377176),.UNSPECIFIED.);
#219=B_SPLINE_CURVE_WITH_KNOTS('',2,(#12402,#12403,#12404),
 .UNSPECIFIED.,.F.,.F.,(3,3),(0.,1.),.UNSPECIFIED.);
#220=B_SPLINE_CURVE_WITH_KNOTS('',2,(#12407,#12408,#12409),
 .UNSPECIFIED.,.F.,.F.,(3,3),(0.,1.),.UNSPECIFIED.);
#221=B_SPLINE_CURVE_WITH_KNOTS('',2,(#12417,#12418,#12419),
 .UNSPECIFIED.,.F.,.F.,(3,3),(0.,1.),.UNSPECIFIED.);
#222=B_SPLINE_CURVE_WITH_KNOTS('',2,(#12422,#12423,#12424),
 .UNSPECIFIED.,.F.,.F.,(3,3),(0.,1.),.UNSPECIFIED.);
#223=B_SPLINE_CURVE_WITH_KNOTS('',2,(#12432,#12433,#12434),
 .UNSPECIFIED.,.F.,.F.,(3,3),(0.254836152637781,1.),.UNSPECIFIED.);
#224=B_SPLINE_CURVE_WITH_KNOTS('',2,(#12437,#12438,#12439),
 .UNSPECIFIED.,.F.,.F.,(3,3),(0.254836152637781,1.),.UNSPECIFIED.);
#225=B_SPLINE_CURVE_WITH_KNOTS('',2,(#12465,#12466,#12467),
 .UNSPECIFIED.,.F.,.F.,(3,3),(0.,1.),.UNSPECIFIED.);
#226=B_SPLINE_CURVE_WITH_KNOTS('',2,(#12470,#12471,#12472),
 .UNSPECIFIED.,.F.,.F.,(3,3),(0.,1.),.UNSPECIFIED.);
#227=B_SPLINE_CURVE_WITH_KNOTS('',2,(#12480,#12481,#12482),
 .UNSPECIFIED.,.F.,.F.,(3,3),(0.,1.),.UNSPECIFIED.);
#228=B_SPLINE_CURVE_WITH_KNOTS('',2,(#12485,#12486,#12487),
 .UNSPECIFIED.,.F.,.F.,(3,3),(0.,1.),.UNSPECIFIED.);
#229=B_SPLINE_CURVE_WITH_KNOTS('',2,(#12495,#12496,#12497),
 .UNSPECIFIED.,.F.,.F.,(3,3),(0.,1.),.UNSPECIFIED.);
#230=B_SPLINE_CURVE_WITH_KNOTS('',2,(#12500,#12501,#12502),
 .UNSPECIFIED.,.F.,.F.,(3,3),(0.,1.),.UNSPECIFIED.);
#231=B_SPLINE_CURVE_WITH_KNOTS('',2,(#12510,#12511,#12512),
 .UNSPECIFIED.,.F.,.F.,(3,3),(0.,1.),.UNSPECIFIED.);
#232=B_SPLINE_CURVE_WITH_KNOTS('',2,(#12515,#12516,#12517),
 .UNSPECIFIED.,.F.,.F.,(3,3),(0.,1.),.UNSPECIFIED.);
#233=B_SPLINE_CURVE_WITH_KNOTS('',2,(#12525,#12526,#12527),
 .UNSPECIFIED.,.F.,.F.,(3,3),(0.,1.),.UNSPECIFIED.);
#234=B_SPLINE_CURVE_WITH_KNOTS('',2,(#12530,#12531,#12532),
 .UNSPECIFIED.,.F.,.F.,(3,3),(0.,1.),.UNSPECIFIED.);
#235=B_SPLINE_CURVE_WITH_KNOTS('',2,(#12570,#12571,#12572),
 .UNSPECIFIED.,.F.,.F.,(3,3),(0.,0.339175489417865),.UNSPECIFIED.);
#236=B_SPLINE_CURVE_WITH_KNOTS('',2,(#12575,#12576,#12577),
 .UNSPECIFIED.,.F.,.F.,(3,3),(0.,0.339175489417865),.UNSPECIFIED.);
#237=B_SPLINE_CURVE_WITH_KNOTS('',2,(#12584,#12585,#12586),
 .UNSPECIFIED.,.F.,.F.,(3,3),(0.,1.),.UNSPECIFIED.);
#238=B_SPLINE_CURVE_WITH_KNOTS('',2,(#12587,#12588,#12589),
 .UNSPECIFIED.,.F.,.F.,(3,3),(0.,1.),.UNSPECIFIED.);
#239=B_SPLINE_CURVE_WITH_KNOTS('',2,(#12607,#12608,#12609),
 .UNSPECIFIED.,.F.,.F.,(3,3),(-0.131046241539477,0.),.UNSPECIFIED.);
#240=B_SPLINE_CURVE_WITH_KNOTS('',2,(#12612,#12613,#12614),
 .UNSPECIFIED.,.F.,.F.,(3,3),(-0.131046241539477,0.),.UNSPECIFIED.);
#241=B_SPLINE_CURVE_WITH_KNOTS('',2,(#12622,#12623,#12624),
 .UNSPECIFIED.,.F.,.F.,(3,3),(0.,0.560218913965332),.UNSPECIFIED.);
#242=B_SPLINE_CURVE_WITH_KNOTS('',2,(#12627,#12628,#12629),
 .UNSPECIFIED.,.F.,.F.,(3,3),(0.,0.560218913965332),.UNSPECIFIED.);
#243=B_SPLINE_CURVE_WITH_KNOTS('',2,(#12638,#12639,#12640),
 .UNSPECIFIED.,.F.,.F.,(3,3),(0.,1.),.UNSPECIFIED.);
#244=B_SPLINE_CURVE_WITH_KNOTS('',2,(#12643,#12644,#12645),
 .UNSPECIFIED.,.F.,.F.,(3,3),(0.,1.),.UNSPECIFIED.);
#245=B_SPLINE_CURVE_WITH_KNOTS('',2,(#12659,#12660,#12661),
 .UNSPECIFIED.,.F.,.F.,(3,3),(0.,1.),.UNSPECIFIED.);
#246=B_SPLINE_CURVE_WITH_KNOTS('',2,(#12664,#12665,#12666),
 .UNSPECIFIED.,.F.,.F.,(3,3),(0.,1.),.UNSPECIFIED.);
#247=B_SPLINE_CURVE_WITH_KNOTS('',2,(#12674,#12675,#12676),
 .UNSPECIFIED.,.F.,.F.,(3,3),(0.,1.),.UNSPECIFIED.);
#248=B_SPLINE_CURVE_WITH_KNOTS('',2,(#12679,#12680,#12681),
 .UNSPECIFIED.,.F.,.F.,(3,3),(0.,1.),.UNSPECIFIED.);
#249=B_SPLINE_CURVE_WITH_KNOTS('',2,(#12689,#12690,#12691),
 .UNSPECIFIED.,.F.,.F.,(3,3),(0.,1.),.UNSPECIFIED.);
#250=B_SPLINE_CURVE_WITH_KNOTS('',2,(#12694,#12695,#12696),
 .UNSPECIFIED.,.F.,.F.,(3,3),(0.,1.),.UNSPECIFIED.);
#251=B_SPLINE_CURVE_WITH_KNOTS('',2,(#12710,#12711,#12712),
 .UNSPECIFIED.,.F.,.F.,(3,3),(0.,1.),.UNSPECIFIED.);
#252=B_SPLINE_CURVE_WITH_KNOTS('',2,(#12715,#12716,#12717),
 .UNSPECIFIED.,.F.,.F.,(3,3),(0.,1.),.UNSPECIFIED.);
#253=B_SPLINE_CURVE_WITH_KNOTS('',2,(#12725,#12726,#12727),
 .UNSPECIFIED.,.F.,.F.,(3,3),(0.189647719521277,1.),.UNSPECIFIED.);
#254=B_SPLINE_CURVE_WITH_KNOTS('',2,(#12730,#12731,#12732),
 .UNSPECIFIED.,.F.,.F.,(3,3),(0.189647719521277,1.),.UNSPECIFIED.);
#255=B_SPLINE_CURVE_WITH_KNOTS('',2,(#12739,#12740,#12741),
 .UNSPECIFIED.,.F.,.F.,(3,3),(-1.,-0.825363004839411),.UNSPECIFIED.);
#256=B_SPLINE_CURVE_WITH_KNOTS('',2,(#12742,#12743,#12744),
 .UNSPECIFIED.,.F.,.F.,(3,3),(-1.,-0.825363004839411),.UNSPECIFIED.);
#257=B_SPLINE_CURVE_WITH_KNOTS('',2,(#12754,#12755,#12756),
 .UNSPECIFIED.,.F.,.F.,(3,3),(-0.189647719521265,0.),.UNSPECIFIED.);
#258=B_SPLINE_CURVE_WITH_KNOTS('',2,(#12758,#12759,#12760),
 .UNSPECIFIED.,.F.,.F.,(3,3),(-0.189647719521265,0.),.UNSPECIFIED.);
#259=B_SPLINE_CURVE_WITH_KNOTS('',2,(#12769,#12770,#12771),
 .UNSPECIFIED.,.F.,.F.,(3,3),(0.,0.825363004837426),.UNSPECIFIED.);
#260=B_SPLINE_CURVE_WITH_KNOTS('',2,(#12774,#12775,#12776),
 .UNSPECIFIED.,.F.,.F.,(3,3),(0.,0.825363004837426),.UNSPECIFIED.);
#261=B_SPLINE_CURVE_WITH_KNOTS('',2,(#12790,#12791,#12792),
 .UNSPECIFIED.,.F.,.F.,(3,3),(0.,1.),.UNSPECIFIED.);
#262=B_SPLINE_CURVE_WITH_KNOTS('',2,(#12795,#12796,#12797),
 .UNSPECIFIED.,.F.,.F.,(3,3),(0.,1.),.UNSPECIFIED.);
#263=B_SPLINE_CURVE_WITH_KNOTS('',2,(#12804,#12805,#12806),
 .UNSPECIFIED.,.F.,.F.,(3,3),(0.131046241539478,1.),.UNSPECIFIED.);
#264=B_SPLINE_CURVE_WITH_KNOTS('',2,(#12807,#12808,#12809),
 .UNSPECIFIED.,.F.,.F.,(3,3),(0.131046241539478,1.),.UNSPECIFIED.);
#265=B_SPLINE_CURVE_WITH_KNOTS('',2,(#12816,#12817,#12818),
 .UNSPECIFIED.,.F.,.F.,(3,3),(-1.,-0.560218913965431),.UNSPECIFIED.);
#266=B_SPLINE_CURVE_WITH_KNOTS('',2,(#12819,#12820,#12821),
 .UNSPECIFIED.,.F.,.F.,(3,3),(-1.,-0.560218913965431),.UNSPECIFIED.);
#267=B_SPLINE_CURVE_WITH_KNOTS('',2,(#12831,#12832,#12833),
 .UNSPECIFIED.,.F.,.F.,(3,3),(0.435164149001076,1.),.UNSPECIFIED.);
#268=B_SPLINE_CURVE_WITH_KNOTS('',2,(#12837,#12838,#12839),
 .UNSPECIFIED.,.F.,.F.,(3,3),(0.435164149001076,1.),.UNSPECIFIED.);
#269=B_SPLINE_CURVE_WITH_KNOTS('',2,(#12860,#12861,#12862),
 .UNSPECIFIED.,.F.,.F.,(3,3),(-0.43516414900106,0.),.UNSPECIFIED.);
#270=B_SPLINE_CURVE_WITH_KNOTS('',2,(#12863,#12864,#12865),
 .UNSPECIFIED.,.F.,.F.,(3,3),(-0.43516414900106,0.),.UNSPECIFIED.);
#271=B_SPLINE_CURVE_WITH_KNOTS('',2,(#12879,#12880,#12881),
 .UNSPECIFIED.,.F.,.F.,(3,3),(0.,1.),.UNSPECIFIED.);
#272=B_SPLINE_CURVE_WITH_KNOTS('',2,(#12884,#12885,#12886),
 .UNSPECIFIED.,.F.,.F.,(3,3),(0.,1.),.UNSPECIFIED.);
#273=B_SPLINE_CURVE_WITH_KNOTS('',2,(#12894,#12895,#12896),
 .UNSPECIFIED.,.F.,.F.,(3,3),(0.,1.),.UNSPECIFIED.);
#274=B_SPLINE_CURVE_WITH_KNOTS('',2,(#12899,#12900,#12901),
 .UNSPECIFIED.,.F.,.F.,(3,3),(0.,1.),.UNSPECIFIED.);
#275=B_SPLINE_CURVE_WITH_KNOTS('',2,(#12909,#12910,#12911),
 .UNSPECIFIED.,.F.,.F.,(3,3),(0.,1.),.UNSPECIFIED.);
#276=B_SPLINE_CURVE_WITH_KNOTS('',2,(#12914,#12915,#12916),
 .UNSPECIFIED.,.F.,.F.,(3,3),(0.,1.),.UNSPECIFIED.);
#277=B_SPLINE_CURVE_WITH_KNOTS('',2,(#12924,#12925,#12926),
 .UNSPECIFIED.,.F.,.F.,(3,3),(0.,1.),.UNSPECIFIED.);
#278=B_SPLINE_CURVE_WITH_KNOTS('',2,(#12929,#12930,#12931),
 .UNSPECIFIED.,.F.,.F.,(3,3),(0.,1.),.UNSPECIFIED.);
#279=B_SPLINE_CURVE_WITH_KNOTS('',2,(#12939,#12940,#12941),
 .UNSPECIFIED.,.F.,.F.,(3,3),(0.,1.),.UNSPECIFIED.);
#280=B_SPLINE_CURVE_WITH_KNOTS('',2,(#12944,#12945,#12946),
 .UNSPECIFIED.,.F.,.F.,(3,3),(0.,1.),.UNSPECIFIED.);
#281=B_SPLINE_CURVE_WITH_KNOTS('',2,(#12954,#12955,#12956),
 .UNSPECIFIED.,.F.,.F.,(3,3),(0.,1.),.UNSPECIFIED.);
#282=B_SPLINE_CURVE_WITH_KNOTS('',2,(#12959,#12960,#12961),
 .UNSPECIFIED.,.F.,.F.,(3,3),(0.,1.),.UNSPECIFIED.);
#283=B_SPLINE_CURVE_WITH_KNOTS('',2,(#12968,#12969,#12970),
 .UNSPECIFIED.,.F.,.F.,(3,3),(0.,1.),.UNSPECIFIED.);
#284=B_SPLINE_CURVE_WITH_KNOTS('',2,(#12971,#12972,#12973),
 .UNSPECIFIED.,.F.,.F.,(3,3),(0.,1.),.UNSPECIFIED.);
#285=B_SPLINE_CURVE_WITH_KNOTS('',2,(#12982,#12983,#12984),
 .UNSPECIFIED.,.F.,.F.,(3,3),(-1.,-0.775388781412076),.UNSPECIFIED.);
#286=B_SPLINE_CURVE_WITH_KNOTS('',2,(#12988,#12989,#12990),
 .UNSPECIFIED.,.F.,.F.,(3,3),(-1.,-0.775388781412076),.UNSPECIFIED.);
#287=B_SPLINE_CURVE_WITH_KNOTS('',2,(#13008,#13009,#13010),
 .UNSPECIFIED.,.F.,.F.,(3,3),(0.,0.775388781412065),.UNSPECIFIED.);
#288=B_SPLINE_CURVE_WITH_KNOTS('',2,(#13013,#13014,#13015),
 .UNSPECIFIED.,.F.,.F.,(3,3),(0.,0.775388781412065),.UNSPECIFIED.);
#289=B_SPLINE_CURVE_WITH_KNOTS('',2,(#13024,#13025,#13026),
 .UNSPECIFIED.,.F.,.F.,(3,3),(0.,1.),.UNSPECIFIED.);
#290=B_SPLINE_CURVE_WITH_KNOTS('',2,(#13029,#13030,#13031),
 .UNSPECIFIED.,.F.,.F.,(3,3),(0.,1.),.UNSPECIFIED.);
#291=B_SPLINE_CURVE_WITH_KNOTS('',2,(#13039,#13040,#13041),
 .UNSPECIFIED.,.F.,.F.,(3,3),(0.,1.),.UNSPECIFIED.);
#292=B_SPLINE_CURVE_WITH_KNOTS('',2,(#13044,#13045,#13046),
 .UNSPECIFIED.,.F.,.F.,(3,3),(0.,1.),.UNSPECIFIED.);
#293=B_SPLINE_CURVE_WITH_KNOTS('',2,(#13054,#13055,#13056),
 .UNSPECIFIED.,.F.,.F.,(3,3),(0.,1.),.UNSPECIFIED.);
#294=B_SPLINE_CURVE_WITH_KNOTS('',2,(#13059,#13060,#13061),
 .UNSPECIFIED.,.F.,.F.,(3,3),(0.,1.),.UNSPECIFIED.);
#295=B_SPLINE_CURVE_WITH_KNOTS('',2,(#13087,#13088,#13089),
 .UNSPECIFIED.,.F.,.F.,(3,3),(0.,1.),.UNSPECIFIED.);
#296=B_SPLINE_CURVE_WITH_KNOTS('',2,(#13092,#13093,#13094),
 .UNSPECIFIED.,.F.,.F.,(3,3),(0.,1.),.UNSPECIFIED.);
#297=B_SPLINE_CURVE_WITH_KNOTS('',2,(#13102,#13103,#13104),
 .UNSPECIFIED.,.F.,.F.,(3,3),(0.,1.),.UNSPECIFIED.);
#298=B_SPLINE_CURVE_WITH_KNOTS('',2,(#13107,#13108,#13109),
 .UNSPECIFIED.,.F.,.F.,(3,3),(0.,1.),.UNSPECIFIED.);
#299=B_SPLINE_CURVE_WITH_KNOTS('',2,(#13129,#13130,#13131),
 .UNSPECIFIED.,.F.,.F.,(3,3),(0.,1.),.UNSPECIFIED.);
#300=B_SPLINE_CURVE_WITH_KNOTS('',2,(#13134,#13135,#13136),
 .UNSPECIFIED.,.F.,.F.,(3,3),(0.,1.),.UNSPECIFIED.);
#301=B_SPLINE_CURVE_WITH_KNOTS('',2,(#13144,#13145,#13146),
 .UNSPECIFIED.,.F.,.F.,(3,3),(0.,1.),.UNSPECIFIED.);
#302=B_SPLINE_CURVE_WITH_KNOTS('',2,(#13149,#13150,#13151),
 .UNSPECIFIED.,.F.,.F.,(3,3),(0.,1.),.UNSPECIFIED.);
#303=B_SPLINE_CURVE_WITH_KNOTS('',2,(#13159,#13160,#13161),
 .UNSPECIFIED.,.F.,.F.,(3,3),(0.,1.),.UNSPECIFIED.);
#304=B_SPLINE_CURVE_WITH_KNOTS('',2,(#13164,#13165,#13166),
 .UNSPECIFIED.,.F.,.F.,(3,3),(0.,1.),.UNSPECIFIED.);
#305=B_SPLINE_CURVE_WITH_KNOTS('',2,(#13174,#13175,#13176),
 .UNSPECIFIED.,.F.,.F.,(3,3),(0.,1.),.UNSPECIFIED.);
#306=B_SPLINE_CURVE_WITH_KNOTS('',2,(#13179,#13180,#13181),
 .UNSPECIFIED.,.F.,.F.,(3,3),(0.,1.),.UNSPECIFIED.);
#307=B_SPLINE_CURVE_WITH_KNOTS('',2,(#13189,#13190,#13191),
 .UNSPECIFIED.,.F.,.F.,(3,3),(0.,1.),.UNSPECIFIED.);
#308=B_SPLINE_CURVE_WITH_KNOTS('',2,(#13194,#13195,#13196),
 .UNSPECIFIED.,.F.,.F.,(3,3),(0.,1.),.UNSPECIFIED.);
#309=B_SPLINE_CURVE_WITH_KNOTS('',2,(#13204,#13205,#13206),
 .UNSPECIFIED.,.F.,.F.,(3,3),(0.,1.),.UNSPECIFIED.);
#310=B_SPLINE_CURVE_WITH_KNOTS('',2,(#13209,#13210,#13211),
 .UNSPECIFIED.,.F.,.F.,(3,3),(0.,1.),.UNSPECIFIED.);
#311=B_SPLINE_CURVE_WITH_KNOTS('',2,(#13219,#13220,#13221),
 .UNSPECIFIED.,.F.,.F.,(3,3),(0.,1.),.UNSPECIFIED.);
#312=B_SPLINE_CURVE_WITH_KNOTS('',2,(#13224,#13225,#13226),
 .UNSPECIFIED.,.F.,.F.,(3,3),(0.,1.),.UNSPECIFIED.);
#313=B_SPLINE_CURVE_WITH_KNOTS('',2,(#13234,#13235,#13236),
 .UNSPECIFIED.,.F.,.F.,(3,3),(0.328184811727363,1.),.UNSPECIFIED.);
#314=B_SPLINE_CURVE_WITH_KNOTS('',2,(#13239,#13240,#13241),
 .UNSPECIFIED.,.F.,.F.,(3,3),(0.328184811727363,1.),.UNSPECIFIED.);
#315=B_SPLINE_CURVE_WITH_KNOTS('',2,(#13261,#13262,#13263),
 .UNSPECIFIED.,.F.,.F.,(3,3),(-0.328184811725248,0.),.UNSPECIFIED.);
#316=B_SPLINE_CURVE_WITH_KNOTS('',2,(#13264,#13265,#13266),
 .UNSPECIFIED.,.F.,.F.,(3,3),(-0.328184811725248,0.),.UNSPECIFIED.);
#317=B_SPLINE_CURVE_WITH_KNOTS('',2,(#13279,#13280,#13281),
 .UNSPECIFIED.,.F.,.F.,(3,3),(0.,1.),.UNSPECIFIED.);
#318=B_SPLINE_CURVE_WITH_KNOTS('',2,(#13285,#13286,#13287),
 .UNSPECIFIED.,.F.,.F.,(3,3),(0.,1.),.UNSPECIFIED.);
#319=B_SPLINE_CURVE_WITH_KNOTS('',2,(#13296,#13297,#13298),
 .UNSPECIFIED.,.F.,.F.,(3,3),(0.,1.),.UNSPECIFIED.);
#320=B_SPLINE_CURVE_WITH_KNOTS('',2,(#13301,#13302,#13303),
 .UNSPECIFIED.,.F.,.F.,(3,3),(0.,1.),.UNSPECIFIED.);
#321=B_SPLINE_CURVE_WITH_KNOTS('',2,(#13317,#13318,#13319),
 .UNSPECIFIED.,.F.,.F.,(3,3),(0.,1.),.UNSPECIFIED.);
#322=B_SPLINE_CURVE_WITH_KNOTS('',2,(#13322,#13323,#13324),
 .UNSPECIFIED.,.F.,.F.,(3,3),(0.,1.),.UNSPECIFIED.);
#323=B_SPLINE_CURVE_WITH_KNOTS('',2,(#13332,#13333,#13334),
 .UNSPECIFIED.,.F.,.F.,(3,3),(0.,1.),.UNSPECIFIED.);
#324=B_SPLINE_CURVE_WITH_KNOTS('',2,(#13337,#13338,#13339),
 .UNSPECIFIED.,.F.,.F.,(3,3),(0.,1.),.UNSPECIFIED.);
#325=B_SPLINE_CURVE_WITH_KNOTS('',2,(#13347,#13348,#13349),
 .UNSPECIFIED.,.F.,.F.,(3,3),(0.,1.),.UNSPECIFIED.);
#326=B_SPLINE_CURVE_WITH_KNOTS('',2,(#13352,#13353,#13354),
 .UNSPECIFIED.,.F.,.F.,(3,3),(0.,1.),.UNSPECIFIED.);
#327=B_SPLINE_CURVE_WITH_KNOTS('',2,(#13362,#13363,#13364),
 .UNSPECIFIED.,.F.,.F.,(3,3),(0.,1.),.UNSPECIFIED.);
#328=B_SPLINE_CURVE_WITH_KNOTS('',2,(#13367,#13368,#13369),
 .UNSPECIFIED.,.F.,.F.,(3,3),(0.,1.),.UNSPECIFIED.);
#329=B_SPLINE_CURVE_WITH_KNOTS('',2,(#13377,#13378,#13379),
 .UNSPECIFIED.,.F.,.F.,(3,3),(0.,1.),.UNSPECIFIED.);
#330=B_SPLINE_CURVE_WITH_KNOTS('',2,(#13382,#13383,#13384),
 .UNSPECIFIED.,.F.,.F.,(3,3),(0.,1.),.UNSPECIFIED.);
#331=B_SPLINE_CURVE_WITH_KNOTS('',2,(#13392,#13393,#13394),
 .UNSPECIFIED.,.F.,.F.,(3,3),(0.,1.),.UNSPECIFIED.);
#332=B_SPLINE_CURVE_WITH_KNOTS('',2,(#13397,#13398,#13399),
 .UNSPECIFIED.,.F.,.F.,(3,3),(0.,1.),.UNSPECIFIED.);
#333=B_SPLINE_CURVE_WITH_KNOTS('',2,(#13413,#13414,#13415),
 .UNSPECIFIED.,.F.,.F.,(3,3),(0.,1.),.UNSPECIFIED.);
#334=B_SPLINE_CURVE_WITH_KNOTS('',2,(#13418,#13419,#13420),
 .UNSPECIFIED.,.F.,.F.,(3,3),(0.,1.),.UNSPECIFIED.);
#335=B_SPLINE_CURVE_WITH_KNOTS('',2,(#13428,#13429,#13430),
 .UNSPECIFIED.,.F.,.F.,(3,3),(0.,1.),.UNSPECIFIED.);
#336=B_SPLINE_CURVE_WITH_KNOTS('',2,(#13433,#13434,#13435),
 .UNSPECIFIED.,.F.,.F.,(3,3),(0.,1.),.UNSPECIFIED.);
#337=B_SPLINE_CURVE_WITH_KNOTS('',2,(#13443,#13444,#13445),
 .UNSPECIFIED.,.F.,.F.,(3,3),(0.,1.),.UNSPECIFIED.);
#338=B_SPLINE_CURVE_WITH_KNOTS('',2,(#13448,#13449,#13450),
 .UNSPECIFIED.,.F.,.F.,(3,3),(0.,1.),.UNSPECIFIED.);
#339=B_SPLINE_CURVE_WITH_KNOTS('',2,(#13458,#13459,#13460),
 .UNSPECIFIED.,.F.,.F.,(3,3),(0.,1.),.UNSPECIFIED.);
#340=B_SPLINE_CURVE_WITH_KNOTS('',2,(#13463,#13464,#13465),
 .UNSPECIFIED.,.F.,.F.,(3,3),(0.,1.),.UNSPECIFIED.);
#341=B_SPLINE_CURVE_WITH_KNOTS('',2,(#13473,#13474,#13475),
 .UNSPECIFIED.,.F.,.F.,(3,3),(0.,1.),.UNSPECIFIED.);
#342=B_SPLINE_CURVE_WITH_KNOTS('',2,(#13478,#13479,#13480),
 .UNSPECIFIED.,.F.,.F.,(3,3),(0.,1.),.UNSPECIFIED.);
#343=B_SPLINE_CURVE_WITH_KNOTS('',2,(#13488,#13489,#13490),
 .UNSPECIFIED.,.F.,.F.,(3,3),(0.,1.),.UNSPECIFIED.);
#344=B_SPLINE_CURVE_WITH_KNOTS('',2,(#13493,#13494,#13495),
 .UNSPECIFIED.,.F.,.F.,(3,3),(0.,1.),.UNSPECIFIED.);
#345=B_SPLINE_CURVE_WITH_KNOTS('',2,(#13509,#13510,#13511),
 .UNSPECIFIED.,.F.,.F.,(3,3),(0.,1.),.UNSPECIFIED.);
#346=B_SPLINE_CURVE_WITH_KNOTS('',2,(#13514,#13515,#13516),
 .UNSPECIFIED.,.F.,.F.,(3,3),(0.,1.),.UNSPECIFIED.);
#347=B_SPLINE_CURVE_WITH_KNOTS('',2,(#13524,#13525,#13526),
 .UNSPECIFIED.,.F.,.F.,(3,3),(0.,1.),.UNSPECIFIED.);
#348=B_SPLINE_CURVE_WITH_KNOTS('',2,(#13529,#13530,#13531),
 .UNSPECIFIED.,.F.,.F.,(3,3),(0.,1.),.UNSPECIFIED.);
#349=B_SPLINE_CURVE_WITH_KNOTS('',2,(#13539,#13540,#13541),
 .UNSPECIFIED.,.F.,.F.,(3,3),(0.,1.),.UNSPECIFIED.);
#350=B_SPLINE_CURVE_WITH_KNOTS('',2,(#13544,#13545,#13546),
 .UNSPECIFIED.,.F.,.F.,(3,3),(0.,1.),.UNSPECIFIED.);
#351=B_SPLINE_CURVE_WITH_KNOTS('',2,(#13554,#13555,#13556),
 .UNSPECIFIED.,.F.,.F.,(3,3),(0.,1.),.UNSPECIFIED.);
#352=B_SPLINE_CURVE_WITH_KNOTS('',2,(#13559,#13560,#13561),
 .UNSPECIFIED.,.F.,.F.,(3,3),(0.,1.),.UNSPECIFIED.);
#353=B_SPLINE_CURVE_WITH_KNOTS('',2,(#13569,#13570,#13571),
 .UNSPECIFIED.,.F.,.F.,(3,3),(0.,1.),.UNSPECIFIED.);
#354=B_SPLINE_CURVE_WITH_KNOTS('',2,(#13574,#13575,#13576),
 .UNSPECIFIED.,.F.,.F.,(3,3),(0.,1.),.UNSPECIFIED.);
#355=B_SPLINE_CURVE_WITH_KNOTS('',2,(#13584,#13585,#13586),
 .UNSPECIFIED.,.F.,.F.,(3,3),(0.,1.),.UNSPECIFIED.);
#356=B_SPLINE_CURVE_WITH_KNOTS('',2,(#13589,#13590,#13591),
 .UNSPECIFIED.,.F.,.F.,(3,3),(0.,1.),.UNSPECIFIED.);
#357=B_SPLINE_CURVE_WITH_KNOTS('',2,(#13605,#13606,#13607),
 .UNSPECIFIED.,.F.,.F.,(3,3),(0.,1.),.UNSPECIFIED.);
#358=B_SPLINE_CURVE_WITH_KNOTS('',2,(#13610,#13611,#13612),
 .UNSPECIFIED.,.F.,.F.,(3,3),(0.,1.),.UNSPECIFIED.);
#359=B_SPLINE_CURVE_WITH_KNOTS('',2,(#13620,#13621,#13622),
 .UNSPECIFIED.,.F.,.F.,(3,3),(0.,1.),.UNSPECIFIED.);
#360=B_SPLINE_CURVE_WITH_KNOTS('',2,(#13625,#13626,#13627),
 .UNSPECIFIED.,.F.,.F.,(3,3),(0.,1.),.UNSPECIFIED.);
#361=B_SPLINE_CURVE_WITH_KNOTS('',2,(#13635,#13636,#13637),
 .UNSPECIFIED.,.F.,.F.,(3,3),(0.,1.),.UNSPECIFIED.);
#362=B_SPLINE_CURVE_WITH_KNOTS('',2,(#13640,#13641,#13642),
 .UNSPECIFIED.,.F.,.F.,(3,3),(0.,1.),.UNSPECIFIED.);
#363=B_SPLINE_CURVE_WITH_KNOTS('',2,(#13649,#13650,#13651),
 .UNSPECIFIED.,.F.,.F.,(3,3),(0.,1.),.UNSPECIFIED.);
#364=B_SPLINE_CURVE_WITH_KNOTS('',2,(#13652,#13653,#13654),
 .UNSPECIFIED.,.F.,.F.,(3,3),(0.,1.),.UNSPECIFIED.);
#365=B_SPLINE_CURVE_WITH_KNOTS('',2,(#13664,#13665,#13666),
 .UNSPECIFIED.,.F.,.F.,(3,3),(0.,1.),.UNSPECIFIED.);
#366=B_SPLINE_CURVE_WITH_KNOTS('',2,(#13670,#13671,#13672),
 .UNSPECIFIED.,.F.,.F.,(3,3),(0.,1.),.UNSPECIFIED.);
#367=B_SPLINE_CURVE_WITH_KNOTS('',2,(#13681,#13682,#13683),
 .UNSPECIFIED.,.F.,.F.,(3,3),(0.,1.),.UNSPECIFIED.);
#368=B_SPLINE_CURVE_WITH_KNOTS('',2,(#13686,#13687,#13688),
 .UNSPECIFIED.,.F.,.F.,(3,3),(0.,1.),.UNSPECIFIED.);
#369=B_SPLINE_CURVE_WITH_KNOTS('',2,(#13696,#13697,#13698),
 .UNSPECIFIED.,.F.,.F.,(3,3),(0.,1.),.UNSPECIFIED.);
#370=B_SPLINE_CURVE_WITH_KNOTS('',2,(#13701,#13702,#13703),
 .UNSPECIFIED.,.F.,.F.,(3,3),(0.,1.),.UNSPECIFIED.);
#371=B_SPLINE_CURVE_WITH_KNOTS('',2,(#13711,#13712,#13713),
 .UNSPECIFIED.,.F.,.F.,(3,3),(0.,1.),.UNSPECIFIED.);
#372=B_SPLINE_CURVE_WITH_KNOTS('',2,(#13716,#13717,#13718),
 .UNSPECIFIED.,.F.,.F.,(3,3),(0.,1.),.UNSPECIFIED.);
#373=B_SPLINE_CURVE_WITH_KNOTS('',2,(#13726,#13727,#13728),
 .UNSPECIFIED.,.F.,.F.,(3,3),(0.,1.),.UNSPECIFIED.);
#374=B_SPLINE_CURVE_WITH_KNOTS('',2,(#13731,#13732,#13733),
 .UNSPECIFIED.,.F.,.F.,(3,3),(0.,1.),.UNSPECIFIED.);
#375=B_SPLINE_CURVE_WITH_KNOTS('',2,(#13741,#13742,#13743),
 .UNSPECIFIED.,.F.,.F.,(3,3),(0.,1.),.UNSPECIFIED.);
#376=B_SPLINE_CURVE_WITH_KNOTS('',2,(#13746,#13747,#13748),
 .UNSPECIFIED.,.F.,.F.,(3,3),(0.,1.),.UNSPECIFIED.);
#377=B_SPLINE_CURVE_WITH_KNOTS('',2,(#13756,#13757,#13758),
 .UNSPECIFIED.,.F.,.F.,(3,3),(0.,1.),.UNSPECIFIED.);
#378=B_SPLINE_CURVE_WITH_KNOTS('',2,(#13761,#13762,#13763),
 .UNSPECIFIED.,.F.,.F.,(3,3),(0.,1.),.UNSPECIFIED.);
#379=B_SPLINE_CURVE_WITH_KNOTS('',2,(#13770,#13771,#13772),
 .UNSPECIFIED.,.F.,.F.,(3,3),(0.,1.),.UNSPECIFIED.);
#380=B_SPLINE_CURVE_WITH_KNOTS('',2,(#13773,#13774,#13775),
 .UNSPECIFIED.,.F.,.F.,(3,3),(0.,1.),.UNSPECIFIED.);
#381=B_SPLINE_CURVE_WITH_KNOTS('',2,(#13784,#13785,#13786),
 .UNSPECIFIED.,.F.,.F.,(3,3),(0.,1.),.UNSPECIFIED.);
#382=B_SPLINE_CURVE_WITH_KNOTS('',2,(#13790,#13791,#13792),
 .UNSPECIFIED.,.F.,.F.,(3,3),(0.,1.),.UNSPECIFIED.);
#383=B_SPLINE_CURVE_WITH_KNOTS('',2,(#13801,#13802,#13803),
 .UNSPECIFIED.,.F.,.F.,(3,3),(0.,1.),.UNSPECIFIED.);
#384=B_SPLINE_CURVE_WITH_KNOTS('',2,(#13806,#13807,#13808),
 .UNSPECIFIED.,.F.,.F.,(3,3),(0.,1.),.UNSPECIFIED.);
#385=B_SPLINE_CURVE_WITH_KNOTS('',2,(#13816,#13817,#13818),
 .UNSPECIFIED.,.F.,.F.,(3,3),(0.,1.),.UNSPECIFIED.);
#386=B_SPLINE_CURVE_WITH_KNOTS('',2,(#13821,#13822,#13823),
 .UNSPECIFIED.,.F.,.F.,(3,3),(0.,1.),.UNSPECIFIED.);
#387=B_SPLINE_CURVE_WITH_KNOTS('',2,(#13831,#13832,#13833),
 .UNSPECIFIED.,.F.,.F.,(3,3),(0.,1.),.UNSPECIFIED.);
#388=B_SPLINE_CURVE_WITH_KNOTS('',2,(#13836,#13837,#13838),
 .UNSPECIFIED.,.F.,.F.,(3,3),(0.,1.),.UNSPECIFIED.);
#389=B_SPLINE_CURVE_WITH_KNOTS('',2,(#13846,#13847,#13848),
 .UNSPECIFIED.,.F.,.F.,(3,3),(0.,1.),.UNSPECIFIED.);
#390=B_SPLINE_CURVE_WITH_KNOTS('',2,(#13851,#13852,#13853),
 .UNSPECIFIED.,.F.,.F.,(3,3),(0.,1.),.UNSPECIFIED.);
#391=B_SPLINE_CURVE_WITH_KNOTS('',2,(#13861,#13862,#13863),
 .UNSPECIFIED.,.F.,.F.,(3,3),(0.,1.),.UNSPECIFIED.);
#392=B_SPLINE_CURVE_WITH_KNOTS('',2,(#13866,#13867,#13868),
 .UNSPECIFIED.,.F.,.F.,(3,3),(0.,1.),.UNSPECIFIED.);
#393=B_SPLINE_CURVE_WITH_KNOTS('',2,(#13876,#13877,#13878),
 .UNSPECIFIED.,.F.,.F.,(3,3),(0.,1.),.UNSPECIFIED.);
#394=B_SPLINE_CURVE_WITH_KNOTS('',2,(#13881,#13882,#13883),
 .UNSPECIFIED.,.F.,.F.,(3,3),(0.,1.),.UNSPECIFIED.);
#395=B_SPLINE_CURVE_WITH_KNOTS('',2,(#13890,#13891,#13892),
 .UNSPECIFIED.,.F.,.F.,(3,3),(0.,1.),.UNSPECIFIED.);
#396=B_SPLINE_CURVE_WITH_KNOTS('',2,(#13893,#13894,#13895),
 .UNSPECIFIED.,.F.,.F.,(3,3),(0.,1.),.UNSPECIFIED.);
#397=B_SPLINE_CURVE_WITH_KNOTS('',2,(#13919,#13920,#13921),
 .UNSPECIFIED.,.F.,.F.,(3,3),(0.,1.),.UNSPECIFIED.);
#398=B_SPLINE_CURVE_WITH_KNOTS('',2,(#13924,#13925,#13926),
 .UNSPECIFIED.,.F.,.F.,(3,3),(0.,1.),.UNSPECIFIED.);
#399=B_SPLINE_CURVE_WITH_KNOTS('',2,(#13934,#13935,#13936),
 .UNSPECIFIED.,.F.,.F.,(3,3),(0.,1.),.UNSPECIFIED.);
#400=B_SPLINE_CURVE_WITH_KNOTS('',2,(#13939,#13940,#13941),
 .UNSPECIFIED.,.F.,.F.,(3,3),(0.,1.),.UNSPECIFIED.);
#401=B_SPLINE_CURVE_WITH_KNOTS('',2,(#13949,#13950,#13951),
 .UNSPECIFIED.,.F.,.F.,(3,3),(0.,1.),.UNSPECIFIED.);
#402=B_SPLINE_CURVE_WITH_KNOTS('',2,(#13954,#13955,#13956),
 .UNSPECIFIED.,.F.,.F.,(3,3),(0.,1.),.UNSPECIFIED.);
#403=B_SPLINE_CURVE_WITH_KNOTS('',2,(#13964,#13965,#13966),
 .UNSPECIFIED.,.F.,.F.,(3,3),(0.,1.),.UNSPECIFIED.);
#404=B_SPLINE_CURVE_WITH_KNOTS('',2,(#13969,#13970,#13971),
 .UNSPECIFIED.,.F.,.F.,(3,3),(0.,1.),.UNSPECIFIED.);
#405=B_SPLINE_CURVE_WITH_KNOTS('',2,(#13985,#13986,#13987),
 .UNSPECIFIED.,.F.,.F.,(3,3),(0.,1.),.UNSPECIFIED.);
#406=B_SPLINE_CURVE_WITH_KNOTS('',2,(#13990,#13991,#13992),
 .UNSPECIFIED.,.F.,.F.,(3,3),(0.,1.),.UNSPECIFIED.);
#407=B_SPLINE_CURVE_WITH_KNOTS('',2,(#14000,#14001,#14002),
 .UNSPECIFIED.,.F.,.F.,(3,3),(0.,1.),.UNSPECIFIED.);
#408=B_SPLINE_CURVE_WITH_KNOTS('',2,(#14005,#14006,#14007),
 .UNSPECIFIED.,.F.,.F.,(3,3),(0.,1.),.UNSPECIFIED.);
#409=B_SPLINE_CURVE_WITH_KNOTS('',2,(#14015,#14016,#14017),
 .UNSPECIFIED.,.F.,.F.,(3,3),(0.,1.),.UNSPECIFIED.);
#410=B_SPLINE_CURVE_WITH_KNOTS('',2,(#14020,#14021,#14022),
 .UNSPECIFIED.,.F.,.F.,(3,3),(0.,1.),.UNSPECIFIED.);
#411=B_SPLINE_CURVE_WITH_KNOTS('',2,(#14030,#14031,#14032),
 .UNSPECIFIED.,.F.,.F.,(3,3),(0.,1.),.UNSPECIFIED.);
#412=B_SPLINE_CURVE_WITH_KNOTS('',2,(#14035,#14036,#14037),
 .UNSPECIFIED.,.F.,.F.,(3,3),(0.,1.),.UNSPECIFIED.);
#413=B_SPLINE_CURVE_WITH_KNOTS('',2,(#14075,#14076,#14077),
 .UNSPECIFIED.,.F.,.F.,(3,3),(0.,1.),.UNSPECIFIED.);
#414=B_SPLINE_CURVE_WITH_KNOTS('',2,(#14080,#14081,#14082),
 .UNSPECIFIED.,.F.,.F.,(3,3),(0.,1.),.UNSPECIFIED.);
#415=B_SPLINE_CURVE_WITH_KNOTS('',2,(#14090,#14091,#14092),
 .UNSPECIFIED.,.F.,.F.,(3,3),(0.,1.),.UNSPECIFIED.);
#416=B_SPLINE_CURVE_WITH_KNOTS('',2,(#14095,#14096,#14097),
 .UNSPECIFIED.,.F.,.F.,(3,3),(0.,1.),.UNSPECIFIED.);
#417=B_SPLINE_CURVE_WITH_KNOTS('',2,(#14105,#14106,#14107),
 .UNSPECIFIED.,.F.,.F.,(3,3),(0.,1.),.UNSPECIFIED.);
#418=B_SPLINE_CURVE_WITH_KNOTS('',2,(#14110,#14111,#14112),
 .UNSPECIFIED.,.F.,.F.,(3,3),(0.,1.),.UNSPECIFIED.);
#419=B_SPLINE_CURVE_WITH_KNOTS('',2,(#14138,#14139,#14140),
 .UNSPECIFIED.,.F.,.F.,(3,3),(0.,1.),.UNSPECIFIED.);
#420=B_SPLINE_CURVE_WITH_KNOTS('',2,(#14143,#14144,#14145),
 .UNSPECIFIED.,.F.,.F.,(3,3),(0.,1.),.UNSPECIFIED.);
#421=B_SPLINE_CURVE_WITH_KNOTS('',2,(#14153,#14154,#14155),
 .UNSPECIFIED.,.F.,.F.,(3,3),(0.,1.),.UNSPECIFIED.);
#422=B_SPLINE_CURVE_WITH_KNOTS('',2,(#14158,#14159,#14160),
 .UNSPECIFIED.,.F.,.F.,(3,3),(0.,1.),.UNSPECIFIED.);
#423=B_SPLINE_CURVE_WITH_KNOTS('',2,(#14168,#14169,#14170),
 .UNSPECIFIED.,.F.,.F.,(3,3),(0.,1.),.UNSPECIFIED.);
#424=B_SPLINE_CURVE_WITH_KNOTS('',2,(#14173,#14174,#14175),
 .UNSPECIFIED.,.F.,.F.,(3,3),(0.,1.),.UNSPECIFIED.);
#425=B_SPLINE_CURVE_WITH_KNOTS('',2,(#14200,#14201,#14202),
 .UNSPECIFIED.,.F.,.F.,(3,3),(-1.,-0.918847385177941),.UNSPECIFIED.);
#426=B_SPLINE_CURVE_WITH_KNOTS('',2,(#14206,#14207,#14208),
 .UNSPECIFIED.,.F.,.F.,(3,3),(-1.,-0.918847385177941),.UNSPECIFIED.);
#427=B_SPLINE_CURVE_WITH_KNOTS('',2,(#14223,#14224,#14225),
 .UNSPECIFIED.,.F.,.F.,(3,3),(-0.157862493073071,0.),.UNSPECIFIED.);
#428=B_SPLINE_CURVE_WITH_KNOTS('',2,(#14228,#14229,#14230),
 .UNSPECIFIED.,.F.,.F.,(3,3),(-0.157862493073071,0.),.UNSPECIFIED.);
#429=B_SPLINE_CURVE_WITH_KNOTS('',2,(#14238,#14239,#14240),
 .UNSPECIFIED.,.F.,.F.,(3,3),(0.,0.831498098873661),.UNSPECIFIED.);
#430=B_SPLINE_CURVE_WITH_KNOTS('',2,(#14243,#14244,#14245),
 .UNSPECIFIED.,.F.,.F.,(3,3),(0.,0.831498098873661),.UNSPECIFIED.);
#431=B_SPLINE_CURVE_WITH_KNOTS('',2,(#14254,#14255,#14256),
 .UNSPECIFIED.,.F.,.F.,(3,3),(0.595205035363197,1.),.UNSPECIFIED.);
#432=B_SPLINE_CURVE_WITH_KNOTS('',2,(#14259,#14260,#14261),
 .UNSPECIFIED.,.F.,.F.,(3,3),(0.595205035363197,1.),.UNSPECIFIED.);
#433=B_SPLINE_CURVE_WITH_KNOTS('',2,(#14269,#14270,#14271),
 .UNSPECIFIED.,.F.,.F.,(3,3),(0.,0.851522868478585),.UNSPECIFIED.);
#434=B_SPLINE_CURVE_WITH_KNOTS('',2,(#14274,#14275,#14276),
 .UNSPECIFIED.,.F.,.F.,(3,3),(0.,0.851522868478585),.UNSPECIFIED.);
#435=B_SPLINE_CURVE_WITH_KNOTS('',2,(#14284,#14285,#14286),
 .UNSPECIFIED.,.F.,.F.,(3,3),(0.,1.),.UNSPECIFIED.);
#436=B_SPLINE_CURVE_WITH_KNOTS('',2,(#14289,#14290,#14291),
 .UNSPECIFIED.,.F.,.F.,(3,3),(0.,1.),.UNSPECIFIED.);
#437=B_SPLINE_CURVE_WITH_KNOTS('',2,(#14299,#14300,#14301),
 .UNSPECIFIED.,.F.,.F.,(3,3),(0.,1.),.UNSPECIFIED.);
#438=B_SPLINE_CURVE_WITH_KNOTS('',2,(#14304,#14305,#14306),
 .UNSPECIFIED.,.F.,.F.,(3,3),(0.,1.),.UNSPECIFIED.);
#439=B_SPLINE_CURVE_WITH_KNOTS('',2,(#14314,#14315,#14316),
 .UNSPECIFIED.,.F.,.F.,(3,3),(0.,1.),.UNSPECIFIED.);
#440=B_SPLINE_CURVE_WITH_KNOTS('',2,(#14319,#14320,#14321),
 .UNSPECIFIED.,.F.,.F.,(3,3),(0.,1.),.UNSPECIFIED.);
#441=B_SPLINE_CURVE_WITH_KNOTS('',2,(#14329,#14330,#14331),
 .UNSPECIFIED.,.F.,.F.,(3,3),(0.,1.),.UNSPECIFIED.);
#442=B_SPLINE_CURVE_WITH_KNOTS('',2,(#14334,#14335,#14336),
 .UNSPECIFIED.,.F.,.F.,(3,3),(0.,1.),.UNSPECIFIED.);
#443=B_SPLINE_CURVE_WITH_KNOTS('',2,(#14344,#14345,#14346),
 .UNSPECIFIED.,.F.,.F.,(3,3),(0.,1.),.UNSPECIFIED.);
#444=B_SPLINE_CURVE_WITH_KNOTS('',2,(#14349,#14350,#14351),
 .UNSPECIFIED.,.F.,.F.,(3,3),(0.,1.),.UNSPECIFIED.);
#445=B_SPLINE_CURVE_WITH_KNOTS('',2,(#14359,#14360,#14361),
 .UNSPECIFIED.,.F.,.F.,(3,3),(0.,1.),.UNSPECIFIED.);
#446=B_SPLINE_CURVE_WITH_KNOTS('',2,(#14364,#14365,#14366),
 .UNSPECIFIED.,.F.,.F.,(3,3),(0.,1.),.UNSPECIFIED.);
#447=B_SPLINE_CURVE_WITH_KNOTS('',2,(#14373,#14374,#14375),
 .UNSPECIFIED.,.F.,.F.,(3,3),(0.157862493073144,1.),.UNSPECIFIED.);
#448=B_SPLINE_CURVE_WITH_KNOTS('',2,(#14376,#14377,#14378),
 .UNSPECIFIED.,.F.,.F.,(3,3),(0.157862493073144,1.),.UNSPECIFIED.);
#449=B_SPLINE_CURVE_WITH_KNOTS('',2,(#14386,#14387,#14388),
 .UNSPECIFIED.,.F.,.F.,(3,3),(-1.,-0.831498098873685),.UNSPECIFIED.);
#450=B_SPLINE_CURVE_WITH_KNOTS('',2,(#14391,#14392,#14393),
 .UNSPECIFIED.,.F.,.F.,(3,3),(-1.,-0.831498098873685),.UNSPECIFIED.);
#451=B_SPLINE_CURVE_WITH_KNOTS('',2,(#14401,#14402,#14403),
 .UNSPECIFIED.,.F.,.F.,(3,3),(-1.,0.),.UNSPECIFIED.);
#452=B_SPLINE_CURVE_WITH_KNOTS('',2,(#14406,#14407,#14408),
 .UNSPECIFIED.,.F.,.F.,(3,3),(-1.,0.),.UNSPECIFIED.);
#453=B_SPLINE_CURVE_WITH_KNOTS('',2,(#14416,#14417,#14418),
 .UNSPECIFIED.,.F.,.F.,(3,3),(-1.,0.),.UNSPECIFIED.);
#454=B_SPLINE_CURVE_WITH_KNOTS('',2,(#14421,#14422,#14423),
 .UNSPECIFIED.,.F.,.F.,(3,3),(-1.,0.),.UNSPECIFIED.);
#455=B_SPLINE_CURVE_WITH_KNOTS('',2,(#14430,#14431,#14432),
 .UNSPECIFIED.,.F.,.F.,(3,3),(-0.309582784969481,0.),.UNSPECIFIED.);
#456=B_SPLINE_CURVE_WITH_KNOTS('',2,(#14433,#14434,#14435),
 .UNSPECIFIED.,.F.,.F.,(3,3),(-0.309582784969481,0.),.UNSPECIFIED.);
#457=B_SPLINE_CURVE_WITH_KNOTS('',2,(#14443,#14444,#14445),
 .UNSPECIFIED.,.F.,.F.,(3,3),(0.,0.918847385177935),.UNSPECIFIED.);
#458=B_SPLINE_CURVE_WITH_KNOTS('',2,(#14448,#14449,#14450),
 .UNSPECIFIED.,.F.,.F.,(3,3),(0.,0.918847385177935),.UNSPECIFIED.);
#459=B_SPLINE_CURVE_WITH_KNOTS('',2,(#14459,#14460,#14461),
 .UNSPECIFIED.,.F.,.F.,(3,3),(0.,1.),.UNSPECIFIED.);
#460=B_SPLINE_CURVE_WITH_KNOTS('',2,(#14464,#14465,#14466),
 .UNSPECIFIED.,.F.,.F.,(3,3),(0.,1.),.UNSPECIFIED.);
#461=B_SPLINE_CURVE_WITH_KNOTS('',2,(#14474,#14475,#14476),
 .UNSPECIFIED.,.F.,.F.,(3,3),(0.,1.),.UNSPECIFIED.);
#462=B_SPLINE_CURVE_WITH_KNOTS('',2,(#14479,#14480,#14481),
 .UNSPECIFIED.,.F.,.F.,(3,3),(0.,1.),.UNSPECIFIED.);
#463=B_SPLINE_CURVE_WITH_KNOTS('',2,(#14489,#14490,#14491),
 .UNSPECIFIED.,.F.,.F.,(3,3),(0.,1.),.UNSPECIFIED.);
#464=B_SPLINE_CURVE_WITH_KNOTS('',2,(#14494,#14495,#14496),
 .UNSPECIFIED.,.F.,.F.,(3,3),(0.,1.),.UNSPECIFIED.);
#465=B_SPLINE_CURVE_WITH_KNOTS('',2,(#14504,#14505,#14506),
 .UNSPECIFIED.,.F.,.F.,(3,3),(0.,1.),.UNSPECIFIED.);
#466=B_SPLINE_CURVE_WITH_KNOTS('',2,(#14509,#14510,#14511),
 .UNSPECIFIED.,.F.,.F.,(3,3),(0.,1.),.UNSPECIFIED.);
#467=B_SPLINE_CURVE_WITH_KNOTS('',2,(#14519,#14520,#14521),
 .UNSPECIFIED.,.F.,.F.,(3,3),(0.,1.),.UNSPECIFIED.);
#468=B_SPLINE_CURVE_WITH_KNOTS('',2,(#14524,#14525,#14526),
 .UNSPECIFIED.,.F.,.F.,(3,3),(0.,1.),.UNSPECIFIED.);
#469=B_SPLINE_CURVE_WITH_KNOTS('',2,(#14534,#14535,#14536),
 .UNSPECIFIED.,.F.,.F.,(3,3),(0.209061662243907,1.),.UNSPECIFIED.);
#470=B_SPLINE_CURVE_WITH_KNOTS('',2,(#14539,#14540,#14541),
 .UNSPECIFIED.,.F.,.F.,(3,3),(0.209061662243907,1.),.UNSPECIFIED.);
#471=B_SPLINE_CURVE_WITH_KNOTS('',2,(#14561,#14562,#14563),
 .UNSPECIFIED.,.F.,.F.,(3,3),(-0.209061662243906,0.),.UNSPECIFIED.);
#472=B_SPLINE_CURVE_WITH_KNOTS('',2,(#14564,#14565,#14566),
 .UNSPECIFIED.,.F.,.F.,(3,3),(-0.209061662243906,0.),.UNSPECIFIED.);
#473=B_SPLINE_CURVE_WITH_KNOTS('',2,(#14614,#14615,#14616),
 .UNSPECIFIED.,.F.,.F.,(3,3),(0.,0.5698215765065),.UNSPECIFIED.);
#474=B_SPLINE_CURVE_WITH_KNOTS('',2,(#14619,#14620,#14621),
 .UNSPECIFIED.,.F.,.F.,(3,3),(0.,0.5698215765065),.UNSPECIFIED.);
#475=B_SPLINE_CURVE_WITH_KNOTS('',2,(#14629,#14630,#14631),
 .UNSPECIFIED.,.F.,.F.,(3,3),(0.,1.),.UNSPECIFIED.);
#476=B_SPLINE_CURVE_WITH_KNOTS('',2,(#14634,#14635,#14636),
 .UNSPECIFIED.,.F.,.F.,(3,3),(0.,1.),.UNSPECIFIED.);
#477=B_SPLINE_CURVE_WITH_KNOTS('',2,(#14644,#14645,#14646),
 .UNSPECIFIED.,.F.,.F.,(3,3),(0.,1.),.UNSPECIFIED.);
#478=B_SPLINE_CURVE_WITH_KNOTS('',2,(#14649,#14650,#14651),
 .UNSPECIFIED.,.F.,.F.,(3,3),(0.,1.),.UNSPECIFIED.);
#479=B_SPLINE_CURVE_WITH_KNOTS('',2,(#14659,#14660,#14661),
 .UNSPECIFIED.,.F.,.F.,(3,3),(0.,1.),.UNSPECIFIED.);
#480=B_SPLINE_CURVE_WITH_KNOTS('',2,(#14664,#14665,#14666),
 .UNSPECIFIED.,.F.,.F.,(3,3),(0.,1.),.UNSPECIFIED.);
#481=B_SPLINE_CURVE_WITH_KNOTS('',2,(#14674,#14675,#14676),
 .UNSPECIFIED.,.F.,.F.,(3,3),(0.,1.),.UNSPECIFIED.);
#482=B_SPLINE_CURVE_WITH_KNOTS('',2,(#14679,#14680,#14681),
 .UNSPECIFIED.,.F.,.F.,(3,3),(0.,1.),.UNSPECIFIED.);
#483=B_SPLINE_CURVE_WITH_KNOTS('',2,(#14689,#14690,#14691),
 .UNSPECIFIED.,.F.,.F.,(3,3),(0.,1.),.UNSPECIFIED.);
#484=B_SPLINE_CURVE_WITH_KNOTS('',2,(#14694,#14695,#14696),
 .UNSPECIFIED.,.F.,.F.,(3,3),(0.,1.),.UNSPECIFIED.);
#485=B_SPLINE_CURVE_WITH_KNOTS('',2,(#14704,#14705,#14706),
 .UNSPECIFIED.,.F.,.F.,(3,3),(0.,1.),.UNSPECIFIED.);
#486=B_SPLINE_CURVE_WITH_KNOTS('',2,(#14709,#14710,#14711),
 .UNSPECIFIED.,.F.,.F.,(3,3),(0.,1.),.UNSPECIFIED.);
#487=B_SPLINE_CURVE_WITH_KNOTS('',2,(#14719,#14720,#14721),
 .UNSPECIFIED.,.F.,.F.,(3,3),(0.,1.),.UNSPECIFIED.);
#488=B_SPLINE_CURVE_WITH_KNOTS('',2,(#14724,#14725,#14726),
 .UNSPECIFIED.,.F.,.F.,(3,3),(0.,1.),.UNSPECIFIED.);
#489=B_SPLINE_CURVE_WITH_KNOTS('',2,(#14734,#14735,#14736),
 .UNSPECIFIED.,.F.,.F.,(3,3),(0.,1.),.UNSPECIFIED.);
#490=B_SPLINE_CURVE_WITH_KNOTS('',2,(#14739,#14740,#14741),
 .UNSPECIFIED.,.F.,.F.,(3,3),(0.,1.),.UNSPECIFIED.);
#491=B_SPLINE_CURVE_WITH_KNOTS('',2,(#14749,#14750,#14751),
 .UNSPECIFIED.,.F.,.F.,(3,3),(0.,1.),.UNSPECIFIED.);
#492=B_SPLINE_CURVE_WITH_KNOTS('',2,(#14754,#14755,#14756),
 .UNSPECIFIED.,.F.,.F.,(3,3),(0.,1.),.UNSPECIFIED.);
#493=B_SPLINE_CURVE_WITH_KNOTS('',2,(#14770,#14771,#14772),
 .UNSPECIFIED.,.F.,.F.,(3,3),(0.,1.),.UNSPECIFIED.);
#494=B_SPLINE_CURVE_WITH_KNOTS('',2,(#14775,#14776,#14777),
 .UNSPECIFIED.,.F.,.F.,(3,3),(0.,1.),.UNSPECIFIED.);
#495=B_SPLINE_CURVE_WITH_KNOTS('',2,(#14785,#14786,#14787),
 .UNSPECIFIED.,.F.,.F.,(3,3),(0.,1.),.UNSPECIFIED.);
#496=B_SPLINE_CURVE_WITH_KNOTS('',2,(#14790,#14791,#14792),
 .UNSPECIFIED.,.F.,.F.,(3,3),(0.,1.),.UNSPECIFIED.);
#497=B_SPLINE_CURVE_WITH_KNOTS('',2,(#14800,#14801,#14802),
 .UNSPECIFIED.,.F.,.F.,(3,3),(0.,1.),.UNSPECIFIED.);
#498=B_SPLINE_CURVE_WITH_KNOTS('',2,(#14805,#14806,#14807),
 .UNSPECIFIED.,.F.,.F.,(3,3),(0.,1.),.UNSPECIFIED.);
#499=B_SPLINE_CURVE_WITH_KNOTS('',2,(#14815,#14816,#14817),
 .UNSPECIFIED.,.F.,.F.,(3,3),(0.,1.),.UNSPECIFIED.);
#500=B_SPLINE_CURVE_WITH_KNOTS('',2,(#14820,#14821,#14822),
 .UNSPECIFIED.,.F.,.F.,(3,3),(0.,1.),.UNSPECIFIED.);
#501=B_SPLINE_CURVE_WITH_KNOTS('',2,(#14830,#14831,#14832),
 .UNSPECIFIED.,.F.,.F.,(3,3),(0.,1.),.UNSPECIFIED.);
#502=B_SPLINE_CURVE_WITH_KNOTS('',2,(#14835,#14836,#14837),
 .UNSPECIFIED.,.F.,.F.,(3,3),(0.,1.),.UNSPECIFIED.);
#503=B_SPLINE_CURVE_WITH_KNOTS('',2,(#14845,#14846,#14847),
 .UNSPECIFIED.,.F.,.F.,(3,3),(0.,1.),.UNSPECIFIED.);
#504=B_SPLINE_CURVE_WITH_KNOTS('',2,(#14850,#14851,#14852),
 .UNSPECIFIED.,.F.,.F.,(3,3),(0.,1.),.UNSPECIFIED.);
#505=B_SPLINE_CURVE_WITH_KNOTS('',2,(#14860,#14861,#14862),
 .UNSPECIFIED.,.F.,.F.,(3,3),(0.,1.),.UNSPECIFIED.);
#506=B_SPLINE_CURVE_WITH_KNOTS('',2,(#14865,#14866,#14867),
 .UNSPECIFIED.,.F.,.F.,(3,3),(0.,1.),.UNSPECIFIED.);
#507=B_SPLINE_CURVE_WITH_KNOTS('',2,(#14875,#14876,#14877),
 .UNSPECIFIED.,.F.,.F.,(3,3),(0.,1.),.UNSPECIFIED.);
#508=B_SPLINE_CURVE_WITH_KNOTS('',2,(#14880,#14881,#14882),
 .UNSPECIFIED.,.F.,.F.,(3,3),(0.,1.),.UNSPECIFIED.);
#509=B_SPLINE_CURVE_WITH_KNOTS('',2,(#14889,#14890,#14891),
 .UNSPECIFIED.,.F.,.F.,(3,3),(0.30958278497198,1.),.UNSPECIFIED.);
#510=B_SPLINE_CURVE_WITH_KNOTS('',2,(#14892,#14893,#14894),
 .UNSPECIFIED.,.F.,.F.,(3,3),(0.30958278497198,1.),.UNSPECIFIED.);
#511=B_SPLINE_SURFACE_WITH_KNOTS('',2,1,((#10490,#10491),(#10492,#10493),
(#10494,#10495)),.UNSPECIFIED.,.F.,.F.,.F.,(3,3),(2,2),(0.,0.780103369319998),
(0.,0.05),.UNSPECIFIED.);
#512=B_SPLINE_SURFACE_WITH_KNOTS('',2,1,((#10506,#10507),(#10508,#10509),
(#10510,#10511)),.UNSPECIFIED.,.F.,.F.,.F.,(3,3),(2,2),(0.,1.),(0.,0.05),
 .UNSPECIFIED.);
#513=B_SPLINE_SURFACE_WITH_KNOTS('',2,1,((#10521,#10522),(#10523,#10524),
(#10525,#10526)),.UNSPECIFIED.,.F.,.F.,.F.,(3,3),(2,2),(0.,1.),(0.,0.05),
 .UNSPECIFIED.);
#514=B_SPLINE_SURFACE_WITH_KNOTS('',2,1,((#10536,#10537),(#10538,#10539),
(#10540,#10541)),.UNSPECIFIED.,.F.,.F.,.F.,(3,3),(2,2),(0.,1.),(0.,0.05),
 .UNSPECIFIED.);
#515=B_SPLINE_SURFACE_WITH_KNOTS('',2,1,((#10569,#10570),(#10571,#10572),
(#10573,#10574)),.UNSPECIFIED.,.F.,.F.,.F.,(3,3),(2,2),(0.,1.),(0.,0.05),
 .UNSPECIFIED.);
#516=B_SPLINE_SURFACE_WITH_KNOTS('',2,1,((#10584,#10585),(#10586,#10587),
(#10588,#10589)),.UNSPECIFIED.,.F.,.F.,.F.,(3,3),(2,2),(0.,1.),(0.,0.05),
 .UNSPECIFIED.);
#517=B_SPLINE_SURFACE_WITH_KNOTS('',2,1,((#10599,#10600),(#10601,#10602),
(#10603,#10604)),.UNSPECIFIED.,.F.,.F.,.F.,(3,3),(2,2),(0.,1.),(0.,0.05),
 .UNSPECIFIED.);
#518=B_SPLINE_SURFACE_WITH_KNOTS('',2,1,((#10620,#10621),(#10622,#10623),
(#10624,#10625)),.UNSPECIFIED.,.F.,.F.,.F.,(3,3),(2,2),(-1.,-0.547292623457169),
(0.,0.05),.UNSPECIFIED.);
#519=B_SPLINE_SURFACE_WITH_KNOTS('',2,1,((#10646,#10647),(#10648,#10649),
(#10650,#10651)),.UNSPECIFIED.,.F.,.F.,.F.,(3,3),(2,2),(0.,0.547292623452634),
(0.,0.05),.UNSPECIFIED.);
#520=B_SPLINE_SURFACE_WITH_KNOTS('',2,1,((#10661,#10662),(#10663,#10664),
(#10665,#10666)),.UNSPECIFIED.,.F.,.F.,.F.,(3,3),(2,2),(0.,1.),(0.,0.05),
 .UNSPECIFIED.);
#521=B_SPLINE_SURFACE_WITH_KNOTS('',2,1,((#10676,#10677),(#10678,#10679),
(#10680,#10681)),.UNSPECIFIED.,.F.,.F.,.F.,(3,3),(2,2),(0.,1.),(0.,0.05),
 .UNSPECIFIED.);
#522=B_SPLINE_SURFACE_WITH_KNOTS('',2,1,((#10691,#10692),(#10693,#10694),
(#10695,#10696)),.UNSPECIFIED.,.F.,.F.,.F.,(3,3),(2,2),(0.,1.),(0.,0.05),
 .UNSPECIFIED.);
#523=B_SPLINE_SURFACE_WITH_KNOTS('',2,1,((#10725,#10726),(#10727,#10728),
(#10729,#10730)),.UNSPECIFIED.,.F.,.F.,.F.,(3,3),(2,2),(0.,0.808327546402431),
(0.,0.05),.UNSPECIFIED.);
#524=B_SPLINE_SURFACE_WITH_KNOTS('',2,1,((#10741,#10742),(#10743,#10744),
(#10745,#10746)),.UNSPECIFIED.,.F.,.F.,.F.,(3,3),(2,2),(0.,1.),(0.,0.05),
 .UNSPECIFIED.);
#525=B_SPLINE_SURFACE_WITH_KNOTS('',2,1,((#10756,#10757),(#10758,#10759),
(#10760,#10761)),.UNSPECIFIED.,.F.,.F.,.F.,(3,3),(2,2),(0.,1.),(0.,0.05),
 .UNSPECIFIED.);
#526=B_SPLINE_SURFACE_WITH_KNOTS('',2,1,((#10786,#10787),(#10788,#10789),
(#10790,#10791)),.UNSPECIFIED.,.F.,.F.,.F.,(3,3),(2,2),(-1.,-0.78010336932),
(0.,0.05),.UNSPECIFIED.);
#527=B_SPLINE_SURFACE_WITH_KNOTS('',2,1,((#10838,#10839),(#10840,#10841),
(#10842,#10843)),.UNSPECIFIED.,.F.,.F.,.F.,(3,3),(2,2),(-1.,-0.80832754640244),
(0.,0.05),.UNSPECIFIED.);
#528=B_SPLINE_SURFACE_WITH_KNOTS('',2,1,((#10851,#10852),(#10853,#10854),
(#10855,#10856)),.UNSPECIFIED.,.F.,.F.,.F.,(3,3),(2,2),(0.,1.),(0.,0.05),
 .UNSPECIFIED.);
#529=B_SPLINE_SURFACE_WITH_KNOTS('',2,1,((#10869,#10870),(#10871,#10872),
(#10873,#10874)),.UNSPECIFIED.,.F.,.F.,.F.,(3,3),(2,2),(0.,1.),(0.,0.05),
 .UNSPECIFIED.);
#530=B_SPLINE_SURFACE_WITH_KNOTS('',2,1,((#10890,#10891),(#10892,#10893),
(#10894,#10895)),.UNSPECIFIED.,.F.,.F.,.F.,(3,3),(2,2),(0.,1.),(0.,0.05),
 .UNSPECIFIED.);
#531=B_SPLINE_SURFACE_WITH_KNOTS('',2,1,((#10905,#10906),(#10907,#10908),
(#10909,#10910)),.UNSPECIFIED.,.F.,.F.,.F.,(3,3),(2,2),(0.,1.),(0.,0.05),
 .UNSPECIFIED.);
#532=B_SPLINE_SURFACE_WITH_KNOTS('',2,1,((#10920,#10921),(#10922,#10923),
(#10924,#10925)),.UNSPECIFIED.,.F.,.F.,.F.,(3,3),(2,2),(0.,1.),(0.,0.05),
 .UNSPECIFIED.);
#533=B_SPLINE_SURFACE_WITH_KNOTS('',2,1,((#10935,#10936),(#10937,#10938),
(#10939,#10940)),.UNSPECIFIED.,.F.,.F.,.F.,(3,3),(2,2),(0.,1.),(0.,0.05),
 .UNSPECIFIED.);
#534=B_SPLINE_SURFACE_WITH_KNOTS('',2,1,((#10950,#10951),(#10952,#10953),
(#10954,#10955)),.UNSPECIFIED.,.F.,.F.,.F.,(3,3),(2,2),(0.,1.),(0.,0.05),
 .UNSPECIFIED.);
#535=B_SPLINE_SURFACE_WITH_KNOTS('',2,1,((#10965,#10966),(#10967,#10968),
(#10969,#10970)),.UNSPECIFIED.,.F.,.F.,.F.,(3,3),(2,2),(0.,1.),(0.,0.05),
 .UNSPECIFIED.);
#536=B_SPLINE_SURFACE_WITH_KNOTS('',2,1,((#10986,#10987),(#10988,#10989),
(#10990,#10991)),.UNSPECIFIED.,.F.,.F.,.F.,(3,3),(2,2),(0.,1.),(0.,0.05),
 .UNSPECIFIED.);
#537=B_SPLINE_SURFACE_WITH_KNOTS('',2,1,((#11001,#11002),(#11003,#11004),
(#11005,#11006)),.UNSPECIFIED.,.F.,.F.,.F.,(3,3),(2,2),(0.,1.),(0.,0.05),
 .UNSPECIFIED.);
#538=B_SPLINE_SURFACE_WITH_KNOTS('',2,1,((#11016,#11017),(#11018,#11019),
(#11020,#11021)),.UNSPECIFIED.,.F.,.F.,.F.,(3,3),(2,2),(0.,1.),(0.,0.05),
 .UNSPECIFIED.);
#539=B_SPLINE_SURFACE_WITH_KNOTS('',2,1,((#11031,#11032),(#11033,#11034),
(#11035,#11036)),.UNSPECIFIED.,.F.,.F.,.F.,(3,3),(2,2),(0.,1.),(0.,0.05),
 .UNSPECIFIED.);
#540=B_SPLINE_SURFACE_WITH_KNOTS('',2,1,((#11046,#11047),(#11048,#11049),
(#11050,#11051)),.UNSPECIFIED.,.F.,.F.,.F.,(3,3),(2,2),(0.,1.),(0.,0.05),
 .UNSPECIFIED.);
#541=B_SPLINE_SURFACE_WITH_KNOTS('',2,1,((#11061,#11062),(#11063,#11064),
(#11065,#11066)),.UNSPECIFIED.,.F.,.F.,.F.,(3,3),(2,2),(0.,1.),(0.,0.05),
 .UNSPECIFIED.);
#542=B_SPLINE_SURFACE_WITH_KNOTS('',2,1,((#11082,#11083),(#11084,#11085),
(#11086,#11087)),.UNSPECIFIED.,.F.,.F.,.F.,(3,3),(2,2),(0.,1.),(0.,0.05),
 .UNSPECIFIED.);
#543=B_SPLINE_SURFACE_WITH_KNOTS('',2,1,((#11097,#11098),(#11099,#11100),
(#11101,#11102)),.UNSPECIFIED.,.F.,.F.,.F.,(3,3),(2,2),(0.,1.),(0.,0.05),
 .UNSPECIFIED.);
#544=B_SPLINE_SURFACE_WITH_KNOTS('',2,1,((#11112,#11113),(#11114,#11115),
(#11116,#11117)),.UNSPECIFIED.,.F.,.F.,.F.,(3,3),(2,2),(0.,1.),(0.,0.05),
 .UNSPECIFIED.);
#545=B_SPLINE_SURFACE_WITH_KNOTS('',2,1,((#11127,#11128),(#11129,#11130),
(#11131,#11132)),.UNSPECIFIED.,.F.,.F.,.F.,(3,3),(2,2),(0.,1.),(0.,0.05),
 .UNSPECIFIED.);
#546=B_SPLINE_SURFACE_WITH_KNOTS('',2,1,((#11142,#11143),(#11144,#11145),
(#11146,#11147)),.UNSPECIFIED.,.F.,.F.,.F.,(3,3),(2,2),(0.,1.),(0.,0.05),
 .UNSPECIFIED.);
#547=B_SPLINE_SURFACE_WITH_KNOTS('',2,1,((#11157,#11158),(#11159,#11160),
(#11161,#11162)),.UNSPECIFIED.,.F.,.F.,.F.,(3,3),(2,2),(0.,1.),(0.,0.05),
 .UNSPECIFIED.);
#548=B_SPLINE_SURFACE_WITH_KNOTS('',2,1,((#11178,#11179),(#11180,#11181),
(#11182,#11183)),.UNSPECIFIED.,.F.,.F.,.F.,(3,3),(2,2),(0.,1.),(0.,0.05),
 .UNSPECIFIED.);
#549=B_SPLINE_SURFACE_WITH_KNOTS('',2,1,((#11193,#11194),(#11195,#11196),
(#11197,#11198)),.UNSPECIFIED.,.F.,.F.,.F.,(3,3),(2,2),(0.,1.),(0.,0.05),
 .UNSPECIFIED.);
#550=B_SPLINE_SURFACE_WITH_KNOTS('',2,1,((#11208,#11209),(#11210,#11211),
(#11212,#11213)),.UNSPECIFIED.,.F.,.F.,.F.,(3,3),(2,2),(0.,1.),(0.,0.05),
 .UNSPECIFIED.);
#551=B_SPLINE_SURFACE_WITH_KNOTS('',2,1,((#11223,#11224),(#11225,#11226),
(#11227,#11228)),.UNSPECIFIED.,.F.,.F.,.F.,(3,3),(2,2),(0.,1.),(0.,0.05),
 .UNSPECIFIED.);
#552=B_SPLINE_SURFACE_WITH_KNOTS('',2,1,((#11236,#11237),(#11238,#11239),
(#11240,#11241)),.UNSPECIFIED.,.F.,.F.,.F.,(3,3),(2,2),(0.,1.),(0.,0.05),
 .UNSPECIFIED.);
#553=B_SPLINE_SURFACE_WITH_KNOTS('',2,1,((#11260,#11261),(#11262,#11263),
(#11264,#11265)),.UNSPECIFIED.,.F.,.F.,.F.,(3,3),(2,2),(0.,1.),(0.,0.05),
 .UNSPECIFIED.);
#554=B_SPLINE_SURFACE_WITH_KNOTS('',2,1,((#11275,#11276),(#11277,#11278),
(#11279,#11280)),.UNSPECIFIED.,.F.,.F.,.F.,(3,3),(2,2),(0.,1.),(0.,0.05),
 .UNSPECIFIED.);
#555=B_SPLINE_SURFACE_WITH_KNOTS('',2,1,((#11290,#11291),(#11292,#11293),
(#11294,#11295)),.UNSPECIFIED.,.F.,.F.,.F.,(3,3),(2,2),(0.,1.),(0.,0.05),
 .UNSPECIFIED.);
#556=B_SPLINE_SURFACE_WITH_KNOTS('',2,1,((#11347,#11348),(#11349,#11350),
(#11351,#11352)),.UNSPECIFIED.,.F.,.F.,.F.,(3,3),(2,2),(0.,0.85431304130101),
(0.,0.05),.UNSPECIFIED.);
#557=B_SPLINE_SURFACE_WITH_KNOTS('',2,1,((#11362,#11363),(#11364,#11365),
(#11366,#11367)),.UNSPECIFIED.,.F.,.F.,.F.,(3,3),(2,2),(0.,1.),(0.,0.05),
 .UNSPECIFIED.);
#558=B_SPLINE_SURFACE_WITH_KNOTS('',2,1,((#11397,#11398),(#11399,#11400),
(#11401,#11402)),.UNSPECIFIED.,.F.,.F.,.F.,(3,3),(2,2),(0.,1.),(0.,0.05),
 .UNSPECIFIED.);
#559=B_SPLINE_SURFACE_WITH_KNOTS('',2,1,((#11412,#11413),(#11414,#11415),
(#11416,#11417)),.UNSPECIFIED.,.F.,.F.,.F.,(3,3),(2,2),(0.,1.),(0.,0.05),
 .UNSPECIFIED.);
#560=B_SPLINE_SURFACE_WITH_KNOTS('',2,1,((#11427,#11428),(#11429,#11430),
(#11431,#11432)),.UNSPECIFIED.,.F.,.F.,.F.,(3,3),(2,2),(0.,1.),(0.,0.05),
 .UNSPECIFIED.);
#561=B_SPLINE_SURFACE_WITH_KNOTS('',2,1,((#11442,#11443),(#11444,#11445),
(#11446,#11447)),.UNSPECIFIED.,.F.,.F.,.F.,(3,3),(2,2),(0.,1.),(0.,0.05),
 .UNSPECIFIED.);
#562=B_SPLINE_SURFACE_WITH_KNOTS('',2,1,((#11457,#11458),(#11459,#11460),
(#11461,#11462)),.UNSPECIFIED.,.F.,.F.,.F.,(3,3),(2,2),(0.,1.),(0.,0.05),
 .UNSPECIFIED.);
#563=B_SPLINE_SURFACE_WITH_KNOTS('',2,1,((#11472,#11473),(#11474,#11475),
(#11476,#11477)),.UNSPECIFIED.,.F.,.F.,.F.,(3,3),(2,2),(0.,1.),(0.,0.05),
 .UNSPECIFIED.);
#564=B_SPLINE_SURFACE_WITH_KNOTS('',2,1,((#11493,#11494),(#11495,#11496),
(#11497,#11498)),.UNSPECIFIED.,.F.,.F.,.F.,(3,3),(2,2),(0.,1.),(0.,0.05),
 .UNSPECIFIED.);
#565=B_SPLINE_SURFACE_WITH_KNOTS('',2,1,((#11508,#11509),(#11510,#11511),
(#11512,#11513)),.UNSPECIFIED.,.F.,.F.,.F.,(3,3),(2,2),(0.,1.),(0.,0.05),
 .UNSPECIFIED.);
#566=B_SPLINE_SURFACE_WITH_KNOTS('',2,1,((#11523,#11524),(#11525,#11526),
(#11527,#11528)),.UNSPECIFIED.,.F.,.F.,.F.,(3,3),(2,2),(0.,1.),(0.,0.05),
 .UNSPECIFIED.);
#567=B_SPLINE_SURFACE_WITH_KNOTS('',2,1,((#11538,#11539),(#11540,#11541),
(#11542,#11543)),.UNSPECIFIED.,.F.,.F.,.F.,(3,3),(2,2),(0.,1.),(0.,0.05),
 .UNSPECIFIED.);
#568=B_SPLINE_SURFACE_WITH_KNOTS('',2,1,((#11553,#11554),(#11555,#11556),
(#11557,#11558)),.UNSPECIFIED.,.F.,.F.,.F.,(3,3),(2,2),(0.,1.),(0.,0.05),
 .UNSPECIFIED.);
#569=B_SPLINE_SURFACE_WITH_KNOTS('',2,1,((#11568,#11569),(#11570,#11571),
(#11572,#11573)),.UNSPECIFIED.,.F.,.F.,.F.,(3,3),(2,2),(0.,1.),(0.,0.05),
 .UNSPECIFIED.);
#570=B_SPLINE_SURFACE_WITH_KNOTS('',2,1,((#11583,#11584),(#11585,#11586),
(#11587,#11588)),.UNSPECIFIED.,.F.,.F.,.F.,(3,3),(2,2),(0.417720390399106,
1.),(0.,0.05),.UNSPECIFIED.);
#571=B_SPLINE_SURFACE_WITH_KNOTS('',2,1,((#11611,#11612),(#11613,#11614),
(#11615,#11616)),.UNSPECIFIED.,.F.,.F.,.F.,(3,3),(2,2),(-0.417720390399053,
0.),(0.,0.05),.UNSPECIFIED.);
#572=B_SPLINE_SURFACE_WITH_KNOTS('',2,1,((#11629,#11630),(#11631,#11632),
(#11633,#11634)),.UNSPECIFIED.,.F.,.F.,.F.,(3,3),(2,2),(-1.,-0.882134325448778),
(0.,0.05),.UNSPECIFIED.);
#573=B_SPLINE_SURFACE_WITH_KNOTS('',2,1,((#11649,#11650),(#11651,#11652),
(#11653,#11654)),.UNSPECIFIED.,.F.,.F.,.F.,(3,3),(2,2),(0.,0.882134325446507),
(0.,0.05),.UNSPECIFIED.);
#574=B_SPLINE_SURFACE_WITH_KNOTS('',2,1,((#11664,#11665),(#11666,#11667),
(#11668,#11669)),.UNSPECIFIED.,.F.,.F.,.F.,(3,3),(2,2),(0.,1.),(0.,0.05),
 .UNSPECIFIED.);
#575=B_SPLINE_SURFACE_WITH_KNOTS('',2,1,((#11679,#11680),(#11681,#11682),
(#11683,#11684)),.UNSPECIFIED.,.F.,.F.,.F.,(3,3),(2,2),(0.,1.),(0.,0.05),
 .UNSPECIFIED.);
#576=B_SPLINE_SURFACE_WITH_KNOTS('',2,1,((#11712,#11713),(#11714,#11715),
(#11716,#11717)),.UNSPECIFIED.,.F.,.F.,.F.,(3,3),(2,2),(0.,1.),(0.,0.05),
 .UNSPECIFIED.);
#577=B_SPLINE_SURFACE_WITH_KNOTS('',2,1,((#11727,#11728),(#11729,#11730),
(#11731,#11732)),.UNSPECIFIED.,.F.,.F.,.F.,(3,3),(2,2),(0.,1.),(0.,0.05),
 .UNSPECIFIED.);
#578=B_SPLINE_SURFACE_WITH_KNOTS('',2,1,((#11761,#11762),(#11763,#11764),
(#11765,#11766)),.UNSPECIFIED.,.F.,.F.,.F.,(3,3),(2,2),(0.,1.),(0.,0.05),
 .UNSPECIFIED.);
#579=B_SPLINE_SURFACE_WITH_KNOTS('',2,1,((#11779,#11780),(#11781,#11782),
(#11783,#11784)),.UNSPECIFIED.,.F.,.F.,.F.,(3,3),(2,2),(0.,1.),(0.,0.05),
 .UNSPECIFIED.);
#580=B_SPLINE_SURFACE_WITH_KNOTS('',2,1,((#11794,#11795),(#11796,#11797),
(#11798,#11799)),.UNSPECIFIED.,.F.,.F.,.F.,(3,3),(2,2),(0.,1.),(0.,0.05),
 .UNSPECIFIED.);
#581=B_SPLINE_SURFACE_WITH_KNOTS('',2,1,((#11809,#11810),(#11811,#11812),
(#11813,#11814)),.UNSPECIFIED.,.F.,.F.,.F.,(3,3),(2,2),(0.,1.),(0.,0.05),
 .UNSPECIFIED.);
#582=B_SPLINE_SURFACE_WITH_KNOTS('',2,1,((#11824,#11825),(#11826,#11827),
(#11828,#11829)),.UNSPECIFIED.,.F.,.F.,.F.,(3,3),(2,2),(0.,1.),(0.,0.05),
 .UNSPECIFIED.);
#583=B_SPLINE_SURFACE_WITH_KNOTS('',2,1,((#11839,#11840),(#11841,#11842),
(#11843,#11844)),.UNSPECIFIED.,.F.,.F.,.F.,(3,3),(2,2),(0.147560503249062,
1.),(0.,0.05),.UNSPECIFIED.);
#584=B_SPLINE_SURFACE_WITH_KNOTS('',2,1,((#11854,#11855),(#11856,#11857),
(#11858,#11859)),.UNSPECIFIED.,.F.,.F.,.F.,(3,3),(2,2),(-1.,-0.42402855022762),
(0.,0.05),.UNSPECIFIED.);
#585=B_SPLINE_SURFACE_WITH_KNOTS('',2,1,((#11870,#11871),(#11872,#11873),
(#11874,#11875)),.UNSPECIFIED.,.F.,.F.,.F.,(3,3),(2,2),(-0.212972850466767,
0.),(0.,0.05),.UNSPECIFIED.);
#586=B_SPLINE_SURFACE_WITH_KNOTS('',2,1,((#11885,#11886),(#11887,#11888),
(#11889,#11890)),.UNSPECIFIED.,.F.,.F.,.F.,(3,3),(2,2),(0.,0.960626434984356),
(0.,0.05),.UNSPECIFIED.);
#587=B_SPLINE_SURFACE_WITH_KNOTS('',2,1,((#11901,#11902),(#11903,#11904),
(#11905,#11906)),.UNSPECIFIED.,.F.,.F.,.F.,(3,3),(2,2),(0.,1.),(0.,0.05),
 .UNSPECIFIED.);
#588=B_SPLINE_SURFACE_WITH_KNOTS('',2,1,((#11916,#11917),(#11918,#11919),
(#11920,#11921)),.UNSPECIFIED.,.F.,.F.,.F.,(3,3),(2,2),(0.,1.),(0.,0.05),
 .UNSPECIFIED.);
#589=B_SPLINE_SURFACE_WITH_KNOTS('',2,1,((#11931,#11932),(#11933,#11934),
(#11935,#11936)),.UNSPECIFIED.,.F.,.F.,.F.,(3,3),(2,2),(0.,1.),(0.,0.05),
 .UNSPECIFIED.);
#590=B_SPLINE_SURFACE_WITH_KNOTS('',2,1,((#11946,#11947),(#11948,#11949),
(#11950,#11951)),.UNSPECIFIED.,.F.,.F.,.F.,(3,3),(2,2),(0.,1.),(0.,0.05),
 .UNSPECIFIED.);
#591=B_SPLINE_SURFACE_WITH_KNOTS('',2,1,((#11961,#11962),(#11963,#11964),
(#11965,#11966)),.UNSPECIFIED.,.F.,.F.,.F.,(3,3),(2,2),(0.,1.),(0.,0.05),
 .UNSPECIFIED.);
#592=B_SPLINE_SURFACE_WITH_KNOTS('',2,1,((#11976,#11977),(#11978,#11979),
(#11980,#11981)),.UNSPECIFIED.,.F.,.F.,.F.,(3,3),(2,2),(0.,1.),(0.,0.05),
 .UNSPECIFIED.);
#593=B_SPLINE_SURFACE_WITH_KNOTS('',2,1,((#11991,#11992),(#11993,#11994),
(#11995,#11996)),.UNSPECIFIED.,.F.,.F.,.F.,(3,3),(2,2),(0.,1.),(0.,0.05),
 .UNSPECIFIED.);
#594=B_SPLINE_SURFACE_WITH_KNOTS('',2,1,((#12006,#12007),(#12008,#12009),
(#12010,#12011)),.UNSPECIFIED.,.F.,.F.,.F.,(3,3),(2,2),(0.,1.),(0.,0.05),
 .UNSPECIFIED.);
#595=B_SPLINE_SURFACE_WITH_KNOTS('',2,1,((#12021,#12022),(#12023,#12024),
(#12025,#12026)),.UNSPECIFIED.,.F.,.F.,.F.,(3,3),(2,2),(0.,1.),(0.,0.05),
 .UNSPECIFIED.);
#596=B_SPLINE_SURFACE_WITH_KNOTS('',2,1,((#12036,#12037),(#12038,#12039),
(#12040,#12041)),.UNSPECIFIED.,.F.,.F.,.F.,(3,3),(2,2),(0.,1.),(0.,0.05),
 .UNSPECIFIED.);
#597=B_SPLINE_SURFACE_WITH_KNOTS('',2,1,((#12057,#12058),(#12059,#12060),
(#12061,#12062)),.UNSPECIFIED.,.F.,.F.,.F.,(3,3),(2,2),(0.,1.),(0.,0.05),
 .UNSPECIFIED.);
#598=B_SPLINE_SURFACE_WITH_KNOTS('',2,1,((#12072,#12073),(#12074,#12075),
(#12076,#12077)),.UNSPECIFIED.,.F.,.F.,.F.,(3,3),(2,2),(0.,1.),(0.,0.05),
 .UNSPECIFIED.);
#599=B_SPLINE_SURFACE_WITH_KNOTS('',2,1,((#12087,#12088),(#12089,#12090),
(#12091,#12092)),.UNSPECIFIED.,.F.,.F.,.F.,(3,3),(2,2),(0.,1.),(0.,0.05),
 .UNSPECIFIED.);
#600=B_SPLINE_SURFACE_WITH_KNOTS('',2,1,((#12102,#12103),(#12104,#12105),
(#12106,#12107)),.UNSPECIFIED.,.F.,.F.,.F.,(3,3),(2,2),(0.212972850466777,
1.),(0.,0.05),.UNSPECIFIED.);
#601=B_SPLINE_SURFACE_WITH_KNOTS('',2,1,((#12114,#12115),(#12116,#12117),
(#12118,#12119)),.UNSPECIFIED.,.F.,.F.,.F.,(3,3),(2,2),(-1.,-0.960626434984386),
(0.,0.05),.UNSPECIFIED.);
#602=B_SPLINE_SURFACE_WITH_KNOTS('',2,1,((#12135,#12136),(#12137,#12138),
(#12139,#12140)),.UNSPECIFIED.,.F.,.F.,.F.,(3,3),(2,2),(-0.147560503249058,
0.),(0.,0.05),.UNSPECIFIED.);
#603=B_SPLINE_SURFACE_WITH_KNOTS('',2,1,((#12147,#12148),(#12149,#12150),
(#12151,#12152)),.UNSPECIFIED.,.F.,.F.,.F.,(3,3),(2,2),(0.,0.424028550227613),
(0.,0.05),.UNSPECIFIED.);
#604=B_SPLINE_SURFACE_WITH_KNOTS('',2,1,((#12169,#12170),(#12171,#12172),
(#12173,#12174)),.UNSPECIFIED.,.F.,.F.,.F.,(3,3),(2,2),(0.,0.913738295377027),
(0.,0.05),.UNSPECIFIED.);
#605=B_SPLINE_SURFACE_WITH_KNOTS('',2,1,((#12185,#12186),(#12187,#12188),
(#12189,#12190)),.UNSPECIFIED.,.F.,.F.,.F.,(3,3),(2,2),(0.,1.),(0.,0.05),
 .UNSPECIFIED.);
#606=B_SPLINE_SURFACE_WITH_KNOTS('',2,1,((#12200,#12201),(#12202,#12203),
(#12204,#12205)),.UNSPECIFIED.,.F.,.F.,.F.,(3,3),(2,2),(0.,1.),(0.,0.05),
 .UNSPECIFIED.);
#607=B_SPLINE_SURFACE_WITH_KNOTS('',2,1,((#12215,#12216),(#12217,#12218),
(#12219,#12220)),.UNSPECIFIED.,.F.,.F.,.F.,(3,3),(2,2),(0.,1.),(0.,0.05),
 .UNSPECIFIED.);
#608=B_SPLINE_SURFACE_WITH_KNOTS('',2,1,((#12230,#12231),(#12232,#12233),
(#12234,#12235)),.UNSPECIFIED.,.F.,.F.,.F.,(3,3),(2,2),(0.,1.),(0.,0.05),
 .UNSPECIFIED.);
#609=B_SPLINE_SURFACE_WITH_KNOTS('',2,1,((#12263,#12264),(#12265,#12266),
(#12267,#12268)),.UNSPECIFIED.,.F.,.F.,.F.,(3,3),(2,2),(0.,1.),(0.,0.05),
 .UNSPECIFIED.);
#610=B_SPLINE_SURFACE_WITH_KNOTS('',2,1,((#12278,#12279),(#12280,#12281),
(#12282,#12283)),.UNSPECIFIED.,.F.,.F.,.F.,(3,3),(2,2),(0.,1.),(0.,0.05),
 .UNSPECIFIED.);
#611=B_SPLINE_SURFACE_WITH_KNOTS('',2,1,((#12293,#12294),(#12295,#12296),
(#12297,#12298)),.UNSPECIFIED.,.F.,.F.,.F.,(3,3),(2,2),(0.,1.),(0.,0.05),
 .UNSPECIFIED.);
#612=B_SPLINE_SURFACE_WITH_KNOTS('',2,1,((#12308,#12309),(#12310,#12311),
(#12312,#12313)),.UNSPECIFIED.,.F.,.F.,.F.,(3,3),(2,2),(0.,1.),(0.,0.05),
 .UNSPECIFIED.);
#613=B_SPLINE_SURFACE_WITH_KNOTS('',2,1,((#12373,#12374),(#12375,#12376),
(#12377,#12378)),.UNSPECIFIED.,.F.,.F.,.F.,(3,3),(2,2),(-1.,-0.913738295377176),
(0.,0.05),.UNSPECIFIED.);
#614=B_SPLINE_SURFACE_WITH_KNOTS('',2,1,((#12395,#12396),(#12397,#12398),
(#12399,#12400)),.UNSPECIFIED.,.F.,.F.,.F.,(3,3),(2,2),(0.,1.),(0.,0.05),
 .UNSPECIFIED.);
#615=B_SPLINE_SURFACE_WITH_KNOTS('',2,1,((#12410,#12411),(#12412,#12413),
(#12414,#12415)),.UNSPECIFIED.,.F.,.F.,.F.,(3,3),(2,2),(0.,1.),(0.,0.05),
 .UNSPECIFIED.);
#616=B_SPLINE_SURFACE_WITH_KNOTS('',2,1,((#12425,#12426),(#12427,#12428),
(#12429,#12430)),.UNSPECIFIED.,.F.,.F.,.F.,(3,3),(2,2),(0.254836152637781,
1.),(0.,0.05),.UNSPECIFIED.);
#617=B_SPLINE_SURFACE_WITH_KNOTS('',2,1,((#12458,#12459),(#12460,#12461),
(#12462,#12463)),.UNSPECIFIED.,.F.,.F.,.F.,(3,3),(2,2),(0.,1.),(0.,0.05),
 .UNSPECIFIED.);
#618=B_SPLINE_SURFACE_WITH_KNOTS('',2,1,((#12473,#12474),(#12475,#12476),
(#12477,#12478)),.UNSPECIFIED.,.F.,.F.,.F.,(3,3),(2,2),(0.,1.),(0.,0.05),
 .UNSPECIFIED.);
#619=B_SPLINE_SURFACE_WITH_KNOTS('',2,1,((#12488,#12489),(#12490,#12491),
(#12492,#12493)),.UNSPECIFIED.,.F.,.F.,.F.,(3,3),(2,2),(0.,1.),(0.,0.05),
 .UNSPECIFIED.);
#620=B_SPLINE_SURFACE_WITH_KNOTS('',2,1,((#12503,#12504),(#12505,#12506),
(#12507,#12508)),.UNSPECIFIED.,.F.,.F.,.F.,(3,3),(2,2),(0.,1.),(0.,0.05),
 .UNSPECIFIED.);
#621=B_SPLINE_SURFACE_WITH_KNOTS('',2,1,((#12518,#12519),(#12520,#12521),
(#12522,#12523)),.UNSPECIFIED.,.F.,.F.,.F.,(3,3),(2,2),(0.,1.),(0.,0.05),
 .UNSPECIFIED.);
#622=B_SPLINE_SURFACE_WITH_KNOTS('',2,1,((#12563,#12564),(#12565,#12566),
(#12567,#12568)),.UNSPECIFIED.,.F.,.F.,.F.,(3,3),(2,2),(0.,0.339175489417865),
(0.,0.05),.UNSPECIFIED.);
#623=B_SPLINE_SURFACE_WITH_KNOTS('',2,1,((#12578,#12579),(#12580,#12581),
(#12582,#12583)),.UNSPECIFIED.,.F.,.F.,.F.,(3,3),(2,2),(0.,1.),(0.,0.05),
 .UNSPECIFIED.);
#624=B_SPLINE_SURFACE_WITH_KNOTS('',2,1,((#12600,#12601),(#12602,#12603),
(#12604,#12605)),.UNSPECIFIED.,.F.,.F.,.F.,(3,3),(2,2),(-0.131046241539477,
0.),(0.,0.05),.UNSPECIFIED.);
#625=B_SPLINE_SURFACE_WITH_KNOTS('',2,1,((#12615,#12616),(#12617,#12618),
(#12619,#12620)),.UNSPECIFIED.,.F.,.F.,.F.,(3,3),(2,2),(0.,0.560218913965332),
(0.,0.05),.UNSPECIFIED.);
#626=B_SPLINE_SURFACE_WITH_KNOTS('',2,1,((#12631,#12632),(#12633,#12634),
(#12635,#12636)),.UNSPECIFIED.,.F.,.F.,.F.,(3,3),(2,2),(0.,1.),(0.,0.05),
 .UNSPECIFIED.);
#627=B_SPLINE_SURFACE_WITH_KNOTS('',2,1,((#12652,#12653),(#12654,#12655),
(#12656,#12657)),.UNSPECIFIED.,.F.,.F.,.F.,(3,3),(2,2),(0.,1.),(0.,0.05),
 .UNSPECIFIED.);
#628=B_SPLINE_SURFACE_WITH_KNOTS('',2,1,((#12667,#12668),(#12669,#12670),
(#12671,#12672)),.UNSPECIFIED.,.F.,.F.,.F.,(3,3),(2,2),(0.,1.),(0.,0.05),
 .UNSPECIFIED.);
#629=B_SPLINE_SURFACE_WITH_KNOTS('',2,1,((#12682,#12683),(#12684,#12685),
(#12686,#12687)),.UNSPECIFIED.,.F.,.F.,.F.,(3,3),(2,2),(0.,1.),(0.,0.05),
 .UNSPECIFIED.);
#630=B_SPLINE_SURFACE_WITH_KNOTS('',2,1,((#12703,#12704),(#12705,#12706),
(#12707,#12708)),.UNSPECIFIED.,.F.,.F.,.F.,(3,3),(2,2),(0.,1.),(0.,0.05),
 .UNSPECIFIED.);
#631=B_SPLINE_SURFACE_WITH_KNOTS('',2,1,((#12718,#12719),(#12720,#12721),
(#12722,#12723)),.UNSPECIFIED.,.F.,.F.,.F.,(3,3),(2,2),(0.189647719521277,
1.),(0.,0.05),.UNSPECIFIED.);
#632=B_SPLINE_SURFACE_WITH_KNOTS('',2,1,((#12733,#12734),(#12735,#12736),
(#12737,#12738)),.UNSPECIFIED.,.F.,.F.,.F.,(3,3),(2,2),(-1.,-0.825363004839411),
(0.,0.05),.UNSPECIFIED.);
#633=B_SPLINE_SURFACE_WITH_KNOTS('',2,1,((#12747,#12748),(#12749,#12750),
(#12751,#12752)),.UNSPECIFIED.,.F.,.F.,.F.,(3,3),(2,2),(-0.189647719521265,
0.),(0.,0.05),.UNSPECIFIED.);
#634=B_SPLINE_SURFACE_WITH_KNOTS('',2,1,((#12762,#12763),(#12764,#12765),
(#12766,#12767)),.UNSPECIFIED.,.F.,.F.,.F.,(3,3),(2,2),(0.,0.825363004837426),
(0.,0.05),.UNSPECIFIED.);
#635=B_SPLINE_SURFACE_WITH_KNOTS('',2,1,((#12783,#12784),(#12785,#12786),
(#12787,#12788)),.UNSPECIFIED.,.F.,.F.,.F.,(3,3),(2,2),(0.,1.),(0.,0.05),
 .UNSPECIFIED.);
#636=B_SPLINE_SURFACE_WITH_KNOTS('',2,1,((#12798,#12799),(#12800,#12801),
(#12802,#12803)),.UNSPECIFIED.,.F.,.F.,.F.,(3,3),(2,2),(0.131046241539478,
1.),(0.,0.05),.UNSPECIFIED.);
#637=B_SPLINE_SURFACE_WITH_KNOTS('',2,1,((#12810,#12811),(#12812,#12813),
(#12814,#12815)),.UNSPECIFIED.,.F.,.F.,.F.,(3,3),(2,2),(-1.,-0.560218913965431),
(0.,0.05),.UNSPECIFIED.);
#638=B_SPLINE_SURFACE_WITH_KNOTS('',2,1,((#12823,#12824),(#12825,#12826),
(#12827,#12828)),.UNSPECIFIED.,.F.,.F.,.F.,(3,3),(2,2),(0.435164149001076,
1.),(0.,0.05),.UNSPECIFIED.);
#639=B_SPLINE_SURFACE_WITH_KNOTS('',2,1,((#12854,#12855),(#12856,#12857),
(#12858,#12859)),.UNSPECIFIED.,.F.,.F.,.F.,(3,3),(2,2),(-0.43516414900106,
0.),(0.,0.05),.UNSPECIFIED.);
#640=B_SPLINE_SURFACE_WITH_KNOTS('',2,1,((#12872,#12873),(#12874,#12875),
(#12876,#12877)),.UNSPECIFIED.,.F.,.F.,.F.,(3,3),(2,2),(0.,1.),(0.,0.05),
 .UNSPECIFIED.);
#641=B_SPLINE_SURFACE_WITH_KNOTS('',2,1,((#12887,#12888),(#12889,#12890),
(#12891,#12892)),.UNSPECIFIED.,.F.,.F.,.F.,(3,3),(2,2),(0.,1.),(0.,0.05),
 .UNSPECIFIED.);
#642=B_SPLINE_SURFACE_WITH_KNOTS('',2,1,((#12902,#12903),(#12904,#12905),
(#12906,#12907)),.UNSPECIFIED.,.F.,.F.,.F.,(3,3),(2,2),(0.,1.),(0.,0.05),
 .UNSPECIFIED.);
#643=B_SPLINE_SURFACE_WITH_KNOTS('',2,1,((#12917,#12918),(#12919,#12920),
(#12921,#12922)),.UNSPECIFIED.,.F.,.F.,.F.,(3,3),(2,2),(0.,1.),(0.,0.05),
 .UNSPECIFIED.);
#644=B_SPLINE_SURFACE_WITH_KNOTS('',2,1,((#12932,#12933),(#12934,#12935),
(#12936,#12937)),.UNSPECIFIED.,.F.,.F.,.F.,(3,3),(2,2),(0.,1.),(0.,0.05),
 .UNSPECIFIED.);
#645=B_SPLINE_SURFACE_WITH_KNOTS('',2,1,((#12947,#12948),(#12949,#12950),
(#12951,#12952)),.UNSPECIFIED.,.F.,.F.,.F.,(3,3),(2,2),(0.,1.),(0.,0.05),
 .UNSPECIFIED.);
#646=B_SPLINE_SURFACE_WITH_KNOTS('',2,1,((#12962,#12963),(#12964,#12965),
(#12966,#12967)),.UNSPECIFIED.,.F.,.F.,.F.,(3,3),(2,2),(0.,1.),(0.,0.05),
 .UNSPECIFIED.);
#647=B_SPLINE_SURFACE_WITH_KNOTS('',2,1,((#12974,#12975),(#12976,#12977),
(#12978,#12979)),.UNSPECIFIED.,.F.,.F.,.F.,(3,3),(2,2),(-1.,-0.775388781412076),
(0.,0.05),.UNSPECIFIED.);
#648=B_SPLINE_SURFACE_WITH_KNOTS('',2,1,((#13001,#13002),(#13003,#13004),
(#13005,#13006)),.UNSPECIFIED.,.F.,.F.,.F.,(3,3),(2,2),(0.,0.775388781412065),
(0.,0.05),.UNSPECIFIED.);
#649=B_SPLINE_SURFACE_WITH_KNOTS('',2,1,((#13017,#13018),(#13019,#13020),
(#13021,#13022)),.UNSPECIFIED.,.F.,.F.,.F.,(3,3),(2,2),(0.,1.),(0.,0.05),
 .UNSPECIFIED.);
#650=B_SPLINE_SURFACE_WITH_KNOTS('',2,1,((#13032,#13033),(#13034,#13035),
(#13036,#13037)),.UNSPECIFIED.,.F.,.F.,.F.,(3,3),(2,2),(0.,1.),(0.,0.05),
 .UNSPECIFIED.);
#651=B_SPLINE_SURFACE_WITH_KNOTS('',2,1,((#13047,#13048),(#13049,#13050),
(#13051,#13052)),.UNSPECIFIED.,.F.,.F.,.F.,(3,3),(2,2),(0.,1.),(0.,0.05),
 .UNSPECIFIED.);
#652=B_SPLINE_SURFACE_WITH_KNOTS('',2,1,((#13080,#13081),(#13082,#13083),
(#13084,#13085)),.UNSPECIFIED.,.F.,.F.,.F.,(3,3),(2,2),(0.,1.),(0.,0.05),
 .UNSPECIFIED.);
#653=B_SPLINE_SURFACE_WITH_KNOTS('',2,1,((#13095,#13096),(#13097,#13098),
(#13099,#13100)),.UNSPECIFIED.,.F.,.F.,.F.,(3,3),(2,2),(0.,1.),(0.,0.05),
 .UNSPECIFIED.);
#654=B_SPLINE_SURFACE_WITH_KNOTS('',2,1,((#13122,#13123),(#13124,#13125),
(#13126,#13127)),.UNSPECIFIED.,.F.,.F.,.F.,(3,3),(2,2),(0.,1.),(0.,0.05),
 .UNSPECIFIED.);
#655=B_SPLINE_SURFACE_WITH_KNOTS('',2,1,((#13137,#13138),(#13139,#13140),
(#13141,#13142)),.UNSPECIFIED.,.F.,.F.,.F.,(3,3),(2,2),(0.,1.),(0.,0.05),
 .UNSPECIFIED.);
#656=B_SPLINE_SURFACE_WITH_KNOTS('',2,1,((#13152,#13153),(#13154,#13155),
(#13156,#13157)),.UNSPECIFIED.,.F.,.F.,.F.,(3,3),(2,2),(0.,1.),(0.,0.05),
 .UNSPECIFIED.);
#657=B_SPLINE_SURFACE_WITH_KNOTS('',2,1,((#13167,#13168),(#13169,#13170),
(#13171,#13172)),.UNSPECIFIED.,.F.,.F.,.F.,(3,3),(2,2),(0.,1.),(0.,0.05),
 .UNSPECIFIED.);
#658=B_SPLINE_SURFACE_WITH_KNOTS('',2,1,((#13182,#13183),(#13184,#13185),
(#13186,#13187)),.UNSPECIFIED.,.F.,.F.,.F.,(3,3),(2,2),(0.,1.),(0.,0.05),
 .UNSPECIFIED.);
#659=B_SPLINE_SURFACE_WITH_KNOTS('',2,1,((#13197,#13198),(#13199,#13200),
(#13201,#13202)),.UNSPECIFIED.,.F.,.F.,.F.,(3,3),(2,2),(0.,1.),(0.,0.05),
 .UNSPECIFIED.);
#660=B_SPLINE_SURFACE_WITH_KNOTS('',2,1,((#13212,#13213),(#13214,#13215),
(#13216,#13217)),.UNSPECIFIED.,.F.,.F.,.F.,(3,3),(2,2),(0.,1.),(0.,0.05),
 .UNSPECIFIED.);
#661=B_SPLINE_SURFACE_WITH_KNOTS('',2,1,((#13227,#13228),(#13229,#13230),
(#13231,#13232)),.UNSPECIFIED.,.F.,.F.,.F.,(3,3),(2,2),(0.328184811727363,
1.),(0.,0.05),.UNSPECIFIED.);
#662=B_SPLINE_SURFACE_WITH_KNOTS('',2,1,((#13255,#13256),(#13257,#13258),
(#13259,#13260)),.UNSPECIFIED.,.F.,.F.,.F.,(3,3),(2,2),(-0.328184811725248,
0.),(0.,0.05),.UNSPECIFIED.);
#663=B_SPLINE_SURFACE_WITH_KNOTS('',2,1,((#13271,#13272),(#13273,#13274),
(#13275,#13276)),.UNSPECIFIED.,.F.,.F.,.F.,(3,3),(2,2),(0.,1.),(0.,0.05),
 .UNSPECIFIED.);
#664=B_SPLINE_SURFACE_WITH_KNOTS('',2,1,((#13289,#13290),(#13291,#13292),
(#13293,#13294)),.UNSPECIFIED.,.F.,.F.,.F.,(3,3),(2,2),(0.,1.),(0.,0.05),
 .UNSPECIFIED.);
#665=B_SPLINE_SURFACE_WITH_KNOTS('',2,1,((#13310,#13311),(#13312,#13313),
(#13314,#13315)),.UNSPECIFIED.,.F.,.F.,.F.,(3,3),(2,2),(0.,1.),(0.,0.05),
 .UNSPECIFIED.);
#666=B_SPLINE_SURFACE_WITH_KNOTS('',2,1,((#13325,#13326),(#13327,#13328),
(#13329,#13330)),.UNSPECIFIED.,.F.,.F.,.F.,(3,3),(2,2),(0.,1.),(0.,0.05),
 .UNSPECIFIED.);
#667=B_SPLINE_SURFACE_WITH_KNOTS('',2,1,((#13340,#13341),(#13342,#13343),
(#13344,#13345)),.UNSPECIFIED.,.F.,.F.,.F.,(3,3),(2,2),(0.,1.),(0.,0.05),
 .UNSPECIFIED.);
#668=B_SPLINE_SURFACE_WITH_KNOTS('',2,1,((#13355,#13356),(#13357,#13358),
(#13359,#13360)),.UNSPECIFIED.,.F.,.F.,.F.,(3,3),(2,2),(0.,1.),(0.,0.05),
 .UNSPECIFIED.);
#669=B_SPLINE_SURFACE_WITH_KNOTS('',2,1,((#13370,#13371),(#13372,#13373),
(#13374,#13375)),.UNSPECIFIED.,.F.,.F.,.F.,(3,3),(2,2),(0.,1.),(0.,0.05),
 .UNSPECIFIED.);
#670=B_SPLINE_SURFACE_WITH_KNOTS('',2,1,((#13385,#13386),(#13387,#13388),
(#13389,#13390)),.UNSPECIFIED.,.F.,.F.,.F.,(3,3),(2,2),(0.,1.),(0.,0.05),
 .UNSPECIFIED.);
#671=B_SPLINE_SURFACE_WITH_KNOTS('',2,1,((#13406,#13407),(#13408,#13409),
(#13410,#13411)),.UNSPECIFIED.,.F.,.F.,.F.,(3,3),(2,2),(0.,1.),(0.,0.05),
 .UNSPECIFIED.);
#672=B_SPLINE_SURFACE_WITH_KNOTS('',2,1,((#13421,#13422),(#13423,#13424),
(#13425,#13426)),.UNSPECIFIED.,.F.,.F.,.F.,(3,3),(2,2),(0.,1.),(0.,0.05),
 .UNSPECIFIED.);
#673=B_SPLINE_SURFACE_WITH_KNOTS('',2,1,((#13436,#13437),(#13438,#13439),
(#13440,#13441)),.UNSPECIFIED.,.F.,.F.,.F.,(3,3),(2,2),(0.,1.),(0.,0.05),
 .UNSPECIFIED.);
#674=B_SPLINE_SURFACE_WITH_KNOTS('',2,1,((#13451,#13452),(#13453,#13454),
(#13455,#13456)),.UNSPECIFIED.,.F.,.F.,.F.,(3,3),(2,2),(0.,1.),(0.,0.05),
 .UNSPECIFIED.);
#675=B_SPLINE_SURFACE_WITH_KNOTS('',2,1,((#13466,#13467),(#13468,#13469),
(#13470,#13471)),.UNSPECIFIED.,.F.,.F.,.F.,(3,3),(2,2),(0.,1.),(0.,0.05),
 .UNSPECIFIED.);
#676=B_SPLINE_SURFACE_WITH_KNOTS('',2,1,((#13481,#13482),(#13483,#13484),
(#13485,#13486)),.UNSPECIFIED.,.F.,.F.,.F.,(3,3),(2,2),(0.,1.),(0.,0.05),
 .UNSPECIFIED.);
#677=B_SPLINE_SURFACE_WITH_KNOTS('',2,1,((#13502,#13503),(#13504,#13505),
(#13506,#13507)),.UNSPECIFIED.,.F.,.F.,.F.,(3,3),(2,2),(0.,1.),(0.,0.05),
 .UNSPECIFIED.);
#678=B_SPLINE_SURFACE_WITH_KNOTS('',2,1,((#13517,#13518),(#13519,#13520),
(#13521,#13522)),.UNSPECIFIED.,.F.,.F.,.F.,(3,3),(2,2),(0.,1.),(0.,0.05),
 .UNSPECIFIED.);
#679=B_SPLINE_SURFACE_WITH_KNOTS('',2,1,((#13532,#13533),(#13534,#13535),
(#13536,#13537)),.UNSPECIFIED.,.F.,.F.,.F.,(3,3),(2,2),(0.,1.),(0.,0.05),
 .UNSPECIFIED.);
#680=B_SPLINE_SURFACE_WITH_KNOTS('',2,1,((#13547,#13548),(#13549,#13550),
(#13551,#13552)),.UNSPECIFIED.,.F.,.F.,.F.,(3,3),(2,2),(0.,1.),(0.,0.05),
 .UNSPECIFIED.);
#681=B_SPLINE_SURFACE_WITH_KNOTS('',2,1,((#13562,#13563),(#13564,#13565),
(#13566,#13567)),.UNSPECIFIED.,.F.,.F.,.F.,(3,3),(2,2),(0.,1.),(0.,0.05),
 .UNSPECIFIED.);
#682=B_SPLINE_SURFACE_WITH_KNOTS('',2,1,((#13577,#13578),(#13579,#13580),
(#13581,#13582)),.UNSPECIFIED.,.F.,.F.,.F.,(3,3),(2,2),(0.,1.),(0.,0.05),
 .UNSPECIFIED.);
#683=B_SPLINE_SURFACE_WITH_KNOTS('',2,1,((#13598,#13599),(#13600,#13601),
(#13602,#13603)),.UNSPECIFIED.,.F.,.F.,.F.,(3,3),(2,2),(0.,1.),(0.,0.05),
 .UNSPECIFIED.);
#684=B_SPLINE_SURFACE_WITH_KNOTS('',2,1,((#13613,#13614),(#13615,#13616),
(#13617,#13618)),.UNSPECIFIED.,.F.,.F.,.F.,(3,3),(2,2),(0.,1.),(0.,0.05),
 .UNSPECIFIED.);
#685=B_SPLINE_SURFACE_WITH_KNOTS('',2,1,((#13628,#13629),(#13630,#13631),
(#13632,#13633)),.UNSPECIFIED.,.F.,.F.,.F.,(3,3),(2,2),(0.,1.),(0.,0.05),
 .UNSPECIFIED.);
#686=B_SPLINE_SURFACE_WITH_KNOTS('',2,1,((#13643,#13644),(#13645,#13646),
(#13647,#13648)),.UNSPECIFIED.,.F.,.F.,.F.,(3,3),(2,2),(0.,1.),(0.,0.05),
 .UNSPECIFIED.);
#687=B_SPLINE_SURFACE_WITH_KNOTS('',2,1,((#13656,#13657),(#13658,#13659),
(#13660,#13661)),.UNSPECIFIED.,.F.,.F.,.F.,(3,3),(2,2),(0.,1.),(0.,0.05),
 .UNSPECIFIED.);
#688=B_SPLINE_SURFACE_WITH_KNOTS('',2,1,((#13674,#13675),(#13676,#13677),
(#13678,#13679)),.UNSPECIFIED.,.F.,.F.,.F.,(3,3),(2,2),(0.,1.),(0.,0.05),
 .UNSPECIFIED.);
#689=B_SPLINE_SURFACE_WITH_KNOTS('',2,1,((#13689,#13690),(#13691,#13692),
(#13693,#13694)),.UNSPECIFIED.,.F.,.F.,.F.,(3,3),(2,2),(0.,1.),(0.,0.05),
 .UNSPECIFIED.);
#690=B_SPLINE_SURFACE_WITH_KNOTS('',2,1,((#13704,#13705),(#13706,#13707),
(#13708,#13709)),.UNSPECIFIED.,.F.,.F.,.F.,(3,3),(2,2),(0.,1.),(0.,0.05),
 .UNSPECIFIED.);
#691=B_SPLINE_SURFACE_WITH_KNOTS('',2,1,((#13719,#13720),(#13721,#13722),
(#13723,#13724)),.UNSPECIFIED.,.F.,.F.,.F.,(3,3),(2,2),(0.,1.),(0.,0.05),
 .UNSPECIFIED.);
#692=B_SPLINE_SURFACE_WITH_KNOTS('',2,1,((#13734,#13735),(#13736,#13737),
(#13738,#13739)),.UNSPECIFIED.,.F.,.F.,.F.,(3,3),(2,2),(0.,1.),(0.,0.05),
 .UNSPECIFIED.);
#693=B_SPLINE_SURFACE_WITH_KNOTS('',2,1,((#13749,#13750),(#13751,#13752),
(#13753,#13754)),.UNSPECIFIED.,.F.,.F.,.F.,(3,3),(2,2),(0.,1.),(0.,0.05),
 .UNSPECIFIED.);
#694=B_SPLINE_SURFACE_WITH_KNOTS('',2,1,((#13764,#13765),(#13766,#13767),
(#13768,#13769)),.UNSPECIFIED.,.F.,.F.,.F.,(3,3),(2,2),(0.,1.),(0.,0.05),
 .UNSPECIFIED.);
#695=B_SPLINE_SURFACE_WITH_KNOTS('',2,1,((#13776,#13777),(#13778,#13779),
(#13780,#13781)),.UNSPECIFIED.,.F.,.F.,.F.,(3,3),(2,2),(0.,1.),(0.,0.05),
 .UNSPECIFIED.);
#696=B_SPLINE_SURFACE_WITH_KNOTS('',2,1,((#13794,#13795),(#13796,#13797),
(#13798,#13799)),.UNSPECIFIED.,.F.,.F.,.F.,(3,3),(2,2),(0.,1.),(0.,0.05),
 .UNSPECIFIED.);
#697=B_SPLINE_SURFACE_WITH_KNOTS('',2,1,((#13809,#13810),(#13811,#13812),
(#13813,#13814)),.UNSPECIFIED.,.F.,.F.,.F.,(3,3),(2,2),(0.,1.),(0.,0.05),
 .UNSPECIFIED.);
#698=B_SPLINE_SURFACE_WITH_KNOTS('',2,1,((#13824,#13825),(#13826,#13827),
(#13828,#13829)),.UNSPECIFIED.,.F.,.F.,.F.,(3,3),(2,2),(0.,1.),(0.,0.05),
 .UNSPECIFIED.);
#699=B_SPLINE_SURFACE_WITH_KNOTS('',2,1,((#13839,#13840),(#13841,#13842),
(#13843,#13844)),.UNSPECIFIED.,.F.,.F.,.F.,(3,3),(2,2),(0.,1.),(0.,0.05),
 .UNSPECIFIED.);
#700=B_SPLINE_SURFACE_WITH_KNOTS('',2,1,((#13854,#13855),(#13856,#13857),
(#13858,#13859)),.UNSPECIFIED.,.F.,.F.,.F.,(3,3),(2,2),(0.,1.),(0.,0.05),
 .UNSPECIFIED.);
#701=B_SPLINE_SURFACE_WITH_KNOTS('',2,1,((#13869,#13870),(#13871,#13872),
(#13873,#13874)),.UNSPECIFIED.,.F.,.F.,.F.,(3,3),(2,2),(0.,1.),(0.,0.05),
 .UNSPECIFIED.);
#702=B_SPLINE_SURFACE_WITH_KNOTS('',2,1,((#13884,#13885),(#13886,#13887),
(#13888,#13889)),.UNSPECIFIED.,.F.,.F.,.F.,(3,3),(2,2),(0.,1.),(0.,0.05),
 .UNSPECIFIED.);
#703=B_SPLINE_SURFACE_WITH_KNOTS('',2,1,((#13912,#13913),(#13914,#13915),
(#13916,#13917)),.UNSPECIFIED.,.F.,.F.,.F.,(3,3),(2,2),(0.,1.),(0.,0.05),
 .UNSPECIFIED.);
#704=B_SPLINE_SURFACE_WITH_KNOTS('',2,1,((#13927,#13928),(#13929,#13930),
(#13931,#13932)),.UNSPECIFIED.,.F.,.F.,.F.,(3,3),(2,2),(0.,1.),(0.,0.05),
 .UNSPECIFIED.);
#705=B_SPLINE_SURFACE_WITH_KNOTS('',2,1,((#13942,#13943),(#13944,#13945),
(#13946,#13947)),.UNSPECIFIED.,.F.,.F.,.F.,(3,3),(2,2),(0.,1.),(0.,0.05),
 .UNSPECIFIED.);
#706=B_SPLINE_SURFACE_WITH_KNOTS('',2,1,((#13957,#13958),(#13959,#13960),
(#13961,#13962)),.UNSPECIFIED.,.F.,.F.,.F.,(3,3),(2,2),(0.,1.),(0.,0.05),
 .UNSPECIFIED.);
#707=B_SPLINE_SURFACE_WITH_KNOTS('',2,1,((#13978,#13979),(#13980,#13981),
(#13982,#13983)),.UNSPECIFIED.,.F.,.F.,.F.,(3,3),(2,2),(0.,1.),(0.,0.05),
 .UNSPECIFIED.);
#708=B_SPLINE_SURFACE_WITH_KNOTS('',2,1,((#13993,#13994),(#13995,#13996),
(#13997,#13998)),.UNSPECIFIED.,.F.,.F.,.F.,(3,3),(2,2),(0.,1.),(0.,0.05),
 .UNSPECIFIED.);
#709=B_SPLINE_SURFACE_WITH_KNOTS('',2,1,((#14008,#14009),(#14010,#14011),
(#14012,#14013)),.UNSPECIFIED.,.F.,.F.,.F.,(3,3),(2,2),(0.,1.),(0.,0.05),
 .UNSPECIFIED.);
#710=B_SPLINE_SURFACE_WITH_KNOTS('',2,1,((#14023,#14024),(#14025,#14026),
(#14027,#14028)),.UNSPECIFIED.,.F.,.F.,.F.,(3,3),(2,2),(0.,1.),(0.,0.05),
 .UNSPECIFIED.);
#711=B_SPLINE_SURFACE_WITH_KNOTS('',2,1,((#14068,#14069),(#14070,#14071),
(#14072,#14073)),.UNSPECIFIED.,.F.,.F.,.F.,(3,3),(2,2),(0.,1.),(0.,0.05),
 .UNSPECIFIED.);
#712=B_SPLINE_SURFACE_WITH_KNOTS('',2,1,((#14083,#14084),(#14085,#14086),
(#14087,#14088)),.UNSPECIFIED.,.F.,.F.,.F.,(3,3),(2,2),(0.,1.),(0.,0.05),
 .UNSPECIFIED.);
#713=B_SPLINE_SURFACE_WITH_KNOTS('',2,1,((#14098,#14099),(#14100,#14101),
(#14102,#14103)),.UNSPECIFIED.,.F.,.F.,.F.,(3,3),(2,2),(0.,1.),(0.,0.05),
 .UNSPECIFIED.);
#714=B_SPLINE_SURFACE_WITH_KNOTS('',2,1,((#14131,#14132),(#14133,#14134),
(#14135,#14136)),.UNSPECIFIED.,.F.,.F.,.F.,(3,3),(2,2),(0.,1.),(0.,0.05),
 .UNSPECIFIED.);
#715=B_SPLINE_SURFACE_WITH_KNOTS('',2,1,((#14146,#14147),(#14148,#14149),
(#14150,#14151)),.UNSPECIFIED.,.F.,.F.,.F.,(3,3),(2,2),(0.,1.),(0.,0.05),
 .UNSPECIFIED.);
#716=B_SPLINE_SURFACE_WITH_KNOTS('',2,1,((#14161,#14162),(#14163,#14164),
(#14165,#14166)),.UNSPECIFIED.,.F.,.F.,.F.,(3,3),(2,2),(0.,1.),(0.,0.05),
 .UNSPECIFIED.);
#717=B_SPLINE_SURFACE_WITH_KNOTS('',2,1,((#14192,#14193),(#14194,#14195),
(#14196,#14197)),.UNSPECIFIED.,.F.,.F.,.F.,(3,3),(2,2),(-1.,-0.918847385177941),
(0.,0.05),.UNSPECIFIED.);
#718=B_SPLINE_SURFACE_WITH_KNOTS('',2,1,((#14216,#14217),(#14218,#14219),
(#14220,#14221)),.UNSPECIFIED.,.F.,.F.,.F.,(3,3),(2,2),(-0.157862493073071,
0.),(0.,0.05),.UNSPECIFIED.);
#719=B_SPLINE_SURFACE_WITH_KNOTS('',2,1,((#14231,#14232),(#14233,#14234),
(#14235,#14236)),.UNSPECIFIED.,.F.,.F.,.F.,(3,3),(2,2),(0.,0.831498098873661),
(0.,0.05),.UNSPECIFIED.);
#720=B_SPLINE_SURFACE_WITH_KNOTS('',2,1,((#14247,#14248),(#14249,#14250),
(#14251,#14252)),.UNSPECIFIED.,.F.,.F.,.F.,(3,3),(2,2),(0.595205035363197,
1.),(0.,0.05),.UNSPECIFIED.);
#721=B_SPLINE_SURFACE_WITH_KNOTS('',2,1,((#14262,#14263),(#14264,#14265),
(#14266,#14267)),.UNSPECIFIED.,.F.,.F.,.F.,(3,3),(2,2),(0.,0.851522868478585),
(0.,0.05),.UNSPECIFIED.);
#722=B_SPLINE_SURFACE_WITH_KNOTS('',2,1,((#14277,#14278),(#14279,#14280),
(#14281,#14282)),.UNSPECIFIED.,.F.,.F.,.F.,(3,3),(2,2),(0.,1.),(0.,0.05),
 .UNSPECIFIED.);
#723=B_SPLINE_SURFACE_WITH_KNOTS('',2,1,((#14292,#14293),(#14294,#14295),
(#14296,#14297)),.UNSPECIFIED.,.F.,.F.,.F.,(3,3),(2,2),(0.,1.),(0.,0.05),
 .UNSPECIFIED.);
#724=B_SPLINE_SURFACE_WITH_KNOTS('',2,1,((#14307,#14308),(#14309,#14310),
(#14311,#14312)),.UNSPECIFIED.,.F.,.F.,.F.,(3,3),(2,2),(0.,1.),(0.,0.05),
 .UNSPECIFIED.);
#725=B_SPLINE_SURFACE_WITH_KNOTS('',2,1,((#14322,#14323),(#14324,#14325),
(#14326,#14327)),.UNSPECIFIED.,.F.,.F.,.F.,(3,3),(2,2),(0.,1.),(0.,0.05),
 .UNSPECIFIED.);
#726=B_SPLINE_SURFACE_WITH_KNOTS('',2,1,((#14337,#14338),(#14339,#14340),
(#14341,#14342)),.UNSPECIFIED.,.F.,.F.,.F.,(3,3),(2,2),(0.,1.),(0.,0.05),
 .UNSPECIFIED.);
#727=B_SPLINE_SURFACE_WITH_KNOTS('',2,1,((#14352,#14353),(#14354,#14355),
(#14356,#14357)),.UNSPECIFIED.,.F.,.F.,.F.,(3,3),(2,2),(0.,1.),(0.,0.05),
 .UNSPECIFIED.);
#728=B_SPLINE_SURFACE_WITH_KNOTS('',2,1,((#14367,#14368),(#14369,#14370),
(#14371,#14372)),.UNSPECIFIED.,.F.,.F.,.F.,(3,3),(2,2),(0.157862493073144,
1.),(0.,0.05),.UNSPECIFIED.);
#729=B_SPLINE_SURFACE_WITH_KNOTS('',2,1,((#14379,#14380),(#14381,#14382),
(#14383,#14384)),.UNSPECIFIED.,.F.,.F.,.F.,(3,3),(2,2),(-1.,-0.831498098873685),
(0.,0.05),.UNSPECIFIED.);
#730=B_SPLINE_SURFACE_WITH_KNOTS('',2,1,((#14394,#14395),(#14396,#14397),
(#14398,#14399)),.UNSPECIFIED.,.F.,.F.,.F.,(3,3),(2,2),(-1.,0.),(0.,0.05),
 .UNSPECIFIED.);
#731=B_SPLINE_SURFACE_WITH_KNOTS('',2,1,((#14409,#14410),(#14411,#14412),
(#14413,#14414)),.UNSPECIFIED.,.F.,.F.,.F.,(3,3),(2,2),(-1.,0.),(0.,0.05),
 .UNSPECIFIED.);
#732=B_SPLINE_SURFACE_WITH_KNOTS('',2,1,((#14424,#14425),(#14426,#14427),
(#14428,#14429)),.UNSPECIFIED.,.F.,.F.,.F.,(3,3),(2,2),(-0.309582784969481,
0.),(0.,0.05),.UNSPECIFIED.);
#733=B_SPLINE_SURFACE_WITH_KNOTS('',2,1,((#14436,#14437),(#14438,#14439),
(#14440,#14441)),.UNSPECIFIED.,.F.,.F.,.F.,(3,3),(2,2),(0.,0.918847385177935),
(0.,0.05),.UNSPECIFIED.);
#734=B_SPLINE_SURFACE_WITH_KNOTS('',2,1,((#14452,#14453),(#14454,#14455),
(#14456,#14457)),.UNSPECIFIED.,.F.,.F.,.F.,(3,3),(2,2),(0.,1.),(0.,0.05),
 .UNSPECIFIED.);
#735=B_SPLINE_SURFACE_WITH_KNOTS('',2,1,((#14467,#14468),(#14469,#14470),
(#14471,#14472)),.UNSPECIFIED.,.F.,.F.,.F.,(3,3),(2,2),(0.,1.),(0.,0.05),
 .UNSPECIFIED.);
#736=B_SPLINE_SURFACE_WITH_KNOTS('',2,1,((#14482,#14483),(#14484,#14485),
(#14486,#14487)),.UNSPECIFIED.,.F.,.F.,.F.,(3,3),(2,2),(0.,1.),(0.,0.05),
 .UNSPECIFIED.);
#737=B_SPLINE_SURFACE_WITH_KNOTS('',2,1,((#14497,#14498),(#14499,#14500),
(#14501,#14502)),.UNSPECIFIED.,.F.,.F.,.F.,(3,3),(2,2),(0.,1.),(0.,0.05),
 .UNSPECIFIED.);
#738=B_SPLINE_SURFACE_WITH_KNOTS('',2,1,((#14512,#14513),(#14514,#14515),
(#14516,#14517)),.UNSPECIFIED.,.F.,.F.,.F.,(3,3),(2,2),(0.,1.),(0.,0.05),
 .UNSPECIFIED.);
#739=B_SPLINE_SURFACE_WITH_KNOTS('',2,1,((#14527,#14528),(#14529,#14530),
(#14531,#14532)),.UNSPECIFIED.,.F.,.F.,.F.,(3,3),(2,2),(0.209061662243907,
1.),(0.,0.05),.UNSPECIFIED.);
#740=B_SPLINE_SURFACE_WITH_KNOTS('',2,1,((#14555,#14556),(#14557,#14558),
(#14559,#14560)),.UNSPECIFIED.,.F.,.F.,.F.,(3,3),(2,2),(-0.209061662243906,
0.),(0.,0.05),.UNSPECIFIED.);
#741=B_SPLINE_SURFACE_WITH_KNOTS('',2,1,((#14607,#14608),(#14609,#14610),
(#14611,#14612)),.UNSPECIFIED.,.F.,.F.,.F.,(3,3),(2,2),(0.,0.5698215765065),
(0.,0.05),.UNSPECIFIED.);
#742=B_SPLINE_SURFACE_WITH_KNOTS('',2,1,((#14622,#14623),(#14624,#14625),
(#14626,#14627)),.UNSPECIFIED.,.F.,.F.,.F.,(3,3),(2,2),(0.,1.),(0.,0.05),
 .UNSPECIFIED.);
#743=B_SPLINE_SURFACE_WITH_KNOTS('',2,1,((#14637,#14638),(#14639,#14640),
(#14641,#14642)),.UNSPECIFIED.,.F.,.F.,.F.,(3,3),(2,2),(0.,1.),(0.,0.05),
 .UNSPECIFIED.);
#744=B_SPLINE_SURFACE_WITH_KNOTS('',2,1,((#14652,#14653),(#14654,#14655),
(#14656,#14657)),.UNSPECIFIED.,.F.,.F.,.F.,(3,3),(2,2),(0.,1.),(0.,0.05),
 .UNSPECIFIED.);
#745=B_SPLINE_SURFACE_WITH_KNOTS('',2,1,((#14667,#14668),(#14669,#14670),
(#14671,#14672)),.UNSPECIFIED.,.F.,.F.,.F.,(3,3),(2,2),(0.,1.),(0.,0.05),
 .UNSPECIFIED.);
#746=B_SPLINE_SURFACE_WITH_KNOTS('',2,1,((#14682,#14683),(#14684,#14685),
(#14686,#14687)),.UNSPECIFIED.,.F.,.F.,.F.,(3,3),(2,2),(0.,1.),(0.,0.05),
 .UNSPECIFIED.);
#747=B_SPLINE_SURFACE_WITH_KNOTS('',2,1,((#14697,#14698),(#14699,#14700),
(#14701,#14702)),.UNSPECIFIED.,.F.,.F.,.F.,(3,3),(2,2),(0.,1.),(0.,0.05),
 .UNSPECIFIED.);
#748=B_SPLINE_SURFACE_WITH_KNOTS('',2,1,((#14712,#14713),(#14714,#14715),
(#14716,#14717)),.UNSPECIFIED.,.F.,.F.,.F.,(3,3),(2,2),(0.,1.),(0.,0.05),
 .UNSPECIFIED.);
#749=B_SPLINE_SURFACE_WITH_KNOTS('',2,1,((#14727,#14728),(#14729,#14730),
(#14731,#14732)),.UNSPECIFIED.,.F.,.F.,.F.,(3,3),(2,2),(0.,1.),(0.,0.05),
 .UNSPECIFIED.);
#750=B_SPLINE_SURFACE_WITH_KNOTS('',2,1,((#14742,#14743),(#14744,#14745),
(#14746,#14747)),.UNSPECIFIED.,.F.,.F.,.F.,(3,3),(2,2),(0.,1.),(0.,0.05),
 .UNSPECIFIED.);
#751=B_SPLINE_SURFACE_WITH_KNOTS('',2,1,((#14763,#14764),(#14765,#14766),
(#14767,#14768)),.UNSPECIFIED.,.F.,.F.,.F.,(3,3),(2,2),(0.,1.),(0.,0.05),
 .UNSPECIFIED.);
#752=B_SPLINE_SURFACE_WITH_KNOTS('',2,1,((#14778,#14779),(#14780,#14781),
(#14782,#14783)),.UNSPECIFIED.,.F.,.F.,.F.,(3,3),(2,2),(0.,1.),(0.,0.05),
 .UNSPECIFIED.);
#753=B_SPLINE_SURFACE_WITH_KNOTS('',2,1,((#14793,#14794),(#14795,#14796),
(#14797,#14798)),.UNSPECIFIED.,.F.,.F.,.F.,(3,3),(2,2),(0.,1.),(0.,0.05),
 .UNSPECIFIED.);
#754=B_SPLINE_SURFACE_WITH_KNOTS('',2,1,((#14808,#14809),(#14810,#14811),
(#14812,#14813)),.UNSPECIFIED.,.F.,.F.,.F.,(3,3),(2,2),(0.,1.),(0.,0.05),
 .UNSPECIFIED.);
#755=B_SPLINE_SURFACE_WITH_KNOTS('',2,1,((#14823,#14824),(#14825,#14826),
(#14827,#14828)),.UNSPECIFIED.,.F.,.F.,.F.,(3,3),(2,2),(0.,1.),(0.,0.05),
 .UNSPECIFIED.);
#756=B_SPLINE_SURFACE_WITH_KNOTS('',2,1,((#14838,#14839),(#14840,#14841),
(#14842,#14843)),.UNSPECIFIED.,.F.,.F.,.F.,(3,3),(2,2),(0.,1.),(0.,0.05),
 .UNSPECIFIED.);
#757=B_SPLINE_SURFACE_WITH_KNOTS('',2,1,((#14853,#14854),(#14855,#14856),
(#14857,#14858)),.UNSPECIFIED.,.F.,.F.,.F.,(3,3),(2,2),(0.,1.),(0.,0.05),
 .UNSPECIFIED.);
#758=B_SPLINE_SURFACE_WITH_KNOTS('',2,1,((#14868,#14869),(#14870,#14871),
(#14872,#14873)),.UNSPECIFIED.,.F.,.F.,.F.,(3,3),(2,2),(0.,1.),(0.,0.05),
 .UNSPECIFIED.);
#759=B_SPLINE_SURFACE_WITH_KNOTS('',2,1,((#14883,#14884),(#14885,#14886),
(#14887,#14888)),.UNSPECIFIED.,.F.,.F.,.F.,(3,3),(2,2),(0.30958278497198,
1.),(0.,0.05),.UNSPECIFIED.);
#760=STYLED_ITEM('',(#15019),#762);
#761=STYLED_ITEM('',(#15019),#763);
#762=MANIFOLD_SOLID_BREP('Body1',#8614);
#763=MANIFOLD_SOLID_BREP('Body2',#8615);
#764=FACE_BOUND('',#1505,.T.);
#765=FACE_BOUND('',#1507,.T.);
#766=FACE_BOUND('',#1508,.T.);
#767=FACE_BOUND('',#1509,.T.);
#768=FACE_BOUND('',#1510,.T.);
#769=FACE_BOUND('',#1511,.T.);
#770=FACE_BOUND('',#1707,.T.);
#771=FACE_BOUND('',#1767,.T.);
#772=FACE_BOUND('',#1814,.T.);
#773=FACE_BOUND('',#1918,.T.);
#774=FACE_BOUND('',#1934,.T.);
#775=FACE_BOUND('',#1935,.T.);
#776=FACE_BOUND('',#1936,.T.);
#777=FACE_BOUND('',#1937,.T.);
#778=FACE_BOUND('',#1938,.T.);
#779=FACE_BOUND('',#1939,.T.);
#780=FACE_BOUND('',#1940,.T.);
#781=FACE_BOUND('',#1941,.T.);
#782=FACE_BOUND('',#1942,.T.);
#783=FACE_BOUND('',#1943,.T.);
#784=FACE_BOUND('',#1944,.T.);
#785=FACE_BOUND('',#1945,.T.);
#786=FACE_BOUND('',#1946,.T.);
#787=FACE_BOUND('',#1947,.T.);
#788=PLANE('',#8632);
#789=PLANE('',#8636);
#790=PLANE('',#8640);
#791=PLANE('',#8644);
#792=PLANE('',#8648);
#793=PLANE('',#8649);
#794=PLANE('',#8653);
#795=PLANE('',#8657);
#796=PLANE('',#8661);
#797=PLANE('',#8665);
#798=PLANE('',#8666);
#799=PLANE('',#8670);
#800=PLANE('',#8674);
#801=PLANE('',#8678);
#802=PLANE('',#8682);
#803=PLANE('',#8686);
#804=PLANE('',#8690);
#805=PLANE('',#8691);
#806=PLANE('',#8692);
#807=PLANE('',#8696);
#808=PLANE('',#8700);
#809=PLANE('',#8701);
#810=PLANE('',#8705);
#811=PLANE('',#8706);
#812=PLANE('',#8707);
#813=PLANE('',#8711);
#814=PLANE('',#8712);
#815=PLANE('',#8716);
#816=PLANE('',#8720);
#817=PLANE('',#8724);
#818=PLANE('',#8725);
#819=PLANE('',#8726);
#820=PLANE('',#8727);
#821=PLANE('',#8728);
#822=PLANE('',#8729);
#823=PLANE('',#8730);
#824=PLANE('',#8731);
#825=PLANE('',#8732);
#826=PLANE('',#8733);
#827=PLANE('',#8734);
#828=PLANE('',#8735);
#829=PLANE('',#8736);
#830=PLANE('',#8737);
#831=PLANE('',#8738);
#832=PLANE('',#8739);
#833=PLANE('',#8740);
#834=PLANE('',#8741);
#835=PLANE('',#8742);
#836=PLANE('',#8743);
#837=PLANE('',#8744);
#838=PLANE('',#8745);
#839=PLANE('',#8746);
#840=PLANE('',#8747);
#841=PLANE('',#8748);
#842=PLANE('',#8749);
#843=PLANE('',#8750);
#844=PLANE('',#8751);
#845=PLANE('',#8752);
#846=PLANE('',#8753);
#847=PLANE('',#8754);
#848=PLANE('',#8755);
#849=PLANE('',#8756);
#850=PLANE('',#8757);
#851=PLANE('',#8758);
#852=PLANE('',#8759);
#853=PLANE('',#8760);
#854=PLANE('',#8761);
#855=PLANE('',#8762);
#856=PLANE('',#8763);
#857=PLANE('',#8764);
#858=PLANE('',#8765);
#859=PLANE('',#8766);
#860=PLANE('',#8767);
#861=PLANE('',#8768);
#862=PLANE('',#8769);
#863=PLANE('',#8770);
#864=PLANE('',#8771);
#865=PLANE('',#8772);
#866=PLANE('',#8773);
#867=PLANE('',#8774);
#868=PLANE('',#8775);
#869=PLANE('',#8776);
#870=PLANE('',#8777);
#871=PLANE('',#8778);
#872=PLANE('',#8779);
#873=PLANE('',#8780);
#874=PLANE('',#8781);
#875=PLANE('',#8782);
#876=PLANE('',#8783);
#877=PLANE('',#8784);
#878=PLANE('',#8785);
#879=PLANE('',#8786);
#880=PLANE('',#8787);
#881=PLANE('',#8788);
#882=PLANE('',#8789);
#883=PLANE('',#8790);
#884=PLANE('',#8791);
#885=PLANE('',#8792);
#886=PLANE('',#8793);
#887=PLANE('',#8794);
#888=PLANE('',#8795);
#889=PLANE('',#8796);
#890=PLANE('',#8797);
#891=PLANE('',#8798);
#892=PLANE('',#8799);
#893=PLANE('',#8800);
#894=PLANE('',#8801);
#895=PLANE('',#8802);
#896=PLANE('',#8803);
#897=PLANE('',#8804);
#898=PLANE('',#8805);
#899=PLANE('',#8806);
#900=PLANE('',#8807);
#901=PLANE('',#8808);
#902=PLANE('',#8809);
#903=PLANE('',#8810);
#904=PLANE('',#8811);
#905=PLANE('',#8812);
#906=PLANE('',#8813);
#907=PLANE('',#8814);
#908=PLANE('',#8815);
#909=PLANE('',#8816);
#910=PLANE('',#8817);
#911=PLANE('',#8818);
#912=PLANE('',#8819);
#913=PLANE('',#8820);
#914=PLANE('',#8821);
#915=PLANE('',#8822);
#916=PLANE('',#8823);
#917=PLANE('',#8824);
#918=PLANE('',#8825);
#919=PLANE('',#8826);
#920=PLANE('',#8827);
#921=PLANE('',#8828);
#922=PLANE('',#8829);
#923=PLANE('',#8830);
#924=PLANE('',#8831);
#925=PLANE('',#8832);
#926=PLANE('',#8833);
#927=PLANE('',#8834);
#928=PLANE('',#8835);
#929=PLANE('',#8836);
#930=PLANE('',#8837);
#931=PLANE('',#8838);
#932=PLANE('',#8839);
#933=PLANE('',#8840);
#934=PLANE('',#8841);
#935=PLANE('',#8842);
#936=PLANE('',#8843);
#937=PLANE('',#8844);
#938=PLANE('',#8845);
#939=PLANE('',#8846);
#940=PLANE('',#8847);
#941=PLANE('',#8848);
#942=PLANE('',#8849);
#943=PLANE('',#8850);
#944=PLANE('',#8851);
#945=PLANE('',#8852);
#946=PLANE('',#8853);
#947=PLANE('',#8854);
#948=PLANE('',#8855);
#949=PLANE('',#8856);
#950=PLANE('',#8857);
#951=PLANE('',#8858);
#952=PLANE('',#8859);
#953=PLANE('',#8860);
#954=PLANE('',#8861);
#955=PLANE('',#8862);
#956=PLANE('',#8863);
#957=PLANE('',#8864);
#958=PLANE('',#8865);
#959=PLANE('',#8866);
#960=PLANE('',#8867);
#961=PLANE('',#8868);
#962=PLANE('',#8869);
#963=PLANE('',#8870);
#964=PLANE('',#8871);
#965=PLANE('',#8872);
#966=PLANE('',#8873);
#967=PLANE('',#8874);
#968=PLANE('',#8875);
#969=PLANE('',#8876);
#970=PLANE('',#8877);
#971=PLANE('',#8878);
#972=PLANE('',#8879);
#973=PLANE('',#8886);
#974=PLANE('',#8889);
#975=PLANE('',#8892);
#976=PLANE('',#8895);
#977=PLANE('',#8896);
#978=PLANE('',#8899);
#979=PLANE('',#8904);
#980=PLANE('',#8905);
#981=PLANE('',#8906);
#982=FACE_OUTER_BOUND('',#1453,.T.);
#983=FACE_OUTER_BOUND('',#1454,.T.);
#984=FACE_OUTER_BOUND('',#1455,.T.);
#985=FACE_OUTER_BOUND('',#1456,.T.);
#986=FACE_OUTER_BOUND('',#1457,.T.);
#987=FACE_OUTER_BOUND('',#1458,.T.);
#988=FACE_OUTER_BOUND('',#1459,.T.);
#989=FACE_OUTER_BOUND('',#1460,.T.);
#990=FACE_OUTER_BOUND('',#1461,.T.);
#991=FACE_OUTER_BOUND('',#1462,.T.);
#992=FACE_OUTER_BOUND('',#1463,.T.);
#993=FACE_OUTER_BOUND('',#1464,.T.);
#994=FACE_OUTER_BOUND('',#1465,.T.);
#995=FACE_OUTER_BOUND('',#1466,.T.);
#996=FACE_OUTER_BOUND('',#1467,.T.);
#997=FACE_OUTER_BOUND('',#1468,.T.);
#998=FACE_OUTER_BOUND('',#1469,.T.);
#999=FACE_OUTER_BOUND('',#1470,.T.);
#1000=FACE_OUTER_BOUND('',#1471,.T.);
#1001=FACE_OUTER_BOUND('',#1472,.T.);
#1002=FACE_OUTER_BOUND('',#1473,.T.);
#1003=FACE_OUTER_BOUND('',#1474,.T.);
#1004=FACE_OUTER_BOUND('',#1475,.T.);
#1005=FACE_OUTER_BOUND('',#1476,.T.);
#1006=FACE_OUTER_BOUND('',#1477,.T.);
#1007=FACE_OUTER_BOUND('',#1478,.T.);
#1008=FACE_OUTER_BOUND('',#1479,.T.);
#1009=FACE_OUTER_BOUND('',#1480,.T.);
#1010=FACE_OUTER_BOUND('',#1481,.T.);
#1011=FACE_OUTER_BOUND('',#1482,.T.);
#1012=FACE_OUTER_BOUND('',#1483,.T.);
#1013=FACE_OUTER_BOUND('',#1484,.T.);
#1014=FACE_OUTER_BOUND('',#1485,.T.);
#1015=FACE_OUTER_BOUND('',#1486,.T.);
#1016=FACE_OUTER_BOUND('',#1487,.T.);
#1017=FACE_OUTER_BOUND('',#1488,.T.);
#1018=FACE_OUTER_BOUND('',#1489,.T.);
#1019=FACE_OUTER_BOUND('',#1490,.T.);
#1020=FACE_OUTER_BOUND('',#1491,.T.);
#1021=FACE_OUTER_BOUND('',#1492,.T.);
#1022=FACE_OUTER_BOUND('',#1493,.T.);
#1023=FACE_OUTER_BOUND('',#1494,.T.);
#1024=FACE_OUTER_BOUND('',#1495,.T.);
#1025=FACE_OUTER_BOUND('',#1496,.T.);
#1026=FACE_OUTER_BOUND('',#1497,.T.);
#1027=FACE_OUTER_BOUND('',#1498,.T.);
#1028=FACE_OUTER_BOUND('',#1499,.T.);
#1029=FACE_OUTER_BOUND('',#1500,.T.);
#1030=FACE_OUTER_BOUND('',#1501,.T.);
#1031=FACE_OUTER_BOUND('',#1502,.T.);
#1032=FACE_OUTER_BOUND('',#1503,.T.);
#1033=FACE_OUTER_BOUND('',#1504,.T.);
#1034=FACE_OUTER_BOUND('',#1506,.T.);
#1035=FACE_OUTER_BOUND('',#1512,.T.);
#1036=FACE_OUTER_BOUND('',#1513,.T.);
#1037=FACE_OUTER_BOUND('',#1514,.T.);
#1038=FACE_OUTER_BOUND('',#1515,.T.);
#1039=FACE_OUTER_BOUND('',#1516,.T.);
#1040=FACE_OUTER_BOUND('',#1517,.T.);
#1041=FACE_OUTER_BOUND('',#1518,.T.);
#1042=FACE_OUTER_BOUND('',#1519,.T.);
#1043=FACE_OUTER_BOUND('',#1520,.T.);
#1044=FACE_OUTER_BOUND('',#1521,.T.);
#1045=FACE_OUTER_BOUND('',#1522,.T.);
#1046=FACE_OUTER_BOUND('',#1523,.T.);
#1047=FACE_OUTER_BOUND('',#1524,.T.);
#1048=FACE_OUTER_BOUND('',#1525,.T.);
#1049=FACE_OUTER_BOUND('',#1526,.T.);
#1050=FACE_OUTER_BOUND('',#1527,.T.);
#1051=FACE_OUTER_BOUND('',#1528,.T.);
#1052=FACE_OUTER_BOUND('',#1529,.T.);
#1053=FACE_OUTER_BOUND('',#1530,.T.);
#1054=FACE_OUTER_BOUND('',#1531,.T.);
#1055=FACE_OUTER_BOUND('',#1532,.T.);
#1056=FACE_OUTER_BOUND('',#1533,.T.);
#1057=FACE_OUTER_BOUND('',#1534,.T.);
#1058=FACE_OUTER_BOUND('',#1535,.T.);
#1059=FACE_OUTER_BOUND('',#1536,.T.);
#1060=FACE_OUTER_BOUND('',#1537,.T.);
#1061=FACE_OUTER_BOUND('',#1538,.T.);
#1062=FACE_OUTER_BOUND('',#1539,.T.);
#1063=FACE_OUTER_BOUND('',#1540,.T.);
#1064=FACE_OUTER_BOUND('',#1541,.T.);
#1065=FACE_OUTER_BOUND('',#1542,.T.);
#1066=FACE_OUTER_BOUND('',#1543,.T.);
#1067=FACE_OUTER_BOUND('',#1544,.T.);
#1068=FACE_OUTER_BOUND('',#1545,.T.);
#1069=FACE_OUTER_BOUND('',#1546,.T.);
#1070=FACE_OUTER_BOUND('',#1547,.T.);
#1071=FACE_OUTER_BOUND('',#1548,.T.);
#1072=FACE_OUTER_BOUND('',#1549,.T.);
#1073=FACE_OUTER_BOUND('',#1550,.T.);
#1074=FACE_OUTER_BOUND('',#1551,.T.);
#1075=FACE_OUTER_BOUND('',#1552,.T.);
#1076=FACE_OUTER_BOUND('',#1553,.T.);
#1077=FACE_OUTER_BOUND('',#1554,.T.);
#1078=FACE_OUTER_BOUND('',#1555,.T.);
#1079=FACE_OUTER_BOUND('',#1556,.T.);
#1080=FACE_OUTER_BOUND('',#1557,.T.);
#1081=FACE_OUTER_BOUND('',#1558,.T.);
#1082=FACE_OUTER_BOUND('',#1559,.T.);
#1083=FACE_OUTER_BOUND('',#1560,.T.);
#1084=FACE_OUTER_BOUND('',#1561,.T.);
#1085=FACE_OUTER_BOUND('',#1562,.T.);
#1086=FACE_OUTER_BOUND('',#1563,.T.);
#1087=FACE_OUTER_BOUND('',#1564,.T.);
#1088=FACE_OUTER_BOUND('',#1565,.T.);
#1089=FACE_OUTER_BOUND('',#1566,.T.);
#1090=FACE_OUTER_BOUND('',#1567,.T.);
#1091=FACE_OUTER_BOUND('',#1568,.T.);
#1092=FACE_OUTER_BOUND('',#1569,.T.);
#1093=FACE_OUTER_BOUND('',#1570,.T.);
#1094=FACE_OUTER_BOUND('',#1571,.T.);
#1095=FACE_OUTER_BOUND('',#1572,.T.);
#1096=FACE_OUTER_BOUND('',#1573,.T.);
#1097=FACE_OUTER_BOUND('',#1574,.T.);
#1098=FACE_OUTER_BOUND('',#1575,.T.);
#1099=FACE_OUTER_BOUND('',#1576,.T.);
#1100=FACE_OUTER_BOUND('',#1577,.T.);
#1101=FACE_OUTER_BOUND('',#1578,.T.);
#1102=FACE_OUTER_BOUND('',#1579,.T.);
#1103=FACE_OUTER_BOUND('',#1580,.T.);
#1104=FACE_OUTER_BOUND('',#1581,.T.);
#1105=FACE_OUTER_BOUND('',#1582,.T.);
#1106=FACE_OUTER_BOUND('',#1583,.T.);
#1107=FACE_OUTER_BOUND('',#1584,.T.);
#1108=FACE_OUTER_BOUND('',#1585,.T.);
#1109=FACE_OUTER_BOUND('',#1586,.T.);
#1110=FACE_OUTER_BOUND('',#1587,.T.);
#1111=FACE_OUTER_BOUND('',#1588,.T.);
#1112=FACE_OUTER_BOUND('',#1589,.T.);
#1113=FACE_OUTER_BOUND('',#1590,.T.);
#1114=FACE_OUTER_BOUND('',#1591,.T.);
#1115=FACE_OUTER_BOUND('',#1592,.T.);
#1116=FACE_OUTER_BOUND('',#1593,.T.);
#1117=FACE_OUTER_BOUND('',#1594,.T.);
#1118=FACE_OUTER_BOUND('',#1595,.T.);
#1119=FACE_OUTER_BOUND('',#1596,.T.);
#1120=FACE_OUTER_BOUND('',#1597,.T.);
#1121=FACE_OUTER_BOUND('',#1598,.T.);
#1122=FACE_OUTER_BOUND('',#1599,.T.);
#1123=FACE_OUTER_BOUND('',#1600,.T.);
#1124=FACE_OUTER_BOUND('',#1601,.T.);
#1125=FACE_OUTER_BOUND('',#1602,.T.);
#1126=FACE_OUTER_BOUND('',#1603,.T.);
#1127=FACE_OUTER_BOUND('',#1604,.T.);
#1128=FACE_OUTER_BOUND('',#1605,.T.);
#1129=FACE_OUTER_BOUND('',#1606,.T.);
#1130=FACE_OUTER_BOUND('',#1607,.T.);
#1131=FACE_OUTER_BOUND('',#1608,.T.);
#1132=FACE_OUTER_BOUND('',#1609,.T.);
#1133=FACE_OUTER_BOUND('',#1610,.T.);
#1134=FACE_OUTER_BOUND('',#1611,.T.);
#1135=FACE_OUTER_BOUND('',#1612,.T.);
#1136=FACE_OUTER_BOUND('',#1613,.T.);
#1137=FACE_OUTER_BOUND('',#1614,.T.);
#1138=FACE_OUTER_BOUND('',#1615,.T.);
#1139=FACE_OUTER_BOUND('',#1616,.T.);
#1140=FACE_OUTER_BOUND('',#1617,.T.);
#1141=FACE_OUTER_BOUND('',#1618,.T.);
#1142=FACE_OUTER_BOUND('',#1619,.T.);
#1143=FACE_OUTER_BOUND('',#1620,.T.);
#1144=FACE_OUTER_BOUND('',#1621,.T.);
#1145=FACE_OUTER_BOUND('',#1622,.T.);
#1146=FACE_OUTER_BOUND('',#1623,.T.);
#1147=FACE_OUTER_BOUND('',#1624,.T.);
#1148=FACE_OUTER_BOUND('',#1625,.T.);
#1149=FACE_OUTER_BOUND('',#1626,.T.);
#1150=FACE_OUTER_BOUND('',#1627,.T.);
#1151=FACE_OUTER_BOUND('',#1628,.T.);
#1152=FACE_OUTER_BOUND('',#1629,.T.);
#1153=FACE_OUTER_BOUND('',#1630,.T.);
#1154=FACE_OUTER_BOUND('',#1631,.T.);
#1155=FACE_OUTER_BOUND('',#1632,.T.);
#1156=FACE_OUTER_BOUND('',#1633,.T.);
#1157=FACE_OUTER_BOUND('',#1634,.T.);
#1158=FACE_OUTER_BOUND('',#1635,.T.);
#1159=FACE_OUTER_BOUND('',#1636,.T.);
#1160=FACE_OUTER_BOUND('',#1637,.T.);
#1161=FACE_OUTER_BOUND('',#1638,.T.);
#1162=FACE_OUTER_BOUND('',#1639,.T.);
#1163=FACE_OUTER_BOUND('',#1640,.T.);
#1164=FACE_OUTER_BOUND('',#1641,.T.);
#1165=FACE_OUTER_BOUND('',#1642,.T.);
#1166=FACE_OUTER_BOUND('',#1643,.T.);
#1167=FACE_OUTER_BOUND('',#1644,.T.);
#1168=FACE_OUTER_BOUND('',#1645,.T.);
#1169=FACE_OUTER_BOUND('',#1646,.T.);
#1170=FACE_OUTER_BOUND('',#1647,.T.);
#1171=FACE_OUTER_BOUND('',#1648,.T.);
#1172=FACE_OUTER_BOUND('',#1649,.T.);
#1173=FACE_OUTER_BOUND('',#1650,.T.);
#1174=FACE_OUTER_BOUND('',#1651,.T.);
#1175=FACE_OUTER_BOUND('',#1652,.T.);
#1176=FACE_OUTER_BOUND('',#1653,.T.);
#1177=FACE_OUTER_BOUND('',#1654,.T.);
#1178=FACE_OUTER_BOUND('',#1655,.T.);
#1179=FACE_OUTER_BOUND('',#1656,.T.);
#1180=FACE_OUTER_BOUND('',#1657,.T.);
#1181=FACE_OUTER_BOUND('',#1658,.T.);
#1182=FACE_OUTER_BOUND('',#1659,.T.);
#1183=FACE_OUTER_BOUND('',#1660,.T.);
#1184=FACE_OUTER_BOUND('',#1661,.T.);
#1185=FACE_OUTER_BOUND('',#1662,.T.);
#1186=FACE_OUTER_BOUND('',#1663,.T.);
#1187=FACE_OUTER_BOUND('',#1664,.T.);
#1188=FACE_OUTER_BOUND('',#1665,.T.);
#1189=FACE_OUTER_BOUND('',#1666,.T.);
#1190=FACE_OUTER_BOUND('',#1667,.T.);
#1191=FACE_OUTER_BOUND('',#1668,.T.);
#1192=FACE_OUTER_BOUND('',#1669,.T.);
#1193=FACE_OUTER_BOUND('',#1670,.T.);
#1194=FACE_OUTER_BOUND('',#1671,.T.);
#1195=FACE_OUTER_BOUND('',#1672,.T.);
#1196=FACE_OUTER_BOUND('',#1673,.T.);
#1197=FACE_OUTER_BOUND('',#1674,.T.);
#1198=FACE_OUTER_BOUND('',#1675,.T.);
#1199=FACE_OUTER_BOUND('',#1676,.T.);
#1200=FACE_OUTER_BOUND('',#1677,.T.);
#1201=FACE_OUTER_BOUND('',#1678,.T.);
#1202=FACE_OUTER_BOUND('',#1679,.T.);
#1203=FACE_OUTER_BOUND('',#1680,.T.);
#1204=FACE_OUTER_BOUND('',#1681,.T.);
#1205=FACE_OUTER_BOUND('',#1682,.T.);
#1206=FACE_OUTER_BOUND('',#1683,.T.);
#1207=FACE_OUTER_BOUND('',#1684,.T.);
#1208=FACE_OUTER_BOUND('',#1685,.T.);
#1209=FACE_OUTER_BOUND('',#1686,.T.);
#1210=FACE_OUTER_BOUND('',#1687,.T.);
#1211=FACE_OUTER_BOUND('',#1688,.T.);
#1212=FACE_OUTER_BOUND('',#1689,.T.);
#1213=FACE_OUTER_BOUND('',#1690,.T.);
#1214=FACE_OUTER_BOUND('',#1691,.T.);
#1215=FACE_OUTER_BOUND('',#1692,.T.);
#1216=FACE_OUTER_BOUND('',#1693,.T.);
#1217=FACE_OUTER_BOUND('',#1694,.T.);
#1218=FACE_OUTER_BOUND('',#1695,.T.);
#1219=FACE_OUTER_BOUND('',#1696,.T.);
#1220=FACE_OUTER_BOUND('',#1697,.T.);
#1221=FACE_OUTER_BOUND('',#1698,.T.);
#1222=FACE_OUTER_BOUND('',#1699,.T.);
#1223=FACE_OUTER_BOUND('',#1700,.T.);
#1224=FACE_OUTER_BOUND('',#1701,.T.);
#1225=FACE_OUTER_BOUND('',#1702,.T.);
#1226=FACE_OUTER_BOUND('',#1703,.T.);
#1227=FACE_OUTER_BOUND('',#1704,.T.);
#1228=FACE_OUTER_BOUND('',#1705,.T.);
#1229=FACE_OUTER_BOUND('',#1706,.T.);
#1230=FACE_OUTER_BOUND('',#1708,.T.);
#1231=FACE_OUTER_BOUND('',#1709,.T.);
#1232=FACE_OUTER_BOUND('',#1710,.T.);
#1233=FACE_OUTER_BOUND('',#1711,.T.);
#1234=FACE_OUTER_BOUND('',#1712,.T.);
#1235=FACE_OUTER_BOUND('',#1713,.T.);
#1236=FACE_OUTER_BOUND('',#1714,.T.);
#1237=FACE_OUTER_BOUND('',#1715,.T.);
#1238=FACE_OUTER_BOUND('',#1716,.T.);
#1239=FACE_OUTER_BOUND('',#1717,.T.);
#1240=FACE_OUTER_BOUND('',#1718,.T.);
#1241=FACE_OUTER_BOUND('',#1719,.T.);
#1242=FACE_OUTER_BOUND('',#1720,.T.);
#1243=FACE_OUTER_BOUND('',#1721,.T.);
#1244=FACE_OUTER_BOUND('',#1722,.T.);
#1245=FACE_OUTER_BOUND('',#1723,.T.);
#1246=FACE_OUTER_BOUND('',#1724,.T.);
#1247=FACE_OUTER_BOUND('',#1725,.T.);
#1248=FACE_OUTER_BOUND('',#1726,.T.);
#1249=FACE_OUTER_BOUND('',#1727,.T.);
#1250=FACE_OUTER_BOUND('',#1728,.T.);
#1251=FACE_OUTER_BOUND('',#1729,.T.);
#1252=FACE_OUTER_BOUND('',#1730,.T.);
#1253=FACE_OUTER_BOUND('',#1731,.T.);
#1254=FACE_OUTER_BOUND('',#1732,.T.);
#1255=FACE_OUTER_BOUND('',#1733,.T.);
#1256=FACE_OUTER_BOUND('',#1734,.T.);
#1257=FACE_OUTER_BOUND('',#1735,.T.);
#1258=FACE_OUTER_BOUND('',#1736,.T.);
#1259=FACE_OUTER_BOUND('',#1737,.T.);
#1260=FACE_OUTER_BOUND('',#1738,.T.);
#1261=FACE_OUTER_BOUND('',#1739,.T.);
#1262=FACE_OUTER_BOUND('',#1740,.T.);
#1263=FACE_OUTER_BOUND('',#1741,.T.);
#1264=FACE_OUTER_BOUND('',#1742,.T.);
#1265=FACE_OUTER_BOUND('',#1743,.T.);
#1266=FACE_OUTER_BOUND('',#1744,.T.);
#1267=FACE_OUTER_BOUND('',#1745,.T.);
#1268=FACE_OUTER_BOUND('',#1746,.T.);
#1269=FACE_OUTER_BOUND('',#1747,.T.);
#1270=FACE_OUTER_BOUND('',#1748,.T.);
#1271=FACE_OUTER_BOUND('',#1749,.T.);
#1272=FACE_OUTER_BOUND('',#1750,.T.);
#1273=FACE_OUTER_BOUND('',#1751,.T.);
#1274=FACE_OUTER_BOUND('',#1752,.T.);
#1275=FACE_OUTER_BOUND('',#1753,.T.);
#1276=FACE_OUTER_BOUND('',#1754,.T.);
#1277=FACE_OUTER_BOUND('',#1755,.T.);
#1278=FACE_OUTER_BOUND('',#1756,.T.);
#1279=FACE_OUTER_BOUND('',#1757,.T.);
#1280=FACE_OUTER_BOUND('',#1758,.T.);
#1281=FACE_OUTER_BOUND('',#1759,.T.);
#1282=FACE_OUTER_BOUND('',#1760,.T.);
#1283=FACE_OUTER_BOUND('',#1761,.T.);
#1284=FACE_OUTER_BOUND('',#1762,.T.);
#1285=FACE_OUTER_BOUND('',#1763,.T.);
#1286=FACE_OUTER_BOUND('',#1764,.T.);
#1287=FACE_OUTER_BOUND('',#1765,.T.);
#1288=FACE_OUTER_BOUND('',#1766,.T.);
#1289=FACE_OUTER_BOUND('',#1768,.T.);
#1290=FACE_OUTER_BOUND('',#1769,.T.);
#1291=FACE_OUTER_BOUND('',#1770,.T.);
#1292=FACE_OUTER_BOUND('',#1771,.T.);
#1293=FACE_OUTER_BOUND('',#1772,.T.);
#1294=FACE_OUTER_BOUND('',#1773,.T.);
#1295=FACE_OUTER_BOUND('',#1774,.T.);
#1296=FACE_OUTER_BOUND('',#1775,.T.);
#1297=FACE_OUTER_BOUND('',#1776,.T.);
#1298=FACE_OUTER_BOUND('',#1777,.T.);
#1299=FACE_OUTER_BOUND('',#1778,.T.);
#1300=FACE_OUTER_BOUND('',#1779,.T.);
#1301=FACE_OUTER_BOUND('',#1780,.T.);
#1302=FACE_OUTER_BOUND('',#1781,.T.);
#1303=FACE_OUTER_BOUND('',#1782,.T.);
#1304=FACE_OUTER_BOUND('',#1783,.T.);
#1305=FACE_OUTER_BOUND('',#1784,.T.);
#1306=FACE_OUTER_BOUND('',#1785,.T.);
#1307=FACE_OUTER_BOUND('',#1786,.T.);
#1308=FACE_OUTER_BOUND('',#1787,.T.);
#1309=FACE_OUTER_BOUND('',#1788,.T.);
#1310=FACE_OUTER_BOUND('',#1789,.T.);
#1311=FACE_OUTER_BOUND('',#1790,.T.);
#1312=FACE_OUTER_BOUND('',#1791,.T.);
#1313=FACE_OUTER_BOUND('',#1792,.T.);
#1314=FACE_OUTER_BOUND('',#1793,.T.);
#1315=FACE_OUTER_BOUND('',#1794,.T.);
#1316=FACE_OUTER_BOUND('',#1795,.T.);
#1317=FACE_OUTER_BOUND('',#1796,.T.);
#1318=FACE_OUTER_BOUND('',#1797,.T.);
#1319=FACE_OUTER_BOUND('',#1798,.T.);
#1320=FACE_OUTER_BOUND('',#1799,.T.);
#1321=FACE_OUTER_BOUND('',#1800,.T.);
#1322=FACE_OUTER_BOUND('',#1801,.T.);
#1323=FACE_OUTER_BOUND('',#1802,.T.);
#1324=FACE_OUTER_BOUND('',#1803,.T.);
#1325=FACE_OUTER_BOUND('',#1804,.T.);
#1326=FACE_OUTER_BOUND('',#1805,.T.);
#1327=FACE_OUTER_BOUND('',#1806,.T.);
#1328=FACE_OUTER_BOUND('',#1807,.T.);
#1329=FACE_OUTER_BOUND('',#1808,.T.);
#1330=FACE_OUTER_BOUND('',#1809,.T.);
#1331=FACE_OUTER_BOUND('',#1810,.T.);
#1332=FACE_OUTER_BOUND('',#1811,.T.);
#1333=FACE_OUTER_BOUND('',#1812,.T.);
#1334=FACE_OUTER_BOUND('',#1813,.T.);
#1335=FACE_OUTER_BOUND('',#1815,.T.);
#1336=FACE_OUTER_BOUND('',#1816,.T.);
#1337=FACE_OUTER_BOUND('',#1817,.T.);
#1338=FACE_OUTER_BOUND('',#1818,.T.);
#1339=FACE_OUTER_BOUND('',#1819,.T.);
#1340=FACE_OUTER_BOUND('',#1820,.T.);
#1341=FACE_OUTER_BOUND('',#1821,.T.);
#1342=FACE_OUTER_BOUND('',#1822,.T.);
#1343=FACE_OUTER_BOUND('',#1823,.T.);
#1344=FACE_OUTER_BOUND('',#1824,.T.);
#1345=FACE_OUTER_BOUND('',#1825,.T.);
#1346=FACE_OUTER_BOUND('',#1826,.T.);
#1347=FACE_OUTER_BOUND('',#1827,.T.);
#1348=FACE_OUTER_BOUND('',#1828,.T.);
#1349=FACE_OUTER_BOUND('',#1829,.T.);
#1350=FACE_OUTER_BOUND('',#1830,.T.);
#1351=FACE_OUTER_BOUND('',#1831,.T.);
#1352=FACE_OUTER_BOUND('',#1832,.T.);
#1353=FACE_OUTER_BOUND('',#1833,.T.);
#1354=FACE_OUTER_BOUND('',#1834,.T.);
#1355=FACE_OUTER_BOUND('',#1835,.T.);
#1356=FACE_OUTER_BOUND('',#1836,.T.);
#1357=FACE_OUTER_BOUND('',#1837,.T.);
#1358=FACE_OUTER_BOUND('',#1838,.T.);
#1359=FACE_OUTER_BOUND('',#1839,.T.);
#1360=FACE_OUTER_BOUND('',#1840,.T.);
#1361=FACE_OUTER_BOUND('',#1841,.T.);
#1362=FACE_OUTER_BOUND('',#1842,.T.);
#1363=FACE_OUTER_BOUND('',#1843,.T.);
#1364=FACE_OUTER_BOUND('',#1844,.T.);
#1365=FACE_OUTER_BOUND('',#1845,.T.);
#1366=FACE_OUTER_BOUND('',#1846,.T.);
#1367=FACE_OUTER_BOUND('',#1847,.T.);
#1368=FACE_OUTER_BOUND('',#1848,.T.);
#1369=FACE_OUTER_BOUND('',#1849,.T.);
#1370=FACE_OUTER_BOUND('',#1850,.T.);
#1371=FACE_OUTER_BOUND('',#1851,.T.);
#1372=FACE_OUTER_BOUND('',#1852,.T.);
#1373=FACE_OUTER_BOUND('',#1853,.T.);
#1374=FACE_OUTER_BOUND('',#1854,.T.);
#1375=FACE_OUTER_BOUND('',#1855,.T.);
#1376=FACE_OUTER_BOUND('',#1856,.T.);
#1377=FACE_OUTER_BOUND('',#1857,.T.);
#1378=FACE_OUTER_BOUND('',#1858,.T.);
#1379=FACE_OUTER_BOUND('',#1859,.T.);
#1380=FACE_OUTER_BOUND('',#1860,.T.);
#1381=FACE_OUTER_BOUND('',#1861,.T.);
#1382=FACE_OUTER_BOUND('',#1862,.T.);
#1383=FACE_OUTER_BOUND('',#1863,.T.);
#1384=FACE_OUTER_BOUND('',#1864,.T.);
#1385=FACE_OUTER_BOUND('',#1865,.T.);
#1386=FACE_OUTER_BOUND('',#1866,.T.);
#1387=FACE_OUTER_BOUND('',#1867,.T.);
#1388=FACE_OUTER_BOUND('',#1868,.T.);
#1389=FACE_OUTER_BOUND('',#1869,.T.);
#1390=FACE_OUTER_BOUND('',#1870,.T.);
#1391=FACE_OUTER_BOUND('',#1871,.T.);
#1392=FACE_OUTER_BOUND('',#1872,.T.);
#1393=FACE_OUTER_BOUND('',#1873,.T.);
#1394=FACE_OUTER_BOUND('',#1874,.T.);
#1395=FACE_OUTER_BOUND('',#1875,.T.);
#1396=FACE_OUTER_BOUND('',#1876,.T.);
#1397=FACE_OUTER_BOUND('',#1877,.T.);
#1398=FACE_OUTER_BOUND('',#1878,.T.);
#1399=FACE_OUTER_BOUND('',#1879,.T.);
#1400=FACE_OUTER_BOUND('',#1880,.T.);
#1401=FACE_OUTER_BOUND('',#1881,.T.);
#1402=FACE_OUTER_BOUND('',#1882,.T.);
#1403=FACE_OUTER_BOUND('',#1883,.T.);
#1404=FACE_OUTER_BOUND('',#1884,.T.);
#1405=FACE_OUTER_BOUND('',#1885,.T.);
#1406=FACE_OUTER_BOUND('',#1886,.T.);
#1407=FACE_OUTER_BOUND('',#1887,.T.);
#1408=FACE_OUTER_BOUND('',#1888,.T.);
#1409=FACE_OUTER_BOUND('',#1889,.T.);
#1410=FACE_OUTER_BOUND('',#1890,.T.);
#1411=FACE_OUTER_BOUND('',#1891,.T.);
#1412=FACE_OUTER_BOUND('',#1892,.T.);
#1413=FACE_OUTER_BOUND('',#1893,.T.);
#1414=FACE_OUTER_BOUND('',#1894,.T.);
#1415=FACE_OUTER_BOUND('',#1895,.T.);
#1416=FACE_OUTER_BOUND('',#1896,.T.);
#1417=FACE_OUTER_BOUND('',#1897,.T.);
#1418=FACE_OUTER_BOUND('',#1898,.T.);
#1419=FACE_OUTER_BOUND('',#1899,.T.);
#1420=FACE_OUTER_BOUND('',#1900,.T.);
#1421=FACE_OUTER_BOUND('',#1901,.T.);
#1422=FACE_OUTER_BOUND('',#1902,.T.);
#1423=FACE_OUTER_BOUND('',#1903,.T.);
#1424=FACE_OUTER_BOUND('',#1904,.T.);
#1425=FACE_OUTER_BOUND('',#1905,.T.);
#1426=FACE_OUTER_BOUND('',#1906,.T.);
#1427=FACE_OUTER_BOUND('',#1907,.T.);
#1428=FACE_OUTER_BOUND('',#1908,.T.);
#1429=FACE_OUTER_BOUND('',#1909,.T.);
#1430=FACE_OUTER_BOUND('',#1910,.T.);
#1431=FACE_OUTER_BOUND('',#1911,.T.);
#1432=FACE_OUTER_BOUND('',#1912,.T.);
#1433=FACE_OUTER_BOUND('',#1913,.T.);
#1434=FACE_OUTER_BOUND('',#1914,.T.);
#1435=FACE_OUTER_BOUND('',#1915,.T.);
#1436=FACE_OUTER_BOUND('',#1916,.T.);
#1437=FACE_OUTER_BOUND('',#1917,.T.);
#1438=FACE_OUTER_BOUND('',#1919,.T.);
#1439=FACE_OUTER_BOUND('',#1920,.T.);
#1440=FACE_OUTER_BOUND('',#1921,.T.);
#1441=FACE_OUTER_BOUND('',#1922,.T.);
#1442=FACE_OUTER_BOUND('',#1923,.T.);
#1443=FACE_OUTER_BOUND('',#1924,.T.);
#1444=FACE_OUTER_BOUND('',#1925,.T.);
#1445=FACE_OUTER_BOUND('',#1926,.T.);
#1446=FACE_OUTER_BOUND('',#1927,.T.);
#1447=FACE_OUTER_BOUND('',#1928,.T.);
#1448=FACE_OUTER_BOUND('',#1929,.T.);
#1449=FACE_OUTER_BOUND('',#1930,.T.);
#1450=FACE_OUTER_BOUND('',#1931,.T.);
#1451=FACE_OUTER_BOUND('',#1932,.T.);
#1452=FACE_OUTER_BOUND('',#1933,.T.);
#1453=EDGE_LOOP('',(#5553,#5554,#5555,#5556));
#1454=EDGE_LOOP('',(#5557));
#1455=EDGE_LOOP('',(#5558,#5559,#5560,#5561));
#1456=EDGE_LOOP('',(#5562));
#1457=EDGE_LOOP('',(#5563,#5564,#5565,#5566));
#1458=EDGE_LOOP('',(#5567));
#1459=EDGE_LOOP('',(#5568,#5569,#5570,#5571));
#1460=EDGE_LOOP('',(#5572));
#1461=EDGE_LOOP('',(#5573,#5574,#5575,#5576));
#1462=EDGE_LOOP('',(#5577,#5578,#5579,#5580));
#1463=EDGE_LOOP('',(#5581,#5582,#5583,#5584));
#1464=EDGE_LOOP('',(#5585,#5586,#5587,#5588));
#1465=EDGE_LOOP('',(#5589,#5590,#5591,#5592));
#1466=EDGE_LOOP('',(#5593,#5594,#5595,#5596));
#1467=EDGE_LOOP('',(#5597,#5598,#5599,#5600));
#1468=EDGE_LOOP('',(#5601,#5602,#5603,#5604));
#1469=EDGE_LOOP('',(#5605,#5606,#5607,#5608));
#1470=EDGE_LOOP('',(#5609,#5610,#5611,#5612));
#1471=EDGE_LOOP('',(#5613,#5614,#5615,#5616));
#1472=EDGE_LOOP('',(#5617,#5618,#5619,#5620));
#1473=EDGE_LOOP('',(#5621,#5622,#5623,#5624));
#1474=EDGE_LOOP('',(#5625,#5626,#5627,#5628));
#1475=EDGE_LOOP('',(#5629,#5630,#5631,#5632));
#1476=EDGE_LOOP('',(#5633,#5634,#5635,#5636));
#1477=EDGE_LOOP('',(#5637,#5638,#5639,#5640));
#1478=EDGE_LOOP('',(#5641,#5642,#5643,#5644));
#1479=EDGE_LOOP('',(#5645,#5646,#5647,#5648));
#1480=EDGE_LOOP('',(#5649,#5650,#5651,#5652));
#1481=EDGE_LOOP('',(#5653,#5654,#5655,#5656));
#1482=EDGE_LOOP('',(#5657,#5658,#5659,#5660));
#1483=EDGE_LOOP('',(#5661,#5662,#5663,#5664));
#1484=EDGE_LOOP('',(#5665,#5666,#5667,#5668));
#1485=EDGE_LOOP('',(#5669,#5670,#5671,#5672));
#1486=EDGE_LOOP('',(#5673,#5674,#5675,#5676));
#1487=EDGE_LOOP('',(#5677,#5678,#5679,#5680));
#1488=EDGE_LOOP('',(#5681,#5682,#5683,#5684));
#1489=EDGE_LOOP('',(#5685,#5686,#5687,#5688));
#1490=EDGE_LOOP('',(#5689,#5690,#5691,#5692));
#1491=EDGE_LOOP('',(#5693,#5694,#5695,#5696));
#1492=EDGE_LOOP('',(#5697,#5698,#5699,#5700));
#1493=EDGE_LOOP('',(#5701,#5702,#5703,#5704));
#1494=EDGE_LOOP('',(#5705,#5706,#5707,#5708));
#1495=EDGE_LOOP('',(#5709,#5710,#5711,#5712));
#1496=EDGE_LOOP('',(#5713,#5714,#5715,#5716));
#1497=EDGE_LOOP('',(#5717,#5718,#5719,#5720));
#1498=EDGE_LOOP('',(#5721,#5722,#5723,#5724));
#1499=EDGE_LOOP('',(#5725,#5726,#5727,#5728));
#1500=EDGE_LOOP('',(#5729,#5730,#5731,#5732));
#1501=EDGE_LOOP('',(#5733,#5734,#5735,#5736));
#1502=EDGE_LOOP('',(#5737,#5738,#5739,#5740));
#1503=EDGE_LOOP('',(#5741,#5742,#5743,#5744));
#1504=EDGE_LOOP('',(#5745,#5746,#5747,#5748,#5749,#5750,#5751,#5752,#5753,
#5754,#5755,#5756,#5757,#5758,#5759,#5760,#5761,#5762));
#1505=EDGE_LOOP('',(#5763,#5764,#5765,#5766,#5767,#5768,#5769,#5770,#5771,
#5772,#5773,#5774,#5775,#5776,#5777,#5778,#5779,#5780,#5781,#5782,#5783,
#5784,#5785,#5786,#5787));
#1506=EDGE_LOOP('',(#5788,#5789,#5790,#5791,#5792,#5793,#5794,#5795,#5796,
#5797,#5798,#5799,#5800,#5801,#5802,#5803,#5804,#5805));
#1507=EDGE_LOOP('',(#5806));
#1508=EDGE_LOOP('',(#5807));
#1509=EDGE_LOOP('',(#5808));
#1510=EDGE_LOOP('',(#5809));
#1511=EDGE_LOOP('',(#5810,#5811,#5812,#5813,#5814,#5815,#5816,#5817,#5818,
#5819,#5820,#5821,#5822,#5823,#5824,#5825,#5826,#5827,#5828,#5829,#5830,
#5831,#5832,#5833,#5834));
#1512=EDGE_LOOP('',(#5835,#5836,#5837,#5838));
#1513=EDGE_LOOP('',(#5839,#5840,#5841,#5842));
#1514=EDGE_LOOP('',(#5843,#5844,#5845,#5846));
#1515=EDGE_LOOP('',(#5847,#5848,#5849,#5850));
#1516=EDGE_LOOP('',(#5851,#5852,#5853,#5854));
#1517=EDGE_LOOP('',(#5855,#5856,#5857,#5858));
#1518=EDGE_LOOP('',(#5859,#5860,#5861,#5862));
#1519=EDGE_LOOP('',(#5863,#5864,#5865,#5866));
#1520=EDGE_LOOP('',(#5867,#5868,#5869,#5870));
#1521=EDGE_LOOP('',(#5871,#5872,#5873,#5874));
#1522=EDGE_LOOP('',(#5875,#5876,#5877,#5878));
#1523=EDGE_LOOP('',(#5879,#5880,#5881,#5882));
#1524=EDGE_LOOP('',(#5883,#5884,#5885,#5886));
#1525=EDGE_LOOP('',(#5887,#5888,#5889,#5890,#5891,#5892,#5893,#5894,#5895,
#5896,#5897,#5898,#5899));
#1526=EDGE_LOOP('',(#5900,#5901,#5902,#5903));
#1527=EDGE_LOOP('',(#5904,#5905,#5906,#5907));
#1528=EDGE_LOOP('',(#5908,#5909,#5910,#5911));
#1529=EDGE_LOOP('',(#5912,#5913,#5914,#5915));
#1530=EDGE_LOOP('',(#5916,#5917,#5918,#5919));
#1531=EDGE_LOOP('',(#5920,#5921,#5922,#5923));
#1532=EDGE_LOOP('',(#5924,#5925,#5926,#5927));
#1533=EDGE_LOOP('',(#5928,#5929,#5930,#5931));
#1534=EDGE_LOOP('',(#5932,#5933,#5934,#5935));
#1535=EDGE_LOOP('',(#5936,#5937,#5938,#5939));
#1536=EDGE_LOOP('',(#5940,#5941,#5942,#5943));
#1537=EDGE_LOOP('',(#5944,#5945,#5946,#5947));
#1538=EDGE_LOOP('',(#5948,#5949,#5950,#5951));
#1539=EDGE_LOOP('',(#5952,#5953,#5954,#5955));
#1540=EDGE_LOOP('',(#5956,#5957,#5958,#5959));
#1541=EDGE_LOOP('',(#5960,#5961,#5962,#5963));
#1542=EDGE_LOOP('',(#5964,#5965,#5966,#5967,#5968,#5969,#5970,#5971,#5972,
#5973,#5974,#5975,#5976,#5977,#5978,#5979));
#1543=EDGE_LOOP('',(#5980,#5981,#5982,#5983));
#1544=EDGE_LOOP('',(#5984,#5985,#5986,#5987));
#1545=EDGE_LOOP('',(#5988,#5989,#5990,#5991));
#1546=EDGE_LOOP('',(#5992,#5993,#5994,#5995));
#1547=EDGE_LOOP('',(#5996,#5997,#5998,#5999));
#1548=EDGE_LOOP('',(#6000,#6001,#6002,#6003));
#1549=EDGE_LOOP('',(#6004,#6005,#6006,#6007));
#1550=EDGE_LOOP('',(#6008,#6009,#6010,#6011));
#1551=EDGE_LOOP('',(#6012,#6013,#6014,#6015,#6016,#6017,#6018,#6019));
#1552=EDGE_LOOP('',(#6020,#6021,#6022,#6023));
#1553=EDGE_LOOP('',(#6024,#6025,#6026,#6027));
#1554=EDGE_LOOP('',(#6028,#6029,#6030,#6031));
#1555=EDGE_LOOP('',(#6032,#6033,#6034,#6035));
#1556=EDGE_LOOP('',(#6036,#6037,#6038,#6039));
#1557=EDGE_LOOP('',(#6040,#6041,#6042,#6043));
#1558=EDGE_LOOP('',(#6044,#6045,#6046,#6047));
#1559=EDGE_LOOP('',(#6048,#6049,#6050,#6051));
#1560=EDGE_LOOP('',(#6052,#6053,#6054,#6055));
#1561=EDGE_LOOP('',(#6056,#6057,#6058,#6059));
#1562=EDGE_LOOP('',(#6060,#6061,#6062,#6063));
#1563=EDGE_LOOP('',(#6064,#6065,#6066,#6067));
#1564=EDGE_LOOP('',(#6068,#6069,#6070,#6071));
#1565=EDGE_LOOP('',(#6072,#6073,#6074,#6075));
#1566=EDGE_LOOP('',(#6076,#6077,#6078,#6079));
#1567=EDGE_LOOP('',(#6080,#6081,#6082,#6083));
#1568=EDGE_LOOP('',(#6084,#6085,#6086,#6087));
#1569=EDGE_LOOP('',(#6088,#6089,#6090,#6091));
#1570=EDGE_LOOP('',(#6092,#6093,#6094,#6095));
#1571=EDGE_LOOP('',(#6096,#6097,#6098,#6099));
#1572=EDGE_LOOP('',(#6100,#6101,#6102,#6103));
#1573=EDGE_LOOP('',(#6104,#6105,#6106,#6107));
#1574=EDGE_LOOP('',(#6108,#6109,#6110,#6111));
#1575=EDGE_LOOP('',(#6112,#6113,#6114,#6115));
#1576=EDGE_LOOP('',(#6116,#6117,#6118,#6119));
#1577=EDGE_LOOP('',(#6120,#6121,#6122,#6123));
#1578=EDGE_LOOP('',(#6124,#6125,#6126,#6127));
#1579=EDGE_LOOP('',(#6128,#6129,#6130,#6131));
#1580=EDGE_LOOP('',(#6132,#6133,#6134,#6135,#6136,#6137,#6138,#6139,#6140,
#6141,#6142,#6143,#6144,#6145,#6146,#6147,#6148,#6149,#6150,#6151,#6152,
#6153,#6154,#6155,#6156,#6157,#6158,#6159));
#1581=EDGE_LOOP('',(#6160,#6161,#6162,#6163));
#1582=EDGE_LOOP('',(#6164,#6165,#6166,#6167));
#1583=EDGE_LOOP('',(#6168,#6169,#6170,#6171));
#1584=EDGE_LOOP('',(#6172,#6173,#6174,#6175));
#1585=EDGE_LOOP('',(#6176,#6177,#6178,#6179));
#1586=EDGE_LOOP('',(#6180,#6181,#6182,#6183));
#1587=EDGE_LOOP('',(#6184,#6185,#6186,#6187));
#1588=EDGE_LOOP('',(#6188,#6189,#6190,#6191));
#1589=EDGE_LOOP('',(#6192,#6193,#6194,#6195));
#1590=EDGE_LOOP('',(#6196,#6197,#6198,#6199));
#1591=EDGE_LOOP('',(#6200,#6201,#6202,#6203));
#1592=EDGE_LOOP('',(#6204,#6205,#6206,#6207));
#1593=EDGE_LOOP('',(#6208,#6209,#6210,#6211));
#1594=EDGE_LOOP('',(#6212,#6213,#6214,#6215));
#1595=EDGE_LOOP('',(#6216,#6217,#6218,#6219,#6220,#6221,#6222,#6223,#6224,
#6225,#6226,#6227,#6228,#6229));
#1596=EDGE_LOOP('',(#6230,#6231,#6232,#6233));
#1597=EDGE_LOOP('',(#6234,#6235,#6236,#6237));
#1598=EDGE_LOOP('',(#6238,#6239,#6240,#6241));
#1599=EDGE_LOOP('',(#6242,#6243,#6244,#6245));
#1600=EDGE_LOOP('',(#6246,#6247,#6248,#6249));
#1601=EDGE_LOOP('',(#6250,#6251,#6252,#6253));
#1602=EDGE_LOOP('',(#6254,#6255,#6256,#6257));
#1603=EDGE_LOOP('',(#6258,#6259,#6260,#6261));
#1604=EDGE_LOOP('',(#6262,#6263,#6264,#6265));
#1605=EDGE_LOOP('',(#6266,#6267,#6268,#6269));
#1606=EDGE_LOOP('',(#6270,#6271,#6272,#6273));
#1607=EDGE_LOOP('',(#6274,#6275,#6276,#6277));
#1608=EDGE_LOOP('',(#6278,#6279,#6280,#6281));
#1609=EDGE_LOOP('',(#6282,#6283,#6284,#6285));
#1610=EDGE_LOOP('',(#6286,#6287,#6288,#6289));
#1611=EDGE_LOOP('',(#6290,#6291,#6292,#6293));
#1612=EDGE_LOOP('',(#6294,#6295,#6296,#6297));
#1613=EDGE_LOOP('',(#6298,#6299,#6300,#6301));
#1614=EDGE_LOOP('',(#6302,#6303,#6304,#6305));
#1615=EDGE_LOOP('',(#6306,#6307,#6308,#6309));
#1616=EDGE_LOOP('',(#6310,#6311,#6312,#6313));
#1617=EDGE_LOOP('',(#6314,#6315,#6316,#6317));
#1618=EDGE_LOOP('',(#6318,#6319,#6320,#6321,#6322,#6323,#6324,#6325,#6326,
#6327,#6328,#6329,#6330,#6331,#6332,#6333,#6334,#6335,#6336,#6337,#6338,
#6339));
#1619=EDGE_LOOP('',(#6340,#6341,#6342,#6343));
#1620=EDGE_LOOP('',(#6344,#6345,#6346,#6347));
#1621=EDGE_LOOP('',(#6348,#6349,#6350,#6351));
#1622=EDGE_LOOP('',(#6352,#6353,#6354,#6355));
#1623=EDGE_LOOP('',(#6356,#6357,#6358,#6359));
#1624=EDGE_LOOP('',(#6360,#6361,#6362,#6363));
#1625=EDGE_LOOP('',(#6364,#6365,#6366,#6367));
#1626=EDGE_LOOP('',(#6368,#6369,#6370,#6371));
#1627=EDGE_LOOP('',(#6372,#6373,#6374,#6375));
#1628=EDGE_LOOP('',(#6376,#6377,#6378,#6379));
#1629=EDGE_LOOP('',(#6380,#6381,#6382,#6383));
#1630=EDGE_LOOP('',(#6384,#6385,#6386,#6387));
#1631=EDGE_LOOP('',(#6388,#6389,#6390,#6391));
#1632=EDGE_LOOP('',(#6392,#6393,#6394,#6395,#6396,#6397,#6398,#6399,#6400,
#6401,#6402,#6403,#6404));
#1633=EDGE_LOOP('',(#6405,#6406,#6407,#6408));
#1634=EDGE_LOOP('',(#6409,#6410,#6411,#6412));
#1635=EDGE_LOOP('',(#6413,#6414,#6415,#6416));
#1636=EDGE_LOOP('',(#6417,#6418,#6419,#6420));
#1637=EDGE_LOOP('',(#6421,#6422,#6423,#6424));
#1638=EDGE_LOOP('',(#6425,#6426,#6427,#6428));
#1639=EDGE_LOOP('',(#6429,#6430,#6431,#6432));
#1640=EDGE_LOOP('',(#6433,#6434,#6435,#6436));
#1641=EDGE_LOOP('',(#6437,#6438,#6439,#6440));
#1642=EDGE_LOOP('',(#6441,#6442,#6443,#6444));
#1643=EDGE_LOOP('',(#6445,#6446,#6447,#6448));
#1644=EDGE_LOOP('',(#6449,#6450,#6451,#6452));
#1645=EDGE_LOOP('',(#6453,#6454,#6455,#6456));
#1646=EDGE_LOOP('',(#6457,#6458,#6459,#6460));
#1647=EDGE_LOOP('',(#6461,#6462,#6463,#6464));
#1648=EDGE_LOOP('',(#6465,#6466,#6467,#6468));
#1649=EDGE_LOOP('',(#6469,#6470,#6471,#6472));
#1650=EDGE_LOOP('',(#6473,#6474,#6475,#6476));
#1651=EDGE_LOOP('',(#6477,#6478,#6479,#6480));
#1652=EDGE_LOOP('',(#6481,#6482,#6483,#6484));
#1653=EDGE_LOOP('',(#6485,#6486,#6487,#6488));
#1654=EDGE_LOOP('',(#6489,#6490,#6491,#6492));
#1655=EDGE_LOOP('',(#6493,#6494,#6495,#6496));
#1656=EDGE_LOOP('',(#6497,#6498,#6499,#6500));
#1657=EDGE_LOOP('',(#6501,#6502,#6503,#6504));
#1658=EDGE_LOOP('',(#6505,#6506,#6507,#6508));
#1659=EDGE_LOOP('',(#6509,#6510,#6511,#6512));
#1660=EDGE_LOOP('',(#6513,#6514,#6515,#6516));
#1661=EDGE_LOOP('',(#6517,#6518,#6519,#6520,#6521,#6522,#6523,#6524,#6525,
#6526,#6527,#6528,#6529,#6530,#6531,#6532,#6533,#6534,#6535,#6536,#6537,
#6538,#6539,#6540,#6541,#6542,#6543,#6544));
#1662=EDGE_LOOP('',(#6545,#6546,#6547,#6548));
#1663=EDGE_LOOP('',(#6549,#6550,#6551,#6552));
#1664=EDGE_LOOP('',(#6553,#6554,#6555,#6556));
#1665=EDGE_LOOP('',(#6557,#6558,#6559,#6560));
#1666=EDGE_LOOP('',(#6561,#6562,#6563,#6564));
#1667=EDGE_LOOP('',(#6565,#6566,#6567,#6568));
#1668=EDGE_LOOP('',(#6569,#6570,#6571,#6572));
#1669=EDGE_LOOP('',(#6573,#6574,#6575,#6576));
#1670=EDGE_LOOP('',(#6577,#6578,#6579,#6580));
#1671=EDGE_LOOP('',(#6581,#6582,#6583,#6584));
#1672=EDGE_LOOP('',(#6585,#6586,#6587,#6588));
#1673=EDGE_LOOP('',(#6589,#6590,#6591,#6592));
#1674=EDGE_LOOP('',(#6593,#6594,#6595,#6596));
#1675=EDGE_LOOP('',(#6597,#6598,#6599,#6600));
#1676=EDGE_LOOP('',(#6601,#6602,#6603,#6604));
#1677=EDGE_LOOP('',(#6605,#6606,#6607,#6608,#6609,#6610,#6611,#6612,#6613,
#6614,#6615,#6616,#6617,#6618,#6619));
#1678=EDGE_LOOP('',(#6620,#6621,#6622,#6623));
#1679=EDGE_LOOP('',(#6624,#6625,#6626,#6627));
#1680=EDGE_LOOP('',(#6628,#6629,#6630,#6631));
#1681=EDGE_LOOP('',(#6632,#6633,#6634,#6635));
#1682=EDGE_LOOP('',(#6636,#6637,#6638,#6639));
#1683=EDGE_LOOP('',(#6640,#6641,#6642,#6643));
#1684=EDGE_LOOP('',(#6644,#6645,#6646,#6647));
#1685=EDGE_LOOP('',(#6648,#6649,#6650,#6651));
#1686=EDGE_LOOP('',(#6652,#6653,#6654,#6655,#6656,#6657,#6658,#6659));
#1687=EDGE_LOOP('',(#6660,#6661,#6662,#6663));
#1688=EDGE_LOOP('',(#6664,#6665,#6666,#6667));
#1689=EDGE_LOOP('',(#6668,#6669,#6670,#6671));
#1690=EDGE_LOOP('',(#6672,#6673,#6674,#6675));
#1691=EDGE_LOOP('',(#6676,#6677,#6678,#6679));
#1692=EDGE_LOOP('',(#6680,#6681,#6682,#6683));
#1693=EDGE_LOOP('',(#6684,#6685,#6686,#6687));
#1694=EDGE_LOOP('',(#6688,#6689,#6690,#6691));
#1695=EDGE_LOOP('',(#6692,#6693,#6694,#6695));
#1696=EDGE_LOOP('',(#6696,#6697,#6698,#6699));
#1697=EDGE_LOOP('',(#6700,#6701,#6702,#6703));
#1698=EDGE_LOOP('',(#6704,#6705,#6706,#6707));
#1699=EDGE_LOOP('',(#6708,#6709,#6710,#6711));
#1700=EDGE_LOOP('',(#6712,#6713,#6714,#6715));
#1701=EDGE_LOOP('',(#6716,#6717,#6718,#6719));
#1702=EDGE_LOOP('',(#6720,#6721,#6722,#6723));
#1703=EDGE_LOOP('',(#6724,#6725,#6726,#6727));
#1704=EDGE_LOOP('',(#6728,#6729,#6730,#6731));
#1705=EDGE_LOOP('',(#6732,#6733,#6734,#6735));
#1706=EDGE_LOOP('',(#6736,#6737,#6738,#6739,#6740,#6741,#6742,#6743,#6744,
#6745,#6746,#6747,#6748));
#1707=EDGE_LOOP('',(#6749,#6750,#6751,#6752,#6753,#6754));
#1708=EDGE_LOOP('',(#6755,#6756,#6757,#6758));
#1709=EDGE_LOOP('',(#6759,#6760,#6761,#6762));
#1710=EDGE_LOOP('',(#6763,#6764,#6765,#6766));
#1711=EDGE_LOOP('',(#6767,#6768,#6769,#6770));
#1712=EDGE_LOOP('',(#6771,#6772,#6773,#6774));
#1713=EDGE_LOOP('',(#6775,#6776,#6777,#6778));
#1714=EDGE_LOOP('',(#6779,#6780,#6781,#6782));
#1715=EDGE_LOOP('',(#6783,#6784,#6785,#6786));
#1716=EDGE_LOOP('',(#6787,#6788,#6789,#6790));
#1717=EDGE_LOOP('',(#6791,#6792,#6793,#6794));
#1718=EDGE_LOOP('',(#6795,#6796,#6797,#6798));
#1719=EDGE_LOOP('',(#6799,#6800,#6801,#6802));
#1720=EDGE_LOOP('',(#6803,#6804,#6805,#6806,#6807,#6808,#6809,#6810,#6811,
#6812,#6813,#6814));
#1721=EDGE_LOOP('',(#6815,#6816,#6817,#6818));
#1722=EDGE_LOOP('',(#6819,#6820,#6821,#6822));
#1723=EDGE_LOOP('',(#6823,#6824,#6825,#6826));
#1724=EDGE_LOOP('',(#6827,#6828,#6829,#6830));
#1725=EDGE_LOOP('',(#6831,#6832,#6833,#6834));
#1726=EDGE_LOOP('',(#6835,#6836,#6837,#6838));
#1727=EDGE_LOOP('',(#6839,#6840,#6841,#6842,#6843,#6844));
#1728=EDGE_LOOP('',(#6845,#6846,#6847,#6848));
#1729=EDGE_LOOP('',(#6849,#6850,#6851,#6852));
#1730=EDGE_LOOP('',(#6853,#6854,#6855,#6856));
#1731=EDGE_LOOP('',(#6857,#6858,#6859,#6860));
#1732=EDGE_LOOP('',(#6861,#6862,#6863,#6864));
#1733=EDGE_LOOP('',(#6865,#6866,#6867,#6868));
#1734=EDGE_LOOP('',(#6869,#6870,#6871,#6872));
#1735=EDGE_LOOP('',(#6873,#6874,#6875,#6876));
#1736=EDGE_LOOP('',(#6877,#6878,#6879,#6880));
#1737=EDGE_LOOP('',(#6881,#6882,#6883,#6884));
#1738=EDGE_LOOP('',(#6885,#6886,#6887,#6888));
#1739=EDGE_LOOP('',(#6889,#6890,#6891,#6892));
#1740=EDGE_LOOP('',(#6893,#6894,#6895,#6896));
#1741=EDGE_LOOP('',(#6897,#6898,#6899,#6900));
#1742=EDGE_LOOP('',(#6901,#6902,#6903,#6904));
#1743=EDGE_LOOP('',(#6905,#6906,#6907,#6908));
#1744=EDGE_LOOP('',(#6909,#6910,#6911,#6912));
#1745=EDGE_LOOP('',(#6913,#6914,#6915,#6916));
#1746=EDGE_LOOP('',(#6917,#6918,#6919,#6920));
#1747=EDGE_LOOP('',(#6921,#6922,#6923,#6924));
#1748=EDGE_LOOP('',(#6925,#6926,#6927,#6928));
#1749=EDGE_LOOP('',(#6929,#6930,#6931,#6932));
#1750=EDGE_LOOP('',(#6933,#6934,#6935,#6936));
#1751=EDGE_LOOP('',(#6937,#6938,#6939,#6940));
#1752=EDGE_LOOP('',(#6941,#6942,#6943,#6944));
#1753=EDGE_LOOP('',(#6945,#6946,#6947,#6948));
#1754=EDGE_LOOP('',(#6949,#6950,#6951,#6952));
#1755=EDGE_LOOP('',(#6953,#6954,#6955,#6956));
#1756=EDGE_LOOP('',(#6957,#6958,#6959,#6960));
#1757=EDGE_LOOP('',(#6961,#6962,#6963,#6964));
#1758=EDGE_LOOP('',(#6965,#6966,#6967,#6968));
#1759=EDGE_LOOP('',(#6969,#6970,#6971,#6972));
#1760=EDGE_LOOP('',(#6973,#6974,#6975,#6976));
#1761=EDGE_LOOP('',(#6977,#6978,#6979,#6980));
#1762=EDGE_LOOP('',(#6981,#6982,#6983,#6984));
#1763=EDGE_LOOP('',(#6985,#6986,#6987,#6988));
#1764=EDGE_LOOP('',(#6989,#6990,#6991,#6992));
#1765=EDGE_LOOP('',(#6993,#6994,#6995,#6996));
#1766=EDGE_LOOP('',(#6997,#6998,#6999,#7000,#7001,#7002,#7003,#7004,#7005,
#7006,#7007,#7008,#7009,#7010,#7011,#7012,#7013,#7014,#7015,#7016,#7017,
#7018,#7019,#7020,#7021,#7022));
#1767=EDGE_LOOP('',(#7023,#7024,#7025,#7026,#7027,#7028,#7029,#7030,#7031,
#7032,#7033,#7034));
#1768=EDGE_LOOP('',(#7035,#7036,#7037,#7038));
#1769=EDGE_LOOP('',(#7039,#7040,#7041,#7042));
#1770=EDGE_LOOP('',(#7043,#7044,#7045,#7046));
#1771=EDGE_LOOP('',(#7047,#7048,#7049,#7050));
#1772=EDGE_LOOP('',(#7051,#7052,#7053,#7054));
#1773=EDGE_LOOP('',(#7055,#7056,#7057,#7058));
#1774=EDGE_LOOP('',(#7059,#7060,#7061,#7062));
#1775=EDGE_LOOP('',(#7063,#7064,#7065,#7066));
#1776=EDGE_LOOP('',(#7067,#7068,#7069,#7070));
#1777=EDGE_LOOP('',(#7071,#7072,#7073,#7074));
#1778=EDGE_LOOP('',(#7075,#7076,#7077,#7078));
#1779=EDGE_LOOP('',(#7079,#7080,#7081,#7082));
#1780=EDGE_LOOP('',(#7083,#7084,#7085,#7086));
#1781=EDGE_LOOP('',(#7087,#7088,#7089,#7090));
#1782=EDGE_LOOP('',(#7091,#7092,#7093,#7094));
#1783=EDGE_LOOP('',(#7095,#7096,#7097,#7098));
#1784=EDGE_LOOP('',(#7099,#7100,#7101,#7102));
#1785=EDGE_LOOP('',(#7103,#7104,#7105,#7106));
#1786=EDGE_LOOP('',(#7107,#7108,#7109,#7110));
#1787=EDGE_LOOP('',(#7111,#7112,#7113,#7114));
#1788=EDGE_LOOP('',(#7115,#7116,#7117,#7118));
#1789=EDGE_LOOP('',(#7119,#7120,#7121,#7122));
#1790=EDGE_LOOP('',(#7123,#7124,#7125,#7126));
#1791=EDGE_LOOP('',(#7127,#7128,#7129,#7130));
#1792=EDGE_LOOP('',(#7131,#7132,#7133,#7134));
#1793=EDGE_LOOP('',(#7135,#7136,#7137,#7138));
#1794=EDGE_LOOP('',(#7139,#7140,#7141,#7142));
#1795=EDGE_LOOP('',(#7143,#7144,#7145,#7146));
#1796=EDGE_LOOP('',(#7147,#7148,#7149,#7150,#7151,#7152,#7153,#7154,#7155,
#7156,#7157,#7158,#7159,#7160,#7161,#7162,#7163,#7164,#7165,#7166,#7167,
#7168,#7169,#7170,#7171,#7172,#7173,#7174));
#1797=EDGE_LOOP('',(#7175,#7176,#7177,#7178));
#1798=EDGE_LOOP('',(#7179,#7180,#7181,#7182));
#1799=EDGE_LOOP('',(#7183,#7184,#7185,#7186));
#1800=EDGE_LOOP('',(#7187,#7188,#7189,#7190));
#1801=EDGE_LOOP('',(#7191,#7192,#7193,#7194));
#1802=EDGE_LOOP('',(#7195,#7196,#7197,#7198));
#1803=EDGE_LOOP('',(#7199,#7200,#7201,#7202));
#1804=EDGE_LOOP('',(#7203,#7204,#7205,#7206));
#1805=EDGE_LOOP('',(#7207,#7208,#7209,#7210));
#1806=EDGE_LOOP('',(#7211,#7212,#7213,#7214));
#1807=EDGE_LOOP('',(#7215,#7216,#7217,#7218));
#1808=EDGE_LOOP('',(#7219,#7220,#7221,#7222));
#1809=EDGE_LOOP('',(#7223,#7224,#7225,#7226));
#1810=EDGE_LOOP('',(#7227,#7228,#7229,#7230));
#1811=EDGE_LOOP('',(#7231,#7232,#7233,#7234));
#1812=EDGE_LOOP('',(#7235,#7236,#7237,#7238));
#1813=EDGE_LOOP('',(#7239,#7240,#7241,#7242,#7243,#7244,#7245,#7246));
#1814=EDGE_LOOP('',(#7247,#7248,#7249,#7250,#7251,#7252,#7253,#7254));
#1815=EDGE_LOOP('',(#7255,#7256,#7257,#7258));
#1816=EDGE_LOOP('',(#7259,#7260,#7261,#7262));
#1817=EDGE_LOOP('',(#7263,#7264,#7265,#7266));
#1818=EDGE_LOOP('',(#7267,#7268,#7269,#7270));
#1819=EDGE_LOOP('',(#7271,#7272,#7273,#7274));
#1820=EDGE_LOOP('',(#7275,#7276,#7277,#7278));
#1821=EDGE_LOOP('',(#7279,#7280,#7281,#7282));
#1822=EDGE_LOOP('',(#7283,#7284,#7285,#7286));
#1823=EDGE_LOOP('',(#7287,#7288,#7289,#7290));
#1824=EDGE_LOOP('',(#7291,#7292,#7293,#7294));
#1825=EDGE_LOOP('',(#7295,#7296,#7297,#7298));
#1826=EDGE_LOOP('',(#7299,#7300,#7301,#7302));
#1827=EDGE_LOOP('',(#7303,#7304,#7305,#7306));
#1828=EDGE_LOOP('',(#7307,#7308,#7309,#7310));
#1829=EDGE_LOOP('',(#7311,#7312,#7313,#7314));
#1830=EDGE_LOOP('',(#7315,#7316,#7317,#7318));
#1831=EDGE_LOOP('',(#7319,#7320,#7321,#7322));
#1832=EDGE_LOOP('',(#7323,#7324,#7325,#7326));
#1833=EDGE_LOOP('',(#7327,#7328,#7329,#7330));
#1834=EDGE_LOOP('',(#7331,#7332,#7333,#7334));
#1835=EDGE_LOOP('',(#7335,#7336,#7337,#7338));
#1836=EDGE_LOOP('',(#7339,#7340,#7341,#7342));
#1837=EDGE_LOOP('',(#7343,#7344,#7345,#7346));
#1838=EDGE_LOOP('',(#7347,#7348,#7349,#7350));
#1839=EDGE_LOOP('',(#7351,#7352,#7353,#7354));
#1840=EDGE_LOOP('',(#7355,#7356,#7357,#7358));
#1841=EDGE_LOOP('',(#7359,#7360,#7361,#7362));
#1842=EDGE_LOOP('',(#7363,#7364,#7365,#7366));
#1843=EDGE_LOOP('',(#7367,#7368,#7369,#7370,#7371,#7372,#7373,#7374,#7375,
#7376,#7377,#7378,#7379,#7380,#7381,#7382,#7383,#7384,#7385,#7386,#7387,
#7388,#7389,#7390,#7391,#7392,#7393,#7394));
#1844=EDGE_LOOP('',(#7395,#7396,#7397,#7398));
#1845=EDGE_LOOP('',(#7399,#7400,#7401,#7402));
#1846=EDGE_LOOP('',(#7403,#7404,#7405,#7406));
#1847=EDGE_LOOP('',(#7407,#7408,#7409,#7410));
#1848=EDGE_LOOP('',(#7411,#7412,#7413,#7414));
#1849=EDGE_LOOP('',(#7415,#7416,#7417,#7418));
#1850=EDGE_LOOP('',(#7419,#7420,#7421,#7422));
#1851=EDGE_LOOP('',(#7423,#7424,#7425,#7426));
#1852=EDGE_LOOP('',(#7427,#7428,#7429,#7430));
#1853=EDGE_LOOP('',(#7431,#7432,#7433,#7434));
#1854=EDGE_LOOP('',(#7435,#7436,#7437,#7438));
#1855=EDGE_LOOP('',(#7439,#7440,#7441,#7442));
#1856=EDGE_LOOP('',(#7443,#7444,#7445,#7446));
#1857=EDGE_LOOP('',(#7447,#7448,#7449,#7450));
#1858=EDGE_LOOP('',(#7451,#7452,#7453,#7454));
#1859=EDGE_LOOP('',(#7455,#7456,#7457,#7458));
#1860=EDGE_LOOP('',(#7459,#7460,#7461,#7462));
#1861=EDGE_LOOP('',(#7463,#7464,#7465,#7466));
#1862=EDGE_LOOP('',(#7467,#7468,#7469,#7470));
#1863=EDGE_LOOP('',(#7471,#7472,#7473,#7474));
#1864=EDGE_LOOP('',(#7475,#7476,#7477,#7478));
#1865=EDGE_LOOP('',(#7479,#7480,#7481,#7482));
#1866=EDGE_LOOP('',(#7483,#7484,#7485,#7486));
#1867=EDGE_LOOP('',(#7487,#7488,#7489,#7490));
#1868=EDGE_LOOP('',(#7491,#7492,#7493,#7494));
#1869=EDGE_LOOP('',(#7495,#7496,#7497,#7498));
#1870=EDGE_LOOP('',(#7499,#7500,#7501,#7502));
#1871=EDGE_LOOP('',(#7503,#7504,#7505,#7506));
#1872=EDGE_LOOP('',(#7507,#7508,#7509,#7510));
#1873=EDGE_LOOP('',(#7511,#7512,#7513,#7514));
#1874=EDGE_LOOP('',(#7515,#7516,#7517,#7518));
#1875=EDGE_LOOP('',(#7519,#7520,#7521,#7522));
#1876=EDGE_LOOP('',(#7523,#7524,#7525,#7526));
#1877=EDGE_LOOP('',(#7527,#7528,#7529,#7530));
#1878=EDGE_LOOP('',(#7531,#7532,#7533,#7534));
#1879=EDGE_LOOP('',(#7535,#7536,#7537,#7538));
#1880=EDGE_LOOP('',(#7539,#7540,#7541,#7542));
#1881=EDGE_LOOP('',(#7543,#7544,#7545,#7546));
#1882=EDGE_LOOP('',(#7547,#7548,#7549,#7550));
#1883=EDGE_LOOP('',(#7551,#7552,#7553,#7554));
#1884=EDGE_LOOP('',(#7555,#7556,#7557,#7558));
#1885=EDGE_LOOP('',(#7559,#7560,#7561,#7562));
#1886=EDGE_LOOP('',(#7563,#7564,#7565,#7566));
#1887=EDGE_LOOP('',(#7567,#7568,#7569,#7570));
#1888=EDGE_LOOP('',(#7571,#7572,#7573,#7574));
#1889=EDGE_LOOP('',(#7575,#7576,#7577,#7578));
#1890=EDGE_LOOP('',(#7579,#7580,#7581,#7582));
#1891=EDGE_LOOP('',(#7583,#7584,#7585,#7586));
#1892=EDGE_LOOP('',(#7587,#7588,#7589,#7590));
#1893=EDGE_LOOP('',(#7591,#7592,#7593,#7594));
#1894=EDGE_LOOP('',(#7595,#7596,#7597,#7598));
#1895=EDGE_LOOP('',(#7599,#7600,#7601,#7602));
#1896=EDGE_LOOP('',(#7603,#7604,#7605,#7606));
#1897=EDGE_LOOP('',(#7607,#7608,#7609,#7610));
#1898=EDGE_LOOP('',(#7611,#7612,#7613,#7614,#7615,#7616,#7617,#7618,#7619,
#7620,#7621,#7622,#7623,#7624,#7625,#7626,#7627,#7628,#7629,#7630,#7631,
#7632,#7633,#7634,#7635,#7636,#7637,#7638,#7639,#7640,#7641,#7642,#7643,
#7644,#7645,#7646,#7647,#7648,#7649,#7650,#7651,#7652,#7653,#7654,#7655,
#7656,#7657,#7658,#7659,#7660,#7661,#7662,#7663,#7664));
#1899=EDGE_LOOP('',(#7665,#7666,#7667,#7668,#7669,#7670,#7671,#7672,#7673,
#7674));
#1900=EDGE_LOOP('',(#7675,#7676,#7677));
#1901=EDGE_LOOP('',(#7678,#7679,#7680));
#1902=EDGE_LOOP('',(#7681,#7682,#7683,#7684,#7685,#7686,#7687));
#1903=EDGE_LOOP('',(#7688,#7689,#7690,#7691,#7692,#7693,#7694,#7695));
#1904=EDGE_LOOP('',(#7696,#7697,#7698));
#1905=EDGE_LOOP('',(#7699,#7700,#7701));
#1906=EDGE_LOOP('',(#7702,#7703,#7704));
#1907=EDGE_LOOP('',(#7705,#7706,#7707,#7708,#7709,#7710,#7711,#7712,#7713));
#1908=EDGE_LOOP('',(#7714,#7715,#7716,#7717,#7718));
#1909=EDGE_LOOP('',(#7719,#7720,#7721,#7722,#7723,#7724));
#1910=EDGE_LOOP('',(#7725,#7726,#7727,#7728,#7729));
#1911=EDGE_LOOP('',(#7730,#7731,#7732,#7733,#7734));
#1912=EDGE_LOOP('',(#7735,#7736,#7737,#7738,#7739,#7740,#7741));
#1913=EDGE_LOOP('',(#7742,#7743,#7744));
#1914=EDGE_LOOP('',(#7745,#7746,#7747,#7748,#7749));
#1915=EDGE_LOOP('',(#7750,#7751,#7752,#7753,#7754));
#1916=EDGE_LOOP('',(#7755,#7756,#7757,#7758,#7759));
#1917=EDGE_LOOP('',(#7760,#7761,#7762,#7763,#7764,#7765));
#1918=EDGE_LOOP('',(#7766,#7767,#7768,#7769,#7770,#7771,#7772,#7773));
#1919=EDGE_LOOP('',(#7774,#7775,#7776,#7777));
#1920=EDGE_LOOP('',(#7778,#7779,#7780,#7781));
#1921=EDGE_LOOP('',(#7782,#7783,#7784,#7785));
#1922=EDGE_LOOP('',(#7786,#7787,#7788,#7789));
#1923=EDGE_LOOP('',(#7790,#7791,#7792,#7793));
#1924=EDGE_LOOP('',(#7794,#7795,#7796,#7797));
#1925=EDGE_LOOP('',(#7798,#7799,#7800,#7801));
#1926=EDGE_LOOP('',(#7802,#7803,#7804,#7805));
#1927=EDGE_LOOP('',(#7806,#7807,#7808,#7809));
#1928=EDGE_LOOP('',(#7810,#7811,#7812,#7813));
#1929=EDGE_LOOP('',(#7814,#7815,#7816,#7817));
#1930=EDGE_LOOP('',(#7818,#7819,#7820,#7821));
#1931=EDGE_LOOP('',(#7822,#7823,#7824,#7825));
#1932=EDGE_LOOP('',(#7826,#7827,#7828,#7829));
#1933=EDGE_LOOP('',(#7830,#7831,#7832,#7833,#7834,#7835));
#1934=EDGE_LOOP('',(#7836,#7837,#7838,#7839,#7840,#7841,#7842,#7843));
#1935=EDGE_LOOP('',(#7844,#7845,#7846,#7847,#7848,#7849,#7850,#7851,#7852,
#7853,#7854,#7855,#7856,#7857,#7858,#7859,#7860,#7861,#7862,#7863,#7864,
#7865,#7866,#7867,#7868,#7869,#7870,#7871,#7872,#7873,#7874));
#1936=EDGE_LOOP('',(#7875,#7876,#7877,#7878,#7879,#7880,#7881,#7882,#7883,
#7884,#7885,#7886,#7887,#7888,#7889,#7890,#7891,#7892,#7893,#7894,#7895,
#7896,#7897,#7898,#7899,#7900,#7901,#7902));
#1937=EDGE_LOOP('',(#7903,#7904,#7905,#7906,#7907,#7908,#7909,#7910));
#1938=EDGE_LOOP('',(#7911,#7912,#7913,#7914,#7915,#7916,#7917,#7918,#7919,
#7920,#7921,#7922,#7923,#7924,#7925,#7926,#7927,#7928,#7929,#7930,#7931,
#7932,#7933,#7934,#7935,#7936,#7937,#7938));
#1939=EDGE_LOOP('',(#7939,#7940,#7941,#7942,#7943,#7944,#7945,#7946,#7947,
#7948,#7949,#7950,#7951,#7952,#7953,#7954,#7955,#7956,#7957,#7958));
#1940=EDGE_LOOP('',(#7959,#7960,#7961,#7962,#7963,#7964,#7965,#7966,#7967,
#7968,#7969,#7970,#7971));
#1941=EDGE_LOOP('',(#7972,#7973,#7974,#7975,#7976,#7977,#7978,#7979,#7980,
#7981,#7982,#7983,#7984));
#1942=EDGE_LOOP('',(#7985,#7986,#7987,#7988,#7989,#7990,#7991,#7992,#7993,
#7994,#7995,#7996,#7997,#7998,#7999,#8000,#8001,#8002));
#1943=EDGE_LOOP('',(#8003,#8004,#8005,#8006,#8007,#8008,#8009,#8010,#8011,
#8012,#8013,#8014,#8015,#8016,#8017,#8018));
#1944=EDGE_LOOP('',(#8019,#8020,#8021,#8022,#8023,#8024,#8025,#8026,#8027,
#8028,#8029,#8030,#8031,#8032,#8033,#8034,#8035,#8036,#8037,#8038,#8039,
#8040,#8041,#8042,#8043,#8044,#8045));
#1945=EDGE_LOOP('',(#8046,#8047,#8048,#8049,#8050,#8051,#8052,#8053,#8054,
#8055,#8056,#8057,#8058,#8059));
#1946=EDGE_LOOP('',(#8060,#8061,#8062,#8063,#8064,#8065,#8066,#8067,#8068,
#8069,#8070,#8071,#8072,#8073,#8074,#8075,#8076,#8077,#8078,#8079,#8080,
#8081,#8082,#8083,#8084,#8085,#8086,#8087));
#1947=EDGE_LOOP('',(#8088,#8089,#8090,#8091,#8092,#8093,#8094,#8095,#8096,
#8097,#8098,#8099,#8100,#8101,#8102,#8103,#8104,#8105,#8106,#8107,#8108,
#8109,#8110,#8111,#8112,#8113,#8114));
#1948=LINE('',#10197,#2675);
#1949=LINE('',#10204,#2676);
#1950=LINE('',#10211,#2677);
#1951=LINE('',#10218,#2678);
#1952=LINE('',#10226,#2679);
#1953=LINE('',#10229,#2680);
#1954=LINE('',#10232,#2681);
#1955=LINE('',#10234,#2682);
#1956=LINE('',#10235,#2683);
#1957=LINE('',#10238,#2684);
#1958=LINE('',#10240,#2685);
#1959=LINE('',#10241,#2686);
#1960=LINE('',#10247,#2687);
#1961=LINE('',#10250,#2688);
#1962=LINE('',#10252,#2689);
#1963=LINE('',#10253,#2690);
#1964=LINE('',#10259,#2691);
#1965=LINE('',#10262,#2692);
#1966=LINE('',#10264,#2693);
#1967=LINE('',#10265,#2694);
#1968=LINE('',#10271,#2695);
#1969=LINE('',#10274,#2696);
#1970=LINE('',#10276,#2697);
#1971=LINE('',#10277,#2698);
#1972=LINE('',#10283,#2699);
#1973=LINE('',#10286,#2700);
#1974=LINE('',#10288,#2701);
#1975=LINE('',#10289,#2702);
#1976=LINE('',#10292,#2703);
#1977=LINE('',#10294,#2704);
#1978=LINE('',#10295,#2705);
#1979=LINE('',#10301,#2706);
#1980=LINE('',#10304,#2707);
#1981=LINE('',#10306,#2708);
#1982=LINE('',#10307,#2709);
#1983=LINE('',#10313,#2710);
#1984=LINE('',#10316,#2711);
#1985=LINE('',#10318,#2712);
#1986=LINE('',#10319,#2713);
#1987=LINE('',#10325,#2714);
#1988=LINE('',#10328,#2715);
#1989=LINE('',#10330,#2716);
#1990=LINE('',#10331,#2717);
#1991=LINE('',#10337,#2718);
#1992=LINE('',#10340,#2719);
#1993=LINE('',#10342,#2720);
#1994=LINE('',#10343,#2721);
#1995=LINE('',#10349,#2722);
#1996=LINE('',#10352,#2723);
#1997=LINE('',#10354,#2724);
#1998=LINE('',#10355,#2725);
#1999=LINE('',#10361,#2726);
#2000=LINE('',#10364,#2727);
#2001=LINE('',#10366,#2728);
#2002=LINE('',#10367,#2729);
#2003=LINE('',#10369,#2730);
#2004=LINE('',#10370,#2731);
#2005=LINE('',#10374,#2732);
#2006=LINE('',#10376,#2733);
#2007=LINE('',#10378,#2734);
#2008=LINE('',#10379,#2735);
#2009=LINE('',#10385,#2736);
#2010=LINE('',#10388,#2737);
#2011=LINE('',#10390,#2738);
#2012=LINE('',#10391,#2739);
#2013=LINE('',#10397,#2740);
#2014=LINE('',#10400,#2741);
#2015=LINE('',#10402,#2742);
#2016=LINE('',#10403,#2743);
#2017=LINE('',#10406,#2744);
#2018=LINE('',#10408,#2745);
#2019=LINE('',#10409,#2746);
#2020=LINE('',#10415,#2747);
#2021=LINE('',#10418,#2748);
#2022=LINE('',#10420,#2749);
#2023=LINE('',#10421,#2750);
#2024=LINE('',#10424,#2751);
#2025=LINE('',#10426,#2752);
#2026=LINE('',#10427,#2753);
#2027=LINE('',#10430,#2754);
#2028=LINE('',#10432,#2755);
#2029=LINE('',#10433,#2756);
#2030=LINE('',#10439,#2757);
#2031=LINE('',#10442,#2758);
#2032=LINE('',#10444,#2759);
#2033=LINE('',#10445,#2760);
#2034=LINE('',#10448,#2761);
#2035=LINE('',#10450,#2762);
#2036=LINE('',#10451,#2763);
#2037=LINE('',#10457,#2764);
#2038=LINE('',#10460,#2765);
#2039=LINE('',#10462,#2766);
#2040=LINE('',#10463,#2767);
#2041=LINE('',#10469,#2768);
#2042=LINE('',#10472,#2769);
#2043=LINE('',#10474,#2770);
#2044=LINE('',#10475,#2771);
#2045=LINE('',#10484,#2772);
#2046=LINE('',#10486,#2773);
#2047=LINE('',#10488,#2774);
#2048=LINE('',#10489,#2775);
#2049=LINE('',#10501,#2776);
#2050=LINE('',#10505,#2777);
#2051=LINE('',#10517,#2778);
#2052=LINE('',#10532,#2779);
#2053=LINE('',#10547,#2780);
#2054=LINE('',#10553,#2781);
#2055=LINE('',#10555,#2782);
#2056=LINE('',#10556,#2783);
#2057=LINE('',#10559,#2784);
#2058=LINE('',#10561,#2785);
#2059=LINE('',#10562,#2786);
#2060=LINE('',#10565,#2787);
#2061=LINE('',#10567,#2788);
#2062=LINE('',#10568,#2789);
#2063=LINE('',#10580,#2790);
#2064=LINE('',#10595,#2791);
#2065=LINE('',#10610,#2792);
#2066=LINE('',#10616,#2793);
#2067=LINE('',#10618,#2794);
#2068=LINE('',#10619,#2795);
#2069=LINE('',#10632,#2796);
#2070=LINE('',#10637,#2797);
#2071=LINE('',#10639,#2798);
#2072=LINE('',#10641,#2799);
#2073=LINE('',#10642,#2800);
#2074=LINE('',#10644,#2801);
#2075=LINE('',#10645,#2802);
#2076=LINE('',#10657,#2803);
#2077=LINE('',#10672,#2804);
#2078=LINE('',#10687,#2805);
#2079=LINE('',#10702,#2806);
#2080=LINE('',#10708,#2807);
#2081=LINE('',#10710,#2808);
#2082=LINE('',#10711,#2809);
#2083=LINE('',#10714,#2810);
#2084=LINE('',#10716,#2811);
#2085=LINE('',#10717,#2812);
#2086=LINE('',#10718,#2813);
#2087=LINE('',#10721,#2814);
#2088=LINE('',#10723,#2815);
#2089=LINE('',#10724,#2816);
#2090=LINE('',#10736,#2817);
#2091=LINE('',#10740,#2818);
#2092=LINE('',#10752,#2819);
#2093=LINE('',#10767,#2820);
#2094=LINE('',#10773,#2821);
#2095=LINE('',#10775,#2822);
#2096=LINE('',#10776,#2823);
#2097=LINE('',#10779,#2824);
#2098=LINE('',#10781,#2825);
#2099=LINE('',#10782,#2826);
#2100=LINE('',#10784,#2827);
#2101=LINE('',#10785,#2828);
#2102=LINE('',#10802,#2829);
#2103=LINE('',#10804,#2830);
#2104=LINE('',#10806,#2831);
#2105=LINE('',#10807,#2832);
#2106=LINE('',#10809,#2833);
#2107=LINE('',#10810,#2834);
#2108=LINE('',#10813,#2835);
#2109=LINE('',#10815,#2836);
#2110=LINE('',#10816,#2837);
#2111=LINE('',#10819,#2838);
#2112=LINE('',#10821,#2839);
#2113=LINE('',#10822,#2840);
#2114=LINE('',#10825,#2841);
#2115=LINE('',#10827,#2842);
#2116=LINE('',#10828,#2843);
#2117=LINE('',#10831,#2844);
#2118=LINE('',#10833,#2845);
#2119=LINE('',#10834,#2846);
#2120=LINE('',#10836,#2847);
#2121=LINE('',#10837,#2848);
#2122=LINE('',#10863,#2849);
#2123=LINE('',#10868,#2850);
#2124=LINE('',#10880,#2851);
#2125=LINE('',#10886,#2852);
#2126=LINE('',#10888,#2853);
#2127=LINE('',#10889,#2854);
#2128=LINE('',#10901,#2855);
#2129=LINE('',#10916,#2856);
#2130=LINE('',#10931,#2857);
#2131=LINE('',#10946,#2858);
#2132=LINE('',#10961,#2859);
#2133=LINE('',#10976,#2860);
#2134=LINE('',#10982,#2861);
#2135=LINE('',#10984,#2862);
#2136=LINE('',#10985,#2863);
#2137=LINE('',#10997,#2864);
#2138=LINE('',#11012,#2865);
#2139=LINE('',#11027,#2866);
#2140=LINE('',#11042,#2867);
#2141=LINE('',#11057,#2868);
#2142=LINE('',#11072,#2869);
#2143=LINE('',#11078,#2870);
#2144=LINE('',#11080,#2871);
#2145=LINE('',#11081,#2872);
#2146=LINE('',#11093,#2873);
#2147=LINE('',#11108,#2874);
#2148=LINE('',#11123,#2875);
#2149=LINE('',#11138,#2876);
#2150=LINE('',#11153,#2877);
#2151=LINE('',#11168,#2878);
#2152=LINE('',#11174,#2879);
#2153=LINE('',#11176,#2880);
#2154=LINE('',#11177,#2881);
#2155=LINE('',#11189,#2882);
#2156=LINE('',#11204,#2883);
#2157=LINE('',#11219,#2884);
#2158=LINE('',#11248,#2885);
#2159=LINE('',#11253,#2886);
#2160=LINE('',#11256,#2887);
#2161=LINE('',#11258,#2888);
#2162=LINE('',#11259,#2889);
#2163=LINE('',#11271,#2890);
#2164=LINE('',#11286,#2891);
#2165=LINE('',#11301,#2892);
#2166=LINE('',#11307,#2893);
#2167=LINE('',#11309,#2894);
#2168=LINE('',#11310,#2895);
#2169=LINE('',#11313,#2896);
#2170=LINE('',#11315,#2897);
#2171=LINE('',#11316,#2898);
#2172=LINE('',#11319,#2899);
#2173=LINE('',#11321,#2900);
#2174=LINE('',#11322,#2901);
#2175=LINE('',#11325,#2902);
#2176=LINE('',#11327,#2903);
#2177=LINE('',#11328,#2904);
#2178=LINE('',#11331,#2905);
#2179=LINE('',#11333,#2906);
#2180=LINE('',#11334,#2907);
#2181=LINE('',#11337,#2908);
#2182=LINE('',#11339,#2909);
#2183=LINE('',#11340,#2910);
#2184=LINE('',#11343,#2911);
#2185=LINE('',#11345,#2912);
#2186=LINE('',#11346,#2913);
#2187=LINE('',#11358,#2914);
#2188=LINE('',#11378,#2915);
#2189=LINE('',#11380,#2916);
#2190=LINE('',#11382,#2917);
#2191=LINE('',#11383,#2918);
#2192=LINE('',#11386,#2919);
#2193=LINE('',#11388,#2920);
#2194=LINE('',#11389,#2921);
#2195=LINE('',#11392,#2922);
#2196=LINE('',#11394,#2923);
#2197=LINE('',#11395,#2924);
#2198=LINE('',#11396,#2925);
#2199=LINE('',#11408,#2926);
#2200=LINE('',#11423,#2927);
#2201=LINE('',#11438,#2928);
#2202=LINE('',#11453,#2929);
#2203=LINE('',#11468,#2930);
#2204=LINE('',#11483,#2931);
#2205=LINE('',#11489,#2932);
#2206=LINE('',#11491,#2933);
#2207=LINE('',#11492,#2934);
#2208=LINE('',#11504,#2935);
#2209=LINE('',#11519,#2936);
#2210=LINE('',#11534,#2937);
#2211=LINE('',#11549,#2938);
#2212=LINE('',#11564,#2939);
#2213=LINE('',#11579,#2940);
#2214=LINE('',#11594,#2941);
#2215=LINE('',#11600,#2942);
#2216=LINE('',#11602,#2943);
#2217=LINE('',#11603,#2944);
#2218=LINE('',#11604,#2945);
#2219=LINE('',#11607,#2946);
#2220=LINE('',#11609,#2947);
#2221=LINE('',#11610,#2948);
#2222=LINE('',#11625,#2949);
#2223=LINE('',#11627,#2950);
#2224=LINE('',#11628,#2951);
#2225=LINE('',#11641,#2952);
#2226=LINE('',#11645,#2953);
#2227=LINE('',#11647,#2954);
#2228=LINE('',#11648,#2955);
#2229=LINE('',#11660,#2956);
#2230=LINE('',#11675,#2957);
#2231=LINE('',#11690,#2958);
#2232=LINE('',#11696,#2959);
#2233=LINE('',#11698,#2960);
#2234=LINE('',#11699,#2961);
#2235=LINE('',#11702,#2962);
#2236=LINE('',#11704,#2963);
#2237=LINE('',#11705,#2964);
#2238=LINE('',#11708,#2965);
#2239=LINE('',#11710,#2966);
#2240=LINE('',#11711,#2967);
#2241=LINE('',#11723,#2968);
#2242=LINE('',#11738,#2969);
#2243=LINE('',#11744,#2970);
#2244=LINE('',#11746,#2971);
#2245=LINE('',#11747,#2972);
#2246=LINE('',#11750,#2973);
#2247=LINE('',#11752,#2974);
#2248=LINE('',#11753,#2975);
#2249=LINE('',#11755,#2976);
#2250=LINE('',#11756,#2977);
#2251=LINE('',#11758,#2978);
#2252=LINE('',#11759,#2979);
#2253=LINE('',#11773,#2980);
#2254=LINE('',#11778,#2981);
#2255=LINE('',#11790,#2982);
#2256=LINE('',#11805,#2983);
#2257=LINE('',#11820,#2984);
#2258=LINE('',#11835,#2985);
#2259=LINE('',#11850,#2986);
#2260=LINE('',#11865,#2987);
#2261=LINE('',#11869,#2988);
#2262=LINE('',#11881,#2989);
#2263=LINE('',#11896,#2990);
#2264=LINE('',#11900,#2991);
#2265=LINE('',#11912,#2992);
#2266=LINE('',#11927,#2993);
#2267=LINE('',#11942,#2994);
#2268=LINE('',#11957,#2995);
#2269=LINE('',#11972,#2996);
#2270=LINE('',#11987,#2997);
#2271=LINE('',#12002,#2998);
#2272=LINE('',#12017,#2999);
#2273=LINE('',#12032,#3000);
#2274=LINE('',#12047,#3001);
#2275=LINE('',#12053,#3002);
#2276=LINE('',#12055,#3003);
#2277=LINE('',#12056,#3004);
#2278=LINE('',#12068,#3005);
#2279=LINE('',#12083,#3006);
#2280=LINE('',#12098,#3007);
#2281=LINE('',#12125,#3008);
#2282=LINE('',#12131,#3009);
#2283=LINE('',#12133,#3010);
#2284=LINE('',#12134,#3011);
#2285=LINE('',#12163,#3012);
#2286=LINE('',#12165,#3013);
#2287=LINE('',#12167,#3014);
#2288=LINE('',#12168,#3015);
#2289=LINE('',#12180,#3016);
#2290=LINE('',#12184,#3017);
#2291=LINE('',#12196,#3018);
#2292=LINE('',#12211,#3019);
#2293=LINE('',#12226,#3020);
#2294=LINE('',#12241,#3021);
#2295=LINE('',#12247,#3022);
#2296=LINE('',#12249,#3023);
#2297=LINE('',#12250,#3024);
#2298=LINE('',#12253,#3025);
#2299=LINE('',#12255,#3026);
#2300=LINE('',#12256,#3027);
#2301=LINE('',#12259,#3028);
#2302=LINE('',#12261,#3029);
#2303=LINE('',#12262,#3030);
#2304=LINE('',#12274,#3031);
#2305=LINE('',#12289,#3032);
#2306=LINE('',#12304,#3033);
#2307=LINE('',#12319,#3034);
#2308=LINE('',#12325,#3035);
#2309=LINE('',#12327,#3036);
#2310=LINE('',#12328,#3037);
#2311=LINE('',#12330,#3038);
#2312=LINE('',#12331,#3039);
#2313=LINE('',#12332,#3040);
#2314=LINE('',#12337,#3041);
#2315=LINE('',#12339,#3042);
#2316=LINE('',#12341,#3043);
#2317=LINE('',#12342,#3044);
#2318=LINE('',#12344,#3045);
#2319=LINE('',#12345,#3046);
#2320=LINE('',#12348,#3047);
#2321=LINE('',#12350,#3048);
#2322=LINE('',#12351,#3049);
#2323=LINE('',#12354,#3050);
#2324=LINE('',#12356,#3051);
#2325=LINE('',#12357,#3052);
#2326=LINE('',#12360,#3053);
#2327=LINE('',#12362,#3054);
#2328=LINE('',#12363,#3055);
#2329=LINE('',#12366,#3056);
#2330=LINE('',#12368,#3057);
#2331=LINE('',#12369,#3058);
#2332=LINE('',#12371,#3059);
#2333=LINE('',#12372,#3060);
#2334=LINE('',#12389,#3061);
#2335=LINE('',#12391,#3062);
#2336=LINE('',#12393,#3063);
#2337=LINE('',#12394,#3064);
#2338=LINE('',#12406,#3065);
#2339=LINE('',#12421,#3066);
#2340=LINE('',#12436,#3067);
#2341=LINE('',#12442,#3068);
#2342=LINE('',#12444,#3069);
#2343=LINE('',#12445,#3070);
#2344=LINE('',#12447,#3071);
#2345=LINE('',#12448,#3072);
#2346=LINE('',#12452,#3073);
#2347=LINE('',#12454,#3074);
#2348=LINE('',#12456,#3075);
#2349=LINE('',#12457,#3076);
#2350=LINE('',#12469,#3077);
#2351=LINE('',#12484,#3078);
#2352=LINE('',#12499,#3079);
#2353=LINE('',#12514,#3080);
#2354=LINE('',#12529,#3081);
#2355=LINE('',#12535,#3082);
#2356=LINE('',#12537,#3083);
#2357=LINE('',#12538,#3084);
#2358=LINE('',#12541,#3085);
#2359=LINE('',#12543,#3086);
#2360=LINE('',#12544,#3087);
#2361=LINE('',#12547,#3088);
#2362=LINE('',#12549,#3089);
#2363=LINE('',#12550,#3090);
#2364=LINE('',#12553,#3091);
#2365=LINE('',#12555,#3092);
#2366=LINE('',#12556,#3093);
#2367=LINE('',#12559,#3094);
#2368=LINE('',#12561,#3095);
#2369=LINE('',#12562,#3096);
#2370=LINE('',#12574,#3097);
#2371=LINE('',#12594,#3098);
#2372=LINE('',#12596,#3099);
#2373=LINE('',#12598,#3100);
#2374=LINE('',#12599,#3101);
#2375=LINE('',#12611,#3102);
#2376=LINE('',#12626,#3103);
#2377=LINE('',#12630,#3104);
#2378=LINE('',#12642,#3105);
#2379=LINE('',#12648,#3106);
#2380=LINE('',#12650,#3107);
#2381=LINE('',#12651,#3108);
#2382=LINE('',#12663,#3109);
#2383=LINE('',#12678,#3110);
#2384=LINE('',#12693,#3111);
#2385=LINE('',#12699,#3112);
#2386=LINE('',#12701,#3113);
#2387=LINE('',#12702,#3114);
#2388=LINE('',#12714,#3115);
#2389=LINE('',#12729,#3116);
#2390=LINE('',#12745,#3117);
#2391=LINE('',#12761,#3118);
#2392=LINE('',#12773,#3119);
#2393=LINE('',#12779,#3120);
#2394=LINE('',#12781,#3121);
#2395=LINE('',#12782,#3122);
#2396=LINE('',#12794,#3123);
#2397=LINE('',#12835,#3124);
#2398=LINE('',#12840,#3125);
#2399=LINE('',#12843,#3126);
#2400=LINE('',#12845,#3127);
#2401=LINE('',#12846,#3128);
#2402=LINE('',#12847,#3129);
#2403=LINE('',#12850,#3130);
#2404=LINE('',#12852,#3131);
#2405=LINE('',#12853,#3132);
#2406=LINE('',#12868,#3133);
#2407=LINE('',#12870,#3134);
#2408=LINE('',#12871,#3135);
#2409=LINE('',#12883,#3136);
#2410=LINE('',#12898,#3137);
#2411=LINE('',#12913,#3138);
#2412=LINE('',#12928,#3139);
#2413=LINE('',#12943,#3140);
#2414=LINE('',#12958,#3141);
#2415=LINE('',#12986,#3142);
#2416=LINE('',#12991,#3143);
#2417=LINE('',#12994,#3144);
#2418=LINE('',#12996,#3145);
#2419=LINE('',#12997,#3146);
#2420=LINE('',#12999,#3147);
#2421=LINE('',#13000,#3148);
#2422=LINE('',#13012,#3149);
#2423=LINE('',#13016,#3150);
#2424=LINE('',#13028,#3151);
#2425=LINE('',#13043,#3152);
#2426=LINE('',#13058,#3153);
#2427=LINE('',#13064,#3154);
#2428=LINE('',#13066,#3155);
#2429=LINE('',#13067,#3156);
#2430=LINE('',#13070,#3157);
#2431=LINE('',#13072,#3158);
#2432=LINE('',#13073,#3159);
#2433=LINE('',#13076,#3160);
#2434=LINE('',#13078,#3161);
#2435=LINE('',#13079,#3162);
#2436=LINE('',#13091,#3163);
#2437=LINE('',#13106,#3164);
#2438=LINE('',#13112,#3165);
#2439=LINE('',#13114,#3166);
#2440=LINE('',#13115,#3167);
#2441=LINE('',#13118,#3168);
#2442=LINE('',#13120,#3169);
#2443=LINE('',#13121,#3170);
#2444=LINE('',#13133,#3171);
#2445=LINE('',#13148,#3172);
#2446=LINE('',#13163,#3173);
#2447=LINE('',#13178,#3174);
#2448=LINE('',#13193,#3175);
#2449=LINE('',#13208,#3176);
#2450=LINE('',#13223,#3177);
#2451=LINE('',#13238,#3178);
#2452=LINE('',#13244,#3179);
#2453=LINE('',#13246,#3180);
#2454=LINE('',#13247,#3181);
#2455=LINE('',#13248,#3182);
#2456=LINE('',#13251,#3183);
#2457=LINE('',#13253,#3184);
#2458=LINE('',#13254,#3185);
#2459=LINE('',#13268,#3186);
#2460=LINE('',#13269,#3187);
#2461=LINE('',#13283,#3188);
#2462=LINE('',#13288,#3189);
#2463=LINE('',#13300,#3190);
#2464=LINE('',#13306,#3191);
#2465=LINE('',#13308,#3192);
#2466=LINE('',#13309,#3193);
#2467=LINE('',#13321,#3194);
#2468=LINE('',#13336,#3195);
#2469=LINE('',#13351,#3196);
#2470=LINE('',#13366,#3197);
#2471=LINE('',#13381,#3198);
#2472=LINE('',#13396,#3199);
#2473=LINE('',#13402,#3200);
#2474=LINE('',#13404,#3201);
#2475=LINE('',#13405,#3202);
#2476=LINE('',#13417,#3203);
#2477=LINE('',#13432,#3204);
#2478=LINE('',#13447,#3205);
#2479=LINE('',#13462,#3206);
#2480=LINE('',#13477,#3207);
#2481=LINE('',#13492,#3208);
#2482=LINE('',#13498,#3209);
#2483=LINE('',#13500,#3210);
#2484=LINE('',#13501,#3211);
#2485=LINE('',#13513,#3212);
#2486=LINE('',#13528,#3213);
#2487=LINE('',#13543,#3214);
#2488=LINE('',#13558,#3215);
#2489=LINE('',#13573,#3216);
#2490=LINE('',#13588,#3217);
#2491=LINE('',#13594,#3218);
#2492=LINE('',#13596,#3219);
#2493=LINE('',#13597,#3220);
#2494=LINE('',#13609,#3221);
#2495=LINE('',#13624,#3222);
#2496=LINE('',#13639,#3223);
#2497=LINE('',#13668,#3224);
#2498=LINE('',#13673,#3225);
#2499=LINE('',#13685,#3226);
#2500=LINE('',#13700,#3227);
#2501=LINE('',#13715,#3228);
#2502=LINE('',#13730,#3229);
#2503=LINE('',#13745,#3230);
#2504=LINE('',#13760,#3231);
#2505=LINE('',#13788,#3232);
#2506=LINE('',#13793,#3233);
#2507=LINE('',#13805,#3234);
#2508=LINE('',#13820,#3235);
#2509=LINE('',#13835,#3236);
#2510=LINE('',#13850,#3237);
#2511=LINE('',#13865,#3238);
#2512=LINE('',#13880,#3239);
#2513=LINE('',#13900,#3240);
#2514=LINE('',#13902,#3241);
#2515=LINE('',#13904,#3242);
#2516=LINE('',#13905,#3243);
#2517=LINE('',#13908,#3244);
#2518=LINE('',#13910,#3245);
#2519=LINE('',#13911,#3246);
#2520=LINE('',#13923,#3247);
#2521=LINE('',#13938,#3248);
#2522=LINE('',#13953,#3249);
#2523=LINE('',#13968,#3250);
#2524=LINE('',#13974,#3251);
#2525=LINE('',#13976,#3252);
#2526=LINE('',#13977,#3253);
#2527=LINE('',#13989,#3254);
#2528=LINE('',#14004,#3255);
#2529=LINE('',#14019,#3256);
#2530=LINE('',#14034,#3257);
#2531=LINE('',#14040,#3258);
#2532=LINE('',#14042,#3259);
#2533=LINE('',#14043,#3260);
#2534=LINE('',#14046,#3261);
#2535=LINE('',#14048,#3262);
#2536=LINE('',#14049,#3263);
#2537=LINE('',#14052,#3264);
#2538=LINE('',#14054,#3265);
#2539=LINE('',#14055,#3266);
#2540=LINE('',#14058,#3267);
#2541=LINE('',#14060,#3268);
#2542=LINE('',#14061,#3269);
#2543=LINE('',#14064,#3270);
#2544=LINE('',#14066,#3271);
#2545=LINE('',#14067,#3272);
#2546=LINE('',#14079,#3273);
#2547=LINE('',#14094,#3274);
#2548=LINE('',#14109,#3275);
#2549=LINE('',#14115,#3276);
#2550=LINE('',#14117,#3277);
#2551=LINE('',#14118,#3278);
#2552=LINE('',#14121,#3279);
#2553=LINE('',#14123,#3280);
#2554=LINE('',#14124,#3281);
#2555=LINE('',#14127,#3282);
#2556=LINE('',#14129,#3283);
#2557=LINE('',#14130,#3284);
#2558=LINE('',#14142,#3285);
#2559=LINE('',#14157,#3286);
#2560=LINE('',#14172,#3287);
#2561=LINE('',#14178,#3288);
#2562=LINE('',#14180,#3289);
#2563=LINE('',#14181,#3290);
#2564=LINE('',#14184,#3291);
#2565=LINE('',#14186,#3292);
#2566=LINE('',#14187,#3293);
#2567=LINE('',#14189,#3294);
#2568=LINE('',#14190,#3295);
#2569=LINE('',#14204,#3296);
#2570=LINE('',#14209,#3297);
#2571=LINE('',#14212,#3298);
#2572=LINE('',#14214,#3299);
#2573=LINE('',#14215,#3300);
#2574=LINE('',#14227,#3301);
#2575=LINE('',#14242,#3302);
#2576=LINE('',#14246,#3303);
#2577=LINE('',#14258,#3304);
#2578=LINE('',#14273,#3305);
#2579=LINE('',#14288,#3306);
#2580=LINE('',#14303,#3307);
#2581=LINE('',#14318,#3308);
#2582=LINE('',#14333,#3309);
#2583=LINE('',#14348,#3310);
#2584=LINE('',#14363,#3311);
#2585=LINE('',#14390,#3312);
#2586=LINE('',#14405,#3313);
#2587=LINE('',#14420,#3314);
#2588=LINE('',#14447,#3315);
#2589=LINE('',#14451,#3316);
#2590=LINE('',#14463,#3317);
#2591=LINE('',#14478,#3318);
#2592=LINE('',#14493,#3319);
#2593=LINE('',#14508,#3320);
#2594=LINE('',#14523,#3321);
#2595=LINE('',#14538,#3322);
#2596=LINE('',#14544,#3323);
#2597=LINE('',#14546,#3324);
#2598=LINE('',#14547,#3325);
#2599=LINE('',#14548,#3326);
#2600=LINE('',#14551,#3327);
#2601=LINE('',#14553,#3328);
#2602=LINE('',#14554,#3329);
#2603=LINE('',#14569,#3330);
#2604=LINE('',#14571,#3331);
#2605=LINE('',#14572,#3332);
#2606=LINE('',#14575,#3333);
#2607=LINE('',#14577,#3334);
#2608=LINE('',#14578,#3335);
#2609=LINE('',#14579,#3336);
#2610=LINE('',#14582,#3337);
#2611=LINE('',#14584,#3338);
#2612=LINE('',#14585,#3339);
#2613=LINE('',#14587,#3340);
#2614=LINE('',#14588,#3341);
#2615=LINE('',#14591,#3342);
#2616=LINE('',#14593,#3343);
#2617=LINE('',#14594,#3344);
#2618=LINE('',#14597,#3345);
#2619=LINE('',#14599,#3346);
#2620=LINE('',#14600,#3347);
#2621=LINE('',#14603,#3348);
#2622=LINE('',#14605,#3349);
#2623=LINE('',#14606,#3350);
#2624=LINE('',#14618,#3351);
#2625=LINE('',#14633,#3352);
#2626=LINE('',#14648,#3353);
#2627=LINE('',#14663,#3354);
#2628=LINE('',#14678,#3355);
#2629=LINE('',#14693,#3356);
#2630=LINE('',#14708,#3357);
#2631=LINE('',#14723,#3358);
#2632=LINE('',#14738,#3359);
#2633=LINE('',#14753,#3360);
#2634=LINE('',#14759,#3361);
#2635=LINE('',#14761,#3362);
#2636=LINE('',#14762,#3363);
#2637=LINE('',#14774,#3364);
#2638=LINE('',#14789,#3365);
#2639=LINE('',#14804,#3366);
#2640=LINE('',#14819,#3367);
#2641=LINE('',#14834,#3368);
#2642=LINE('',#14849,#3369);
#2643=LINE('',#14864,#3370);
#2644=LINE('',#14879,#3371);
#2645=LINE('',#14919,#3372);
#2646=LINE('',#14921,#3373);
#2647=LINE('',#14925,#3374);
#2648=LINE('',#14926,#3375);
#2649=LINE('',#14931,#3376);
#2650=LINE('',#14935,#3377);
#2651=LINE('',#14939,#3378);
#2652=LINE('',#14942,#3379);
#2653=LINE('',#14945,#3380);
#2654=LINE('',#14947,#3381);
#2655=LINE('',#14948,#3382);
#2656=LINE('',#14951,#3383);
#2657=LINE('',#14955,#3384);
#2658=LINE('',#14956,#3385);
#2659=LINE('',#14959,#3386);
#2660=LINE('',#14963,#3387);
#2661=LINE('',#14965,#3388);
#2662=LINE('',#14966,#3389);
#2663=LINE('',#14969,#3390);
#2664=LINE('',#14973,#3391);
#2665=LINE('',#14974,#3392);
#2666=LINE('',#14977,#3393);
#2667=LINE('',#14978,#3394);
#2668=LINE('',#14981,#3395);
#2669=LINE('',#14985,#3396);
#2670=LINE('',#14986,#3397);
#2671=LINE('',#14989,#3398);
#2672=LINE('',#14994,#3399);
#2673=LINE('',#14996,#3400);
#2674=LINE('',#14998,#3401);
#2675=VECTOR('',#8913,2.45);
#2676=VECTOR('',#8922,2.45);
#2677=VECTOR('',#8931,2.45);
#2678=VECTOR('',#8940,2.45);
#2679=VECTOR('',#8949,10.);
#2680=VECTOR('',#8952,10.);
#2681=VECTOR('',#8955,10.);
#2682=VECTOR('',#8956,10.);
#2683=VECTOR('',#8957,10.);
#2684=VECTOR('',#8960,10.);
#2685=VECTOR('',#8961,10.);
#2686=VECTOR('',#8962,10.);
#2687=VECTOR('',#8969,10.);
#2688=VECTOR('',#8972,10.);
#2689=VECTOR('',#8973,10.);
#2690=VECTOR('',#8974,10.);
#2691=VECTOR('',#8981,10.);
#2692=VECTOR('',#8984,10.);
#2693=VECTOR('',#8985,10.);
#2694=VECTOR('',#8986,10.);
#2695=VECTOR('',#8993,10.);
#2696=VECTOR('',#8996,10.);
#2697=VECTOR('',#8997,10.);
#2698=VECTOR('',#8998,10.);
#2699=VECTOR('',#9005,10.);
#2700=VECTOR('',#9008,10.);
#2701=VECTOR('',#9009,10.);
#2702=VECTOR('',#9010,10.);
#2703=VECTOR('',#9013,10.);
#2704=VECTOR('',#9014,10.);
#2705=VECTOR('',#9015,10.);
#2706=VECTOR('',#9022,10.);
#2707=VECTOR('',#9025,10.);
#2708=VECTOR('',#9026,10.);
#2709=VECTOR('',#9027,10.);
#2710=VECTOR('',#9034,10.);
#2711=VECTOR('',#9037,10.);
#2712=VECTOR('',#9038,10.);
#2713=VECTOR('',#9039,10.);
#2714=VECTOR('',#9046,10.);
#2715=VECTOR('',#9049,10.);
#2716=VECTOR('',#9050,10.);
#2717=VECTOR('',#9051,10.);
#2718=VECTOR('',#9058,10.);
#2719=VECTOR('',#9061,10.);
#2720=VECTOR('',#9062,10.);
#2721=VECTOR('',#9063,10.);
#2722=VECTOR('',#9070,10.);
#2723=VECTOR('',#9073,10.);
#2724=VECTOR('',#9074,10.);
#2725=VECTOR('',#9075,10.);
#2726=VECTOR('',#9082,10.);
#2727=VECTOR('',#9085,10.);
#2728=VECTOR('',#9086,10.);
#2729=VECTOR('',#9087,10.);
#2730=VECTOR('',#9090,10.);
#2731=VECTOR('',#9091,10.);
#2732=VECTOR('',#9094,10.);
#2733=VECTOR('',#9095,10.);
#2734=VECTOR('',#9096,10.);
#2735=VECTOR('',#9097,10.);
#2736=VECTOR('',#9104,10.);
#2737=VECTOR('',#9107,10.);
#2738=VECTOR('',#9108,10.);
#2739=VECTOR('',#9109,10.);
#2740=VECTOR('',#9116,10.);
#2741=VECTOR('',#9119,10.);
#2742=VECTOR('',#9120,10.);
#2743=VECTOR('',#9121,10.);
#2744=VECTOR('',#9124,10.);
#2745=VECTOR('',#9125,10.);
#2746=VECTOR('',#9126,10.);
#2747=VECTOR('',#9133,10.);
#2748=VECTOR('',#9136,10.);
#2749=VECTOR('',#9137,10.);
#2750=VECTOR('',#9138,10.);
#2751=VECTOR('',#9141,10.);
#2752=VECTOR('',#9142,10.);
#2753=VECTOR('',#9143,10.);
#2754=VECTOR('',#9146,10.);
#2755=VECTOR('',#9147,10.);
#2756=VECTOR('',#9148,10.);
#2757=VECTOR('',#9155,10.);
#2758=VECTOR('',#9158,10.);
#2759=VECTOR('',#9159,10.);
#2760=VECTOR('',#9160,10.);
#2761=VECTOR('',#9163,10.);
#2762=VECTOR('',#9164,10.);
#2763=VECTOR('',#9165,10.);
#2764=VECTOR('',#9172,10.);
#2765=VECTOR('',#9175,10.);
#2766=VECTOR('',#9176,10.);
#2767=VECTOR('',#9177,10.);
#2768=VECTOR('',#9184,10.);
#2769=VECTOR('',#9187,10.);
#2770=VECTOR('',#9188,10.);
#2771=VECTOR('',#9189,10.);
#2772=VECTOR('',#9202,10.);
#2773=VECTOR('',#9203,10.);
#2774=VECTOR('',#9204,10.);
#2775=VECTOR('',#9205,10.);
#2776=VECTOR('',#9206,10.);
#2777=VECTOR('',#9207,10.);
#2778=VECTOR('',#9208,10.);
#2779=VECTOR('',#9209,10.);
#2780=VECTOR('',#9210,10.);
#2781=VECTOR('',#9213,10.);
#2782=VECTOR('',#9214,10.);
#2783=VECTOR('',#9215,10.);
#2784=VECTOR('',#9218,10.);
#2785=VECTOR('',#9219,10.);
#2786=VECTOR('',#9220,10.);
#2787=VECTOR('',#9223,10.);
#2788=VECTOR('',#9224,10.);
#2789=VECTOR('',#9225,10.);
#2790=VECTOR('',#9226,10.);
#2791=VECTOR('',#9227,10.);
#2792=VECTOR('',#9228,10.);
#2793=VECTOR('',#9231,10.);
#2794=VECTOR('',#9232,10.);
#2795=VECTOR('',#9233,10.);
#2796=VECTOR('',#9234,10.);
#2797=VECTOR('',#9239,10.);
#2798=VECTOR('',#9240,10.);
#2799=VECTOR('',#9241,10.);
#2800=VECTOR('',#9242,10.);
#2801=VECTOR('',#9245,10.);
#2802=VECTOR('',#9246,10.);
#2803=VECTOR('',#9247,10.);
#2804=VECTOR('',#9248,10.);
#2805=VECTOR('',#9249,10.);
#2806=VECTOR('',#9250,10.);
#2807=VECTOR('',#9253,10.);
#2808=VECTOR('',#9254,10.);
#2809=VECTOR('',#9255,10.);
#2810=VECTOR('',#9258,10.);
#2811=VECTOR('',#9259,10.);
#2812=VECTOR('',#9260,10.);
#2813=VECTOR('',#9261,10.);
#2814=VECTOR('',#9264,10.);
#2815=VECTOR('',#9265,10.);
#2816=VECTOR('',#9266,10.);
#2817=VECTOR('',#9267,10.);
#2818=VECTOR('',#9268,10.);
#2819=VECTOR('',#9269,10.);
#2820=VECTOR('',#9270,10.);
#2821=VECTOR('',#9273,10.);
#2822=VECTOR('',#9274,10.);
#2823=VECTOR('',#9275,10.);
#2824=VECTOR('',#9278,10.);
#2825=VECTOR('',#9279,10.);
#2826=VECTOR('',#9280,10.);
#2827=VECTOR('',#9283,10.);
#2828=VECTOR('',#9284,10.);
#2829=VECTOR('',#9289,10.);
#2830=VECTOR('',#9290,10.);
#2831=VECTOR('',#9291,10.);
#2832=VECTOR('',#9292,10.);
#2833=VECTOR('',#9295,10.);
#2834=VECTOR('',#9296,10.);
#2835=VECTOR('',#9299,10.);
#2836=VECTOR('',#9300,10.);
#2837=VECTOR('',#9301,10.);
#2838=VECTOR('',#9304,10.);
#2839=VECTOR('',#9305,10.);
#2840=VECTOR('',#9306,10.);
#2841=VECTOR('',#9309,10.);
#2842=VECTOR('',#9310,10.);
#2843=VECTOR('',#9311,10.);
#2844=VECTOR('',#9314,10.);
#2845=VECTOR('',#9315,10.);
#2846=VECTOR('',#9316,10.);
#2847=VECTOR('',#9319,10.);
#2848=VECTOR('',#9320,10.);
#2849=VECTOR('',#9323,10.);
#2850=VECTOR('',#9324,10.);
#2851=VECTOR('',#9325,10.);
#2852=VECTOR('',#9328,10.);
#2853=VECTOR('',#9329,10.);
#2854=VECTOR('',#9330,10.);
#2855=VECTOR('',#9331,10.);
#2856=VECTOR('',#9332,10.);
#2857=VECTOR('',#9333,10.);
#2858=VECTOR('',#9334,10.);
#2859=VECTOR('',#9335,10.);
#2860=VECTOR('',#9336,10.);
#2861=VECTOR('',#9339,10.);
#2862=VECTOR('',#9340,10.);
#2863=VECTOR('',#9341,10.);
#2864=VECTOR('',#9342,10.);
#2865=VECTOR('',#9343,10.);
#2866=VECTOR('',#9344,10.);
#2867=VECTOR('',#9345,10.);
#2868=VECTOR('',#9346,10.);
#2869=VECTOR('',#9347,10.);
#2870=VECTOR('',#9350,10.);
#2871=VECTOR('',#9351,10.);
#2872=VECTOR('',#9352,10.);
#2873=VECTOR('',#9353,10.);
#2874=VECTOR('',#9354,10.);
#2875=VECTOR('',#9355,10.);
#2876=VECTOR('',#9356,10.);
#2877=VECTOR('',#9357,10.);
#2878=VECTOR('',#9358,10.);
#2879=VECTOR('',#9361,10.);
#2880=VECTOR('',#9362,10.);
#2881=VECTOR('',#9363,10.);
#2882=VECTOR('',#9364,10.);
#2883=VECTOR('',#9365,10.);
#2884=VECTOR('',#9366,10.);
#2885=VECTOR('',#9369,10.);
#2886=VECTOR('',#9370,10.);
#2887=VECTOR('',#9373,10.);
#2888=VECTOR('',#9374,10.);
#2889=VECTOR('',#9375,10.);
#2890=VECTOR('',#9376,10.);
#2891=VECTOR('',#9377,10.);
#2892=VECTOR('',#9378,10.);
#2893=VECTOR('',#9381,10.);
#2894=VECTOR('',#9382,10.);
#2895=VECTOR('',#9383,10.);
#2896=VECTOR('',#9386,10.);
#2897=VECTOR('',#9387,10.);
#2898=VECTOR('',#9388,10.);
#2899=VECTOR('',#9391,10.);
#2900=VECTOR('',#9392,10.);
#2901=VECTOR('',#9393,10.);
#2902=VECTOR('',#9396,10.);
#2903=VECTOR('',#9397,10.);
#2904=VECTOR('',#9398,10.);
#2905=VECTOR('',#9401,10.);
#2906=VECTOR('',#9402,10.);
#2907=VECTOR('',#9403,10.);
#2908=VECTOR('',#9406,10.);
#2909=VECTOR('',#9407,10.);
#2910=VECTOR('',#9408,10.);
#2911=VECTOR('',#9411,10.);
#2912=VECTOR('',#9412,10.);
#2913=VECTOR('',#9413,10.);
#2914=VECTOR('',#9414,10.);
#2915=VECTOR('',#9419,10.);
#2916=VECTOR('',#9420,10.);
#2917=VECTOR('',#9421,10.);
#2918=VECTOR('',#9422,10.);
#2919=VECTOR('',#9425,10.);
#2920=VECTOR('',#9426,10.);
#2921=VECTOR('',#9427,10.);
#2922=VECTOR('',#9430,10.);
#2923=VECTOR('',#9431,10.);
#2924=VECTOR('',#9432,10.);
#2925=VECTOR('',#9433,10.);
#2926=VECTOR('',#9434,10.);
#2927=VECTOR('',#9435,10.);
#2928=VECTOR('',#9436,10.);
#2929=VECTOR('',#9437,10.);
#2930=VECTOR('',#9438,10.);
#2931=VECTOR('',#9439,10.);
#2932=VECTOR('',#9442,10.);
#2933=VECTOR('',#9443,10.);
#2934=VECTOR('',#9444,10.);
#2935=VECTOR('',#9445,10.);
#2936=VECTOR('',#9446,10.);
#2937=VECTOR('',#9447,10.);
#2938=VECTOR('',#9448,10.);
#2939=VECTOR('',#9449,10.);
#2940=VECTOR('',#9450,10.);
#2941=VECTOR('',#9451,10.);
#2942=VECTOR('',#9454,10.);
#2943=VECTOR('',#9455,10.);
#2944=VECTOR('',#9456,10.);
#2945=VECTOR('',#9457,10.);
#2946=VECTOR('',#9460,10.);
#2947=VECTOR('',#9461,10.);
#2948=VECTOR('',#9462,10.);
#2949=VECTOR('',#9465,10.);
#2950=VECTOR('',#9466,10.);
#2951=VECTOR('',#9467,10.);
#2952=VECTOR('',#9468,10.);
#2953=VECTOR('',#9473,10.);
#2954=VECTOR('',#9474,10.);
#2955=VECTOR('',#9475,10.);
#2956=VECTOR('',#9476,10.);
#2957=VECTOR('',#9477,10.);
#2958=VECTOR('',#9478,10.);
#2959=VECTOR('',#9481,10.);
#2960=VECTOR('',#9482,10.);
#2961=VECTOR('',#9483,10.);
#2962=VECTOR('',#9486,10.);
#2963=VECTOR('',#9487,10.);
#2964=VECTOR('',#9488,10.);
#2965=VECTOR('',#9491,10.);
#2966=VECTOR('',#9492,10.);
#2967=VECTOR('',#9493,10.);
#2968=VECTOR('',#9494,10.);
#2969=VECTOR('',#9495,10.);
#2970=VECTOR('',#9498,10.);
#2971=VECTOR('',#9499,10.);
#2972=VECTOR('',#9500,10.);
#2973=VECTOR('',#9503,10.);
#2974=VECTOR('',#9504,10.);
#2975=VECTOR('',#9505,10.);
#2976=VECTOR('',#9508,10.);
#2977=VECTOR('',#9509,10.);
#2978=VECTOR('',#9512,10.);
#2979=VECTOR('',#9513,10.);
#2980=VECTOR('',#9516,10.);
#2981=VECTOR('',#9517,10.);
#2982=VECTOR('',#9518,10.);
#2983=VECTOR('',#9519,10.);
#2984=VECTOR('',#9520,10.);
#2985=VECTOR('',#9521,10.);
#2986=VECTOR('',#9522,10.);
#2987=VECTOR('',#9523,10.);
#2988=VECTOR('',#9524,10.);
#2989=VECTOR('',#9525,10.);
#2990=VECTOR('',#9526,10.);
#2991=VECTOR('',#9527,10.);
#2992=VECTOR('',#9528,10.);
#2993=VECTOR('',#9529,10.);
#2994=VECTOR('',#9530,10.);
#2995=VECTOR('',#9531,10.);
#2996=VECTOR('',#9532,10.);
#2997=VECTOR('',#9533,10.);
#2998=VECTOR('',#9534,10.);
#2999=VECTOR('',#9535,10.);
#3000=VECTOR('',#9536,10.);
#3001=VECTOR('',#9537,10.);
#3002=VECTOR('',#9540,10.);
#3003=VECTOR('',#9541,10.);
#3004=VECTOR('',#9542,10.);
#3005=VECTOR('',#9543,10.);
#3006=VECTOR('',#9544,10.);
#3007=VECTOR('',#9545,10.);
#3008=VECTOR('',#9546,10.);
#3009=VECTOR('',#9549,10.);
#3010=VECTOR('',#9550,10.);
#3011=VECTOR('',#9551,10.);
#3012=VECTOR('',#9556,10.);
#3013=VECTOR('',#9557,10.);
#3014=VECTOR('',#9558,10.);
#3015=VECTOR('',#9559,10.);
#3016=VECTOR('',#9560,10.);
#3017=VECTOR('',#9561,10.);
#3018=VECTOR('',#9562,10.);
#3019=VECTOR('',#9563,10.);
#3020=VECTOR('',#9564,10.);
#3021=VECTOR('',#9565,10.);
#3022=VECTOR('',#9568,10.);
#3023=VECTOR('',#9569,10.);
#3024=VECTOR('',#9570,10.);
#3025=VECTOR('',#9573,10.);
#3026=VECTOR('',#9574,10.);
#3027=VECTOR('',#9575,10.);
#3028=VECTOR('',#9578,10.);
#3029=VECTOR('',#9579,10.);
#3030=VECTOR('',#9580,10.);
#3031=VECTOR('',#9581,10.);
#3032=VECTOR('',#9582,10.);
#3033=VECTOR('',#9583,10.);
#3034=VECTOR('',#9584,10.);
#3035=VECTOR('',#9587,10.);
#3036=VECTOR('',#9588,10.);
#3037=VECTOR('',#9589,10.);
#3038=VECTOR('',#9592,10.);
#3039=VECTOR('',#9593,10.);
#3040=VECTOR('',#9594,10.);
#3041=VECTOR('',#9599,10.);
#3042=VECTOR('',#9600,10.);
#3043=VECTOR('',#9601,10.);
#3044=VECTOR('',#9602,10.);
#3045=VECTOR('',#9605,10.);
#3046=VECTOR('',#9606,10.);
#3047=VECTOR('',#9609,10.);
#3048=VECTOR('',#9610,10.);
#3049=VECTOR('',#9611,10.);
#3050=VECTOR('',#9614,10.);
#3051=VECTOR('',#9615,10.);
#3052=VECTOR('',#9616,10.);
#3053=VECTOR('',#9619,10.);
#3054=VECTOR('',#9620,10.);
#3055=VECTOR('',#9621,10.);
#3056=VECTOR('',#9624,10.);
#3057=VECTOR('',#9625,10.);
#3058=VECTOR('',#9626,10.);
#3059=VECTOR('',#9629,10.);
#3060=VECTOR('',#9630,10.);
#3061=VECTOR('',#9635,10.);
#3062=VECTOR('',#9636,10.);
#3063=VECTOR('',#9637,10.);
#3064=VECTOR('',#9638,10.);
#3065=VECTOR('',#9639,10.);
#3066=VECTOR('',#9640,10.);
#3067=VECTOR('',#9641,10.);
#3068=VECTOR('',#9644,10.);
#3069=VECTOR('',#9645,10.);
#3070=VECTOR('',#9646,10.);
#3071=VECTOR('',#9649,10.);
#3072=VECTOR('',#9650,10.);
#3073=VECTOR('',#9653,10.);
#3074=VECTOR('',#9654,10.);
#3075=VECTOR('',#9655,10.);
#3076=VECTOR('',#9656,10.);
#3077=VECTOR('',#9657,10.);
#3078=VECTOR('',#9658,10.);
#3079=VECTOR('',#9659,10.);
#3080=VECTOR('',#9660,10.);
#3081=VECTOR('',#9661,10.);
#3082=VECTOR('',#9664,10.);
#3083=VECTOR('',#9665,10.);
#3084=VECTOR('',#9666,10.);
#3085=VECTOR('',#9669,10.);
#3086=VECTOR('',#9670,10.);
#3087=VECTOR('',#9671,10.);
#3088=VECTOR('',#9674,10.);
#3089=VECTOR('',#9675,10.);
#3090=VECTOR('',#9676,10.);
#3091=VECTOR('',#9679,10.);
#3092=VECTOR('',#9680,10.);
#3093=VECTOR('',#9681,10.);
#3094=VECTOR('',#9684,10.);
#3095=VECTOR('',#9685,10.);
#3096=VECTOR('',#9686,10.);
#3097=VECTOR('',#9687,10.);
#3098=VECTOR('',#9692,10.);
#3099=VECTOR('',#9693,10.);
#3100=VECTOR('',#9694,10.);
#3101=VECTOR('',#9695,10.);
#3102=VECTOR('',#9696,10.);
#3103=VECTOR('',#9697,10.);
#3104=VECTOR('',#9698,10.);
#3105=VECTOR('',#9699,10.);
#3106=VECTOR('',#9702,10.);
#3107=VECTOR('',#9703,10.);
#3108=VECTOR('',#9704,10.);
#3109=VECTOR('',#9705,10.);
#3110=VECTOR('',#9706,10.);
#3111=VECTOR('',#9707,10.);
#3112=VECTOR('',#9710,10.);
#3113=VECTOR('',#9711,10.);
#3114=VECTOR('',#9712,10.);
#3115=VECTOR('',#9713,10.);
#3116=VECTOR('',#9714,10.);
#3117=VECTOR('',#9715,10.);
#3118=VECTOR('',#9718,10.);
#3119=VECTOR('',#9719,10.);
#3120=VECTOR('',#9722,10.);
#3121=VECTOR('',#9723,10.);
#3122=VECTOR('',#9724,10.);
#3123=VECTOR('',#9725,10.);
#3124=VECTOR('',#9728,10.);
#3125=VECTOR('',#9729,10.);
#3126=VECTOR('',#9732,10.);
#3127=VECTOR('',#9733,10.);
#3128=VECTOR('',#9734,10.);
#3129=VECTOR('',#9735,10.);
#3130=VECTOR('',#9738,10.);
#3131=VECTOR('',#9739,10.);
#3132=VECTOR('',#9740,10.);
#3133=VECTOR('',#9743,10.);
#3134=VECTOR('',#9744,10.);
#3135=VECTOR('',#9745,10.);
#3136=VECTOR('',#9746,10.);
#3137=VECTOR('',#9747,10.);
#3138=VECTOR('',#9748,10.);
#3139=VECTOR('',#9749,10.);
#3140=VECTOR('',#9750,10.);
#3141=VECTOR('',#9751,10.);
#3142=VECTOR('',#9752,10.);
#3143=VECTOR('',#9753,10.);
#3144=VECTOR('',#9756,10.);
#3145=VECTOR('',#9757,10.);
#3146=VECTOR('',#9758,10.);
#3147=VECTOR('',#9761,10.);
#3148=VECTOR('',#9762,10.);
#3149=VECTOR('',#9763,10.);
#3150=VECTOR('',#9764,10.);
#3151=VECTOR('',#9765,10.);
#3152=VECTOR('',#9766,10.);
#3153=VECTOR('',#9767,10.);
#3154=VECTOR('',#9770,10.);
#3155=VECTOR('',#9771,10.);
#3156=VECTOR('',#9772,10.);
#3157=VECTOR('',#9775,10.);
#3158=VECTOR('',#9776,10.);
#3159=VECTOR('',#9777,10.);
#3160=VECTOR('',#9780,10.);
#3161=VECTOR('',#9781,10.);
#3162=VECTOR('',#9782,10.);
#3163=VECTOR('',#9783,10.);
#3164=VECTOR('',#9784,10.);
#3165=VECTOR('',#9787,10.);
#3166=VECTOR('',#9788,10.);
#3167=VECTOR('',#9789,10.);
#3168=VECTOR('',#9792,10.);
#3169=VECTOR('',#9793,10.);
#3170=VECTOR('',#9794,10.);
#3171=VECTOR('',#9795,10.);
#3172=VECTOR('',#9796,10.);
#3173=VECTOR('',#9797,10.);
#3174=VECTOR('',#9798,10.);
#3175=VECTOR('',#9799,10.);
#3176=VECTOR('',#9800,10.);
#3177=VECTOR('',#9801,10.);
#3178=VECTOR('',#9802,10.);
#3179=VECTOR('',#9805,10.);
#3180=VECTOR('',#9806,10.);
#3181=VECTOR('',#9807,10.);
#3182=VECTOR('',#9808,10.);
#3183=VECTOR('',#9811,10.);
#3184=VECTOR('',#9812,10.);
#3185=VECTOR('',#9813,10.);
#3186=VECTOR('',#9816,10.);
#3187=VECTOR('',#9817,10.);
#3188=VECTOR('',#9820,10.);
#3189=VECTOR('',#9821,10.);
#3190=VECTOR('',#9822,10.);
#3191=VECTOR('',#9825,10.);
#3192=VECTOR('',#9826,10.);
#3193=VECTOR('',#9827,10.);
#3194=VECTOR('',#9828,10.);
#3195=VECTOR('',#9829,10.);
#3196=VECTOR('',#9830,10.);
#3197=VECTOR('',#9831,10.);
#3198=VECTOR('',#9832,10.);
#3199=VECTOR('',#9833,10.);
#3200=VECTOR('',#9836,10.);
#3201=VECTOR('',#9837,10.);
#3202=VECTOR('',#9838,10.);
#3203=VECTOR('',#9839,10.);
#3204=VECTOR('',#9840,10.);
#3205=VECTOR('',#9841,10.);
#3206=VECTOR('',#9842,10.);
#3207=VECTOR('',#9843,10.);
#3208=VECTOR('',#9844,10.);
#3209=VECTOR('',#9847,10.);
#3210=VECTOR('',#9848,10.);
#3211=VECTOR('',#9849,10.);
#3212=VECTOR('',#9850,10.);
#3213=VECTOR('',#9851,10.);
#3214=VECTOR('',#9852,10.);
#3215=VECTOR('',#9853,10.);
#3216=VECTOR('',#9854,10.);
#3217=VECTOR('',#9855,10.);
#3218=VECTOR('',#9858,10.);
#3219=VECTOR('',#9859,10.);
#3220=VECTOR('',#9860,10.);
#3221=VECTOR('',#9861,10.);
#3222=VECTOR('',#9862,10.);
#3223=VECTOR('',#9863,10.);
#3224=VECTOR('',#9866,10.);
#3225=VECTOR('',#9867,10.);
#3226=VECTOR('',#9868,10.);
#3227=VECTOR('',#9869,10.);
#3228=VECTOR('',#9870,10.);
#3229=VECTOR('',#9871,10.);
#3230=VECTOR('',#9872,10.);
#3231=VECTOR('',#9873,10.);
#3232=VECTOR('',#9874,10.);
#3233=VECTOR('',#9875,10.);
#3234=VECTOR('',#9876,10.);
#3235=VECTOR('',#9877,10.);
#3236=VECTOR('',#9878,10.);
#3237=VECTOR('',#9879,10.);
#3238=VECTOR('',#9880,10.);
#3239=VECTOR('',#9881,10.);
#3240=VECTOR('',#9886,10.);
#3241=VECTOR('',#9887,10.);
#3242=VECTOR('',#9888,10.);
#3243=VECTOR('',#9889,10.);
#3244=VECTOR('',#9892,10.);
#3245=VECTOR('',#9893,10.);
#3246=VECTOR('',#9894,10.);
#3247=VECTOR('',#9895,10.);
#3248=VECTOR('',#9896,10.);
#3249=VECTOR('',#9897,10.);
#3250=VECTOR('',#9898,10.);
#3251=VECTOR('',#9901,10.);
#3252=VECTOR('',#9902,10.);
#3253=VECTOR('',#9903,10.);
#3254=VECTOR('',#9904,10.);
#3255=VECTOR('',#9905,10.);
#3256=VECTOR('',#9906,10.);
#3257=VECTOR('',#9907,10.);
#3258=VECTOR('',#9910,10.);
#3259=VECTOR('',#9911,10.);
#3260=VECTOR('',#9912,10.);
#3261=VECTOR('',#9915,10.);
#3262=VECTOR('',#9916,10.);
#3263=VECTOR('',#9917,10.);
#3264=VECTOR('',#9920,10.);
#3265=VECTOR('',#9921,10.);
#3266=VECTOR('',#9922,10.);
#3267=VECTOR('',#9925,10.);
#3268=VECTOR('',#9926,10.);
#3269=VECTOR('',#9927,10.);
#3270=VECTOR('',#9930,10.);
#3271=VECTOR('',#9931,10.);
#3272=VECTOR('',#9932,10.);
#3273=VECTOR('',#9933,10.);
#3274=VECTOR('',#9934,10.);
#3275=VECTOR('',#9935,10.);
#3276=VECTOR('',#9938,10.);
#3277=VECTOR('',#9939,10.);
#3278=VECTOR('',#9940,10.);
#3279=VECTOR('',#9943,10.);
#3280=VECTOR('',#9944,10.);
#3281=VECTOR('',#9945,10.);
#3282=VECTOR('',#9948,10.);
#3283=VECTOR('',#9949,10.);
#3284=VECTOR('',#9950,10.);
#3285=VECTOR('',#9951,10.);
#3286=VECTOR('',#9952,10.);
#3287=VECTOR('',#9953,10.);
#3288=VECTOR('',#9956,10.);
#3289=VECTOR('',#9957,10.);
#3290=VECTOR('',#9958,10.);
#3291=VECTOR('',#9961,10.);
#3292=VECTOR('',#9962,10.);
#3293=VECTOR('',#9963,10.);
#3294=VECTOR('',#9966,10.);
#3295=VECTOR('',#9967,10.);
#3296=VECTOR('',#9970,10.);
#3297=VECTOR('',#9971,10.);
#3298=VECTOR('',#9974,10.);
#3299=VECTOR('',#9975,10.);
#3300=VECTOR('',#9976,10.);
#3301=VECTOR('',#9977,10.);
#3302=VECTOR('',#9978,10.);
#3303=VECTOR('',#9979,10.);
#3304=VECTOR('',#9980,10.);
#3305=VECTOR('',#9981,10.);
#3306=VECTOR('',#9982,10.);
#3307=VECTOR('',#9983,10.);
#3308=VECTOR('',#9984,10.);
#3309=VECTOR('',#9985,10.);
#3310=VECTOR('',#9986,10.);
#3311=VECTOR('',#9987,10.);
#3312=VECTOR('',#9988,10.);
#3313=VECTOR('',#9989,10.);
#3314=VECTOR('',#9990,10.);
#3315=VECTOR('',#9991,10.);
#3316=VECTOR('',#9992,10.);
#3317=VECTOR('',#9993,10.);
#3318=VECTOR('',#9994,10.);
#3319=VECTOR('',#9995,10.);
#3320=VECTOR('',#9996,10.);
#3321=VECTOR('',#9997,10.);
#3322=VECTOR('',#9998,10.);
#3323=VECTOR('',#10001,10.);
#3324=VECTOR('',#10002,10.);
#3325=VECTOR('',#10003,10.);
#3326=VECTOR('',#10004,10.);
#3327=VECTOR('',#10007,10.);
#3328=VECTOR('',#10008,10.);
#3329=VECTOR('',#10009,10.);
#3330=VECTOR('',#10012,10.);
#3331=VECTOR('',#10013,10.);
#3332=VECTOR('',#10014,10.);
#3333=VECTOR('',#10017,10.);
#3334=VECTOR('',#10018,10.);
#3335=VECTOR('',#10019,10.);
#3336=VECTOR('',#10020,10.);
#3337=VECTOR('',#10023,10.);
#3338=VECTOR('',#10024,10.);
#3339=VECTOR('',#10025,10.);
#3340=VECTOR('',#10028,10.);
#3341=VECTOR('',#10029,10.);
#3342=VECTOR('',#10032,10.);
#3343=VECTOR('',#10033,10.);
#3344=VECTOR('',#10034,10.);
#3345=VECTOR('',#10037,10.);
#3346=VECTOR('',#10038,10.);
#3347=VECTOR('',#10039,10.);
#3348=VECTOR('',#10042,10.);
#3349=VECTOR('',#10043,10.);
#3350=VECTOR('',#10044,10.);
#3351=VECTOR('',#10045,10.);
#3352=VECTOR('',#10046,10.);
#3353=VECTOR('',#10047,10.);
#3354=VECTOR('',#10048,10.);
#3355=VECTOR('',#10049,10.);
#3356=VECTOR('',#10050,10.);
#3357=VECTOR('',#10051,10.);
#3358=VECTOR('',#10052,10.);
#3359=VECTOR('',#10053,10.);
#3360=VECTOR('',#10054,10.);
#3361=VECTOR('',#10057,10.);
#3362=VECTOR('',#10058,10.);
#3363=VECTOR('',#10059,10.);
#3364=VECTOR('',#10060,10.);
#3365=VECTOR('',#10061,10.);
#3366=VECTOR('',#10062,10.);
#3367=VECTOR('',#10063,10.);
#3368=VECTOR('',#10064,10.);
#3369=VECTOR('',#10065,10.);
#3370=VECTOR('',#10066,10.);
#3371=VECTOR('',#10067,10.);
#3372=VECTOR('',#10110,10.);
#3373=VECTOR('',#10111,10.);
#3374=VECTOR('',#10114,10.);
#3375=VECTOR('',#10115,10.);
#3376=VECTOR('',#10118,10.);
#3377=VECTOR('',#10121,10.);
#3378=VECTOR('',#10124,10.);
#3379=VECTOR('',#10127,10.);
#3380=VECTOR('',#10130,10.);
#3381=VECTOR('',#10131,10.);
#3382=VECTOR('',#10132,10.);
#3383=VECTOR('',#10135,10.);
#3384=VECTOR('',#10140,10.);
#3385=VECTOR('',#10141,10.);
#3386=VECTOR('',#10144,10.);
#3387=VECTOR('',#10149,10.);
#3388=VECTOR('',#10150,10.);
#3389=VECTOR('',#10151,10.);
#3390=VECTOR('',#10154,10.);
#3391=VECTOR('',#10159,10.);
#3392=VECTOR('',#10160,10.);
#3393=VECTOR('',#10163,10.);
#3394=VECTOR('',#10164,10.);
#3395=VECTOR('',#10167,10.);
#3396=VECTOR('',#10172,10.);
#3397=VECTOR('',#10173,10.);
#3398=VECTOR('',#10176,10.);
#3399=VECTOR('',#10183,10.);
#3400=VECTOR('',#10186,10.);
#3401=VECTOR('',#10189,10.);
#3402=CIRCLE('',#8630,2.45);
#3403=CIRCLE('',#8631,2.45);
#3404=CIRCLE('',#8634,2.45);
#3405=CIRCLE('',#8635,2.45);
#3406=CIRCLE('',#8638,2.45);
#3407=CIRCLE('',#8639,2.45);
#3408=CIRCLE('',#8642,2.45);
#3409=CIRCLE('',#8643,2.45);
#3410=CIRCLE('',#8646,1.);
#3411=CIRCLE('',#8647,1.);
#3412=CIRCLE('',#8651,1.00000000000001);
#3413=CIRCLE('',#8652,1.00000000000001);
#3414=CIRCLE('',#8655,0.999999999999466);
#3415=CIRCLE('',#8656,0.999999999999466);
#3416=CIRCLE('',#8659,1.00000000000011);
#3417=CIRCLE('',#8660,1.00000000000011);
#3418=CIRCLE('',#8663,1.00000000000002);
#3419=CIRCLE('',#8664,1.00000000000002);
#3420=CIRCLE('',#8668,0.999999999999873);
#3421=CIRCLE('',#8669,0.999999999999873);
#3422=CIRCLE('',#8672,0.999999999999996);
#3423=CIRCLE('',#8673,0.999999999999996);
#3424=CIRCLE('',#8676,0.999999999999998);
#3425=CIRCLE('',#8677,0.999999999999998);
#3426=CIRCLE('',#8680,1.00000000000001);
#3427=CIRCLE('',#8681,1.00000000000001);
#3428=CIRCLE('',#8684,0.999999999999996);
#3429=CIRCLE('',#8685,0.999999999999996);
#3430=CIRCLE('',#8688,0.999999999999997);
#3431=CIRCLE('',#8689,0.999999999999997);
#3432=CIRCLE('',#8694,7.99999999999997);
#3433=CIRCLE('',#8695,7.99999999999997);
#3434=CIRCLE('',#8698,7.99999999999999);
#3435=CIRCLE('',#8699,7.99999999999999);
#3436=CIRCLE('',#8703,8.00000000000002);
#3437=CIRCLE('',#8704,8.00000000000002);
#3438=CIRCLE('',#8709,7.99999999999998);
#3439=CIRCLE('',#8710,7.99999999999998);
#3440=CIRCLE('',#8714,8.00000000000001);
#3441=CIRCLE('',#8715,8.00000000000001);
#3442=CIRCLE('',#8718,7.99999999999998);
#3443=CIRCLE('',#8719,7.99999999999998);
#3444=CIRCLE('',#8722,8.);
#3445=CIRCLE('',#8723,8.);
#3446=CIRCLE('',#8880,0.999999999999996);
#3447=CIRCLE('',#8881,1.00000000000001);
#3448=CIRCLE('',#8882,0.999999999999994);
#3449=CIRCLE('',#8883,0.999999999999996);
#3450=CIRCLE('',#8884,0.999999999999996);
#3451=CIRCLE('',#8885,0.999999999999996);
#3452=CIRCLE('',#8888,0.999999999999996);
#3453=CIRCLE('',#8891,0.999999999999996);
#3454=CIRCLE('',#8894,1.00000000000001);
#3455=CIRCLE('',#8898,0.999999999999994);
#3456=CIRCLE('',#8901,0.999999999999996);
#3457=CIRCLE('',#8903,0.999999999999996);
#3458=VERTEX_POINT('',#10194);
#3459=VERTEX_POINT('',#10196);
#3460=VERTEX_POINT('',#10201);
#3461=VERTEX_POINT('',#10203);
#3462=VERTEX_POINT('',#10208);
#3463=VERTEX_POINT('',#10210);
#3464=VERTEX_POINT('',#10215);
#3465=VERTEX_POINT('',#10217);
#3466=VERTEX_POINT('',#10222);
#3467=VERTEX_POINT('',#10223);
#3468=VERTEX_POINT('',#10225);
#3469=VERTEX_POINT('',#10227);
#3470=VERTEX_POINT('',#10231);
#3471=VERTEX_POINT('',#10233);
#3472=VERTEX_POINT('',#10237);
#3473=VERTEX_POINT('',#10239);
#3474=VERTEX_POINT('',#10243);
#3475=VERTEX_POINT('',#10245);
#3476=VERTEX_POINT('',#10249);
#3477=VERTEX_POINT('',#10251);
#3478=VERTEX_POINT('',#10255);
#3479=VERTEX_POINT('',#10257);
#3480=VERTEX_POINT('',#10261);
#3481=VERTEX_POINT('',#10263);
#3482=VERTEX_POINT('',#10267);
#3483=VERTEX_POINT('',#10269);
#3484=VERTEX_POINT('',#10273);
#3485=VERTEX_POINT('',#10275);
#3486=VERTEX_POINT('',#10279);
#3487=VERTEX_POINT('',#10281);
#3488=VERTEX_POINT('',#10285);
#3489=VERTEX_POINT('',#10287);
#3490=VERTEX_POINT('',#10291);
#3491=VERTEX_POINT('',#10293);
#3492=VERTEX_POINT('',#10297);
#3493=VERTEX_POINT('',#10299);
#3494=VERTEX_POINT('',#10303);
#3495=VERTEX_POINT('',#10305);
#3496=VERTEX_POINT('',#10309);
#3497=VERTEX_POINT('',#10311);
#3498=VERTEX_POINT('',#10315);
#3499=VERTEX_POINT('',#10317);
#3500=VERTEX_POINT('',#10321);
#3501=VERTEX_POINT('',#10323);
#3502=VERTEX_POINT('',#10327);
#3503=VERTEX_POINT('',#10329);
#3504=VERTEX_POINT('',#10333);
#3505=VERTEX_POINT('',#10335);
#3506=VERTEX_POINT('',#10339);
#3507=VERTEX_POINT('',#10341);
#3508=VERTEX_POINT('',#10345);
#3509=VERTEX_POINT('',#10347);
#3510=VERTEX_POINT('',#10351);
#3511=VERTEX_POINT('',#10353);
#3512=VERTEX_POINT('',#10357);
#3513=VERTEX_POINT('',#10359);
#3514=VERTEX_POINT('',#10363);
#3515=VERTEX_POINT('',#10365);
#3516=VERTEX_POINT('',#10372);
#3517=VERTEX_POINT('',#10373);
#3518=VERTEX_POINT('',#10375);
#3519=VERTEX_POINT('',#10377);
#3520=VERTEX_POINT('',#10381);
#3521=VERTEX_POINT('',#10383);
#3522=VERTEX_POINT('',#10387);
#3523=VERTEX_POINT('',#10389);
#3524=VERTEX_POINT('',#10393);
#3525=VERTEX_POINT('',#10395);
#3526=VERTEX_POINT('',#10399);
#3527=VERTEX_POINT('',#10401);
#3528=VERTEX_POINT('',#10405);
#3529=VERTEX_POINT('',#10407);
#3530=VERTEX_POINT('',#10411);
#3531=VERTEX_POINT('',#10413);
#3532=VERTEX_POINT('',#10417);
#3533=VERTEX_POINT('',#10419);
#3534=VERTEX_POINT('',#10423);
#3535=VERTEX_POINT('',#10425);
#3536=VERTEX_POINT('',#10429);
#3537=VERTEX_POINT('',#10431);
#3538=VERTEX_POINT('',#10435);
#3539=VERTEX_POINT('',#10437);
#3540=VERTEX_POINT('',#10441);
#3541=VERTEX_POINT('',#10443);
#3542=VERTEX_POINT('',#10447);
#3543=VERTEX_POINT('',#10449);
#3544=VERTEX_POINT('',#10453);
#3545=VERTEX_POINT('',#10455);
#3546=VERTEX_POINT('',#10459);
#3547=VERTEX_POINT('',#10461);
#3548=VERTEX_POINT('',#10465);
#3549=VERTEX_POINT('',#10467);
#3550=VERTEX_POINT('',#10471);
#3551=VERTEX_POINT('',#10473);
#3552=VERTEX_POINT('',#10482);
#3553=VERTEX_POINT('',#10483);
#3554=VERTEX_POINT('',#10485);
#3555=VERTEX_POINT('',#10487);
#3556=VERTEX_POINT('',#10496);
#3557=VERTEX_POINT('',#10500);
#3558=VERTEX_POINT('',#10512);
#3559=VERTEX_POINT('',#10516);
#3560=VERTEX_POINT('',#10527);
#3561=VERTEX_POINT('',#10531);
#3562=VERTEX_POINT('',#10542);
#3563=VERTEX_POINT('',#10546);
#3564=VERTEX_POINT('',#10552);
#3565=VERTEX_POINT('',#10554);
#3566=VERTEX_POINT('',#10558);
#3567=VERTEX_POINT('',#10560);
#3568=VERTEX_POINT('',#10564);
#3569=VERTEX_POINT('',#10566);
#3570=VERTEX_POINT('',#10575);
#3571=VERTEX_POINT('',#10579);
#3572=VERTEX_POINT('',#10590);
#3573=VERTEX_POINT('',#10594);
#3574=VERTEX_POINT('',#10605);
#3575=VERTEX_POINT('',#10609);
#3576=VERTEX_POINT('',#10615);
#3577=VERTEX_POINT('',#10617);
#3578=VERTEX_POINT('',#10635);
#3579=VERTEX_POINT('',#10636);
#3580=VERTEX_POINT('',#10638);
#3581=VERTEX_POINT('',#10640);
#3582=VERTEX_POINT('',#10652);
#3583=VERTEX_POINT('',#10656);
#3584=VERTEX_POINT('',#10667);
#3585=VERTEX_POINT('',#10671);
#3586=VERTEX_POINT('',#10682);
#3587=VERTEX_POINT('',#10686);
#3588=VERTEX_POINT('',#10697);
#3589=VERTEX_POINT('',#10701);
#3590=VERTEX_POINT('',#10707);
#3591=VERTEX_POINT('',#10709);
#3592=VERTEX_POINT('',#10713);
#3593=VERTEX_POINT('',#10715);
#3594=VERTEX_POINT('',#10720);
#3595=VERTEX_POINT('',#10722);
#3596=VERTEX_POINT('',#10731);
#3597=VERTEX_POINT('',#10735);
#3598=VERTEX_POINT('',#10747);
#3599=VERTEX_POINT('',#10751);
#3600=VERTEX_POINT('',#10762);
#3601=VERTEX_POINT('',#10766);
#3602=VERTEX_POINT('',#10772);
#3603=VERTEX_POINT('',#10774);
#3604=VERTEX_POINT('',#10778);
#3605=VERTEX_POINT('',#10780);
#3606=VERTEX_POINT('',#10800);
#3607=VERTEX_POINT('',#10801);
#3608=VERTEX_POINT('',#10803);
#3609=VERTEX_POINT('',#10805);
#3610=VERTEX_POINT('',#10812);
#3611=VERTEX_POINT('',#10814);
#3612=VERTEX_POINT('',#10818);
#3613=VERTEX_POINT('',#10820);
#3614=VERTEX_POINT('',#10824);
#3615=VERTEX_POINT('',#10826);
#3616=VERTEX_POINT('',#10830);
#3617=VERTEX_POINT('',#10832);
#3618=VERTEX_POINT('',#10857);
#3619=VERTEX_POINT('',#10858);
#3620=VERTEX_POINT('',#10862);
#3621=VERTEX_POINT('',#10864);
#3622=VERTEX_POINT('',#10875);
#3623=VERTEX_POINT('',#10879);
#3624=VERTEX_POINT('',#10885);
#3625=VERTEX_POINT('',#10887);
#3626=VERTEX_POINT('',#10896);
#3627=VERTEX_POINT('',#10900);
#3628=VERTEX_POINT('',#10911);
#3629=VERTEX_POINT('',#10915);
#3630=VERTEX_POINT('',#10926);
#3631=VERTEX_POINT('',#10930);
#3632=VERTEX_POINT('',#10941);
#3633=VERTEX_POINT('',#10945);
#3634=VERTEX_POINT('',#10956);
#3635=VERTEX_POINT('',#10960);
#3636=VERTEX_POINT('',#10971);
#3637=VERTEX_POINT('',#10975);
#3638=VERTEX_POINT('',#10981);
#3639=VERTEX_POINT('',#10983);
#3640=VERTEX_POINT('',#10992);
#3641=VERTEX_POINT('',#10996);
#3642=VERTEX_POINT('',#11007);
#3643=VERTEX_POINT('',#11011);
#3644=VERTEX_POINT('',#11022);
#3645=VERTEX_POINT('',#11026);
#3646=VERTEX_POINT('',#11037);
#3647=VERTEX_POINT('',#11041);
#3648=VERTEX_POINT('',#11052);
#3649=VERTEX_POINT('',#11056);
#3650=VERTEX_POINT('',#11067);
#3651=VERTEX_POINT('',#11071);
#3652=VERTEX_POINT('',#11077);
#3653=VERTEX_POINT('',#11079);
#3654=VERTEX_POINT('',#11088);
#3655=VERTEX_POINT('',#11092);
#3656=VERTEX_POINT('',#11103);
#3657=VERTEX_POINT('',#11107);
#3658=VERTEX_POINT('',#11118);
#3659=VERTEX_POINT('',#11122);
#3660=VERTEX_POINT('',#11133);
#3661=VERTEX_POINT('',#11137);
#3662=VERTEX_POINT('',#11148);
#3663=VERTEX_POINT('',#11152);
#3664=VERTEX_POINT('',#11163);
#3665=VERTEX_POINT('',#11167);
#3666=VERTEX_POINT('',#11173);
#3667=VERTEX_POINT('',#11175);
#3668=VERTEX_POINT('',#11184);
#3669=VERTEX_POINT('',#11188);
#3670=VERTEX_POINT('',#11199);
#3671=VERTEX_POINT('',#11203);
#3672=VERTEX_POINT('',#11214);
#3673=VERTEX_POINT('',#11218);
#3674=VERTEX_POINT('',#11242);
#3675=VERTEX_POINT('',#11243);
#3676=VERTEX_POINT('',#11247);
#3677=VERTEX_POINT('',#11249);
#3678=VERTEX_POINT('',#11255);
#3679=VERTEX_POINT('',#11257);
#3680=VERTEX_POINT('',#11266);
#3681=VERTEX_POINT('',#11270);
#3682=VERTEX_POINT('',#11281);
#3683=VERTEX_POINT('',#11285);
#3684=VERTEX_POINT('',#11296);
#3685=VERTEX_POINT('',#11300);
#3686=VERTEX_POINT('',#11306);
#3687=VERTEX_POINT('',#11308);
#3688=VERTEX_POINT('',#11312);
#3689=VERTEX_POINT('',#11314);
#3690=VERTEX_POINT('',#11318);
#3691=VERTEX_POINT('',#11320);
#3692=VERTEX_POINT('',#11324);
#3693=VERTEX_POINT('',#11326);
#3694=VERTEX_POINT('',#11330);
#3695=VERTEX_POINT('',#11332);
#3696=VERTEX_POINT('',#11336);
#3697=VERTEX_POINT('',#11338);
#3698=VERTEX_POINT('',#11342);
#3699=VERTEX_POINT('',#11344);
#3700=VERTEX_POINT('',#11353);
#3701=VERTEX_POINT('',#11357);
#3702=VERTEX_POINT('',#11376);
#3703=VERTEX_POINT('',#11377);
#3704=VERTEX_POINT('',#11379);
#3705=VERTEX_POINT('',#11381);
#3706=VERTEX_POINT('',#11385);
#3707=VERTEX_POINT('',#11387);
#3708=VERTEX_POINT('',#11391);
#3709=VERTEX_POINT('',#11393);
#3710=VERTEX_POINT('',#11403);
#3711=VERTEX_POINT('',#11407);
#3712=VERTEX_POINT('',#11418);
#3713=VERTEX_POINT('',#11422);
#3714=VERTEX_POINT('',#11433);
#3715=VERTEX_POINT('',#11437);
#3716=VERTEX_POINT('',#11448);
#3717=VERTEX_POINT('',#11452);
#3718=VERTEX_POINT('',#11463);
#3719=VERTEX_POINT('',#11467);
#3720=VERTEX_POINT('',#11478);
#3721=VERTEX_POINT('',#11482);
#3722=VERTEX_POINT('',#11488);
#3723=VERTEX_POINT('',#11490);
#3724=VERTEX_POINT('',#11499);
#3725=VERTEX_POINT('',#11503);
#3726=VERTEX_POINT('',#11514);
#3727=VERTEX_POINT('',#11518);
#3728=VERTEX_POINT('',#11529);
#3729=VERTEX_POINT('',#11533);
#3730=VERTEX_POINT('',#11544);
#3731=VERTEX_POINT('',#11548);
#3732=VERTEX_POINT('',#11559);
#3733=VERTEX_POINT('',#11563);
#3734=VERTEX_POINT('',#11574);
#3735=VERTEX_POINT('',#11578);
#3736=VERTEX_POINT('',#11589);
#3737=VERTEX_POINT('',#11593);
#3738=VERTEX_POINT('',#11599);
#3739=VERTEX_POINT('',#11601);
#3740=VERTEX_POINT('',#11606);
#3741=VERTEX_POINT('',#11608);
#3742=VERTEX_POINT('',#11624);
#3743=VERTEX_POINT('',#11626);
#3744=VERTEX_POINT('',#11644);
#3745=VERTEX_POINT('',#11646);
#3746=VERTEX_POINT('',#11655);
#3747=VERTEX_POINT('',#11659);
#3748=VERTEX_POINT('',#11670);
#3749=VERTEX_POINT('',#11674);
#3750=VERTEX_POINT('',#11685);
#3751=VERTEX_POINT('',#11689);
#3752=VERTEX_POINT('',#11695);
#3753=VERTEX_POINT('',#11697);
#3754=VERTEX_POINT('',#11701);
#3755=VERTEX_POINT('',#11703);
#3756=VERTEX_POINT('',#11707);
#3757=VERTEX_POINT('',#11709);
#3758=VERTEX_POINT('',#11718);
#3759=VERTEX_POINT('',#11722);
#3760=VERTEX_POINT('',#11733);
#3761=VERTEX_POINT('',#11737);
#3762=VERTEX_POINT('',#11743);
#3763=VERTEX_POINT('',#11745);
#3764=VERTEX_POINT('',#11749);
#3765=VERTEX_POINT('',#11751);
#3766=VERTEX_POINT('',#11767);
#3767=VERTEX_POINT('',#11768);
#3768=VERTEX_POINT('',#11772);
#3769=VERTEX_POINT('',#11774);
#3770=VERTEX_POINT('',#11785);
#3771=VERTEX_POINT('',#11789);
#3772=VERTEX_POINT('',#11800);
#3773=VERTEX_POINT('',#11804);
#3774=VERTEX_POINT('',#11815);
#3775=VERTEX_POINT('',#11819);
#3776=VERTEX_POINT('',#11830);
#3777=VERTEX_POINT('',#11834);
#3778=VERTEX_POINT('',#11845);
#3779=VERTEX_POINT('',#11849);
#3780=VERTEX_POINT('',#11860);
#3781=VERTEX_POINT('',#11864);
#3782=VERTEX_POINT('',#11876);
#3783=VERTEX_POINT('',#11880);
#3784=VERTEX_POINT('',#11891);
#3785=VERTEX_POINT('',#11895);
#3786=VERTEX_POINT('',#11907);
#3787=VERTEX_POINT('',#11911);
#3788=VERTEX_POINT('',#11922);
#3789=VERTEX_POINT('',#11926);
#3790=VERTEX_POINT('',#11937);
#3791=VERTEX_POINT('',#11941);
#3792=VERTEX_POINT('',#11952);
#3793=VERTEX_POINT('',#11956);
#3794=VERTEX_POINT('',#11967);
#3795=VERTEX_POINT('',#11971);
#3796=VERTEX_POINT('',#11982);
#3797=VERTEX_POINT('',#11986);
#3798=VERTEX_POINT('',#11997);
#3799=VERTEX_POINT('',#12001);
#3800=VERTEX_POINT('',#12012);
#3801=VERTEX_POINT('',#12016);
#3802=VERTEX_POINT('',#12027);
#3803=VERTEX_POINT('',#12031);
#3804=VERTEX_POINT('',#12042);
#3805=VERTEX_POINT('',#12046);
#3806=VERTEX_POINT('',#12052);
#3807=VERTEX_POINT('',#12054);
#3808=VERTEX_POINT('',#12063);
#3809=VERTEX_POINT('',#12067);
#3810=VERTEX_POINT('',#12078);
#3811=VERTEX_POINT('',#12082);
#3812=VERTEX_POINT('',#12093);
#3813=VERTEX_POINT('',#12097);
#3814=VERTEX_POINT('',#12120);
#3815=VERTEX_POINT('',#12124);
#3816=VERTEX_POINT('',#12130);
#3817=VERTEX_POINT('',#12132);
#3818=VERTEX_POINT('',#12161);
#3819=VERTEX_POINT('',#12162);
#3820=VERTEX_POINT('',#12164);
#3821=VERTEX_POINT('',#12166);
#3822=VERTEX_POINT('',#12175);
#3823=VERTEX_POINT('',#12179);
#3824=VERTEX_POINT('',#12191);
#3825=VERTEX_POINT('',#12195);
#3826=VERTEX_POINT('',#12206);
#3827=VERTEX_POINT('',#12210);
#3828=VERTEX_POINT('',#12221);
#3829=VERTEX_POINT('',#12225);
#3830=VERTEX_POINT('',#12236);
#3831=VERTEX_POINT('',#12240);
#3832=VERTEX_POINT('',#12246);
#3833=VERTEX_POINT('',#12248);
#3834=VERTEX_POINT('',#12252);
#3835=VERTEX_POINT('',#12254);
#3836=VERTEX_POINT('',#12258);
#3837=VERTEX_POINT('',#12260);
#3838=VERTEX_POINT('',#12269);
#3839=VERTEX_POINT('',#12273);
#3840=VERTEX_POINT('',#12284);
#3841=VERTEX_POINT('',#12288);
#3842=VERTEX_POINT('',#12299);
#3843=VERTEX_POINT('',#12303);
#3844=VERTEX_POINT('',#12314);
#3845=VERTEX_POINT('',#12318);
#3846=VERTEX_POINT('',#12324);
#3847=VERTEX_POINT('',#12326);
#3848=VERTEX_POINT('',#12335);
#3849=VERTEX_POINT('',#12336);
#3850=VERTEX_POINT('',#12338);
#3851=VERTEX_POINT('',#12340);
#3852=VERTEX_POINT('',#12347);
#3853=VERTEX_POINT('',#12349);
#3854=VERTEX_POINT('',#12353);
#3855=VERTEX_POINT('',#12355);
#3856=VERTEX_POINT('',#12359);
#3857=VERTEX_POINT('',#12361);
#3858=VERTEX_POINT('',#12365);
#3859=VERTEX_POINT('',#12367);
#3860=VERTEX_POINT('',#12387);
#3861=VERTEX_POINT('',#12388);
#3862=VERTEX_POINT('',#12390);
#3863=VERTEX_POINT('',#12392);
#3864=VERTEX_POINT('',#12401);
#3865=VERTEX_POINT('',#12405);
#3866=VERTEX_POINT('',#12416);
#3867=VERTEX_POINT('',#12420);
#3868=VERTEX_POINT('',#12431);
#3869=VERTEX_POINT('',#12435);
#3870=VERTEX_POINT('',#12441);
#3871=VERTEX_POINT('',#12443);
#3872=VERTEX_POINT('',#12450);
#3873=VERTEX_POINT('',#12451);
#3874=VERTEX_POINT('',#12453);
#3875=VERTEX_POINT('',#12455);
#3876=VERTEX_POINT('',#12464);
#3877=VERTEX_POINT('',#12468);
#3878=VERTEX_POINT('',#12479);
#3879=VERTEX_POINT('',#12483);
#3880=VERTEX_POINT('',#12494);
#3881=VERTEX_POINT('',#12498);
#3882=VERTEX_POINT('',#12509);
#3883=VERTEX_POINT('',#12513);
#3884=VERTEX_POINT('',#12524);
#3885=VERTEX_POINT('',#12528);
#3886=VERTEX_POINT('',#12534);
#3887=VERTEX_POINT('',#12536);
#3888=VERTEX_POINT('',#12540);
#3889=VERTEX_POINT('',#12542);
#3890=VERTEX_POINT('',#12546);
#3891=VERTEX_POINT('',#12548);
#3892=VERTEX_POINT('',#12552);
#3893=VERTEX_POINT('',#12554);
#3894=VERTEX_POINT('',#12558);
#3895=VERTEX_POINT('',#12560);
#3896=VERTEX_POINT('',#12569);
#3897=VERTEX_POINT('',#12573);
#3898=VERTEX_POINT('',#12592);
#3899=VERTEX_POINT('',#12593);
#3900=VERTEX_POINT('',#12595);
#3901=VERTEX_POINT('',#12597);
#3902=VERTEX_POINT('',#12606);
#3903=VERTEX_POINT('',#12610);
#3904=VERTEX_POINT('',#12621);
#3905=VERTEX_POINT('',#12625);
#3906=VERTEX_POINT('',#12637);
#3907=VERTEX_POINT('',#12641);
#3908=VERTEX_POINT('',#12647);
#3909=VERTEX_POINT('',#12649);
#3910=VERTEX_POINT('',#12658);
#3911=VERTEX_POINT('',#12662);
#3912=VERTEX_POINT('',#12673);
#3913=VERTEX_POINT('',#12677);
#3914=VERTEX_POINT('',#12688);
#3915=VERTEX_POINT('',#12692);
#3916=VERTEX_POINT('',#12698);
#3917=VERTEX_POINT('',#12700);
#3918=VERTEX_POINT('',#12709);
#3919=VERTEX_POINT('',#12713);
#3920=VERTEX_POINT('',#12724);
#3921=VERTEX_POINT('',#12728);
#3922=VERTEX_POINT('',#12753);
#3923=VERTEX_POINT('',#12757);
#3924=VERTEX_POINT('',#12768);
#3925=VERTEX_POINT('',#12772);
#3926=VERTEX_POINT('',#12778);
#3927=VERTEX_POINT('',#12780);
#3928=VERTEX_POINT('',#12789);
#3929=VERTEX_POINT('',#12793);
#3930=VERTEX_POINT('',#12829);
#3931=VERTEX_POINT('',#12830);
#3932=VERTEX_POINT('',#12834);
#3933=VERTEX_POINT('',#12836);
#3934=VERTEX_POINT('',#12842);
#3935=VERTEX_POINT('',#12844);
#3936=VERTEX_POINT('',#12849);
#3937=VERTEX_POINT('',#12851);
#3938=VERTEX_POINT('',#12867);
#3939=VERTEX_POINT('',#12869);
#3940=VERTEX_POINT('',#12878);
#3941=VERTEX_POINT('',#12882);
#3942=VERTEX_POINT('',#12893);
#3943=VERTEX_POINT('',#12897);
#3944=VERTEX_POINT('',#12908);
#3945=VERTEX_POINT('',#12912);
#3946=VERTEX_POINT('',#12923);
#3947=VERTEX_POINT('',#12927);
#3948=VERTEX_POINT('',#12938);
#3949=VERTEX_POINT('',#12942);
#3950=VERTEX_POINT('',#12953);
#3951=VERTEX_POINT('',#12957);
#3952=VERTEX_POINT('',#12980);
#3953=VERTEX_POINT('',#12981);
#3954=VERTEX_POINT('',#12985);
#3955=VERTEX_POINT('',#12987);
#3956=VERTEX_POINT('',#12993);
#3957=VERTEX_POINT('',#12995);
#3958=VERTEX_POINT('',#13007);
#3959=VERTEX_POINT('',#13011);
#3960=VERTEX_POINT('',#13023);
#3961=VERTEX_POINT('',#13027);
#3962=VERTEX_POINT('',#13038);
#3963=VERTEX_POINT('',#13042);
#3964=VERTEX_POINT('',#13053);
#3965=VERTEX_POINT('',#13057);
#3966=VERTEX_POINT('',#13063);
#3967=VERTEX_POINT('',#13065);
#3968=VERTEX_POINT('',#13069);
#3969=VERTEX_POINT('',#13071);
#3970=VERTEX_POINT('',#13075);
#3971=VERTEX_POINT('',#13077);
#3972=VERTEX_POINT('',#13086);
#3973=VERTEX_POINT('',#13090);
#3974=VERTEX_POINT('',#13101);
#3975=VERTEX_POINT('',#13105);
#3976=VERTEX_POINT('',#13111);
#3977=VERTEX_POINT('',#13113);
#3978=VERTEX_POINT('',#13117);
#3979=VERTEX_POINT('',#13119);
#3980=VERTEX_POINT('',#13128);
#3981=VERTEX_POINT('',#13132);
#3982=VERTEX_POINT('',#13143);
#3983=VERTEX_POINT('',#13147);
#3984=VERTEX_POINT('',#13158);
#3985=VERTEX_POINT('',#13162);
#3986=VERTEX_POINT('',#13173);
#3987=VERTEX_POINT('',#13177);
#3988=VERTEX_POINT('',#13188);
#3989=VERTEX_POINT('',#13192);
#3990=VERTEX_POINT('',#13203);
#3991=VERTEX_POINT('',#13207);
#3992=VERTEX_POINT('',#13218);
#3993=VERTEX_POINT('',#13222);
#3994=VERTEX_POINT('',#13233);
#3995=VERTEX_POINT('',#13237);
#3996=VERTEX_POINT('',#13243);
#3997=VERTEX_POINT('',#13245);
#3998=VERTEX_POINT('',#13250);
#3999=VERTEX_POINT('',#13252);
#4000=VERTEX_POINT('',#13277);
#4001=VERTEX_POINT('',#13278);
#4002=VERTEX_POINT('',#13282);
#4003=VERTEX_POINT('',#13284);
#4004=VERTEX_POINT('',#13295);
#4005=VERTEX_POINT('',#13299);
#4006=VERTEX_POINT('',#13305);
#4007=VERTEX_POINT('',#13307);
#4008=VERTEX_POINT('',#13316);
#4009=VERTEX_POINT('',#13320);
#4010=VERTEX_POINT('',#13331);
#4011=VERTEX_POINT('',#13335);
#4012=VERTEX_POINT('',#13346);
#4013=VERTEX_POINT('',#13350);
#4014=VERTEX_POINT('',#13361);
#4015=VERTEX_POINT('',#13365);
#4016=VERTEX_POINT('',#13376);
#4017=VERTEX_POINT('',#13380);
#4018=VERTEX_POINT('',#13391);
#4019=VERTEX_POINT('',#13395);
#4020=VERTEX_POINT('',#13401);
#4021=VERTEX_POINT('',#13403);
#4022=VERTEX_POINT('',#13412);
#4023=VERTEX_POINT('',#13416);
#4024=VERTEX_POINT('',#13427);
#4025=VERTEX_POINT('',#13431);
#4026=VERTEX_POINT('',#13442);
#4027=VERTEX_POINT('',#13446);
#4028=VERTEX_POINT('',#13457);
#4029=VERTEX_POINT('',#13461);
#4030=VERTEX_POINT('',#13472);
#4031=VERTEX_POINT('',#13476);
#4032=VERTEX_POINT('',#13487);
#4033=VERTEX_POINT('',#13491);
#4034=VERTEX_POINT('',#13497);
#4035=VERTEX_POINT('',#13499);
#4036=VERTEX_POINT('',#13508);
#4037=VERTEX_POINT('',#13512);
#4038=VERTEX_POINT('',#13523);
#4039=VERTEX_POINT('',#13527);
#4040=VERTEX_POINT('',#13538);
#4041=VERTEX_POINT('',#13542);
#4042=VERTEX_POINT('',#13553);
#4043=VERTEX_POINT('',#13557);
#4044=VERTEX_POINT('',#13568);
#4045=VERTEX_POINT('',#13572);
#4046=VERTEX_POINT('',#13583);
#4047=VERTEX_POINT('',#13587);
#4048=VERTEX_POINT('',#13593);
#4049=VERTEX_POINT('',#13595);
#4050=VERTEX_POINT('',#13604);
#4051=VERTEX_POINT('',#13608);
#4052=VERTEX_POINT('',#13619);
#4053=VERTEX_POINT('',#13623);
#4054=VERTEX_POINT('',#13634);
#4055=VERTEX_POINT('',#13638);
#4056=VERTEX_POINT('',#13662);
#4057=VERTEX_POINT('',#13663);
#4058=VERTEX_POINT('',#13667);
#4059=VERTEX_POINT('',#13669);
#4060=VERTEX_POINT('',#13680);
#4061=VERTEX_POINT('',#13684);
#4062=VERTEX_POINT('',#13695);
#4063=VERTEX_POINT('',#13699);
#4064=VERTEX_POINT('',#13710);
#4065=VERTEX_POINT('',#13714);
#4066=VERTEX_POINT('',#13725);
#4067=VERTEX_POINT('',#13729);
#4068=VERTEX_POINT('',#13740);
#4069=VERTEX_POINT('',#13744);
#4070=VERTEX_POINT('',#13755);
#4071=VERTEX_POINT('',#13759);
#4072=VERTEX_POINT('',#13782);
#4073=VERTEX_POINT('',#13783);
#4074=VERTEX_POINT('',#13787);
#4075=VERTEX_POINT('',#13789);
#4076=VERTEX_POINT('',#13800);
#4077=VERTEX_POINT('',#13804);
#4078=VERTEX_POINT('',#13815);
#4079=VERTEX_POINT('',#13819);
#4080=VERTEX_POINT('',#13830);
#4081=VERTEX_POINT('',#13834);
#4082=VERTEX_POINT('',#13845);
#4083=VERTEX_POINT('',#13849);
#4084=VERTEX_POINT('',#13860);
#4085=VERTEX_POINT('',#13864);
#4086=VERTEX_POINT('',#13875);
#4087=VERTEX_POINT('',#13879);
#4088=VERTEX_POINT('',#13898);
#4089=VERTEX_POINT('',#13899);
#4090=VERTEX_POINT('',#13901);
#4091=VERTEX_POINT('',#13903);
#4092=VERTEX_POINT('',#13907);
#4093=VERTEX_POINT('',#13909);
#4094=VERTEX_POINT('',#13918);
#4095=VERTEX_POINT('',#13922);
#4096=VERTEX_POINT('',#13933);
#4097=VERTEX_POINT('',#13937);
#4098=VERTEX_POINT('',#13948);
#4099=VERTEX_POINT('',#13952);
#4100=VERTEX_POINT('',#13963);
#4101=VERTEX_POINT('',#13967);
#4102=VERTEX_POINT('',#13973);
#4103=VERTEX_POINT('',#13975);
#4104=VERTEX_POINT('',#13984);
#4105=VERTEX_POINT('',#13988);
#4106=VERTEX_POINT('',#13999);
#4107=VERTEX_POINT('',#14003);
#4108=VERTEX_POINT('',#14014);
#4109=VERTEX_POINT('',#14018);
#4110=VERTEX_POINT('',#14029);
#4111=VERTEX_POINT('',#14033);
#4112=VERTEX_POINT('',#14039);
#4113=VERTEX_POINT('',#14041);
#4114=VERTEX_POINT('',#14045);
#4115=VERTEX_POINT('',#14047);
#4116=VERTEX_POINT('',#14051);
#4117=VERTEX_POINT('',#14053);
#4118=VERTEX_POINT('',#14057);
#4119=VERTEX_POINT('',#14059);
#4120=VERTEX_POINT('',#14063);
#4121=VERTEX_POINT('',#14065);
#4122=VERTEX_POINT('',#14074);
#4123=VERTEX_POINT('',#14078);
#4124=VERTEX_POINT('',#14089);
#4125=VERTEX_POINT('',#14093);
#4126=VERTEX_POINT('',#14104);
#4127=VERTEX_POINT('',#14108);
#4128=VERTEX_POINT('',#14114);
#4129=VERTEX_POINT('',#14116);
#4130=VERTEX_POINT('',#14120);
#4131=VERTEX_POINT('',#14122);
#4132=VERTEX_POINT('',#14126);
#4133=VERTEX_POINT('',#14128);
#4134=VERTEX_POINT('',#14137);
#4135=VERTEX_POINT('',#14141);
#4136=VERTEX_POINT('',#14152);
#4137=VERTEX_POINT('',#14156);
#4138=VERTEX_POINT('',#14167);
#4139=VERTEX_POINT('',#14171);
#4140=VERTEX_POINT('',#14177);
#4141=VERTEX_POINT('',#14179);
#4142=VERTEX_POINT('',#14183);
#4143=VERTEX_POINT('',#14185);
#4144=VERTEX_POINT('',#14198);
#4145=VERTEX_POINT('',#14199);
#4146=VERTEX_POINT('',#14203);
#4147=VERTEX_POINT('',#14205);
#4148=VERTEX_POINT('',#14211);
#4149=VERTEX_POINT('',#14213);
#4150=VERTEX_POINT('',#14222);
#4151=VERTEX_POINT('',#14226);
#4152=VERTEX_POINT('',#14237);
#4153=VERTEX_POINT('',#14241);
#4154=VERTEX_POINT('',#14253);
#4155=VERTEX_POINT('',#14257);
#4156=VERTEX_POINT('',#14268);
#4157=VERTEX_POINT('',#14272);
#4158=VERTEX_POINT('',#14283);
#4159=VERTEX_POINT('',#14287);
#4160=VERTEX_POINT('',#14298);
#4161=VERTEX_POINT('',#14302);
#4162=VERTEX_POINT('',#14313);
#4163=VERTEX_POINT('',#14317);
#4164=VERTEX_POINT('',#14328);
#4165=VERTEX_POINT('',#14332);
#4166=VERTEX_POINT('',#14343);
#4167=VERTEX_POINT('',#14347);
#4168=VERTEX_POINT('',#14358);
#4169=VERTEX_POINT('',#14362);
#4170=VERTEX_POINT('',#14385);
#4171=VERTEX_POINT('',#14389);
#4172=VERTEX_POINT('',#14400);
#4173=VERTEX_POINT('',#14404);
#4174=VERTEX_POINT('',#14415);
#4175=VERTEX_POINT('',#14419);
#4176=VERTEX_POINT('',#14442);
#4177=VERTEX_POINT('',#14446);
#4178=VERTEX_POINT('',#14458);
#4179=VERTEX_POINT('',#14462);
#4180=VERTEX_POINT('',#14473);
#4181=VERTEX_POINT('',#14477);
#4182=VERTEX_POINT('',#14488);
#4183=VERTEX_POINT('',#14492);
#4184=VERTEX_POINT('',#14503);
#4185=VERTEX_POINT('',#14507);
#4186=VERTEX_POINT('',#14518);
#4187=VERTEX_POINT('',#14522);
#4188=VERTEX_POINT('',#14533);
#4189=VERTEX_POINT('',#14537);
#4190=VERTEX_POINT('',#14543);
#4191=VERTEX_POINT('',#14545);
#4192=VERTEX_POINT('',#14550);
#4193=VERTEX_POINT('',#14552);
#4194=VERTEX_POINT('',#14568);
#4195=VERTEX_POINT('',#14570);
#4196=VERTEX_POINT('',#14574);
#4197=VERTEX_POINT('',#14576);
#4198=VERTEX_POINT('',#14581);
#4199=VERTEX_POINT('',#14583);
#4200=VERTEX_POINT('',#14590);
#4201=VERTEX_POINT('',#14592);
#4202=VERTEX_POINT('',#14596);
#4203=VERTEX_POINT('',#14598);
#4204=VERTEX_POINT('',#14602);
#4205=VERTEX_POINT('',#14604);
#4206=VERTEX_POINT('',#14613);
#4207=VERTEX_POINT('',#14617);
#4208=VERTEX_POINT('',#14628);
#4209=VERTEX_POINT('',#14632);
#4210=VERTEX_POINT('',#14643);
#4211=VERTEX_POINT('',#14647);
#4212=VERTEX_POINT('',#14658);
#4213=VERTEX_POINT('',#14662);
#4214=VERTEX_POINT('',#14673);
#4215=VERTEX_POINT('',#14677);
#4216=VERTEX_POINT('',#14688);
#4217=VERTEX_POINT('',#14692);
#4218=VERTEX_POINT('',#14703);
#4219=VERTEX_POINT('',#14707);
#4220=VERTEX_POINT('',#14718);
#4221=VERTEX_POINT('',#14722);
#4222=VERTEX_POINT('',#14733);
#4223=VERTEX_POINT('',#14737);
#4224=VERTEX_POINT('',#14748);
#4225=VERTEX_POINT('',#14752);
#4226=VERTEX_POINT('',#14758);
#4227=VERTEX_POINT('',#14760);
#4228=VERTEX_POINT('',#14769);
#4229=VERTEX_POINT('',#14773);
#4230=VERTEX_POINT('',#14784);
#4231=VERTEX_POINT('',#14788);
#4232=VERTEX_POINT('',#14799);
#4233=VERTEX_POINT('',#14803);
#4234=VERTEX_POINT('',#14814);
#4235=VERTEX_POINT('',#14818);
#4236=VERTEX_POINT('',#14829);
#4237=VERTEX_POINT('',#14833);
#4238=VERTEX_POINT('',#14844);
#4239=VERTEX_POINT('',#14848);
#4240=VERTEX_POINT('',#14859);
#4241=VERTEX_POINT('',#14863);
#4242=VERTEX_POINT('',#14874);
#4243=VERTEX_POINT('',#14878);
#4244=VERTEX_POINT('',#14915);
#4245=VERTEX_POINT('',#14916);
#4246=VERTEX_POINT('',#14918);
#4247=VERTEX_POINT('',#14920);
#4248=VERTEX_POINT('',#14922);
#4249=VERTEX_POINT('',#14924);
#4250=VERTEX_POINT('',#14927);
#4251=VERTEX_POINT('',#14928);
#4252=VERTEX_POINT('',#14930);
#4253=VERTEX_POINT('',#14932);
#4254=VERTEX_POINT('',#14934);
#4255=VERTEX_POINT('',#14936);
#4256=VERTEX_POINT('',#14938);
#4257=VERTEX_POINT('',#14940);
#4258=VERTEX_POINT('',#14944);
#4259=VERTEX_POINT('',#14946);
#4260=VERTEX_POINT('',#14950);
#4261=VERTEX_POINT('',#14954);
#4262=VERTEX_POINT('',#14958);
#4263=VERTEX_POINT('',#14962);
#4264=VERTEX_POINT('',#14964);
#4265=VERTEX_POINT('',#14968);
#4266=VERTEX_POINT('',#14972);
#4267=VERTEX_POINT('',#14976);
#4268=VERTEX_POINT('',#14980);
#4269=VERTEX_POINT('',#14984);
#4270=VERTEX_POINT('',#14988);
#4271=VERTEX_POINT('',#14992);
#4272=EDGE_CURVE('',#3458,#3458,#3402,.T.);
#4273=EDGE_CURVE('',#3458,#3459,#1948,.T.);
#4274=EDGE_CURVE('',#3459,#3459,#3403,.T.);
#4275=EDGE_CURVE('',#3460,#3460,#3404,.T.);
#4276=EDGE_CURVE('',#3460,#3461,#1949,.T.);
#4277=EDGE_CURVE('',#3461,#3461,#3405,.T.);
#4278=EDGE_CURVE('',#3462,#3462,#3406,.T.);
#4279=EDGE_CURVE('',#3462,#3463,#1950,.T.);
#4280=EDGE_CURVE('',#3463,#3463,#3407,.T.);
#4281=EDGE_CURVE('',#3464,#3464,#3408,.T.);
#4282=EDGE_CURVE('',#3464,#3465,#1951,.T.);
#4283=EDGE_CURVE('',#3465,#3465,#3409,.T.);
#4284=EDGE_CURVE('',#3466,#3467,#3410,.T.);
#4285=EDGE_CURVE('',#3467,#3468,#1952,.T.);
#4286=EDGE_CURVE('',#3469,#3468,#3411,.T.);
#4287=EDGE_CURVE('',#3466,#3469,#1953,.T.);
#4288=EDGE_CURVE('',#3470,#3466,#1954,.T.);
#4289=EDGE_CURVE('',#3471,#3469,#1955,.T.);
#4290=EDGE_CURVE('',#3470,#3471,#1956,.T.);
#4291=EDGE_CURVE('',#3472,#3470,#1957,.T.);
#4292=EDGE_CURVE('',#3473,#3471,#1958,.T.);
#4293=EDGE_CURVE('',#3472,#3473,#1959,.T.);
#4294=EDGE_CURVE('',#3474,#3472,#3412,.T.);
#4295=EDGE_CURVE('',#3475,#3473,#3413,.T.);
#4296=EDGE_CURVE('',#3474,#3475,#1960,.T.);
#4297=EDGE_CURVE('',#3476,#3474,#1961,.T.);
#4298=EDGE_CURVE('',#3477,#3475,#1962,.T.);
#4299=EDGE_CURVE('',#3476,#3477,#1963,.T.);
#4300=EDGE_CURVE('',#3478,#3476,#3414,.T.);
#4301=EDGE_CURVE('',#3479,#3477,#3415,.T.);
#4302=EDGE_CURVE('',#3478,#3479,#1964,.T.);
#4303=EDGE_CURVE('',#3480,#3478,#1965,.T.);
#4304=EDGE_CURVE('',#3481,#3479,#1966,.T.);
#4305=EDGE_CURVE('',#3480,#3481,#1967,.T.);
#4306=EDGE_CURVE('',#3482,#3480,#3416,.T.);
#4307=EDGE_CURVE('',#3483,#3481,#3417,.T.);
#4308=EDGE_CURVE('',#3482,#3483,#1968,.T.);
#4309=EDGE_CURVE('',#3484,#3482,#1969,.T.);
#4310=EDGE_CURVE('',#3485,#3483,#1970,.T.);
#4311=EDGE_CURVE('',#3484,#3485,#1971,.T.);
#4312=EDGE_CURVE('',#3486,#3484,#3418,.T.);
#4313=EDGE_CURVE('',#3487,#3485,#3419,.T.);
#4314=EDGE_CURVE('',#3486,#3487,#1972,.T.);
#4315=EDGE_CURVE('',#3488,#3486,#1973,.T.);
#4316=EDGE_CURVE('',#3489,#3487,#1974,.T.);
#4317=EDGE_CURVE('',#3488,#3489,#1975,.T.);
#4318=EDGE_CURVE('',#3490,#3488,#1976,.T.);
#4319=EDGE_CURVE('',#3491,#3489,#1977,.T.);
#4320=EDGE_CURVE('',#3490,#3491,#1978,.T.);
#4321=EDGE_CURVE('',#3492,#3490,#3420,.T.);
#4322=EDGE_CURVE('',#3493,#3491,#3421,.T.);
#4323=EDGE_CURVE('',#3492,#3493,#1979,.T.);
#4324=EDGE_CURVE('',#3494,#3492,#1980,.T.);
#4325=EDGE_CURVE('',#3495,#3493,#1981,.T.);
#4326=EDGE_CURVE('',#3494,#3495,#1982,.T.);
#4327=EDGE_CURVE('',#3496,#3494,#3422,.T.);
#4328=EDGE_CURVE('',#3497,#3495,#3423,.T.);
#4329=EDGE_CURVE('',#3496,#3497,#1983,.T.);
#4330=EDGE_CURVE('',#3498,#3496,#1984,.T.);
#4331=EDGE_CURVE('',#3499,#3497,#1985,.T.);
#4332=EDGE_CURVE('',#3498,#3499,#1986,.T.);
#4333=EDGE_CURVE('',#3500,#3498,#3424,.T.);
#4334=EDGE_CURVE('',#3501,#3499,#3425,.T.);
#4335=EDGE_CURVE('',#3500,#3501,#1987,.T.);
#4336=EDGE_CURVE('',#3502,#3500,#1988,.T.);
#4337=EDGE_CURVE('',#3503,#3501,#1989,.T.);
#4338=EDGE_CURVE('',#3502,#3503,#1990,.T.);
#4339=EDGE_CURVE('',#3504,#3502,#3426,.T.);
#4340=EDGE_CURVE('',#3505,#3503,#3427,.T.);
#4341=EDGE_CURVE('',#3504,#3505,#1991,.T.);
#4342=EDGE_CURVE('',#3506,#3504,#1992,.T.);
#4343=EDGE_CURVE('',#3507,#3505,#1993,.T.);
#4344=EDGE_CURVE('',#3506,#3507,#1994,.T.);
#4345=EDGE_CURVE('',#3508,#3506,#3428,.T.);
#4346=EDGE_CURVE('',#3509,#3507,#3429,.T.);
#4347=EDGE_CURVE('',#3508,#3509,#1995,.T.);
#4348=EDGE_CURVE('',#3510,#3508,#1996,.T.);
#4349=EDGE_CURVE('',#3511,#3509,#1997,.T.);
#4350=EDGE_CURVE('',#3510,#3511,#1998,.T.);
#4351=EDGE_CURVE('',#3512,#3510,#3430,.T.);
#4352=EDGE_CURVE('',#3513,#3511,#3431,.T.);
#4353=EDGE_CURVE('',#3512,#3513,#1999,.T.);
#4354=EDGE_CURVE('',#3514,#3512,#2000,.T.);
#4355=EDGE_CURVE('',#3515,#3513,#2001,.T.);
#4356=EDGE_CURVE('',#3514,#3515,#2002,.T.);
#4357=EDGE_CURVE('',#3467,#3514,#2003,.T.);
#4358=EDGE_CURVE('',#3468,#3515,#2004,.T.);
#4359=EDGE_CURVE('',#3516,#3517,#2005,.T.);
#4360=EDGE_CURVE('',#3517,#3518,#2006,.T.);
#4361=EDGE_CURVE('',#3519,#3518,#2007,.T.);
#4362=EDGE_CURVE('',#3516,#3519,#2008,.T.);
#4363=EDGE_CURVE('',#3520,#3516,#3432,.T.);
#4364=EDGE_CURVE('',#3521,#3519,#3433,.T.);
#4365=EDGE_CURVE('',#3520,#3521,#2009,.T.);
#4366=EDGE_CURVE('',#3522,#3520,#2010,.T.);
#4367=EDGE_CURVE('',#3523,#3521,#2011,.T.);
#4368=EDGE_CURVE('',#3522,#3523,#2012,.T.);
#4369=EDGE_CURVE('',#3524,#3522,#3434,.T.);
#4370=EDGE_CURVE('',#3525,#3523,#3435,.T.);
#4371=EDGE_CURVE('',#3524,#3525,#2013,.T.);
#4372=EDGE_CURVE('',#3526,#3524,#2014,.T.);
#4373=EDGE_CURVE('',#3527,#3525,#2015,.T.);
#4374=EDGE_CURVE('',#3526,#3527,#2016,.T.);
#4375=EDGE_CURVE('',#3528,#3526,#2017,.T.);
#4376=EDGE_CURVE('',#3529,#3527,#2018,.T.);
#4377=EDGE_CURVE('',#3528,#3529,#2019,.T.);
#4378=EDGE_CURVE('',#3530,#3528,#3436,.T.);
#4379=EDGE_CURVE('',#3531,#3529,#3437,.T.);
#4380=EDGE_CURVE('',#3530,#3531,#2020,.T.);
#4381=EDGE_CURVE('',#3532,#3530,#2021,.T.);
#4382=EDGE_CURVE('',#3533,#3531,#2022,.T.);
#4383=EDGE_CURVE('',#3532,#3533,#2023,.T.);
#4384=EDGE_CURVE('',#3534,#3532,#2024,.T.);
#4385=EDGE_CURVE('',#3535,#3533,#2025,.T.);
#4386=EDGE_CURVE('',#3534,#3535,#2026,.T.);
#4387=EDGE_CURVE('',#3536,#3534,#2027,.T.);
#4388=EDGE_CURVE('',#3537,#3535,#2028,.T.);
#4389=EDGE_CURVE('',#3536,#3537,#2029,.T.);
#4390=EDGE_CURVE('',#3538,#3536,#3438,.T.);
#4391=EDGE_CURVE('',#3539,#3537,#3439,.T.);
#4392=EDGE_CURVE('',#3538,#3539,#2030,.T.);
#4393=EDGE_CURVE('',#3540,#3538,#2031,.T.);
#4394=EDGE_CURVE('',#3541,#3539,#2032,.T.);
#4395=EDGE_CURVE('',#3540,#3541,#2033,.T.);
#4396=EDGE_CURVE('',#3542,#3540,#2034,.T.);
#4397=EDGE_CURVE('',#3543,#3541,#2035,.T.);
#4398=EDGE_CURVE('',#3542,#3543,#2036,.T.);
#4399=EDGE_CURVE('',#3544,#3542,#3440,.T.);
#4400=EDGE_CURVE('',#3545,#3543,#3441,.T.);
#4401=EDGE_CURVE('',#3544,#3545,#2037,.T.);
#4402=EDGE_CURVE('',#3546,#3544,#2038,.T.);
#4403=EDGE_CURVE('',#3547,#3545,#2039,.T.);
#4404=EDGE_CURVE('',#3546,#3547,#2040,.T.);
#4405=EDGE_CURVE('',#3548,#3546,#3442,.T.);
#4406=EDGE_CURVE('',#3549,#3547,#3443,.T.);
#4407=EDGE_CURVE('',#3548,#3549,#2041,.T.);
#4408=EDGE_CURVE('',#3550,#3548,#2042,.T.);
#4409=EDGE_CURVE('',#3551,#3549,#2043,.T.);
#4410=EDGE_CURVE('',#3550,#3551,#2044,.T.);
#4411=EDGE_CURVE('',#3517,#3550,#3444,.T.);
#4412=EDGE_CURVE('',#3518,#3551,#3445,.T.);
#4413=EDGE_CURVE('',#3552,#3553,#2045,.T.);
#4414=EDGE_CURVE('',#3552,#3554,#2046,.T.);
#4415=EDGE_CURVE('',#3554,#3555,#2047,.T.);
#4416=EDGE_CURVE('',#3553,#3555,#2048,.T.);
#4417=EDGE_CURVE('',#3556,#3552,#13,.T.);
#4418=EDGE_CURVE('',#3556,#3557,#2049,.T.);
#4419=EDGE_CURVE('',#3557,#3554,#14,.T.);
#4420=EDGE_CURVE('',#3552,#3554,#2050,.T.);
#4421=EDGE_CURVE('',#3558,#3556,#15,.T.);
#4422=EDGE_CURVE('',#3558,#3559,#2051,.T.);
#4423=EDGE_CURVE('',#3559,#3557,#16,.T.);
#4424=EDGE_CURVE('',#3560,#3558,#17,.T.);
#4425=EDGE_CURVE('',#3560,#3561,#2052,.T.);
#4426=EDGE_CURVE('',#3561,#3559,#18,.T.);
#4427=EDGE_CURVE('',#3562,#3560,#19,.T.);
#4428=EDGE_CURVE('',#3562,#3563,#2053,.T.);
#4429=EDGE_CURVE('',#3563,#3561,#20,.T.);
#4430=EDGE_CURVE('',#3564,#3562,#2054,.T.);
#4431=EDGE_CURVE('',#3564,#3565,#2055,.T.);
#4432=EDGE_CURVE('',#3565,#3563,#2056,.T.);
#4433=EDGE_CURVE('',#3566,#3564,#2057,.T.);
#4434=EDGE_CURVE('',#3566,#3567,#2058,.T.);
#4435=EDGE_CURVE('',#3567,#3565,#2059,.T.);
#4436=EDGE_CURVE('',#3568,#3566,#2060,.T.);
#4437=EDGE_CURVE('',#3568,#3569,#2061,.T.);
#4438=EDGE_CURVE('',#3569,#3567,#2062,.T.);
#4439=EDGE_CURVE('',#3570,#3568,#21,.T.);
#4440=EDGE_CURVE('',#3570,#3571,#2063,.T.);
#4441=EDGE_CURVE('',#3571,#3569,#22,.T.);
#4442=EDGE_CURVE('',#3572,#3570,#23,.T.);
#4443=EDGE_CURVE('',#3572,#3573,#2064,.T.);
#4444=EDGE_CURVE('',#3573,#3571,#24,.T.);
#4445=EDGE_CURVE('',#3574,#3572,#25,.T.);
#4446=EDGE_CURVE('',#3574,#3575,#2065,.T.);
#4447=EDGE_CURVE('',#3575,#3573,#26,.T.);
#4448=EDGE_CURVE('',#3576,#3574,#2066,.T.);
#4449=EDGE_CURVE('',#3576,#3577,#2067,.T.);
#4450=EDGE_CURVE('',#3577,#3575,#2068,.T.);
#4451=EDGE_CURVE('',#3553,#3576,#27,.T.);
#4452=EDGE_CURVE('',#3555,#3577,#28,.T.);
#4453=EDGE_CURVE('',#3576,#3577,#2069,.T.);
#4454=EDGE_CURVE('',#3578,#3579,#2070,.T.);
#4455=EDGE_CURVE('',#3578,#3580,#2071,.T.);
#4456=EDGE_CURVE('',#3580,#3581,#2072,.T.);
#4457=EDGE_CURVE('',#3579,#3581,#2073,.T.);
#4458=EDGE_CURVE('',#3576,#3578,#2074,.T.);
#4459=EDGE_CURVE('',#3577,#3580,#2075,.T.);
#4460=EDGE_CURVE('',#3582,#3576,#29,.T.);
#4461=EDGE_CURVE('',#3582,#3583,#2076,.T.);
#4462=EDGE_CURVE('',#3583,#3577,#30,.T.);
#4463=EDGE_CURVE('',#3584,#3582,#31,.T.);
#4464=EDGE_CURVE('',#3584,#3585,#2077,.T.);
#4465=EDGE_CURVE('',#3585,#3583,#32,.T.);
#4466=EDGE_CURVE('',#3586,#3584,#33,.T.);
#4467=EDGE_CURVE('',#3586,#3587,#2078,.T.);
#4468=EDGE_CURVE('',#3587,#3585,#34,.T.);
#4469=EDGE_CURVE('',#3588,#3586,#35,.T.);
#4470=EDGE_CURVE('',#3588,#3589,#2079,.T.);
#4471=EDGE_CURVE('',#3589,#3587,#36,.T.);
#4472=EDGE_CURVE('',#3590,#3588,#2080,.T.);
#4473=EDGE_CURVE('',#3590,#3591,#2081,.T.);
#4474=EDGE_CURVE('',#3591,#3589,#2082,.T.);
#4475=EDGE_CURVE('',#3592,#3590,#2083,.T.);
#4476=EDGE_CURVE('',#3592,#3593,#2084,.T.);
#4477=EDGE_CURVE('',#3593,#3591,#2085,.T.);
#4478=EDGE_CURVE('',#3590,#3591,#2086,.T.);
#4479=EDGE_CURVE('',#3594,#3592,#2087,.T.);
#4480=EDGE_CURVE('',#3594,#3595,#2088,.T.);
#4481=EDGE_CURVE('',#3595,#3593,#2089,.T.);
#4482=EDGE_CURVE('',#3596,#3594,#37,.T.);
#4483=EDGE_CURVE('',#3596,#3597,#2090,.T.);
#4484=EDGE_CURVE('',#3597,#3595,#38,.T.);
#4485=EDGE_CURVE('',#3594,#3595,#2091,.T.);
#4486=EDGE_CURVE('',#3598,#3596,#39,.T.);
#4487=EDGE_CURVE('',#3598,#3599,#2092,.T.);
#4488=EDGE_CURVE('',#3599,#3597,#40,.T.);
#4489=EDGE_CURVE('',#3600,#3598,#41,.T.);
#4490=EDGE_CURVE('',#3600,#3601,#2093,.T.);
#4491=EDGE_CURVE('',#3601,#3599,#42,.T.);
#4492=EDGE_CURVE('',#3602,#3600,#2094,.T.);
#4493=EDGE_CURVE('',#3602,#3603,#2095,.T.);
#4494=EDGE_CURVE('',#3603,#3601,#2096,.T.);
#4495=EDGE_CURVE('',#3604,#3602,#2097,.T.);
#4496=EDGE_CURVE('',#3604,#3605,#2098,.T.);
#4497=EDGE_CURVE('',#3605,#3603,#2099,.T.);
#4498=EDGE_CURVE('',#3552,#3604,#2100,.T.);
#4499=EDGE_CURVE('',#3554,#3605,#2101,.T.);
#4500=EDGE_CURVE('',#3579,#3552,#43,.T.);
#4501=EDGE_CURVE('',#3581,#3554,#44,.T.);
#4502=EDGE_CURVE('',#3606,#3607,#2102,.T.);
#4503=EDGE_CURVE('',#3606,#3608,#2103,.T.);
#4504=EDGE_CURVE('',#3608,#3609,#2104,.T.);
#4505=EDGE_CURVE('',#3607,#3609,#2105,.T.);
#4506=EDGE_CURVE('',#3590,#3606,#2106,.T.);
#4507=EDGE_CURVE('',#3591,#3608,#2107,.T.);
#4508=EDGE_CURVE('',#3610,#3590,#2108,.T.);
#4509=EDGE_CURVE('',#3610,#3611,#2109,.T.);
#4510=EDGE_CURVE('',#3611,#3591,#2110,.T.);
#4511=EDGE_CURVE('',#3612,#3610,#2111,.T.);
#4512=EDGE_CURVE('',#3612,#3613,#2112,.T.);
#4513=EDGE_CURVE('',#3613,#3611,#2113,.T.);
#4514=EDGE_CURVE('',#3614,#3612,#2114,.T.);
#4515=EDGE_CURVE('',#3614,#3615,#2115,.T.);
#4516=EDGE_CURVE('',#3615,#3613,#2116,.T.);
#4517=EDGE_CURVE('',#3616,#3614,#2117,.T.);
#4518=EDGE_CURVE('',#3616,#3617,#2118,.T.);
#4519=EDGE_CURVE('',#3617,#3615,#2119,.T.);
#4520=EDGE_CURVE('',#3594,#3616,#2120,.T.);
#4521=EDGE_CURVE('',#3595,#3617,#2121,.T.);
#4522=EDGE_CURVE('',#3607,#3594,#45,.T.);
#4523=EDGE_CURVE('',#3609,#3595,#46,.T.);
#4524=EDGE_CURVE('',#3618,#3619,#47,.T.);
#4525=EDGE_CURVE('',#3618,#3620,#2122,.T.);
#4526=EDGE_CURVE('',#3620,#3621,#48,.T.);
#4527=EDGE_CURVE('',#3619,#3621,#2123,.T.);
#4528=EDGE_CURVE('',#3622,#3618,#49,.T.);
#4529=EDGE_CURVE('',#3622,#3623,#2124,.T.);
#4530=EDGE_CURVE('',#3623,#3620,#50,.T.);
#4531=EDGE_CURVE('',#3624,#3622,#2125,.T.);
#4532=EDGE_CURVE('',#3624,#3625,#2126,.T.);
#4533=EDGE_CURVE('',#3625,#3623,#2127,.T.);
#4534=EDGE_CURVE('',#3626,#3624,#51,.T.);
#4535=EDGE_CURVE('',#3626,#3627,#2128,.T.);
#4536=EDGE_CURVE('',#3627,#3625,#52,.T.);
#4537=EDGE_CURVE('',#3628,#3626,#53,.T.);
#4538=EDGE_CURVE('',#3628,#3629,#2129,.T.);
#4539=EDGE_CURVE('',#3629,#3627,#54,.T.);
#4540=EDGE_CURVE('',#3630,#3628,#55,.T.);
#4541=EDGE_CURVE('',#3630,#3631,#2130,.T.);
#4542=EDGE_CURVE('',#3631,#3629,#56,.T.);
#4543=EDGE_CURVE('',#3632,#3630,#57,.T.);
#4544=EDGE_CURVE('',#3632,#3633,#2131,.T.);
#4545=EDGE_CURVE('',#3633,#3631,#58,.T.);
#4546=EDGE_CURVE('',#3634,#3632,#59,.T.);
#4547=EDGE_CURVE('',#3634,#3635,#2132,.T.);
#4548=EDGE_CURVE('',#3635,#3633,#60,.T.);
#4549=EDGE_CURVE('',#3636,#3634,#61,.T.);
#4550=EDGE_CURVE('',#3636,#3637,#2133,.T.);
#4551=EDGE_CURVE('',#3637,#3635,#62,.T.);
#4552=EDGE_CURVE('',#3638,#3636,#2134,.T.);
#4553=EDGE_CURVE('',#3638,#3639,#2135,.T.);
#4554=EDGE_CURVE('',#3639,#3637,#2136,.T.);
#4555=EDGE_CURVE('',#3640,#3638,#63,.T.);
#4556=EDGE_CURVE('',#3640,#3641,#2137,.T.);
#4557=EDGE_CURVE('',#3641,#3639,#64,.T.);
#4558=EDGE_CURVE('',#3642,#3640,#65,.T.);
#4559=EDGE_CURVE('',#3642,#3643,#2138,.T.);
#4560=EDGE_CURVE('',#3643,#3641,#66,.T.);
#4561=EDGE_CURVE('',#3644,#3642,#67,.T.);
#4562=EDGE_CURVE('',#3644,#3645,#2139,.T.);
#4563=EDGE_CURVE('',#3645,#3643,#68,.T.);
#4564=EDGE_CURVE('',#3646,#3644,#69,.T.);
#4565=EDGE_CURVE('',#3646,#3647,#2140,.T.);
#4566=EDGE_CURVE('',#3647,#3645,#70,.T.);
#4567=EDGE_CURVE('',#3648,#3646,#71,.T.);
#4568=EDGE_CURVE('',#3648,#3649,#2141,.T.);
#4569=EDGE_CURVE('',#3649,#3647,#72,.T.);
#4570=EDGE_CURVE('',#3650,#3648,#73,.T.);
#4571=EDGE_CURVE('',#3650,#3651,#2142,.T.);
#4572=EDGE_CURVE('',#3651,#3649,#74,.T.);
#4573=EDGE_CURVE('',#3652,#3650,#2143,.T.);
#4574=EDGE_CURVE('',#3652,#3653,#2144,.T.);
#4575=EDGE_CURVE('',#3653,#3651,#2145,.T.);
#4576=EDGE_CURVE('',#3654,#3652,#75,.T.);
#4577=EDGE_CURVE('',#3654,#3655,#2146,.T.);
#4578=EDGE_CURVE('',#3655,#3653,#76,.T.);
#4579=EDGE_CURVE('',#3656,#3654,#77,.T.);
#4580=EDGE_CURVE('',#3656,#3657,#2147,.T.);
#4581=EDGE_CURVE('',#3657,#3655,#78,.T.);
#4582=EDGE_CURVE('',#3658,#3656,#79,.T.);
#4583=EDGE_CURVE('',#3658,#3659,#2148,.T.);
#4584=EDGE_CURVE('',#3659,#3657,#80,.T.);
#4585=EDGE_CURVE('',#3660,#3658,#81,.T.);
#4586=EDGE_CURVE('',#3660,#3661,#2149,.T.);
#4587=EDGE_CURVE('',#3661,#3659,#82,.T.);
#4588=EDGE_CURVE('',#3662,#3660,#83,.T.);
#4589=EDGE_CURVE('',#3662,#3663,#2150,.T.);
#4590=EDGE_CURVE('',#3663,#3661,#84,.T.);
#4591=EDGE_CURVE('',#3664,#3662,#85,.T.);
#4592=EDGE_CURVE('',#3664,#3665,#2151,.T.);
#4593=EDGE_CURVE('',#3665,#3663,#86,.T.);
#4594=EDGE_CURVE('',#3666,#3664,#2152,.T.);
#4595=EDGE_CURVE('',#3666,#3667,#2153,.T.);
#4596=EDGE_CURVE('',#3667,#3665,#2154,.T.);
#4597=EDGE_CURVE('',#3668,#3666,#87,.T.);
#4598=EDGE_CURVE('',#3668,#3669,#2155,.T.);
#4599=EDGE_CURVE('',#3669,#3667,#88,.T.);
#4600=EDGE_CURVE('',#3670,#3668,#89,.T.);
#4601=EDGE_CURVE('',#3670,#3671,#2156,.T.);
#4602=EDGE_CURVE('',#3671,#3669,#90,.T.);
#4603=EDGE_CURVE('',#3672,#3670,#91,.T.);
#4604=EDGE_CURVE('',#3672,#3673,#2157,.T.);
#4605=EDGE_CURVE('',#3673,#3671,#92,.T.);
#4606=EDGE_CURVE('',#3619,#3672,#93,.T.);
#4607=EDGE_CURVE('',#3621,#3673,#94,.T.);
#4608=EDGE_CURVE('',#3674,#3675,#95,.T.);
#4609=EDGE_CURVE('',#3674,#3676,#2158,.T.);
#4610=EDGE_CURVE('',#3676,#3677,#96,.T.);
#4611=EDGE_CURVE('',#3675,#3677,#2159,.T.);
#4612=EDGE_CURVE('',#3678,#3674,#2160,.T.);
#4613=EDGE_CURVE('',#3678,#3679,#2161,.T.);
#4614=EDGE_CURVE('',#3679,#3676,#2162,.T.);
#4615=EDGE_CURVE('',#3680,#3678,#97,.T.);
#4616=EDGE_CURVE('',#3680,#3681,#2163,.T.);
#4617=EDGE_CURVE('',#3681,#3679,#98,.T.);
#4618=EDGE_CURVE('',#3682,#3680,#99,.T.);
#4619=EDGE_CURVE('',#3682,#3683,#2164,.T.);
#4620=EDGE_CURVE('',#3683,#3681,#100,.T.);
#4621=EDGE_CURVE('',#3684,#3682,#101,.T.);
#4622=EDGE_CURVE('',#3684,#3685,#2165,.T.);
#4623=EDGE_CURVE('',#3685,#3683,#102,.T.);
#4624=EDGE_CURVE('',#3686,#3684,#2166,.T.);
#4625=EDGE_CURVE('',#3686,#3687,#2167,.T.);
#4626=EDGE_CURVE('',#3687,#3685,#2168,.T.);
#4627=EDGE_CURVE('',#3688,#3686,#2169,.T.);
#4628=EDGE_CURVE('',#3688,#3689,#2170,.T.);
#4629=EDGE_CURVE('',#3689,#3687,#2171,.T.);
#4630=EDGE_CURVE('',#3690,#3688,#2172,.T.);
#4631=EDGE_CURVE('',#3690,#3691,#2173,.T.);
#4632=EDGE_CURVE('',#3691,#3689,#2174,.T.);
#4633=EDGE_CURVE('',#3692,#3690,#2175,.T.);
#4634=EDGE_CURVE('',#3692,#3693,#2176,.T.);
#4635=EDGE_CURVE('',#3693,#3691,#2177,.T.);
#4636=EDGE_CURVE('',#3694,#3692,#2178,.T.);
#4637=EDGE_CURVE('',#3694,#3695,#2179,.T.);
#4638=EDGE_CURVE('',#3695,#3693,#2180,.T.);
#4639=EDGE_CURVE('',#3696,#3694,#2181,.T.);
#4640=EDGE_CURVE('',#3696,#3697,#2182,.T.);
#4641=EDGE_CURVE('',#3697,#3695,#2183,.T.);
#4642=EDGE_CURVE('',#3698,#3696,#2184,.T.);
#4643=EDGE_CURVE('',#3698,#3699,#2185,.T.);
#4644=EDGE_CURVE('',#3699,#3697,#2186,.T.);
#4645=EDGE_CURVE('',#3700,#3698,#103,.T.);
#4646=EDGE_CURVE('',#3700,#3701,#2187,.T.);
#4647=EDGE_CURVE('',#3701,#3699,#104,.T.);
#4648=EDGE_CURVE('',#3675,#3700,#105,.T.);
#4649=EDGE_CURVE('',#3677,#3701,#106,.T.);
#4650=EDGE_CURVE('',#3702,#3703,#2188,.T.);
#4651=EDGE_CURVE('',#3702,#3704,#2189,.T.);
#4652=EDGE_CURVE('',#3704,#3705,#2190,.T.);
#4653=EDGE_CURVE('',#3703,#3705,#2191,.T.);
#4654=EDGE_CURVE('',#3706,#3702,#2192,.T.);
#4655=EDGE_CURVE('',#3706,#3707,#2193,.T.);
#4656=EDGE_CURVE('',#3707,#3704,#2194,.T.);
#4657=EDGE_CURVE('',#3708,#3706,#2195,.T.);
#4658=EDGE_CURVE('',#3708,#3709,#2196,.T.);
#4659=EDGE_CURVE('',#3709,#3707,#2197,.T.);
#4660=EDGE_CURVE('',#3706,#3707,#2198,.T.);
#4661=EDGE_CURVE('',#3710,#3708,#107,.T.);
#4662=EDGE_CURVE('',#3710,#3711,#2199,.T.);
#4663=EDGE_CURVE('',#3711,#3709,#108,.T.);
#4664=EDGE_CURVE('',#3712,#3710,#109,.T.);
#4665=EDGE_CURVE('',#3712,#3713,#2200,.T.);
#4666=EDGE_CURVE('',#3713,#3711,#110,.T.);
#4667=EDGE_CURVE('',#3714,#3712,#111,.T.);
#4668=EDGE_CURVE('',#3714,#3715,#2201,.T.);
#4669=EDGE_CURVE('',#3715,#3713,#112,.T.);
#4670=EDGE_CURVE('',#3716,#3714,#113,.T.);
#4671=EDGE_CURVE('',#3716,#3717,#2202,.T.);
#4672=EDGE_CURVE('',#3717,#3715,#114,.T.);
#4673=EDGE_CURVE('',#3718,#3716,#115,.T.);
#4674=EDGE_CURVE('',#3718,#3719,#2203,.T.);
#4675=EDGE_CURVE('',#3719,#3717,#116,.T.);
#4676=EDGE_CURVE('',#3720,#3718,#117,.T.);
#4677=EDGE_CURVE('',#3720,#3721,#2204,.T.);
#4678=EDGE_CURVE('',#3721,#3719,#118,.T.);
#4679=EDGE_CURVE('',#3722,#3720,#2205,.T.);
#4680=EDGE_CURVE('',#3722,#3723,#2206,.T.);
#4681=EDGE_CURVE('',#3723,#3721,#2207,.T.);
#4682=EDGE_CURVE('',#3724,#3722,#119,.T.);
#4683=EDGE_CURVE('',#3724,#3725,#2208,.T.);
#4684=EDGE_CURVE('',#3725,#3723,#120,.T.);
#4685=EDGE_CURVE('',#3726,#3724,#121,.T.);
#4686=EDGE_CURVE('',#3726,#3727,#2209,.T.);
#4687=EDGE_CURVE('',#3727,#3725,#122,.T.);
#4688=EDGE_CURVE('',#3728,#3726,#123,.T.);
#4689=EDGE_CURVE('',#3728,#3729,#2210,.T.);
#4690=EDGE_CURVE('',#3729,#3727,#124,.T.);
#4691=EDGE_CURVE('',#3730,#3728,#125,.T.);
#4692=EDGE_CURVE('',#3730,#3731,#2211,.T.);
#4693=EDGE_CURVE('',#3731,#3729,#126,.T.);
#4694=EDGE_CURVE('',#3732,#3730,#127,.T.);
#4695=EDGE_CURVE('',#3732,#3733,#2212,.T.);
#4696=EDGE_CURVE('',#3733,#3731,#128,.T.);
#4697=EDGE_CURVE('',#3734,#3732,#129,.T.);
#4698=EDGE_CURVE('',#3734,#3735,#2213,.T.);
#4699=EDGE_CURVE('',#3735,#3733,#130,.T.);
#4700=EDGE_CURVE('',#3736,#3734,#131,.T.);
#4701=EDGE_CURVE('',#3736,#3737,#2214,.T.);
#4702=EDGE_CURVE('',#3737,#3735,#132,.T.);
#4703=EDGE_CURVE('',#3738,#3736,#2215,.T.);
#4704=EDGE_CURVE('',#3738,#3739,#2216,.T.);
#4705=EDGE_CURVE('',#3739,#3737,#2217,.T.);
#4706=EDGE_CURVE('',#3736,#3737,#2218,.T.);
#4707=EDGE_CURVE('',#3740,#3738,#2219,.T.);
#4708=EDGE_CURVE('',#3740,#3741,#2220,.T.);
#4709=EDGE_CURVE('',#3741,#3739,#2221,.T.);
#4710=EDGE_CURVE('',#3736,#3740,#133,.T.);
#4711=EDGE_CURVE('',#3737,#3741,#134,.T.);
#4712=EDGE_CURVE('',#3742,#3736,#2222,.T.);
#4713=EDGE_CURVE('',#3742,#3743,#2223,.T.);
#4714=EDGE_CURVE('',#3743,#3737,#2224,.T.);
#4715=EDGE_CURVE('',#3703,#3742,#135,.T.);
#4716=EDGE_CURVE('',#3705,#3743,#136,.T.);
#4717=EDGE_CURVE('',#3742,#3743,#2225,.T.);
#4718=EDGE_CURVE('',#3742,#3744,#2226,.T.);
#4719=EDGE_CURVE('',#3743,#3745,#2227,.T.);
#4720=EDGE_CURVE('',#3744,#3745,#2228,.T.);
#4721=EDGE_CURVE('',#3746,#3742,#137,.T.);
#4722=EDGE_CURVE('',#3746,#3747,#2229,.T.);
#4723=EDGE_CURVE('',#3747,#3743,#138,.T.);
#4724=EDGE_CURVE('',#3748,#3746,#139,.T.);
#4725=EDGE_CURVE('',#3748,#3749,#2230,.T.);
#4726=EDGE_CURVE('',#3749,#3747,#140,.T.);
#4727=EDGE_CURVE('',#3750,#3748,#141,.T.);
#4728=EDGE_CURVE('',#3750,#3751,#2231,.T.);
#4729=EDGE_CURVE('',#3751,#3749,#142,.T.);
#4730=EDGE_CURVE('',#3752,#3750,#2232,.T.);
#4731=EDGE_CURVE('',#3752,#3753,#2233,.T.);
#4732=EDGE_CURVE('',#3753,#3751,#2234,.T.);
#4733=EDGE_CURVE('',#3754,#3752,#2235,.T.);
#4734=EDGE_CURVE('',#3754,#3755,#2236,.T.);
#4735=EDGE_CURVE('',#3755,#3753,#2237,.T.);
#4736=EDGE_CURVE('',#3756,#3754,#2238,.T.);
#4737=EDGE_CURVE('',#3756,#3757,#2239,.T.);
#4738=EDGE_CURVE('',#3757,#3755,#2240,.T.);
#4739=EDGE_CURVE('',#3758,#3756,#143,.T.);
#4740=EDGE_CURVE('',#3758,#3759,#2241,.T.);
#4741=EDGE_CURVE('',#3759,#3757,#144,.T.);
#4742=EDGE_CURVE('',#3760,#3758,#145,.T.);
#4743=EDGE_CURVE('',#3760,#3761,#2242,.T.);
#4744=EDGE_CURVE('',#3761,#3759,#146,.T.);
#4745=EDGE_CURVE('',#3762,#3760,#2243,.T.);
#4746=EDGE_CURVE('',#3762,#3763,#2244,.T.);
#4747=EDGE_CURVE('',#3763,#3761,#2245,.T.);
#4748=EDGE_CURVE('',#3764,#3762,#2246,.T.);
#4749=EDGE_CURVE('',#3764,#3765,#2247,.T.);
#4750=EDGE_CURVE('',#3765,#3763,#2248,.T.);
#4751=EDGE_CURVE('',#3706,#3764,#2249,.T.);
#4752=EDGE_CURVE('',#3707,#3765,#2250,.T.);
#4753=EDGE_CURVE('',#3744,#3706,#2251,.T.);
#4754=EDGE_CURVE('',#3745,#3707,#2252,.T.);
#4755=EDGE_CURVE('',#3766,#3767,#147,.T.);
#4756=EDGE_CURVE('',#3766,#3768,#2253,.T.);
#4757=EDGE_CURVE('',#3768,#3769,#148,.T.);
#4758=EDGE_CURVE('',#3767,#3769,#2254,.T.);
#4759=EDGE_CURVE('',#3770,#3766,#149,.T.);
#4760=EDGE_CURVE('',#3770,#3771,#2255,.T.);
#4761=EDGE_CURVE('',#3771,#3768,#150,.T.);
#4762=EDGE_CURVE('',#3772,#3770,#151,.T.);
#4763=EDGE_CURVE('',#3772,#3773,#2256,.T.);
#4764=EDGE_CURVE('',#3773,#3771,#152,.T.);
#4765=EDGE_CURVE('',#3774,#3772,#153,.T.);
#4766=EDGE_CURVE('',#3774,#3775,#2257,.T.);
#4767=EDGE_CURVE('',#3775,#3773,#154,.T.);
#4768=EDGE_CURVE('',#3776,#3774,#155,.T.);
#4769=EDGE_CURVE('',#3776,#3777,#2258,.T.);
#4770=EDGE_CURVE('',#3777,#3775,#156,.T.);
#4771=EDGE_CURVE('',#3778,#3776,#157,.T.);
#4772=EDGE_CURVE('',#3778,#3779,#2259,.T.);
#4773=EDGE_CURVE('',#3779,#3777,#158,.T.);
#4774=EDGE_CURVE('',#3780,#3778,#159,.T.);
#4775=EDGE_CURVE('',#3780,#3781,#2260,.T.);
#4776=EDGE_CURVE('',#3781,#3779,#160,.T.);
#4777=EDGE_CURVE('',#3778,#3779,#2261,.T.);
#4778=EDGE_CURVE('',#3782,#3780,#161,.T.);
#4779=EDGE_CURVE('',#3782,#3783,#2262,.T.);
#4780=EDGE_CURVE('',#3783,#3781,#162,.T.);
#4781=EDGE_CURVE('',#3784,#3782,#163,.T.);
#4782=EDGE_CURVE('',#3784,#3785,#2263,.T.);
#4783=EDGE_CURVE('',#3785,#3783,#164,.T.);
#4784=EDGE_CURVE('',#3782,#3783,#2264,.T.);
#4785=EDGE_CURVE('',#3786,#3784,#165,.T.);
#4786=EDGE_CURVE('',#3786,#3787,#2265,.T.);
#4787=EDGE_CURVE('',#3787,#3785,#166,.T.);
#4788=EDGE_CURVE('',#3788,#3786,#167,.T.);
#4789=EDGE_CURVE('',#3788,#3789,#2266,.T.);
#4790=EDGE_CURVE('',#3789,#3787,#168,.T.);
#4791=EDGE_CURVE('',#3790,#3788,#169,.T.);
#4792=EDGE_CURVE('',#3790,#3791,#2267,.T.);
#4793=EDGE_CURVE('',#3791,#3789,#170,.T.);
#4794=EDGE_CURVE('',#3792,#3790,#171,.T.);
#4795=EDGE_CURVE('',#3792,#3793,#2268,.T.);
#4796=EDGE_CURVE('',#3793,#3791,#172,.T.);
#4797=EDGE_CURVE('',#3794,#3792,#173,.T.);
#4798=EDGE_CURVE('',#3794,#3795,#2269,.T.);
#4799=EDGE_CURVE('',#3795,#3793,#174,.T.);
#4800=EDGE_CURVE('',#3796,#3794,#175,.T.);
#4801=EDGE_CURVE('',#3796,#3797,#2270,.T.);
#4802=EDGE_CURVE('',#3797,#3795,#176,.T.);
#4803=EDGE_CURVE('',#3798,#3796,#177,.T.);
#4804=EDGE_CURVE('',#3798,#3799,#2271,.T.);
#4805=EDGE_CURVE('',#3799,#3797,#178,.T.);
#4806=EDGE_CURVE('',#3800,#3798,#179,.T.);
#4807=EDGE_CURVE('',#3800,#3801,#2272,.T.);
#4808=EDGE_CURVE('',#3801,#3799,#180,.T.);
#4809=EDGE_CURVE('',#3802,#3800,#181,.T.);
#4810=EDGE_CURVE('',#3802,#3803,#2273,.T.);
#4811=EDGE_CURVE('',#3803,#3801,#182,.T.);
#4812=EDGE_CURVE('',#3804,#3802,#183,.T.);
#4813=EDGE_CURVE('',#3804,#3805,#2274,.T.);
#4814=EDGE_CURVE('',#3805,#3803,#184,.T.);
#4815=EDGE_CURVE('',#3806,#3804,#2275,.T.);
#4816=EDGE_CURVE('',#3806,#3807,#2276,.T.);
#4817=EDGE_CURVE('',#3807,#3805,#2277,.T.);
#4818=EDGE_CURVE('',#3808,#3806,#185,.T.);
#4819=EDGE_CURVE('',#3808,#3809,#2278,.T.);
#4820=EDGE_CURVE('',#3809,#3807,#186,.T.);
#4821=EDGE_CURVE('',#3810,#3808,#187,.T.);
#4822=EDGE_CURVE('',#3810,#3811,#2279,.T.);
#4823=EDGE_CURVE('',#3811,#3809,#188,.T.);
#4824=EDGE_CURVE('',#3812,#3810,#189,.T.);
#4825=EDGE_CURVE('',#3812,#3813,#2280,.T.);
#4826=EDGE_CURVE('',#3813,#3811,#190,.T.);
#4827=EDGE_CURVE('',#3782,#3812,#191,.T.);
#4828=EDGE_CURVE('',#3783,#3813,#192,.T.);
#4829=EDGE_CURVE('',#3814,#3782,#193,.T.);
#4830=EDGE_CURVE('',#3814,#3815,#2281,.T.);
#4831=EDGE_CURVE('',#3815,#3783,#194,.T.);
#4832=EDGE_CURVE('',#3816,#3814,#2282,.T.);
#4833=EDGE_CURVE('',#3816,#3817,#2283,.T.);
#4834=EDGE_CURVE('',#3817,#3815,#2284,.T.);
#4835=EDGE_CURVE('',#3778,#3816,#195,.T.);
#4836=EDGE_CURVE('',#3779,#3817,#196,.T.);
#4837=EDGE_CURVE('',#3767,#3778,#197,.T.);
#4838=EDGE_CURVE('',#3769,#3779,#198,.T.);
#4839=EDGE_CURVE('',#3818,#3819,#2285,.T.);
#4840=EDGE_CURVE('',#3818,#3820,#2286,.T.);
#4841=EDGE_CURVE('',#3820,#3821,#2287,.T.);
#4842=EDGE_CURVE('',#3819,#3821,#2288,.T.);
#4843=EDGE_CURVE('',#3822,#3818,#199,.T.);
#4844=EDGE_CURVE('',#3822,#3823,#2289,.T.);
#4845=EDGE_CURVE('',#3823,#3820,#200,.T.);
#4846=EDGE_CURVE('',#3818,#3820,#2290,.T.);
#4847=EDGE_CURVE('',#3824,#3822,#201,.T.);
#4848=EDGE_CURVE('',#3824,#3825,#2291,.T.);
#4849=EDGE_CURVE('',#3825,#3823,#202,.T.);
#4850=EDGE_CURVE('',#3826,#3824,#203,.T.);
#4851=EDGE_CURVE('',#3826,#3827,#2292,.T.);
#4852=EDGE_CURVE('',#3827,#3825,#204,.T.);
#4853=EDGE_CURVE('',#3828,#3826,#205,.T.);
#4854=EDGE_CURVE('',#3828,#3829,#2293,.T.);
#4855=EDGE_CURVE('',#3829,#3827,#206,.T.);
#4856=EDGE_CURVE('',#3830,#3828,#207,.T.);
#4857=EDGE_CURVE('',#3830,#3831,#2294,.T.);
#4858=EDGE_CURVE('',#3831,#3829,#208,.T.);
#4859=EDGE_CURVE('',#3832,#3830,#2295,.T.);
#4860=EDGE_CURVE('',#3832,#3833,#2296,.T.);
#4861=EDGE_CURVE('',#3833,#3831,#2297,.T.);
#4862=EDGE_CURVE('',#3834,#3832,#2298,.T.);
#4863=EDGE_CURVE('',#3834,#3835,#2299,.T.);
#4864=EDGE_CURVE('',#3835,#3833,#2300,.T.);
#4865=EDGE_CURVE('',#3836,#3834,#2301,.T.);
#4866=EDGE_CURVE('',#3836,#3837,#2302,.T.);
#4867=EDGE_CURVE('',#3837,#3835,#2303,.T.);
#4868=EDGE_CURVE('',#3838,#3836,#209,.T.);
#4869=EDGE_CURVE('',#3838,#3839,#2304,.T.);
#4870=EDGE_CURVE('',#3839,#3837,#210,.T.);
#4871=EDGE_CURVE('',#3840,#3838,#211,.T.);
#4872=EDGE_CURVE('',#3840,#3841,#2305,.T.);
#4873=EDGE_CURVE('',#3841,#3839,#212,.T.);
#4874=EDGE_CURVE('',#3842,#3840,#213,.T.);
#4875=EDGE_CURVE('',#3842,#3843,#2306,.T.);
#4876=EDGE_CURVE('',#3843,#3841,#214,.T.);
#4877=EDGE_CURVE('',#3844,#3842,#215,.T.);
#4878=EDGE_CURVE('',#3844,#3845,#2307,.T.);
#4879=EDGE_CURVE('',#3845,#3843,#216,.T.);
#4880=EDGE_CURVE('',#3846,#3844,#2308,.T.);
#4881=EDGE_CURVE('',#3846,#3847,#2309,.T.);
#4882=EDGE_CURVE('',#3847,#3845,#2310,.T.);
#4883=EDGE_CURVE('',#3819,#3846,#2311,.T.);
#4884=EDGE_CURVE('',#3821,#3847,#2312,.T.);
#4885=EDGE_CURVE('',#3846,#3847,#2313,.T.);
#4886=EDGE_CURVE('',#3848,#3849,#2314,.T.);
#4887=EDGE_CURVE('',#3848,#3850,#2315,.T.);
#4888=EDGE_CURVE('',#3850,#3851,#2316,.T.);
#4889=EDGE_CURVE('',#3849,#3851,#2317,.T.);
#4890=EDGE_CURVE('',#3846,#3848,#2318,.T.);
#4891=EDGE_CURVE('',#3847,#3850,#2319,.T.);
#4892=EDGE_CURVE('',#3852,#3846,#2320,.T.);
#4893=EDGE_CURVE('',#3852,#3853,#2321,.T.);
#4894=EDGE_CURVE('',#3853,#3847,#2322,.T.);
#4895=EDGE_CURVE('',#3854,#3852,#2323,.T.);
#4896=EDGE_CURVE('',#3854,#3855,#2324,.T.);
#4897=EDGE_CURVE('',#3855,#3853,#2325,.T.);
#4898=EDGE_CURVE('',#3856,#3854,#2326,.T.);
#4899=EDGE_CURVE('',#3856,#3857,#2327,.T.);
#4900=EDGE_CURVE('',#3857,#3855,#2328,.T.);
#4901=EDGE_CURVE('',#3858,#3856,#2329,.T.);
#4902=EDGE_CURVE('',#3858,#3859,#2330,.T.);
#4903=EDGE_CURVE('',#3859,#3857,#2331,.T.);
#4904=EDGE_CURVE('',#3818,#3858,#2332,.T.);
#4905=EDGE_CURVE('',#3820,#3859,#2333,.T.);
#4906=EDGE_CURVE('',#3849,#3818,#217,.T.);
#4907=EDGE_CURVE('',#3851,#3820,#218,.T.);
#4908=EDGE_CURVE('',#3860,#3861,#2334,.T.);
#4909=EDGE_CURVE('',#3860,#3862,#2335,.T.);
#4910=EDGE_CURVE('',#3862,#3863,#2336,.T.);
#4911=EDGE_CURVE('',#3861,#3863,#2337,.T.);
#4912=EDGE_CURVE('',#3864,#3860,#219,.T.);
#4913=EDGE_CURVE('',#3864,#3865,#2338,.T.);
#4914=EDGE_CURVE('',#3865,#3862,#220,.T.);
#4915=EDGE_CURVE('',#3866,#3864,#221,.T.);
#4916=EDGE_CURVE('',#3866,#3867,#2339,.T.);
#4917=EDGE_CURVE('',#3867,#3865,#222,.T.);
#4918=EDGE_CURVE('',#3868,#3866,#223,.T.);
#4919=EDGE_CURVE('',#3868,#3869,#2340,.T.);
#4920=EDGE_CURVE('',#3869,#3867,#224,.T.);
#4921=EDGE_CURVE('',#3870,#3868,#2341,.T.);
#4922=EDGE_CURVE('',#3870,#3871,#2342,.T.);
#4923=EDGE_CURVE('',#3871,#3869,#2343,.T.);
#4924=EDGE_CURVE('',#3861,#3870,#2344,.T.);
#4925=EDGE_CURVE('',#3863,#3871,#2345,.T.);
#4926=EDGE_CURVE('',#3872,#3873,#2346,.T.);
#4927=EDGE_CURVE('',#3872,#3874,#2347,.T.);
#4928=EDGE_CURVE('',#3874,#3875,#2348,.T.);
#4929=EDGE_CURVE('',#3873,#3875,#2349,.T.);
#4930=EDGE_CURVE('',#3876,#3872,#225,.T.);
#4931=EDGE_CURVE('',#3876,#3877,#2350,.T.);
#4932=EDGE_CURVE('',#3877,#3874,#226,.T.);
#4933=EDGE_CURVE('',#3878,#3876,#227,.T.);
#4934=EDGE_CURVE('',#3878,#3879,#2351,.T.);
#4935=EDGE_CURVE('',#3879,#3877,#228,.T.);
#4936=EDGE_CURVE('',#3880,#3878,#229,.T.);
#4937=EDGE_CURVE('',#3880,#3881,#2352,.T.);
#4938=EDGE_CURVE('',#3881,#3879,#230,.T.);
#4939=EDGE_CURVE('',#3882,#3880,#231,.T.);
#4940=EDGE_CURVE('',#3882,#3883,#2353,.T.);
#4941=EDGE_CURVE('',#3883,#3881,#232,.T.);
#4942=EDGE_CURVE('',#3884,#3882,#233,.T.);
#4943=EDGE_CURVE('',#3884,#3885,#2354,.T.);
#4944=EDGE_CURVE('',#3885,#3883,#234,.T.);
#4945=EDGE_CURVE('',#3886,#3884,#2355,.T.);
#4946=EDGE_CURVE('',#3886,#3887,#2356,.T.);
#4947=EDGE_CURVE('',#3887,#3885,#2357,.T.);
#4948=EDGE_CURVE('',#3888,#3886,#2358,.T.);
#4949=EDGE_CURVE('',#3888,#3889,#2359,.T.);
#4950=EDGE_CURVE('',#3889,#3887,#2360,.T.);
#4951=EDGE_CURVE('',#3890,#3888,#2361,.T.);
#4952=EDGE_CURVE('',#3890,#3891,#2362,.T.);
#4953=EDGE_CURVE('',#3891,#3889,#2363,.T.);
#4954=EDGE_CURVE('',#3892,#3890,#2364,.T.);
#4955=EDGE_CURVE('',#3892,#3893,#2365,.T.);
#4956=EDGE_CURVE('',#3893,#3891,#2366,.T.);
#4957=EDGE_CURVE('',#3894,#3892,#2367,.T.);
#4958=EDGE_CURVE('',#3894,#3895,#2368,.T.);
#4959=EDGE_CURVE('',#3895,#3893,#2369,.T.);
#4960=EDGE_CURVE('',#3896,#3894,#235,.T.);
#4961=EDGE_CURVE('',#3896,#3897,#2370,.T.);
#4962=EDGE_CURVE('',#3897,#3895,#236,.T.);
#4963=EDGE_CURVE('',#3873,#3896,#237,.T.);
#4964=EDGE_CURVE('',#3875,#3897,#238,.T.);
#4965=EDGE_CURVE('',#3898,#3899,#2371,.T.);
#4966=EDGE_CURVE('',#3898,#3900,#2372,.T.);
#4967=EDGE_CURVE('',#3900,#3901,#2373,.T.);
#4968=EDGE_CURVE('',#3899,#3901,#2374,.T.);
#4969=EDGE_CURVE('',#3902,#3898,#239,.T.);
#4970=EDGE_CURVE('',#3902,#3903,#2375,.T.);
#4971=EDGE_CURVE('',#3903,#3900,#240,.T.);
#4972=EDGE_CURVE('',#3904,#3902,#241,.T.);
#4973=EDGE_CURVE('',#3904,#3905,#2376,.T.);
#4974=EDGE_CURVE('',#3905,#3903,#242,.T.);
#4975=EDGE_CURVE('',#3902,#3903,#2377,.T.);
#4976=EDGE_CURVE('',#3906,#3904,#243,.T.);
#4977=EDGE_CURVE('',#3906,#3907,#2378,.T.);
#4978=EDGE_CURVE('',#3907,#3905,#244,.T.);
#4979=EDGE_CURVE('',#3908,#3906,#2379,.T.);
#4980=EDGE_CURVE('',#3908,#3909,#2380,.T.);
#4981=EDGE_CURVE('',#3909,#3907,#2381,.T.);
#4982=EDGE_CURVE('',#3910,#3908,#245,.T.);
#4983=EDGE_CURVE('',#3910,#3911,#2382,.T.);
#4984=EDGE_CURVE('',#3911,#3909,#246,.T.);
#4985=EDGE_CURVE('',#3912,#3910,#247,.T.);
#4986=EDGE_CURVE('',#3912,#3913,#2383,.T.);
#4987=EDGE_CURVE('',#3913,#3911,#248,.T.);
#4988=EDGE_CURVE('',#3914,#3912,#249,.T.);
#4989=EDGE_CURVE('',#3914,#3915,#2384,.T.);
#4990=EDGE_CURVE('',#3915,#3913,#250,.T.);
#4991=EDGE_CURVE('',#3916,#3914,#2385,.T.);
#4992=EDGE_CURVE('',#3916,#3917,#2386,.T.);
#4993=EDGE_CURVE('',#3917,#3915,#2387,.T.);
#4994=EDGE_CURVE('',#3918,#3916,#251,.T.);
#4995=EDGE_CURVE('',#3918,#3919,#2388,.T.);
#4996=EDGE_CURVE('',#3919,#3917,#252,.T.);
#4997=EDGE_CURVE('',#3920,#3918,#253,.T.);
#4998=EDGE_CURVE('',#3920,#3921,#2389,.T.);
#4999=EDGE_CURVE('',#3921,#3919,#254,.T.);
#5000=EDGE_CURVE('',#3899,#3920,#255,.T.);
#5001=EDGE_CURVE('',#3901,#3921,#256,.T.);
#5002=EDGE_CURVE('',#3920,#3921,#2390,.T.);
#5003=EDGE_CURVE('',#3920,#3922,#257,.T.);
#5004=EDGE_CURVE('',#3921,#3923,#258,.T.);
#5005=EDGE_CURVE('',#3922,#3923,#2391,.T.);
#5006=EDGE_CURVE('',#3924,#3920,#259,.T.);
#5007=EDGE_CURVE('',#3924,#3925,#2392,.T.);
#5008=EDGE_CURVE('',#3925,#3921,#260,.T.);
#5009=EDGE_CURVE('',#3926,#3924,#2393,.T.);
#5010=EDGE_CURVE('',#3926,#3927,#2394,.T.);
#5011=EDGE_CURVE('',#3927,#3925,#2395,.T.);
#5012=EDGE_CURVE('',#3928,#3926,#261,.T.);
#5013=EDGE_CURVE('',#3928,#3929,#2396,.T.);
#5014=EDGE_CURVE('',#3929,#3927,#262,.T.);
#5015=EDGE_CURVE('',#3902,#3928,#263,.T.);
#5016=EDGE_CURVE('',#3903,#3929,#264,.T.);
#5017=EDGE_CURVE('',#3922,#3902,#265,.T.);
#5018=EDGE_CURVE('',#3923,#3903,#266,.T.);
#5019=EDGE_CURVE('',#3930,#3931,#267,.T.);
#5020=EDGE_CURVE('',#3930,#3932,#2397,.T.);
#5021=EDGE_CURVE('',#3932,#3933,#268,.T.);
#5022=EDGE_CURVE('',#3931,#3933,#2398,.T.);
#5023=EDGE_CURVE('',#3934,#3930,#2399,.T.);
#5024=EDGE_CURVE('',#3934,#3935,#2400,.T.);
#5025=EDGE_CURVE('',#3935,#3932,#2401,.T.);
#5026=EDGE_CURVE('',#3930,#3932,#2402,.T.);
#5027=EDGE_CURVE('',#3936,#3934,#2403,.T.);
#5028=EDGE_CURVE('',#3936,#3937,#2404,.T.);
#5029=EDGE_CURVE('',#3937,#3935,#2405,.T.);
#5030=EDGE_CURVE('',#3930,#3936,#269,.T.);
#5031=EDGE_CURVE('',#3932,#3937,#270,.T.);
#5032=EDGE_CURVE('',#3938,#3930,#2406,.T.);
#5033=EDGE_CURVE('',#3938,#3939,#2407,.T.);
#5034=EDGE_CURVE('',#3939,#3932,#2408,.T.);
#5035=EDGE_CURVE('',#3940,#3938,#271,.T.);
#5036=EDGE_CURVE('',#3940,#3941,#2409,.T.);
#5037=EDGE_CURVE('',#3941,#3939,#272,.T.);
#5038=EDGE_CURVE('',#3942,#3940,#273,.T.);
#5039=EDGE_CURVE('',#3942,#3943,#2410,.T.);
#5040=EDGE_CURVE('',#3943,#3941,#274,.T.);
#5041=EDGE_CURVE('',#3944,#3942,#275,.T.);
#5042=EDGE_CURVE('',#3944,#3945,#2411,.T.);
#5043=EDGE_CURVE('',#3945,#3943,#276,.T.);
#5044=EDGE_CURVE('',#3946,#3944,#277,.T.);
#5045=EDGE_CURVE('',#3946,#3947,#2412,.T.);
#5046=EDGE_CURVE('',#3947,#3945,#278,.T.);
#5047=EDGE_CURVE('',#3948,#3946,#279,.T.);
#5048=EDGE_CURVE('',#3948,#3949,#2413,.T.);
#5049=EDGE_CURVE('',#3949,#3947,#280,.T.);
#5050=EDGE_CURVE('',#3950,#3948,#281,.T.);
#5051=EDGE_CURVE('',#3950,#3951,#2414,.T.);
#5052=EDGE_CURVE('',#3951,#3949,#282,.T.);
#5053=EDGE_CURVE('',#3931,#3950,#283,.T.);
#5054=EDGE_CURVE('',#3933,#3951,#284,.T.);
#5055=EDGE_CURVE('',#3952,#3953,#285,.T.);
#5056=EDGE_CURVE('',#3952,#3954,#2415,.T.);
#5057=EDGE_CURVE('',#3954,#3955,#286,.T.);
#5058=EDGE_CURVE('',#3953,#3955,#2416,.T.);
#5059=EDGE_CURVE('',#3956,#3952,#2417,.T.);
#5060=EDGE_CURVE('',#3956,#3957,#2418,.T.);
#5061=EDGE_CURVE('',#3957,#3954,#2419,.T.);
#5062=EDGE_CURVE('',#3953,#3956,#2420,.T.);
#5063=EDGE_CURVE('',#3955,#3957,#2421,.T.);
#5064=EDGE_CURVE('',#3958,#3953,#287,.T.);
#5065=EDGE_CURVE('',#3958,#3959,#2422,.T.);
#5066=EDGE_CURVE('',#3959,#3955,#288,.T.);
#5067=EDGE_CURVE('',#3953,#3955,#2423,.T.);
#5068=EDGE_CURVE('',#3960,#3958,#289,.T.);
#5069=EDGE_CURVE('',#3960,#3961,#2424,.T.);
#5070=EDGE_CURVE('',#3961,#3959,#290,.T.);
#5071=EDGE_CURVE('',#3962,#3960,#291,.T.);
#5072=EDGE_CURVE('',#3962,#3963,#2425,.T.);
#5073=EDGE_CURVE('',#3963,#3961,#292,.T.);
#5074=EDGE_CURVE('',#3964,#3962,#293,.T.);
#5075=EDGE_CURVE('',#3964,#3965,#2426,.T.);
#5076=EDGE_CURVE('',#3965,#3963,#294,.T.);
#5077=EDGE_CURVE('',#3966,#3964,#2427,.T.);
#5078=EDGE_CURVE('',#3966,#3967,#2428,.T.);
#5079=EDGE_CURVE('',#3967,#3965,#2429,.T.);
#5080=EDGE_CURVE('',#3968,#3966,#2430,.T.);
#5081=EDGE_CURVE('',#3968,#3969,#2431,.T.);
#5082=EDGE_CURVE('',#3969,#3967,#2432,.T.);
#5083=EDGE_CURVE('',#3970,#3968,#2433,.T.);
#5084=EDGE_CURVE('',#3970,#3971,#2434,.T.);
#5085=EDGE_CURVE('',#3971,#3969,#2435,.T.);
#5086=EDGE_CURVE('',#3972,#3970,#295,.T.);
#5087=EDGE_CURVE('',#3972,#3973,#2436,.T.);
#5088=EDGE_CURVE('',#3973,#3971,#296,.T.);
#5089=EDGE_CURVE('',#3974,#3972,#297,.T.);
#5090=EDGE_CURVE('',#3974,#3975,#2437,.T.);
#5091=EDGE_CURVE('',#3975,#3973,#298,.T.);
#5092=EDGE_CURVE('',#3976,#3974,#2438,.T.);
#5093=EDGE_CURVE('',#3976,#3977,#2439,.T.);
#5094=EDGE_CURVE('',#3977,#3975,#2440,.T.);
#5095=EDGE_CURVE('',#3978,#3976,#2441,.T.);
#5096=EDGE_CURVE('',#3978,#3979,#2442,.T.);
#5097=EDGE_CURVE('',#3979,#3977,#2443,.T.);
#5098=EDGE_CURVE('',#3980,#3978,#299,.T.);
#5099=EDGE_CURVE('',#3980,#3981,#2444,.T.);
#5100=EDGE_CURVE('',#3981,#3979,#300,.T.);
#5101=EDGE_CURVE('',#3982,#3980,#301,.T.);
#5102=EDGE_CURVE('',#3982,#3983,#2445,.T.);
#5103=EDGE_CURVE('',#3983,#3981,#302,.T.);
#5104=EDGE_CURVE('',#3984,#3982,#303,.T.);
#5105=EDGE_CURVE('',#3984,#3985,#2446,.T.);
#5106=EDGE_CURVE('',#3985,#3983,#304,.T.);
#5107=EDGE_CURVE('',#3986,#3984,#305,.T.);
#5108=EDGE_CURVE('',#3986,#3987,#2447,.T.);
#5109=EDGE_CURVE('',#3987,#3985,#306,.T.);
#5110=EDGE_CURVE('',#3988,#3986,#307,.T.);
#5111=EDGE_CURVE('',#3988,#3989,#2448,.T.);
#5112=EDGE_CURVE('',#3989,#3987,#308,.T.);
#5113=EDGE_CURVE('',#3990,#3988,#309,.T.);
#5114=EDGE_CURVE('',#3990,#3991,#2449,.T.);
#5115=EDGE_CURVE('',#3991,#3989,#310,.T.);
#5116=EDGE_CURVE('',#3992,#3990,#311,.T.);
#5117=EDGE_CURVE('',#3992,#3993,#2450,.T.);
#5118=EDGE_CURVE('',#3993,#3991,#312,.T.);
#5119=EDGE_CURVE('',#3994,#3992,#313,.T.);
#5120=EDGE_CURVE('',#3994,#3995,#2451,.T.);
#5121=EDGE_CURVE('',#3995,#3993,#314,.T.);
#5122=EDGE_CURVE('',#3996,#3994,#2452,.T.);
#5123=EDGE_CURVE('',#3996,#3997,#2453,.T.);
#5124=EDGE_CURVE('',#3997,#3995,#2454,.T.);
#5125=EDGE_CURVE('',#3994,#3995,#2455,.T.);
#5126=EDGE_CURVE('',#3998,#3996,#2456,.T.);
#5127=EDGE_CURVE('',#3998,#3999,#2457,.T.);
#5128=EDGE_CURVE('',#3999,#3997,#2458,.T.);
#5129=EDGE_CURVE('',#3994,#3998,#315,.T.);
#5130=EDGE_CURVE('',#3995,#3999,#316,.T.);
#5131=EDGE_CURVE('',#3953,#3994,#2459,.T.);
#5132=EDGE_CURVE('',#3955,#3995,#2460,.T.);
#5133=EDGE_CURVE('',#4000,#4001,#317,.T.);
#5134=EDGE_CURVE('',#4000,#4002,#2461,.T.);
#5135=EDGE_CURVE('',#4002,#4003,#318,.T.);
#5136=EDGE_CURVE('',#4001,#4003,#2462,.T.);
#5137=EDGE_CURVE('',#4004,#4000,#319,.T.);
#5138=EDGE_CURVE('',#4004,#4005,#2463,.T.);
#5139=EDGE_CURVE('',#4005,#4002,#320,.T.);
#5140=EDGE_CURVE('',#4006,#4004,#2464,.T.);
#5141=EDGE_CURVE('',#4006,#4007,#2465,.T.);
#5142=EDGE_CURVE('',#4007,#4005,#2466,.T.);
#5143=EDGE_CURVE('',#4008,#4006,#321,.T.);
#5144=EDGE_CURVE('',#4008,#4009,#2467,.T.);
#5145=EDGE_CURVE('',#4009,#4007,#322,.T.);
#5146=EDGE_CURVE('',#4010,#4008,#323,.T.);
#5147=EDGE_CURVE('',#4010,#4011,#2468,.T.);
#5148=EDGE_CURVE('',#4011,#4009,#324,.T.);
#5149=EDGE_CURVE('',#4012,#4010,#325,.T.);
#5150=EDGE_CURVE('',#4012,#4013,#2469,.T.);
#5151=EDGE_CURVE('',#4013,#4011,#326,.T.);
#5152=EDGE_CURVE('',#4014,#4012,#327,.T.);
#5153=EDGE_CURVE('',#4014,#4015,#2470,.T.);
#5154=EDGE_CURVE('',#4015,#4013,#328,.T.);
#5155=EDGE_CURVE('',#4016,#4014,#329,.T.);
#5156=EDGE_CURVE('',#4016,#4017,#2471,.T.);
#5157=EDGE_CURVE('',#4017,#4015,#330,.T.);
#5158=EDGE_CURVE('',#4018,#4016,#331,.T.);
#5159=EDGE_CURVE('',#4018,#4019,#2472,.T.);
#5160=EDGE_CURVE('',#4019,#4017,#332,.T.);
#5161=EDGE_CURVE('',#4020,#4018,#2473,.T.);
#5162=EDGE_CURVE('',#4020,#4021,#2474,.T.);
#5163=EDGE_CURVE('',#4021,#4019,#2475,.T.);
#5164=EDGE_CURVE('',#4022,#4020,#333,.T.);
#5165=EDGE_CURVE('',#4022,#4023,#2476,.T.);
#5166=EDGE_CURVE('',#4023,#4021,#334,.T.);
#5167=EDGE_CURVE('',#4024,#4022,#335,.T.);
#5168=EDGE_CURVE('',#4024,#4025,#2477,.T.);
#5169=EDGE_CURVE('',#4025,#4023,#336,.T.);
#5170=EDGE_CURVE('',#4026,#4024,#337,.T.);
#5171=EDGE_CURVE('',#4026,#4027,#2478,.T.);
#5172=EDGE_CURVE('',#4027,#4025,#338,.T.);
#5173=EDGE_CURVE('',#4028,#4026,#339,.T.);
#5174=EDGE_CURVE('',#4028,#4029,#2479,.T.);
#5175=EDGE_CURVE('',#4029,#4027,#340,.T.);
#5176=EDGE_CURVE('',#4030,#4028,#341,.T.);
#5177=EDGE_CURVE('',#4030,#4031,#2480,.T.);
#5178=EDGE_CURVE('',#4031,#4029,#342,.T.);
#5179=EDGE_CURVE('',#4032,#4030,#343,.T.);
#5180=EDGE_CURVE('',#4032,#4033,#2481,.T.);
#5181=EDGE_CURVE('',#4033,#4031,#344,.T.);
#5182=EDGE_CURVE('',#4034,#4032,#2482,.T.);
#5183=EDGE_CURVE('',#4034,#4035,#2483,.T.);
#5184=EDGE_CURVE('',#4035,#4033,#2484,.T.);
#5185=EDGE_CURVE('',#4036,#4034,#345,.T.);
#5186=EDGE_CURVE('',#4036,#4037,#2485,.T.);
#5187=EDGE_CURVE('',#4037,#4035,#346,.T.);
#5188=EDGE_CURVE('',#4038,#4036,#347,.T.);
#5189=EDGE_CURVE('',#4038,#4039,#2486,.T.);
#5190=EDGE_CURVE('',#4039,#4037,#348,.T.);
#5191=EDGE_CURVE('',#4040,#4038,#349,.T.);
#5192=EDGE_CURVE('',#4040,#4041,#2487,.T.);
#5193=EDGE_CURVE('',#4041,#4039,#350,.T.);
#5194=EDGE_CURVE('',#4042,#4040,#351,.T.);
#5195=EDGE_CURVE('',#4042,#4043,#2488,.T.);
#5196=EDGE_CURVE('',#4043,#4041,#352,.T.);
#5197=EDGE_CURVE('',#4044,#4042,#353,.T.);
#5198=EDGE_CURVE('',#4044,#4045,#2489,.T.);
#5199=EDGE_CURVE('',#4045,#4043,#354,.T.);
#5200=EDGE_CURVE('',#4046,#4044,#355,.T.);
#5201=EDGE_CURVE('',#4046,#4047,#2490,.T.);
#5202=EDGE_CURVE('',#4047,#4045,#356,.T.);
#5203=EDGE_CURVE('',#4048,#4046,#2491,.T.);
#5204=EDGE_CURVE('',#4048,#4049,#2492,.T.);
#5205=EDGE_CURVE('',#4049,#4047,#2493,.T.);
#5206=EDGE_CURVE('',#4050,#4048,#357,.T.);
#5207=EDGE_CURVE('',#4050,#4051,#2494,.T.);
#5208=EDGE_CURVE('',#4051,#4049,#358,.T.);
#5209=EDGE_CURVE('',#4052,#4050,#359,.T.);
#5210=EDGE_CURVE('',#4052,#4053,#2495,.T.);
#5211=EDGE_CURVE('',#4053,#4051,#360,.T.);
#5212=EDGE_CURVE('',#4054,#4052,#361,.T.);
#5213=EDGE_CURVE('',#4054,#4055,#2496,.T.);
#5214=EDGE_CURVE('',#4055,#4053,#362,.T.);
#5215=EDGE_CURVE('',#4001,#4054,#363,.T.);
#5216=EDGE_CURVE('',#4003,#4055,#364,.T.);
#5217=EDGE_CURVE('',#4056,#4057,#365,.T.);
#5218=EDGE_CURVE('',#4056,#4058,#2497,.T.);
#5219=EDGE_CURVE('',#4058,#4059,#366,.T.);
#5220=EDGE_CURVE('',#4057,#4059,#2498,.T.);
#5221=EDGE_CURVE('',#4060,#4056,#367,.T.);
#5222=EDGE_CURVE('',#4060,#4061,#2499,.T.);
#5223=EDGE_CURVE('',#4061,#4058,#368,.T.);
#5224=EDGE_CURVE('',#4062,#4060,#369,.T.);
#5225=EDGE_CURVE('',#4062,#4063,#2500,.T.);
#5226=EDGE_CURVE('',#4063,#4061,#370,.T.);
#5227=EDGE_CURVE('',#4064,#4062,#371,.T.);
#5228=EDGE_CURVE('',#4064,#4065,#2501,.T.);
#5229=EDGE_CURVE('',#4065,#4063,#372,.T.);
#5230=EDGE_CURVE('',#4066,#4064,#373,.T.);
#5231=EDGE_CURVE('',#4066,#4067,#2502,.T.);
#5232=EDGE_CURVE('',#4067,#4065,#374,.T.);
#5233=EDGE_CURVE('',#4068,#4066,#375,.T.);
#5234=EDGE_CURVE('',#4068,#4069,#2503,.T.);
#5235=EDGE_CURVE('',#4069,#4067,#376,.T.);
#5236=EDGE_CURVE('',#4070,#4068,#377,.T.);
#5237=EDGE_CURVE('',#4070,#4071,#2504,.T.);
#5238=EDGE_CURVE('',#4071,#4069,#378,.T.);
#5239=EDGE_CURVE('',#4057,#4070,#379,.T.);
#5240=EDGE_CURVE('',#4059,#4071,#380,.T.);
#5241=EDGE_CURVE('',#4072,#4073,#381,.T.);
#5242=EDGE_CURVE('',#4072,#4074,#2505,.T.);
#5243=EDGE_CURVE('',#4074,#4075,#382,.T.);
#5244=EDGE_CURVE('',#4073,#4075,#2506,.T.);
#5245=EDGE_CURVE('',#4076,#4072,#383,.T.);
#5246=EDGE_CURVE('',#4076,#4077,#2507,.T.);
#5247=EDGE_CURVE('',#4077,#4074,#384,.T.);
#5248=EDGE_CURVE('',#4078,#4076,#385,.T.);
#5249=EDGE_CURVE('',#4078,#4079,#2508,.T.);
#5250=EDGE_CURVE('',#4079,#4077,#386,.T.);
#5251=EDGE_CURVE('',#4080,#4078,#387,.T.);
#5252=EDGE_CURVE('',#4080,#4081,#2509,.T.);
#5253=EDGE_CURVE('',#4081,#4079,#388,.T.);
#5254=EDGE_CURVE('',#4082,#4080,#389,.T.);
#5255=EDGE_CURVE('',#4082,#4083,#2510,.T.);
#5256=EDGE_CURVE('',#4083,#4081,#390,.T.);
#5257=EDGE_CURVE('',#4084,#4082,#391,.T.);
#5258=EDGE_CURVE('',#4084,#4085,#2511,.T.);
#5259=EDGE_CURVE('',#4085,#4083,#392,.T.);
#5260=EDGE_CURVE('',#4086,#4084,#393,.T.);
#5261=EDGE_CURVE('',#4086,#4087,#2512,.T.);
#5262=EDGE_CURVE('',#4087,#4085,#394,.T.);
#5263=EDGE_CURVE('',#4073,#4086,#395,.T.);
#5264=EDGE_CURVE('',#4075,#4087,#396,.T.);
#5265=EDGE_CURVE('',#4088,#4089,#2513,.T.);
#5266=EDGE_CURVE('',#4088,#4090,#2514,.T.);
#5267=EDGE_CURVE('',#4090,#4091,#2515,.T.);
#5268=EDGE_CURVE('',#4089,#4091,#2516,.T.);
#5269=EDGE_CURVE('',#4092,#4088,#2517,.T.);
#5270=EDGE_CURVE('',#4092,#4093,#2518,.T.);
#5271=EDGE_CURVE('',#4093,#4090,#2519,.T.);
#5272=EDGE_CURVE('',#4094,#4092,#397,.T.);
#5273=EDGE_CURVE('',#4094,#4095,#2520,.T.);
#5274=EDGE_CURVE('',#4095,#4093,#398,.T.);
#5275=EDGE_CURVE('',#4096,#4094,#399,.T.);
#5276=EDGE_CURVE('',#4096,#4097,#2521,.T.);
#5277=EDGE_CURVE('',#4097,#4095,#400,.T.);
#5278=EDGE_CURVE('',#4098,#4096,#401,.T.);
#5279=EDGE_CURVE('',#4098,#4099,#2522,.T.);
#5280=EDGE_CURVE('',#4099,#4097,#402,.T.);
#5281=EDGE_CURVE('',#4100,#4098,#403,.T.);
#5282=EDGE_CURVE('',#4100,#4101,#2523,.T.);
#5283=EDGE_CURVE('',#4101,#4099,#404,.T.);
#5284=EDGE_CURVE('',#4102,#4100,#2524,.T.);
#5285=EDGE_CURVE('',#4102,#4103,#2525,.T.);
#5286=EDGE_CURVE('',#4103,#4101,#2526,.T.);
#5287=EDGE_CURVE('',#4104,#4102,#405,.T.);
#5288=EDGE_CURVE('',#4104,#4105,#2527,.T.);
#5289=EDGE_CURVE('',#4105,#4103,#406,.T.);
#5290=EDGE_CURVE('',#4106,#4104,#407,.T.);
#5291=EDGE_CURVE('',#4106,#4107,#2528,.T.);
#5292=EDGE_CURVE('',#4107,#4105,#408,.T.);
#5293=EDGE_CURVE('',#4108,#4106,#409,.T.);
#5294=EDGE_CURVE('',#4108,#4109,#2529,.T.);
#5295=EDGE_CURVE('',#4109,#4107,#410,.T.);
#5296=EDGE_CURVE('',#4110,#4108,#411,.T.);
#5297=EDGE_CURVE('',#4110,#4111,#2530,.T.);
#5298=EDGE_CURVE('',#4111,#4109,#412,.T.);
#5299=EDGE_CURVE('',#4112,#4110,#2531,.T.);
#5300=EDGE_CURVE('',#4112,#4113,#2532,.T.);
#5301=EDGE_CURVE('',#4113,#4111,#2533,.T.);
#5302=EDGE_CURVE('',#4114,#4112,#2534,.T.);
#5303=EDGE_CURVE('',#4114,#4115,#2535,.T.);
#5304=EDGE_CURVE('',#4115,#4113,#2536,.T.);
#5305=EDGE_CURVE('',#4116,#4114,#2537,.T.);
#5306=EDGE_CURVE('',#4116,#4117,#2538,.T.);
#5307=EDGE_CURVE('',#4117,#4115,#2539,.T.);
#5308=EDGE_CURVE('',#4118,#4116,#2540,.T.);
#5309=EDGE_CURVE('',#4118,#4119,#2541,.T.);
#5310=EDGE_CURVE('',#4119,#4117,#2542,.T.);
#5311=EDGE_CURVE('',#4120,#4118,#2543,.T.);
#5312=EDGE_CURVE('',#4120,#4121,#2544,.T.);
#5313=EDGE_CURVE('',#4121,#4119,#2545,.T.);
#5314=EDGE_CURVE('',#4122,#4120,#413,.T.);
#5315=EDGE_CURVE('',#4122,#4123,#2546,.T.);
#5316=EDGE_CURVE('',#4123,#4121,#414,.T.);
#5317=EDGE_CURVE('',#4124,#4122,#415,.T.);
#5318=EDGE_CURVE('',#4124,#4125,#2547,.T.);
#5319=EDGE_CURVE('',#4125,#4123,#416,.T.);
#5320=EDGE_CURVE('',#4126,#4124,#417,.T.);
#5321=EDGE_CURVE('',#4126,#4127,#2548,.T.);
#5322=EDGE_CURVE('',#4127,#4125,#418,.T.);
#5323=EDGE_CURVE('',#4128,#4126,#2549,.T.);
#5324=EDGE_CURVE('',#4128,#4129,#2550,.T.);
#5325=EDGE_CURVE('',#4129,#4127,#2551,.T.);
#5326=EDGE_CURVE('',#4130,#4128,#2552,.T.);
#5327=EDGE_CURVE('',#4130,#4131,#2553,.T.);
#5328=EDGE_CURVE('',#4131,#4129,#2554,.T.);
#5329=EDGE_CURVE('',#4132,#4130,#2555,.T.);
#5330=EDGE_CURVE('',#4132,#4133,#2556,.T.);
#5331=EDGE_CURVE('',#4133,#4131,#2557,.T.);
#5332=EDGE_CURVE('',#4134,#4132,#419,.T.);
#5333=EDGE_CURVE('',#4134,#4135,#2558,.T.);
#5334=EDGE_CURVE('',#4135,#4133,#420,.T.);
#5335=EDGE_CURVE('',#4136,#4134,#421,.T.);
#5336=EDGE_CURVE('',#4136,#4137,#2559,.T.);
#5337=EDGE_CURVE('',#4137,#4135,#422,.T.);
#5338=EDGE_CURVE('',#4138,#4136,#423,.T.);
#5339=EDGE_CURVE('',#4138,#4139,#2560,.T.);
#5340=EDGE_CURVE('',#4139,#4137,#424,.T.);
#5341=EDGE_CURVE('',#4140,#4138,#2561,.T.);
#5342=EDGE_CURVE('',#4140,#4141,#2562,.T.);
#5343=EDGE_CURVE('',#4141,#4139,#2563,.T.);
#5344=EDGE_CURVE('',#4142,#4140,#2564,.T.);
#5345=EDGE_CURVE('',#4142,#4143,#2565,.T.);
#5346=EDGE_CURVE('',#4143,#4141,#2566,.T.);
#5347=EDGE_CURVE('',#4089,#4142,#2567,.T.);
#5348=EDGE_CURVE('',#4091,#4143,#2568,.T.);
#5349=EDGE_CURVE('',#4144,#4145,#425,.T.);
#5350=EDGE_CURVE('',#4144,#4146,#2569,.T.);
#5351=EDGE_CURVE('',#4146,#4147,#426,.T.);
#5352=EDGE_CURVE('',#4145,#4147,#2570,.T.);
#5353=EDGE_CURVE('',#4148,#4144,#2571,.T.);
#5354=EDGE_CURVE('',#4148,#4149,#2572,.T.);
#5355=EDGE_CURVE('',#4149,#4146,#2573,.T.);
#5356=EDGE_CURVE('',#4150,#4148,#427,.T.);
#5357=EDGE_CURVE('',#4150,#4151,#2574,.T.);
#5358=EDGE_CURVE('',#4151,#4149,#428,.T.);
#5359=EDGE_CURVE('',#4152,#4150,#429,.T.);
#5360=EDGE_CURVE('',#4152,#4153,#2575,.T.);
#5361=EDGE_CURVE('',#4153,#4151,#430,.T.);
#5362=EDGE_CURVE('',#4150,#4151,#2576,.T.);
#5363=EDGE_CURVE('',#4154,#4152,#431,.T.);
#5364=EDGE_CURVE('',#4154,#4155,#2577,.T.);
#5365=EDGE_CURVE('',#4155,#4153,#432,.T.);
#5366=EDGE_CURVE('',#4156,#4154,#433,.T.);
#5367=EDGE_CURVE('',#4156,#4157,#2578,.T.);
#5368=EDGE_CURVE('',#4157,#4155,#434,.T.);
#5369=EDGE_CURVE('',#4158,#4156,#435,.T.);
#5370=EDGE_CURVE('',#4158,#4159,#2579,.T.);
#5371=EDGE_CURVE('',#4159,#4157,#436,.T.);
#5372=EDGE_CURVE('',#4160,#4158,#437,.T.);
#5373=EDGE_CURVE('',#4160,#4161,#2580,.T.);
#5374=EDGE_CURVE('',#4161,#4159,#438,.T.);
#5375=EDGE_CURVE('',#4162,#4160,#439,.T.);
#5376=EDGE_CURVE('',#4162,#4163,#2581,.T.);
#5377=EDGE_CURVE('',#4163,#4161,#440,.T.);
#5378=EDGE_CURVE('',#4164,#4162,#441,.T.);
#5379=EDGE_CURVE('',#4164,#4165,#2582,.T.);
#5380=EDGE_CURVE('',#4165,#4163,#442,.T.);
#5381=EDGE_CURVE('',#4166,#4164,#443,.T.);
#5382=EDGE_CURVE('',#4166,#4167,#2583,.T.);
#5383=EDGE_CURVE('',#4167,#4165,#444,.T.);
#5384=EDGE_CURVE('',#4168,#4166,#445,.T.);
#5385=EDGE_CURVE('',#4168,#4169,#2584,.T.);
#5386=EDGE_CURVE('',#4169,#4167,#446,.T.);
#5387=EDGE_CURVE('',#4150,#4168,#447,.T.);
#5388=EDGE_CURVE('',#4151,#4169,#448,.T.);
#5389=EDGE_CURVE('',#4170,#4150,#449,.T.);
#5390=EDGE_CURVE('',#4170,#4171,#2585,.T.);
#5391=EDGE_CURVE('',#4171,#4151,#450,.T.);
#5392=EDGE_CURVE('',#4172,#4170,#451,.T.);
#5393=EDGE_CURVE('',#4172,#4173,#2586,.T.);
#5394=EDGE_CURVE('',#4173,#4171,#452,.T.);
#5395=EDGE_CURVE('',#4174,#4172,#453,.T.);
#5396=EDGE_CURVE('',#4174,#4175,#2587,.T.);
#5397=EDGE_CURVE('',#4175,#4173,#454,.T.);
#5398=EDGE_CURVE('',#4145,#4174,#455,.T.);
#5399=EDGE_CURVE('',#4147,#4175,#456,.T.);
#5400=EDGE_CURVE('',#4176,#4145,#457,.T.);
#5401=EDGE_CURVE('',#4176,#4177,#2588,.T.);
#5402=EDGE_CURVE('',#4177,#4147,#458,.T.);
#5403=EDGE_CURVE('',#4145,#4147,#2589,.T.);
#5404=EDGE_CURVE('',#4178,#4176,#459,.T.);
#5405=EDGE_CURVE('',#4178,#4179,#2590,.T.);
#5406=EDGE_CURVE('',#4179,#4177,#460,.T.);
#5407=EDGE_CURVE('',#4180,#4178,#461,.T.);
#5408=EDGE_CURVE('',#4180,#4181,#2591,.T.);
#5409=EDGE_CURVE('',#4181,#4179,#462,.T.);
#5410=EDGE_CURVE('',#4182,#4180,#463,.T.);
#5411=EDGE_CURVE('',#4182,#4183,#2592,.T.);
#5412=EDGE_CURVE('',#4183,#4181,#464,.T.);
#5413=EDGE_CURVE('',#4184,#4182,#465,.T.);
#5414=EDGE_CURVE('',#4184,#4185,#2593,.T.);
#5415=EDGE_CURVE('',#4185,#4183,#466,.T.);
#5416=EDGE_CURVE('',#4186,#4184,#467,.T.);
#5417=EDGE_CURVE('',#4186,#4187,#2594,.T.);
#5418=EDGE_CURVE('',#4187,#4185,#468,.T.);
#5419=EDGE_CURVE('',#4188,#4186,#469,.T.);
#5420=EDGE_CURVE('',#4188,#4189,#2595,.T.);
#5421=EDGE_CURVE('',#4189,#4187,#470,.T.);
#5422=EDGE_CURVE('',#4190,#4188,#2596,.T.);
#5423=EDGE_CURVE('',#4190,#4191,#2597,.T.);
#5424=EDGE_CURVE('',#4191,#4189,#2598,.T.);
#5425=EDGE_CURVE('',#4188,#4189,#2599,.T.);
#5426=EDGE_CURVE('',#4192,#4190,#2600,.T.);
#5427=EDGE_CURVE('',#4192,#4193,#2601,.T.);
#5428=EDGE_CURVE('',#4193,#4191,#2602,.T.);
#5429=EDGE_CURVE('',#4188,#4192,#471,.T.);
#5430=EDGE_CURVE('',#4189,#4193,#472,.T.);
#5431=EDGE_CURVE('',#4194,#4188,#2603,.T.);
#5432=EDGE_CURVE('',#4194,#4195,#2604,.T.);
#5433=EDGE_CURVE('',#4195,#4189,#2605,.T.);
#5434=EDGE_CURVE('',#4196,#4194,#2606,.T.);
#5435=EDGE_CURVE('',#4196,#4197,#2607,.T.);
#5436=EDGE_CURVE('',#4197,#4195,#2608,.T.);
#5437=EDGE_CURVE('',#4194,#4195,#2609,.T.);
#5438=EDGE_CURVE('',#4198,#4196,#2610,.T.);
#5439=EDGE_CURVE('',#4198,#4199,#2611,.T.);
#5440=EDGE_CURVE('',#4199,#4197,#2612,.T.);
#5441=EDGE_CURVE('',#4194,#4198,#2613,.T.);
#5442=EDGE_CURVE('',#4195,#4199,#2614,.T.);
#5443=EDGE_CURVE('',#4200,#4194,#2615,.T.);
#5444=EDGE_CURVE('',#4200,#4201,#2616,.T.);
#5445=EDGE_CURVE('',#4201,#4195,#2617,.T.);
#5446=EDGE_CURVE('',#4202,#4200,#2618,.T.);
#5447=EDGE_CURVE('',#4202,#4203,#2619,.T.);
#5448=EDGE_CURVE('',#4203,#4201,#2620,.T.);
#5449=EDGE_CURVE('',#4204,#4202,#2621,.T.);
#5450=EDGE_CURVE('',#4204,#4205,#2622,.T.);
#5451=EDGE_CURVE('',#4205,#4203,#2623,.T.);
#5452=EDGE_CURVE('',#4206,#4204,#473,.T.);
#5453=EDGE_CURVE('',#4206,#4207,#2624,.T.);
#5454=EDGE_CURVE('',#4207,#4205,#474,.T.);
#5455=EDGE_CURVE('',#4208,#4206,#475,.T.);
#5456=EDGE_CURVE('',#4208,#4209,#2625,.T.);
#5457=EDGE_CURVE('',#4209,#4207,#476,.T.);
#5458=EDGE_CURVE('',#4210,#4208,#477,.T.);
#5459=EDGE_CURVE('',#4210,#4211,#2626,.T.);
#5460=EDGE_CURVE('',#4211,#4209,#478,.T.);
#5461=EDGE_CURVE('',#4212,#4210,#479,.T.);
#5462=EDGE_CURVE('',#4212,#4213,#2627,.T.);
#5463=EDGE_CURVE('',#4213,#4211,#480,.T.);
#5464=EDGE_CURVE('',#4214,#4212,#481,.T.);
#5465=EDGE_CURVE('',#4214,#4215,#2628,.T.);
#5466=EDGE_CURVE('',#4215,#4213,#482,.T.);
#5467=EDGE_CURVE('',#4216,#4214,#483,.T.);
#5468=EDGE_CURVE('',#4216,#4217,#2629,.T.);
#5469=EDGE_CURVE('',#4217,#4215,#484,.T.);
#5470=EDGE_CURVE('',#4218,#4216,#485,.T.);
#5471=EDGE_CURVE('',#4218,#4219,#2630,.T.);
#5472=EDGE_CURVE('',#4219,#4217,#486,.T.);
#5473=EDGE_CURVE('',#4220,#4218,#487,.T.);
#5474=EDGE_CURVE('',#4220,#4221,#2631,.T.);
#5475=EDGE_CURVE('',#4221,#4219,#488,.T.);
#5476=EDGE_CURVE('',#4222,#4220,#489,.T.);
#5477=EDGE_CURVE('',#4222,#4223,#2632,.T.);
#5478=EDGE_CURVE('',#4223,#4221,#490,.T.);
#5479=EDGE_CURVE('',#4224,#4222,#491,.T.);
#5480=EDGE_CURVE('',#4224,#4225,#2633,.T.);
#5481=EDGE_CURVE('',#4225,#4223,#492,.T.);
#5482=EDGE_CURVE('',#4226,#4224,#2634,.T.);
#5483=EDGE_CURVE('',#4226,#4227,#2635,.T.);
#5484=EDGE_CURVE('',#4227,#4225,#2636,.T.);
#5485=EDGE_CURVE('',#4228,#4226,#493,.T.);
#5486=EDGE_CURVE('',#4228,#4229,#2637,.T.);
#5487=EDGE_CURVE('',#4229,#4227,#494,.T.);
#5488=EDGE_CURVE('',#4230,#4228,#495,.T.);
#5489=EDGE_CURVE('',#4230,#4231,#2638,.T.);
#5490=EDGE_CURVE('',#4231,#4229,#496,.T.);
#5491=EDGE_CURVE('',#4232,#4230,#497,.T.);
#5492=EDGE_CURVE('',#4232,#4233,#2639,.T.);
#5493=EDGE_CURVE('',#4233,#4231,#498,.T.);
#5494=EDGE_CURVE('',#4234,#4232,#499,.T.);
#5495=EDGE_CURVE('',#4234,#4235,#2640,.T.);
#5496=EDGE_CURVE('',#4235,#4233,#500,.T.);
#5497=EDGE_CURVE('',#4236,#4234,#501,.T.);
#5498=EDGE_CURVE('',#4236,#4237,#2641,.T.);
#5499=EDGE_CURVE('',#4237,#4235,#502,.T.);
#5500=EDGE_CURVE('',#4238,#4236,#503,.T.);
#5501=EDGE_CURVE('',#4238,#4239,#2642,.T.);
#5502=EDGE_CURVE('',#4239,#4237,#504,.T.);
#5503=EDGE_CURVE('',#4240,#4238,#505,.T.);
#5504=EDGE_CURVE('',#4240,#4241,#2643,.T.);
#5505=EDGE_CURVE('',#4241,#4239,#506,.T.);
#5506=EDGE_CURVE('',#4242,#4240,#507,.T.);
#5507=EDGE_CURVE('',#4242,#4243,#2644,.T.);
#5508=EDGE_CURVE('',#4243,#4241,#508,.T.);
#5509=EDGE_CURVE('',#4145,#4242,#509,.T.);
#5510=EDGE_CURVE('',#4147,#4243,#510,.T.);
#5511=EDGE_CURVE('',#4244,#4245,#3446,.T.);
#5512=EDGE_CURVE('',#4246,#4244,#2645,.T.);
#5513=EDGE_CURVE('',#4247,#4246,#2646,.T.);
#5514=EDGE_CURVE('',#4248,#4247,#3447,.T.);
#5515=EDGE_CURVE('',#4249,#4248,#2647,.T.);
#5516=EDGE_CURVE('',#4245,#4249,#2648,.T.);
#5517=EDGE_CURVE('',#4250,#4251,#3448,.T.);
#5518=EDGE_CURVE('',#4252,#4250,#2649,.T.);
#5519=EDGE_CURVE('',#4253,#4252,#3449,.T.);
#5520=EDGE_CURVE('',#4254,#4253,#2650,.T.);
#5521=EDGE_CURVE('',#4255,#4254,#3450,.T.);
#5522=EDGE_CURVE('',#4256,#4255,#2651,.T.);
#5523=EDGE_CURVE('',#4257,#4256,#3451,.T.);
#5524=EDGE_CURVE('',#4251,#4257,#2652,.T.);
#5525=EDGE_CURVE('',#4255,#4258,#2653,.T.);
#5526=EDGE_CURVE('',#4259,#4258,#2654,.T.);
#5527=EDGE_CURVE('',#4256,#4259,#2655,.T.);
#5528=EDGE_CURVE('',#4254,#4260,#2656,.T.);
#5529=EDGE_CURVE('',#4258,#4260,#3452,.T.);
#5530=EDGE_CURVE('',#4253,#4261,#2657,.T.);
#5531=EDGE_CURVE('',#4260,#4261,#2658,.T.);
#5532=EDGE_CURVE('',#4252,#4262,#2659,.T.);
#5533=EDGE_CURVE('',#4261,#4262,#3453,.T.);
#5534=EDGE_CURVE('',#4248,#4263,#2660,.T.);
#5535=EDGE_CURVE('',#4264,#4263,#2661,.T.);
#5536=EDGE_CURVE('',#4249,#4264,#2662,.T.);
#5537=EDGE_CURVE('',#4247,#4265,#2663,.T.);
#5538=EDGE_CURVE('',#4263,#4265,#3454,.T.);
#5539=EDGE_CURVE('',#4246,#4266,#2664,.T.);
#5540=EDGE_CURVE('',#4265,#4266,#2665,.T.);
#5541=EDGE_CURVE('',#4250,#4267,#2666,.T.);
#5542=EDGE_CURVE('',#4262,#4267,#2667,.T.);
#5543=EDGE_CURVE('',#4251,#4268,#2668,.T.);
#5544=EDGE_CURVE('',#4267,#4268,#3455,.T.);
#5545=EDGE_CURVE('',#4244,#4269,#2669,.T.);
#5546=EDGE_CURVE('',#4266,#4269,#2670,.T.);
#5547=EDGE_CURVE('',#4245,#4270,#2671,.T.);
#5548=EDGE_CURVE('',#4269,#4270,#3456,.T.);
#5549=EDGE_CURVE('',#4271,#4259,#3457,.T.);
#5550=EDGE_CURVE('',#4257,#4271,#2672,.T.);
#5551=EDGE_CURVE('',#4268,#4271,#2673,.T.);
#5552=EDGE_CURVE('',#4270,#4264,#2674,.T.);
#5553=ORIENTED_EDGE('',*,*,#4272,.F.);
#5554=ORIENTED_EDGE('',*,*,#4273,.T.);
#5555=ORIENTED_EDGE('',*,*,#4274,.T.);
#5556=ORIENTED_EDGE('',*,*,#4273,.F.);
#5557=ORIENTED_EDGE('',*,*,#4274,.F.);
#5558=ORIENTED_EDGE('',*,*,#4275,.F.);
#5559=ORIENTED_EDGE('',*,*,#4276,.T.);
#5560=ORIENTED_EDGE('',*,*,#4277,.T.);
#5561=ORIENTED_EDGE('',*,*,#4276,.F.);
#5562=ORIENTED_EDGE('',*,*,#4277,.F.);
#5563=ORIENTED_EDGE('',*,*,#4278,.F.);
#5564=ORIENTED_EDGE('',*,*,#4279,.T.);
#5565=ORIENTED_EDGE('',*,*,#4280,.T.);
#5566=ORIENTED_EDGE('',*,*,#4279,.F.);
#5567=ORIENTED_EDGE('',*,*,#4280,.F.);
#5568=ORIENTED_EDGE('',*,*,#4281,.F.);
#5569=ORIENTED_EDGE('',*,*,#4282,.T.);
#5570=ORIENTED_EDGE('',*,*,#4283,.T.);
#5571=ORIENTED_EDGE('',*,*,#4282,.F.);
#5572=ORIENTED_EDGE('',*,*,#4283,.F.);
#5573=ORIENTED_EDGE('',*,*,#4284,.T.);
#5574=ORIENTED_EDGE('',*,*,#4285,.T.);
#5575=ORIENTED_EDGE('',*,*,#4286,.F.);
#5576=ORIENTED_EDGE('',*,*,#4287,.F.);
#5577=ORIENTED_EDGE('',*,*,#4288,.T.);
#5578=ORIENTED_EDGE('',*,*,#4287,.T.);
#5579=ORIENTED_EDGE('',*,*,#4289,.F.);
#5580=ORIENTED_EDGE('',*,*,#4290,.F.);
#5581=ORIENTED_EDGE('',*,*,#4291,.T.);
#5582=ORIENTED_EDGE('',*,*,#4290,.T.);
#5583=ORIENTED_EDGE('',*,*,#4292,.F.);
#5584=ORIENTED_EDGE('',*,*,#4293,.F.);
#5585=ORIENTED_EDGE('',*,*,#4294,.T.);
#5586=ORIENTED_EDGE('',*,*,#4293,.T.);
#5587=ORIENTED_EDGE('',*,*,#4295,.F.);
#5588=ORIENTED_EDGE('',*,*,#4296,.F.);
#5589=ORIENTED_EDGE('',*,*,#4297,.T.);
#5590=ORIENTED_EDGE('',*,*,#4296,.T.);
#5591=ORIENTED_EDGE('',*,*,#4298,.F.);
#5592=ORIENTED_EDGE('',*,*,#4299,.F.);
#5593=ORIENTED_EDGE('',*,*,#4300,.T.);
#5594=ORIENTED_EDGE('',*,*,#4299,.T.);
#5595=ORIENTED_EDGE('',*,*,#4301,.F.);
#5596=ORIENTED_EDGE('',*,*,#4302,.F.);
#5597=ORIENTED_EDGE('',*,*,#4303,.T.);
#5598=ORIENTED_EDGE('',*,*,#4302,.T.);
#5599=ORIENTED_EDGE('',*,*,#4304,.F.);
#5600=ORIENTED_EDGE('',*,*,#4305,.F.);
#5601=ORIENTED_EDGE('',*,*,#4306,.T.);
#5602=ORIENTED_EDGE('',*,*,#4305,.T.);
#5603=ORIENTED_EDGE('',*,*,#4307,.F.);
#5604=ORIENTED_EDGE('',*,*,#4308,.F.);
#5605=ORIENTED_EDGE('',*,*,#4309,.T.);
#5606=ORIENTED_EDGE('',*,*,#4308,.T.);
#5607=ORIENTED_EDGE('',*,*,#4310,.F.);
#5608=ORIENTED_EDGE('',*,*,#4311,.F.);
#5609=ORIENTED_EDGE('',*,*,#4312,.T.);
#5610=ORIENTED_EDGE('',*,*,#4311,.T.);
#5611=ORIENTED_EDGE('',*,*,#4313,.F.);
#5612=ORIENTED_EDGE('',*,*,#4314,.F.);
#5613=ORIENTED_EDGE('',*,*,#4315,.T.);
#5614=ORIENTED_EDGE('',*,*,#4314,.T.);
#5615=ORIENTED_EDGE('',*,*,#4316,.F.);
#5616=ORIENTED_EDGE('',*,*,#4317,.F.);
#5617=ORIENTED_EDGE('',*,*,#4318,.T.);
#5618=ORIENTED_EDGE('',*,*,#4317,.T.);
#5619=ORIENTED_EDGE('',*,*,#4319,.F.);
#5620=ORIENTED_EDGE('',*,*,#4320,.F.);
#5621=ORIENTED_EDGE('',*,*,#4321,.T.);
#5622=ORIENTED_EDGE('',*,*,#4320,.T.);
#5623=ORIENTED_EDGE('',*,*,#4322,.F.);
#5624=ORIENTED_EDGE('',*,*,#4323,.F.);
#5625=ORIENTED_EDGE('',*,*,#4324,.T.);
#5626=ORIENTED_EDGE('',*,*,#4323,.T.);
#5627=ORIENTED_EDGE('',*,*,#4325,.F.);
#5628=ORIENTED_EDGE('',*,*,#4326,.F.);
#5629=ORIENTED_EDGE('',*,*,#4327,.T.);
#5630=ORIENTED_EDGE('',*,*,#4326,.T.);
#5631=ORIENTED_EDGE('',*,*,#4328,.F.);
#5632=ORIENTED_EDGE('',*,*,#4329,.F.);
#5633=ORIENTED_EDGE('',*,*,#4330,.T.);
#5634=ORIENTED_EDGE('',*,*,#4329,.T.);
#5635=ORIENTED_EDGE('',*,*,#4331,.F.);
#5636=ORIENTED_EDGE('',*,*,#4332,.F.);
#5637=ORIENTED_EDGE('',*,*,#4333,.T.);
#5638=ORIENTED_EDGE('',*,*,#4332,.T.);
#5639=ORIENTED_EDGE('',*,*,#4334,.F.);
#5640=ORIENTED_EDGE('',*,*,#4335,.F.);
#5641=ORIENTED_EDGE('',*,*,#4336,.T.);
#5642=ORIENTED_EDGE('',*,*,#4335,.T.);
#5643=ORIENTED_EDGE('',*,*,#4337,.F.);
#5644=ORIENTED_EDGE('',*,*,#4338,.F.);
#5645=ORIENTED_EDGE('',*,*,#4339,.T.);
#5646=ORIENTED_EDGE('',*,*,#4338,.T.);
#5647=ORIENTED_EDGE('',*,*,#4340,.F.);
#5648=ORIENTED_EDGE('',*,*,#4341,.F.);
#5649=ORIENTED_EDGE('',*,*,#4342,.T.);
#5650=ORIENTED_EDGE('',*,*,#4341,.T.);
#5651=ORIENTED_EDGE('',*,*,#4343,.F.);
#5652=ORIENTED_EDGE('',*,*,#4344,.F.);
#5653=ORIENTED_EDGE('',*,*,#4345,.T.);
#5654=ORIENTED_EDGE('',*,*,#4344,.T.);
#5655=ORIENTED_EDGE('',*,*,#4346,.F.);
#5656=ORIENTED_EDGE('',*,*,#4347,.F.);
#5657=ORIENTED_EDGE('',*,*,#4348,.T.);
#5658=ORIENTED_EDGE('',*,*,#4347,.T.);
#5659=ORIENTED_EDGE('',*,*,#4349,.F.);
#5660=ORIENTED_EDGE('',*,*,#4350,.F.);
#5661=ORIENTED_EDGE('',*,*,#4351,.T.);
#5662=ORIENTED_EDGE('',*,*,#4350,.T.);
#5663=ORIENTED_EDGE('',*,*,#4352,.F.);
#5664=ORIENTED_EDGE('',*,*,#4353,.F.);
#5665=ORIENTED_EDGE('',*,*,#4354,.T.);
#5666=ORIENTED_EDGE('',*,*,#4353,.T.);
#5667=ORIENTED_EDGE('',*,*,#4355,.F.);
#5668=ORIENTED_EDGE('',*,*,#4356,.F.);
#5669=ORIENTED_EDGE('',*,*,#4357,.T.);
#5670=ORIENTED_EDGE('',*,*,#4356,.T.);
#5671=ORIENTED_EDGE('',*,*,#4358,.F.);
#5672=ORIENTED_EDGE('',*,*,#4285,.F.);
#5673=ORIENTED_EDGE('',*,*,#4359,.T.);
#5674=ORIENTED_EDGE('',*,*,#4360,.T.);
#5675=ORIENTED_EDGE('',*,*,#4361,.F.);
#5676=ORIENTED_EDGE('',*,*,#4362,.F.);
#5677=ORIENTED_EDGE('',*,*,#4363,.T.);
#5678=ORIENTED_EDGE('',*,*,#4362,.T.);
#5679=ORIENTED_EDGE('',*,*,#4364,.F.);
#5680=ORIENTED_EDGE('',*,*,#4365,.F.);
#5681=ORIENTED_EDGE('',*,*,#4366,.T.);
#5682=ORIENTED_EDGE('',*,*,#4365,.T.);
#5683=ORIENTED_EDGE('',*,*,#4367,.F.);
#5684=ORIENTED_EDGE('',*,*,#4368,.F.);
#5685=ORIENTED_EDGE('',*,*,#4369,.T.);
#5686=ORIENTED_EDGE('',*,*,#4368,.T.);
#5687=ORIENTED_EDGE('',*,*,#4370,.F.);
#5688=ORIENTED_EDGE('',*,*,#4371,.F.);
#5689=ORIENTED_EDGE('',*,*,#4372,.T.);
#5690=ORIENTED_EDGE('',*,*,#4371,.T.);
#5691=ORIENTED_EDGE('',*,*,#4373,.F.);
#5692=ORIENTED_EDGE('',*,*,#4374,.F.);
#5693=ORIENTED_EDGE('',*,*,#4375,.T.);
#5694=ORIENTED_EDGE('',*,*,#4374,.T.);
#5695=ORIENTED_EDGE('',*,*,#4376,.F.);
#5696=ORIENTED_EDGE('',*,*,#4377,.F.);
#5697=ORIENTED_EDGE('',*,*,#4378,.T.);
#5698=ORIENTED_EDGE('',*,*,#4377,.T.);
#5699=ORIENTED_EDGE('',*,*,#4379,.F.);
#5700=ORIENTED_EDGE('',*,*,#4380,.F.);
#5701=ORIENTED_EDGE('',*,*,#4381,.T.);
#5702=ORIENTED_EDGE('',*,*,#4380,.T.);
#5703=ORIENTED_EDGE('',*,*,#4382,.F.);
#5704=ORIENTED_EDGE('',*,*,#4383,.F.);
#5705=ORIENTED_EDGE('',*,*,#4384,.T.);
#5706=ORIENTED_EDGE('',*,*,#4383,.T.);
#5707=ORIENTED_EDGE('',*,*,#4385,.F.);
#5708=ORIENTED_EDGE('',*,*,#4386,.F.);
#5709=ORIENTED_EDGE('',*,*,#4387,.T.);
#5710=ORIENTED_EDGE('',*,*,#4386,.T.);
#5711=ORIENTED_EDGE('',*,*,#4388,.F.);
#5712=ORIENTED_EDGE('',*,*,#4389,.F.);
#5713=ORIENTED_EDGE('',*,*,#4390,.T.);
#5714=ORIENTED_EDGE('',*,*,#4389,.T.);
#5715=ORIENTED_EDGE('',*,*,#4391,.F.);
#5716=ORIENTED_EDGE('',*,*,#4392,.F.);
#5717=ORIENTED_EDGE('',*,*,#4393,.T.);
#5718=ORIENTED_EDGE('',*,*,#4392,.T.);
#5719=ORIENTED_EDGE('',*,*,#4394,.F.);
#5720=ORIENTED_EDGE('',*,*,#4395,.F.);
#5721=ORIENTED_EDGE('',*,*,#4396,.T.);
#5722=ORIENTED_EDGE('',*,*,#4395,.T.);
#5723=ORIENTED_EDGE('',*,*,#4397,.F.);
#5724=ORIENTED_EDGE('',*,*,#4398,.F.);
#5725=ORIENTED_EDGE('',*,*,#4399,.T.);
#5726=ORIENTED_EDGE('',*,*,#4398,.T.);
#5727=ORIENTED_EDGE('',*,*,#4400,.F.);
#5728=ORIENTED_EDGE('',*,*,#4401,.F.);
#5729=ORIENTED_EDGE('',*,*,#4402,.T.);
#5730=ORIENTED_EDGE('',*,*,#4401,.T.);
#5731=ORIENTED_EDGE('',*,*,#4403,.F.);
#5732=ORIENTED_EDGE('',*,*,#4404,.F.);
#5733=ORIENTED_EDGE('',*,*,#4405,.T.);
#5734=ORIENTED_EDGE('',*,*,#4404,.T.);
#5735=ORIENTED_EDGE('',*,*,#4406,.F.);
#5736=ORIENTED_EDGE('',*,*,#4407,.F.);
#5737=ORIENTED_EDGE('',*,*,#4408,.T.);
#5738=ORIENTED_EDGE('',*,*,#4407,.T.);
#5739=ORIENTED_EDGE('',*,*,#4409,.F.);
#5740=ORIENTED_EDGE('',*,*,#4410,.F.);
#5741=ORIENTED_EDGE('',*,*,#4411,.T.);
#5742=ORIENTED_EDGE('',*,*,#4410,.T.);
#5743=ORIENTED_EDGE('',*,*,#4412,.F.);
#5744=ORIENTED_EDGE('',*,*,#4360,.F.);
#5745=ORIENTED_EDGE('',*,*,#4412,.T.);
#5746=ORIENTED_EDGE('',*,*,#4409,.T.);
#5747=ORIENTED_EDGE('',*,*,#4406,.T.);
#5748=ORIENTED_EDGE('',*,*,#4403,.T.);
#5749=ORIENTED_EDGE('',*,*,#4400,.T.);
#5750=ORIENTED_EDGE('',*,*,#4397,.T.);
#5751=ORIENTED_EDGE('',*,*,#4394,.T.);
#5752=ORIENTED_EDGE('',*,*,#4391,.T.);
#5753=ORIENTED_EDGE('',*,*,#4388,.T.);
#5754=ORIENTED_EDGE('',*,*,#4385,.T.);
#5755=ORIENTED_EDGE('',*,*,#4382,.T.);
#5756=ORIENTED_EDGE('',*,*,#4379,.T.);
#5757=ORIENTED_EDGE('',*,*,#4376,.T.);
#5758=ORIENTED_EDGE('',*,*,#4373,.T.);
#5759=ORIENTED_EDGE('',*,*,#4370,.T.);
#5760=ORIENTED_EDGE('',*,*,#4367,.T.);
#5761=ORIENTED_EDGE('',*,*,#4364,.T.);
#5762=ORIENTED_EDGE('',*,*,#4361,.T.);
#5763=ORIENTED_EDGE('',*,*,#4358,.T.);
#5764=ORIENTED_EDGE('',*,*,#4355,.T.);
#5765=ORIENTED_EDGE('',*,*,#4352,.T.);
#5766=ORIENTED_EDGE('',*,*,#4349,.T.);
#5767=ORIENTED_EDGE('',*,*,#4346,.T.);
#5768=ORIENTED_EDGE('',*,*,#4343,.T.);
#5769=ORIENTED_EDGE('',*,*,#4340,.T.);
#5770=ORIENTED_EDGE('',*,*,#4337,.T.);
#5771=ORIENTED_EDGE('',*,*,#4334,.T.);
#5772=ORIENTED_EDGE('',*,*,#4331,.T.);
#5773=ORIENTED_EDGE('',*,*,#4328,.T.);
#5774=ORIENTED_EDGE('',*,*,#4325,.T.);
#5775=ORIENTED_EDGE('',*,*,#4322,.T.);
#5776=ORIENTED_EDGE('',*,*,#4319,.T.);
#5777=ORIENTED_EDGE('',*,*,#4316,.T.);
#5778=ORIENTED_EDGE('',*,*,#4313,.T.);
#5779=ORIENTED_EDGE('',*,*,#4310,.T.);
#5780=ORIENTED_EDGE('',*,*,#4307,.T.);
#5781=ORIENTED_EDGE('',*,*,#4304,.T.);
#5782=ORIENTED_EDGE('',*,*,#4301,.T.);
#5783=ORIENTED_EDGE('',*,*,#4298,.T.);
#5784=ORIENTED_EDGE('',*,*,#4295,.T.);
#5785=ORIENTED_EDGE('',*,*,#4292,.T.);
#5786=ORIENTED_EDGE('',*,*,#4289,.T.);
#5787=ORIENTED_EDGE('',*,*,#4286,.T.);
#5788=ORIENTED_EDGE('',*,*,#4411,.F.);
#5789=ORIENTED_EDGE('',*,*,#4359,.F.);
#5790=ORIENTED_EDGE('',*,*,#4363,.F.);
#5791=ORIENTED_EDGE('',*,*,#4366,.F.);
#5792=ORIENTED_EDGE('',*,*,#4369,.F.);
#5793=ORIENTED_EDGE('',*,*,#4372,.F.);
#5794=ORIENTED_EDGE('',*,*,#4375,.F.);
#5795=ORIENTED_EDGE('',*,*,#4378,.F.);
#5796=ORIENTED_EDGE('',*,*,#4381,.F.);
#5797=ORIENTED_EDGE('',*,*,#4384,.F.);
#5798=ORIENTED_EDGE('',*,*,#4387,.F.);
#5799=ORIENTED_EDGE('',*,*,#4390,.F.);
#5800=ORIENTED_EDGE('',*,*,#4393,.F.);
#5801=ORIENTED_EDGE('',*,*,#4396,.F.);
#5802=ORIENTED_EDGE('',*,*,#4399,.F.);
#5803=ORIENTED_EDGE('',*,*,#4402,.F.);
#5804=ORIENTED_EDGE('',*,*,#4405,.F.);
#5805=ORIENTED_EDGE('',*,*,#4408,.F.);
#5806=ORIENTED_EDGE('',*,*,#4272,.T.);
#5807=ORIENTED_EDGE('',*,*,#4275,.T.);
#5808=ORIENTED_EDGE('',*,*,#4278,.T.);
#5809=ORIENTED_EDGE('',*,*,#4281,.T.);
#5810=ORIENTED_EDGE('',*,*,#4357,.F.);
#5811=ORIENTED_EDGE('',*,*,#4284,.F.);
#5812=ORIENTED_EDGE('',*,*,#4288,.F.);
#5813=ORIENTED_EDGE('',*,*,#4291,.F.);
#5814=ORIENTED_EDGE('',*,*,#4294,.F.);
#5815=ORIENTED_EDGE('',*,*,#4297,.F.);
#5816=ORIENTED_EDGE('',*,*,#4300,.F.);
#5817=ORIENTED_EDGE('',*,*,#4303,.F.);
#5818=ORIENTED_EDGE('',*,*,#4306,.F.);
#5819=ORIENTED_EDGE('',*,*,#4309,.F.);
#5820=ORIENTED_EDGE('',*,*,#4312,.F.);
#5821=ORIENTED_EDGE('',*,*,#4315,.F.);
#5822=ORIENTED_EDGE('',*,*,#4318,.F.);
#5823=ORIENTED_EDGE('',*,*,#4321,.F.);
#5824=ORIENTED_EDGE('',*,*,#4324,.F.);
#5825=ORIENTED_EDGE('',*,*,#4327,.F.);
#5826=ORIENTED_EDGE('',*,*,#4330,.F.);
#5827=ORIENTED_EDGE('',*,*,#4333,.F.);
#5828=ORIENTED_EDGE('',*,*,#4336,.F.);
#5829=ORIENTED_EDGE('',*,*,#4339,.F.);
#5830=ORIENTED_EDGE('',*,*,#4342,.F.);
#5831=ORIENTED_EDGE('',*,*,#4345,.F.);
#5832=ORIENTED_EDGE('',*,*,#4348,.F.);
#5833=ORIENTED_EDGE('',*,*,#4351,.F.);
#5834=ORIENTED_EDGE('',*,*,#4354,.F.);
#5835=ORIENTED_EDGE('',*,*,#4413,.F.);
#5836=ORIENTED_EDGE('',*,*,#4414,.T.);
#5837=ORIENTED_EDGE('',*,*,#4415,.T.);
#5838=ORIENTED_EDGE('',*,*,#4416,.F.);
#5839=ORIENTED_EDGE('',*,*,#4417,.F.);
#5840=ORIENTED_EDGE('',*,*,#4418,.T.);
#5841=ORIENTED_EDGE('',*,*,#4419,.T.);
#5842=ORIENTED_EDGE('',*,*,#4420,.F.);
#5843=ORIENTED_EDGE('',*,*,#4421,.F.);
#5844=ORIENTED_EDGE('',*,*,#4422,.T.);
#5845=ORIENTED_EDGE('',*,*,#4423,.T.);
#5846=ORIENTED_EDGE('',*,*,#4418,.F.);
#5847=ORIENTED_EDGE('',*,*,#4424,.F.);
#5848=ORIENTED_EDGE('',*,*,#4425,.T.);
#5849=ORIENTED_EDGE('',*,*,#4426,.T.);
#5850=ORIENTED_EDGE('',*,*,#4422,.F.);
#5851=ORIENTED_EDGE('',*,*,#4427,.F.);
#5852=ORIENTED_EDGE('',*,*,#4428,.T.);
#5853=ORIENTED_EDGE('',*,*,#4429,.T.);
#5854=ORIENTED_EDGE('',*,*,#4425,.F.);
#5855=ORIENTED_EDGE('',*,*,#4430,.F.);
#5856=ORIENTED_EDGE('',*,*,#4431,.T.);
#5857=ORIENTED_EDGE('',*,*,#4432,.T.);
#5858=ORIENTED_EDGE('',*,*,#4428,.F.);
#5859=ORIENTED_EDGE('',*,*,#4433,.F.);
#5860=ORIENTED_EDGE('',*,*,#4434,.T.);
#5861=ORIENTED_EDGE('',*,*,#4435,.T.);
#5862=ORIENTED_EDGE('',*,*,#4431,.F.);
#5863=ORIENTED_EDGE('',*,*,#4436,.F.);
#5864=ORIENTED_EDGE('',*,*,#4437,.T.);
#5865=ORIENTED_EDGE('',*,*,#4438,.T.);
#5866=ORIENTED_EDGE('',*,*,#4434,.F.);
#5867=ORIENTED_EDGE('',*,*,#4439,.F.);
#5868=ORIENTED_EDGE('',*,*,#4440,.T.);
#5869=ORIENTED_EDGE('',*,*,#4441,.T.);
#5870=ORIENTED_EDGE('',*,*,#4437,.F.);
#5871=ORIENTED_EDGE('',*,*,#4442,.F.);
#5872=ORIENTED_EDGE('',*,*,#4443,.T.);
#5873=ORIENTED_EDGE('',*,*,#4444,.T.);
#5874=ORIENTED_EDGE('',*,*,#4440,.F.);
#5875=ORIENTED_EDGE('',*,*,#4445,.F.);
#5876=ORIENTED_EDGE('',*,*,#4446,.T.);
#5877=ORIENTED_EDGE('',*,*,#4447,.T.);
#5878=ORIENTED_EDGE('',*,*,#4443,.F.);
#5879=ORIENTED_EDGE('',*,*,#4448,.F.);
#5880=ORIENTED_EDGE('',*,*,#4449,.T.);
#5881=ORIENTED_EDGE('',*,*,#4450,.T.);
#5882=ORIENTED_EDGE('',*,*,#4446,.F.);
#5883=ORIENTED_EDGE('',*,*,#4451,.F.);
#5884=ORIENTED_EDGE('',*,*,#4416,.T.);
#5885=ORIENTED_EDGE('',*,*,#4452,.T.);
#5886=ORIENTED_EDGE('',*,*,#4453,.F.);
#5887=ORIENTED_EDGE('',*,*,#4452,.F.);
#5888=ORIENTED_EDGE('',*,*,#4415,.F.);
#5889=ORIENTED_EDGE('',*,*,#4419,.F.);
#5890=ORIENTED_EDGE('',*,*,#4423,.F.);
#5891=ORIENTED_EDGE('',*,*,#4426,.F.);
#5892=ORIENTED_EDGE('',*,*,#4429,.F.);
#5893=ORIENTED_EDGE('',*,*,#4432,.F.);
#5894=ORIENTED_EDGE('',*,*,#4435,.F.);
#5895=ORIENTED_EDGE('',*,*,#4438,.F.);
#5896=ORIENTED_EDGE('',*,*,#4441,.F.);
#5897=ORIENTED_EDGE('',*,*,#4444,.F.);
#5898=ORIENTED_EDGE('',*,*,#4447,.F.);
#5899=ORIENTED_EDGE('',*,*,#4450,.F.);
#5900=ORIENTED_EDGE('',*,*,#4454,.F.);
#5901=ORIENTED_EDGE('',*,*,#4455,.T.);
#5902=ORIENTED_EDGE('',*,*,#4456,.T.);
#5903=ORIENTED_EDGE('',*,*,#4457,.F.);
#5904=ORIENTED_EDGE('',*,*,#4458,.F.);
#5905=ORIENTED_EDGE('',*,*,#4453,.T.);
#5906=ORIENTED_EDGE('',*,*,#4459,.T.);
#5907=ORIENTED_EDGE('',*,*,#4455,.F.);
#5908=ORIENTED_EDGE('',*,*,#4460,.F.);
#5909=ORIENTED_EDGE('',*,*,#4461,.T.);
#5910=ORIENTED_EDGE('',*,*,#4462,.T.);
#5911=ORIENTED_EDGE('',*,*,#4449,.F.);
#5912=ORIENTED_EDGE('',*,*,#4463,.F.);
#5913=ORIENTED_EDGE('',*,*,#4464,.T.);
#5914=ORIENTED_EDGE('',*,*,#4465,.T.);
#5915=ORIENTED_EDGE('',*,*,#4461,.F.);
#5916=ORIENTED_EDGE('',*,*,#4466,.F.);
#5917=ORIENTED_EDGE('',*,*,#4467,.T.);
#5918=ORIENTED_EDGE('',*,*,#4468,.T.);
#5919=ORIENTED_EDGE('',*,*,#4464,.F.);
#5920=ORIENTED_EDGE('',*,*,#4469,.F.);
#5921=ORIENTED_EDGE('',*,*,#4470,.T.);
#5922=ORIENTED_EDGE('',*,*,#4471,.T.);
#5923=ORIENTED_EDGE('',*,*,#4467,.F.);
#5924=ORIENTED_EDGE('',*,*,#4472,.F.);
#5925=ORIENTED_EDGE('',*,*,#4473,.T.);
#5926=ORIENTED_EDGE('',*,*,#4474,.T.);
#5927=ORIENTED_EDGE('',*,*,#4470,.F.);
#5928=ORIENTED_EDGE('',*,*,#4475,.F.);
#5929=ORIENTED_EDGE('',*,*,#4476,.T.);
#5930=ORIENTED_EDGE('',*,*,#4477,.T.);
#5931=ORIENTED_EDGE('',*,*,#4478,.F.);
#5932=ORIENTED_EDGE('',*,*,#4479,.F.);
#5933=ORIENTED_EDGE('',*,*,#4480,.T.);
#5934=ORIENTED_EDGE('',*,*,#4481,.T.);
#5935=ORIENTED_EDGE('',*,*,#4476,.F.);
#5936=ORIENTED_EDGE('',*,*,#4482,.F.);
#5937=ORIENTED_EDGE('',*,*,#4483,.T.);
#5938=ORIENTED_EDGE('',*,*,#4484,.T.);
#5939=ORIENTED_EDGE('',*,*,#4485,.F.);
#5940=ORIENTED_EDGE('',*,*,#4486,.F.);
#5941=ORIENTED_EDGE('',*,*,#4487,.T.);
#5942=ORIENTED_EDGE('',*,*,#4488,.T.);
#5943=ORIENTED_EDGE('',*,*,#4483,.F.);
#5944=ORIENTED_EDGE('',*,*,#4489,.F.);
#5945=ORIENTED_EDGE('',*,*,#4490,.T.);
#5946=ORIENTED_EDGE('',*,*,#4491,.T.);
#5947=ORIENTED_EDGE('',*,*,#4487,.F.);
#5948=ORIENTED_EDGE('',*,*,#4492,.F.);
#5949=ORIENTED_EDGE('',*,*,#4493,.T.);
#5950=ORIENTED_EDGE('',*,*,#4494,.T.);
#5951=ORIENTED_EDGE('',*,*,#4490,.F.);
#5952=ORIENTED_EDGE('',*,*,#4495,.F.);
#5953=ORIENTED_EDGE('',*,*,#4496,.T.);
#5954=ORIENTED_EDGE('',*,*,#4497,.T.);
#5955=ORIENTED_EDGE('',*,*,#4493,.F.);
#5956=ORIENTED_EDGE('',*,*,#4498,.F.);
#5957=ORIENTED_EDGE('',*,*,#4420,.T.);
#5958=ORIENTED_EDGE('',*,*,#4499,.T.);
#5959=ORIENTED_EDGE('',*,*,#4496,.F.);
#5960=ORIENTED_EDGE('',*,*,#4500,.F.);
#5961=ORIENTED_EDGE('',*,*,#4457,.T.);
#5962=ORIENTED_EDGE('',*,*,#4501,.T.);
#5963=ORIENTED_EDGE('',*,*,#4414,.F.);
#5964=ORIENTED_EDGE('',*,*,#4501,.F.);
#5965=ORIENTED_EDGE('',*,*,#4456,.F.);
#5966=ORIENTED_EDGE('',*,*,#4459,.F.);
#5967=ORIENTED_EDGE('',*,*,#4462,.F.);
#5968=ORIENTED_EDGE('',*,*,#4465,.F.);
#5969=ORIENTED_EDGE('',*,*,#4468,.F.);
#5970=ORIENTED_EDGE('',*,*,#4471,.F.);
#5971=ORIENTED_EDGE('',*,*,#4474,.F.);
#5972=ORIENTED_EDGE('',*,*,#4477,.F.);
#5973=ORIENTED_EDGE('',*,*,#4481,.F.);
#5974=ORIENTED_EDGE('',*,*,#4484,.F.);
#5975=ORIENTED_EDGE('',*,*,#4488,.F.);
#5976=ORIENTED_EDGE('',*,*,#4491,.F.);
#5977=ORIENTED_EDGE('',*,*,#4494,.F.);
#5978=ORIENTED_EDGE('',*,*,#4497,.F.);
#5979=ORIENTED_EDGE('',*,*,#4499,.F.);
#5980=ORIENTED_EDGE('',*,*,#4502,.F.);
#5981=ORIENTED_EDGE('',*,*,#4503,.T.);
#5982=ORIENTED_EDGE('',*,*,#4504,.T.);
#5983=ORIENTED_EDGE('',*,*,#4505,.F.);
#5984=ORIENTED_EDGE('',*,*,#4506,.F.);
#5985=ORIENTED_EDGE('',*,*,#4478,.T.);
#5986=ORIENTED_EDGE('',*,*,#4507,.T.);
#5987=ORIENTED_EDGE('',*,*,#4503,.F.);
#5988=ORIENTED_EDGE('',*,*,#4508,.F.);
#5989=ORIENTED_EDGE('',*,*,#4509,.T.);
#5990=ORIENTED_EDGE('',*,*,#4510,.T.);
#5991=ORIENTED_EDGE('',*,*,#4473,.F.);
#5992=ORIENTED_EDGE('',*,*,#4511,.F.);
#5993=ORIENTED_EDGE('',*,*,#4512,.T.);
#5994=ORIENTED_EDGE('',*,*,#4513,.T.);
#5995=ORIENTED_EDGE('',*,*,#4509,.F.);
#5996=ORIENTED_EDGE('',*,*,#4514,.F.);
#5997=ORIENTED_EDGE('',*,*,#4515,.T.);
#5998=ORIENTED_EDGE('',*,*,#4516,.T.);
#5999=ORIENTED_EDGE('',*,*,#4512,.F.);
#6000=ORIENTED_EDGE('',*,*,#4517,.F.);
#6001=ORIENTED_EDGE('',*,*,#4518,.T.);
#6002=ORIENTED_EDGE('',*,*,#4519,.T.);
#6003=ORIENTED_EDGE('',*,*,#4515,.F.);
#6004=ORIENTED_EDGE('',*,*,#4520,.F.);
#6005=ORIENTED_EDGE('',*,*,#4485,.T.);
#6006=ORIENTED_EDGE('',*,*,#4521,.T.);
#6007=ORIENTED_EDGE('',*,*,#4518,.F.);
#6008=ORIENTED_EDGE('',*,*,#4522,.F.);
#6009=ORIENTED_EDGE('',*,*,#4505,.T.);
#6010=ORIENTED_EDGE('',*,*,#4523,.T.);
#6011=ORIENTED_EDGE('',*,*,#4480,.F.);
#6012=ORIENTED_EDGE('',*,*,#4523,.F.);
#6013=ORIENTED_EDGE('',*,*,#4504,.F.);
#6014=ORIENTED_EDGE('',*,*,#4507,.F.);
#6015=ORIENTED_EDGE('',*,*,#4510,.F.);
#6016=ORIENTED_EDGE('',*,*,#4513,.F.);
#6017=ORIENTED_EDGE('',*,*,#4516,.F.);
#6018=ORIENTED_EDGE('',*,*,#4519,.F.);
#6019=ORIENTED_EDGE('',*,*,#4521,.F.);
#6020=ORIENTED_EDGE('',*,*,#4524,.F.);
#6021=ORIENTED_EDGE('',*,*,#4525,.T.);
#6022=ORIENTED_EDGE('',*,*,#4526,.T.);
#6023=ORIENTED_EDGE('',*,*,#4527,.F.);
#6024=ORIENTED_EDGE('',*,*,#4528,.F.);
#6025=ORIENTED_EDGE('',*,*,#4529,.T.);
#6026=ORIENTED_EDGE('',*,*,#4530,.T.);
#6027=ORIENTED_EDGE('',*,*,#4525,.F.);
#6028=ORIENTED_EDGE('',*,*,#4531,.F.);
#6029=ORIENTED_EDGE('',*,*,#4532,.T.);
#6030=ORIENTED_EDGE('',*,*,#4533,.T.);
#6031=ORIENTED_EDGE('',*,*,#4529,.F.);
#6032=ORIENTED_EDGE('',*,*,#4534,.F.);
#6033=ORIENTED_EDGE('',*,*,#4535,.T.);
#6034=ORIENTED_EDGE('',*,*,#4536,.T.);
#6035=ORIENTED_EDGE('',*,*,#4532,.F.);
#6036=ORIENTED_EDGE('',*,*,#4537,.F.);
#6037=ORIENTED_EDGE('',*,*,#4538,.T.);
#6038=ORIENTED_EDGE('',*,*,#4539,.T.);
#6039=ORIENTED_EDGE('',*,*,#4535,.F.);
#6040=ORIENTED_EDGE('',*,*,#4540,.F.);
#6041=ORIENTED_EDGE('',*,*,#4541,.T.);
#6042=ORIENTED_EDGE('',*,*,#4542,.T.);
#6043=ORIENTED_EDGE('',*,*,#4538,.F.);
#6044=ORIENTED_EDGE('',*,*,#4543,.F.);
#6045=ORIENTED_EDGE('',*,*,#4544,.T.);
#6046=ORIENTED_EDGE('',*,*,#4545,.T.);
#6047=ORIENTED_EDGE('',*,*,#4541,.F.);
#6048=ORIENTED_EDGE('',*,*,#4546,.F.);
#6049=ORIENTED_EDGE('',*,*,#4547,.T.);
#6050=ORIENTED_EDGE('',*,*,#4548,.T.);
#6051=ORIENTED_EDGE('',*,*,#4544,.F.);
#6052=ORIENTED_EDGE('',*,*,#4549,.F.);
#6053=ORIENTED_EDGE('',*,*,#4550,.T.);
#6054=ORIENTED_EDGE('',*,*,#4551,.T.);
#6055=ORIENTED_EDGE('',*,*,#4547,.F.);
#6056=ORIENTED_EDGE('',*,*,#4552,.F.);
#6057=ORIENTED_EDGE('',*,*,#4553,.T.);
#6058=ORIENTED_EDGE('',*,*,#4554,.T.);
#6059=ORIENTED_EDGE('',*,*,#4550,.F.);
#6060=ORIENTED_EDGE('',*,*,#4555,.F.);
#6061=ORIENTED_EDGE('',*,*,#4556,.T.);
#6062=ORIENTED_EDGE('',*,*,#4557,.T.);
#6063=ORIENTED_EDGE('',*,*,#4553,.F.);
#6064=ORIENTED_EDGE('',*,*,#4558,.F.);
#6065=ORIENTED_EDGE('',*,*,#4559,.T.);
#6066=ORIENTED_EDGE('',*,*,#4560,.T.);
#6067=ORIENTED_EDGE('',*,*,#4556,.F.);
#6068=ORIENTED_EDGE('',*,*,#4561,.F.);
#6069=ORIENTED_EDGE('',*,*,#4562,.T.);
#6070=ORIENTED_EDGE('',*,*,#4563,.T.);
#6071=ORIENTED_EDGE('',*,*,#4559,.F.);
#6072=ORIENTED_EDGE('',*,*,#4564,.F.);
#6073=ORIENTED_EDGE('',*,*,#4565,.T.);
#6074=ORIENTED_EDGE('',*,*,#4566,.T.);
#6075=ORIENTED_EDGE('',*,*,#4562,.F.);
#6076=ORIENTED_EDGE('',*,*,#4567,.F.);
#6077=ORIENTED_EDGE('',*,*,#4568,.T.);
#6078=ORIENTED_EDGE('',*,*,#4569,.T.);
#6079=ORIENTED_EDGE('',*,*,#4565,.F.);
#6080=ORIENTED_EDGE('',*,*,#4570,.F.);
#6081=ORIENTED_EDGE('',*,*,#4571,.T.);
#6082=ORIENTED_EDGE('',*,*,#4572,.T.);
#6083=ORIENTED_EDGE('',*,*,#4568,.F.);
#6084=ORIENTED_EDGE('',*,*,#4573,.F.);
#6085=ORIENTED_EDGE('',*,*,#4574,.T.);
#6086=ORIENTED_EDGE('',*,*,#4575,.T.);
#6087=ORIENTED_EDGE('',*,*,#4571,.F.);
#6088=ORIENTED_EDGE('',*,*,#4576,.F.);
#6089=ORIENTED_EDGE('',*,*,#4577,.T.);
#6090=ORIENTED_EDGE('',*,*,#4578,.T.);
#6091=ORIENTED_EDGE('',*,*,#4574,.F.);
#6092=ORIENTED_EDGE('',*,*,#4579,.F.);
#6093=ORIENTED_EDGE('',*,*,#4580,.T.);
#6094=ORIENTED_EDGE('',*,*,#4581,.T.);
#6095=ORIENTED_EDGE('',*,*,#4577,.F.);
#6096=ORIENTED_EDGE('',*,*,#4582,.F.);
#6097=ORIENTED_EDGE('',*,*,#4583,.T.);
#6098=ORIENTED_EDGE('',*,*,#4584,.T.);
#6099=ORIENTED_EDGE('',*,*,#4580,.F.);
#6100=ORIENTED_EDGE('',*,*,#4585,.F.);
#6101=ORIENTED_EDGE('',*,*,#4586,.T.);
#6102=ORIENTED_EDGE('',*,*,#4587,.T.);
#6103=ORIENTED_EDGE('',*,*,#4583,.F.);
#6104=ORIENTED_EDGE('',*,*,#4588,.F.);
#6105=ORIENTED_EDGE('',*,*,#4589,.T.);
#6106=ORIENTED_EDGE('',*,*,#4590,.T.);
#6107=ORIENTED_EDGE('',*,*,#4586,.F.);
#6108=ORIENTED_EDGE('',*,*,#4591,.F.);
#6109=ORIENTED_EDGE('',*,*,#4592,.T.);
#6110=ORIENTED_EDGE('',*,*,#4593,.T.);
#6111=ORIENTED_EDGE('',*,*,#4589,.F.);
#6112=ORIENTED_EDGE('',*,*,#4594,.F.);
#6113=ORIENTED_EDGE('',*,*,#4595,.T.);
#6114=ORIENTED_EDGE('',*,*,#4596,.T.);
#6115=ORIENTED_EDGE('',*,*,#4592,.F.);
#6116=ORIENTED_EDGE('',*,*,#4597,.F.);
#6117=ORIENTED_EDGE('',*,*,#4598,.T.);
#6118=ORIENTED_EDGE('',*,*,#4599,.T.);
#6119=ORIENTED_EDGE('',*,*,#4595,.F.);
#6120=ORIENTED_EDGE('',*,*,#4600,.F.);
#6121=ORIENTED_EDGE('',*,*,#4601,.T.);
#6122=ORIENTED_EDGE('',*,*,#4602,.T.);
#6123=ORIENTED_EDGE('',*,*,#4598,.F.);
#6124=ORIENTED_EDGE('',*,*,#4603,.F.);
#6125=ORIENTED_EDGE('',*,*,#4604,.T.);
#6126=ORIENTED_EDGE('',*,*,#4605,.T.);
#6127=ORIENTED_EDGE('',*,*,#4601,.F.);
#6128=ORIENTED_EDGE('',*,*,#4606,.F.);
#6129=ORIENTED_EDGE('',*,*,#4527,.T.);
#6130=ORIENTED_EDGE('',*,*,#4607,.T.);
#6131=ORIENTED_EDGE('',*,*,#4604,.F.);
#6132=ORIENTED_EDGE('',*,*,#4607,.F.);
#6133=ORIENTED_EDGE('',*,*,#4526,.F.);
#6134=ORIENTED_EDGE('',*,*,#4530,.F.);
#6135=ORIENTED_EDGE('',*,*,#4533,.F.);
#6136=ORIENTED_EDGE('',*,*,#4536,.F.);
#6137=ORIENTED_EDGE('',*,*,#4539,.F.);
#6138=ORIENTED_EDGE('',*,*,#4542,.F.);
#6139=ORIENTED_EDGE('',*,*,#4545,.F.);
#6140=ORIENTED_EDGE('',*,*,#4548,.F.);
#6141=ORIENTED_EDGE('',*,*,#4551,.F.);
#6142=ORIENTED_EDGE('',*,*,#4554,.F.);
#6143=ORIENTED_EDGE('',*,*,#4557,.F.);
#6144=ORIENTED_EDGE('',*,*,#4560,.F.);
#6145=ORIENTED_EDGE('',*,*,#4563,.F.);
#6146=ORIENTED_EDGE('',*,*,#4566,.F.);
#6147=ORIENTED_EDGE('',*,*,#4569,.F.);
#6148=ORIENTED_EDGE('',*,*,#4572,.F.);
#6149=ORIENTED_EDGE('',*,*,#4575,.F.);
#6150=ORIENTED_EDGE('',*,*,#4578,.F.);
#6151=ORIENTED_EDGE('',*,*,#4581,.F.);
#6152=ORIENTED_EDGE('',*,*,#4584,.F.);
#6153=ORIENTED_EDGE('',*,*,#4587,.F.);
#6154=ORIENTED_EDGE('',*,*,#4590,.F.);
#6155=ORIENTED_EDGE('',*,*,#4593,.F.);
#6156=ORIENTED_EDGE('',*,*,#4596,.F.);
#6157=ORIENTED_EDGE('',*,*,#4599,.F.);
#6158=ORIENTED_EDGE('',*,*,#4602,.F.);
#6159=ORIENTED_EDGE('',*,*,#4605,.F.);
#6160=ORIENTED_EDGE('',*,*,#4608,.F.);
#6161=ORIENTED_EDGE('',*,*,#4609,.T.);
#6162=ORIENTED_EDGE('',*,*,#4610,.T.);
#6163=ORIENTED_EDGE('',*,*,#4611,.F.);
#6164=ORIENTED_EDGE('',*,*,#4612,.F.);
#6165=ORIENTED_EDGE('',*,*,#4613,.T.);
#6166=ORIENTED_EDGE('',*,*,#4614,.T.);
#6167=ORIENTED_EDGE('',*,*,#4609,.F.);
#6168=ORIENTED_EDGE('',*,*,#4615,.F.);
#6169=ORIENTED_EDGE('',*,*,#4616,.T.);
#6170=ORIENTED_EDGE('',*,*,#4617,.T.);
#6171=ORIENTED_EDGE('',*,*,#4613,.F.);
#6172=ORIENTED_EDGE('',*,*,#4618,.F.);
#6173=ORIENTED_EDGE('',*,*,#4619,.T.);
#6174=ORIENTED_EDGE('',*,*,#4620,.T.);
#6175=ORIENTED_EDGE('',*,*,#4616,.F.);
#6176=ORIENTED_EDGE('',*,*,#4621,.F.);
#6177=ORIENTED_EDGE('',*,*,#4622,.T.);
#6178=ORIENTED_EDGE('',*,*,#4623,.T.);
#6179=ORIENTED_EDGE('',*,*,#4619,.F.);
#6180=ORIENTED_EDGE('',*,*,#4624,.F.);
#6181=ORIENTED_EDGE('',*,*,#4625,.T.);
#6182=ORIENTED_EDGE('',*,*,#4626,.T.);
#6183=ORIENTED_EDGE('',*,*,#4622,.F.);
#6184=ORIENTED_EDGE('',*,*,#4627,.F.);
#6185=ORIENTED_EDGE('',*,*,#4628,.T.);
#6186=ORIENTED_EDGE('',*,*,#4629,.T.);
#6187=ORIENTED_EDGE('',*,*,#4625,.F.);
#6188=ORIENTED_EDGE('',*,*,#4630,.F.);
#6189=ORIENTED_EDGE('',*,*,#4631,.T.);
#6190=ORIENTED_EDGE('',*,*,#4632,.T.);
#6191=ORIENTED_EDGE('',*,*,#4628,.F.);
#6192=ORIENTED_EDGE('',*,*,#4633,.F.);
#6193=ORIENTED_EDGE('',*,*,#4634,.T.);
#6194=ORIENTED_EDGE('',*,*,#4635,.T.);
#6195=ORIENTED_EDGE('',*,*,#4631,.F.);
#6196=ORIENTED_EDGE('',*,*,#4636,.F.);
#6197=ORIENTED_EDGE('',*,*,#4637,.T.);
#6198=ORIENTED_EDGE('',*,*,#4638,.T.);
#6199=ORIENTED_EDGE('',*,*,#4634,.F.);
#6200=ORIENTED_EDGE('',*,*,#4639,.F.);
#6201=ORIENTED_EDGE('',*,*,#4640,.T.);
#6202=ORIENTED_EDGE('',*,*,#4641,.T.);
#6203=ORIENTED_EDGE('',*,*,#4637,.F.);
#6204=ORIENTED_EDGE('',*,*,#4642,.F.);
#6205=ORIENTED_EDGE('',*,*,#4643,.T.);
#6206=ORIENTED_EDGE('',*,*,#4644,.T.);
#6207=ORIENTED_EDGE('',*,*,#4640,.F.);
#6208=ORIENTED_EDGE('',*,*,#4645,.F.);
#6209=ORIENTED_EDGE('',*,*,#4646,.T.);
#6210=ORIENTED_EDGE('',*,*,#4647,.T.);
#6211=ORIENTED_EDGE('',*,*,#4643,.F.);
#6212=ORIENTED_EDGE('',*,*,#4648,.F.);
#6213=ORIENTED_EDGE('',*,*,#4611,.T.);
#6214=ORIENTED_EDGE('',*,*,#4649,.T.);
#6215=ORIENTED_EDGE('',*,*,#4646,.F.);
#6216=ORIENTED_EDGE('',*,*,#4649,.F.);
#6217=ORIENTED_EDGE('',*,*,#4610,.F.);
#6218=ORIENTED_EDGE('',*,*,#4614,.F.);
#6219=ORIENTED_EDGE('',*,*,#4617,.F.);
#6220=ORIENTED_EDGE('',*,*,#4620,.F.);
#6221=ORIENTED_EDGE('',*,*,#4623,.F.);
#6222=ORIENTED_EDGE('',*,*,#4626,.F.);
#6223=ORIENTED_EDGE('',*,*,#4629,.F.);
#6224=ORIENTED_EDGE('',*,*,#4632,.F.);
#6225=ORIENTED_EDGE('',*,*,#4635,.F.);
#6226=ORIENTED_EDGE('',*,*,#4638,.F.);
#6227=ORIENTED_EDGE('',*,*,#4641,.F.);
#6228=ORIENTED_EDGE('',*,*,#4644,.F.);
#6229=ORIENTED_EDGE('',*,*,#4647,.F.);
#6230=ORIENTED_EDGE('',*,*,#4650,.F.);
#6231=ORIENTED_EDGE('',*,*,#4651,.T.);
#6232=ORIENTED_EDGE('',*,*,#4652,.T.);
#6233=ORIENTED_EDGE('',*,*,#4653,.F.);
#6234=ORIENTED_EDGE('',*,*,#4654,.F.);
#6235=ORIENTED_EDGE('',*,*,#4655,.T.);
#6236=ORIENTED_EDGE('',*,*,#4656,.T.);
#6237=ORIENTED_EDGE('',*,*,#4651,.F.);
#6238=ORIENTED_EDGE('',*,*,#4657,.F.);
#6239=ORIENTED_EDGE('',*,*,#4658,.T.);
#6240=ORIENTED_EDGE('',*,*,#4659,.T.);
#6241=ORIENTED_EDGE('',*,*,#4660,.F.);
#6242=ORIENTED_EDGE('',*,*,#4661,.F.);
#6243=ORIENTED_EDGE('',*,*,#4662,.T.);
#6244=ORIENTED_EDGE('',*,*,#4663,.T.);
#6245=ORIENTED_EDGE('',*,*,#4658,.F.);
#6246=ORIENTED_EDGE('',*,*,#4664,.F.);
#6247=ORIENTED_EDGE('',*,*,#4665,.T.);
#6248=ORIENTED_EDGE('',*,*,#4666,.T.);
#6249=ORIENTED_EDGE('',*,*,#4662,.F.);
#6250=ORIENTED_EDGE('',*,*,#4667,.F.);
#6251=ORIENTED_EDGE('',*,*,#4668,.T.);
#6252=ORIENTED_EDGE('',*,*,#4669,.T.);
#6253=ORIENTED_EDGE('',*,*,#4665,.F.);
#6254=ORIENTED_EDGE('',*,*,#4670,.F.);
#6255=ORIENTED_EDGE('',*,*,#4671,.T.);
#6256=ORIENTED_EDGE('',*,*,#4672,.T.);
#6257=ORIENTED_EDGE('',*,*,#4668,.F.);
#6258=ORIENTED_EDGE('',*,*,#4673,.F.);
#6259=ORIENTED_EDGE('',*,*,#4674,.T.);
#6260=ORIENTED_EDGE('',*,*,#4675,.T.);
#6261=ORIENTED_EDGE('',*,*,#4671,.F.);
#6262=ORIENTED_EDGE('',*,*,#4676,.F.);
#6263=ORIENTED_EDGE('',*,*,#4677,.T.);
#6264=ORIENTED_EDGE('',*,*,#4678,.T.);
#6265=ORIENTED_EDGE('',*,*,#4674,.F.);
#6266=ORIENTED_EDGE('',*,*,#4679,.F.);
#6267=ORIENTED_EDGE('',*,*,#4680,.T.);
#6268=ORIENTED_EDGE('',*,*,#4681,.T.);
#6269=ORIENTED_EDGE('',*,*,#4677,.F.);
#6270=ORIENTED_EDGE('',*,*,#4682,.F.);
#6271=ORIENTED_EDGE('',*,*,#4683,.T.);
#6272=ORIENTED_EDGE('',*,*,#4684,.T.);
#6273=ORIENTED_EDGE('',*,*,#4680,.F.);
#6274=ORIENTED_EDGE('',*,*,#4685,.F.);
#6275=ORIENTED_EDGE('',*,*,#4686,.T.);
#6276=ORIENTED_EDGE('',*,*,#4687,.T.);
#6277=ORIENTED_EDGE('',*,*,#4683,.F.);
#6278=ORIENTED_EDGE('',*,*,#4688,.F.);
#6279=ORIENTED_EDGE('',*,*,#4689,.T.);
#6280=ORIENTED_EDGE('',*,*,#4690,.T.);
#6281=ORIENTED_EDGE('',*,*,#4686,.F.);
#6282=ORIENTED_EDGE('',*,*,#4691,.F.);
#6283=ORIENTED_EDGE('',*,*,#4692,.T.);
#6284=ORIENTED_EDGE('',*,*,#4693,.T.);
#6285=ORIENTED_EDGE('',*,*,#4689,.F.);
#6286=ORIENTED_EDGE('',*,*,#4694,.F.);
#6287=ORIENTED_EDGE('',*,*,#4695,.T.);
#6288=ORIENTED_EDGE('',*,*,#4696,.T.);
#6289=ORIENTED_EDGE('',*,*,#4692,.F.);
#6290=ORIENTED_EDGE('',*,*,#4697,.F.);
#6291=ORIENTED_EDGE('',*,*,#4698,.T.);
#6292=ORIENTED_EDGE('',*,*,#4699,.T.);
#6293=ORIENTED_EDGE('',*,*,#4695,.F.);
#6294=ORIENTED_EDGE('',*,*,#4700,.F.);
#6295=ORIENTED_EDGE('',*,*,#4701,.T.);
#6296=ORIENTED_EDGE('',*,*,#4702,.T.);
#6297=ORIENTED_EDGE('',*,*,#4698,.F.);
#6298=ORIENTED_EDGE('',*,*,#4703,.F.);
#6299=ORIENTED_EDGE('',*,*,#4704,.T.);
#6300=ORIENTED_EDGE('',*,*,#4705,.T.);
#6301=ORIENTED_EDGE('',*,*,#4706,.F.);
#6302=ORIENTED_EDGE('',*,*,#4707,.F.);
#6303=ORIENTED_EDGE('',*,*,#4708,.T.);
#6304=ORIENTED_EDGE('',*,*,#4709,.T.);
#6305=ORIENTED_EDGE('',*,*,#4704,.F.);
#6306=ORIENTED_EDGE('',*,*,#4710,.F.);
#6307=ORIENTED_EDGE('',*,*,#4706,.T.);
#6308=ORIENTED_EDGE('',*,*,#4711,.T.);
#6309=ORIENTED_EDGE('',*,*,#4708,.F.);
#6310=ORIENTED_EDGE('',*,*,#4712,.F.);
#6311=ORIENTED_EDGE('',*,*,#4713,.T.);
#6312=ORIENTED_EDGE('',*,*,#4714,.T.);
#6313=ORIENTED_EDGE('',*,*,#4701,.F.);
#6314=ORIENTED_EDGE('',*,*,#4715,.F.);
#6315=ORIENTED_EDGE('',*,*,#4653,.T.);
#6316=ORIENTED_EDGE('',*,*,#4716,.T.);
#6317=ORIENTED_EDGE('',*,*,#4717,.F.);
#6318=ORIENTED_EDGE('',*,*,#4716,.F.);
#6319=ORIENTED_EDGE('',*,*,#4652,.F.);
#6320=ORIENTED_EDGE('',*,*,#4656,.F.);
#6321=ORIENTED_EDGE('',*,*,#4659,.F.);
#6322=ORIENTED_EDGE('',*,*,#4663,.F.);
#6323=ORIENTED_EDGE('',*,*,#4666,.F.);
#6324=ORIENTED_EDGE('',*,*,#4669,.F.);
#6325=ORIENTED_EDGE('',*,*,#4672,.F.);
#6326=ORIENTED_EDGE('',*,*,#4675,.F.);
#6327=ORIENTED_EDGE('',*,*,#4678,.F.);
#6328=ORIENTED_EDGE('',*,*,#4681,.F.);
#6329=ORIENTED_EDGE('',*,*,#4684,.F.);
#6330=ORIENTED_EDGE('',*,*,#4687,.F.);
#6331=ORIENTED_EDGE('',*,*,#4690,.F.);
#6332=ORIENTED_EDGE('',*,*,#4693,.F.);
#6333=ORIENTED_EDGE('',*,*,#4696,.F.);
#6334=ORIENTED_EDGE('',*,*,#4699,.F.);
#6335=ORIENTED_EDGE('',*,*,#4702,.F.);
#6336=ORIENTED_EDGE('',*,*,#4705,.F.);
#6337=ORIENTED_EDGE('',*,*,#4709,.F.);
#6338=ORIENTED_EDGE('',*,*,#4711,.F.);
#6339=ORIENTED_EDGE('',*,*,#4714,.F.);
#6340=ORIENTED_EDGE('',*,*,#4718,.F.);
#6341=ORIENTED_EDGE('',*,*,#4717,.T.);
#6342=ORIENTED_EDGE('',*,*,#4719,.T.);
#6343=ORIENTED_EDGE('',*,*,#4720,.F.);
#6344=ORIENTED_EDGE('',*,*,#4721,.F.);
#6345=ORIENTED_EDGE('',*,*,#4722,.T.);
#6346=ORIENTED_EDGE('',*,*,#4723,.T.);
#6347=ORIENTED_EDGE('',*,*,#4713,.F.);
#6348=ORIENTED_EDGE('',*,*,#4724,.F.);
#6349=ORIENTED_EDGE('',*,*,#4725,.T.);
#6350=ORIENTED_EDGE('',*,*,#4726,.T.);
#6351=ORIENTED_EDGE('',*,*,#4722,.F.);
#6352=ORIENTED_EDGE('',*,*,#4727,.F.);
#6353=ORIENTED_EDGE('',*,*,#4728,.T.);
#6354=ORIENTED_EDGE('',*,*,#4729,.T.);
#6355=ORIENTED_EDGE('',*,*,#4725,.F.);
#6356=ORIENTED_EDGE('',*,*,#4730,.F.);
#6357=ORIENTED_EDGE('',*,*,#4731,.T.);
#6358=ORIENTED_EDGE('',*,*,#4732,.T.);
#6359=ORIENTED_EDGE('',*,*,#4728,.F.);
#6360=ORIENTED_EDGE('',*,*,#4733,.F.);
#6361=ORIENTED_EDGE('',*,*,#4734,.T.);
#6362=ORIENTED_EDGE('',*,*,#4735,.T.);
#6363=ORIENTED_EDGE('',*,*,#4731,.F.);
#6364=ORIENTED_EDGE('',*,*,#4736,.F.);
#6365=ORIENTED_EDGE('',*,*,#4737,.T.);
#6366=ORIENTED_EDGE('',*,*,#4738,.T.);
#6367=ORIENTED_EDGE('',*,*,#4734,.F.);
#6368=ORIENTED_EDGE('',*,*,#4739,.F.);
#6369=ORIENTED_EDGE('',*,*,#4740,.T.);
#6370=ORIENTED_EDGE('',*,*,#4741,.T.);
#6371=ORIENTED_EDGE('',*,*,#4737,.F.);
#6372=ORIENTED_EDGE('',*,*,#4742,.F.);
#6373=ORIENTED_EDGE('',*,*,#4743,.T.);
#6374=ORIENTED_EDGE('',*,*,#4744,.T.);
#6375=ORIENTED_EDGE('',*,*,#4740,.F.);
#6376=ORIENTED_EDGE('',*,*,#4745,.F.);
#6377=ORIENTED_EDGE('',*,*,#4746,.T.);
#6378=ORIENTED_EDGE('',*,*,#4747,.T.);
#6379=ORIENTED_EDGE('',*,*,#4743,.F.);
#6380=ORIENTED_EDGE('',*,*,#4748,.F.);
#6381=ORIENTED_EDGE('',*,*,#4749,.T.);
#6382=ORIENTED_EDGE('',*,*,#4750,.T.);
#6383=ORIENTED_EDGE('',*,*,#4746,.F.);
#6384=ORIENTED_EDGE('',*,*,#4751,.F.);
#6385=ORIENTED_EDGE('',*,*,#4660,.T.);
#6386=ORIENTED_EDGE('',*,*,#4752,.T.);
#6387=ORIENTED_EDGE('',*,*,#4749,.F.);
#6388=ORIENTED_EDGE('',*,*,#4753,.F.);
#6389=ORIENTED_EDGE('',*,*,#4720,.T.);
#6390=ORIENTED_EDGE('',*,*,#4754,.T.);
#6391=ORIENTED_EDGE('',*,*,#4655,.F.);
#6392=ORIENTED_EDGE('',*,*,#4754,.F.);
#6393=ORIENTED_EDGE('',*,*,#4719,.F.);
#6394=ORIENTED_EDGE('',*,*,#4723,.F.);
#6395=ORIENTED_EDGE('',*,*,#4726,.F.);
#6396=ORIENTED_EDGE('',*,*,#4729,.F.);
#6397=ORIENTED_EDGE('',*,*,#4732,.F.);
#6398=ORIENTED_EDGE('',*,*,#4735,.F.);
#6399=ORIENTED_EDGE('',*,*,#4738,.F.);
#6400=ORIENTED_EDGE('',*,*,#4741,.F.);
#6401=ORIENTED_EDGE('',*,*,#4744,.F.);
#6402=ORIENTED_EDGE('',*,*,#4747,.F.);
#6403=ORIENTED_EDGE('',*,*,#4750,.F.);
#6404=ORIENTED_EDGE('',*,*,#4752,.F.);
#6405=ORIENTED_EDGE('',*,*,#4755,.F.);
#6406=ORIENTED_EDGE('',*,*,#4756,.T.);
#6407=ORIENTED_EDGE('',*,*,#4757,.T.);
#6408=ORIENTED_EDGE('',*,*,#4758,.F.);
#6409=ORIENTED_EDGE('',*,*,#4759,.F.);
#6410=ORIENTED_EDGE('',*,*,#4760,.T.);
#6411=ORIENTED_EDGE('',*,*,#4761,.T.);
#6412=ORIENTED_EDGE('',*,*,#4756,.F.);
#6413=ORIENTED_EDGE('',*,*,#4762,.F.);
#6414=ORIENTED_EDGE('',*,*,#4763,.T.);
#6415=ORIENTED_EDGE('',*,*,#4764,.T.);
#6416=ORIENTED_EDGE('',*,*,#4760,.F.);
#6417=ORIENTED_EDGE('',*,*,#4765,.F.);
#6418=ORIENTED_EDGE('',*,*,#4766,.T.);
#6419=ORIENTED_EDGE('',*,*,#4767,.T.);
#6420=ORIENTED_EDGE('',*,*,#4763,.F.);
#6421=ORIENTED_EDGE('',*,*,#4768,.F.);
#6422=ORIENTED_EDGE('',*,*,#4769,.T.);
#6423=ORIENTED_EDGE('',*,*,#4770,.T.);
#6424=ORIENTED_EDGE('',*,*,#4766,.F.);
#6425=ORIENTED_EDGE('',*,*,#4771,.F.);
#6426=ORIENTED_EDGE('',*,*,#4772,.T.);
#6427=ORIENTED_EDGE('',*,*,#4773,.T.);
#6428=ORIENTED_EDGE('',*,*,#4769,.F.);
#6429=ORIENTED_EDGE('',*,*,#4774,.F.);
#6430=ORIENTED_EDGE('',*,*,#4775,.T.);
#6431=ORIENTED_EDGE('',*,*,#4776,.T.);
#6432=ORIENTED_EDGE('',*,*,#4777,.F.);
#6433=ORIENTED_EDGE('',*,*,#4778,.F.);
#6434=ORIENTED_EDGE('',*,*,#4779,.T.);
#6435=ORIENTED_EDGE('',*,*,#4780,.T.);
#6436=ORIENTED_EDGE('',*,*,#4775,.F.);
#6437=ORIENTED_EDGE('',*,*,#4781,.F.);
#6438=ORIENTED_EDGE('',*,*,#4782,.T.);
#6439=ORIENTED_EDGE('',*,*,#4783,.T.);
#6440=ORIENTED_EDGE('',*,*,#4784,.F.);
#6441=ORIENTED_EDGE('',*,*,#4785,.F.);
#6442=ORIENTED_EDGE('',*,*,#4786,.T.);
#6443=ORIENTED_EDGE('',*,*,#4787,.T.);
#6444=ORIENTED_EDGE('',*,*,#4782,.F.);
#6445=ORIENTED_EDGE('',*,*,#4788,.F.);
#6446=ORIENTED_EDGE('',*,*,#4789,.T.);
#6447=ORIENTED_EDGE('',*,*,#4790,.T.);
#6448=ORIENTED_EDGE('',*,*,#4786,.F.);
#6449=ORIENTED_EDGE('',*,*,#4791,.F.);
#6450=ORIENTED_EDGE('',*,*,#4792,.T.);
#6451=ORIENTED_EDGE('',*,*,#4793,.T.);
#6452=ORIENTED_EDGE('',*,*,#4789,.F.);
#6453=ORIENTED_EDGE('',*,*,#4794,.F.);
#6454=ORIENTED_EDGE('',*,*,#4795,.T.);
#6455=ORIENTED_EDGE('',*,*,#4796,.T.);
#6456=ORIENTED_EDGE('',*,*,#4792,.F.);
#6457=ORIENTED_EDGE('',*,*,#4797,.F.);
#6458=ORIENTED_EDGE('',*,*,#4798,.T.);
#6459=ORIENTED_EDGE('',*,*,#4799,.T.);
#6460=ORIENTED_EDGE('',*,*,#4795,.F.);
#6461=ORIENTED_EDGE('',*,*,#4800,.F.);
#6462=ORIENTED_EDGE('',*,*,#4801,.T.);
#6463=ORIENTED_EDGE('',*,*,#4802,.T.);
#6464=ORIENTED_EDGE('',*,*,#4798,.F.);
#6465=ORIENTED_EDGE('',*,*,#4803,.F.);
#6466=ORIENTED_EDGE('',*,*,#4804,.T.);
#6467=ORIENTED_EDGE('',*,*,#4805,.T.);
#6468=ORIENTED_EDGE('',*,*,#4801,.F.);
#6469=ORIENTED_EDGE('',*,*,#4806,.F.);
#6470=ORIENTED_EDGE('',*,*,#4807,.T.);
#6471=ORIENTED_EDGE('',*,*,#4808,.T.);
#6472=ORIENTED_EDGE('',*,*,#4804,.F.);
#6473=ORIENTED_EDGE('',*,*,#4809,.F.);
#6474=ORIENTED_EDGE('',*,*,#4810,.T.);
#6475=ORIENTED_EDGE('',*,*,#4811,.T.);
#6476=ORIENTED_EDGE('',*,*,#4807,.F.);
#6477=ORIENTED_EDGE('',*,*,#4812,.F.);
#6478=ORIENTED_EDGE('',*,*,#4813,.T.);
#6479=ORIENTED_EDGE('',*,*,#4814,.T.);
#6480=ORIENTED_EDGE('',*,*,#4810,.F.);
#6481=ORIENTED_EDGE('',*,*,#4815,.F.);
#6482=ORIENTED_EDGE('',*,*,#4816,.T.);
#6483=ORIENTED_EDGE('',*,*,#4817,.T.);
#6484=ORIENTED_EDGE('',*,*,#4813,.F.);
#6485=ORIENTED_EDGE('',*,*,#4818,.F.);
#6486=ORIENTED_EDGE('',*,*,#4819,.T.);
#6487=ORIENTED_EDGE('',*,*,#4820,.T.);
#6488=ORIENTED_EDGE('',*,*,#4816,.F.);
#6489=ORIENTED_EDGE('',*,*,#4821,.F.);
#6490=ORIENTED_EDGE('',*,*,#4822,.T.);
#6491=ORIENTED_EDGE('',*,*,#4823,.T.);
#6492=ORIENTED_EDGE('',*,*,#4819,.F.);
#6493=ORIENTED_EDGE('',*,*,#4824,.F.);
#6494=ORIENTED_EDGE('',*,*,#4825,.T.);
#6495=ORIENTED_EDGE('',*,*,#4826,.T.);
#6496=ORIENTED_EDGE('',*,*,#4822,.F.);
#6497=ORIENTED_EDGE('',*,*,#4827,.F.);
#6498=ORIENTED_EDGE('',*,*,#4784,.T.);
#6499=ORIENTED_EDGE('',*,*,#4828,.T.);
#6500=ORIENTED_EDGE('',*,*,#4825,.F.);
#6501=ORIENTED_EDGE('',*,*,#4829,.F.);
#6502=ORIENTED_EDGE('',*,*,#4830,.T.);
#6503=ORIENTED_EDGE('',*,*,#4831,.T.);
#6504=ORIENTED_EDGE('',*,*,#4779,.F.);
#6505=ORIENTED_EDGE('',*,*,#4832,.F.);
#6506=ORIENTED_EDGE('',*,*,#4833,.T.);
#6507=ORIENTED_EDGE('',*,*,#4834,.T.);
#6508=ORIENTED_EDGE('',*,*,#4830,.F.);
#6509=ORIENTED_EDGE('',*,*,#4835,.F.);
#6510=ORIENTED_EDGE('',*,*,#4777,.T.);
#6511=ORIENTED_EDGE('',*,*,#4836,.T.);
#6512=ORIENTED_EDGE('',*,*,#4833,.F.);
#6513=ORIENTED_EDGE('',*,*,#4837,.F.);
#6514=ORIENTED_EDGE('',*,*,#4758,.T.);
#6515=ORIENTED_EDGE('',*,*,#4838,.T.);
#6516=ORIENTED_EDGE('',*,*,#4772,.F.);
#6517=ORIENTED_EDGE('',*,*,#4838,.F.);
#6518=ORIENTED_EDGE('',*,*,#4757,.F.);
#6519=ORIENTED_EDGE('',*,*,#4761,.F.);
#6520=ORIENTED_EDGE('',*,*,#4764,.F.);
#6521=ORIENTED_EDGE('',*,*,#4767,.F.);
#6522=ORIENTED_EDGE('',*,*,#4770,.F.);
#6523=ORIENTED_EDGE('',*,*,#4773,.F.);
#6524=ORIENTED_EDGE('',*,*,#4776,.F.);
#6525=ORIENTED_EDGE('',*,*,#4780,.F.);
#6526=ORIENTED_EDGE('',*,*,#4783,.F.);
#6527=ORIENTED_EDGE('',*,*,#4787,.F.);
#6528=ORIENTED_EDGE('',*,*,#4790,.F.);
#6529=ORIENTED_EDGE('',*,*,#4793,.F.);
#6530=ORIENTED_EDGE('',*,*,#4796,.F.);
#6531=ORIENTED_EDGE('',*,*,#4799,.F.);
#6532=ORIENTED_EDGE('',*,*,#4802,.F.);
#6533=ORIENTED_EDGE('',*,*,#4805,.F.);
#6534=ORIENTED_EDGE('',*,*,#4808,.F.);
#6535=ORIENTED_EDGE('',*,*,#4811,.F.);
#6536=ORIENTED_EDGE('',*,*,#4814,.F.);
#6537=ORIENTED_EDGE('',*,*,#4817,.F.);
#6538=ORIENTED_EDGE('',*,*,#4820,.F.);
#6539=ORIENTED_EDGE('',*,*,#4823,.F.);
#6540=ORIENTED_EDGE('',*,*,#4826,.F.);
#6541=ORIENTED_EDGE('',*,*,#4828,.F.);
#6542=ORIENTED_EDGE('',*,*,#4831,.F.);
#6543=ORIENTED_EDGE('',*,*,#4834,.F.);
#6544=ORIENTED_EDGE('',*,*,#4836,.F.);
#6545=ORIENTED_EDGE('',*,*,#4839,.F.);
#6546=ORIENTED_EDGE('',*,*,#4840,.T.);
#6547=ORIENTED_EDGE('',*,*,#4841,.T.);
#6548=ORIENTED_EDGE('',*,*,#4842,.F.);
#6549=ORIENTED_EDGE('',*,*,#4843,.F.);
#6550=ORIENTED_EDGE('',*,*,#4844,.T.);
#6551=ORIENTED_EDGE('',*,*,#4845,.T.);
#6552=ORIENTED_EDGE('',*,*,#4846,.F.);
#6553=ORIENTED_EDGE('',*,*,#4847,.F.);
#6554=ORIENTED_EDGE('',*,*,#4848,.T.);
#6555=ORIENTED_EDGE('',*,*,#4849,.T.);
#6556=ORIENTED_EDGE('',*,*,#4844,.F.);
#6557=ORIENTED_EDGE('',*,*,#4850,.F.);
#6558=ORIENTED_EDGE('',*,*,#4851,.T.);
#6559=ORIENTED_EDGE('',*,*,#4852,.T.);
#6560=ORIENTED_EDGE('',*,*,#4848,.F.);
#6561=ORIENTED_EDGE('',*,*,#4853,.F.);
#6562=ORIENTED_EDGE('',*,*,#4854,.T.);
#6563=ORIENTED_EDGE('',*,*,#4855,.T.);
#6564=ORIENTED_EDGE('',*,*,#4851,.F.);
#6565=ORIENTED_EDGE('',*,*,#4856,.F.);
#6566=ORIENTED_EDGE('',*,*,#4857,.T.);
#6567=ORIENTED_EDGE('',*,*,#4858,.T.);
#6568=ORIENTED_EDGE('',*,*,#4854,.F.);
#6569=ORIENTED_EDGE('',*,*,#4859,.F.);
#6570=ORIENTED_EDGE('',*,*,#4860,.T.);
#6571=ORIENTED_EDGE('',*,*,#4861,.T.);
#6572=ORIENTED_EDGE('',*,*,#4857,.F.);
#6573=ORIENTED_EDGE('',*,*,#4862,.F.);
#6574=ORIENTED_EDGE('',*,*,#4863,.T.);
#6575=ORIENTED_EDGE('',*,*,#4864,.T.);
#6576=ORIENTED_EDGE('',*,*,#4860,.F.);
#6577=ORIENTED_EDGE('',*,*,#4865,.F.);
#6578=ORIENTED_EDGE('',*,*,#4866,.T.);
#6579=ORIENTED_EDGE('',*,*,#4867,.T.);
#6580=ORIENTED_EDGE('',*,*,#4863,.F.);
#6581=ORIENTED_EDGE('',*,*,#4868,.F.);
#6582=ORIENTED_EDGE('',*,*,#4869,.T.);
#6583=ORIENTED_EDGE('',*,*,#4870,.T.);
#6584=ORIENTED_EDGE('',*,*,#4866,.F.);
#6585=ORIENTED_EDGE('',*,*,#4871,.F.);
#6586=ORIENTED_EDGE('',*,*,#4872,.T.);
#6587=ORIENTED_EDGE('',*,*,#4873,.T.);
#6588=ORIENTED_EDGE('',*,*,#4869,.F.);
#6589=ORIENTED_EDGE('',*,*,#4874,.F.);
#6590=ORIENTED_EDGE('',*,*,#4875,.T.);
#6591=ORIENTED_EDGE('',*,*,#4876,.T.);
#6592=ORIENTED_EDGE('',*,*,#4872,.F.);
#6593=ORIENTED_EDGE('',*,*,#4877,.F.);
#6594=ORIENTED_EDGE('',*,*,#4878,.T.);
#6595=ORIENTED_EDGE('',*,*,#4879,.T.);
#6596=ORIENTED_EDGE('',*,*,#4875,.F.);
#6597=ORIENTED_EDGE('',*,*,#4880,.F.);
#6598=ORIENTED_EDGE('',*,*,#4881,.T.);
#6599=ORIENTED_EDGE('',*,*,#4882,.T.);
#6600=ORIENTED_EDGE('',*,*,#4878,.F.);
#6601=ORIENTED_EDGE('',*,*,#4883,.F.);
#6602=ORIENTED_EDGE('',*,*,#4842,.T.);
#6603=ORIENTED_EDGE('',*,*,#4884,.T.);
#6604=ORIENTED_EDGE('',*,*,#4885,.F.);
#6605=ORIENTED_EDGE('',*,*,#4884,.F.);
#6606=ORIENTED_EDGE('',*,*,#4841,.F.);
#6607=ORIENTED_EDGE('',*,*,#4845,.F.);
#6608=ORIENTED_EDGE('',*,*,#4849,.F.);
#6609=ORIENTED_EDGE('',*,*,#4852,.F.);
#6610=ORIENTED_EDGE('',*,*,#4855,.F.);
#6611=ORIENTED_EDGE('',*,*,#4858,.F.);
#6612=ORIENTED_EDGE('',*,*,#4861,.F.);
#6613=ORIENTED_EDGE('',*,*,#4864,.F.);
#6614=ORIENTED_EDGE('',*,*,#4867,.F.);
#6615=ORIENTED_EDGE('',*,*,#4870,.F.);
#6616=ORIENTED_EDGE('',*,*,#4873,.F.);
#6617=ORIENTED_EDGE('',*,*,#4876,.F.);
#6618=ORIENTED_EDGE('',*,*,#4879,.F.);
#6619=ORIENTED_EDGE('',*,*,#4882,.F.);
#6620=ORIENTED_EDGE('',*,*,#4886,.F.);
#6621=ORIENTED_EDGE('',*,*,#4887,.T.);
#6622=ORIENTED_EDGE('',*,*,#4888,.T.);
#6623=ORIENTED_EDGE('',*,*,#4889,.F.);
#6624=ORIENTED_EDGE('',*,*,#4890,.F.);
#6625=ORIENTED_EDGE('',*,*,#4885,.T.);
#6626=ORIENTED_EDGE('',*,*,#4891,.T.);
#6627=ORIENTED_EDGE('',*,*,#4887,.F.);
#6628=ORIENTED_EDGE('',*,*,#4892,.F.);
#6629=ORIENTED_EDGE('',*,*,#4893,.T.);
#6630=ORIENTED_EDGE('',*,*,#4894,.T.);
#6631=ORIENTED_EDGE('',*,*,#4881,.F.);
#6632=ORIENTED_EDGE('',*,*,#4895,.F.);
#6633=ORIENTED_EDGE('',*,*,#4896,.T.);
#6634=ORIENTED_EDGE('',*,*,#4897,.T.);
#6635=ORIENTED_EDGE('',*,*,#4893,.F.);
#6636=ORIENTED_EDGE('',*,*,#4898,.F.);
#6637=ORIENTED_EDGE('',*,*,#4899,.T.);
#6638=ORIENTED_EDGE('',*,*,#4900,.T.);
#6639=ORIENTED_EDGE('',*,*,#4896,.F.);
#6640=ORIENTED_EDGE('',*,*,#4901,.F.);
#6641=ORIENTED_EDGE('',*,*,#4902,.T.);
#6642=ORIENTED_EDGE('',*,*,#4903,.T.);
#6643=ORIENTED_EDGE('',*,*,#4899,.F.);
#6644=ORIENTED_EDGE('',*,*,#4904,.F.);
#6645=ORIENTED_EDGE('',*,*,#4846,.T.);
#6646=ORIENTED_EDGE('',*,*,#4905,.T.);
#6647=ORIENTED_EDGE('',*,*,#4902,.F.);
#6648=ORIENTED_EDGE('',*,*,#4906,.F.);
#6649=ORIENTED_EDGE('',*,*,#4889,.T.);
#6650=ORIENTED_EDGE('',*,*,#4907,.T.);
#6651=ORIENTED_EDGE('',*,*,#4840,.F.);
#6652=ORIENTED_EDGE('',*,*,#4907,.F.);
#6653=ORIENTED_EDGE('',*,*,#4888,.F.);
#6654=ORIENTED_EDGE('',*,*,#4891,.F.);
#6655=ORIENTED_EDGE('',*,*,#4894,.F.);
#6656=ORIENTED_EDGE('',*,*,#4897,.F.);
#6657=ORIENTED_EDGE('',*,*,#4900,.F.);
#6658=ORIENTED_EDGE('',*,*,#4903,.F.);
#6659=ORIENTED_EDGE('',*,*,#4905,.F.);
#6660=ORIENTED_EDGE('',*,*,#4908,.F.);
#6661=ORIENTED_EDGE('',*,*,#4909,.T.);
#6662=ORIENTED_EDGE('',*,*,#4910,.T.);
#6663=ORIENTED_EDGE('',*,*,#4911,.F.);
#6664=ORIENTED_EDGE('',*,*,#4912,.F.);
#6665=ORIENTED_EDGE('',*,*,#4913,.T.);
#6666=ORIENTED_EDGE('',*,*,#4914,.T.);
#6667=ORIENTED_EDGE('',*,*,#4909,.F.);
#6668=ORIENTED_EDGE('',*,*,#4915,.F.);
#6669=ORIENTED_EDGE('',*,*,#4916,.T.);
#6670=ORIENTED_EDGE('',*,*,#4917,.T.);
#6671=ORIENTED_EDGE('',*,*,#4913,.F.);
#6672=ORIENTED_EDGE('',*,*,#4918,.F.);
#6673=ORIENTED_EDGE('',*,*,#4919,.T.);
#6674=ORIENTED_EDGE('',*,*,#4920,.T.);
#6675=ORIENTED_EDGE('',*,*,#4916,.F.);
#6676=ORIENTED_EDGE('',*,*,#4921,.F.);
#6677=ORIENTED_EDGE('',*,*,#4922,.T.);
#6678=ORIENTED_EDGE('',*,*,#4923,.T.);
#6679=ORIENTED_EDGE('',*,*,#4919,.F.);
#6680=ORIENTED_EDGE('',*,*,#4924,.F.);
#6681=ORIENTED_EDGE('',*,*,#4911,.T.);
#6682=ORIENTED_EDGE('',*,*,#4925,.T.);
#6683=ORIENTED_EDGE('',*,*,#4922,.F.);
#6684=ORIENTED_EDGE('',*,*,#4926,.F.);
#6685=ORIENTED_EDGE('',*,*,#4927,.T.);
#6686=ORIENTED_EDGE('',*,*,#4928,.T.);
#6687=ORIENTED_EDGE('',*,*,#4929,.F.);
#6688=ORIENTED_EDGE('',*,*,#4930,.F.);
#6689=ORIENTED_EDGE('',*,*,#4931,.T.);
#6690=ORIENTED_EDGE('',*,*,#4932,.T.);
#6691=ORIENTED_EDGE('',*,*,#4927,.F.);
#6692=ORIENTED_EDGE('',*,*,#4933,.F.);
#6693=ORIENTED_EDGE('',*,*,#4934,.T.);
#6694=ORIENTED_EDGE('',*,*,#4935,.T.);
#6695=ORIENTED_EDGE('',*,*,#4931,.F.);
#6696=ORIENTED_EDGE('',*,*,#4936,.F.);
#6697=ORIENTED_EDGE('',*,*,#4937,.T.);
#6698=ORIENTED_EDGE('',*,*,#4938,.T.);
#6699=ORIENTED_EDGE('',*,*,#4934,.F.);
#6700=ORIENTED_EDGE('',*,*,#4939,.F.);
#6701=ORIENTED_EDGE('',*,*,#4940,.T.);
#6702=ORIENTED_EDGE('',*,*,#4941,.T.);
#6703=ORIENTED_EDGE('',*,*,#4937,.F.);
#6704=ORIENTED_EDGE('',*,*,#4942,.F.);
#6705=ORIENTED_EDGE('',*,*,#4943,.T.);
#6706=ORIENTED_EDGE('',*,*,#4944,.T.);
#6707=ORIENTED_EDGE('',*,*,#4940,.F.);
#6708=ORIENTED_EDGE('',*,*,#4945,.F.);
#6709=ORIENTED_EDGE('',*,*,#4946,.T.);
#6710=ORIENTED_EDGE('',*,*,#4947,.T.);
#6711=ORIENTED_EDGE('',*,*,#4943,.F.);
#6712=ORIENTED_EDGE('',*,*,#4948,.F.);
#6713=ORIENTED_EDGE('',*,*,#4949,.T.);
#6714=ORIENTED_EDGE('',*,*,#4950,.T.);
#6715=ORIENTED_EDGE('',*,*,#4946,.F.);
#6716=ORIENTED_EDGE('',*,*,#4951,.F.);
#6717=ORIENTED_EDGE('',*,*,#4952,.T.);
#6718=ORIENTED_EDGE('',*,*,#4953,.T.);
#6719=ORIENTED_EDGE('',*,*,#4949,.F.);
#6720=ORIENTED_EDGE('',*,*,#4954,.F.);
#6721=ORIENTED_EDGE('',*,*,#4955,.T.);
#6722=ORIENTED_EDGE('',*,*,#4956,.T.);
#6723=ORIENTED_EDGE('',*,*,#4952,.F.);
#6724=ORIENTED_EDGE('',*,*,#4957,.F.);
#6725=ORIENTED_EDGE('',*,*,#4958,.T.);
#6726=ORIENTED_EDGE('',*,*,#4959,.T.);
#6727=ORIENTED_EDGE('',*,*,#4955,.F.);
#6728=ORIENTED_EDGE('',*,*,#4960,.F.);
#6729=ORIENTED_EDGE('',*,*,#4961,.T.);
#6730=ORIENTED_EDGE('',*,*,#4962,.T.);
#6731=ORIENTED_EDGE('',*,*,#4958,.F.);
#6732=ORIENTED_EDGE('',*,*,#4963,.F.);
#6733=ORIENTED_EDGE('',*,*,#4929,.T.);
#6734=ORIENTED_EDGE('',*,*,#4964,.T.);
#6735=ORIENTED_EDGE('',*,*,#4961,.F.);
#6736=ORIENTED_EDGE('',*,*,#4964,.F.);
#6737=ORIENTED_EDGE('',*,*,#4928,.F.);
#6738=ORIENTED_EDGE('',*,*,#4932,.F.);
#6739=ORIENTED_EDGE('',*,*,#4935,.F.);
#6740=ORIENTED_EDGE('',*,*,#4938,.F.);
#6741=ORIENTED_EDGE('',*,*,#4941,.F.);
#6742=ORIENTED_EDGE('',*,*,#4944,.F.);
#6743=ORIENTED_EDGE('',*,*,#4947,.F.);
#6744=ORIENTED_EDGE('',*,*,#4950,.F.);
#6745=ORIENTED_EDGE('',*,*,#4953,.F.);
#6746=ORIENTED_EDGE('',*,*,#4956,.F.);
#6747=ORIENTED_EDGE('',*,*,#4959,.F.);
#6748=ORIENTED_EDGE('',*,*,#4962,.F.);
#6749=ORIENTED_EDGE('',*,*,#4925,.F.);
#6750=ORIENTED_EDGE('',*,*,#4910,.F.);
#6751=ORIENTED_EDGE('',*,*,#4914,.F.);
#6752=ORIENTED_EDGE('',*,*,#4917,.F.);
#6753=ORIENTED_EDGE('',*,*,#4920,.F.);
#6754=ORIENTED_EDGE('',*,*,#4923,.F.);
#6755=ORIENTED_EDGE('',*,*,#4965,.F.);
#6756=ORIENTED_EDGE('',*,*,#4966,.T.);
#6757=ORIENTED_EDGE('',*,*,#4967,.T.);
#6758=ORIENTED_EDGE('',*,*,#4968,.F.);
#6759=ORIENTED_EDGE('',*,*,#4969,.F.);
#6760=ORIENTED_EDGE('',*,*,#4970,.T.);
#6761=ORIENTED_EDGE('',*,*,#4971,.T.);
#6762=ORIENTED_EDGE('',*,*,#4966,.F.);
#6763=ORIENTED_EDGE('',*,*,#4972,.F.);
#6764=ORIENTED_EDGE('',*,*,#4973,.T.);
#6765=ORIENTED_EDGE('',*,*,#4974,.T.);
#6766=ORIENTED_EDGE('',*,*,#4975,.F.);
#6767=ORIENTED_EDGE('',*,*,#4976,.F.);
#6768=ORIENTED_EDGE('',*,*,#4977,.T.);
#6769=ORIENTED_EDGE('',*,*,#4978,.T.);
#6770=ORIENTED_EDGE('',*,*,#4973,.F.);
#6771=ORIENTED_EDGE('',*,*,#4979,.F.);
#6772=ORIENTED_EDGE('',*,*,#4980,.T.);
#6773=ORIENTED_EDGE('',*,*,#4981,.T.);
#6774=ORIENTED_EDGE('',*,*,#4977,.F.);
#6775=ORIENTED_EDGE('',*,*,#4982,.F.);
#6776=ORIENTED_EDGE('',*,*,#4983,.T.);
#6777=ORIENTED_EDGE('',*,*,#4984,.T.);
#6778=ORIENTED_EDGE('',*,*,#4980,.F.);
#6779=ORIENTED_EDGE('',*,*,#4985,.F.);
#6780=ORIENTED_EDGE('',*,*,#4986,.T.);
#6781=ORIENTED_EDGE('',*,*,#4987,.T.);
#6782=ORIENTED_EDGE('',*,*,#4983,.F.);
#6783=ORIENTED_EDGE('',*,*,#4988,.F.);
#6784=ORIENTED_EDGE('',*,*,#4989,.T.);
#6785=ORIENTED_EDGE('',*,*,#4990,.T.);
#6786=ORIENTED_EDGE('',*,*,#4986,.F.);
#6787=ORIENTED_EDGE('',*,*,#4991,.F.);
#6788=ORIENTED_EDGE('',*,*,#4992,.T.);
#6789=ORIENTED_EDGE('',*,*,#4993,.T.);
#6790=ORIENTED_EDGE('',*,*,#4989,.F.);
#6791=ORIENTED_EDGE('',*,*,#4994,.F.);
#6792=ORIENTED_EDGE('',*,*,#4995,.T.);
#6793=ORIENTED_EDGE('',*,*,#4996,.T.);
#6794=ORIENTED_EDGE('',*,*,#4992,.F.);
#6795=ORIENTED_EDGE('',*,*,#4997,.F.);
#6796=ORIENTED_EDGE('',*,*,#4998,.T.);
#6797=ORIENTED_EDGE('',*,*,#4999,.T.);
#6798=ORIENTED_EDGE('',*,*,#4995,.F.);
#6799=ORIENTED_EDGE('',*,*,#5000,.F.);
#6800=ORIENTED_EDGE('',*,*,#4968,.T.);
#6801=ORIENTED_EDGE('',*,*,#5001,.T.);
#6802=ORIENTED_EDGE('',*,*,#5002,.F.);
#6803=ORIENTED_EDGE('',*,*,#5001,.F.);
#6804=ORIENTED_EDGE('',*,*,#4967,.F.);
#6805=ORIENTED_EDGE('',*,*,#4971,.F.);
#6806=ORIENTED_EDGE('',*,*,#4974,.F.);
#6807=ORIENTED_EDGE('',*,*,#4978,.F.);
#6808=ORIENTED_EDGE('',*,*,#4981,.F.);
#6809=ORIENTED_EDGE('',*,*,#4984,.F.);
#6810=ORIENTED_EDGE('',*,*,#4987,.F.);
#6811=ORIENTED_EDGE('',*,*,#4990,.F.);
#6812=ORIENTED_EDGE('',*,*,#4993,.F.);
#6813=ORIENTED_EDGE('',*,*,#4996,.F.);
#6814=ORIENTED_EDGE('',*,*,#4999,.F.);
#6815=ORIENTED_EDGE('',*,*,#5003,.F.);
#6816=ORIENTED_EDGE('',*,*,#5002,.T.);
#6817=ORIENTED_EDGE('',*,*,#5004,.T.);
#6818=ORIENTED_EDGE('',*,*,#5005,.F.);
#6819=ORIENTED_EDGE('',*,*,#5006,.F.);
#6820=ORIENTED_EDGE('',*,*,#5007,.T.);
#6821=ORIENTED_EDGE('',*,*,#5008,.T.);
#6822=ORIENTED_EDGE('',*,*,#4998,.F.);
#6823=ORIENTED_EDGE('',*,*,#5009,.F.);
#6824=ORIENTED_EDGE('',*,*,#5010,.T.);
#6825=ORIENTED_EDGE('',*,*,#5011,.T.);
#6826=ORIENTED_EDGE('',*,*,#5007,.F.);
#6827=ORIENTED_EDGE('',*,*,#5012,.F.);
#6828=ORIENTED_EDGE('',*,*,#5013,.T.);
#6829=ORIENTED_EDGE('',*,*,#5014,.T.);
#6830=ORIENTED_EDGE('',*,*,#5010,.F.);
#6831=ORIENTED_EDGE('',*,*,#5015,.F.);
#6832=ORIENTED_EDGE('',*,*,#4975,.T.);
#6833=ORIENTED_EDGE('',*,*,#5016,.T.);
#6834=ORIENTED_EDGE('',*,*,#5013,.F.);
#6835=ORIENTED_EDGE('',*,*,#5017,.F.);
#6836=ORIENTED_EDGE('',*,*,#5005,.T.);
#6837=ORIENTED_EDGE('',*,*,#5018,.T.);
#6838=ORIENTED_EDGE('',*,*,#4970,.F.);
#6839=ORIENTED_EDGE('',*,*,#5018,.F.);
#6840=ORIENTED_EDGE('',*,*,#5004,.F.);
#6841=ORIENTED_EDGE('',*,*,#5008,.F.);
#6842=ORIENTED_EDGE('',*,*,#5011,.F.);
#6843=ORIENTED_EDGE('',*,*,#5014,.F.);
#6844=ORIENTED_EDGE('',*,*,#5016,.F.);
#6845=ORIENTED_EDGE('',*,*,#5019,.F.);
#6846=ORIENTED_EDGE('',*,*,#5020,.T.);
#6847=ORIENTED_EDGE('',*,*,#5021,.T.);
#6848=ORIENTED_EDGE('',*,*,#5022,.F.);
#6849=ORIENTED_EDGE('',*,*,#5023,.F.);
#6850=ORIENTED_EDGE('',*,*,#5024,.T.);
#6851=ORIENTED_EDGE('',*,*,#5025,.T.);
#6852=ORIENTED_EDGE('',*,*,#5026,.F.);
#6853=ORIENTED_EDGE('',*,*,#5027,.F.);
#6854=ORIENTED_EDGE('',*,*,#5028,.T.);
#6855=ORIENTED_EDGE('',*,*,#5029,.T.);
#6856=ORIENTED_EDGE('',*,*,#5024,.F.);
#6857=ORIENTED_EDGE('',*,*,#5030,.F.);
#6858=ORIENTED_EDGE('',*,*,#5026,.T.);
#6859=ORIENTED_EDGE('',*,*,#5031,.T.);
#6860=ORIENTED_EDGE('',*,*,#5028,.F.);
#6861=ORIENTED_EDGE('',*,*,#5032,.F.);
#6862=ORIENTED_EDGE('',*,*,#5033,.T.);
#6863=ORIENTED_EDGE('',*,*,#5034,.T.);
#6864=ORIENTED_EDGE('',*,*,#5020,.F.);
#6865=ORIENTED_EDGE('',*,*,#5035,.F.);
#6866=ORIENTED_EDGE('',*,*,#5036,.T.);
#6867=ORIENTED_EDGE('',*,*,#5037,.T.);
#6868=ORIENTED_EDGE('',*,*,#5033,.F.);
#6869=ORIENTED_EDGE('',*,*,#5038,.F.);
#6870=ORIENTED_EDGE('',*,*,#5039,.T.);
#6871=ORIENTED_EDGE('',*,*,#5040,.T.);
#6872=ORIENTED_EDGE('',*,*,#5036,.F.);
#6873=ORIENTED_EDGE('',*,*,#5041,.F.);
#6874=ORIENTED_EDGE('',*,*,#5042,.T.);
#6875=ORIENTED_EDGE('',*,*,#5043,.T.);
#6876=ORIENTED_EDGE('',*,*,#5039,.F.);
#6877=ORIENTED_EDGE('',*,*,#5044,.F.);
#6878=ORIENTED_EDGE('',*,*,#5045,.T.);
#6879=ORIENTED_EDGE('',*,*,#5046,.T.);
#6880=ORIENTED_EDGE('',*,*,#5042,.F.);
#6881=ORIENTED_EDGE('',*,*,#5047,.F.);
#6882=ORIENTED_EDGE('',*,*,#5048,.T.);
#6883=ORIENTED_EDGE('',*,*,#5049,.T.);
#6884=ORIENTED_EDGE('',*,*,#5045,.F.);
#6885=ORIENTED_EDGE('',*,*,#5050,.F.);
#6886=ORIENTED_EDGE('',*,*,#5051,.T.);
#6887=ORIENTED_EDGE('',*,*,#5052,.T.);
#6888=ORIENTED_EDGE('',*,*,#5048,.F.);
#6889=ORIENTED_EDGE('',*,*,#5053,.F.);
#6890=ORIENTED_EDGE('',*,*,#5022,.T.);
#6891=ORIENTED_EDGE('',*,*,#5054,.T.);
#6892=ORIENTED_EDGE('',*,*,#5051,.F.);
#6893=ORIENTED_EDGE('',*,*,#5055,.F.);
#6894=ORIENTED_EDGE('',*,*,#5056,.T.);
#6895=ORIENTED_EDGE('',*,*,#5057,.T.);
#6896=ORIENTED_EDGE('',*,*,#5058,.F.);
#6897=ORIENTED_EDGE('',*,*,#5059,.F.);
#6898=ORIENTED_EDGE('',*,*,#5060,.T.);
#6899=ORIENTED_EDGE('',*,*,#5061,.T.);
#6900=ORIENTED_EDGE('',*,*,#5056,.F.);
#6901=ORIENTED_EDGE('',*,*,#5062,.F.);
#6902=ORIENTED_EDGE('',*,*,#5058,.T.);
#6903=ORIENTED_EDGE('',*,*,#5063,.T.);
#6904=ORIENTED_EDGE('',*,*,#5060,.F.);
#6905=ORIENTED_EDGE('',*,*,#5064,.F.);
#6906=ORIENTED_EDGE('',*,*,#5065,.T.);
#6907=ORIENTED_EDGE('',*,*,#5066,.T.);
#6908=ORIENTED_EDGE('',*,*,#5067,.F.);
#6909=ORIENTED_EDGE('',*,*,#5068,.F.);
#6910=ORIENTED_EDGE('',*,*,#5069,.T.);
#6911=ORIENTED_EDGE('',*,*,#5070,.T.);
#6912=ORIENTED_EDGE('',*,*,#5065,.F.);
#6913=ORIENTED_EDGE('',*,*,#5071,.F.);
#6914=ORIENTED_EDGE('',*,*,#5072,.T.);
#6915=ORIENTED_EDGE('',*,*,#5073,.T.);
#6916=ORIENTED_EDGE('',*,*,#5069,.F.);
#6917=ORIENTED_EDGE('',*,*,#5074,.F.);
#6918=ORIENTED_EDGE('',*,*,#5075,.T.);
#6919=ORIENTED_EDGE('',*,*,#5076,.T.);
#6920=ORIENTED_EDGE('',*,*,#5072,.F.);
#6921=ORIENTED_EDGE('',*,*,#5077,.F.);
#6922=ORIENTED_EDGE('',*,*,#5078,.T.);
#6923=ORIENTED_EDGE('',*,*,#5079,.T.);
#6924=ORIENTED_EDGE('',*,*,#5075,.F.);
#6925=ORIENTED_EDGE('',*,*,#5080,.F.);
#6926=ORIENTED_EDGE('',*,*,#5081,.T.);
#6927=ORIENTED_EDGE('',*,*,#5082,.T.);
#6928=ORIENTED_EDGE('',*,*,#5078,.F.);
#6929=ORIENTED_EDGE('',*,*,#5083,.F.);
#6930=ORIENTED_EDGE('',*,*,#5084,.T.);
#6931=ORIENTED_EDGE('',*,*,#5085,.T.);
#6932=ORIENTED_EDGE('',*,*,#5081,.F.);
#6933=ORIENTED_EDGE('',*,*,#5086,.F.);
#6934=ORIENTED_EDGE('',*,*,#5087,.T.);
#6935=ORIENTED_EDGE('',*,*,#5088,.T.);
#6936=ORIENTED_EDGE('',*,*,#5084,.F.);
#6937=ORIENTED_EDGE('',*,*,#5089,.F.);
#6938=ORIENTED_EDGE('',*,*,#5090,.T.);
#6939=ORIENTED_EDGE('',*,*,#5091,.T.);
#6940=ORIENTED_EDGE('',*,*,#5087,.F.);
#6941=ORIENTED_EDGE('',*,*,#5092,.F.);
#6942=ORIENTED_EDGE('',*,*,#5093,.T.);
#6943=ORIENTED_EDGE('',*,*,#5094,.T.);
#6944=ORIENTED_EDGE('',*,*,#5090,.F.);
#6945=ORIENTED_EDGE('',*,*,#5095,.F.);
#6946=ORIENTED_EDGE('',*,*,#5096,.T.);
#6947=ORIENTED_EDGE('',*,*,#5097,.T.);
#6948=ORIENTED_EDGE('',*,*,#5093,.F.);
#6949=ORIENTED_EDGE('',*,*,#5098,.F.);
#6950=ORIENTED_EDGE('',*,*,#5099,.T.);
#6951=ORIENTED_EDGE('',*,*,#5100,.T.);
#6952=ORIENTED_EDGE('',*,*,#5096,.F.);
#6953=ORIENTED_EDGE('',*,*,#5101,.F.);
#6954=ORIENTED_EDGE('',*,*,#5102,.T.);
#6955=ORIENTED_EDGE('',*,*,#5103,.T.);
#6956=ORIENTED_EDGE('',*,*,#5099,.F.);
#6957=ORIENTED_EDGE('',*,*,#5104,.F.);
#6958=ORIENTED_EDGE('',*,*,#5105,.T.);
#6959=ORIENTED_EDGE('',*,*,#5106,.T.);
#6960=ORIENTED_EDGE('',*,*,#5102,.F.);
#6961=ORIENTED_EDGE('',*,*,#5107,.F.);
#6962=ORIENTED_EDGE('',*,*,#5108,.T.);
#6963=ORIENTED_EDGE('',*,*,#5109,.T.);
#6964=ORIENTED_EDGE('',*,*,#5105,.F.);
#6965=ORIENTED_EDGE('',*,*,#5110,.F.);
#6966=ORIENTED_EDGE('',*,*,#5111,.T.);
#6967=ORIENTED_EDGE('',*,*,#5112,.T.);
#6968=ORIENTED_EDGE('',*,*,#5108,.F.);
#6969=ORIENTED_EDGE('',*,*,#5113,.F.);
#6970=ORIENTED_EDGE('',*,*,#5114,.T.);
#6971=ORIENTED_EDGE('',*,*,#5115,.T.);
#6972=ORIENTED_EDGE('',*,*,#5111,.F.);
#6973=ORIENTED_EDGE('',*,*,#5116,.F.);
#6974=ORIENTED_EDGE('',*,*,#5117,.T.);
#6975=ORIENTED_EDGE('',*,*,#5118,.T.);
#6976=ORIENTED_EDGE('',*,*,#5114,.F.);
#6977=ORIENTED_EDGE('',*,*,#5119,.F.);
#6978=ORIENTED_EDGE('',*,*,#5120,.T.);
#6979=ORIENTED_EDGE('',*,*,#5121,.T.);
#6980=ORIENTED_EDGE('',*,*,#5117,.F.);
#6981=ORIENTED_EDGE('',*,*,#5122,.F.);
#6982=ORIENTED_EDGE('',*,*,#5123,.T.);
#6983=ORIENTED_EDGE('',*,*,#5124,.T.);
#6984=ORIENTED_EDGE('',*,*,#5125,.F.);
#6985=ORIENTED_EDGE('',*,*,#5126,.F.);
#6986=ORIENTED_EDGE('',*,*,#5127,.T.);
#6987=ORIENTED_EDGE('',*,*,#5128,.T.);
#6988=ORIENTED_EDGE('',*,*,#5123,.F.);
#6989=ORIENTED_EDGE('',*,*,#5129,.F.);
#6990=ORIENTED_EDGE('',*,*,#5125,.T.);
#6991=ORIENTED_EDGE('',*,*,#5130,.T.);
#6992=ORIENTED_EDGE('',*,*,#5127,.F.);
#6993=ORIENTED_EDGE('',*,*,#5131,.F.);
#6994=ORIENTED_EDGE('',*,*,#5067,.T.);
#6995=ORIENTED_EDGE('',*,*,#5132,.T.);
#6996=ORIENTED_EDGE('',*,*,#5120,.F.);
#6997=ORIENTED_EDGE('',*,*,#5132,.F.);
#6998=ORIENTED_EDGE('',*,*,#5057,.F.);
#6999=ORIENTED_EDGE('',*,*,#5061,.F.);
#7000=ORIENTED_EDGE('',*,*,#5063,.F.);
#7001=ORIENTED_EDGE('',*,*,#5066,.F.);
#7002=ORIENTED_EDGE('',*,*,#5070,.F.);
#7003=ORIENTED_EDGE('',*,*,#5073,.F.);
#7004=ORIENTED_EDGE('',*,*,#5076,.F.);
#7005=ORIENTED_EDGE('',*,*,#5079,.F.);
#7006=ORIENTED_EDGE('',*,*,#5082,.F.);
#7007=ORIENTED_EDGE('',*,*,#5085,.F.);
#7008=ORIENTED_EDGE('',*,*,#5088,.F.);
#7009=ORIENTED_EDGE('',*,*,#5091,.F.);
#7010=ORIENTED_EDGE('',*,*,#5094,.F.);
#7011=ORIENTED_EDGE('',*,*,#5097,.F.);
#7012=ORIENTED_EDGE('',*,*,#5100,.F.);
#7013=ORIENTED_EDGE('',*,*,#5103,.F.);
#7014=ORIENTED_EDGE('',*,*,#5106,.F.);
#7015=ORIENTED_EDGE('',*,*,#5109,.F.);
#7016=ORIENTED_EDGE('',*,*,#5112,.F.);
#7017=ORIENTED_EDGE('',*,*,#5115,.F.);
#7018=ORIENTED_EDGE('',*,*,#5118,.F.);
#7019=ORIENTED_EDGE('',*,*,#5121,.F.);
#7020=ORIENTED_EDGE('',*,*,#5124,.F.);
#7021=ORIENTED_EDGE('',*,*,#5128,.F.);
#7022=ORIENTED_EDGE('',*,*,#5130,.F.);
#7023=ORIENTED_EDGE('',*,*,#5054,.F.);
#7024=ORIENTED_EDGE('',*,*,#5021,.F.);
#7025=ORIENTED_EDGE('',*,*,#5025,.F.);
#7026=ORIENTED_EDGE('',*,*,#5029,.F.);
#7027=ORIENTED_EDGE('',*,*,#5031,.F.);
#7028=ORIENTED_EDGE('',*,*,#5034,.F.);
#7029=ORIENTED_EDGE('',*,*,#5037,.F.);
#7030=ORIENTED_EDGE('',*,*,#5040,.F.);
#7031=ORIENTED_EDGE('',*,*,#5043,.F.);
#7032=ORIENTED_EDGE('',*,*,#5046,.F.);
#7033=ORIENTED_EDGE('',*,*,#5049,.F.);
#7034=ORIENTED_EDGE('',*,*,#5052,.F.);
#7035=ORIENTED_EDGE('',*,*,#5133,.F.);
#7036=ORIENTED_EDGE('',*,*,#5134,.T.);
#7037=ORIENTED_EDGE('',*,*,#5135,.T.);
#7038=ORIENTED_EDGE('',*,*,#5136,.F.);
#7039=ORIENTED_EDGE('',*,*,#5137,.F.);
#7040=ORIENTED_EDGE('',*,*,#5138,.T.);
#7041=ORIENTED_EDGE('',*,*,#5139,.T.);
#7042=ORIENTED_EDGE('',*,*,#5134,.F.);
#7043=ORIENTED_EDGE('',*,*,#5140,.F.);
#7044=ORIENTED_EDGE('',*,*,#5141,.T.);
#7045=ORIENTED_EDGE('',*,*,#5142,.T.);
#7046=ORIENTED_EDGE('',*,*,#5138,.F.);
#7047=ORIENTED_EDGE('',*,*,#5143,.F.);
#7048=ORIENTED_EDGE('',*,*,#5144,.T.);
#7049=ORIENTED_EDGE('',*,*,#5145,.T.);
#7050=ORIENTED_EDGE('',*,*,#5141,.F.);
#7051=ORIENTED_EDGE('',*,*,#5146,.F.);
#7052=ORIENTED_EDGE('',*,*,#5147,.T.);
#7053=ORIENTED_EDGE('',*,*,#5148,.T.);
#7054=ORIENTED_EDGE('',*,*,#5144,.F.);
#7055=ORIENTED_EDGE('',*,*,#5149,.F.);
#7056=ORIENTED_EDGE('',*,*,#5150,.T.);
#7057=ORIENTED_EDGE('',*,*,#5151,.T.);
#7058=ORIENTED_EDGE('',*,*,#5147,.F.);
#7059=ORIENTED_EDGE('',*,*,#5152,.F.);
#7060=ORIENTED_EDGE('',*,*,#5153,.T.);
#7061=ORIENTED_EDGE('',*,*,#5154,.T.);
#7062=ORIENTED_EDGE('',*,*,#5150,.F.);
#7063=ORIENTED_EDGE('',*,*,#5155,.F.);
#7064=ORIENTED_EDGE('',*,*,#5156,.T.);
#7065=ORIENTED_EDGE('',*,*,#5157,.T.);
#7066=ORIENTED_EDGE('',*,*,#5153,.F.);
#7067=ORIENTED_EDGE('',*,*,#5158,.F.);
#7068=ORIENTED_EDGE('',*,*,#5159,.T.);
#7069=ORIENTED_EDGE('',*,*,#5160,.T.);
#7070=ORIENTED_EDGE('',*,*,#5156,.F.);
#7071=ORIENTED_EDGE('',*,*,#5161,.F.);
#7072=ORIENTED_EDGE('',*,*,#5162,.T.);
#7073=ORIENTED_EDGE('',*,*,#5163,.T.);
#7074=ORIENTED_EDGE('',*,*,#5159,.F.);
#7075=ORIENTED_EDGE('',*,*,#5164,.F.);
#7076=ORIENTED_EDGE('',*,*,#5165,.T.);
#7077=ORIENTED_EDGE('',*,*,#5166,.T.);
#7078=ORIENTED_EDGE('',*,*,#5162,.F.);
#7079=ORIENTED_EDGE('',*,*,#5167,.F.);
#7080=ORIENTED_EDGE('',*,*,#5168,.T.);
#7081=ORIENTED_EDGE('',*,*,#5169,.T.);
#7082=ORIENTED_EDGE('',*,*,#5165,.F.);
#7083=ORIENTED_EDGE('',*,*,#5170,.F.);
#7084=ORIENTED_EDGE('',*,*,#5171,.T.);
#7085=ORIENTED_EDGE('',*,*,#5172,.T.);
#7086=ORIENTED_EDGE('',*,*,#5168,.F.);
#7087=ORIENTED_EDGE('',*,*,#5173,.F.);
#7088=ORIENTED_EDGE('',*,*,#5174,.T.);
#7089=ORIENTED_EDGE('',*,*,#5175,.T.);
#7090=ORIENTED_EDGE('',*,*,#5171,.F.);
#7091=ORIENTED_EDGE('',*,*,#5176,.F.);
#7092=ORIENTED_EDGE('',*,*,#5177,.T.);
#7093=ORIENTED_EDGE('',*,*,#5178,.T.);
#7094=ORIENTED_EDGE('',*,*,#5174,.F.);
#7095=ORIENTED_EDGE('',*,*,#5179,.F.);
#7096=ORIENTED_EDGE('',*,*,#5180,.T.);
#7097=ORIENTED_EDGE('',*,*,#5181,.T.);
#7098=ORIENTED_EDGE('',*,*,#5177,.F.);
#7099=ORIENTED_EDGE('',*,*,#5182,.F.);
#7100=ORIENTED_EDGE('',*,*,#5183,.T.);
#7101=ORIENTED_EDGE('',*,*,#5184,.T.);
#7102=ORIENTED_EDGE('',*,*,#5180,.F.);
#7103=ORIENTED_EDGE('',*,*,#5185,.F.);
#7104=ORIENTED_EDGE('',*,*,#5186,.T.);
#7105=ORIENTED_EDGE('',*,*,#5187,.T.);
#7106=ORIENTED_EDGE('',*,*,#5183,.F.);
#7107=ORIENTED_EDGE('',*,*,#5188,.F.);
#7108=ORIENTED_EDGE('',*,*,#5189,.T.);
#7109=ORIENTED_EDGE('',*,*,#5190,.T.);
#7110=ORIENTED_EDGE('',*,*,#5186,.F.);
#7111=ORIENTED_EDGE('',*,*,#5191,.F.);
#7112=ORIENTED_EDGE('',*,*,#5192,.T.);
#7113=ORIENTED_EDGE('',*,*,#5193,.T.);
#7114=ORIENTED_EDGE('',*,*,#5189,.F.);
#7115=ORIENTED_EDGE('',*,*,#5194,.F.);
#7116=ORIENTED_EDGE('',*,*,#5195,.T.);
#7117=ORIENTED_EDGE('',*,*,#5196,.T.);
#7118=ORIENTED_EDGE('',*,*,#5192,.F.);
#7119=ORIENTED_EDGE('',*,*,#5197,.F.);
#7120=ORIENTED_EDGE('',*,*,#5198,.T.);
#7121=ORIENTED_EDGE('',*,*,#5199,.T.);
#7122=ORIENTED_EDGE('',*,*,#5195,.F.);
#7123=ORIENTED_EDGE('',*,*,#5200,.F.);
#7124=ORIENTED_EDGE('',*,*,#5201,.T.);
#7125=ORIENTED_EDGE('',*,*,#5202,.T.);
#7126=ORIENTED_EDGE('',*,*,#5198,.F.);
#7127=ORIENTED_EDGE('',*,*,#5203,.F.);
#7128=ORIENTED_EDGE('',*,*,#5204,.T.);
#7129=ORIENTED_EDGE('',*,*,#5205,.T.);
#7130=ORIENTED_EDGE('',*,*,#5201,.F.);
#7131=ORIENTED_EDGE('',*,*,#5206,.F.);
#7132=ORIENTED_EDGE('',*,*,#5207,.T.);
#7133=ORIENTED_EDGE('',*,*,#5208,.T.);
#7134=ORIENTED_EDGE('',*,*,#5204,.F.);
#7135=ORIENTED_EDGE('',*,*,#5209,.F.);
#7136=ORIENTED_EDGE('',*,*,#5210,.T.);
#7137=ORIENTED_EDGE('',*,*,#5211,.T.);
#7138=ORIENTED_EDGE('',*,*,#5207,.F.);
#7139=ORIENTED_EDGE('',*,*,#5212,.F.);
#7140=ORIENTED_EDGE('',*,*,#5213,.T.);
#7141=ORIENTED_EDGE('',*,*,#5214,.T.);
#7142=ORIENTED_EDGE('',*,*,#5210,.F.);
#7143=ORIENTED_EDGE('',*,*,#5215,.F.);
#7144=ORIENTED_EDGE('',*,*,#5136,.T.);
#7145=ORIENTED_EDGE('',*,*,#5216,.T.);
#7146=ORIENTED_EDGE('',*,*,#5213,.F.);
#7147=ORIENTED_EDGE('',*,*,#5216,.F.);
#7148=ORIENTED_EDGE('',*,*,#5135,.F.);
#7149=ORIENTED_EDGE('',*,*,#5139,.F.);
#7150=ORIENTED_EDGE('',*,*,#5142,.F.);
#7151=ORIENTED_EDGE('',*,*,#5145,.F.);
#7152=ORIENTED_EDGE('',*,*,#5148,.F.);
#7153=ORIENTED_EDGE('',*,*,#5151,.F.);
#7154=ORIENTED_EDGE('',*,*,#5154,.F.);
#7155=ORIENTED_EDGE('',*,*,#5157,.F.);
#7156=ORIENTED_EDGE('',*,*,#5160,.F.);
#7157=ORIENTED_EDGE('',*,*,#5163,.F.);
#7158=ORIENTED_EDGE('',*,*,#5166,.F.);
#7159=ORIENTED_EDGE('',*,*,#5169,.F.);
#7160=ORIENTED_EDGE('',*,*,#5172,.F.);
#7161=ORIENTED_EDGE('',*,*,#5175,.F.);
#7162=ORIENTED_EDGE('',*,*,#5178,.F.);
#7163=ORIENTED_EDGE('',*,*,#5181,.F.);
#7164=ORIENTED_EDGE('',*,*,#5184,.F.);
#7165=ORIENTED_EDGE('',*,*,#5187,.F.);
#7166=ORIENTED_EDGE('',*,*,#5190,.F.);
#7167=ORIENTED_EDGE('',*,*,#5193,.F.);
#7168=ORIENTED_EDGE('',*,*,#5196,.F.);
#7169=ORIENTED_EDGE('',*,*,#5199,.F.);
#7170=ORIENTED_EDGE('',*,*,#5202,.F.);
#7171=ORIENTED_EDGE('',*,*,#5205,.F.);
#7172=ORIENTED_EDGE('',*,*,#5208,.F.);
#7173=ORIENTED_EDGE('',*,*,#5211,.F.);
#7174=ORIENTED_EDGE('',*,*,#5214,.F.);
#7175=ORIENTED_EDGE('',*,*,#5217,.F.);
#7176=ORIENTED_EDGE('',*,*,#5218,.T.);
#7177=ORIENTED_EDGE('',*,*,#5219,.T.);
#7178=ORIENTED_EDGE('',*,*,#5220,.F.);
#7179=ORIENTED_EDGE('',*,*,#5221,.F.);
#7180=ORIENTED_EDGE('',*,*,#5222,.T.);
#7181=ORIENTED_EDGE('',*,*,#5223,.T.);
#7182=ORIENTED_EDGE('',*,*,#5218,.F.);
#7183=ORIENTED_EDGE('',*,*,#5224,.F.);
#7184=ORIENTED_EDGE('',*,*,#5225,.T.);
#7185=ORIENTED_EDGE('',*,*,#5226,.T.);
#7186=ORIENTED_EDGE('',*,*,#5222,.F.);
#7187=ORIENTED_EDGE('',*,*,#5227,.F.);
#7188=ORIENTED_EDGE('',*,*,#5228,.T.);
#7189=ORIENTED_EDGE('',*,*,#5229,.T.);
#7190=ORIENTED_EDGE('',*,*,#5225,.F.);
#7191=ORIENTED_EDGE('',*,*,#5230,.F.);
#7192=ORIENTED_EDGE('',*,*,#5231,.T.);
#7193=ORIENTED_EDGE('',*,*,#5232,.T.);
#7194=ORIENTED_EDGE('',*,*,#5228,.F.);
#7195=ORIENTED_EDGE('',*,*,#5233,.F.);
#7196=ORIENTED_EDGE('',*,*,#5234,.T.);
#7197=ORIENTED_EDGE('',*,*,#5235,.T.);
#7198=ORIENTED_EDGE('',*,*,#5231,.F.);
#7199=ORIENTED_EDGE('',*,*,#5236,.F.);
#7200=ORIENTED_EDGE('',*,*,#5237,.T.);
#7201=ORIENTED_EDGE('',*,*,#5238,.T.);
#7202=ORIENTED_EDGE('',*,*,#5234,.F.);
#7203=ORIENTED_EDGE('',*,*,#5239,.F.);
#7204=ORIENTED_EDGE('',*,*,#5220,.T.);
#7205=ORIENTED_EDGE('',*,*,#5240,.T.);
#7206=ORIENTED_EDGE('',*,*,#5237,.F.);
#7207=ORIENTED_EDGE('',*,*,#5241,.F.);
#7208=ORIENTED_EDGE('',*,*,#5242,.T.);
#7209=ORIENTED_EDGE('',*,*,#5243,.T.);
#7210=ORIENTED_EDGE('',*,*,#5244,.F.);
#7211=ORIENTED_EDGE('',*,*,#5245,.F.);
#7212=ORIENTED_EDGE('',*,*,#5246,.T.);
#7213=ORIENTED_EDGE('',*,*,#5247,.T.);
#7214=ORIENTED_EDGE('',*,*,#5242,.F.);
#7215=ORIENTED_EDGE('',*,*,#5248,.F.);
#7216=ORIENTED_EDGE('',*,*,#5249,.T.);
#7217=ORIENTED_EDGE('',*,*,#5250,.T.);
#7218=ORIENTED_EDGE('',*,*,#5246,.F.);
#7219=ORIENTED_EDGE('',*,*,#5251,.F.);
#7220=ORIENTED_EDGE('',*,*,#5252,.T.);
#7221=ORIENTED_EDGE('',*,*,#5253,.T.);
#7222=ORIENTED_EDGE('',*,*,#5249,.F.);
#7223=ORIENTED_EDGE('',*,*,#5254,.F.);
#7224=ORIENTED_EDGE('',*,*,#5255,.T.);
#7225=ORIENTED_EDGE('',*,*,#5256,.T.);
#7226=ORIENTED_EDGE('',*,*,#5252,.F.);
#7227=ORIENTED_EDGE('',*,*,#5257,.F.);
#7228=ORIENTED_EDGE('',*,*,#5258,.T.);
#7229=ORIENTED_EDGE('',*,*,#5259,.T.);
#7230=ORIENTED_EDGE('',*,*,#5255,.F.);
#7231=ORIENTED_EDGE('',*,*,#5260,.F.);
#7232=ORIENTED_EDGE('',*,*,#5261,.T.);
#7233=ORIENTED_EDGE('',*,*,#5262,.T.);
#7234=ORIENTED_EDGE('',*,*,#5258,.F.);
#7235=ORIENTED_EDGE('',*,*,#5263,.F.);
#7236=ORIENTED_EDGE('',*,*,#5244,.T.);
#7237=ORIENTED_EDGE('',*,*,#5264,.T.);
#7238=ORIENTED_EDGE('',*,*,#5261,.F.);
#7239=ORIENTED_EDGE('',*,*,#5264,.F.);
#7240=ORIENTED_EDGE('',*,*,#5243,.F.);
#7241=ORIENTED_EDGE('',*,*,#5247,.F.);
#7242=ORIENTED_EDGE('',*,*,#5250,.F.);
#7243=ORIENTED_EDGE('',*,*,#5253,.F.);
#7244=ORIENTED_EDGE('',*,*,#5256,.F.);
#7245=ORIENTED_EDGE('',*,*,#5259,.F.);
#7246=ORIENTED_EDGE('',*,*,#5262,.F.);
#7247=ORIENTED_EDGE('',*,*,#5240,.F.);
#7248=ORIENTED_EDGE('',*,*,#5219,.F.);
#7249=ORIENTED_EDGE('',*,*,#5223,.F.);
#7250=ORIENTED_EDGE('',*,*,#5226,.F.);
#7251=ORIENTED_EDGE('',*,*,#5229,.F.);
#7252=ORIENTED_EDGE('',*,*,#5232,.F.);
#7253=ORIENTED_EDGE('',*,*,#5235,.F.);
#7254=ORIENTED_EDGE('',*,*,#5238,.F.);
#7255=ORIENTED_EDGE('',*,*,#5265,.F.);
#7256=ORIENTED_EDGE('',*,*,#5266,.T.);
#7257=ORIENTED_EDGE('',*,*,#5267,.T.);
#7258=ORIENTED_EDGE('',*,*,#5268,.F.);
#7259=ORIENTED_EDGE('',*,*,#5269,.F.);
#7260=ORIENTED_EDGE('',*,*,#5270,.T.);
#7261=ORIENTED_EDGE('',*,*,#5271,.T.);
#7262=ORIENTED_EDGE('',*,*,#5266,.F.);
#7263=ORIENTED_EDGE('',*,*,#5272,.F.);
#7264=ORIENTED_EDGE('',*,*,#5273,.T.);
#7265=ORIENTED_EDGE('',*,*,#5274,.T.);
#7266=ORIENTED_EDGE('',*,*,#5270,.F.);
#7267=ORIENTED_EDGE('',*,*,#5275,.F.);
#7268=ORIENTED_EDGE('',*,*,#5276,.T.);
#7269=ORIENTED_EDGE('',*,*,#5277,.T.);
#7270=ORIENTED_EDGE('',*,*,#5273,.F.);
#7271=ORIENTED_EDGE('',*,*,#5278,.F.);
#7272=ORIENTED_EDGE('',*,*,#5279,.T.);
#7273=ORIENTED_EDGE('',*,*,#5280,.T.);
#7274=ORIENTED_EDGE('',*,*,#5276,.F.);
#7275=ORIENTED_EDGE('',*,*,#5281,.F.);
#7276=ORIENTED_EDGE('',*,*,#5282,.T.);
#7277=ORIENTED_EDGE('',*,*,#5283,.T.);
#7278=ORIENTED_EDGE('',*,*,#5279,.F.);
#7279=ORIENTED_EDGE('',*,*,#5284,.F.);
#7280=ORIENTED_EDGE('',*,*,#5285,.T.);
#7281=ORIENTED_EDGE('',*,*,#5286,.T.);
#7282=ORIENTED_EDGE('',*,*,#5282,.F.);
#7283=ORIENTED_EDGE('',*,*,#5287,.F.);
#7284=ORIENTED_EDGE('',*,*,#5288,.T.);
#7285=ORIENTED_EDGE('',*,*,#5289,.T.);
#7286=ORIENTED_EDGE('',*,*,#5285,.F.);
#7287=ORIENTED_EDGE('',*,*,#5290,.F.);
#7288=ORIENTED_EDGE('',*,*,#5291,.T.);
#7289=ORIENTED_EDGE('',*,*,#5292,.T.);
#7290=ORIENTED_EDGE('',*,*,#5288,.F.);
#7291=ORIENTED_EDGE('',*,*,#5293,.F.);
#7292=ORIENTED_EDGE('',*,*,#5294,.T.);
#7293=ORIENTED_EDGE('',*,*,#5295,.T.);
#7294=ORIENTED_EDGE('',*,*,#5291,.F.);
#7295=ORIENTED_EDGE('',*,*,#5296,.F.);
#7296=ORIENTED_EDGE('',*,*,#5297,.T.);
#7297=ORIENTED_EDGE('',*,*,#5298,.T.);
#7298=ORIENTED_EDGE('',*,*,#5294,.F.);
#7299=ORIENTED_EDGE('',*,*,#5299,.F.);
#7300=ORIENTED_EDGE('',*,*,#5300,.T.);
#7301=ORIENTED_EDGE('',*,*,#5301,.T.);
#7302=ORIENTED_EDGE('',*,*,#5297,.F.);
#7303=ORIENTED_EDGE('',*,*,#5302,.F.);
#7304=ORIENTED_EDGE('',*,*,#5303,.T.);
#7305=ORIENTED_EDGE('',*,*,#5304,.T.);
#7306=ORIENTED_EDGE('',*,*,#5300,.F.);
#7307=ORIENTED_EDGE('',*,*,#5305,.F.);
#7308=ORIENTED_EDGE('',*,*,#5306,.T.);
#7309=ORIENTED_EDGE('',*,*,#5307,.T.);
#7310=ORIENTED_EDGE('',*,*,#5303,.F.);
#7311=ORIENTED_EDGE('',*,*,#5308,.F.);
#7312=ORIENTED_EDGE('',*,*,#5309,.T.);
#7313=ORIENTED_EDGE('',*,*,#5310,.T.);
#7314=ORIENTED_EDGE('',*,*,#5306,.F.);
#7315=ORIENTED_EDGE('',*,*,#5311,.F.);
#7316=ORIENTED_EDGE('',*,*,#5312,.T.);
#7317=ORIENTED_EDGE('',*,*,#5313,.T.);
#7318=ORIENTED_EDGE('',*,*,#5309,.F.);
#7319=ORIENTED_EDGE('',*,*,#5314,.F.);
#7320=ORIENTED_EDGE('',*,*,#5315,.T.);
#7321=ORIENTED_EDGE('',*,*,#5316,.T.);
#7322=ORIENTED_EDGE('',*,*,#5312,.F.);
#7323=ORIENTED_EDGE('',*,*,#5317,.F.);
#7324=ORIENTED_EDGE('',*,*,#5318,.T.);
#7325=ORIENTED_EDGE('',*,*,#5319,.T.);
#7326=ORIENTED_EDGE('',*,*,#5315,.F.);
#7327=ORIENTED_EDGE('',*,*,#5320,.F.);
#7328=ORIENTED_EDGE('',*,*,#5321,.T.);
#7329=ORIENTED_EDGE('',*,*,#5322,.T.);
#7330=ORIENTED_EDGE('',*,*,#5318,.F.);
#7331=ORIENTED_EDGE('',*,*,#5323,.F.);
#7332=ORIENTED_EDGE('',*,*,#5324,.T.);
#7333=ORIENTED_EDGE('',*,*,#5325,.T.);
#7334=ORIENTED_EDGE('',*,*,#5321,.F.);
#7335=ORIENTED_EDGE('',*,*,#5326,.F.);
#7336=ORIENTED_EDGE('',*,*,#5327,.T.);
#7337=ORIENTED_EDGE('',*,*,#5328,.T.);
#7338=ORIENTED_EDGE('',*,*,#5324,.F.);
#7339=ORIENTED_EDGE('',*,*,#5329,.F.);
#7340=ORIENTED_EDGE('',*,*,#5330,.T.);
#7341=ORIENTED_EDGE('',*,*,#5331,.T.);
#7342=ORIENTED_EDGE('',*,*,#5327,.F.);
#7343=ORIENTED_EDGE('',*,*,#5332,.F.);
#7344=ORIENTED_EDGE('',*,*,#5333,.T.);
#7345=ORIENTED_EDGE('',*,*,#5334,.T.);
#7346=ORIENTED_EDGE('',*,*,#5330,.F.);
#7347=ORIENTED_EDGE('',*,*,#5335,.F.);
#7348=ORIENTED_EDGE('',*,*,#5336,.T.);
#7349=ORIENTED_EDGE('',*,*,#5337,.T.);
#7350=ORIENTED_EDGE('',*,*,#5333,.F.);
#7351=ORIENTED_EDGE('',*,*,#5338,.F.);
#7352=ORIENTED_EDGE('',*,*,#5339,.T.);
#7353=ORIENTED_EDGE('',*,*,#5340,.T.);
#7354=ORIENTED_EDGE('',*,*,#5336,.F.);
#7355=ORIENTED_EDGE('',*,*,#5341,.F.);
#7356=ORIENTED_EDGE('',*,*,#5342,.T.);
#7357=ORIENTED_EDGE('',*,*,#5343,.T.);
#7358=ORIENTED_EDGE('',*,*,#5339,.F.);
#7359=ORIENTED_EDGE('',*,*,#5344,.F.);
#7360=ORIENTED_EDGE('',*,*,#5345,.T.);
#7361=ORIENTED_EDGE('',*,*,#5346,.T.);
#7362=ORIENTED_EDGE('',*,*,#5342,.F.);
#7363=ORIENTED_EDGE('',*,*,#5347,.F.);
#7364=ORIENTED_EDGE('',*,*,#5268,.T.);
#7365=ORIENTED_EDGE('',*,*,#5348,.T.);
#7366=ORIENTED_EDGE('',*,*,#5345,.F.);
#7367=ORIENTED_EDGE('',*,*,#5348,.F.);
#7368=ORIENTED_EDGE('',*,*,#5267,.F.);
#7369=ORIENTED_EDGE('',*,*,#5271,.F.);
#7370=ORIENTED_EDGE('',*,*,#5274,.F.);
#7371=ORIENTED_EDGE('',*,*,#5277,.F.);
#7372=ORIENTED_EDGE('',*,*,#5280,.F.);
#7373=ORIENTED_EDGE('',*,*,#5283,.F.);
#7374=ORIENTED_EDGE('',*,*,#5286,.F.);
#7375=ORIENTED_EDGE('',*,*,#5289,.F.);
#7376=ORIENTED_EDGE('',*,*,#5292,.F.);
#7377=ORIENTED_EDGE('',*,*,#5295,.F.);
#7378=ORIENTED_EDGE('',*,*,#5298,.F.);
#7379=ORIENTED_EDGE('',*,*,#5301,.F.);
#7380=ORIENTED_EDGE('',*,*,#5304,.F.);
#7381=ORIENTED_EDGE('',*,*,#5307,.F.);
#7382=ORIENTED_EDGE('',*,*,#5310,.F.);
#7383=ORIENTED_EDGE('',*,*,#5313,.F.);
#7384=ORIENTED_EDGE('',*,*,#5316,.F.);
#7385=ORIENTED_EDGE('',*,*,#5319,.F.);
#7386=ORIENTED_EDGE('',*,*,#5322,.F.);
#7387=ORIENTED_EDGE('',*,*,#5325,.F.);
#7388=ORIENTED_EDGE('',*,*,#5328,.F.);
#7389=ORIENTED_EDGE('',*,*,#5331,.F.);
#7390=ORIENTED_EDGE('',*,*,#5334,.F.);
#7391=ORIENTED_EDGE('',*,*,#5337,.F.);
#7392=ORIENTED_EDGE('',*,*,#5340,.F.);
#7393=ORIENTED_EDGE('',*,*,#5343,.F.);
#7394=ORIENTED_EDGE('',*,*,#5346,.F.);
#7395=ORIENTED_EDGE('',*,*,#5349,.F.);
#7396=ORIENTED_EDGE('',*,*,#5350,.T.);
#7397=ORIENTED_EDGE('',*,*,#5351,.T.);
#7398=ORIENTED_EDGE('',*,*,#5352,.F.);
#7399=ORIENTED_EDGE('',*,*,#5353,.F.);
#7400=ORIENTED_EDGE('',*,*,#5354,.T.);
#7401=ORIENTED_EDGE('',*,*,#5355,.T.);
#7402=ORIENTED_EDGE('',*,*,#5350,.F.);
#7403=ORIENTED_EDGE('',*,*,#5356,.F.);
#7404=ORIENTED_EDGE('',*,*,#5357,.T.);
#7405=ORIENTED_EDGE('',*,*,#5358,.T.);
#7406=ORIENTED_EDGE('',*,*,#5354,.F.);
#7407=ORIENTED_EDGE('',*,*,#5359,.F.);
#7408=ORIENTED_EDGE('',*,*,#5360,.T.);
#7409=ORIENTED_EDGE('',*,*,#5361,.T.);
#7410=ORIENTED_EDGE('',*,*,#5362,.F.);
#7411=ORIENTED_EDGE('',*,*,#5363,.F.);
#7412=ORIENTED_EDGE('',*,*,#5364,.T.);
#7413=ORIENTED_EDGE('',*,*,#5365,.T.);
#7414=ORIENTED_EDGE('',*,*,#5360,.F.);
#7415=ORIENTED_EDGE('',*,*,#5366,.F.);
#7416=ORIENTED_EDGE('',*,*,#5367,.T.);
#7417=ORIENTED_EDGE('',*,*,#5368,.T.);
#7418=ORIENTED_EDGE('',*,*,#5364,.F.);
#7419=ORIENTED_EDGE('',*,*,#5369,.F.);
#7420=ORIENTED_EDGE('',*,*,#5370,.T.);
#7421=ORIENTED_EDGE('',*,*,#5371,.T.);
#7422=ORIENTED_EDGE('',*,*,#5367,.F.);
#7423=ORIENTED_EDGE('',*,*,#5372,.F.);
#7424=ORIENTED_EDGE('',*,*,#5373,.T.);
#7425=ORIENTED_EDGE('',*,*,#5374,.T.);
#7426=ORIENTED_EDGE('',*,*,#5370,.F.);
#7427=ORIENTED_EDGE('',*,*,#5375,.F.);
#7428=ORIENTED_EDGE('',*,*,#5376,.T.);
#7429=ORIENTED_EDGE('',*,*,#5377,.T.);
#7430=ORIENTED_EDGE('',*,*,#5373,.F.);
#7431=ORIENTED_EDGE('',*,*,#5378,.F.);
#7432=ORIENTED_EDGE('',*,*,#5379,.T.);
#7433=ORIENTED_EDGE('',*,*,#5380,.T.);
#7434=ORIENTED_EDGE('',*,*,#5376,.F.);
#7435=ORIENTED_EDGE('',*,*,#5381,.F.);
#7436=ORIENTED_EDGE('',*,*,#5382,.T.);
#7437=ORIENTED_EDGE('',*,*,#5383,.T.);
#7438=ORIENTED_EDGE('',*,*,#5379,.F.);
#7439=ORIENTED_EDGE('',*,*,#5384,.F.);
#7440=ORIENTED_EDGE('',*,*,#5385,.T.);
#7441=ORIENTED_EDGE('',*,*,#5386,.T.);
#7442=ORIENTED_EDGE('',*,*,#5382,.F.);
#7443=ORIENTED_EDGE('',*,*,#5387,.F.);
#7444=ORIENTED_EDGE('',*,*,#5362,.T.);
#7445=ORIENTED_EDGE('',*,*,#5388,.T.);
#7446=ORIENTED_EDGE('',*,*,#5385,.F.);
#7447=ORIENTED_EDGE('',*,*,#5389,.F.);
#7448=ORIENTED_EDGE('',*,*,#5390,.T.);
#7449=ORIENTED_EDGE('',*,*,#5391,.T.);
#7450=ORIENTED_EDGE('',*,*,#5357,.F.);
#7451=ORIENTED_EDGE('',*,*,#5392,.F.);
#7452=ORIENTED_EDGE('',*,*,#5393,.T.);
#7453=ORIENTED_EDGE('',*,*,#5394,.T.);
#7454=ORIENTED_EDGE('',*,*,#5390,.F.);
#7455=ORIENTED_EDGE('',*,*,#5395,.F.);
#7456=ORIENTED_EDGE('',*,*,#5396,.T.);
#7457=ORIENTED_EDGE('',*,*,#5397,.T.);
#7458=ORIENTED_EDGE('',*,*,#5393,.F.);
#7459=ORIENTED_EDGE('',*,*,#5398,.F.);
#7460=ORIENTED_EDGE('',*,*,#5352,.T.);
#7461=ORIENTED_EDGE('',*,*,#5399,.T.);
#7462=ORIENTED_EDGE('',*,*,#5396,.F.);
#7463=ORIENTED_EDGE('',*,*,#5400,.F.);
#7464=ORIENTED_EDGE('',*,*,#5401,.T.);
#7465=ORIENTED_EDGE('',*,*,#5402,.T.);
#7466=ORIENTED_EDGE('',*,*,#5403,.F.);
#7467=ORIENTED_EDGE('',*,*,#5404,.F.);
#7468=ORIENTED_EDGE('',*,*,#5405,.T.);
#7469=ORIENTED_EDGE('',*,*,#5406,.T.);
#7470=ORIENTED_EDGE('',*,*,#5401,.F.);
#7471=ORIENTED_EDGE('',*,*,#5407,.F.);
#7472=ORIENTED_EDGE('',*,*,#5408,.T.);
#7473=ORIENTED_EDGE('',*,*,#5409,.T.);
#7474=ORIENTED_EDGE('',*,*,#5405,.F.);
#7475=ORIENTED_EDGE('',*,*,#5410,.F.);
#7476=ORIENTED_EDGE('',*,*,#5411,.T.);
#7477=ORIENTED_EDGE('',*,*,#5412,.T.);
#7478=ORIENTED_EDGE('',*,*,#5408,.F.);
#7479=ORIENTED_EDGE('',*,*,#5413,.F.);
#7480=ORIENTED_EDGE('',*,*,#5414,.T.);
#7481=ORIENTED_EDGE('',*,*,#5415,.T.);
#7482=ORIENTED_EDGE('',*,*,#5411,.F.);
#7483=ORIENTED_EDGE('',*,*,#5416,.F.);
#7484=ORIENTED_EDGE('',*,*,#5417,.T.);
#7485=ORIENTED_EDGE('',*,*,#5418,.T.);
#7486=ORIENTED_EDGE('',*,*,#5414,.F.);
#7487=ORIENTED_EDGE('',*,*,#5419,.F.);
#7488=ORIENTED_EDGE('',*,*,#5420,.T.);
#7489=ORIENTED_EDGE('',*,*,#5421,.T.);
#7490=ORIENTED_EDGE('',*,*,#5417,.F.);
#7491=ORIENTED_EDGE('',*,*,#5422,.F.);
#7492=ORIENTED_EDGE('',*,*,#5423,.T.);
#7493=ORIENTED_EDGE('',*,*,#5424,.T.);
#7494=ORIENTED_EDGE('',*,*,#5425,.F.);
#7495=ORIENTED_EDGE('',*,*,#5426,.F.);
#7496=ORIENTED_EDGE('',*,*,#5427,.T.);
#7497=ORIENTED_EDGE('',*,*,#5428,.T.);
#7498=ORIENTED_EDGE('',*,*,#5423,.F.);
#7499=ORIENTED_EDGE('',*,*,#5429,.F.);
#7500=ORIENTED_EDGE('',*,*,#5425,.T.);
#7501=ORIENTED_EDGE('',*,*,#5430,.T.);
#7502=ORIENTED_EDGE('',*,*,#5427,.F.);
#7503=ORIENTED_EDGE('',*,*,#5431,.F.);
#7504=ORIENTED_EDGE('',*,*,#5432,.T.);
#7505=ORIENTED_EDGE('',*,*,#5433,.T.);
#7506=ORIENTED_EDGE('',*,*,#5420,.F.);
#7507=ORIENTED_EDGE('',*,*,#5434,.F.);
#7508=ORIENTED_EDGE('',*,*,#5435,.T.);
#7509=ORIENTED_EDGE('',*,*,#5436,.T.);
#7510=ORIENTED_EDGE('',*,*,#5437,.F.);
#7511=ORIENTED_EDGE('',*,*,#5438,.F.);
#7512=ORIENTED_EDGE('',*,*,#5439,.T.);
#7513=ORIENTED_EDGE('',*,*,#5440,.T.);
#7514=ORIENTED_EDGE('',*,*,#5435,.F.);
#7515=ORIENTED_EDGE('',*,*,#5441,.F.);
#7516=ORIENTED_EDGE('',*,*,#5437,.T.);
#7517=ORIENTED_EDGE('',*,*,#5442,.T.);
#7518=ORIENTED_EDGE('',*,*,#5439,.F.);
#7519=ORIENTED_EDGE('',*,*,#5443,.F.);
#7520=ORIENTED_EDGE('',*,*,#5444,.T.);
#7521=ORIENTED_EDGE('',*,*,#5445,.T.);
#7522=ORIENTED_EDGE('',*,*,#5432,.F.);
#7523=ORIENTED_EDGE('',*,*,#5446,.F.);
#7524=ORIENTED_EDGE('',*,*,#5447,.T.);
#7525=ORIENTED_EDGE('',*,*,#5448,.T.);
#7526=ORIENTED_EDGE('',*,*,#5444,.F.);
#7527=ORIENTED_EDGE('',*,*,#5449,.F.);
#7528=ORIENTED_EDGE('',*,*,#5450,.T.);
#7529=ORIENTED_EDGE('',*,*,#5451,.T.);
#7530=ORIENTED_EDGE('',*,*,#5447,.F.);
#7531=ORIENTED_EDGE('',*,*,#5452,.F.);
#7532=ORIENTED_EDGE('',*,*,#5453,.T.);
#7533=ORIENTED_EDGE('',*,*,#5454,.T.);
#7534=ORIENTED_EDGE('',*,*,#5450,.F.);
#7535=ORIENTED_EDGE('',*,*,#5455,.F.);
#7536=ORIENTED_EDGE('',*,*,#5456,.T.);
#7537=ORIENTED_EDGE('',*,*,#5457,.T.);
#7538=ORIENTED_EDGE('',*,*,#5453,.F.);
#7539=ORIENTED_EDGE('',*,*,#5458,.F.);
#7540=ORIENTED_EDGE('',*,*,#5459,.T.);
#7541=ORIENTED_EDGE('',*,*,#5460,.T.);
#7542=ORIENTED_EDGE('',*,*,#5456,.F.);
#7543=ORIENTED_EDGE('',*,*,#5461,.F.);
#7544=ORIENTED_EDGE('',*,*,#5462,.T.);
#7545=ORIENTED_EDGE('',*,*,#5463,.T.);
#7546=ORIENTED_EDGE('',*,*,#5459,.F.);
#7547=ORIENTED_EDGE('',*,*,#5464,.F.);
#7548=ORIENTED_EDGE('',*,*,#5465,.T.);
#7549=ORIENTED_EDGE('',*,*,#5466,.T.);
#7550=ORIENTED_EDGE('',*,*,#5462,.F.);
#7551=ORIENTED_EDGE('',*,*,#5467,.F.);
#7552=ORIENTED_EDGE('',*,*,#5468,.T.);
#7553=ORIENTED_EDGE('',*,*,#5469,.T.);
#7554=ORIENTED_EDGE('',*,*,#5465,.F.);
#7555=ORIENTED_EDGE('',*,*,#5470,.F.);
#7556=ORIENTED_EDGE('',*,*,#5471,.T.);
#7557=ORIENTED_EDGE('',*,*,#5472,.T.);
#7558=ORIENTED_EDGE('',*,*,#5468,.F.);
#7559=ORIENTED_EDGE('',*,*,#5473,.F.);
#7560=ORIENTED_EDGE('',*,*,#5474,.T.);
#7561=ORIENTED_EDGE('',*,*,#5475,.T.);
#7562=ORIENTED_EDGE('',*,*,#5471,.F.);
#7563=ORIENTED_EDGE('',*,*,#5476,.F.);
#7564=ORIENTED_EDGE('',*,*,#5477,.T.);
#7565=ORIENTED_EDGE('',*,*,#5478,.T.);
#7566=ORIENTED_EDGE('',*,*,#5474,.F.);
#7567=ORIENTED_EDGE('',*,*,#5479,.F.);
#7568=ORIENTED_EDGE('',*,*,#5480,.T.);
#7569=ORIENTED_EDGE('',*,*,#5481,.T.);
#7570=ORIENTED_EDGE('',*,*,#5477,.F.);
#7571=ORIENTED_EDGE('',*,*,#5482,.F.);
#7572=ORIENTED_EDGE('',*,*,#5483,.T.);
#7573=ORIENTED_EDGE('',*,*,#5484,.T.);
#7574=ORIENTED_EDGE('',*,*,#5480,.F.);
#7575=ORIENTED_EDGE('',*,*,#5485,.F.);
#7576=ORIENTED_EDGE('',*,*,#5486,.T.);
#7577=ORIENTED_EDGE('',*,*,#5487,.T.);
#7578=ORIENTED_EDGE('',*,*,#5483,.F.);
#7579=ORIENTED_EDGE('',*,*,#5488,.F.);
#7580=ORIENTED_EDGE('',*,*,#5489,.T.);
#7581=ORIENTED_EDGE('',*,*,#5490,.T.);
#7582=ORIENTED_EDGE('',*,*,#5486,.F.);
#7583=ORIENTED_EDGE('',*,*,#5491,.F.);
#7584=ORIENTED_EDGE('',*,*,#5492,.T.);
#7585=ORIENTED_EDGE('',*,*,#5493,.T.);
#7586=ORIENTED_EDGE('',*,*,#5489,.F.);
#7587=ORIENTED_EDGE('',*,*,#5494,.F.);
#7588=ORIENTED_EDGE('',*,*,#5495,.T.);
#7589=ORIENTED_EDGE('',*,*,#5496,.T.);
#7590=ORIENTED_EDGE('',*,*,#5492,.F.);
#7591=ORIENTED_EDGE('',*,*,#5497,.F.);
#7592=ORIENTED_EDGE('',*,*,#5498,.T.);
#7593=ORIENTED_EDGE('',*,*,#5499,.T.);
#7594=ORIENTED_EDGE('',*,*,#5495,.F.);
#7595=ORIENTED_EDGE('',*,*,#5500,.F.);
#7596=ORIENTED_EDGE('',*,*,#5501,.T.);
#7597=ORIENTED_EDGE('',*,*,#5502,.T.);
#7598=ORIENTED_EDGE('',*,*,#5498,.F.);
#7599=ORIENTED_EDGE('',*,*,#5503,.F.);
#7600=ORIENTED_EDGE('',*,*,#5504,.T.);
#7601=ORIENTED_EDGE('',*,*,#5505,.T.);
#7602=ORIENTED_EDGE('',*,*,#5501,.F.);
#7603=ORIENTED_EDGE('',*,*,#5506,.F.);
#7604=ORIENTED_EDGE('',*,*,#5507,.T.);
#7605=ORIENTED_EDGE('',*,*,#5508,.T.);
#7606=ORIENTED_EDGE('',*,*,#5504,.F.);
#7607=ORIENTED_EDGE('',*,*,#5509,.F.);
#7608=ORIENTED_EDGE('',*,*,#5403,.T.);
#7609=ORIENTED_EDGE('',*,*,#5510,.T.);
#7610=ORIENTED_EDGE('',*,*,#5507,.F.);
#7611=ORIENTED_EDGE('',*,*,#5454,.F.);
#7612=ORIENTED_EDGE('',*,*,#5457,.F.);
#7613=ORIENTED_EDGE('',*,*,#5460,.F.);
#7614=ORIENTED_EDGE('',*,*,#5463,.F.);
#7615=ORIENTED_EDGE('',*,*,#5466,.F.);
#7616=ORIENTED_EDGE('',*,*,#5469,.F.);
#7617=ORIENTED_EDGE('',*,*,#5472,.F.);
#7618=ORIENTED_EDGE('',*,*,#5475,.F.);
#7619=ORIENTED_EDGE('',*,*,#5478,.F.);
#7620=ORIENTED_EDGE('',*,*,#5481,.F.);
#7621=ORIENTED_EDGE('',*,*,#5484,.F.);
#7622=ORIENTED_EDGE('',*,*,#5487,.F.);
#7623=ORIENTED_EDGE('',*,*,#5490,.F.);
#7624=ORIENTED_EDGE('',*,*,#5493,.F.);
#7625=ORIENTED_EDGE('',*,*,#5496,.F.);
#7626=ORIENTED_EDGE('',*,*,#5499,.F.);
#7627=ORIENTED_EDGE('',*,*,#5502,.F.);
#7628=ORIENTED_EDGE('',*,*,#5505,.F.);
#7629=ORIENTED_EDGE('',*,*,#5508,.F.);
#7630=ORIENTED_EDGE('',*,*,#5510,.F.);
#7631=ORIENTED_EDGE('',*,*,#5351,.F.);
#7632=ORIENTED_EDGE('',*,*,#5355,.F.);
#7633=ORIENTED_EDGE('',*,*,#5358,.F.);
#7634=ORIENTED_EDGE('',*,*,#5361,.F.);
#7635=ORIENTED_EDGE('',*,*,#5365,.F.);
#7636=ORIENTED_EDGE('',*,*,#5368,.F.);
#7637=ORIENTED_EDGE('',*,*,#5371,.F.);
#7638=ORIENTED_EDGE('',*,*,#5374,.F.);
#7639=ORIENTED_EDGE('',*,*,#5377,.F.);
#7640=ORIENTED_EDGE('',*,*,#5380,.F.);
#7641=ORIENTED_EDGE('',*,*,#5383,.F.);
#7642=ORIENTED_EDGE('',*,*,#5386,.F.);
#7643=ORIENTED_EDGE('',*,*,#5388,.F.);
#7644=ORIENTED_EDGE('',*,*,#5391,.F.);
#7645=ORIENTED_EDGE('',*,*,#5394,.F.);
#7646=ORIENTED_EDGE('',*,*,#5397,.F.);
#7647=ORIENTED_EDGE('',*,*,#5399,.F.);
#7648=ORIENTED_EDGE('',*,*,#5402,.F.);
#7649=ORIENTED_EDGE('',*,*,#5406,.F.);
#7650=ORIENTED_EDGE('',*,*,#5409,.F.);
#7651=ORIENTED_EDGE('',*,*,#5412,.F.);
#7652=ORIENTED_EDGE('',*,*,#5415,.F.);
#7653=ORIENTED_EDGE('',*,*,#5418,.F.);
#7654=ORIENTED_EDGE('',*,*,#5421,.F.);
#7655=ORIENTED_EDGE('',*,*,#5424,.F.);
#7656=ORIENTED_EDGE('',*,*,#5428,.F.);
#7657=ORIENTED_EDGE('',*,*,#5430,.F.);
#7658=ORIENTED_EDGE('',*,*,#5433,.F.);
#7659=ORIENTED_EDGE('',*,*,#5436,.F.);
#7660=ORIENTED_EDGE('',*,*,#5440,.F.);
#7661=ORIENTED_EDGE('',*,*,#5442,.F.);
#7662=ORIENTED_EDGE('',*,*,#5445,.F.);
#7663=ORIENTED_EDGE('',*,*,#5448,.F.);
#7664=ORIENTED_EDGE('',*,*,#5451,.F.);
#7665=ORIENTED_EDGE('',*,*,#5387,.T.);
#7666=ORIENTED_EDGE('',*,*,#5384,.T.);
#7667=ORIENTED_EDGE('',*,*,#5381,.T.);
#7668=ORIENTED_EDGE('',*,*,#5378,.T.);
#7669=ORIENTED_EDGE('',*,*,#5375,.T.);
#7670=ORIENTED_EDGE('',*,*,#5372,.T.);
#7671=ORIENTED_EDGE('',*,*,#5369,.T.);
#7672=ORIENTED_EDGE('',*,*,#5366,.T.);
#7673=ORIENTED_EDGE('',*,*,#5363,.T.);
#7674=ORIENTED_EDGE('',*,*,#5359,.T.);
#7675=ORIENTED_EDGE('',*,*,#5429,.T.);
#7676=ORIENTED_EDGE('',*,*,#5426,.T.);
#7677=ORIENTED_EDGE('',*,*,#5422,.T.);
#7678=ORIENTED_EDGE('',*,*,#5441,.T.);
#7679=ORIENTED_EDGE('',*,*,#5438,.T.);
#7680=ORIENTED_EDGE('',*,*,#5434,.T.);
#7681=ORIENTED_EDGE('',*,*,#5349,.T.);
#7682=ORIENTED_EDGE('',*,*,#5398,.T.);
#7683=ORIENTED_EDGE('',*,*,#5395,.T.);
#7684=ORIENTED_EDGE('',*,*,#5392,.T.);
#7685=ORIENTED_EDGE('',*,*,#5389,.T.);
#7686=ORIENTED_EDGE('',*,*,#5356,.T.);
#7687=ORIENTED_EDGE('',*,*,#5353,.T.);
#7688=ORIENTED_EDGE('',*,*,#5217,.T.);
#7689=ORIENTED_EDGE('',*,*,#5239,.T.);
#7690=ORIENTED_EDGE('',*,*,#5236,.T.);
#7691=ORIENTED_EDGE('',*,*,#5233,.T.);
#7692=ORIENTED_EDGE('',*,*,#5230,.T.);
#7693=ORIENTED_EDGE('',*,*,#5227,.T.);
#7694=ORIENTED_EDGE('',*,*,#5224,.T.);
#7695=ORIENTED_EDGE('',*,*,#5221,.T.);
#7696=ORIENTED_EDGE('',*,*,#5129,.T.);
#7697=ORIENTED_EDGE('',*,*,#5126,.T.);
#7698=ORIENTED_EDGE('',*,*,#5122,.T.);
#7699=ORIENTED_EDGE('',*,*,#5055,.T.);
#7700=ORIENTED_EDGE('',*,*,#5062,.T.);
#7701=ORIENTED_EDGE('',*,*,#5059,.T.);
#7702=ORIENTED_EDGE('',*,*,#5030,.T.);
#7703=ORIENTED_EDGE('',*,*,#5027,.T.);
#7704=ORIENTED_EDGE('',*,*,#5023,.T.);
#7705=ORIENTED_EDGE('',*,*,#5019,.T.);
#7706=ORIENTED_EDGE('',*,*,#5053,.T.);
#7707=ORIENTED_EDGE('',*,*,#5050,.T.);
#7708=ORIENTED_EDGE('',*,*,#5047,.T.);
#7709=ORIENTED_EDGE('',*,*,#5044,.T.);
#7710=ORIENTED_EDGE('',*,*,#5041,.T.);
#7711=ORIENTED_EDGE('',*,*,#5038,.T.);
#7712=ORIENTED_EDGE('',*,*,#5035,.T.);
#7713=ORIENTED_EDGE('',*,*,#5032,.T.);
#7714=ORIENTED_EDGE('',*,*,#4965,.T.);
#7715=ORIENTED_EDGE('',*,*,#5000,.T.);
#7716=ORIENTED_EDGE('',*,*,#5003,.T.);
#7717=ORIENTED_EDGE('',*,*,#5017,.T.);
#7718=ORIENTED_EDGE('',*,*,#4969,.T.);
#7719=ORIENTED_EDGE('',*,*,#4908,.T.);
#7720=ORIENTED_EDGE('',*,*,#4924,.T.);
#7721=ORIENTED_EDGE('',*,*,#4921,.T.);
#7722=ORIENTED_EDGE('',*,*,#4918,.T.);
#7723=ORIENTED_EDGE('',*,*,#4915,.T.);
#7724=ORIENTED_EDGE('',*,*,#4912,.T.);
#7725=ORIENTED_EDGE('',*,*,#4886,.T.);
#7726=ORIENTED_EDGE('',*,*,#4906,.T.);
#7727=ORIENTED_EDGE('',*,*,#4839,.T.);
#7728=ORIENTED_EDGE('',*,*,#4883,.T.);
#7729=ORIENTED_EDGE('',*,*,#4890,.T.);
#7730=ORIENTED_EDGE('',*,*,#4835,.T.);
#7731=ORIENTED_EDGE('',*,*,#4832,.T.);
#7732=ORIENTED_EDGE('',*,*,#4829,.T.);
#7733=ORIENTED_EDGE('',*,*,#4778,.T.);
#7734=ORIENTED_EDGE('',*,*,#4774,.T.);
#7735=ORIENTED_EDGE('',*,*,#4755,.T.);
#7736=ORIENTED_EDGE('',*,*,#4837,.T.);
#7737=ORIENTED_EDGE('',*,*,#4771,.T.);
#7738=ORIENTED_EDGE('',*,*,#4768,.T.);
#7739=ORIENTED_EDGE('',*,*,#4765,.T.);
#7740=ORIENTED_EDGE('',*,*,#4762,.T.);
#7741=ORIENTED_EDGE('',*,*,#4759,.T.);
#7742=ORIENTED_EDGE('',*,*,#4710,.T.);
#7743=ORIENTED_EDGE('',*,*,#4707,.T.);
#7744=ORIENTED_EDGE('',*,*,#4703,.T.);
#7745=ORIENTED_EDGE('',*,*,#4650,.T.);
#7746=ORIENTED_EDGE('',*,*,#4715,.T.);
#7747=ORIENTED_EDGE('',*,*,#4718,.T.);
#7748=ORIENTED_EDGE('',*,*,#4753,.T.);
#7749=ORIENTED_EDGE('',*,*,#4654,.T.);
#7750=ORIENTED_EDGE('',*,*,#4413,.T.);
#7751=ORIENTED_EDGE('',*,*,#4451,.T.);
#7752=ORIENTED_EDGE('',*,*,#4458,.T.);
#7753=ORIENTED_EDGE('',*,*,#4454,.T.);
#7754=ORIENTED_EDGE('',*,*,#4500,.T.);
#7755=ORIENTED_EDGE('',*,*,#4502,.T.);
#7756=ORIENTED_EDGE('',*,*,#4522,.T.);
#7757=ORIENTED_EDGE('',*,*,#4479,.T.);
#7758=ORIENTED_EDGE('',*,*,#4475,.T.);
#7759=ORIENTED_EDGE('',*,*,#4506,.T.);
#7760=ORIENTED_EDGE('',*,*,#5511,.F.);
#7761=ORIENTED_EDGE('',*,*,#5512,.F.);
#7762=ORIENTED_EDGE('',*,*,#5513,.F.);
#7763=ORIENTED_EDGE('',*,*,#5514,.F.);
#7764=ORIENTED_EDGE('',*,*,#5515,.F.);
#7765=ORIENTED_EDGE('',*,*,#5516,.F.);
#7766=ORIENTED_EDGE('',*,*,#5517,.F.);
#7767=ORIENTED_EDGE('',*,*,#5518,.F.);
#7768=ORIENTED_EDGE('',*,*,#5519,.F.);
#7769=ORIENTED_EDGE('',*,*,#5520,.F.);
#7770=ORIENTED_EDGE('',*,*,#5521,.F.);
#7771=ORIENTED_EDGE('',*,*,#5522,.F.);
#7772=ORIENTED_EDGE('',*,*,#5523,.F.);
#7773=ORIENTED_EDGE('',*,*,#5524,.F.);
#7774=ORIENTED_EDGE('',*,*,#5522,.T.);
#7775=ORIENTED_EDGE('',*,*,#5525,.T.);
#7776=ORIENTED_EDGE('',*,*,#5526,.F.);
#7777=ORIENTED_EDGE('',*,*,#5527,.F.);
#7778=ORIENTED_EDGE('',*,*,#5521,.T.);
#7779=ORIENTED_EDGE('',*,*,#5528,.T.);
#7780=ORIENTED_EDGE('',*,*,#5529,.F.);
#7781=ORIENTED_EDGE('',*,*,#5525,.F.);
#7782=ORIENTED_EDGE('',*,*,#5520,.T.);
#7783=ORIENTED_EDGE('',*,*,#5530,.T.);
#7784=ORIENTED_EDGE('',*,*,#5531,.F.);
#7785=ORIENTED_EDGE('',*,*,#5528,.F.);
#7786=ORIENTED_EDGE('',*,*,#5519,.T.);
#7787=ORIENTED_EDGE('',*,*,#5532,.T.);
#7788=ORIENTED_EDGE('',*,*,#5533,.F.);
#7789=ORIENTED_EDGE('',*,*,#5530,.F.);
#7790=ORIENTED_EDGE('',*,*,#5515,.T.);
#7791=ORIENTED_EDGE('',*,*,#5534,.T.);
#7792=ORIENTED_EDGE('',*,*,#5535,.F.);
#7793=ORIENTED_EDGE('',*,*,#5536,.F.);
#7794=ORIENTED_EDGE('',*,*,#5514,.T.);
#7795=ORIENTED_EDGE('',*,*,#5537,.T.);
#7796=ORIENTED_EDGE('',*,*,#5538,.F.);
#7797=ORIENTED_EDGE('',*,*,#5534,.F.);
#7798=ORIENTED_EDGE('',*,*,#5513,.T.);
#7799=ORIENTED_EDGE('',*,*,#5539,.T.);
#7800=ORIENTED_EDGE('',*,*,#5540,.F.);
#7801=ORIENTED_EDGE('',*,*,#5537,.F.);
#7802=ORIENTED_EDGE('',*,*,#5518,.T.);
#7803=ORIENTED_EDGE('',*,*,#5541,.T.);
#7804=ORIENTED_EDGE('',*,*,#5542,.F.);
#7805=ORIENTED_EDGE('',*,*,#5532,.F.);
#7806=ORIENTED_EDGE('',*,*,#5517,.T.);
#7807=ORIENTED_EDGE('',*,*,#5543,.T.);
#7808=ORIENTED_EDGE('',*,*,#5544,.F.);
#7809=ORIENTED_EDGE('',*,*,#5541,.F.);
#7810=ORIENTED_EDGE('',*,*,#5512,.T.);
#7811=ORIENTED_EDGE('',*,*,#5545,.T.);
#7812=ORIENTED_EDGE('',*,*,#5546,.F.);
#7813=ORIENTED_EDGE('',*,*,#5539,.F.);
#7814=ORIENTED_EDGE('',*,*,#5511,.T.);
#7815=ORIENTED_EDGE('',*,*,#5547,.T.);
#7816=ORIENTED_EDGE('',*,*,#5548,.F.);
#7817=ORIENTED_EDGE('',*,*,#5545,.F.);
#7818=ORIENTED_EDGE('',*,*,#5523,.T.);
#7819=ORIENTED_EDGE('',*,*,#5527,.T.);
#7820=ORIENTED_EDGE('',*,*,#5549,.F.);
#7821=ORIENTED_EDGE('',*,*,#5550,.F.);
#7822=ORIENTED_EDGE('',*,*,#5524,.T.);
#7823=ORIENTED_EDGE('',*,*,#5550,.T.);
#7824=ORIENTED_EDGE('',*,*,#5551,.F.);
#7825=ORIENTED_EDGE('',*,*,#5543,.F.);
#7826=ORIENTED_EDGE('',*,*,#5516,.T.);
#7827=ORIENTED_EDGE('',*,*,#5536,.T.);
#7828=ORIENTED_EDGE('',*,*,#5552,.F.);
#7829=ORIENTED_EDGE('',*,*,#5547,.F.);
#7830=ORIENTED_EDGE('',*,*,#5548,.T.);
#7831=ORIENTED_EDGE('',*,*,#5552,.T.);
#7832=ORIENTED_EDGE('',*,*,#5535,.T.);
#7833=ORIENTED_EDGE('',*,*,#5538,.T.);
#7834=ORIENTED_EDGE('',*,*,#5540,.T.);
#7835=ORIENTED_EDGE('',*,*,#5546,.T.);
#7836=ORIENTED_EDGE('',*,*,#5544,.T.);
#7837=ORIENTED_EDGE('',*,*,#5551,.T.);
#7838=ORIENTED_EDGE('',*,*,#5549,.T.);
#7839=ORIENTED_EDGE('',*,*,#5526,.T.);
#7840=ORIENTED_EDGE('',*,*,#5529,.T.);
#7841=ORIENTED_EDGE('',*,*,#5531,.T.);
#7842=ORIENTED_EDGE('',*,*,#5533,.T.);
#7843=ORIENTED_EDGE('',*,*,#5542,.T.);
#7844=ORIENTED_EDGE('',*,*,#5449,.T.);
#7845=ORIENTED_EDGE('',*,*,#5446,.T.);
#7846=ORIENTED_EDGE('',*,*,#5443,.T.);
#7847=ORIENTED_EDGE('',*,*,#5431,.T.);
#7848=ORIENTED_EDGE('',*,*,#5419,.T.);
#7849=ORIENTED_EDGE('',*,*,#5416,.T.);
#7850=ORIENTED_EDGE('',*,*,#5413,.T.);
#7851=ORIENTED_EDGE('',*,*,#5410,.T.);
#7852=ORIENTED_EDGE('',*,*,#5407,.T.);
#7853=ORIENTED_EDGE('',*,*,#5404,.T.);
#7854=ORIENTED_EDGE('',*,*,#5400,.T.);
#7855=ORIENTED_EDGE('',*,*,#5509,.T.);
#7856=ORIENTED_EDGE('',*,*,#5506,.T.);
#7857=ORIENTED_EDGE('',*,*,#5503,.T.);
#7858=ORIENTED_EDGE('',*,*,#5500,.T.);
#7859=ORIENTED_EDGE('',*,*,#5497,.T.);
#7860=ORIENTED_EDGE('',*,*,#5494,.T.);
#7861=ORIENTED_EDGE('',*,*,#5491,.T.);
#7862=ORIENTED_EDGE('',*,*,#5488,.T.);
#7863=ORIENTED_EDGE('',*,*,#5485,.T.);
#7864=ORIENTED_EDGE('',*,*,#5482,.T.);
#7865=ORIENTED_EDGE('',*,*,#5479,.T.);
#7866=ORIENTED_EDGE('',*,*,#5476,.T.);
#7867=ORIENTED_EDGE('',*,*,#5473,.T.);
#7868=ORIENTED_EDGE('',*,*,#5470,.T.);
#7869=ORIENTED_EDGE('',*,*,#5467,.T.);
#7870=ORIENTED_EDGE('',*,*,#5464,.T.);
#7871=ORIENTED_EDGE('',*,*,#5461,.T.);
#7872=ORIENTED_EDGE('',*,*,#5458,.T.);
#7873=ORIENTED_EDGE('',*,*,#5455,.T.);
#7874=ORIENTED_EDGE('',*,*,#5452,.T.);
#7875=ORIENTED_EDGE('',*,*,#5265,.T.);
#7876=ORIENTED_EDGE('',*,*,#5347,.T.);
#7877=ORIENTED_EDGE('',*,*,#5344,.T.);
#7878=ORIENTED_EDGE('',*,*,#5341,.T.);
#7879=ORIENTED_EDGE('',*,*,#5338,.T.);
#7880=ORIENTED_EDGE('',*,*,#5335,.T.);
#7881=ORIENTED_EDGE('',*,*,#5332,.T.);
#7882=ORIENTED_EDGE('',*,*,#5329,.T.);
#7883=ORIENTED_EDGE('',*,*,#5326,.T.);
#7884=ORIENTED_EDGE('',*,*,#5323,.T.);
#7885=ORIENTED_EDGE('',*,*,#5320,.T.);
#7886=ORIENTED_EDGE('',*,*,#5317,.T.);
#7887=ORIENTED_EDGE('',*,*,#5314,.T.);
#7888=ORIENTED_EDGE('',*,*,#5311,.T.);
#7889=ORIENTED_EDGE('',*,*,#5308,.T.);
#7890=ORIENTED_EDGE('',*,*,#5305,.T.);
#7891=ORIENTED_EDGE('',*,*,#5302,.T.);
#7892=ORIENTED_EDGE('',*,*,#5299,.T.);
#7893=ORIENTED_EDGE('',*,*,#5296,.T.);
#7894=ORIENTED_EDGE('',*,*,#5293,.T.);
#7895=ORIENTED_EDGE('',*,*,#5290,.T.);
#7896=ORIENTED_EDGE('',*,*,#5287,.T.);
#7897=ORIENTED_EDGE('',*,*,#5284,.T.);
#7898=ORIENTED_EDGE('',*,*,#5281,.T.);
#7899=ORIENTED_EDGE('',*,*,#5278,.T.);
#7900=ORIENTED_EDGE('',*,*,#5275,.T.);
#7901=ORIENTED_EDGE('',*,*,#5272,.T.);
#7902=ORIENTED_EDGE('',*,*,#5269,.T.);
#7903=ORIENTED_EDGE('',*,*,#5241,.T.);
#7904=ORIENTED_EDGE('',*,*,#5263,.T.);
#7905=ORIENTED_EDGE('',*,*,#5260,.T.);
#7906=ORIENTED_EDGE('',*,*,#5257,.T.);
#7907=ORIENTED_EDGE('',*,*,#5254,.T.);
#7908=ORIENTED_EDGE('',*,*,#5251,.T.);
#7909=ORIENTED_EDGE('',*,*,#5248,.T.);
#7910=ORIENTED_EDGE('',*,*,#5245,.T.);
#7911=ORIENTED_EDGE('',*,*,#5133,.T.);
#7912=ORIENTED_EDGE('',*,*,#5215,.T.);
#7913=ORIENTED_EDGE('',*,*,#5212,.T.);
#7914=ORIENTED_EDGE('',*,*,#5209,.T.);
#7915=ORIENTED_EDGE('',*,*,#5206,.T.);
#7916=ORIENTED_EDGE('',*,*,#5203,.T.);
#7917=ORIENTED_EDGE('',*,*,#5200,.T.);
#7918=ORIENTED_EDGE('',*,*,#5197,.T.);
#7919=ORIENTED_EDGE('',*,*,#5194,.T.);
#7920=ORIENTED_EDGE('',*,*,#5191,.T.);
#7921=ORIENTED_EDGE('',*,*,#5188,.T.);
#7922=ORIENTED_EDGE('',*,*,#5185,.T.);
#7923=ORIENTED_EDGE('',*,*,#5182,.T.);
#7924=ORIENTED_EDGE('',*,*,#5179,.T.);
#7925=ORIENTED_EDGE('',*,*,#5176,.T.);
#7926=ORIENTED_EDGE('',*,*,#5173,.T.);
#7927=ORIENTED_EDGE('',*,*,#5170,.T.);
#7928=ORIENTED_EDGE('',*,*,#5167,.T.);
#7929=ORIENTED_EDGE('',*,*,#5164,.T.);
#7930=ORIENTED_EDGE('',*,*,#5161,.T.);
#7931=ORIENTED_EDGE('',*,*,#5158,.T.);
#7932=ORIENTED_EDGE('',*,*,#5155,.T.);
#7933=ORIENTED_EDGE('',*,*,#5152,.T.);
#7934=ORIENTED_EDGE('',*,*,#5149,.T.);
#7935=ORIENTED_EDGE('',*,*,#5146,.T.);
#7936=ORIENTED_EDGE('',*,*,#5143,.T.);
#7937=ORIENTED_EDGE('',*,*,#5140,.T.);
#7938=ORIENTED_EDGE('',*,*,#5137,.T.);
#7939=ORIENTED_EDGE('',*,*,#5131,.T.);
#7940=ORIENTED_EDGE('',*,*,#5119,.T.);
#7941=ORIENTED_EDGE('',*,*,#5116,.T.);
#7942=ORIENTED_EDGE('',*,*,#5113,.T.);
#7943=ORIENTED_EDGE('',*,*,#5110,.T.);
#7944=ORIENTED_EDGE('',*,*,#5107,.T.);
#7945=ORIENTED_EDGE('',*,*,#5104,.T.);
#7946=ORIENTED_EDGE('',*,*,#5101,.T.);
#7947=ORIENTED_EDGE('',*,*,#5098,.T.);
#7948=ORIENTED_EDGE('',*,*,#5095,.T.);
#7949=ORIENTED_EDGE('',*,*,#5092,.T.);
#7950=ORIENTED_EDGE('',*,*,#5089,.T.);
#7951=ORIENTED_EDGE('',*,*,#5086,.T.);
#7952=ORIENTED_EDGE('',*,*,#5083,.T.);
#7953=ORIENTED_EDGE('',*,*,#5080,.T.);
#7954=ORIENTED_EDGE('',*,*,#5077,.T.);
#7955=ORIENTED_EDGE('',*,*,#5074,.T.);
#7956=ORIENTED_EDGE('',*,*,#5071,.T.);
#7957=ORIENTED_EDGE('',*,*,#5068,.T.);
#7958=ORIENTED_EDGE('',*,*,#5064,.T.);
#7959=ORIENTED_EDGE('',*,*,#4997,.T.);
#7960=ORIENTED_EDGE('',*,*,#4994,.T.);
#7961=ORIENTED_EDGE('',*,*,#4991,.T.);
#7962=ORIENTED_EDGE('',*,*,#4988,.T.);
#7963=ORIENTED_EDGE('',*,*,#4985,.T.);
#7964=ORIENTED_EDGE('',*,*,#4982,.T.);
#7965=ORIENTED_EDGE('',*,*,#4979,.T.);
#7966=ORIENTED_EDGE('',*,*,#4976,.T.);
#7967=ORIENTED_EDGE('',*,*,#4972,.T.);
#7968=ORIENTED_EDGE('',*,*,#5015,.T.);
#7969=ORIENTED_EDGE('',*,*,#5012,.T.);
#7970=ORIENTED_EDGE('',*,*,#5009,.T.);
#7971=ORIENTED_EDGE('',*,*,#5006,.T.);
#7972=ORIENTED_EDGE('',*,*,#4926,.T.);
#7973=ORIENTED_EDGE('',*,*,#4963,.T.);
#7974=ORIENTED_EDGE('',*,*,#4960,.T.);
#7975=ORIENTED_EDGE('',*,*,#4957,.T.);
#7976=ORIENTED_EDGE('',*,*,#4954,.T.);
#7977=ORIENTED_EDGE('',*,*,#4951,.T.);
#7978=ORIENTED_EDGE('',*,*,#4948,.T.);
#7979=ORIENTED_EDGE('',*,*,#4945,.T.);
#7980=ORIENTED_EDGE('',*,*,#4942,.T.);
#7981=ORIENTED_EDGE('',*,*,#4939,.T.);
#7982=ORIENTED_EDGE('',*,*,#4936,.T.);
#7983=ORIENTED_EDGE('',*,*,#4933,.T.);
#7984=ORIENTED_EDGE('',*,*,#4930,.T.);
#7985=ORIENTED_EDGE('',*,*,#4904,.T.);
#7986=ORIENTED_EDGE('',*,*,#4901,.T.);
#7987=ORIENTED_EDGE('',*,*,#4898,.T.);
#7988=ORIENTED_EDGE('',*,*,#4895,.T.);
#7989=ORIENTED_EDGE('',*,*,#4892,.T.);
#7990=ORIENTED_EDGE('',*,*,#4880,.T.);
#7991=ORIENTED_EDGE('',*,*,#4877,.T.);
#7992=ORIENTED_EDGE('',*,*,#4874,.T.);
#7993=ORIENTED_EDGE('',*,*,#4871,.T.);
#7994=ORIENTED_EDGE('',*,*,#4868,.T.);
#7995=ORIENTED_EDGE('',*,*,#4865,.T.);
#7996=ORIENTED_EDGE('',*,*,#4862,.T.);
#7997=ORIENTED_EDGE('',*,*,#4859,.T.);
#7998=ORIENTED_EDGE('',*,*,#4856,.T.);
#7999=ORIENTED_EDGE('',*,*,#4853,.T.);
#8000=ORIENTED_EDGE('',*,*,#4850,.T.);
#8001=ORIENTED_EDGE('',*,*,#4847,.T.);
#8002=ORIENTED_EDGE('',*,*,#4843,.T.);
#8003=ORIENTED_EDGE('',*,*,#4827,.T.);
#8004=ORIENTED_EDGE('',*,*,#4824,.T.);
#8005=ORIENTED_EDGE('',*,*,#4821,.T.);
#8006=ORIENTED_EDGE('',*,*,#4818,.T.);
#8007=ORIENTED_EDGE('',*,*,#4815,.T.);
#8008=ORIENTED_EDGE('',*,*,#4812,.T.);
#8009=ORIENTED_EDGE('',*,*,#4809,.T.);
#8010=ORIENTED_EDGE('',*,*,#4806,.T.);
#8011=ORIENTED_EDGE('',*,*,#4803,.T.);
#8012=ORIENTED_EDGE('',*,*,#4800,.T.);
#8013=ORIENTED_EDGE('',*,*,#4797,.T.);
#8014=ORIENTED_EDGE('',*,*,#4794,.T.);
#8015=ORIENTED_EDGE('',*,*,#4791,.T.);
#8016=ORIENTED_EDGE('',*,*,#4788,.T.);
#8017=ORIENTED_EDGE('',*,*,#4785,.T.);
#8018=ORIENTED_EDGE('',*,*,#4781,.T.);
#8019=ORIENTED_EDGE('',*,*,#4712,.T.);
#8020=ORIENTED_EDGE('',*,*,#4700,.T.);
#8021=ORIENTED_EDGE('',*,*,#4697,.T.);
#8022=ORIENTED_EDGE('',*,*,#4694,.T.);
#8023=ORIENTED_EDGE('',*,*,#4691,.T.);
#8024=ORIENTED_EDGE('',*,*,#4688,.T.);
#8025=ORIENTED_EDGE('',*,*,#4685,.T.);
#8026=ORIENTED_EDGE('',*,*,#4682,.T.);
#8027=ORIENTED_EDGE('',*,*,#4679,.T.);
#8028=ORIENTED_EDGE('',*,*,#4676,.T.);
#8029=ORIENTED_EDGE('',*,*,#4673,.T.);
#8030=ORIENTED_EDGE('',*,*,#4670,.T.);
#8031=ORIENTED_EDGE('',*,*,#4667,.T.);
#8032=ORIENTED_EDGE('',*,*,#4664,.T.);
#8033=ORIENTED_EDGE('',*,*,#4661,.T.);
#8034=ORIENTED_EDGE('',*,*,#4657,.T.);
#8035=ORIENTED_EDGE('',*,*,#4751,.T.);
#8036=ORIENTED_EDGE('',*,*,#4748,.T.);
#8037=ORIENTED_EDGE('',*,*,#4745,.T.);
#8038=ORIENTED_EDGE('',*,*,#4742,.T.);
#8039=ORIENTED_EDGE('',*,*,#4739,.T.);
#8040=ORIENTED_EDGE('',*,*,#4736,.T.);
#8041=ORIENTED_EDGE('',*,*,#4733,.T.);
#8042=ORIENTED_EDGE('',*,*,#4730,.T.);
#8043=ORIENTED_EDGE('',*,*,#4727,.T.);
#8044=ORIENTED_EDGE('',*,*,#4724,.T.);
#8045=ORIENTED_EDGE('',*,*,#4721,.T.);
#8046=ORIENTED_EDGE('',*,*,#4608,.T.);
#8047=ORIENTED_EDGE('',*,*,#4648,.T.);
#8048=ORIENTED_EDGE('',*,*,#4645,.T.);
#8049=ORIENTED_EDGE('',*,*,#4642,.T.);
#8050=ORIENTED_EDGE('',*,*,#4639,.T.);
#8051=ORIENTED_EDGE('',*,*,#4636,.T.);
#8052=ORIENTED_EDGE('',*,*,#4633,.T.);
#8053=ORIENTED_EDGE('',*,*,#4630,.T.);
#8054=ORIENTED_EDGE('',*,*,#4627,.T.);
#8055=ORIENTED_EDGE('',*,*,#4624,.T.);
#8056=ORIENTED_EDGE('',*,*,#4621,.T.);
#8057=ORIENTED_EDGE('',*,*,#4618,.T.);
#8058=ORIENTED_EDGE('',*,*,#4615,.T.);
#8059=ORIENTED_EDGE('',*,*,#4612,.T.);
#8060=ORIENTED_EDGE('',*,*,#4524,.T.);
#8061=ORIENTED_EDGE('',*,*,#4606,.T.);
#8062=ORIENTED_EDGE('',*,*,#4603,.T.);
#8063=ORIENTED_EDGE('',*,*,#4600,.T.);
#8064=ORIENTED_EDGE('',*,*,#4597,.T.);
#8065=ORIENTED_EDGE('',*,*,#4594,.T.);
#8066=ORIENTED_EDGE('',*,*,#4591,.T.);
#8067=ORIENTED_EDGE('',*,*,#4588,.T.);
#8068=ORIENTED_EDGE('',*,*,#4585,.T.);
#8069=ORIENTED_EDGE('',*,*,#4582,.T.);
#8070=ORIENTED_EDGE('',*,*,#4579,.T.);
#8071=ORIENTED_EDGE('',*,*,#4576,.T.);
#8072=ORIENTED_EDGE('',*,*,#4573,.T.);
#8073=ORIENTED_EDGE('',*,*,#4570,.T.);
#8074=ORIENTED_EDGE('',*,*,#4567,.T.);
#8075=ORIENTED_EDGE('',*,*,#4564,.T.);
#8076=ORIENTED_EDGE('',*,*,#4561,.T.);
#8077=ORIENTED_EDGE('',*,*,#4558,.T.);
#8078=ORIENTED_EDGE('',*,*,#4555,.T.);
#8079=ORIENTED_EDGE('',*,*,#4552,.T.);
#8080=ORIENTED_EDGE('',*,*,#4549,.T.);
#8081=ORIENTED_EDGE('',*,*,#4546,.T.);
#8082=ORIENTED_EDGE('',*,*,#4543,.T.);
#8083=ORIENTED_EDGE('',*,*,#4540,.T.);
#8084=ORIENTED_EDGE('',*,*,#4537,.T.);
#8085=ORIENTED_EDGE('',*,*,#4534,.T.);
#8086=ORIENTED_EDGE('',*,*,#4531,.T.);
#8087=ORIENTED_EDGE('',*,*,#4528,.T.);
#8088=ORIENTED_EDGE('',*,*,#4520,.T.);
#8089=ORIENTED_EDGE('',*,*,#4517,.T.);
#8090=ORIENTED_EDGE('',*,*,#4514,.T.);
#8091=ORIENTED_EDGE('',*,*,#4511,.T.);
#8092=ORIENTED_EDGE('',*,*,#4508,.T.);
#8093=ORIENTED_EDGE('',*,*,#4472,.T.);
#8094=ORIENTED_EDGE('',*,*,#4469,.T.);
#8095=ORIENTED_EDGE('',*,*,#4466,.T.);
#8096=ORIENTED_EDGE('',*,*,#4463,.T.);
#8097=ORIENTED_EDGE('',*,*,#4460,.T.);
#8098=ORIENTED_EDGE('',*,*,#4448,.T.);
#8099=ORIENTED_EDGE('',*,*,#4445,.T.);
#8100=ORIENTED_EDGE('',*,*,#4442,.T.);
#8101=ORIENTED_EDGE('',*,*,#4439,.T.);
#8102=ORIENTED_EDGE('',*,*,#4436,.T.);
#8103=ORIENTED_EDGE('',*,*,#4433,.T.);
#8104=ORIENTED_EDGE('',*,*,#4430,.T.);
#8105=ORIENTED_EDGE('',*,*,#4427,.T.);
#8106=ORIENTED_EDGE('',*,*,#4424,.T.);
#8107=ORIENTED_EDGE('',*,*,#4421,.T.);
#8108=ORIENTED_EDGE('',*,*,#4417,.T.);
#8109=ORIENTED_EDGE('',*,*,#4498,.T.);
#8110=ORIENTED_EDGE('',*,*,#4495,.T.);
#8111=ORIENTED_EDGE('',*,*,#4492,.T.);
#8112=ORIENTED_EDGE('',*,*,#4489,.T.);
#8113=ORIENTED_EDGE('',*,*,#4486,.T.);
#8114=ORIENTED_EDGE('',*,*,#4482,.T.);
#8115=CYLINDRICAL_SURFACE('',#8629,2.45);
#8116=CYLINDRICAL_SURFACE('',#8633,2.45);
#8117=CYLINDRICAL_SURFACE('',#8637,2.45);
#8118=CYLINDRICAL_SURFACE('',#8641,2.45);
#8119=CYLINDRICAL_SURFACE('',#8645,1.);
#8120=CYLINDRICAL_SURFACE('',#8650,1.00000000000001);
#8121=CYLINDRICAL_SURFACE('',#8654,0.999999999999466);
#8122=CYLINDRICAL_SURFACE('',#8658,1.00000000000011);
#8123=CYLINDRICAL_SURFACE('',#8662,1.00000000000002);
#8124=CYLINDRICAL_SURFACE('',#8667,0.999999999999873);
#8125=CYLINDRICAL_SURFACE('',#8671,0.999999999999996);
#8126=CYLINDRICAL_SURFACE('',#8675,0.999999999999998);
#8127=CYLINDRICAL_SURFACE('',#8679,1.00000000000001);
#8128=CYLINDRICAL_SURFACE('',#8683,0.999999999999996);
#8129=CYLINDRICAL_SURFACE('',#8687,0.999999999999997);
#8130=CYLINDRICAL_SURFACE('',#8693,7.99999999999997);
#8131=CYLINDRICAL_SURFACE('',#8697,7.99999999999999);
#8132=CYLINDRICAL_SURFACE('',#8702,8.00000000000002);
#8133=CYLINDRICAL_SURFACE('',#8708,7.99999999999998);
#8134=CYLINDRICAL_SURFACE('',#8713,8.00000000000001);
#8135=CYLINDRICAL_SURFACE('',#8717,7.99999999999998);
#8136=CYLINDRICAL_SURFACE('',#8721,8.);
#8137=CYLINDRICAL_SURFACE('',#8887,0.999999999999996);
#8138=CYLINDRICAL_SURFACE('',#8890,0.999999999999996);
#8139=CYLINDRICAL_SURFACE('',#8893,1.00000000000001);
#8140=CYLINDRICAL_SURFACE('',#8897,0.999999999999994);
#8141=CYLINDRICAL_SURFACE('',#8900,0.999999999999996);
#8142=CYLINDRICAL_SURFACE('',#8902,0.999999999999996);
#8143=ADVANCED_FACE('',(#982),#8115,.F.);
#8144=ADVANCED_FACE('',(#983),#788,.F.);
#8145=ADVANCED_FACE('',(#984),#8116,.F.);
#8146=ADVANCED_FACE('',(#985),#789,.F.);
#8147=ADVANCED_FACE('',(#986),#8117,.F.);
#8148=ADVANCED_FACE('',(#987),#790,.F.);
#8149=ADVANCED_FACE('',(#988),#8118,.F.);
#8150=ADVANCED_FACE('',(#989),#791,.F.);
#8151=ADVANCED_FACE('',(#990),#8119,.T.);
#8152=ADVANCED_FACE('',(#991),#792,.T.);
#8153=ADVANCED_FACE('',(#992),#793,.T.);
#8154=ADVANCED_FACE('',(#993),#8120,.F.);
#8155=ADVANCED_FACE('',(#994),#794,.T.);
#8156=ADVANCED_FACE('',(#995),#8121,.T.);
#8157=ADVANCED_FACE('',(#996),#795,.T.);
#8158=ADVANCED_FACE('',(#997),#8122,.T.);
#8159=ADVANCED_FACE('',(#998),#796,.T.);
#8160=ADVANCED_FACE('',(#999),#8123,.F.);
#8161=ADVANCED_FACE('',(#1000),#797,.T.);
#8162=ADVANCED_FACE('',(#1001),#798,.T.);
#8163=ADVANCED_FACE('',(#1002),#8124,.F.);
#8164=ADVANCED_FACE('',(#1003),#799,.T.);
#8165=ADVANCED_FACE('',(#1004),#8125,.F.);
#8166=ADVANCED_FACE('',(#1005),#800,.T.);
#8167=ADVANCED_FACE('',(#1006),#8126,.F.);
#8168=ADVANCED_FACE('',(#1007),#801,.T.);
#8169=ADVANCED_FACE('',(#1008),#8127,.F.);
#8170=ADVANCED_FACE('',(#1009),#802,.T.);
#8171=ADVANCED_FACE('',(#1010),#8128,.F.);
#8172=ADVANCED_FACE('',(#1011),#803,.T.);
#8173=ADVANCED_FACE('',(#1012),#8129,.T.);
#8174=ADVANCED_FACE('',(#1013),#804,.T.);
#8175=ADVANCED_FACE('',(#1014),#805,.T.);
#8176=ADVANCED_FACE('',(#1015),#806,.T.);
#8177=ADVANCED_FACE('',(#1016),#8130,.T.);
#8178=ADVANCED_FACE('',(#1017),#807,.T.);
#8179=ADVANCED_FACE('',(#1018),#8131,.T.);
#8180=ADVANCED_FACE('',(#1019),#808,.T.);
#8181=ADVANCED_FACE('',(#1020),#809,.T.);
#8182=ADVANCED_FACE('',(#1021),#8132,.T.);
#8183=ADVANCED_FACE('',(#1022),#810,.T.);
#8184=ADVANCED_FACE('',(#1023),#811,.T.);
#8185=ADVANCED_FACE('',(#1024),#812,.T.);
#8186=ADVANCED_FACE('',(#1025),#8133,.T.);
#8187=ADVANCED_FACE('',(#1026),#813,.T.);
#8188=ADVANCED_FACE('',(#1027),#814,.T.);
#8189=ADVANCED_FACE('',(#1028),#8134,.T.);
#8190=ADVANCED_FACE('',(#1029),#815,.T.);
#8191=ADVANCED_FACE('',(#1030),#8135,.T.);
#8192=ADVANCED_FACE('',(#1031),#816,.T.);
#8193=ADVANCED_FACE('',(#1032),#8136,.T.);
#8194=ADVANCED_FACE('',(#1033,#764),#817,.T.);
#8195=ADVANCED_FACE('',(#1034,#765,#766,#767,#768,#769),#818,.F.);
#8196=ADVANCED_FACE('',(#1035),#819,.F.);
#8197=ADVANCED_FACE('',(#1036),#511,.F.);
#8198=ADVANCED_FACE('',(#1037),#512,.F.);
#8199=ADVANCED_FACE('',(#1038),#513,.F.);
#8200=ADVANCED_FACE('',(#1039),#514,.F.);
#8201=ADVANCED_FACE('',(#1040),#820,.F.);
#8202=ADVANCED_FACE('',(#1041),#821,.F.);
#8203=ADVANCED_FACE('',(#1042),#822,.F.);
#8204=ADVANCED_FACE('',(#1043),#515,.F.);
#8205=ADVANCED_FACE('',(#1044),#516,.F.);
#8206=ADVANCED_FACE('',(#1045),#517,.F.);
#8207=ADVANCED_FACE('',(#1046),#823,.F.);
#8208=ADVANCED_FACE('',(#1047),#518,.F.);
#8209=ADVANCED_FACE('',(#1048),#824,.T.);
#8210=ADVANCED_FACE('',(#1049),#825,.F.);
#8211=ADVANCED_FACE('',(#1050),#826,.F.);
#8212=ADVANCED_FACE('',(#1051),#519,.F.);
#8213=ADVANCED_FACE('',(#1052),#520,.F.);
#8214=ADVANCED_FACE('',(#1053),#521,.F.);
#8215=ADVANCED_FACE('',(#1054),#522,.F.);
#8216=ADVANCED_FACE('',(#1055),#827,.F.);
#8217=ADVANCED_FACE('',(#1056),#828,.F.);
#8218=ADVANCED_FACE('',(#1057),#829,.F.);
#8219=ADVANCED_FACE('',(#1058),#523,.F.);
#8220=ADVANCED_FACE('',(#1059),#524,.F.);
#8221=ADVANCED_FACE('',(#1060),#525,.F.);
#8222=ADVANCED_FACE('',(#1061),#830,.F.);
#8223=ADVANCED_FACE('',(#1062),#831,.F.);
#8224=ADVANCED_FACE('',(#1063),#832,.F.);
#8225=ADVANCED_FACE('',(#1064),#526,.F.);
#8226=ADVANCED_FACE('',(#1065),#833,.T.);
#8227=ADVANCED_FACE('',(#1066),#834,.F.);
#8228=ADVANCED_FACE('',(#1067),#835,.F.);
#8229=ADVANCED_FACE('',(#1068),#836,.F.);
#8230=ADVANCED_FACE('',(#1069),#837,.F.);
#8231=ADVANCED_FACE('',(#1070),#838,.F.);
#8232=ADVANCED_FACE('',(#1071),#839,.F.);
#8233=ADVANCED_FACE('',(#1072),#840,.F.);
#8234=ADVANCED_FACE('',(#1073),#527,.F.);
#8235=ADVANCED_FACE('',(#1074),#841,.T.);
#8236=ADVANCED_FACE('',(#1075),#528,.F.);
#8237=ADVANCED_FACE('',(#1076),#529,.F.);
#8238=ADVANCED_FACE('',(#1077),#842,.F.);
#8239=ADVANCED_FACE('',(#1078),#530,.F.);
#8240=ADVANCED_FACE('',(#1079),#531,.F.);
#8241=ADVANCED_FACE('',(#1080),#532,.F.);
#8242=ADVANCED_FACE('',(#1081),#533,.F.);
#8243=ADVANCED_FACE('',(#1082),#534,.F.);
#8244=ADVANCED_FACE('',(#1083),#535,.F.);
#8245=ADVANCED_FACE('',(#1084),#843,.F.);
#8246=ADVANCED_FACE('',(#1085),#536,.F.);
#8247=ADVANCED_FACE('',(#1086),#537,.F.);
#8248=ADVANCED_FACE('',(#1087),#538,.F.);
#8249=ADVANCED_FACE('',(#1088),#539,.F.);
#8250=ADVANCED_FACE('',(#1089),#540,.F.);
#8251=ADVANCED_FACE('',(#1090),#541,.F.);
#8252=ADVANCED_FACE('',(#1091),#844,.F.);
#8253=ADVANCED_FACE('',(#1092),#542,.F.);
#8254=ADVANCED_FACE('',(#1093),#543,.F.);
#8255=ADVANCED_FACE('',(#1094),#544,.F.);
#8256=ADVANCED_FACE('',(#1095),#545,.F.);
#8257=ADVANCED_FACE('',(#1096),#546,.F.);
#8258=ADVANCED_FACE('',(#1097),#547,.F.);
#8259=ADVANCED_FACE('',(#1098),#845,.F.);
#8260=ADVANCED_FACE('',(#1099),#548,.F.);
#8261=ADVANCED_FACE('',(#1100),#549,.F.);
#8262=ADVANCED_FACE('',(#1101),#550,.F.);
#8263=ADVANCED_FACE('',(#1102),#551,.F.);
#8264=ADVANCED_FACE('',(#1103),#846,.T.);
#8265=ADVANCED_FACE('',(#1104),#552,.F.);
#8266=ADVANCED_FACE('',(#1105),#847,.F.);
#8267=ADVANCED_FACE('',(#1106),#553,.F.);
#8268=ADVANCED_FACE('',(#1107),#554,.F.);
#8269=ADVANCED_FACE('',(#1108),#555,.F.);
#8270=ADVANCED_FACE('',(#1109),#848,.F.);
#8271=ADVANCED_FACE('',(#1110),#849,.F.);
#8272=ADVANCED_FACE('',(#1111),#850,.F.);
#8273=ADVANCED_FACE('',(#1112),#851,.F.);
#8274=ADVANCED_FACE('',(#1113),#852,.F.);
#8275=ADVANCED_FACE('',(#1114),#853,.F.);
#8276=ADVANCED_FACE('',(#1115),#854,.F.);
#8277=ADVANCED_FACE('',(#1116),#556,.F.);
#8278=ADVANCED_FACE('',(#1117),#557,.F.);
#8279=ADVANCED_FACE('',(#1118),#855,.T.);
#8280=ADVANCED_FACE('',(#1119),#856,.F.);
#8281=ADVANCED_FACE('',(#1120),#857,.F.);
#8282=ADVANCED_FACE('',(#1121),#858,.F.);
#8283=ADVANCED_FACE('',(#1122),#558,.F.);
#8284=ADVANCED_FACE('',(#1123),#559,.F.);
#8285=ADVANCED_FACE('',(#1124),#560,.F.);
#8286=ADVANCED_FACE('',(#1125),#561,.F.);
#8287=ADVANCED_FACE('',(#1126),#562,.F.);
#8288=ADVANCED_FACE('',(#1127),#563,.F.);
#8289=ADVANCED_FACE('',(#1128),#859,.F.);
#8290=ADVANCED_FACE('',(#1129),#564,.F.);
#8291=ADVANCED_FACE('',(#1130),#565,.F.);
#8292=ADVANCED_FACE('',(#1131),#566,.F.);
#8293=ADVANCED_FACE('',(#1132),#567,.F.);
#8294=ADVANCED_FACE('',(#1133),#568,.F.);
#8295=ADVANCED_FACE('',(#1134),#569,.F.);
#8296=ADVANCED_FACE('',(#1135),#570,.F.);
#8297=ADVANCED_FACE('',(#1136),#860,.F.);
#8298=ADVANCED_FACE('',(#1137),#861,.F.);
#8299=ADVANCED_FACE('',(#1138),#571,.F.);
#8300=ADVANCED_FACE('',(#1139),#862,.F.);
#8301=ADVANCED_FACE('',(#1140),#572,.F.);
#8302=ADVANCED_FACE('',(#1141),#863,.T.);
#8303=ADVANCED_FACE('',(#1142),#864,.F.);
#8304=ADVANCED_FACE('',(#1143),#573,.F.);
#8305=ADVANCED_FACE('',(#1144),#574,.F.);
#8306=ADVANCED_FACE('',(#1145),#575,.F.);
#8307=ADVANCED_FACE('',(#1146),#865,.F.);
#8308=ADVANCED_FACE('',(#1147),#866,.F.);
#8309=ADVANCED_FACE('',(#1148),#867,.F.);
#8310=ADVANCED_FACE('',(#1149),#576,.F.);
#8311=ADVANCED_FACE('',(#1150),#577,.F.);
#8312=ADVANCED_FACE('',(#1151),#868,.F.);
#8313=ADVANCED_FACE('',(#1152),#869,.F.);
#8314=ADVANCED_FACE('',(#1153),#870,.F.);
#8315=ADVANCED_FACE('',(#1154),#871,.F.);
#8316=ADVANCED_FACE('',(#1155),#872,.T.);
#8317=ADVANCED_FACE('',(#1156),#578,.F.);
#8318=ADVANCED_FACE('',(#1157),#579,.F.);
#8319=ADVANCED_FACE('',(#1158),#580,.F.);
#8320=ADVANCED_FACE('',(#1159),#581,.F.);
#8321=ADVANCED_FACE('',(#1160),#582,.F.);
#8322=ADVANCED_FACE('',(#1161),#583,.F.);
#8323=ADVANCED_FACE('',(#1162),#584,.F.);
#8324=ADVANCED_FACE('',(#1163),#585,.F.);
#8325=ADVANCED_FACE('',(#1164),#586,.F.);
#8326=ADVANCED_FACE('',(#1165),#587,.F.);
#8327=ADVANCED_FACE('',(#1166),#588,.F.);
#8328=ADVANCED_FACE('',(#1167),#589,.F.);
#8329=ADVANCED_FACE('',(#1168),#590,.F.);
#8330=ADVANCED_FACE('',(#1169),#591,.F.);
#8331=ADVANCED_FACE('',(#1170),#592,.F.);
#8332=ADVANCED_FACE('',(#1171),#593,.F.);
#8333=ADVANCED_FACE('',(#1172),#594,.F.);
#8334=ADVANCED_FACE('',(#1173),#595,.F.);
#8335=ADVANCED_FACE('',(#1174),#596,.F.);
#8336=ADVANCED_FACE('',(#1175),#873,.F.);
#8337=ADVANCED_FACE('',(#1176),#597,.F.);
#8338=ADVANCED_FACE('',(#1177),#598,.F.);
#8339=ADVANCED_FACE('',(#1178),#599,.F.);
#8340=ADVANCED_FACE('',(#1179),#600,.F.);
#8341=ADVANCED_FACE('',(#1180),#601,.F.);
#8342=ADVANCED_FACE('',(#1181),#874,.F.);
#8343=ADVANCED_FACE('',(#1182),#602,.F.);
#8344=ADVANCED_FACE('',(#1183),#603,.F.);
#8345=ADVANCED_FACE('',(#1184),#875,.T.);
#8346=ADVANCED_FACE('',(#1185),#876,.F.);
#8347=ADVANCED_FACE('',(#1186),#604,.F.);
#8348=ADVANCED_FACE('',(#1187),#605,.F.);
#8349=ADVANCED_FACE('',(#1188),#606,.F.);
#8350=ADVANCED_FACE('',(#1189),#607,.F.);
#8351=ADVANCED_FACE('',(#1190),#608,.F.);
#8352=ADVANCED_FACE('',(#1191),#877,.F.);
#8353=ADVANCED_FACE('',(#1192),#878,.F.);
#8354=ADVANCED_FACE('',(#1193),#879,.F.);
#8355=ADVANCED_FACE('',(#1194),#609,.F.);
#8356=ADVANCED_FACE('',(#1195),#610,.F.);
#8357=ADVANCED_FACE('',(#1196),#611,.F.);
#8358=ADVANCED_FACE('',(#1197),#612,.F.);
#8359=ADVANCED_FACE('',(#1198),#880,.F.);
#8360=ADVANCED_FACE('',(#1199),#881,.F.);
#8361=ADVANCED_FACE('',(#1200),#882,.T.);
#8362=ADVANCED_FACE('',(#1201),#883,.F.);
#8363=ADVANCED_FACE('',(#1202),#884,.F.);
#8364=ADVANCED_FACE('',(#1203),#885,.F.);
#8365=ADVANCED_FACE('',(#1204),#886,.F.);
#8366=ADVANCED_FACE('',(#1205),#887,.F.);
#8367=ADVANCED_FACE('',(#1206),#888,.F.);
#8368=ADVANCED_FACE('',(#1207),#889,.F.);
#8369=ADVANCED_FACE('',(#1208),#613,.F.);
#8370=ADVANCED_FACE('',(#1209),#890,.T.);
#8371=ADVANCED_FACE('',(#1210),#891,.F.);
#8372=ADVANCED_FACE('',(#1211),#614,.F.);
#8373=ADVANCED_FACE('',(#1212),#615,.F.);
#8374=ADVANCED_FACE('',(#1213),#616,.F.);
#8375=ADVANCED_FACE('',(#1214),#892,.F.);
#8376=ADVANCED_FACE('',(#1215),#893,.F.);
#8377=ADVANCED_FACE('',(#1216),#894,.F.);
#8378=ADVANCED_FACE('',(#1217),#617,.F.);
#8379=ADVANCED_FACE('',(#1218),#618,.F.);
#8380=ADVANCED_FACE('',(#1219),#619,.F.);
#8381=ADVANCED_FACE('',(#1220),#620,.F.);
#8382=ADVANCED_FACE('',(#1221),#621,.F.);
#8383=ADVANCED_FACE('',(#1222),#895,.F.);
#8384=ADVANCED_FACE('',(#1223),#896,.F.);
#8385=ADVANCED_FACE('',(#1224),#897,.F.);
#8386=ADVANCED_FACE('',(#1225),#898,.F.);
#8387=ADVANCED_FACE('',(#1226),#899,.F.);
#8388=ADVANCED_FACE('',(#1227),#622,.F.);
#8389=ADVANCED_FACE('',(#1228),#623,.F.);
#8390=ADVANCED_FACE('',(#1229,#770),#900,.T.);
#8391=ADVANCED_FACE('',(#1230),#901,.F.);
#8392=ADVANCED_FACE('',(#1231),#624,.F.);
#8393=ADVANCED_FACE('',(#1232),#625,.F.);
#8394=ADVANCED_FACE('',(#1233),#626,.F.);
#8395=ADVANCED_FACE('',(#1234),#902,.F.);
#8396=ADVANCED_FACE('',(#1235),#627,.F.);
#8397=ADVANCED_FACE('',(#1236),#628,.F.);
#8398=ADVANCED_FACE('',(#1237),#629,.F.);
#8399=ADVANCED_FACE('',(#1238),#903,.F.);
#8400=ADVANCED_FACE('',(#1239),#630,.F.);
#8401=ADVANCED_FACE('',(#1240),#631,.F.);
#8402=ADVANCED_FACE('',(#1241),#632,.F.);
#8403=ADVANCED_FACE('',(#1242),#904,.T.);
#8404=ADVANCED_FACE('',(#1243),#633,.F.);
#8405=ADVANCED_FACE('',(#1244),#634,.F.);
#8406=ADVANCED_FACE('',(#1245),#905,.F.);
#8407=ADVANCED_FACE('',(#1246),#635,.F.);
#8408=ADVANCED_FACE('',(#1247),#636,.F.);
#8409=ADVANCED_FACE('',(#1248),#637,.F.);
#8410=ADVANCED_FACE('',(#1249),#906,.T.);
#8411=ADVANCED_FACE('',(#1250),#638,.F.);
#8412=ADVANCED_FACE('',(#1251),#907,.F.);
#8413=ADVANCED_FACE('',(#1252),#908,.F.);
#8414=ADVANCED_FACE('',(#1253),#639,.F.);
#8415=ADVANCED_FACE('',(#1254),#909,.F.);
#8416=ADVANCED_FACE('',(#1255),#640,.F.);
#8417=ADVANCED_FACE('',(#1256),#641,.F.);
#8418=ADVANCED_FACE('',(#1257),#642,.F.);
#8419=ADVANCED_FACE('',(#1258),#643,.F.);
#8420=ADVANCED_FACE('',(#1259),#644,.F.);
#8421=ADVANCED_FACE('',(#1260),#645,.F.);
#8422=ADVANCED_FACE('',(#1261),#646,.F.);
#8423=ADVANCED_FACE('',(#1262),#647,.F.);
#8424=ADVANCED_FACE('',(#1263),#910,.F.);
#8425=ADVANCED_FACE('',(#1264),#911,.F.);
#8426=ADVANCED_FACE('',(#1265),#648,.F.);
#8427=ADVANCED_FACE('',(#1266),#649,.F.);
#8428=ADVANCED_FACE('',(#1267),#650,.F.);
#8429=ADVANCED_FACE('',(#1268),#651,.F.);
#8430=ADVANCED_FACE('',(#1269),#912,.F.);
#8431=ADVANCED_FACE('',(#1270),#913,.F.);
#8432=ADVANCED_FACE('',(#1271),#914,.F.);
#8433=ADVANCED_FACE('',(#1272),#652,.F.);
#8434=ADVANCED_FACE('',(#1273),#653,.F.);
#8435=ADVANCED_FACE('',(#1274),#915,.F.);
#8436=ADVANCED_FACE('',(#1275),#916,.F.);
#8437=ADVANCED_FACE('',(#1276),#654,.F.);
#8438=ADVANCED_FACE('',(#1277),#655,.F.);
#8439=ADVANCED_FACE('',(#1278),#656,.F.);
#8440=ADVANCED_FACE('',(#1279),#657,.F.);
#8441=ADVANCED_FACE('',(#1280),#658,.F.);
#8442=ADVANCED_FACE('',(#1281),#659,.F.);
#8443=ADVANCED_FACE('',(#1282),#660,.F.);
#8444=ADVANCED_FACE('',(#1283),#661,.F.);
#8445=ADVANCED_FACE('',(#1284),#917,.F.);
#8446=ADVANCED_FACE('',(#1285),#918,.F.);
#8447=ADVANCED_FACE('',(#1286),#662,.F.);
#8448=ADVANCED_FACE('',(#1287),#919,.F.);
#8449=ADVANCED_FACE('',(#1288,#771),#920,.T.);
#8450=ADVANCED_FACE('',(#1289),#663,.F.);
#8451=ADVANCED_FACE('',(#1290),#664,.F.);
#8452=ADVANCED_FACE('',(#1291),#921,.F.);
#8453=ADVANCED_FACE('',(#1292),#665,.F.);
#8454=ADVANCED_FACE('',(#1293),#666,.F.);
#8455=ADVANCED_FACE('',(#1294),#667,.F.);
#8456=ADVANCED_FACE('',(#1295),#668,.F.);
#8457=ADVANCED_FACE('',(#1296),#669,.F.);
#8458=ADVANCED_FACE('',(#1297),#670,.F.);
#8459=ADVANCED_FACE('',(#1298),#922,.F.);
#8460=ADVANCED_FACE('',(#1299),#671,.F.);
#8461=ADVANCED_FACE('',(#1300),#672,.F.);
#8462=ADVANCED_FACE('',(#1301),#673,.F.);
#8463=ADVANCED_FACE('',(#1302),#674,.F.);
#8464=ADVANCED_FACE('',(#1303),#675,.F.);
#8465=ADVANCED_FACE('',(#1304),#676,.F.);
#8466=ADVANCED_FACE('',(#1305),#923,.F.);
#8467=ADVANCED_FACE('',(#1306),#677,.F.);
#8468=ADVANCED_FACE('',(#1307),#678,.F.);
#8469=ADVANCED_FACE('',(#1308),#679,.F.);
#8470=ADVANCED_FACE('',(#1309),#680,.F.);
#8471=ADVANCED_FACE('',(#1310),#681,.F.);
#8472=ADVANCED_FACE('',(#1311),#682,.F.);
#8473=ADVANCED_FACE('',(#1312),#924,.F.);
#8474=ADVANCED_FACE('',(#1313),#683,.F.);
#8475=ADVANCED_FACE('',(#1314),#684,.F.);
#8476=ADVANCED_FACE('',(#1315),#685,.F.);
#8477=ADVANCED_FACE('',(#1316),#686,.F.);
#8478=ADVANCED_FACE('',(#1317),#925,.T.);
#8479=ADVANCED_FACE('',(#1318),#687,.F.);
#8480=ADVANCED_FACE('',(#1319),#688,.F.);
#8481=ADVANCED_FACE('',(#1320),#689,.F.);
#8482=ADVANCED_FACE('',(#1321),#690,.F.);
#8483=ADVANCED_FACE('',(#1322),#691,.F.);
#8484=ADVANCED_FACE('',(#1323),#692,.F.);
#8485=ADVANCED_FACE('',(#1324),#693,.F.);
#8486=ADVANCED_FACE('',(#1325),#694,.F.);
#8487=ADVANCED_FACE('',(#1326),#695,.F.);
#8488=ADVANCED_FACE('',(#1327),#696,.F.);
#8489=ADVANCED_FACE('',(#1328),#697,.F.);
#8490=ADVANCED_FACE('',(#1329),#698,.F.);
#8491=ADVANCED_FACE('',(#1330),#699,.F.);
#8492=ADVANCED_FACE('',(#1331),#700,.F.);
#8493=ADVANCED_FACE('',(#1332),#701,.F.);
#8494=ADVANCED_FACE('',(#1333),#702,.F.);
#8495=ADVANCED_FACE('',(#1334,#772),#926,.T.);
#8496=ADVANCED_FACE('',(#1335),#927,.F.);
#8497=ADVANCED_FACE('',(#1336),#928,.F.);
#8498=ADVANCED_FACE('',(#1337),#703,.F.);
#8499=ADVANCED_FACE('',(#1338),#704,.F.);
#8500=ADVANCED_FACE('',(#1339),#705,.F.);
#8501=ADVANCED_FACE('',(#1340),#706,.F.);
#8502=ADVANCED_FACE('',(#1341),#929,.F.);
#8503=ADVANCED_FACE('',(#1342),#707,.F.);
#8504=ADVANCED_FACE('',(#1343),#708,.F.);
#8505=ADVANCED_FACE('',(#1344),#709,.F.);
#8506=ADVANCED_FACE('',(#1345),#710,.F.);
#8507=ADVANCED_FACE('',(#1346),#930,.F.);
#8508=ADVANCED_FACE('',(#1347),#931,.F.);
#8509=ADVANCED_FACE('',(#1348),#932,.F.);
#8510=ADVANCED_FACE('',(#1349),#933,.F.);
#8511=ADVANCED_FACE('',(#1350),#934,.F.);
#8512=ADVANCED_FACE('',(#1351),#711,.F.);
#8513=ADVANCED_FACE('',(#1352),#712,.F.);
#8514=ADVANCED_FACE('',(#1353),#713,.F.);
#8515=ADVANCED_FACE('',(#1354),#935,.F.);
#8516=ADVANCED_FACE('',(#1355),#936,.F.);
#8517=ADVANCED_FACE('',(#1356),#937,.F.);
#8518=ADVANCED_FACE('',(#1357),#714,.F.);
#8519=ADVANCED_FACE('',(#1358),#715,.F.);
#8520=ADVANCED_FACE('',(#1359),#716,.F.);
#8521=ADVANCED_FACE('',(#1360),#938,.F.);
#8522=ADVANCED_FACE('',(#1361),#939,.F.);
#8523=ADVANCED_FACE('',(#1362),#940,.F.);
#8524=ADVANCED_FACE('',(#1363),#941,.T.);
#8525=ADVANCED_FACE('',(#1364),#717,.F.);
#8526=ADVANCED_FACE('',(#1365),#942,.F.);
#8527=ADVANCED_FACE('',(#1366),#718,.F.);
#8528=ADVANCED_FACE('',(#1367),#719,.F.);
#8529=ADVANCED_FACE('',(#1368),#720,.F.);
#8530=ADVANCED_FACE('',(#1369),#721,.F.);
#8531=ADVANCED_FACE('',(#1370),#722,.F.);
#8532=ADVANCED_FACE('',(#1371),#723,.F.);
#8533=ADVANCED_FACE('',(#1372),#724,.F.);
#8534=ADVANCED_FACE('',(#1373),#725,.F.);
#8535=ADVANCED_FACE('',(#1374),#726,.F.);
#8536=ADVANCED_FACE('',(#1375),#727,.F.);
#8537=ADVANCED_FACE('',(#1376),#728,.F.);
#8538=ADVANCED_FACE('',(#1377),#729,.F.);
#8539=ADVANCED_FACE('',(#1378),#730,.F.);
#8540=ADVANCED_FACE('',(#1379),#731,.F.);
#8541=ADVANCED_FACE('',(#1380),#732,.F.);
#8542=ADVANCED_FACE('',(#1381),#733,.F.);
#8543=ADVANCED_FACE('',(#1382),#734,.F.);
#8544=ADVANCED_FACE('',(#1383),#735,.F.);
#8545=ADVANCED_FACE('',(#1384),#736,.F.);
#8546=ADVANCED_FACE('',(#1385),#737,.F.);
#8547=ADVANCED_FACE('',(#1386),#738,.F.);
#8548=ADVANCED_FACE('',(#1387),#739,.F.);
#8549=ADVANCED_FACE('',(#1388),#943,.F.);
#8550=ADVANCED_FACE('',(#1389),#944,.F.);
#8551=ADVANCED_FACE('',(#1390),#740,.F.);
#8552=ADVANCED_FACE('',(#1391),#945,.F.);
#8553=ADVANCED_FACE('',(#1392),#946,.F.);
#8554=ADVANCED_FACE('',(#1393),#947,.F.);
#8555=ADVANCED_FACE('',(#1394),#948,.F.);
#8556=ADVANCED_FACE('',(#1395),#949,.F.);
#8557=ADVANCED_FACE('',(#1396),#950,.F.);
#8558=ADVANCED_FACE('',(#1397),#951,.F.);
#8559=ADVANCED_FACE('',(#1398),#741,.F.);
#8560=ADVANCED_FACE('',(#1399),#742,.F.);
#8561=ADVANCED_FACE('',(#1400),#743,.F.);
#8562=ADVANCED_FACE('',(#1401),#744,.F.);
#8563=ADVANCED_FACE('',(#1402),#745,.F.);
#8564=ADVANCED_FACE('',(#1403),#746,.F.);
#8565=ADVANCED_FACE('',(#1404),#747,.F.);
#8566=ADVANCED_FACE('',(#1405),#748,.F.);
#8567=ADVANCED_FACE('',(#1406),#749,.F.);
#8568=ADVANCED_FACE('',(#1407),#750,.F.);
#8569=ADVANCED_FACE('',(#1408),#952,.F.);
#8570=ADVANCED_FACE('',(#1409),#751,.F.);
#8571=ADVANCED_FACE('',(#1410),#752,.F.);
#8572=ADVANCED_FACE('',(#1411),#753,.F.);
#8573=ADVANCED_FACE('',(#1412),#754,.F.);
#8574=ADVANCED_FACE('',(#1413),#755,.F.);
#8575=ADVANCED_FACE('',(#1414),#756,.F.);
#8576=ADVANCED_FACE('',(#1415),#757,.F.);
#8577=ADVANCED_FACE('',(#1416),#758,.F.);
#8578=ADVANCED_FACE('',(#1417),#759,.F.);
#8579=ADVANCED_FACE('',(#1418),#953,.T.);
#8580=ADVANCED_FACE('',(#1419),#954,.T.);
#8581=ADVANCED_FACE('',(#1420),#955,.T.);
#8582=ADVANCED_FACE('',(#1421),#956,.T.);
#8583=ADVANCED_FACE('',(#1422),#957,.T.);
#8584=ADVANCED_FACE('',(#1423),#958,.T.);
#8585=ADVANCED_FACE('',(#1424),#959,.T.);
#8586=ADVANCED_FACE('',(#1425),#960,.T.);
#8587=ADVANCED_FACE('',(#1426),#961,.T.);
#8588=ADVANCED_FACE('',(#1427),#962,.T.);
#8589=ADVANCED_FACE('',(#1428),#963,.T.);
#8590=ADVANCED_FACE('',(#1429),#964,.T.);
#8591=ADVANCED_FACE('',(#1430),#965,.T.);
#8592=ADVANCED_FACE('',(#1431),#966,.T.);
#8593=ADVANCED_FACE('',(#1432),#967,.T.);
#8594=ADVANCED_FACE('',(#1433),#968,.T.);
#8595=ADVANCED_FACE('',(#1434),#969,.T.);
#8596=ADVANCED_FACE('',(#1435),#970,.T.);
#8597=ADVANCED_FACE('',(#1436),#971,.T.);
#8598=ADVANCED_FACE('',(#1437,#773),#972,.F.);
#8599=ADVANCED_FACE('',(#1438),#973,.T.);
#8600=ADVANCED_FACE('',(#1439),#8137,.F.);
#8601=ADVANCED_FACE('',(#1440),#974,.T.);
#8602=ADVANCED_FACE('',(#1441),#8138,.F.);
#8603=ADVANCED_FACE('',(#1442),#975,.T.);
#8604=ADVANCED_FACE('',(#1443),#8139,.T.);
#8605=ADVANCED_FACE('',(#1444),#976,.T.);
#8606=ADVANCED_FACE('',(#1445),#977,.T.);
#8607=ADVANCED_FACE('',(#1446),#8140,.F.);
#8608=ADVANCED_FACE('',(#1447),#978,.T.);
#8609=ADVANCED_FACE('',(#1448),#8141,.T.);
#8610=ADVANCED_FACE('',(#1449),#8142,.F.);
#8611=ADVANCED_FACE('',(#1450),#979,.T.);
#8612=ADVANCED_FACE('',(#1451),#980,.T.);
#8613=ADVANCED_FACE('',(#1452,#774,#775,#776,#777,#778,#779,#780,#781,#782,
#783,#784,#785,#786,#787),#981,.T.);
#8614=CLOSED_SHELL('',(#8143,#8144,#8145,#8146,#8147,#8148,#8149,#8150,
#8151,#8152,#8153,#8154,#8155,#8156,#8157,#8158,#8159,#8160,#8161,#8162,
#8163,#8164,#8165,#8166,#8167,#8168,#8169,#8170,#8171,#8172,#8173,#8174,
#8175,#8176,#8177,#8178,#8179,#8180,#8181,#8182,#8183,#8184,#8185,#8186,
#8187,#8188,#8189,#8190,#8191,#8192,#8193,#8194,#8195));
#8615=CLOSED_SHELL('',(#8196,#8197,#8198,#8199,#8200,#8201,#8202,#8203,
#8204,#8205,#8206,#8207,#8208,#8209,#8210,#8211,#8212,#8213,#8214,#8215,
#8216,#8217,#8218,#8219,#8220,#8221,#8222,#8223,#8224,#8225,#8226,#8227,
#8228,#8229,#8230,#8231,#8232,#8233,#8234,#8235,#8236,#8237,#8238,#8239,
#8240,#8241,#8242,#8243,#8244,#8245,#8246,#8247,#8248,#8249,#8250,#8251,
#8252,#8253,#8254,#8255,#8256,#8257,#8258,#8259,#8260,#8261,#8262,#8263,
#8264,#8265,#8266,#8267,#8268,#8269,#8270,#8271,#8272,#8273,#8274,#8275,
#8276,#8277,#8278,#8279,#8280,#8281,#8282,#8283,#8284,#8285,#8286,#8287,
#8288,#8289,#8290,#8291,#8292,#8293,#8294,#8295,#8296,#8297,#8298,#8299,
#8300,#8301,#8302,#8303,#8304,#8305,#8306,#8307,#8308,#8309,#8310,#8311,
#8312,#8313,#8314,#8315,#8316,#8317,#8318,#8319,#8320,#8321,#8322,#8323,
#8324,#8325,#8326,#8327,#8328,#8329,#8330,#8331,#8332,#8333,#8334,#8335,
#8336,#8337,#8338,#8339,#8340,#8341,#8342,#8343,#8344,#8345,#8346,#8347,
#8348,#8349,#8350,#8351,#8352,#8353,#8354,#8355,#8356,#8357,#8358,#8359,
#8360,#8361,#8362,#8363,#8364,#8365,#8366,#8367,#8368,#8369,#8370,#8371,
#8372,#8373,#8374,#8375,#8376,#8377,#8378,#8379,#8380,#8381,#8382,#8383,
#8384,#8385,#8386,#8387,#8388,#8389,#8390,#8391,#8392,#8393,#8394,#8395,
#8396,#8397,#8398,#8399,#8400,#8401,#8402,#8403,#8404,#8405,#8406,#8407,
#8408,#8409,#8410,#8411,#8412,#8413,#8414,#8415,#8416,#8417,#8418,#8419,
#8420,#8421,#8422,#8423,#8424,#8425,#8426,#8427,#8428,#8429,#8430,#8431,
#8432,#8433,#8434,#8435,#8436,#8437,#8438,#8439,#8440,#8441,#8442,#8443,
#8444,#8445,#8446,#8447,#8448,#8449,#8450,#8451,#8452,#8453,#8454,#8455,
#8456,#8457,#8458,#8459,#8460,#8461,#8462,#8463,#8464,#8465,#8466,#8467,
#8468,#8469,#8470,#8471,#8472,#8473,#8474,#8475,#8476,#8477,#8478,#8479,
#8480,#8481,#8482,#8483,#8484,#8485,#8486,#8487,#8488,#8489,#8490,#8491,
#8492,#8493,#8494,#8495,#8496,#8497,#8498,#8499,#8500,#8501,#8502,#8503,
#8504,#8505,#8506,#8507,#8508,#8509,#8510,#8511,#8512,#8513,#8514,#8515,
#8516,#8517,#8518,#8519,#8520,#8521,#8522,#8523,#8524,#8525,#8526,#8527,
#8528,#8529,#8530,#8531,#8532,#8533,#8534,#8535,#8536,#8537,#8538,#8539,
#8540,#8541,#8542,#8543,#8544,#8545,#8546,#8547,#8548,#8549,#8550,#8551,
#8552,#8553,#8554,#8555,#8556,#8557,#8558,#8559,#8560,#8561,#8562,#8563,
#8564,#8565,#8566,#8567,#8568,#8569,#8570,#8571,#8572,#8573,#8574,#8575,
#8576,#8577,#8578,#8579,#8580,#8581,#8582,#8583,#8584,#8585,#8586,#8587,
#8588,#8589,#8590,#8591,#8592,#8593,#8594,#8595,#8596,#8597,#8598,#8599,
#8600,#8601,#8602,#8603,#8604,#8605,#8606,#8607,#8608,#8609,#8610,#8611,
#8612,#8613));
#8616=DERIVED_UNIT_ELEMENT(#8618,1.);
#8617=DERIVED_UNIT_ELEMENT(#15005,-3.);
#8618=(
MASS_UNIT()
NAMED_UNIT(*)
SI_UNIT(.KILO.,.GRAM.)
);
#8619=DERIVED_UNIT((#8616,#8617));
#8620=MEASURE_REPRESENTATION_ITEM('density measure',
POSITIVE_RATIO_MEASURE(7850.),#8619);
#8621=PROPERTY_DEFINITION_REPRESENTATION(#8626,#8623);
#8622=PROPERTY_DEFINITION_REPRESENTATION(#8627,#8624);
#8623=REPRESENTATION('material name',(#8625),#15002);
#8624=REPRESENTATION('density',(#8620),#15002);
#8625=DESCRIPTIVE_REPRESENTATION_ITEM('Steel','Steel');
#8626=PROPERTY_DEFINITION('material property','material name',#15012);
#8627=PROPERTY_DEFINITION('material property','density of part',#15012);
#8628=AXIS2_PLACEMENT_3D('',#10192,#8907,#8908);
#8629=AXIS2_PLACEMENT_3D('',#10193,#8909,#8910);
#8630=AXIS2_PLACEMENT_3D('',#10195,#8911,#8912);
#8631=AXIS2_PLACEMENT_3D('',#10198,#8914,#8915);
#8632=AXIS2_PLACEMENT_3D('',#10199,#8916,#8917);
#8633=AXIS2_PLACEMENT_3D('',#10200,#8918,#8919);
#8634=AXIS2_PLACEMENT_3D('',#10202,#8920,#8921);
#8635=AXIS2_PLACEMENT_3D('',#10205,#8923,#8924);
#8636=AXIS2_PLACEMENT_3D('',#10206,#8925,#8926);
#8637=AXIS2_PLACEMENT_3D('',#10207,#8927,#8928);
#8638=AXIS2_PLACEMENT_3D('',#10209,#8929,#8930);
#8639=AXIS2_PLACEMENT_3D('',#10212,#8932,#8933);
#8640=AXIS2_PLACEMENT_3D('',#10213,#8934,#8935);
#8641=AXIS2_PLACEMENT_3D('',#10214,#8936,#8937);
#8642=AXIS2_PLACEMENT_3D('',#10216,#8938,#8939);
#8643=AXIS2_PLACEMENT_3D('',#10219,#8941,#8942);
#8644=AXIS2_PLACEMENT_3D('',#10220,#8943,#8944);
#8645=AXIS2_PLACEMENT_3D('',#10221,#8945,#8946);
#8646=AXIS2_PLACEMENT_3D('',#10224,#8947,#8948);
#8647=AXIS2_PLACEMENT_3D('',#10228,#8950,#8951);
#8648=AXIS2_PLACEMENT_3D('',#10230,#8953,#8954);
#8649=AXIS2_PLACEMENT_3D('',#10236,#8958,#8959);
#8650=AXIS2_PLACEMENT_3D('',#10242,#8963,#8964);
#8651=AXIS2_PLACEMENT_3D('',#10244,#8965,#8966);
#8652=AXIS2_PLACEMENT_3D('',#10246,#8967,#8968);
#8653=AXIS2_PLACEMENT_3D('',#10248,#8970,#8971);
#8654=AXIS2_PLACEMENT_3D('',#10254,#8975,#8976);
#8655=AXIS2_PLACEMENT_3D('',#10256,#8977,#8978);
#8656=AXIS2_PLACEMENT_3D('',#10258,#8979,#8980);
#8657=AXIS2_PLACEMENT_3D('',#10260,#8982,#8983);
#8658=AXIS2_PLACEMENT_3D('',#10266,#8987,#8988);
#8659=AXIS2_PLACEMENT_3D('',#10268,#8989,#8990);
#8660=AXIS2_PLACEMENT_3D('',#10270,#8991,#8992);
#8661=AXIS2_PLACEMENT_3D('',#10272,#8994,#8995);
#8662=AXIS2_PLACEMENT_3D('',#10278,#8999,#9000);
#8663=AXIS2_PLACEMENT_3D('',#10280,#9001,#9002);
#8664=AXIS2_PLACEMENT_3D('',#10282,#9003,#9004);
#8665=AXIS2_PLACEMENT_3D('',#10284,#9006,#9007);
#8666=AXIS2_PLACEMENT_3D('',#10290,#9011,#9012);
#8667=AXIS2_PLACEMENT_3D('',#10296,#9016,#9017);
#8668=AXIS2_PLACEMENT_3D('',#10298,#9018,#9019);
#8669=AXIS2_PLACEMENT_3D('',#10300,#9020,#9021);
#8670=AXIS2_PLACEMENT_3D('',#10302,#9023,#9024);
#8671=AXIS2_PLACEMENT_3D('',#10308,#9028,#9029);
#8672=AXIS2_PLACEMENT_3D('',#10310,#9030,#9031);
#8673=AXIS2_PLACEMENT_3D('',#10312,#9032,#9033);
#8674=AXIS2_PLACEMENT_3D('',#10314,#9035,#9036);
#8675=AXIS2_PLACEMENT_3D('',#10320,#9040,#9041);
#8676=AXIS2_PLACEMENT_3D('',#10322,#9042,#9043);
#8677=AXIS2_PLACEMENT_3D('',#10324,#9044,#9045);
#8678=AXIS2_PLACEMENT_3D('',#10326,#9047,#9048);
#8679=AXIS2_PLACEMENT_3D('',#10332,#9052,#9053);
#8680=AXIS2_PLACEMENT_3D('',#10334,#9054,#9055);
#8681=AXIS2_PLACEMENT_3D('',#10336,#9056,#9057);
#8682=AXIS2_PLACEMENT_3D('',#10338,#9059,#9060);
#8683=AXIS2_PLACEMENT_3D('',#10344,#9064,#9065);
#8684=AXIS2_PLACEMENT_3D('',#10346,#9066,#9067);
#8685=AXIS2_PLACEMENT_3D('',#10348,#9068,#9069);
#8686=AXIS2_PLACEMENT_3D('',#10350,#9071,#9072);
#8687=AXIS2_PLACEMENT_3D('',#10356,#9076,#9077);
#8688=AXIS2_PLACEMENT_3D('',#10358,#9078,#9079);
#8689=AXIS2_PLACEMENT_3D('',#10360,#9080,#9081);
#8690=AXIS2_PLACEMENT_3D('',#10362,#9083,#9084);
#8691=AXIS2_PLACEMENT_3D('',#10368,#9088,#9089);
#8692=AXIS2_PLACEMENT_3D('',#10371,#9092,#9093);
#8693=AXIS2_PLACEMENT_3D('',#10380,#9098,#9099);
#8694=AXIS2_PLACEMENT_3D('',#10382,#9100,#9101);
#8695=AXIS2_PLACEMENT_3D('',#10384,#9102,#9103);
#8696=AXIS2_PLACEMENT_3D('',#10386,#9105,#9106);
#8697=AXIS2_PLACEMENT_3D('',#10392,#9110,#9111);
#8698=AXIS2_PLACEMENT_3D('',#10394,#9112,#9113);
#8699=AXIS2_PLACEMENT_3D('',#10396,#9114,#9115);
#8700=AXIS2_PLACEMENT_3D('',#10398,#9117,#9118);
#8701=AXIS2_PLACEMENT_3D('',#10404,#9122,#9123);
#8702=AXIS2_PLACEMENT_3D('',#10410,#9127,#9128);
#8703=AXIS2_PLACEMENT_3D('',#10412,#9129,#9130);
#8704=AXIS2_PLACEMENT_3D('',#10414,#9131,#9132);
#8705=AXIS2_PLACEMENT_3D('',#10416,#9134,#9135);
#8706=AXIS2_PLACEMENT_3D('',#10422,#9139,#9140);
#8707=AXIS2_PLACEMENT_3D('',#10428,#9144,#9145);
#8708=AXIS2_PLACEMENT_3D('',#10434,#9149,#9150);
#8709=AXIS2_PLACEMENT_3D('',#10436,#9151,#9152);
#8710=AXIS2_PLACEMENT_3D('',#10438,#9153,#9154);
#8711=AXIS2_PLACEMENT_3D('',#10440,#9156,#9157);
#8712=AXIS2_PLACEMENT_3D('',#10446,#9161,#9162);
#8713=AXIS2_PLACEMENT_3D('',#10452,#9166,#9167);
#8714=AXIS2_PLACEMENT_3D('',#10454,#9168,#9169);
#8715=AXIS2_PLACEMENT_3D('',#10456,#9170,#9171);
#8716=AXIS2_PLACEMENT_3D('',#10458,#9173,#9174);
#8717=AXIS2_PLACEMENT_3D('',#10464,#9178,#9179);
#8718=AXIS2_PLACEMENT_3D('',#10466,#9180,#9181);
#8719=AXIS2_PLACEMENT_3D('',#10468,#9182,#9183);
#8720=AXIS2_PLACEMENT_3D('',#10470,#9185,#9186);
#8721=AXIS2_PLACEMENT_3D('',#10476,#9190,#9191);
#8722=AXIS2_PLACEMENT_3D('',#10477,#9192,#9193);
#8723=AXIS2_PLACEMENT_3D('',#10478,#9194,#9195);
#8724=AXIS2_PLACEMENT_3D('',#10479,#9196,#9197);
#8725=AXIS2_PLACEMENT_3D('',#10480,#9198,#9199);
#8726=AXIS2_PLACEMENT_3D('',#10481,#9200,#9201);
#8727=AXIS2_PLACEMENT_3D('',#10551,#9211,#9212);
#8728=AXIS2_PLACEMENT_3D('',#10557,#9216,#9217);
#8729=AXIS2_PLACEMENT_3D('',#10563,#9221,#9222);
#8730=AXIS2_PLACEMENT_3D('',#10614,#9229,#9230);
#8731=AXIS2_PLACEMENT_3D('',#10633,#9235,#9236);
#8732=AXIS2_PLACEMENT_3D('',#10634,#9237,#9238);
#8733=AXIS2_PLACEMENT_3D('',#10643,#9243,#9244);
#8734=AXIS2_PLACEMENT_3D('',#10706,#9251,#9252);
#8735=AXIS2_PLACEMENT_3D('',#10712,#9256,#9257);
#8736=AXIS2_PLACEMENT_3D('',#10719,#9262,#9263);
#8737=AXIS2_PLACEMENT_3D('',#10771,#9271,#9272);
#8738=AXIS2_PLACEMENT_3D('',#10777,#9276,#9277);
#8739=AXIS2_PLACEMENT_3D('',#10783,#9281,#9282);
#8740=AXIS2_PLACEMENT_3D('',#10798,#9285,#9286);
#8741=AXIS2_PLACEMENT_3D('',#10799,#9287,#9288);
#8742=AXIS2_PLACEMENT_3D('',#10808,#9293,#9294);
#8743=AXIS2_PLACEMENT_3D('',#10811,#9297,#9298);
#8744=AXIS2_PLACEMENT_3D('',#10817,#9302,#9303);
#8745=AXIS2_PLACEMENT_3D('',#10823,#9307,#9308);
#8746=AXIS2_PLACEMENT_3D('',#10829,#9312,#9313);
#8747=AXIS2_PLACEMENT_3D('',#10835,#9317,#9318);
#8748=AXIS2_PLACEMENT_3D('',#10850,#9321,#9322);
#8749=AXIS2_PLACEMENT_3D('',#10884,#9326,#9327);
#8750=AXIS2_PLACEMENT_3D('',#10980,#9337,#9338);
#8751=AXIS2_PLACEMENT_3D('',#11076,#9348,#9349);
#8752=AXIS2_PLACEMENT_3D('',#11172,#9359,#9360);
#8753=AXIS2_PLACEMENT_3D('',#11235,#9367,#9368);
#8754=AXIS2_PLACEMENT_3D('',#11254,#9371,#9372);
#8755=AXIS2_PLACEMENT_3D('',#11305,#9379,#9380);
#8756=AXIS2_PLACEMENT_3D('',#11311,#9384,#9385);
#8757=AXIS2_PLACEMENT_3D('',#11317,#9389,#9390);
#8758=AXIS2_PLACEMENT_3D('',#11323,#9394,#9395);
#8759=AXIS2_PLACEMENT_3D('',#11329,#9399,#9400);
#8760=AXIS2_PLACEMENT_3D('',#11335,#9404,#9405);
#8761=AXIS2_PLACEMENT_3D('',#11341,#9409,#9410);
#8762=AXIS2_PLACEMENT_3D('',#11374,#9415,#9416);
#8763=AXIS2_PLACEMENT_3D('',#11375,#9417,#9418);
#8764=AXIS2_PLACEMENT_3D('',#11384,#9423,#9424);
#8765=AXIS2_PLACEMENT_3D('',#11390,#9428,#9429);
#8766=AXIS2_PLACEMENT_3D('',#11487,#9440,#9441);
#8767=AXIS2_PLACEMENT_3D('',#11598,#9452,#9453);
#8768=AXIS2_PLACEMENT_3D('',#11605,#9458,#9459);
#8769=AXIS2_PLACEMENT_3D('',#11623,#9463,#9464);
#8770=AXIS2_PLACEMENT_3D('',#11642,#9469,#9470);
#8771=AXIS2_PLACEMENT_3D('',#11643,#9471,#9472);
#8772=AXIS2_PLACEMENT_3D('',#11694,#9479,#9480);
#8773=AXIS2_PLACEMENT_3D('',#11700,#9484,#9485);
#8774=AXIS2_PLACEMENT_3D('',#11706,#9489,#9490);
#8775=AXIS2_PLACEMENT_3D('',#11742,#9496,#9497);
#8776=AXIS2_PLACEMENT_3D('',#11748,#9501,#9502);
#8777=AXIS2_PLACEMENT_3D('',#11754,#9506,#9507);
#8778=AXIS2_PLACEMENT_3D('',#11757,#9510,#9511);
#8779=AXIS2_PLACEMENT_3D('',#11760,#9514,#9515);
#8780=AXIS2_PLACEMENT_3D('',#12051,#9538,#9539);
#8781=AXIS2_PLACEMENT_3D('',#12129,#9547,#9548);
#8782=AXIS2_PLACEMENT_3D('',#12159,#9552,#9553);
#8783=AXIS2_PLACEMENT_3D('',#12160,#9554,#9555);
#8784=AXIS2_PLACEMENT_3D('',#12245,#9566,#9567);
#8785=AXIS2_PLACEMENT_3D('',#12251,#9571,#9572);
#8786=AXIS2_PLACEMENT_3D('',#12257,#9576,#9577);
#8787=AXIS2_PLACEMENT_3D('',#12323,#9585,#9586);
#8788=AXIS2_PLACEMENT_3D('',#12329,#9590,#9591);
#8789=AXIS2_PLACEMENT_3D('',#12333,#9595,#9596);
#8790=AXIS2_PLACEMENT_3D('',#12334,#9597,#9598);
#8791=AXIS2_PLACEMENT_3D('',#12343,#9603,#9604);
#8792=AXIS2_PLACEMENT_3D('',#12346,#9607,#9608);
#8793=AXIS2_PLACEMENT_3D('',#12352,#9612,#9613);
#8794=AXIS2_PLACEMENT_3D('',#12358,#9617,#9618);
#8795=AXIS2_PLACEMENT_3D('',#12364,#9622,#9623);
#8796=AXIS2_PLACEMENT_3D('',#12370,#9627,#9628);
#8797=AXIS2_PLACEMENT_3D('',#12385,#9631,#9632);
#8798=AXIS2_PLACEMENT_3D('',#12386,#9633,#9634);
#8799=AXIS2_PLACEMENT_3D('',#12440,#9642,#9643);
#8800=AXIS2_PLACEMENT_3D('',#12446,#9647,#9648);
#8801=AXIS2_PLACEMENT_3D('',#12449,#9651,#9652);
#8802=AXIS2_PLACEMENT_3D('',#12533,#9662,#9663);
#8803=AXIS2_PLACEMENT_3D('',#12539,#9667,#9668);
#8804=AXIS2_PLACEMENT_3D('',#12545,#9672,#9673);
#8805=AXIS2_PLACEMENT_3D('',#12551,#9677,#9678);
#8806=AXIS2_PLACEMENT_3D('',#12557,#9682,#9683);
#8807=AXIS2_PLACEMENT_3D('',#12590,#9688,#9689);
#8808=AXIS2_PLACEMENT_3D('',#12591,#9690,#9691);
#8809=AXIS2_PLACEMENT_3D('',#12646,#9700,#9701);
#8810=AXIS2_PLACEMENT_3D('',#12697,#9708,#9709);
#8811=AXIS2_PLACEMENT_3D('',#12746,#9716,#9717);
#8812=AXIS2_PLACEMENT_3D('',#12777,#9720,#9721);
#8813=AXIS2_PLACEMENT_3D('',#12822,#9726,#9727);
#8814=AXIS2_PLACEMENT_3D('',#12841,#9730,#9731);
#8815=AXIS2_PLACEMENT_3D('',#12848,#9736,#9737);
#8816=AXIS2_PLACEMENT_3D('',#12866,#9741,#9742);
#8817=AXIS2_PLACEMENT_3D('',#12992,#9754,#9755);
#8818=AXIS2_PLACEMENT_3D('',#12998,#9759,#9760);
#8819=AXIS2_PLACEMENT_3D('',#13062,#9768,#9769);
#8820=AXIS2_PLACEMENT_3D('',#13068,#9773,#9774);
#8821=AXIS2_PLACEMENT_3D('',#13074,#9778,#9779);
#8822=AXIS2_PLACEMENT_3D('',#13110,#9785,#9786);
#8823=AXIS2_PLACEMENT_3D('',#13116,#9790,#9791);
#8824=AXIS2_PLACEMENT_3D('',#13242,#9803,#9804);
#8825=AXIS2_PLACEMENT_3D('',#13249,#9809,#9810);
#8826=AXIS2_PLACEMENT_3D('',#13267,#9814,#9815);
#8827=AXIS2_PLACEMENT_3D('',#13270,#9818,#9819);
#8828=AXIS2_PLACEMENT_3D('',#13304,#9823,#9824);
#8829=AXIS2_PLACEMENT_3D('',#13400,#9834,#9835);
#8830=AXIS2_PLACEMENT_3D('',#13496,#9845,#9846);
#8831=AXIS2_PLACEMENT_3D('',#13592,#9856,#9857);
#8832=AXIS2_PLACEMENT_3D('',#13655,#9864,#9865);
#8833=AXIS2_PLACEMENT_3D('',#13896,#9882,#9883);
#8834=AXIS2_PLACEMENT_3D('',#13897,#9884,#9885);
#8835=AXIS2_PLACEMENT_3D('',#13906,#9890,#9891);
#8836=AXIS2_PLACEMENT_3D('',#13972,#9899,#9900);
#8837=AXIS2_PLACEMENT_3D('',#14038,#9908,#9909);
#8838=AXIS2_PLACEMENT_3D('',#14044,#9913,#9914);
#8839=AXIS2_PLACEMENT_3D('',#14050,#9918,#9919);
#8840=AXIS2_PLACEMENT_3D('',#14056,#9923,#9924);
#8841=AXIS2_PLACEMENT_3D('',#14062,#9928,#9929);
#8842=AXIS2_PLACEMENT_3D('',#14113,#9936,#9937);
#8843=AXIS2_PLACEMENT_3D('',#14119,#9941,#9942);
#8844=AXIS2_PLACEMENT_3D('',#14125,#9946,#9947);
#8845=AXIS2_PLACEMENT_3D('',#14176,#9954,#9955);
#8846=AXIS2_PLACEMENT_3D('',#14182,#9959,#9960);
#8847=AXIS2_PLACEMENT_3D('',#14188,#9964,#9965);
#8848=AXIS2_PLACEMENT_3D('',#14191,#9968,#9969);
#8849=AXIS2_PLACEMENT_3D('',#14210,#9972,#9973);
#8850=AXIS2_PLACEMENT_3D('',#14542,#9999,#10000);
#8851=AXIS2_PLACEMENT_3D('',#14549,#10005,#10006);
#8852=AXIS2_PLACEMENT_3D('',#14567,#10010,#10011);
#8853=AXIS2_PLACEMENT_3D('',#14573,#10015,#10016);
#8854=AXIS2_PLACEMENT_3D('',#14580,#10021,#10022);
#8855=AXIS2_PLACEMENT_3D('',#14586,#10026,#10027);
#8856=AXIS2_PLACEMENT_3D('',#14589,#10030,#10031);
#8857=AXIS2_PLACEMENT_3D('',#14595,#10035,#10036);
#8858=AXIS2_PLACEMENT_3D('',#14601,#10040,#10041);
#8859=AXIS2_PLACEMENT_3D('',#14757,#10055,#10056);
#8860=AXIS2_PLACEMENT_3D('',#14895,#10068,#10069);
#8861=AXIS2_PLACEMENT_3D('',#14896,#10070,#10071);
#8862=AXIS2_PLACEMENT_3D('',#14897,#10072,#10073);
#8863=AXIS2_PLACEMENT_3D('',#14898,#10074,#10075);
#8864=AXIS2_PLACEMENT_3D('',#14899,#10076,#10077);
#8865=AXIS2_PLACEMENT_3D('',#14900,#10078,#10079);
#8866=AXIS2_PLACEMENT_3D('',#14901,#10080,#10081);
#8867=AXIS2_PLACEMENT_3D('',#14902,#10082,#10083);
#8868=AXIS2_PLACEMENT_3D('',#14903,#10084,#10085);
#8869=AXIS2_PLACEMENT_3D('',#14904,#10086,#10087);
#8870=AXIS2_PLACEMENT_3D('',#14905,#10088,#10089);
#8871=AXIS2_PLACEMENT_3D('',#14906,#10090,#10091);
#8872=AXIS2_PLACEMENT_3D('',#14907,#10092,#10093);
#8873=AXIS2_PLACEMENT_3D('',#14908,#10094,#10095);
#8874=AXIS2_PLACEMENT_3D('',#14909,#10096,#10097);
#8875=AXIS2_PLACEMENT_3D('',#14910,#10098,#10099);
#8876=AXIS2_PLACEMENT_3D('',#14911,#10100,#10101);
#8877=AXIS2_PLACEMENT_3D('',#14912,#10102,#10103);
#8878=AXIS2_PLACEMENT_3D('',#14913,#10104,#10105);
#8879=AXIS2_PLACEMENT_3D('',#14914,#10106,#10107);
#8880=AXIS2_PLACEMENT_3D('',#14917,#10108,#10109);
#8881=AXIS2_PLACEMENT_3D('',#14923,#10112,#10113);
#8882=AXIS2_PLACEMENT_3D('',#14929,#10116,#10117);
#8883=AXIS2_PLACEMENT_3D('',#14933,#10119,#10120);
#8884=AXIS2_PLACEMENT_3D('',#14937,#10122,#10123);
#8885=AXIS2_PLACEMENT_3D('',#14941,#10125,#10126);
#8886=AXIS2_PLACEMENT_3D('',#14943,#10128,#10129);
#8887=AXIS2_PLACEMENT_3D('',#14949,#10133,#10134);
#8888=AXIS2_PLACEMENT_3D('',#14952,#10136,#10137);
#8889=AXIS2_PLACEMENT_3D('',#14953,#10138,#10139);
#8890=AXIS2_PLACEMENT_3D('',#14957,#10142,#10143);
#8891=AXIS2_PLACEMENT_3D('',#14960,#10145,#10146);
#8892=AXIS2_PLACEMENT_3D('',#14961,#10147,#10148);
#8893=AXIS2_PLACEMENT_3D('',#14967,#10152,#10153);
#8894=AXIS2_PLACEMENT_3D('',#14970,#10155,#10156);
#8895=AXIS2_PLACEMENT_3D('',#14971,#10157,#10158);
#8896=AXIS2_PLACEMENT_3D('',#14975,#10161,#10162);
#8897=AXIS2_PLACEMENT_3D('',#14979,#10165,#10166);
#8898=AXIS2_PLACEMENT_3D('',#14982,#10168,#10169);
#8899=AXIS2_PLACEMENT_3D('',#14983,#10170,#10171);
#8900=AXIS2_PLACEMENT_3D('',#14987,#10174,#10175);
#8901=AXIS2_PLACEMENT_3D('',#14990,#10177,#10178);
#8902=AXIS2_PLACEMENT_3D('',#14991,#10179,#10180);
#8903=AXIS2_PLACEMENT_3D('',#14993,#10181,#10182);
#8904=AXIS2_PLACEMENT_3D('',#14995,#10184,#10185);
#8905=AXIS2_PLACEMENT_3D('',#14997,#10187,#10188);
#8906=AXIS2_PLACEMENT_3D('',#14999,#10190,#10191);
#8907=DIRECTION('axis',(0.,0.,1.));
#8908=DIRECTION('refdir',(1.,0.,0.));
#8909=DIRECTION('center_axis',(0.,0.,1.));
#8910=DIRECTION('ref_axis',(1.,0.,0.));
#8911=DIRECTION('center_axis',(0.,0.,1.));
#8912=DIRECTION('ref_axis',(1.,0.,0.));
#8913=DIRECTION('',(0.,0.,1.));
#8914=DIRECTION('center_axis',(0.,0.,1.));
#8915=DIRECTION('ref_axis',(1.,0.,0.));
#8916=DIRECTION('center_axis',(0.,0.,1.));
#8917=DIRECTION('ref_axis',(1.,0.,0.));
#8918=DIRECTION('center_axis',(0.,0.,1.));
#8919=DIRECTION('ref_axis',(1.,0.,0.));
#8920=DIRECTION('center_axis',(0.,0.,1.));
#8921=DIRECTION('ref_axis',(1.,0.,0.));
#8922=DIRECTION('',(0.,0.,1.));
#8923=DIRECTION('center_axis',(0.,0.,1.));
#8924=DIRECTION('ref_axis',(1.,0.,0.));
#8925=DIRECTION('center_axis',(0.,0.,1.));
#8926=DIRECTION('ref_axis',(1.,0.,0.));
#8927=DIRECTION('center_axis',(0.,0.,1.));
#8928=DIRECTION('ref_axis',(1.,0.,0.));
#8929=DIRECTION('center_axis',(0.,0.,1.));
#8930=DIRECTION('ref_axis',(1.,0.,0.));
#8931=DIRECTION('',(0.,0.,1.));
#8932=DIRECTION('center_axis',(0.,0.,1.));
#8933=DIRECTION('ref_axis',(1.,0.,0.));
#8934=DIRECTION('center_axis',(0.,0.,1.));
#8935=DIRECTION('ref_axis',(1.,0.,0.));
#8936=DIRECTION('center_axis',(0.,0.,1.));
#8937=DIRECTION('ref_axis',(1.,0.,0.));
#8938=DIRECTION('center_axis',(0.,0.,1.));
#8939=DIRECTION('ref_axis',(1.,0.,0.));
#8940=DIRECTION('',(0.,0.,1.));
#8941=DIRECTION('center_axis',(0.,0.,1.));
#8942=DIRECTION('ref_axis',(1.,0.,0.));
#8943=DIRECTION('center_axis',(0.,0.,1.));
#8944=DIRECTION('ref_axis',(1.,0.,0.));
#8945=DIRECTION('center_axis',(0.,0.,1.));
#8946=DIRECTION('ref_axis',(0.999975630705395,-0.00698126029794465,0.));
#8947=DIRECTION('center_axis',(0.,0.,1.));
#8948=DIRECTION('ref_axis',(0.999975630705395,-0.00698126029794465,0.));
#8949=DIRECTION('',(0.,0.,1.));
#8950=DIRECTION('center_axis',(0.,0.,1.));
#8951=DIRECTION('ref_axis',(0.999975630705395,-0.00698126029794465,0.));
#8952=DIRECTION('',(0.,0.,1.));
#8953=DIRECTION('center_axis',(0.999975630705395,-0.0069812602979417,0.));
#8954=DIRECTION('ref_axis',(0.0069812602979417,0.999975630705395,0.));
#8955=DIRECTION('',(0.0069812602979417,0.999975630705395,0.));
#8956=DIRECTION('',(0.0069812602979417,0.999975630705395,0.));
#8957=DIRECTION('',(0.,0.,1.));
#8958=DIRECTION('center_axis',(0.999999976281282,0.000217801368535676,0.));
#8959=DIRECTION('ref_axis',(-0.000217801368535676,0.999999976281282,0.));
#8960=DIRECTION('',(-0.000217801368535676,0.999999976281282,0.));
#8961=DIRECTION('',(-0.000217801368535676,0.999999976281282,0.));
#8962=DIRECTION('',(0.,0.,1.));
#8963=DIRECTION('center_axis',(0.,0.,1.));
#8964=DIRECTION('ref_axis',(-0.999999976281282,-0.000217801368531665,0.));
#8965=DIRECTION('center_axis',(0.,0.,-1.));
#8966=DIRECTION('ref_axis',(-0.999999976281282,-0.000217801368531665,0.));
#8967=DIRECTION('center_axis',(0.,0.,-1.));
#8968=DIRECTION('ref_axis',(-0.999999976281282,-0.000217801368531665,0.));
#8969=DIRECTION('',(0.,0.,1.));
#8970=DIRECTION('center_axis',(0.,1.,0.));
#8971=DIRECTION('ref_axis',(-1.,0.,0.));
#8972=DIRECTION('',(-1.,0.,0.));
#8973=DIRECTION('',(-1.,0.,0.));
#8974=DIRECTION('',(0.,0.,1.));
#8975=DIRECTION('center_axis',(0.,0.,1.));
#8976=DIRECTION('ref_axis',(0.258670904572891,0.965965508249359,0.));
#8977=DIRECTION('center_axis',(0.,0.,1.));
#8978=DIRECTION('ref_axis',(0.258670904572891,0.965965508249359,0.));
#8979=DIRECTION('center_axis',(0.,0.,1.));
#8980=DIRECTION('ref_axis',(0.258670904572891,0.965965508249359,0.));
#8981=DIRECTION('',(0.,0.,1.));
#8982=DIRECTION('center_axis',(0.258670904572813,0.96596550824938,0.));
#8983=DIRECTION('ref_axis',(-0.96596550824938,0.258670904572813,0.));
#8984=DIRECTION('',(-0.96596550824938,0.258670904572813,0.));
#8985=DIRECTION('',(-0.96596550824938,0.258670904572813,0.));
#8986=DIRECTION('',(0.,0.,1.));
#8987=DIRECTION('center_axis',(0.,0.,1.));
#8988=DIRECTION('ref_axis',(0.497180451833026,0.867647162339109,0.));
#8989=DIRECTION('center_axis',(0.,0.,1.));
#8990=DIRECTION('ref_axis',(0.497180451833026,0.867647162339109,0.));
#8991=DIRECTION('center_axis',(0.,0.,1.));
#8992=DIRECTION('ref_axis',(0.497180451833026,0.867647162339109,0.));
#8993=DIRECTION('',(0.,0.,1.));
#8994=DIRECTION('center_axis',(0.49718045183303,0.867647162339107,0.));
#8995=DIRECTION('ref_axis',(-0.867647162339107,0.49718045183303,0.));
#8996=DIRECTION('',(-0.867647162339107,0.49718045183303,0.));
#8997=DIRECTION('',(-0.867647162339107,0.49718045183303,0.));
#8998=DIRECTION('',(0.,0.,1.));
#8999=DIRECTION('center_axis',(0.,0.,1.));
#9000=DIRECTION('ref_axis',(-0.497180451833003,-0.867647162339122,0.));
#9001=DIRECTION('center_axis',(0.,0.,-1.));
#9002=DIRECTION('ref_axis',(-0.497180451833003,-0.867647162339122,0.));
#9003=DIRECTION('center_axis',(0.,0.,-1.));
#9004=DIRECTION('ref_axis',(-0.497180451833003,-0.867647162339122,0.));
#9005=DIRECTION('',(0.,0.,1.));
#9006=DIRECTION('center_axis',(-0.867647162339049,0.497180451833131,0.));
#9007=DIRECTION('ref_axis',(-0.497180451833131,-0.867647162339049,0.));
#9008=DIRECTION('',(-0.497180451833131,-0.867647162339049,0.));
#9009=DIRECTION('',(-0.497180451833131,-0.867647162339049,0.));
#9010=DIRECTION('',(0.,0.,1.));
#9011=DIRECTION('center_axis',(-0.861254818367786,0.508173334442366,0.));
#9012=DIRECTION('ref_axis',(-0.508173334442365,-0.861254818367786,0.));
#9013=DIRECTION('',(-0.508173334442365,-0.861254818367786,0.));
#9014=DIRECTION('',(-0.508173334442365,-0.861254818367786,0.));
#9015=DIRECTION('',(0.,0.,1.));
#9016=DIRECTION('center_axis',(0.,0.,1.));
#9017=DIRECTION('ref_axis',(0.861254818367761,-0.508173334442408,0.));
#9018=DIRECTION('center_axis',(0.,0.,-1.));
#9019=DIRECTION('ref_axis',(0.861254818367761,-0.508173334442408,0.));
#9020=DIRECTION('center_axis',(0.,0.,-1.));
#9021=DIRECTION('ref_axis',(0.861254818367761,-0.508173334442408,0.));
#9022=DIRECTION('',(0.,0.,1.));
#9023=DIRECTION('center_axis',(-1.,2.43943131252292E-16,0.));
#9024=DIRECTION('ref_axis',(-2.43943131252292E-16,-1.,0.));
#9025=DIRECTION('',(-2.43943131252292E-16,-1.,0.));
#9026=DIRECTION('',(-2.43943131252292E-16,-1.,0.));
#9027=DIRECTION('',(0.,0.,1.));
#9028=DIRECTION('center_axis',(0.,0.,1.));
#9029=DIRECTION('ref_axis',(1.,-8.88178419700128E-15,0.));
#9030=DIRECTION('center_axis',(0.,0.,-1.));
#9031=DIRECTION('ref_axis',(1.,-8.88178419700128E-15,0.));
#9032=DIRECTION('center_axis',(0.,0.,-1.));
#9033=DIRECTION('ref_axis',(1.,-8.88178419700128E-15,0.));
#9034=DIRECTION('',(0.,0.,1.));
#9035=DIRECTION('center_axis',(-0.00038125530734259,-0.999999927322193,
0.));
#9036=DIRECTION('ref_axis',(0.999999927322193,-0.00038125530734259,0.));
#9037=DIRECTION('',(0.999999927322193,-0.00038125530734259,0.));
#9038=DIRECTION('',(0.999999927322193,-0.00038125530734259,0.));
#9039=DIRECTION('',(0.,0.,1.));
#9040=DIRECTION('center_axis',(0.,0.,1.));
#9041=DIRECTION('ref_axis',(0.000381255307342344,0.999999927322193,0.));
#9042=DIRECTION('center_axis',(0.,0.,-1.));
#9043=DIRECTION('ref_axis',(0.000381255307342344,0.999999927322193,0.));
#9044=DIRECTION('center_axis',(0.,0.,-1.));
#9045=DIRECTION('ref_axis',(0.000381255307342344,0.999999927322193,0.));
#9046=DIRECTION('',(0.,0.,1.));
#9047=DIRECTION('center_axis',(1.,-1.29661802984892E-16,0.));
#9048=DIRECTION('ref_axis',(1.29661802984892E-16,1.,0.));
#9049=DIRECTION('',(1.29661802984892E-16,1.,0.));
#9050=DIRECTION('',(1.29661802984892E-16,1.,0.));
#9051=DIRECTION('',(0.,0.,1.));
#9052=DIRECTION('center_axis',(0.,0.,1.));
#9053=DIRECTION('ref_axis',(-1.,1.77635683940024E-14,0.));
#9054=DIRECTION('center_axis',(0.,0.,-1.));
#9055=DIRECTION('ref_axis',(-1.,1.77635683940024E-14,0.));
#9056=DIRECTION('center_axis',(0.,0.,-1.));
#9057=DIRECTION('ref_axis',(-1.,1.77635683940024E-14,0.));
#9058=DIRECTION('',(0.,0.,1.));
#9059=DIRECTION('center_axis',(0.,1.,0.));
#9060=DIRECTION('ref_axis',(-1.,0.,0.));
#9061=DIRECTION('',(-1.,0.,0.));
#9062=DIRECTION('',(-1.,0.,0.));
#9063=DIRECTION('',(0.,0.,1.));
#9064=DIRECTION('center_axis',(0.,0.,1.));
#9065=DIRECTION('ref_axis',(8.88178419700128E-15,-1.,0.));
#9066=DIRECTION('center_axis',(0.,0.,-1.));
#9067=DIRECTION('ref_axis',(8.88178419700128E-15,-1.,0.));
#9068=DIRECTION('center_axis',(0.,0.,-1.));
#9069=DIRECTION('ref_axis',(8.88178419700128E-15,-1.,0.));
#9070=DIRECTION('',(0.,0.,1.));
#9071=DIRECTION('center_axis',(-1.,4.23007091909549E-15,0.));
#9072=DIRECTION('ref_axis',(-4.23007091909549E-15,-1.,0.));
#9073=DIRECTION('',(-4.23007091909549E-15,-1.,0.));
#9074=DIRECTION('',(-4.23007091909549E-15,-1.,0.));
#9075=DIRECTION('',(0.,0.,1.));
#9076=DIRECTION('center_axis',(0.,0.,1.));
#9077=DIRECTION('ref_axis',(0.00191204612956409,0.999998172038128,0.));
#9078=DIRECTION('center_axis',(0.,0.,1.));
#9079=DIRECTION('ref_axis',(0.00191204612956409,0.999998172038128,0.));
#9080=DIRECTION('center_axis',(0.,0.,1.));
#9081=DIRECTION('ref_axis',(0.00191204612956409,0.999998172038128,0.));
#9082=DIRECTION('',(0.,0.,1.));
#9083=DIRECTION('center_axis',(0.00191204613000222,0.999998172038128,0.));
#9084=DIRECTION('ref_axis',(-0.999998172038128,0.00191204613000222,0.));
#9085=DIRECTION('',(-0.999998172038128,0.00191204613000222,0.));
#9086=DIRECTION('',(-0.999998172038128,0.00191204613000222,0.));
#9087=DIRECTION('',(0.,0.,1.));
#9088=DIRECTION('center_axis',(0.00698126029796046,0.999975630705395,0.));
#9089=DIRECTION('ref_axis',(-0.999975630705395,0.00698126029796046,0.));
#9090=DIRECTION('',(-0.999975630705395,0.00698126029796046,0.));
#9091=DIRECTION('',(-0.999975630705395,0.00698126029796046,0.));
#9092=DIRECTION('center_axis',(0.000381255307342591,0.999999927322193,0.));
#9093=DIRECTION('ref_axis',(-0.999999927322193,0.000381255307342591,0.));
#9094=DIRECTION('',(-0.999999927322193,0.000381255307342591,0.));
#9095=DIRECTION('',(0.,0.,1.));
#9096=DIRECTION('',(-0.999999927322193,0.000381255307342591,0.));
#9097=DIRECTION('',(0.,0.,1.));
#9098=DIRECTION('center_axis',(0.,0.,1.));
#9099=DIRECTION('ref_axis',(1.,-3.33066907387548E-15,0.));
#9100=DIRECTION('center_axis',(0.,0.,1.));
#9101=DIRECTION('ref_axis',(1.,-3.33066907387548E-15,0.));
#9102=DIRECTION('center_axis',(0.,0.,1.));
#9103=DIRECTION('ref_axis',(1.,-3.33066907387548E-15,0.));
#9104=DIRECTION('',(0.,0.,1.));
#9105=DIRECTION('center_axis',(1.,0.,0.));
#9106=DIRECTION('ref_axis',(0.,1.,0.));
#9107=DIRECTION('',(0.,1.,0.));
#9108=DIRECTION('',(0.,1.,0.));
#9109=DIRECTION('',(0.,0.,1.));
#9110=DIRECTION('center_axis',(0.,0.,1.));
#9111=DIRECTION('ref_axis',(0.861254818367788,-0.508173334442362,0.));
#9112=DIRECTION('center_axis',(0.,0.,1.));
#9113=DIRECTION('ref_axis',(0.861254818367788,-0.508173334442362,0.));
#9114=DIRECTION('center_axis',(0.,0.,1.));
#9115=DIRECTION('ref_axis',(0.861254818367788,-0.508173334442362,0.));
#9116=DIRECTION('',(0.,0.,1.));
#9117=DIRECTION('center_axis',(0.861254818367787,-0.508173334442364,0.));
#9118=DIRECTION('ref_axis',(0.508173334442364,0.861254818367787,0.));
#9119=DIRECTION('',(0.508173334442364,0.861254818367787,0.));
#9120=DIRECTION('',(0.508173334442364,0.861254818367787,0.));
#9121=DIRECTION('',(0.,0.,1.));
#9122=DIRECTION('center_axis',(0.867647162339076,-0.497180451833084,0.));
#9123=DIRECTION('ref_axis',(0.497180451833083,0.867647162339076,0.));
#9124=DIRECTION('',(0.497180451833083,0.867647162339076,0.));
#9125=DIRECTION('',(0.497180451833083,0.867647162339076,0.));
#9126=DIRECTION('',(0.,0.,1.));
#9127=DIRECTION('center_axis',(0.,0.,1.));
#9128=DIRECTION('ref_axis',(-0.497180451833011,-0.867647162339118,0.));
#9129=DIRECTION('center_axis',(0.,0.,1.));
#9130=DIRECTION('ref_axis',(-0.497180451833011,-0.867647162339118,0.));
#9131=DIRECTION('center_axis',(0.,0.,1.));
#9132=DIRECTION('ref_axis',(-0.497180451833011,-0.867647162339118,0.));
#9133=DIRECTION('',(0.,0.,1.));
#9134=DIRECTION('center_axis',(-0.49718045183303,-0.867647162339107,0.));
#9135=DIRECTION('ref_axis',(0.867647162339107,-0.49718045183303,0.));
#9136=DIRECTION('',(0.867647162339107,-0.49718045183303,0.));
#9137=DIRECTION('',(0.867647162339107,-0.49718045183303,0.));
#9138=DIRECTION('',(0.,0.,1.));
#9139=DIRECTION('center_axis',(-0.258670904572813,-0.96596550824938,0.));
#9140=DIRECTION('ref_axis',(0.96596550824938,-0.258670904572813,0.));
#9141=DIRECTION('',(0.96596550824938,-0.258670904572813,0.));
#9142=DIRECTION('',(0.96596550824938,-0.258670904572813,0.));
#9143=DIRECTION('',(0.,0.,1.));
#9144=DIRECTION('center_axis',(-4.16406280066773E-15,-1.,0.));
#9145=DIRECTION('ref_axis',(1.,-4.16406280066773E-15,0.));
#9146=DIRECTION('',(1.,-4.16406280066773E-15,0.));
#9147=DIRECTION('',(1.,-4.16406280066773E-15,0.));
#9148=DIRECTION('',(0.,0.,1.));
#9149=DIRECTION('center_axis',(0.,0.,1.));
#9150=DIRECTION('ref_axis',(-0.999999976281282,-0.000217801368536109,0.));
#9151=DIRECTION('center_axis',(0.,0.,1.));
#9152=DIRECTION('ref_axis',(-0.999999976281282,-0.000217801368536109,0.));
#9153=DIRECTION('center_axis',(0.,0.,1.));
#9154=DIRECTION('ref_axis',(-0.999999976281282,-0.000217801368536109,0.));
#9155=DIRECTION('',(0.,0.,1.));
#9156=DIRECTION('center_axis',(-0.999999976281282,-0.000217801368535991,
0.));
#9157=DIRECTION('ref_axis',(0.000217801368535991,-0.999999976281282,0.));
#9158=DIRECTION('',(0.000217801368535991,-0.999999976281282,0.));
#9159=DIRECTION('',(0.000217801368535991,-0.999999976281282,0.));
#9160=DIRECTION('',(0.,0.,1.));
#9161=DIRECTION('center_axis',(-0.00698126029796205,-0.999975630705395,
0.));
#9162=DIRECTION('ref_axis',(0.999975630705395,-0.00698126029796205,0.));
#9163=DIRECTION('',(0.999975630705395,-0.00698126029796205,0.));
#9164=DIRECTION('',(0.999975630705395,-0.00698126029796205,0.));
#9165=DIRECTION('',(0.,0.,1.));
#9166=DIRECTION('center_axis',(0.,0.,1.));
#9167=DIRECTION('ref_axis',(1.66533453693773E-15,-1.,0.));
#9168=DIRECTION('center_axis',(0.,0.,1.));
#9169=DIRECTION('ref_axis',(1.66533453693773E-15,-1.,0.));
#9170=DIRECTION('center_axis',(0.,0.,1.));
#9171=DIRECTION('ref_axis',(1.66533453693773E-15,-1.,0.));
#9172=DIRECTION('',(0.,0.,1.));
#9173=DIRECTION('center_axis',(-2.51455198536921E-15,-1.,0.));
#9174=DIRECTION('ref_axis',(1.,-2.51455198536921E-15,0.));
#9175=DIRECTION('',(1.,-2.51455198536921E-15,0.));
#9176=DIRECTION('',(1.,-2.51455198536921E-15,0.));
#9177=DIRECTION('',(0.,0.,1.));
#9178=DIRECTION('center_axis',(0.,0.,1.));
#9179=DIRECTION('ref_axis',(-1.,2.22044604925032E-15,0.));
#9180=DIRECTION('center_axis',(0.,0.,1.));
#9181=DIRECTION('ref_axis',(-1.,2.22044604925032E-15,0.));
#9182=DIRECTION('center_axis',(0.,0.,1.));
#9183=DIRECTION('ref_axis',(-1.,2.22044604925032E-15,0.));
#9184=DIRECTION('',(0.,0.,1.));
#9185=DIRECTION('center_axis',(-1.,0.,0.));
#9186=DIRECTION('ref_axis',(0.,-1.,0.));
#9187=DIRECTION('',(0.,-1.,0.));
#9188=DIRECTION('',(0.,-1.,0.));
#9189=DIRECTION('',(0.,0.,1.));
#9190=DIRECTION('center_axis',(0.,0.,1.));
#9191=DIRECTION('ref_axis',(0.000381255307341233,0.999999927322193,0.));
#9192=DIRECTION('center_axis',(0.,0.,1.));
#9193=DIRECTION('ref_axis',(0.000381255307341233,0.999999927322193,0.));
#9194=DIRECTION('center_axis',(0.,0.,1.));
#9195=DIRECTION('ref_axis',(0.000381255307341233,0.999999927322193,0.));
#9196=DIRECTION('center_axis',(0.,0.,1.));
#9197=DIRECTION('ref_axis',(1.,0.,0.));
#9198=DIRECTION('center_axis',(0.,0.,1.));
#9199=DIRECTION('ref_axis',(1.,0.,0.));
#9200=DIRECTION('center_axis',(-0.984609631338254,0.17476805736732,0.));
#9201=DIRECTION('ref_axis',(0.17476805736732,0.984609631338254,0.));
#9202=DIRECTION('',(0.17476805736732,0.984609631338254,0.));
#9203=DIRECTION('',(0.,0.,-1.));
#9204=DIRECTION('',(0.17476805736732,0.984609631338254,0.));
#9205=DIRECTION('',(0.,0.,-1.));
#9206=DIRECTION('',(0.,0.,-1.));
#9207=DIRECTION('',(0.,0.,-1.));
#9208=DIRECTION('',(0.,0.,-1.));
#9209=DIRECTION('',(0.,0.,-1.));
#9210=DIRECTION('',(0.,0.,-1.));
#9211=DIRECTION('center_axis',(-0.984655044168775,0.174512016758123,0.));
#9212=DIRECTION('ref_axis',(0.174512016758123,0.984655044168775,0.));
#9213=DIRECTION('',(0.174512016758123,0.984655044168775,0.));
#9214=DIRECTION('',(0.,0.,-1.));
#9215=DIRECTION('',(0.174512016758123,0.984655044168775,0.));
#9216=DIRECTION('center_axis',(0.,-1.,0.));
#9217=DIRECTION('ref_axis',(-1.,0.,0.));
#9218=DIRECTION('',(-1.,0.,0.));
#9219=DIRECTION('',(0.,0.,-1.));
#9220=DIRECTION('',(-1.,0.,0.));
#9221=DIRECTION('center_axis',(0.984609631338253,-0.174768057367326,0.));
#9222=DIRECTION('ref_axis',(-0.174768057367326,-0.984609631338253,0.));
#9223=DIRECTION('',(-0.174768057367326,-0.984609631338253,0.));
#9224=DIRECTION('',(0.,0.,-1.));
#9225=DIRECTION('',(-0.174768057367326,-0.984609631338253,0.));
#9226=DIRECTION('',(0.,0.,-1.));
#9227=DIRECTION('',(0.,0.,-1.));
#9228=DIRECTION('',(0.,0.,-1.));
#9229=DIRECTION('center_axis',(0.,1.,0.));
#9230=DIRECTION('ref_axis',(1.,0.,0.));
#9231=DIRECTION('',(1.,0.,0.));
#9232=DIRECTION('',(0.,0.,-1.));
#9233=DIRECTION('',(1.,0.,0.));
#9234=DIRECTION('',(0.,0.,-1.));
#9235=DIRECTION('center_axis',(0.,0.,1.));
#9236=DIRECTION('ref_axis',(-1.,0.,0.));
#9237=DIRECTION('center_axis',(0.999953477436645,-0.00964587799842423,0.));
#9238=DIRECTION('ref_axis',(-0.00964587799842423,-0.999953477436645,0.));
#9239=DIRECTION('',(-0.00964587799842423,-0.999953477436645,0.));
#9240=DIRECTION('',(0.,0.,-1.));
#9241=DIRECTION('',(-0.00964587799842423,-0.999953477436645,0.));
#9242=DIRECTION('',(0.,0.,-1.));
#9243=DIRECTION('center_axis',(0.,-1.,0.));
#9244=DIRECTION('ref_axis',(-1.,0.,0.));
#9245=DIRECTION('',(-1.,0.,0.));
#9246=DIRECTION('',(-1.,0.,0.));
#9247=DIRECTION('',(0.,0.,-1.));
#9248=DIRECTION('',(0.,0.,-1.));
#9249=DIRECTION('',(0.,0.,-1.));
#9250=DIRECTION('',(0.,0.,-1.));
#9251=DIRECTION('center_axis',(0.,1.,0.));
#9252=DIRECTION('ref_axis',(1.,0.,0.));
#9253=DIRECTION('',(1.,0.,0.));
#9254=DIRECTION('',(0.,0.,-1.));
#9255=DIRECTION('',(1.,0.,0.));
#9256=DIRECTION('center_axis',(-0.998868168573878,0.0475645015727788,0.));
#9257=DIRECTION('ref_axis',(0.0475645015727788,0.998868168573878,0.));
#9258=DIRECTION('',(0.0475645015727788,0.998868168573878,0.));
#9259=DIRECTION('',(0.,0.,-1.));
#9260=DIRECTION('',(0.0475645015727788,0.998868168573878,0.));
#9261=DIRECTION('',(0.,0.,-1.));
#9262=DIRECTION('center_axis',(-0.984758377583215,0.173927967215382,0.));
#9263=DIRECTION('ref_axis',(0.173927967215382,0.984758377583214,0.));
#9264=DIRECTION('',(0.173927967215382,0.984758377583214,0.));
#9265=DIRECTION('',(0.,0.,-1.));
#9266=DIRECTION('',(0.173927967215382,0.984758377583214,0.));
#9267=DIRECTION('',(0.,0.,-1.));
#9268=DIRECTION('',(0.,0.,-1.));
#9269=DIRECTION('',(0.,0.,-1.));
#9270=DIRECTION('',(0.,0.,-1.));
#9271=DIRECTION('center_axis',(-0.984873227175015,0.173276445005865,0.));
#9272=DIRECTION('ref_axis',(0.173276445005865,0.984873227175015,0.));
#9273=DIRECTION('',(0.173276445005865,0.984873227175015,0.));
#9274=DIRECTION('',(0.,0.,-1.));
#9275=DIRECTION('',(0.173276445005865,0.984873227175015,0.));
#9276=DIRECTION('center_axis',(0.,-1.,0.));
#9277=DIRECTION('ref_axis',(-1.,0.,0.));
#9278=DIRECTION('',(-1.,0.,0.));
#9279=DIRECTION('',(0.,0.,-1.));
#9280=DIRECTION('',(-1.,0.,0.));
#9281=DIRECTION('center_axis',(0.984609631338254,-0.17476805736732,0.));
#9282=DIRECTION('ref_axis',(-0.17476805736732,-0.984609631338254,0.));
#9283=DIRECTION('',(-0.17476805736732,-0.984609631338254,0.));
#9284=DIRECTION('',(-0.17476805736732,-0.984609631338254,0.));
#9285=DIRECTION('center_axis',(0.,0.,1.));
#9286=DIRECTION('ref_axis',(-1.,0.,0.));
#9287=DIRECTION('center_axis',(0.999669323228736,-0.0257146688759716,0.));
#9288=DIRECTION('ref_axis',(-0.0257146688759716,-0.999669323228736,0.));
#9289=DIRECTION('',(-0.0257146688759716,-0.999669323228736,0.));
#9290=DIRECTION('',(0.,0.,-1.));
#9291=DIRECTION('',(-0.0257146688759716,-0.999669323228736,0.));
#9292=DIRECTION('',(0.,0.,-1.));
#9293=DIRECTION('center_axis',(0.,-1.,0.));
#9294=DIRECTION('ref_axis',(-1.,0.,0.));
#9295=DIRECTION('',(-1.,0.,0.));
#9296=DIRECTION('',(-1.,0.,0.));
#9297=DIRECTION('center_axis',(0.998868168573878,-0.0475645015727788,0.));
#9298=DIRECTION('ref_axis',(-0.0475645015727788,-0.998868168573878,0.));
#9299=DIRECTION('',(-0.0475645015727788,-0.998868168573878,0.));
#9300=DIRECTION('',(0.,0.,-1.));
#9301=DIRECTION('',(-0.0475645015727788,-0.998868168573878,0.));
#9302=DIRECTION('center_axis',(0.,1.,0.));
#9303=DIRECTION('ref_axis',(1.,0.,0.));
#9304=DIRECTION('',(1.,0.,0.));
#9305=DIRECTION('',(0.,0.,-1.));
#9306=DIRECTION('',(1.,0.,0.));
#9307=DIRECTION('center_axis',(-0.984633542202036,0.174633294565129,0.));
#9308=DIRECTION('ref_axis',(0.174633294565129,0.984633542202036,0.));
#9309=DIRECTION('',(0.174633294565129,0.984633542202036,0.));
#9310=DIRECTION('',(0.,0.,-1.));
#9311=DIRECTION('',(0.174633294565129,0.984633542202036,0.));
#9312=DIRECTION('center_axis',(0.,-1.,0.));
#9313=DIRECTION('ref_axis',(-1.,0.,0.));
#9314=DIRECTION('',(-1.,0.,0.));
#9315=DIRECTION('',(0.,0.,-1.));
#9316=DIRECTION('',(-1.,0.,0.));
#9317=DIRECTION('center_axis',(0.984758377583215,-0.173927967215382,0.));
#9318=DIRECTION('ref_axis',(-0.173927967215382,-0.984758377583214,0.));
#9319=DIRECTION('',(-0.173927967215382,-0.984758377583214,0.));
#9320=DIRECTION('',(-0.173927967215382,-0.984758377583214,0.));
#9321=DIRECTION('center_axis',(0.,0.,1.));
#9322=DIRECTION('ref_axis',(-1.,0.,0.));
#9323=DIRECTION('',(0.,0.,-1.));
#9324=DIRECTION('',(0.,0.,-1.));
#9325=DIRECTION('',(0.,0.,-1.));
#9326=DIRECTION('center_axis',(0.288550078322665,0.957464804731737,0.));
#9327=DIRECTION('ref_axis',(0.957464804731737,-0.288550078322665,0.));
#9328=DIRECTION('',(0.957464804731737,-0.288550078322665,0.));
#9329=DIRECTION('',(0.,0.,-1.));
#9330=DIRECTION('',(0.957464804731737,-0.288550078322665,0.));
#9331=DIRECTION('',(0.,0.,-1.));
#9332=DIRECTION('',(0.,0.,-1.));
#9333=DIRECTION('',(0.,0.,-1.));
#9334=DIRECTION('',(0.,0.,-1.));
#9335=DIRECTION('',(0.,0.,-1.));
#9336=DIRECTION('',(0.,0.,-1.));
#9337=DIRECTION('center_axis',(0.960383116149212,-0.278683099981913,0.));
#9338=DIRECTION('ref_axis',(-0.278683099981913,-0.960383116149212,0.));
#9339=DIRECTION('',(-0.278683099981913,-0.960383116149212,0.));
#9340=DIRECTION('',(0.,0.,-1.));
#9341=DIRECTION('',(-0.278683099981913,-0.960383116149212,0.));
#9342=DIRECTION('',(0.,0.,-1.));
#9343=DIRECTION('',(0.,0.,-1.));
#9344=DIRECTION('',(0.,0.,-1.));
#9345=DIRECTION('',(0.,0.,-1.));
#9346=DIRECTION('',(0.,0.,-1.));
#9347=DIRECTION('',(0.,0.,-1.));
#9348=DIRECTION('center_axis',(-0.300190907623631,-0.953879142753473,0.));
#9349=DIRECTION('ref_axis',(-0.953879142753473,0.300190907623631,0.));
#9350=DIRECTION('',(-0.953879142753473,0.300190907623631,0.));
#9351=DIRECTION('',(0.,0.,-1.));
#9352=DIRECTION('',(-0.953879142753473,0.300190907623631,0.));
#9353=DIRECTION('',(0.,0.,-1.));
#9354=DIRECTION('',(0.,0.,-1.));
#9355=DIRECTION('',(0.,0.,-1.));
#9356=DIRECTION('',(0.,0.,-1.));
#9357=DIRECTION('',(0.,0.,-1.));
#9358=DIRECTION('',(0.,0.,-1.));
#9359=DIRECTION('center_axis',(-0.957370847046689,0.288861664512801,0.));
#9360=DIRECTION('ref_axis',(0.288861664512801,0.957370847046689,0.));
#9361=DIRECTION('',(0.288861664512801,0.957370847046689,0.));
#9362=DIRECTION('',(0.,0.,-1.));
#9363=DIRECTION('',(0.288861664512801,0.957370847046689,0.));
#9364=DIRECTION('',(0.,0.,-1.));
#9365=DIRECTION('',(0.,0.,-1.));
#9366=DIRECTION('',(0.,0.,-1.));
#9367=DIRECTION('center_axis',(0.,0.,1.));
#9368=DIRECTION('ref_axis',(-1.,0.,0.));
#9369=DIRECTION('',(0.,0.,-1.));
#9370=DIRECTION('',(0.,0.,-1.));
#9371=DIRECTION('center_axis',(-9.86016933941197E-15,1.,0.));
#9372=DIRECTION('ref_axis',(1.,9.86016933941197E-15,0.));
#9373=DIRECTION('',(1.,9.86016933941197E-15,0.));
#9374=DIRECTION('',(0.,0.,-1.));
#9375=DIRECTION('',(1.,9.86016933941197E-15,0.));
#9376=DIRECTION('',(0.,0.,-1.));
#9377=DIRECTION('',(0.,0.,-1.));
#9378=DIRECTION('',(0.,0.,-1.));
#9379=DIRECTION('center_axis',(0.,1.,0.));
#9380=DIRECTION('ref_axis',(1.,0.,0.));
#9381=DIRECTION('',(1.,0.,0.));
#9382=DIRECTION('',(0.,0.,-1.));
#9383=DIRECTION('',(1.,0.,0.));
#9384=DIRECTION('center_axis',(0.963258486140027,0.268576039287244,0.));
#9385=DIRECTION('ref_axis',(0.268576039287244,-0.963258486140027,0.));
#9386=DIRECTION('',(0.268576039287244,-0.963258486140027,0.));
#9387=DIRECTION('',(0.,0.,-1.));
#9388=DIRECTION('',(0.268576039287244,-0.963258486140027,0.));
#9389=DIRECTION('center_axis',(-0.127971294640544,0.991777872181076,0.));
#9390=DIRECTION('ref_axis',(0.991777872181076,0.127971294640544,0.));
#9391=DIRECTION('',(0.991777872181076,0.127971294640544,0.));
#9392=DIRECTION('',(0.,0.,-1.));
#9393=DIRECTION('',(0.991777872181076,0.127971294640544,0.));
#9394=DIRECTION('center_axis',(-0.951801840974007,-0.306713637646732,0.));
#9395=DIRECTION('ref_axis',(-0.306713637646732,0.951801840974007,0.));
#9396=DIRECTION('',(-0.306713637646732,0.951801840974007,0.));
#9397=DIRECTION('',(0.,0.,-1.));
#9398=DIRECTION('',(-0.306713637646732,0.951801840974007,0.));
#9399=DIRECTION('center_axis',(-0.985016412103713,0.172460627061161,0.));
#9400=DIRECTION('ref_axis',(0.172460627061161,0.985016412103713,0.));
#9401=DIRECTION('',(0.172460627061161,0.985016412103713,0.));
#9402=DIRECTION('',(0.,0.,-1.));
#9403=DIRECTION('',(0.172460627061161,0.985016412103713,0.));
#9404=DIRECTION('center_axis',(0.,-1.,0.));
#9405=DIRECTION('ref_axis',(-1.,0.,0.));
#9406=DIRECTION('',(-1.,0.,0.));
#9407=DIRECTION('',(0.,0.,-1.));
#9408=DIRECTION('',(-1.,0.,0.));
#9409=DIRECTION('center_axis',(0.985016412103713,-0.172460627061161,0.));
#9410=DIRECTION('ref_axis',(-0.172460627061161,-0.985016412103713,0.));
#9411=DIRECTION('',(-0.172460627061161,-0.985016412103713,0.));
#9412=DIRECTION('',(0.,0.,-1.));
#9413=DIRECTION('',(-0.172460627061161,-0.985016412103713,0.));
#9414=DIRECTION('',(0.,0.,-1.));
#9415=DIRECTION('center_axis',(0.,0.,1.));
#9416=DIRECTION('ref_axis',(-1.,0.,0.));
#9417=DIRECTION('center_axis',(0.999200953914939,0.0399681585199584,0.));
#9418=DIRECTION('ref_axis',(0.0399681585199584,-0.999200953914939,0.));
#9419=DIRECTION('',(0.0399681585199584,-0.999200953914939,0.));
#9420=DIRECTION('',(0.,0.,-1.));
#9421=DIRECTION('',(0.0399681585199584,-0.999200953914939,0.));
#9422=DIRECTION('',(0.,0.,-1.));
#9423=DIRECTION('center_axis',(0.984542926152355,-0.175143445676275,0.));
#9424=DIRECTION('ref_axis',(-0.175143445676275,-0.984542926152355,0.));
#9425=DIRECTION('',(-0.175143445676275,-0.984542926152355,0.));
#9426=DIRECTION('',(0.,0.,-1.));
#9427=DIRECTION('',(-0.175143445676275,-0.984542926152355,0.));
#9428=DIRECTION('center_axis',(0.999475273031024,-0.0323910265283582,0.));
#9429=DIRECTION('ref_axis',(-0.0323910265283582,-0.999475273031024,0.));
#9430=DIRECTION('',(-0.0323910265283582,-0.999475273031024,0.));
#9431=DIRECTION('',(0.,0.,-1.));
#9432=DIRECTION('',(-0.0323910265283582,-0.999475273031024,0.));
#9433=DIRECTION('',(0.,0.,-1.));
#9434=DIRECTION('',(0.,0.,-1.));
#9435=DIRECTION('',(0.,0.,-1.));
#9436=DIRECTION('',(0.,0.,-1.));
#9437=DIRECTION('',(0.,0.,-1.));
#9438=DIRECTION('',(0.,0.,-1.));
#9439=DIRECTION('',(0.,0.,-1.));
#9440=DIRECTION('center_axis',(0.155349382310829,0.987859589929482,0.));
#9441=DIRECTION('ref_axis',(0.987859589929482,-0.155349382310829,0.));
#9442=DIRECTION('',(0.987859589929482,-0.155349382310829,0.));
#9443=DIRECTION('',(0.,0.,-1.));
#9444=DIRECTION('',(0.987859589929482,-0.155349382310829,0.));
#9445=DIRECTION('',(0.,0.,-1.));
#9446=DIRECTION('',(0.,0.,-1.));
#9447=DIRECTION('',(0.,0.,-1.));
#9448=DIRECTION('',(0.,0.,-1.));
#9449=DIRECTION('',(0.,0.,-1.));
#9450=DIRECTION('',(0.,0.,-1.));
#9451=DIRECTION('',(0.,0.,-1.));
#9452=DIRECTION('center_axis',(0.,1.,0.));
#9453=DIRECTION('ref_axis',(1.,0.,0.));
#9454=DIRECTION('',(1.,0.,0.));
#9455=DIRECTION('',(0.,0.,-1.));
#9456=DIRECTION('',(1.,0.,0.));
#9457=DIRECTION('',(0.,0.,-1.));
#9458=DIRECTION('center_axis',(0.867591218622841,-0.497278068457211,0.));
#9459=DIRECTION('ref_axis',(-0.497278068457211,-0.867591218622841,0.));
#9460=DIRECTION('',(-0.497278068457211,-0.867591218622841,0.));
#9461=DIRECTION('',(0.,0.,-1.));
#9462=DIRECTION('',(-0.497278068457211,-0.867591218622841,0.));
#9463=DIRECTION('center_axis',(0.,-1.,0.));
#9464=DIRECTION('ref_axis',(-1.,0.,0.));
#9465=DIRECTION('',(-1.,0.,0.));
#9466=DIRECTION('',(0.,0.,-1.));
#9467=DIRECTION('',(-1.,0.,0.));
#9468=DIRECTION('',(0.,0.,-1.));
#9469=DIRECTION('center_axis',(0.,0.,1.));
#9470=DIRECTION('ref_axis',(-1.,0.,0.));
#9471=DIRECTION('center_axis',(0.,1.,0.));
#9472=DIRECTION('ref_axis',(1.,0.,0.));
#9473=DIRECTION('',(1.,0.,0.));
#9474=DIRECTION('',(1.,0.,0.));
#9475=DIRECTION('',(0.,0.,-1.));
#9476=DIRECTION('',(0.,0.,-1.));
#9477=DIRECTION('',(0.,0.,-1.));
#9478=DIRECTION('',(0.,0.,-1.));
#9479=DIRECTION('center_axis',(0.,-1.,0.));
#9480=DIRECTION('ref_axis',(-1.,0.,0.));
#9481=DIRECTION('',(-1.,0.,0.));
#9482=DIRECTION('',(0.,0.,-1.));
#9483=DIRECTION('',(-1.,0.,0.));
#9484=DIRECTION('center_axis',(0.984398256517696,-0.175954745786865,0.));
#9485=DIRECTION('ref_axis',(-0.175954745786865,-0.984398256517696,0.));
#9486=DIRECTION('',(-0.175954745786865,-0.984398256517696,0.));
#9487=DIRECTION('',(0.,0.,-1.));
#9488=DIRECTION('',(-0.175954745786865,-0.984398256517696,0.));
#9489=DIRECTION('center_axis',(0.,1.,0.));
#9490=DIRECTION('ref_axis',(1.,0.,0.));
#9491=DIRECTION('',(1.,0.,0.));
#9492=DIRECTION('',(0.,0.,-1.));
#9493=DIRECTION('',(1.,0.,0.));
#9494=DIRECTION('',(0.,0.,-1.));
#9495=DIRECTION('',(0.,0.,-1.));
#9496=DIRECTION('center_axis',(0.984797359504888,-0.173707111864194,0.));
#9497=DIRECTION('ref_axis',(-0.173707111864194,-0.984797359504888,0.));
#9498=DIRECTION('',(-0.173707111864194,-0.984797359504888,0.));
#9499=DIRECTION('',(0.,0.,-1.));
#9500=DIRECTION('',(-0.173707111864194,-0.984797359504888,0.));
#9501=DIRECTION('center_axis',(0.,1.,0.));
#9502=DIRECTION('ref_axis',(1.,0.,0.));
#9503=DIRECTION('',(1.,0.,0.));
#9504=DIRECTION('',(0.,0.,-1.));
#9505=DIRECTION('',(1.,0.,0.));
#9506=DIRECTION('center_axis',(-0.984542926152355,0.175143445676275,0.));
#9507=DIRECTION('ref_axis',(0.175143445676275,0.984542926152355,0.));
#9508=DIRECTION('',(0.175143445676275,0.984542926152355,0.));
#9509=DIRECTION('',(0.175143445676275,0.984542926152355,0.));
#9510=DIRECTION('center_axis',(-0.999475273031024,0.0323910265283582,0.));
#9511=DIRECTION('ref_axis',(0.0323910265283582,0.999475273031024,0.));
#9512=DIRECTION('',(0.0323910265283582,0.999475273031024,0.));
#9513=DIRECTION('',(0.0323910265283582,0.999475273031024,0.));
#9514=DIRECTION('center_axis',(0.,0.,1.));
#9515=DIRECTION('ref_axis',(-1.,0.,0.));
#9516=DIRECTION('',(0.,0.,-1.));
#9517=DIRECTION('',(0.,0.,-1.));
#9518=DIRECTION('',(0.,0.,-1.));
#9519=DIRECTION('',(0.,0.,-1.));
#9520=DIRECTION('',(0.,0.,-1.));
#9521=DIRECTION('',(0.,0.,-1.));
#9522=DIRECTION('',(0.,0.,-1.));
#9523=DIRECTION('',(0.,0.,-1.));
#9524=DIRECTION('',(0.,0.,-1.));
#9525=DIRECTION('',(0.,0.,-1.));
#9526=DIRECTION('',(0.,0.,-1.));
#9527=DIRECTION('',(0.,0.,-1.));
#9528=DIRECTION('',(0.,0.,-1.));
#9529=DIRECTION('',(0.,0.,-1.));
#9530=DIRECTION('',(0.,0.,-1.));
#9531=DIRECTION('',(0.,0.,-1.));
#9532=DIRECTION('',(0.,0.,-1.));
#9533=DIRECTION('',(0.,0.,-1.));
#9534=DIRECTION('',(0.,0.,-1.));
#9535=DIRECTION('',(0.,0.,-1.));
#9536=DIRECTION('',(0.,0.,-1.));
#9537=DIRECTION('',(0.,0.,-1.));
#9538=DIRECTION('center_axis',(0.950468892196089,0.310819698486983,0.));
#9539=DIRECTION('ref_axis',(0.310819698486983,-0.950468892196089,0.));
#9540=DIRECTION('',(0.310819698486983,-0.950468892196089,0.));
#9541=DIRECTION('',(0.,0.,-1.));
#9542=DIRECTION('',(0.310819698486983,-0.950468892196089,0.));
#9543=DIRECTION('',(0.,0.,-1.));
#9544=DIRECTION('',(0.,0.,-1.));
#9545=DIRECTION('',(0.,0.,-1.));
#9546=DIRECTION('',(0.,0.,-1.));
#9547=DIRECTION('center_axis',(0.983245586562406,0.182285809940187,0.));
#9548=DIRECTION('ref_axis',(0.182285809940187,-0.983245586562406,0.));
#9549=DIRECTION('',(0.182285809940187,-0.983245586562406,0.));
#9550=DIRECTION('',(0.,0.,-1.));
#9551=DIRECTION('',(0.182285809940187,-0.983245586562406,0.));
#9552=DIRECTION('center_axis',(0.,0.,1.));
#9553=DIRECTION('ref_axis',(-1.,0.,0.));
#9554=DIRECTION('center_axis',(-0.984869516580328,0.173297534058714,0.));
#9555=DIRECTION('ref_axis',(0.173297534058714,0.984869516580328,0.));
#9556=DIRECTION('',(0.173297534058714,0.984869516580328,0.));
#9557=DIRECTION('',(0.,0.,-1.));
#9558=DIRECTION('',(0.173297534058714,0.984869516580328,0.));
#9559=DIRECTION('',(0.,0.,-1.));
#9560=DIRECTION('',(0.,0.,-1.));
#9561=DIRECTION('',(0.,0.,-1.));
#9562=DIRECTION('',(0.,0.,-1.));
#9563=DIRECTION('',(0.,0.,-1.));
#9564=DIRECTION('',(0.,0.,-1.));
#9565=DIRECTION('',(0.,0.,-1.));
#9566=DIRECTION('center_axis',(-0.984917251691797,0.173026030758027,0.));
#9567=DIRECTION('ref_axis',(0.173026030758027,0.984917251691797,0.));
#9568=DIRECTION('',(0.173026030758027,0.984917251691797,0.));
#9569=DIRECTION('',(0.,0.,-1.));
#9570=DIRECTION('',(0.173026030758027,0.984917251691797,0.));
#9571=DIRECTION('center_axis',(0.,-1.,0.));
#9572=DIRECTION('ref_axis',(-1.,0.,0.));
#9573=DIRECTION('',(-1.,0.,0.));
#9574=DIRECTION('',(0.,0.,-1.));
#9575=DIRECTION('',(-1.,0.,0.));
#9576=DIRECTION('center_axis',(0.984664221754241,-0.174460225831321,0.));
#9577=DIRECTION('ref_axis',(-0.174460225831321,-0.984664221754241,0.));
#9578=DIRECTION('',(-0.174460225831321,-0.984664221754241,0.));
#9579=DIRECTION('',(0.,0.,-1.));
#9580=DIRECTION('',(-0.174460225831321,-0.984664221754241,0.));
#9581=DIRECTION('',(0.,0.,-1.));
#9582=DIRECTION('',(0.,0.,-1.));
#9583=DIRECTION('',(0.,0.,-1.));
#9584=DIRECTION('',(0.,0.,-1.));
#9585=DIRECTION('center_axis',(0.,1.,0.));
#9586=DIRECTION('ref_axis',(1.,0.,0.));
#9587=DIRECTION('',(1.,0.,0.));
#9588=DIRECTION('',(0.,0.,-1.));
#9589=DIRECTION('',(1.,0.,0.));
#9590=DIRECTION('center_axis',(-0.99961744689907,0.0276579076393382,0.));
#9591=DIRECTION('ref_axis',(0.0276579076393382,0.99961744689907,0.));
#9592=DIRECTION('',(0.0276579076393382,0.99961744689907,0.));
#9593=DIRECTION('',(0.0276579076393382,0.99961744689907,0.));
#9594=DIRECTION('',(0.,0.,-1.));
#9595=DIRECTION('center_axis',(0.,0.,1.));
#9596=DIRECTION('ref_axis',(-1.,0.,0.));
#9597=DIRECTION('center_axis',(0.991998042919597,-0.126253248844098,0.));
#9598=DIRECTION('ref_axis',(-0.126253248844098,-0.991998042919597,0.));
#9599=DIRECTION('',(-0.126253248844098,-0.991998042919597,0.));
#9600=DIRECTION('',(0.,0.,-1.));
#9601=DIRECTION('',(-0.126253248844098,-0.991998042919597,0.));
#9602=DIRECTION('',(0.,0.,-1.));
#9603=DIRECTION('center_axis',(0.,-1.,0.));
#9604=DIRECTION('ref_axis',(-1.,0.,0.));
#9605=DIRECTION('',(-1.,0.,0.));
#9606=DIRECTION('',(-1.,0.,0.));
#9607=DIRECTION('center_axis',(0.99961744689907,-0.0276579076393382,0.));
#9608=DIRECTION('ref_axis',(-0.0276579076393382,-0.99961744689907,0.));
#9609=DIRECTION('',(-0.0276579076393382,-0.99961744689907,0.));
#9610=DIRECTION('',(0.,0.,-1.));
#9611=DIRECTION('',(-0.0276579076393382,-0.99961744689907,0.));
#9612=DIRECTION('center_axis',(0.,1.,0.));
#9613=DIRECTION('ref_axis',(1.,0.,0.));
#9614=DIRECTION('',(1.,0.,0.));
#9615=DIRECTION('',(0.,0.,-1.));
#9616=DIRECTION('',(1.,0.,0.));
#9617=DIRECTION('center_axis',(-0.984792898660078,0.173732399824217,0.));
#9618=DIRECTION('ref_axis',(0.173732399824217,0.984792898660078,0.));
#9619=DIRECTION('',(0.173732399824217,0.984792898660078,0.));
#9620=DIRECTION('',(0.,0.,-1.));
#9621=DIRECTION('',(0.173732399824217,0.984792898660078,0.));
#9622=DIRECTION('center_axis',(0.,-1.,0.));
#9623=DIRECTION('ref_axis',(-1.,0.,0.));
#9624=DIRECTION('',(-1.,0.,0.));
#9625=DIRECTION('',(0.,0.,-1.));
#9626=DIRECTION('',(-1.,0.,0.));
#9627=DIRECTION('center_axis',(0.984869516580328,-0.173297534058714,0.));
#9628=DIRECTION('ref_axis',(-0.173297534058714,-0.984869516580328,0.));
#9629=DIRECTION('',(-0.173297534058714,-0.984869516580328,0.));
#9630=DIRECTION('',(-0.173297534058714,-0.984869516580328,0.));
#9631=DIRECTION('center_axis',(0.,0.,1.));
#9632=DIRECTION('ref_axis',(-1.,0.,0.));
#9633=DIRECTION('center_axis',(0.,-1.,0.));
#9634=DIRECTION('ref_axis',(-1.,0.,0.));
#9635=DIRECTION('',(-1.,0.,0.));
#9636=DIRECTION('',(0.,0.,-1.));
#9637=DIRECTION('',(-1.,0.,0.));
#9638=DIRECTION('',(0.,0.,-1.));
#9639=DIRECTION('',(0.,0.,-1.));
#9640=DIRECTION('',(0.,0.,-1.));
#9641=DIRECTION('',(0.,0.,-1.));
#9642=DIRECTION('center_axis',(0.,1.,0.));
#9643=DIRECTION('ref_axis',(1.,0.,0.));
#9644=DIRECTION('',(1.,0.,0.));
#9645=DIRECTION('',(0.,0.,-1.));
#9646=DIRECTION('',(1.,0.,0.));
#9647=DIRECTION('center_axis',(0.916895130526903,-0.399128199474873,0.));
#9648=DIRECTION('ref_axis',(-0.399128199474873,-0.916895130526903,0.));
#9649=DIRECTION('',(-0.399128199474873,-0.916895130526903,0.));
#9650=DIRECTION('',(-0.399128199474873,-0.916895130526903,0.));
#9651=DIRECTION('center_axis',(-5.10972403942879E-15,-1.,0.));
#9652=DIRECTION('ref_axis',(-1.,5.10972403942879E-15,0.));
#9653=DIRECTION('',(-1.,5.10972403942879E-15,0.));
#9654=DIRECTION('',(0.,0.,-1.));
#9655=DIRECTION('',(-1.,5.10972403942879E-15,0.));
#9656=DIRECTION('',(0.,0.,-1.));
#9657=DIRECTION('',(0.,0.,-1.));
#9658=DIRECTION('',(0.,0.,-1.));
#9659=DIRECTION('',(0.,0.,-1.));
#9660=DIRECTION('',(0.,0.,-1.));
#9661=DIRECTION('',(0.,0.,-1.));
#9662=DIRECTION('center_axis',(0.,1.,0.));
#9663=DIRECTION('ref_axis',(1.,0.,0.));
#9664=DIRECTION('',(1.,0.,0.));
#9665=DIRECTION('',(0.,0.,-1.));
#9666=DIRECTION('',(1.,0.,0.));
#9667=DIRECTION('center_axis',(-0.910103112975929,0.414381857411161,0.));
#9668=DIRECTION('ref_axis',(0.414381857411161,0.910103112975929,0.));
#9669=DIRECTION('',(0.414381857411161,0.910103112975929,0.));
#9670=DIRECTION('',(0.,0.,-1.));
#9671=DIRECTION('',(0.414381857411161,0.910103112975929,0.));
#9672=DIRECTION('center_axis',(0.,-1.,0.));
#9673=DIRECTION('ref_axis',(-1.,0.,0.));
#9674=DIRECTION('',(-1.,0.,0.));
#9675=DIRECTION('',(0.,0.,-1.));
#9676=DIRECTION('',(-1.,0.,0.));
#9677=DIRECTION('center_axis',(0.916895130526903,-0.399128199474873,0.));
#9678=DIRECTION('ref_axis',(-0.399128199474873,-0.916895130526903,0.));
#9679=DIRECTION('',(-0.399128199474873,-0.916895130526903,0.));
#9680=DIRECTION('',(0.,0.,-1.));
#9681=DIRECTION('',(-0.399128199474873,-0.916895130526903,0.));
#9682=DIRECTION('center_axis',(0.,-1.,0.));
#9683=DIRECTION('ref_axis',(-1.,0.,0.));
#9684=DIRECTION('',(-1.,0.,0.));
#9685=DIRECTION('',(0.,0.,-1.));
#9686=DIRECTION('',(-1.,0.,0.));
#9687=DIRECTION('',(0.,0.,-1.));
#9688=DIRECTION('center_axis',(0.,0.,1.));
#9689=DIRECTION('ref_axis',(-1.,0.,0.));
#9690=DIRECTION('center_axis',(-0.532172776025106,0.846635775559793,0.));
#9691=DIRECTION('ref_axis',(0.846635775559793,0.532172776025106,0.));
#9692=DIRECTION('',(0.846635775559793,0.532172776025106,0.));
#9693=DIRECTION('',(0.,0.,-1.));
#9694=DIRECTION('',(0.846635775559793,0.532172776025106,0.));
#9695=DIRECTION('',(0.,0.,-1.));
#9696=DIRECTION('',(0.,0.,-1.));
#9697=DIRECTION('',(0.,0.,-1.));
#9698=DIRECTION('',(0.,0.,-1.));
#9699=DIRECTION('',(0.,0.,-1.));
#9700=DIRECTION('center_axis',(-0.890168668524176,-0.455631146408909,0.));
#9701=DIRECTION('ref_axis',(-0.455631146408908,0.890168668524176,0.));
#9702=DIRECTION('',(-0.455631146408908,0.890168668524176,0.));
#9703=DIRECTION('',(0.,0.,-1.));
#9704=DIRECTION('',(-0.455631146408908,0.890168668524176,0.));
#9705=DIRECTION('',(0.,0.,-1.));
#9706=DIRECTION('',(0.,0.,-1.));
#9707=DIRECTION('',(0.,0.,-1.));
#9708=DIRECTION('center_axis',(0.,1.,0.));
#9709=DIRECTION('ref_axis',(1.,0.,0.));
#9710=DIRECTION('',(1.,0.,0.));
#9711=DIRECTION('',(0.,0.,-1.));
#9712=DIRECTION('',(1.,0.,0.));
#9713=DIRECTION('',(0.,0.,-1.));
#9714=DIRECTION('',(0.,0.,-1.));
#9715=DIRECTION('',(0.,0.,-1.));
#9716=DIRECTION('center_axis',(0.,0.,1.));
#9717=DIRECTION('ref_axis',(-1.,0.,0.));
#9718=DIRECTION('',(0.,0.,-1.));
#9719=DIRECTION('',(0.,0.,-1.));
#9720=DIRECTION('center_axis',(-0.0781896965741882,0.996938499281494,0.));
#9721=DIRECTION('ref_axis',(0.996938499281494,0.0781896965741882,0.));
#9722=DIRECTION('',(0.996938499281494,0.0781896965741882,0.));
#9723=DIRECTION('',(0.,0.,-1.));
#9724=DIRECTION('',(0.996938499281494,0.0781896965741882,0.));
#9725=DIRECTION('',(0.,0.,-1.));
#9726=DIRECTION('center_axis',(0.,0.,1.));
#9727=DIRECTION('ref_axis',(-1.,0.,0.));
#9728=DIRECTION('',(0.,0.,-1.));
#9729=DIRECTION('',(0.,0.,-1.));
#9730=DIRECTION('center_axis',(0.984301544210028,-0.176494957621329,0.));
#9731=DIRECTION('ref_axis',(-0.176494957621329,-0.984301544210028,0.));
#9732=DIRECTION('',(-0.176494957621329,-0.984301544210028,0.));
#9733=DIRECTION('',(0.,0.,-1.));
#9734=DIRECTION('',(-0.176494957621329,-0.984301544210028,0.));
#9735=DIRECTION('',(0.,0.,-1.));
#9736=DIRECTION('center_axis',(-0.792625354263221,-0.609708986139374,0.));
#9737=DIRECTION('ref_axis',(-0.609708986139374,0.792625354263221,0.));
#9738=DIRECTION('',(-0.609708986139374,0.792625354263221,0.));
#9739=DIRECTION('',(0.,0.,-1.));
#9740=DIRECTION('',(-0.609708986139374,0.792625354263221,0.));
#9741=DIRECTION('center_axis',(-0.984301544210028,0.176494957621329,0.));
#9742=DIRECTION('ref_axis',(0.176494957621329,0.984301544210028,0.));
#9743=DIRECTION('',(0.176494957621329,0.984301544210028,0.));
#9744=DIRECTION('',(0.,0.,-1.));
#9745=DIRECTION('',(0.176494957621329,0.984301544210028,0.));
#9746=DIRECTION('',(0.,0.,-1.));
#9747=DIRECTION('',(0.,0.,-1.));
#9748=DIRECTION('',(0.,0.,-1.));
#9749=DIRECTION('',(0.,0.,-1.));
#9750=DIRECTION('',(0.,0.,-1.));
#9751=DIRECTION('',(0.,0.,-1.));
#9752=DIRECTION('',(0.,0.,-1.));
#9753=DIRECTION('',(0.,0.,-1.));
#9754=DIRECTION('center_axis',(-0.381483744665137,-0.924375547359549,0.));
#9755=DIRECTION('ref_axis',(-0.924375547359549,0.381483744665136,0.));
#9756=DIRECTION('',(-0.924375547359549,0.381483744665136,0.));
#9757=DIRECTION('',(0.,0.,-1.));
#9758=DIRECTION('',(-0.924375547359549,0.381483744665136,0.));
#9759=DIRECTION('center_axis',(0.,1.,0.));
#9760=DIRECTION('ref_axis',(1.,0.,0.));
#9761=DIRECTION('',(1.,0.,0.));
#9762=DIRECTION('',(1.,0.,0.));
#9763=DIRECTION('',(0.,0.,-1.));
#9764=DIRECTION('',(0.,0.,-1.));
#9765=DIRECTION('',(0.,0.,-1.));
#9766=DIRECTION('',(0.,0.,-1.));
#9767=DIRECTION('',(0.,0.,-1.));
#9768=DIRECTION('center_axis',(0.,-1.,0.));
#9769=DIRECTION('ref_axis',(-1.,0.,0.));
#9770=DIRECTION('',(-1.,0.,0.));
#9771=DIRECTION('',(0.,0.,-1.));
#9772=DIRECTION('',(-1.,0.,0.));
#9773=DIRECTION('center_axis',(0.98521161280286,-0.171341991345929,0.));
#9774=DIRECTION('ref_axis',(-0.171341991345929,-0.985211612802859,0.));
#9775=DIRECTION('',(-0.171341991345929,-0.985211612802859,0.));
#9776=DIRECTION('',(0.,0.,-1.));
#9777=DIRECTION('',(-0.171341991345929,-0.985211612802859,0.));
#9778=DIRECTION('center_axis',(0.,1.,0.));
#9779=DIRECTION('ref_axis',(1.,0.,0.));
#9780=DIRECTION('',(1.,0.,0.));
#9781=DIRECTION('',(0.,0.,-1.));
#9782=DIRECTION('',(1.,0.,0.));
#9783=DIRECTION('',(0.,0.,-1.));
#9784=DIRECTION('',(0.,0.,-1.));
#9785=DIRECTION('center_axis',(0.985103914398922,-0.17196010536145,0.));
#9786=DIRECTION('ref_axis',(-0.17196010536145,-0.985103914398922,0.));
#9787=DIRECTION('',(-0.17196010536145,-0.985103914398922,0.));
#9788=DIRECTION('',(0.,0.,-1.));
#9789=DIRECTION('',(-0.17196010536145,-0.985103914398922,0.));
#9790=DIRECTION('center_axis',(0.,1.,0.));
#9791=DIRECTION('ref_axis',(1.,0.,0.));
#9792=DIRECTION('',(1.,0.,0.));
#9793=DIRECTION('',(0.,0.,-1.));
#9794=DIRECTION('',(1.,0.,0.));
#9795=DIRECTION('',(0.,0.,-1.));
#9796=DIRECTION('',(0.,0.,-1.));
#9797=DIRECTION('',(0.,0.,-1.));
#9798=DIRECTION('',(0.,0.,-1.));
#9799=DIRECTION('',(0.,0.,-1.));
#9800=DIRECTION('',(0.,0.,-1.));
#9801=DIRECTION('',(0.,0.,-1.));
#9802=DIRECTION('',(0.,0.,-1.));
#9803=DIRECTION('center_axis',(0.,1.,0.));
#9804=DIRECTION('ref_axis',(1.,0.,0.));
#9805=DIRECTION('',(1.,0.,0.));
#9806=DIRECTION('',(0.,0.,-1.));
#9807=DIRECTION('',(1.,0.,0.));
#9808=DIRECTION('',(0.,0.,-1.));
#9809=DIRECTION('center_axis',(0.869782416680594,-0.493435454373989,0.));
#9810=DIRECTION('ref_axis',(-0.493435454373989,-0.869782416680594,0.));
#9811=DIRECTION('',(-0.493435454373989,-0.869782416680594,0.));
#9812=DIRECTION('',(0.,0.,-1.));
#9813=DIRECTION('',(-0.493435454373989,-0.869782416680594,0.));
#9814=DIRECTION('center_axis',(0.,-1.,0.));
#9815=DIRECTION('ref_axis',(-1.,0.,0.));
#9816=DIRECTION('',(-1.,0.,0.));
#9817=DIRECTION('',(-1.,0.,0.));
#9818=DIRECTION('center_axis',(0.,0.,1.));
#9819=DIRECTION('ref_axis',(-1.,0.,0.));
#9820=DIRECTION('',(0.,0.,-1.));
#9821=DIRECTION('',(0.,0.,-1.));
#9822=DIRECTION('',(0.,0.,-1.));
#9823=DIRECTION('center_axis',(0.28855007832267,0.957464804731736,0.));
#9824=DIRECTION('ref_axis',(0.957464804731736,-0.28855007832267,0.));
#9825=DIRECTION('',(0.957464804731736,-0.28855007832267,0.));
#9826=DIRECTION('',(0.,0.,-1.));
#9827=DIRECTION('',(0.957464804731736,-0.28855007832267,0.));
#9828=DIRECTION('',(0.,0.,-1.));
#9829=DIRECTION('',(0.,0.,-1.));
#9830=DIRECTION('',(0.,0.,-1.));
#9831=DIRECTION('',(0.,0.,-1.));
#9832=DIRECTION('',(0.,0.,-1.));
#9833=DIRECTION('',(0.,0.,-1.));
#9834=DIRECTION('center_axis',(0.960383116149212,-0.278683099981913,0.));
#9835=DIRECTION('ref_axis',(-0.278683099981913,-0.960383116149212,0.));
#9836=DIRECTION('',(-0.278683099981913,-0.960383116149212,0.));
#9837=DIRECTION('',(0.,0.,-1.));
#9838=DIRECTION('',(-0.278683099981913,-0.960383116149212,0.));
#9839=DIRECTION('',(0.,0.,-1.));
#9840=DIRECTION('',(0.,0.,-1.));
#9841=DIRECTION('',(0.,0.,-1.));
#9842=DIRECTION('',(0.,0.,-1.));
#9843=DIRECTION('',(0.,0.,-1.));
#9844=DIRECTION('',(0.,0.,-1.));
#9845=DIRECTION('center_axis',(-0.300191179793179,-0.953879057100207,0.));
#9846=DIRECTION('ref_axis',(-0.953879057100207,0.300191179793179,0.));
#9847=DIRECTION('',(-0.953879057100207,0.300191179793179,0.));
#9848=DIRECTION('',(0.,0.,-1.));
#9849=DIRECTION('',(-0.953879057100207,0.300191179793179,0.));
#9850=DIRECTION('',(0.,0.,-1.));
#9851=DIRECTION('',(0.,0.,-1.));
#9852=DIRECTION('',(0.,0.,-1.));
#9853=DIRECTION('',(0.,0.,-1.));
#9854=DIRECTION('',(0.,0.,-1.));
#9855=DIRECTION('',(0.,0.,-1.));
#9856=DIRECTION('center_axis',(-0.957370847046689,0.288861664512801,0.));
#9857=DIRECTION('ref_axis',(0.288861664512801,0.957370847046689,0.));
#9858=DIRECTION('',(0.288861664512801,0.957370847046689,0.));
#9859=DIRECTION('',(0.,0.,-1.));
#9860=DIRECTION('',(0.288861664512801,0.957370847046689,0.));
#9861=DIRECTION('',(0.,0.,-1.));
#9862=DIRECTION('',(0.,0.,-1.));
#9863=DIRECTION('',(0.,0.,-1.));
#9864=DIRECTION('center_axis',(0.,0.,1.));
#9865=DIRECTION('ref_axis',(-1.,0.,0.));
#9866=DIRECTION('',(0.,0.,-1.));
#9867=DIRECTION('',(0.,0.,-1.));
#9868=DIRECTION('',(0.,0.,-1.));
#9869=DIRECTION('',(0.,0.,-1.));
#9870=DIRECTION('',(0.,0.,-1.));
#9871=DIRECTION('',(0.,0.,-1.));
#9872=DIRECTION('',(0.,0.,-1.));
#9873=DIRECTION('',(0.,0.,-1.));
#9874=DIRECTION('',(0.,0.,-1.));
#9875=DIRECTION('',(0.,0.,-1.));
#9876=DIRECTION('',(0.,0.,-1.));
#9877=DIRECTION('',(0.,0.,-1.));
#9878=DIRECTION('',(0.,0.,-1.));
#9879=DIRECTION('',(0.,0.,-1.));
#9880=DIRECTION('',(0.,0.,-1.));
#9881=DIRECTION('',(0.,0.,-1.));
#9882=DIRECTION('center_axis',(0.,0.,1.));
#9883=DIRECTION('ref_axis',(-1.,0.,0.));
#9884=DIRECTION('center_axis',(0.,1.,0.));
#9885=DIRECTION('ref_axis',(1.,0.,0.));
#9886=DIRECTION('',(1.,0.,0.));
#9887=DIRECTION('',(0.,0.,-1.));
#9888=DIRECTION('',(1.,0.,0.));
#9889=DIRECTION('',(0.,0.,-1.));
#9890=DIRECTION('center_axis',(0.994286504981301,-0.106744302012188,0.));
#9891=DIRECTION('ref_axis',(-0.106744302012188,-0.994286504981301,0.));
#9892=DIRECTION('',(-0.106744302012188,-0.994286504981301,0.));
#9893=DIRECTION('',(0.,0.,-1.));
#9894=DIRECTION('',(-0.106744302012187,-0.994286504981301,0.));
#9895=DIRECTION('',(0.,0.,-1.));
#9896=DIRECTION('',(0.,0.,-1.));
#9897=DIRECTION('',(0.,0.,-1.));
#9898=DIRECTION('',(0.,0.,-1.));
#9899=DIRECTION('center_axis',(0.962650963871233,-0.270745492589971,0.));
#9900=DIRECTION('ref_axis',(-0.270745492589971,-0.962650963871233,0.));
#9901=DIRECTION('',(-0.270745492589971,-0.962650963871233,0.));
#9902=DIRECTION('',(0.,0.,-1.));
#9903=DIRECTION('',(-0.270745492589971,-0.962650963871233,0.));
#9904=DIRECTION('',(0.,0.,-1.));
#9905=DIRECTION('',(0.,0.,-1.));
#9906=DIRECTION('',(0.,0.,-1.));
#9907=DIRECTION('',(0.,0.,-1.));
#9908=DIRECTION('center_axis',(-0.994505499191978,0.104684344946677,0.));
#9909=DIRECTION('ref_axis',(0.104684344946677,0.994505499191978,0.));
#9910=DIRECTION('',(0.104684344946677,0.994505499191978,0.));
#9911=DIRECTION('',(0.,0.,-1.));
#9912=DIRECTION('',(0.104684344946677,0.994505499191978,0.));
#9913=DIRECTION('center_axis',(0.,1.,0.));
#9914=DIRECTION('ref_axis',(1.,0.,0.));
#9915=DIRECTION('',(1.,0.,0.));
#9916=DIRECTION('',(0.,0.,-1.));
#9917=DIRECTION('',(1.,0.,0.));
#9918=DIRECTION('center_axis',(-0.984597468779111,0.174836565036516,0.));
#9919=DIRECTION('ref_axis',(0.174836565036516,0.984597468779111,0.));
#9920=DIRECTION('',(0.174836565036516,0.984597468779111,0.));
#9921=DIRECTION('',(0.,0.,-1.));
#9922=DIRECTION('',(0.174836565036516,0.984597468779111,0.));
#9923=DIRECTION('center_axis',(0.,-1.,0.));
#9924=DIRECTION('ref_axis',(-1.,0.,0.));
#9925=DIRECTION('',(-1.,0.,0.));
#9926=DIRECTION('',(0.,0.,-1.));
#9927=DIRECTION('',(-1.,0.,0.));
#9928=DIRECTION('center_axis',(-0.994505499191978,0.104684344946677,0.));
#9929=DIRECTION('ref_axis',(0.104684344946677,0.994505499191978,0.));
#9930=DIRECTION('',(0.104684344946677,0.994505499191978,0.));
#9931=DIRECTION('',(0.,0.,-1.));
#9932=DIRECTION('',(0.104684344946677,0.994505499191978,0.));
#9933=DIRECTION('',(0.,0.,-1.));
#9934=DIRECTION('',(0.,0.,-1.));
#9935=DIRECTION('',(0.,0.,-1.));
#9936=DIRECTION('center_axis',(-0.105601016755045,0.994408580644948,0.));
#9937=DIRECTION('ref_axis',(0.994408580644948,0.105601016755045,0.));
#9938=DIRECTION('',(0.994408580644948,0.105601016755045,0.));
#9939=DIRECTION('',(0.,0.,-1.));
#9940=DIRECTION('',(0.994408580644948,0.105601016755045,0.));
#9941=DIRECTION('center_axis',(-0.999390307395517,-0.0349143736002026,0.));
#9942=DIRECTION('ref_axis',(-0.0349143736002026,0.999390307395517,0.));
#9943=DIRECTION('',(-0.0349143736002026,0.999390307395517,0.));
#9944=DIRECTION('',(0.,0.,-1.));
#9945=DIRECTION('',(-0.0349143736002026,0.999390307395517,0.));
#9946=DIRECTION('center_axis',(0.107890998322543,-0.994162729376315,0.));
#9947=DIRECTION('ref_axis',(-0.994162729376315,-0.107890998322543,0.));
#9948=DIRECTION('',(-0.994162729376315,-0.107890998322543,0.));
#9949=DIRECTION('',(0.,0.,-1.));
#9950=DIRECTION('',(-0.994162729376315,-0.107890998322543,0.));
#9951=DIRECTION('',(0.,0.,-1.));
#9952=DIRECTION('',(0.,0.,-1.));
#9953=DIRECTION('',(0.,0.,-1.));
#9954=DIRECTION('center_axis',(0.994286504981301,-0.106744302012188,0.));
#9955=DIRECTION('ref_axis',(-0.106744302012188,-0.994286504981301,0.));
#9956=DIRECTION('',(-0.106744302012188,-0.994286504981301,0.));
#9957=DIRECTION('',(0.,0.,-1.));
#9958=DIRECTION('',(-0.106744302012187,-0.994286504981301,0.));
#9959=DIRECTION('center_axis',(0.,-1.,0.));
#9960=DIRECTION('ref_axis',(-1.,0.,0.));
#9961=DIRECTION('',(-1.,0.,0.));
#9962=DIRECTION('',(0.,0.,-1.));
#9963=DIRECTION('',(-1.,0.,0.));
#9964=DIRECTION('center_axis',(0.984597468779111,-0.174836565036516,0.));
#9965=DIRECTION('ref_axis',(-0.174836565036516,-0.984597468779111,0.));
#9966=DIRECTION('',(-0.174836565036516,-0.984597468779111,0.));
#9967=DIRECTION('',(-0.174836565036516,-0.984597468779111,0.));
#9968=DIRECTION('center_axis',(0.,0.,1.));
#9969=DIRECTION('ref_axis',(-1.,0.,0.));
#9970=DIRECTION('',(0.,0.,-1.));
#9971=DIRECTION('',(0.,0.,-1.));
#9972=DIRECTION('center_axis',(-0.998210347729005,0.0598005157731862,0.));
#9973=DIRECTION('ref_axis',(0.0598005157731862,0.998210347729005,0.));
#9974=DIRECTION('',(0.0598005157731862,0.998210347729005,0.));
#9975=DIRECTION('',(0.,0.,-1.));
#9976=DIRECTION('',(0.0598005157731862,0.998210347729005,0.));
#9977=DIRECTION('',(0.,0.,-1.));
#9978=DIRECTION('',(0.,0.,-1.));
#9979=DIRECTION('',(0.,0.,-1.));
#9980=DIRECTION('',(0.,0.,-1.));
#9981=DIRECTION('',(0.,0.,-1.));
#9982=DIRECTION('',(0.,0.,-1.));
#9983=DIRECTION('',(0.,0.,-1.));
#9984=DIRECTION('',(0.,0.,-1.));
#9985=DIRECTION('',(0.,0.,-1.));
#9986=DIRECTION('',(0.,0.,-1.));
#9987=DIRECTION('',(0.,0.,-1.));
#9988=DIRECTION('',(0.,0.,-1.));
#9989=DIRECTION('',(0.,0.,-1.));
#9990=DIRECTION('',(0.,0.,-1.));
#9991=DIRECTION('',(0.,0.,-1.));
#9992=DIRECTION('',(0.,0.,-1.));
#9993=DIRECTION('',(0.,0.,-1.));
#9994=DIRECTION('',(0.,0.,-1.));
#9995=DIRECTION('',(0.,0.,-1.));
#9996=DIRECTION('',(0.,0.,-1.));
#9997=DIRECTION('',(0.,0.,-1.));
#9998=DIRECTION('',(0.,0.,-1.));
#9999=DIRECTION('center_axis',(-0.00900969507522027,0.999959411873628,0.));
#10000=DIRECTION('ref_axis',(0.999959411873628,0.00900969507522027,0.));
#10001=DIRECTION('',(0.999959411873628,0.00900969507522027,0.));
#10002=DIRECTION('',(0.,0.,-1.));
#10003=DIRECTION('',(0.999959411873628,0.00900969507522027,0.));
#10004=DIRECTION('',(0.,0.,-1.));
#10005=DIRECTION('center_axis',(0.832051499002952,-0.554698389223315,0.));
#10006=DIRECTION('ref_axis',(-0.554698389223315,-0.832051499002952,0.));
#10007=DIRECTION('',(-0.554698389223315,-0.832051499002952,0.));
#10008=DIRECTION('',(0.,0.,-1.));
#10009=DIRECTION('',(-0.554698389223315,-0.832051499002952,0.));
#10010=DIRECTION('center_axis',(0.00900969507522027,-0.999959411873628,
0.));
#10011=DIRECTION('ref_axis',(-0.999959411873628,-0.00900969507522027,0.));
#10012=DIRECTION('',(-0.999959411873628,-0.00900969507522027,0.));
#10013=DIRECTION('',(0.,0.,-1.));
#10014=DIRECTION('',(-0.999959411873628,-0.00900969507522027,0.));
#10015=DIRECTION('center_axis',(0.995131167415846,-0.0985594218610009,0.));
#10016=DIRECTION('ref_axis',(-0.0985594218610009,-0.995131167415847,0.));
#10017=DIRECTION('',(-0.0985594218610009,-0.995131167415847,0.));
#10018=DIRECTION('',(0.,0.,-1.));
#10019=DIRECTION('',(-0.0985594218610009,-0.995131167415847,0.));
#10020=DIRECTION('',(0.,0.,-1.));
#10021=DIRECTION('center_axis',(-0.865031545397009,-0.501717475745128,0.));
#10022=DIRECTION('ref_axis',(-0.501717475745128,0.865031545397009,0.));
#10023=DIRECTION('',(-0.501717475745128,0.865031545397009,0.));
#10024=DIRECTION('',(0.,0.,-1.));
#10025=DIRECTION('',(-0.501717475745128,0.865031545397009,0.));
#10026=DIRECTION('center_axis',(-0.00900969507522027,0.999959411873628,
0.));
#10027=DIRECTION('ref_axis',(0.999959411873628,0.00900969507522027,0.));
#10028=DIRECTION('',(0.999959411873628,0.00900969507522027,0.));
#10029=DIRECTION('',(0.999959411873628,0.00900969507522027,0.));
#10030=DIRECTION('center_axis',(-0.995131167415846,0.0985594218610009,0.));
#10031=DIRECTION('ref_axis',(0.0985594218610009,0.995131167415847,0.));
#10032=DIRECTION('',(0.0985594218610009,0.995131167415847,0.));
#10033=DIRECTION('',(0.,0.,-1.));
#10034=DIRECTION('',(0.0985594218610009,0.995131167415847,0.));
#10035=DIRECTION('center_axis',(0.,-1.,0.));
#10036=DIRECTION('ref_axis',(-1.,0.,0.));
#10037=DIRECTION('',(-1.,0.,0.));
#10038=DIRECTION('',(0.,0.,-1.));
#10039=DIRECTION('',(-1.,0.,0.));
#10040=DIRECTION('center_axis',(0.984872420936837,-0.173281027461215,0.));
#10041=DIRECTION('ref_axis',(-0.173281027461215,-0.984872420936837,0.));
#10042=DIRECTION('',(-0.173281027461215,-0.984872420936837,0.));
#10043=DIRECTION('',(0.,0.,-1.));
#10044=DIRECTION('',(-0.173281027461215,-0.984872420936837,0.));
#10045=DIRECTION('',(0.,0.,-1.));
#10046=DIRECTION('',(0.,0.,-1.));
#10047=DIRECTION('',(0.,0.,-1.));
#10048=DIRECTION('',(0.,0.,-1.));
#10049=DIRECTION('',(0.,0.,-1.));
#10050=DIRECTION('',(0.,0.,-1.));
#10051=DIRECTION('',(0.,0.,-1.));
#10052=DIRECTION('',(0.,0.,-1.));
#10053=DIRECTION('',(0.,0.,-1.));
#10054=DIRECTION('',(0.,0.,-1.));
#10055=DIRECTION('center_axis',(0.990404879220713,-0.138196147615645,0.));
#10056=DIRECTION('ref_axis',(-0.138196147615645,-0.990404879220713,0.));
#10057=DIRECTION('',(-0.138196147615645,-0.990404879220713,0.));
#10058=DIRECTION('',(0.,0.,-1.));
#10059=DIRECTION('',(-0.138196147615645,-0.990404879220713,0.));
#10060=DIRECTION('',(0.,0.,-1.));
#10061=DIRECTION('',(0.,0.,-1.));
#10062=DIRECTION('',(0.,0.,-1.));
#10063=DIRECTION('',(0.,0.,-1.));
#10064=DIRECTION('',(0.,0.,-1.));
#10065=DIRECTION('',(0.,0.,-1.));
#10066=DIRECTION('',(0.,0.,-1.));
#10067=DIRECTION('',(0.,0.,-1.));
#10068=DIRECTION('center_axis',(0.,0.,1.));
#10069=DIRECTION('ref_axis',(-1.,0.,0.));
#10070=DIRECTION('center_axis',(0.,0.,1.));
#10071=DIRECTION('ref_axis',(1.,0.,0.));
#10072=DIRECTION('center_axis',(0.,0.,1.));
#10073=DIRECTION('ref_axis',(1.,0.,0.));
#10074=DIRECTION('center_axis',(0.,0.,1.));
#10075=DIRECTION('ref_axis',(1.,0.,0.));
#10076=DIRECTION('center_axis',(0.,0.,1.));
#10077=DIRECTION('ref_axis',(1.,0.,0.));
#10078=DIRECTION('center_axis',(0.,0.,1.));
#10079=DIRECTION('ref_axis',(1.,0.,0.));
#10080=DIRECTION('center_axis',(0.,0.,1.));
#10081=DIRECTION('ref_axis',(1.,0.,0.));
#10082=DIRECTION('center_axis',(0.,0.,1.));
#10083=DIRECTION('ref_axis',(1.,0.,0.));
#10084=DIRECTION('center_axis',(0.,0.,1.));
#10085=DIRECTION('ref_axis',(1.,0.,0.));
#10086=DIRECTION('center_axis',(0.,0.,1.));
#10087=DIRECTION('ref_axis',(1.,0.,0.));
#10088=DIRECTION('center_axis',(0.,0.,1.));
#10089=DIRECTION('ref_axis',(1.,0.,0.));
#10090=DIRECTION('center_axis',(0.,0.,1.));
#10091=DIRECTION('ref_axis',(1.,0.,0.));
#10092=DIRECTION('center_axis',(0.,0.,1.));
#10093=DIRECTION('ref_axis',(1.,0.,0.));
#10094=DIRECTION('center_axis',(0.,0.,1.));
#10095=DIRECTION('ref_axis',(1.,0.,0.));
#10096=DIRECTION('center_axis',(0.,0.,1.));
#10097=DIRECTION('ref_axis',(1.,0.,0.));
#10098=DIRECTION('center_axis',(0.,0.,1.));
#10099=DIRECTION('ref_axis',(1.,0.,0.));
#10100=DIRECTION('center_axis',(0.,0.,1.));
#10101=DIRECTION('ref_axis',(1.,0.,0.));
#10102=DIRECTION('center_axis',(0.,0.,1.));
#10103=DIRECTION('ref_axis',(1.,0.,0.));
#10104=DIRECTION('center_axis',(0.,0.,1.));
#10105=DIRECTION('ref_axis',(1.,0.,0.));
#10106=DIRECTION('center_axis',(0.,0.,1.));
#10107=DIRECTION('ref_axis',(1.,0.,0.));
#10108=DIRECTION('center_axis',(0.,0.,1.));
#10109=DIRECTION('ref_axis',(1.,-8.88178419700128E-15,0.));
#10110=DIRECTION('',(1.70777380215579E-16,1.,0.));
#10111=DIRECTION('',(1.,-2.23246745267858E-16,0.));
#10112=DIRECTION('center_axis',(0.,0.,1.));
#10113=DIRECTION('ref_axis',(-1.,0.,0.));
#10114=DIRECTION('',(0.,-1.,0.));
#10115=DIRECTION('',(-0.999999927322193,0.00038125530734259,0.));
#10116=DIRECTION('center_axis',(0.,0.,-1.));
#10117=DIRECTION('ref_axis',(0.,1.,0.));
#10118=DIRECTION('',(0.,1.,0.));
#10119=DIRECTION('center_axis',(0.,0.,-1.));
#10120=DIRECTION('ref_axis',(-1.,2.22044604925032E-15,0.));
#10121=DIRECTION('',(-1.,0.,0.));
#10122=DIRECTION('center_axis',(0.,0.,-1.));
#10123=DIRECTION('ref_axis',(0.,-1.,0.));
#10124=DIRECTION('',(0.,-1.,0.));
#10125=DIRECTION('center_axis',(0.,0.,-1.));
#10126=DIRECTION('ref_axis',(1.,-5.5511151231258E-15,0.));
#10127=DIRECTION('',(1.,0.,0.));
#10128=DIRECTION('center_axis',(-1.,0.,0.));
#10129=DIRECTION('ref_axis',(0.,-1.,0.));
#10130=DIRECTION('',(0.,0.,1.));
#10131=DIRECTION('',(0.,-1.,0.));
#10132=DIRECTION('',(0.,0.,1.));
#10133=DIRECTION('center_axis',(0.,0.,1.));
#10134=DIRECTION('ref_axis',(0.,-1.,0.));
#10135=DIRECTION('',(0.,0.,1.));
#10136=DIRECTION('center_axis',(0.,0.,-1.));
#10137=DIRECTION('ref_axis',(0.,-1.,0.));
#10138=DIRECTION('center_axis',(0.,1.,0.));
#10139=DIRECTION('ref_axis',(-1.,0.,0.));
#10140=DIRECTION('',(0.,0.,1.));
#10141=DIRECTION('',(-1.,0.,0.));
#10142=DIRECTION('center_axis',(0.,0.,1.));
#10143=DIRECTION('ref_axis',(-1.,2.22044604925032E-15,0.));
#10144=DIRECTION('',(0.,0.,1.));
#10145=DIRECTION('center_axis',(0.,0.,-1.));
#10146=DIRECTION('ref_axis',(-1.,2.22044604925032E-15,0.));
#10147=DIRECTION('center_axis',(-1.,0.,0.));
#10148=DIRECTION('ref_axis',(0.,-1.,0.));
#10149=DIRECTION('',(0.,0.,1.));
#10150=DIRECTION('',(0.,-1.,0.));
#10151=DIRECTION('',(0.,0.,1.));
#10152=DIRECTION('center_axis',(0.,0.,1.));
#10153=DIRECTION('ref_axis',(-1.,0.,0.));
#10154=DIRECTION('',(0.,0.,1.));
#10155=DIRECTION('center_axis',(0.,0.,1.));
#10156=DIRECTION('ref_axis',(-1.,0.,0.));
#10157=DIRECTION('center_axis',(-2.23246745267858E-16,-1.,0.));
#10158=DIRECTION('ref_axis',(1.,-2.23246745267858E-16,0.));
#10159=DIRECTION('',(0.,0.,1.));
#10160=DIRECTION('',(1.,-2.23246745267858E-16,0.));
#10161=DIRECTION('center_axis',(1.,0.,0.));
#10162=DIRECTION('ref_axis',(0.,1.,0.));
#10163=DIRECTION('',(0.,0.,1.));
#10164=DIRECTION('',(0.,1.,0.));
#10165=DIRECTION('center_axis',(0.,0.,1.));
#10166=DIRECTION('ref_axis',(0.,1.,0.));
#10167=DIRECTION('',(0.,0.,1.));
#10168=DIRECTION('center_axis',(0.,0.,-1.));
#10169=DIRECTION('ref_axis',(0.,1.,0.));
#10170=DIRECTION('center_axis',(1.,-1.70777380215579E-16,0.));
#10171=DIRECTION('ref_axis',(1.70777380215579E-16,1.,0.));
#10172=DIRECTION('',(0.,0.,1.));
#10173=DIRECTION('',(1.70777380215579E-16,1.,0.));
#10174=DIRECTION('center_axis',(0.,0.,1.));
#10175=DIRECTION('ref_axis',(1.,-8.88178419700128E-15,0.));
#10176=DIRECTION('',(0.,0.,1.));
#10177=DIRECTION('center_axis',(0.,0.,1.));
#10178=DIRECTION('ref_axis',(1.,-8.88178419700128E-15,0.));
#10179=DIRECTION('center_axis',(0.,0.,1.));
#10180=DIRECTION('ref_axis',(1.,-5.5511151231258E-15,0.));
#10181=DIRECTION('center_axis',(0.,0.,-1.));
#10182=DIRECTION('ref_axis',(1.,-5.5511151231258E-15,0.));
#10183=DIRECTION('',(0.,0.,1.));
#10184=DIRECTION('center_axis',(0.,-1.,0.));
#10185=DIRECTION('ref_axis',(1.,0.,0.));
#10186=DIRECTION('',(1.,0.,0.));
#10187=DIRECTION('center_axis',(0.00038125530734259,0.999999927322193,0.));
#10188=DIRECTION('ref_axis',(-0.999999927322193,0.00038125530734259,0.));
#10189=DIRECTION('',(-0.999999927322193,0.00038125530734259,0.));
#10190=DIRECTION('center_axis',(0.,0.,1.));
#10191=DIRECTION('ref_axis',(1.,0.,0.));
#10192=CARTESIAN_POINT('',(0.,0.,0.));
#10193=CARTESIAN_POINT('Origin',(-81.0383736271465,-41.2716437646263,0.));
#10194=CARTESIAN_POINT('',(-83.4883736271465,-41.2716437646263,0.));
#10195=CARTESIAN_POINT('Origin',(-81.0383736271465,-41.2716437646263,0.));
#10196=CARTESIAN_POINT('',(-83.4883736271465,-41.2716437646263,3.9));
#10197=CARTESIAN_POINT('',(-83.4883736271465,-41.2716437646263,0.));
#10198=CARTESIAN_POINT('Origin',(-81.0383736271465,-41.2716437646263,3.9));
#10199=CARTESIAN_POINT('Origin',(-81.0383736271465,-41.2716437646263,3.9));
#10200=CARTESIAN_POINT('Origin',(61.4616284962689,34.2283573604113,0.));
#10201=CARTESIAN_POINT('',(59.0116284962689,34.2283573604113,0.));
#10202=CARTESIAN_POINT('Origin',(61.4616284962689,34.2283573604113,0.));
#10203=CARTESIAN_POINT('',(59.0116284962689,34.2283573604113,3.9));
#10204=CARTESIAN_POINT('',(59.0116284962689,34.2283573604113,0.));
#10205=CARTESIAN_POINT('Origin',(61.4616284962689,34.2283573604113,3.9));
#10206=CARTESIAN_POINT('Origin',(61.4616284962689,34.2283573604113,3.9));
#10207=CARTESIAN_POINT('Origin',(43.9616282354986,-72.2716442265623,0.));
#10208=CARTESIAN_POINT('',(41.5116282354986,-72.2716442265623,0.));
#10209=CARTESIAN_POINT('Origin',(43.9616282354986,-72.2716442265623,0.));
#10210=CARTESIAN_POINT('',(41.5116282354986,-72.2716442265623,3.9));
#10211=CARTESIAN_POINT('',(41.5116282354986,-72.2716442265623,0.));
#10212=CARTESIAN_POINT('Origin',(43.9616282354986,-72.2716442265623,3.9));
#10213=CARTESIAN_POINT('Origin',(43.9616282354986,-72.2716442265623,3.9));
#10214=CARTESIAN_POINT('Origin',(-81.2781540807086,34.0609604016542,0.));
#10215=CARTESIAN_POINT('',(-83.7281540807086,34.0609604016542,0.));
#10216=CARTESIAN_POINT('Origin',(-81.2781540807086,34.0609604016542,0.));
#10217=CARTESIAN_POINT('',(-83.7281540807086,34.0609604016542,3.9));
#10218=CARTESIAN_POINT('',(-83.7281540807086,34.0609604016542,0.));
#10219=CARTESIAN_POINT('Origin',(-81.2781540807086,34.0609604016542,3.9));
#10220=CARTESIAN_POINT('Origin',(-81.2781540807086,34.0609604016542,3.9));
#10221=CARTESIAN_POINT('Origin',(-13.5606472866691,-35.8218658975201,0.));
#10222=CARTESIAN_POINT('',(-12.5606716559637,-35.8288471578181,0.));
#10223=CARTESIAN_POINT('',(-13.5536660263712,-34.8218902668147,0.));
#10224=CARTESIAN_POINT('Origin',(-13.5606472866691,-35.8218658975201,0.));
#10225=CARTESIAN_POINT('',(-13.5536660263712,-34.8218902668147,4.5));
#10226=CARTESIAN_POINT('',(-13.5536660263712,-34.8218902668147,0.));
#10227=CARTESIAN_POINT('',(-12.5606716559637,-35.8288471578181,4.5));
#10228=CARTESIAN_POINT('Origin',(-13.5606472866691,-35.8218658975201,4.5));
#10229=CARTESIAN_POINT('',(-12.5606716559637,-35.8288471578181,0.));
#10230=CARTESIAN_POINT('Origin',(-12.5616733360188,-35.9723249257456,0.));
#10231=CARTESIAN_POINT('',(-12.5616733360188,-35.9723249257456,0.));
#10232=CARTESIAN_POINT('',(-12.5606716559637,-35.8288471578181,0.));
#10233=CARTESIAN_POINT('',(-12.5616733360188,-35.9723249257456,4.5));
#10234=CARTESIAN_POINT('',(-12.5606716559637,-35.8288471578181,4.5));
#10235=CARTESIAN_POINT('',(-12.5616733360188,-35.9723249257456,0.));
#10236=CARTESIAN_POINT('Origin',(-12.5579625531377,-53.0097880881318,0.));
#10237=CARTESIAN_POINT('',(-12.5579625531377,-53.0097880881318,0.));
#10238=CARTESIAN_POINT('',(-12.5616733360188,-35.9723249257456,0.));
#10239=CARTESIAN_POINT('',(-12.5579625531377,-53.0097880881318,4.5));
#10240=CARTESIAN_POINT('',(-12.5616733360188,-35.9723249257456,4.5));
#10241=CARTESIAN_POINT('',(-12.5579625531377,-53.0097880881318,0.));
#10242=CARTESIAN_POINT('Origin',(-11.5579625768564,-53.0095702867633,0.));
#10243=CARTESIAN_POINT('',(-11.5579625768564,-54.0095702867633,0.));
#10244=CARTESIAN_POINT('Origin',(-11.5579625768564,-53.0095702867633,0.));
#10245=CARTESIAN_POINT('',(-11.5579625768564,-54.0095702867633,4.5));
#10246=CARTESIAN_POINT('Origin',(-11.5579625768564,-53.0095702867633,4.5));
#10247=CARTESIAN_POINT('',(-11.5579625768564,-54.0095702867633,0.));
#10248=CARTESIAN_POINT('Origin',(8.21281416400043,-54.0095702867633,0.));
#10249=CARTESIAN_POINT('',(8.21281416400043,-54.0095702867633,0.));
#10250=CARTESIAN_POINT('',(-11.5579625768564,-54.0095702867633,0.));
#10251=CARTESIAN_POINT('',(8.21281416400043,-54.0095702867633,4.5));
#10252=CARTESIAN_POINT('',(-11.5579625768564,-54.0095702867633,4.5));
#10253=CARTESIAN_POINT('',(8.21281416400043,-54.0095702867633,0.));
#10254=CARTESIAN_POINT('Origin',(8.2128141640005,-55.0095702867628,0.));
#10255=CARTESIAN_POINT('',(8.47148506857326,-54.0436047785139,0.));
#10256=CARTESIAN_POINT('Origin',(8.2128141640005,-55.0095702867628,0.));
#10257=CARTESIAN_POINT('',(8.47148506857326,-54.0436047785139,4.5));
#10258=CARTESIAN_POINT('Origin',(8.2128141640005,-55.0095702867628,4.5));
#10259=CARTESIAN_POINT('',(8.47148506857326,-54.0436047785139,0.));
#10260=CARTESIAN_POINT('Origin',(26.451830433417,-58.8584684152961,0.));
#10261=CARTESIAN_POINT('',(26.451830433417,-58.8584684152961,0.));
#10262=CARTESIAN_POINT('',(8.47148506857326,-54.0436047785139,0.));
#10263=CARTESIAN_POINT('',(26.451830433417,-58.8584684152961,4.5));
#10264=CARTESIAN_POINT('',(8.47148506857326,-54.0436047785139,4.5));
#10265=CARTESIAN_POINT('',(26.451830433417,-58.8584684152961,0.));
#10266=CARTESIAN_POINT('Origin',(26.1931595288442,-59.8244339235455,0.));
#10267=CARTESIAN_POINT('',(26.6903399806773,-58.9567867612063,0.));
#10268=CARTESIAN_POINT('Origin',(26.1931595288442,-59.8244339235455,0.));
#10269=CARTESIAN_POINT('',(26.6903399806773,-58.9567867612063,4.5));
#10270=CARTESIAN_POINT('Origin',(26.1931595288442,-59.8244339235455,4.5));
#10271=CARTESIAN_POINT('',(26.6903399806773,-58.9567867612063,0.));
#10272=CARTESIAN_POINT('Origin',(43.1014417910744,-68.3607004341035,0.));
#10273=CARTESIAN_POINT('',(43.1014417910744,-68.3607004341035,0.));
#10274=CARTESIAN_POINT('',(26.6903399806773,-58.9567867612063,0.));
#10275=CARTESIAN_POINT('',(43.1014417910744,-68.3607004341035,4.5));
#10276=CARTESIAN_POINT('',(26.6903399806773,-58.9567867612063,4.5));
#10277=CARTESIAN_POINT('',(43.1014417910744,-68.3607004341035,0.));
#10278=CARTESIAN_POINT('Origin',(43.5986222429075,-67.4930532717643,0.));
#10279=CARTESIAN_POINT('',(44.4662694052465,-67.9902337235974,0.));
#10280=CARTESIAN_POINT('Origin',(43.5986222429075,-67.4930532717643,0.));
#10281=CARTESIAN_POINT('',(44.4662694052465,-67.9902337235974,4.5));
#10282=CARTESIAN_POINT('Origin',(43.5986222429075,-67.4930532717643,4.5));
#10283=CARTESIAN_POINT('',(44.4662694052465,-67.9902337235974,0.));
#10284=CARTESIAN_POINT('Origin',(44.7235965575214,-67.5411630237321,0.));
#10285=CARTESIAN_POINT('',(44.7235965575214,-67.5411630237321,0.));
#10286=CARTESIAN_POINT('',(44.4662694052465,-67.9902337235974,0.));
#10287=CARTESIAN_POINT('',(44.7235965575214,-67.5411630237321,4.5));
#10288=CARTESIAN_POINT('',(44.4662694052465,-67.9902337235974,4.5));
#10289=CARTESIAN_POINT('',(44.7235965575214,-67.5411630237321,0.));
#10290=CARTESIAN_POINT('Origin',(59.4410675852724,-42.5979163444312,0.));
#10291=CARTESIAN_POINT('',(59.4410675852724,-42.5979163444312,0.));
#10292=CARTESIAN_POINT('',(44.7235965575214,-67.5411630237321,0.));
#10293=CARTESIAN_POINT('',(59.4410675852724,-42.5979163444312,4.5));
#10294=CARTESIAN_POINT('',(44.7235965575214,-67.5411630237321,4.5));
#10295=CARTESIAN_POINT('',(59.4410675852724,-42.5979163444312,0.));
#10296=CARTESIAN_POINT('Origin',(58.5798127669047,-42.0897430099888,0.));
#10297=CARTESIAN_POINT('',(59.5798127669046,-42.0897430099888,0.));
#10298=CARTESIAN_POINT('Origin',(58.5798127669047,-42.0897430099888,0.));
#10299=CARTESIAN_POINT('',(59.5798127669046,-42.0897430099888,4.5));
#10300=CARTESIAN_POINT('Origin',(58.5798127669047,-42.0897430099888,4.5));
#10301=CARTESIAN_POINT('',(59.5798127669046,-42.0897430099888,0.));
#10302=CARTESIAN_POINT('Origin',(59.5798127669046,30.7287385058157,0.));
#10303=CARTESIAN_POINT('',(59.5798127669046,30.7287385058157,0.));
#10304=CARTESIAN_POINT('',(59.5798127669046,-42.0897430099888,0.));
#10305=CARTESIAN_POINT('',(59.5798127669046,30.7287385058157,4.5));
#10306=CARTESIAN_POINT('',(59.5798127669046,-42.0897430099888,4.5));
#10307=CARTESIAN_POINT('',(59.5798127669046,30.7287385058157,0.));
#10308=CARTESIAN_POINT('Origin',(58.5798127669046,30.7287385058157,0.));
#10309=CARTESIAN_POINT('',(58.5801940222119,31.7287384331379,0.));
#10310=CARTESIAN_POINT('Origin',(58.5798127669046,30.7287385058157,0.));
#10311=CARTESIAN_POINT('',(58.5801940222119,31.7287384331379,4.5));
#10312=CARTESIAN_POINT('Origin',(58.5798127669046,30.7287385058157,4.5));
#10313=CARTESIAN_POINT('',(58.5801940222119,31.7287384331379,0.));
#10314=CARTESIAN_POINT('Origin',(-78.1022997008033,31.7808493630779,0.));
#10315=CARTESIAN_POINT('',(-78.1022997008033,31.7808493630779,0.));
#10316=CARTESIAN_POINT('',(58.5801940222119,31.7287384331379,0.));
#10317=CARTESIAN_POINT('',(-78.1022997008033,31.7808493630779,4.5));
#10318=CARTESIAN_POINT('',(58.5801940222119,31.7287384331379,4.5));
#10319=CARTESIAN_POINT('',(-78.1022997008033,31.7808493630779,0.));
#10320=CARTESIAN_POINT('Origin',(-78.1026809561106,30.7808494357557,0.));
#10321=CARTESIAN_POINT('',(-79.1026809561106,30.7808494357557,0.));
#10322=CARTESIAN_POINT('Origin',(-78.1026809561106,30.7808494357557,0.));
#10323=CARTESIAN_POINT('',(-79.1026809561106,30.7808494357557,4.5));
#10324=CARTESIAN_POINT('Origin',(-78.1026809561106,30.7808494357557,4.5));
#10325=CARTESIAN_POINT('',(-79.1026809561106,30.7808494357557,0.));
#10326=CARTESIAN_POINT('Origin',(-79.1026809561107,-37.7187702867633,0.));
#10327=CARTESIAN_POINT('',(-79.1026809561107,-37.7187702867633,0.));
#10328=CARTESIAN_POINT('',(-79.1026809561106,30.7808494357557,0.));
#10329=CARTESIAN_POINT('',(-79.1026809561107,-37.7187702867633,4.5));
#10330=CARTESIAN_POINT('',(-79.1026809561106,30.7808494357557,4.5));
#10331=CARTESIAN_POINT('',(-79.1026809561107,-37.7187702867633,0.));
#10332=CARTESIAN_POINT('Origin',(-78.1026809561107,-37.7187702867633,0.));
#10333=CARTESIAN_POINT('',(-78.1026809561107,-38.7187702867633,0.));
#10334=CARTESIAN_POINT('Origin',(-78.1026809561107,-37.7187702867633,0.));
#10335=CARTESIAN_POINT('',(-78.1026809561107,-38.7187702867633,4.5));
#10336=CARTESIAN_POINT('Origin',(-78.1026809561107,-37.7187702867633,4.5));
#10337=CARTESIAN_POINT('',(-78.1026809561107,-38.7187702867633,0.));
#10338=CARTESIAN_POINT('Origin',(-39.1198809561107,-38.7187702867633,0.));
#10339=CARTESIAN_POINT('',(-39.1198809561107,-38.7187702867633,0.));
#10340=CARTESIAN_POINT('',(-78.1026809561107,-38.7187702867633,0.));
#10341=CARTESIAN_POINT('',(-39.1198809561107,-38.7187702867633,4.5));
#10342=CARTESIAN_POINT('',(-78.1026809561107,-38.7187702867633,4.5));
#10343=CARTESIAN_POINT('',(-39.1198809561107,-38.7187702867633,0.));
#10344=CARTESIAN_POINT('Origin',(-39.1198809561107,-37.7187702867633,0.));
#10345=CARTESIAN_POINT('',(-38.1198809561107,-37.7187702867633,0.));
#10346=CARTESIAN_POINT('Origin',(-39.1198809561107,-37.7187702867633,0.));
#10347=CARTESIAN_POINT('',(-38.1198809561107,-37.7187702867633,4.5));
#10348=CARTESIAN_POINT('Origin',(-39.1198809561107,-37.7187702867633,4.5));
#10349=CARTESIAN_POINT('',(-38.1198809561107,-37.7187702867633,0.));
#10350=CARTESIAN_POINT('Origin',(-38.1198809561107,-35.6190929132926,0.));
#10351=CARTESIAN_POINT('',(-38.1198809561107,-35.6190929132926,0.));
#10352=CARTESIAN_POINT('',(-38.1198809561107,-37.7187702867633,0.));
#10353=CARTESIAN_POINT('',(-38.1198809561107,-35.6190929132926,4.5));
#10354=CARTESIAN_POINT('',(-38.1198809561107,-37.7187702867633,4.5));
#10355=CARTESIAN_POINT('',(-38.1198809561107,-35.6190929132926,0.));
#10356=CARTESIAN_POINT('Origin',(-37.1206168063127,-35.6574486029435,0.));
#10357=CARTESIAN_POINT('',(-37.1187047601832,-34.6574504309054,0.));
#10358=CARTESIAN_POINT('Origin',(-37.1206168063127,-35.6574486029435,0.));
#10359=CARTESIAN_POINT('',(-37.1187047601832,-34.6574504309054,4.5));
#10360=CARTESIAN_POINT('Origin',(-37.1206168063127,-35.6574486029435,4.5));
#10361=CARTESIAN_POINT('',(-37.1187047601832,-34.6574504309054,0.));
#10362=CARTESIAN_POINT('Origin',(-37.1033493142838,-34.65747979128,0.));
#10363=CARTESIAN_POINT('',(-37.1033493142838,-34.65747979128,0.));
#10364=CARTESIAN_POINT('',(-37.1187047601832,-34.6574504309054,0.));
#10365=CARTESIAN_POINT('',(-37.1033493142838,-34.65747979128,4.5));
#10366=CARTESIAN_POINT('',(-37.1187047601832,-34.6574504309054,4.5));
#10367=CARTESIAN_POINT('',(-37.1033493142838,-34.65747979128,0.));
#10368=CARTESIAN_POINT('Origin',(-13.5536660263712,-34.8218902668147,0.));
#10369=CARTESIAN_POINT('',(-37.1033493142838,-34.65747979128,0.));
#10370=CARTESIAN_POINT('',(-37.1033493142838,-34.65747979128,4.5));
#10371=CARTESIAN_POINT('Origin',(58.582862809363,38.7287379243932,0.));
#10372=CARTESIAN_POINT('',(58.582862809363,38.7287379243932,0.));
#10373=CARTESIAN_POINT('',(-78.0996309136519,38.7808488543332,0.));
#10374=CARTESIAN_POINT('',(58.582862809363,38.7287379243932,0.));
#10375=CARTESIAN_POINT('',(-78.0996309136519,38.7808488543332,4.5));
#10376=CARTESIAN_POINT('',(-78.0996309136519,38.7808488543332,0.));
#10377=CARTESIAN_POINT('',(58.582862809363,38.7287379243932,4.5));
#10378=CARTESIAN_POINT('',(58.582862809363,38.7287379243932,4.5));
#10379=CARTESIAN_POINT('',(58.582862809363,38.7287379243932,0.));
#10380=CARTESIAN_POINT('Origin',(58.5798127669046,30.7287385058157,0.));
#10381=CARTESIAN_POINT('',(66.5798127669046,30.7287385058157,0.));
#10382=CARTESIAN_POINT('Origin',(58.5798127669046,30.7287385058157,0.));
#10383=CARTESIAN_POINT('',(66.5798127669046,30.7287385058157,4.5));
#10384=CARTESIAN_POINT('Origin',(58.5798127669046,30.7287385058157,4.5));
#10385=CARTESIAN_POINT('',(66.5798127669046,30.7287385058157,0.));
#10386=CARTESIAN_POINT('Origin',(66.5798127669046,-42.0897430099886,0.));
#10387=CARTESIAN_POINT('',(66.5798127669046,-42.0897430099886,0.));
#10388=CARTESIAN_POINT('',(66.5798127669046,-42.0897430099886,0.));
#10389=CARTESIAN_POINT('',(66.5798127669046,-42.0897430099886,4.5));
#10390=CARTESIAN_POINT('',(66.5798127669046,-42.0897430099886,4.5));
#10391=CARTESIAN_POINT('',(66.5798127669046,-42.0897430099886,0.));
#10392=CARTESIAN_POINT('Origin',(58.5798127669046,-42.0897430099888,0.));
#10393=CARTESIAN_POINT('',(65.4698513138469,-46.1551296855277,0.));
#10394=CARTESIAN_POINT('Origin',(58.5798127669046,-42.0897430099888,0.));
#10395=CARTESIAN_POINT('',(65.4698513138469,-46.1551296855277,4.5));
#10396=CARTESIAN_POINT('Origin',(58.5798127669046,-42.0897430099888,4.5));
#10397=CARTESIAN_POINT('',(65.4698513138469,-46.1551296855277,0.));
#10398=CARTESIAN_POINT('Origin',(50.7749981262688,-71.0600435313057,0.));
#10399=CARTESIAN_POINT('',(50.7749981262688,-71.0600435313057,0.));
#10400=CARTESIAN_POINT('',(50.7749981262688,-71.0600435313057,0.));
#10401=CARTESIAN_POINT('',(50.7749981262688,-71.0600435313057,4.5));
#10402=CARTESIAN_POINT('',(50.7749981262688,-71.0600435313057,4.5));
#10403=CARTESIAN_POINT('',(50.7749981262688,-71.0600435313057,0.));
#10404=CARTESIAN_POINT('Origin',(50.53979954162,-71.4704968864292,0.));
#10405=CARTESIAN_POINT('',(50.53979954162,-71.4704968864292,0.));
#10406=CARTESIAN_POINT('',(50.53979954162,-71.4704968864292,0.));
#10407=CARTESIAN_POINT('',(50.53979954162,-71.4704968864292,4.5));
#10408=CARTESIAN_POINT('',(50.53979954162,-71.4704968864292,4.5));
#10409=CARTESIAN_POINT('',(50.53979954162,-71.4704968864292,0.));
#10410=CARTESIAN_POINT('Origin',(43.5986222429075,-67.4930532717643,0.));
#10411=CARTESIAN_POINT('',(39.6211786282434,-74.4342305704773,0.));
#10412=CARTESIAN_POINT('Origin',(43.5986222429075,-67.4930532717643,0.));
#10413=CARTESIAN_POINT('',(39.6211786282434,-74.4342305704773,4.5));
#10414=CARTESIAN_POINT('Origin',(43.5986222429075,-67.4930532717643,4.5));
#10415=CARTESIAN_POINT('',(39.6211786282434,-74.4342305704773,0.));
#10416=CARTESIAN_POINT('Origin',(23.8872388003864,-65.4183452517971,0.));
#10417=CARTESIAN_POINT('',(23.8872388003864,-65.4183452517971,0.));
#10418=CARTESIAN_POINT('',(23.8872388003864,-65.4183452517971,0.));
#10419=CARTESIAN_POINT('',(23.8872388003864,-65.4183452517971,4.5));
#10420=CARTESIAN_POINT('',(23.8872388003864,-65.4183452517971,4.5));
#10421=CARTESIAN_POINT('',(23.8872388003864,-65.4183452517971,0.));
#10422=CARTESIAN_POINT('Origin',(7.4233672378339,-61.0095702867633,0.));
#10423=CARTESIAN_POINT('',(7.4233672378339,-61.0095702867633,0.));
#10424=CARTESIAN_POINT('',(7.4233672378339,-61.0095702867633,0.));
#10425=CARTESIAN_POINT('',(7.4233672378339,-61.0095702867633,4.5));
#10426=CARTESIAN_POINT('',(7.4233672378339,-61.0095702867633,4.5));
#10427=CARTESIAN_POINT('',(7.4233672378339,-61.0095702867633,0.));
#10428=CARTESIAN_POINT('Origin',(-11.5579625768564,-61.0095702867633,0.));
#10429=CARTESIAN_POINT('',(-11.5579625768564,-61.0095702867633,0.));
#10430=CARTESIAN_POINT('',(-11.5579625768564,-61.0095702867633,0.));
#10431=CARTESIAN_POINT('',(-11.5579625768564,-61.0095702867633,4.5));
#10432=CARTESIAN_POINT('',(-11.5579625768564,-61.0095702867633,4.5));
#10433=CARTESIAN_POINT('',(-11.5579625768564,-61.0095702867633,0.));
#10434=CARTESIAN_POINT('Origin',(-11.5579625768564,-53.0095702867633,0.));
#10435=CARTESIAN_POINT('',(-19.5579623871066,-53.0113126977116,0.));
#10436=CARTESIAN_POINT('Origin',(-11.5579625768564,-53.0095702867633,0.));
#10437=CARTESIAN_POINT('',(-19.5579623871066,-53.0113126977116,4.5));
#10438=CARTESIAN_POINT('Origin',(-11.5579625768564,-53.0095702867633,4.5));
#10439=CARTESIAN_POINT('',(-19.5579623871066,-53.0113126977116,0.));
#10440=CARTESIAN_POINT('Origin',(-19.5604085551717,-41.7801252009554,0.));
#10441=CARTESIAN_POINT('',(-19.5604085551717,-41.7801252009554,0.));
#10442=CARTESIAN_POINT('',(-19.5604085551717,-41.7801252009554,0.));
#10443=CARTESIAN_POINT('',(-19.5604085551717,-41.7801252009554,4.5));
#10444=CARTESIAN_POINT('',(-19.5604085551717,-41.7801252009554,4.5));
#10445=CARTESIAN_POINT('',(-19.5604085551717,-41.7801252009554,0.));
#10446=CARTESIAN_POINT('Origin',(-32.1763182267192,-41.692048105266,0.));
#10447=CARTESIAN_POINT('',(-32.1763182267192,-41.692048105266,0.));
#10448=CARTESIAN_POINT('',(-32.1763182267192,-41.692048105266,0.));
#10449=CARTESIAN_POINT('',(-32.1763182267192,-41.692048105266,4.5));
#10450=CARTESIAN_POINT('',(-32.1763182267192,-41.692048105266,4.5));
#10451=CARTESIAN_POINT('',(-32.1763182267192,-41.692048105266,0.));
#10452=CARTESIAN_POINT('Origin',(-39.1198809561107,-37.7187702867633,0.));
#10453=CARTESIAN_POINT('',(-39.1198809561107,-45.7187702867633,0.));
#10454=CARTESIAN_POINT('Origin',(-39.1198809561107,-37.7187702867633,0.));
#10455=CARTESIAN_POINT('',(-39.1198809561107,-45.7187702867633,4.5));
#10456=CARTESIAN_POINT('Origin',(-39.1198809561107,-37.7187702867633,4.5));
#10457=CARTESIAN_POINT('',(-39.1198809561107,-45.7187702867633,0.));
#10458=CARTESIAN_POINT('Origin',(-78.1026809561107,-45.7187702867633,0.));
#10459=CARTESIAN_POINT('',(-78.1026809561107,-45.7187702867633,0.));
#10460=CARTESIAN_POINT('',(-78.1026809561107,-45.7187702867633,0.));
#10461=CARTESIAN_POINT('',(-78.1026809561107,-45.7187702867633,4.5));
#10462=CARTESIAN_POINT('',(-78.1026809561107,-45.7187702867633,4.5));
#10463=CARTESIAN_POINT('',(-78.1026809561107,-45.7187702867633,0.));
#10464=CARTESIAN_POINT('Origin',(-78.1026809561107,-37.7187702867633,0.));
#10465=CARTESIAN_POINT('',(-86.1026809561106,-37.7187702867633,0.));
#10466=CARTESIAN_POINT('Origin',(-78.1026809561107,-37.7187702867633,0.));
#10467=CARTESIAN_POINT('',(-86.1026809561106,-37.7187702867633,4.5));
#10468=CARTESIAN_POINT('Origin',(-78.1026809561107,-37.7187702867633,4.5));
#10469=CARTESIAN_POINT('',(-86.1026809561106,-37.7187702867633,0.));
#10470=CARTESIAN_POINT('Origin',(-86.1026809561106,30.7808494357557,0.));
#10471=CARTESIAN_POINT('',(-86.1026809561106,30.7808494357557,0.));
#10472=CARTESIAN_POINT('',(-86.1026809561106,30.7808494357557,0.));
#10473=CARTESIAN_POINT('',(-86.1026809561106,30.7808494357557,4.5));
#10474=CARTESIAN_POINT('',(-86.1026809561106,30.7808494357557,4.5));
#10475=CARTESIAN_POINT('',(-86.1026809561106,30.7808494357557,0.));
#10476=CARTESIAN_POINT('Origin',(-78.1026809561106,30.7808494357557,0.));
#10477=CARTESIAN_POINT('Origin',(-78.1026809561106,30.7808494357557,0.));
#10478=CARTESIAN_POINT('Origin',(-78.1026809561106,30.7808494357557,4.5));
#10479=CARTESIAN_POINT('Origin',(-9.76143409460303,-18.3561019180043,4.5));
#10480=CARTESIAN_POINT('Origin',(-9.76143409460303,-18.3561019180043,0.));
#10481=CARTESIAN_POINT('Origin',(48.8083104613575,18.5984184566797,4.5));
#10482=CARTESIAN_POINT('',(48.8083104613575,18.5984184566797,4.5));
#10483=CARTESIAN_POINT('',(48.8530509267002,18.8504776358604,4.5));
#10484=CARTESIAN_POINT('',(47.6632730430185,12.1474978060619,4.5));
#10485=CARTESIAN_POINT('',(48.8083104613575,18.5984184566797,4.));
#10486=CARTESIAN_POINT('',(48.8083104613575,18.5984184566797,4.5));
#10487=CARTESIAN_POINT('',(48.8530509267002,18.8504776358604,4.));
#10488=CARTESIAN_POINT('',(48.8530509267002,18.8504776358604,4.));
#10489=CARTESIAN_POINT('',(48.8530509267002,18.8504776358604,4.5));
#10490=CARTESIAN_POINT('Ctrl Pts',(48.8899968657643,18.8416811823845,4.5));
#10491=CARTESIAN_POINT('Ctrl Pts',(48.8899968657643,18.8416811823845,4.));
#10492=CARTESIAN_POINT('Ctrl Pts',(48.8405883202559,18.7510988489525,4.5));
#10493=CARTESIAN_POINT('Ctrl Pts',(48.8405883202559,18.7510988489525,4.));
#10494=CARTESIAN_POINT('Ctrl Pts',(48.8083104613575,18.5984184566797,4.5));
#10495=CARTESIAN_POINT('Ctrl Pts',(48.8083104613575,18.5984184566797,4.));
#10496=CARTESIAN_POINT('',(48.8899968657643,18.8416811823845,4.5));
#10497=CARTESIAN_POINT('Ctrl Pts',(48.8899968657643,18.8416811823845,4.5));
#10498=CARTESIAN_POINT('Ctrl Pts',(48.8405883202559,18.7510988489525,4.5));
#10499=CARTESIAN_POINT('Ctrl Pts',(48.8083104613575,18.5984184566797,4.5));
#10500=CARTESIAN_POINT('',(48.8899968657643,18.8416811823845,4.));
#10501=CARTESIAN_POINT('',(48.8899968657643,18.8416811823845,4.5));
#10502=CARTESIAN_POINT('Ctrl Pts',(48.8899968657643,18.8416811823845,4.));
#10503=CARTESIAN_POINT('Ctrl Pts',(48.8405883202559,18.7510988489525,4.));
#10504=CARTESIAN_POINT('Ctrl Pts',(48.8083104613575,18.5984184566797,4.));
#10505=CARTESIAN_POINT('',(48.8083104613575,18.5984184566797,4.5));
#10506=CARTESIAN_POINT('Ctrl Pts',(49.0395389590412,18.9577957987785,4.5));
#10507=CARTESIAN_POINT('Ctrl Pts',(49.0395389590412,18.9577957987785,4.));
#10508=CARTESIAN_POINT('Ctrl Pts',(48.9533321652561,18.9577957987785,4.5));
#10509=CARTESIAN_POINT('Ctrl Pts',(48.9533321652561,18.9577957987785,4.));
#10510=CARTESIAN_POINT('Ctrl Pts',(48.8899968657643,18.8416811823845,4.5));
#10511=CARTESIAN_POINT('Ctrl Pts',(48.8899968657643,18.8416811823845,4.));
#10512=CARTESIAN_POINT('',(49.0395389590412,18.9577957987785,4.5));
#10513=CARTESIAN_POINT('Ctrl Pts',(49.0395389590412,18.9577957987785,4.5));
#10514=CARTESIAN_POINT('Ctrl Pts',(48.9533321652561,18.9577957987785,4.5));
#10515=CARTESIAN_POINT('Ctrl Pts',(48.8899968657643,18.8416811823845,4.5));
#10516=CARTESIAN_POINT('',(49.0395389590412,18.9577957987785,4.));
#10517=CARTESIAN_POINT('',(49.0395389590412,18.9577957987785,4.5));
#10518=CARTESIAN_POINT('Ctrl Pts',(49.0395389590412,18.9577957987785,4.));
#10519=CARTESIAN_POINT('Ctrl Pts',(48.9533321652561,18.9577957987785,4.));
#10520=CARTESIAN_POINT('Ctrl Pts',(48.8899968657643,18.8416811823845,4.));
#10521=CARTESIAN_POINT('Ctrl Pts',(49.1107915434986,18.9173313975334,4.5));
#10522=CARTESIAN_POINT('Ctrl Pts',(49.1107915434986,18.9173313975334,4.));
#10523=CARTESIAN_POINT('Ctrl Pts',(49.0905593428761,18.9577957987785,4.5));
#10524=CARTESIAN_POINT('Ctrl Pts',(49.0905593428761,18.9577957987785,4.));
#10525=CARTESIAN_POINT('Ctrl Pts',(49.0395389590412,18.9577957987785,4.5));
#10526=CARTESIAN_POINT('Ctrl Pts',(49.0395389590412,18.9577957987785,4.));
#10527=CARTESIAN_POINT('',(49.1107915434986,18.9173313975334,4.5));
#10528=CARTESIAN_POINT('Ctrl Pts',(49.1107915434986,18.9173313975334,4.5));
#10529=CARTESIAN_POINT('Ctrl Pts',(49.0905593428761,18.9577957987785,4.5));
#10530=CARTESIAN_POINT('Ctrl Pts',(49.0395389590412,18.9577957987785,4.5));
#10531=CARTESIAN_POINT('',(49.1107915434986,18.9173313975334,4.));
#10532=CARTESIAN_POINT('',(49.1107915434986,18.9173313975334,4.5));
#10533=CARTESIAN_POINT('Ctrl Pts',(49.1107915434986,18.9173313975334,4.));
#10534=CARTESIAN_POINT('Ctrl Pts',(49.0905593428761,18.9577957987785,4.));
#10535=CARTESIAN_POINT('Ctrl Pts',(49.0395389590412,18.9577957987785,4.));
#10536=CARTESIAN_POINT('Ctrl Pts',(49.1169492993504,18.8029751181602,4.5));
#10537=CARTESIAN_POINT('Ctrl Pts',(49.1169492993504,18.8029751181602,4.));
#10538=CARTESIAN_POINT('Ctrl Pts',(49.1310237441212,18.8768669962883,4.5));
#10539=CARTESIAN_POINT('Ctrl Pts',(49.1310237441212,18.8768669962883,4.));
#10540=CARTESIAN_POINT('Ctrl Pts',(49.1107915434986,18.9173313975334,4.5));
#10541=CARTESIAN_POINT('Ctrl Pts',(49.1107915434986,18.9173313975334,4.));
#10542=CARTESIAN_POINT('',(49.1169492993504,18.8029751181602,4.5));
#10543=CARTESIAN_POINT('Ctrl Pts',(49.1169492993504,18.8029751181602,4.5));
#10544=CARTESIAN_POINT('Ctrl Pts',(49.1310237441212,18.8768669962883,4.5));
#10545=CARTESIAN_POINT('Ctrl Pts',(49.1107915434986,18.9173313975334,4.5));
#10546=CARTESIAN_POINT('',(49.1169492993504,18.8029751181602,4.));
#10547=CARTESIAN_POINT('',(49.1169492993504,18.8029751181602,4.5));
#10548=CARTESIAN_POINT('Ctrl Pts',(49.1169492993504,18.8029751181602,4.));
#10549=CARTESIAN_POINT('Ctrl Pts',(49.1310237441212,18.8768669962883,4.));
#10550=CARTESIAN_POINT('Ctrl Pts',(49.1107915434986,18.9173313975334,4.));
#10551=CARTESIAN_POINT('Origin',(48.875921824947,17.4430176615715,4.5));
#10552=CARTESIAN_POINT('',(48.875921824947,17.4430176615715,4.5));
#10553=CARTESIAN_POINT('',(47.8307408058511,11.5457575092884,4.5));
#10554=CARTESIAN_POINT('',(48.875921824947,17.4430176615715,4.));
#10555=CARTESIAN_POINT('',(48.875921824947,17.4430176615715,4.5));
#10556=CARTESIAN_POINT('',(48.875921824947,17.4430176615715,4.));
#10557=CARTESIAN_POINT('Origin',(49.3139939103276,17.4430176615715,4.5));
#10558=CARTESIAN_POINT('',(49.3139939103276,17.4430176615715,4.5));
#10559=CARTESIAN_POINT('',(49.2238273670355,17.4430176615715,4.5));
#10560=CARTESIAN_POINT('',(49.3139939103276,17.4430176615715,4.));
#10561=CARTESIAN_POINT('',(49.3139939103276,17.4430176615715,4.5));
#10562=CARTESIAN_POINT('',(49.3139939103276,17.4430176615715,4.));
#10563=CARTESIAN_POINT('Origin',(49.5638178382069,18.8504776358604,4.5));
#10564=CARTESIAN_POINT('',(49.5638178382069,18.8504776358604,4.5));
#10565=CARTESIAN_POINT('',(48.3855553997464,12.2123736102836,4.5));
#10566=CARTESIAN_POINT('',(49.5638178382069,18.8504776358604,4.));
#10567=CARTESIAN_POINT('',(49.5638178382069,18.8504776358604,4.5));
#10568=CARTESIAN_POINT('',(49.5638178382069,18.8504776358604,4.));
#10569=CARTESIAN_POINT('Ctrl Pts',(49.2840848956257,19.343087375164,4.5));
#10570=CARTESIAN_POINT('Ctrl Pts',(49.2840848956257,19.343087375164,4.));
#10571=CARTESIAN_POINT('Ctrl Pts',(49.6517841611058,19.343087375164,4.5));
#10572=CARTESIAN_POINT('Ctrl Pts',(49.6517841611058,19.343087375164,4.));
#10573=CARTESIAN_POINT('Ctrl Pts',(49.5638178382069,18.8504776358604,4.5));
#10574=CARTESIAN_POINT('Ctrl Pts',(49.5638178382069,18.8504776358604,4.));
#10575=CARTESIAN_POINT('',(49.2840848956257,19.343087375164,4.5));
#10576=CARTESIAN_POINT('Ctrl Pts',(49.2840848956257,19.343087375164,4.5));
#10577=CARTESIAN_POINT('Ctrl Pts',(49.6517841611058,19.343087375164,4.5));
#10578=CARTESIAN_POINT('Ctrl Pts',(49.5638178382069,18.8504776358604,4.5));
#10579=CARTESIAN_POINT('',(49.2840848956257,19.343087375164,4.));
#10580=CARTESIAN_POINT('',(49.2840848956257,19.343087375164,4.5));
#10581=CARTESIAN_POINT('Ctrl Pts',(49.2840848956257,19.343087375164,4.));
#10582=CARTESIAN_POINT('Ctrl Pts',(49.6517841611058,19.343087375164,4.));
#10583=CARTESIAN_POINT('Ctrl Pts',(49.5638178382069,18.8504776358604,4.));
#10584=CARTESIAN_POINT('Ctrl Pts',(49.0562526974827,19.2779931426048,4.5));
#10585=CARTESIAN_POINT('Ctrl Pts',(49.0562526974827,19.2779931426048,4.));
#10586=CARTESIAN_POINT('Ctrl Pts',(49.1486172471195,19.343087375164,4.5));
#10587=CARTESIAN_POINT('Ctrl Pts',(49.1486172471195,19.343087375164,4.));
#10588=CARTESIAN_POINT('Ctrl Pts',(49.2840848956257,19.343087375164,4.5));
#10589=CARTESIAN_POINT('Ctrl Pts',(49.2840848956257,19.343087375164,4.));
#10590=CARTESIAN_POINT('',(49.0562526974827,19.2779931426048,4.5));
#10591=CARTESIAN_POINT('Ctrl Pts',(49.0562526974827,19.2779931426048,4.5));
#10592=CARTESIAN_POINT('Ctrl Pts',(49.1486172471195,19.343087375164,4.5));
#10593=CARTESIAN_POINT('Ctrl Pts',(49.2840848956257,19.343087375164,4.5));
#10594=CARTESIAN_POINT('',(49.0562526974827,19.2779931426048,4.));
#10595=CARTESIAN_POINT('',(49.0562526974827,19.2779931426048,4.5));
#10596=CARTESIAN_POINT('Ctrl Pts',(49.0562526974827,19.2779931426048,4.));
#10597=CARTESIAN_POINT('Ctrl Pts',(49.1486172471195,19.343087375164,4.));
#10598=CARTESIAN_POINT('Ctrl Pts',(49.2840848956257,19.343087375164,4.));
#10599=CARTESIAN_POINT('Ctrl Pts',(48.9111082348973,19.0545591711998,4.5));
#10600=CARTESIAN_POINT('Ctrl Pts',(48.9111082348973,19.0545591711998,4.));
#10601=CARTESIAN_POINT('Ctrl Pts',(48.9638881478459,19.2128977179527,4.5));
#10602=CARTESIAN_POINT('Ctrl Pts',(48.9638881478459,19.2128977179527,4.));
#10603=CARTESIAN_POINT('Ctrl Pts',(49.0562526974827,19.2779931426048,4.5));
#10604=CARTESIAN_POINT('Ctrl Pts',(49.0562526974827,19.2779931426048,4.));
#10605=CARTESIAN_POINT('',(48.9111082348973,19.0545591711998,4.5));
#10606=CARTESIAN_POINT('Ctrl Pts',(48.9111082348973,19.0545591711998,4.5));
#10607=CARTESIAN_POINT('Ctrl Pts',(48.9638881478459,19.2128977179527,4.5));
#10608=CARTESIAN_POINT('Ctrl Pts',(49.0562526974827,19.2779931426048,4.5));
#10609=CARTESIAN_POINT('',(48.9111082348973,19.0545591711998,4.));
#10610=CARTESIAN_POINT('',(48.9111082348973,19.0545591711998,4.5));
#10611=CARTESIAN_POINT('Ctrl Pts',(48.9111082348973,19.0545591711998,4.));
#10612=CARTESIAN_POINT('Ctrl Pts',(48.9638881478459,19.2128977179527,4.));
#10613=CARTESIAN_POINT('Ctrl Pts',(49.0562526974827,19.2779931426048,4.));
#10614=CARTESIAN_POINT('Origin',(48.8719611423822,19.0545591711998,4.5));
#10615=CARTESIAN_POINT('',(48.8719611423822,19.0545591711998,4.5));
#10616=CARTESIAN_POINT('',(49.0028109830628,19.0545591711998,4.5));
#10617=CARTESIAN_POINT('',(48.8719611423822,19.0545591711998,4.));
#10618=CARTESIAN_POINT('',(48.8719611423822,19.0545591711998,4.5));
#10619=CARTESIAN_POINT('',(48.7967525515705,19.0545591711998,4.));
#10620=CARTESIAN_POINT('Ctrl Pts',(48.8530509267002,18.8504776358604,4.5));
#10621=CARTESIAN_POINT('Ctrl Pts',(48.8530509267002,18.8504776358604,4.));
#10622=CARTESIAN_POINT('Ctrl Pts',(48.8729622934148,18.9667607082499,4.5));
#10623=CARTESIAN_POINT('Ctrl Pts',(48.8729622934148,18.9667607082499,4.));
#10624=CARTESIAN_POINT('Ctrl Pts',(48.8719611423822,19.054559171198,4.5));
#10625=CARTESIAN_POINT('Ctrl Pts',(48.8719611423822,19.054559171198,4.));
#10626=CARTESIAN_POINT('Ctrl Pts',(48.8530509267002,18.8504776358604,4.5));
#10627=CARTESIAN_POINT('Ctrl Pts',(48.8729622934148,18.9667607082499,4.5));
#10628=CARTESIAN_POINT('Ctrl Pts',(48.8719611423822,19.054559171198,4.5));
#10629=CARTESIAN_POINT('Ctrl Pts',(48.8530509267002,18.8504776358604,4.));
#10630=CARTESIAN_POINT('Ctrl Pts',(48.8729622934148,18.9667607082499,4.));
#10631=CARTESIAN_POINT('Ctrl Pts',(48.8719611423822,19.054559171198,4.));
#10632=CARTESIAN_POINT('',(48.8719611423822,19.0545591711998,4.5));
#10633=CARTESIAN_POINT('Origin',(49.2300473112316,18.3930525183678,4.));
#10634=CARTESIAN_POINT('Origin',(48.7967525515705,19.0545591711998,4.5));
#10635=CARTESIAN_POINT('',(48.7967525515705,19.0545591711998,4.5));
#10636=CARTESIAN_POINT('',(48.7914745602757,18.5074087977409,4.5));
#10637=CARTESIAN_POINT('',(48.7301076045207,12.1457172216229,4.5));
#10638=CARTESIAN_POINT('',(48.7967525515705,19.0545591711998,4.));
#10639=CARTESIAN_POINT('',(48.7967525515705,19.0545591711998,4.5));
#10640=CARTESIAN_POINT('',(48.7914745602757,18.5074087977409,4.));
#10641=CARTESIAN_POINT('',(48.7914745602757,18.5074087977409,4.));
#10642=CARTESIAN_POINT('',(48.7914745602757,18.5074087977409,4.5));
#10643=CARTESIAN_POINT('Origin',(48.8719611423822,19.0545591711998,4.5));
#10644=CARTESIAN_POINT('',(49.0028109830628,19.0545591711998,4.5));
#10645=CARTESIAN_POINT('',(48.7967525515705,19.0545591711998,4.));
#10646=CARTESIAN_POINT('Ctrl Pts',(48.8389764819294,19.2252132296562,4.5));
#10647=CARTESIAN_POINT('Ctrl Pts',(48.8389764819294,19.2252132296562,4.));
#10648=CARTESIAN_POINT('Ctrl Pts',(48.8707508184432,19.160701579324,4.5));
#10649=CARTESIAN_POINT('Ctrl Pts',(48.8707508184432,19.160701579324,4.));
#10650=CARTESIAN_POINT('Ctrl Pts',(48.8719611423822,19.0545591711998,4.5));
#10651=CARTESIAN_POINT('Ctrl Pts',(48.8719611423822,19.0545591711998,4.));
#10652=CARTESIAN_POINT('',(48.8389764819294,19.2252132296562,4.5));
#10653=CARTESIAN_POINT('Ctrl Pts',(48.8389764819294,19.2252132296562,4.5));
#10654=CARTESIAN_POINT('Ctrl Pts',(48.8707508184432,19.160701579324,4.5));
#10655=CARTESIAN_POINT('Ctrl Pts',(48.8719611423822,19.0545591711998,4.5));
#10656=CARTESIAN_POINT('',(48.8389764819294,19.2252132296562,4.));
#10657=CARTESIAN_POINT('',(48.8389764819294,19.2252132296562,4.5));
#10658=CARTESIAN_POINT('Ctrl Pts',(48.8389764819294,19.2252132296562,4.));
#10659=CARTESIAN_POINT('Ctrl Pts',(48.8707508184432,19.160701579324,4.));
#10660=CARTESIAN_POINT('Ctrl Pts',(48.8719611423822,19.0545591711998,4.));
#10661=CARTESIAN_POINT('Ctrl Pts',(48.6313758883625,19.343087375164,4.5));
#10662=CARTESIAN_POINT('Ctrl Pts',(48.6313758883625,19.343087375164,4.));
#10663=CARTESIAN_POINT('Ctrl Pts',(48.780918577686,19.343087375164,4.5));
#10664=CARTESIAN_POINT('Ctrl Pts',(48.780918577686,19.343087375164,4.));
#10665=CARTESIAN_POINT('Ctrl Pts',(48.8389764819294,19.2252132296562,4.5));
#10666=CARTESIAN_POINT('Ctrl Pts',(48.8389764819294,19.2252132296562,4.));
#10667=CARTESIAN_POINT('',(48.6313758883625,19.343087375164,4.5));
#10668=CARTESIAN_POINT('Ctrl Pts',(48.6313758883625,19.343087375164,4.5));
#10669=CARTESIAN_POINT('Ctrl Pts',(48.780918577686,19.343087375164,4.5));
#10670=CARTESIAN_POINT('Ctrl Pts',(48.8389764819294,19.2252132296562,4.5));
#10671=CARTESIAN_POINT('',(48.6313758883625,19.343087375164,4.));
#10672=CARTESIAN_POINT('',(48.6313758883625,19.343087375164,4.5));
#10673=CARTESIAN_POINT('Ctrl Pts',(48.6313758883625,19.343087375164,4.));
#10674=CARTESIAN_POINT('Ctrl Pts',(48.780918577686,19.343087375164,4.));
#10675=CARTESIAN_POINT('Ctrl Pts',(48.8389764819294,19.2252132296562,4.));
#10676=CARTESIAN_POINT('Ctrl Pts',(48.4290538821369,19.2771133780479,4.5));
#10677=CARTESIAN_POINT('Ctrl Pts',(48.4290538821369,19.2771133780479,4.));
#10678=CARTESIAN_POINT('Ctrl Pts',(48.5099826846272,19.343087375164,4.5));
#10679=CARTESIAN_POINT('Ctrl Pts',(48.5099826846272,19.343087375164,4.));
#10680=CARTESIAN_POINT('Ctrl Pts',(48.6313758883625,19.343087375164,4.5));
#10681=CARTESIAN_POINT('Ctrl Pts',(48.6313758883625,19.343087375164,4.));
#10682=CARTESIAN_POINT('',(48.4290538821369,19.2771133780479,4.5));
#10683=CARTESIAN_POINT('Ctrl Pts',(48.4290538821369,19.2771133780479,4.5));
#10684=CARTESIAN_POINT('Ctrl Pts',(48.5099826846272,19.343087375164,4.5));
#10685=CARTESIAN_POINT('Ctrl Pts',(48.6313758883625,19.343087375164,4.5));
#10686=CARTESIAN_POINT('',(48.4290538821369,19.2771133780479,4.));
#10687=CARTESIAN_POINT('',(48.4290538821369,19.2771133780479,4.5));
#10688=CARTESIAN_POINT('Ctrl Pts',(48.4290538821369,19.2771133780479,4.));
#10689=CARTESIAN_POINT('Ctrl Pts',(48.5099826846272,19.343087375164,4.));
#10690=CARTESIAN_POINT('Ctrl Pts',(48.6313758883625,19.343087375164,4.));
#10691=CARTESIAN_POINT('Ctrl Pts',(48.2988636288792,19.0545591711998,4.5));
#10692=CARTESIAN_POINT('Ctrl Pts',(48.2988636288792,19.0545591711998,4.));
#10693=CARTESIAN_POINT('Ctrl Pts',(48.3481244836003,19.211138188839,4.5));
#10694=CARTESIAN_POINT('Ctrl Pts',(48.3481244836003,19.211138188839,4.));
#10695=CARTESIAN_POINT('Ctrl Pts',(48.4290538821369,19.2771133780479,4.5));
#10696=CARTESIAN_POINT('Ctrl Pts',(48.4290538821369,19.2771133780479,4.));
#10697=CARTESIAN_POINT('',(48.2988636288792,19.0545591711998,4.5));
#10698=CARTESIAN_POINT('Ctrl Pts',(48.2988636288792,19.0545591711998,4.5));
#10699=CARTESIAN_POINT('Ctrl Pts',(48.3481244836003,19.211138188839,4.5));
#10700=CARTESIAN_POINT('Ctrl Pts',(48.4290538821369,19.2771133780479,4.5));
#10701=CARTESIAN_POINT('',(48.2988636288792,19.0545591711998,4.));
#10702=CARTESIAN_POINT('',(48.2988636288792,19.0545591711998,4.5));
#10703=CARTESIAN_POINT('Ctrl Pts',(48.2988636288792,19.0545591711998,4.));
#10704=CARTESIAN_POINT('Ctrl Pts',(48.3481244836003,19.211138188839,4.));
#10705=CARTESIAN_POINT('Ctrl Pts',(48.4290538821369,19.2771133780479,4.));
#10706=CARTESIAN_POINT('Origin',(48.2551319224584,19.0545591711998,4.5));
#10707=CARTESIAN_POINT('',(48.2551319224584,19.0545591711998,4.5));
#10708=CARTESIAN_POINT('',(48.6943963731009,19.0545591711998,4.5));
#10709=CARTESIAN_POINT('',(48.2551319224584,19.0545591711998,4.));
#10710=CARTESIAN_POINT('',(48.2551319224584,19.0545591711998,4.5));
#10711=CARTESIAN_POINT('',(48.2003413233906,19.0545591711998,4.));
#10712=CARTESIAN_POINT('Origin',(48.2443247828633,18.8276061415672,4.5));
#10713=CARTESIAN_POINT('',(48.2443247828633,18.8276061415672,4.5));
#10714=CARTESIAN_POINT('',(47.9223707035644,12.0664781801598,4.5));
#10715=CARTESIAN_POINT('',(48.2443247828633,18.8276061415672,4.));
#10716=CARTESIAN_POINT('',(48.2443247828633,18.8276061415672,4.5));
#10717=CARTESIAN_POINT('',(48.26719568111,19.3079015612602,4.));
#10718=CARTESIAN_POINT('',(48.2551319224584,19.0545591711998,4.5));
#10719=CARTESIAN_POINT('Origin',(48.2018800191611,18.5872892028399,4.5));
#10720=CARTESIAN_POINT('',(48.2018800191611,18.5872892028399,4.5));
#10721=CARTESIAN_POINT('',(47.0722756357249,12.1916105908659,4.5));
#10722=CARTESIAN_POINT('',(48.2018800191611,18.5872892028399,4.));
#10723=CARTESIAN_POINT('',(48.2018800191611,18.5872892028399,4.5));
#10724=CARTESIAN_POINT('',(48.2443247828633,18.8276061415672,4.));
#10725=CARTESIAN_POINT('Ctrl Pts',(48.2847891841084,18.8416811823845,4.5));
#10726=CARTESIAN_POINT('Ctrl Pts',(48.2847891841084,18.8416811823845,4.));
#10727=CARTESIAN_POINT('Ctrl Pts',(48.2364375867714,18.7478215758117,4.5));
#10728=CARTESIAN_POINT('Ctrl Pts',(48.2364375867714,18.7478215758117,4.));
#10729=CARTESIAN_POINT('Ctrl Pts',(48.2018800191611,18.5872892028399,4.5));
#10730=CARTESIAN_POINT('Ctrl Pts',(48.2018800191611,18.5872892028399,4.));
#10731=CARTESIAN_POINT('',(48.2847891841084,18.8416811823845,4.5));
#10732=CARTESIAN_POINT('Ctrl Pts',(48.2847891841084,18.8416811823845,4.5));
#10733=CARTESIAN_POINT('Ctrl Pts',(48.2364375867714,18.7478215758117,4.5));
#10734=CARTESIAN_POINT('Ctrl Pts',(48.2018800191611,18.5872892028399,4.5));
#10735=CARTESIAN_POINT('',(48.2847891841084,18.8416811823845,4.));
#10736=CARTESIAN_POINT('',(48.2847891841084,18.8416811823845,4.5));
#10737=CARTESIAN_POINT('Ctrl Pts',(48.2847891841084,18.8416811823845,4.));
#10738=CARTESIAN_POINT('Ctrl Pts',(48.2364375867714,18.7478215758117,4.));
#10739=CARTESIAN_POINT('Ctrl Pts',(48.2018800191611,18.5872892028399,4.));
#10740=CARTESIAN_POINT('',(48.2018800191611,18.5872892028399,4.5));
#10741=CARTESIAN_POINT('Ctrl Pts',(48.4272943530232,18.9577957987785,4.5));
#10742=CARTESIAN_POINT('Ctrl Pts',(48.4272943530232,18.9577957987785,4.));
#10743=CARTESIAN_POINT('Ctrl Pts',(48.3446060214192,18.9577957987785,4.5));
#10744=CARTESIAN_POINT('Ctrl Pts',(48.3446060214192,18.9577957987785,4.));
#10745=CARTESIAN_POINT('Ctrl Pts',(48.2847891841084,18.8416811823845,4.5));
#10746=CARTESIAN_POINT('Ctrl Pts',(48.2847891841084,18.8416811823845,4.));
#10747=CARTESIAN_POINT('',(48.4272943530232,18.9577957987785,4.5));
#10748=CARTESIAN_POINT('Ctrl Pts',(48.4272943530232,18.9577957987785,4.5));
#10749=CARTESIAN_POINT('Ctrl Pts',(48.3446060214192,18.9577957987785,4.5));
#10750=CARTESIAN_POINT('Ctrl Pts',(48.2847891841084,18.8416811823845,4.5));
#10751=CARTESIAN_POINT('',(48.4272943530232,18.9577957987785,4.));
#10752=CARTESIAN_POINT('',(48.4272943530232,18.9577957987785,4.5));
#10753=CARTESIAN_POINT('Ctrl Pts',(48.4272943530232,18.9577957987785,4.));
#10754=CARTESIAN_POINT('Ctrl Pts',(48.3446060214192,18.9577957987785,4.));
#10755=CARTESIAN_POINT('Ctrl Pts',(48.2847891841084,18.8416811823845,4.));
#10756=CARTESIAN_POINT('Ctrl Pts',(48.5135011468083,18.8029751181602,4.5));
#10757=CARTESIAN_POINT('Ctrl Pts',(48.5135011468083,18.8029751181602,4.));
#10758=CARTESIAN_POINT('Ctrl Pts',(48.5416506323963,18.9577957987785,4.5));
#10759=CARTESIAN_POINT('Ctrl Pts',(48.5416506323963,18.9577957987785,4.));
#10760=CARTESIAN_POINT('Ctrl Pts',(48.4272943530232,18.9577957987785,4.5));
#10761=CARTESIAN_POINT('Ctrl Pts',(48.4272943530232,18.9577957987785,4.));
#10762=CARTESIAN_POINT('',(48.5135011468083,18.8029751181602,4.5));
#10763=CARTESIAN_POINT('Ctrl Pts',(48.5135011468083,18.8029751181602,4.5));
#10764=CARTESIAN_POINT('Ctrl Pts',(48.5416506323963,18.9577957987785,4.5));
#10765=CARTESIAN_POINT('Ctrl Pts',(48.4272943530232,18.9577957987785,4.5));
#10766=CARTESIAN_POINT('',(48.5135011468083,18.8029751181602,4.));
#10767=CARTESIAN_POINT('',(48.5135011468083,18.8029751181602,4.5));
#10768=CARTESIAN_POINT('Ctrl Pts',(48.5135011468083,18.8029751181602,4.));
#10769=CARTESIAN_POINT('Ctrl Pts',(48.5416506323963,18.9577957987785,4.));
#10770=CARTESIAN_POINT('Ctrl Pts',(48.4272943530232,18.9577957987785,4.));
#10771=CARTESIAN_POINT('Origin',(48.2742332015187,17.4430176615715,4.5));
#10772=CARTESIAN_POINT('',(48.2742332015187,17.4430176615715,4.5));
#10773=CARTESIAN_POINT('',(47.2452265832603,11.59432271129,4.5));
#10774=CARTESIAN_POINT('',(48.2742332015187,17.4430176615715,4.));
#10775=CARTESIAN_POINT('',(48.2742332015187,17.4430176615715,4.5));
#10776=CARTESIAN_POINT('',(48.2742332015187,17.4430176615715,4.));
#10777=CARTESIAN_POINT('Origin',(48.6032269988209,17.4430176615715,4.5));
#10778=CARTESIAN_POINT('',(48.6032269988209,17.4430176615715,4.5));
#10779=CARTESIAN_POINT('',(48.8684439112822,17.4430176615715,4.5));
#10780=CARTESIAN_POINT('',(48.6032269988209,17.4430176615715,4.));
#10781=CARTESIAN_POINT('',(48.6032269988209,17.4430176615715,4.5));
#10782=CARTESIAN_POINT('',(48.6032269988209,17.4430176615715,4.));
#10783=CARTESIAN_POINT('Origin',(48.8083104613575,18.5984184566797,4.5));
#10784=CARTESIAN_POINT('',(47.6632730430185,12.1474978060619,4.5));
#10785=CARTESIAN_POINT('',(48.8530509267002,18.8504776358604,4.));
#10786=CARTESIAN_POINT('Ctrl Pts',(48.7914745602757,18.5074087977409,4.5));
#10787=CARTESIAN_POINT('Ctrl Pts',(48.7914745602757,18.5074087977409,4.));
#10788=CARTESIAN_POINT('Ctrl Pts',(48.7992119332695,18.5553806937985,4.5));
#10789=CARTESIAN_POINT('Ctrl Pts',(48.7992119332695,18.5553806937985,4.));
#10790=CARTESIAN_POINT('Ctrl Pts',(48.8083104613575,18.5984184566797,4.5));
#10791=CARTESIAN_POINT('Ctrl Pts',(48.8083104613575,18.5984184566797,4.));
#10792=CARTESIAN_POINT('Ctrl Pts',(48.7914745602757,18.5074087977409,4.5));
#10793=CARTESIAN_POINT('Ctrl Pts',(48.7992119332695,18.5553806937985,4.5));
#10794=CARTESIAN_POINT('Ctrl Pts',(48.8083104613575,18.5984184566797,4.5));
#10795=CARTESIAN_POINT('Ctrl Pts',(48.7914745602757,18.5074087977409,4.));
#10796=CARTESIAN_POINT('Ctrl Pts',(48.7992119332695,18.5553806937985,4.));
#10797=CARTESIAN_POINT('Ctrl Pts',(48.8083104613575,18.5984184566797,4.));
#10798=CARTESIAN_POINT('Origin',(48.5369205807716,18.3930525183678,4.));
#10799=CARTESIAN_POINT('Origin',(48.2003413233906,19.0545591711998,4.5));
#10800=CARTESIAN_POINT('',(48.2003413233906,19.0545591711998,4.5));
#10801=CARTESIAN_POINT('',(48.1862668786198,18.5074087977409,4.5));
#10802=CARTESIAN_POINT('',(48.0229917664215,12.1600153431094,4.5));
#10803=CARTESIAN_POINT('',(48.2003413233906,19.0545591711998,4.));
#10804=CARTESIAN_POINT('',(48.2003413233906,19.0545591711998,4.5));
#10805=CARTESIAN_POINT('',(48.1862668786198,18.5074087977409,4.));
#10806=CARTESIAN_POINT('',(48.1862668786198,18.5074087977409,4.));
#10807=CARTESIAN_POINT('',(48.1862668786198,18.5074087977409,4.5));
#10808=CARTESIAN_POINT('Origin',(48.2551319224584,19.0545591711998,4.5));
#10809=CARTESIAN_POINT('',(48.6943963731009,19.0545591711998,4.5));
#10810=CARTESIAN_POINT('',(48.2003413233906,19.0545591711998,4.));
#10811=CARTESIAN_POINT('Origin',(48.26719568111,19.3079015612602,4.5));
#10812=CARTESIAN_POINT('',(48.26719568111,19.3079015612602,4.5));
#10813=CARTESIAN_POINT('',(47.9338061526878,12.3066258900063,4.5));
#10814=CARTESIAN_POINT('',(48.26719568111,19.3079015612602,4.));
#10815=CARTESIAN_POINT('',(48.26719568111,19.3079015612602,4.5));
#10816=CARTESIAN_POINT('',(48.26719568111,19.3079015612602,4.));
#10817=CARTESIAN_POINT('Origin',(47.8942190203816,19.3079015612602,4.5));
#10818=CARTESIAN_POINT('',(47.8942190203816,19.3079015612602,4.5));
#10819=CARTESIAN_POINT('',(48.5139399220625,19.3079015612602,4.5));
#10820=CARTESIAN_POINT('',(47.8942190203816,19.3079015612602,4.));
#10821=CARTESIAN_POINT('',(47.8942190203816,19.3079015612602,4.5));
#10822=CARTESIAN_POINT('',(47.8942190203816,19.3079015612602,4.));
#10823=CARTESIAN_POINT('Origin',(47.5634656939656,17.4430176615715,4.5));
#10824=CARTESIAN_POINT('',(47.5634656939656,17.4430176615715,4.5));
#10825=CARTESIAN_POINT('',(46.5375968247983,11.6588692207013,4.5));
#10826=CARTESIAN_POINT('',(47.5634656939656,17.4430176615715,4.));
#10827=CARTESIAN_POINT('',(47.5634656939656,17.4430176615715,4.5));
#10828=CARTESIAN_POINT('',(47.5634656939656,17.4430176615715,4.));
#10829=CARTESIAN_POINT('Origin',(47.9997788462788,17.4430176615715,4.5));
#10830=CARTESIAN_POINT('',(47.9997788462788,17.4430176615715,4.5));
#10831=CARTESIAN_POINT('',(48.5667198350111,17.4430176615715,4.5));
#10832=CARTESIAN_POINT('',(47.9997788462788,17.4430176615715,4.));
#10833=CARTESIAN_POINT('',(47.9997788462788,17.4430176615715,4.5));
#10834=CARTESIAN_POINT('',(47.9997788462788,17.4430176615715,4.));
#10835=CARTESIAN_POINT('Origin',(48.2018800191611,18.5872892028399,4.5));
#10836=CARTESIAN_POINT('',(47.0722756357249,12.1916105908659,4.5));
#10837=CARTESIAN_POINT('',(48.2443247828633,18.8276061415672,4.));
#10838=CARTESIAN_POINT('Ctrl Pts',(48.1862668786198,18.5074087977409,4.5));
#10839=CARTESIAN_POINT('Ctrl Pts',(48.1862668786198,18.5074087977409,4.));
#10840=CARTESIAN_POINT('Ctrl Pts',(48.1936856506731,18.5492234039613,4.5));
#10841=CARTESIAN_POINT('Ctrl Pts',(48.1936856506731,18.5492234039613,4.));
#10842=CARTESIAN_POINT('Ctrl Pts',(48.2018800191611,18.5872892028399,4.5));
#10843=CARTESIAN_POINT('Ctrl Pts',(48.2018800191611,18.5872892028399,4.));
#10844=CARTESIAN_POINT('Ctrl Pts',(48.1862668786198,18.5074087977409,4.5));
#10845=CARTESIAN_POINT('Ctrl Pts',(48.1936856506731,18.5492234039613,4.5));
#10846=CARTESIAN_POINT('Ctrl Pts',(48.2018800191611,18.5872892028399,4.5));
#10847=CARTESIAN_POINT('Ctrl Pts',(48.1862668786198,18.5074087977409,4.));
#10848=CARTESIAN_POINT('Ctrl Pts',(48.1936856506731,18.5492234039613,4.));
#10849=CARTESIAN_POINT('Ctrl Pts',(48.2018800191611,18.5872892028399,4.));
#10850=CARTESIAN_POINT('Origin',(47.9153306875378,18.3754596114159,4.));
#10851=CARTESIAN_POINT('Ctrl Pts',(52.4183212313801,23.0781331658363,4.5));
#10852=CARTESIAN_POINT('Ctrl Pts',(52.4183212313801,23.0781331658363,4.));
#10853=CARTESIAN_POINT('Ctrl Pts',(52.5194822344929,22.9655364155769,4.5));
#10854=CARTESIAN_POINT('Ctrl Pts',(52.5194822344929,22.9655364155769,4.));
#10855=CARTESIAN_POINT('Ctrl Pts',(52.5194822344929,22.8071972727776,4.5));
#10856=CARTESIAN_POINT('Ctrl Pts',(52.5194822344929,22.8071972727776,4.));
#10857=CARTESIAN_POINT('',(52.4183212313801,23.0781331658363,4.5));
#10858=CARTESIAN_POINT('',(52.5194822344929,22.8071972727776,4.5));
#10859=CARTESIAN_POINT('Ctrl Pts',(52.4183212313801,23.0781331658363,4.5));
#10860=CARTESIAN_POINT('Ctrl Pts',(52.5194822344929,22.9655364155769,4.5));
#10861=CARTESIAN_POINT('Ctrl Pts',(52.5194822344929,22.8071972727776,4.5));
#10862=CARTESIAN_POINT('',(52.4183212313801,23.0781331658363,4.));
#10863=CARTESIAN_POINT('',(52.4183212313801,23.0781331658363,4.5));
#10864=CARTESIAN_POINT('',(52.5194822344929,22.8071972727776,4.));
#10865=CARTESIAN_POINT('Ctrl Pts',(52.4183212313801,23.0781331658363,4.));
#10866=CARTESIAN_POINT('Ctrl Pts',(52.5194822344929,22.9655364155769,4.));
#10867=CARTESIAN_POINT('Ctrl Pts',(52.5194822344929,22.8071972727776,4.));
#10868=CARTESIAN_POINT('',(52.5194822344929,22.8071972727776,4.5));
#10869=CARTESIAN_POINT('Ctrl Pts',(52.1218751464039,23.250547349453,4.5));
#10870=CARTESIAN_POINT('Ctrl Pts',(52.1218751464039,23.250547349453,4.));
#10871=CARTESIAN_POINT('Ctrl Pts',(52.3171590361744,23.1907299160957,4.5));
#10872=CARTESIAN_POINT('Ctrl Pts',(52.3171590361744,23.1907299160957,4.));
#10873=CARTESIAN_POINT('Ctrl Pts',(52.4183212313801,23.0781331658363,4.5));
#10874=CARTESIAN_POINT('Ctrl Pts',(52.4183212313801,23.0781331658363,4.));
#10875=CARTESIAN_POINT('',(52.1218751464039,23.250547349453,4.5));
#10876=CARTESIAN_POINT('Ctrl Pts',(52.1218751464039,23.250547349453,4.5));
#10877=CARTESIAN_POINT('Ctrl Pts',(52.3171590361744,23.1907299160957,4.5));
#10878=CARTESIAN_POINT('Ctrl Pts',(52.4183212313801,23.0781331658363,4.5));
#10879=CARTESIAN_POINT('',(52.1218751464039,23.250547349453,4.));
#10880=CARTESIAN_POINT('',(52.1218751464039,23.250547349453,4.5));
#10881=CARTESIAN_POINT('Ctrl Pts',(52.1218751464039,23.250547349453,4.));
#10882=CARTESIAN_POINT('Ctrl Pts',(52.3171590361744,23.1907299160957,4.));
#10883=CARTESIAN_POINT('Ctrl Pts',(52.4183212313801,23.0781331658363,4.));
#10884=CARTESIAN_POINT('Origin',(51.608152249828,23.4053674340248,4.5));
#10885=CARTESIAN_POINT('',(51.608152249828,23.4053674340248,4.5));
#10886=CARTESIAN_POINT('',(52.9843117022551,22.9906358263251,4.5));
#10887=CARTESIAN_POINT('',(51.608152249828,23.4053674340248,4.));
#10888=CARTESIAN_POINT('',(51.608152249828,23.4053674340248,4.5));
#10889=CARTESIAN_POINT('',(51.608152249828,23.4053674340248,4.));
#10890=CARTESIAN_POINT('Ctrl Pts',(51.5298615489155,23.4431931376457,4.5));
#10891=CARTESIAN_POINT('Ctrl Pts',(51.5298615489155,23.4431931376457,4.));
#10892=CARTESIAN_POINT('Ctrl Pts',(51.5571318659931,23.4194424748421,4.5));
#10893=CARTESIAN_POINT('Ctrl Pts',(51.5571318659931,23.4194424748421,4.));
#10894=CARTESIAN_POINT('Ctrl Pts',(51.608152249828,23.4053674340248,4.5));
#10895=CARTESIAN_POINT('Ctrl Pts',(51.608152249828,23.4053674340248,4.));
#10896=CARTESIAN_POINT('',(51.5298615489155,23.4431931376457,4.5));
#10897=CARTESIAN_POINT('Ctrl Pts',(51.5298615489155,23.4431931376457,4.5));
#10898=CARTESIAN_POINT('Ctrl Pts',(51.5571318659931,23.4194424748421,4.5));
#10899=CARTESIAN_POINT('Ctrl Pts',(51.608152249828,23.4053674340248,4.5));
#10900=CARTESIAN_POINT('',(51.5298615489155,23.4431931376457,4.));
#10901=CARTESIAN_POINT('',(51.5298615489155,23.4431931376457,4.5));
#10902=CARTESIAN_POINT('Ctrl Pts',(51.5298615489155,23.4431931376457,4.));
#10903=CARTESIAN_POINT('Ctrl Pts',(51.5571318659931,23.4194424748421,4.));
#10904=CARTESIAN_POINT('Ctrl Pts',(51.608152249828,23.4053674340248,4.));
#10905=CARTESIAN_POINT('Ctrl Pts',(51.5025924239308,23.5003712773323,4.5));
#10906=CARTESIAN_POINT('Ctrl Pts',(51.5025924239308,23.5003712773323,4.));
#10907=CARTESIAN_POINT('Ctrl Pts',(51.5025924239308,23.4669438004494,4.5));
#10908=CARTESIAN_POINT('Ctrl Pts',(51.5025924239308,23.4669438004494,4.));
#10909=CARTESIAN_POINT('Ctrl Pts',(51.5298615489155,23.4431931376457,4.5));
#10910=CARTESIAN_POINT('Ctrl Pts',(51.5298615489155,23.4431931376457,4.));
#10911=CARTESIAN_POINT('',(51.5025924239308,23.5003712773323,4.5));
#10912=CARTESIAN_POINT('Ctrl Pts',(51.5025924239308,23.5003712773323,4.5));
#10913=CARTESIAN_POINT('Ctrl Pts',(51.5025924239308,23.4669438004494,4.5));
#10914=CARTESIAN_POINT('Ctrl Pts',(51.5298615489155,23.4431931376457,4.5));
#10915=CARTESIAN_POINT('',(51.5025924239308,23.5003712773323,4.));
#10916=CARTESIAN_POINT('',(51.5025924239308,23.5003712773323,4.5));
#10917=CARTESIAN_POINT('Ctrl Pts',(51.5025924239308,23.5003712773323,4.));
#10918=CARTESIAN_POINT('Ctrl Pts',(51.5025924239308,23.4669438004494,4.));
#10919=CARTESIAN_POINT('Ctrl Pts',(51.5298615489155,23.4431931376457,4.));
#10920=CARTESIAN_POINT('Ctrl Pts',(51.6389404330403,23.648154437542,4.5));
#10921=CARTESIAN_POINT('Ctrl Pts',(51.6389404330403,23.648154437542,4.));
#10922=CARTESIAN_POINT('Ctrl Pts',(51.5025924239308,23.5971340537071,4.5));
#10923=CARTESIAN_POINT('Ctrl Pts',(51.5025924239308,23.5971340537071,4.));
#10924=CARTESIAN_POINT('Ctrl Pts',(51.5025924239308,23.5003712773323,4.5));
#10925=CARTESIAN_POINT('Ctrl Pts',(51.5025924239308,23.5003712773323,4.));
#10926=CARTESIAN_POINT('',(51.6389404330403,23.648154437542,4.5));
#10927=CARTESIAN_POINT('Ctrl Pts',(51.6389404330403,23.648154437542,4.5));
#10928=CARTESIAN_POINT('Ctrl Pts',(51.5025924239308,23.5971340537071,4.5));
#10929=CARTESIAN_POINT('Ctrl Pts',(51.5025924239308,23.5003712773323,4.5));
#10930=CARTESIAN_POINT('',(51.6389404330403,23.648154437542,4.));
#10931=CARTESIAN_POINT('',(51.6389404330403,23.648154437542,4.5));
#10932=CARTESIAN_POINT('Ctrl Pts',(51.6389404330403,23.648154437542,4.));
#10933=CARTESIAN_POINT('Ctrl Pts',(51.5025924239308,23.5971340537071,4.));
#10934=CARTESIAN_POINT('Ctrl Pts',(51.5025924239308,23.5003712773323,4.));
#10935=CARTESIAN_POINT('Ctrl Pts',(52.0409451518208,23.6991748213768,4.5));
#10936=CARTESIAN_POINT('Ctrl Pts',(52.0409451518208,23.6991748213768,4.));
#10937=CARTESIAN_POINT('Ctrl Pts',(51.7752872500569,23.6991748213768,4.5));
#10938=CARTESIAN_POINT('Ctrl Pts',(51.7752872500569,23.6991748213768,4.));
#10939=CARTESIAN_POINT('Ctrl Pts',(51.6389404330403,23.648154437542,4.5));
#10940=CARTESIAN_POINT('Ctrl Pts',(51.6389404330403,23.648154437542,4.));
#10941=CARTESIAN_POINT('',(52.0409451518208,23.6991748213768,4.5));
#10942=CARTESIAN_POINT('Ctrl Pts',(52.0409451518208,23.6991748213768,4.5));
#10943=CARTESIAN_POINT('Ctrl Pts',(51.7752872500569,23.6991748213768,4.5));
#10944=CARTESIAN_POINT('Ctrl Pts',(51.6389404330403,23.648154437542,4.5));
#10945=CARTESIAN_POINT('',(52.0409451518208,23.6991748213768,4.));
#10946=CARTESIAN_POINT('',(52.0409451518208,23.6991748213768,4.5));
#10947=CARTESIAN_POINT('Ctrl Pts',(52.0409451518208,23.6991748213768,4.));
#10948=CARTESIAN_POINT('Ctrl Pts',(51.7752872500569,23.6991748213768,4.));
#10949=CARTESIAN_POINT('Ctrl Pts',(51.6389404330403,23.648154437542,4.));
#10950=CARTESIAN_POINT('Ctrl Pts',(52.2802136931568,23.6903783679008,4.5));
#10951=CARTESIAN_POINT('Ctrl Pts',(52.2802136931568,23.6903783679008,4.));
#10952=CARTESIAN_POINT('Ctrl Pts',(52.146504977718,23.6991748213768,4.5));
#10953=CARTESIAN_POINT('Ctrl Pts',(52.146504977718,23.6991748213768,4.));
#10954=CARTESIAN_POINT('Ctrl Pts',(52.0409451518208,23.6991748213768,4.5));
#10955=CARTESIAN_POINT('Ctrl Pts',(52.0409451518208,23.6991748213768,4.));
#10956=CARTESIAN_POINT('',(52.2802136931568,23.6903783679008,4.5));
#10957=CARTESIAN_POINT('Ctrl Pts',(52.2802136931568,23.6903783679008,4.5));
#10958=CARTESIAN_POINT('Ctrl Pts',(52.146504977718,23.6991748213768,4.5));
#10959=CARTESIAN_POINT('Ctrl Pts',(52.0409451518208,23.6991748213768,4.5));
#10960=CARTESIAN_POINT('',(52.2802136931568,23.6903783679008,4.));
#10961=CARTESIAN_POINT('',(52.2802136931568,23.6903783679008,4.5));
#10962=CARTESIAN_POINT('Ctrl Pts',(52.2802136931568,23.6903783679008,4.));
#10963=CARTESIAN_POINT('Ctrl Pts',(52.146504977718,23.6991748213768,4.));
#10964=CARTESIAN_POINT('Ctrl Pts',(52.0409451518208,23.6991748213768,4.));
#10965=CARTESIAN_POINT('Ctrl Pts',(52.568743089214,23.6675068736076,4.5));
#10966=CARTESIAN_POINT('Ctrl Pts',(52.568743089214,23.6675068736076,4.));
#10967=CARTESIAN_POINT('Ctrl Pts',(52.4139224085957,23.6815813183784,4.5));
#10968=CARTESIAN_POINT('Ctrl Pts',(52.4139224085957,23.6815813183784,4.));
#10969=CARTESIAN_POINT('Ctrl Pts',(52.2802136931568,23.6903783679008,4.5));
#10970=CARTESIAN_POINT('Ctrl Pts',(52.2802136931568,23.6903783679008,4.));
#10971=CARTESIAN_POINT('',(52.568743089214,23.6675068736076,4.5));
#10972=CARTESIAN_POINT('Ctrl Pts',(52.568743089214,23.6675068736076,4.5));
#10973=CARTESIAN_POINT('Ctrl Pts',(52.4139224085957,23.6815813183784,4.5));
#10974=CARTESIAN_POINT('Ctrl Pts',(52.2802136931568,23.6903783679008,4.5));
#10975=CARTESIAN_POINT('',(52.568743089214,23.6675068736076,4.));
#10976=CARTESIAN_POINT('',(52.568743089214,23.6675068736076,4.5));
#10977=CARTESIAN_POINT('Ctrl Pts',(52.568743089214,23.6675068736076,4.));
#10978=CARTESIAN_POINT('Ctrl Pts',(52.4139224085957,23.6815813183784,4.));
#10979=CARTESIAN_POINT('Ctrl Pts',(52.2802136931568,23.6903783679008,4.));
#10980=CARTESIAN_POINT('Origin',(52.6830993685871,24.0615954995155,4.5));
#10981=CARTESIAN_POINT('',(52.6830993685871,24.0615954995155,4.5));
#10982=CARTESIAN_POINT('',(50.0255121146157,14.9031573718602,4.5));
#10983=CARTESIAN_POINT('',(52.6830993685871,24.0615954995155,4.));
#10984=CARTESIAN_POINT('',(52.6830993685871,24.0615954995155,4.5));
#10985=CARTESIAN_POINT('',(52.6830993685871,24.0615954995155,4.));
#10986=CARTESIAN_POINT('Ctrl Pts',(52.3963295016438,24.0932634472847,4.5));
#10987=CARTESIAN_POINT('Ctrl Pts',(52.3963295016438,24.0932634472847,4.));
#10988=CARTESIAN_POINT('Ctrl Pts',(52.5405941996723,24.082707464695,4.5));
#10989=CARTESIAN_POINT('Ctrl Pts',(52.5405941996723,24.082707464695,4.));
#10990=CARTESIAN_POINT('Ctrl Pts',(52.6830993685871,24.0615954995155,4.5));
#10991=CARTESIAN_POINT('Ctrl Pts',(52.6830993685871,24.0615954995155,4.));
#10992=CARTESIAN_POINT('',(52.3963295016438,24.0932634472847,4.5));
#10993=CARTESIAN_POINT('Ctrl Pts',(52.3963295016438,24.0932634472847,4.5));
#10994=CARTESIAN_POINT('Ctrl Pts',(52.5405941996723,24.082707464695,4.5));
#10995=CARTESIAN_POINT('Ctrl Pts',(52.6830993685871,24.0615954995155,4.5));
#10996=CARTESIAN_POINT('',(52.3963295016438,24.0932634472847,4.));
#10997=CARTESIAN_POINT('',(52.3963295016438,24.0932634472847,4.5));
#10998=CARTESIAN_POINT('Ctrl Pts',(52.3963295016438,24.0932634472847,4.));
#10999=CARTESIAN_POINT('Ctrl Pts',(52.5405941996723,24.082707464695,4.));
#11000=CARTESIAN_POINT('Ctrl Pts',(52.6830993685871,24.0615954995155,4.));
#11001=CARTESIAN_POINT('Ctrl Pts',(52.1165965590626,24.1038194298744,4.5));
#11002=CARTESIAN_POINT('Ctrl Pts',(52.1165965590626,24.1038194298744,4.));
#11003=CARTESIAN_POINT('Ctrl Pts',(52.2520648036152,24.1038194298744,4.5));
#11004=CARTESIAN_POINT('Ctrl Pts',(52.2520648036152,24.1038194298744,4.));
#11005=CARTESIAN_POINT('Ctrl Pts',(52.3963295016438,24.0932634472847,4.5));
#11006=CARTESIAN_POINT('Ctrl Pts',(52.3963295016438,24.0932634472847,4.));
#11007=CARTESIAN_POINT('',(52.1165965590626,24.1038194298744,4.5));
#11008=CARTESIAN_POINT('Ctrl Pts',(52.1165965590626,24.1038194298744,4.5));
#11009=CARTESIAN_POINT('Ctrl Pts',(52.2520648036152,24.1038194298744,4.5));
#11010=CARTESIAN_POINT('Ctrl Pts',(52.3963295016438,24.0932634472847,4.5));
#11011=CARTESIAN_POINT('',(52.1165965590626,24.1038194298744,4.));
#11012=CARTESIAN_POINT('',(52.1165965590626,24.1038194298744,4.5));
#11013=CARTESIAN_POINT('Ctrl Pts',(52.1165965590626,24.1038194298744,4.));
#11014=CARTESIAN_POINT('Ctrl Pts',(52.2520648036152,24.1038194298744,4.));
#11015=CARTESIAN_POINT('Ctrl Pts',(52.3963295016438,24.0932634472847,4.));
#11016=CARTESIAN_POINT('Ctrl Pts',(51.3196228537709,23.9349243044853,4.5));
#11017=CARTESIAN_POINT('Ctrl Pts',(51.3196228537709,23.9349243044853,4.));
#11018=CARTESIAN_POINT('Ctrl Pts',(51.5905581507832,24.1038194298744,4.5));
#11019=CARTESIAN_POINT('Ctrl Pts',(51.5905581507832,24.1038194298744,4.));
#11020=CARTESIAN_POINT('Ctrl Pts',(52.1165965590626,24.1038194298744,4.5));
#11021=CARTESIAN_POINT('Ctrl Pts',(52.1165965590626,24.1038194298744,4.));
#11022=CARTESIAN_POINT('',(51.3196228537709,23.9349243044853,4.5));
#11023=CARTESIAN_POINT('Ctrl Pts',(51.3196228537709,23.9349243044853,4.5));
#11024=CARTESIAN_POINT('Ctrl Pts',(51.5905581507832,24.1038194298744,4.5));
#11025=CARTESIAN_POINT('Ctrl Pts',(52.1165965590626,24.1038194298744,4.5));
#11026=CARTESIAN_POINT('',(51.3196228537709,23.9349243044853,4.));
#11027=CARTESIAN_POINT('',(51.3196228537709,23.9349243044853,4.5));
#11028=CARTESIAN_POINT('Ctrl Pts',(51.3196228537709,23.9349243044853,4.));
#11029=CARTESIAN_POINT('Ctrl Pts',(51.5905581507832,24.1038194298744,4.));
#11030=CARTESIAN_POINT('Ctrl Pts',(52.1165965590626,24.1038194298744,4.));
#11031=CARTESIAN_POINT('Ctrl Pts',(51.0486863646656,23.437035381794,4.5));
#11032=CARTESIAN_POINT('Ctrl Pts',(51.0486863646656,23.437035381794,4.));
#11033=CARTESIAN_POINT('Ctrl Pts',(51.0486863646656,23.7660291790962,4.5));
#11034=CARTESIAN_POINT('Ctrl Pts',(51.0486863646656,23.7660291790962,4.));
#11035=CARTESIAN_POINT('Ctrl Pts',(51.3196228537709,23.9349243044853,4.5));
#11036=CARTESIAN_POINT('Ctrl Pts',(51.3196228537709,23.9349243044853,4.));
#11037=CARTESIAN_POINT('',(51.0486863646656,23.437035381794,4.5));
#11038=CARTESIAN_POINT('Ctrl Pts',(51.0486863646656,23.437035381794,4.5));
#11039=CARTESIAN_POINT('Ctrl Pts',(51.0486863646656,23.7660291790962,4.5));
#11040=CARTESIAN_POINT('Ctrl Pts',(51.3196228537709,23.9349243044853,4.5));
#11041=CARTESIAN_POINT('',(51.0486863646656,23.437035381794,4.));
#11042=CARTESIAN_POINT('',(51.0486863646656,23.437035381794,4.5));
#11043=CARTESIAN_POINT('Ctrl Pts',(51.0486863646656,23.437035381794,4.));
#11044=CARTESIAN_POINT('Ctrl Pts',(51.0486863646656,23.7660291790962,4.));
#11045=CARTESIAN_POINT('Ctrl Pts',(51.3196228537709,23.9349243044853,4.));
#11046=CARTESIAN_POINT('Ctrl Pts',(51.1208187136799,23.2127216458321,4.5));
#11047=CARTESIAN_POINT('Ctrl Pts',(51.1208187136799,23.2127216458321,4.));
#11048=CARTESIAN_POINT('Ctrl Pts',(51.0486863646656,23.3068457245827,4.5));
#11049=CARTESIAN_POINT('Ctrl Pts',(51.0486863646656,23.3068457245827,4.));
#11050=CARTESIAN_POINT('Ctrl Pts',(51.0486863646656,23.437035381794,4.5));
#11051=CARTESIAN_POINT('Ctrl Pts',(51.0486863646656,23.437035381794,4.));
#11052=CARTESIAN_POINT('',(51.1208187136799,23.2127216458321,4.5));
#11053=CARTESIAN_POINT('Ctrl Pts',(51.1208187136799,23.2127216458321,4.5));
#11054=CARTESIAN_POINT('Ctrl Pts',(51.0486863646656,23.3068457245827,4.5));
#11055=CARTESIAN_POINT('Ctrl Pts',(51.0486863646656,23.437035381794,4.5));
#11056=CARTESIAN_POINT('',(51.1208187136799,23.2127216458321,4.));
#11057=CARTESIAN_POINT('',(51.1208187136799,23.2127216458321,4.5));
#11058=CARTESIAN_POINT('Ctrl Pts',(51.1208187136799,23.2127216458321,4.));
#11059=CARTESIAN_POINT('Ctrl Pts',(51.0486863646656,23.3068457245827,4.));
#11060=CARTESIAN_POINT('Ctrl Pts',(51.0486863646656,23.437035381794,4.));
#11061=CARTESIAN_POINT('Ctrl Pts',(51.3372157607228,23.0728551745415,4.5));
#11062=CARTESIAN_POINT('Ctrl Pts',(51.3372157607228,23.0728551745415,4.));
#11063=CARTESIAN_POINT('Ctrl Pts',(51.1929510626942,23.1185975670815,4.5));
#11064=CARTESIAN_POINT('Ctrl Pts',(51.1929510626942,23.1185975670815,4.));
#11065=CARTESIAN_POINT('Ctrl Pts',(51.1208187136799,23.2127216458321,4.5));
#11066=CARTESIAN_POINT('Ctrl Pts',(51.1208187136799,23.2127216458321,4.));
#11067=CARTESIAN_POINT('',(51.3372157607228,23.0728551745415,4.5));
#11068=CARTESIAN_POINT('Ctrl Pts',(51.3372157607228,23.0728551745415,4.5));
#11069=CARTESIAN_POINT('Ctrl Pts',(51.1929510626942,23.1185975670815,4.5));
#11070=CARTESIAN_POINT('Ctrl Pts',(51.1208187136799,23.2127216458321,4.5));
#11071=CARTESIAN_POINT('',(51.3372157607228,23.0728551745415,4.));
#11072=CARTESIAN_POINT('',(51.3372157607228,23.0728551745415,4.5));
#11073=CARTESIAN_POINT('Ctrl Pts',(51.3372157607228,23.0728551745415,4.));
#11074=CARTESIAN_POINT('Ctrl Pts',(51.1929510626942,23.1185975670815,4.));
#11075=CARTESIAN_POINT('Ctrl Pts',(51.1208187136799,23.2127216458321,4.));
#11076=CARTESIAN_POINT('Origin',(51.9353865180165,22.8846076130867,4.5));
#11077=CARTESIAN_POINT('',(51.9353865180165,22.8846076130867,4.5));
#11078=CARTESIAN_POINT('',(53.1880886470091,22.4903755010407,4.5));
#11079=CARTESIAN_POINT('',(51.9353865180165,22.8846076130867,4.));
#11080=CARTESIAN_POINT('',(51.9353865180165,22.8846076130867,4.5));
#11081=CARTESIAN_POINT('',(51.9353865180165,22.8846076130867,4.));
#11082=CARTESIAN_POINT('Ctrl Pts',(52.0251117739826,22.837105691433,4.5));
#11083=CARTESIAN_POINT('Ctrl Pts',(52.0251117739826,22.837105691433,4.));
#11084=CARTESIAN_POINT('Ctrl Pts',(51.9934438262135,22.865255177021,4.5));
#11085=CARTESIAN_POINT('Ctrl Pts',(51.9934438262135,22.865255177021,4.));
#11086=CARTESIAN_POINT('Ctrl Pts',(51.9353865180165,22.8846076130867,4.5));
#11087=CARTESIAN_POINT('Ctrl Pts',(51.9353865180165,22.8846076130867,4.));
#11088=CARTESIAN_POINT('',(52.0251117739826,22.837105691433,4.5));
#11089=CARTESIAN_POINT('Ctrl Pts',(52.0251117739826,22.837105691433,4.5));
#11090=CARTESIAN_POINT('Ctrl Pts',(51.9934438262135,22.865255177021,4.5));
#11091=CARTESIAN_POINT('Ctrl Pts',(51.9353865180165,22.8846076130867,4.5));
#11092=CARTESIAN_POINT('',(52.0251117739826,22.837105691433,4.));
#11093=CARTESIAN_POINT('',(52.0251117739826,22.837105691433,4.5));
#11094=CARTESIAN_POINT('Ctrl Pts',(52.0251117739826,22.837105691433,4.));
#11095=CARTESIAN_POINT('Ctrl Pts',(51.9934438262135,22.865255177021,4.));
#11096=CARTESIAN_POINT('Ctrl Pts',(51.9353865180165,22.8846076130867,4.));
#11097=CARTESIAN_POINT('Ctrl Pts',(52.0567797217518,22.7702513337135,4.5));
#11098=CARTESIAN_POINT('Ctrl Pts',(52.0567797217518,22.7702513337135,4.));
#11099=CARTESIAN_POINT('Ctrl Pts',(52.0567797217518,22.8089568018913,4.5));
#11100=CARTESIAN_POINT('Ctrl Pts',(52.0567797217518,22.8089568018913,4.));
#11101=CARTESIAN_POINT('Ctrl Pts',(52.0251117739826,22.837105691433,4.5));
#11102=CARTESIAN_POINT('Ctrl Pts',(52.0251117739826,22.837105691433,4.));
#11103=CARTESIAN_POINT('',(52.0567797217518,22.7702513337135,4.5));
#11104=CARTESIAN_POINT('Ctrl Pts',(52.0567797217518,22.7702513337135,4.5));
#11105=CARTESIAN_POINT('Ctrl Pts',(52.0567797217518,22.8089568018913,4.5));
#11106=CARTESIAN_POINT('Ctrl Pts',(52.0251117739826,22.837105691433,4.5));
#11107=CARTESIAN_POINT('',(52.0567797217518,22.7702513337135,4.));
#11108=CARTESIAN_POINT('',(52.0567797217518,22.7702513337135,4.5));
#11109=CARTESIAN_POINT('Ctrl Pts',(52.0567797217518,22.7702513337135,4.));
#11110=CARTESIAN_POINT('Ctrl Pts',(52.0567797217518,22.8089568018913,4.));
#11111=CARTESIAN_POINT('Ctrl Pts',(52.0251117739826,22.837105691433,4.));
#11112=CARTESIAN_POINT('Ctrl Pts',(51.9345067534596,22.6233479380608,4.5));
#11113=CARTESIAN_POINT('Ctrl Pts',(51.9345067534596,22.6233479380608,4.));
#11114=CARTESIAN_POINT('Ctrl Pts',(52.0567797217518,22.6734885573387,4.5));
#11115=CARTESIAN_POINT('Ctrl Pts',(52.0567797217518,22.6734885573387,4.));
#11116=CARTESIAN_POINT('Ctrl Pts',(52.0567797217518,22.7702513337135,4.5));
#11117=CARTESIAN_POINT('Ctrl Pts',(52.0567797217518,22.7702513337135,4.));
#11118=CARTESIAN_POINT('',(51.9345067534596,22.6233479380608,4.5));
#11119=CARTESIAN_POINT('Ctrl Pts',(51.9345067534596,22.6233479380608,4.5));
#11120=CARTESIAN_POINT('Ctrl Pts',(52.0567797217518,22.6734885573387,4.5));
#11121=CARTESIAN_POINT('Ctrl Pts',(52.0567797217518,22.7702513337135,4.5));
#11122=CARTESIAN_POINT('',(51.9345067534596,22.6233479380608,4.));
#11123=CARTESIAN_POINT('',(51.9345067534596,22.6233479380608,4.5));
#11124=CARTESIAN_POINT('Ctrl Pts',(51.9345067534596,22.6233479380608,4.));
#11125=CARTESIAN_POINT('Ctrl Pts',(52.0567797217518,22.6734885573387,4.));
#11126=CARTESIAN_POINT('Ctrl Pts',(52.0567797217518,22.7702513337135,4.));
#11127=CARTESIAN_POINT('Ctrl Pts',(51.5764843020588,22.5732073187828,4.5));
#11128=CARTESIAN_POINT('Ctrl Pts',(51.5764843020588,22.5732073187828,4.));
#11129=CARTESIAN_POINT('Ctrl Pts',(51.8122337851673,22.5732073187828,4.5));
#11130=CARTESIAN_POINT('Ctrl Pts',(51.8122337851673,22.5732073187828,4.));
#11131=CARTESIAN_POINT('Ctrl Pts',(51.9345067534596,22.6233479380608,4.5));
#11132=CARTESIAN_POINT('Ctrl Pts',(51.9345067534596,22.6233479380608,4.));
#11133=CARTESIAN_POINT('',(51.5764843020588,22.5732073187828,4.5));
#11134=CARTESIAN_POINT('Ctrl Pts',(51.5764843020588,22.5732073187828,4.5));
#11135=CARTESIAN_POINT('Ctrl Pts',(51.8122337851673,22.5732073187828,4.5));
#11136=CARTESIAN_POINT('Ctrl Pts',(51.9345067534596,22.6233479380608,4.5));
#11137=CARTESIAN_POINT('',(51.5764843020588,22.5732073187828,4.));
#11138=CARTESIAN_POINT('',(51.5764843020588,22.5732073187828,4.5));
#11139=CARTESIAN_POINT('Ctrl Pts',(51.5764843020588,22.5732073187828,4.));
#11140=CARTESIAN_POINT('Ctrl Pts',(51.8122337851673,22.5732073187828,4.));
#11141=CARTESIAN_POINT('Ctrl Pts',(51.9345067534596,22.6233479380608,4.));
#11142=CARTESIAN_POINT('Ctrl Pts',(51.3178633246571,22.5934395194054,4.5));
#11143=CARTESIAN_POINT('Ctrl Pts',(51.3178633246571,22.5934395194054,4.));
#11144=CARTESIAN_POINT('Ctrl Pts',(51.4797209296376,22.5732073187828,4.5));
#11145=CARTESIAN_POINT('Ctrl Pts',(51.4797209296376,22.5732073187828,4.));
#11146=CARTESIAN_POINT('Ctrl Pts',(51.5764843020588,22.5732073187828,4.5));
#11147=CARTESIAN_POINT('Ctrl Pts',(51.5764843020588,22.5732073187828,4.));
#11148=CARTESIAN_POINT('',(51.3178633246571,22.5934395194054,4.5));
#11149=CARTESIAN_POINT('Ctrl Pts',(51.3178633246571,22.5934395194054,4.5));
#11150=CARTESIAN_POINT('Ctrl Pts',(51.4797209296376,22.5732073187828,4.5));
#11151=CARTESIAN_POINT('Ctrl Pts',(51.5764843020588,22.5732073187828,4.5));
#11152=CARTESIAN_POINT('',(51.3178633246571,22.5934395194054,4.));
#11153=CARTESIAN_POINT('',(51.3178633246571,22.5934395194054,4.5));
#11154=CARTESIAN_POINT('Ctrl Pts',(51.3178633246571,22.5934395194054,4.));
#11155=CARTESIAN_POINT('Ctrl Pts',(51.4797209296376,22.5732073187828,4.));
#11156=CARTESIAN_POINT('Ctrl Pts',(51.5764843020588,22.5732073187828,4.));
#11157=CARTESIAN_POINT('Ctrl Pts',(50.9396086726338,22.6506176590919,4.5));
#11158=CARTESIAN_POINT('Ctrl Pts',(50.9396086726338,22.6506176590919,4.));
#11159=CARTESIAN_POINT('Ctrl Pts',(51.1560057196766,22.6136717200279,4.5));
#11160=CARTESIAN_POINT('Ctrl Pts',(51.1560057196766,22.6136717200279,4.));
#11161=CARTESIAN_POINT('Ctrl Pts',(51.3178633246571,22.5934395194054,4.5));
#11162=CARTESIAN_POINT('Ctrl Pts',(51.3178633246571,22.5934395194054,4.));
#11163=CARTESIAN_POINT('',(50.9396086726338,22.6506176590919,4.5));
#11164=CARTESIAN_POINT('Ctrl Pts',(50.9396086726338,22.6506176590919,4.5));
#11165=CARTESIAN_POINT('Ctrl Pts',(51.1560057196766,22.6136717200279,4.5));
#11166=CARTESIAN_POINT('Ctrl Pts',(51.3178633246571,22.5934395194054,4.5));
#11167=CARTESIAN_POINT('',(50.9396086726338,22.6506176590919,4.));
#11168=CARTESIAN_POINT('',(50.9396086726338,22.6506176590919,4.5));
#11169=CARTESIAN_POINT('Ctrl Pts',(50.9396086726338,22.6506176590919,4.));
#11170=CARTESIAN_POINT('Ctrl Pts',(51.1560057196766,22.6136717200279,4.));
#11171=CARTESIAN_POINT('Ctrl Pts',(51.3178633246571,22.5934395194054,4.));
#11172=CARTESIAN_POINT('Origin',(50.8164559397846,22.2424539923668,4.5));
#11173=CARTESIAN_POINT('',(50.8164559397846,22.2424539923668,4.5));
#11174=CARTESIAN_POINT('',(48.3941945169724,14.2143811982923,4.5));
#11175=CARTESIAN_POINT('',(50.8164559397846,22.2424539923668,4.));
#11176=CARTESIAN_POINT('',(50.8164559397846,22.2424539923668,4.5));
#11177=CARTESIAN_POINT('',(50.8164559397846,22.2424539923668,4.));
#11178=CARTESIAN_POINT('Ctrl Pts',(51.1129020247608,22.1879151463509,4.5));
#11179=CARTESIAN_POINT('Ctrl Pts',(51.1129020247608,22.1879151463509,4.));
#11180=CARTESIAN_POINT('Ctrl Pts',(50.93784914352,22.2072675824165,4.5));
#11181=CARTESIAN_POINT('Ctrl Pts',(50.93784914352,22.2072675824165,4.));
#11182=CARTESIAN_POINT('Ctrl Pts',(50.8164559397846,22.2424539923668,4.5));
#11183=CARTESIAN_POINT('Ctrl Pts',(50.8164559397846,22.2424539923668,4.));
#11184=CARTESIAN_POINT('',(51.1129020247608,22.1879151463509,4.5));
#11185=CARTESIAN_POINT('Ctrl Pts',(51.1129020247608,22.1879151463509,4.5));
#11186=CARTESIAN_POINT('Ctrl Pts',(50.93784914352,22.2072675824165,4.5));
#11187=CARTESIAN_POINT('Ctrl Pts',(50.8164559397846,22.2424539923668,4.5));
#11188=CARTESIAN_POINT('',(51.1129020247608,22.1879151463509,4.));
#11189=CARTESIAN_POINT('',(51.1129020247608,22.1879151463509,4.5));
#11190=CARTESIAN_POINT('Ctrl Pts',(51.1129020247608,22.1879151463509,4.));
#11191=CARTESIAN_POINT('Ctrl Pts',(50.93784914352,22.2072675824165,4.));
#11192=CARTESIAN_POINT('Ctrl Pts',(50.8164559397846,22.2424539923668,4.));
#11193=CARTESIAN_POINT('Ctrl Pts',(51.5043519530445,22.1685627102852,4.5));
#11194=CARTESIAN_POINT('Ctrl Pts',(51.5043519530445,22.1685627102852,4.));
#11195=CARTESIAN_POINT('Ctrl Pts',(51.2879549060017,22.1685627102852,4.5));
#11196=CARTESIAN_POINT('Ctrl Pts',(51.2879549060017,22.1685627102852,4.));
#11197=CARTESIAN_POINT('Ctrl Pts',(51.1129020247608,22.1879151463509,4.5));
#11198=CARTESIAN_POINT('Ctrl Pts',(51.1129020247608,22.1879151463509,4.));
#11199=CARTESIAN_POINT('',(51.5043519530445,22.1685627102852,4.5));
#11200=CARTESIAN_POINT('Ctrl Pts',(51.5043519530445,22.1685627102852,4.5));
#11201=CARTESIAN_POINT('Ctrl Pts',(51.2879549060017,22.1685627102852,4.5));
#11202=CARTESIAN_POINT('Ctrl Pts',(51.1129020247608,22.1879151463509,4.5));
#11203=CARTESIAN_POINT('',(51.5043519530445,22.1685627102852,4.));
#11204=CARTESIAN_POINT('',(51.5043519530445,22.1685627102852,4.5));
#11205=CARTESIAN_POINT('Ctrl Pts',(51.5043519530445,22.1685627102852,4.));
#11206=CARTESIAN_POINT('Ctrl Pts',(51.2879549060017,22.1685627102852,4.));
#11207=CARTESIAN_POINT('Ctrl Pts',(51.1129020247608,22.1879151463509,4.));
#11208=CARTESIAN_POINT('Ctrl Pts',(52.261741021648,22.3313000798225,4.5));
#11209=CARTESIAN_POINT('Ctrl Pts',(52.261741021648,22.3313000798225,4.));
#11210=CARTESIAN_POINT('Ctrl Pts',(52.0039998088032,22.1685627102852,4.5));
#11211=CARTESIAN_POINT('Ctrl Pts',(52.0039998088032,22.1685627102852,4.));
#11212=CARTESIAN_POINT('Ctrl Pts',(51.5043519530445,22.1685627102852,4.5));
#11213=CARTESIAN_POINT('Ctrl Pts',(51.5043519530445,22.1685627102852,4.));
#11214=CARTESIAN_POINT('',(52.261741021648,22.3313000798225,4.5));
#11215=CARTESIAN_POINT('Ctrl Pts',(52.261741021648,22.3313000798225,4.5));
#11216=CARTESIAN_POINT('Ctrl Pts',(52.0039998088032,22.1685627102852,4.5));
#11217=CARTESIAN_POINT('Ctrl Pts',(51.5043519530445,22.1685627102852,4.5));
#11218=CARTESIAN_POINT('',(52.261741021648,22.3313000798225,4.));
#11219=CARTESIAN_POINT('',(52.261741021648,22.3313000798225,4.5));
#11220=CARTESIAN_POINT('Ctrl Pts',(52.261741021648,22.3313000798225,4.));
#11221=CARTESIAN_POINT('Ctrl Pts',(52.0039998088032,22.1685627102852,4.));
#11222=CARTESIAN_POINT('Ctrl Pts',(51.5043519530445,22.1685627102852,4.));
#11223=CARTESIAN_POINT('Ctrl Pts',(52.5194822344929,22.8071972727776,4.5));
#11224=CARTESIAN_POINT('Ctrl Pts',(52.5194822344929,22.8071972727776,4.));
#11225=CARTESIAN_POINT('Ctrl Pts',(52.5194822344929,22.4940374493599,4.5));
#11226=CARTESIAN_POINT('Ctrl Pts',(52.5194822344929,22.4940374493599,4.));
#11227=CARTESIAN_POINT('Ctrl Pts',(52.261741021648,22.3313000798225,4.5));
#11228=CARTESIAN_POINT('Ctrl Pts',(52.261741021648,22.3313000798225,4.));
#11229=CARTESIAN_POINT('Ctrl Pts',(52.5194822344929,22.8071972727776,4.5));
#11230=CARTESIAN_POINT('Ctrl Pts',(52.5194822344929,22.4940374493599,4.5));
#11231=CARTESIAN_POINT('Ctrl Pts',(52.261741021648,22.3313000798225,4.5));
#11232=CARTESIAN_POINT('Ctrl Pts',(52.5194822344929,22.8071972727776,4.));
#11233=CARTESIAN_POINT('Ctrl Pts',(52.5194822344929,22.4940374493599,4.));
#11234=CARTESIAN_POINT('Ctrl Pts',(52.261741021648,22.3313000798225,4.));
#11235=CARTESIAN_POINT('Origin',(51.7497776541859,23.1361910700798,4.));
#11236=CARTESIAN_POINT('Ctrl Pts',(44.6306721959263,24.7019895911217,4.5));
#11237=CARTESIAN_POINT('Ctrl Pts',(44.6306721959263,24.7019895911217,4.));
#11238=CARTESIAN_POINT('Ctrl Pts',(44.5145566854626,24.3290129303932,4.5));
#11239=CARTESIAN_POINT('Ctrl Pts',(44.5145566854626,24.3290129303932,4.));
#11240=CARTESIAN_POINT('Ctrl Pts',(44.3447817955166,24.024650156498,4.5));
#11241=CARTESIAN_POINT('Ctrl Pts',(44.3447817955166,24.024650156498,4.));
#11242=CARTESIAN_POINT('',(44.6306721959263,24.7019895911217,4.5));
#11243=CARTESIAN_POINT('',(44.3447817955166,24.024650156498,4.5));
#11244=CARTESIAN_POINT('Ctrl Pts',(44.6306721959263,24.7019895911217,4.5));
#11245=CARTESIAN_POINT('Ctrl Pts',(44.5145566854626,24.3290129303932,4.5));
#11246=CARTESIAN_POINT('Ctrl Pts',(44.3447817955166,24.024650156498,4.5));
#11247=CARTESIAN_POINT('',(44.6306721959263,24.7019895911217,4.));
#11248=CARTESIAN_POINT('',(44.6306721959263,24.7019895911217,4.5));
#11249=CARTESIAN_POINT('',(44.3447817955166,24.024650156498,4.));
#11250=CARTESIAN_POINT('Ctrl Pts',(44.6306721959263,24.7019895911217,4.));
#11251=CARTESIAN_POINT('Ctrl Pts',(44.5145566854626,24.3290129303932,4.));
#11252=CARTESIAN_POINT('Ctrl Pts',(44.3447817955166,24.024650156498,4.));
#11253=CARTESIAN_POINT('',(44.3447817955166,24.024650156498,4.5));
#11254=CARTESIAN_POINT('Origin',(44.1802851948887,24.7019895911217,4.5));
#11255=CARTESIAN_POINT('',(44.1802851948887,24.7019895911217,4.5));
#11256=CARTESIAN_POINT('',(46.656973009316,24.7019895911217,4.5));
#11257=CARTESIAN_POINT('',(44.1802851948887,24.7019895911217,4.));
#11258=CARTESIAN_POINT('',(44.1802851948887,24.7019895911217,4.5));
#11259=CARTESIAN_POINT('',(44.1802851948887,24.7019895911217,4.));
#11260=CARTESIAN_POINT('Ctrl Pts',(43.981481352821,24.2032214999199,4.5));
#11261=CARTESIAN_POINT('Ctrl Pts',(43.981481352821,24.2032214999199,4.));
#11262=CARTESIAN_POINT('Ctrl Pts',(44.0923188719898,24.4222572445869,4.5));
#11263=CARTESIAN_POINT('Ctrl Pts',(44.0923188719898,24.4222572445869,4.));
#11264=CARTESIAN_POINT('Ctrl Pts',(44.1802851948887,24.7019895911217,4.5));
#11265=CARTESIAN_POINT('Ctrl Pts',(44.1802851948887,24.7019895911217,4.));
#11266=CARTESIAN_POINT('',(43.981481352821,24.2032214999199,4.5));
#11267=CARTESIAN_POINT('Ctrl Pts',(43.981481352821,24.2032214999199,4.5));
#11268=CARTESIAN_POINT('Ctrl Pts',(44.0923188719898,24.4222572445869,4.5));
#11269=CARTESIAN_POINT('Ctrl Pts',(44.1802851948887,24.7019895911217,4.5));
#11270=CARTESIAN_POINT('',(43.981481352821,24.2032214999199,4.));
#11271=CARTESIAN_POINT('',(43.981481352821,24.2032214999199,4.5));
#11272=CARTESIAN_POINT('Ctrl Pts',(43.981481352821,24.2032214999199,4.));
#11273=CARTESIAN_POINT('Ctrl Pts',(44.0923188719898,24.4222572445869,4.));
#11274=CARTESIAN_POINT('Ctrl Pts',(44.1802851948887,24.7019895911217,4.));
#11275=CARTESIAN_POINT('Ctrl Pts',(43.7281386647373,23.7932989001274,4.5));
#11276=CARTESIAN_POINT('Ctrl Pts',(43.7281386647373,23.7932989001274,4.));
#11277=CARTESIAN_POINT('Ctrl Pts',(43.8706438336521,23.9841851592064,4.5));
#11278=CARTESIAN_POINT('Ctrl Pts',(43.8706438336521,23.9841851592064,4.));
#11279=CARTESIAN_POINT('Ctrl Pts',(43.981481352821,24.2032214999199,4.5));
#11280=CARTESIAN_POINT('Ctrl Pts',(43.981481352821,24.2032214999199,4.));
#11281=CARTESIAN_POINT('',(43.7281386647373,23.7932989001274,4.5));
#11282=CARTESIAN_POINT('Ctrl Pts',(43.7281386647373,23.7932989001274,4.5));
#11283=CARTESIAN_POINT('Ctrl Pts',(43.8706438336521,23.9841851592064,4.5));
#11284=CARTESIAN_POINT('Ctrl Pts',(43.981481352821,24.2032214999199,4.5));
#11285=CARTESIAN_POINT('',(43.7281386647373,23.7932989001274,4.));
#11286=CARTESIAN_POINT('',(43.7281386647373,23.7932989001274,4.5));
#11287=CARTESIAN_POINT('Ctrl Pts',(43.7281386647373,23.7932989001274,4.));
#11288=CARTESIAN_POINT('Ctrl Pts',(43.8706438336521,23.9841851592064,4.));
#11289=CARTESIAN_POINT('Ctrl Pts',(43.981481352821,24.2032214999199,4.));
#11290=CARTESIAN_POINT('Ctrl Pts',(43.3991448674351,23.4071269631386,4.5));
#11291=CARTESIAN_POINT('Ctrl Pts',(43.3991448674351,23.4071269631386,4.));
#11292=CARTESIAN_POINT('Ctrl Pts',(43.5856334958225,23.602412045002,4.5));
#11293=CARTESIAN_POINT('Ctrl Pts',(43.5856334958225,23.602412045002,4.));
#11294=CARTESIAN_POINT('Ctrl Pts',(43.7281386647373,23.7932989001274,4.5));
#11295=CARTESIAN_POINT('Ctrl Pts',(43.7281386647373,23.7932989001274,4.));
#11296=CARTESIAN_POINT('',(43.3991448674351,23.4071269631386,4.5));
#11297=CARTESIAN_POINT('Ctrl Pts',(43.3991448674351,23.4071269631386,4.5));
#11298=CARTESIAN_POINT('Ctrl Pts',(43.5856334958225,23.602412045002,4.5));
#11299=CARTESIAN_POINT('Ctrl Pts',(43.7281386647373,23.7932989001274,4.5));
#11300=CARTESIAN_POINT('',(43.3991448674351,23.4071269631386,4.));
#11301=CARTESIAN_POINT('',(43.3991448674351,23.4071269631386,4.5));
#11302=CARTESIAN_POINT('Ctrl Pts',(43.3991448674351,23.4071269631386,4.));
#11303=CARTESIAN_POINT('Ctrl Pts',(43.5856334958225,23.602412045002,4.));
#11304=CARTESIAN_POINT('Ctrl Pts',(43.7281386647373,23.7932989001274,4.));
#11305=CARTESIAN_POINT('Origin',(43.3674772176892,23.4071269631386,4.5));
#11306=CARTESIAN_POINT('',(43.3674772176892,23.4071269631386,4.5));
#11307=CARTESIAN_POINT('',(46.2505690207163,23.4071269631386,4.5));
#11308=CARTESIAN_POINT('',(43.3674772176892,23.4071269631386,4.));
#11309=CARTESIAN_POINT('',(43.3674772176892,23.4071269631386,4.5));
#11310=CARTESIAN_POINT('',(43.3674772176892,23.4071269631386,4.));
#11311=CARTESIAN_POINT('Origin',(43.0015377793461,24.71958309412,4.5));
#11312=CARTESIAN_POINT('',(43.0015377793461,24.71958309412,4.5));
#11313=CARTESIAN_POINT('',(45.743456616239,14.8855837732816,4.5));
#11314=CARTESIAN_POINT('',(43.0015377793461,24.71958309412,4.));
#11315=CARTESIAN_POINT('',(43.0015377793461,24.71958309412,4.5));
#11316=CARTESIAN_POINT('',(43.0015377793461,24.71958309412,4.));
#11317=CARTESIAN_POINT('Origin',(42.5652252230793,24.6632847189903,4.5));
#11318=CARTESIAN_POINT('',(42.5652252230793,24.6632847189903,4.5));
#11319=CARTESIAN_POINT('',(44.562579512945,24.9210077651477,4.5));
#11320=CARTESIAN_POINT('',(42.5652252230793,24.6632847189903,4.));
#11321=CARTESIAN_POINT('',(42.5652252230793,24.6632847189903,4.5));
#11322=CARTESIAN_POINT('',(42.5652252230793,24.6632847189903,4.));
#11323=CARTESIAN_POINT('Origin',(43.0904803543415,23.0332991573695,4.5));
#11324=CARTESIAN_POINT('',(43.0904803543415,23.0332991573695,4.5));
#11325=CARTESIAN_POINT('',(45.9730536327379,14.088021816033,4.5));
#11326=CARTESIAN_POINT('',(43.0904803543415,23.0332991573695,4.));
#11327=CARTESIAN_POINT('',(43.0904803543415,23.0332991573695,4.5));
#11328=CARTESIAN_POINT('',(43.1106157694012,22.9708144068718,4.));
#11329=CARTESIAN_POINT('Origin',(42.9452394042164,22.2037491202354,4.5));
#11330=CARTESIAN_POINT('',(42.9452394042164,22.2037491202354,4.5));
#11331=CARTESIAN_POINT('',(41.5957472517949,14.4960656866772,4.5));
#11332=CARTESIAN_POINT('',(42.9452394042164,22.2037491202354,4.));
#11333=CARTESIAN_POINT('',(42.9452394042164,22.2037491202354,4.5));
#11334=CARTESIAN_POINT('',(42.9452394042164,22.2037491202354,4.));
#11335=CARTESIAN_POINT('Origin',(43.3745144400746,22.2037491202354,4.5));
#11336=CARTESIAN_POINT('',(43.3745144400746,22.2037491202354,4.5));
#11337=CARTESIAN_POINT('',(46.254087631909,22.2037491202354,4.5));
#11338=CARTESIAN_POINT('',(43.3745144400746,22.2037491202354,4.));
#11339=CARTESIAN_POINT('',(43.3745144400746,22.2037491202354,4.5));
#11340=CARTESIAN_POINT('',(43.3745144400746,22.2037491202354,4.));
#11341=CARTESIAN_POINT('Origin',(43.5153350410947,23.0080521401819,4.5));
#11342=CARTESIAN_POINT('',(43.5153350410947,23.0080521401819,4.5));
#11343=CARTESIAN_POINT('',(42.0890486957514,14.8617553160126,4.5));
#11344=CARTESIAN_POINT('',(43.5153350410947,23.0080521401819,4.));
#11345=CARTESIAN_POINT('',(43.5153350410947,23.0080521401819,4.5));
#11346=CARTESIAN_POINT('',(43.5574840102345,23.2487878203392,4.));
#11347=CARTESIAN_POINT('Ctrl Pts',(43.9480541739613,23.4563884139061,4.5));
#11348=CARTESIAN_POINT('Ctrl Pts',(43.9480541739613,23.4563884139061,4.));
#11349=CARTESIAN_POINT('Ctrl Pts',(43.7541654955885,23.2309360833627,4.5));
#11350=CARTESIAN_POINT('Ctrl Pts',(43.7541654955885,23.2309360833627,4.));
#11351=CARTESIAN_POINT('Ctrl Pts',(43.5153350410983,23.0080521401853,4.5));
#11352=CARTESIAN_POINT('Ctrl Pts',(43.5153350410983,23.0080521401853,4.));
#11353=CARTESIAN_POINT('',(43.9480541739613,23.4563884139061,4.5));
#11354=CARTESIAN_POINT('Ctrl Pts',(43.9480541739613,23.4563884139061,4.5));
#11355=CARTESIAN_POINT('Ctrl Pts',(43.7541654955885,23.2309360833627,4.5));
#11356=CARTESIAN_POINT('Ctrl Pts',(43.5153350410983,23.0080521401853,4.5));
#11357=CARTESIAN_POINT('',(43.9480541739613,23.4563884139061,4.));
#11358=CARTESIAN_POINT('',(43.9480541739613,23.4563884139061,4.5));
#11359=CARTESIAN_POINT('Ctrl Pts',(43.9480541739613,23.4563884139061,4.));
#11360=CARTESIAN_POINT('Ctrl Pts',(43.7541654955885,23.2309360833627,4.));
#11361=CARTESIAN_POINT('Ctrl Pts',(43.5153350410983,23.0080521401853,4.));
#11362=CARTESIAN_POINT('Ctrl Pts',(44.3447817955166,24.024650156498,4.5));
#11363=CARTESIAN_POINT('Ctrl Pts',(44.3447817955166,24.024650156498,4.));
#11364=CARTESIAN_POINT('Ctrl Pts',(44.1750072035939,23.7202867865562,4.5));
#11365=CARTESIAN_POINT('Ctrl Pts',(44.1750072035939,23.7202867865562,4.));
#11366=CARTESIAN_POINT('Ctrl Pts',(43.9480541739613,23.4563884139061,4.5));
#11367=CARTESIAN_POINT('Ctrl Pts',(43.9480541739613,23.4563884139061,4.));
#11368=CARTESIAN_POINT('Ctrl Pts',(44.3447817955166,24.024650156498,4.5));
#11369=CARTESIAN_POINT('Ctrl Pts',(44.1750072035939,23.7202867865562,4.5));
#11370=CARTESIAN_POINT('Ctrl Pts',(43.9480541739613,23.4563884139061,4.5));
#11371=CARTESIAN_POINT('Ctrl Pts',(44.3447817955166,24.024650156498,4.));
#11372=CARTESIAN_POINT('Ctrl Pts',(44.1750072035939,23.7202867865562,4.));
#11373=CARTESIAN_POINT('Ctrl Pts',(43.9480541739613,23.4563884139061,4.));
#11374=CARTESIAN_POINT('Origin',(43.5979487095028,23.4616661071777,4.));
#11375=CARTESIAN_POINT('Origin',(47.8132896218449,23.0499842762947,4.5));
#11376=CARTESIAN_POINT('',(47.8132896218449,23.0499842762947,4.5));
#11377=CARTESIAN_POINT('',(47.8291235957295,22.654136121273,4.5));
#11378=CARTESIAN_POINT('',(48.1701289457529,14.1290280439684,4.5));
#11379=CARTESIAN_POINT('',(47.8132896218449,23.0499842762947,4.));
#11380=CARTESIAN_POINT('',(47.8132896218449,23.0499842762947,4.5));
#11381=CARTESIAN_POINT('',(47.8291235957295,22.654136121273,4.));
#11382=CARTESIAN_POINT('',(47.8291235957295,22.654136121273,4.));
#11383=CARTESIAN_POINT('',(47.8291235957295,22.654136121273,4.5));
#11384=CARTESIAN_POINT('Origin',(47.8713130360528,23.3761543010365,4.5));
#11385=CARTESIAN_POINT('',(47.8713130360528,23.3761543010365,4.5));
#11386=CARTESIAN_POINT('',(46.3263488394062,14.69136701086,4.5));
#11387=CARTESIAN_POINT('',(47.8713130360528,23.3761543010365,4.));
#11388=CARTESIAN_POINT('',(47.8713130360528,23.3761543010365,4.5));
#11389=CARTESIAN_POINT('',(47.8132896218449,23.0499842762947,4.));
#11390=CARTESIAN_POINT('Origin',(47.8713475260884,23.3772185444832,4.5));
#11391=CARTESIAN_POINT('',(47.8713475260884,23.3772185444832,4.5));
#11392=CARTESIAN_POINT('',(47.5782982935228,14.3347307593686,4.5));
#11393=CARTESIAN_POINT('',(47.8713475260884,23.3772185444832,4.));
#11394=CARTESIAN_POINT('',(47.8713475260884,23.3772185444832,4.5));
#11395=CARTESIAN_POINT('',(47.8713475260884,23.3772185444832,4.));
#11396=CARTESIAN_POINT('',(47.8713130360528,23.3761543010365,4.5));
#11397=CARTESIAN_POINT('Ctrl Pts',(47.6619874034077,22.7790483832359,4.5));
#11398=CARTESIAN_POINT('Ctrl Pts',(47.6619874034077,22.7790483832359,4.));
#11399=CARTESIAN_POINT('Ctrl Pts',(47.7956961188465,22.9866483807564,4.5));
#11400=CARTESIAN_POINT('Ctrl Pts',(47.7956961188465,22.9866483807564,4.));
#11401=CARTESIAN_POINT('Ctrl Pts',(47.8713475260884,23.3772185444832,4.5));
#11402=CARTESIAN_POINT('Ctrl Pts',(47.8713475260884,23.3772185444832,4.));
#11403=CARTESIAN_POINT('',(47.6619874034077,22.7790483832359,4.5));
#11404=CARTESIAN_POINT('Ctrl Pts',(47.6619874034077,22.7790483832359,4.5));
#11405=CARTESIAN_POINT('Ctrl Pts',(47.7956961188465,22.9866483807564,4.5));
#11406=CARTESIAN_POINT('Ctrl Pts',(47.8713475260884,23.3772185444832,4.5));
#11407=CARTESIAN_POINT('',(47.6619874034077,22.7790483832359,4.));
#11408=CARTESIAN_POINT('',(47.6619874034077,22.7790483832359,4.5));
#11409=CARTESIAN_POINT('Ctrl Pts',(47.6619874034077,22.7790483832359,4.));
#11410=CARTESIAN_POINT('Ctrl Pts',(47.7956961188465,22.9866483807564,4.));
#11411=CARTESIAN_POINT('Ctrl Pts',(47.8713475260884,23.3772185444832,4.));
#11412=CARTESIAN_POINT('Ctrl Pts',(47.3189191613346,22.571447789669,4.5));
#11413=CARTESIAN_POINT('Ctrl Pts',(47.3189191613346,22.571447789669,4.));
#11414=CARTESIAN_POINT('Ctrl Pts',(47.5282786879689,22.571447789669,4.5));
#11415=CARTESIAN_POINT('Ctrl Pts',(47.5282786879689,22.571447789669,4.));
#11416=CARTESIAN_POINT('Ctrl Pts',(47.6619874034077,22.7790483832359,4.5));
#11417=CARTESIAN_POINT('Ctrl Pts',(47.6619874034077,22.7790483832359,4.));
#11418=CARTESIAN_POINT('',(47.3189191613346,22.571447789669,4.5));
#11419=CARTESIAN_POINT('Ctrl Pts',(47.3189191613346,22.571447789669,4.5));
#11420=CARTESIAN_POINT('Ctrl Pts',(47.5282786879689,22.571447789669,4.5));
#11421=CARTESIAN_POINT('Ctrl Pts',(47.6619874034077,22.7790483832359,4.5));
#11422=CARTESIAN_POINT('',(47.3189191613346,22.571447789669,4.));
#11423=CARTESIAN_POINT('',(47.3189191613346,22.571447789669,4.5));
#11424=CARTESIAN_POINT('Ctrl Pts',(47.3189191613346,22.571447789669,4.));
#11425=CARTESIAN_POINT('Ctrl Pts',(47.5282786879689,22.571447789669,4.));
#11426=CARTESIAN_POINT('Ctrl Pts',(47.6619874034077,22.7790483832359,4.));
#11427=CARTESIAN_POINT('Ctrl Pts',(47.1429871115834,22.6347836852074,4.5));
#11428=CARTESIAN_POINT('Ctrl Pts',(47.1429871115834,22.6347836852074,4.));
#11429=CARTESIAN_POINT('Ctrl Pts',(47.2045634780079,22.571447789669,4.5));
#11430=CARTESIAN_POINT('Ctrl Pts',(47.2045634780079,22.571447789669,4.));
#11431=CARTESIAN_POINT('Ctrl Pts',(47.3189191613346,22.571447789669,4.5));
#11432=CARTESIAN_POINT('Ctrl Pts',(47.3189191613346,22.571447789669,4.));
#11433=CARTESIAN_POINT('',(47.1429871115834,22.6347836852074,4.5));
#11434=CARTESIAN_POINT('Ctrl Pts',(47.1429871115834,22.6347836852074,4.5));
#11435=CARTESIAN_POINT('Ctrl Pts',(47.2045634780079,22.571447789669,4.5));
#11436=CARTESIAN_POINT('Ctrl Pts',(47.3189191613346,22.571447789669,4.5));
#11437=CARTESIAN_POINT('',(47.1429871115834,22.6347836852074,4.));
#11438=CARTESIAN_POINT('',(47.1429871115834,22.6347836852074,4.5));
#11439=CARTESIAN_POINT('Ctrl Pts',(47.1429871115834,22.6347836852074,4.));
#11440=CARTESIAN_POINT('Ctrl Pts',(47.2045634780079,22.571447789669,4.));
#11441=CARTESIAN_POINT('Ctrl Pts',(47.3189191613346,22.571447789669,4.));
#11442=CARTESIAN_POINT('Ctrl Pts',(47.0814107451588,22.8124752640724,4.5));
#11443=CARTESIAN_POINT('Ctrl Pts',(47.0814107451588,22.8124752640724,4.));
#11444=CARTESIAN_POINT('Ctrl Pts',(47.0814107451588,22.6981189846992,4.5));
#11445=CARTESIAN_POINT('Ctrl Pts',(47.0814107451588,22.6981189846992,4.));
#11446=CARTESIAN_POINT('Ctrl Pts',(47.1429871115834,22.6347836852074,4.5));
#11447=CARTESIAN_POINT('Ctrl Pts',(47.1429871115834,22.6347836852074,4.));
#11448=CARTESIAN_POINT('',(47.0814107451588,22.8124752640724,4.5));
#11449=CARTESIAN_POINT('Ctrl Pts',(47.0814107451588,22.8124752640724,4.5));
#11450=CARTESIAN_POINT('Ctrl Pts',(47.0814107451588,22.6981189846992,4.5));
#11451=CARTESIAN_POINT('Ctrl Pts',(47.1429871115834,22.6347836852074,4.5));
#11452=CARTESIAN_POINT('',(47.0814107451588,22.8124752640724,4.));
#11453=CARTESIAN_POINT('',(47.0814107451588,22.8124752640724,4.5));
#11454=CARTESIAN_POINT('Ctrl Pts',(47.0814107451588,22.8124752640724,4.));
#11455=CARTESIAN_POINT('Ctrl Pts',(47.0814107451588,22.6981189846992,4.));
#11456=CARTESIAN_POINT('Ctrl Pts',(47.1429871115834,22.6347836852074,4.));
#11457=CARTESIAN_POINT('Ctrl Pts',(47.1649782452732,23.2945302128792,4.5));
#11458=CARTESIAN_POINT('Ctrl Pts',(47.1649782452732,23.2945302128792,4.));
#11459=CARTESIAN_POINT('Ctrl Pts',(47.0814107451588,23.0042418837547,4.5));
#11460=CARTESIAN_POINT('Ctrl Pts',(47.0814107451588,23.0042418837547,4.));
#11461=CARTESIAN_POINT('Ctrl Pts',(47.0814107451588,22.8124752640724,4.5));
#11462=CARTESIAN_POINT('Ctrl Pts',(47.0814107451588,22.8124752640724,4.));
#11463=CARTESIAN_POINT('',(47.1649782452732,23.2945302128792,4.5));
#11464=CARTESIAN_POINT('Ctrl Pts',(47.1649782452732,23.2945302128792,4.5));
#11465=CARTESIAN_POINT('Ctrl Pts',(47.0814107451588,23.0042418837547,4.5));
#11466=CARTESIAN_POINT('Ctrl Pts',(47.0814107451588,22.8124752640724,4.5));
#11467=CARTESIAN_POINT('',(47.1649782452732,23.2945302128792,4.));
#11468=CARTESIAN_POINT('',(47.1649782452732,23.2945302128792,4.5));
#11469=CARTESIAN_POINT('Ctrl Pts',(47.1649782452732,23.2945302128792,4.));
#11470=CARTESIAN_POINT('Ctrl Pts',(47.0814107451588,23.0042418837547,4.));
#11471=CARTESIAN_POINT('Ctrl Pts',(47.0814107451588,22.8124752640724,4.));
#11472=CARTESIAN_POINT('Ctrl Pts',(47.4332754407078,24.0352055430412,4.5));
#11473=CARTESIAN_POINT('Ctrl Pts',(47.4332754407078,24.0352055430412,4.));
#11474=CARTESIAN_POINT('Ctrl Pts',(47.2485463414341,23.5848185420036,4.5));
#11475=CARTESIAN_POINT('Ctrl Pts',(47.2485463414341,23.5848185420036,4.));
#11476=CARTESIAN_POINT('Ctrl Pts',(47.1649782452732,23.2945302128792,4.5));
#11477=CARTESIAN_POINT('Ctrl Pts',(47.1649782452732,23.2945302128792,4.));
#11478=CARTESIAN_POINT('',(47.4332754407078,24.0352055430412,4.5));
#11479=CARTESIAN_POINT('Ctrl Pts',(47.4332754407078,24.0352055430412,4.5));
#11480=CARTESIAN_POINT('Ctrl Pts',(47.2485463414341,23.5848185420036,4.5));
#11481=CARTESIAN_POINT('Ctrl Pts',(47.1649782452732,23.2945302128792,4.5));
#11482=CARTESIAN_POINT('',(47.4332754407078,24.0352055430412,4.));
#11483=CARTESIAN_POINT('',(47.4332754407078,24.0352055430412,4.5));
#11484=CARTESIAN_POINT('Ctrl Pts',(47.4332754407078,24.0352055430412,4.));
#11485=CARTESIAN_POINT('Ctrl Pts',(47.2485463414341,23.5848185420036,4.));
#11486=CARTESIAN_POINT('Ctrl Pts',(47.1649782452732,23.2945302128792,4.));
#11487=CARTESIAN_POINT('Origin',(46.996962884441,24.1038194298744,4.5));
#11488=CARTESIAN_POINT('',(46.996962884441,24.1038194298744,4.5));
#11489=CARTESIAN_POINT('',(49.4875694422337,23.7121502146573,4.5));
#11490=CARTESIAN_POINT('',(46.996962884441,24.1038194298744,4.));
#11491=CARTESIAN_POINT('',(46.996962884441,24.1038194298744,4.5));
#11492=CARTESIAN_POINT('',(46.996962884441,24.1038194298744,4.));
#11493=CARTESIAN_POINT('Ctrl Pts',(46.7242680583149,23.3464303612709,4.5));
#11494=CARTESIAN_POINT('Ctrl Pts',(46.7242680583149,23.3464303612709,4.));
#11495=CARTESIAN_POINT('Ctrl Pts',(46.8087153229862,23.6622288823128,4.5));
#11496=CARTESIAN_POINT('Ctrl Pts',(46.8087153229862,23.6622288823128,4.));
#11497=CARTESIAN_POINT('Ctrl Pts',(46.996962884441,24.1038194298744,4.5));
#11498=CARTESIAN_POINT('Ctrl Pts',(46.996962884441,24.1038194298744,4.));
#11499=CARTESIAN_POINT('',(46.7242680583149,23.3464303612709,4.5));
#11500=CARTESIAN_POINT('Ctrl Pts',(46.7242680583149,23.3464303612709,4.5));
#11501=CARTESIAN_POINT('Ctrl Pts',(46.8087153229862,23.6622288823128,4.5));
#11502=CARTESIAN_POINT('Ctrl Pts',(46.996962884441,24.1038194298744,4.5));
#11503=CARTESIAN_POINT('',(46.7242680583149,23.3464303612709,4.));
#11504=CARTESIAN_POINT('',(46.7242680583149,23.3464303612709,4.5));
#11505=CARTESIAN_POINT('Ctrl Pts',(46.7242680583149,23.3464303612709,4.));
#11506=CARTESIAN_POINT('Ctrl Pts',(46.8087153229862,23.6622288823128,4.));
#11507=CARTESIAN_POINT('Ctrl Pts',(46.996962884441,24.1038194298744,4.));
#11508=CARTESIAN_POINT('Ctrl Pts',(46.6398201975971,22.7684924006462,4.5));
#11509=CARTESIAN_POINT('Ctrl Pts',(46.6398201975971,22.7684924006462,4.));
#11510=CARTESIAN_POINT('Ctrl Pts',(46.6398201975971,23.030631840229,4.5));
#11511=CARTESIAN_POINT('Ctrl Pts',(46.6398201975971,23.030631840229,4.));
#11512=CARTESIAN_POINT('Ctrl Pts',(46.7242680583149,23.3464303612709,4.5));
#11513=CARTESIAN_POINT('Ctrl Pts',(46.7242680583149,23.3464303612709,4.));
#11514=CARTESIAN_POINT('',(46.6398201975971,22.7684924006462,4.5));
#11515=CARTESIAN_POINT('Ctrl Pts',(46.6398201975971,22.7684924006462,4.5));
#11516=CARTESIAN_POINT('Ctrl Pts',(46.6398201975971,23.030631840229,4.5));
#11517=CARTESIAN_POINT('Ctrl Pts',(46.7242680583149,23.3464303612709,4.5));
#11518=CARTESIAN_POINT('',(46.6398201975971,22.7684924006462,4.));
#11519=CARTESIAN_POINT('',(46.6398201975971,22.7684924006462,4.5));
#11520=CARTESIAN_POINT('Ctrl Pts',(46.6398201975971,22.7684924006462,4.));
#11521=CARTESIAN_POINT('Ctrl Pts',(46.6398201975971,23.030631840229,4.));
#11522=CARTESIAN_POINT('Ctrl Pts',(46.7242680583149,23.3464303612709,4.));
#11523=CARTESIAN_POINT('Ctrl Pts',(46.7788069043308,22.3251423239708,4.5));
#11524=CARTESIAN_POINT('Ctrl Pts',(46.7788069043308,22.3251423239708,4.));
#11525=CARTESIAN_POINT('Ctrl Pts',(46.6398201975971,22.4834814667702,4.5));
#11526=CARTESIAN_POINT('Ctrl Pts',(46.6398201975971,22.4834814667702,4.));
#11527=CARTESIAN_POINT('Ctrl Pts',(46.6398201975971,22.7684924006462,4.5));
#11528=CARTESIAN_POINT('Ctrl Pts',(46.6398201975971,22.7684924006462,4.));
#11529=CARTESIAN_POINT('',(46.7788069043308,22.3251423239708,4.5));
#11530=CARTESIAN_POINT('Ctrl Pts',(46.7788069043308,22.3251423239708,4.5));
#11531=CARTESIAN_POINT('Ctrl Pts',(46.6398201975971,22.4834814667702,4.5));
#11532=CARTESIAN_POINT('Ctrl Pts',(46.6398201975971,22.7684924006462,4.5));
#11533=CARTESIAN_POINT('',(46.7788069043308,22.3251423239708,4.));
#11534=CARTESIAN_POINT('',(46.7788069043308,22.3251423239708,4.5));
#11535=CARTESIAN_POINT('Ctrl Pts',(46.7788069043308,22.3251423239708,4.));
#11536=CARTESIAN_POINT('Ctrl Pts',(46.6398201975971,22.4834814667702,4.));
#11537=CARTESIAN_POINT('Ctrl Pts',(46.6398201975971,22.7684924006462,4.));
#11538=CARTESIAN_POINT('Ctrl Pts',(47.1728955302387,22.1668031811714,4.5));
#11539=CARTESIAN_POINT('Ctrl Pts',(47.1728955302387,22.1668031811714,4.));
#11540=CARTESIAN_POINT('Ctrl Pts',(46.9177936110646,22.1668031811714,4.5));
#11541=CARTESIAN_POINT('Ctrl Pts',(46.9177936110646,22.1668031811714,4.));
#11542=CARTESIAN_POINT('Ctrl Pts',(46.7788069043308,22.3251423239708,4.5));
#11543=CARTESIAN_POINT('Ctrl Pts',(46.7788069043308,22.3251423239708,4.));
#11544=CARTESIAN_POINT('',(47.1728955302387,22.1668031811714,4.5));
#11545=CARTESIAN_POINT('Ctrl Pts',(47.1728955302387,22.1668031811714,4.5));
#11546=CARTESIAN_POINT('Ctrl Pts',(46.9177936110646,22.1668031811714,4.5));
#11547=CARTESIAN_POINT('Ctrl Pts',(46.7788069043308,22.3251423239708,4.5));
#11548=CARTESIAN_POINT('',(47.1728955302387,22.1668031811714,4.));
#11549=CARTESIAN_POINT('',(47.1728955302387,22.1668031811714,4.5));
#11550=CARTESIAN_POINT('Ctrl Pts',(47.1728955302387,22.1668031811714,4.));
#11551=CARTESIAN_POINT('Ctrl Pts',(46.9177936110646,22.1668031811714,4.));
#11552=CARTESIAN_POINT('Ctrl Pts',(46.7788069043308,22.3251423239708,4.));
#11553=CARTESIAN_POINT('Ctrl Pts',(47.4922131095082,22.2389355301857,4.5));
#11554=CARTESIAN_POINT('Ctrl Pts',(47.4922131095082,22.2389355301857,4.));
#11555=CARTESIAN_POINT('Ctrl Pts',(47.373458603397,22.1668031811714,4.5));
#11556=CARTESIAN_POINT('Ctrl Pts',(47.373458603397,22.1668031811714,4.));
#11557=CARTESIAN_POINT('Ctrl Pts',(47.1728955302387,22.1668031811714,4.5));
#11558=CARTESIAN_POINT('Ctrl Pts',(47.1728955302387,22.1668031811714,4.));
#11559=CARTESIAN_POINT('',(47.4922131095082,22.2389355301857,4.5));
#11560=CARTESIAN_POINT('Ctrl Pts',(47.4922131095082,22.2389355301857,4.5));
#11561=CARTESIAN_POINT('Ctrl Pts',(47.373458603397,22.1668031811714,4.5));
#11562=CARTESIAN_POINT('Ctrl Pts',(47.1728955302387,22.1668031811714,4.5));
#11563=CARTESIAN_POINT('',(47.4922131095082,22.2389355301857,4.));
#11564=CARTESIAN_POINT('',(47.4922131095082,22.2389355301857,4.5));
#11565=CARTESIAN_POINT('Ctrl Pts',(47.4922131095082,22.2389355301857,4.));
#11566=CARTESIAN_POINT('Ctrl Pts',(47.373458603397,22.1668031811714,4.));
#11567=CARTESIAN_POINT('Ctrl Pts',(47.1728955302387,22.1668031811714,4.));
#11568=CARTESIAN_POINT('Ctrl Pts',(47.6822196040303,22.4447765946388,4.5));
#11569=CARTESIAN_POINT('Ctrl Pts',(47.6822196040303,22.4447765946388,4.));
#11570=CARTESIAN_POINT('Ctrl Pts',(47.6109670195729,22.3110678792,4.5));
#11571=CARTESIAN_POINT('Ctrl Pts',(47.6109670195729,22.3110678792,4.));
#11572=CARTESIAN_POINT('Ctrl Pts',(47.4922131095082,22.2389355301857,4.5));
#11573=CARTESIAN_POINT('Ctrl Pts',(47.4922131095082,22.2389355301857,4.));
#11574=CARTESIAN_POINT('',(47.6822196040303,22.4447765946388,4.5));
#11575=CARTESIAN_POINT('Ctrl Pts',(47.6822196040303,22.4447765946388,4.5));
#11576=CARTESIAN_POINT('Ctrl Pts',(47.6109670195729,22.3110678792,4.5));
#11577=CARTESIAN_POINT('Ctrl Pts',(47.4922131095082,22.2389355301857,4.5));
#11578=CARTESIAN_POINT('',(47.6822196040303,22.4447765946388,4.));
#11579=CARTESIAN_POINT('',(47.6822196040303,22.4447765946388,4.5));
#11580=CARTESIAN_POINT('Ctrl Pts',(47.6822196040303,22.4447765946388,4.));
#11581=CARTESIAN_POINT('Ctrl Pts',(47.6109670195729,22.3110678792,4.));
#11582=CARTESIAN_POINT('Ctrl Pts',(47.4922131095082,22.2389355301857,4.));
#11583=CARTESIAN_POINT('Ctrl Pts',(47.7613203753888,22.617190182209,4.5));
#11584=CARTESIAN_POINT('Ctrl Pts',(47.7613203753888,22.617190182209,4.));
#11585=CARTESIAN_POINT('Ctrl Pts',(47.7237085310912,22.5226324532648,4.5));
#11586=CARTESIAN_POINT('Ctrl Pts',(47.7237085310912,22.5226324532648,4.));
#11587=CARTESIAN_POINT('Ctrl Pts',(47.6822196040303,22.4447765946388,4.5));
#11588=CARTESIAN_POINT('Ctrl Pts',(47.6822196040303,22.4447765946388,4.));
#11589=CARTESIAN_POINT('',(47.7613203753888,22.617190182209,4.5));
#11590=CARTESIAN_POINT('Ctrl Pts',(47.7613203753888,22.617190182209,4.5));
#11591=CARTESIAN_POINT('Ctrl Pts',(47.7237085310912,22.5226324532648,4.5));
#11592=CARTESIAN_POINT('Ctrl Pts',(47.6822196040303,22.4447765946388,4.5));
#11593=CARTESIAN_POINT('',(47.7613203753888,22.617190182209,4.));
#11594=CARTESIAN_POINT('',(47.7613203753888,22.617190182209,4.5));
#11595=CARTESIAN_POINT('Ctrl Pts',(47.7613203753888,22.617190182209,4.));
#11596=CARTESIAN_POINT('Ctrl Pts',(47.7237085310912,22.5226324532648,4.));
#11597=CARTESIAN_POINT('Ctrl Pts',(47.6822196040303,22.4447765946388,4.));
#11598=CARTESIAN_POINT('Origin',(47.7306012902409,22.617190182209,4.5));
#11599=CARTESIAN_POINT('',(47.7306012902409,22.617190182209,4.5));
#11600=CARTESIAN_POINT('',(48.4321310569921,22.617190182209,4.5));
#11601=CARTESIAN_POINT('',(47.7306012902409,22.617190182209,4.));
#11602=CARTESIAN_POINT('',(47.7306012902409,22.617190182209,4.5));
#11603=CARTESIAN_POINT('',(47.8467165026814,22.617190182209,4.));
#11604=CARTESIAN_POINT('',(47.7613203753888,22.617190182209,4.5));
#11605=CARTESIAN_POINT('Origin',(47.8132896218449,22.7614548802376,4.5));
#11606=CARTESIAN_POINT('',(47.8132896218449,22.7614548802376,4.5));
#11607=CARTESIAN_POINT('',(44.1952150210355,16.4490716260891,4.5));
#11608=CARTESIAN_POINT('',(47.8132896218449,22.7614548802376,4.));
#11609=CARTESIAN_POINT('',(47.8132896218449,22.7614548802376,4.5));
#11610=CARTESIAN_POINT('',(47.7306012902409,22.617190182209,4.));
#11611=CARTESIAN_POINT('Ctrl Pts',(47.7613203753888,22.617190182209,4.5));
#11612=CARTESIAN_POINT('Ctrl Pts',(47.7613203753888,22.617190182209,4.));
#11613=CARTESIAN_POINT('Ctrl Pts',(47.7883026602302,22.6850247599592,4.5));
#11614=CARTESIAN_POINT('Ctrl Pts',(47.7883026602302,22.6850247599592,4.));
#11615=CARTESIAN_POINT('Ctrl Pts',(47.8132896218449,22.7614548802376,4.5));
#11616=CARTESIAN_POINT('Ctrl Pts',(47.8132896218449,22.7614548802376,4.));
#11617=CARTESIAN_POINT('Ctrl Pts',(47.7613203753888,22.617190182209,4.5));
#11618=CARTESIAN_POINT('Ctrl Pts',(47.7883026602302,22.6850247599592,4.5));
#11619=CARTESIAN_POINT('Ctrl Pts',(47.8132896218449,22.7614548802376,4.5));
#11620=CARTESIAN_POINT('Ctrl Pts',(47.7613203753888,22.617190182209,4.));
#11621=CARTESIAN_POINT('Ctrl Pts',(47.7883026602302,22.6850247599592,4.));
#11622=CARTESIAN_POINT('Ctrl Pts',(47.8132896218449,22.7614548802376,4.));
#11623=CARTESIAN_POINT('Origin',(47.8249656162073,22.617190182209,4.5));
#11624=CARTESIAN_POINT('',(47.8249656162073,22.617190182209,4.5));
#11625=CARTESIAN_POINT('',(48.4793132199753,22.617190182209,4.5));
#11626=CARTESIAN_POINT('',(47.8249656162073,22.617190182209,4.));
#11627=CARTESIAN_POINT('',(47.8249656162073,22.617190182209,4.5));
#11628=CARTESIAN_POINT('',(47.8467165026814,22.617190182209,4.));
#11629=CARTESIAN_POINT('Ctrl Pts',(47.8291235957295,22.654136121273,4.5));
#11630=CARTESIAN_POINT('Ctrl Pts',(47.8291235957295,22.654136121273,4.));
#11631=CARTESIAN_POINT('Ctrl Pts',(47.8266352197125,22.6352659833132,4.5));
#11632=CARTESIAN_POINT('Ctrl Pts',(47.8266352197125,22.6352659833132,4.));
#11633=CARTESIAN_POINT('Ctrl Pts',(47.8249656162073,22.617190182209,4.5));
#11634=CARTESIAN_POINT('Ctrl Pts',(47.8249656162073,22.617190182209,4.));
#11635=CARTESIAN_POINT('Ctrl Pts',(47.8291235957295,22.654136121273,4.5));
#11636=CARTESIAN_POINT('Ctrl Pts',(47.8266352197125,22.6352659833132,4.5));
#11637=CARTESIAN_POINT('Ctrl Pts',(47.8249656162073,22.617190182209,4.5));
#11638=CARTESIAN_POINT('Ctrl Pts',(47.8291235957295,22.654136121273,4.));
#11639=CARTESIAN_POINT('Ctrl Pts',(47.8266352197125,22.6352659833132,4.));
#11640=CARTESIAN_POINT('Ctrl Pts',(47.8249656162073,22.617190182209,4.));
#11641=CARTESIAN_POINT('',(47.8249656162073,22.617190182209,4.5));
#11642=CARTESIAN_POINT('Origin',(47.2555838618428,23.1353113055229,4.));
#11643=CARTESIAN_POINT('Origin',(47.8249656162073,22.617190182209,4.5));
#11644=CARTESIAN_POINT('',(47.8467165026814,22.617190182209,4.5));
#11645=CARTESIAN_POINT('',(48.4793132199753,22.617190182209,4.5));
#11646=CARTESIAN_POINT('',(47.8467165026814,22.617190182209,4.));
#11647=CARTESIAN_POINT('',(47.8467165026814,22.617190182209,4.));
#11648=CARTESIAN_POINT('',(47.8467165026814,22.617190182209,4.5));
#11649=CARTESIAN_POINT('Ctrl Pts',(47.8458367381245,22.3911169171333,4.5));
#11650=CARTESIAN_POINT('Ctrl Pts',(47.8458367381245,22.3911169171333,4.));
#11651=CARTESIAN_POINT('Ctrl Pts',(47.8124699123694,22.4819066514036,4.5));
#11652=CARTESIAN_POINT('Ctrl Pts',(47.8124699123694,22.4819066514036,4.));
#11653=CARTESIAN_POINT('Ctrl Pts',(47.8249656162072,22.6171901822083,4.5));
#11654=CARTESIAN_POINT('Ctrl Pts',(47.8249656162072,22.6171901822083,4.));
#11655=CARTESIAN_POINT('',(47.8458367381245,22.3911169171333,4.5));
#11656=CARTESIAN_POINT('Ctrl Pts',(47.8458367381245,22.3911169171333,4.5));
#11657=CARTESIAN_POINT('Ctrl Pts',(47.8124699123694,22.4819066514036,4.5));
#11658=CARTESIAN_POINT('Ctrl Pts',(47.8249656162072,22.6171901822083,4.5));
#11659=CARTESIAN_POINT('',(47.8458367381245,22.3911169171333,4.));
#11660=CARTESIAN_POINT('',(47.8458367381245,22.3911169171333,4.5));
#11661=CARTESIAN_POINT('Ctrl Pts',(47.8458367381245,22.3911169171333,4.));
#11662=CARTESIAN_POINT('Ctrl Pts',(47.8124699123694,22.4819066514036,4.));
#11663=CARTESIAN_POINT('Ctrl Pts',(47.8249656162072,22.6171901822083,4.));
#11664=CARTESIAN_POINT('Ctrl Pts',(47.9839442763478,22.2371760010719,4.5));
#11665=CARTESIAN_POINT('Ctrl Pts',(47.9839442763478,22.2371760010719,4.));
#11666=CARTESIAN_POINT('Ctrl Pts',(47.8836624417454,22.2881969809532,4.5));
#11667=CARTESIAN_POINT('Ctrl Pts',(47.8836624417454,22.2881969809532,4.));
#11668=CARTESIAN_POINT('Ctrl Pts',(47.8458367381245,22.3911169171333,4.5));
#11669=CARTESIAN_POINT('Ctrl Pts',(47.8458367381245,22.3911169171333,4.));
#11670=CARTESIAN_POINT('',(47.9839442763478,22.2371760010719,4.5));
#11671=CARTESIAN_POINT('Ctrl Pts',(47.9839442763478,22.2371760010719,4.5));
#11672=CARTESIAN_POINT('Ctrl Pts',(47.8836624417454,22.2881969809532,4.5));
#11673=CARTESIAN_POINT('Ctrl Pts',(47.8458367381245,22.3911169171333,4.5));
#11674=CARTESIAN_POINT('',(47.9839442763478,22.2371760010719,4.));
#11675=CARTESIAN_POINT('',(47.9839442763478,22.2371760010719,4.5));
#11676=CARTESIAN_POINT('Ctrl Pts',(47.9839442763478,22.2371760010719,4.));
#11677=CARTESIAN_POINT('Ctrl Pts',(47.8836624417454,22.2881969809532,4.));
#11678=CARTESIAN_POINT('Ctrl Pts',(47.8458367381245,22.3911169171333,4.));
#11679=CARTESIAN_POINT('Ctrl Pts',(48.2496021781117,22.1861556172371,4.5));
#11680=CARTESIAN_POINT('Ctrl Pts',(48.2496021781117,22.1861556172371,4.));
#11681=CARTESIAN_POINT('Ctrl Pts',(48.0842255149037,22.1861556172371,4.5));
#11682=CARTESIAN_POINT('Ctrl Pts',(48.0842255149037,22.1861556172371,4.));
#11683=CARTESIAN_POINT('Ctrl Pts',(47.9839442763478,22.2371760010719,4.5));
#11684=CARTESIAN_POINT('Ctrl Pts',(47.9839442763478,22.2371760010719,4.));
#11685=CARTESIAN_POINT('',(48.2496021781117,22.1861556172371,4.5));
#11686=CARTESIAN_POINT('Ctrl Pts',(48.2496021781117,22.1861556172371,4.5));
#11687=CARTESIAN_POINT('Ctrl Pts',(48.0842255149037,22.1861556172371,4.5));
#11688=CARTESIAN_POINT('Ctrl Pts',(47.9839442763478,22.2371760010719,4.5));
#11689=CARTESIAN_POINT('',(48.2496021781117,22.1861556172371,4.));
#11690=CARTESIAN_POINT('',(48.2496021781117,22.1861556172371,4.5));
#11691=CARTESIAN_POINT('Ctrl Pts',(48.2496021781117,22.1861556172371,4.));
#11692=CARTESIAN_POINT('Ctrl Pts',(48.0842255149037,22.1861556172371,4.));
#11693=CARTESIAN_POINT('Ctrl Pts',(47.9839442763478,22.2371760010719,4.));
#11694=CARTESIAN_POINT('Origin',(48.3973853383213,22.1861556172371,4.5));
#11695=CARTESIAN_POINT('',(48.3973853383213,22.1861556172371,4.5));
#11696=CARTESIAN_POINT('',(48.7655230810324,22.1861556172371,4.5));
#11697=CARTESIAN_POINT('',(48.3973853383213,22.1861556172371,4.));
#11698=CARTESIAN_POINT('',(48.3973853383213,22.1861556172371,4.5));
#11699=CARTESIAN_POINT('',(48.3973853383213,22.1861556172371,4.));
#11700=CARTESIAN_POINT('Origin',(48.462480166927,22.5503358244896,4.5));
#11701=CARTESIAN_POINT('',(48.462480166927,22.5503358244896,4.5));
#11702=CARTESIAN_POINT('',(46.9730489437185,14.2175483638689,4.5));
#11703=CARTESIAN_POINT('',(48.462480166927,22.5503358244896,4.));
#11704=CARTESIAN_POINT('',(48.462480166927,22.5503358244896,4.5));
#11705=CARTESIAN_POINT('',(48.462480166927,22.5503358244896,4.));
#11706=CARTESIAN_POINT('Origin',(48.3815513644367,22.5503358244896,4.5));
#11707=CARTESIAN_POINT('',(48.3815513644367,22.5503358244896,4.5));
#11708=CARTESIAN_POINT('',(48.7576060940901,22.5503358244896,4.5));
#11709=CARTESIAN_POINT('',(48.3815513644367,22.5503358244896,4.));
#11710=CARTESIAN_POINT('',(48.3815513644367,22.5503358244896,4.5));
#11711=CARTESIAN_POINT('',(48.3815513644367,22.5503358244896,4.));
#11712=CARTESIAN_POINT('Ctrl Pts',(48.2249711547047,22.6057550311089,4.5));
#11713=CARTESIAN_POINT('Ctrl Pts',(48.2249711547047,22.6057550311089,4.));
#11714=CARTESIAN_POINT('Ctrl Pts',(48.2619170937687,22.5503358244896,4.5));
#11715=CARTESIAN_POINT('Ctrl Pts',(48.2619170937687,22.5503358244896,4.));
#11716=CARTESIAN_POINT('Ctrl Pts',(48.3815513644367,22.5503358244896,4.5));
#11717=CARTESIAN_POINT('Ctrl Pts',(48.3815513644367,22.5503358244896,4.));
#11718=CARTESIAN_POINT('',(48.2249711547047,22.6057550311089,4.5));
#11719=CARTESIAN_POINT('Ctrl Pts',(48.2249711547047,22.6057550311089,4.5));
#11720=CARTESIAN_POINT('Ctrl Pts',(48.2619170937687,22.5503358244896,4.5));
#11721=CARTESIAN_POINT('Ctrl Pts',(48.3815513644367,22.5503358244896,4.5));
#11722=CARTESIAN_POINT('',(48.2249711547047,22.6057550311089,4.));
#11723=CARTESIAN_POINT('',(48.2249711547047,22.6057550311089,4.5));
#11724=CARTESIAN_POINT('Ctrl Pts',(48.2249711547047,22.6057550311089,4.));
#11725=CARTESIAN_POINT('Ctrl Pts',(48.2619170937687,22.5503358244896,4.));
#11726=CARTESIAN_POINT('Ctrl Pts',(48.3815513644367,22.5503358244896,4.));
#11727=CARTESIAN_POINT('Ctrl Pts',(48.2126562390476,22.8019192814827,4.5));
#11728=CARTESIAN_POINT('Ctrl Pts',(48.2126562390476,22.8019192814827,4.));
#11729=CARTESIAN_POINT('Ctrl Pts',(48.1880258116871,22.6611736416817,4.5));
#11730=CARTESIAN_POINT('Ctrl Pts',(48.1880258116871,22.6611736416817,4.));
#11731=CARTESIAN_POINT('Ctrl Pts',(48.2249711547047,22.6057550311089,4.5));
#11732=CARTESIAN_POINT('Ctrl Pts',(48.2249711547047,22.6057550311089,4.));
#11733=CARTESIAN_POINT('',(48.2126562390476,22.8019192814827,4.5));
#11734=CARTESIAN_POINT('Ctrl Pts',(48.2126562390476,22.8019192814827,4.5));
#11735=CARTESIAN_POINT('Ctrl Pts',(48.1880258116871,22.6611736416817,4.5));
#11736=CARTESIAN_POINT('Ctrl Pts',(48.2249711547047,22.6057550311089,4.5));
#11737=CARTESIAN_POINT('',(48.2126562390476,22.8019192814827,4.));
#11738=CARTESIAN_POINT('',(48.2126562390476,22.8019192814827,4.5));
#11739=CARTESIAN_POINT('Ctrl Pts',(48.2126562390476,22.8019192814827,4.));
#11740=CARTESIAN_POINT('Ctrl Pts',(48.1880258116871,22.6611736416817,4.));
#11741=CARTESIAN_POINT('Ctrl Pts',(48.2249711547047,22.6057550311089,4.));
#11742=CARTESIAN_POINT('Origin',(48.4360902104527,24.0686330199242,4.5));
#11743=CARTESIAN_POINT('',(48.4360902104527,24.0686330199242,4.5));
#11744=CARTESIAN_POINT('',(46.835486954749,14.9943363897189,4.5));
#11745=CARTESIAN_POINT('',(48.4360902104527,24.0686330199242,4.));
#11746=CARTESIAN_POINT('',(48.4360902104527,24.0686330199242,4.5));
#11747=CARTESIAN_POINT('',(48.4360902104527,24.0686330199242,4.));
#11748=CARTESIAN_POINT('Origin',(47.9945002589375,24.0686330199242,4.5));
#11749=CARTESIAN_POINT('',(47.9945002589375,24.0686330199242,4.5));
#11750=CARTESIAN_POINT('',(48.5640805413404,24.0686330199242,4.5));
#11751=CARTESIAN_POINT('',(47.9945002589375,24.0686330199242,4.));
#11752=CARTESIAN_POINT('',(47.9945002589375,24.0686330199242,4.5));
#11753=CARTESIAN_POINT('',(47.9945002589375,24.0686330199242,4.));
#11754=CARTESIAN_POINT('Origin',(47.8713130360528,23.3761543010365,4.5));
#11755=CARTESIAN_POINT('',(46.3263488394062,14.69136701086,4.5));
#11756=CARTESIAN_POINT('',(47.8132896218449,23.0499842762947,4.));
#11757=CARTESIAN_POINT('Origin',(47.8467165026814,22.617190182209,4.5));
#11758=CARTESIAN_POINT('',(47.5659827818193,13.9547165782315,4.5));
#11759=CARTESIAN_POINT('',(47.8713475260884,23.3772185444832,4.));
#11760=CARTESIAN_POINT('Origin',(48.1374750396481,23.1273943185806,4.));
#11761=CARTESIAN_POINT('Ctrl Pts',(53.7694822344929,23.614726960659,4.5));
#11762=CARTESIAN_POINT('Ctrl Pts',(53.7694822344929,23.614726960659,4.));
#11763=CARTESIAN_POINT('Ctrl Pts',(53.6225794348866,23.519723713398,4.5));
#11764=CARTESIAN_POINT('Ctrl Pts',(53.6225794348866,23.519723713398,4.));
#11765=CARTESIAN_POINT('Ctrl Pts',(53.5416494403034,23.3490690588951,4.5));
#11766=CARTESIAN_POINT('Ctrl Pts',(53.5416494403034,23.3490690588951,4.));
#11767=CARTESIAN_POINT('',(53.7694822344929,23.614726960659,4.5));
#11768=CARTESIAN_POINT('',(53.5416494403034,23.3490690588951,4.5));
#11769=CARTESIAN_POINT('Ctrl Pts',(53.7694822344929,23.614726960659,4.5));
#11770=CARTESIAN_POINT('Ctrl Pts',(53.6225794348866,23.519723713398,4.5));
#11771=CARTESIAN_POINT('Ctrl Pts',(53.5416494403034,23.3490690588951,4.5));
#11772=CARTESIAN_POINT('',(53.7694822344929,23.614726960659,4.));
#11773=CARTESIAN_POINT('',(53.7694822344929,23.614726960659,4.5));
#11774=CARTESIAN_POINT('',(53.5416494403034,23.3490690588951,4.));
#11775=CARTESIAN_POINT('Ctrl Pts',(53.7694822344929,23.614726960659,4.));
#11776=CARTESIAN_POINT('Ctrl Pts',(53.6225794348866,23.519723713398,4.));
#11777=CARTESIAN_POINT('Ctrl Pts',(53.5416494403034,23.3490690588951,4.));
#11778=CARTESIAN_POINT('',(53.5416494403034,23.3490690588951,4.5));
#11779=CARTESIAN_POINT('Ctrl Pts',(54.108152249828,23.7079712748528,4.5));
#11780=CARTESIAN_POINT('Ctrl Pts',(54.108152249828,23.7079712748528,4.));
#11781=CARTESIAN_POINT('Ctrl Pts',(53.9163862261921,23.7097308039665,4.5));
#11782=CARTESIAN_POINT('Ctrl Pts',(53.9163862261921,23.7097308039665,4.));
#11783=CARTESIAN_POINT('Ctrl Pts',(53.7694822344929,23.614726960659,4.5));
#11784=CARTESIAN_POINT('Ctrl Pts',(53.7694822344929,23.614726960659,4.));
#11785=CARTESIAN_POINT('',(54.108152249828,23.7079712748528,4.5));
#11786=CARTESIAN_POINT('Ctrl Pts',(54.108152249828,23.7079712748528,4.5));
#11787=CARTESIAN_POINT('Ctrl Pts',(53.9163862261921,23.7097308039665,4.5));
#11788=CARTESIAN_POINT('Ctrl Pts',(53.7694822344929,23.614726960659,4.5));
#11789=CARTESIAN_POINT('',(54.108152249828,23.7079712748528,4.));
#11790=CARTESIAN_POINT('',(54.108152249828,23.7079712748528,4.5));
#11791=CARTESIAN_POINT('Ctrl Pts',(54.108152249828,23.7079712748528,4.));
#11792=CARTESIAN_POINT('Ctrl Pts',(53.9163862261921,23.7097308039665,4.));
#11793=CARTESIAN_POINT('Ctrl Pts',(53.7694822344929,23.614726960659,4.));
#11794=CARTESIAN_POINT('Ctrl Pts',(54.2761682067066,23.6666271090508,4.5));
#11795=CARTESIAN_POINT('Ctrl Pts',(54.2761682067066,23.6666271090508,4.));
#11796=CARTESIAN_POINT('Ctrl Pts',(54.2172311339527,23.7097308039665,4.5));
#11797=CARTESIAN_POINT('Ctrl Pts',(54.2172311339527,23.7097308039665,4.));
#11798=CARTESIAN_POINT('Ctrl Pts',(54.108152249828,23.7079712748528,4.5));
#11799=CARTESIAN_POINT('Ctrl Pts',(54.108152249828,23.7079712748528,4.));
#11800=CARTESIAN_POINT('',(54.2761682067066,23.6666271090508,4.5));
#11801=CARTESIAN_POINT('Ctrl Pts',(54.2761682067066,23.6666271090508,4.5));
#11802=CARTESIAN_POINT('Ctrl Pts',(54.2172311339527,23.7097308039665,4.5));
#11803=CARTESIAN_POINT('Ctrl Pts',(54.108152249828,23.7079712748528,4.5));
#11804=CARTESIAN_POINT('',(54.2761682067066,23.6666271090508,4.));
#11805=CARTESIAN_POINT('',(54.2761682067066,23.6666271090508,4.5));
#11806=CARTESIAN_POINT('Ctrl Pts',(54.2761682067066,23.6666271090508,4.));
#11807=CARTESIAN_POINT('Ctrl Pts',(54.2172311339527,23.7097308039665,4.));
#11808=CARTESIAN_POINT('Ctrl Pts',(54.108152249828,23.7079712748528,4.));
#11809=CARTESIAN_POINT('Ctrl Pts',(54.3333457503468,23.5478731989861,4.5));
#11810=CARTESIAN_POINT('Ctrl Pts',(54.3333457503468,23.5478731989861,4.));
#11811=CARTESIAN_POINT('Ctrl Pts',(54.3351052794605,23.6235240101814,4.5));
#11812=CARTESIAN_POINT('Ctrl Pts',(54.3351052794605,23.6235240101814,4.));
#11813=CARTESIAN_POINT('Ctrl Pts',(54.2761682067066,23.6666271090508,4.5));
#11814=CARTESIAN_POINT('Ctrl Pts',(54.2761682067066,23.6666271090508,4.));
#11815=CARTESIAN_POINT('',(54.3333457503468,23.5478731989861,4.5));
#11816=CARTESIAN_POINT('Ctrl Pts',(54.3333457503468,23.5478731989861,4.5));
#11817=CARTESIAN_POINT('Ctrl Pts',(54.3351052794605,23.6235240101814,4.5));
#11818=CARTESIAN_POINT('Ctrl Pts',(54.2761682067066,23.6666271090508,4.5));
#11819=CARTESIAN_POINT('',(54.3333457503468,23.5478731989861,4.));
#11820=CARTESIAN_POINT('',(54.3333457503468,23.5478731989861,4.5));
#11821=CARTESIAN_POINT('Ctrl Pts',(54.3333457503468,23.5478731989861,4.));
#11822=CARTESIAN_POINT('Ctrl Pts',(54.3351052794605,23.6235240101814,4.));
#11823=CARTESIAN_POINT('Ctrl Pts',(54.2761682067066,23.6666271090508,4.));
#11824=CARTESIAN_POINT('Ctrl Pts',(54.0756045375019,23.2901319861412,4.5));
#11825=CARTESIAN_POINT('Ctrl Pts',(54.0756045375019,23.2901319861412,4.));
#11826=CARTESIAN_POINT('Ctrl Pts',(54.3333457503468,23.3842560648918,4.5));
#11827=CARTESIAN_POINT('Ctrl Pts',(54.3333457503468,23.3842560648918,4.));
#11828=CARTESIAN_POINT('Ctrl Pts',(54.3333457503468,23.5478731989861,4.5));
#11829=CARTESIAN_POINT('Ctrl Pts',(54.3333457503468,23.5478731989861,4.));
#11830=CARTESIAN_POINT('',(54.0756045375019,23.2901319861412,4.5));
#11831=CARTESIAN_POINT('Ctrl Pts',(54.0756045375019,23.2901319861412,4.5));
#11832=CARTESIAN_POINT('Ctrl Pts',(54.3333457503468,23.3842560648918,4.5));
#11833=CARTESIAN_POINT('Ctrl Pts',(54.3333457503468,23.5478731989861,4.5));
#11834=CARTESIAN_POINT('',(54.0756045375019,23.2901319861412,4.));
#11835=CARTESIAN_POINT('',(54.0756045375019,23.2901319861412,4.5));
#11836=CARTESIAN_POINT('Ctrl Pts',(54.0756045375019,23.2901319861412,4.));
#11837=CARTESIAN_POINT('Ctrl Pts',(54.3333457503468,23.3842560648918,4.));
#11838=CARTESIAN_POINT('Ctrl Pts',(54.3333457503468,23.5478731989861,4.));
#11839=CARTESIAN_POINT('Ctrl Pts',(53.487252061149,23.1942221059801,4.5));
#11840=CARTESIAN_POINT('Ctrl Pts',(53.487252061149,23.1942221059801,4.));
#11841=CARTESIAN_POINT('Ctrl Pts',(53.8558957477325,23.2098969038189,4.5));
#11842=CARTESIAN_POINT('Ctrl Pts',(53.8558957477325,23.2098969038189,4.));
#11843=CARTESIAN_POINT('Ctrl Pts',(54.0756045375019,23.2901319861412,4.5));
#11844=CARTESIAN_POINT('Ctrl Pts',(54.0756045375019,23.2901319861412,4.));
#11845=CARTESIAN_POINT('',(53.4872520611489,23.1942221059801,4.5));
#11846=CARTESIAN_POINT('Ctrl Pts',(53.4872520611489,23.1942221059801,4.5));
#11847=CARTESIAN_POINT('Ctrl Pts',(53.8558957477325,23.2098969038189,4.5));
#11848=CARTESIAN_POINT('Ctrl Pts',(54.0756045375019,23.2901319861412,4.5));
#11849=CARTESIAN_POINT('',(53.4872520611489,23.1942221059801,4.));
#11850=CARTESIAN_POINT('',(53.4872520611489,23.1942221059801,4.5));
#11851=CARTESIAN_POINT('Ctrl Pts',(53.4872520611489,23.1942221059801,4.));
#11852=CARTESIAN_POINT('Ctrl Pts',(53.8558957477325,23.2098969038189,4.));
#11853=CARTESIAN_POINT('Ctrl Pts',(54.0756045375019,23.2901319861412,4.));
#11854=CARTESIAN_POINT('Ctrl Pts',(53.4589623007923,22.9514619708061,4.5));
#11855=CARTESIAN_POINT('Ctrl Pts',(53.4589623007923,22.9514619708061,4.));
#11856=CARTESIAN_POINT('Ctrl Pts',(53.4599750527154,23.0821804363138,4.5));
#11857=CARTESIAN_POINT('Ctrl Pts',(53.4599750527154,23.0821804363138,4.));
#11858=CARTESIAN_POINT('Ctrl Pts',(53.4872520611489,23.1942221059801,4.5));
#11859=CARTESIAN_POINT('Ctrl Pts',(53.4872520611489,23.1942221059801,4.));
#11860=CARTESIAN_POINT('',(53.4589623007923,22.9514619708061,4.5));
#11861=CARTESIAN_POINT('Ctrl Pts',(53.4589623007923,22.9514619708061,4.5));
#11862=CARTESIAN_POINT('Ctrl Pts',(53.4599750527154,23.0821804363138,4.5));
#11863=CARTESIAN_POINT('Ctrl Pts',(53.4872520611489,23.1942221059801,4.5));
#11864=CARTESIAN_POINT('',(53.4589623007923,22.9514619708061,4.));
#11865=CARTESIAN_POINT('',(53.4589623007923,22.9514619708061,4.5));
#11866=CARTESIAN_POINT('Ctrl Pts',(53.4589623007923,22.9514619708061,4.));
#11867=CARTESIAN_POINT('Ctrl Pts',(53.4599750527154,23.0821804363138,4.));
#11868=CARTESIAN_POINT('Ctrl Pts',(53.4872520611489,23.1942221059801,4.));
#11869=CARTESIAN_POINT('',(53.4872520611489,23.1942221059801,4.5));
#11870=CARTESIAN_POINT('Ctrl Pts',(53.4641491542347,22.8786563618725,4.5));
#11871=CARTESIAN_POINT('Ctrl Pts',(53.4641491542347,22.8786563618725,4.));
#11872=CARTESIAN_POINT('Ctrl Pts',(53.4589623007923,22.9132437568204,4.5));
#11873=CARTESIAN_POINT('Ctrl Pts',(53.4589623007923,22.9132437568204,4.));
#11874=CARTESIAN_POINT('Ctrl Pts',(53.4589623007923,22.9514619708061,4.5));
#11875=CARTESIAN_POINT('Ctrl Pts',(53.4589623007923,22.9514619708061,4.));
#11876=CARTESIAN_POINT('',(53.4641491542347,22.8786563618725,4.5));
#11877=CARTESIAN_POINT('Ctrl Pts',(53.4641491542347,22.8786563618725,4.5));
#11878=CARTESIAN_POINT('Ctrl Pts',(53.4589623007923,22.9132437568205,4.5));
#11879=CARTESIAN_POINT('Ctrl Pts',(53.4589623007923,22.9514619708061,4.5));
#11880=CARTESIAN_POINT('',(53.4641491542347,22.8786563618725,4.));
#11881=CARTESIAN_POINT('',(53.4641491542347,22.8786563618725,4.5));
#11882=CARTESIAN_POINT('Ctrl Pts',(53.4641491542347,22.8786563618725,4.));
#11883=CARTESIAN_POINT('Ctrl Pts',(53.4589623007923,22.9132437568205,4.));
#11884=CARTESIAN_POINT('Ctrl Pts',(53.4589623007923,22.9514619708061,4.));
#11885=CARTESIAN_POINT('Ctrl Pts',(54.4160340819508,23.0631789565086,4.5));
#11886=CARTESIAN_POINT('Ctrl Pts',(54.4160340819508,23.0631789565086,4.));
#11887=CARTESIAN_POINT('Ctrl Pts',(54.0797132314705,22.8950185312685,4.5));
#11888=CARTESIAN_POINT('Ctrl Pts',(54.0797132314705,22.8950185312685,4.));
#11889=CARTESIAN_POINT('Ctrl Pts',(53.4641491542347,22.8786563618725,4.5));
#11890=CARTESIAN_POINT('Ctrl Pts',(53.4641491542347,22.8786563618725,4.));
#11891=CARTESIAN_POINT('',(54.4160340819508,23.0631789565086,4.5));
#11892=CARTESIAN_POINT('Ctrl Pts',(54.4160340819508,23.0631789565086,4.5));
#11893=CARTESIAN_POINT('Ctrl Pts',(54.0797132314705,22.8950185312685,4.5));
#11894=CARTESIAN_POINT('Ctrl Pts',(53.4641491542347,22.8786563618725,4.5));
#11895=CARTESIAN_POINT('',(54.4160340819508,23.0631789565086,4.));
#11896=CARTESIAN_POINT('',(54.4160340819508,23.0631789565086,4.5));
#11897=CARTESIAN_POINT('Ctrl Pts',(54.4160340819508,23.0631789565086,4.));
#11898=CARTESIAN_POINT('Ctrl Pts',(54.0797132314705,22.8950185312685,4.));
#11899=CARTESIAN_POINT('Ctrl Pts',(53.4641491542347,22.8786563618725,4.));
#11900=CARTESIAN_POINT('',(53.4641491542347,22.8786563618725,4.5));
#11901=CARTESIAN_POINT('Ctrl Pts',(54.7661398444325,23.5795405507088,4.5));
#11902=CARTESIAN_POINT('Ctrl Pts',(54.7661398444325,23.5795405507088,4.));
#11903=CARTESIAN_POINT('Ctrl Pts',(54.7661398444325,23.2382318377495,4.5));
#11904=CARTESIAN_POINT('Ctrl Pts',(54.7661398444325,23.2382318377495,4.));
#11905=CARTESIAN_POINT('Ctrl Pts',(54.4160340819508,23.0631789565086,4.5));
#11906=CARTESIAN_POINT('Ctrl Pts',(54.4160340819508,23.0631789565086,4.));
#11907=CARTESIAN_POINT('',(54.7661398444325,23.5795405507088,4.5));
#11908=CARTESIAN_POINT('Ctrl Pts',(54.7661398444325,23.5795405507088,4.5));
#11909=CARTESIAN_POINT('Ctrl Pts',(54.7661398444325,23.2382318377495,4.5));
#11910=CARTESIAN_POINT('Ctrl Pts',(54.4160340819508,23.0631789565086,4.5));
#11911=CARTESIAN_POINT('',(54.7661398444325,23.5795405507088,4.));
#11912=CARTESIAN_POINT('',(54.7661398444325,23.5795405507088,4.5));
#11913=CARTESIAN_POINT('Ctrl Pts',(54.7661398444325,23.5795405507088,4.));
#11914=CARTESIAN_POINT('Ctrl Pts',(54.7661398444325,23.2382318377495,4.));
#11915=CARTESIAN_POINT('Ctrl Pts',(54.4160340819508,23.0631789565086,4.));
#11916=CARTESIAN_POINT('Ctrl Pts',(54.6104393992573,23.9657124876976,4.5));
#11917=CARTESIAN_POINT('Ctrl Pts',(54.6104393992573,23.9657124876976,4.));
#11918=CARTESIAN_POINT('Ctrl Pts',(54.7661398444325,23.8276055455208,4.5));
#11919=CARTESIAN_POINT('Ctrl Pts',(54.7661398444325,23.8276055455208,4.));
#11920=CARTESIAN_POINT('Ctrl Pts',(54.7661398444325,23.5795405507088,4.5));
#11921=CARTESIAN_POINT('Ctrl Pts',(54.7661398444325,23.5795405507088,4.));
#11922=CARTESIAN_POINT('',(54.6104393992573,23.9657124876976,4.5));
#11923=CARTESIAN_POINT('Ctrl Pts',(54.6104393992573,23.9657124876976,4.5));
#11924=CARTESIAN_POINT('Ctrl Pts',(54.7661398444325,23.8276055455208,4.5));
#11925=CARTESIAN_POINT('Ctrl Pts',(54.7661398444325,23.5795405507088,4.5));
#11926=CARTESIAN_POINT('',(54.6104393992573,23.9657124876976,4.));
#11927=CARTESIAN_POINT('',(54.6104393992573,23.9657124876976,4.5));
#11928=CARTESIAN_POINT('Ctrl Pts',(54.6104393992573,23.9657124876976,4.));
#11929=CARTESIAN_POINT('Ctrl Pts',(54.7661398444325,23.8276055455208,4.));
#11930=CARTESIAN_POINT('Ctrl Pts',(54.7661398444325,23.5795405507088,4.));
#11931=CARTESIAN_POINT('Ctrl Pts',(54.1785250697285,24.1038194298744,4.5));
#11932=CARTESIAN_POINT('Ctrl Pts',(54.1785250697285,24.1038194298744,4.));
#11933=CARTESIAN_POINT('Ctrl Pts',(54.4547389540821,24.1038194298744,4.5));
#11934=CARTESIAN_POINT('Ctrl Pts',(54.4547389540821,24.1038194298744,4.));
#11935=CARTESIAN_POINT('Ctrl Pts',(54.6104393992573,23.9657124876976,4.5));
#11936=CARTESIAN_POINT('Ctrl Pts',(54.6104393992573,23.9657124876976,4.));
#11937=CARTESIAN_POINT('',(54.1785250697285,24.1038194298744,4.5));
#11938=CARTESIAN_POINT('Ctrl Pts',(54.1785250697285,24.1038194298744,4.5));
#11939=CARTESIAN_POINT('Ctrl Pts',(54.4547389540821,24.1038194298744,4.5));
#11940=CARTESIAN_POINT('Ctrl Pts',(54.6104393992573,23.9657124876976,4.5));
#11941=CARTESIAN_POINT('',(54.1785250697285,24.1038194298744,4.));
#11942=CARTESIAN_POINT('',(54.1785250697285,24.1038194298744,4.5));
#11943=CARTESIAN_POINT('Ctrl Pts',(54.1785250697285,24.1038194298744,4.));
#11944=CARTESIAN_POINT('Ctrl Pts',(54.4547389540821,24.1038194298744,4.));
#11945=CARTESIAN_POINT('Ctrl Pts',(54.6104393992573,23.9657124876976,4.));
#11946=CARTESIAN_POINT('Ctrl Pts',(53.5891519580036,23.954276740551,4.5));
#11947=CARTESIAN_POINT('Ctrl Pts',(53.5891519580036,23.954276740551,4.));
#11948=CARTESIAN_POINT('Ctrl Pts',(53.8424943480641,24.1038194298744,4.5));
#11949=CARTESIAN_POINT('Ctrl Pts',(53.8424943480641,24.1038194298744,4.));
#11950=CARTESIAN_POINT('Ctrl Pts',(54.1785250697285,24.1038194298744,4.5));
#11951=CARTESIAN_POINT('Ctrl Pts',(54.1785250697285,24.1038194298744,4.));
#11952=CARTESIAN_POINT('',(53.5891519580036,23.954276740551,4.5));
#11953=CARTESIAN_POINT('Ctrl Pts',(53.5891519580036,23.954276740551,4.5));
#11954=CARTESIAN_POINT('Ctrl Pts',(53.8424943480641,24.1038194298744,4.5));
#11955=CARTESIAN_POINT('Ctrl Pts',(54.1785250697285,24.1038194298744,4.5));
#11956=CARTESIAN_POINT('',(53.5891519580036,23.954276740551,4.));
#11957=CARTESIAN_POINT('',(53.5891519580036,23.954276740551,4.5));
#11958=CARTESIAN_POINT('Ctrl Pts',(53.5891519580036,23.954276740551,4.));
#11959=CARTESIAN_POINT('Ctrl Pts',(53.8424943480641,24.1038194298744,4.));
#11960=CARTESIAN_POINT('Ctrl Pts',(54.1785250697285,24.1038194298744,4.));
#11961=CARTESIAN_POINT('Ctrl Pts',(53.1950627360493,23.5364374518394,4.5));
#11962=CARTESIAN_POINT('Ctrl Pts',(53.1950627360493,23.5364374518394,4.));
#11963=CARTESIAN_POINT('Ctrl Pts',(53.3358095679432,23.8047340512276,4.5));
#11964=CARTESIAN_POINT('Ctrl Pts',(53.3358095679432,23.8047340512276,4.));
#11965=CARTESIAN_POINT('Ctrl Pts',(53.5891519580036,23.954276740551,4.5));
#11966=CARTESIAN_POINT('Ctrl Pts',(53.5891519580036,23.954276740551,4.));
#11967=CARTESIAN_POINT('',(53.1950627360493,23.5364374518394,4.5));
#11968=CARTESIAN_POINT('Ctrl Pts',(53.1950627360493,23.5364374518394,4.5));
#11969=CARTESIAN_POINT('Ctrl Pts',(53.3358095679432,23.8047340512276,4.5));
#11970=CARTESIAN_POINT('Ctrl Pts',(53.5891519580036,23.954276740551,4.5));
#11971=CARTESIAN_POINT('',(53.1950627360493,23.5364374518394,4.));
#11972=CARTESIAN_POINT('',(53.1950627360493,23.5364374518394,4.5));
#11973=CARTESIAN_POINT('Ctrl Pts',(53.1950627360493,23.5364374518394,4.));
#11974=CARTESIAN_POINT('Ctrl Pts',(53.3358095679432,23.8047340512276,4.));
#11975=CARTESIAN_POINT('Ctrl Pts',(53.5891519580036,23.954276740551,4.));
#11976=CARTESIAN_POINT('Ctrl Pts',(53.0543170962483,22.9092380404472,4.5));
#11977=CARTESIAN_POINT('Ctrl Pts',(53.0543170962483,22.9092380404472,4.));
#11978=CARTESIAN_POINT('Ctrl Pts',(53.0543170962483,23.2681402564049,4.5));
#11979=CARTESIAN_POINT('Ctrl Pts',(53.0543170962483,23.2681402564049,4.));
#11980=CARTESIAN_POINT('Ctrl Pts',(53.1950627360493,23.5364374518394,4.5));
#11981=CARTESIAN_POINT('Ctrl Pts',(53.1950627360493,23.5364374518394,4.));
#11982=CARTESIAN_POINT('',(53.0543170962483,22.9092380404472,4.5));
#11983=CARTESIAN_POINT('Ctrl Pts',(53.0543170962483,22.9092380404472,4.5));
#11984=CARTESIAN_POINT('Ctrl Pts',(53.0543170962483,23.2681402564049,4.5));
#11985=CARTESIAN_POINT('Ctrl Pts',(53.1950627360493,23.5364374518394,4.5));
#11986=CARTESIAN_POINT('',(53.0543170962483,22.9092380404472,4.));
#11987=CARTESIAN_POINT('',(53.0543170962483,22.9092380404472,4.5));
#11988=CARTESIAN_POINT('Ctrl Pts',(53.0543170962483,22.9092380404472,4.));
#11989=CARTESIAN_POINT('Ctrl Pts',(53.0543170962483,23.2681402564049,4.));
#11990=CARTESIAN_POINT('Ctrl Pts',(53.1950627360493,23.5364374518394,4.));
#11991=CARTESIAN_POINT('Ctrl Pts',(53.2663153205067,22.3638477921486,4.5));
#11992=CARTESIAN_POINT('Ctrl Pts',(53.2663153205067,22.3638477921486,4.));
#11993=CARTESIAN_POINT('Ctrl Pts',(53.0543170962483,22.559132874012,4.5));
#11994=CARTESIAN_POINT('Ctrl Pts',(53.0543170962483,22.559132874012,4.));
#11995=CARTESIAN_POINT('Ctrl Pts',(53.0543170962483,22.9092380404472,4.5));
#11996=CARTESIAN_POINT('Ctrl Pts',(53.0543170962483,22.9092380404472,4.));
#11997=CARTESIAN_POINT('',(53.2663153205067,22.3638477921486,4.5));
#11998=CARTESIAN_POINT('Ctrl Pts',(53.2663153205067,22.3638477921486,4.5));
#11999=CARTESIAN_POINT('Ctrl Pts',(53.0543170962483,22.559132874012,4.5));
#12000=CARTESIAN_POINT('Ctrl Pts',(53.0543170962483,22.9092380404472,4.5));
#12001=CARTESIAN_POINT('',(53.2663153205067,22.3638477921486,4.));
#12002=CARTESIAN_POINT('',(53.2663153205067,22.3638477921486,4.5));
#12003=CARTESIAN_POINT('Ctrl Pts',(53.2663153205067,22.3638477921486,4.));
#12004=CARTESIAN_POINT('Ctrl Pts',(53.0543170962483,22.559132874012,4.));
#12005=CARTESIAN_POINT('Ctrl Pts',(53.0543170962483,22.9092380404472,4.));
#12006=CARTESIAN_POINT('Ctrl Pts',(53.8548098597676,22.1685627102852,4.5));
#12007=CARTESIAN_POINT('Ctrl Pts',(53.8548098597676,22.1685627102852,4.));
#12008=CARTESIAN_POINT('Ctrl Pts',(53.478314736858,22.1685627102852,4.5));
#12009=CARTESIAN_POINT('Ctrl Pts',(53.478314736858,22.1685627102852,4.));
#12010=CARTESIAN_POINT('Ctrl Pts',(53.2663153205067,22.3638477921486,4.5));
#12011=CARTESIAN_POINT('Ctrl Pts',(53.2663153205067,22.3638477921486,4.));
#12012=CARTESIAN_POINT('',(53.8548098597676,22.1685627102852,4.5));
#12013=CARTESIAN_POINT('Ctrl Pts',(53.8548098597676,22.1685627102852,4.5));
#12014=CARTESIAN_POINT('Ctrl Pts',(53.478314736858,22.1685627102852,4.5));
#12015=CARTESIAN_POINT('Ctrl Pts',(53.2663153205067,22.3638477921486,4.5));
#12016=CARTESIAN_POINT('',(53.8548098597676,22.1685627102852,4.));
#12017=CARTESIAN_POINT('',(53.8548098597676,22.1685627102852,4.5));
#12018=CARTESIAN_POINT('Ctrl Pts',(53.8548098597676,22.1685627102852,4.));
#12019=CARTESIAN_POINT('Ctrl Pts',(53.478314736858,22.1685627102852,4.));
#12020=CARTESIAN_POINT('Ctrl Pts',(53.2663153205067,22.3638477921486,4.));
#12021=CARTESIAN_POINT('Ctrl Pts',(54.2225085292011,22.215184867382,4.5));
#12022=CARTESIAN_POINT('Ctrl Pts',(54.2225085292011,22.215184867382,4.));
#12023=CARTESIAN_POINT('Ctrl Pts',(54.0289829764515,22.1685627102852,4.5));
#12024=CARTESIAN_POINT('Ctrl Pts',(54.0289829764515,22.1685627102852,4.));
#12025=CARTESIAN_POINT('Ctrl Pts',(53.8548098597676,22.1685627102852,4.5));
#12026=CARTESIAN_POINT('Ctrl Pts',(53.8548098597676,22.1685627102852,4.));
#12027=CARTESIAN_POINT('',(54.2225085292011,22.215184867382,4.5));
#12028=CARTESIAN_POINT('Ctrl Pts',(54.2225085292011,22.215184867382,4.5));
#12029=CARTESIAN_POINT('Ctrl Pts',(54.0289829764515,22.1685627102852,4.5));
#12030=CARTESIAN_POINT('Ctrl Pts',(53.8548098597676,22.1685627102852,4.5));
#12031=CARTESIAN_POINT('',(54.2225085292011,22.215184867382,4.));
#12032=CARTESIAN_POINT('',(54.2225085292011,22.215184867382,4.5));
#12033=CARTESIAN_POINT('Ctrl Pts',(54.2225085292011,22.215184867382,4.));
#12034=CARTESIAN_POINT('Ctrl Pts',(54.0289829764515,22.1685627102852,4.));
#12035=CARTESIAN_POINT('Ctrl Pts',(53.8548098597676,22.1685627102852,4.));
#12036=CARTESIAN_POINT('Ctrl Pts',(54.5849298033863,22.3585698008537,4.5));
#12037=CARTESIAN_POINT('Ctrl Pts',(54.5849298033863,22.3585698008537,4.));
#12038=CARTESIAN_POINT('Ctrl Pts',(54.4160340819508,22.2618070244789,4.5));
#12039=CARTESIAN_POINT('Ctrl Pts',(54.4160340819508,22.2618070244789,4.));
#12040=CARTESIAN_POINT('Ctrl Pts',(54.2225085292011,22.215184867382,4.5));
#12041=CARTESIAN_POINT('Ctrl Pts',(54.2225085292011,22.215184867382,4.));
#12042=CARTESIAN_POINT('',(54.5849298033863,22.3585698008537,4.5));
#12043=CARTESIAN_POINT('Ctrl Pts',(54.5849298033863,22.3585698008537,4.5));
#12044=CARTESIAN_POINT('Ctrl Pts',(54.4160340819508,22.2618070244789,4.5));
#12045=CARTESIAN_POINT('Ctrl Pts',(54.2225085292011,22.215184867382,4.5));
#12046=CARTESIAN_POINT('',(54.5849298033863,22.3585698008537,4.));
#12047=CARTESIAN_POINT('',(54.5849298033863,22.3585698008537,4.5));
#12048=CARTESIAN_POINT('Ctrl Pts',(54.5849298033863,22.3585698008537,4.));
#12049=CARTESIAN_POINT('Ctrl Pts',(54.4160340819508,22.2618070244789,4.));
#12050=CARTESIAN_POINT('Ctrl Pts',(54.2225085292011,22.215184867382,4.));
#12051=CARTESIAN_POINT('Origin',(54.4635354075581,22.7297869324684,4.5));
#12052=CARTESIAN_POINT('',(54.4635354075581,22.7297869324684,4.5));
#12053=CARTESIAN_POINT('',(56.7906657058283,15.6135553443168,4.5));
#12054=CARTESIAN_POINT('',(54.4635354075581,22.7297869324684,4.));
#12055=CARTESIAN_POINT('',(54.4635354075581,22.7297869324684,4.5));
#12056=CARTESIAN_POINT('',(54.4635354075581,22.7297869324684,4.));
#12057=CARTESIAN_POINT('Ctrl Pts',(54.1732476744801,22.6136717200279,4.5));
#12058=CARTESIAN_POINT('Ctrl Pts',(54.1732476744801,22.6136717200279,4.));
#12059=CARTESIAN_POINT('Ctrl Pts',(54.3245492968708,22.654136121273,4.5));
#12060=CARTESIAN_POINT('Ctrl Pts',(54.3245492968708,22.654136121273,4.));
#12061=CARTESIAN_POINT('Ctrl Pts',(54.4635354075581,22.7297869324684,4.5));
#12062=CARTESIAN_POINT('Ctrl Pts',(54.4635354075581,22.7297869324684,4.));
#12063=CARTESIAN_POINT('',(54.1732476744801,22.6136717200279,4.5));
#12064=CARTESIAN_POINT('Ctrl Pts',(54.1732476744801,22.6136717200279,4.5));
#12065=CARTESIAN_POINT('Ctrl Pts',(54.3245492968708,22.654136121273,4.5));
#12066=CARTESIAN_POINT('Ctrl Pts',(54.4635354075581,22.7297869324684,4.5));
#12067=CARTESIAN_POINT('',(54.1732476744801,22.6136717200279,4.));
#12068=CARTESIAN_POINT('',(54.1732476744801,22.6136717200279,4.5));
#12069=CARTESIAN_POINT('Ctrl Pts',(54.1732476744801,22.6136717200279,4.));
#12070=CARTESIAN_POINT('Ctrl Pts',(54.3245492968708,22.654136121273,4.));
#12071=CARTESIAN_POINT('Ctrl Pts',(54.4635354075581,22.7297869324684,4.));
#12072=CARTESIAN_POINT('Ctrl Pts',(53.8917552027851,22.5732073187828,4.5));
#12073=CARTESIAN_POINT('Ctrl Pts',(53.8917552027851,22.5732073187828,4.));
#12074=CARTESIAN_POINT('Ctrl Pts',(54.0219460520893,22.5732073187828,4.5));
#12075=CARTESIAN_POINT('Ctrl Pts',(54.0219460520893,22.5732073187828,4.));
#12076=CARTESIAN_POINT('Ctrl Pts',(54.1732476744801,22.6136717200279,4.5));
#12077=CARTESIAN_POINT('Ctrl Pts',(54.1732476744801,22.6136717200279,4.));
#12078=CARTESIAN_POINT('',(53.8917552027851,22.5732073187828,4.5));
#12079=CARTESIAN_POINT('Ctrl Pts',(53.8917552027851,22.5732073187828,4.5));
#12080=CARTESIAN_POINT('Ctrl Pts',(54.0219460520893,22.5732073187828,4.5));
#12081=CARTESIAN_POINT('Ctrl Pts',(54.1732476744801,22.6136717200279,4.5));
#12082=CARTESIAN_POINT('',(53.8917552027851,22.5732073187828,4.));
#12083=CARTESIAN_POINT('',(53.8917552027851,22.5732073187828,4.5));
#12084=CARTESIAN_POINT('Ctrl Pts',(53.8917552027851,22.5732073187828,4.));
#12085=CARTESIAN_POINT('Ctrl Pts',(54.0219460520893,22.5732073187828,4.));
#12086=CARTESIAN_POINT('Ctrl Pts',(54.1732476744801,22.6136717200279,4.));
#12087=CARTESIAN_POINT('Ctrl Pts',(53.5733173880726,22.6726087927818,4.5));
#12088=CARTESIAN_POINT('Ctrl Pts',(53.5733173880726,22.6726087927818,4.));
#12089=CARTESIAN_POINT('Ctrl Pts',(53.6876736674458,22.5732073187828,4.5));
#12090=CARTESIAN_POINT('Ctrl Pts',(53.6876736674458,22.5732073187828,4.));
#12091=CARTESIAN_POINT('Ctrl Pts',(53.8917552027851,22.5732073187828,4.5));
#12092=CARTESIAN_POINT('Ctrl Pts',(53.8917552027851,22.5732073187828,4.));
#12093=CARTESIAN_POINT('',(53.5733173880726,22.6726087927818,4.5));
#12094=CARTESIAN_POINT('Ctrl Pts',(53.5733173880726,22.6726087927818,4.5));
#12095=CARTESIAN_POINT('Ctrl Pts',(53.6876736674458,22.5732073187828,4.5));
#12096=CARTESIAN_POINT('Ctrl Pts',(53.8917552027851,22.5732073187828,4.5));
#12097=CARTESIAN_POINT('',(53.5733173880726,22.6726087927818,4.));
#12098=CARTESIAN_POINT('',(53.5733173880726,22.6726087927818,4.5));
#12099=CARTESIAN_POINT('Ctrl Pts',(53.5733173880726,22.6726087927818,4.));
#12100=CARTESIAN_POINT('Ctrl Pts',(53.6876736674458,22.5732073187828,4.));
#12101=CARTESIAN_POINT('Ctrl Pts',(53.8917552027851,22.5732073187828,4.));
#12102=CARTESIAN_POINT('Ctrl Pts',(53.4641491542347,22.8786563618725,4.5));
#12103=CARTESIAN_POINT('Ctrl Pts',(53.4641491542347,22.8786563618725,4.));
#12104=CARTESIAN_POINT('Ctrl Pts',(53.4833168296958,22.7508409206274,4.5));
#12105=CARTESIAN_POINT('Ctrl Pts',(53.4833168296958,22.7508409206274,4.));
#12106=CARTESIAN_POINT('Ctrl Pts',(53.5733173880726,22.6726087927818,4.5));
#12107=CARTESIAN_POINT('Ctrl Pts',(53.5733173880726,22.6726087927818,4.));
#12108=CARTESIAN_POINT('Ctrl Pts',(53.4641491542347,22.8786563618725,4.5));
#12109=CARTESIAN_POINT('Ctrl Pts',(53.4833168296958,22.7508409206274,4.5));
#12110=CARTESIAN_POINT('Ctrl Pts',(53.5733173880726,22.6726087927818,4.5));
#12111=CARTESIAN_POINT('Ctrl Pts',(53.4641491542347,22.8786563618725,4.));
#12112=CARTESIAN_POINT('Ctrl Pts',(53.4833168296958,22.7508409206274,4.));
#12113=CARTESIAN_POINT('Ctrl Pts',(53.5733173880726,22.6726087927818,4.));
#12114=CARTESIAN_POINT('Ctrl Pts',(53.4132193122059,22.8775700926781,4.5));
#12115=CARTESIAN_POINT('Ctrl Pts',(53.4132193122059,22.8775700926781,4.));
#12116=CARTESIAN_POINT('Ctrl Pts',(53.4389187927397,22.8779857193449,4.5));
#12117=CARTESIAN_POINT('Ctrl Pts',(53.4389187927397,22.8779857193449,4.));
#12118=CARTESIAN_POINT('Ctrl Pts',(53.4641491542347,22.8786563618725,4.5));
#12119=CARTESIAN_POINT('Ctrl Pts',(53.4641491542347,22.8786563618725,4.));
#12120=CARTESIAN_POINT('',(53.4132193122059,22.8775700926781,4.5));
#12121=CARTESIAN_POINT('Ctrl Pts',(53.4132193122059,22.8775700926781,4.5));
#12122=CARTESIAN_POINT('Ctrl Pts',(53.4389187927397,22.8779857193449,4.5));
#12123=CARTESIAN_POINT('Ctrl Pts',(53.4641491542347,22.8786563618725,4.5));
#12124=CARTESIAN_POINT('',(53.4132193122059,22.8775700926781,4.));
#12125=CARTESIAN_POINT('',(53.4132193122059,22.8775700926781,4.5));
#12126=CARTESIAN_POINT('Ctrl Pts',(53.4132193122059,22.8775700926781,4.));
#12127=CARTESIAN_POINT('Ctrl Pts',(53.4389187927397,22.8779857193449,4.));
#12128=CARTESIAN_POINT('Ctrl Pts',(53.4641491542347,22.8786563618725,4.));
#12129=CARTESIAN_POINT('Origin',(53.3551620040089,23.1907299160957,4.5));
#12130=CARTESIAN_POINT('',(53.3551620040089,23.1907299160957,4.5));
#12131=CARTESIAN_POINT('',(54.8943823141425,14.8882099493323,4.5));
#12132=CARTESIAN_POINT('',(53.3551620040089,23.1907299160957,4.));
#12133=CARTESIAN_POINT('',(53.3551620040089,23.1907299160957,4.5));
#12134=CARTESIAN_POINT('',(53.4132193122059,22.8775700926781,4.));
#12135=CARTESIAN_POINT('Ctrl Pts',(53.4872520611489,23.1942221059801,4.5));
#12136=CARTESIAN_POINT('Ctrl Pts',(53.4872520611489,23.1942221059801,4.));
#12137=CARTESIAN_POINT('Ctrl Pts',(53.4234384437377,23.1915087391473,4.5));
#12138=CARTESIAN_POINT('Ctrl Pts',(53.4234384437377,23.1915087391473,4.));
#12139=CARTESIAN_POINT('Ctrl Pts',(53.3551620040089,23.1907299160957,4.5));
#12140=CARTESIAN_POINT('Ctrl Pts',(53.3551620040089,23.1907299160957,4.));
#12141=CARTESIAN_POINT('Ctrl Pts',(53.4872520611489,23.1942221059801,4.5));
#12142=CARTESIAN_POINT('Ctrl Pts',(53.4234384437377,23.1915087391473,4.5));
#12143=CARTESIAN_POINT('Ctrl Pts',(53.3551620040089,23.1907299160957,4.5));
#12144=CARTESIAN_POINT('Ctrl Pts',(53.4872520611489,23.1942221059801,4.));
#12145=CARTESIAN_POINT('Ctrl Pts',(53.4234384437377,23.1915087391473,4.));
#12146=CARTESIAN_POINT('Ctrl Pts',(53.3551620040089,23.1907299160957,4.));
#12147=CARTESIAN_POINT('Ctrl Pts',(53.5416494403034,23.3490690588951,4.5));
#12148=CARTESIAN_POINT('Ctrl Pts',(53.5416494403034,23.3490690588951,4.));
#12149=CARTESIAN_POINT('Ctrl Pts',(53.5073333175119,23.2767068658974,4.5));
#12150=CARTESIAN_POINT('Ctrl Pts',(53.5073333175119,23.2767068658974,4.));
#12151=CARTESIAN_POINT('Ctrl Pts',(53.4872520611489,23.1942221059801,4.5));
#12152=CARTESIAN_POINT('Ctrl Pts',(53.4872520611489,23.1942221059801,4.));
#12153=CARTESIAN_POINT('Ctrl Pts',(53.5416494403034,23.3490690588951,4.5));
#12154=CARTESIAN_POINT('Ctrl Pts',(53.5073333175119,23.2767068658974,4.5));
#12155=CARTESIAN_POINT('Ctrl Pts',(53.4872520611489,23.1942221059801,4.5));
#12156=CARTESIAN_POINT('Ctrl Pts',(53.5416494403034,23.3490690588951,4.));
#12157=CARTESIAN_POINT('Ctrl Pts',(53.5073333175119,23.2767068658974,4.));
#12158=CARTESIAN_POINT('Ctrl Pts',(53.4872520611489,23.1942221059801,4.));
#12159=CARTESIAN_POINT('Origin',(53.9102284703404,23.1361910700798,4.));
#12160=CARTESIAN_POINT('Origin',(52.4768937771745,18.3008034977226,4.5));
#12161=CARTESIAN_POINT('',(52.4768937771745,18.3008034977226,4.5));
#12162=CARTESIAN_POINT('',(52.575781205669,18.862791955471,4.5));
#12163=CARTESIAN_POINT('',(51.3114586965759,11.6775039183643,4.5));
#12164=CARTESIAN_POINT('',(52.4768937771745,18.3008034977226,4.));
#12165=CARTESIAN_POINT('',(52.4768937771745,18.3008034977226,4.5));
#12166=CARTESIAN_POINT('',(52.575781205669,18.862791955471,4.));
#12167=CARTESIAN_POINT('',(52.575781205669,18.862791955471,4.));
#12168=CARTESIAN_POINT('',(52.575781205669,18.862791955471,4.5));
#12169=CARTESIAN_POINT('Ctrl Pts',(52.5951336417347,18.6613497138023,4.5));
#12170=CARTESIAN_POINT('Ctrl Pts',(52.5951336417347,18.6613497138023,4.));
#12171=CARTESIAN_POINT('Ctrl Pts',(52.5227936448335,18.5255112509709,4.5));
#12172=CARTESIAN_POINT('Ctrl Pts',(52.5227936448335,18.5255112509709,4.));
#12173=CARTESIAN_POINT('Ctrl Pts',(52.4768937771746,18.3008034977227,4.5));
#12174=CARTESIAN_POINT('Ctrl Pts',(52.4768937771746,18.3008034977227,4.));
#12175=CARTESIAN_POINT('',(52.5951336417347,18.6613497138023,4.5));
#12176=CARTESIAN_POINT('Ctrl Pts',(52.5951336417347,18.6613497138023,4.5));
#12177=CARTESIAN_POINT('Ctrl Pts',(52.5227936448335,18.5255112509709,4.5));
#12178=CARTESIAN_POINT('Ctrl Pts',(52.4768937771746,18.3008034977227,4.5));
#12179=CARTESIAN_POINT('',(52.5951336417347,18.6613497138023,4.));
#12180=CARTESIAN_POINT('',(52.5951336417347,18.6613497138023,4.5));
#12181=CARTESIAN_POINT('Ctrl Pts',(52.5951336417347,18.6613497138023,4.));
#12182=CARTESIAN_POINT('Ctrl Pts',(52.5227936448335,18.5255112509709,4.));
#12183=CARTESIAN_POINT('Ctrl Pts',(52.4768937771746,18.3008034977227,4.));
#12184=CARTESIAN_POINT('',(52.4768937771745,18.3008034977226,4.5));
#12185=CARTESIAN_POINT('Ctrl Pts',(52.7763448748738,18.8742277026176,4.5));
#12186=CARTESIAN_POINT('Ctrl Pts',(52.7763448748738,18.8742277026176,4.));
#12187=CARTESIAN_POINT('Ctrl Pts',(52.6743041072041,18.8100120425224,4.5));
#12188=CARTESIAN_POINT('Ctrl Pts',(52.6743041072041,18.8100120425224,4.));
#12189=CARTESIAN_POINT('Ctrl Pts',(52.5951336417347,18.6613497138023,4.5));
#12190=CARTESIAN_POINT('Ctrl Pts',(52.5951336417347,18.6613497138023,4.));
#12191=CARTESIAN_POINT('',(52.7763448748738,18.8742277026176,4.5));
#12192=CARTESIAN_POINT('Ctrl Pts',(52.7763448748738,18.8742277026176,4.5));
#12193=CARTESIAN_POINT('Ctrl Pts',(52.6743041072041,18.8100120425224,4.5));
#12194=CARTESIAN_POINT('Ctrl Pts',(52.5951336417347,18.6613497138023,4.5));
#12195=CARTESIAN_POINT('',(52.7763448748738,18.8742277026176,4.));
#12196=CARTESIAN_POINT('',(52.7763448748738,18.8742277026176,4.5));
#12197=CARTESIAN_POINT('Ctrl Pts',(52.7763448748738,18.8742277026176,4.));
#12198=CARTESIAN_POINT('Ctrl Pts',(52.6743041072041,18.8100120425224,4.));
#12199=CARTESIAN_POINT('Ctrl Pts',(52.5951336417347,18.6613497138023,4.));
#12200=CARTESIAN_POINT('Ctrl Pts',(52.9962597880512,18.9384433627129,4.5));
#12201=CARTESIAN_POINT('Ctrl Pts',(52.9962597880512,18.9384433627129,4.));
#12202=CARTESIAN_POINT('Ctrl Pts',(52.8783856425434,18.9384433627129,4.5));
#12203=CARTESIAN_POINT('Ctrl Pts',(52.8783856425434,18.9384433627129,4.));
#12204=CARTESIAN_POINT('Ctrl Pts',(52.7763448748738,18.8742277026176,4.5));
#12205=CARTESIAN_POINT('Ctrl Pts',(52.7763448748738,18.8742277026176,4.));
#12206=CARTESIAN_POINT('',(52.9962597880512,18.9384433627129,4.5));
#12207=CARTESIAN_POINT('Ctrl Pts',(52.9962597880512,18.9384433627129,4.5));
#12208=CARTESIAN_POINT('Ctrl Pts',(52.8783856425434,18.9384433627129,4.5));
#12209=CARTESIAN_POINT('Ctrl Pts',(52.7763448748738,18.8742277026176,4.5));
#12210=CARTESIAN_POINT('',(52.9962597880512,18.9384433627129,4.));
#12211=CARTESIAN_POINT('',(52.9962597880512,18.9384433627129,4.5));
#12212=CARTESIAN_POINT('Ctrl Pts',(52.9962597880512,18.9384433627129,4.));
#12213=CARTESIAN_POINT('Ctrl Pts',(52.8783856425434,18.9384433627129,4.));
#12214=CARTESIAN_POINT('Ctrl Pts',(52.7763448748738,18.8742277026176,4.));
#12215=CARTESIAN_POINT('Ctrl Pts',(53.1765900645405,18.8566347956657,4.5));
#12216=CARTESIAN_POINT('Ctrl Pts',(53.1765900645405,18.8566347956657,4.));
#12217=CARTESIAN_POINT('Ctrl Pts',(53.1229315791279,18.9384433627129,4.5));
#12218=CARTESIAN_POINT('Ctrl Pts',(53.1229315791279,18.9384433627129,4.));
#12219=CARTESIAN_POINT('Ctrl Pts',(52.9962597880512,18.9384433627129,4.5));
#12220=CARTESIAN_POINT('Ctrl Pts',(52.9962597880512,18.9384433627129,4.));
#12221=CARTESIAN_POINT('',(53.1765900645405,18.8566347956657,4.5));
#12222=CARTESIAN_POINT('Ctrl Pts',(53.1765900645405,18.8566347956657,4.5));
#12223=CARTESIAN_POINT('Ctrl Pts',(53.1229315791279,18.9384433627129,4.5));
#12224=CARTESIAN_POINT('Ctrl Pts',(52.9962597880512,18.9384433627129,4.5));
#12225=CARTESIAN_POINT('',(53.1765900645405,18.8566347956657,4.));
#12226=CARTESIAN_POINT('',(53.1765900645405,18.8566347956657,4.5));
#12227=CARTESIAN_POINT('Ctrl Pts',(53.1765900645405,18.8566347956657,4.));
#12228=CARTESIAN_POINT('Ctrl Pts',(53.1229315791279,18.9384433627129,4.));
#12229=CARTESIAN_POINT('Ctrl Pts',(52.9962597880512,18.9384433627129,4.));
#12230=CARTESIAN_POINT('Ctrl Pts',(53.2021008525044,18.6147281527519,4.5));
#12231=CARTESIAN_POINT('Ctrl Pts',(53.2021008525044,18.6147281527519,4.));
#12232=CARTESIAN_POINT('Ctrl Pts',(53.230249742046,18.7748262286186,4.5));
#12233=CARTESIAN_POINT('Ctrl Pts',(53.230249742046,18.7748262286186,4.));
#12234=CARTESIAN_POINT('Ctrl Pts',(53.1765900645405,18.8566347956657,4.5));
#12235=CARTESIAN_POINT('Ctrl Pts',(53.1765900645405,18.8566347956657,4.));
#12236=CARTESIAN_POINT('',(53.2021008525044,18.6147281527519,4.5));
#12237=CARTESIAN_POINT('Ctrl Pts',(53.2021008525044,18.6147281527519,4.5));
#12238=CARTESIAN_POINT('Ctrl Pts',(53.230249742046,18.7748262286186,4.5));
#12239=CARTESIAN_POINT('Ctrl Pts',(53.1765900645405,18.8566347956657,4.5));
#12240=CARTESIAN_POINT('',(53.2021008525044,18.6147281527519,4.));
#12241=CARTESIAN_POINT('',(53.2021008525044,18.6147281527519,4.5));
#12242=CARTESIAN_POINT('Ctrl Pts',(53.2021008525044,18.6147281527519,4.));
#12243=CARTESIAN_POINT('Ctrl Pts',(53.230249742046,18.7748262286186,4.));
#12244=CARTESIAN_POINT('Ctrl Pts',(53.1765900645405,18.8566347956657,4.));
#12245=CARTESIAN_POINT('Origin',(52.9962597880512,17.4430176615715,4.5));
#12246=CARTESIAN_POINT('',(52.9962597880512,17.4430176615715,4.5));
#12247=CARTESIAN_POINT('',(51.8979911025266,11.1913353532669,4.5));
#12248=CARTESIAN_POINT('',(52.9962597880512,17.4430176615715,4.));
#12249=CARTESIAN_POINT('',(52.9962597880512,17.4430176615715,4.5));
#12250=CARTESIAN_POINT('',(52.9962597880512,17.4430176615715,4.));
#12251=CARTESIAN_POINT('Origin',(53.4378503356129,17.4430176615715,4.5));
#12252=CARTESIAN_POINT('',(53.4378503356129,17.4430176615715,4.5));
#12253=CARTESIAN_POINT('',(51.2857555796782,17.4430176615715,4.5));
#12254=CARTESIAN_POINT('',(53.4378503356129,17.4430176615715,4.));
#12255=CARTESIAN_POINT('',(53.4378503356129,17.4430176615715,4.5));
#12256=CARTESIAN_POINT('',(53.4378503356129,17.4430176615715,4.));
#12257=CARTESIAN_POINT('Origin',(53.6454509291798,18.6147281527519,4.5));
#12258=CARTESIAN_POINT('',(53.6454509291798,18.6147281527519,4.5));
#12259=CARTESIAN_POINT('',(52.4273445848989,11.7396611866865,4.5));
#12260=CARTESIAN_POINT('',(53.6454509291798,18.6147281527519,4.));
#12261=CARTESIAN_POINT('',(53.6454509291798,18.6147281527519,4.5));
#12262=CARTESIAN_POINT('',(53.6454509291798,18.6147281527519,4.));
#12263=CARTESIAN_POINT('Ctrl Pts',(53.5917912516743,19.1592380404472,4.5));
#12264=CARTESIAN_POINT('Ctrl Pts',(53.5917912516743,19.1592380404472,4.));
#12265=CARTESIAN_POINT('Ctrl Pts',(53.7087856326252,18.9753887057304,4.5));
#12266=CARTESIAN_POINT('Ctrl Pts',(53.7087856326252,18.9753887057304,4.));
#12267=CARTESIAN_POINT('Ctrl Pts',(53.6454509291798,18.6147281527519,4.5));
#12268=CARTESIAN_POINT('Ctrl Pts',(53.6454509291798,18.6147281527519,4.));
#12269=CARTESIAN_POINT('',(53.5917912516743,19.1592380404472,4.5));
#12270=CARTESIAN_POINT('Ctrl Pts',(53.5917912516743,19.1592380404472,4.5));
#12271=CARTESIAN_POINT('Ctrl Pts',(53.7087856326252,18.9753887057304,4.5));
#12272=CARTESIAN_POINT('Ctrl Pts',(53.6454509291798,18.6147281527519,4.5));
#12273=CARTESIAN_POINT('',(53.5917912516743,19.1592380404472,4.));
#12274=CARTESIAN_POINT('',(53.5917912516743,19.1592380404472,4.5));
#12275=CARTESIAN_POINT('Ctrl Pts',(53.5917912516743,19.1592380404472,4.));
#12276=CARTESIAN_POINT('Ctrl Pts',(53.7087856326252,18.9753887057304,4.));
#12277=CARTESIAN_POINT('Ctrl Pts',(53.6454509291798,18.6147281527519,4.));
#12278=CARTESIAN_POINT('Ctrl Pts',(53.1827484164387,19.343087375164,4.5));
#12279=CARTESIAN_POINT('Ctrl Pts',(53.1827484164387,19.343087375164,4.));
#12280=CARTESIAN_POINT('Ctrl Pts',(53.4747956786305,19.343087375164,4.5));
#12281=CARTESIAN_POINT('Ctrl Pts',(53.4747956786305,19.343087375164,4.));
#12282=CARTESIAN_POINT('Ctrl Pts',(53.5917912516743,19.1592380404472,4.5));
#12283=CARTESIAN_POINT('Ctrl Pts',(53.5917912516743,19.1592380404472,4.));
#12284=CARTESIAN_POINT('',(53.1827484164387,19.343087375164,4.5));
#12285=CARTESIAN_POINT('Ctrl Pts',(53.1827484164387,19.343087375164,4.5));
#12286=CARTESIAN_POINT('Ctrl Pts',(53.4747956786305,19.343087375164,4.5));
#12287=CARTESIAN_POINT('Ctrl Pts',(53.5917912516743,19.1592380404472,4.5));
#12288=CARTESIAN_POINT('',(53.1827484164387,19.343087375164,4.));
#12289=CARTESIAN_POINT('',(53.1827484164387,19.343087375164,4.5));
#12290=CARTESIAN_POINT('Ctrl Pts',(53.1827484164387,19.343087375164,4.));
#12291=CARTESIAN_POINT('Ctrl Pts',(53.4747956786305,19.343087375164,4.));
#12292=CARTESIAN_POINT('Ctrl Pts',(53.5917912516743,19.1592380404472,4.));
#12293=CARTESIAN_POINT('Ctrl Pts',(52.8256045375019,19.2366489768028,4.5));
#12294=CARTESIAN_POINT('Ctrl Pts',(52.8256045375019,19.2366489768028,4.));
#12295=CARTESIAN_POINT('Ctrl Pts',(52.9698692355305,19.343087375164,4.5));
#12296=CARTESIAN_POINT('Ctrl Pts',(52.9698692355305,19.343087375164,4.));
#12297=CARTESIAN_POINT('Ctrl Pts',(53.1827484164387,19.343087375164,4.5));
#12298=CARTESIAN_POINT('Ctrl Pts',(53.1827484164387,19.343087375164,4.));
#12299=CARTESIAN_POINT('',(52.8256045375019,19.2366489768028,4.5));
#12300=CARTESIAN_POINT('Ctrl Pts',(52.8256045375019,19.2366489768028,4.5));
#12301=CARTESIAN_POINT('Ctrl Pts',(52.9698692355305,19.343087375164,4.5));
#12302=CARTESIAN_POINT('Ctrl Pts',(53.1827484164387,19.343087375164,4.5));
#12303=CARTESIAN_POINT('',(52.8256045375019,19.2366489768028,4.));
#12304=CARTESIAN_POINT('',(52.8256045375019,19.2366489768028,4.5));
#12305=CARTESIAN_POINT('Ctrl Pts',(52.8256045375019,19.2366489768028,4.));
#12306=CARTESIAN_POINT('Ctrl Pts',(52.9698692355305,19.343087375164,4.));
#12307=CARTESIAN_POINT('Ctrl Pts',(53.1827484164387,19.343087375164,4.));
#12308=CARTESIAN_POINT('Ctrl Pts',(52.6215230021626,18.9349243044853,4.5));
#12309=CARTESIAN_POINT('Ctrl Pts',(52.6215230021626,18.9349243044853,4.));
#12310=CARTESIAN_POINT('Ctrl Pts',(52.6813398394734,19.1302093863487,4.5));
#12311=CARTESIAN_POINT('Ctrl Pts',(52.6813398394734,19.1302093863487,4.));
#12312=CARTESIAN_POINT('Ctrl Pts',(52.8256045375019,19.2366489768028,4.5));
#12313=CARTESIAN_POINT('Ctrl Pts',(52.8256045375019,19.2366489768028,4.));
#12314=CARTESIAN_POINT('',(52.6215230021626,18.9349243044853,4.5));
#12315=CARTESIAN_POINT('Ctrl Pts',(52.6215230021626,18.9349243044853,4.5));
#12316=CARTESIAN_POINT('Ctrl Pts',(52.6813398394734,19.1302093863487,4.5));
#12317=CARTESIAN_POINT('Ctrl Pts',(52.8256045375019,19.2366489768028,4.5));
#12318=CARTESIAN_POINT('',(52.6215230021626,18.9349243044853,4.));
#12319=CARTESIAN_POINT('',(52.6215230021626,18.9349243044853,4.5));
#12320=CARTESIAN_POINT('Ctrl Pts',(52.6215230021626,18.9349243044853,4.));
#12321=CARTESIAN_POINT('Ctrl Pts',(52.6813398394734,19.1302093863487,4.));
#12322=CARTESIAN_POINT('Ctrl Pts',(52.8256045375019,19.2366489768028,4.));
#12323=CARTESIAN_POINT('Origin',(52.5777769990128,18.9349243044853,4.5));
#12324=CARTESIAN_POINT('',(52.5777769990128,18.9349243044853,4.5));
#12325=CARTESIAN_POINT('',(50.8557189113781,18.9349243044853,4.5));
#12326=CARTESIAN_POINT('',(52.5777769990128,18.9349243044853,4.));
#12327=CARTESIAN_POINT('',(52.5777769990128,18.9349243044853,4.5));
#12328=CARTESIAN_POINT('',(52.5546692404896,18.9349243044853,4.));
#12329=CARTESIAN_POINT('Origin',(52.575781205669,18.862791955471,4.5));
#12330=CARTESIAN_POINT('',(52.3860418766757,12.0051964316904,4.5));
#12331=CARTESIAN_POINT('',(52.5880967173725,19.3079015612602,4.));
#12332=CARTESIAN_POINT('',(52.5777769990128,18.9349243044853,4.5));
#12333=CARTESIAN_POINT('Origin',(53.0928397048999,18.3930525183678,4.));
#12334=CARTESIAN_POINT('Origin',(52.5546692404896,18.9349243044853,4.5));
#12335=CARTESIAN_POINT('',(52.5546692404896,18.9349243044853,4.5));
#12336=CARTESIAN_POINT('',(52.468463042751,18.2575842738152,4.5));
#12337=CARTESIAN_POINT('',(51.6693277609485,11.9786121060973,4.5));
#12338=CARTESIAN_POINT('',(52.5546692404896,18.9349243044853,4.));
#12339=CARTESIAN_POINT('',(52.5546692404896,18.9349243044853,4.5));
#12340=CARTESIAN_POINT('',(52.468463042751,18.2575842738152,4.));
#12341=CARTESIAN_POINT('',(52.468463042751,18.2575842738152,4.));
#12342=CARTESIAN_POINT('',(52.468463042751,18.2575842738152,4.5));
#12343=CARTESIAN_POINT('Origin',(52.5777769990128,18.9349243044853,4.5));
#12344=CARTESIAN_POINT('',(50.8557189113781,18.9349243044853,4.5));
#12345=CARTESIAN_POINT('',(52.5546692404896,18.9349243044853,4.));
#12346=CARTESIAN_POINT('Origin',(52.5880967173725,19.3079015612602,4.5));
#12347=CARTESIAN_POINT('',(52.5880967173725,19.3079015612602,4.5));
#12348=CARTESIAN_POINT('',(52.3921996325275,12.227751234585,4.5));
#12349=CARTESIAN_POINT('',(52.5880967173725,19.3079015612602,4.));
#12350=CARTESIAN_POINT('',(52.5880967173725,19.3079015612602,4.5));
#12351=CARTESIAN_POINT('',(52.5880967173725,19.3079015612602,4.));
#12352=CARTESIAN_POINT('Origin',(52.2133599314839,19.3079015612602,4.5));
#12353=CARTESIAN_POINT('',(52.2133599314839,19.3079015612602,4.5));
#12354=CARTESIAN_POINT('',(50.6735103776136,19.3079015612602,4.5));
#12355=CARTESIAN_POINT('',(52.2133599314839,19.3079015612602,4.));
#12356=CARTESIAN_POINT('',(52.2133599314839,19.3079015612602,4.5));
#12357=CARTESIAN_POINT('',(52.2133599314839,19.3079015612602,4.));
#12358=CARTESIAN_POINT('Origin',(51.8843661341816,17.4430176615715,4.5));
#12359=CARTESIAN_POINT('',(51.8843661341816,17.4430176615715,4.5));
#12360=CARTESIAN_POINT('',(50.7982888349688,11.2866460651225,4.5));
#12361=CARTESIAN_POINT('',(51.8843661341816,17.4430176615715,4.));
#12362=CARTESIAN_POINT('',(51.8843661341816,17.4430176615715,4.5));
#12363=CARTESIAN_POINT('',(51.8843661341816,17.4430176615715,4.));
#12364=CARTESIAN_POINT('Origin',(52.3259578738362,17.4430176615715,4.5));
#12365=CARTESIAN_POINT('',(52.3259578738362,17.4430176615715,4.5));
#12366=CARTESIAN_POINT('',(50.7298093487898,17.4430176615715,4.5));
#12367=CARTESIAN_POINT('',(52.3259578738362,17.4430176615715,4.));
#12368=CARTESIAN_POINT('',(52.3259578738362,17.4430176615715,4.5));
#12369=CARTESIAN_POINT('',(52.3259578738362,17.4430176615715,4.));
#12370=CARTESIAN_POINT('Origin',(52.4768937771745,18.3008034977226,4.5));
#12371=CARTESIAN_POINT('',(51.3114586965759,11.6775039183643,4.5));
#12372=CARTESIAN_POINT('',(52.575781205669,18.862791955471,4.));
#12373=CARTESIAN_POINT('Ctrl Pts',(52.468463042751,18.2575842738152,4.5));
#12374=CARTESIAN_POINT('Ctrl Pts',(52.468463042751,18.2575842738152,4.));
#12375=CARTESIAN_POINT('Ctrl Pts',(52.4725605880697,18.2795899030476,4.5));
#12376=CARTESIAN_POINT('Ctrl Pts',(52.4725605880697,18.2795899030476,4.));
#12377=CARTESIAN_POINT('Ctrl Pts',(52.4768937771745,18.3008034977226,4.5));
#12378=CARTESIAN_POINT('Ctrl Pts',(52.4768937771745,18.3008034977226,4.));
#12379=CARTESIAN_POINT('Ctrl Pts',(52.468463042751,18.2575842738152,4.5));
#12380=CARTESIAN_POINT('Ctrl Pts',(52.4725605880697,18.2795899030476,4.5));
#12381=CARTESIAN_POINT('Ctrl Pts',(52.4768937771745,18.3008034977226,4.5));
#12382=CARTESIAN_POINT('Ctrl Pts',(52.468463042751,18.2575842738152,4.));
#12383=CARTESIAN_POINT('Ctrl Pts',(52.4725605880697,18.2795899030476,4.));
#12384=CARTESIAN_POINT('Ctrl Pts',(52.4768937771745,18.3008034977226,4.));
#12385=CARTESIAN_POINT('Origin',(52.2362314257771,18.3754596114159,4.));
#12386=CARTESIAN_POINT('Origin',(44.6060417685658,19.4961497187614,4.5));
#12387=CARTESIAN_POINT('',(44.6060417685658,19.4961497187614,4.5));
#12388=CARTESIAN_POINT('',(44.558539846912,19.4961497187614,4.5));
#12389=CARTESIAN_POINT('',(46.8698512961546,19.4961497187614,4.5));
#12390=CARTESIAN_POINT('',(44.6060417685658,19.4961497187614,4.));
#12391=CARTESIAN_POINT('',(44.6060417685658,19.4961497187614,4.5));
#12392=CARTESIAN_POINT('',(44.558539846912,19.4961497187614,4.));
#12393=CARTESIAN_POINT('',(44.6060417685658,19.4961497187614,4.));
#12394=CARTESIAN_POINT('',(44.558539846912,19.4961497187614,4.5));
#12395=CARTESIAN_POINT('Ctrl Pts',(44.6509043965489,19.1073390841484,4.5));
#12396=CARTESIAN_POINT('Ctrl Pts',(44.6509043965489,19.1073390841484,4.));
#12397=CARTESIAN_POINT('Ctrl Pts',(44.6289129648358,19.3131789565086,4.5));
#12398=CARTESIAN_POINT('Ctrl Pts',(44.6289129648358,19.3131789565086,4.));
#12399=CARTESIAN_POINT('Ctrl Pts',(44.6060417685658,19.4961497187614,4.5));
#12400=CARTESIAN_POINT('Ctrl Pts',(44.6060417685658,19.4961497187614,4.));
#12401=CARTESIAN_POINT('',(44.6509043965489,19.1073390841484,4.5));
#12402=CARTESIAN_POINT('Ctrl Pts',(44.6509043965489,19.1073390841484,4.5));
#12403=CARTESIAN_POINT('Ctrl Pts',(44.6289129648358,19.3131789565086,4.5));
#12404=CARTESIAN_POINT('Ctrl Pts',(44.6060417685658,19.4961497187614,4.5));
#12405=CARTESIAN_POINT('',(44.6509043965489,19.1073390841484,4.));
#12406=CARTESIAN_POINT('',(44.6509043965489,19.1073390841484,4.5));
#12407=CARTESIAN_POINT('Ctrl Pts',(44.6509043965489,19.1073390841484,4.));
#12408=CARTESIAN_POINT('Ctrl Pts',(44.6289129648358,19.3131789565086,4.));
#12409=CARTESIAN_POINT('Ctrl Pts',(44.6060417685658,19.4961497187614,4.));
#12410=CARTESIAN_POINT('Ctrl Pts',(44.6940080914646,18.6842212080956,4.5));
#12411=CARTESIAN_POINT('Ctrl Pts',(44.6940080914646,18.6842212080956,4.));
#12412=CARTESIAN_POINT('Ctrl Pts',(44.6728961262852,18.9014980196953,4.5));
#12413=CARTESIAN_POINT('Ctrl Pts',(44.6728961262852,18.9014980196953,4.));
#12414=CARTESIAN_POINT('Ctrl Pts',(44.6509043965489,19.1073390841484,4.5));
#12415=CARTESIAN_POINT('Ctrl Pts',(44.6509043965489,19.1073390841484,4.));
#12416=CARTESIAN_POINT('',(44.6940080914646,18.6842212080956,4.5));
#12417=CARTESIAN_POINT('Ctrl Pts',(44.6940080914646,18.6842212080956,4.5));
#12418=CARTESIAN_POINT('Ctrl Pts',(44.6728961262852,18.9014980196953,4.5));
#12419=CARTESIAN_POINT('Ctrl Pts',(44.6509043965489,19.1073390841484,4.5));
#12420=CARTESIAN_POINT('',(44.6940080914646,18.6842212080956,4.));
#12421=CARTESIAN_POINT('',(44.6940080914646,18.6842212080956,4.5));
#12422=CARTESIAN_POINT('Ctrl Pts',(44.6940080914646,18.6842212080956,4.));
#12423=CARTESIAN_POINT('Ctrl Pts',(44.6728961262852,18.9014980196953,4.));
#12424=CARTESIAN_POINT('Ctrl Pts',(44.6509043965489,19.1073390841484,4.));
#12425=CARTESIAN_POINT('Ctrl Pts',(44.7230294727148,18.361384570599,4.5));
#12426=CARTESIAN_POINT('Ctrl Pts',(44.7230294727148,18.361384570599,4.));
#12427=CARTESIAN_POINT('Ctrl Pts',(44.7097399646631,18.5223143832213,4.5));
#12428=CARTESIAN_POINT('Ctrl Pts',(44.7097399646631,18.5223143832213,4.));
#12429=CARTESIAN_POINT('Ctrl Pts',(44.6940080914646,18.6842212080956,4.5));
#12430=CARTESIAN_POINT('Ctrl Pts',(44.6940080914646,18.6842212080956,4.));
#12431=CARTESIAN_POINT('',(44.7230294727148,18.3613845705986,4.5));
#12432=CARTESIAN_POINT('Ctrl Pts',(44.7230294727148,18.361384570599,4.5));
#12433=CARTESIAN_POINT('Ctrl Pts',(44.7097399646631,18.5223143832213,4.5));
#12434=CARTESIAN_POINT('Ctrl Pts',(44.6940080914646,18.6842212080956,4.5));
#12435=CARTESIAN_POINT('',(44.7230294727148,18.3613845705986,4.));
#12436=CARTESIAN_POINT('',(44.7230294727148,18.3613845705986,4.5));
#12437=CARTESIAN_POINT('Ctrl Pts',(44.7230294727148,18.361384570599,4.));
#12438=CARTESIAN_POINT('Ctrl Pts',(44.7097399646631,18.5223143832213,4.));
#12439=CARTESIAN_POINT('Ctrl Pts',(44.6940080914646,18.6842212080956,4.));
#12440=CARTESIAN_POINT('Origin',(44.0645719378963,18.3613845705986,4.5));
#12441=CARTESIAN_POINT('',(44.0645719378963,18.3613845705986,4.5));
#12442=CARTESIAN_POINT('',(46.5991163808199,18.3613845705986,4.5));
#12443=CARTESIAN_POINT('',(44.0645719378963,18.3613845705986,4.));
#12444=CARTESIAN_POINT('',(44.0645719378963,18.3613845705986,4.5));
#12445=CARTESIAN_POINT('',(43.7457321677357,18.3613845705986,4.));
#12446=CARTESIAN_POINT('Origin',(44.558539846912,19.4961497187614,4.5));
#12447=CARTESIAN_POINT('',(42.3129731018671,14.3375334733702,4.5));
#12448=CARTESIAN_POINT('',(44.558539846912,19.4961497187614,4.));
#12449=CARTESIAN_POINT('Origin',(45.2112494502217,17.4430176615715,4.5));
#12450=CARTESIAN_POINT('',(45.2112494502217,17.4430176615715,4.5));
#12451=CARTESIAN_POINT('',(44.7766964230686,17.4430176615715,4.5));
#12452=CARTESIAN_POINT('',(47.1724551369826,17.4430176615715,4.5));
#12453=CARTESIAN_POINT('',(45.2112494502217,17.4430176615715,4.));
#12454=CARTESIAN_POINT('',(45.2112494502217,17.4430176615715,4.5));
#12455=CARTESIAN_POINT('',(44.7766964230686,17.4430176615715,4.));
#12456=CARTESIAN_POINT('',(45.2112494502217,17.4430176615715,4.));
#12457=CARTESIAN_POINT('',(44.7766964230686,17.4430176615715,4.5));
#12458=CARTESIAN_POINT('Ctrl Pts',(45.1822207961231,17.9206737875938,4.5));
#12459=CARTESIAN_POINT('Ctrl Pts',(45.1822207961231,17.9206737875938,4.));
#12460=CARTESIAN_POINT('Ctrl Pts',(45.2006934676319,17.6717302203178,4.5));
#12461=CARTESIAN_POINT('Ctrl Pts',(45.2006934676319,17.6717302203178,4.));
#12462=CARTESIAN_POINT('Ctrl Pts',(45.2112494502217,17.4430176615715,4.5));
#12463=CARTESIAN_POINT('Ctrl Pts',(45.2112494502217,17.4430176615715,4.));
#12464=CARTESIAN_POINT('',(45.1822207961231,17.9206737875938,4.5));
#12465=CARTESIAN_POINT('Ctrl Pts',(45.1822207961231,17.9206737875938,4.5));
#12466=CARTESIAN_POINT('Ctrl Pts',(45.2006934676319,17.6717302203178,4.5));
#12467=CARTESIAN_POINT('Ctrl Pts',(45.2112494502217,17.4430176615715,4.5));
#12468=CARTESIAN_POINT('',(45.1822207961231,17.9206737875938,4.));
#12469=CARTESIAN_POINT('',(45.1822207961231,17.9206737875938,4.5));
#12470=CARTESIAN_POINT('Ctrl Pts',(45.1822207961231,17.9206737875938,4.));
#12471=CARTESIAN_POINT('Ctrl Pts',(45.2006934676319,17.6717302203178,4.));
#12472=CARTESIAN_POINT('Ctrl Pts',(45.2112494502217,17.4430176615715,4.));
#12473=CARTESIAN_POINT('Ctrl Pts',(45.1382373366505,18.4299990534782,4.5));
#12474=CARTESIAN_POINT('Ctrl Pts',(45.1382373366505,18.4299990534782,4.));
#12475=CARTESIAN_POINT('Ctrl Pts',(45.1637475285679,18.1696185469627,4.5));
#12476=CARTESIAN_POINT('Ctrl Pts',(45.1637475285679,18.1696185469627,4.));
#12477=CARTESIAN_POINT('Ctrl Pts',(45.1822207961231,17.9206737875938,4.5));
#12478=CARTESIAN_POINT('Ctrl Pts',(45.1822207961231,17.9206737875938,4.));
#12479=CARTESIAN_POINT('',(45.1382373366505,18.4299990534782,4.5));
#12480=CARTESIAN_POINT('Ctrl Pts',(45.1382373366505,18.4299990534782,4.5));
#12481=CARTESIAN_POINT('Ctrl Pts',(45.1637475285679,18.1696185469627,4.5));
#12482=CARTESIAN_POINT('Ctrl Pts',(45.1822207961231,17.9206737875938,4.5));
#12483=CARTESIAN_POINT('',(45.1382373366505,18.4299990534782,4.));
#12484=CARTESIAN_POINT('',(45.1382373366505,18.4299990534782,4.5));
#12485=CARTESIAN_POINT('Ctrl Pts',(45.1382373366505,18.4299990534782,4.));
#12486=CARTESIAN_POINT('Ctrl Pts',(45.1637475285679,18.1696185469627,4.));
#12487=CARTESIAN_POINT('Ctrl Pts',(45.1822207961231,17.9206737875938,4.));
#12488=CARTESIAN_POINT('Ctrl Pts',(45.0810591969639,18.9507588744164,4.5));
#12489=CARTESIAN_POINT('Ctrl Pts',(45.0810591969639,18.9507588744164,4.));
#12490=CARTESIAN_POINT('Ctrl Pts',(45.1127271447331,18.6903783679008,4.5));
#12491=CARTESIAN_POINT('Ctrl Pts',(45.1127271447331,18.6903783679008,4.));
#12492=CARTESIAN_POINT('Ctrl Pts',(45.1382373366505,18.4299990534782,4.5));
#12493=CARTESIAN_POINT('Ctrl Pts',(45.1382373366505,18.4299990534782,4.));
#12494=CARTESIAN_POINT('',(45.0810591969639,18.9507588744164,4.5));
#12495=CARTESIAN_POINT('Ctrl Pts',(45.0810591969639,18.9507588744164,4.5));
#12496=CARTESIAN_POINT('Ctrl Pts',(45.1127271447331,18.6903783679008,4.5));
#12497=CARTESIAN_POINT('Ctrl Pts',(45.1382373366505,18.4299990534782,4.5));
#12498=CARTESIAN_POINT('',(45.0810591969639,18.9507588744164,4.));
#12499=CARTESIAN_POINT('',(45.0810591969639,18.9507588744164,4.5));
#12500=CARTESIAN_POINT('Ctrl Pts',(45.0810591969639,18.9507588744164,4.));
#12501=CARTESIAN_POINT('Ctrl Pts',(45.1127271447331,18.6903783679008,4.));
#12502=CARTESIAN_POINT('Ctrl Pts',(45.1382373366505,18.4299990534782,4.));
#12503=CARTESIAN_POINT('Ctrl Pts',(45.0133250746876,19.4627222418785,4.5));
#12504=CARTESIAN_POINT('Ctrl Pts',(45.0133250746876,19.4627222418785,4.));
#12505=CARTESIAN_POINT('Ctrl Pts',(45.0493918452412,19.211138188839,4.5));
#12506=CARTESIAN_POINT('Ctrl Pts',(45.0493918452412,19.211138188839,4.));
#12507=CARTESIAN_POINT('Ctrl Pts',(45.0810591969639,18.9507588744164,4.5));
#12508=CARTESIAN_POINT('Ctrl Pts',(45.0810591969639,18.9507588744164,4.));
#12509=CARTESIAN_POINT('',(45.0133250746876,19.4627222418785,4.5));
#12510=CARTESIAN_POINT('Ctrl Pts',(45.0133250746876,19.4627222418785,4.5));
#12511=CARTESIAN_POINT('Ctrl Pts',(45.0493918452412,19.211138188839,4.5));
#12512=CARTESIAN_POINT('Ctrl Pts',(45.0810591969639,18.9507588744164,4.5));
#12513=CARTESIAN_POINT('',(45.0133250746876,19.4627222418785,4.));
#12514=CARTESIAN_POINT('',(45.0133250746876,19.4627222418785,4.5));
#12515=CARTESIAN_POINT('Ctrl Pts',(45.0133250746876,19.4627222418785,4.));
#12516=CARTESIAN_POINT('Ctrl Pts',(45.0493918452412,19.211138188839,4.));
#12517=CARTESIAN_POINT('Ctrl Pts',(45.0810591969639,18.9507588744164,4.));
#12518=CARTESIAN_POINT('Ctrl Pts',(44.935035565868,19.9430176615715,4.5));
#12519=CARTESIAN_POINT('Ctrl Pts',(44.935035565868,19.9430176615715,4.));
#12520=CARTESIAN_POINT('Ctrl Pts',(44.9772594962269,19.7143051028252,4.5));
#12521=CARTESIAN_POINT('Ctrl Pts',(44.9772594962269,19.7143051028252,4.));
#12522=CARTESIAN_POINT('Ctrl Pts',(45.0133250746876,19.4627222418785,4.5));
#12523=CARTESIAN_POINT('Ctrl Pts',(45.0133250746876,19.4627222418785,4.));
#12524=CARTESIAN_POINT('',(44.935035565868,19.9430176615715,4.5));
#12525=CARTESIAN_POINT('Ctrl Pts',(44.935035565868,19.9430176615715,4.5));
#12526=CARTESIAN_POINT('Ctrl Pts',(44.9772594962269,19.7143051028252,4.5));
#12527=CARTESIAN_POINT('Ctrl Pts',(45.0133250746876,19.4627222418785,4.5));
#12528=CARTESIAN_POINT('',(44.935035565868,19.9430176615715,4.));
#12529=CARTESIAN_POINT('',(44.935035565868,19.9430176615715,4.5));
#12530=CARTESIAN_POINT('Ctrl Pts',(44.935035565868,19.9430176615715,4.));
#12531=CARTESIAN_POINT('Ctrl Pts',(44.9772594962269,19.7143051028252,4.));
#12532=CARTESIAN_POINT('Ctrl Pts',(45.0133250746876,19.4627222418785,4.));
#12533=CARTESIAN_POINT('Origin',(44.3614955339581,19.9430176615715,4.5));
#12534=CARTESIAN_POINT('',(44.3614955339581,19.9430176615715,4.5));
#12535=CARTESIAN_POINT('',(46.7475781788507,19.9430176615715,4.5));
#12536=CARTESIAN_POINT('',(44.3614955339581,19.9430176615715,4.));
#12537=CARTESIAN_POINT('',(44.3614955339581,19.9430176615715,4.5));
#12538=CARTESIAN_POINT('',(44.3614955339581,19.9430176615715,4.));
#12539=CARTESIAN_POINT('Origin',(43.2232128176838,17.4430176615715,4.5));
#12540=CARTESIAN_POINT('',(43.2232128176838,17.4430176615715,4.5));
#12541=CARTESIAN_POINT('',(41.4281533539486,13.5005448512782,4.5));
#12542=CARTESIAN_POINT('',(43.2232128176838,17.4430176615715,4.));
#12543=CARTESIAN_POINT('',(43.2232128176838,17.4430176615715,4.5));
#12544=CARTESIAN_POINT('',(43.2232128176838,17.4430176615715,4.));
#12545=CARTESIAN_POINT('Origin',(43.6648030672222,17.4430176615715,4.5));
#12546=CARTESIAN_POINT('',(43.6648030672222,17.4430176615715,4.5));
#12547=CARTESIAN_POINT('',(46.3992319454828,17.4430176615715,4.5));
#12548=CARTESIAN_POINT('',(43.6648030672222,17.4430176615715,4.));
#12549=CARTESIAN_POINT('',(43.6648030672222,17.4430176615715,4.5));
#12550=CARTESIAN_POINT('',(43.6648030672222,17.4430176615715,4.));
#12551=CARTESIAN_POINT('Origin',(43.8945551485964,17.9708144068718,4.5));
#12552=CARTESIAN_POINT('',(43.8945551485964,17.9708144068718,4.5));
#12553=CARTESIAN_POINT('',(41.9809807527093,13.5748658174254,4.5));
#12554=CARTESIAN_POINT('',(43.8945551485964,17.9708144068718,4.));
#12555=CARTESIAN_POINT('',(43.8945551485964,17.9708144068718,4.5));
#12556=CARTESIAN_POINT('',(44.558539846912,19.4961497187614,4.));
#12557=CARTESIAN_POINT('Origin',(44.7520022719903,17.9708144068718,4.5));
#12558=CARTESIAN_POINT('',(44.7520022719903,17.9708144068718,4.5));
#12559=CARTESIAN_POINT('',(46.9428315478668,17.9708144068718,4.5));
#12560=CARTESIAN_POINT('',(44.7520022719903,17.9708144068718,4.));
#12561=CARTESIAN_POINT('',(44.7520022719903,17.9708144068718,4.5));
#12562=CARTESIAN_POINT('',(44.9473504815251,17.9708144068718,4.));
#12563=CARTESIAN_POINT('Ctrl Pts',(44.7608624491841,17.8300687670708,4.5));
#12564=CARTESIAN_POINT('Ctrl Pts',(44.7608624491841,17.8300687670708,4.));
#12565=CARTESIAN_POINT('Ctrl Pts',(44.7566853294746,17.899885010849,4.5));
#12566=CARTESIAN_POINT('Ctrl Pts',(44.7566853294746,17.899885010849,4.));
#12567=CARTESIAN_POINT('Ctrl Pts',(44.7520022719903,17.9708144068718,4.5));
#12568=CARTESIAN_POINT('Ctrl Pts',(44.7520022719903,17.9708144068718,4.));
#12569=CARTESIAN_POINT('',(44.7608624491841,17.8300687670708,4.5));
#12570=CARTESIAN_POINT('Ctrl Pts',(44.7608624491841,17.8300687670708,4.5));
#12571=CARTESIAN_POINT('Ctrl Pts',(44.7566853294746,17.899885010849,4.5));
#12572=CARTESIAN_POINT('Ctrl Pts',(44.7520022719903,17.9708144068718,4.5));
#12573=CARTESIAN_POINT('',(44.7608624491841,17.8300687670708,4.));
#12574=CARTESIAN_POINT('',(44.7608624491841,17.8300687670708,4.5));
#12575=CARTESIAN_POINT('Ctrl Pts',(44.7608624491841,17.8300687670708,4.));
#12576=CARTESIAN_POINT('Ctrl Pts',(44.7566853294746,17.899885010849,4.));
#12577=CARTESIAN_POINT('Ctrl Pts',(44.7520022719903,17.9708144068718,4.));
#12578=CARTESIAN_POINT('Ctrl Pts',(44.7766964230686,17.4430176615715,4.5));
#12579=CARTESIAN_POINT('Ctrl Pts',(44.7766964230686,17.4430176615715,4.));
#12580=CARTESIAN_POINT('Ctrl Pts',(44.7731773648411,17.6242277026176,4.5));
#12581=CARTESIAN_POINT('Ctrl Pts',(44.7731773648411,17.6242277026176,4.));
#12582=CARTESIAN_POINT('Ctrl Pts',(44.7608624491841,17.8300687670708,4.5));
#12583=CARTESIAN_POINT('Ctrl Pts',(44.7608624491841,17.8300687670708,4.));
#12584=CARTESIAN_POINT('Ctrl Pts',(44.7766964230686,17.4430176615715,4.5));
#12585=CARTESIAN_POINT('Ctrl Pts',(44.7731773648411,17.6242277026176,4.5));
#12586=CARTESIAN_POINT('Ctrl Pts',(44.7608624491841,17.8300687670708,4.5));
#12587=CARTESIAN_POINT('Ctrl Pts',(44.7766964230686,17.4430176615715,4.));
#12588=CARTESIAN_POINT('Ctrl Pts',(44.7731773648411,17.6242277026176,4.));
#12589=CARTESIAN_POINT('Ctrl Pts',(44.7608624491841,17.8300687670708,4.));
#12590=CARTESIAN_POINT('Origin',(44.2172311339527,18.6930176615715,4.));
#12591=CARTESIAN_POINT('Origin',(46.330179432407,17.5432989001274,4.5));
#12592=CARTESIAN_POINT('',(46.330179432407,17.5432989001274,4.5));
#12593=CARTESIAN_POINT('',(46.6996376309544,17.7755305171013,4.5));
#12594=CARTESIAN_POINT('',(44.5615447030316,16.4315820546116,4.5));
#12595=CARTESIAN_POINT('',(46.330179432407,17.5432989001274,4.));
#12596=CARTESIAN_POINT('',(46.330179432407,17.5432989001274,4.5));
#12597=CARTESIAN_POINT('',(46.6996376309544,17.7755305171013,4.));
#12598=CARTESIAN_POINT('',(46.6996376309544,17.7755305171013,4.));
#12599=CARTESIAN_POINT('',(46.6996376309544,17.7755305171013,4.5));
#12600=CARTESIAN_POINT('Ctrl Pts',(46.2727145481223,17.6318449564477,4.5));
#12601=CARTESIAN_POINT('Ctrl Pts',(46.2727145481223,17.6318449564477,4.));
#12602=CARTESIAN_POINT('Ctrl Pts',(46.3011297517897,17.5866428804309,4.5));
#12603=CARTESIAN_POINT('Ctrl Pts',(46.3011297517897,17.5866428804309,4.));
#12604=CARTESIAN_POINT('Ctrl Pts',(46.330179432407,17.5432989001274,4.5));
#12605=CARTESIAN_POINT('Ctrl Pts',(46.330179432407,17.5432989001274,4.));
#12606=CARTESIAN_POINT('',(46.2727145481223,17.6318449564477,4.5));
#12607=CARTESIAN_POINT('Ctrl Pts',(46.2727145481223,17.6318449564477,4.5));
#12608=CARTESIAN_POINT('Ctrl Pts',(46.3011297517897,17.5866428804309,4.5));
#12609=CARTESIAN_POINT('Ctrl Pts',(46.330179432407,17.5432989001274,4.5));
#12610=CARTESIAN_POINT('',(46.2727145481223,17.6318449564477,4.));
#12611=CARTESIAN_POINT('',(46.2727145481223,17.6318449564477,4.5));
#12612=CARTESIAN_POINT('Ctrl Pts',(46.2727145481223,17.6318449564477,4.));
#12613=CARTESIAN_POINT('Ctrl Pts',(46.3011297517897,17.5866428804309,4.));
#12614=CARTESIAN_POINT('Ctrl Pts',(46.330179432407,17.5432989001274,4.));
#12615=CARTESIAN_POINT('Ctrl Pts',(45.9607218299061,17.3682460188866,4.5));
#12616=CARTESIAN_POINT('Ctrl Pts',(45.9607218299061,17.3682460188866,4.));
#12617=CARTESIAN_POINT('Ctrl Pts',(46.13024589106,17.4899685983108,4.5));
#12618=CARTESIAN_POINT('Ctrl Pts',(46.13024589106,17.4899685983108,4.));
#12619=CARTESIAN_POINT('Ctrl Pts',(46.2727145481223,17.6318449564477,4.5));
#12620=CARTESIAN_POINT('Ctrl Pts',(46.2727145481223,17.6318449564477,4.));
#12621=CARTESIAN_POINT('',(45.9607218299061,17.3682460188866,4.5));
#12622=CARTESIAN_POINT('Ctrl Pts',(45.9607218299061,17.3682460188866,4.5));
#12623=CARTESIAN_POINT('Ctrl Pts',(46.13024589106,17.4899685983108,4.5));
#12624=CARTESIAN_POINT('Ctrl Pts',(46.2727145481223,17.6318449564477,4.5));
#12625=CARTESIAN_POINT('',(45.9607218299061,17.3682460188866,4.));
#12626=CARTESIAN_POINT('',(45.9607218299061,17.3682460188866,4.5));
#12627=CARTESIAN_POINT('Ctrl Pts',(45.9607218299061,17.3682460188866,4.));
#12628=CARTESIAN_POINT('Ctrl Pts',(46.13024589106,17.4899685983108,4.));
#12629=CARTESIAN_POINT('Ctrl Pts',(46.2727145481223,17.6318449564477,4.));
#12630=CARTESIAN_POINT('',(46.2727145481223,17.6318449564477,4.5));
#12631=CARTESIAN_POINT('Ctrl Pts',(45.2517138514668,16.983834207058,4.5));
#12632=CARTESIAN_POINT('Ctrl Pts',(45.2517138514668,16.983834207058,4.));
#12633=CARTESIAN_POINT('Ctrl Pts',(45.6581173930317,17.1509692072868,4.5));
#12634=CARTESIAN_POINT('Ctrl Pts',(45.6581173930317,17.1509692072868,4.));
#12635=CARTESIAN_POINT('Ctrl Pts',(45.9607218299061,17.3682460188866,4.5));
#12636=CARTESIAN_POINT('Ctrl Pts',(45.9607218299061,17.3682460188866,4.));
#12637=CARTESIAN_POINT('',(45.2517138514668,16.983834207058,4.5));
#12638=CARTESIAN_POINT('Ctrl Pts',(45.2517138514668,16.983834207058,4.5));
#12639=CARTESIAN_POINT('Ctrl Pts',(45.6581173930317,17.1509692072868,4.5));
#12640=CARTESIAN_POINT('Ctrl Pts',(45.9607218299061,17.3682460188866,4.5));
#12641=CARTESIAN_POINT('',(45.2517138514668,16.983834207058,4.));
#12642=CARTESIAN_POINT('',(45.2517138514668,16.983834207058,4.5));
#12643=CARTESIAN_POINT('Ctrl Pts',(45.2517138514668,16.983834207058,4.));
#12644=CARTESIAN_POINT('Ctrl Pts',(45.6581173930317,17.1509692072868,4.));
#12645=CARTESIAN_POINT('Ctrl Pts',(45.9607218299061,17.3682460188866,4.));
#12646=CARTESIAN_POINT('Origin',(45.4417209420353,16.6126164793968,4.5));
#12647=CARTESIAN_POINT('',(45.4417209420353,16.6126164793968,4.5));
#12648=CARTESIAN_POINT('',(48.1327989455671,11.3550449938234,4.5));
#12649=CARTESIAN_POINT('',(45.4417209420353,16.6126164793968,4.));
#12650=CARTESIAN_POINT('',(45.4417209420353,16.6126164793968,4.5));
#12651=CARTESIAN_POINT('',(45.4417209420353,16.6126164793968,4.));
#12652=CARTESIAN_POINT('Ctrl Pts',(46.4383779559284,17.2248610854149,4.5));
#12653=CARTESIAN_POINT('Ctrl Pts',(46.4383779559284,17.2248610854149,4.));
#12654=CARTESIAN_POINT('Ctrl Pts',(46.0293351206928,16.8624410033226,4.5));
#12655=CARTESIAN_POINT('Ctrl Pts',(46.0293351206928,16.8624410033226,4.));
#12656=CARTESIAN_POINT('Ctrl Pts',(45.4417209420353,16.6126164793968,4.5));
#12657=CARTESIAN_POINT('Ctrl Pts',(45.4417209420353,16.6126164793968,4.));
#12658=CARTESIAN_POINT('',(46.4383779559284,17.2248610854149,4.5));
#12659=CARTESIAN_POINT('Ctrl Pts',(46.4383779559284,17.2248610854149,4.5));
#12660=CARTESIAN_POINT('Ctrl Pts',(46.0293351206928,16.8624410033226,4.5));
#12661=CARTESIAN_POINT('Ctrl Pts',(45.4417209420353,16.6126164793968,4.5));
#12662=CARTESIAN_POINT('',(46.4383779559284,17.2248610854149,4.));
#12663=CARTESIAN_POINT('',(46.4383779559284,17.2248610854149,4.5));
#12664=CARTESIAN_POINT('Ctrl Pts',(46.4383779559284,17.2248610854149,4.));
#12665=CARTESIAN_POINT('Ctrl Pts',(46.0293351206928,16.8624410033226,4.));
#12666=CARTESIAN_POINT('Ctrl Pts',(45.4417209420353,16.6126164793968,4.));
#12667=CARTESIAN_POINT('Ctrl Pts',(47.1060417685658,18.1001254916191,4.5));
#12668=CARTESIAN_POINT('Ctrl Pts',(47.1060417685658,18.1001254916191,4.));
#12669=CARTESIAN_POINT('Ctrl Pts',(46.847420791164,17.5872823596001,4.5));
#12670=CARTESIAN_POINT('Ctrl Pts',(46.847420791164,17.5872823596001,4.));
#12671=CARTESIAN_POINT('Ctrl Pts',(46.4383779559284,17.2248610854149,4.5));
#12672=CARTESIAN_POINT('Ctrl Pts',(46.4383779559284,17.2248610854149,4.));
#12673=CARTESIAN_POINT('',(47.1060417685658,18.1001254916191,4.5));
#12674=CARTESIAN_POINT('Ctrl Pts',(47.1060417685658,18.1001254916191,4.5));
#12675=CARTESIAN_POINT('Ctrl Pts',(46.847420791164,17.5872823596001,4.5));
#12676=CARTESIAN_POINT('Ctrl Pts',(46.4383779559284,17.2248610854149,4.5));
#12677=CARTESIAN_POINT('',(47.1060417685658,18.1001254916191,4.));
#12678=CARTESIAN_POINT('',(47.1060417685658,18.1001254916191,4.5));
#12679=CARTESIAN_POINT('Ctrl Pts',(47.1060417685658,18.1001254916191,4.));
#12680=CARTESIAN_POINT('Ctrl Pts',(46.847420791164,17.5872823596001,4.));
#12681=CARTESIAN_POINT('Ctrl Pts',(46.4383779559284,17.2248610854149,4.));
#12682=CARTESIAN_POINT('Ctrl Pts',(47.4983708653599,19.3079015612602,4.5));
#12683=CARTESIAN_POINT('Ctrl Pts',(47.4983708653599,19.3079015612602,4.));
#12684=CARTESIAN_POINT('Ctrl Pts',(47.3646621499211,18.6129686236382,4.5));
#12685=CARTESIAN_POINT('Ctrl Pts',(47.3646621499211,18.6129686236382,4.));
#12686=CARTESIAN_POINT('Ctrl Pts',(47.1060417685658,18.1001254916191,4.5));
#12687=CARTESIAN_POINT('Ctrl Pts',(47.1060417685658,18.1001254916191,4.));
#12688=CARTESIAN_POINT('',(47.4983708653599,19.3079015612602,4.5));
#12689=CARTESIAN_POINT('Ctrl Pts',(47.4983708653599,19.3079015612602,4.5));
#12690=CARTESIAN_POINT('Ctrl Pts',(47.3646621499211,18.6129686236382,4.5));
#12691=CARTESIAN_POINT('Ctrl Pts',(47.1060417685658,18.1001254916191,4.5));
#12692=CARTESIAN_POINT('',(47.4983708653599,19.3079015612602,4.));
#12693=CARTESIAN_POINT('',(47.4983708653599,19.3079015612602,4.5));
#12694=CARTESIAN_POINT('Ctrl Pts',(47.4983708653599,19.3079015612602,4.));
#12695=CARTESIAN_POINT('Ctrl Pts',(47.3646621499211,18.6129686236382,4.));
#12696=CARTESIAN_POINT('Ctrl Pts',(47.1060417685658,18.1001254916191,4.));
#12697=CARTESIAN_POINT('Origin',(47.0550213847309,19.3079015612602,4.5));
#12698=CARTESIAN_POINT('',(47.0550213847309,19.3079015612602,4.5));
#12699=CARTESIAN_POINT('',(48.0943411042372,19.3079015612602,4.5));
#12700=CARTESIAN_POINT('',(47.0550213847309,19.3079015612602,4.));
#12701=CARTESIAN_POINT('',(47.0550213847309,19.3079015612602,4.5));
#12702=CARTESIAN_POINT('',(47.0550213847309,19.3079015612602,4.));
#12703=CARTESIAN_POINT('Ctrl Pts',(46.8359850440174,18.5056492686272,4.5));
#12704=CARTESIAN_POINT('Ctrl Pts',(46.8359850440174,18.5056492686272,4.));
#12705=CARTESIAN_POINT('Ctrl Pts',(46.975851515308,18.8627931475639,4.5));
#12706=CARTESIAN_POINT('Ctrl Pts',(46.975851515308,18.8627931475639,4.));
#12707=CARTESIAN_POINT('Ctrl Pts',(47.0550213847309,19.3079015612602,4.5));
#12708=CARTESIAN_POINT('Ctrl Pts',(47.0550213847309,19.3079015612602,4.));
#12709=CARTESIAN_POINT('',(46.8359850440174,18.5056492686272,4.5));
#12710=CARTESIAN_POINT('Ctrl Pts',(46.8359850440174,18.5056492686272,4.5));
#12711=CARTESIAN_POINT('Ctrl Pts',(46.975851515308,18.8627931475639,4.5));
#12712=CARTESIAN_POINT('Ctrl Pts',(47.0550213847309,19.3079015612602,4.5));
#12713=CARTESIAN_POINT('',(46.8359850440174,18.5056492686272,4.));
#12714=CARTESIAN_POINT('',(46.8359850440174,18.5056492686272,4.5));
#12715=CARTESIAN_POINT('Ctrl Pts',(46.8359850440174,18.5056492686272,4.));
#12716=CARTESIAN_POINT('Ctrl Pts',(46.975851515308,18.8627931475639,4.));
#12717=CARTESIAN_POINT('Ctrl Pts',(47.0550213847309,19.3079015612602,4.));
#12718=CARTESIAN_POINT('Ctrl Pts',(46.5590479948629,17.9765045586591,4.5));
#12719=CARTESIAN_POINT('Ctrl Pts',(46.5590479948629,17.9765045586591,4.));
#12720=CARTESIAN_POINT('Ctrl Pts',(46.7226444130522,18.2162378778869,4.5));
#12721=CARTESIAN_POINT('Ctrl Pts',(46.7226444130522,18.2162378778869,4.));
#12722=CARTESIAN_POINT('Ctrl Pts',(46.8359850440174,18.5056492686272,4.5));
#12723=CARTESIAN_POINT('Ctrl Pts',(46.8359850440174,18.5056492686272,4.));
#12724=CARTESIAN_POINT('',(46.5590479948629,17.9765045586591,4.5));
#12725=CARTESIAN_POINT('Ctrl Pts',(46.5590479948629,17.9765045586591,4.5));
#12726=CARTESIAN_POINT('Ctrl Pts',(46.7226444130522,18.2162378778869,4.5));
#12727=CARTESIAN_POINT('Ctrl Pts',(46.8359850440174,18.5056492686272,4.5));
#12728=CARTESIAN_POINT('',(46.5590479948629,17.9765045586591,4.));
#12729=CARTESIAN_POINT('',(46.5590479948629,17.9765045586591,4.5));
#12730=CARTESIAN_POINT('Ctrl Pts',(46.5590479948629,17.9765045586591,4.));
#12731=CARTESIAN_POINT('Ctrl Pts',(46.7226444130522,18.2162378778869,4.));
#12732=CARTESIAN_POINT('Ctrl Pts',(46.8359850440174,18.5056492686272,4.));
#12733=CARTESIAN_POINT('Ctrl Pts',(46.6996376309544,17.7755305171013,4.5));
#12734=CARTESIAN_POINT('Ctrl Pts',(46.6996376309544,17.7755305171013,4.));
#12735=CARTESIAN_POINT('Ctrl Pts',(46.6268209684607,17.8683179125107,4.5));
#12736=CARTESIAN_POINT('Ctrl Pts',(46.6268209684607,17.8683179125107,4.));
#12737=CARTESIAN_POINT('Ctrl Pts',(46.5590479948629,17.9765045586591,4.5));
#12738=CARTESIAN_POINT('Ctrl Pts',(46.5590479948629,17.9765045586591,4.));
#12739=CARTESIAN_POINT('Ctrl Pts',(46.6996376309544,17.7755305171013,4.5));
#12740=CARTESIAN_POINT('Ctrl Pts',(46.6268209684607,17.8683179125107,4.5));
#12741=CARTESIAN_POINT('Ctrl Pts',(46.5590479948629,17.9765045586591,4.5));
#12742=CARTESIAN_POINT('Ctrl Pts',(46.6996376309544,17.7755305171013,4.));
#12743=CARTESIAN_POINT('Ctrl Pts',(46.6268209684607,17.8683179125107,4.));
#12744=CARTESIAN_POINT('Ctrl Pts',(46.5590479948629,17.9765045586591,4.));
#12745=CARTESIAN_POINT('',(46.5590479948629,17.9765045586591,4.5));
#12746=CARTESIAN_POINT('Origin',(46.3750423584133,17.9602590203285,4.));
#12747=CARTESIAN_POINT('Ctrl Pts',(46.5590479948629,17.9765045586591,4.5));
#12748=CARTESIAN_POINT('Ctrl Pts',(46.5590479948629,17.9765045586591,4.));
#12749=CARTESIAN_POINT('Ctrl Pts',(46.5207613282133,17.9203994814229,4.5));
#12750=CARTESIAN_POINT('Ctrl Pts',(46.5207613282133,17.9203994814229,4.));
#12751=CARTESIAN_POINT('Ctrl Pts',(46.4797221217304,17.8670153021812,4.5));
#12752=CARTESIAN_POINT('Ctrl Pts',(46.4797221217304,17.8670153021812,4.));
#12753=CARTESIAN_POINT('',(46.4797221217304,17.8670153021812,4.5));
#12754=CARTESIAN_POINT('Ctrl Pts',(46.5590479948629,17.9765045586591,4.5));
#12755=CARTESIAN_POINT('Ctrl Pts',(46.5207613282133,17.9203994814229,4.5));
#12756=CARTESIAN_POINT('Ctrl Pts',(46.4797221217304,17.8670153021812,4.5));
#12757=CARTESIAN_POINT('',(46.4797221217304,17.8670153021812,4.));
#12758=CARTESIAN_POINT('Ctrl Pts',(46.5590479948629,17.9765045586591,4.));
#12759=CARTESIAN_POINT('Ctrl Pts',(46.5207613282133,17.9203994814229,4.));
#12760=CARTESIAN_POINT('Ctrl Pts',(46.4797221217304,17.8670153021812,4.));
#12761=CARTESIAN_POINT('',(46.4797221217304,17.8670153021812,4.5));
#12762=CARTESIAN_POINT('Ctrl Pts',(46.0310946498066,19.343087375164,4.5));
#12763=CARTESIAN_POINT('Ctrl Pts',(46.0310946498066,19.343087375164,4.));
#12764=CARTESIAN_POINT('Ctrl Pts',(46.2387418358831,18.4878123446572,4.5));
#12765=CARTESIAN_POINT('Ctrl Pts',(46.2387418358831,18.4878123446572,4.));
#12766=CARTESIAN_POINT('Ctrl Pts',(46.5590479948613,17.9765045586616,4.5));
#12767=CARTESIAN_POINT('Ctrl Pts',(46.5590479948613,17.9765045586616,4.));
#12768=CARTESIAN_POINT('',(46.0310946498066,19.343087375164,4.5));
#12769=CARTESIAN_POINT('Ctrl Pts',(46.0310946498066,19.343087375164,4.5));
#12770=CARTESIAN_POINT('Ctrl Pts',(46.2387418358831,18.4878123446572,4.5));
#12771=CARTESIAN_POINT('Ctrl Pts',(46.5590479948614,17.9765045586616,4.5));
#12772=CARTESIAN_POINT('',(46.0310946498066,19.343087375164,4.));
#12773=CARTESIAN_POINT('',(46.0310946498066,19.343087375164,4.5));
#12774=CARTESIAN_POINT('Ctrl Pts',(46.0310946498066,19.343087375164,4.));
#12775=CARTESIAN_POINT('Ctrl Pts',(46.2387418358831,18.4878123446572,4.));
#12776=CARTESIAN_POINT('Ctrl Pts',(46.5590479948614,17.9765045586616,4.));
#12777=CARTESIAN_POINT('Origin',(45.5824665818363,19.3079015612602,4.5));
#12778=CARTESIAN_POINT('',(45.5824665818363,19.3079015612602,4.5));
#12779=CARTESIAN_POINT('',(46.7986110900318,19.4032835433531,4.5));
#12780=CARTESIAN_POINT('',(45.5824665818363,19.3079015612602,4.));
#12781=CARTESIAN_POINT('',(45.5824665818363,19.3079015612602,4.5));
#12782=CARTESIAN_POINT('',(45.5824665818363,19.3079015612602,4.));
#12783=CARTESIAN_POINT('Ctrl Pts',(45.9237752947956,18.3130034804344,4.5));
#12784=CARTESIAN_POINT('Ctrl Pts',(45.9237752947956,18.3130034804344,4.));
#12785=CARTESIAN_POINT('Ctrl Pts',(45.739046195522,18.7519547343254,4.5));
#12786=CARTESIAN_POINT('Ctrl Pts',(45.739046195522,18.7519547343254,4.));
#12787=CARTESIAN_POINT('Ctrl Pts',(45.5824665818363,19.3079015612602,4.5));
#12788=CARTESIAN_POINT('Ctrl Pts',(45.5824665818363,19.3079015612602,4.));
#12789=CARTESIAN_POINT('',(45.9237752947956,18.3130034804344,4.5));
#12790=CARTESIAN_POINT('Ctrl Pts',(45.9237752947956,18.3130034804344,4.5));
#12791=CARTESIAN_POINT('Ctrl Pts',(45.739046195522,18.7519547343254,4.5));
#12792=CARTESIAN_POINT('Ctrl Pts',(45.5824665818363,19.3079015612602,4.5));
#12793=CARTESIAN_POINT('',(45.9237752947956,18.3130034804344,4.));
#12794=CARTESIAN_POINT('',(45.9237752947956,18.3130034804344,4.5));
#12795=CARTESIAN_POINT('Ctrl Pts',(45.9237752947956,18.3130034804344,4.));
#12796=CARTESIAN_POINT('Ctrl Pts',(45.739046195522,18.7519547343254,4.));
#12797=CARTESIAN_POINT('Ctrl Pts',(45.5824665818363,19.3079015612602,4.));
#12798=CARTESIAN_POINT('Ctrl Pts',(46.2727145481223,17.6318449564477,4.5));
#12799=CARTESIAN_POINT('Ctrl Pts',(46.2727145481223,17.6318449564477,4.));
#12800=CARTESIAN_POINT('Ctrl Pts',(46.0842963399065,17.9315751385849,4.5));
#12801=CARTESIAN_POINT('Ctrl Pts',(46.0842963399065,17.9315751385849,4.));
#12802=CARTESIAN_POINT('Ctrl Pts',(45.9237752947956,18.3130034804344,4.5));
#12803=CARTESIAN_POINT('Ctrl Pts',(45.9237752947956,18.3130034804344,4.));
#12804=CARTESIAN_POINT('Ctrl Pts',(46.2727145481223,17.6318449564477,4.5));
#12805=CARTESIAN_POINT('Ctrl Pts',(46.0842963399065,17.9315751385849,4.5));
#12806=CARTESIAN_POINT('Ctrl Pts',(45.9237752947956,18.3130034804344,4.5));
#12807=CARTESIAN_POINT('Ctrl Pts',(46.2727145481223,17.6318449564477,4.));
#12808=CARTESIAN_POINT('Ctrl Pts',(46.0842963399065,17.9315751385849,4.));
#12809=CARTESIAN_POINT('Ctrl Pts',(45.9237752947956,18.3130034804344,4.));
#12810=CARTESIAN_POINT('Ctrl Pts',(46.4797221217304,17.8670153021812,4.5));
#12811=CARTESIAN_POINT('Ctrl Pts',(46.4797221217304,17.8670153021812,4.));
#12812=CARTESIAN_POINT('Ctrl Pts',(46.3845547933673,17.7432202372687,4.5));
#12813=CARTESIAN_POINT('Ctrl Pts',(46.3845547933673,17.7432202372687,4.));
#12814=CARTESIAN_POINT('Ctrl Pts',(46.2727145481223,17.6318449564478,4.5));
#12815=CARTESIAN_POINT('Ctrl Pts',(46.2727145481223,17.6318449564478,4.));
#12816=CARTESIAN_POINT('Ctrl Pts',(46.4797221217304,17.8670153021812,4.5));
#12817=CARTESIAN_POINT('Ctrl Pts',(46.3845547933673,17.7432202372687,4.5));
#12818=CARTESIAN_POINT('Ctrl Pts',(46.2727145481223,17.6318449564478,4.5));
#12819=CARTESIAN_POINT('Ctrl Pts',(46.4797221217304,17.8670153021812,4.));
#12820=CARTESIAN_POINT('Ctrl Pts',(46.3845547933673,17.7432202372687,4.));
#12821=CARTESIAN_POINT('Ctrl Pts',(46.2727145481223,17.6318449564478,4.));
#12822=CARTESIAN_POINT('Origin',(46.0707572883496,18.4874661658059,4.));
#12823=CARTESIAN_POINT('Ctrl Pts',(51.1012544611851,18.899836102995,4.5));
#12824=CARTESIAN_POINT('Ctrl Pts',(51.1012544611851,18.899836102995,4.));
#12825=CARTESIAN_POINT('Ctrl Pts',(50.9760948089386,18.8785222189023,4.5));
#12826=CARTESIAN_POINT('Ctrl Pts',(50.9760948089386,18.8785222189023,4.));
#12827=CARTESIAN_POINT('Ctrl Pts',(50.8613191638142,18.8372823596001,4.5));
#12828=CARTESIAN_POINT('Ctrl Pts',(50.8613191638142,18.8372823596001,4.));
#12829=CARTESIAN_POINT('',(51.1012544611851,18.899836102995,4.5));
#12830=CARTESIAN_POINT('',(50.8613191638142,18.8372823596001,4.5));
#12831=CARTESIAN_POINT('Ctrl Pts',(51.1012544611851,18.8998361029951,4.5));
#12832=CARTESIAN_POINT('Ctrl Pts',(50.9760948089386,18.8785222189023,4.5));
#12833=CARTESIAN_POINT('Ctrl Pts',(50.8613191638142,18.8372823596001,4.5));
#12834=CARTESIAN_POINT('',(51.1012544611851,18.899836102995,4.));
#12835=CARTESIAN_POINT('',(51.1012544611851,18.899836102995,4.5));
#12836=CARTESIAN_POINT('',(50.8613191638142,18.8372823596001,4.));
#12837=CARTESIAN_POINT('Ctrl Pts',(51.1012544611851,18.8998361029951,4.));
#12838=CARTESIAN_POINT('Ctrl Pts',(50.9760948089386,18.8785222189023,4.));
#12839=CARTESIAN_POINT('Ctrl Pts',(50.8613191638142,18.8372823596001,4.));
#12840=CARTESIAN_POINT('',(50.8613191638142,18.8372823596001,4.5));
#12841=CARTESIAN_POINT('Origin',(51.1419318709522,19.1266915202141,4.5));
#12842=CARTESIAN_POINT('',(51.1419318709522,19.1266915202141,4.5));
#12843=CARTESIAN_POINT('',(49.9037595781249,12.2214806504347,4.5));
#12844=CARTESIAN_POINT('',(51.1419318709522,19.1266915202141,4.));
#12845=CARTESIAN_POINT('',(51.1419318709522,19.1266915202141,4.5));
#12846=CARTESIAN_POINT('',(51.0504470858723,18.6164864897728,4.));
#12847=CARTESIAN_POINT('',(51.1012544611851,18.899836102995,4.5));
#12848=CARTESIAN_POINT('Origin',(51.3002704177052,18.920850455761,4.5));
#12849=CARTESIAN_POINT('',(51.3002704177052,18.920850455761,4.5));
#12850=CARTESIAN_POINT('',(54.2051860311732,15.1444426619229,4.5));
#12851=CARTESIAN_POINT('',(51.3002704177052,18.920850455761,4.));
#12852=CARTESIAN_POINT('',(51.3002704177052,18.920850455761,4.5));
#12853=CARTESIAN_POINT('',(51.1419318709522,19.1266915202141,4.));
#12854=CARTESIAN_POINT('Ctrl Pts',(51.1012544611851,18.899836102995,4.5));
#12855=CARTESIAN_POINT('Ctrl Pts',(51.1012544611851,18.899836102995,4.));
#12856=CARTESIAN_POINT('Ctrl Pts',(51.1976806945108,18.9162568705804,4.5));
#12857=CARTESIAN_POINT('Ctrl Pts',(51.1976806945108,18.9162568705804,4.));
#12858=CARTESIAN_POINT('Ctrl Pts',(51.3002704177052,18.920850455761,4.5));
#12859=CARTESIAN_POINT('Ctrl Pts',(51.3002704177052,18.920850455761,4.));
#12860=CARTESIAN_POINT('Ctrl Pts',(51.1012544611851,18.899836102995,4.5));
#12861=CARTESIAN_POINT('Ctrl Pts',(51.1976806945108,18.9162568705804,4.5));
#12862=CARTESIAN_POINT('Ctrl Pts',(51.3002704177052,18.920850455761,4.5));
#12863=CARTESIAN_POINT('Ctrl Pts',(51.1012544611851,18.899836102995,4.));
#12864=CARTESIAN_POINT('Ctrl Pts',(51.1976806945108,18.9162568705804,4.));
#12865=CARTESIAN_POINT('Ctrl Pts',(51.3002704177052,18.920850455761,4.));
#12866=CARTESIAN_POINT('Origin',(51.0504470858723,18.6164864897728,4.5));
#12867=CARTESIAN_POINT('',(51.0504470858723,18.6164864897728,4.5));
#12868=CARTESIAN_POINT('',(49.8580171855849,11.9663781352141,4.5));
#12869=CARTESIAN_POINT('',(51.0504470858723,18.6164864897728,4.));
#12870=CARTESIAN_POINT('',(51.0504470858723,18.6164864897728,4.5));
#12871=CARTESIAN_POINT('',(51.0504470858723,18.6164864897728,4.));
#12872=CARTESIAN_POINT('Ctrl Pts',(50.8032618556172,18.0209562182426,4.5));
#12873=CARTESIAN_POINT('Ctrl Pts',(50.8032618556172,18.0209562182426,4.));
#12874=CARTESIAN_POINT('Ctrl Pts',(50.9835921321064,18.2311949133873,4.5));
#12875=CARTESIAN_POINT('Ctrl Pts',(50.9835921321064,18.2311949133873,4.));
#12876=CARTESIAN_POINT('Ctrl Pts',(51.0504470858723,18.6164864897728,4.5));
#12877=CARTESIAN_POINT('Ctrl Pts',(51.0504470858723,18.6164864897728,4.));
#12878=CARTESIAN_POINT('',(50.8032618556172,18.0209562182426,4.5));
#12879=CARTESIAN_POINT('Ctrl Pts',(50.8032618556172,18.0209562182426,4.5));
#12880=CARTESIAN_POINT('Ctrl Pts',(50.9835921321064,18.2311949133873,4.5));
#12881=CARTESIAN_POINT('Ctrl Pts',(51.0504470858723,18.6164864897728,4.5));
#12882=CARTESIAN_POINT('',(50.8032618556172,18.0209562182426,4.));
#12883=CARTESIAN_POINT('',(50.8032618556172,18.0209562182426,4.5));
#12884=CARTESIAN_POINT('Ctrl Pts',(50.8032618556172,18.0209562182426,4.));
#12885=CARTESIAN_POINT('Ctrl Pts',(50.9835921321064,18.2311949133873,4.));
#12886=CARTESIAN_POINT('Ctrl Pts',(51.0504470858723,18.6164864897728,4.));
#12887=CARTESIAN_POINT('Ctrl Pts',(50.3819035086781,17.8107163310051,4.5));
#12888=CARTESIAN_POINT('Ctrl Pts',(50.3819035086781,17.8107163310051,4.));
#12889=CARTESIAN_POINT('Ctrl Pts',(50.6229315791279,17.8107163310051,4.5));
#12890=CARTESIAN_POINT('Ctrl Pts',(50.6229315791279,17.8107163310051,4.));
#12891=CARTESIAN_POINT('Ctrl Pts',(50.8032618556172,18.0209562182426,4.5));
#12892=CARTESIAN_POINT('Ctrl Pts',(50.8032618556172,18.0209562182426,4.));
#12893=CARTESIAN_POINT('',(50.3819035086781,17.8107163310051,4.5));
#12894=CARTESIAN_POINT('Ctrl Pts',(50.3819035086781,17.8107163310051,4.5));
#12895=CARTESIAN_POINT('Ctrl Pts',(50.6229315791279,17.8107163310051,4.5));
#12896=CARTESIAN_POINT('Ctrl Pts',(50.8032618556172,18.0209562182426,4.5));
#12897=CARTESIAN_POINT('',(50.3819035086781,17.8107163310051,4.));
#12898=CARTESIAN_POINT('',(50.3819035086781,17.8107163310051,4.5));
#12899=CARTESIAN_POINT('Ctrl Pts',(50.3819035086781,17.8107163310051,4.));
#12900=CARTESIAN_POINT('Ctrl Pts',(50.6229315791279,17.8107163310051,4.));
#12901=CARTESIAN_POINT('Ctrl Pts',(50.8032618556172,18.0209562182426,4.));
#12902=CARTESIAN_POINT('Ctrl Pts',(50.2314816508442,17.8599771857262,4.5));
#12903=CARTESIAN_POINT('Ctrl Pts',(50.2314816508442,17.8599771857262,4.));
#12904=CARTESIAN_POINT('Ctrl Pts',(50.283380607143,17.8107163310051,4.5));
#12905=CARTESIAN_POINT('Ctrl Pts',(50.283380607143,17.8107163310051,4.));
#12906=CARTESIAN_POINT('Ctrl Pts',(50.3819035086781,17.8107163310051,4.5));
#12907=CARTESIAN_POINT('Ctrl Pts',(50.3819035086781,17.8107163310051,4.));
#12908=CARTESIAN_POINT('',(50.2314816508442,17.8599771857262,4.5));
#12909=CARTESIAN_POINT('Ctrl Pts',(50.2314816508442,17.8599771857262,4.5));
#12910=CARTESIAN_POINT('Ctrl Pts',(50.283380607143,17.8107163310051,4.5));
#12911=CARTESIAN_POINT('Ctrl Pts',(50.3819035086781,17.8107163310051,4.5));
#12912=CARTESIAN_POINT('',(50.2314816508442,17.8599771857262,4.));
#12913=CARTESIAN_POINT('',(50.2314816508442,17.8599771857262,4.5));
#12914=CARTESIAN_POINT('Ctrl Pts',(50.2314816508442,17.8599771857262,4.));
#12915=CARTESIAN_POINT('Ctrl Pts',(50.283380607143,17.8107163310051,4.));
#12916=CARTESIAN_POINT('Ctrl Pts',(50.3819035086781,17.8107163310051,4.));
#12917=CARTESIAN_POINT('Ctrl Pts',(50.1795803103596,18.0060014128685,4.5));
#12918=CARTESIAN_POINT('Ctrl Pts',(50.1795803103596,18.0060014128685,4.));
#12919=CARTESIAN_POINT('Ctrl Pts',(50.1795803103596,17.9092380404472,4.5));
#12920=CARTESIAN_POINT('Ctrl Pts',(50.1795803103596,17.9092380404472,4.));
#12921=CARTESIAN_POINT('Ctrl Pts',(50.2314816508442,17.8599771857262,4.5));
#12922=CARTESIAN_POINT('Ctrl Pts',(50.2314816508442,17.8599771857262,4.));
#12923=CARTESIAN_POINT('',(50.1795803103596,18.0060014128685,4.5));
#12924=CARTESIAN_POINT('Ctrl Pts',(50.1795803103596,18.0060014128685,4.5));
#12925=CARTESIAN_POINT('Ctrl Pts',(50.1795803103596,17.9092380404472,4.5));
#12926=CARTESIAN_POINT('Ctrl Pts',(50.2314816508442,17.8599771857262,4.5));
#12927=CARTESIAN_POINT('',(50.1795803103596,18.0060014128685,4.));
#12928=CARTESIAN_POINT('',(50.1795803103596,18.0060014128685,4.5));
#12929=CARTESIAN_POINT('Ctrl Pts',(50.1795803103596,18.0060014128685,4.));
#12930=CARTESIAN_POINT('Ctrl Pts',(50.1795803103596,17.9092380404472,4.));
#12931=CARTESIAN_POINT('Ctrl Pts',(50.2314816508442,17.8599771857262,4.));
#12932=CARTESIAN_POINT('Ctrl Pts',(50.2657877001911,18.3569869399071,4.5));
#12933=CARTESIAN_POINT('Ctrl Pts',(50.2657877001911,18.3569869399071,4.));
#12934=CARTESIAN_POINT('Ctrl Pts',(50.1795803103596,18.1942495703697,4.5));
#12935=CARTESIAN_POINT('Ctrl Pts',(50.1795803103596,18.1942495703697,4.));
#12936=CARTESIAN_POINT('Ctrl Pts',(50.1795803103596,18.0060014128685,4.5));
#12937=CARTESIAN_POINT('Ctrl Pts',(50.1795803103596,18.0060014128685,4.));
#12938=CARTESIAN_POINT('',(50.2657877001911,18.3569869399071,4.5));
#12939=CARTESIAN_POINT('Ctrl Pts',(50.2657877001911,18.3569869399071,4.5));
#12940=CARTESIAN_POINT('Ctrl Pts',(50.1795803103596,18.1942495703697,4.5));
#12941=CARTESIAN_POINT('Ctrl Pts',(50.1795803103596,18.0060014128685,4.5));
#12942=CARTESIAN_POINT('',(50.2657877001911,18.3569869399071,4.));
#12943=CARTESIAN_POINT('',(50.2657877001911,18.3569869399071,4.5));
#12944=CARTESIAN_POINT('Ctrl Pts',(50.2657877001911,18.3569869399071,4.));
#12945=CARTESIAN_POINT('Ctrl Pts',(50.1795803103596,18.1942495703697,4.));
#12946=CARTESIAN_POINT('Ctrl Pts',(50.1795803103596,18.0060014128685,4.));
#12947=CARTESIAN_POINT('Ctrl Pts',(50.5050562415272,18.6419972777367,4.5));
#12948=CARTESIAN_POINT('Ctrl Pts',(50.5050562415272,18.6419972777367,4.));
#12949=CARTESIAN_POINT('Ctrl Pts',(50.3519950900227,18.5197243094444,4.5));
#12950=CARTESIAN_POINT('Ctrl Pts',(50.3519950900227,18.5197243094444,4.));
#12951=CARTESIAN_POINT('Ctrl Pts',(50.2657877001911,18.3569869399071,4.5));
#12952=CARTESIAN_POINT('Ctrl Pts',(50.2657877001911,18.3569869399071,4.));
#12953=CARTESIAN_POINT('',(50.5050562415272,18.6419972777367,4.5));
#12954=CARTESIAN_POINT('Ctrl Pts',(50.5050562415272,18.6419972777367,4.5));
#12955=CARTESIAN_POINT('Ctrl Pts',(50.3519950900227,18.5197243094444,4.5));
#12956=CARTESIAN_POINT('Ctrl Pts',(50.2657877001911,18.3569869399071,4.5));
#12957=CARTESIAN_POINT('',(50.5050562415272,18.6419972777367,4.));
#12958=CARTESIAN_POINT('',(50.5050562415272,18.6419972777367,4.5));
#12959=CARTESIAN_POINT('Ctrl Pts',(50.5050562415272,18.6419972777367,4.));
#12960=CARTESIAN_POINT('Ctrl Pts',(50.3519950900227,18.5197243094444,4.));
#12961=CARTESIAN_POINT('Ctrl Pts',(50.2657877001911,18.3569869399071,4.));
#12962=CARTESIAN_POINT('Ctrl Pts',(50.8613191638142,18.8372823596001,4.5));
#12963=CARTESIAN_POINT('Ctrl Pts',(50.8613191638142,18.8372823596001,4.));
#12964=CARTESIAN_POINT('Ctrl Pts',(50.6581173930317,18.7642702460289,4.5));
#12965=CARTESIAN_POINT('Ctrl Pts',(50.6581173930317,18.7642702460289,4.));
#12966=CARTESIAN_POINT('Ctrl Pts',(50.5050562415272,18.6419972777367,4.5));
#12967=CARTESIAN_POINT('Ctrl Pts',(50.5050562415272,18.6419972777367,4.));
#12968=CARTESIAN_POINT('Ctrl Pts',(50.8613191638142,18.8372823596001,4.5));
#12969=CARTESIAN_POINT('Ctrl Pts',(50.6581173930317,18.7642702460289,4.5));
#12970=CARTESIAN_POINT('Ctrl Pts',(50.5050562415272,18.6419972777367,4.5));
#12971=CARTESIAN_POINT('Ctrl Pts',(50.8613191638142,18.8372823596001,4.));
#12972=CARTESIAN_POINT('Ctrl Pts',(50.6581173930317,18.7642702460289,4.));
#12973=CARTESIAN_POINT('Ctrl Pts',(50.5050562415272,18.6419972777367,4.));
#12974=CARTESIAN_POINT('Ctrl Pts',(51.0082231555134,17.9022011160851,4.5));
#12975=CARTESIAN_POINT('Ctrl Pts',(51.0082231555134,17.9022011160851,4.));
#12976=CARTESIAN_POINT('Ctrl Pts',(51.0050617434438,17.8788864049347,4.5));
#12977=CARTESIAN_POINT('Ctrl Pts',(51.0050617434438,17.8788864049347,4.));
#12978=CARTESIAN_POINT('Ctrl Pts',(51.0029210499322,17.8564593195915,4.5));
#12979=CARTESIAN_POINT('Ctrl Pts',(51.0029210499322,17.8564593195915,4.));
#12980=CARTESIAN_POINT('',(51.0082231555134,17.9022011160851,4.5));
#12981=CARTESIAN_POINT('',(51.0029210499322,17.8564593195915,4.5));
#12982=CARTESIAN_POINT('Ctrl Pts',(51.0082231555134,17.9022011160851,4.5));
#12983=CARTESIAN_POINT('Ctrl Pts',(51.0050617434438,17.8788864049347,4.5));
#12984=CARTESIAN_POINT('Ctrl Pts',(51.0029210499322,17.8564593195915,4.5));
#12985=CARTESIAN_POINT('',(51.0082231555134,17.9022011160851,4.));
#12986=CARTESIAN_POINT('',(51.0082231555134,17.9022011160851,4.5));
#12987=CARTESIAN_POINT('',(51.0029210499322,17.8564593195915,4.));
#12988=CARTESIAN_POINT('Ctrl Pts',(51.0082231555134,17.9022011160851,4.));
#12989=CARTESIAN_POINT('Ctrl Pts',(51.0050617434438,17.8788864049347,4.));
#12990=CARTESIAN_POINT('Ctrl Pts',(51.0029210499322,17.8564593195915,4.));
#12991=CARTESIAN_POINT('',(51.0029210499322,17.8564593195915,4.5));
#12992=CARTESIAN_POINT('Origin',(51.119060376659,17.8564593195915,4.5));
#12993=CARTESIAN_POINT('',(51.119060376659,17.8564593195915,4.5));
#12994=CARTESIAN_POINT('',(52.4966765143826,17.28792614665,4.5));
#12995=CARTESIAN_POINT('',(51.119060376659,17.8564593195915,4.));
#12996=CARTESIAN_POINT('',(51.119060376659,17.8564593195915,4.5));
#12997=CARTESIAN_POINT('',(51.0082231555134,17.9022011160851,4.));
#12998=CARTESIAN_POINT('Origin',(51.0029210499322,17.8564593195915,4.5));
#12999=CARTESIAN_POINT('',(50.0682909368378,17.8564593195915,4.5));
#13000=CARTESIAN_POINT('',(51.119060376659,17.8564593195915,4.));
#13001=CARTESIAN_POINT('Ctrl Pts',(51.0003052745014,17.712194621563,4.5));
#13002=CARTESIAN_POINT('Ctrl Pts',(51.0003052745014,17.712194621563,4.));
#13003=CARTESIAN_POINT('Ctrl Pts',(50.9955310818631,17.7790379401777,4.5));
#13004=CARTESIAN_POINT('Ctrl Pts',(50.9955310818631,17.7790379401777,4.));
#13005=CARTESIAN_POINT('Ctrl Pts',(51.0029210499322,17.8564593195915,4.5));
#13006=CARTESIAN_POINT('Ctrl Pts',(51.0029210499322,17.8564593195915,4.));
#13007=CARTESIAN_POINT('',(51.0003052745014,17.712194621563,4.5));
#13008=CARTESIAN_POINT('Ctrl Pts',(51.0003052745014,17.712194621563,4.5));
#13009=CARTESIAN_POINT('Ctrl Pts',(50.9955310818631,17.7790379401777,4.5));
#13010=CARTESIAN_POINT('Ctrl Pts',(51.0029210499322,17.8564593195915,4.5));
#13011=CARTESIAN_POINT('',(51.0003052745014,17.712194621563,4.));
#13012=CARTESIAN_POINT('',(51.0003052745014,17.712194621563,4.5));
#13013=CARTESIAN_POINT('Ctrl Pts',(51.0003052745014,17.712194621563,4.));
#13014=CARTESIAN_POINT('Ctrl Pts',(50.9955310818631,17.7790379401777,4.));
#13015=CARTESIAN_POINT('Ctrl Pts',(51.0029210499322,17.8564593195915,4.));
#13016=CARTESIAN_POINT('',(51.0029210499322,17.8564593195915,4.5));
#13017=CARTESIAN_POINT('Ctrl Pts',(51.0504470858723,17.5617715716362,4.5));
#13018=CARTESIAN_POINT('Ctrl Pts',(51.0504470858723,17.5617715716362,4.));
#13019=CARTESIAN_POINT('Ctrl Pts',(51.0064636263996,17.6259872317314,4.5));
#13020=CARTESIAN_POINT('Ctrl Pts',(51.0064636263996,17.6259872317314,4.));
#13021=CARTESIAN_POINT('Ctrl Pts',(51.0003052745014,17.712194621563,4.5));
#13022=CARTESIAN_POINT('Ctrl Pts',(51.0003052745014,17.712194621563,4.));
#13023=CARTESIAN_POINT('',(51.0504470858723,17.5617715716362,4.5));
#13024=CARTESIAN_POINT('Ctrl Pts',(51.0504470858723,17.5617715716362,4.5));
#13025=CARTESIAN_POINT('Ctrl Pts',(51.0064636263996,17.6259872317314,4.5));
#13026=CARTESIAN_POINT('Ctrl Pts',(51.0003052745014,17.712194621563,4.5));
#13027=CARTESIAN_POINT('',(51.0504470858723,17.5617715716362,4.));
#13028=CARTESIAN_POINT('',(51.0504470858723,17.5617715716362,4.5));
#13029=CARTESIAN_POINT('Ctrl Pts',(51.0504470858723,17.5617715716362,4.));
#13030=CARTESIAN_POINT('Ctrl Pts',(51.0064636263996,17.6259872317314,4.));
#13031=CARTESIAN_POINT('Ctrl Pts',(51.0003052745014,17.712194621563,4.));
#13032=CARTESIAN_POINT('Ctrl Pts',(51.1920724902302,17.4614903330803,4.5));
#13033=CARTESIAN_POINT('Ctrl Pts',(51.1920724902302,17.4614903330803,4.));
#13034=CARTESIAN_POINT('Ctrl Pts',(51.0944305453449,17.4975571036339,4.5));
#13035=CARTESIAN_POINT('Ctrl Pts',(51.0944305453449,17.4975571036339,4.));
#13036=CARTESIAN_POINT('Ctrl Pts',(51.0504470858723,17.5617715716362,4.5));
#13037=CARTESIAN_POINT('Ctrl Pts',(51.0504470858723,17.5617715716362,4.));
#13038=CARTESIAN_POINT('',(51.1920724902302,17.4614903330803,4.5));
#13039=CARTESIAN_POINT('Ctrl Pts',(51.1920724902302,17.4614903330803,4.5));
#13040=CARTESIAN_POINT('Ctrl Pts',(51.0944305453449,17.4975571036339,4.5));
#13041=CARTESIAN_POINT('Ctrl Pts',(51.0504470858723,17.5617715716362,4.5));
#13042=CARTESIAN_POINT('',(51.1920724902302,17.4614903330803,4.));
#13043=CARTESIAN_POINT('',(51.1920724902302,17.4614903330803,4.5));
#13044=CARTESIAN_POINT('Ctrl Pts',(51.1920724902302,17.4614903330803,4.));
#13045=CARTESIAN_POINT('Ctrl Pts',(51.0944305453449,17.4975571036339,4.));
#13046=CARTESIAN_POINT('Ctrl Pts',(51.0504470858723,17.5617715716362,4.));
#13047=CARTESIAN_POINT('Ctrl Pts',(51.458610156551,17.4254247546196,4.5));
#13048=CARTESIAN_POINT('Ctrl Pts',(51.458610156551,17.4254247546196,4.));
#13049=CARTESIAN_POINT('Ctrl Pts',(51.2897144351155,17.4254247546196,4.5));
#13050=CARTESIAN_POINT('Ctrl Pts',(51.2897144351155,17.4254247546196,4.));
#13051=CARTESIAN_POINT('Ctrl Pts',(51.1920724902302,17.4614903330803,4.5));
#13052=CARTESIAN_POINT('Ctrl Pts',(51.1920724902302,17.4614903330803,4.));
#13053=CARTESIAN_POINT('',(51.458610156551,17.4254247546196,4.5));
#13054=CARTESIAN_POINT('Ctrl Pts',(51.458610156551,17.4254247546196,4.5));
#13055=CARTESIAN_POINT('Ctrl Pts',(51.2897144351155,17.4254247546196,4.5));
#13056=CARTESIAN_POINT('Ctrl Pts',(51.1920724902302,17.4614903330803,4.5));
#13057=CARTESIAN_POINT('',(51.458610156551,17.4254247546196,4.));
#13058=CARTESIAN_POINT('',(51.458610156551,17.4254247546196,4.5));
#13059=CARTESIAN_POINT('Ctrl Pts',(51.458610156551,17.4254247546196,4.));
#13060=CARTESIAN_POINT('Ctrl Pts',(51.2897144351155,17.4254247546196,4.));
#13061=CARTESIAN_POINT('Ctrl Pts',(51.1920724902302,17.4614903330803,4.));
#13062=CARTESIAN_POINT('Origin',(51.623986819759,17.4254247546196,4.5));
#13063=CARTESIAN_POINT('',(51.623986819759,17.4254247546196,4.5));
#13064=CARTESIAN_POINT('',(50.3788238217512,17.4254247546196,4.5));
#13065=CARTESIAN_POINT('',(51.623986819759,17.4254247546196,4.));
#13066=CARTESIAN_POINT('',(51.623986819759,17.4254247546196,4.5));
#13067=CARTESIAN_POINT('',(51.623986819759,17.4254247546196,4.));
#13068=CARTESIAN_POINT('Origin',(51.6873227152973,17.7896043658257,4.5));
#13069=CARTESIAN_POINT('',(51.6873227152973,17.7896043658257,4.5));
#13070=CARTESIAN_POINT('',(50.5899532852562,11.4797611247216,4.5));
#13071=CARTESIAN_POINT('',(51.6873227152973,17.7896043658257,4.));
#13072=CARTESIAN_POINT('',(51.6873227152973,17.7896043658257,4.5));
#13073=CARTESIAN_POINT('',(51.6873227152973,17.7896043658257,4.));
#13074=CARTESIAN_POINT('Origin',(51.608152249828,17.7896043658257,4.5));
#13075=CARTESIAN_POINT('',(51.608152249828,17.7896043658257,4.5));
#13076=CARTESIAN_POINT('',(50.3709065367857,17.7896043658257,4.5));
#13077=CARTESIAN_POINT('',(51.608152249828,17.7896043658257,4.));
#13078=CARTESIAN_POINT('',(51.608152249828,17.7896043658257,4.5));
#13079=CARTESIAN_POINT('',(51.608152249828,17.7896043658257,4.));
#13080=CARTESIAN_POINT('Ctrl Pts',(51.4128671679646,17.8423842787743,4.5));
#13081=CARTESIAN_POINT('Ctrl Pts',(51.4128671679646,17.8423842787743,4.));
#13082=CARTESIAN_POINT('Ctrl Pts',(51.458610156551,17.7896043658257,4.5));
#13083=CARTESIAN_POINT('Ctrl Pts',(51.458610156551,17.7896043658257,4.));
#13084=CARTESIAN_POINT('Ctrl Pts',(51.608152249828,17.7896043658257,4.5));
#13085=CARTESIAN_POINT('Ctrl Pts',(51.608152249828,17.7896043658257,4.));
#13086=CARTESIAN_POINT('',(51.4128671679646,17.8423842787743,4.5));
#13087=CARTESIAN_POINT('Ctrl Pts',(51.4128671679646,17.8423842787743,4.5));
#13088=CARTESIAN_POINT('Ctrl Pts',(51.458610156551,17.7896043658257,4.5));
#13089=CARTESIAN_POINT('Ctrl Pts',(51.608152249828,17.7896043658257,4.5));
#13090=CARTESIAN_POINT('',(51.4128671679646,17.8423842787743,4.));
#13091=CARTESIAN_POINT('',(51.4128671679646,17.8423842787743,4.5));
#13092=CARTESIAN_POINT('Ctrl Pts',(51.4128671679646,17.8423842787743,4.));
#13093=CARTESIAN_POINT('Ctrl Pts',(51.458610156551,17.7896043658257,4.));
#13094=CARTESIAN_POINT('Ctrl Pts',(51.608152249828,17.7896043658257,4.));
#13095=CARTESIAN_POINT('Ctrl Pts',(51.3899956736714,18.0253538489342,4.5));
#13096=CARTESIAN_POINT('Ctrl Pts',(51.3899956736714,18.0253538489342,4.));
#13097=CARTESIAN_POINT('Ctrl Pts',(51.367125371471,17.8951641917229,4.5));
#13098=CARTESIAN_POINT('Ctrl Pts',(51.367125371471,17.8951641917229,4.));
#13099=CARTESIAN_POINT('Ctrl Pts',(51.4128671679646,17.8423842787743,4.5));
#13100=CARTESIAN_POINT('Ctrl Pts',(51.4128671679646,17.8423842787743,4.));
#13101=CARTESIAN_POINT('',(51.3899956736714,18.0253538489342,4.5));
#13102=CARTESIAN_POINT('Ctrl Pts',(51.3899956736714,18.0253538489342,4.5));
#13103=CARTESIAN_POINT('Ctrl Pts',(51.367125371471,17.8951641917229,4.5));
#13104=CARTESIAN_POINT('Ctrl Pts',(51.4128671679646,17.8423842787743,4.5));
#13105=CARTESIAN_POINT('',(51.3899956736714,18.0253538489342,4.));
#13106=CARTESIAN_POINT('',(51.3899956736714,18.0253538489342,4.5));
#13107=CARTESIAN_POINT('Ctrl Pts',(51.3899956736714,18.0253538489342,4.));
#13108=CARTESIAN_POINT('Ctrl Pts',(51.367125371471,17.8951641917229,4.));
#13109=CARTESIAN_POINT('Ctrl Pts',(51.4128671679646,17.8423842787743,4.));
#13110=CARTESIAN_POINT('Origin',(51.6169487033039,19.3254944682121,4.5));
#13111=CARTESIAN_POINT('',(51.6169487033039,19.3254944682121,4.5));
#13112=CARTESIAN_POINT('',(50.3865527846691,12.2769535687988,4.5));
#13113=CARTESIAN_POINT('',(51.6169487033039,19.3254944682121,4.));
#13114=CARTESIAN_POINT('',(51.6169487033039,19.3254944682121,4.5));
#13115=CARTESIAN_POINT('',(51.6169487033039,19.3254944682121,4.));
#13116=CARTESIAN_POINT('Origin',(51.5764843020588,19.3254944682121,4.5));
#13117=CARTESIAN_POINT('',(51.5764843020588,19.3254944682121,4.5));
#13118=CARTESIAN_POINT('',(50.3550725629011,19.3254944682121,4.5));
#13119=CARTESIAN_POINT('',(51.5764843020588,19.3254944682121,4.));
#13120=CARTESIAN_POINT('',(51.5764843020588,19.3254944682121,4.5));
#13121=CARTESIAN_POINT('',(51.5764843020588,19.3254944682121,4.));
#13122=CARTESIAN_POINT('Ctrl Pts',(50.8472453150898,19.22697275877,4.5));
#13123=CARTESIAN_POINT('Ctrl Pts',(50.8472453150898,19.22697275877,4.));
#13124=CARTESIAN_POINT('Ctrl Pts',(51.1823962721974,19.3254944682121,4.5));
#13125=CARTESIAN_POINT('Ctrl Pts',(51.1823962721974,19.3254944682121,4.));
#13126=CARTESIAN_POINT('Ctrl Pts',(51.5764843020588,19.3254944682121,4.5));
#13127=CARTESIAN_POINT('Ctrl Pts',(51.5764843020588,19.3254944682121,4.));
#13128=CARTESIAN_POINT('',(50.8472453150898,19.22697275877,4.5));
#13129=CARTESIAN_POINT('Ctrl Pts',(50.8472453150898,19.22697275877,4.5));
#13130=CARTESIAN_POINT('Ctrl Pts',(51.1823962721974,19.3254944682121,4.5));
#13131=CARTESIAN_POINT('Ctrl Pts',(51.5764843020588,19.3254944682121,4.5));
#13132=CARTESIAN_POINT('',(50.8472453150898,19.22697275877,4.));
#13133=CARTESIAN_POINT('',(50.8472453150898,19.22697275877,4.5));
#13134=CARTESIAN_POINT('Ctrl Pts',(50.8472453150898,19.22697275877,4.));
#13135=CARTESIAN_POINT('Ctrl Pts',(51.1823962721974,19.3254944682121,4.));
#13136=CARTESIAN_POINT('Ctrl Pts',(51.5764843020588,19.3254944682121,4.));
#13137=CARTESIAN_POINT('Ctrl Pts',(50.2631484065205,18.945480287075,4.5));
#13138=CARTESIAN_POINT('Ctrl Pts',(50.2631484065205,18.945480287075,4.));
#13139=CARTESIAN_POINT('Ctrl Pts',(50.5120931658894,19.1284510493279,4.5));
#13140=CARTESIAN_POINT('Ctrl Pts',(50.5120931658894,19.1284510493279,4.));
#13141=CARTESIAN_POINT('Ctrl Pts',(50.8472453150898,19.22697275877,4.5));
#13142=CARTESIAN_POINT('Ctrl Pts',(50.8472453150898,19.22697275877,4.));
#13143=CARTESIAN_POINT('',(50.2631484065205,18.945480287075,4.5));
#13144=CARTESIAN_POINT('Ctrl Pts',(50.2631484065205,18.945480287075,4.5));
#13145=CARTESIAN_POINT('Ctrl Pts',(50.5120931658894,19.1284510493279,4.5));
#13146=CARTESIAN_POINT('Ctrl Pts',(50.8472453150898,19.22697275877,4.5));
#13147=CARTESIAN_POINT('',(50.2631484065205,18.945480287075,4.));
#13148=CARTESIAN_POINT('',(50.2631484065205,18.945480287075,4.5));
#13149=CARTESIAN_POINT('Ctrl Pts',(50.2631484065205,18.945480287075,4.));
#13150=CARTESIAN_POINT('Ctrl Pts',(50.5120931658894,19.1284510493279,4.));
#13151=CARTESIAN_POINT('Ctrl Pts',(50.8472453150898,19.22697275877,4.));
#13152=CARTESIAN_POINT('Ctrl Pts',(49.8752175364643,18.5047695040703,4.5));
#13153=CARTESIAN_POINT('Ctrl Pts',(49.8752175364643,18.5047695040703,4.));
#13154=CARTESIAN_POINT('Ctrl Pts',(50.0142048392445,18.7625107169151,4.5));
#13155=CARTESIAN_POINT('Ctrl Pts',(50.0142048392445,18.7625107169151,4.));
#13156=CARTESIAN_POINT('Ctrl Pts',(50.2631484065205,18.945480287075,4.5));
#13157=CARTESIAN_POINT('Ctrl Pts',(50.2631484065205,18.945480287075,4.));
#13158=CARTESIAN_POINT('',(49.8752175364643,18.5047695040703,4.5));
#13159=CARTESIAN_POINT('Ctrl Pts',(49.8752175364643,18.5047695040703,4.5));
#13160=CARTESIAN_POINT('Ctrl Pts',(50.0142048392445,18.7625107169151,4.5));
#13161=CARTESIAN_POINT('Ctrl Pts',(50.2631484065205,18.945480287075,4.5));
#13162=CARTESIAN_POINT('',(49.8752175364643,18.5047695040703,4.));
#13163=CARTESIAN_POINT('',(49.8752175364643,18.5047695040703,4.5));
#13164=CARTESIAN_POINT('Ctrl Pts',(49.8752175364643,18.5047695040703,4.));
#13165=CARTESIAN_POINT('Ctrl Pts',(50.0142048392445,18.7625107169151,4.));
#13166=CARTESIAN_POINT('Ctrl Pts',(50.2631484065205,18.945480287075,4.));
#13167=CARTESIAN_POINT('Ctrl Pts',(49.7362314257771,17.9303500056267,4.5));
#13168=CARTESIAN_POINT('Ctrl Pts',(49.7362314257771,17.9303500056267,4.));
#13169=CARTESIAN_POINT('Ctrl Pts',(49.7362314257771,18.2470294833183,4.5));
#13170=CARTESIAN_POINT('Ctrl Pts',(49.7362314257771,18.2470294833183,4.));
#13171=CARTESIAN_POINT('Ctrl Pts',(49.8752175364643,18.5047695040703,4.5));
#13172=CARTESIAN_POINT('Ctrl Pts',(49.8752175364643,18.5047695040703,4.));
#13173=CARTESIAN_POINT('',(49.7362314257771,17.9303500056267,4.5));
#13174=CARTESIAN_POINT('Ctrl Pts',(49.7362314257771,17.9303500056267,4.5));
#13175=CARTESIAN_POINT('Ctrl Pts',(49.7362314257771,18.2470294833183,4.5));
#13176=CARTESIAN_POINT('Ctrl Pts',(49.8752175364643,18.5047695040703,4.5));
#13177=CARTESIAN_POINT('',(49.7362314257771,17.9303500056267,4.));
#13178=CARTESIAN_POINT('',(49.7362314257771,17.9303500056267,4.5));
#13179=CARTESIAN_POINT('Ctrl Pts',(49.7362314257771,17.9303500056267,4.));
#13180=CARTESIAN_POINT('Ctrl Pts',(49.7362314257771,18.2470294833183,4.));
#13181=CARTESIAN_POINT('Ctrl Pts',(49.8752175364643,18.5047695040703,4.));
#13182=CARTESIAN_POINT('Ctrl Pts',(49.8752175364643,17.5432989001274,4.5));
#13183=CARTESIAN_POINT('Ctrl Pts',(49.8752175364643,17.5432989001274,4.));
#13184=CARTESIAN_POINT('Ctrl Pts',(49.7362314257771,17.6805266737938,4.5));
#13185=CARTESIAN_POINT('Ctrl Pts',(49.7362314257771,17.6805266737938,4.));
#13186=CARTESIAN_POINT('Ctrl Pts',(49.7362314257771,17.9303500056267,4.5));
#13187=CARTESIAN_POINT('Ctrl Pts',(49.7362314257771,17.9303500056267,4.));
#13188=CARTESIAN_POINT('',(49.8752175364643,17.5432989001274,4.5));
#13189=CARTESIAN_POINT('Ctrl Pts',(49.8752175364643,17.5432989001274,4.5));
#13190=CARTESIAN_POINT('Ctrl Pts',(49.7362314257771,17.6805266737938,4.5));
#13191=CARTESIAN_POINT('Ctrl Pts',(49.7362314257771,17.9303500056267,4.5));
#13192=CARTESIAN_POINT('',(49.8752175364643,17.5432989001274,4.));
#13193=CARTESIAN_POINT('',(49.8752175364643,17.5432989001274,4.5));
#13194=CARTESIAN_POINT('Ctrl Pts',(49.8752175364643,17.5432989001274,4.));
#13195=CARTESIAN_POINT('Ctrl Pts',(49.7362314257771,17.6805266737938,4.));
#13196=CARTESIAN_POINT('Ctrl Pts',(49.7362314257771,17.9303500056267,4.));
#13197=CARTESIAN_POINT('Ctrl Pts',(50.2675472293049,17.4060723185539,4.5));
#13198=CARTESIAN_POINT('Ctrl Pts',(50.2675472293049,17.4060723185539,4.));
#13199=CARTESIAN_POINT('Ctrl Pts',(50.0142048392445,17.4060723185539,4.5));
#13200=CARTESIAN_POINT('Ctrl Pts',(50.0142048392445,17.4060723185539,4.));
#13201=CARTESIAN_POINT('Ctrl Pts',(49.8752175364643,17.5432989001274,4.5));
#13202=CARTESIAN_POINT('Ctrl Pts',(49.8752175364643,17.5432989001274,4.));
#13203=CARTESIAN_POINT('',(50.2675472293049,17.4060723185539,4.5));
#13204=CARTESIAN_POINT('Ctrl Pts',(50.2675472293049,17.4060723185539,4.5));
#13205=CARTESIAN_POINT('Ctrl Pts',(50.0142048392445,17.4060723185539,4.5));
#13206=CARTESIAN_POINT('Ctrl Pts',(49.8752175364643,17.5432989001274,4.5));
#13207=CARTESIAN_POINT('',(50.2675472293049,17.4060723185539,4.));
#13208=CARTESIAN_POINT('',(50.2675472293049,17.4060723185539,4.5));
#13209=CARTESIAN_POINT('Ctrl Pts',(50.2675472293049,17.4060723185539,4.));
#13210=CARTESIAN_POINT('Ctrl Pts',(50.0142048392445,17.4060723185539,4.));
#13211=CARTESIAN_POINT('Ctrl Pts',(49.8752175364643,17.5432989001274,4.));
#13212=CARTESIAN_POINT('Ctrl Pts',(50.7284902129322,17.5723275542259,4.5));
#13213=CARTESIAN_POINT('Ctrl Pts',(50.7284902129322,17.5723275542259,4.));
#13214=CARTESIAN_POINT('Ctrl Pts',(50.5314456019551,17.4060723185539,4.5));
#13215=CARTESIAN_POINT('Ctrl Pts',(50.5314456019551,17.4060723185539,4.));
#13216=CARTESIAN_POINT('Ctrl Pts',(50.2675472293049,17.4060723185539,4.5));
#13217=CARTESIAN_POINT('Ctrl Pts',(50.2675472293049,17.4060723185539,4.));
#13218=CARTESIAN_POINT('',(50.7284902129322,17.5723275542259,4.5));
#13219=CARTESIAN_POINT('Ctrl Pts',(50.7284902129322,17.5723275542259,4.5));
#13220=CARTESIAN_POINT('Ctrl Pts',(50.5314456019551,17.4060723185539,4.5));
#13221=CARTESIAN_POINT('Ctrl Pts',(50.2675472293049,17.4060723185539,4.5));
#13222=CARTESIAN_POINT('',(50.7284902129322,17.5723275542259,4.));
#13223=CARTESIAN_POINT('',(50.7284902129322,17.5723275542259,4.5));
#13224=CARTESIAN_POINT('Ctrl Pts',(50.7284902129322,17.5723275542259,4.));
#13225=CARTESIAN_POINT('Ctrl Pts',(50.5314456019551,17.4060723185539,4.));
#13226=CARTESIAN_POINT('Ctrl Pts',(50.2675472293049,17.4060723185539,4.));
#13227=CARTESIAN_POINT('Ctrl Pts',(50.946396563648,17.8564593195904,4.5));
#13228=CARTESIAN_POINT('Ctrl Pts',(50.946396563648,17.8564593195904,4.));
#13229=CARTESIAN_POINT('Ctrl Pts',(50.860867775354,17.6840211475463,4.5));
#13230=CARTESIAN_POINT('Ctrl Pts',(50.860867775354,17.6840211475463,4.));
#13231=CARTESIAN_POINT('Ctrl Pts',(50.7284902129322,17.5723275542259,4.5));
#13232=CARTESIAN_POINT('Ctrl Pts',(50.7284902129322,17.5723275542259,4.));
#13233=CARTESIAN_POINT('',(50.9463965636486,17.8564593195915,4.5));
#13234=CARTESIAN_POINT('Ctrl Pts',(50.946396563648,17.8564593195904,4.5));
#13235=CARTESIAN_POINT('Ctrl Pts',(50.860867775354,17.6840211475463,4.5));
#13236=CARTESIAN_POINT('Ctrl Pts',(50.7284902129322,17.5723275542259,4.5));
#13237=CARTESIAN_POINT('',(50.9463965636486,17.8564593195915,4.));
#13238=CARTESIAN_POINT('',(50.9463965636486,17.8564593195915,4.5));
#13239=CARTESIAN_POINT('Ctrl Pts',(50.946396563648,17.8564593195904,4.));
#13240=CARTESIAN_POINT('Ctrl Pts',(50.860867775354,17.6840211475463,4.));
#13241=CARTESIAN_POINT('Ctrl Pts',(50.7284902129322,17.5723275542259,4.));
#13242=CARTESIAN_POINT('Origin',(50.9149788413197,17.8564593195915,4.5));
#13243=CARTESIAN_POINT('',(50.9149788413197,17.8564593195915,4.5));
#13244=CARTESIAN_POINT('',(50.0243198325315,17.8564593195915,4.5));
#13245=CARTESIAN_POINT('',(50.9149788413197,17.8564593195915,4.));
#13246=CARTESIAN_POINT('',(50.9149788413197,17.8564593195915,4.5));
#13247=CARTESIAN_POINT('',(51.119060376659,17.8564593195915,4.));
#13248=CARTESIAN_POINT('',(50.9463965636486,17.8564593195915,4.5));
#13249=CARTESIAN_POINT('Origin',(51.0187791381031,18.0394288897514,4.5));
#13250=CARTESIAN_POINT('',(51.0187791381031,18.0394288897514,4.5));
#13251=CARTESIAN_POINT('',(48.0410034200195,12.7904810538213,4.5));
#13252=CARTESIAN_POINT('',(51.0187791381031,18.0394288897514,4.));
#13253=CARTESIAN_POINT('',(51.0187791381031,18.0394288897514,4.5));
#13254=CARTESIAN_POINT('',(50.9149788413197,17.8564593195915,4.));
#13255=CARTESIAN_POINT('Ctrl Pts',(50.9463965636486,17.8564593195915,4.5));
#13256=CARTESIAN_POINT('Ctrl Pts',(50.9463965636486,17.8564593195915,4.));
#13257=CARTESIAN_POINT('Ctrl Pts',(50.988177770405,17.9406961603395,4.5));
#13258=CARTESIAN_POINT('Ctrl Pts',(50.988177770405,17.9406961603395,4.));
#13259=CARTESIAN_POINT('Ctrl Pts',(51.0187791381031,18.0394288897514,4.5));
#13260=CARTESIAN_POINT('Ctrl Pts',(51.0187791381031,18.0394288897514,4.));
#13261=CARTESIAN_POINT('Ctrl Pts',(50.9463965636486,17.8564593195915,4.5));
#13262=CARTESIAN_POINT('Ctrl Pts',(50.988177770405,17.9406961603395,4.5));
#13263=CARTESIAN_POINT('Ctrl Pts',(51.0187791381031,18.0394288897514,4.5));
#13264=CARTESIAN_POINT('Ctrl Pts',(50.9463965636486,17.8564593195915,4.));
#13265=CARTESIAN_POINT('Ctrl Pts',(50.988177770405,17.9406961603395,4.));
#13266=CARTESIAN_POINT('Ctrl Pts',(51.0187791381031,18.0394288897514,4.));
#13267=CARTESIAN_POINT('Origin',(51.0029210499322,17.8564593195915,4.5));
#13268=CARTESIAN_POINT('',(50.0682909368378,17.8564593195915,4.5));
#13269=CARTESIAN_POINT('',(51.119060376659,17.8564593195915,4.));
#13270=CARTESIAN_POINT('Origin',(50.7117770705372,18.365783393383,4.));
#13271=CARTESIAN_POINT('Ctrl Pts',(50.3071318659931,23.0781331658363,4.5));
#13272=CARTESIAN_POINT('Ctrl Pts',(50.3071318659931,23.0781331658363,4.));
#13273=CARTESIAN_POINT('Ctrl Pts',(50.4082928691059,22.9655364155769,4.5));
#13274=CARTESIAN_POINT('Ctrl Pts',(50.4082928691059,22.9655364155769,4.));
#13275=CARTESIAN_POINT('Ctrl Pts',(50.4082928691059,22.8071972727776,4.5));
#13276=CARTESIAN_POINT('Ctrl Pts',(50.4082928691059,22.8071972727776,4.));
#13277=CARTESIAN_POINT('',(50.3071318659931,23.0781331658363,4.5));
#13278=CARTESIAN_POINT('',(50.4082928691059,22.8071972727776,4.5));
#13279=CARTESIAN_POINT('Ctrl Pts',(50.3071318659931,23.0781331658363,4.5));
#13280=CARTESIAN_POINT('Ctrl Pts',(50.4082928691059,22.9655364155769,4.5));
#13281=CARTESIAN_POINT('Ctrl Pts',(50.4082928691059,22.8071972727776,4.5));
#13282=CARTESIAN_POINT('',(50.3071318659931,23.0781331658363,4.));
#13283=CARTESIAN_POINT('',(50.3071318659931,23.0781331658363,4.5));
#13284=CARTESIAN_POINT('',(50.4082928691059,22.8071972727776,4.));
#13285=CARTESIAN_POINT('Ctrl Pts',(50.3071318659931,23.0781331658363,4.));
#13286=CARTESIAN_POINT('Ctrl Pts',(50.4082928691059,22.9655364155769,4.));
#13287=CARTESIAN_POINT('Ctrl Pts',(50.4082928691059,22.8071972727776,4.));
#13288=CARTESIAN_POINT('',(50.4082928691059,22.8071972727776,4.5));
#13289=CARTESIAN_POINT('Ctrl Pts',(50.0106857810169,23.250547349453,4.5));
#13290=CARTESIAN_POINT('Ctrl Pts',(50.0106857810169,23.250547349453,4.));
#13291=CARTESIAN_POINT('Ctrl Pts',(50.2059708628803,23.1907299160957,4.5));
#13292=CARTESIAN_POINT('Ctrl Pts',(50.2059708628803,23.1907299160957,4.));
#13293=CARTESIAN_POINT('Ctrl Pts',(50.3071318659931,23.0781331658363,4.5));
#13294=CARTESIAN_POINT('Ctrl Pts',(50.3071318659931,23.0781331658363,4.));
#13295=CARTESIAN_POINT('',(50.0106857810169,23.250547349453,4.5));
#13296=CARTESIAN_POINT('Ctrl Pts',(50.0106857810169,23.250547349453,4.5));
#13297=CARTESIAN_POINT('Ctrl Pts',(50.2059708628803,23.1907299160957,4.5));
#13298=CARTESIAN_POINT('Ctrl Pts',(50.3071318659931,23.0781331658363,4.5));
#13299=CARTESIAN_POINT('',(50.0106857810169,23.250547349453,4.));
#13300=CARTESIAN_POINT('',(50.0106857810169,23.250547349453,4.5));
#13301=CARTESIAN_POINT('Ctrl Pts',(50.0106857810169,23.250547349453,4.));
#13302=CARTESIAN_POINT('Ctrl Pts',(50.2059708628803,23.1907299160957,4.));
#13303=CARTESIAN_POINT('Ctrl Pts',(50.3071318659931,23.0781331658363,4.));
#13304=CARTESIAN_POINT('Origin',(49.496962884441,23.4053674340248,4.5));
#13305=CARTESIAN_POINT('',(49.496962884441,23.4053674340248,4.5));
#13306=CARTESIAN_POINT('',(51.8408269947746,22.6989997751071,4.5));
#13307=CARTESIAN_POINT('',(49.496962884441,23.4053674340248,4.));
#13308=CARTESIAN_POINT('',(49.496962884441,23.4053674340248,4.5));
#13309=CARTESIAN_POINT('',(49.496962884441,23.4053674340248,4.));
#13310=CARTESIAN_POINT('Ctrl Pts',(49.4186733756214,23.4431931376457,4.5));
#13311=CARTESIAN_POINT('Ctrl Pts',(49.4186733756214,23.4431931376457,4.));
#13312=CARTESIAN_POINT('Ctrl Pts',(49.4459425006062,23.4194424748421,4.5));
#13313=CARTESIAN_POINT('Ctrl Pts',(49.4459425006062,23.4194424748421,4.));
#13314=CARTESIAN_POINT('Ctrl Pts',(49.496962884441,23.4053674340248,4.5));
#13315=CARTESIAN_POINT('Ctrl Pts',(49.496962884441,23.4053674340248,4.));
#13316=CARTESIAN_POINT('',(49.4186733756214,23.4431931376457,4.5));
#13317=CARTESIAN_POINT('Ctrl Pts',(49.4186733756214,23.4431931376457,4.5));
#13318=CARTESIAN_POINT('Ctrl Pts',(49.4459425006062,23.4194424748421,4.5));
#13319=CARTESIAN_POINT('Ctrl Pts',(49.496962884441,23.4053674340248,4.5));
#13320=CARTESIAN_POINT('',(49.4186733756214,23.4431931376457,4.));
#13321=CARTESIAN_POINT('',(49.4186733756214,23.4431931376457,4.5));
#13322=CARTESIAN_POINT('Ctrl Pts',(49.4186733756214,23.4431931376457,4.));
#13323=CARTESIAN_POINT('Ctrl Pts',(49.4459425006062,23.4194424748421,4.));
#13324=CARTESIAN_POINT('Ctrl Pts',(49.496962884441,23.4053674340248,4.));
#13325=CARTESIAN_POINT('Ctrl Pts',(49.3914036545902,23.5003712773323,4.5));
#13326=CARTESIAN_POINT('Ctrl Pts',(49.3914036545902,23.5003712773323,4.));
#13327=CARTESIAN_POINT('Ctrl Pts',(49.3914036545902,23.4669438004494,4.5));
#13328=CARTESIAN_POINT('Ctrl Pts',(49.3914036545902,23.4669438004494,4.));
#13329=CARTESIAN_POINT('Ctrl Pts',(49.4186733756214,23.4431931376457,4.5));
#13330=CARTESIAN_POINT('Ctrl Pts',(49.4186733756214,23.4431931376457,4.));
#13331=CARTESIAN_POINT('',(49.3914036545902,23.5003712773323,4.5));
#13332=CARTESIAN_POINT('Ctrl Pts',(49.3914036545902,23.5003712773323,4.5));
#13333=CARTESIAN_POINT('Ctrl Pts',(49.3914036545902,23.4669438004494,4.5));
#13334=CARTESIAN_POINT('Ctrl Pts',(49.4186733756214,23.4431931376457,4.5));
#13335=CARTESIAN_POINT('',(49.3914036545902,23.5003712773323,4.));
#13336=CARTESIAN_POINT('',(49.3914036545902,23.5003712773323,4.5));
#13337=CARTESIAN_POINT('Ctrl Pts',(49.3914036545902,23.5003712773323,4.));
#13338=CARTESIAN_POINT('Ctrl Pts',(49.3914036545902,23.4669438004494,4.));
#13339=CARTESIAN_POINT('Ctrl Pts',(49.4186733756214,23.4431931376457,4.));
#13340=CARTESIAN_POINT('Ctrl Pts',(49.5277510676533,23.648154437542,4.5));
#13341=CARTESIAN_POINT('Ctrl Pts',(49.5277510676533,23.648154437542,4.));
#13342=CARTESIAN_POINT('Ctrl Pts',(49.3914036545902,23.5971340537071,4.5));
#13343=CARTESIAN_POINT('Ctrl Pts',(49.3914036545902,23.5971340537071,4.));
#13344=CARTESIAN_POINT('Ctrl Pts',(49.3914036545902,23.5003712773323,4.5));
#13345=CARTESIAN_POINT('Ctrl Pts',(49.3914036545902,23.5003712773323,4.));
#13346=CARTESIAN_POINT('',(49.5277510676533,23.648154437542,4.5));
#13347=CARTESIAN_POINT('Ctrl Pts',(49.5277510676533,23.648154437542,4.5));
#13348=CARTESIAN_POINT('Ctrl Pts',(49.3914036545902,23.5971340537071,4.5));
#13349=CARTESIAN_POINT('Ctrl Pts',(49.3914036545902,23.5003712773323,4.5));
#13350=CARTESIAN_POINT('',(49.5277510676533,23.648154437542,4.));
#13351=CARTESIAN_POINT('',(49.5277510676533,23.648154437542,4.5));
#13352=CARTESIAN_POINT('Ctrl Pts',(49.5277510676533,23.648154437542,4.));
#13353=CARTESIAN_POINT('Ctrl Pts',(49.3914036545902,23.5971340537071,4.));
#13354=CARTESIAN_POINT('Ctrl Pts',(49.3914036545902,23.5003712773323,4.));
#13355=CARTESIAN_POINT('Ctrl Pts',(49.9297569785267,23.6991748213768,4.5));
#13356=CARTESIAN_POINT('Ctrl Pts',(49.9297569785267,23.6991748213768,4.));
#13357=CARTESIAN_POINT('Ctrl Pts',(49.6640990767628,23.6991748213768,4.5));
#13358=CARTESIAN_POINT('Ctrl Pts',(49.6640990767628,23.6991748213768,4.));
#13359=CARTESIAN_POINT('Ctrl Pts',(49.5277510676533,23.648154437542,4.5));
#13360=CARTESIAN_POINT('Ctrl Pts',(49.5277510676533,23.648154437542,4.));
#13361=CARTESIAN_POINT('',(49.9297569785267,23.6991748213768,4.5));
#13362=CARTESIAN_POINT('Ctrl Pts',(49.9297569785267,23.6991748213768,4.5));
#13363=CARTESIAN_POINT('Ctrl Pts',(49.6640990767628,23.6991748213768,4.5));
#13364=CARTESIAN_POINT('Ctrl Pts',(49.5277510676533,23.648154437542,4.5));
#13365=CARTESIAN_POINT('',(49.9297569785267,23.6991748213768,4.));
#13366=CARTESIAN_POINT('',(49.9297569785267,23.6991748213768,4.5));
#13367=CARTESIAN_POINT('Ctrl Pts',(49.9297569785267,23.6991748213768,4.));
#13368=CARTESIAN_POINT('Ctrl Pts',(49.6640990767628,23.6991748213768,4.));
#13369=CARTESIAN_POINT('Ctrl Pts',(49.5277510676533,23.648154437542,4.));
#13370=CARTESIAN_POINT('Ctrl Pts',(50.1690255198628,23.6903783679008,4.5));
#13371=CARTESIAN_POINT('Ctrl Pts',(50.1690255198628,23.6903783679008,4.));
#13372=CARTESIAN_POINT('Ctrl Pts',(50.035315612331,23.6991748213768,4.5));
#13373=CARTESIAN_POINT('Ctrl Pts',(50.035315612331,23.6991748213768,4.));
#13374=CARTESIAN_POINT('Ctrl Pts',(49.9297569785267,23.6991748213768,4.5));
#13375=CARTESIAN_POINT('Ctrl Pts',(49.9297569785267,23.6991748213768,4.));
#13376=CARTESIAN_POINT('',(50.1690255198628,23.6903783679008,4.5));
#13377=CARTESIAN_POINT('Ctrl Pts',(50.1690255198628,23.6903783679008,4.5));
#13378=CARTESIAN_POINT('Ctrl Pts',(50.035315612331,23.6991748213768,4.5));
#13379=CARTESIAN_POINT('Ctrl Pts',(49.9297569785267,23.6991748213768,4.5));
#13380=CARTESIAN_POINT('',(50.1690255198628,23.6903783679008,4.));
#13381=CARTESIAN_POINT('',(50.1690255198628,23.6903783679008,4.5));
#13382=CARTESIAN_POINT('Ctrl Pts',(50.1690255198628,23.6903783679008,4.));
#13383=CARTESIAN_POINT('Ctrl Pts',(50.035315612331,23.6991748213768,4.));
#13384=CARTESIAN_POINT('Ctrl Pts',(49.9297569785267,23.6991748213768,4.));
#13385=CARTESIAN_POINT('Ctrl Pts',(50.457553723827,23.6675068736076,4.5));
#13386=CARTESIAN_POINT('Ctrl Pts',(50.457553723827,23.6675068736076,4.));
#13387=CARTESIAN_POINT('Ctrl Pts',(50.3027342353016,23.6815813183784,4.5));
#13388=CARTESIAN_POINT('Ctrl Pts',(50.3027342353016,23.6815813183784,4.));
#13389=CARTESIAN_POINT('Ctrl Pts',(50.1690255198628,23.6903783679008,4.5));
#13390=CARTESIAN_POINT('Ctrl Pts',(50.1690255198628,23.6903783679008,4.));
#13391=CARTESIAN_POINT('',(50.457553723827,23.6675068736076,4.5));
#13392=CARTESIAN_POINT('Ctrl Pts',(50.457553723827,23.6675068736076,4.5));
#13393=CARTESIAN_POINT('Ctrl Pts',(50.3027342353016,23.6815813183784,4.5));
#13394=CARTESIAN_POINT('Ctrl Pts',(50.1690255198628,23.6903783679008,4.5));
#13395=CARTESIAN_POINT('',(50.457553723827,23.6675068736076,4.));
#13396=CARTESIAN_POINT('',(50.457553723827,23.6675068736076,4.5));
#13397=CARTESIAN_POINT('Ctrl Pts',(50.457553723827,23.6675068736076,4.));
#13398=CARTESIAN_POINT('Ctrl Pts',(50.3027342353016,23.6815813183784,4.));
#13399=CARTESIAN_POINT('Ctrl Pts',(50.1690255198628,23.6903783679008,4.));
#13400=CARTESIAN_POINT('Origin',(50.5719100032002,24.0615954995155,4.5));
#13401=CARTESIAN_POINT('',(50.5719100032002,24.0615954995155,4.5));
#13402=CARTESIAN_POINT('',(47.9963047399035,15.1856794181467,4.5));
#13403=CARTESIAN_POINT('',(50.5719100032002,24.0615954995155,4.));
#13404=CARTESIAN_POINT('',(50.5719100032002,24.0615954995155,4.5));
#13405=CARTESIAN_POINT('',(50.5719100032002,24.0615954995155,4.));
#13406=CARTESIAN_POINT('Ctrl Pts',(50.2851401362568,24.0932634472847,4.5));
#13407=CARTESIAN_POINT('Ctrl Pts',(50.2851401362568,24.0932634472847,4.));
#13408=CARTESIAN_POINT('Ctrl Pts',(50.4294048342854,24.082707464695,4.5));
#13409=CARTESIAN_POINT('Ctrl Pts',(50.4294048342854,24.082707464695,4.));
#13410=CARTESIAN_POINT('Ctrl Pts',(50.5719100032002,24.0615954995155,4.5));
#13411=CARTESIAN_POINT('Ctrl Pts',(50.5719100032002,24.0615954995155,4.));
#13412=CARTESIAN_POINT('',(50.2851401362568,24.0932634472847,4.5));
#13413=CARTESIAN_POINT('Ctrl Pts',(50.2851401362568,24.0932634472847,4.5));
#13414=CARTESIAN_POINT('Ctrl Pts',(50.4294048342854,24.082707464695,4.5));
#13415=CARTESIAN_POINT('Ctrl Pts',(50.5719100032002,24.0615954995155,4.5));
#13416=CARTESIAN_POINT('',(50.2851401362568,24.0932634472847,4.));
#13417=CARTESIAN_POINT('',(50.2851401362568,24.0932634472847,4.5));
#13418=CARTESIAN_POINT('Ctrl Pts',(50.2851401362568,24.0932634472847,4.));
#13419=CARTESIAN_POINT('Ctrl Pts',(50.4294048342854,24.082707464695,4.));
#13420=CARTESIAN_POINT('Ctrl Pts',(50.5719100032002,24.0615954995155,4.));
#13421=CARTESIAN_POINT('Ctrl Pts',(50.0054083857685,24.1038194298744,4.5));
#13422=CARTESIAN_POINT('Ctrl Pts',(50.0054083857685,24.1038194298744,4.));
#13423=CARTESIAN_POINT('Ctrl Pts',(50.1408754382282,24.1038194298744,4.5));
#13424=CARTESIAN_POINT('Ctrl Pts',(50.1408754382282,24.1038194298744,4.));
#13425=CARTESIAN_POINT('Ctrl Pts',(50.2851401362568,24.0932634472847,4.5));
#13426=CARTESIAN_POINT('Ctrl Pts',(50.2851401362568,24.0932634472847,4.));
#13427=CARTESIAN_POINT('',(50.0054083857685,24.1038194298744,4.5));
#13428=CARTESIAN_POINT('Ctrl Pts',(50.0054083857685,24.1038194298744,4.5));
#13429=CARTESIAN_POINT('Ctrl Pts',(50.1408754382282,24.1038194298744,4.5));
#13430=CARTESIAN_POINT('Ctrl Pts',(50.2851401362568,24.0932634472847,4.5));
#13431=CARTESIAN_POINT('',(50.0054083857685,24.1038194298744,4.));
#13432=CARTESIAN_POINT('',(50.0054083857685,24.1038194298744,4.5));
#13433=CARTESIAN_POINT('Ctrl Pts',(50.0054083857685,24.1038194298744,4.));
#13434=CARTESIAN_POINT('Ctrl Pts',(50.1408754382282,24.1038194298744,4.));
#13435=CARTESIAN_POINT('Ctrl Pts',(50.2851401362568,24.0932634472847,4.));
#13436=CARTESIAN_POINT('Ctrl Pts',(49.2084340844303,23.9349243044853,4.5));
#13437=CARTESIAN_POINT('Ctrl Pts',(49.2084340844303,23.9349243044853,4.));
#13438=CARTESIAN_POINT('Ctrl Pts',(49.4793699774891,24.1038194298744,4.5));
#13439=CARTESIAN_POINT('Ctrl Pts',(49.4793699774891,24.1038194298744,4.));
#13440=CARTESIAN_POINT('Ctrl Pts',(50.0054083857685,24.1038194298744,4.5));
#13441=CARTESIAN_POINT('Ctrl Pts',(50.0054083857685,24.1038194298744,4.));
#13442=CARTESIAN_POINT('',(49.2084340844303,23.9349243044853,4.5));
#13443=CARTESIAN_POINT('Ctrl Pts',(49.2084340844303,23.9349243044853,4.5));
#13444=CARTESIAN_POINT('Ctrl Pts',(49.4793699774891,24.1038194298744,4.5));
#13445=CARTESIAN_POINT('Ctrl Pts',(50.0054083857685,24.1038194298744,4.5));
#13446=CARTESIAN_POINT('',(49.2084340844303,23.9349243044853,4.));
#13447=CARTESIAN_POINT('',(49.2084340844303,23.9349243044853,4.5));
#13448=CARTESIAN_POINT('Ctrl Pts',(49.2084340844303,23.9349243044853,4.));
#13449=CARTESIAN_POINT('Ctrl Pts',(49.4793699774891,24.1038194298744,4.));
#13450=CARTESIAN_POINT('Ctrl Pts',(50.0054083857685,24.1038194298744,4.));
#13451=CARTESIAN_POINT('Ctrl Pts',(48.9374981913716,23.437035381794,4.5));
#13452=CARTESIAN_POINT('Ctrl Pts',(48.9374981913716,23.437035381794,4.));
#13453=CARTESIAN_POINT('Ctrl Pts',(48.9374981913716,23.7660291790962,4.5));
#13454=CARTESIAN_POINT('Ctrl Pts',(48.9374981913716,23.7660291790962,4.));
#13455=CARTESIAN_POINT('Ctrl Pts',(49.2084340844303,23.9349243044853,4.5));
#13456=CARTESIAN_POINT('Ctrl Pts',(49.2084340844303,23.9349243044853,4.));
#13457=CARTESIAN_POINT('',(48.9374981913716,23.437035381794,4.5));
#13458=CARTESIAN_POINT('Ctrl Pts',(48.9374981913716,23.437035381794,4.5));
#13459=CARTESIAN_POINT('Ctrl Pts',(48.9374981913716,23.7660291790962,4.5));
#13460=CARTESIAN_POINT('Ctrl Pts',(49.2084340844303,23.9349243044853,4.5));
#13461=CARTESIAN_POINT('',(48.9374981913716,23.437035381794,4.));
#13462=CARTESIAN_POINT('',(48.9374981913716,23.437035381794,4.5));
#13463=CARTESIAN_POINT('Ctrl Pts',(48.9374981913716,23.437035381794,4.));
#13464=CARTESIAN_POINT('Ctrl Pts',(48.9374981913716,23.7660291790962,4.));
#13465=CARTESIAN_POINT('Ctrl Pts',(49.2084340844303,23.9349243044853,4.));
#13466=CARTESIAN_POINT('Ctrl Pts',(49.0096305403858,23.2127216458321,4.5));
#13467=CARTESIAN_POINT('Ctrl Pts',(49.0096305403858,23.2127216458321,4.));
#13468=CARTESIAN_POINT('Ctrl Pts',(48.9374981913716,23.3068457245827,4.5));
#13469=CARTESIAN_POINT('Ctrl Pts',(48.9374981913716,23.3068457245827,4.));
#13470=CARTESIAN_POINT('Ctrl Pts',(48.9374981913716,23.437035381794,4.5));
#13471=CARTESIAN_POINT('Ctrl Pts',(48.9374981913716,23.437035381794,4.));
#13472=CARTESIAN_POINT('',(49.0096305403858,23.2127216458321,4.5));
#13473=CARTESIAN_POINT('Ctrl Pts',(49.0096305403858,23.2127216458321,4.5));
#13474=CARTESIAN_POINT('Ctrl Pts',(48.9374981913716,23.3068457245827,4.5));
#13475=CARTESIAN_POINT('Ctrl Pts',(48.9374981913716,23.437035381794,4.5));
#13476=CARTESIAN_POINT('',(49.0096305403858,23.2127216458321,4.));
#13477=CARTESIAN_POINT('',(49.0096305403858,23.2127216458321,4.5));
#13478=CARTESIAN_POINT('Ctrl Pts',(49.0096305403858,23.2127216458321,4.));
#13479=CARTESIAN_POINT('Ctrl Pts',(48.9374981913716,23.3068457245827,4.));
#13480=CARTESIAN_POINT('Ctrl Pts',(48.9374981913716,23.437035381794,4.));
#13481=CARTESIAN_POINT('Ctrl Pts',(49.2260269913822,23.0728551745415,4.5));
#13482=CARTESIAN_POINT('Ctrl Pts',(49.2260269913822,23.0728551745415,4.));
#13483=CARTESIAN_POINT('Ctrl Pts',(49.0817628894001,23.1185975670815,4.5));
#13484=CARTESIAN_POINT('Ctrl Pts',(49.0817628894001,23.1185975670815,4.));
#13485=CARTESIAN_POINT('Ctrl Pts',(49.0096305403858,23.2127216458321,4.5));
#13486=CARTESIAN_POINT('Ctrl Pts',(49.0096305403858,23.2127216458321,4.));
#13487=CARTESIAN_POINT('',(49.2260269913822,23.0728551745415,4.5));
#13488=CARTESIAN_POINT('Ctrl Pts',(49.2260269913822,23.0728551745415,4.5));
#13489=CARTESIAN_POINT('Ctrl Pts',(49.0817628894001,23.1185975670815,4.5));
#13490=CARTESIAN_POINT('Ctrl Pts',(49.0096305403858,23.2127216458321,4.5));
#13491=CARTESIAN_POINT('',(49.2260269913822,23.0728551745415,4.));
#13492=CARTESIAN_POINT('',(49.2260269913822,23.0728551745415,4.5));
#13493=CARTESIAN_POINT('Ctrl Pts',(49.2260269913822,23.0728551745415,4.));
#13494=CARTESIAN_POINT('Ctrl Pts',(49.0817628894001,23.1185975670815,4.));
#13495=CARTESIAN_POINT('Ctrl Pts',(49.0096305403858,23.2127216458321,4.));
#13496=CARTESIAN_POINT('Origin',(49.8241971526295,22.8846076130867,4.5));
#13497=CARTESIAN_POINT('',(49.8241971526295,22.8846076130867,4.5));
#13498=CARTESIAN_POINT('',(52.0373716126491,22.188108987505,4.5));
#13499=CARTESIAN_POINT('',(49.8241971526295,22.8846076130867,4.));
#13500=CARTESIAN_POINT('',(49.8241971526295,22.8846076130867,4.5));
#13501=CARTESIAN_POINT('',(49.8241971526295,22.8846076130867,4.));
#13502=CARTESIAN_POINT('Ctrl Pts',(49.9139224085957,22.837105691433,4.5));
#13503=CARTESIAN_POINT('Ctrl Pts',(49.9139224085957,22.837105691433,4.));
#13504=CARTESIAN_POINT('Ctrl Pts',(49.8822556529194,22.865255177021,4.5));
#13505=CARTESIAN_POINT('Ctrl Pts',(49.8822556529194,22.865255177021,4.));
#13506=CARTESIAN_POINT('Ctrl Pts',(49.8241971526295,22.8846076130867,4.5));
#13507=CARTESIAN_POINT('Ctrl Pts',(49.8241971526295,22.8846076130867,4.));
#13508=CARTESIAN_POINT('',(49.9139224085957,22.837105691433,4.5));
#13509=CARTESIAN_POINT('Ctrl Pts',(49.9139224085957,22.837105691433,4.5));
#13510=CARTESIAN_POINT('Ctrl Pts',(49.8822556529194,22.865255177021,4.5));
#13511=CARTESIAN_POINT('Ctrl Pts',(49.8241971526295,22.8846076130867,4.5));
#13512=CARTESIAN_POINT('',(49.9139224085957,22.837105691433,4.));
#13513=CARTESIAN_POINT('',(49.9139224085957,22.837105691433,4.5));
#13514=CARTESIAN_POINT('Ctrl Pts',(49.9139224085957,22.837105691433,4.));
#13515=CARTESIAN_POINT('Ctrl Pts',(49.8822556529194,22.865255177021,4.));
#13516=CARTESIAN_POINT('Ctrl Pts',(49.8241971526295,22.8846076130867,4.));
#13517=CARTESIAN_POINT('Ctrl Pts',(49.9455915484577,22.7702513337135,4.5));
#13518=CARTESIAN_POINT('Ctrl Pts',(49.9455915484577,22.7702513337135,4.));
#13519=CARTESIAN_POINT('Ctrl Pts',(49.9455915484577,22.8089568018913,4.5));
#13520=CARTESIAN_POINT('Ctrl Pts',(49.9455915484577,22.8089568018913,4.));
#13521=CARTESIAN_POINT('Ctrl Pts',(49.9139224085957,22.837105691433,4.5));
#13522=CARTESIAN_POINT('Ctrl Pts',(49.9139224085957,22.837105691433,4.));
#13523=CARTESIAN_POINT('',(49.9455915484577,22.7702513337135,4.5));
#13524=CARTESIAN_POINT('Ctrl Pts',(49.9455915484577,22.7702513337135,4.5));
#13525=CARTESIAN_POINT('Ctrl Pts',(49.9455915484577,22.8089568018913,4.5));
#13526=CARTESIAN_POINT('Ctrl Pts',(49.9139224085957,22.837105691433,4.5));
#13527=CARTESIAN_POINT('',(49.9455915484577,22.7702513337135,4.));
#13528=CARTESIAN_POINT('',(49.9455915484577,22.7702513337135,4.5));
#13529=CARTESIAN_POINT('Ctrl Pts',(49.9455915484577,22.7702513337135,4.));
#13530=CARTESIAN_POINT('Ctrl Pts',(49.9455915484577,22.8089568018913,4.));
#13531=CARTESIAN_POINT('Ctrl Pts',(49.9139224085957,22.837105691433,4.));
#13532=CARTESIAN_POINT('Ctrl Pts',(49.8233179841191,22.6233479380608,4.5));
#13533=CARTESIAN_POINT('Ctrl Pts',(49.8233179841191,22.6233479380608,4.));
#13534=CARTESIAN_POINT('Ctrl Pts',(49.9455915484577,22.6734885573387,4.5));
#13535=CARTESIAN_POINT('Ctrl Pts',(49.9455915484577,22.6734885573387,4.));
#13536=CARTESIAN_POINT('Ctrl Pts',(49.9455915484577,22.7702513337135,4.5));
#13537=CARTESIAN_POINT('Ctrl Pts',(49.9455915484577,22.7702513337135,4.));
#13538=CARTESIAN_POINT('',(49.8233179841191,22.6233479380608,4.5));
#13539=CARTESIAN_POINT('Ctrl Pts',(49.8233179841191,22.6233479380608,4.5));
#13540=CARTESIAN_POINT('Ctrl Pts',(49.9455915484577,22.6734885573387,4.5));
#13541=CARTESIAN_POINT('Ctrl Pts',(49.9455915484577,22.7702513337135,4.5));
#13542=CARTESIAN_POINT('',(49.8233179841191,22.6233479380608,4.));
#13543=CARTESIAN_POINT('',(49.8233179841191,22.6233479380608,4.5));
#13544=CARTESIAN_POINT('Ctrl Pts',(49.8233179841191,22.6233479380608,4.));
#13545=CARTESIAN_POINT('Ctrl Pts',(49.9455915484577,22.6734885573387,4.));
#13546=CARTESIAN_POINT('Ctrl Pts',(49.9455915484577,22.7702513337135,4.));
#13547=CARTESIAN_POINT('Ctrl Pts',(49.4652955327183,22.5732073187828,4.5));
#13548=CARTESIAN_POINT('Ctrl Pts',(49.4652955327183,22.5732073187828,4.));
#13549=CARTESIAN_POINT('Ctrl Pts',(49.7010450158268,22.5732073187828,4.5));
#13550=CARTESIAN_POINT('Ctrl Pts',(49.7010450158268,22.5732073187828,4.));
#13551=CARTESIAN_POINT('Ctrl Pts',(49.8233179841191,22.6233479380608,4.5));
#13552=CARTESIAN_POINT('Ctrl Pts',(49.8233179841191,22.6233479380608,4.));
#13553=CARTESIAN_POINT('',(49.4652955327183,22.5732073187828,4.5));
#13554=CARTESIAN_POINT('Ctrl Pts',(49.4652955327183,22.5732073187828,4.5));
#13555=CARTESIAN_POINT('Ctrl Pts',(49.7010450158268,22.5732073187828,4.5));
#13556=CARTESIAN_POINT('Ctrl Pts',(49.8233179841191,22.6233479380608,4.5));
#13557=CARTESIAN_POINT('',(49.4652955327183,22.5732073187828,4.));
#13558=CARTESIAN_POINT('',(49.4652955327183,22.5732073187828,4.5));
#13559=CARTESIAN_POINT('Ctrl Pts',(49.4652955327183,22.5732073187828,4.));
#13560=CARTESIAN_POINT('Ctrl Pts',(49.7010450158268,22.5732073187828,4.));
#13561=CARTESIAN_POINT('Ctrl Pts',(49.8233179841191,22.6233479380608,4.));
#13562=CARTESIAN_POINT('Ctrl Pts',(49.2066745553166,22.5934395194054,4.5));
#13563=CARTESIAN_POINT('Ctrl Pts',(49.2066745553166,22.5934395194054,4.));
#13564=CARTESIAN_POINT('Ctrl Pts',(49.3685327563435,22.5732073187828,4.5));
#13565=CARTESIAN_POINT('Ctrl Pts',(49.3685327563435,22.5732073187828,4.));
#13566=CARTESIAN_POINT('Ctrl Pts',(49.4652955327183,22.5732073187828,4.5));
#13567=CARTESIAN_POINT('Ctrl Pts',(49.4652955327183,22.5732073187828,4.));
#13568=CARTESIAN_POINT('',(49.2066745553166,22.5934395194054,4.5));
#13569=CARTESIAN_POINT('Ctrl Pts',(49.2066745553166,22.5934395194054,4.5));
#13570=CARTESIAN_POINT('Ctrl Pts',(49.3685327563435,22.5732073187828,4.5));
#13571=CARTESIAN_POINT('Ctrl Pts',(49.4652955327183,22.5732073187828,4.5));
#13572=CARTESIAN_POINT('',(49.2066745553166,22.5934395194054,4.));
#13573=CARTESIAN_POINT('',(49.2066745553166,22.5934395194054,4.5));
#13574=CARTESIAN_POINT('Ctrl Pts',(49.2066745553166,22.5934395194054,4.));
#13575=CARTESIAN_POINT('Ctrl Pts',(49.3685327563435,22.5732073187828,4.));
#13576=CARTESIAN_POINT('Ctrl Pts',(49.4652955327183,22.5732073187828,4.));
#13577=CARTESIAN_POINT('Ctrl Pts',(48.8284199032933,22.6506176590919,4.5));
#13578=CARTESIAN_POINT('Ctrl Pts',(48.8284199032933,22.6506176590919,4.));
#13579=CARTESIAN_POINT('Ctrl Pts',(49.0448169503361,22.6136717200279,4.5));
#13580=CARTESIAN_POINT('Ctrl Pts',(49.0448169503361,22.6136717200279,4.));
#13581=CARTESIAN_POINT('Ctrl Pts',(49.2066745553166,22.5934395194054,4.5));
#13582=CARTESIAN_POINT('Ctrl Pts',(49.2066745553166,22.5934395194054,4.));
#13583=CARTESIAN_POINT('',(48.8284199032933,22.6506176590919,4.5));
#13584=CARTESIAN_POINT('Ctrl Pts',(48.8284199032933,22.6506176590919,4.5));
#13585=CARTESIAN_POINT('Ctrl Pts',(49.0448169503361,22.6136717200279,4.5));
#13586=CARTESIAN_POINT('Ctrl Pts',(49.2066745553166,22.5934395194054,4.5));
#13587=CARTESIAN_POINT('',(48.8284199032933,22.6506176590919,4.));
#13588=CARTESIAN_POINT('',(48.8284199032933,22.6506176590919,4.5));
#13589=CARTESIAN_POINT('Ctrl Pts',(48.8284199032933,22.6506176590919,4.));
#13590=CARTESIAN_POINT('Ctrl Pts',(49.0448169503361,22.6136717200279,4.));
#13591=CARTESIAN_POINT('Ctrl Pts',(49.2066745553166,22.5934395194054,4.));
#13592=CARTESIAN_POINT('Origin',(48.7052671704441,22.2424539923668,4.5));
#13593=CARTESIAN_POINT('',(48.7052671704441,22.2424539923668,4.5));
#13594=CARTESIAN_POINT('',(46.371085663312,14.5063034359652,4.5));
#13595=CARTESIAN_POINT('',(48.7052671704441,22.2424539923668,4.));
#13596=CARTESIAN_POINT('',(48.7052671704441,22.2424539923668,4.5));
#13597=CARTESIAN_POINT('',(48.7052671704441,22.2424539923668,4.));
#13598=CARTESIAN_POINT('Ctrl Pts',(49.0017132554203,22.1879151463509,4.5));
#13599=CARTESIAN_POINT('Ctrl Pts',(49.0017132554203,22.1879151463509,4.));
#13600=CARTESIAN_POINT('Ctrl Pts',(48.8266603741795,22.2072675824165,4.5));
#13601=CARTESIAN_POINT('Ctrl Pts',(48.8266603741795,22.2072675824165,4.));
#13602=CARTESIAN_POINT('Ctrl Pts',(48.7052671704441,22.2424539923668,4.5));
#13603=CARTESIAN_POINT('Ctrl Pts',(48.7052671704441,22.2424539923668,4.));
#13604=CARTESIAN_POINT('',(49.0017132554203,22.1879151463509,4.5));
#13605=CARTESIAN_POINT('Ctrl Pts',(49.0017132554203,22.1879151463509,4.5));
#13606=CARTESIAN_POINT('Ctrl Pts',(48.8266603741795,22.2072675824165,4.5));
#13607=CARTESIAN_POINT('Ctrl Pts',(48.7052671704441,22.2424539923668,4.5));
#13608=CARTESIAN_POINT('',(49.0017132554203,22.1879151463509,4.));
#13609=CARTESIAN_POINT('',(49.0017132554203,22.1879151463509,4.5));
#13610=CARTESIAN_POINT('Ctrl Pts',(49.0017132554203,22.1879151463509,4.));
#13611=CARTESIAN_POINT('Ctrl Pts',(48.8266603741795,22.2072675824165,4.));
#13612=CARTESIAN_POINT('Ctrl Pts',(48.7052671704441,22.2424539923668,4.));
#13613=CARTESIAN_POINT('Ctrl Pts',(49.393163183704,22.1685627102852,4.5));
#13614=CARTESIAN_POINT('Ctrl Pts',(49.393163183704,22.1685627102852,4.));
#13615=CARTESIAN_POINT('Ctrl Pts',(49.1767661366612,22.1685627102852,4.5));
#13616=CARTESIAN_POINT('Ctrl Pts',(49.1767661366612,22.1685627102852,4.));
#13617=CARTESIAN_POINT('Ctrl Pts',(49.0017132554203,22.1879151463509,4.5));
#13618=CARTESIAN_POINT('Ctrl Pts',(49.0017132554203,22.1879151463509,4.));
#13619=CARTESIAN_POINT('',(49.393163183704,22.1685627102852,4.5));
#13620=CARTESIAN_POINT('Ctrl Pts',(49.393163183704,22.1685627102852,4.5));
#13621=CARTESIAN_POINT('Ctrl Pts',(49.1767661366612,22.1685627102852,4.5));
#13622=CARTESIAN_POINT('Ctrl Pts',(49.0017132554203,22.1879151463509,4.5));
#13623=CARTESIAN_POINT('',(49.393163183704,22.1685627102852,4.));
#13624=CARTESIAN_POINT('',(49.393163183704,22.1685627102852,4.5));
#13625=CARTESIAN_POINT('Ctrl Pts',(49.393163183704,22.1685627102852,4.));
#13626=CARTESIAN_POINT('Ctrl Pts',(49.1767661366612,22.1685627102852,4.));
#13627=CARTESIAN_POINT('Ctrl Pts',(49.0017132554203,22.1879151463509,4.));
#13628=CARTESIAN_POINT('Ctrl Pts',(50.150552848354,22.3313000798225,4.5));
#13629=CARTESIAN_POINT('Ctrl Pts',(50.150552848354,22.3313000798225,4.));
#13630=CARTESIAN_POINT('Ctrl Pts',(49.8928104434162,22.1685627102852,4.5));
#13631=CARTESIAN_POINT('Ctrl Pts',(49.8928104434162,22.1685627102852,4.));
#13632=CARTESIAN_POINT('Ctrl Pts',(49.393163183704,22.1685627102852,4.5));
#13633=CARTESIAN_POINT('Ctrl Pts',(49.393163183704,22.1685627102852,4.));
#13634=CARTESIAN_POINT('',(50.150552848354,22.3313000798225,4.5));
#13635=CARTESIAN_POINT('Ctrl Pts',(50.150552848354,22.3313000798225,4.5));
#13636=CARTESIAN_POINT('Ctrl Pts',(49.8928104434162,22.1685627102852,4.5));
#13637=CARTESIAN_POINT('Ctrl Pts',(49.393163183704,22.1685627102852,4.5));
#13638=CARTESIAN_POINT('',(50.150552848354,22.3313000798225,4.));
#13639=CARTESIAN_POINT('',(50.150552848354,22.3313000798225,4.5));
#13640=CARTESIAN_POINT('Ctrl Pts',(50.150552848354,22.3313000798225,4.));
#13641=CARTESIAN_POINT('Ctrl Pts',(49.8928104434162,22.1685627102852,4.));
#13642=CARTESIAN_POINT('Ctrl Pts',(49.393163183704,22.1685627102852,4.));
#13643=CARTESIAN_POINT('Ctrl Pts',(50.4082928691059,22.8071972727776,4.5));
#13644=CARTESIAN_POINT('Ctrl Pts',(50.4082928691059,22.8071972727776,4.));
#13645=CARTESIAN_POINT('Ctrl Pts',(50.4082928691059,22.4940374493599,4.5));
#13646=CARTESIAN_POINT('Ctrl Pts',(50.4082928691059,22.4940374493599,4.));
#13647=CARTESIAN_POINT('Ctrl Pts',(50.150552848354,22.3313000798225,4.5));
#13648=CARTESIAN_POINT('Ctrl Pts',(50.150552848354,22.3313000798225,4.));
#13649=CARTESIAN_POINT('Ctrl Pts',(50.4082928691059,22.8071972727776,4.5));
#13650=CARTESIAN_POINT('Ctrl Pts',(50.4082928691059,22.4940374493599,4.5));
#13651=CARTESIAN_POINT('Ctrl Pts',(50.150552848354,22.3313000798225,4.5));
#13652=CARTESIAN_POINT('Ctrl Pts',(50.4082928691059,22.8071972727776,4.));
#13653=CARTESIAN_POINT('Ctrl Pts',(50.4082928691059,22.4940374493599,4.));
#13654=CARTESIAN_POINT('Ctrl Pts',(50.150552848354,22.3313000798225,4.));
#13655=CARTESIAN_POINT('Origin',(49.6385885868222,23.1361910700798,4.));
#13656=CARTESIAN_POINT('Ctrl Pts',(45.026520350948,22.9373875260353,4.5));
#13657=CARTESIAN_POINT('Ctrl Pts',(45.026520350948,22.9373875260353,4.));
#13658=CARTESIAN_POINT('Ctrl Pts',(45.0247608218342,22.7649733424187,4.5));
#13659=CARTESIAN_POINT('Ctrl Pts',(45.0247608218342,22.7649733424187,4.));
#13660=CARTESIAN_POINT('Ctrl Pts',(45.1083289179951,22.6682105660439,4.5));
#13661=CARTESIAN_POINT('Ctrl Pts',(45.1083289179951,22.6682105660439,4.));
#13662=CARTESIAN_POINT('',(45.026520350948,22.9373875260353,4.5));
#13663=CARTESIAN_POINT('',(45.1083289179951,22.6682105660439,4.5));
#13664=CARTESIAN_POINT('Ctrl Pts',(45.026520350948,22.9373875260353,4.5));
#13665=CARTESIAN_POINT('Ctrl Pts',(45.0247608218342,22.7649733424187,4.5));
#13666=CARTESIAN_POINT('Ctrl Pts',(45.1083289179951,22.6682105660439,4.5));
#13667=CARTESIAN_POINT('',(45.026520350948,22.9373875260353,4.));
#13668=CARTESIAN_POINT('',(45.026520350948,22.9373875260353,4.5));
#13669=CARTESIAN_POINT('',(45.1083289179951,22.6682105660439,4.));
#13670=CARTESIAN_POINT('Ctrl Pts',(45.026520350948,22.9373875260353,4.));
#13671=CARTESIAN_POINT('Ctrl Pts',(45.0247608218342,22.7649733424187,4.));
#13672=CARTESIAN_POINT('Ctrl Pts',(45.1083289179951,22.6682105660439,4.));
#13673=CARTESIAN_POINT('',(45.1083289179951,22.6682105660439,4.5));
#13674=CARTESIAN_POINT('Ctrl Pts',(45.1611082348973,23.4986117482185,4.5));
#13675=CARTESIAN_POINT('Ctrl Pts',(45.1611082348973,23.4986117482185,4.));
#13676=CARTESIAN_POINT('Ctrl Pts',(45.0247608218342,23.2980486750603,4.5));
#13677=CARTESIAN_POINT('Ctrl Pts',(45.0247608218342,23.2980486750603,4.));
#13678=CARTESIAN_POINT('Ctrl Pts',(45.026520350948,22.9373875260353,4.5));
#13679=CARTESIAN_POINT('Ctrl Pts',(45.026520350948,22.9373875260353,4.));
#13680=CARTESIAN_POINT('',(45.1611082348973,23.4986117482185,4.5));
#13681=CARTESIAN_POINT('Ctrl Pts',(45.1611082348973,23.4986117482185,4.5));
#13682=CARTESIAN_POINT('Ctrl Pts',(45.0247608218342,23.2980486750603,4.5));
#13683=CARTESIAN_POINT('Ctrl Pts',(45.026520350948,22.9373875260353,4.5));
#13684=CARTESIAN_POINT('',(45.1611082348973,23.4986117482185,4.));
#13685=CARTESIAN_POINT('',(45.1611082348973,23.4986117482185,4.5));
#13686=CARTESIAN_POINT('Ctrl Pts',(45.1611082348973,23.4986117482185,4.));
#13687=CARTESIAN_POINT('Ctrl Pts',(45.0247608218342,23.2980486750603,4.));
#13688=CARTESIAN_POINT('Ctrl Pts',(45.026520350948,22.9373875260353,4.));
#13689=CARTESIAN_POINT('Ctrl Pts',(45.5402426514775,23.6991748213768,4.5));
#13690=CARTESIAN_POINT('Ctrl Pts',(45.5402426514775,23.6991748213768,4.));
#13691=CARTESIAN_POINT('Ctrl Pts',(45.2974562440068,23.6991748213768,4.5));
#13692=CARTESIAN_POINT('Ctrl Pts',(45.2974562440068,23.6991748213768,4.));
#13693=CARTESIAN_POINT('Ctrl Pts',(45.1611082348973,23.4986117482185,4.5));
#13694=CARTESIAN_POINT('Ctrl Pts',(45.1611082348973,23.4986117482185,4.));
#13695=CARTESIAN_POINT('',(45.5402426514775,23.6991748213768,4.5));
#13696=CARTESIAN_POINT('Ctrl Pts',(45.5402426514775,23.6991748213768,4.5));
#13697=CARTESIAN_POINT('Ctrl Pts',(45.2974562440068,23.6991748213768,4.5));
#13698=CARTESIAN_POINT('Ctrl Pts',(45.1611082348973,23.4986117482185,4.5));
#13699=CARTESIAN_POINT('',(45.5402426514775,23.6991748213768,4.));
#13700=CARTESIAN_POINT('',(45.5402426514775,23.6991748213768,4.5));
#13701=CARTESIAN_POINT('Ctrl Pts',(45.5402426514775,23.6991748213768,4.));
#13702=CARTESIAN_POINT('Ctrl Pts',(45.2974562440068,23.6991748213768,4.));
#13703=CARTESIAN_POINT('Ctrl Pts',(45.1611082348973,23.4986117482185,4.));
#13704=CARTESIAN_POINT('Ctrl Pts',(45.7645569834858,23.6032912135124,4.5));
#13705=CARTESIAN_POINT('Ctrl Pts',(45.7645569834858,23.6032912135124,4.));
#13706=CARTESIAN_POINT('Ctrl Pts',(45.684507349506,23.6991748213768,4.5));
#13707=CARTESIAN_POINT('Ctrl Pts',(45.684507349506,23.6991748213768,4.));
#13708=CARTESIAN_POINT('Ctrl Pts',(45.5402426514775,23.6991748213768,4.5));
#13709=CARTESIAN_POINT('Ctrl Pts',(45.5402426514775,23.6991748213768,4.));
#13710=CARTESIAN_POINT('',(45.7645569834858,23.6032912135124,4.5));
#13711=CARTESIAN_POINT('Ctrl Pts',(45.7645569834858,23.6032912135124,4.5));
#13712=CARTESIAN_POINT('Ctrl Pts',(45.684507349506,23.6991748213768,4.5));
#13713=CARTESIAN_POINT('Ctrl Pts',(45.5402426514775,23.6991748213768,4.5));
#13714=CARTESIAN_POINT('',(45.7645569834858,23.6032912135124,4.));
#13715=CARTESIAN_POINT('',(45.7645569834858,23.6032912135124,4.5));
#13716=CARTESIAN_POINT('Ctrl Pts',(45.7645569834858,23.6032912135124,4.));
#13717=CARTESIAN_POINT('Ctrl Pts',(45.684507349506,23.6991748213768,4.));
#13718=CARTESIAN_POINT('Ctrl Pts',(45.5402426514775,23.6991748213768,4.));
#13719=CARTESIAN_POINT('Ctrl Pts',(45.8428464923054,23.3349946141243,4.5));
#13720=CARTESIAN_POINT('Ctrl Pts',(45.8428464923054,23.3349946141243,4.));
#13721=CARTESIAN_POINT('Ctrl Pts',(45.8446060214192,23.5074082016945,4.5));
#13722=CARTESIAN_POINT('Ctrl Pts',(45.8446060214192,23.5074082016945,4.));
#13723=CARTESIAN_POINT('Ctrl Pts',(45.7645569834858,23.6032912135124,4.5));
#13724=CARTESIAN_POINT('Ctrl Pts',(45.7645569834858,23.6032912135124,4.));
#13725=CARTESIAN_POINT('',(45.8428464923054,23.3349946141243,4.5));
#13726=CARTESIAN_POINT('Ctrl Pts',(45.8428464923054,23.3349946141243,4.5));
#13727=CARTESIAN_POINT('Ctrl Pts',(45.8446060214192,23.5074082016945,4.5));
#13728=CARTESIAN_POINT('Ctrl Pts',(45.7645569834858,23.6032912135124,4.5));
#13729=CARTESIAN_POINT('',(45.8428464923054,23.3349946141243,4.));
#13730=CARTESIAN_POINT('',(45.8428464923054,23.3349946141243,4.5));
#13731=CARTESIAN_POINT('Ctrl Pts',(45.8428464923054,23.3349946141243,4.));
#13732=CARTESIAN_POINT('Ctrl Pts',(45.8446060214192,23.5074082016945,4.));
#13733=CARTESIAN_POINT('Ctrl Pts',(45.7645569834858,23.6032912135124,4.));
#13734=CARTESIAN_POINT('Ctrl Pts',(45.7108973059803,22.774650156498,4.5));
#13735=CARTESIAN_POINT('Ctrl Pts',(45.7108973059803,22.774650156498,4.));
#13736=CARTESIAN_POINT('Ctrl Pts',(45.8446060214192,22.9760923981667,4.5));
#13737=CARTESIAN_POINT('Ctrl Pts',(45.8446060214192,22.9760923981667,4.));
#13738=CARTESIAN_POINT('Ctrl Pts',(45.8428464923054,23.3349946141243,4.5));
#13739=CARTESIAN_POINT('Ctrl Pts',(45.8428464923054,23.3349946141243,4.));
#13740=CARTESIAN_POINT('',(45.7108973059803,22.774650156498,4.5));
#13741=CARTESIAN_POINT('Ctrl Pts',(45.7108973059803,22.774650156498,4.5));
#13742=CARTESIAN_POINT('Ctrl Pts',(45.8446060214192,22.9760923981667,4.5));
#13743=CARTESIAN_POINT('Ctrl Pts',(45.8428464923054,23.3349946141243,4.5));
#13744=CARTESIAN_POINT('',(45.7108973059803,22.774650156498,4.));
#13745=CARTESIAN_POINT('',(45.7108973059803,22.774650156498,4.5));
#13746=CARTESIAN_POINT('Ctrl Pts',(45.7108973059803,22.774650156498,4.));
#13747=CARTESIAN_POINT('Ctrl Pts',(45.8446060214192,22.9760923981667,4.));
#13748=CARTESIAN_POINT('Ctrl Pts',(45.8428464923054,23.3349946141243,4.));
#13749=CARTESIAN_POINT('Ctrl Pts',(45.3396795783192,22.571447789669,4.5));
#13750=CARTESIAN_POINT('Ctrl Pts',(45.3396795783192,22.571447789669,4.));
#13751=CARTESIAN_POINT('Ctrl Pts',(45.5771885905415,22.5732073187828,4.5));
#13752=CARTESIAN_POINT('Ctrl Pts',(45.5771885905415,22.5732073187828,4.));
#13753=CARTESIAN_POINT('Ctrl Pts',(45.7108973059803,22.774650156498,4.5));
#13754=CARTESIAN_POINT('Ctrl Pts',(45.7108973059803,22.774650156498,4.));
#13755=CARTESIAN_POINT('',(45.3396795783192,22.571447789669,4.5));
#13756=CARTESIAN_POINT('Ctrl Pts',(45.3396795783192,22.571447789669,4.5));
#13757=CARTESIAN_POINT('Ctrl Pts',(45.5771885905415,22.5732073187828,4.5));
#13758=CARTESIAN_POINT('Ctrl Pts',(45.7108973059803,22.774650156498,4.5));
#13759=CARTESIAN_POINT('',(45.3396795783192,22.571447789669,4.));
#13760=CARTESIAN_POINT('',(45.3396795783192,22.571447789669,4.5));
#13761=CARTESIAN_POINT('Ctrl Pts',(45.3396795783192,22.571447789669,4.));
#13762=CARTESIAN_POINT('Ctrl Pts',(45.5771885905415,22.5732073187828,4.));
#13763=CARTESIAN_POINT('Ctrl Pts',(45.7108973059803,22.774650156498,4.));
#13764=CARTESIAN_POINT('Ctrl Pts',(45.1083289179951,22.6682105660439,4.5));
#13765=CARTESIAN_POINT('Ctrl Pts',(45.1083289179951,22.6682105660439,4.));
#13766=CARTESIAN_POINT('Ctrl Pts',(45.1918964181095,22.571447789669,4.5));
#13767=CARTESIAN_POINT('Ctrl Pts',(45.1918964181095,22.571447789669,4.));
#13768=CARTESIAN_POINT('Ctrl Pts',(45.3396795783192,22.571447789669,4.5));
#13769=CARTESIAN_POINT('Ctrl Pts',(45.3396795783192,22.571447789669,4.));
#13770=CARTESIAN_POINT('Ctrl Pts',(45.1083289179951,22.6682105660439,4.5));
#13771=CARTESIAN_POINT('Ctrl Pts',(45.1918964181095,22.571447789669,4.5));
#13772=CARTESIAN_POINT('Ctrl Pts',(45.3396795783192,22.571447789669,4.5));
#13773=CARTESIAN_POINT('Ctrl Pts',(45.1083289179951,22.6682105660439,4.));
#13774=CARTESIAN_POINT('Ctrl Pts',(45.1918964181095,22.571447789669,4.));
#13775=CARTESIAN_POINT('Ctrl Pts',(45.3396795783192,22.571447789669,4.));
#13776=CARTESIAN_POINT('Ctrl Pts',(46.106745461002,23.9208492636681,4.5));
#13777=CARTESIAN_POINT('Ctrl Pts',(46.106745461002,23.9208492636681,4.));
#13778=CARTESIAN_POINT('Ctrl Pts',(46.2861965689808,23.7378796935081,4.5));
#13779=CARTESIAN_POINT('Ctrl Pts',(46.2861965689808,23.7378796935081,4.));
#13780=CARTESIAN_POINT('Ctrl Pts',(46.2861965689808,23.4106454253197,4.5));
#13781=CARTESIAN_POINT('Ctrl Pts',(46.2861965689808,23.4106454253197,4.));
#13782=CARTESIAN_POINT('',(46.106745461002,23.9208492636681,4.5));
#13783=CARTESIAN_POINT('',(46.2861965689808,23.4106454253197,4.5));
#13784=CARTESIAN_POINT('Ctrl Pts',(46.106745461002,23.9208492636681,4.5));
#13785=CARTESIAN_POINT('Ctrl Pts',(46.2861965689808,23.7378796935081,4.5));
#13786=CARTESIAN_POINT('Ctrl Pts',(46.2861965689808,23.4106454253197,4.5));
#13787=CARTESIAN_POINT('',(46.106745461002,23.9208492636681,4.));
#13788=CARTESIAN_POINT('',(46.106745461002,23.9208492636681,4.5));
#13789=CARTESIAN_POINT('',(46.2861965689808,23.4106454253197,4.));
#13790=CARTESIAN_POINT('Ctrl Pts',(46.106745461002,23.9208492636681,4.));
#13791=CARTESIAN_POINT('Ctrl Pts',(46.2861965689808,23.7378796935081,4.));
#13792=CARTESIAN_POINT('Ctrl Pts',(46.2861965689808,23.4106454253197,4.));
#13793=CARTESIAN_POINT('',(46.2861965689808,23.4106454253197,4.5));
#13794=CARTESIAN_POINT('Ctrl Pts',(45.6053380761296,24.1038194298744,4.5));
#13795=CARTESIAN_POINT('Ctrl Pts',(45.6053380761296,24.1038194298744,4.));
#13796=CARTESIAN_POINT('Ctrl Pts',(45.9272943530232,24.1038194298744,4.5));
#13797=CARTESIAN_POINT('Ctrl Pts',(45.9272943530232,24.1038194298744,4.));
#13798=CARTESIAN_POINT('Ctrl Pts',(46.106745461002,23.9208492636681,4.5));
#13799=CARTESIAN_POINT('Ctrl Pts',(46.106745461002,23.9208492636681,4.));
#13800=CARTESIAN_POINT('',(45.6053380761296,24.1038194298744,4.5));
#13801=CARTESIAN_POINT('Ctrl Pts',(45.6053380761296,24.1038194298744,4.5));
#13802=CARTESIAN_POINT('Ctrl Pts',(45.9272943530232,24.1038194298744,4.5));
#13803=CARTESIAN_POINT('Ctrl Pts',(46.106745461002,23.9208492636681,4.5));
#13804=CARTESIAN_POINT('',(45.6053380761296,24.1038194298744,4.));
#13805=CARTESIAN_POINT('',(45.6053380761296,24.1038194298744,4.5));
#13806=CARTESIAN_POINT('Ctrl Pts',(45.6053380761296,24.1038194298744,4.));
#13807=CARTESIAN_POINT('Ctrl Pts',(45.9272943530232,24.1038194298744,4.));
#13808=CARTESIAN_POINT('Ctrl Pts',(46.106745461002,23.9208492636681,4.));
#13809=CARTESIAN_POINT('Ctrl Pts',(44.8523469362408,23.7713071703911,4.5));
#13810=CARTESIAN_POINT('Ctrl Pts',(44.8523469362408,23.7713071703911,4.));
#13811=CARTESIAN_POINT('Ctrl Pts',(45.1232825312763,24.1038194298744,4.5));
#13812=CARTESIAN_POINT('Ctrl Pts',(45.1232825312763,24.1038194298744,4.));
#13813=CARTESIAN_POINT('Ctrl Pts',(45.6053380761296,24.1038194298744,4.5));
#13814=CARTESIAN_POINT('Ctrl Pts',(45.6053380761296,24.1038194298744,4.));
#13815=CARTESIAN_POINT('',(44.8523469362408,23.7713071703911,4.5));
#13816=CARTESIAN_POINT('Ctrl Pts',(44.8523469362408,23.7713071703911,4.5));
#13817=CARTESIAN_POINT('Ctrl Pts',(45.1232825312763,24.1038194298744,4.5));
#13818=CARTESIAN_POINT('Ctrl Pts',(45.6053380761296,24.1038194298744,4.5));
#13819=CARTESIAN_POINT('',(44.8523469362408,23.7713071703911,4.));
#13820=CARTESIAN_POINT('',(44.8523469362408,23.7713071703911,4.5));
#13821=CARTESIAN_POINT('Ctrl Pts',(44.8523469362408,23.7713071703911,4.));
#13822=CARTESIAN_POINT('Ctrl Pts',(45.1232825312763,24.1038194298744,4.));
#13823=CARTESIAN_POINT('Ctrl Pts',(45.6053380761296,24.1038194298744,4.));
#13824=CARTESIAN_POINT('Ctrl Pts',(44.5831702742726,22.8441432118416,4.5));
#13825=CARTESIAN_POINT('Ctrl Pts',(44.5831702742726,22.8441432118416,4.));
#13826=CARTESIAN_POINT('Ctrl Pts',(44.581411043182,23.4387949109077,4.5));
#13827=CARTESIAN_POINT('Ctrl Pts',(44.581411043182,23.4387949109077,4.));
#13828=CARTESIAN_POINT('Ctrl Pts',(44.8523469362408,23.7713071703911,4.5));
#13829=CARTESIAN_POINT('Ctrl Pts',(44.8523469362408,23.7713071703911,4.));
#13830=CARTESIAN_POINT('',(44.5831702742726,22.8441432118416,4.5));
#13831=CARTESIAN_POINT('Ctrl Pts',(44.5831702742726,22.8441432118416,4.5));
#13832=CARTESIAN_POINT('Ctrl Pts',(44.581411043182,23.4387949109077,4.5));
#13833=CARTESIAN_POINT('Ctrl Pts',(44.8523469362408,23.7713071703911,4.5));
#13834=CARTESIAN_POINT('',(44.5831702742726,22.8441432118416,4.));
#13835=CARTESIAN_POINT('',(44.5831702742726,22.8441432118416,4.5));
#13836=CARTESIAN_POINT('Ctrl Pts',(44.5831702742726,22.8441432118416,4.));
#13837=CARTESIAN_POINT('Ctrl Pts',(44.581411043182,23.4387949109077,4.));
#13838=CARTESIAN_POINT('Ctrl Pts',(44.8523469362408,23.7713071703911,4.));
#13839=CARTESIAN_POINT('Ctrl Pts',(44.7626213822514,22.3471340537071,4.5));
#13840=CARTESIAN_POINT('Ctrl Pts',(44.7626213822514,22.3471340537071,4.));
#13841=CARTESIAN_POINT('Ctrl Pts',(44.5831702742726,22.5257053971291,4.5));
#13842=CARTESIAN_POINT('Ctrl Pts',(44.5831702742726,22.5257053971291,4.));
#13843=CARTESIAN_POINT('Ctrl Pts',(44.5831702742726,22.8441432118416,4.5));
#13844=CARTESIAN_POINT('Ctrl Pts',(44.5831702742726,22.8441432118416,4.));
#13845=CARTESIAN_POINT('',(44.7626213822514,22.3471340537071,4.5));
#13846=CARTESIAN_POINT('Ctrl Pts',(44.7626213822514,22.3471340537071,4.5));
#13847=CARTESIAN_POINT('Ctrl Pts',(44.5831702742726,22.5257053971291,4.5));
#13848=CARTESIAN_POINT('Ctrl Pts',(44.5831702742726,22.8441432118416,4.5));
#13849=CARTESIAN_POINT('',(44.7626213822514,22.3471340537071,4.));
#13850=CARTESIAN_POINT('',(44.7626213822514,22.3471340537071,4.5));
#13851=CARTESIAN_POINT('Ctrl Pts',(44.7626213822514,22.3471340537071,4.));
#13852=CARTESIAN_POINT('Ctrl Pts',(44.5831702742726,22.5257053971291,4.));
#13853=CARTESIAN_POINT('Ctrl Pts',(44.5831702742726,22.8441432118416,4.));
#13854=CARTESIAN_POINT('Ctrl Pts',(45.2640287671238,22.1685627102852,4.5));
#13855=CARTESIAN_POINT('Ctrl Pts',(45.2640287671238,22.1685627102852,4.));
#13856=CARTESIAN_POINT('Ctrl Pts',(44.9420724902302,22.1685627102852,4.5));
#13857=CARTESIAN_POINT('Ctrl Pts',(44.9420724902302,22.1685627102852,4.));
#13858=CARTESIAN_POINT('Ctrl Pts',(44.7626213822514,22.3471340537071,4.5));
#13859=CARTESIAN_POINT('Ctrl Pts',(44.7626213822514,22.3471340537071,4.));
#13860=CARTESIAN_POINT('',(45.2640287671238,22.1685627102852,4.5));
#13861=CARTESIAN_POINT('Ctrl Pts',(45.2640287671238,22.1685627102852,4.5));
#13862=CARTESIAN_POINT('Ctrl Pts',(44.9420724902302,22.1685627102852,4.5));
#13863=CARTESIAN_POINT('Ctrl Pts',(44.7626213822514,22.3471340537071,4.5));
#13864=CARTESIAN_POINT('',(45.2640287671238,22.1685627102852,4.));
#13865=CARTESIAN_POINT('',(45.2640287671238,22.1685627102852,4.5));
#13866=CARTESIAN_POINT('Ctrl Pts',(45.2640287671238,22.1685627102852,4.));
#13867=CARTESIAN_POINT('Ctrl Pts',(44.9420724902302,22.1685627102852,4.));
#13868=CARTESIAN_POINT('Ctrl Pts',(44.7626213822514,22.3471340537071,4.));
#13869=CARTESIAN_POINT('Ctrl Pts',(46.0170196089894,22.4966767430305,4.5));
#13870=CARTESIAN_POINT('Ctrl Pts',(46.0170196089894,22.4966767430305,4.));
#13871=CARTESIAN_POINT('Ctrl Pts',(45.7460837159306,22.1685627102852,4.5));
#13872=CARTESIAN_POINT('Ctrl Pts',(45.7460837159306,22.1685627102852,4.));
#13873=CARTESIAN_POINT('Ctrl Pts',(45.2640287671238,22.1685627102852,4.5));
#13874=CARTESIAN_POINT('Ctrl Pts',(45.2640287671238,22.1685627102852,4.));
#13875=CARTESIAN_POINT('',(46.0170196089894,22.4966767430305,4.5));
#13876=CARTESIAN_POINT('Ctrl Pts',(46.0170196089894,22.4966767430305,4.5));
#13877=CARTESIAN_POINT('Ctrl Pts',(45.7460837159306,22.1685627102852,4.5));
#13878=CARTESIAN_POINT('Ctrl Pts',(45.2640287671238,22.1685627102852,4.5));
#13879=CARTESIAN_POINT('',(46.0170196089894,22.4966767430305,4.));
#13880=CARTESIAN_POINT('',(46.0170196089894,22.4966767430305,4.5));
#13881=CARTESIAN_POINT('Ctrl Pts',(46.0170196089894,22.4966767430305,4.));
#13882=CARTESIAN_POINT('Ctrl Pts',(45.7460837159306,22.1685627102852,4.));
#13883=CARTESIAN_POINT('Ctrl Pts',(45.2640287671238,22.1685627102852,4.));
#13884=CARTESIAN_POINT('Ctrl Pts',(46.2861965689808,23.4106454253197,4.5));
#13885=CARTESIAN_POINT('Ctrl Pts',(46.2861965689808,23.4106454253197,4.));
#13886=CARTESIAN_POINT('Ctrl Pts',(46.2879555020481,22.8247907757759,4.5));
#13887=CARTESIAN_POINT('Ctrl Pts',(46.2879555020481,22.8247907757759,4.));
#13888=CARTESIAN_POINT('Ctrl Pts',(46.0170196089894,22.4966767430305,4.5));
#13889=CARTESIAN_POINT('Ctrl Pts',(46.0170196089894,22.4966767430305,4.));
#13890=CARTESIAN_POINT('Ctrl Pts',(46.2861965689808,23.4106454253197,4.5));
#13891=CARTESIAN_POINT('Ctrl Pts',(46.2879555020481,22.8247907757759,4.5));
#13892=CARTESIAN_POINT('Ctrl Pts',(46.0170196089894,22.4966767430305,4.5));
#13893=CARTESIAN_POINT('Ctrl Pts',(46.2861965689808,23.4106454253197,4.));
#13894=CARTESIAN_POINT('Ctrl Pts',(46.2879555020481,22.8247907757759,4.));
#13895=CARTESIAN_POINT('Ctrl Pts',(46.0170196089894,22.4966767430305,4.));
#13896=CARTESIAN_POINT('Origin',(45.4346832726151,23.1361910700798,4.));
#13897=CARTESIAN_POINT('Origin',(56.1529514391203,23.6815819144249,4.5));
#13898=CARTESIAN_POINT('',(56.1529514391203,23.6815819144249,4.5));
#13899=CARTESIAN_POINT('',(56.8966816458851,23.6815819144249,4.5));
#13900=CARTESIAN_POINT('',(52.6433061314319,23.6815819144249,4.5));
#13901=CARTESIAN_POINT('',(56.1529514391203,23.6815819144249,4.));
#13902=CARTESIAN_POINT('',(56.1529514391203,23.6815819144249,4.5));
#13903=CARTESIAN_POINT('',(56.8966816458851,23.6815819144249,4.));
#13904=CARTESIAN_POINT('',(55.1355980429798,23.6815819144249,4.));
#13905=CARTESIAN_POINT('',(56.8966816458851,23.6815819144249,4.5));
#13906=CARTESIAN_POINT('Origin',(56.1718390975147,23.8575139641762,4.5));
#13907=CARTESIAN_POINT('',(56.1718390975147,23.8575139641762,4.5));
#13908=CARTESIAN_POINT('',(55.1433553478269,14.2775411353644,4.5));
#13909=CARTESIAN_POINT('',(56.1718390975147,23.8575139641762,4.));
#13910=CARTESIAN_POINT('',(56.1718390975147,23.8575139641762,4.5));
#13911=CARTESIAN_POINT('',(56.1718390975147,23.8575139641762,4.));
#13912=CARTESIAN_POINT('Ctrl Pts',(56.35129080154,24.326374232769,4.5));
#13913=CARTESIAN_POINT('Ctrl Pts',(56.35129080154,24.326374232769,4.));
#13914=CARTESIAN_POINT('Ctrl Pts',(56.2035070452839,24.1794702410698,4.5));
#13915=CARTESIAN_POINT('Ctrl Pts',(56.2035070452839,24.1794702410698,4.));
#13916=CARTESIAN_POINT('Ctrl Pts',(56.1718390975147,23.8575139641762,4.5));
#13917=CARTESIAN_POINT('Ctrl Pts',(56.1718390975147,23.8575139641762,4.));
#13918=CARTESIAN_POINT('',(56.35129080154,24.326374232769,4.5));
#13919=CARTESIAN_POINT('Ctrl Pts',(56.35129080154,24.326374232769,4.5));
#13920=CARTESIAN_POINT('Ctrl Pts',(56.2035070452839,24.1794702410698,4.5));
#13921=CARTESIAN_POINT('Ctrl Pts',(56.1718390975147,23.8575139641762,4.5));
#13922=CARTESIAN_POINT('',(56.35129080154,24.326374232769,4.));
#13923=CARTESIAN_POINT('',(56.35129080154,24.326374232769,4.5));
#13924=CARTESIAN_POINT('Ctrl Pts',(56.35129080154,24.326374232769,4.));
#13925=CARTESIAN_POINT('Ctrl Pts',(56.2035070452839,24.1794702410698,4.));
#13926=CARTESIAN_POINT('Ctrl Pts',(56.1718390975147,23.8575139641762,4.));
#13927=CARTESIAN_POINT('Ctrl Pts',(56.7893622908741,24.4732770323753,4.5));
#13928=CARTESIAN_POINT('Ctrl Pts',(56.7893622908741,24.4732770323753,4.));
#13929=CARTESIAN_POINT('Ctrl Pts',(56.4990745577961,24.4732770323753,4.5));
#13930=CARTESIAN_POINT('Ctrl Pts',(56.4990745577961,24.4732770323753,4.));
#13931=CARTESIAN_POINT('Ctrl Pts',(56.35129080154,24.326374232769,4.5));
#13932=CARTESIAN_POINT('Ctrl Pts',(56.35129080154,24.326374232769,4.));
#13933=CARTESIAN_POINT('',(56.7893622908741,24.4732770323753,4.5));
#13934=CARTESIAN_POINT('Ctrl Pts',(56.7893622908741,24.4732770323753,4.5));
#13935=CARTESIAN_POINT('Ctrl Pts',(56.4990745577961,24.4732770323753,4.5));
#13936=CARTESIAN_POINT('Ctrl Pts',(56.35129080154,24.326374232769,4.5));
#13937=CARTESIAN_POINT('',(56.7893622908741,24.4732770323753,4.));
#13938=CARTESIAN_POINT('',(56.7893622908741,24.4732770323753,4.5));
#13939=CARTESIAN_POINT('Ctrl Pts',(56.7893622908741,24.4732770323753,4.));
#13940=CARTESIAN_POINT('Ctrl Pts',(56.4990745577961,24.4732770323753,4.));
#13941=CARTESIAN_POINT('Ctrl Pts',(56.35129080154,24.326374232769,4.));
#13942=CARTESIAN_POINT('Ctrl Pts',(56.9362662825733,24.4679996371269,4.5));
#13943=CARTESIAN_POINT('Ctrl Pts',(56.9362662825733,24.4679996371269,4.));
#13944=CARTESIAN_POINT('Ctrl Pts',(56.8579767737538,24.4732770323753,4.5));
#13945=CARTESIAN_POINT('Ctrl Pts',(56.8579767737538,24.4732770323753,4.));
#13946=CARTESIAN_POINT('Ctrl Pts',(56.7893622908741,24.4732770323753,4.5));
#13947=CARTESIAN_POINT('Ctrl Pts',(56.7893622908741,24.4732770323753,4.));
#13948=CARTESIAN_POINT('',(56.9362662825733,24.4679996371269,4.5));
#13949=CARTESIAN_POINT('Ctrl Pts',(56.9362662825733,24.4679996371269,4.5));
#13950=CARTESIAN_POINT('Ctrl Pts',(56.8579767737538,24.4732770323753,4.5));
#13951=CARTESIAN_POINT('Ctrl Pts',(56.7893622908741,24.4732770323753,4.5));
#13952=CARTESIAN_POINT('',(56.9362662825733,24.4679996371269,4.));
#13953=CARTESIAN_POINT('',(56.9362662825733,24.4679996371269,4.5));
#13954=CARTESIAN_POINT('Ctrl Pts',(56.9362662825733,24.4679996371269,4.));
#13955=CARTESIAN_POINT('Ctrl Pts',(56.8579767737538,24.4732770323753,4.));
#13956=CARTESIAN_POINT('Ctrl Pts',(56.7893622908741,24.4732770323753,4.));
#13957=CARTESIAN_POINT('Ctrl Pts',(57.1218751464039,24.4486472010612,4.5));
#13958=CARTESIAN_POINT('Ctrl Pts',(57.1218751464039,24.4486472010612,4.));
#13959=CARTESIAN_POINT('Ctrl Pts',(57.0145557913929,24.4627216458321,4.5));
#13960=CARTESIAN_POINT('Ctrl Pts',(57.0145557913929,24.4627216458321,4.));
#13961=CARTESIAN_POINT('Ctrl Pts',(56.9362662825733,24.4679996371269,4.5));
#13962=CARTESIAN_POINT('Ctrl Pts',(56.9362662825733,24.4679996371269,4.));
#13963=CARTESIAN_POINT('',(57.1218751464039,24.4486472010612,4.5));
#13964=CARTESIAN_POINT('Ctrl Pts',(57.1218751464039,24.4486472010612,4.5));
#13965=CARTESIAN_POINT('Ctrl Pts',(57.0145557913929,24.4627216458321,4.5));
#13966=CARTESIAN_POINT('Ctrl Pts',(56.9362662825733,24.4679996371269,4.5));
#13967=CARTESIAN_POINT('',(57.1218751464039,24.4486472010612,4.));
#13968=CARTESIAN_POINT('',(57.1218751464039,24.4486472010612,4.5));
#13969=CARTESIAN_POINT('Ctrl Pts',(57.1218751464039,24.4486472010612,4.));
#13970=CARTESIAN_POINT('Ctrl Pts',(57.0145557913929,24.4627216458321,4.));
#13971=CARTESIAN_POINT('Ctrl Pts',(56.9362662825733,24.4679996371269,4.));
#13972=CARTESIAN_POINT('Origin',(57.2327123675495,24.8427352309227,4.5));
#13973=CARTESIAN_POINT('',(57.2327123675495,24.8427352309227,4.5));
#13974=CARTESIAN_POINT('',(54.3803073485823,14.7008473103049,4.5));
#13975=CARTESIAN_POINT('',(57.2327123675495,24.8427352309227,4.));
#13976=CARTESIAN_POINT('',(57.2327123675495,24.8427352309227,4.5));
#13977=CARTESIAN_POINT('',(57.2327123675495,24.8427352309227,4.));
#13978=CARTESIAN_POINT('Ctrl Pts',(56.8702910933644,24.8779222369194,4.5));
#13979=CARTESIAN_POINT('Ctrl Pts',(56.8702910933644,24.8779222369194,4.));
#13980=CARTESIAN_POINT('Ctrl Pts',(57.0620583090931,24.8779222369194,4.5));
#13981=CARTESIAN_POINT('Ctrl Pts',(57.0620583090931,24.8779222369194,4.));
#13982=CARTESIAN_POINT('Ctrl Pts',(57.2327123675495,24.8427352309227,4.5));
#13983=CARTESIAN_POINT('Ctrl Pts',(57.2327123675495,24.8427352309227,4.));
#13984=CARTESIAN_POINT('',(56.8702910933644,24.8779222369194,4.5));
#13985=CARTESIAN_POINT('Ctrl Pts',(56.8702910933644,24.8779222369194,4.5));
#13986=CARTESIAN_POINT('Ctrl Pts',(57.0620583090931,24.8779222369194,4.5));
#13987=CARTESIAN_POINT('Ctrl Pts',(57.2327123675495,24.8427352309227,4.5));
#13988=CARTESIAN_POINT('',(56.8702910933644,24.8779222369194,4.));
#13989=CARTESIAN_POINT('',(56.8702910933644,24.8779222369194,4.5));
#13990=CARTESIAN_POINT('Ctrl Pts',(56.8702910933644,24.8779222369194,4.));
#13991=CARTESIAN_POINT('Ctrl Pts',(57.0620583090931,24.8779222369194,4.));
#13992=CARTESIAN_POINT('Ctrl Pts',(57.2327123675495,24.8427352309227,4.));
#13993=CARTESIAN_POINT('Ctrl Pts',(56.2721215281636,24.769723713398,4.5));
#13994=CARTESIAN_POINT('Ctrl Pts',(56.2721215281636,24.769723713398,4.));
#13995=CARTESIAN_POINT('Ctrl Pts',(56.5131484065205,24.8779222369194,4.5));
#13996=CARTESIAN_POINT('Ctrl Pts',(56.5131484065205,24.8779222369194,4.));
#13997=CARTESIAN_POINT('Ctrl Pts',(56.8702910933644,24.8779222369194,4.5));
#13998=CARTESIAN_POINT('Ctrl Pts',(56.8702910933644,24.8779222369194,4.));
#13999=CARTESIAN_POINT('',(56.2721215281636,24.769723713398,4.5));
#14000=CARTESIAN_POINT('Ctrl Pts',(56.2721215281636,24.769723713398,4.5));
#14001=CARTESIAN_POINT('Ctrl Pts',(56.5131484065205,24.8779222369194,4.5));
#14002=CARTESIAN_POINT('Ctrl Pts',(56.8702910933644,24.8779222369194,4.5));
#14003=CARTESIAN_POINT('',(56.2721215281636,24.769723713398,4.));
#14004=CARTESIAN_POINT('',(56.2721215281636,24.769723713398,4.5));
#14005=CARTESIAN_POINT('Ctrl Pts',(56.2721215281636,24.769723713398,4.));
#14006=CARTESIAN_POINT('Ctrl Pts',(56.5131484065205,24.8779222369194,4.));
#14007=CARTESIAN_POINT('Ctrl Pts',(56.8702910933644,24.8779222369194,4.));
#14008=CARTESIAN_POINT('Ctrl Pts',(55.8982645068318,24.4319334626198,4.5));
#14009=CARTESIAN_POINT('Ctrl Pts',(55.8982645068318,24.4319334626198,4.));
#14010=CARTESIAN_POINT('Ctrl Pts',(56.0310934577137,24.6615251898766,4.5));
#14011=CARTESIAN_POINT('Ctrl Pts',(56.0310934577137,24.6615251898766,4.));
#14012=CARTESIAN_POINT('Ctrl Pts',(56.2721215281636,24.769723713398,4.5));
#14013=CARTESIAN_POINT('Ctrl Pts',(56.2721215281636,24.769723713398,4.));
#14014=CARTESIAN_POINT('',(55.8982645068318,24.4319334626198,4.5));
#14015=CARTESIAN_POINT('Ctrl Pts',(55.8982645068318,24.4319334626198,4.5));
#14016=CARTESIAN_POINT('Ctrl Pts',(56.0310934577137,24.6615251898766,4.5));
#14017=CARTESIAN_POINT('Ctrl Pts',(56.2721215281636,24.769723713398,4.5));
#14018=CARTESIAN_POINT('',(55.8982645068318,24.4319334626198,4.));
#14019=CARTESIAN_POINT('',(55.8982645068318,24.4319334626198,4.5));
#14020=CARTESIAN_POINT('Ctrl Pts',(55.8982645068318,24.4319334626198,4.));
#14021=CARTESIAN_POINT('Ctrl Pts',(56.0310934577137,24.6615251898766,4.));
#14022=CARTESIAN_POINT('Ctrl Pts',(56.2721215281636,24.769723713398,4.));
#14023=CARTESIAN_POINT('Ctrl Pts',(55.7320080790669,23.8399204611778,4.5));
#14024=CARTESIAN_POINT('Ctrl Pts',(55.7320080790669,23.8399204611778,4.));
#14025=CARTESIAN_POINT('Ctrl Pts',(55.7654355559498,24.202341735363,4.5));
#14026=CARTESIAN_POINT('Ctrl Pts',(55.7654355559498,24.202341735363,4.));
#14027=CARTESIAN_POINT('Ctrl Pts',(55.8982645068318,24.4319334626198,4.5));
#14028=CARTESIAN_POINT('Ctrl Pts',(55.8982645068318,24.4319334626198,4.));
#14029=CARTESIAN_POINT('',(55.7320080790669,23.8399204611778,4.5));
#14030=CARTESIAN_POINT('Ctrl Pts',(55.7320080790669,23.8399204611778,4.5));
#14031=CARTESIAN_POINT('Ctrl Pts',(55.7654355559498,24.202341735363,4.5));
#14032=CARTESIAN_POINT('Ctrl Pts',(55.8982645068318,24.4319334626198,4.5));
#14033=CARTESIAN_POINT('',(55.7320080790669,23.8399204611778,4.));
#14034=CARTESIAN_POINT('',(55.7320080790669,23.8399204611778,4.5));
#14035=CARTESIAN_POINT('Ctrl Pts',(55.7320080790669,23.8399204611778,4.));
#14036=CARTESIAN_POINT('Ctrl Pts',(55.7654355559498,24.202341735363,4.));
#14037=CARTESIAN_POINT('Ctrl Pts',(55.8982645068318,24.4319334626198,4.));
#14038=CARTESIAN_POINT('Origin',(55.7153409343803,23.6815819144249,4.5));
#14039=CARTESIAN_POINT('',(55.7153409343803,23.6815819144249,4.5));
#14040=CARTESIAN_POINT('',(54.7189097061364,14.2154450573821,4.5));
#14041=CARTESIAN_POINT('',(55.7153409343803,23.6815819144249,4.));
#14042=CARTESIAN_POINT('',(55.7153409343803,23.6815819144249,4.5));
#14043=CARTESIAN_POINT('',(55.5842255149037,22.4359801411629,4.));
#14044=CARTESIAN_POINT('Origin',(55.1355980429798,23.6815819144249,4.5));
#14045=CARTESIAN_POINT('',(55.1355980429798,23.6815819144249,4.5));
#14046=CARTESIAN_POINT('',(52.1346294333616,23.6815819144249,4.5));
#14047=CARTESIAN_POINT('',(55.1355980429798,23.6815819144249,4.));
#14048=CARTESIAN_POINT('',(55.1355980429798,23.6815819144249,4.5));
#14049=CARTESIAN_POINT('',(55.1355980429798,23.6815819144249,4.));
#14050=CARTESIAN_POINT('Origin',(55.068743089214,23.3050861954689,4.5));
#14051=CARTESIAN_POINT('',(55.068743089214,23.3050861954689,4.5));
#14052=CARTESIAN_POINT('',(53.4224776253079,14.0340918336094,4.5));
#14053=CARTESIAN_POINT('',(55.068743089214,23.3050861954689,4.));
#14054=CARTESIAN_POINT('',(55.068743089214,23.3050861954689,4.5));
#14055=CARTESIAN_POINT('',(55.068743089214,23.3050861954689,4.));
#14056=CARTESIAN_POINT('Origin',(55.6757099743241,23.3050861954689,4.5));
#14057=CARTESIAN_POINT('',(55.6757099743241,23.3050861954689,4.5));
#14058=CARTESIAN_POINT('',(52.4046853990338,23.3050861954689,4.5));
#14059=CARTESIAN_POINT('',(55.6757099743241,23.3050861954689,4.));
#14060=CARTESIAN_POINT('',(55.6757099743241,23.3050861954689,4.5));
#14061=CARTESIAN_POINT('',(56.8298266921192,23.3050861954689,4.));
#14062=CARTESIAN_POINT('Origin',(55.5842255149037,22.4359801411629,4.5));
#14063=CARTESIAN_POINT('',(55.5842255149037,22.4359801411629,4.5));
#14064=CARTESIAN_POINT('',(54.6533519963981,13.5926441707511,4.5));
#14065=CARTESIAN_POINT('',(55.5842255149037,22.4359801411629,4.));
#14066=CARTESIAN_POINT('',(55.5842255149037,22.4359801411629,4.5));
#14067=CARTESIAN_POINT('',(55.5842255149037,22.4359801411629,4.));
#14068=CARTESIAN_POINT('Ctrl Pts',(55.4953800234944,22.0893928408623,4.5));
#14069=CARTESIAN_POINT('Ctrl Pts',(55.4953800234944,22.0893928408623,4.));
#14070=CARTESIAN_POINT('Ctrl Pts',(55.5666326079518,22.2248610854149,4.5));
#14071=CARTESIAN_POINT('Ctrl Pts',(55.5666326079518,22.2248610854149,4.));
#14072=CARTESIAN_POINT('Ctrl Pts',(55.5842255149037,22.4359801411629,4.5));
#14073=CARTESIAN_POINT('Ctrl Pts',(55.5842255149037,22.4359801411629,4.));
#14074=CARTESIAN_POINT('',(55.4953800234944,22.0893928408623,4.5));
#14075=CARTESIAN_POINT('Ctrl Pts',(55.4953800234944,22.0893928408623,4.5));
#14076=CARTESIAN_POINT('Ctrl Pts',(55.5666326079518,22.2248610854149,4.5));
#14077=CARTESIAN_POINT('Ctrl Pts',(55.5842255149037,22.4359801411629,4.5));
#14078=CARTESIAN_POINT('',(55.4953800234944,22.0893928408623,4.));
#14079=CARTESIAN_POINT('',(55.4953800234944,22.0893928408623,4.5));
#14080=CARTESIAN_POINT('Ctrl Pts',(55.4953800234944,22.0893928408623,4.));
#14081=CARTESIAN_POINT('Ctrl Pts',(55.5666326079518,22.2248610854149,4.));
#14082=CARTESIAN_POINT('Ctrl Pts',(55.5842255149037,22.4359801411629,4.));
#14083=CARTESIAN_POINT('Ctrl Pts',(55.2992151770741,21.8835517764091,4.5));
#14084=CARTESIAN_POINT('Ctrl Pts',(55.2992151770741,21.8835517764091,4.));
#14085=CARTESIAN_POINT('Ctrl Pts',(55.424127439037,21.9539251923561,4.5));
#14086=CARTESIAN_POINT('Ctrl Pts',(55.424127439037,21.9539251923561,4.));
#14087=CARTESIAN_POINT('Ctrl Pts',(55.4953800234944,22.0893928408623,4.5));
#14088=CARTESIAN_POINT('Ctrl Pts',(55.4953800234944,22.0893928408623,4.));
#14089=CARTESIAN_POINT('',(55.2992151770741,21.8835517764091,4.5));
#14090=CARTESIAN_POINT('Ctrl Pts',(55.2992151770741,21.8835517764091,4.5));
#14091=CARTESIAN_POINT('Ctrl Pts',(55.424127439037,21.9539251923561,4.5));
#14092=CARTESIAN_POINT('Ctrl Pts',(55.4953800234944,22.0893928408623,4.5));
#14093=CARTESIAN_POINT('',(55.2992151770741,21.8835517764091,4.));
#14094=CARTESIAN_POINT('',(55.2992151770741,21.8835517764091,4.5));
#14095=CARTESIAN_POINT('Ctrl Pts',(55.2992151770741,21.8835517764091,4.));
#14096=CARTESIAN_POINT('Ctrl Pts',(55.424127439037,21.9539251923561,4.));
#14097=CARTESIAN_POINT('Ctrl Pts',(55.4953800234944,22.0893928408623,4.));
#14098=CARTESIAN_POINT('Ctrl Pts',(54.993092874065,21.7920669913292,4.5));
#14099=CARTESIAN_POINT('Ctrl Pts',(54.993092874065,21.7920669913292,4.));
#14100=CARTESIAN_POINT('Ctrl Pts',(55.1743029151112,21.8131789565086,4.5));
#14101=CARTESIAN_POINT('Ctrl Pts',(55.1743029151112,21.8131789565086,4.));
#14102=CARTESIAN_POINT('Ctrl Pts',(55.2992151770741,21.8835517764091,4.5));
#14103=CARTESIAN_POINT('Ctrl Pts',(55.2992151770741,21.8835517764091,4.));
#14104=CARTESIAN_POINT('',(54.993092874065,21.7920669913292,4.5));
#14105=CARTESIAN_POINT('Ctrl Pts',(54.993092874065,21.7920669913292,4.5));
#14106=CARTESIAN_POINT('Ctrl Pts',(55.1743029151112,21.8131789565086,4.5));
#14107=CARTESIAN_POINT('Ctrl Pts',(55.2992151770741,21.8835517764091,4.5));
#14108=CARTESIAN_POINT('',(54.993092874065,21.7920669913292,4.));
#14109=CARTESIAN_POINT('',(54.993092874065,21.7920669913292,4.5));
#14110=CARTESIAN_POINT('Ctrl Pts',(54.993092874065,21.7920669913292,4.));
#14111=CARTESIAN_POINT('Ctrl Pts',(55.1743029151112,21.8131789565086,4.));
#14112=CARTESIAN_POINT('Ctrl Pts',(55.2992151770741,21.8835517764091,4.));
#14113=CARTESIAN_POINT('Origin',(54.7942887339741,21.7709550261497,4.5));
#14114=CARTESIAN_POINT('',(54.7942887339741,21.7709550261497,4.5));
#14115=CARTESIAN_POINT('',(51.1271726252847,21.3815263776306,4.5));
#14116=CARTESIAN_POINT('',(54.7942887339741,21.7709550261497,4.));
#14117=CARTESIAN_POINT('',(54.7942887339741,21.7709550261497,4.5));
#14118=CARTESIAN_POINT('',(54.7942887339741,21.7709550261497,4.));
#14119=CARTESIAN_POINT('Origin',(54.8083637747914,21.3680705428123,4.5));
#14120=CARTESIAN_POINT('',(54.8083637747914,21.3680705428123,4.5));
#14121=CARTESIAN_POINT('',(55.0864177336001,13.409043852304,4.5));
#14122=CARTESIAN_POINT('',(54.8083637747914,21.3680705428123,4.));
#14123=CARTESIAN_POINT('',(54.8083637747914,21.3680705428123,4.5));
#14124=CARTESIAN_POINT('',(54.8083637747914,21.3680705428123,4.));
#14125=CARTESIAN_POINT('Origin',(55.035315612331,21.3927003741264,4.5));
#14126=CARTESIAN_POINT('',(55.035315612331,21.3927003741264,4.5));
#14127=CARTESIAN_POINT('',(51.2521473075478,20.9821339817599,4.5));
#14128=CARTESIAN_POINT('',(55.035315612331,21.3927003741264,4.));
#14129=CARTESIAN_POINT('',(55.035315612331,21.3927003741264,4.5));
#14130=CARTESIAN_POINT('',(55.035315612331,21.3927003741264,4.));
#14131=CARTESIAN_POINT('Ctrl Pts',(55.549038508907,21.5378448367119,4.5));
#14132=CARTESIAN_POINT('Ctrl Pts',(55.549038508907,21.5378448367119,4.));
#14133=CARTESIAN_POINT('Ctrl Pts',(55.3431974444538,21.4261278510094,4.5));
#14134=CARTESIAN_POINT('Ctrl Pts',(55.3431974444538,21.4261278510094,4.));
#14135=CARTESIAN_POINT('Ctrl Pts',(55.035315612331,21.3927003741264,4.5));
#14136=CARTESIAN_POINT('Ctrl Pts',(55.035315612331,21.3927003741264,4.));
#14137=CARTESIAN_POINT('',(55.549038508907,21.5378448367119,4.5));
#14138=CARTESIAN_POINT('Ctrl Pts',(55.549038508907,21.5378448367119,4.5));
#14139=CARTESIAN_POINT('Ctrl Pts',(55.3431974444538,21.4261278510094,4.5));
#14140=CARTESIAN_POINT('Ctrl Pts',(55.035315612331,21.3927003741264,4.5));
#14141=CARTESIAN_POINT('',(55.549038508907,21.5378448367119,4.));
#14142=CARTESIAN_POINT('',(55.549038508907,21.5378448367119,4.5));
#14143=CARTESIAN_POINT('Ctrl Pts',(55.549038508907,21.5378448367119,4.));
#14144=CARTESIAN_POINT('Ctrl Pts',(55.3431974444538,21.4261278510094,4.));
#14145=CARTESIAN_POINT('Ctrl Pts',(55.035315612331,21.3927003741264,4.));
#14146=CARTESIAN_POINT('Ctrl Pts',(55.8692358527333,21.8598011136055,4.5));
#14147=CARTESIAN_POINT('Ctrl Pts',(55.8692358527333,21.8598011136055,4.));
#14148=CARTESIAN_POINT('Ctrl Pts',(55.7548795733601,21.6495618224144,4.5));
#14149=CARTESIAN_POINT('Ctrl Pts',(55.7548795733601,21.6495618224144,4.));
#14150=CARTESIAN_POINT('Ctrl Pts',(55.549038508907,21.5378448367119,4.5));
#14151=CARTESIAN_POINT('Ctrl Pts',(55.549038508907,21.5378448367119,4.));
#14152=CARTESIAN_POINT('',(55.8692358527333,21.8598011136055,4.5));
#14153=CARTESIAN_POINT('Ctrl Pts',(55.8692358527333,21.8598011136055,4.5));
#14154=CARTESIAN_POINT('Ctrl Pts',(55.7548795733601,21.6495618224144,4.5));
#14155=CARTESIAN_POINT('Ctrl Pts',(55.549038508907,21.5378448367119,4.5));
#14156=CARTESIAN_POINT('',(55.8692358527333,21.8598011136055,4.));
#14157=CARTESIAN_POINT('',(55.8692358527333,21.8598011136055,4.5));
#14158=CARTESIAN_POINT('Ctrl Pts',(55.8692358527333,21.8598011136055,4.));
#14159=CARTESIAN_POINT('Ctrl Pts',(55.7548795733601,21.6495618224144,4.));
#14160=CARTESIAN_POINT('Ctrl Pts',(55.549038508907,21.5378448367119,4.));
#14161=CARTESIAN_POINT('Ctrl Pts',(56.0152600798756,22.3990342020988,4.5));
#14162=CARTESIAN_POINT('Ctrl Pts',(56.0152600798756,22.3990342020988,4.));
#14163=CARTESIAN_POINT('Ctrl Pts',(55.9835921321064,22.0700404047966,4.5));
#14164=CARTESIAN_POINT('Ctrl Pts',(55.9835921321064,22.0700404047966,4.));
#14165=CARTESIAN_POINT('Ctrl Pts',(55.8692358527333,21.8598011136055,4.5));
#14166=CARTESIAN_POINT('Ctrl Pts',(55.8692358527333,21.8598011136055,4.));
#14167=CARTESIAN_POINT('',(56.0152600798756,22.3990342020988,4.5));
#14168=CARTESIAN_POINT('Ctrl Pts',(56.0152600798756,22.3990342020988,4.5));
#14169=CARTESIAN_POINT('Ctrl Pts',(55.9835921321064,22.0700404047966,4.5));
#14170=CARTESIAN_POINT('Ctrl Pts',(55.8692358527333,21.8598011136055,4.5));
#14171=CARTESIAN_POINT('',(56.0152600798756,22.3990342020988,4.));
#14172=CARTESIAN_POINT('',(56.0152600798756,22.3990342020988,4.5));
#14173=CARTESIAN_POINT('Ctrl Pts',(56.0152600798756,22.3990342020988,4.));
#14174=CARTESIAN_POINT('Ctrl Pts',(55.9835921321064,22.0700404047966,4.));
#14175=CARTESIAN_POINT('Ctrl Pts',(55.8692358527333,21.8598011136055,4.));
#14176=CARTESIAN_POINT('Origin',(56.1125317285749,23.3050861954689,4.5));
#14177=CARTESIAN_POINT('',(56.1125317285749,23.3050861954689,4.5));
#14178=CARTESIAN_POINT('',(55.1137016633569,14.0013272510107,4.5));
#14179=CARTESIAN_POINT('',(56.1125317285749,23.3050861954689,4.));
#14180=CARTESIAN_POINT('',(56.1125317285749,23.3050861954689,4.5));
#14181=CARTESIAN_POINT('',(56.1718390975147,23.8575139641762,4.));
#14182=CARTESIAN_POINT('Origin',(56.8298266921192,23.3050861954689,4.5));
#14183=CARTESIAN_POINT('',(56.8298266921192,23.3050861954689,4.5));
#14184=CARTESIAN_POINT('',(52.9817437579313,23.3050861954689,4.5));
#14185=CARTESIAN_POINT('',(56.8298266921192,23.3050861954689,4.));
#14186=CARTESIAN_POINT('',(56.8298266921192,23.3050861954689,4.5));
#14187=CARTESIAN_POINT('',(56.8298266921192,23.3050861954689,4.));
#14188=CARTESIAN_POINT('Origin',(56.8966816458851,23.6815819144249,4.5));
#14189=CARTESIAN_POINT('',(55.1900724578675,14.0707600227548,4.5));
#14190=CARTESIAN_POINT('',(56.8966816458851,23.6815819144249,4.));
#14191=CARTESIAN_POINT('Origin',(56.0135005507618,23.1229963898659,4.));
#14192=CARTESIAN_POINT('Ctrl Pts',(41.8614955339581,24.1214129328728,4.5));
#14193=CARTESIAN_POINT('Ctrl Pts',(41.8614955339581,24.1214129328728,4.));
#14194=CARTESIAN_POINT('Ctrl Pts',(41.838651732198,24.1185574153284,4.5));
#14195=CARTESIAN_POINT('Ctrl Pts',(41.838651732198,24.1185574153284,4.));
#14196=CARTESIAN_POINT('Ctrl Pts',(41.8162076628951,24.1149024367951,4.5));
#14197=CARTESIAN_POINT('Ctrl Pts',(41.8162076628951,24.1149024367951,4.));
#14198=CARTESIAN_POINT('',(41.8614955339581,24.1214129328728,4.5));
#14199=CARTESIAN_POINT('',(41.8162076628951,24.1149024367951,4.5));
#14200=CARTESIAN_POINT('Ctrl Pts',(41.8614955339581,24.1214129328728,4.5));
#14201=CARTESIAN_POINT('Ctrl Pts',(41.838651732198,24.1185574153284,4.5));
#14202=CARTESIAN_POINT('Ctrl Pts',(41.8162076628951,24.1149024367951,4.5));
#14203=CARTESIAN_POINT('',(41.8614955339581,24.1214129328728,4.));
#14204=CARTESIAN_POINT('',(41.8614955339581,24.1214129328728,4.5));
#14205=CARTESIAN_POINT('',(41.8162076628951,24.1149024367951,4.));
#14206=CARTESIAN_POINT('Ctrl Pts',(41.8614955339581,24.1214129328728,4.));
#14207=CARTESIAN_POINT('Ctrl Pts',(41.838651732198,24.1185574153284,4.));
#14208=CARTESIAN_POINT('Ctrl Pts',(41.8162076628951,24.1149024367951,4.));
#14209=CARTESIAN_POINT('',(41.8162076628951,24.1149024367951,4.5));
#14210=CARTESIAN_POINT('Origin',(41.8386243376881,23.7396392226219,4.5));
#14211=CARTESIAN_POINT('',(41.8386243376881,23.7396392226219,4.5));
#14212=CARTESIAN_POINT('',(41.2992855472397,14.7368145045345,4.5));
#14213=CARTESIAN_POINT('',(41.8386243376881,23.7396392226219,4.));
#14214=CARTESIAN_POINT('',(41.8386243376881,23.7396392226219,4.5));
#14215=CARTESIAN_POINT('',(41.8614955339581,24.1214129328728,4.));
#14216=CARTESIAN_POINT('Ctrl Pts',(41.7866226224635,23.7351595316085,4.5));
#14217=CARTESIAN_POINT('Ctrl Pts',(41.7866226224635,23.7351595316085,4.));
#14218=CARTESIAN_POINT('Ctrl Pts',(41.8122398487321,23.7385283561985,4.5));
#14219=CARTESIAN_POINT('Ctrl Pts',(41.8122398487321,23.7385283561985,4.));
#14220=CARTESIAN_POINT('Ctrl Pts',(41.8386243376881,23.7396392226219,4.5));
#14221=CARTESIAN_POINT('Ctrl Pts',(41.8386243376881,23.7396392226219,4.));
#14222=CARTESIAN_POINT('',(41.7866226224635,23.7351595316085,4.5));
#14223=CARTESIAN_POINT('Ctrl Pts',(41.7866226224635,23.7351595316085,4.5));
#14224=CARTESIAN_POINT('Ctrl Pts',(41.8122398487321,23.7385283561985,4.5));
#14225=CARTESIAN_POINT('Ctrl Pts',(41.8386243376881,23.7396392226219,4.5));
#14226=CARTESIAN_POINT('',(41.7866226224635,23.7351595316085,4.));
#14227=CARTESIAN_POINT('',(41.7866226224635,23.7351595316085,4.5));
#14228=CARTESIAN_POINT('Ctrl Pts',(41.7866226224635,23.7351595316085,4.));
#14229=CARTESIAN_POINT('Ctrl Pts',(41.8122398487321,23.7385283561985,4.));
#14230=CARTESIAN_POINT('Ctrl Pts',(41.8386243376881,23.7396392226219,4.));
#14231=CARTESIAN_POINT('Ctrl Pts',(41.7541767749935,23.5214832425117,4.5));
#14232=CARTESIAN_POINT('Ctrl Pts',(41.7541767749935,23.5214832425117,4.));
#14233=CARTESIAN_POINT('Ctrl Pts',(41.7746570524211,23.6502158485007,4.5));
#14234=CARTESIAN_POINT('Ctrl Pts',(41.7746570524211,23.6502158485007,4.));
#14235=CARTESIAN_POINT('Ctrl Pts',(41.7866226224635,23.7351595316085,4.5));
#14236=CARTESIAN_POINT('Ctrl Pts',(41.7866226224635,23.7351595316085,4.));
#14237=CARTESIAN_POINT('',(41.7541767749935,23.5214832425117,4.5));
#14238=CARTESIAN_POINT('Ctrl Pts',(41.7541767749935,23.5214832425117,4.5));
#14239=CARTESIAN_POINT('Ctrl Pts',(41.7746570524211,23.6502158485007,4.5));
#14240=CARTESIAN_POINT('Ctrl Pts',(41.7866226224635,23.7351595316085,4.5));
#14241=CARTESIAN_POINT('',(41.7541767749935,23.5214832425117,4.));
#14242=CARTESIAN_POINT('',(41.7541767749935,23.5214832425117,4.5));
#14243=CARTESIAN_POINT('Ctrl Pts',(41.7541767749935,23.5214832425117,4.));
#14244=CARTESIAN_POINT('Ctrl Pts',(41.7746570524211,23.6502158485007,4.));
#14245=CARTESIAN_POINT('Ctrl Pts',(41.7866226224635,23.7351595316085,4.));
#14246=CARTESIAN_POINT('',(41.7866226224635,23.7351595316085,4.5));
#14247=CARTESIAN_POINT('Ctrl Pts',(41.7316415942802,23.3820162227726,4.5));
#14248=CARTESIAN_POINT('Ctrl Pts',(41.7316415942802,23.3820162227726,4.));
#14249=CARTESIAN_POINT('Ctrl Pts',(41.744206441702,23.4588126105758,4.5));
#14250=CARTESIAN_POINT('Ctrl Pts',(41.744206441702,23.4588126105758,4.));
#14251=CARTESIAN_POINT('Ctrl Pts',(41.7541767749935,23.5214832425117,4.5));
#14252=CARTESIAN_POINT('Ctrl Pts',(41.7541767749935,23.5214832425117,4.));
#14253=CARTESIAN_POINT('',(41.7316415942802,23.3820162227725,4.5));
#14254=CARTESIAN_POINT('Ctrl Pts',(41.7316415942802,23.3820162227726,4.5));
#14255=CARTESIAN_POINT('Ctrl Pts',(41.744206441702,23.4588126105758,4.5));
#14256=CARTESIAN_POINT('Ctrl Pts',(41.7541767749935,23.5214832425117,4.5));
#14257=CARTESIAN_POINT('',(41.7316415942802,23.3820162227725,4.));
#14258=CARTESIAN_POINT('',(41.7316415942802,23.3820162227725,4.5));
#14259=CARTESIAN_POINT('Ctrl Pts',(41.7316415942802,23.3820162227726,4.));
#14260=CARTESIAN_POINT('Ctrl Pts',(41.744206441702,23.4588126105758,4.));
#14261=CARTESIAN_POINT('Ctrl Pts',(41.7541767749935,23.5214832425117,4.));
#14262=CARTESIAN_POINT('Ctrl Pts',(41.646858016029,23.0640587210655,4.5));
#14263=CARTESIAN_POINT('Ctrl Pts',(41.646858016029,23.0640587210655,4.));
#14264=CARTESIAN_POINT('Ctrl Pts',(41.6918010651275,23.1854051312729,4.5));
#14265=CARTESIAN_POINT('Ctrl Pts',(41.6918010651275,23.1854051312729,4.));
#14266=CARTESIAN_POINT('Ctrl Pts',(41.7316415942802,23.3820162227725,4.5));
#14267=CARTESIAN_POINT('Ctrl Pts',(41.7316415942802,23.3820162227725,4.));
#14268=CARTESIAN_POINT('',(41.646858016029,23.0640587210655,4.5));
#14269=CARTESIAN_POINT('Ctrl Pts',(41.646858016029,23.0640587210655,4.5));
#14270=CARTESIAN_POINT('Ctrl Pts',(41.6918010651275,23.1854051312729,4.5));
#14271=CARTESIAN_POINT('Ctrl Pts',(41.7316415942802,23.3820162227726,4.5));
#14272=CARTESIAN_POINT('',(41.646858016029,23.0640587210655,4.));
#14273=CARTESIAN_POINT('',(41.646858016029,23.0640587210655,4.5));
#14274=CARTESIAN_POINT('Ctrl Pts',(41.646858016029,23.0640587210655,4.));
#14275=CARTESIAN_POINT('Ctrl Pts',(41.6918010651275,23.1854051312729,4.));
#14276=CARTESIAN_POINT('Ctrl Pts',(41.7316415942802,23.3820162227726,4.));
#14277=CARTESIAN_POINT('Ctrl Pts',(41.5307425055653,22.8608569502831,4.5));
#14278=CARTESIAN_POINT('Ctrl Pts',(41.5307425055653,22.8608569502831,4.));
#14279=CARTESIAN_POINT('Ctrl Pts',(41.594078252092,22.9215535521507,4.5));
#14280=CARTESIAN_POINT('Ctrl Pts',(41.594078252092,22.9215535521507,4.));
#14281=CARTESIAN_POINT('Ctrl Pts',(41.646858016029,23.0640587210655,4.5));
#14282=CARTESIAN_POINT('Ctrl Pts',(41.646858016029,23.0640587210655,4.));
#14283=CARTESIAN_POINT('',(41.5307425055653,22.8608569502831,4.5));
#14284=CARTESIAN_POINT('Ctrl Pts',(41.5307425055653,22.8608569502831,4.5));
#14285=CARTESIAN_POINT('Ctrl Pts',(41.594078252092,22.9215535521507,4.5));
#14286=CARTESIAN_POINT('Ctrl Pts',(41.646858016029,23.0640587210655,4.5));
#14287=CARTESIAN_POINT('',(41.5307425055653,22.8608569502831,4.));
#14288=CARTESIAN_POINT('',(41.5307425055653,22.8608569502831,4.5));
#14289=CARTESIAN_POINT('Ctrl Pts',(41.5307425055653,22.8608569502831,4.));
#14290=CARTESIAN_POINT('Ctrl Pts',(41.594078252092,22.9215535521507,4.));
#14291=CARTESIAN_POINT('Ctrl Pts',(41.646858016029,23.0640587210655,4.));
#14292=CARTESIAN_POINT('Ctrl Pts',(41.3864779565483,22.8001603484154,4.5));
#14293=CARTESIAN_POINT('Ctrl Pts',(41.3864779565483,22.8001603484154,4.));
#14294=CARTESIAN_POINT('Ctrl Pts',(41.4674069080502,22.8001603484154,4.5));
#14295=CARTESIAN_POINT('Ctrl Pts',(41.4674069080502,22.8001603484154,4.));
#14296=CARTESIAN_POINT('Ctrl Pts',(41.5307425055653,22.8608569502831,4.5));
#14297=CARTESIAN_POINT('Ctrl Pts',(41.5307425055653,22.8608569502831,4.));
#14298=CARTESIAN_POINT('',(41.3864779565483,22.8001603484154,4.5));
#14299=CARTESIAN_POINT('Ctrl Pts',(41.3864779565483,22.8001603484154,4.5));
#14300=CARTESIAN_POINT('Ctrl Pts',(41.4674069080502,22.8001603484154,4.5));
#14301=CARTESIAN_POINT('Ctrl Pts',(41.5307425055653,22.8608569502831,4.5));
#14302=CARTESIAN_POINT('',(41.3864779565483,22.8001603484154,4.));
#14303=CARTESIAN_POINT('',(41.3864779565483,22.8001603484154,4.5));
#14304=CARTESIAN_POINT('Ctrl Pts',(41.3864779565483,22.8001603484154,4.));
#14305=CARTESIAN_POINT('Ctrl Pts',(41.4674069080502,22.8001603484154,4.));
#14306=CARTESIAN_POINT('Ctrl Pts',(41.5307425055653,22.8608569502831,4.));
#14307=CARTESIAN_POINT('Ctrl Pts',(41.2773998174816,22.8529396653175,4.5));
#14308=CARTESIAN_POINT('Ctrl Pts',(41.2773998174816,22.8529396653175,4.));
#14309=CARTESIAN_POINT('Ctrl Pts',(41.3143457565457,22.8001603484154,4.5));
#14310=CARTESIAN_POINT('Ctrl Pts',(41.3143457565457,22.8001603484154,4.));
#14311=CARTESIAN_POINT('Ctrl Pts',(41.3864779565483,22.8001603484154,4.5));
#14312=CARTESIAN_POINT('Ctrl Pts',(41.3864779565483,22.8001603484154,4.));
#14313=CARTESIAN_POINT('',(41.2773998174816,22.8529396653175,4.5));
#14314=CARTESIAN_POINT('Ctrl Pts',(41.2773998174816,22.8529396653175,4.5));
#14315=CARTESIAN_POINT('Ctrl Pts',(41.3143457565457,22.8001603484154,4.5));
#14316=CARTESIAN_POINT('Ctrl Pts',(41.3864779565483,22.8001603484154,4.5));
#14317=CARTESIAN_POINT('',(41.2773998174816,22.8529396653175,4.));
#14318=CARTESIAN_POINT('',(41.2773998174816,22.8529396653175,4.5));
#14319=CARTESIAN_POINT('Ctrl Pts',(41.2773998174816,22.8529396653175,4.));
#14320=CARTESIAN_POINT('Ctrl Pts',(41.3143457565457,22.8001603484154,4.));
#14321=CARTESIAN_POINT('Ctrl Pts',(41.3864779565483,22.8001603484154,4.));
#14322=CARTESIAN_POINT('Ctrl Pts',(41.2404540274292,23.0095198750496,4.5));
#14323=CARTESIAN_POINT('Ctrl Pts',(41.2404540274292,23.0095198750496,4.));
#14324=CARTESIAN_POINT('Ctrl Pts',(41.2404540274292,22.9057195782661,4.5));
#14325=CARTESIAN_POINT('Ctrl Pts',(41.2404540274292,22.9057195782661,4.));
#14326=CARTESIAN_POINT('Ctrl Pts',(41.2773998174816,22.8529396653175,4.5));
#14327=CARTESIAN_POINT('Ctrl Pts',(41.2773998174816,22.8529396653175,4.));
#14328=CARTESIAN_POINT('',(41.2404540274292,23.0095198750496,4.5));
#14329=CARTESIAN_POINT('Ctrl Pts',(41.2404540274292,23.0095198750496,4.5));
#14330=CARTESIAN_POINT('Ctrl Pts',(41.2404540274292,22.9057195782661,4.5));
#14331=CARTESIAN_POINT('Ctrl Pts',(41.2773998174816,22.8529396653175,4.5));
#14332=CARTESIAN_POINT('',(41.2404540274292,23.0095198750496,4.));
#14333=CARTESIAN_POINT('',(41.2404540274292,23.0095198750496,4.5));
#14334=CARTESIAN_POINT('Ctrl Pts',(41.2404540274292,23.0095198750496,4.));
#14335=CARTESIAN_POINT('Ctrl Pts',(41.2404540274292,22.9057195782661,4.));
#14336=CARTESIAN_POINT('Ctrl Pts',(41.2773998174816,22.8529396653175,4.));
#14337=CARTESIAN_POINT('Ctrl Pts',(41.3196235988289,23.3754590153694,4.5));
#14338=CARTESIAN_POINT('Ctrl Pts',(41.3196235988289,23.3754590153694,4.));
#14339=CARTESIAN_POINT('Ctrl Pts',(41.2404540274292,23.2136014103889,4.5));
#14340=CARTESIAN_POINT('Ctrl Pts',(41.2404540274292,23.2136014103889,4.));
#14341=CARTESIAN_POINT('Ctrl Pts',(41.2404540274292,23.0095198750496,4.5));
#14342=CARTESIAN_POINT('Ctrl Pts',(41.2404540274292,23.0095198750496,4.));
#14343=CARTESIAN_POINT('',(41.3196235988289,23.3754590153694,4.5));
#14344=CARTESIAN_POINT('Ctrl Pts',(41.3196235988289,23.3754590153694,4.5));
#14345=CARTESIAN_POINT('Ctrl Pts',(41.2404540274292,23.2136014103889,4.5));
#14346=CARTESIAN_POINT('Ctrl Pts',(41.2404540274292,23.0095198750496,4.5));
#14347=CARTESIAN_POINT('',(41.3196235988289,23.3754590153694,4.));
#14348=CARTESIAN_POINT('',(41.3196235988289,23.3754590153694,4.5));
#14349=CARTESIAN_POINT('Ctrl Pts',(41.3196235988289,23.3754590153694,4.));
#14350=CARTESIAN_POINT('Ctrl Pts',(41.2404540274292,23.2136014103889,4.));
#14351=CARTESIAN_POINT('Ctrl Pts',(41.2404540274292,23.0095198750496,4.));
#14352=CARTESIAN_POINT('Ctrl Pts',(41.5351408813149,23.6349591612816,4.5));
#14353=CARTESIAN_POINT('Ctrl Pts',(41.5351408813149,23.6349591612816,4.));
#14354=CARTESIAN_POINT('Ctrl Pts',(41.3987933192402,23.5373172163963,4.5));
#14355=CARTESIAN_POINT('Ctrl Pts',(41.3987933192402,23.5373172163963,4.));
#14356=CARTESIAN_POINT('Ctrl Pts',(41.3196235988289,23.3754590153694,4.5));
#14357=CARTESIAN_POINT('Ctrl Pts',(41.3196235988289,23.3754590153694,4.));
#14358=CARTESIAN_POINT('',(41.5351408813149,23.6349591612816,4.5));
#14359=CARTESIAN_POINT('Ctrl Pts',(41.5351408813149,23.6349591612816,4.5));
#14360=CARTESIAN_POINT('Ctrl Pts',(41.3987933192402,23.5373172163963,4.5));
#14361=CARTESIAN_POINT('Ctrl Pts',(41.3196235988289,23.3754590153694,4.5));
#14362=CARTESIAN_POINT('',(41.5351408813149,23.6349591612816,4.));
#14363=CARTESIAN_POINT('',(41.5351408813149,23.6349591612816,4.5));
#14364=CARTESIAN_POINT('Ctrl Pts',(41.5351408813149,23.6349591612816,4.));
#14365=CARTESIAN_POINT('Ctrl Pts',(41.3987933192402,23.5373172163963,4.));
#14366=CARTESIAN_POINT('Ctrl Pts',(41.3196235988289,23.3754590153694,4.));
#14367=CARTESIAN_POINT('Ctrl Pts',(41.7866226224635,23.7351595316085,4.5));
#14368=CARTESIAN_POINT('Ctrl Pts',(41.7866226224635,23.7351595316085,4.));
#14369=CARTESIAN_POINT('Ctrl Pts',(41.649964277316,23.7171881092249,4.5));
#14370=CARTESIAN_POINT('Ctrl Pts',(41.649964277316,23.7171881092249,4.));
#14371=CARTESIAN_POINT('Ctrl Pts',(41.5351408813149,23.6349591612816,4.5));
#14372=CARTESIAN_POINT('Ctrl Pts',(41.5351408813149,23.6349591612816,4.));
#14373=CARTESIAN_POINT('Ctrl Pts',(41.7866226224635,23.7351595316085,4.5));
#14374=CARTESIAN_POINT('Ctrl Pts',(41.649964277316,23.7171881092249,4.5));
#14375=CARTESIAN_POINT('Ctrl Pts',(41.5351408813149,23.6349591612816,4.5));
#14376=CARTESIAN_POINT('Ctrl Pts',(41.7866226224635,23.7351595316085,4.));
#14377=CARTESIAN_POINT('Ctrl Pts',(41.649964277316,23.7171881092249,4.));
#14378=CARTESIAN_POINT('Ctrl Pts',(41.5351408813149,23.6349591612816,4.));
#14379=CARTESIAN_POINT('Ctrl Pts',(41.791122565046,23.76778870821,4.5));
#14380=CARTESIAN_POINT('Ctrl Pts',(41.791122565046,23.76778870821,4.));
#14381=CARTESIAN_POINT('Ctrl Pts',(41.7890474281281,23.7523732475649,4.5));
#14382=CARTESIAN_POINT('Ctrl Pts',(41.7890474281281,23.7523732475649,4.));
#14383=CARTESIAN_POINT('Ctrl Pts',(41.7866226224635,23.7351595316085,4.5));
#14384=CARTESIAN_POINT('Ctrl Pts',(41.7866226224635,23.7351595316085,4.));
#14385=CARTESIAN_POINT('',(41.791122565046,23.76778870821,4.5));
#14386=CARTESIAN_POINT('Ctrl Pts',(41.791122565046,23.76778870821,4.5));
#14387=CARTESIAN_POINT('Ctrl Pts',(41.7890474281281,23.7523732475649,4.5));
#14388=CARTESIAN_POINT('Ctrl Pts',(41.7866226224635,23.7351595316085,4.5));
#14389=CARTESIAN_POINT('',(41.791122565046,23.76778870821,4.));
#14390=CARTESIAN_POINT('',(41.791122565046,23.76778870821,4.5));
#14391=CARTESIAN_POINT('Ctrl Pts',(41.791122565046,23.76778870821,4.));
#14392=CARTESIAN_POINT('Ctrl Pts',(41.7890474281281,23.7523732475649,4.));
#14393=CARTESIAN_POINT('Ctrl Pts',(41.7866226224635,23.7351595316085,4.));
#14394=CARTESIAN_POINT('Ctrl Pts',(41.809595534578,23.9111736416817,4.5));
#14395=CARTESIAN_POINT('Ctrl Pts',(41.809595534578,23.9111736416817,4.));
#14396=CARTESIAN_POINT('Ctrl Pts',(41.8034377787262,23.8592734932899,4.5));
#14397=CARTESIAN_POINT('Ctrl Pts',(41.8034377787262,23.8592734932899,4.));
#14398=CARTESIAN_POINT('Ctrl Pts',(41.791122565046,23.76778870821,4.5));
#14399=CARTESIAN_POINT('Ctrl Pts',(41.791122565046,23.76778870821,4.));
#14400=CARTESIAN_POINT('',(41.809595534578,23.9111736416817,4.5));
#14401=CARTESIAN_POINT('Ctrl Pts',(41.809595534578,23.9111736416817,4.5));
#14402=CARTESIAN_POINT('Ctrl Pts',(41.8034377787262,23.8592734932899,4.5));
#14403=CARTESIAN_POINT('Ctrl Pts',(41.791122565046,23.76778870821,4.5));
#14404=CARTESIAN_POINT('',(41.809595534578,23.9111736416817,4.));
#14405=CARTESIAN_POINT('',(41.809595534578,23.9111736416817,4.5));
#14406=CARTESIAN_POINT('Ctrl Pts',(41.809595534578,23.9111736416817,4.));
#14407=CARTESIAN_POINT('Ctrl Pts',(41.8034377787262,23.8592734932899,4.));
#14408=CARTESIAN_POINT('Ctrl Pts',(41.791122565046,23.76778870821,4.));
#14409=CARTESIAN_POINT('Ctrl Pts',(41.8227903638035,23.9965006709099,4.5));
#14410=CARTESIAN_POINT('Ctrl Pts',(41.8227903638035,23.9965006709099,4.));
#14411=CARTESIAN_POINT('Ctrl Pts',(41.8157531414181,23.9630731940269,4.5));
#14412=CARTESIAN_POINT('Ctrl Pts',(41.8157531414181,23.9630731940269,4.));
#14413=CARTESIAN_POINT('Ctrl Pts',(41.809595534578,23.9111736416817,4.5));
#14414=CARTESIAN_POINT('Ctrl Pts',(41.809595534578,23.9111736416817,4.));
#14415=CARTESIAN_POINT('',(41.8227903638035,23.9965006709099,4.5));
#14416=CARTESIAN_POINT('Ctrl Pts',(41.8227903638035,23.9965006709099,4.5));
#14417=CARTESIAN_POINT('Ctrl Pts',(41.8157531414181,23.9630731940269,4.5));
#14418=CARTESIAN_POINT('Ctrl Pts',(41.809595534578,23.9111736416817,4.5));
#14419=CARTESIAN_POINT('',(41.8227903638035,23.9965006709099,4.));
#14420=CARTESIAN_POINT('',(41.8227903638035,23.9965006709099,4.5));
#14421=CARTESIAN_POINT('Ctrl Pts',(41.8227903638035,23.9965006709099,4.));
#14422=CARTESIAN_POINT('Ctrl Pts',(41.8157531414181,23.9630731940269,4.));
#14423=CARTESIAN_POINT('Ctrl Pts',(41.809595534578,23.9111736416817,4.));
#14424=CARTESIAN_POINT('Ctrl Pts',(41.8162076628951,24.1149024367951,4.5));
#14425=CARTESIAN_POINT('Ctrl Pts',(41.8162076628951,24.1149024367951,4.));
#14426=CARTESIAN_POINT('Ctrl Pts',(41.8233350375954,24.062404031546,4.5));
#14427=CARTESIAN_POINT('Ctrl Pts',(41.8233350375954,24.062404031546,4.));
#14428=CARTESIAN_POINT('Ctrl Pts',(41.8227903638035,23.9965006709099,4.5));
#14429=CARTESIAN_POINT('Ctrl Pts',(41.8227903638035,23.9965006709099,4.));
#14430=CARTESIAN_POINT('Ctrl Pts',(41.8162076628951,24.1149024367951,4.5));
#14431=CARTESIAN_POINT('Ctrl Pts',(41.8233350375954,24.062404031546,4.5));
#14432=CARTESIAN_POINT('Ctrl Pts',(41.8227903638035,23.9965006709099,4.5));
#14433=CARTESIAN_POINT('Ctrl Pts',(41.8162076628951,24.1149024367951,4.));
#14434=CARTESIAN_POINT('Ctrl Pts',(41.8233350375954,24.062404031546,4.));
#14435=CARTESIAN_POINT('Ctrl Pts',(41.8227903638035,23.9965006709099,4.));
#14436=CARTESIAN_POINT('Ctrl Pts',(41.3592083845288,23.9296463131905,4.5));
#14437=CARTESIAN_POINT('Ctrl Pts',(41.3592083845288,23.9296463131905,4.));
#14438=CARTESIAN_POINT('Ctrl Pts',(41.5620855445019,24.0735190817976,4.5));
#14439=CARTESIAN_POINT('Ctrl Pts',(41.5620855445019,24.0735190817976,4.));
#14440=CARTESIAN_POINT('Ctrl Pts',(41.8162076628951,24.1149024367951,4.5));
#14441=CARTESIAN_POINT('Ctrl Pts',(41.8162076628951,24.1149024367951,4.));
#14442=CARTESIAN_POINT('',(41.3592083845288,23.9296463131905,4.5));
#14443=CARTESIAN_POINT('Ctrl Pts',(41.3592083845288,23.9296463131905,4.5));
#14444=CARTESIAN_POINT('Ctrl Pts',(41.5620855445019,24.0735190817977,4.5));
#14445=CARTESIAN_POINT('Ctrl Pts',(41.8162076628951,24.1149024367951,4.5));
#14446=CARTESIAN_POINT('',(41.3592083845288,23.9296463131905,4.));
#14447=CARTESIAN_POINT('',(41.3592083845288,23.9296463131905,4.5));
#14448=CARTESIAN_POINT('Ctrl Pts',(41.3592083845288,23.9296463131905,4.));
#14449=CARTESIAN_POINT('Ctrl Pts',(41.5620855445019,24.0735190817977,4.));
#14450=CARTESIAN_POINT('Ctrl Pts',(41.8162076628951,24.1149024367951,4.));
#14451=CARTESIAN_POINT('',(41.8162076628951,24.1149024367951,4.5));
#14452=CARTESIAN_POINT('Ctrl Pts',(41.0117418412119,23.5188439488411,4.5));
#14453=CARTESIAN_POINT('Ctrl Pts',(41.0117418412119,23.5188439488411,4.));
#14454=CARTESIAN_POINT('Ctrl Pts',(41.1384131107479,23.7730666995049,4.5));
#14455=CARTESIAN_POINT('Ctrl Pts',(41.1384131107479,23.7730666995049,4.));
#14456=CARTESIAN_POINT('Ctrl Pts',(41.3592083845288,23.9296463131905,4.5));
#14457=CARTESIAN_POINT('Ctrl Pts',(41.3592083845288,23.9296463131905,4.));
#14458=CARTESIAN_POINT('',(41.0117418412119,23.5188439488411,4.5));
#14459=CARTESIAN_POINT('Ctrl Pts',(41.0117418412119,23.5188439488411,4.5));
#14460=CARTESIAN_POINT('Ctrl Pts',(41.1384131107479,23.7730666995049,4.5));
#14461=CARTESIAN_POINT('Ctrl Pts',(41.3592083845288,23.9296463131905,4.5));
#14462=CARTESIAN_POINT('',(41.0117418412119,23.5188439488411,4.));
#14463=CARTESIAN_POINT('',(41.0117418412119,23.5188439488411,4.5));
#14464=CARTESIAN_POINT('Ctrl Pts',(41.0117418412119,23.5188439488411,4.));
#14465=CARTESIAN_POINT('Ctrl Pts',(41.1384131107479,23.7730666995049,4.));
#14466=CARTESIAN_POINT('Ctrl Pts',(41.3592083845288,23.9296463131905,4.));
#14467=CARTESIAN_POINT('Ctrl Pts',(40.8850704971701,22.9303500056267,4.5));
#14468=CARTESIAN_POINT('Ctrl Pts',(40.8850704971701,22.9303500056267,4.));
#14469=CARTESIAN_POINT('Ctrl Pts',(40.8850704971701,23.2646217942238,4.5));
#14470=CARTESIAN_POINT('Ctrl Pts',(40.8850704971701,23.2646217942238,4.));
#14471=CARTESIAN_POINT('Ctrl Pts',(41.0117418412119,23.5188439488411,4.5));
#14472=CARTESIAN_POINT('Ctrl Pts',(41.0117418412119,23.5188439488411,4.));
#14473=CARTESIAN_POINT('',(40.8850704971701,22.9303500056267,4.5));
#14474=CARTESIAN_POINT('Ctrl Pts',(40.8850704971701,22.9303500056267,4.5));
#14475=CARTESIAN_POINT('Ctrl Pts',(40.8850704971701,23.2646217942238,4.5));
#14476=CARTESIAN_POINT('Ctrl Pts',(41.0117418412119,23.5188439488411,4.5));
#14477=CARTESIAN_POINT('',(40.8850704971701,22.9303500056267,4.));
#14478=CARTESIAN_POINT('',(40.8850704971701,22.9303500056267,4.5));
#14479=CARTESIAN_POINT('Ctrl Pts',(40.8850704971701,22.9303500056267,4.));
#14480=CARTESIAN_POINT('Ctrl Pts',(40.8850704971701,23.2646217942238,4.));
#14481=CARTESIAN_POINT('Ctrl Pts',(41.0117418412119,23.5188439488411,4.));
#14482=CARTESIAN_POINT('Ctrl Pts',(40.9703977499157,22.5688090920448,4.5));
#14483=CARTESIAN_POINT('Ctrl Pts',(40.9703977499157,22.5688090920448,4.));
#14484=CARTESIAN_POINT('Ctrl Pts',(40.8850704971701,22.6981189846992,4.5));
#14485=CARTESIAN_POINT('Ctrl Pts',(40.8850704971701,22.6981189846992,4.));
#14486=CARTESIAN_POINT('Ctrl Pts',(40.8850704971701,22.9303500056267,4.5));
#14487=CARTESIAN_POINT('Ctrl Pts',(40.8850704971701,22.9303500056267,4.));
#14488=CARTESIAN_POINT('',(40.9703977499157,22.5688090920448,4.5));
#14489=CARTESIAN_POINT('Ctrl Pts',(40.9703977499157,22.5688090920448,4.5));
#14490=CARTESIAN_POINT('Ctrl Pts',(40.8850704971701,22.6981189846992,4.5));
#14491=CARTESIAN_POINT('Ctrl Pts',(40.8850704971701,22.9303500056267,4.5));
#14492=CARTESIAN_POINT('',(40.9703977499157,22.5688090920448,4.));
#14493=CARTESIAN_POINT('',(40.9703977499157,22.5688090920448,4.5));
#14494=CARTESIAN_POINT('Ctrl Pts',(40.9703977499157,22.5688090920448,4.));
#14495=CARTESIAN_POINT('Ctrl Pts',(40.8850704971701,22.6981189846992,4.));
#14496=CARTESIAN_POINT('Ctrl Pts',(40.8850704971701,22.9303500056267,4.));
#14497=CARTESIAN_POINT('Ctrl Pts',(41.2123048398644,22.439498603344,4.5));
#14498=CARTESIAN_POINT('Ctrl Pts',(41.2123048398644,22.439498603344,4.));
#14499=CARTESIAN_POINT('Ctrl Pts',(41.0557250026613,22.439498603344,4.5));
#14500=CARTESIAN_POINT('Ctrl Pts',(41.0557250026613,22.439498603344,4.));
#14501=CARTESIAN_POINT('Ctrl Pts',(40.9703977499157,22.5688090920448,4.5));
#14502=CARTESIAN_POINT('Ctrl Pts',(40.9703977499157,22.5688090920448,4.));
#14503=CARTESIAN_POINT('',(41.2123048398644,22.439498603344,4.5));
#14504=CARTESIAN_POINT('Ctrl Pts',(41.2123048398644,22.439498603344,4.5));
#14505=CARTESIAN_POINT('Ctrl Pts',(41.0557250026613,22.439498603344,4.5));
#14506=CARTESIAN_POINT('Ctrl Pts',(40.9703977499157,22.5688090920448,4.5));
#14507=CARTESIAN_POINT('',(41.2123048398644,22.439498603344,4.));
#14508=CARTESIAN_POINT('',(41.2123048398644,22.439498603344,4.5));
#14509=CARTESIAN_POINT('Ctrl Pts',(41.2123048398644,22.439498603344,4.));
#14510=CARTESIAN_POINT('Ctrl Pts',(41.0557250026613,22.439498603344,4.));
#14511=CARTESIAN_POINT('Ctrl Pts',(40.9703977499157,22.5688090920448,4.));
#14512=CARTESIAN_POINT('Ctrl Pts',(41.4735645148903,22.5723275542259,4.5));
#14513=CARTESIAN_POINT('Ctrl Pts',(41.4735645148903,22.5723275542259,4.));
#14514=CARTESIAN_POINT('Ctrl Pts',(41.3600881490856,22.4412581324577,4.5));
#14515=CARTESIAN_POINT('Ctrl Pts',(41.3600881490856,22.4412581324577,4.));
#14516=CARTESIAN_POINT('Ctrl Pts',(41.2123048398644,22.439498603344,4.5));
#14517=CARTESIAN_POINT('Ctrl Pts',(41.2123048398644,22.439498603344,4.));
#14518=CARTESIAN_POINT('',(41.4735645148903,22.5723275542259,4.5));
#14519=CARTESIAN_POINT('Ctrl Pts',(41.4735645148903,22.5723275542259,4.5));
#14520=CARTESIAN_POINT('Ctrl Pts',(41.3600881490856,22.4412581324577,4.5));
#14521=CARTESIAN_POINT('Ctrl Pts',(41.2123048398644,22.439498603344,4.5));
#14522=CARTESIAN_POINT('',(41.4735645148903,22.5723275542259,4.));
#14523=CARTESIAN_POINT('',(41.4735645148903,22.5723275542259,4.5));
#14524=CARTESIAN_POINT('Ctrl Pts',(41.4735645148903,22.5723275542259,4.));
#14525=CARTESIAN_POINT('Ctrl Pts',(41.3600881490856,22.4412581324577,4.));
#14526=CARTESIAN_POINT('Ctrl Pts',(41.2123048398644,22.439498603344,4.));
#14527=CARTESIAN_POINT('Ctrl Pts',(41.6150993413281,22.8462500620466,4.5));
#14528=CARTESIAN_POINT('Ctrl Pts',(41.6150993413281,22.8462500620466,4.));
#14529=CARTESIAN_POINT('Ctrl Pts',(41.5633173230345,22.6759953848099,4.5));
#14530=CARTESIAN_POINT('Ctrl Pts',(41.5633173230345,22.6759953848099,4.));
#14531=CARTESIAN_POINT('Ctrl Pts',(41.4735645148903,22.5723275542259,4.5));
#14532=CARTESIAN_POINT('Ctrl Pts',(41.4735645148903,22.5723275542259,4.));
#14533=CARTESIAN_POINT('',(41.6150993413281,22.8462500620466,4.5));
#14534=CARTESIAN_POINT('Ctrl Pts',(41.6150993413281,22.8462500620466,4.5));
#14535=CARTESIAN_POINT('Ctrl Pts',(41.5633173230345,22.6759953848099,4.5));
#14536=CARTESIAN_POINT('Ctrl Pts',(41.4735645148903,22.5723275542259,4.5));
#14537=CARTESIAN_POINT('',(41.6150993413281,22.8462500620466,4.));
#14538=CARTESIAN_POINT('',(41.6150993413281,22.8462500620466,4.5));
#14539=CARTESIAN_POINT('Ctrl Pts',(41.6150993413281,22.8462500620466,4.));
#14540=CARTESIAN_POINT('Ctrl Pts',(41.5633173230345,22.6759953848099,4.));
#14541=CARTESIAN_POINT('Ctrl Pts',(41.4735645148903,22.5723275542259,4.));
#14542=CARTESIAN_POINT('Origin',(41.5764850471169,22.8459021449089,4.5));
#14543=CARTESIAN_POINT('',(41.5764850471169,22.8459021449089,4.5));
#14544=CARTESIAN_POINT('',(45.2754230166538,22.8792298008237,4.5));
#14545=CARTESIAN_POINT('',(41.5764850471169,22.8459021449089,4.));
#14546=CARTESIAN_POINT('',(41.5764850471169,22.8459021449089,4.5));
#14547=CARTESIAN_POINT('',(41.7717699799687,22.8476616740227,4.));
#14548=CARTESIAN_POINT('',(41.6150993413281,22.8462500620466,4.5));
#14549=CARTESIAN_POINT('Origin',(41.639820644632,22.9409059882164,4.5));
#14550=CARTESIAN_POINT('',(41.639820644632,22.9409059882164,4.5));
#14551=CARTESIAN_POINT('',(38.7061267717699,18.5403444723473,4.5));
#14552=CARTESIAN_POINT('',(41.639820644632,22.9409059882164,4.));
#14553=CARTESIAN_POINT('',(41.639820644632,22.9409059882164,4.5));
#14554=CARTESIAN_POINT('',(41.5764850471169,22.8459021449089,4.));
#14555=CARTESIAN_POINT('Ctrl Pts',(41.6150993413281,22.8462500620466,4.5));
#14556=CARTESIAN_POINT('Ctrl Pts',(41.6150993413281,22.8462500620466,4.));
#14557=CARTESIAN_POINT('Ctrl Pts',(41.6287864194505,22.8912519593233,4.5));
#14558=CARTESIAN_POINT('Ctrl Pts',(41.6287864194505,22.8912519593233,4.));
#14559=CARTESIAN_POINT('Ctrl Pts',(41.639820644632,22.9409059882164,4.5));
#14560=CARTESIAN_POINT('Ctrl Pts',(41.639820644632,22.9409059882164,4.));
#14561=CARTESIAN_POINT('Ctrl Pts',(41.6150993413281,22.8462500620466,4.5));
#14562=CARTESIAN_POINT('Ctrl Pts',(41.6287864194505,22.8912519593233,4.5));
#14563=CARTESIAN_POINT('Ctrl Pts',(41.639820644632,22.9409059882164,4.5));
#14564=CARTESIAN_POINT('Ctrl Pts',(41.6150993413281,22.8462500620466,4.));
#14565=CARTESIAN_POINT('Ctrl Pts',(41.6287864194505,22.8912519593233,4.));
#14566=CARTESIAN_POINT('Ctrl Pts',(41.639820644632,22.9409059882164,4.));
#14567=CARTESIAN_POINT('Origin',(41.6521978519802,22.8465843218823,4.5));
#14568=CARTESIAN_POINT('',(41.6521978519802,22.8465843218823,4.5));
#14569=CARTESIAN_POINT('',(45.3132794190854,22.8795708893104,4.5));
#14570=CARTESIAN_POINT('',(41.6521978519802,22.8465843218823,4.));
#14571=CARTESIAN_POINT('',(41.6521978519802,22.8465843218823,4.5));
#14572=CARTESIAN_POINT('',(41.7717699799687,22.8476616740227,4.));
#14573=CARTESIAN_POINT('Origin',(41.669729212299,23.0235943198204,4.5));
#14574=CARTESIAN_POINT('',(41.669729212299,23.0235943198204,4.5));
#14575=CARTESIAN_POINT('',(40.8335022258713,14.5804082548489,4.5));
#14576=CARTESIAN_POINT('',(41.669729212299,23.0235943198204,4.));
#14577=CARTESIAN_POINT('',(41.669729212299,23.0235943198204,4.5));
#14578=CARTESIAN_POINT('',(41.6151900682598,22.4729254841805,4.));
#14579=CARTESIAN_POINT('',(41.6521978519802,22.8465843218823,4.5));
#14580=CARTESIAN_POINT('Origin',(41.7717699799687,22.8476616740227,4.5));
#14581=CARTESIAN_POINT('',(41.7717699799687,22.8476616740227,4.5));
#14582=CARTESIAN_POINT('',(46.5208767335463,14.6595331895575,4.5));
#14583=CARTESIAN_POINT('',(41.7717699799687,22.8476616740227,4.));
#14584=CARTESIAN_POINT('',(41.7717699799687,22.8476616740227,4.5));
#14585=CARTESIAN_POINT('',(41.669729212299,23.0235943198204,4.));
#14586=CARTESIAN_POINT('Origin',(41.6521978519802,22.8465843218823,4.5));
#14587=CARTESIAN_POINT('',(45.3132794190854,22.8795708893104,4.5));
#14588=CARTESIAN_POINT('',(41.7717699799687,22.8476616740227,4.));
#14589=CARTESIAN_POINT('Origin',(41.6151900682598,22.4729254841805,4.5));
#14590=CARTESIAN_POINT('',(41.6151900682598,22.4729254841805,4.5));
#14591=CARTESIAN_POINT('',(40.8062326538517,14.3050738370289,4.5));
#14592=CARTESIAN_POINT('',(41.6151900682598,22.4729254841805,4.));
#14593=CARTESIAN_POINT('',(41.6151900682598,22.4729254841805,4.5));
#14594=CARTESIAN_POINT('',(41.6151900682598,22.4729254841805,4.));
#14595=CARTESIAN_POINT('Origin',(41.9441837165505,22.4729254841805,4.5));
#14596=CARTESIAN_POINT('',(41.9441837165505,22.4729254841805,4.5));
#14597=CARTESIAN_POINT('',(45.5389222701469,22.4729254841805,4.5));
#14598=CARTESIAN_POINT('',(41.9441837165505,22.4729254841805,4.));
#14599=CARTESIAN_POINT('',(41.9441837165505,22.4729254841805,4.5));
#14600=CARTESIAN_POINT('',(41.9441837165505,22.4729254841805,4.));
#14601=CARTESIAN_POINT('Origin',(42.1165976021439,23.4528693556786,4.5));
#14602=CARTESIAN_POINT('',(42.1165953842783,23.4528693556786,4.5));
#14603=CARTESIAN_POINT('',(40.6671907578377,15.2149171194258,4.5));
#14604=CARTESIAN_POINT('',(42.1165953842783,23.4528693556786,4.));
#14605=CARTESIAN_POINT('',(42.1165976021439,23.4528693556786,4.5));
#14606=CARTESIAN_POINT('',(42.1165976021439,23.4528693556786,4.));
#14607=CARTESIAN_POINT('Ctrl Pts',(42.1702569816262,23.7660291790962,4.5));
#14608=CARTESIAN_POINT('Ctrl Pts',(42.1702569816262,23.7660291790962,4.));
#14609=CARTESIAN_POINT('Ctrl Pts',(42.1497056972099,23.6437240902524,4.5));
#14610=CARTESIAN_POINT('Ctrl Pts',(42.1497056972099,23.6437240902524,4.));
#14611=CARTESIAN_POINT('Ctrl Pts',(42.1163013663152,23.4528693556786,4.5));
#14612=CARTESIAN_POINT('Ctrl Pts',(42.1163013663152,23.4528693556786,4.));
#14613=CARTESIAN_POINT('',(42.1702569816262,23.7660291790962,4.5));
#14614=CARTESIAN_POINT('Ctrl Pts',(42.1702569816262,23.7660291790962,4.5));
#14615=CARTESIAN_POINT('Ctrl Pts',(42.1497056972099,23.6437240902524,4.5));
#14616=CARTESIAN_POINT('Ctrl Pts',(42.1163013663152,23.4528693556786,4.5));
#14617=CARTESIAN_POINT('',(42.1702569816262,23.7660291790962,4.));
#14618=CARTESIAN_POINT('',(42.1702569816262,23.7660291790962,4.5));
#14619=CARTESIAN_POINT('Ctrl Pts',(42.1702569816262,23.7660291790962,4.));
#14620=CARTESIAN_POINT('Ctrl Pts',(42.1497056972099,23.6437240902524,4.));
#14621=CARTESIAN_POINT('Ctrl Pts',(42.1163013663152,23.4528693556786,4.));
#14622=CARTESIAN_POINT('Ctrl Pts',(42.2045637760311,24.082707464695,4.5));
#14623=CARTESIAN_POINT('Ctrl Pts',(42.2045637760311,24.082707464695,4.));
#14624=CARTESIAN_POINT('Ctrl Pts',(42.2063231561333,23.9806666970253,4.5));
#14625=CARTESIAN_POINT('Ctrl Pts',(42.2063231561333,23.9806666970253,4.));
#14626=CARTESIAN_POINT('Ctrl Pts',(42.1702569816262,23.7660291790962,4.5));
#14627=CARTESIAN_POINT('Ctrl Pts',(42.1702569816262,23.7660291790962,4.));
#14628=CARTESIAN_POINT('',(42.2045637760311,24.082707464695,4.5));
#14629=CARTESIAN_POINT('Ctrl Pts',(42.2045637760311,24.082707464695,4.5));
#14630=CARTESIAN_POINT('Ctrl Pts',(42.2063231561333,23.9806666970253,4.5));
#14631=CARTESIAN_POINT('Ctrl Pts',(42.1702569816262,23.7660291790962,4.5));
#14632=CARTESIAN_POINT('',(42.2045637760311,24.082707464695,4.));
#14633=CARTESIAN_POINT('',(42.2045637760311,24.082707464695,4.5));
#14634=CARTESIAN_POINT('Ctrl Pts',(42.2045637760311,24.082707464695,4.));
#14635=CARTESIAN_POINT('Ctrl Pts',(42.2063231561333,23.9806666970253,4.));
#14636=CARTESIAN_POINT('Ctrl Pts',(42.1702569816262,23.7660291790962,4.));
#14637=CARTESIAN_POINT('Ctrl Pts',(41.5676882956177,24.7354170680046,4.5));
#14638=CARTESIAN_POINT('Ctrl Pts',(41.5676882956177,24.7354170680046,4.));
#14639=CARTESIAN_POINT('Ctrl Pts',(42.2045637760311,24.7354170680046,4.5));
#14640=CARTESIAN_POINT('Ctrl Pts',(42.2045637760311,24.7354170680046,4.));
#14641=CARTESIAN_POINT('Ctrl Pts',(42.2045637760311,24.082707464695,4.5));
#14642=CARTESIAN_POINT('Ctrl Pts',(42.2045637760311,24.082707464695,4.));
#14643=CARTESIAN_POINT('',(41.5676882956177,24.7354170680046,4.5));
#14644=CARTESIAN_POINT('Ctrl Pts',(41.5676882956177,24.7354170680046,4.5));
#14645=CARTESIAN_POINT('Ctrl Pts',(42.2045637760311,24.7354170680046,4.5));
#14646=CARTESIAN_POINT('Ctrl Pts',(42.2045637760311,24.082707464695,4.5));
#14647=CARTESIAN_POINT('',(41.5676882956177,24.7354170680046,4.));
#14648=CARTESIAN_POINT('',(41.5676882956177,24.7354170680046,4.5));
#14649=CARTESIAN_POINT('Ctrl Pts',(41.5676882956177,24.7354170680046,4.));
#14650=CARTESIAN_POINT('Ctrl Pts',(42.2045637760311,24.7354170680046,4.));
#14651=CARTESIAN_POINT('Ctrl Pts',(42.2045637760311,24.082707464695,4.));
#14652=CARTESIAN_POINT('Ctrl Pts',(41.0627622995526,24.5867541432381,4.5));
#14653=CARTESIAN_POINT('Ctrl Pts',(41.0627622995526,24.5867541432381,4.));
#14654=CARTESIAN_POINT('Ctrl Pts',(41.2949930224568,24.7354170680046,4.5));
#14655=CARTESIAN_POINT('Ctrl Pts',(41.2949930224568,24.7354170680046,4.));
#14656=CARTESIAN_POINT('Ctrl Pts',(41.5676882956177,24.7354170680046,4.5));
#14657=CARTESIAN_POINT('Ctrl Pts',(41.5676882956177,24.7354170680046,4.));
#14658=CARTESIAN_POINT('',(41.0627622995526,24.5867541432381,4.5));
#14659=CARTESIAN_POINT('Ctrl Pts',(41.0627622995526,24.5867541432381,4.5));
#14660=CARTESIAN_POINT('Ctrl Pts',(41.2949930224568,24.7354170680046,4.5));
#14661=CARTESIAN_POINT('Ctrl Pts',(41.5676882956177,24.7354170680046,4.5));
#14662=CARTESIAN_POINT('',(41.0627622995526,24.5867541432381,4.));
#14663=CARTESIAN_POINT('',(41.0627622995526,24.5867541432381,4.5));
#14664=CARTESIAN_POINT('Ctrl Pts',(41.0627622995526,24.5867541432381,4.));
#14665=CARTESIAN_POINT('Ctrl Pts',(41.2949930224568,24.7354170680046,4.));
#14666=CARTESIAN_POINT('Ctrl Pts',(41.5676882956177,24.7354170680046,4.));
#14667=CARTESIAN_POINT('Ctrl Pts',(40.6563583109528,24.1706737875938,4.5));
#14668=CARTESIAN_POINT('Ctrl Pts',(40.6563583109528,24.1706737875938,4.));
#14669=CARTESIAN_POINT('Ctrl Pts',(40.8305314276367,24.4380912184715,4.5));
#14670=CARTESIAN_POINT('Ctrl Pts',(40.8305314276367,24.4380912184715,4.));
#14671=CARTESIAN_POINT('Ctrl Pts',(41.0627622995526,24.5867541432381,4.5));
#14672=CARTESIAN_POINT('Ctrl Pts',(41.0627622995526,24.5867541432381,4.));
#14673=CARTESIAN_POINT('',(40.6563583109528,24.1706737875938,4.5));
#14674=CARTESIAN_POINT('Ctrl Pts',(40.6563583109528,24.1706737875938,4.5));
#14675=CARTESIAN_POINT('Ctrl Pts',(40.8305314276367,24.4380912184715,4.5));
#14676=CARTESIAN_POINT('Ctrl Pts',(41.0627622995526,24.5867541432381,4.5));
#14677=CARTESIAN_POINT('',(40.6563583109528,24.1706737875938,4.));
#14678=CARTESIAN_POINT('',(40.6563583109528,24.1706737875938,4.5));
#14679=CARTESIAN_POINT('Ctrl Pts',(40.6563583109528,24.1706737875938,4.));
#14680=CARTESIAN_POINT('Ctrl Pts',(40.8305314276367,24.4380912184715,4.));
#14681=CARTESIAN_POINT('Ctrl Pts',(41.0627622995526,24.5867541432381,4.));
#14682=CARTESIAN_POINT('Ctrl Pts',(40.3871817234904,23.5434743762016,4.5));
#14683=CARTESIAN_POINT('Ctrl Pts',(40.3871817234904,23.5434743762016,4.));
#14684=CARTESIAN_POINT('Ctrl Pts',(40.4821852315217,23.9032563567162,4.5));
#14685=CARTESIAN_POINT('Ctrl Pts',(40.4821852315217,23.9032563567162,4.));
#14686=CARTESIAN_POINT('Ctrl Pts',(40.6563583109528,24.1706737875938,4.5));
#14687=CARTESIAN_POINT('Ctrl Pts',(40.6563583109528,24.1706737875938,4.));
#14688=CARTESIAN_POINT('',(40.3871817234904,23.5434743762016,4.5));
#14689=CARTESIAN_POINT('Ctrl Pts',(40.3871817234904,23.5434743762016,4.5));
#14690=CARTESIAN_POINT('Ctrl Pts',(40.4821852315217,23.9032563567162,4.5));
#14691=CARTESIAN_POINT('Ctrl Pts',(40.6563583109528,24.1706737875938,4.5));
#14692=CARTESIAN_POINT('',(40.3871817234904,23.5434743762016,4.));
#14693=CARTESIAN_POINT('',(40.3871817234904,23.5434743762016,4.5));
#14694=CARTESIAN_POINT('Ctrl Pts',(40.3871817234904,23.5434743762016,4.));
#14695=CARTESIAN_POINT('Ctrl Pts',(40.4821852315217,23.9032563567162,4.));
#14696=CARTESIAN_POINT('Ctrl Pts',(40.6563583109528,24.1706737875938,4.));
#14697=CARTESIAN_POINT('Ctrl Pts',(40.2904188726097,22.7614548802376,4.5));
#14698=CARTESIAN_POINT('Ctrl Pts',(40.2904188726097,22.7614548802376,4.));
#14699=CARTESIAN_POINT('Ctrl Pts',(40.2921781782061,23.1836929917336,4.5));
#14700=CARTESIAN_POINT('Ctrl Pts',(40.2921781782061,23.1836929917336,4.));
#14701=CARTESIAN_POINT('Ctrl Pts',(40.3871817234904,23.5434743762016,4.5));
#14702=CARTESIAN_POINT('Ctrl Pts',(40.3871817234904,23.5434743762016,4.));
#14703=CARTESIAN_POINT('',(40.2904188726097,22.7614548802376,4.5));
#14704=CARTESIAN_POINT('Ctrl Pts',(40.2904188726097,22.7614548802376,4.5));
#14705=CARTESIAN_POINT('Ctrl Pts',(40.2921781782061,23.1836929917336,4.5));
#14706=CARTESIAN_POINT('Ctrl Pts',(40.3871817234904,23.5434743762016,4.5));
#14707=CARTESIAN_POINT('',(40.2904188726097,22.7614548802376,4.));
#14708=CARTESIAN_POINT('',(40.2904188726097,22.7614548802376,4.5));
#14709=CARTESIAN_POINT('Ctrl Pts',(40.2904188726097,22.7614548802376,4.));
#14710=CARTESIAN_POINT('Ctrl Pts',(40.2921781782061,23.1836929917336,4.));
#14711=CARTESIAN_POINT('Ctrl Pts',(40.3871817234904,23.5434743762016,4.));
#14712=CARTESIAN_POINT('Ctrl Pts',(40.5191309843212,21.9811943173409,4.5));
#14713=CARTESIAN_POINT('Ctrl Pts',(40.5191309843212,21.9811943173409,4.));
#14714=CARTESIAN_POINT('Ctrl Pts',(40.2921781782061,22.2266206145287,4.5));
#14715=CARTESIAN_POINT('Ctrl Pts',(40.2921781782061,22.2266206145287,4.));
#14716=CARTESIAN_POINT('Ctrl Pts',(40.2904188726097,22.7614548802376,4.5));
#14717=CARTESIAN_POINT('Ctrl Pts',(40.2904188726097,22.7614548802376,4.));
#14718=CARTESIAN_POINT('',(40.5191309843212,21.9811943173409,4.5));
#14719=CARTESIAN_POINT('Ctrl Pts',(40.5191309843212,21.9811943173409,4.5));
#14720=CARTESIAN_POINT('Ctrl Pts',(40.2921781782061,22.2266206145287,4.5));
#14721=CARTESIAN_POINT('Ctrl Pts',(40.2904188726097,22.7614548802376,4.5));
#14722=CARTESIAN_POINT('',(40.5191309843212,21.9811943173409,4.));
#14723=CARTESIAN_POINT('',(40.5191309843212,21.9811943173409,4.5));
#14724=CARTESIAN_POINT('Ctrl Pts',(40.5191309843212,21.9811943173409,4.));
#14725=CARTESIAN_POINT('Ctrl Pts',(40.2921781782061,22.2266206145287,4.));
#14726=CARTESIAN_POINT('Ctrl Pts',(40.2904188726097,22.7614548802376,4.));
#14727=CARTESIAN_POINT('Ctrl Pts',(41.2211014423519,21.7340096831322,4.5));
#14728=CARTESIAN_POINT('Ctrl Pts',(41.2211014423519,21.7340096831322,4.));
#14729=CARTESIAN_POINT('Ctrl Pts',(40.7460838649422,21.7357686161995,4.5));
#14730=CARTESIAN_POINT('Ctrl Pts',(40.7460838649422,21.7357686161995,4.));
#14731=CARTESIAN_POINT('Ctrl Pts',(40.5191309843212,21.9811943173409,4.5));
#14732=CARTESIAN_POINT('Ctrl Pts',(40.5191309843212,21.9811943173409,4.));
#14733=CARTESIAN_POINT('',(41.2211014423519,21.7340096831322,4.5));
#14734=CARTESIAN_POINT('Ctrl Pts',(41.2211014423519,21.7340096831322,4.5));
#14735=CARTESIAN_POINT('Ctrl Pts',(40.7460838649422,21.7357686161995,4.5));
#14736=CARTESIAN_POINT('Ctrl Pts',(40.5191309843212,21.9811943173409,4.5));
#14737=CARTESIAN_POINT('',(41.2211014423519,21.7340096831322,4.));
#14738=CARTESIAN_POINT('',(41.2211014423519,21.7340096831322,4.5));
#14739=CARTESIAN_POINT('Ctrl Pts',(41.2211014423519,21.7340096831322,4.));
#14740=CARTESIAN_POINT('Ctrl Pts',(40.7460838649422,21.7357686161995,4.));
#14741=CARTESIAN_POINT('Ctrl Pts',(40.5191309843212,21.9811943173409,4.));
#14742=CARTESIAN_POINT('Ctrl Pts',(41.534261116758,21.7779925465584,4.5));
#14743=CARTESIAN_POINT('Ctrl Pts',(41.534261116758,21.7779925465584,4.));
#14744=CARTESIAN_POINT('Ctrl Pts',(41.4023117814213,21.7357686161995,4.5));
#14745=CARTESIAN_POINT('Ctrl Pts',(41.4023117814213,21.7357686161995,4.));
#14746=CARTESIAN_POINT('Ctrl Pts',(41.2211014423519,21.7340096831322,4.5));
#14747=CARTESIAN_POINT('Ctrl Pts',(41.2211014423519,21.7340096831322,4.));
#14748=CARTESIAN_POINT('',(41.534261116758,21.7779925465584,4.5));
#14749=CARTESIAN_POINT('Ctrl Pts',(41.534261116758,21.7779925465584,4.5));
#14750=CARTESIAN_POINT('Ctrl Pts',(41.4023117814213,21.7357686161995,4.5));
#14751=CARTESIAN_POINT('Ctrl Pts',(41.2211014423519,21.7340096831322,4.5));
#14752=CARTESIAN_POINT('',(41.534261116758,21.7779925465584,4.));
#14753=CARTESIAN_POINT('',(41.534261116758,21.7779925465584,4.5));
#14754=CARTESIAN_POINT('Ctrl Pts',(41.534261116758,21.7779925465584,4.));
#14755=CARTESIAN_POINT('Ctrl Pts',(41.4023117814213,21.7357686161995,4.));
#14756=CARTESIAN_POINT('Ctrl Pts',(41.2211014423519,21.7340096831322,4.));
#14757=CARTESIAN_POINT('Origin',(41.587040880695,22.1562471985817,4.5));
#14758=CARTESIAN_POINT('',(41.587040880695,22.1562471985817,4.5));
#14759=CARTESIAN_POINT('',(40.5009154230042,14.3723547290568,4.5));
#14760=CARTESIAN_POINT('',(41.587040880695,22.1562471985817,4.));
#14761=CARTESIAN_POINT('',(41.587040880695,22.1562471985817,4.5));
#14762=CARTESIAN_POINT('',(41.587040880695,22.1562471985817,4.));
#14763=CARTESIAN_POINT('Ctrl Pts',(41.2246202025563,22.1140238642693,4.5));
#14764=CARTESIAN_POINT('Ctrl Pts',(41.2246202025563,22.1140238642693,4.));
#14765=CARTESIAN_POINT('Ctrl Pts',(41.4498135540634,22.1140238642693,4.5));
#14766=CARTESIAN_POINT('Ctrl Pts',(41.4498135540634,22.1140238642693,4.));
#14767=CARTESIAN_POINT('Ctrl Pts',(41.587040880695,22.1562471985817,4.5));
#14768=CARTESIAN_POINT('Ctrl Pts',(41.587040880695,22.1562471985817,4.));
#14769=CARTESIAN_POINT('',(41.2246202025563,22.1140238642693,4.5));
#14770=CARTESIAN_POINT('Ctrl Pts',(41.2246202025563,22.1140238642693,4.5));
#14771=CARTESIAN_POINT('Ctrl Pts',(41.4498135540634,22.1140238642693,4.5));
#14772=CARTESIAN_POINT('Ctrl Pts',(41.587040880695,22.1562471985817,4.5));
#14773=CARTESIAN_POINT('',(41.2246202025563,22.1140238642693,4.));
#14774=CARTESIAN_POINT('',(41.2246202025563,22.1140238642693,4.5));
#14775=CARTESIAN_POINT('Ctrl Pts',(41.2246202025563,22.1140238642693,4.));
#14776=CARTESIAN_POINT('Ctrl Pts',(41.4498135540634,22.1140238642693,4.));
#14777=CARTESIAN_POINT('Ctrl Pts',(41.587040880695,22.1562471985817,4.));
#14778=CARTESIAN_POINT('Ctrl Pts',(40.8050212357193,22.2714832425117,4.5));
#14779=CARTESIAN_POINT('Ctrl Pts',(40.8050212357193,22.2714832425117,4.));
#14780=CARTESIAN_POINT('Ctrl Pts',(40.9413688722998,22.1122643351555,4.5));
#14781=CARTESIAN_POINT('Ctrl Pts',(40.9413688722998,22.1122643351555,4.));
#14782=CARTESIAN_POINT('Ctrl Pts',(41.2246202025563,22.1140238642693,4.5));
#14783=CARTESIAN_POINT('Ctrl Pts',(41.2246202025563,22.1140238642693,4.));
#14784=CARTESIAN_POINT('',(40.8050212357193,22.2714832425117,4.5));
#14785=CARTESIAN_POINT('Ctrl Pts',(40.8050212357193,22.2714832425117,4.5));
#14786=CARTESIAN_POINT('Ctrl Pts',(40.9413688722998,22.1122643351555,4.5));
#14787=CARTESIAN_POINT('Ctrl Pts',(41.2246202025563,22.1140238642693,4.5));
#14788=CARTESIAN_POINT('',(40.8050212357193,22.2714832425117,4.));
#14789=CARTESIAN_POINT('',(40.8050212357193,22.2714832425117,4.5));
#14790=CARTESIAN_POINT('Ctrl Pts',(40.8050212357193,22.2714832425117,4.));
#14791=CARTESIAN_POINT('Ctrl Pts',(40.9413688722998,22.1122643351555,4.));
#14792=CARTESIAN_POINT('Ctrl Pts',(41.2246202025563,22.1140238642693,4.));
#14793=CARTESIAN_POINT('Ctrl Pts',(40.6686735991389,22.7720108628273,4.5));
#14794=CARTESIAN_POINT('Ctrl Pts',(40.6686735991389,22.7720108628273,4.));
#14795=CARTESIAN_POINT('Ctrl Pts',(40.6686735991389,22.430702149868,4.5));
#14796=CARTESIAN_POINT('Ctrl Pts',(40.6686735991389,22.430702149868,4.));
#14797=CARTESIAN_POINT('Ctrl Pts',(40.8050212357193,22.2714832425117,4.5));
#14798=CARTESIAN_POINT('Ctrl Pts',(40.8050212357193,22.2714832425117,4.));
#14799=CARTESIAN_POINT('',(40.6686735991389,22.7720108628273,4.5));
#14800=CARTESIAN_POINT('Ctrl Pts',(40.6686735991389,22.7720108628273,4.5));
#14801=CARTESIAN_POINT('Ctrl Pts',(40.6686735991389,22.430702149868,4.5));
#14802=CARTESIAN_POINT('Ctrl Pts',(40.8050212357193,22.2714832425117,4.5));
#14803=CARTESIAN_POINT('',(40.6686735991389,22.7720108628273,4.));
#14804=CARTESIAN_POINT('',(40.6686735991389,22.7720108628273,4.5));
#14805=CARTESIAN_POINT('Ctrl Pts',(40.6686735991389,22.7720108628273,4.));
#14806=CARTESIAN_POINT('Ctrl Pts',(40.6686735991389,22.430702149868,4.));
#14807=CARTESIAN_POINT('Ctrl Pts',(40.8050212357193,22.2714832425117,4.));
#14808=CARTESIAN_POINT('Ctrl Pts',(40.7337686512619,23.3842560648918,4.5));
#14809=CARTESIAN_POINT('Ctrl Pts',(40.7337686512619,23.3842560648918,4.));
#14810=CARTESIAN_POINT('Ctrl Pts',(40.6669142935425,23.0974861979485,4.5));
#14811=CARTESIAN_POINT('Ctrl Pts',(40.6669142935425,23.0974861979485,4.));
#14812=CARTESIAN_POINT('Ctrl Pts',(40.6686735991389,22.7720108628273,4.5));
#14813=CARTESIAN_POINT('Ctrl Pts',(40.6686735991389,22.7720108628273,4.));
#14814=CARTESIAN_POINT('',(40.7337686512619,23.3842560648918,4.5));
#14815=CARTESIAN_POINT('Ctrl Pts',(40.7337686512619,23.3842560648918,4.5));
#14816=CARTESIAN_POINT('Ctrl Pts',(40.6669142935425,23.0974861979485,4.5));
#14817=CARTESIAN_POINT('Ctrl Pts',(40.6686735991389,22.7720108628273,4.5));
#14818=CARTESIAN_POINT('',(40.7337686512619,23.3842560648918,4.));
#14819=CARTESIAN_POINT('',(40.7337686512619,23.3842560648918,4.5));
#14820=CARTESIAN_POINT('Ctrl Pts',(40.7337686512619,23.3842560648918,4.));
#14821=CARTESIAN_POINT('Ctrl Pts',(40.6669142935425,23.0974861979485,4.));
#14822=CARTESIAN_POINT('Ctrl Pts',(40.6686735991389,22.7720108628273,4.));
#14823=CARTESIAN_POINT('Ctrl Pts',(40.9176179859787,23.8891819119453,4.5));
#14824=CARTESIAN_POINT('Ctrl Pts',(40.9176179859787,23.8891819119453,4.));
#14825=CARTESIAN_POINT('Ctrl Pts',(40.8006229344755,23.6710259318352,4.5));
#14826=CARTESIAN_POINT('Ctrl Pts',(40.8006229344755,23.6710259318352,4.));
#14827=CARTESIAN_POINT('Ctrl Pts',(40.7337686512619,23.3842560648918,4.5));
#14828=CARTESIAN_POINT('Ctrl Pts',(40.7337686512619,23.3842560648918,4.));
#14829=CARTESIAN_POINT('',(40.9176179859787,23.8891819119453,4.5));
#14830=CARTESIAN_POINT('Ctrl Pts',(40.9176179859787,23.8891819119453,4.5));
#14831=CARTESIAN_POINT('Ctrl Pts',(40.8006229344755,23.6710259318352,4.5));
#14832=CARTESIAN_POINT('Ctrl Pts',(40.7337686512619,23.3842560648918,4.5));
#14833=CARTESIAN_POINT('',(40.9176179859787,23.8891819119453,4.));
#14834=CARTESIAN_POINT('',(40.9176179859787,23.8891819119453,4.5));
#14835=CARTESIAN_POINT('Ctrl Pts',(40.9176179859787,23.8891819119453,4.));
#14836=CARTESIAN_POINT('Ctrl Pts',(40.8006229344755,23.6710259318352,4.));
#14837=CARTESIAN_POINT('Ctrl Pts',(40.7337686512619,23.3842560648918,4.));
#14838=CARTESIAN_POINT('Ctrl Pts',(41.1876742634922,24.2322501540184,4.5));
#14839=CARTESIAN_POINT('Ctrl Pts',(41.1876742634922,24.2322501540184,4.));
#14840=CARTESIAN_POINT('Ctrl Pts',(41.0346131119877,24.1073378920555,4.5));
#14841=CARTESIAN_POINT('Ctrl Pts',(41.0346131119877,24.1073378920555,4.));
#14842=CARTESIAN_POINT('Ctrl Pts',(40.9176179859787,23.8891819119453,4.5));
#14843=CARTESIAN_POINT('Ctrl Pts',(40.9176179859787,23.8891819119453,4.));
#14844=CARTESIAN_POINT('',(41.1876742634922,24.2322501540184,4.5));
#14845=CARTESIAN_POINT('Ctrl Pts',(41.1876742634922,24.2322501540184,4.5));
#14846=CARTESIAN_POINT('Ctrl Pts',(41.0346131119877,24.1073378920555,4.5));
#14847=CARTESIAN_POINT('Ctrl Pts',(40.9176179859787,23.8891819119453,4.5));
#14848=CARTESIAN_POINT('',(41.1876742634922,24.2322501540184,4.));
#14849=CARTESIAN_POINT('',(41.1876742634922,24.2322501540184,4.5));
#14850=CARTESIAN_POINT('Ctrl Pts',(41.1876742634922,24.2322501540184,4.));
#14851=CARTESIAN_POINT('Ctrl Pts',(41.0346131119877,24.1073378920555,4.));
#14852=CARTESIAN_POINT('Ctrl Pts',(40.9176179859787,23.8891819119453,4.));
#14853=CARTESIAN_POINT('Ctrl Pts',(41.5149085316807,24.3554028868675,4.5));
#14854=CARTESIAN_POINT('Ctrl Pts',(41.5149085316807,24.3554028868675,4.));
#14855=CARTESIAN_POINT('Ctrl Pts',(41.3407354149967,24.3571624159813,4.5));
#14856=CARTESIAN_POINT('Ctrl Pts',(41.3407354149967,24.3571624159813,4.));
#14857=CARTESIAN_POINT('Ctrl Pts',(41.1876742634922,24.2322501540184,4.5));
#14858=CARTESIAN_POINT('Ctrl Pts',(41.1876742634922,24.2322501540184,4.));
#14859=CARTESIAN_POINT('',(41.5149085316807,24.3554028868675,4.5));
#14860=CARTESIAN_POINT('Ctrl Pts',(41.5149085316807,24.3554028868675,4.5));
#14861=CARTESIAN_POINT('Ctrl Pts',(41.3407354149967,24.3571624159813,4.5));
#14862=CARTESIAN_POINT('Ctrl Pts',(41.1876742634922,24.2322501540184,4.5));
#14863=CARTESIAN_POINT('',(41.5149085316807,24.3554028868675,4.));
#14864=CARTESIAN_POINT('',(41.5149085316807,24.3554028868675,4.5));
#14865=CARTESIAN_POINT('Ctrl Pts',(41.5149085316807,24.3554028868675,4.));
#14866=CARTESIAN_POINT('Ctrl Pts',(41.3407354149967,24.3571624159813,4.));
#14867=CARTESIAN_POINT('Ctrl Pts',(41.1876742634922,24.2322501540184,4.));
#14868=CARTESIAN_POINT('Ctrl Pts',(41.7462597880512,24.2823907732964,4.5));
#14869=CARTESIAN_POINT('Ctrl Pts',(41.7462597880512,24.2823907732964,4.));
#14870=CARTESIAN_POINT('Ctrl Pts',(41.6679698321968,24.3554028868675,4.5));
#14871=CARTESIAN_POINT('Ctrl Pts',(41.6679698321968,24.3554028868675,4.));
#14872=CARTESIAN_POINT('Ctrl Pts',(41.5149085316807,24.3554028868675,4.5));
#14873=CARTESIAN_POINT('Ctrl Pts',(41.5149085316807,24.3554028868675,4.));
#14874=CARTESIAN_POINT('',(41.7462597880512,24.2823907732964,4.5));
#14875=CARTESIAN_POINT('Ctrl Pts',(41.7462597880512,24.2823907732964,4.5));
#14876=CARTESIAN_POINT('Ctrl Pts',(41.6679698321968,24.3554028868675,4.5));
#14877=CARTESIAN_POINT('Ctrl Pts',(41.5149085316807,24.3554028868675,4.5));
#14878=CARTESIAN_POINT('',(41.7462597880512,24.2823907732964,4.));
#14879=CARTESIAN_POINT('',(41.7462597880512,24.2823907732964,4.5));
#14880=CARTESIAN_POINT('Ctrl Pts',(41.7462597880512,24.2823907732964,4.));
#14881=CARTESIAN_POINT('Ctrl Pts',(41.6679698321968,24.3554028868675,4.));
#14882=CARTESIAN_POINT('Ctrl Pts',(41.5149085316807,24.3554028868675,4.));
#14883=CARTESIAN_POINT('Ctrl Pts',(41.816207662895,24.114902436796,4.5));
#14884=CARTESIAN_POINT('Ctrl Pts',(41.816207662895,24.114902436796,4.));
#14885=CARTESIAN_POINT('Ctrl Pts',(41.8003125213369,24.2319819531812,4.5));
#14886=CARTESIAN_POINT('Ctrl Pts',(41.8003125213369,24.2319819531812,4.));
#14887=CARTESIAN_POINT('Ctrl Pts',(41.7462597880512,24.2823907732964,4.5));
#14888=CARTESIAN_POINT('Ctrl Pts',(41.7462597880512,24.2823907732964,4.));
#14889=CARTESIAN_POINT('Ctrl Pts',(41.816207662895,24.114902436796,4.5));
#14890=CARTESIAN_POINT('Ctrl Pts',(41.8003125213369,24.2319819531812,4.5));
#14891=CARTESIAN_POINT('Ctrl Pts',(41.7462597880512,24.2823907732964,4.5));
#14892=CARTESIAN_POINT('Ctrl Pts',(41.816207662895,24.114902436796,4.));
#14893=CARTESIAN_POINT('Ctrl Pts',(41.8003125213369,24.2319819531812,4.));
#14894=CARTESIAN_POINT('Ctrl Pts',(41.7462597880512,24.2823907732964,4.));
#14895=CARTESIAN_POINT('Origin',(41.2483710143715,23.2347133755684,4.));
#14896=CARTESIAN_POINT('Origin',(49.1336608237434,5.23233958688734,4.5));
#14897=CARTESIAN_POINT('Origin',(49.1336608237434,5.23233958688734,4.5));
#14898=CARTESIAN_POINT('Origin',(49.1336608237434,5.23233958688734,4.5));
#14899=CARTESIAN_POINT('Origin',(49.1336608237434,5.23233958688734,4.5));
#14900=CARTESIAN_POINT('Origin',(49.1336608237434,5.23233958688734,4.5));
#14901=CARTESIAN_POINT('Origin',(49.1336608237434,5.23233958688734,4.5));
#14902=CARTESIAN_POINT('Origin',(49.1336608237434,5.23233958688734,4.5));
#14903=CARTESIAN_POINT('Origin',(49.1336608237434,5.23233958688734,4.5));
#14904=CARTESIAN_POINT('Origin',(49.1336608237434,5.23233958688734,4.5));
#14905=CARTESIAN_POINT('Origin',(49.1336608237434,5.23233958688734,4.5));
#14906=CARTESIAN_POINT('Origin',(49.1336608237434,5.23233958688734,4.5));
#14907=CARTESIAN_POINT('Origin',(49.1336608237434,5.23233958688734,4.5));
#14908=CARTESIAN_POINT('Origin',(49.1336608237434,5.23233958688734,4.5));
#14909=CARTESIAN_POINT('Origin',(49.1336608237434,5.23233958688734,4.5));
#14910=CARTESIAN_POINT('Origin',(49.1336608237434,5.23233958688734,4.5));
#14911=CARTESIAN_POINT('Origin',(49.1336608237434,5.23233958688734,4.5));
#14912=CARTESIAN_POINT('Origin',(49.1336608237434,5.23233958688734,4.5));
#14913=CARTESIAN_POINT('Origin',(49.1336608237434,5.23233958688734,4.5));
#14914=CARTESIAN_POINT('Origin',(49.1336608237434,5.23233958688734,1.));
#14915=CARTESIAN_POINT('',(59.5798127669046,30.7287385058157,1.));
#14916=CARTESIAN_POINT('',(58.5801940222119,31.7287384331379,1.));
#14917=CARTESIAN_POINT('Origin',(58.5798127669046,30.7287385058157,1.));
#14918=CARTESIAN_POINT('',(59.5798127669046,-21.2716434517019,1.));
#14919=CARTESIAN_POINT('',(59.5798127669046,-8.01965193240729,1.));
#14920=CARTESIAN_POINT('',(39.6875088805822,-21.2716434517019,1.));
#14921=CARTESIAN_POINT('',(44.4105848521628,-21.2716434517019,1.));
#14922=CARTESIAN_POINT('',(38.6875088805822,-20.2716434517019,1.));
#14923=CARTESIAN_POINT('Origin',(39.6875088805823,-20.2716434517019,1.));
#14924=CARTESIAN_POINT('',(38.6875088805822,31.7363226254766,1.));
#14925=CARTESIAN_POINT('',(38.6875088805822,18.484331106182,1.));
#14926=CARTESIAN_POINT('',(53.8619790555067,31.7305372777658,1.));
#14927=CARTESIAN_POINT('',(44.6185190438893,9.23722971323665,1.));
#14928=CARTESIAN_POINT('',(45.6185190438893,10.2372297132366,1.));
#14929=CARTESIAN_POINT('Origin',(45.6185190438893,9.23722971323665,1.));
#14930=CARTESIAN_POINT('',(44.6185190438893,-14.5627702867633,1.));
#14931=CARTESIAN_POINT('',(44.6185190438893,-4.66521534993799,1.));
#14932=CARTESIAN_POINT('',(45.6185190438893,-15.5627702867633,1.));
#14933=CARTESIAN_POINT('Origin',(45.6185190438893,-14.5627702867633,1.));
#14934=CARTESIAN_POINT('',(54.9185190438892,-15.5627702867633,1.));
#14935=CARTESIAN_POINT('',(52.0260899338163,-15.5627702867633,1.));
#14936=CARTESIAN_POINT('',(55.9185190438892,-14.5627702867633,1.));
#14937=CARTESIAN_POINT('Origin',(54.9185190438892,-14.5627702867633,1.));
#14938=CARTESIAN_POINT('',(55.9185190438892,9.23722971323665,1.));
#14939=CARTESIAN_POINT('',(55.9185190438892,7.234784650062,1.));
#14940=CARTESIAN_POINT('',(54.9185190438892,10.2372297132367,1.));
#14941=CARTESIAN_POINT('Origin',(54.9185190438892,9.23722971323665,1.));
#14942=CARTESIAN_POINT('',(47.3760899338163,10.2372297132366,1.));
#14943=CARTESIAN_POINT('Origin',(55.9185190438892,9.23722971323665,0.));
#14944=CARTESIAN_POINT('',(55.9185190438892,-14.5627702867633,4.5));
#14945=CARTESIAN_POINT('',(55.9185190438892,-14.5627702867633,0.));
#14946=CARTESIAN_POINT('',(55.9185190438892,9.23722971323665,4.5));
#14947=CARTESIAN_POINT('',(55.9185190438892,9.23722971323665,4.5));
#14948=CARTESIAN_POINT('',(55.9185190438892,9.23722971323665,0.));
#14949=CARTESIAN_POINT('Origin',(54.9185190438892,-14.5627702867633,0.));
#14950=CARTESIAN_POINT('',(54.9185190438892,-15.5627702867633,4.5));
#14951=CARTESIAN_POINT('',(54.9185190438892,-15.5627702867633,0.));
#14952=CARTESIAN_POINT('Origin',(54.9185190438892,-14.5627702867633,4.5));
#14953=CARTESIAN_POINT('Origin',(54.9185190438892,-15.5627702867633,0.));
#14954=CARTESIAN_POINT('',(45.6185190438893,-15.5627702867633,4.5));
#14955=CARTESIAN_POINT('',(45.6185190438893,-15.5627702867633,0.));
#14956=CARTESIAN_POINT('',(54.9185190438892,-15.5627702867633,4.5));
#14957=CARTESIAN_POINT('Origin',(45.6185190438893,-14.5627702867633,0.));
#14958=CARTESIAN_POINT('',(44.6185190438893,-14.5627702867633,4.5));
#14959=CARTESIAN_POINT('',(44.6185190438893,-14.5627702867633,0.));
#14960=CARTESIAN_POINT('Origin',(45.6185190438893,-14.5627702867633,4.5));
#14961=CARTESIAN_POINT('Origin',(38.6875088805822,31.7363226254766,0.));
#14962=CARTESIAN_POINT('',(38.6875088805822,-20.2716434517019,4.5));
#14963=CARTESIAN_POINT('',(38.6875088805822,-20.2716434517019,0.));
#14964=CARTESIAN_POINT('',(38.6875088805822,31.7363226254766,4.5));
#14965=CARTESIAN_POINT('',(38.6875088805822,-20.2716434517019,4.5));
#14966=CARTESIAN_POINT('',(38.6875088805822,31.7363226254766,0.));
#14967=CARTESIAN_POINT('Origin',(39.6875088805823,-20.2716434517019,0.));
#14968=CARTESIAN_POINT('',(39.6875088805822,-21.2716434517019,4.5));
#14969=CARTESIAN_POINT('',(39.6875088805822,-21.2716434517019,0.));
#14970=CARTESIAN_POINT('Origin',(39.6875088805823,-20.2716434517019,4.5));
#14971=CARTESIAN_POINT('Origin',(39.6875088805822,-21.2716434517019,0.));
#14972=CARTESIAN_POINT('',(59.5798127669046,-21.2716434517019,4.5));
#14973=CARTESIAN_POINT('',(59.5798127669046,-21.2716434517019,0.));
#14974=CARTESIAN_POINT('',(59.5798127669046,-21.2716434517019,4.5));
#14975=CARTESIAN_POINT('Origin',(44.6185190438893,-14.5627702867633,0.));
#14976=CARTESIAN_POINT('',(44.6185190438893,9.23722971323665,4.5));
#14977=CARTESIAN_POINT('',(44.6185190438893,9.23722971323665,0.));
#14978=CARTESIAN_POINT('',(44.6185190438893,-14.5627702867633,4.5));
#14979=CARTESIAN_POINT('Origin',(45.6185190438893,9.23722971323665,0.));
#14980=CARTESIAN_POINT('',(45.6185190438893,10.2372297132366,4.5));
#14981=CARTESIAN_POINT('',(45.6185190438893,10.2372297132366,0.));
#14982=CARTESIAN_POINT('Origin',(45.6185190438893,9.23722971323665,4.5));
#14983=CARTESIAN_POINT('Origin',(59.5798127669046,-21.2716434517019,0.));
#14984=CARTESIAN_POINT('',(59.5798127669046,30.7287385058157,4.5));
#14985=CARTESIAN_POINT('',(59.5798127669046,30.7287385058157,0.));
#14986=CARTESIAN_POINT('',(59.5798127669046,30.7363226254766,4.5));
#14987=CARTESIAN_POINT('Origin',(58.5798127669046,30.7287385058157,0.));
#14988=CARTESIAN_POINT('',(58.5801940222119,31.7287384331379,4.5));
#14989=CARTESIAN_POINT('',(58.5801940222119,31.7287384331379,0.));
#14990=CARTESIAN_POINT('Origin',(58.5798127669046,30.7287385058157,4.5));
#14991=CARTESIAN_POINT('Origin',(54.9185190438892,9.23722971323665,0.));
#14992=CARTESIAN_POINT('',(54.9185190438892,10.2372297132367,4.5));
#14993=CARTESIAN_POINT('Origin',(54.9185190438892,9.23722971323665,4.5));
#14994=CARTESIAN_POINT('',(54.9185190438892,10.2372297132367,0.));
#14995=CARTESIAN_POINT('Origin',(45.6185190438893,10.2372297132366,0.));
#14996=CARTESIAN_POINT('',(45.6185190438893,10.2372297132366,4.5));
#14997=CARTESIAN_POINT('Origin',(58.5801940222119,31.7287384331379,0.));
#14998=CARTESIAN_POINT('',(58.5801940222119,31.7287384331379,4.5));
#14999=CARTESIAN_POINT('Origin',(49.1336608237434,5.23233958688734,4.5));
#15000=UNCERTAINTY_MEASURE_WITH_UNIT(LENGTH_MEASURE(0.01),#15004,
'DISTANCE_ACCURACY_VALUE',
'Maximum model space distance between geometric entities at asserted c
onnectivities');
#15001=UNCERTAINTY_MEASURE_WITH_UNIT(LENGTH_MEASURE(0.01),#15004,
'DISTANCE_ACCURACY_VALUE',
'Maximum model space distance between geometric entities at asserted c
onnectivities');
#15002=(
GEOMETRIC_REPRESENTATION_CONTEXT(3)
GLOBAL_UNCERTAINTY_ASSIGNED_CONTEXT((#15000))
GLOBAL_UNIT_ASSIGNED_CONTEXT((#15004,#15006,#15007))
REPRESENTATION_CONTEXT('','3D')
);
#15003=(
GEOMETRIC_REPRESENTATION_CONTEXT(3)
GLOBAL_UNCERTAINTY_ASSIGNED_CONTEXT((#15001))
GLOBAL_UNIT_ASSIGNED_CONTEXT((#15004,#15006,#15007))
REPRESENTATION_CONTEXT('','3D')
);
#15004=(
LENGTH_UNIT()
NAMED_UNIT(*)
SI_UNIT(.MILLI.,.METRE.)
);
#15005=(
LENGTH_UNIT()
NAMED_UNIT(*)
SI_UNIT($,.METRE.)
);
#15006=(
NAMED_UNIT(*)
PLANE_ANGLE_UNIT()
SI_UNIT($,.RADIAN.)
);
#15007=(
NAMED_UNIT(*)
SI_UNIT($,.STERADIAN.)
SOLID_ANGLE_UNIT()
);
#15008=SHAPE_DEFINITION_REPRESENTATION(#15009,#15010);
#15009=PRODUCT_DEFINITION_SHAPE('',$,#15012);
#15010=SHAPE_REPRESENTATION('',(#8628),#15002);
#15011=PRODUCT_DEFINITION_CONTEXT('part definition',#15016,'design');
#15012=PRODUCT_DEFINITION('2026-07-17-00-49-13-895','left_top_cover',#15013,
#15011);
#15013=PRODUCT_DEFINITION_FORMATION('',$,#15018);
#15014=PRODUCT_RELATED_PRODUCT_CATEGORY('left_top_cover',
'left_top_cover',(#15018));
#15015=APPLICATION_PROTOCOL_DEFINITION('international standard',
'automotive_design',2009,#15016);
#15016=APPLICATION_CONTEXT(
'Core Data for Automotive Mechanical Design Process');
#15017=PRODUCT_CONTEXT('part definition',#15016,'mechanical');
#15018=PRODUCT('2026-07-17-00-49-13-895','left_top_cover',$,(#15017));
#15019=PRESENTATION_STYLE_ASSIGNMENT((#15020));
#15020=SURFACE_STYLE_USAGE(.BOTH.,#15021);
#15021=SURFACE_SIDE_STYLE('',(#15022));
#15022=SURFACE_STYLE_FILL_AREA(#15023);
#15023=FILL_AREA_STYLE('Steel - Satin',(#15024));
#15024=FILL_AREA_STYLE_COLOUR('Steel - Satin',#15025);
#15025=COLOUR_RGB('Steel - Satin',0.627450980392157,0.627450980392157,0.627450980392157);
ENDSEC;
END-ISO-10303-21;
