ISO-10303-21;
HEADER;
/* Generated by software containing ST-Developer
 * from STEP Tools, Inc. (www.steptools.com) 
 */

FILE_DESCRIPTION(
/* description */ (''),
/* implementation_level */ '2;1');

FILE_NAME(
/* name */ 'M3 Threaded Insert_.step',
/* time_stamp */ '2026-07-18T19:38:04+03:00',
/* author */ (''),
/* organization */ (''),
/* preprocessor_version */ 'ST-DEVELOPER v20.1',
/* originating_system */ 'Autodesk Translation Framework v15.8.0.0',
/* authorisation */ '');

FILE_SCHEMA (('AUTOMOTIVE_DESIGN { 1 0 10303 214 3 1 1 }'));
ENDSEC;

DATA;
#10=MECHANICAL_DESIGN_GEOMETRIC_PRESENTATION_REPRESENTATION('',(#13),#5725);
#11=SHAPE_REPRESENTATION_RELATIONSHIP('SRR','None',#5732,#12);
#12=ADVANCED_BREP_SHAPE_REPRESENTATION('',(#14),#5724);
#13=STYLED_ITEM('',(#5742),#14);
#14=MANIFOLD_SOLID_BREP('Body1',#2072);
#15=ELLIPSE('',#2122,2.71701763606712,1.63863394568232);
#16=ELLIPSE('',#2123,2.03161246860911,1.68157969807145);
#17=ELLIPSE('',#2124,2.74609484316834,1.64316373099904);
#18=ELLIPSE('',#2125,2.71701763606533,1.63863394568043);
#19=ELLIPSE('',#2126,2.03161246902462,1.68157969865016);
#20=ELLIPSE('',#2127,2.74609484316783,1.64316373099836);
#21=ELLIPSE('',#2128,2.71701763606584,1.63863394568117);
#22=ELLIPSE('',#2129,2.03161246794712,1.68157969712736);
#23=ELLIPSE('',#2130,2.74609484316967,1.64316373100052);
#24=ELLIPSE('',#2131,2.71701763606409,1.63863394567908);
#25=ELLIPSE('',#2132,2.03161246911656,1.68157969879614);
#26=ELLIPSE('',#2133,2.74609484316933,1.64316373100019);
#27=ELLIPSE('',#2134,2.71701763606603,1.6386339456811);
#28=ELLIPSE('',#2135,2.03161246878519,1.68157969832265);
#29=ELLIPSE('',#2136,2.74609484316802,1.64316373099858);
#30=ELLIPSE('',#2137,2.71701763606529,1.63863394568049);
#31=ELLIPSE('',#2138,2.0316124699069,1.68157969992436);
#32=ELLIPSE('',#2139,2.74609484316895,1.64316373099972);
#33=ELLIPSE('',#2140,2.74609484316943,1.64316373100024);
#34=ELLIPSE('',#2141,2.71701802439602,1.63863436874625);
#35=ELLIPSE('',#2142,2.03161246775816,1.68157969684486);
#36=ELLIPSE('',#2143,2.71701802439473,1.63863436874472);
#37=ELLIPSE('',#2144,2.03161246853832,1.68157969796919);
#38=ELLIPSE('',#2145,2.74609484317082,1.6431637310017);
#39=ELLIPSE('',#2146,2.71701802439509,1.63863436874517);
#40=ELLIPSE('',#2147,2.03161246871377,1.68157969821677);
#41=ELLIPSE('',#2148,2.7460948431685,1.64316373099915);
#42=ELLIPSE('',#2149,2.71701802439389,1.6386343687437);
#43=ELLIPSE('',#2150,2.03161246727208,1.68157969615667);
#44=ELLIPSE('',#2151,2.74609484316887,1.64316373099957);
#45=ELLIPSE('',#2152,2.71701802439474,1.63863436874492);
#46=ELLIPSE('',#2153,2.03161246955687,1.68157969940901);
#47=ELLIPSE('',#2154,2.74609484316756,1.64316373099807);
#48=ELLIPSE('',#2155,2.71701802439708,1.63863436874726);
#49=ELLIPSE('',#2156,2.03161246880058,1.68157969834201);
#50=ELLIPSE('',#2157,2.74609484316785,1.64316373099854);
#51=ELLIPSE('',#2158,2.71701802439461,1.63863436874482);
#52=ELLIPSE('',#2159,2.03161246763616,1.6815796966667);
#53=ELLIPSE('',#2160,2.74609484316865,1.64316373099948);
#54=ELLIPSE('',#2204,2.76900583405402,1.64588771452421);
#55=ELLIPSE('',#2205,2.02778261934409,1.67735047181572);
#56=ELLIPSE('',#2206,2.02778261617317,1.6773504672802);
#57=ELLIPSE('',#2207,2.7690058340539,1.64588771452409);
#58=ELLIPSE('',#2208,2.77056802140112,1.64655525329234);
#59=ELLIPSE('',#2209,2.02778261879305,1.67735047101005);
#60=ELLIPSE('',#2210,2.02778261669597,1.67735046804236);
#61=ELLIPSE('',#2211,2.76900583405441,1.64588771452467);
#62=ELLIPSE('',#2212,2.77056802140022,1.64655525329138);
#63=ELLIPSE('',#2213,2.02778261895827,1.67735047125456);
#64=ELLIPSE('',#2214,2.02778261871153,1.67735047088852);
#65=ELLIPSE('',#2215,2.76900583405364,1.64588771452376);
#66=ELLIPSE('',#2216,2.7705680213996,1.64655525329065);
#67=ELLIPSE('',#2217,2.02778261912419,1.67735047150697);
#68=ELLIPSE('',#2218,2.02778261854707,1.67735047069149);
#69=ELLIPSE('',#2219,2.76900583405499,1.64588771452527);
#70=ELLIPSE('',#2220,2.7705680214008,1.64655525329194);
#71=ELLIPSE('',#2221,2.0277826180056,1.67735046989439);
#72=ELLIPSE('',#2222,2.02778261878713,1.67735047100914);
#73=ELLIPSE('',#2223,2.76900583405525,1.64588771452566);
#74=ELLIPSE('',#2224,2.77056802140048,1.64655525329166);
#75=ELLIPSE('',#2225,2.02778262017819,1.67735047301425);
#76=ELLIPSE('',#2226,2.0277826186827,1.67735047086251);
#77=ELLIPSE('',#2227,2.76900583405413,1.64588771452434);
#78=ELLIPSE('',#2254,2.76900583405384,1.64588771452424);
#79=ELLIPSE('',#2255,2.06119339079059,1.72503883628217);
#80=B_SPLINE_CURVE_WITH_KNOTS('',3,(#2802,#2803,#2804,#2805,#2806,#2807,
#2808,#2809),.UNSPECIFIED.,.F.,.F.,(4,2,2,4),(-0.0472764111094675,-0.046674432889435,
-0.0236506596118827,0.),.UNSPECIFIED.);
#81=B_SPLINE_CURVE_WITH_KNOTS('',3,(#2811,#2812,#2813,#2814,#2815,#2816,
#2817,#2818,#2819,#2820,#2821,#2822,#2823,#2824,#2825,#2826),
 .UNSPECIFIED.,.F.,.F.,(4,3,3,3,3,4),(0.,0.0234668618156654,0.048210957198936,
0.0737425357037297,0.100709377034714,0.12243532586408),.UNSPECIFIED.);
#82=B_SPLINE_CURVE_WITH_KNOTS('',3,(#2828,#2829,#2830,#2831),
 .UNSPECIFIED.,.F.,.F.,(4,4),(0.,0.0106335263109811),.UNSPECIFIED.);
#83=B_SPLINE_CURVE_WITH_KNOTS('',3,(#2850,#2851,#2852,#2853),
 .UNSPECIFIED.,.F.,.F.,(4,4),(-0.0300975380180811,-0.020810779533043),
 .UNSPECIFIED.);
#84=B_SPLINE_CURVE_WITH_KNOTS('',3,(#2858,#2859,#2860,#2861,#2862,#2863),
 .UNSPECIFIED.,.F.,.F.,(4,2,4),(-0.020810779533043,-0.0154268931462578,
0.),.UNSPECIFIED.);
#85=B_SPLINE_CURVE_WITH_KNOTS('',3,(#2881,#2882,#2883,#2884,#2885,#2886),
 .UNSPECIFIED.,.F.,.F.,(4,2,4),(-0.0345095092303512,-0.0172591997812855,
-2.01083323005361E-6),.UNSPECIFIED.);
#86=B_SPLINE_CURVE_WITH_KNOTS('',3,(#2888,#2889,#2890,#2891,#2892,#2893,
#2894),.UNSPECIFIED.,.F.,.F.,(4,3,4),(-0.0390982143403261,-0.0191727939093028,
0.),.UNSPECIFIED.);
#87=B_SPLINE_CURVE_WITH_KNOTS('',3,(#2895,#2896,#2897,#2898,#2899,#2900,
#2901,#2902,#2903,#2904,#2905,#2906,#2907),.UNSPECIFIED.,.F.,.F.,(4,3,3,
3,4),(1.27657116600897E-6,0.0320324096100894,0.0630304266076555,0.0925084085358223,
0.120643961527452),.UNSPECIFIED.);
#88=B_SPLINE_CURVE_WITH_KNOTS('',3,(#2926,#2927,#2928,#2929,#2930,#2931,
#2932,#2933),.UNSPECIFIED.,.F.,.F.,(4,2,2,4),(-0.047276411109584,-0.0466744328894646,
-0.023650659611893,0.),.UNSPECIFIED.);
#89=B_SPLINE_CURVE_WITH_KNOTS('',3,(#2935,#2936,#2937,#2938,#2939,#2940,
#2941,#2942,#2943,#2944,#2945,#2946,#2947,#2948,#2949,#2950),
 .UNSPECIFIED.,.F.,.F.,(4,3,3,3,3,4),(0.,0.0234668618156979,0.0482109571989605,
0.073742535703776,0.100709377034789,0.12243532586408),.UNSPECIFIED.);
#90=B_SPLINE_CURVE_WITH_KNOTS('',3,(#2952,#2953,#2954,#2955),
 .UNSPECIFIED.,.F.,.F.,(4,4),(0.,0.01063352631098),.UNSPECIFIED.);
#91=B_SPLINE_CURVE_WITH_KNOTS('',3,(#2974,#2975,#2976,#2977,#2978,#2979),
 .UNSPECIFIED.,.F.,.F.,(4,2,4),(-0.0300974326430345,-0.0150488144617667,
0.),.UNSPECIFIED.);
#92=B_SPLINE_CURVE_WITH_KNOTS('',3,(#3000,#3001,#3002,#3003,#3004,#3005),
 .UNSPECIFIED.,.F.,.F.,(4,2,4),(-0.034509509230276,-0.0172591997812416,
-2.01083323093279E-6),.UNSPECIFIED.);
#93=B_SPLINE_CURVE_WITH_KNOTS('',3,(#3007,#3008,#3009,#3010,#3011,#3012,
#3013),.UNSPECIFIED.,.F.,.F.,(4,3,4),(-0.0390982143403033,-0.0191727939093208,
0.),.UNSPECIFIED.);
#94=B_SPLINE_CURVE_WITH_KNOTS('',3,(#3014,#3015,#3016,#3017,#3018,#3019,
#3020,#3021,#3022,#3023,#3024,#3025,#3026),.UNSPECIFIED.,.F.,.F.,(4,3,3,
3,4),(1.27657116582058E-6,0.0320324096100779,0.0630304266076157,0.0925084085356838,
0.12064396152745),.UNSPECIFIED.);
#95=B_SPLINE_CURVE_WITH_KNOTS('',3,(#3045,#3046,#3047,#3048,#3049,#3050,
#3051,#3052),.UNSPECIFIED.,.F.,.F.,(4,2,2,4),(-0.047276411109341,-0.0466744328894551,
-0.0236506596118904,0.),.UNSPECIFIED.);
#96=B_SPLINE_CURVE_WITH_KNOTS('',3,(#3054,#3055,#3056,#3057,#3058,#3059,
#3060,#3061,#3062,#3063,#3064,#3065,#3066,#3067,#3068,#3069),
 .UNSPECIFIED.,.F.,.F.,(4,3,3,3,3,4),(0.,0.0234668618157168,0.0482109571989747,
0.0737425357037336,0.100709377034704,0.122435325864081),.UNSPECIFIED.);
#97=B_SPLINE_CURVE_WITH_KNOTS('',3,(#3071,#3072,#3073,#3074),
 .UNSPECIFIED.,.F.,.F.,(4,4),(0.,0.0106335263109909),.UNSPECIFIED.);
#98=B_SPLINE_CURVE_WITH_KNOTS('',3,(#3093,#3094,#3095,#3096,#3097,#3098),
 .UNSPECIFIED.,.F.,.F.,(4,2,4),(-0.0300974326430357,-0.0150488144617674,
0.),.UNSPECIFIED.);
#99=B_SPLINE_CURVE_WITH_KNOTS('',3,(#3119,#3120,#3121,#3122,#3123,#3124),
 .UNSPECIFIED.,.F.,.F.,(4,2,4),(-0.0345095092304147,-0.0172591997812926,
-2.01083323046717E-6),.UNSPECIFIED.);
#100=B_SPLINE_CURVE_WITH_KNOTS('',3,(#3126,#3127,#3128,#3129,#3130,#3131,
#3132),.UNSPECIFIED.,.F.,.F.,(4,3,4),(-0.0390982143405204,-0.019172793909342,
0.),.UNSPECIFIED.);
#101=B_SPLINE_CURVE_WITH_KNOTS('',3,(#3133,#3134,#3135,#3136,#3137,#3138,
#3139,#3140,#3141,#3142,#3143,#3144,#3145),.UNSPECIFIED.,.F.,.F.,(4,3,3,
3,4),(1.27657116651305E-6,0.0320324096100073,0.0630304266075894,0.0925084085357863,
0.120643961527453),.UNSPECIFIED.);
#102=B_SPLINE_CURVE_WITH_KNOTS('',3,(#3164,#3165,#3166,#3167,#3168,#3169,
#3170,#3171),.UNSPECIFIED.,.F.,.F.,(4,2,2,4),(-0.0472764111095108,-0.0466744328894582,
-0.0236506596118928,0.),.UNSPECIFIED.);
#103=B_SPLINE_CURVE_WITH_KNOTS('',3,(#3173,#3174,#3175,#3176,#3177,#3178,
#3179,#3180,#3181,#3182,#3183,#3184,#3185,#3186,#3187,#3188),
 .UNSPECIFIED.,.F.,.F.,(4,3,3,3,3,4),(0.,0.0234668618157709,0.0482109571990152,
0.0737425357037426,0.100709377034773,0.12243532586408),.UNSPECIFIED.);
#104=B_SPLINE_CURVE_WITH_KNOTS('',3,(#3190,#3191,#3192,#3193),
 .UNSPECIFIED.,.F.,.F.,(4,4),(0.,0.0106335263109902),.UNSPECIFIED.);
#105=B_SPLINE_CURVE_WITH_KNOTS('',3,(#3212,#3213,#3214,#3215,#3216,#3217),
 .UNSPECIFIED.,.F.,.F.,(4,2,4),(-0.0300974326430316,-0.0150488144617664,
0.),.UNSPECIFIED.);
#106=B_SPLINE_CURVE_WITH_KNOTS('',3,(#3238,#3239,#3240,#3241,#3242,#3243),
 .UNSPECIFIED.,.F.,.F.,(4,2,4),(-0.034509509230085,-0.0172591997811409,
-2.01083323057598E-6),.UNSPECIFIED.);
#107=B_SPLINE_CURVE_WITH_KNOTS('',3,(#3245,#3246,#3247,#3248,#3249,#3250,
#3251),.UNSPECIFIED.,.F.,.F.,(4,3,4),(-0.0390982143403142,-0.0191727939093401,
0.),.UNSPECIFIED.);
#108=B_SPLINE_CURVE_WITH_KNOTS('',3,(#3252,#3253,#3254,#3255,#3256,#3257,
#3258,#3259,#3260,#3261,#3262,#3263,#3264),.UNSPECIFIED.,.F.,.F.,(4,3,3,
3,4),(1.27657116586874E-6,0.0320324096100902,0.0630304266076085,0.0925084085358156,
0.120643961527452),.UNSPECIFIED.);
#109=B_SPLINE_CURVE_WITH_KNOTS('',3,(#3283,#3284,#3285,#3286,#3287,#3288,
#3289,#3290),.UNSPECIFIED.,.F.,.F.,(4,2,2,4),(-0.0472764111095443,-0.0466744328894735,
-0.0236506596118954,0.),.UNSPECIFIED.);
#110=B_SPLINE_CURVE_WITH_KNOTS('',3,(#3292,#3293,#3294,#3295,#3296,#3297,
#3298,#3299,#3300,#3301,#3302,#3303,#3304,#3305,#3306,#3307),
 .UNSPECIFIED.,.F.,.F.,(4,3,3,3,3,4),(0.,0.0234668618157607,0.0482109571990076,
0.0737425357036935,0.100709377034691,0.12243532586408),.UNSPECIFIED.);
#111=B_SPLINE_CURVE_WITH_KNOTS('',3,(#3309,#3310,#3311,#3312),
 .UNSPECIFIED.,.F.,.F.,(4,4),(0.,0.0106335263109904),.UNSPECIFIED.);
#112=B_SPLINE_CURVE_WITH_KNOTS('',3,(#3331,#3332,#3333,#3334,#3335,#3336),
 .UNSPECIFIED.,.F.,.F.,(4,2,4),(-0.030097432643029,-0.0150488144617649,
0.),.UNSPECIFIED.);
#113=B_SPLINE_CURVE_WITH_KNOTS('',3,(#3357,#3358,#3359,#3360,#3361,#3362),
 .UNSPECIFIED.,.F.,.F.,(4,2,4),(-0.0345095092301397,-0.0172591997812015,
-2.01083322988793E-6),.UNSPECIFIED.);
#114=B_SPLINE_CURVE_WITH_KNOTS('',3,(#3364,#3365,#3366,#3367,#3368,#3369,
#3370),.UNSPECIFIED.,.F.,.F.,(4,3,4),(-0.0390982143404842,-0.0191727939093187,
0.),.UNSPECIFIED.);
#115=B_SPLINE_CURVE_WITH_KNOTS('',3,(#3371,#3372,#3373,#3374,#3375,#3376,
#3377,#3378,#3379,#3380,#3381,#3382,#3383),.UNSPECIFIED.,.F.,.F.,(4,3,3,
3,4),(1.2765711653389E-6,0.0320324096101081,0.0630304266076587,0.0925084085358172,
0.120643961527451),.UNSPECIFIED.);
#116=B_SPLINE_CURVE_WITH_KNOTS('',3,(#3402,#3403,#3404,#3405,#3406,#3407,
#3408,#3409),.UNSPECIFIED.,.F.,.F.,(4,2,2,4),(-0.0472764111095986,-0.0466744328894637,
-0.023650659611894,0.),.UNSPECIFIED.);
#117=B_SPLINE_CURVE_WITH_KNOTS('',3,(#3411,#3412,#3413,#3414,#3415,#3416,
#3417,#3418,#3419,#3420,#3421,#3422,#3423,#3424,#3425,#3426),
 .UNSPECIFIED.,.F.,.F.,(4,3,3,3,3,4),(0.,0.0234668618158454,0.0482109571990712,
0.0737425357038074,0.100709377034815,0.122435325864081),.UNSPECIFIED.);
#118=B_SPLINE_CURVE_WITH_KNOTS('',3,(#3428,#3429,#3430,#3431),
 .UNSPECIFIED.,.F.,.F.,(4,4),(0.,0.0106335263109935),.UNSPECIFIED.);
#119=B_SPLINE_CURVE_WITH_KNOTS('',3,(#3450,#3451,#3452,#3453,#3454,#3455),
 .UNSPECIFIED.,.F.,.F.,(4,2,4),(-0.0300974326430303,-0.0150488144617655,
0.),.UNSPECIFIED.);
#120=B_SPLINE_CURVE_WITH_KNOTS('',3,(#3476,#3477,#3478,#3479,#3480,#3481),
 .UNSPECIFIED.,.F.,.F.,(4,2,4),(-0.0345095092303516,-0.0172591997812742,
-2.01083323064855E-6),.UNSPECIFIED.);
#121=B_SPLINE_CURVE_WITH_KNOTS('',3,(#3483,#3484,#3485,#3486,#3487,#3488,
#3489),.UNSPECIFIED.,.F.,.F.,(4,3,4),(-0.0390982143405277,-0.0191727939092867,
0.),.UNSPECIFIED.);
#122=B_SPLINE_CURVE_WITH_KNOTS('',3,(#3490,#3491,#3492,#3493,#3494,#3495,
#3496,#3497,#3498,#3499,#3500,#3501,#3502),.UNSPECIFIED.,.F.,.F.,(4,3,3,
3,4),(1.27657116571653E-6,0.0320324096101321,0.0630304266076431,0.0925084085359215,
0.120643961527452),.UNSPECIFIED.);
#123=B_SPLINE_CURVE_WITH_KNOTS('',3,(#3521,#3522,#3523,#3524,#3525,#3526),
 .UNSPECIFIED.,.F.,.F.,(4,2,4),(-0.0345095092306045,-0.0172591997814053,
-2.01083323034806E-6),.UNSPECIFIED.);
#124=B_SPLINE_CURVE_WITH_KNOTS('',3,(#3530,#3531,#3532,#3533,#3534,#3535,
#3536),.UNSPECIFIED.,.F.,.F.,(4,3,4),(-0.0390981999405456,-0.0191727870253468,
0.),.UNSPECIFIED.);
#125=B_SPLINE_CURVE_WITH_KNOTS('',3,(#3537,#3538,#3539,#3540,#3541,#3542,
#3543,#3544,#3545,#3546,#3547,#3548,#3549),.UNSPECIFIED.,.F.,.F.,(4,3,3,
3,4),(1.27657116592333E-6,0.0320324096100396,0.0630304266075886,0.0925084085357671,
0.120643961527453),.UNSPECIFIED.);
#126=B_SPLINE_CURVE_WITH_KNOTS('',3,(#3567,#3568,#3569,#3570,#3571,#3572),
 .UNSPECIFIED.,.F.,.F.,(4,2,4),(-0.0300974326430253,-0.0150488144617644,
0.),.UNSPECIFIED.);
#127=B_SPLINE_CURVE_WITH_KNOTS('',3,(#3594,#3595,#3596,#3597,#3598,#3599),
 .UNSPECIFIED.,.F.,.F.,(4,2,4),(-0.0300974326430255,-0.0150488144617643,
0.),.UNSPECIFIED.);
#128=B_SPLINE_CURVE_WITH_KNOTS('',3,(#3622,#3623,#3624,#3625,#3626,#3627,
#3628,#3629),.UNSPECIFIED.,.F.,.F.,(4,2,2,4),(-0.0472764111093959,-0.0466744328894687,
-0.0236506596118924,0.),.UNSPECIFIED.);
#129=B_SPLINE_CURVE_WITH_KNOTS('',3,(#3631,#3632,#3633,#3634,#3635,#3636,
#3637,#3638,#3639,#3640,#3641,#3642,#3643,#3644,#3645,#3646),
 .UNSPECIFIED.,.F.,.F.,(4,3,3,3,3,4),(0.,0.0234668618155925,0.0482109571988789,
0.0737425357036343,0.100709377034666,0.12243532586408),.UNSPECIFIED.);
#130=B_SPLINE_CURVE_WITH_KNOTS('',3,(#3647,#3648,#3649,#3650),
 .UNSPECIFIED.,.F.,.F.,(4,4),(2.22516500676735E-10,0.0106335263109925),
 .UNSPECIFIED.);
#131=B_SPLINE_CURVE_WITH_KNOTS('',3,(#3668,#3669,#3670,#3671,#3672,#3673),
 .UNSPECIFIED.,.F.,.F.,(4,2,4),(-0.0345095092301708,-0.0172591997811839,
-2.01083323069236E-6),.UNSPECIFIED.);
#132=B_SPLINE_CURVE_WITH_KNOTS('',3,(#3675,#3676,#3677,#3678,#3679,#3680,
#3681),.UNSPECIFIED.,.F.,.F.,(4,3,4),(-0.0390982143404693,-0.0191727939093204,
0.),.UNSPECIFIED.);
#133=B_SPLINE_CURVE_WITH_KNOTS('',3,(#3682,#3683,#3684,#3685,#3686,#3687,
#3688,#3689,#3690,#3691,#3692,#3693,#3694),.UNSPECIFIED.,.F.,.F.,(4,3,3,
3,4),(1.27657116590247E-6,0.0320324096100371,0.0630304266075406,0.0925084085357066,
0.120643961527453),.UNSPECIFIED.);
#134=B_SPLINE_CURVE_WITH_KNOTS('',3,(#3713,#3714,#3715,#3716,#3717,#3718),
 .UNSPECIFIED.,.F.,.F.,(4,2,4),(-0.03009743264304,-0.0150488144617684,0.),
 .UNSPECIFIED.);
#135=B_SPLINE_CURVE_WITH_KNOTS('',3,(#3741,#3742,#3743,#3744,#3745,#3746,
#3747,#3748),.UNSPECIFIED.,.F.,.F.,(4,2,2,4),(-0.0472764111093493,-0.0466744328894395,
-0.0236506596118852,0.),.UNSPECIFIED.);
#136=B_SPLINE_CURVE_WITH_KNOTS('',3,(#3750,#3751,#3752,#3753,#3754,#3755,
#3756,#3757,#3758,#3759,#3760,#3761,#3762,#3763,#3764,#3765),
 .UNSPECIFIED.,.F.,.F.,(4,3,3,3,3,4),(0.,0.0234668618157185,0.0482109571989735,
0.0737425357037175,0.100709377034791,0.122435325864081),.UNSPECIFIED.);
#137=B_SPLINE_CURVE_WITH_KNOTS('',3,(#3766,#3767,#3768,#3769),
 .UNSPECIFIED.,.F.,.F.,(4,4),(2.22517339756767E-10,0.0106335263109915),
 .UNSPECIFIED.);
#138=B_SPLINE_CURVE_WITH_KNOTS('',3,(#3787,#3788,#3789,#3790,#3791,#3792),
 .UNSPECIFIED.,.F.,.F.,(4,2,4),(-0.0345095092303724,-0.0172591997812861,
-2.01083323040604E-6),.UNSPECIFIED.);
#139=B_SPLINE_CURVE_WITH_KNOTS('',3,(#3794,#3795,#3796,#3797,#3798,#3799,
#3800),.UNSPECIFIED.,.F.,.F.,(4,3,4),(-0.0390982143402925,-0.0191727939092976,
0.),.UNSPECIFIED.);
#140=B_SPLINE_CURVE_WITH_KNOTS('',3,(#3801,#3802,#3803,#3804,#3805,#3806,
#3807,#3808,#3809,#3810,#3811,#3812,#3813),.UNSPECIFIED.,.F.,.F.,(4,3,3,
3,4),(1.2765711663948E-6,0.0320324096100234,0.0630304266075802,0.0925084085357781,
0.120643961527453),.UNSPECIFIED.);
#141=B_SPLINE_CURVE_WITH_KNOTS('',3,(#3832,#3833,#3834,#3835,#3836,#3837),
 .UNSPECIFIED.,.F.,.F.,(4,2,4),(-0.0300974326430284,-0.015048814461765,
0.),.UNSPECIFIED.);
#142=B_SPLINE_CURVE_WITH_KNOTS('',3,(#3860,#3861,#3862,#3863,#3864,#3865,
#3866,#3867),.UNSPECIFIED.,.F.,.F.,(4,2,2,4),(-0.0472764111094407,-0.0466744328894565,
-0.0236506596118898,0.),.UNSPECIFIED.);
#143=B_SPLINE_CURVE_WITH_KNOTS('',3,(#3869,#3870,#3871,#3872,#3873,#3874,
#3875,#3876,#3877,#3878,#3879,#3880,#3881,#3882,#3883,#3884),
 .UNSPECIFIED.,.F.,.F.,(4,3,3,3,3,4),(0.,0.0234668618157817,0.0482109571990208,
0.0737425357038074,0.100709377034796,0.12243532586408),.UNSPECIFIED.);
#144=B_SPLINE_CURVE_WITH_KNOTS('',3,(#3885,#3886,#3887,#3888),
 .UNSPECIFIED.,.F.,.F.,(4,4),(2.22516826244388E-10,0.0106335263109923),
 .UNSPECIFIED.);
#145=B_SPLINE_CURVE_WITH_KNOTS('',3,(#3906,#3907,#3908,#3909,#3910,#3911),
 .UNSPECIFIED.,.F.,.F.,(4,2,4),(-0.0345095092300529,-0.0172591997811208,
-2.01083323045214E-6),.UNSPECIFIED.);
#146=B_SPLINE_CURVE_WITH_KNOTS('',3,(#3913,#3914,#3915,#3916,#3917,#3918,
#3919),.UNSPECIFIED.,.F.,.F.,(4,3,4),(-0.0390982143403593,-0.0191727939093162,
0.),.UNSPECIFIED.);
#147=B_SPLINE_CURVE_WITH_KNOTS('',3,(#3920,#3921,#3922,#3923,#3924,#3925,
#3926,#3927,#3928,#3929,#3930,#3931,#3932),.UNSPECIFIED.,.F.,.F.,(4,3,3,
3,4),(1.27657116613342E-6,0.0320324096101471,0.0630304266076646,0.0925084085358748,
0.120643961527453),.UNSPECIFIED.);
#148=B_SPLINE_CURVE_WITH_KNOTS('',3,(#3951,#3952,#3953,#3954,#3955,#3956),
 .UNSPECIFIED.,.F.,.F.,(4,2,4),(-0.0300974326430366,-0.015048814461767,
0.),.UNSPECIFIED.);
#149=B_SPLINE_CURVE_WITH_KNOTS('',3,(#3979,#3980,#3981,#3982,#3983,#3984,
#3985,#3986),.UNSPECIFIED.,.F.,.F.,(4,2,2,4),(-0.0472764111093707,-0.0466744328894557,
-0.0236506596118885,0.),.UNSPECIFIED.);
#150=B_SPLINE_CURVE_WITH_KNOTS('',3,(#3988,#3989,#3990,#3991,#3992,#3993,
#3994,#3995,#3996,#3997,#3998,#3999,#4000,#4001,#4002,#4003),
 .UNSPECIFIED.,.F.,.F.,(4,3,3,3,3,4),(0.,0.0234668618158013,0.0482109571990357,
0.0737425357038882,0.100709377034943,0.122435325864081),.UNSPECIFIED.);
#151=B_SPLINE_CURVE_WITH_KNOTS('',3,(#4004,#4005,#4006,#4007),
 .UNSPECIFIED.,.F.,.F.,(4,4),(2.16436914711448E-10,0.0106335263109939),
 .UNSPECIFIED.);
#152=B_SPLINE_CURVE_WITH_KNOTS('',3,(#4025,#4026,#4027,#4028,#4029,#4030),
 .UNSPECIFIED.,.F.,.F.,(4,2,4),(-0.0345095092302928,-0.0172591997812552,
-2.0108332302671E-6),.UNSPECIFIED.);
#153=B_SPLINE_CURVE_WITH_KNOTS('',3,(#4032,#4033,#4034,#4035,#4036,#4037,
#4038),.UNSPECIFIED.,.F.,.F.,(4,3,4),(-0.0390982143404951,-0.0191727939093167,
0.),.UNSPECIFIED.);
#154=B_SPLINE_CURVE_WITH_KNOTS('',3,(#4039,#4040,#4041,#4042,#4043,#4044,
#4045,#4046,#4047,#4048,#4049,#4050,#4051),.UNSPECIFIED.,.F.,.F.,(4,3,3,
3,4),(1.27657116599551E-6,0.0320324096100327,0.0630304266075459,0.092508408535726,
0.12064396152745),.UNSPECIFIED.);
#155=B_SPLINE_CURVE_WITH_KNOTS('',3,(#4070,#4071,#4072,#4073,#4074,#4075),
 .UNSPECIFIED.,.F.,.F.,(4,2,4),(-0.0300974326430348,-0.0150488144617668,
0.),.UNSPECIFIED.);
#156=B_SPLINE_CURVE_WITH_KNOTS('',3,(#4098,#4099,#4100,#4101,#4102,#4103,
#4104,#4105),.UNSPECIFIED.,.F.,.F.,(4,2,2,4),(-0.0472764111094301,-0.0466744328894324,
-0.0236506596118841,0.),.UNSPECIFIED.);
#157=B_SPLINE_CURVE_WITH_KNOTS('',3,(#4107,#4108,#4109,#4110,#4111,#4112,
#4113,#4114,#4115,#4116,#4117,#4118,#4119,#4120,#4121,#4122),
 .UNSPECIFIED.,.F.,.F.,(4,3,3,3,3,4),(0.,0.0234668618156684,0.048210957198936,
0.0737425357036735,0.100709377034674,0.122435325864081),.UNSPECIFIED.);
#158=B_SPLINE_CURVE_WITH_KNOTS('',3,(#4123,#4124,#4125,#4126),
 .UNSPECIFIED.,.F.,.F.,(4,4),(2.16436809557875E-10,0.0106335263109907),
 .UNSPECIFIED.);
#159=B_SPLINE_CURVE_WITH_KNOTS('',3,(#4144,#4145,#4146,#4147,#4148,#4149),
 .UNSPECIFIED.,.F.,.F.,(4,2,4),(-0.0345095092303389,-0.0172591997812677,
-2.01083323079594E-6),.UNSPECIFIED.);
#160=B_SPLINE_CURVE_WITH_KNOTS('',3,(#4151,#4152,#4153,#4154,#4155,#4156,
#4157),.UNSPECIFIED.,.F.,.F.,(4,3,4),(-0.0390982143405739,-0.019172793909321,
0.),.UNSPECIFIED.);
#161=B_SPLINE_CURVE_WITH_KNOTS('',3,(#4158,#4159,#4160,#4161,#4162,#4163,
#4164,#4165,#4166,#4167,#4168,#4169,#4170),.UNSPECIFIED.,.F.,.F.,(4,3,3,
3,4),(1.2765711657852E-6,0.0320324096100528,0.0630304266075361,0.0925084085357416,
0.120643961527452),.UNSPECIFIED.);
#162=B_SPLINE_CURVE_WITH_KNOTS('',3,(#4189,#4190,#4191,#4192,#4193,#4194),
 .UNSPECIFIED.,.F.,.F.,(4,2,4),(-0.0300974326430295,-0.0150488144617655,
0.),.UNSPECIFIED.);
#163=B_SPLINE_CURVE_WITH_KNOTS('',3,(#4217,#4218,#4219,#4220,#4221,#4222,
#4223,#4224),.UNSPECIFIED.,.F.,.F.,(4,2,2,4),(-0.0472764111093891,-0.0466744328894507,
-0.0236506596118867,0.),.UNSPECIFIED.);
#164=B_SPLINE_CURVE_WITH_KNOTS('',3,(#4226,#4227,#4228,#4229,#4230,#4231,
#4232,#4233,#4234,#4235,#4236,#4237,#4238,#4239,#4240,#4241),
 .UNSPECIFIED.,.F.,.F.,(4,3,3,3,3,4),(0.,0.0234668618157341,0.048210957198985,
0.073742535703756,0.100709377034739,0.12243532586408),.UNSPECIFIED.);
#165=B_SPLINE_CURVE_WITH_KNOTS('',3,(#4242,#4243,#4244,#4245),
 .UNSPECIFIED.,.F.,.F.,(4,4),(2.22517196168897E-10,0.010633526310979),
 .UNSPECIFIED.);
#166=B_SPLINE_CURVE_WITH_KNOTS('',3,(#4263,#4264,#4265,#4266,#4267,#4268),
 .UNSPECIFIED.,.F.,.F.,(4,2,4),(-0.0345095092303084,-0.0172591997812421,
-2.01083323031968E-6),.UNSPECIFIED.);
#167=B_SPLINE_CURVE_WITH_KNOTS('',3,(#4270,#4271,#4272,#4273,#4274,#4275,
#4276),.UNSPECIFIED.,.F.,.F.,(4,3,4),(-0.0390982143404827,-0.01917279390933,
0.),.UNSPECIFIED.);
#168=B_SPLINE_CURVE_WITH_KNOTS('',3,(#4277,#4278,#4279,#4280,#4281,#4282,
#4283,#4284,#4285,#4286,#4287,#4288,#4289),.UNSPECIFIED.,.F.,.F.,(4,3,3,
3,4),(1.27657116612885E-6,0.0320324096101522,0.06303042660768,0.0925084085358303,
0.120643961527453),.UNSPECIFIED.);
#169=B_SPLINE_CURVE_WITH_KNOTS('',3,(#4307,#4308,#4309,#4310,#4311,#4312,
#4313,#4314),.UNSPECIFIED.,.F.,.F.,(4,2,2,4),(-0.047276411109472,-0.0466744328894433,
-0.023650659611887,0.),.UNSPECIFIED.);
#170=B_SPLINE_CURVE_WITH_KNOTS('',3,(#4316,#4317,#4318,#4319,#4320,#4321,
#4322,#4323,#4324,#4325,#4326,#4327,#4328,#4329,#4330,#4331),
 .UNSPECIFIED.,.F.,.F.,(4,3,3,3,3,4),(0.,0.0234668618157776,0.048210957199018,
0.0737425357038076,0.10070937703483,0.122435325864081),.UNSPECIFIED.);
#171=B_SPLINE_CURVE_WITH_KNOTS('',3,(#4332,#4333,#4334,#4335),
 .UNSPECIFIED.,.F.,.F.,(4,4),(2.16436991091237E-10,0.0106335263109914),
 .UNSPECIFIED.);
#172=B_SPLINE_CURVE_WITH_KNOTS('',3,(#4402,#4403,#4404,#4405,#4406,#4407),
 .UNSPECIFIED.,.F.,.F.,(4,2,4),(-0.192430846964199,-0.0990637166833197,
0.),.UNSPECIFIED.);
#173=B_SPLINE_CURVE_WITH_KNOTS('',3,(#4425,#4426,#4427,#4428),
 .UNSPECIFIED.,.F.,.F.,(4,4),(0.0202603440383367,0.0306109097436233),
 .UNSPECIFIED.);
#174=B_SPLINE_CURVE_WITH_KNOTS('',3,(#4429,#4430,#4431,#4432,#4433,#4434),
 .UNSPECIFIED.,.F.,.F.,(4,2,4),(0.,0.094095356790475,0.18819073330014),
 .UNSPECIFIED.);
#175=B_SPLINE_CURVE_WITH_KNOTS('',3,(#4453,#4454,#4455,#4456),
 .UNSPECIFIED.,.F.,.F.,(4,4),(0.0202603440383578,0.0306109097435981),
 .UNSPECIFIED.);
#176=B_SPLINE_CURVE_WITH_KNOTS('',3,(#4457,#4458,#4459,#4460,#4461,#4462),
 .UNSPECIFIED.,.F.,.F.,(4,2,4),(0.,0.0940953567904598,0.18819073330011),
 .UNSPECIFIED.);
#177=B_SPLINE_CURVE_WITH_KNOTS('',3,(#4463,#4464,#4465,#4466,#4467,#4468),
 .UNSPECIFIED.,.F.,.F.,(4,2,4),(-0.192430846964223,-0.0990637166980266,
0.),.UNSPECIFIED.);
#178=B_SPLINE_CURVE_WITH_KNOTS('',3,(#4505,#4506,#4507,#4508,#4509,#4510,
#4511,#4512,#4513,#4514,#4515,#4516,#4517,#4518,#4519,#4520,#4521,#4522,
#4523,#4524,#4525,#4526),.UNSPECIFIED.,.F.,.F.,(4,3,3,3,3,3,3,4),(9.26330514992029E-6,
0.0323400830644399,0.0470824987118985,0.081474342132446,0.11383955670723,
0.149169698004994,0.163859631634618,0.180596614702561),.UNSPECIFIED.);
#179=B_SPLINE_CURVE_WITH_KNOTS('',3,(#4528,#4529,#4530,#4531,#4532,#4533,
#4534,#4535),.UNSPECIFIED.,.F.,.F.,(4,2,2,4),(-0.0393360163853187,-0.0200908846714694,
-0.0006715552037519,0.),.UNSPECIFIED.);
#180=B_SPLINE_CURVE_WITH_KNOTS('',3,(#4554,#4555,#4556,#4557,#4558,#4559,
#4560,#4561),.UNSPECIFIED.,.F.,.F.,(4,2,2,4),(-0.0393360166955855,-0.020091154269219,
-0.00067182099997717,0.),.UNSPECIFIED.);
#181=B_SPLINE_CURVE_WITH_KNOTS('',3,(#4562,#4563,#4564,#4565,#4566,#4567,
#4568,#4569,#4570,#4571,#4572,#4573,#4574,#4575,#4576,#4577,#4578,#4579,
#4580,#4581,#4582,#4583),.UNSPECIFIED.,.F.,.F.,(4,3,3,3,3,3,3,4),(9.26330514999673E-6,
0.032340083064729,0.0470824987118993,0.0814743421326614,0.113839556707223,
0.149169698004921,0.163859631634581,0.180596614702547),.UNSPECIFIED.);
#182=B_SPLINE_CURVE_WITH_KNOTS('',3,(#4602,#4603,#4604,#4605,#4606,#4607),
 .UNSPECIFIED.,.F.,.F.,(4,2,4),(-0.192430846964194,-0.0990637166833158,
0.),.UNSPECIFIED.);
#183=B_SPLINE_CURVE_WITH_KNOTS('',3,(#4625,#4626,#4627,#4628),
 .UNSPECIFIED.,.F.,.F.,(4,4),(0.0202603440384452,0.0306109097437594),
 .UNSPECIFIED.);
#184=B_SPLINE_CURVE_WITH_KNOTS('',3,(#4629,#4630,#4631,#4632,#4633,#4634),
 .UNSPECIFIED.,.F.,.F.,(4,2,4),(0.,0.094095356790472,0.188190733300137),
 .UNSPECIFIED.);
#185=B_SPLINE_CURVE_WITH_KNOTS('',3,(#4653,#4654,#4655,#4656),
 .UNSPECIFIED.,.F.,.F.,(4,4),(0.0202603440383417,0.030610909743536),
 .UNSPECIFIED.);
#186=B_SPLINE_CURVE_WITH_KNOTS('',3,(#4657,#4658,#4659,#4660,#4661,#4662),
 .UNSPECIFIED.,.F.,.F.,(4,2,4),(0.,0.0940953567904794,0.188190733300149),
 .UNSPECIFIED.);
#187=B_SPLINE_CURVE_WITH_KNOTS('',3,(#4663,#4664,#4665,#4666,#4667,#4668),
 .UNSPECIFIED.,.F.,.F.,(4,2,4),(-0.192430846964227,-0.0990637166980239,
0.),.UNSPECIFIED.);
#188=B_SPLINE_CURVE_WITH_KNOTS('',3,(#4705,#4706,#4707,#4708,#4709,#4710,
#4711,#4712,#4713,#4714,#4715,#4716,#4717,#4718,#4719,#4720,#4721,#4722,
#4723,#4724,#4725,#4726),.UNSPECIFIED.,.F.,.F.,(4,3,3,3,3,3,3,4),(9.26330515020766E-6,
0.032340083064485,0.0470824987117522,0.0814743421324629,0.113839556707146,
0.149169698004669,0.163859631634385,0.18059661470254),.UNSPECIFIED.);
#189=B_SPLINE_CURVE_WITH_KNOTS('',3,(#4728,#4729,#4730,#4731,#4732,#4733,
#4734,#4735),.UNSPECIFIED.,.F.,.F.,(4,2,2,4),(-0.0393360162900416,-0.020090884622936,
-0.000671555202524103,0.),.UNSPECIFIED.);
#190=B_SPLINE_CURVE_WITH_KNOTS('',3,(#4754,#4755,#4756,#4757,#4758,#4759,
#4760,#4761),.UNSPECIFIED.,.F.,.F.,(4,2,2,4),(-0.0393360167909737,-0.0200911543176901,
-0.00067182100107997,0.),.UNSPECIFIED.);
#191=B_SPLINE_CURVE_WITH_KNOTS('',3,(#4762,#4763,#4764,#4765,#4766,#4767,
#4768,#4769,#4770,#4771,#4772,#4773,#4774,#4775,#4776,#4777,#4778,#4779,
#4780,#4781,#4782,#4783),.UNSPECIFIED.,.F.,.F.,(4,3,3,3,3,3,3,4),(9.26330515041239E-6,
0.0323400830643987,0.0470824987114669,0.0814743421321762,0.113839556707006,
0.149169698004551,0.163859631634742,0.180596614702545),.UNSPECIFIED.);
#192=B_SPLINE_CURVE_WITH_KNOTS('',3,(#4802,#4803,#4804,#4805,#4806,#4807),
 .UNSPECIFIED.,.F.,.F.,(4,2,4),(-0.192430846964201,-0.0990637166833208,
0.),.UNSPECIFIED.);
#193=B_SPLINE_CURVE_WITH_KNOTS('',3,(#4825,#4826,#4827,#4828),
 .UNSPECIFIED.,.F.,.F.,(4,4),(0.0202603440384243,0.0306109097437132),
 .UNSPECIFIED.);
#194=B_SPLINE_CURVE_WITH_KNOTS('',3,(#4829,#4830,#4831,#4832,#4833,#4834),
 .UNSPECIFIED.,.F.,.F.,(4,2,4),(0.,0.0940953567904789,0.188190733300147),
 .UNSPECIFIED.);
#195=B_SPLINE_CURVE_WITH_KNOTS('',3,(#4853,#4854,#4855,#4856),
 .UNSPECIFIED.,.F.,.F.,(4,4),(0.0202603440384502,0.0306109097437706),
 .UNSPECIFIED.);
#196=B_SPLINE_CURVE_WITH_KNOTS('',3,(#4857,#4858,#4859,#4860,#4861,#4862),
 .UNSPECIFIED.,.F.,.F.,(4,2,4),(0.,0.0940953567904841,0.188190733300158),
 .UNSPECIFIED.);
#197=B_SPLINE_CURVE_WITH_KNOTS('',3,(#4863,#4864,#4865,#4866,#4867,#4868),
 .UNSPECIFIED.,.F.,.F.,(4,2,4),(-0.192430846964236,-0.0990637166980281,
0.),.UNSPECIFIED.);
#198=B_SPLINE_CURVE_WITH_KNOTS('',3,(#4905,#4906,#4907,#4908,#4909,#4910,
#4911,#4912,#4913,#4914,#4915,#4916,#4917,#4918,#4919,#4920,#4921,#4922,
#4923,#4924,#4925,#4926),.UNSPECIFIED.,.F.,.F.,(4,3,3,3,3,3,3,4),(9.26330515015576E-6,
0.0323400830645985,0.0470824987119432,0.0814743421326041,0.113839556707243,
0.149169698005079,0.163859631634646,0.180596614702542),.UNSPECIFIED.);
#199=B_SPLINE_CURVE_WITH_KNOTS('',3,(#4928,#4929,#4930,#4931,#4932,#4933,
#4934,#4935),.UNSPECIFIED.,.F.,.F.,(4,2,2,4),(-0.0393360163122481,-0.0200908846343181,
-0.000671555202903031,0.),.UNSPECIFIED.);
#200=B_SPLINE_CURVE_WITH_KNOTS('',3,(#4954,#4955,#4956,#4957,#4958,#4959,
#4960,#4961),.UNSPECIFIED.,.F.,.F.,(4,2,2,4),(-0.0393360167854606,-0.0200911543147499,
-0.000671821000877644,0.),.UNSPECIFIED.);
#201=B_SPLINE_CURVE_WITH_KNOTS('',3,(#4962,#4963,#4964,#4965,#4966,#4967,
#4968,#4969,#4970,#4971,#4972,#4973,#4974,#4975,#4976,#4977,#4978,#4979,
#4980,#4981,#4982,#4983),.UNSPECIFIED.,.F.,.F.,(4,3,3,3,3,3,3,4),(9.26330514988366E-6,
0.0323400830645695,0.0470824987122334,0.0814743421329229,0.113839556707394,
0.149169698005275,0.163859631634245,0.180596614702554),.UNSPECIFIED.);
#202=B_SPLINE_CURVE_WITH_KNOTS('',3,(#5002,#5003,#5004,#5005,#5006,#5007),
 .UNSPECIFIED.,.F.,.F.,(4,2,4),(-0.192430846964197,-0.0990637166833159,
0.),.UNSPECIFIED.);
#203=B_SPLINE_CURVE_WITH_KNOTS('',3,(#5025,#5026,#5027,#5028),
 .UNSPECIFIED.,.F.,.F.,(4,4),(0.0202603440384984,0.0306109097438269),
 .UNSPECIFIED.);
#204=B_SPLINE_CURVE_WITH_KNOTS('',3,(#5029,#5030,#5031,#5032,#5033,#5034),
 .UNSPECIFIED.,.F.,.F.,(4,2,4),(0.,0.0940953567904842,0.188190733300157),
 .UNSPECIFIED.);
#205=B_SPLINE_CURVE_WITH_KNOTS('',3,(#5053,#5054,#5055,#5056),
 .UNSPECIFIED.,.F.,.F.,(4,4),(0.0202603440384533,0.030610909743724),
 .UNSPECIFIED.);
#206=B_SPLINE_CURVE_WITH_KNOTS('',3,(#5057,#5058,#5059,#5060,#5061,#5062),
 .UNSPECIFIED.,.F.,.F.,(4,2,4),(0.,0.0940953567904775,0.188190733300144),
 .UNSPECIFIED.);
#207=B_SPLINE_CURVE_WITH_KNOTS('',3,(#5063,#5064,#5065,#5066,#5067,#5068),
 .UNSPECIFIED.,.F.,.F.,(4,2,4),(-0.192430846964232,-0.0990637166980292,
0.),.UNSPECIFIED.);
#208=B_SPLINE_CURVE_WITH_KNOTS('',3,(#5105,#5106,#5107,#5108,#5109,#5110,
#5111,#5112,#5113,#5114,#5115,#5116,#5117,#5118,#5119,#5120,#5121,#5122,
#5123,#5124,#5125,#5126),.UNSPECIFIED.,.F.,.F.,(4,3,3,3,3,3,3,4),(9.26330515024364E-6,
0.0323400830648815,0.0470824987118849,0.0814743421325984,0.113839556707213,
0.149169698004912,0.163859631634413,0.180596614702541),.UNSPECIFIED.);
#209=B_SPLINE_CURVE_WITH_KNOTS('',3,(#5128,#5129,#5130,#5131,#5132,#5133,
#5134,#5135),.UNSPECIFIED.,.F.,.F.,(4,2,2,4),(-0.039336016342843,-0.0200908846498337,
-0.000671555203243045,0.),.UNSPECIFIED.);
#210=B_SPLINE_CURVE_WITH_KNOTS('',3,(#5154,#5155,#5156,#5157,#5158,#5159,
#5160,#5161),.UNSPECIFIED.,.F.,.F.,(4,2,2,4),(-0.039336016797424,-0.0200911543209635,
-0.00067182100114816,0.),.UNSPECIFIED.);
#211=B_SPLINE_CURVE_WITH_KNOTS('',3,(#5162,#5163,#5164,#5165,#5166,#5167,
#5168,#5169,#5170,#5171,#5172,#5173,#5174,#5175,#5176,#5177,#5178,#5179,
#5180,#5181,#5182,#5183),.UNSPECIFIED.,.F.,.F.,(4,3,3,3,3,3,3,4),(9.26330515006599E-6,
0.0323400830645164,0.0470824987117123,0.0814743421323397,0.113839556707131,
0.149169698004768,0.163859631634402,0.18059661470255),.UNSPECIFIED.);
#212=B_SPLINE_CURVE_WITH_KNOTS('',3,(#5202,#5203,#5204,#5205,#5206,#5207),
 .UNSPECIFIED.,.F.,.F.,(4,2,4),(-0.192430846964205,-0.0990637166833219,
0.),.UNSPECIFIED.);
#213=B_SPLINE_CURVE_WITH_KNOTS('',3,(#5225,#5226,#5227,#5228),
 .UNSPECIFIED.,.F.,.F.,(4,4),(0.0202603440384456,0.0306109097437551),
 .UNSPECIFIED.);
#214=B_SPLINE_CURVE_WITH_KNOTS('',3,(#5229,#5230,#5231,#5232,#5233,#5234),
 .UNSPECIFIED.,.F.,.F.,(4,2,4),(0.,0.0940953567904673,0.188190733300126),
 .UNSPECIFIED.);
#215=B_SPLINE_CURVE_WITH_KNOTS('',3,(#5253,#5254,#5255,#5256),
 .UNSPECIFIED.,.F.,.F.,(4,4),(0.0202603440384268,0.0306109097437308),
 .UNSPECIFIED.);
#216=B_SPLINE_CURVE_WITH_KNOTS('',3,(#5257,#5258,#5259,#5260,#5261,#5262),
 .UNSPECIFIED.,.F.,.F.,(4,2,4),(0.,0.0940953567904688,0.188190733300128),
 .UNSPECIFIED.);
#217=B_SPLINE_CURVE_WITH_KNOTS('',3,(#5263,#5264,#5265,#5266,#5267,#5268),
 .UNSPECIFIED.,.F.,.F.,(4,2,4),(-0.192430846964231,-0.0990637166980269,
0.),.UNSPECIFIED.);
#218=B_SPLINE_CURVE_WITH_KNOTS('',3,(#5305,#5306,#5307,#5308,#5309,#5310,
#5311,#5312,#5313,#5314,#5315,#5316,#5317,#5318,#5319,#5320,#5321,#5322,
#5323,#5324,#5325,#5326),.UNSPECIFIED.,.F.,.F.,(4,3,3,3,3,3,3,4),(9.2633051499532E-6,
0.0323400830645776,0.0470824987119309,0.081474342132684,0.113839556707235,
0.149169698005178,0.163859631634495,0.180596614702539),.UNSPECIFIED.);
#219=B_SPLINE_CURVE_WITH_KNOTS('',3,(#5328,#5329,#5330,#5331,#5332,#5333,
#5334,#5335),.UNSPECIFIED.,.F.,.F.,(4,2,2,4),(-0.0393360163018939,-0.0200908846289142,
-0.000671555202746303,0.),.UNSPECIFIED.);
#220=B_SPLINE_CURVE_WITH_KNOTS('',3,(#5354,#5355,#5356,#5357,#5358,#5359,
#5360,#5361),.UNSPECIFIED.,.F.,.F.,(4,2,2,4),(-0.0393360167810306,-0.0200911543126522,
-0.000671821000979506,0.),.UNSPECIFIED.);
#221=B_SPLINE_CURVE_WITH_KNOTS('',3,(#5362,#5363,#5364,#5365,#5366,#5367,
#5368,#5369,#5370,#5371,#5372,#5373,#5374,#5375,#5376,#5377,#5378,#5379,
#5380,#5381,#5382,#5383),.UNSPECIFIED.,.F.,.F.,(4,3,3,3,3,3,3,4),(9.26330514985355E-6,
0.0323400830646196,0.047082498711938,0.0814743421326857,0.113839556707244,
0.149169698004905,0.163859631634637,0.180596614702549),.UNSPECIFIED.);
#222=B_SPLINE_CURVE_WITH_KNOTS('',3,(#5402,#5403,#5404,#5405,#5406,#5407),
 .UNSPECIFIED.,.F.,.F.,(4,2,4),(-0.192430846964201,-0.0990637166833195,
0.),.UNSPECIFIED.);
#223=B_SPLINE_CURVE_WITH_KNOTS('',3,(#5425,#5426,#5427,#5428),
 .UNSPECIFIED.,.F.,.F.,(4,4),(0.0202603440384393,0.030610909743757),
 .UNSPECIFIED.);
#224=B_SPLINE_CURVE_WITH_KNOTS('',3,(#5429,#5430,#5431,#5432,#5433,#5434),
 .UNSPECIFIED.,.F.,.F.,(4,2,4),(0.,0.0940953567904896,0.188190733300166),
 .UNSPECIFIED.);
#225=B_SPLINE_CURVE_WITH_KNOTS('',3,(#5453,#5454,#5455,#5456),
 .UNSPECIFIED.,.F.,.F.,(4,4),(0.0202603440383452,0.0306109097436229),
 .UNSPECIFIED.);
#226=B_SPLINE_CURVE_WITH_KNOTS('',3,(#5457,#5458,#5459,#5460,#5461,#5462),
 .UNSPECIFIED.,.F.,.F.,(4,2,4),(0.,0.0940953567904745,0.188190733300135),
 .UNSPECIFIED.);
#227=B_SPLINE_CURVE_WITH_KNOTS('',3,(#5463,#5464,#5465,#5466,#5467,#5468),
 .UNSPECIFIED.,.F.,.F.,(4,2,4),(-0.192430846964232,-0.0990637166980299,
0.),.UNSPECIFIED.);
#228=B_SPLINE_CURVE_WITH_KNOTS('',3,(#5505,#5506,#5507,#5508,#5509,#5510,
#5511,#5512),.UNSPECIFIED.,.F.,.F.,(4,2,2,4),(-0.0393360166556058,-0.0200911542489063,
-0.000671820999518147,0.),.UNSPECIFIED.);
#229=B_SPLINE_CURVE_WITH_KNOTS('',3,(#5513,#5514,#5515,#5516,#5517,#5518,
#5519,#5520,#5521,#5522,#5523,#5524,#5525,#5526,#5527,#5528,#5529,#5530,
#5531,#5532,#5533,#5534),.UNSPECIFIED.,.F.,.F.,(4,3,3,3,3,3,3,4),(9.26330515016957E-6,
0.0323400830647511,0.0470824987119341,0.0814743421326319,0.113839556707239,
0.149169698004809,0.163859631634592,0.180596614702544),.UNSPECIFIED.);
#230=B_SPLINE_CURVE_WITH_KNOTS('',3,(#5552,#5553,#5554,#5555,#5556,#5557,
#5558,#5559,#5560,#5561,#5562,#5563,#5564,#5565,#5566,#5567,#5568,#5569,
#5570,#5571,#5572,#5573),.UNSPECIFIED.,.F.,.F.,(4,3,3,3,3,3,3,4),(9.26330515024127E-6,
0.0323400830646079,0.0470824987118942,0.0814743421324871,0.113839556707218,
0.149169698004733,0.163859631634591,0.180596614702542),.UNSPECIFIED.);
#231=B_SPLINE_CURVE_WITH_KNOTS('',3,(#5574,#5575,#5576,#5577,#5578,#5579,
#5580,#5581),.UNSPECIFIED.,.F.,.F.,(4,2,2,4),(-0.039336016813297,-0.0200911438815912,
-0.000671810695341512,0.),.UNSPECIFIED.);
#232=B_SPLINE_CURVE_WITH_KNOTS('',3,(#5584,#5585,#5586,#5587,#5588,#5589),
 .UNSPECIFIED.,.F.,.F.,(4,2,4),(0.,0.0940953599262736,0.188190735542484),
 .UNSPECIFIED.);
#233=B_SPLINE_CURVE_WITH_KNOTS('',3,(#5594,#5595,#5596,#5597,#5598,#5599,
#5600,#5601,#5602,#5603,#5604,#5605,#5606,#5607,#5608,#5609,#5610,#5611,
#5612),.UNSPECIFIED.,.F.,.F.,(4,3,3,3,3,3,4),(0.0372288977028416,0.0734814842880907,
0.108674926668367,0.133798657293891,0.164575897136791,0.19439926546709,
0.224221167191399),.UNSPECIFIED.);
#234=B_SPLINE_CURVE_WITH_KNOTS('',3,(#5655,#5656,#5657,#5658,#5659,#5660),
 .UNSPECIFIED.,.F.,.F.,(4,2,4),(-0.192430847557459,-0.0990637167846452,
0.),.UNSPECIFIED.);
#235=B_SPLINE_CURVE_WITH_KNOTS('',3,(#5677,#5678,#5679,#5680),
 .UNSPECIFIED.,.F.,.F.,(4,4),(-0.0658687967806269,-0.0555620334517798),
 .UNSPECIFIED.);
#236=B_SPLINE_CURVE_WITH_KNOTS('',3,(#5697,#5698,#5699,#5700,#5701,#5702,
#5703,#5704),.UNSPECIFIED.,.F.,.F.,(4,2,2,4),(-0.0393353046850558,-0.0196877376294013,
-0.000274200292806846,0.),.UNSPECIFIED.);
#237=B_SPLINE_SURFACE_WITH_KNOTS('',3,3,((#2784,#2785,#2786,#2787),(#2788,
#2789,#2790,#2791),(#2792,#2793,#2794,#2795),(#2796,#2797,#2798,#2799)),
 .UNSPECIFIED.,.F.,.F.,.F.,(4,4),(4,4),(-5.92086557691499E-14,0.0238066886494366),
(1.66543344174442,2.1586234564418),.UNSPECIFIED.);
#238=B_SPLINE_SURFACE_WITH_KNOTS('',3,3,((#2833,#2834,#2835,#2836),(#2837,
#2838,#2839,#2840),(#2841,#2842,#2843,#2844),(#2845,#2846,#2847,#2848)),
 .UNSPECIFIED.,.F.,.F.,.F.,(4,4),(4,4),(-3.08369534551055,-2.95782898831451),
(1.65811397447251,2.15862345644179),.UNSPECIFIED.);
#239=B_SPLINE_SURFACE_WITH_KNOTS('',3,3,((#2864,#2865,#2866,#2867),(#2868,
#2869,#2870,#2871),(#2872,#2873,#2874,#2875),(#2876,#2877,#2878,#2879)),
 .UNSPECIFIED.,.F.,.F.,.F.,(4,4),(4,4),(-0.0321205318182704,4.00776918447261E-11),
(1.65811397434548,2.14635476929703),.UNSPECIFIED.);
#240=B_SPLINE_SURFACE_WITH_KNOTS('',3,3,((#2908,#2909,#2910,#2911),(#2912,
#2913,#2914,#2915),(#2916,#2917,#2918,#2919),(#2920,#2921,#2922,#2923)),
 .UNSPECIFIED.,.F.,.F.,.F.,(4,4),(4,4),(-5.92086557691499E-14,0.0238066886494366),
(1.66543344174442,2.1586234564418),.UNSPECIFIED.);
#241=B_SPLINE_SURFACE_WITH_KNOTS('',3,3,((#2957,#2958,#2959,#2960),(#2961,
#2962,#2963,#2964),(#2965,#2966,#2967,#2968),(#2969,#2970,#2971,#2972)),
 .UNSPECIFIED.,.F.,.F.,.F.,(4,4),(4,4),(-3.08369534551055,-2.95782898831451),
(1.65811397447251,2.15862345644179),.UNSPECIFIED.);
#242=B_SPLINE_SURFACE_WITH_KNOTS('',3,3,((#2983,#2984,#2985,#2986),(#2987,
#2988,#2989,#2990),(#2991,#2992,#2993,#2994),(#2995,#2996,#2997,#2998)),
 .UNSPECIFIED.,.F.,.F.,.F.,(4,4),(4,4),(-0.0321205318182703,4.00776918447261E-11),
(1.65811397434547,2.14635476929703),.UNSPECIFIED.);
#243=B_SPLINE_SURFACE_WITH_KNOTS('',3,3,((#3027,#3028,#3029,#3030),(#3031,
#3032,#3033,#3034),(#3035,#3036,#3037,#3038),(#3039,#3040,#3041,#3042)),
 .UNSPECIFIED.,.F.,.F.,.F.,(4,4),(4,4),(-5.92086557691499E-14,0.0238066886494367),
(1.66543344174442,2.15862345644179),.UNSPECIFIED.);
#244=B_SPLINE_SURFACE_WITH_KNOTS('',3,3,((#3076,#3077,#3078,#3079),(#3080,
#3081,#3082,#3083),(#3084,#3085,#3086,#3087),(#3088,#3089,#3090,#3091)),
 .UNSPECIFIED.,.F.,.F.,.F.,(4,4),(4,4),(-3.08369534551055,-2.95782898831451),
(1.65811397447251,2.15862345644179),.UNSPECIFIED.);
#245=B_SPLINE_SURFACE_WITH_KNOTS('',3,3,((#3102,#3103,#3104,#3105),(#3106,
#3107,#3108,#3109),(#3110,#3111,#3112,#3113),(#3114,#3115,#3116,#3117)),
 .UNSPECIFIED.,.F.,.F.,.F.,(4,4),(4,4),(-0.0321205318182703,4.00776918447261E-11),
(1.65811397434547,2.14635476929703),.UNSPECIFIED.);
#246=B_SPLINE_SURFACE_WITH_KNOTS('',3,3,((#3146,#3147,#3148,#3149),(#3150,
#3151,#3152,#3153),(#3154,#3155,#3156,#3157),(#3158,#3159,#3160,#3161)),
 .UNSPECIFIED.,.F.,.F.,.F.,(4,4),(4,4),(-5.92086557691499E-14,0.0238066886494366),
(1.66543344174442,2.1586234564418),.UNSPECIFIED.);
#247=B_SPLINE_SURFACE_WITH_KNOTS('',3,3,((#3195,#3196,#3197,#3198),(#3199,
#3200,#3201,#3202),(#3203,#3204,#3205,#3206),(#3207,#3208,#3209,#3210)),
 .UNSPECIFIED.,.F.,.F.,.F.,(4,4),(4,4),(-3.08369534551055,-2.95782898831451),
(1.65811397447251,2.15862345644179),.UNSPECIFIED.);
#248=B_SPLINE_SURFACE_WITH_KNOTS('',3,3,((#3221,#3222,#3223,#3224),(#3225,
#3226,#3227,#3228),(#3229,#3230,#3231,#3232),(#3233,#3234,#3235,#3236)),
 .UNSPECIFIED.,.F.,.F.,.F.,(4,4),(4,4),(-0.0321205318182703,4.00776918447261E-11),
(1.65811397434547,2.14635476929703),.UNSPECIFIED.);
#249=B_SPLINE_SURFACE_WITH_KNOTS('',3,3,((#3265,#3266,#3267,#3268),(#3269,
#3270,#3271,#3272),(#3273,#3274,#3275,#3276),(#3277,#3278,#3279,#3280)),
 .UNSPECIFIED.,.F.,.F.,.F.,(4,4),(4,4),(-5.92086557691499E-14,0.0238066886494365),
(1.66543344174442,2.1586234564418),.UNSPECIFIED.);
#250=B_SPLINE_SURFACE_WITH_KNOTS('',3,3,((#3314,#3315,#3316,#3317),(#3318,
#3319,#3320,#3321),(#3322,#3323,#3324,#3325),(#3326,#3327,#3328,#3329)),
 .UNSPECIFIED.,.F.,.F.,.F.,(4,4),(4,4),(-3.08369534551055,-2.95782898831451),
(1.65811397447251,2.15862345644179),.UNSPECIFIED.);
#251=B_SPLINE_SURFACE_WITH_KNOTS('',3,3,((#3340,#3341,#3342,#3343),(#3344,
#3345,#3346,#3347),(#3348,#3349,#3350,#3351),(#3352,#3353,#3354,#3355)),
 .UNSPECIFIED.,.F.,.F.,.F.,(4,4),(4,4),(-0.0321205318182704,4.00776918447261E-11),
(1.65811397434547,2.14635476929703),.UNSPECIFIED.);
#252=B_SPLINE_SURFACE_WITH_KNOTS('',3,3,((#3384,#3385,#3386,#3387),(#3388,
#3389,#3390,#3391),(#3392,#3393,#3394,#3395),(#3396,#3397,#3398,#3399)),
 .UNSPECIFIED.,.F.,.F.,.F.,(4,4),(4,4),(-5.92086557691499E-14,0.0238066886494368),
(1.66543344174442,2.1586234564418),.UNSPECIFIED.);
#253=B_SPLINE_SURFACE_WITH_KNOTS('',3,3,((#3433,#3434,#3435,#3436),(#3437,
#3438,#3439,#3440),(#3441,#3442,#3443,#3444),(#3445,#3446,#3447,#3448)),
 .UNSPECIFIED.,.F.,.F.,.F.,(4,4),(4,4),(-3.08369534551055,-2.95782898831451),
(1.65811397447251,2.15862345644179),.UNSPECIFIED.);
#254=B_SPLINE_SURFACE_WITH_KNOTS('',3,3,((#3459,#3460,#3461,#3462),(#3463,
#3464,#3465,#3466),(#3467,#3468,#3469,#3470),(#3471,#3472,#3473,#3474)),
 .UNSPECIFIED.,.F.,.F.,.F.,(4,4),(4,4),(-0.0321205318182704,4.00776918447261E-11),
(1.65811397434547,2.14635476929703),.UNSPECIFIED.);
#255=B_SPLINE_SURFACE_WITH_KNOTS('',3,3,((#3503,#3504,#3505,#3506),(#3507,
#3508,#3509,#3510),(#3511,#3512,#3513,#3514),(#3515,#3516,#3517,#3518)),
 .UNSPECIFIED.,.F.,.F.,.F.,(4,4),(4,4),(-0.0321205318182704,4.00776918447261E-11),
(1.65811397434547,2.14635476929703),.UNSPECIFIED.);
#256=B_SPLINE_SURFACE_WITH_KNOTS('',3,3,((#3550,#3551,#3552,#3553),(#3554,
#3555,#3556,#3557),(#3558,#3559,#3560,#3561),(#3562,#3563,#3564,#3565)),
 .UNSPECIFIED.,.F.,.F.,.F.,(4,4),(4,4),(-3.08369534551055,-2.95782898831451),
(1.65811397447251,2.15862345644179),.UNSPECIFIED.);
#257=B_SPLINE_SURFACE_WITH_KNOTS('',3,3,((#3576,#3577,#3578,#3579),(#3580,
#3581,#3582,#3583),(#3584,#3585,#3586,#3587),(#3588,#3589,#3590,#3591)),
 .UNSPECIFIED.,.F.,.F.,.F.,(4,4),(4,4),(-3.08369534551055,-2.95782898831451),
(1.65811397447251,2.15862345644179),.UNSPECIFIED.);
#258=B_SPLINE_SURFACE_WITH_KNOTS('',3,3,((#3605,#3606,#3607,#3608),(#3609,
#3610,#3611,#3612),(#3613,#3614,#3615,#3616),(#3617,#3618,#3619,#3620)),
 .UNSPECIFIED.,.F.,.F.,.F.,(4,4),(4,4),(-5.92086557691499E-14,0.023806688649436),
(1.66543344174442,2.1586234564418),.UNSPECIFIED.);
#259=B_SPLINE_SURFACE_WITH_KNOTS('',3,3,((#3651,#3652,#3653,#3654),(#3655,
#3656,#3657,#3658),(#3659,#3660,#3661,#3662),(#3663,#3664,#3665,#3666)),
 .UNSPECIFIED.,.F.,.F.,.F.,(4,4),(4,4),(-0.0321205318182704,4.00776918447261E-11),
(1.65811397434547,2.14635476929703),.UNSPECIFIED.);
#260=B_SPLINE_SURFACE_WITH_KNOTS('',3,3,((#3695,#3696,#3697,#3698),(#3699,
#3700,#3701,#3702),(#3703,#3704,#3705,#3706),(#3707,#3708,#3709,#3710)),
 .UNSPECIFIED.,.F.,.F.,.F.,(4,4),(4,4),(-3.08369534551055,-2.95782898831451),
(1.65811397447251,2.15862345644179),.UNSPECIFIED.);
#261=B_SPLINE_SURFACE_WITH_KNOTS('',3,3,((#3724,#3725,#3726,#3727),(#3728,
#3729,#3730,#3731),(#3732,#3733,#3734,#3735),(#3736,#3737,#3738,#3739)),
 .UNSPECIFIED.,.F.,.F.,.F.,(4,4),(4,4),(-5.92086557691499E-14,0.0238066886494357),
(1.66543344174442,2.1586234564418),.UNSPECIFIED.);
#262=B_SPLINE_SURFACE_WITH_KNOTS('',3,3,((#3770,#3771,#3772,#3773),(#3774,
#3775,#3776,#3777),(#3778,#3779,#3780,#3781),(#3782,#3783,#3784,#3785)),
 .UNSPECIFIED.,.F.,.F.,.F.,(4,4),(4,4),(-0.0321205318182703,4.00776918447261E-11),
(1.65811397434547,2.14635476929703),.UNSPECIFIED.);
#263=B_SPLINE_SURFACE_WITH_KNOTS('',3,3,((#3814,#3815,#3816,#3817),(#3818,
#3819,#3820,#3821),(#3822,#3823,#3824,#3825),(#3826,#3827,#3828,#3829)),
 .UNSPECIFIED.,.F.,.F.,.F.,(4,4),(4,4),(-3.08369534551055,-2.95782898831451),
(1.65811397447251,2.15862345644179),.UNSPECIFIED.);
#264=B_SPLINE_SURFACE_WITH_KNOTS('',3,3,((#3843,#3844,#3845,#3846),(#3847,
#3848,#3849,#3850),(#3851,#3852,#3853,#3854),(#3855,#3856,#3857,#3858)),
 .UNSPECIFIED.,.F.,.F.,.F.,(4,4),(4,4),(-5.92086557691499E-14,0.0238066886494356),
(1.66543344174442,2.1586234564418),.UNSPECIFIED.);
#265=B_SPLINE_SURFACE_WITH_KNOTS('',3,3,((#3889,#3890,#3891,#3892),(#3893,
#3894,#3895,#3896),(#3897,#3898,#3899,#3900),(#3901,#3902,#3903,#3904)),
 .UNSPECIFIED.,.F.,.F.,.F.,(4,4),(4,4),(-0.0321205318182704,4.00776918447261E-11),
(1.65811397434547,2.14635476929703),.UNSPECIFIED.);
#266=B_SPLINE_SURFACE_WITH_KNOTS('',3,3,((#3933,#3934,#3935,#3936),(#3937,
#3938,#3939,#3940),(#3941,#3942,#3943,#3944),(#3945,#3946,#3947,#3948)),
 .UNSPECIFIED.,.F.,.F.,.F.,(4,4),(4,4),(-3.08369534551055,-2.95782898831451),
(1.65811397447251,2.15862345644179),.UNSPECIFIED.);
#267=B_SPLINE_SURFACE_WITH_KNOTS('',3,3,((#3962,#3963,#3964,#3965),(#3966,
#3967,#3968,#3969),(#3970,#3971,#3972,#3973),(#3974,#3975,#3976,#3977)),
 .UNSPECIFIED.,.F.,.F.,.F.,(4,4),(4,4),(-5.92086557691499E-14,0.0238066886494363),
(1.66543344174442,2.15862345644179),.UNSPECIFIED.);
#268=B_SPLINE_SURFACE_WITH_KNOTS('',3,3,((#4008,#4009,#4010,#4011),(#4012,
#4013,#4014,#4015),(#4016,#4017,#4018,#4019),(#4020,#4021,#4022,#4023)),
 .UNSPECIFIED.,.F.,.F.,.F.,(4,4),(4,4),(-0.0321205318182704,4.00776918447261E-11),
(1.65811397434547,2.14635476929703),.UNSPECIFIED.);
#269=B_SPLINE_SURFACE_WITH_KNOTS('',3,3,((#4052,#4053,#4054,#4055),(#4056,
#4057,#4058,#4059),(#4060,#4061,#4062,#4063),(#4064,#4065,#4066,#4067)),
 .UNSPECIFIED.,.F.,.F.,.F.,(4,4),(4,4),(-3.08369534551055,-2.95782898831451),
(1.65811397447251,2.15862345644179),.UNSPECIFIED.);
#270=B_SPLINE_SURFACE_WITH_KNOTS('',3,3,((#4081,#4082,#4083,#4084),(#4085,
#4086,#4087,#4088),(#4089,#4090,#4091,#4092),(#4093,#4094,#4095,#4096)),
 .UNSPECIFIED.,.F.,.F.,.F.,(4,4),(4,4),(-5.92086557691499E-14,0.0238066886494358),
(1.66543344174442,2.1586234564418),.UNSPECIFIED.);
#271=B_SPLINE_SURFACE_WITH_KNOTS('',3,3,((#4127,#4128,#4129,#4130),(#4131,
#4132,#4133,#4134),(#4135,#4136,#4137,#4138),(#4139,#4140,#4141,#4142)),
 .UNSPECIFIED.,.F.,.F.,.F.,(4,4),(4,4),(-0.0321205318182704,4.00776918447261E-11),
(1.65811397434547,2.14635476929703),.UNSPECIFIED.);
#272=B_SPLINE_SURFACE_WITH_KNOTS('',3,3,((#4171,#4172,#4173,#4174),(#4175,
#4176,#4177,#4178),(#4179,#4180,#4181,#4182),(#4183,#4184,#4185,#4186)),
 .UNSPECIFIED.,.F.,.F.,.F.,(4,4),(4,4),(-3.08369534551055,-2.95782898831451),
(1.65811397447251,2.15862345644179),.UNSPECIFIED.);
#273=B_SPLINE_SURFACE_WITH_KNOTS('',3,3,((#4200,#4201,#4202,#4203),(#4204,
#4205,#4206,#4207),(#4208,#4209,#4210,#4211),(#4212,#4213,#4214,#4215)),
 .UNSPECIFIED.,.F.,.F.,.F.,(4,4),(4,4),(-5.92086557691499E-14,0.023806688649436),
(1.66543344174442,2.1586234564418),.UNSPECIFIED.);
#274=B_SPLINE_SURFACE_WITH_KNOTS('',3,3,((#4246,#4247,#4248,#4249),(#4250,
#4251,#4252,#4253),(#4254,#4255,#4256,#4257),(#4258,#4259,#4260,#4261)),
 .UNSPECIFIED.,.F.,.F.,.F.,(4,4),(4,4),(-0.0321205318182703,4.00776918447261E-11),
(1.65811397434547,2.14635476929703),.UNSPECIFIED.);
#275=B_SPLINE_SURFACE_WITH_KNOTS('',3,3,((#4290,#4291,#4292,#4293),(#4294,
#4295,#4296,#4297),(#4298,#4299,#4300,#4301),(#4302,#4303,#4304,#4305)),
 .UNSPECIFIED.,.F.,.F.,.F.,(4,4),(4,4),(-5.92086557691499E-14,0.0238066886494356),
(1.66543344174442,2.1586234564418),.UNSPECIFIED.);
#276=B_SPLINE_SURFACE_WITH_KNOTS('',3,3,((#4382,#4383,#4384,#4385),(#4386,
#4387,#4388,#4389),(#4390,#4391,#4392,#4393),(#4394,#4395,#4396,#4397)),
 .UNSPECIFIED.,.F.,.F.,.F.,(4,4),(4,4),(-3.08369548898454,-2.95782898831451),
(1.57079624611686,2.16946549180024),.UNSPECIFIED.);
#277=B_SPLINE_SURFACE_WITH_KNOTS('',3,3,((#4408,#4409,#4410,#4411),(#4412,
#4413,#4414,#4415),(#4416,#4417,#4418,#4419),(#4420,#4421,#4422,#4423)),
 .UNSPECIFIED.,.F.,.F.,.F.,(4,4),(4,4),(-5.92086557691499E-14,0.0305353296019104),
(1.57079632679398,2.16946549180011),.UNSPECIFIED.);
#278=B_SPLINE_SURFACE_WITH_KNOTS('',3,3,((#4435,#4436,#4437,#4438),(#4439,
#4440,#4441,#4442),(#4443,#4444,#4445,#4446),(#4447,#4448,#4449,#4450)),
 .UNSPECIFIED.,.F.,.F.,.F.,(4,4),(4,4),(-5.92086557691499E-14,0.0305353296019104),
(1.57079632679398,2.16946549180011),.UNSPECIFIED.);
#279=B_SPLINE_SURFACE_WITH_KNOTS('',3,3,((#4469,#4470,#4471,#4472),(#4473,
#4474,#4475,#4476),(#4477,#4478,#4479,#4480),(#4481,#4482,#4483,#4484)),
 .UNSPECIFIED.,.F.,.F.,.F.,(4,4),(4,4),(-3.08369548898414,-2.95782898831451),
(1.57079624611714,2.16946549180025),.UNSPECIFIED.);
#280=B_SPLINE_SURFACE_WITH_KNOTS('',3,3,((#4488,#4489,#4490,#4491),(#4492,
#4493,#4494,#4495),(#4496,#4497,#4498,#4499),(#4500,#4501,#4502,#4503)),
 .UNSPECIFIED.,.F.,.F.,.F.,(4,4),(4,4),(-0.0321550632695859,4.00776918447261E-11),
(1.57079632679404,2.15670757722126),.UNSPECIFIED.);
#281=B_SPLINE_SURFACE_WITH_KNOTS('',3,3,((#4537,#4538,#4539,#4540),(#4541,
#4542,#4543,#4544),(#4545,#4546,#4547,#4548),(#4549,#4550,#4551,#4552)),
 .UNSPECIFIED.,.F.,.F.,.F.,(4,4),(4,4),(-0.032155063269586,4.00776918447261E-11),
(1.57079632679404,2.15670757722126),.UNSPECIFIED.);
#282=B_SPLINE_SURFACE_WITH_KNOTS('',3,3,((#4584,#4585,#4586,#4587),(#4588,
#4589,#4590,#4591),(#4592,#4593,#4594,#4595),(#4596,#4597,#4598,#4599)),
 .UNSPECIFIED.,.F.,.F.,.F.,(4,4),(4,4),(-3.08369534551055,-2.95782898831451),
(1.57079632679404,2.16946549180024),.UNSPECIFIED.);
#283=B_SPLINE_SURFACE_WITH_KNOTS('',3,3,((#4608,#4609,#4610,#4611),(#4612,
#4613,#4614,#4615),(#4616,#4617,#4618,#4619),(#4620,#4621,#4622,#4623)),
 .UNSPECIFIED.,.F.,.F.,.F.,(4,4),(4,4),(-5.92086557691499E-14,0.0305353296019105),
(1.57079632679398,2.16946549180011),.UNSPECIFIED.);
#284=B_SPLINE_SURFACE_WITH_KNOTS('',3,3,((#4635,#4636,#4637,#4638),(#4639,
#4640,#4641,#4642),(#4643,#4644,#4645,#4646),(#4647,#4648,#4649,#4650)),
 .UNSPECIFIED.,.F.,.F.,.F.,(4,4),(4,4),(-5.92086557691499E-14,0.0305353296019105),
(1.57079632679398,2.16946549180011),.UNSPECIFIED.);
#285=B_SPLINE_SURFACE_WITH_KNOTS('',3,3,((#4669,#4670,#4671,#4672),(#4673,
#4674,#4675,#4676),(#4677,#4678,#4679,#4680),(#4681,#4682,#4683,#4684)),
 .UNSPECIFIED.,.F.,.F.,.F.,(4,4),(4,4),(-3.08369548898412,-2.95782898831451),
(1.57079624611716,2.16946549180025),.UNSPECIFIED.);
#286=B_SPLINE_SURFACE_WITH_KNOTS('',3,3,((#4688,#4689,#4690,#4691),(#4692,
#4693,#4694,#4695),(#4696,#4697,#4698,#4699),(#4700,#4701,#4702,#4703)),
 .UNSPECIFIED.,.F.,.F.,.F.,(4,4),(4,4),(-0.0321550632695859,4.00776918447261E-11),
(1.57079632679404,2.15670757722126),.UNSPECIFIED.);
#287=B_SPLINE_SURFACE_WITH_KNOTS('',3,3,((#4737,#4738,#4739,#4740),(#4741,
#4742,#4743,#4744),(#4745,#4746,#4747,#4748),(#4749,#4750,#4751,#4752)),
 .UNSPECIFIED.,.F.,.F.,.F.,(4,4),(4,4),(-0.032155063269586,4.00776918447261E-11),
(1.57079632679404,2.15670757722126),.UNSPECIFIED.);
#288=B_SPLINE_SURFACE_WITH_KNOTS('',3,3,((#4784,#4785,#4786,#4787),(#4788,
#4789,#4790,#4791),(#4792,#4793,#4794,#4795),(#4796,#4797,#4798,#4799)),
 .UNSPECIFIED.,.F.,.F.,.F.,(4,4),(4,4),(-3.08369534551055,-2.95782898831451),
(1.57079632679404,2.16946549180025),.UNSPECIFIED.);
#289=B_SPLINE_SURFACE_WITH_KNOTS('',3,3,((#4808,#4809,#4810,#4811),(#4812,
#4813,#4814,#4815),(#4816,#4817,#4818,#4819),(#4820,#4821,#4822,#4823)),
 .UNSPECIFIED.,.F.,.F.,.F.,(4,4),(4,4),(-5.92086557691499E-14,0.0305353296019103),
(1.57079632679398,2.16946549180011),.UNSPECIFIED.);
#290=B_SPLINE_SURFACE_WITH_KNOTS('',3,3,((#4835,#4836,#4837,#4838),(#4839,
#4840,#4841,#4842),(#4843,#4844,#4845,#4846),(#4847,#4848,#4849,#4850)),
 .UNSPECIFIED.,.F.,.F.,.F.,(4,4),(4,4),(-5.92086557691499E-14,0.0305353296019103),
(1.57079632679398,2.16946549180011),.UNSPECIFIED.);
#291=B_SPLINE_SURFACE_WITH_KNOTS('',3,3,((#4869,#4870,#4871,#4872),(#4873,
#4874,#4875,#4876),(#4877,#4878,#4879,#4880),(#4881,#4882,#4883,#4884)),
 .UNSPECIFIED.,.F.,.F.,.F.,(4,4),(4,4),(-3.08369548898413,-2.95782898831451),
(1.57079624611715,2.16946549180024),.UNSPECIFIED.);
#292=B_SPLINE_SURFACE_WITH_KNOTS('',3,3,((#4888,#4889,#4890,#4891),(#4892,
#4893,#4894,#4895),(#4896,#4897,#4898,#4899),(#4900,#4901,#4902,#4903)),
 .UNSPECIFIED.,.F.,.F.,.F.,(4,4),(4,4),(-0.032155063269586,4.00776918447261E-11),
(1.57079632679404,2.15670757722126),.UNSPECIFIED.);
#293=B_SPLINE_SURFACE_WITH_KNOTS('',3,3,((#4937,#4938,#4939,#4940),(#4941,
#4942,#4943,#4944),(#4945,#4946,#4947,#4948),(#4949,#4950,#4951,#4952)),
 .UNSPECIFIED.,.F.,.F.,.F.,(4,4),(4,4),(-0.0321550632695859,4.00776918447261E-11),
(1.57079632679404,2.15670757722126),.UNSPECIFIED.);
#294=B_SPLINE_SURFACE_WITH_KNOTS('',3,3,((#4984,#4985,#4986,#4987),(#4988,
#4989,#4990,#4991),(#4992,#4993,#4994,#4995),(#4996,#4997,#4998,#4999)),
 .UNSPECIFIED.,.F.,.F.,.F.,(4,4),(4,4),(-3.08369534551055,-2.95782898831451),
(1.57079632679404,2.16946549180024),.UNSPECIFIED.);
#295=B_SPLINE_SURFACE_WITH_KNOTS('',3,3,((#5008,#5009,#5010,#5011),(#5012,
#5013,#5014,#5015),(#5016,#5017,#5018,#5019),(#5020,#5021,#5022,#5023)),
 .UNSPECIFIED.,.F.,.F.,.F.,(4,4),(4,4),(-5.92086557691499E-14,0.0305353296019105),
(1.57079632679398,2.16946549180011),.UNSPECIFIED.);
#296=B_SPLINE_SURFACE_WITH_KNOTS('',3,3,((#5035,#5036,#5037,#5038),(#5039,
#5040,#5041,#5042),(#5043,#5044,#5045,#5046),(#5047,#5048,#5049,#5050)),
 .UNSPECIFIED.,.F.,.F.,.F.,(4,4),(4,4),(-5.92086557691499E-14,0.0305353296019104),
(1.57079632679398,2.16946549180011),.UNSPECIFIED.);
#297=B_SPLINE_SURFACE_WITH_KNOTS('',3,3,((#5069,#5070,#5071,#5072),(#5073,
#5074,#5075,#5076),(#5077,#5078,#5079,#5080),(#5081,#5082,#5083,#5084)),
 .UNSPECIFIED.,.F.,.F.,.F.,(4,4),(4,4),(-3.08369548898414,-2.95782898831451),
(1.57079624611715,2.16946549180025),.UNSPECIFIED.);
#298=B_SPLINE_SURFACE_WITH_KNOTS('',3,3,((#5088,#5089,#5090,#5091),(#5092,
#5093,#5094,#5095),(#5096,#5097,#5098,#5099),(#5100,#5101,#5102,#5103)),
 .UNSPECIFIED.,.F.,.F.,.F.,(4,4),(4,4),(-0.0321550632695859,4.00776918447261E-11),
(1.57079632679404,2.15670757722126),.UNSPECIFIED.);
#299=B_SPLINE_SURFACE_WITH_KNOTS('',3,3,((#5137,#5138,#5139,#5140),(#5141,
#5142,#5143,#5144),(#5145,#5146,#5147,#5148),(#5149,#5150,#5151,#5152)),
 .UNSPECIFIED.,.F.,.F.,.F.,(4,4),(4,4),(-0.0321550632695859,4.00776918447261E-11),
(1.57079632679404,2.15670757722126),.UNSPECIFIED.);
#300=B_SPLINE_SURFACE_WITH_KNOTS('',3,3,((#5184,#5185,#5186,#5187),(#5188,
#5189,#5190,#5191),(#5192,#5193,#5194,#5195),(#5196,#5197,#5198,#5199)),
 .UNSPECIFIED.,.F.,.F.,.F.,(4,4),(4,4),(-3.08369534551055,-2.95782898831451),
(1.57079632679404,2.16946549180025),.UNSPECIFIED.);
#301=B_SPLINE_SURFACE_WITH_KNOTS('',3,3,((#5208,#5209,#5210,#5211),(#5212,
#5213,#5214,#5215),(#5216,#5217,#5218,#5219),(#5220,#5221,#5222,#5223)),
 .UNSPECIFIED.,.F.,.F.,.F.,(4,4),(4,4),(-5.92086557691499E-14,0.0305353296019105),
(1.57079632679398,2.16946549180011),.UNSPECIFIED.);
#302=B_SPLINE_SURFACE_WITH_KNOTS('',3,3,((#5235,#5236,#5237,#5238),(#5239,
#5240,#5241,#5242),(#5243,#5244,#5245,#5246),(#5247,#5248,#5249,#5250)),
 .UNSPECIFIED.,.F.,.F.,.F.,(4,4),(4,4),(-5.92086557691499E-14,0.0305353296019105),
(1.57079632679398,2.16946549180011),.UNSPECIFIED.);
#303=B_SPLINE_SURFACE_WITH_KNOTS('',3,3,((#5269,#5270,#5271,#5272),(#5273,
#5274,#5275,#5276),(#5277,#5278,#5279,#5280),(#5281,#5282,#5283,#5284)),
 .UNSPECIFIED.,.F.,.F.,.F.,(4,4),(4,4),(-3.08369548898413,-2.95782898831451),
(1.57079624611714,2.16946549180024),.UNSPECIFIED.);
#304=B_SPLINE_SURFACE_WITH_KNOTS('',3,3,((#5288,#5289,#5290,#5291),(#5292,
#5293,#5294,#5295),(#5296,#5297,#5298,#5299),(#5300,#5301,#5302,#5303)),
 .UNSPECIFIED.,.F.,.F.,.F.,(4,4),(4,4),(-0.0321550632695859,4.00776918447261E-11),
(1.57079632679404,2.15670757722126),.UNSPECIFIED.);
#305=B_SPLINE_SURFACE_WITH_KNOTS('',3,3,((#5337,#5338,#5339,#5340),(#5341,
#5342,#5343,#5344),(#5345,#5346,#5347,#5348),(#5349,#5350,#5351,#5352)),
 .UNSPECIFIED.,.F.,.F.,.F.,(4,4),(4,4),(-0.0321550632695859,4.00776918447261E-11),
(1.57079632679404,2.15670757722126),.UNSPECIFIED.);
#306=B_SPLINE_SURFACE_WITH_KNOTS('',3,3,((#5384,#5385,#5386,#5387),(#5388,
#5389,#5390,#5391),(#5392,#5393,#5394,#5395),(#5396,#5397,#5398,#5399)),
 .UNSPECIFIED.,.F.,.F.,.F.,(4,4),(4,4),(-3.08369534551055,-2.95782898831451),
(1.57079632679404,2.16946549180025),.UNSPECIFIED.);
#307=B_SPLINE_SURFACE_WITH_KNOTS('',3,3,((#5408,#5409,#5410,#5411),(#5412,
#5413,#5414,#5415),(#5416,#5417,#5418,#5419),(#5420,#5421,#5422,#5423)),
 .UNSPECIFIED.,.F.,.F.,.F.,(4,4),(4,4),(-5.92086557691499E-14,0.0305353296019105),
(1.57079632679398,2.16946549180011),.UNSPECIFIED.);
#308=B_SPLINE_SURFACE_WITH_KNOTS('',3,3,((#5435,#5436,#5437,#5438),(#5439,
#5440,#5441,#5442),(#5443,#5444,#5445,#5446),(#5447,#5448,#5449,#5450)),
 .UNSPECIFIED.,.F.,.F.,.F.,(4,4),(4,4),(-5.92086557691499E-14,0.0305353296019105),
(1.57079632679398,2.16946549180011),.UNSPECIFIED.);
#309=B_SPLINE_SURFACE_WITH_KNOTS('',3,3,((#5469,#5470,#5471,#5472),(#5473,
#5474,#5475,#5476),(#5477,#5478,#5479,#5480),(#5481,#5482,#5483,#5484)),
 .UNSPECIFIED.,.F.,.F.,.F.,(4,4),(4,4),(-3.08369548898414,-2.95782898831451),
(1.57079624611715,2.16946549180025),.UNSPECIFIED.);
#310=B_SPLINE_SURFACE_WITH_KNOTS('',3,3,((#5488,#5489,#5490,#5491),(#5492,
#5493,#5494,#5495),(#5496,#5497,#5498,#5499),(#5500,#5501,#5502,#5503)),
 .UNSPECIFIED.,.F.,.F.,.F.,(4,4),(4,4),(-0.0321550632695859,4.00776918447261E-11),
(1.57079632679404,2.15670757722126),.UNSPECIFIED.);
#311=B_SPLINE_SURFACE_WITH_KNOTS('',3,3,((#5535,#5536,#5537,#5538),(#5539,
#5540,#5541,#5542),(#5543,#5544,#5545,#5546),(#5547,#5548,#5549,#5550)),
 .UNSPECIFIED.,.F.,.F.,.F.,(4,4),(4,4),(-0.0321550632695859,4.00776918447261E-11),
(1.57079632679404,2.15670757722126),.UNSPECIFIED.);
#312=B_SPLINE_SURFACE_WITH_KNOTS('',3,3,((#5635,#5636,#5637,#5638),(#5639,
#5640,#5641,#5642),(#5643,#5644,#5645,#5646),(#5647,#5648,#5649,#5650)),
 .UNSPECIFIED.,.F.,.F.,.F.,(4,4),(4,4),(-3.08369548898525,-2.95782898496059),
(1.57079624611668,2.16946549180006),.UNSPECIFIED.);
#313=B_SPLINE_SURFACE_WITH_KNOTS('',3,3,((#5661,#5662,#5663,#5664),(#5665,
#5666,#5667,#5668),(#5669,#5670,#5671,#5672),(#5673,#5674,#5675,#5676)),
 .UNSPECIFIED.,.F.,.F.,.F.,(4,4),(4,4),(-6.13280719220441E-9,0.0305353296019104),
(1.5707963267949,2.1694662127873),.UNSPECIFIED.);
#314=B_SPLINE_SURFACE_WITH_KNOTS('',3,3,((#5681,#5682,#5683,#5684),(#5685,
#5686,#5687,#5688),(#5689,#5690,#5691,#5692),(#5693,#5694,#5695,#5696)),
 .UNSPECIFIED.,.F.,.F.,.F.,(4,4),(4,4),(-0.0321550632692104,1.70588750217498E-12),
(1.57079632679404,2.156707577164),.UNSPECIFIED.);
#315=FACE_BOUND('',#477,.T.);
#316=FACE_BOUND('',#480,.T.);
#317=FACE_BOUND('',#534,.T.);
#318=FACE_BOUND('',#589,.T.);
#319=FACE_BOUND('',#592,.T.);
#320=FACE_BOUND('',#595,.T.);
#321=PLANE('',#2091);
#322=PLANE('',#2095);
#323=PLANE('',#2200);
#324=PLANE('',#2256);
#325=PLANE('',#2260);
#326=PLANE('',#2264);
#327=CYLINDRICAL_SURFACE('',#2089,1.45);
#328=CYLINDRICAL_SURFACE('',#2161,2.5);
#329=CYLINDRICAL_SURFACE('',#2164,2.5);
#330=CYLINDRICAL_SURFACE('',#2167,2.5);
#331=CYLINDRICAL_SURFACE('',#2170,2.5);
#332=CYLINDRICAL_SURFACE('',#2173,2.5);
#333=CYLINDRICAL_SURFACE('',#2176,2.5);
#334=CYLINDRICAL_SURFACE('',#2179,2.5);
#335=CYLINDRICAL_SURFACE('',#2182,2.5);
#336=CYLINDRICAL_SURFACE('',#2185,2.5);
#337=CYLINDRICAL_SURFACE('',#2188,2.5);
#338=CYLINDRICAL_SURFACE('',#2191,2.5);
#339=CYLINDRICAL_SURFACE('',#2194,2.5);
#340=CYLINDRICAL_SURFACE('',#2202,2.5);
#341=CYLINDRICAL_SURFACE('',#2228,2.5);
#342=CYLINDRICAL_SURFACE('',#2230,2.5);
#343=CYLINDRICAL_SURFACE('',#2232,2.5);
#344=CYLINDRICAL_SURFACE('',#2234,2.5);
#345=CYLINDRICAL_SURFACE('',#2236,2.5);
#346=CYLINDRICAL_SURFACE('',#2238,2.5);
#347=CYLINDRICAL_SURFACE('',#2240,2.5);
#348=CYLINDRICAL_SURFACE('',#2242,2.5);
#349=CYLINDRICAL_SURFACE('',#2244,2.5);
#350=CYLINDRICAL_SURFACE('',#2246,2.5);
#351=CYLINDRICAL_SURFACE('',#2248,2.5);
#352=CYLINDRICAL_SURFACE('',#2250,2.5);
#353=CYLINDRICAL_SURFACE('',#2252,2.5);
#354=CYLINDRICAL_SURFACE('',#2258,2.1);
#355=CYLINDRICAL_SURFACE('',#2262,2.3);
#356=CYLINDRICAL_SURFACE('',#2265,2.125);
#357=FACE_OUTER_BOUND('',#474,.T.);
#358=FACE_OUTER_BOUND('',#475,.T.);
#359=FACE_OUTER_BOUND('',#476,.T.);
#360=FACE_OUTER_BOUND('',#478,.T.);
#361=FACE_OUTER_BOUND('',#479,.T.);
#362=FACE_OUTER_BOUND('',#481,.T.);
#363=FACE_OUTER_BOUND('',#482,.T.);
#364=FACE_OUTER_BOUND('',#483,.T.);
#365=FACE_OUTER_BOUND('',#484,.T.);
#366=FACE_OUTER_BOUND('',#485,.T.);
#367=FACE_OUTER_BOUND('',#486,.T.);
#368=FACE_OUTER_BOUND('',#487,.T.);
#369=FACE_OUTER_BOUND('',#488,.T.);
#370=FACE_OUTER_BOUND('',#489,.T.);
#371=FACE_OUTER_BOUND('',#490,.T.);
#372=FACE_OUTER_BOUND('',#491,.T.);
#373=FACE_OUTER_BOUND('',#492,.T.);
#374=FACE_OUTER_BOUND('',#493,.T.);
#375=FACE_OUTER_BOUND('',#494,.T.);
#376=FACE_OUTER_BOUND('',#495,.T.);
#377=FACE_OUTER_BOUND('',#496,.T.);
#378=FACE_OUTER_BOUND('',#497,.T.);
#379=FACE_OUTER_BOUND('',#498,.T.);
#380=FACE_OUTER_BOUND('',#499,.T.);
#381=FACE_OUTER_BOUND('',#500,.T.);
#382=FACE_OUTER_BOUND('',#501,.T.);
#383=FACE_OUTER_BOUND('',#502,.T.);
#384=FACE_OUTER_BOUND('',#503,.T.);
#385=FACE_OUTER_BOUND('',#504,.T.);
#386=FACE_OUTER_BOUND('',#505,.T.);
#387=FACE_OUTER_BOUND('',#506,.T.);
#388=FACE_OUTER_BOUND('',#507,.T.);
#389=FACE_OUTER_BOUND('',#508,.T.);
#390=FACE_OUTER_BOUND('',#509,.T.);
#391=FACE_OUTER_BOUND('',#510,.T.);
#392=FACE_OUTER_BOUND('',#511,.T.);
#393=FACE_OUTER_BOUND('',#512,.T.);
#394=FACE_OUTER_BOUND('',#513,.T.);
#395=FACE_OUTER_BOUND('',#514,.T.);
#396=FACE_OUTER_BOUND('',#515,.T.);
#397=FACE_OUTER_BOUND('',#516,.T.);
#398=FACE_OUTER_BOUND('',#517,.T.);
#399=FACE_OUTER_BOUND('',#518,.T.);
#400=FACE_OUTER_BOUND('',#519,.T.);
#401=FACE_OUTER_BOUND('',#520,.T.);
#402=FACE_OUTER_BOUND('',#521,.T.);
#403=FACE_OUTER_BOUND('',#522,.T.);
#404=FACE_OUTER_BOUND('',#523,.T.);
#405=FACE_OUTER_BOUND('',#524,.T.);
#406=FACE_OUTER_BOUND('',#525,.T.);
#407=FACE_OUTER_BOUND('',#526,.T.);
#408=FACE_OUTER_BOUND('',#527,.T.);
#409=FACE_OUTER_BOUND('',#528,.T.);
#410=FACE_OUTER_BOUND('',#529,.T.);
#411=FACE_OUTER_BOUND('',#530,.T.);
#412=FACE_OUTER_BOUND('',#531,.T.);
#413=FACE_OUTER_BOUND('',#532,.T.);
#414=FACE_OUTER_BOUND('',#533,.T.);
#415=FACE_OUTER_BOUND('',#535,.T.);
#416=FACE_OUTER_BOUND('',#536,.T.);
#417=FACE_OUTER_BOUND('',#537,.T.);
#418=FACE_OUTER_BOUND('',#538,.T.);
#419=FACE_OUTER_BOUND('',#539,.T.);
#420=FACE_OUTER_BOUND('',#540,.T.);
#421=FACE_OUTER_BOUND('',#541,.T.);
#422=FACE_OUTER_BOUND('',#542,.T.);
#423=FACE_OUTER_BOUND('',#543,.T.);
#424=FACE_OUTER_BOUND('',#544,.T.);
#425=FACE_OUTER_BOUND('',#545,.T.);
#426=FACE_OUTER_BOUND('',#546,.T.);
#427=FACE_OUTER_BOUND('',#547,.T.);
#428=FACE_OUTER_BOUND('',#548,.T.);
#429=FACE_OUTER_BOUND('',#549,.T.);
#430=FACE_OUTER_BOUND('',#550,.T.);
#431=FACE_OUTER_BOUND('',#551,.T.);
#432=FACE_OUTER_BOUND('',#552,.T.);
#433=FACE_OUTER_BOUND('',#553,.T.);
#434=FACE_OUTER_BOUND('',#554,.T.);
#435=FACE_OUTER_BOUND('',#555,.T.);
#436=FACE_OUTER_BOUND('',#556,.T.);
#437=FACE_OUTER_BOUND('',#557,.T.);
#438=FACE_OUTER_BOUND('',#558,.T.);
#439=FACE_OUTER_BOUND('',#559,.T.);
#440=FACE_OUTER_BOUND('',#560,.T.);
#441=FACE_OUTER_BOUND('',#561,.T.);
#442=FACE_OUTER_BOUND('',#562,.T.);
#443=FACE_OUTER_BOUND('',#563,.T.);
#444=FACE_OUTER_BOUND('',#564,.T.);
#445=FACE_OUTER_BOUND('',#565,.T.);
#446=FACE_OUTER_BOUND('',#566,.T.);
#447=FACE_OUTER_BOUND('',#567,.T.);
#448=FACE_OUTER_BOUND('',#568,.T.);
#449=FACE_OUTER_BOUND('',#569,.T.);
#450=FACE_OUTER_BOUND('',#570,.T.);
#451=FACE_OUTER_BOUND('',#571,.T.);
#452=FACE_OUTER_BOUND('',#572,.T.);
#453=FACE_OUTER_BOUND('',#573,.T.);
#454=FACE_OUTER_BOUND('',#574,.T.);
#455=FACE_OUTER_BOUND('',#575,.T.);
#456=FACE_OUTER_BOUND('',#576,.T.);
#457=FACE_OUTER_BOUND('',#577,.T.);
#458=FACE_OUTER_BOUND('',#578,.T.);
#459=FACE_OUTER_BOUND('',#579,.T.);
#460=FACE_OUTER_BOUND('',#580,.T.);
#461=FACE_OUTER_BOUND('',#581,.T.);
#462=FACE_OUTER_BOUND('',#582,.T.);
#463=FACE_OUTER_BOUND('',#583,.T.);
#464=FACE_OUTER_BOUND('',#584,.T.);
#465=FACE_OUTER_BOUND('',#585,.T.);
#466=FACE_OUTER_BOUND('',#586,.T.);
#467=FACE_OUTER_BOUND('',#587,.T.);
#468=FACE_OUTER_BOUND('',#588,.T.);
#469=FACE_OUTER_BOUND('',#590,.T.);
#470=FACE_OUTER_BOUND('',#591,.T.);
#471=FACE_OUTER_BOUND('',#593,.T.);
#472=FACE_OUTER_BOUND('',#594,.T.);
#473=FACE_OUTER_BOUND('',#596,.T.);
#474=EDGE_LOOP('',(#1290,#1291,#1292,#1293));
#475=EDGE_LOOP('',(#1294,#1295,#1296,#1297));
#476=EDGE_LOOP('',(#1298));
#477=EDGE_LOOP('',(#1299));
#478=EDGE_LOOP('',(#1300,#1301,#1302,#1303));
#479=EDGE_LOOP('',(#1304,#1305,#1306,#1307,#1308,#1309,#1310,#1311,#1312,
#1313,#1314,#1315,#1316,#1317,#1318,#1319,#1320,#1321,#1322,#1323,#1324,
#1325,#1326,#1327,#1328,#1329,#1330,#1331,#1332,#1333,#1334,#1335,#1336,
#1337,#1338,#1339,#1340,#1341,#1342,#1343,#1344,#1345,#1346,#1347,#1348,
#1349,#1350,#1351,#1352,#1353,#1354,#1355));
#480=EDGE_LOOP('',(#1356));
#481=EDGE_LOOP('',(#1357,#1358,#1359,#1360));
#482=EDGE_LOOP('',(#1361,#1362,#1363,#1364,#1365));
#483=EDGE_LOOP('',(#1366,#1367,#1368,#1369));
#484=EDGE_LOOP('',(#1370,#1371,#1372,#1373));
#485=EDGE_LOOP('',(#1374,#1375,#1376,#1377));
#486=EDGE_LOOP('',(#1378,#1379,#1380,#1381));
#487=EDGE_LOOP('',(#1382,#1383,#1384,#1385));
#488=EDGE_LOOP('',(#1386,#1387,#1388,#1389));
#489=EDGE_LOOP('',(#1390,#1391,#1392,#1393));
#490=EDGE_LOOP('',(#1394,#1395,#1396,#1397));
#491=EDGE_LOOP('',(#1398,#1399,#1400,#1401));
#492=EDGE_LOOP('',(#1402,#1403,#1404,#1405));
#493=EDGE_LOOP('',(#1406,#1407,#1408,#1409));
#494=EDGE_LOOP('',(#1410,#1411,#1412,#1413));
#495=EDGE_LOOP('',(#1414,#1415,#1416,#1417));
#496=EDGE_LOOP('',(#1418,#1419,#1420,#1421));
#497=EDGE_LOOP('',(#1422,#1423,#1424,#1425));
#498=EDGE_LOOP('',(#1426,#1427,#1428,#1429));
#499=EDGE_LOOP('',(#1430,#1431,#1432,#1433));
#500=EDGE_LOOP('',(#1434,#1435,#1436,#1437));
#501=EDGE_LOOP('',(#1438,#1439,#1440,#1441));
#502=EDGE_LOOP('',(#1442,#1443,#1444,#1445));
#503=EDGE_LOOP('',(#1446,#1447,#1448,#1449));
#504=EDGE_LOOP('',(#1450,#1451,#1452,#1453));
#505=EDGE_LOOP('',(#1454,#1455,#1456,#1457));
#506=EDGE_LOOP('',(#1458,#1459,#1460,#1461));
#507=EDGE_LOOP('',(#1462,#1463,#1464,#1465));
#508=EDGE_LOOP('',(#1466,#1467,#1468,#1469));
#509=EDGE_LOOP('',(#1470,#1471,#1472,#1473));
#510=EDGE_LOOP('',(#1474,#1475,#1476,#1477));
#511=EDGE_LOOP('',(#1478,#1479,#1480,#1481));
#512=EDGE_LOOP('',(#1482,#1483,#1484,#1485));
#513=EDGE_LOOP('',(#1486,#1487,#1488,#1489));
#514=EDGE_LOOP('',(#1490,#1491,#1492,#1493));
#515=EDGE_LOOP('',(#1494,#1495,#1496,#1497));
#516=EDGE_LOOP('',(#1498,#1499,#1500,#1501));
#517=EDGE_LOOP('',(#1502,#1503,#1504,#1505));
#518=EDGE_LOOP('',(#1506,#1507,#1508,#1509));
#519=EDGE_LOOP('',(#1510,#1511,#1512,#1513));
#520=EDGE_LOOP('',(#1514,#1515,#1516,#1517));
#521=EDGE_LOOP('',(#1518,#1519,#1520,#1521));
#522=EDGE_LOOP('',(#1522,#1523,#1524,#1525));
#523=EDGE_LOOP('',(#1526,#1527,#1528,#1529));
#524=EDGE_LOOP('',(#1530,#1531,#1532,#1533));
#525=EDGE_LOOP('',(#1534,#1535,#1536,#1537));
#526=EDGE_LOOP('',(#1538,#1539,#1540,#1541));
#527=EDGE_LOOP('',(#1542,#1543,#1544,#1545));
#528=EDGE_LOOP('',(#1546,#1547,#1548,#1549));
#529=EDGE_LOOP('',(#1550,#1551,#1552,#1553));
#530=EDGE_LOOP('',(#1554,#1555,#1556,#1557));
#531=EDGE_LOOP('',(#1558,#1559,#1560,#1561));
#532=EDGE_LOOP('',(#1562,#1563,#1564,#1565,#1566,#1567,#1568,#1569,#1570,
#1571,#1572,#1573,#1574,#1575,#1576,#1577,#1578,#1579,#1580,#1581,#1582,
#1583,#1584,#1585,#1586,#1587,#1588,#1589,#1590,#1591,#1592,#1593,#1594,
#1595,#1596,#1597,#1598,#1599,#1600,#1601,#1602,#1603,#1604,#1605,#1606,
#1607,#1608,#1609,#1610,#1611,#1612,#1613,#1614,#1615,#1616,#1617));
#533=EDGE_LOOP('',(#1618));
#534=EDGE_LOOP('',(#1619));
#535=EDGE_LOOP('',(#1620,#1621,#1622,#1623));
#536=EDGE_LOOP('',(#1624,#1625,#1626,#1627));
#537=EDGE_LOOP('',(#1628,#1629,#1630,#1631));
#538=EDGE_LOOP('',(#1632,#1633,#1634,#1635));
#539=EDGE_LOOP('',(#1636,#1637,#1638,#1639));
#540=EDGE_LOOP('',(#1640,#1641,#1642,#1643));
#541=EDGE_LOOP('',(#1644,#1645,#1646,#1647));
#542=EDGE_LOOP('',(#1648,#1649,#1650,#1651));
#543=EDGE_LOOP('',(#1652,#1653,#1654,#1655));
#544=EDGE_LOOP('',(#1656,#1657,#1658,#1659));
#545=EDGE_LOOP('',(#1660,#1661,#1662,#1663));
#546=EDGE_LOOP('',(#1664,#1665,#1666,#1667));
#547=EDGE_LOOP('',(#1668,#1669,#1670,#1671));
#548=EDGE_LOOP('',(#1672,#1673,#1674,#1675));
#549=EDGE_LOOP('',(#1676,#1677,#1678,#1679));
#550=EDGE_LOOP('',(#1680,#1681,#1682,#1683));
#551=EDGE_LOOP('',(#1684,#1685,#1686,#1687));
#552=EDGE_LOOP('',(#1688,#1689,#1690,#1691));
#553=EDGE_LOOP('',(#1692,#1693,#1694,#1695));
#554=EDGE_LOOP('',(#1696,#1697,#1698,#1699));
#555=EDGE_LOOP('',(#1700,#1701,#1702,#1703));
#556=EDGE_LOOP('',(#1704,#1705,#1706,#1707));
#557=EDGE_LOOP('',(#1708,#1709,#1710,#1711));
#558=EDGE_LOOP('',(#1712,#1713,#1714,#1715));
#559=EDGE_LOOP('',(#1716,#1717,#1718,#1719));
#560=EDGE_LOOP('',(#1720,#1721,#1722,#1723));
#561=EDGE_LOOP('',(#1724,#1725,#1726,#1727));
#562=EDGE_LOOP('',(#1728,#1729,#1730,#1731));
#563=EDGE_LOOP('',(#1732,#1733,#1734,#1735));
#564=EDGE_LOOP('',(#1736,#1737,#1738,#1739));
#565=EDGE_LOOP('',(#1740,#1741,#1742,#1743));
#566=EDGE_LOOP('',(#1744,#1745,#1746,#1747));
#567=EDGE_LOOP('',(#1748,#1749,#1750,#1751));
#568=EDGE_LOOP('',(#1752,#1753,#1754,#1755));
#569=EDGE_LOOP('',(#1756,#1757,#1758,#1759));
#570=EDGE_LOOP('',(#1760,#1761,#1762,#1763));
#571=EDGE_LOOP('',(#1764,#1765,#1766,#1767));
#572=EDGE_LOOP('',(#1768,#1769,#1770,#1771));
#573=EDGE_LOOP('',(#1772,#1773,#1774,#1775));
#574=EDGE_LOOP('',(#1776,#1777,#1778,#1779));
#575=EDGE_LOOP('',(#1780,#1781,#1782,#1783));
#576=EDGE_LOOP('',(#1784,#1785,#1786,#1787));
#577=EDGE_LOOP('',(#1788,#1789,#1790,#1791));
#578=EDGE_LOOP('',(#1792,#1793,#1794,#1795));
#579=EDGE_LOOP('',(#1796,#1797,#1798,#1799));
#580=EDGE_LOOP('',(#1800,#1801,#1802,#1803));
#581=EDGE_LOOP('',(#1804,#1805,#1806,#1807));
#582=EDGE_LOOP('',(#1808,#1809,#1810,#1811));
#583=EDGE_LOOP('',(#1812,#1813,#1814,#1815));
#584=EDGE_LOOP('',(#1816,#1817,#1818,#1819));
#585=EDGE_LOOP('',(#1820,#1821,#1822,#1823));
#586=EDGE_LOOP('',(#1824,#1825,#1826,#1827));
#587=EDGE_LOOP('',(#1828,#1829,#1830,#1831));
#588=EDGE_LOOP('',(#1832,#1833,#1834,#1835,#1836,#1837,#1838,#1839,#1840,
#1841,#1842,#1843,#1844,#1845,#1846,#1847,#1848,#1849,#1850,#1851,#1852,
#1853,#1854,#1855,#1856,#1857,#1858,#1859,#1860,#1861,#1862,#1863,#1864,
#1865,#1866,#1867,#1868,#1869,#1870,#1871,#1872,#1873,#1874,#1875,#1876,
#1877,#1878,#1879,#1880,#1881,#1882,#1883));
#589=EDGE_LOOP('',(#1884));
#590=EDGE_LOOP('',(#1885,#1886,#1887,#1888));
#591=EDGE_LOOP('',(#1889));
#592=EDGE_LOOP('',(#1890));
#593=EDGE_LOOP('',(#1891,#1892,#1893,#1894));
#594=EDGE_LOOP('',(#1895,#1896,#1897,#1898,#1899,#1900,#1901,#1902,#1903,
#1904,#1905,#1906,#1907,#1908,#1909,#1910,#1911,#1912,#1913,#1914,#1915,
#1916,#1917,#1918,#1919,#1920,#1921,#1922,#1923,#1924,#1925,#1926,#1927,
#1928,#1929,#1930,#1931,#1932,#1933,#1934,#1935,#1936,#1937,#1938,#1939,
#1940,#1941,#1942,#1943,#1944,#1945,#1946));
#595=EDGE_LOOP('',(#1947));
#596=EDGE_LOOP('',(#1948,#1949,#1950,#1951));
#597=LINE('',#2666,#630);
#598=LINE('',#2671,#631);
#599=LINE('',#2677,#632);
#600=LINE('',#2682,#633);
#601=LINE('',#2686,#634);
#602=LINE('',#2690,#635);
#603=LINE('',#2694,#636);
#604=LINE('',#2698,#637);
#605=LINE('',#2702,#638);
#606=LINE('',#2706,#639);
#607=LINE('',#2710,#640);
#608=LINE('',#2714,#641);
#609=LINE('',#2718,#642);
#610=LINE('',#2722,#643);
#611=LINE('',#2726,#644);
#612=LINE('',#2730,#645);
#613=LINE('',#2734,#646);
#614=LINE('',#2738,#647);
#615=LINE('',#2742,#648);
#616=LINE('',#2746,#649);
#617=LINE('',#2750,#650);
#618=LINE('',#2754,#651);
#619=LINE('',#2758,#652);
#620=LINE('',#2762,#653);
#621=LINE('',#2766,#654);
#622=LINE('',#2770,#655);
#623=LINE('',#2774,#656);
#624=LINE('',#2778,#657);
#625=LINE('',#2782,#658);
#626=LINE('',#4374,#659);
#627=LINE('',#5710,#660);
#628=LINE('',#5718,#661);
#629=LINE('',#5721,#662);
#630=VECTOR('',#2272,1.7);
#631=VECTOR('',#2279,1.45);
#632=VECTOR('',#2286,1.65);
#633=VECTOR('',#2291,10.);
#634=VECTOR('',#2294,10.);
#635=VECTOR('',#2297,9.99999999999999);
#636=VECTOR('',#2300,10.);
#637=VECTOR('',#2303,10.);
#638=VECTOR('',#2306,10.);
#639=VECTOR('',#2309,10.);
#640=VECTOR('',#2312,10.);
#641=VECTOR('',#2315,10.);
#642=VECTOR('',#2318,10.);
#643=VECTOR('',#2321,10.);
#644=VECTOR('',#2324,10.);
#645=VECTOR('',#2327,10.);
#646=VECTOR('',#2330,10.);
#647=VECTOR('',#2333,10.);
#648=VECTOR('',#2336,10.);
#649=VECTOR('',#2339,10.);
#650=VECTOR('',#2342,10.);
#651=VECTOR('',#2345,10.);
#652=VECTOR('',#2348,10.);
#653=VECTOR('',#2351,9.99999999999998);
#654=VECTOR('',#2354,10.);
#655=VECTOR('',#2357,9.99999999999999);
#656=VECTOR('',#2360,10.);
#657=VECTOR('',#2363,10.);
#658=VECTOR('',#2366,10.);
#659=VECTOR('',#2521,2.325);
#660=VECTOR('',#2644,2.1);
#661=VECTOR('',#2655,2.3);
#662=VECTOR('',#2660,2.125);
#663=CIRCLE('',#2087,1.45);
#664=CIRCLE('',#2088,1.9);
#665=CIRCLE('',#2090,1.45);
#666=CIRCLE('',#2092,2.125);
#667=CIRCLE('',#2094,1.8);
#668=CIRCLE('',#2096,2.25073843938011);
#669=CIRCLE('',#2097,2.5);
#670=CIRCLE('',#2098,2.25073843937871);
#671=CIRCLE('',#2099,2.5);
#672=CIRCLE('',#2100,2.25073843937906);
#673=CIRCLE('',#2101,2.5);
#674=CIRCLE('',#2102,2.25073843937877);
#675=CIRCLE('',#2103,2.5);
#676=CIRCLE('',#2104,2.25073843938011);
#677=CIRCLE('',#2105,2.5);
#678=CIRCLE('',#2106,2.2507384393788);
#679=CIRCLE('',#2107,2.5);
#680=CIRCLE('',#2108,2.25074143347868);
#681=CIRCLE('',#2109,2.5);
#682=CIRCLE('',#2110,2.25073843937924);
#683=CIRCLE('',#2111,2.5);
#684=CIRCLE('',#2112,2.25073843937974);
#685=CIRCLE('',#2113,2.5);
#686=CIRCLE('',#2114,2.25073843938124);
#687=CIRCLE('',#2115,2.5);
#688=CIRCLE('',#2116,2.25073843938115);
#689=CIRCLE('',#2117,2.5);
#690=CIRCLE('',#2118,2.250738439379);
#691=CIRCLE('',#2119,2.5);
#692=CIRCLE('',#2120,2.25073843938052);
#693=CIRCLE('',#2121,2.5);
#694=CIRCLE('',#2162,2.5);
#695=CIRCLE('',#2163,2.5);
#696=CIRCLE('',#2165,2.5);
#697=CIRCLE('',#2166,2.5);
#698=CIRCLE('',#2168,2.5);
#699=CIRCLE('',#2169,2.5);
#700=CIRCLE('',#2171,2.5);
#701=CIRCLE('',#2172,2.5);
#702=CIRCLE('',#2174,2.5);
#703=CIRCLE('',#2175,2.5);
#704=CIRCLE('',#2177,2.5);
#705=CIRCLE('',#2178,2.5);
#706=CIRCLE('',#2180,2.5);
#707=CIRCLE('',#2181,2.5);
#708=CIRCLE('',#2183,2.5);
#709=CIRCLE('',#2184,2.5);
#710=CIRCLE('',#2186,2.5);
#711=CIRCLE('',#2187,2.5);
#712=CIRCLE('',#2189,2.5);
#713=CIRCLE('',#2190,2.5);
#714=CIRCLE('',#2192,2.5);
#715=CIRCLE('',#2193,2.5);
#716=CIRCLE('',#2195,2.5);
#717=CIRCLE('',#2196,2.5);
#718=CIRCLE('',#2198,2.15);
#719=CIRCLE('',#2199,2.5);
#720=CIRCLE('',#2201,2.1);
#721=CIRCLE('',#2203,2.5);
#722=CIRCLE('',#2229,2.5);
#723=CIRCLE('',#2231,2.5);
#724=CIRCLE('',#2233,2.5);
#725=CIRCLE('',#2235,2.5);
#726=CIRCLE('',#2237,2.5);
#727=CIRCLE('',#2239,2.5);
#728=CIRCLE('',#2241,2.5);
#729=CIRCLE('',#2243,2.5);
#730=CIRCLE('',#2245,2.5);
#731=CIRCLE('',#2247,2.5);
#732=CIRCLE('',#2249,2.5);
#733=CIRCLE('',#2251,2.5);
#734=CIRCLE('',#2253,2.5);
#735=CIRCLE('',#2257,2.3);
#736=CIRCLE('',#2259,2.1);
#737=CIRCLE('',#2261,2.125);
#738=CIRCLE('',#2263,2.3);
#739=VERTEX_POINT('',#2663);
#740=VERTEX_POINT('',#2665);
#741=VERTEX_POINT('',#2669);
#742=VERTEX_POINT('',#2673);
#743=VERTEX_POINT('',#2676);
#744=VERTEX_POINT('',#2680);
#745=VERTEX_POINT('',#2681);
#746=VERTEX_POINT('',#2683);
#747=VERTEX_POINT('',#2685);
#748=VERTEX_POINT('',#2687);
#749=VERTEX_POINT('',#2689);
#750=VERTEX_POINT('',#2691);
#751=VERTEX_POINT('',#2693);
#752=VERTEX_POINT('',#2695);
#753=VERTEX_POINT('',#2697);
#754=VERTEX_POINT('',#2699);
#755=VERTEX_POINT('',#2701);
#756=VERTEX_POINT('',#2703);
#757=VERTEX_POINT('',#2705);
#758=VERTEX_POINT('',#2707);
#759=VERTEX_POINT('',#2709);
#760=VERTEX_POINT('',#2711);
#761=VERTEX_POINT('',#2713);
#762=VERTEX_POINT('',#2715);
#763=VERTEX_POINT('',#2717);
#764=VERTEX_POINT('',#2719);
#765=VERTEX_POINT('',#2721);
#766=VERTEX_POINT('',#2723);
#767=VERTEX_POINT('',#2725);
#768=VERTEX_POINT('',#2727);
#769=VERTEX_POINT('',#2729);
#770=VERTEX_POINT('',#2731);
#771=VERTEX_POINT('',#2733);
#772=VERTEX_POINT('',#2735);
#773=VERTEX_POINT('',#2737);
#774=VERTEX_POINT('',#2739);
#775=VERTEX_POINT('',#2741);
#776=VERTEX_POINT('',#2743);
#777=VERTEX_POINT('',#2745);
#778=VERTEX_POINT('',#2747);
#779=VERTEX_POINT('',#2749);
#780=VERTEX_POINT('',#2751);
#781=VERTEX_POINT('',#2753);
#782=VERTEX_POINT('',#2755);
#783=VERTEX_POINT('',#2757);
#784=VERTEX_POINT('',#2759);
#785=VERTEX_POINT('',#2761);
#786=VERTEX_POINT('',#2763);
#787=VERTEX_POINT('',#2765);
#788=VERTEX_POINT('',#2767);
#789=VERTEX_POINT('',#2769);
#790=VERTEX_POINT('',#2771);
#791=VERTEX_POINT('',#2773);
#792=VERTEX_POINT('',#2775);
#793=VERTEX_POINT('',#2777);
#794=VERTEX_POINT('',#2779);
#795=VERTEX_POINT('',#2781);
#796=VERTEX_POINT('',#2800);
#797=VERTEX_POINT('',#2801);
#798=VERTEX_POINT('',#2810);
#799=VERTEX_POINT('',#2827);
#800=VERTEX_POINT('',#2849);
#801=VERTEX_POINT('',#2854);
#802=VERTEX_POINT('',#2856);
#803=VERTEX_POINT('',#2880);
#804=VERTEX_POINT('',#2887);
#805=VERTEX_POINT('',#2924);
#806=VERTEX_POINT('',#2925);
#807=VERTEX_POINT('',#2934);
#808=VERTEX_POINT('',#2951);
#809=VERTEX_POINT('',#2973);
#810=VERTEX_POINT('',#2980);
#811=VERTEX_POINT('',#2999);
#812=VERTEX_POINT('',#3006);
#813=VERTEX_POINT('',#3043);
#814=VERTEX_POINT('',#3044);
#815=VERTEX_POINT('',#3053);
#816=VERTEX_POINT('',#3070);
#817=VERTEX_POINT('',#3092);
#818=VERTEX_POINT('',#3099);
#819=VERTEX_POINT('',#3118);
#820=VERTEX_POINT('',#3125);
#821=VERTEX_POINT('',#3162);
#822=VERTEX_POINT('',#3163);
#823=VERTEX_POINT('',#3172);
#824=VERTEX_POINT('',#3189);
#825=VERTEX_POINT('',#3211);
#826=VERTEX_POINT('',#3218);
#827=VERTEX_POINT('',#3237);
#828=VERTEX_POINT('',#3244);
#829=VERTEX_POINT('',#3281);
#830=VERTEX_POINT('',#3282);
#831=VERTEX_POINT('',#3291);
#832=VERTEX_POINT('',#3308);
#833=VERTEX_POINT('',#3330);
#834=VERTEX_POINT('',#3337);
#835=VERTEX_POINT('',#3356);
#836=VERTEX_POINT('',#3363);
#837=VERTEX_POINT('',#3400);
#838=VERTEX_POINT('',#3401);
#839=VERTEX_POINT('',#3410);
#840=VERTEX_POINT('',#3427);
#841=VERTEX_POINT('',#3449);
#842=VERTEX_POINT('',#3456);
#843=VERTEX_POINT('',#3475);
#844=VERTEX_POINT('',#3482);
#845=VERTEX_POINT('',#3519);
#846=VERTEX_POINT('',#3520);
#847=VERTEX_POINT('',#3527);
#848=VERTEX_POINT('',#3529);
#849=VERTEX_POINT('',#3566);
#850=VERTEX_POINT('',#3573);
#851=VERTEX_POINT('',#3592);
#852=VERTEX_POINT('',#3593);
#853=VERTEX_POINT('',#3600);
#854=VERTEX_POINT('',#3602);
#855=VERTEX_POINT('',#3621);
#856=VERTEX_POINT('',#3630);
#857=VERTEX_POINT('',#3667);
#858=VERTEX_POINT('',#3674);
#859=VERTEX_POINT('',#3711);
#860=VERTEX_POINT('',#3712);
#861=VERTEX_POINT('',#3719);
#862=VERTEX_POINT('',#3721);
#863=VERTEX_POINT('',#3740);
#864=VERTEX_POINT('',#3749);
#865=VERTEX_POINT('',#3786);
#866=VERTEX_POINT('',#3793);
#867=VERTEX_POINT('',#3830);
#868=VERTEX_POINT('',#3831);
#869=VERTEX_POINT('',#3838);
#870=VERTEX_POINT('',#3840);
#871=VERTEX_POINT('',#3859);
#872=VERTEX_POINT('',#3868);
#873=VERTEX_POINT('',#3905);
#874=VERTEX_POINT('',#3912);
#875=VERTEX_POINT('',#3949);
#876=VERTEX_POINT('',#3950);
#877=VERTEX_POINT('',#3957);
#878=VERTEX_POINT('',#3959);
#879=VERTEX_POINT('',#3978);
#880=VERTEX_POINT('',#3987);
#881=VERTEX_POINT('',#4024);
#882=VERTEX_POINT('',#4031);
#883=VERTEX_POINT('',#4068);
#884=VERTEX_POINT('',#4069);
#885=VERTEX_POINT('',#4076);
#886=VERTEX_POINT('',#4078);
#887=VERTEX_POINT('',#4097);
#888=VERTEX_POINT('',#4106);
#889=VERTEX_POINT('',#4143);
#890=VERTEX_POINT('',#4150);
#891=VERTEX_POINT('',#4187);
#892=VERTEX_POINT('',#4188);
#893=VERTEX_POINT('',#4195);
#894=VERTEX_POINT('',#4197);
#895=VERTEX_POINT('',#4216);
#896=VERTEX_POINT('',#4225);
#897=VERTEX_POINT('',#4262);
#898=VERTEX_POINT('',#4269);
#899=VERTEX_POINT('',#4306);
#900=VERTEX_POINT('',#4315);
#901=VERTEX_POINT('',#4373);
#902=VERTEX_POINT('',#4378);
#903=VERTEX_POINT('',#4398);
#904=VERTEX_POINT('',#4400);
#905=VERTEX_POINT('',#4424);
#906=VERTEX_POINT('',#4451);
#907=VERTEX_POINT('',#4452);
#908=VERTEX_POINT('',#4485);
#909=VERTEX_POINT('',#4504);
#910=VERTEX_POINT('',#4527);
#911=VERTEX_POINT('',#4553);
#912=VERTEX_POINT('',#4600);
#913=VERTEX_POINT('',#4624);
#914=VERTEX_POINT('',#4651);
#915=VERTEX_POINT('',#4652);
#916=VERTEX_POINT('',#4685);
#917=VERTEX_POINT('',#4704);
#918=VERTEX_POINT('',#4727);
#919=VERTEX_POINT('',#4753);
#920=VERTEX_POINT('',#4800);
#921=VERTEX_POINT('',#4824);
#922=VERTEX_POINT('',#4851);
#923=VERTEX_POINT('',#4852);
#924=VERTEX_POINT('',#4885);
#925=VERTEX_POINT('',#4904);
#926=VERTEX_POINT('',#4927);
#927=VERTEX_POINT('',#4953);
#928=VERTEX_POINT('',#5000);
#929=VERTEX_POINT('',#5024);
#930=VERTEX_POINT('',#5051);
#931=VERTEX_POINT('',#5052);
#932=VERTEX_POINT('',#5085);
#933=VERTEX_POINT('',#5104);
#934=VERTEX_POINT('',#5127);
#935=VERTEX_POINT('',#5153);
#936=VERTEX_POINT('',#5200);
#937=VERTEX_POINT('',#5224);
#938=VERTEX_POINT('',#5251);
#939=VERTEX_POINT('',#5252);
#940=VERTEX_POINT('',#5285);
#941=VERTEX_POINT('',#5304);
#942=VERTEX_POINT('',#5327);
#943=VERTEX_POINT('',#5353);
#944=VERTEX_POINT('',#5400);
#945=VERTEX_POINT('',#5424);
#946=VERTEX_POINT('',#5451);
#947=VERTEX_POINT('',#5452);
#948=VERTEX_POINT('',#5485);
#949=VERTEX_POINT('',#5504);
#950=VERTEX_POINT('',#5551);
#951=VERTEX_POINT('',#5583);
#952=VERTEX_POINT('',#5592);
#953=VERTEX_POINT('',#5651);
#954=VERTEX_POINT('',#5653);
#955=VERTEX_POINT('',#5706);
#956=VERTEX_POINT('',#5709);
#957=VERTEX_POINT('',#5713);
#958=VERTEX_POINT('',#5716);
#959=EDGE_CURVE('',#739,#739,#663,.T.);
#960=EDGE_CURVE('',#739,#740,#597,.T.);
#961=EDGE_CURVE('',#740,#740,#664,.T.);
#962=EDGE_CURVE('',#741,#741,#665,.T.);
#963=EDGE_CURVE('',#741,#739,#598,.T.);
#964=EDGE_CURVE('',#742,#742,#666,.T.);
#965=EDGE_CURVE('',#741,#743,#599,.T.);
#966=EDGE_CURVE('',#743,#743,#667,.T.);
#967=EDGE_CURVE('',#744,#745,#600,.T.);
#968=EDGE_CURVE('',#745,#746,#668,.T.);
#969=EDGE_CURVE('',#746,#747,#601,.T.);
#970=EDGE_CURVE('',#747,#748,#669,.T.);
#971=EDGE_CURVE('',#748,#749,#602,.T.);
#972=EDGE_CURVE('',#749,#750,#670,.T.);
#973=EDGE_CURVE('',#750,#751,#603,.T.);
#974=EDGE_CURVE('',#751,#752,#671,.T.);
#975=EDGE_CURVE('',#752,#753,#604,.T.);
#976=EDGE_CURVE('',#753,#754,#672,.T.);
#977=EDGE_CURVE('',#754,#755,#605,.T.);
#978=EDGE_CURVE('',#755,#756,#673,.T.);
#979=EDGE_CURVE('',#756,#757,#606,.T.);
#980=EDGE_CURVE('',#757,#758,#674,.T.);
#981=EDGE_CURVE('',#758,#759,#607,.T.);
#982=EDGE_CURVE('',#759,#760,#675,.T.);
#983=EDGE_CURVE('',#760,#761,#608,.T.);
#984=EDGE_CURVE('',#761,#762,#676,.T.);
#985=EDGE_CURVE('',#762,#763,#609,.T.);
#986=EDGE_CURVE('',#763,#764,#677,.T.);
#987=EDGE_CURVE('',#764,#765,#610,.T.);
#988=EDGE_CURVE('',#765,#766,#678,.T.);
#989=EDGE_CURVE('',#766,#767,#611,.T.);
#990=EDGE_CURVE('',#767,#768,#679,.T.);
#991=EDGE_CURVE('',#768,#769,#612,.T.);
#992=EDGE_CURVE('',#769,#770,#680,.T.);
#993=EDGE_CURVE('',#770,#771,#613,.T.);
#994=EDGE_CURVE('',#771,#772,#681,.T.);
#995=EDGE_CURVE('',#772,#773,#614,.T.);
#996=EDGE_CURVE('',#773,#774,#682,.T.);
#997=EDGE_CURVE('',#774,#775,#615,.T.);
#998=EDGE_CURVE('',#775,#776,#683,.T.);
#999=EDGE_CURVE('',#776,#777,#616,.T.);
#1000=EDGE_CURVE('',#777,#778,#684,.T.);
#1001=EDGE_CURVE('',#778,#779,#617,.T.);
#1002=EDGE_CURVE('',#779,#780,#685,.T.);
#1003=EDGE_CURVE('',#780,#781,#618,.T.);
#1004=EDGE_CURVE('',#781,#782,#686,.T.);
#1005=EDGE_CURVE('',#782,#783,#619,.T.);
#1006=EDGE_CURVE('',#783,#784,#687,.T.);
#1007=EDGE_CURVE('',#784,#785,#620,.T.);
#1008=EDGE_CURVE('',#785,#786,#688,.T.);
#1009=EDGE_CURVE('',#786,#787,#621,.T.);
#1010=EDGE_CURVE('',#787,#788,#689,.T.);
#1011=EDGE_CURVE('',#788,#789,#622,.T.);
#1012=EDGE_CURVE('',#789,#790,#690,.T.);
#1013=EDGE_CURVE('',#790,#791,#623,.T.);
#1014=EDGE_CURVE('',#791,#792,#691,.T.);
#1015=EDGE_CURVE('',#792,#793,#624,.T.);
#1016=EDGE_CURVE('',#793,#794,#692,.T.);
#1017=EDGE_CURVE('',#794,#795,#625,.T.);
#1018=EDGE_CURVE('',#795,#744,#693,.T.);
#1019=EDGE_CURVE('',#796,#797,#80,.T.);
#1020=EDGE_CURVE('',#798,#796,#81,.T.);
#1021=EDGE_CURVE('',#799,#798,#82,.T.);
#1022=EDGE_CURVE('',#797,#799,#15,.F.);
#1023=EDGE_CURVE('',#797,#800,#83,.T.);
#1024=EDGE_CURVE('',#801,#799,#16,.T.);
#1025=EDGE_CURVE('',#802,#801,#17,.F.);
#1026=EDGE_CURVE('',#800,#802,#84,.T.);
#1027=EDGE_CURVE('',#802,#803,#85,.T.);
#1028=EDGE_CURVE('',#804,#801,#86,.T.);
#1029=EDGE_CURVE('',#803,#804,#87,.T.);
#1030=EDGE_CURVE('',#805,#806,#88,.T.);
#1031=EDGE_CURVE('',#807,#805,#89,.T.);
#1032=EDGE_CURVE('',#808,#807,#90,.T.);
#1033=EDGE_CURVE('',#806,#808,#18,.F.);
#1034=EDGE_CURVE('',#806,#809,#91,.T.);
#1035=EDGE_CURVE('',#810,#808,#19,.T.);
#1036=EDGE_CURVE('',#809,#810,#20,.F.);
#1037=EDGE_CURVE('',#809,#811,#92,.T.);
#1038=EDGE_CURVE('',#812,#810,#93,.T.);
#1039=EDGE_CURVE('',#811,#812,#94,.T.);
#1040=EDGE_CURVE('',#813,#814,#95,.T.);
#1041=EDGE_CURVE('',#815,#813,#96,.T.);
#1042=EDGE_CURVE('',#816,#815,#97,.T.);
#1043=EDGE_CURVE('',#814,#816,#21,.F.);
#1044=EDGE_CURVE('',#814,#817,#98,.T.);
#1045=EDGE_CURVE('',#818,#816,#22,.T.);
#1046=EDGE_CURVE('',#817,#818,#23,.F.);
#1047=EDGE_CURVE('',#817,#819,#99,.T.);
#1048=EDGE_CURVE('',#820,#818,#100,.T.);
#1049=EDGE_CURVE('',#819,#820,#101,.T.);
#1050=EDGE_CURVE('',#821,#822,#102,.T.);
#1051=EDGE_CURVE('',#823,#821,#103,.T.);
#1052=EDGE_CURVE('',#824,#823,#104,.T.);
#1053=EDGE_CURVE('',#822,#824,#24,.F.);
#1054=EDGE_CURVE('',#822,#825,#105,.T.);
#1055=EDGE_CURVE('',#826,#824,#25,.T.);
#1056=EDGE_CURVE('',#825,#826,#26,.F.);
#1057=EDGE_CURVE('',#825,#827,#106,.T.);
#1058=EDGE_CURVE('',#828,#826,#107,.T.);
#1059=EDGE_CURVE('',#827,#828,#108,.T.);
#1060=EDGE_CURVE('',#829,#830,#109,.T.);
#1061=EDGE_CURVE('',#831,#829,#110,.T.);
#1062=EDGE_CURVE('',#832,#831,#111,.T.);
#1063=EDGE_CURVE('',#830,#832,#27,.F.);
#1064=EDGE_CURVE('',#830,#833,#112,.T.);
#1065=EDGE_CURVE('',#834,#832,#28,.T.);
#1066=EDGE_CURVE('',#833,#834,#29,.F.);
#1067=EDGE_CURVE('',#833,#835,#113,.T.);
#1068=EDGE_CURVE('',#836,#834,#114,.T.);
#1069=EDGE_CURVE('',#835,#836,#115,.T.);
#1070=EDGE_CURVE('',#837,#838,#116,.T.);
#1071=EDGE_CURVE('',#839,#837,#117,.T.);
#1072=EDGE_CURVE('',#840,#839,#118,.T.);
#1073=EDGE_CURVE('',#838,#840,#30,.F.);
#1074=EDGE_CURVE('',#838,#841,#119,.T.);
#1075=EDGE_CURVE('',#842,#840,#31,.T.);
#1076=EDGE_CURVE('',#841,#842,#32,.F.);
#1077=EDGE_CURVE('',#841,#843,#120,.T.);
#1078=EDGE_CURVE('',#844,#842,#121,.T.);
#1079=EDGE_CURVE('',#843,#844,#122,.T.);
#1080=EDGE_CURVE('',#845,#846,#123,.T.);
#1081=EDGE_CURVE('',#845,#847,#33,.F.);
#1082=EDGE_CURVE('',#848,#847,#124,.T.);
#1083=EDGE_CURVE('',#846,#848,#125,.T.);
#1084=EDGE_CURVE('',#849,#845,#126,.T.);
#1085=EDGE_CURVE('',#849,#850,#34,.F.);
#1086=EDGE_CURVE('',#847,#850,#35,.T.);
#1087=EDGE_CURVE('',#851,#852,#127,.T.);
#1088=EDGE_CURVE('',#851,#853,#36,.F.);
#1089=EDGE_CURVE('',#854,#853,#37,.T.);
#1090=EDGE_CURVE('',#852,#854,#38,.F.);
#1091=EDGE_CURVE('',#855,#851,#128,.T.);
#1092=EDGE_CURVE('',#856,#855,#129,.T.);
#1093=EDGE_CURVE('',#853,#856,#130,.T.);
#1094=EDGE_CURVE('',#852,#857,#131,.T.);
#1095=EDGE_CURVE('',#858,#854,#132,.T.);
#1096=EDGE_CURVE('',#857,#858,#133,.T.);
#1097=EDGE_CURVE('',#859,#860,#134,.T.);
#1098=EDGE_CURVE('',#859,#861,#39,.F.);
#1099=EDGE_CURVE('',#862,#861,#40,.T.);
#1100=EDGE_CURVE('',#860,#862,#41,.F.);
#1101=EDGE_CURVE('',#863,#859,#135,.T.);
#1102=EDGE_CURVE('',#864,#863,#136,.T.);
#1103=EDGE_CURVE('',#861,#864,#137,.T.);
#1104=EDGE_CURVE('',#860,#865,#138,.T.);
#1105=EDGE_CURVE('',#866,#862,#139,.T.);
#1106=EDGE_CURVE('',#865,#866,#140,.T.);
#1107=EDGE_CURVE('',#867,#868,#141,.T.);
#1108=EDGE_CURVE('',#867,#869,#42,.F.);
#1109=EDGE_CURVE('',#870,#869,#43,.T.);
#1110=EDGE_CURVE('',#868,#870,#44,.F.);
#1111=EDGE_CURVE('',#871,#867,#142,.T.);
#1112=EDGE_CURVE('',#872,#871,#143,.T.);
#1113=EDGE_CURVE('',#869,#872,#144,.T.);
#1114=EDGE_CURVE('',#868,#873,#145,.T.);
#1115=EDGE_CURVE('',#874,#870,#146,.T.);
#1116=EDGE_CURVE('',#873,#874,#147,.T.);
#1117=EDGE_CURVE('',#875,#876,#148,.T.);
#1118=EDGE_CURVE('',#875,#877,#45,.F.);
#1119=EDGE_CURVE('',#878,#877,#46,.T.);
#1120=EDGE_CURVE('',#876,#878,#47,.F.);
#1121=EDGE_CURVE('',#879,#875,#149,.T.);
#1122=EDGE_CURVE('',#880,#879,#150,.T.);
#1123=EDGE_CURVE('',#877,#880,#151,.T.);
#1124=EDGE_CURVE('',#876,#881,#152,.T.);
#1125=EDGE_CURVE('',#882,#878,#153,.T.);
#1126=EDGE_CURVE('',#881,#882,#154,.T.);
#1127=EDGE_CURVE('',#883,#884,#155,.T.);
#1128=EDGE_CURVE('',#883,#885,#48,.F.);
#1129=EDGE_CURVE('',#886,#885,#49,.T.);
#1130=EDGE_CURVE('',#884,#886,#50,.F.);
#1131=EDGE_CURVE('',#887,#883,#156,.T.);
#1132=EDGE_CURVE('',#888,#887,#157,.T.);
#1133=EDGE_CURVE('',#885,#888,#158,.T.);
#1134=EDGE_CURVE('',#884,#889,#159,.T.);
#1135=EDGE_CURVE('',#890,#886,#160,.T.);
#1136=EDGE_CURVE('',#889,#890,#161,.T.);
#1137=EDGE_CURVE('',#891,#892,#162,.T.);
#1138=EDGE_CURVE('',#891,#893,#51,.F.);
#1139=EDGE_CURVE('',#894,#893,#52,.T.);
#1140=EDGE_CURVE('',#892,#894,#53,.F.);
#1141=EDGE_CURVE('',#895,#891,#163,.T.);
#1142=EDGE_CURVE('',#896,#895,#164,.T.);
#1143=EDGE_CURVE('',#893,#896,#165,.T.);
#1144=EDGE_CURVE('',#892,#897,#166,.T.);
#1145=EDGE_CURVE('',#898,#894,#167,.T.);
#1146=EDGE_CURVE('',#897,#898,#168,.T.);
#1147=EDGE_CURVE('',#899,#849,#169,.T.);
#1148=EDGE_CURVE('',#900,#899,#170,.T.);
#1149=EDGE_CURVE('',#850,#900,#171,.T.);
#1150=EDGE_CURVE('',#844,#900,#694,.T.);
#1151=EDGE_CURVE('',#843,#899,#695,.T.);
#1152=EDGE_CURVE('',#846,#855,#696,.T.);
#1153=EDGE_CURVE('',#848,#856,#697,.T.);
#1154=EDGE_CURVE('',#836,#839,#698,.T.);
#1155=EDGE_CURVE('',#835,#837,#699,.T.);
#1156=EDGE_CURVE('',#857,#863,#700,.T.);
#1157=EDGE_CURVE('',#858,#864,#701,.T.);
#1158=EDGE_CURVE('',#828,#831,#702,.T.);
#1159=EDGE_CURVE('',#827,#829,#703,.T.);
#1160=EDGE_CURVE('',#865,#871,#704,.T.);
#1161=EDGE_CURVE('',#866,#872,#705,.T.);
#1162=EDGE_CURVE('',#820,#823,#706,.T.);
#1163=EDGE_CURVE('',#819,#821,#707,.T.);
#1164=EDGE_CURVE('',#873,#879,#708,.T.);
#1165=EDGE_CURVE('',#874,#880,#709,.T.);
#1166=EDGE_CURVE('',#812,#815,#710,.T.);
#1167=EDGE_CURVE('',#811,#813,#711,.T.);
#1168=EDGE_CURVE('',#881,#887,#712,.T.);
#1169=EDGE_CURVE('',#882,#888,#713,.T.);
#1170=EDGE_CURVE('',#804,#807,#714,.T.);
#1171=EDGE_CURVE('',#803,#805,#715,.T.);
#1172=EDGE_CURVE('',#889,#895,#716,.T.);
#1173=EDGE_CURVE('',#890,#896,#717,.T.);
#1174=EDGE_CURVE('',#800,#901,#626,.T.);
#1175=EDGE_CURVE('',#901,#901,#718,.T.);
#1176=EDGE_CURVE('',#897,#796,#719,.T.);
#1177=EDGE_CURVE('',#902,#902,#720,.T.);
#1178=EDGE_CURVE('',#898,#798,#721,.T.);
#1179=EDGE_CURVE('',#745,#903,#54,.F.);
#1180=EDGE_CURVE('',#904,#903,#55,.T.);
#1181=EDGE_CURVE('',#746,#904,#172,.F.);
#1182=EDGE_CURVE('',#905,#904,#173,.T.);
#1183=EDGE_CURVE('',#747,#905,#174,.T.);
#1184=EDGE_CURVE('',#906,#907,#175,.T.);
#1185=EDGE_CURVE('',#795,#906,#176,.T.);
#1186=EDGE_CURVE('',#794,#907,#177,.F.);
#1187=EDGE_CURVE('',#907,#908,#56,.T.);
#1188=EDGE_CURVE('',#793,#908,#57,.F.);
#1189=EDGE_CURVE('',#909,#748,#178,.T.);
#1190=EDGE_CURVE('',#910,#909,#179,.T.);
#1191=EDGE_CURVE('',#749,#910,#58,.F.);
#1192=EDGE_CURVE('',#908,#911,#180,.T.);
#1193=EDGE_CURVE('',#911,#792,#181,.T.);
#1194=EDGE_CURVE('',#912,#910,#59,.T.);
#1195=EDGE_CURVE('',#750,#912,#182,.F.);
#1196=EDGE_CURVE('',#913,#912,#183,.T.);
#1197=EDGE_CURVE('',#751,#913,#184,.T.);
#1198=EDGE_CURVE('',#914,#915,#185,.T.);
#1199=EDGE_CURVE('',#791,#914,#186,.T.);
#1200=EDGE_CURVE('',#790,#915,#187,.F.);
#1201=EDGE_CURVE('',#915,#916,#60,.T.);
#1202=EDGE_CURVE('',#789,#916,#61,.F.);
#1203=EDGE_CURVE('',#917,#752,#188,.T.);
#1204=EDGE_CURVE('',#918,#917,#189,.T.);
#1205=EDGE_CURVE('',#753,#918,#62,.F.);
#1206=EDGE_CURVE('',#916,#919,#190,.T.);
#1207=EDGE_CURVE('',#919,#788,#191,.T.);
#1208=EDGE_CURVE('',#920,#918,#63,.T.);
#1209=EDGE_CURVE('',#754,#920,#192,.F.);
#1210=EDGE_CURVE('',#921,#920,#193,.T.);
#1211=EDGE_CURVE('',#755,#921,#194,.T.);
#1212=EDGE_CURVE('',#922,#923,#195,.T.);
#1213=EDGE_CURVE('',#787,#922,#196,.T.);
#1214=EDGE_CURVE('',#786,#923,#197,.F.);
#1215=EDGE_CURVE('',#923,#924,#64,.T.);
#1216=EDGE_CURVE('',#785,#924,#65,.F.);
#1217=EDGE_CURVE('',#925,#756,#198,.T.);
#1218=EDGE_CURVE('',#926,#925,#199,.T.);
#1219=EDGE_CURVE('',#757,#926,#66,.F.);
#1220=EDGE_CURVE('',#924,#927,#200,.T.);
#1221=EDGE_CURVE('',#927,#784,#201,.T.);
#1222=EDGE_CURVE('',#928,#926,#67,.T.);
#1223=EDGE_CURVE('',#758,#928,#202,.F.);
#1224=EDGE_CURVE('',#929,#928,#203,.T.);
#1225=EDGE_CURVE('',#759,#929,#204,.T.);
#1226=EDGE_CURVE('',#930,#931,#205,.T.);
#1227=EDGE_CURVE('',#783,#930,#206,.T.);
#1228=EDGE_CURVE('',#782,#931,#207,.F.);
#1229=EDGE_CURVE('',#931,#932,#68,.T.);
#1230=EDGE_CURVE('',#781,#932,#69,.F.);
#1231=EDGE_CURVE('',#933,#760,#208,.T.);
#1232=EDGE_CURVE('',#934,#933,#209,.T.);
#1233=EDGE_CURVE('',#761,#934,#70,.F.);
#1234=EDGE_CURVE('',#932,#935,#210,.T.);
#1235=EDGE_CURVE('',#935,#780,#211,.T.);
#1236=EDGE_CURVE('',#936,#934,#71,.T.);
#1237=EDGE_CURVE('',#762,#936,#212,.F.);
#1238=EDGE_CURVE('',#937,#936,#213,.T.);
#1239=EDGE_CURVE('',#763,#937,#214,.T.);
#1240=EDGE_CURVE('',#938,#939,#215,.T.);
#1241=EDGE_CURVE('',#779,#938,#216,.T.);
#1242=EDGE_CURVE('',#778,#939,#217,.F.);
#1243=EDGE_CURVE('',#939,#940,#72,.T.);
#1244=EDGE_CURVE('',#777,#940,#73,.F.);
#1245=EDGE_CURVE('',#941,#764,#218,.T.);
#1246=EDGE_CURVE('',#942,#941,#219,.T.);
#1247=EDGE_CURVE('',#765,#942,#74,.F.);
#1248=EDGE_CURVE('',#940,#943,#220,.T.);
#1249=EDGE_CURVE('',#943,#776,#221,.T.);
#1250=EDGE_CURVE('',#944,#942,#75,.T.);
#1251=EDGE_CURVE('',#766,#944,#222,.F.);
#1252=EDGE_CURVE('',#945,#944,#223,.T.);
#1253=EDGE_CURVE('',#767,#945,#224,.T.);
#1254=EDGE_CURVE('',#946,#947,#225,.T.);
#1255=EDGE_CURVE('',#775,#946,#226,.T.);
#1256=EDGE_CURVE('',#774,#947,#227,.F.);
#1257=EDGE_CURVE('',#947,#948,#76,.T.);
#1258=EDGE_CURVE('',#773,#948,#77,.F.);
#1259=EDGE_CURVE('',#948,#949,#228,.T.);
#1260=EDGE_CURVE('',#949,#772,#229,.T.);
#1261=EDGE_CURVE('',#950,#744,#230,.T.);
#1262=EDGE_CURVE('',#903,#950,#231,.T.);
#1263=EDGE_CURVE('',#771,#951,#232,.T.);
#1264=EDGE_CURVE('',#951,#949,#722,.T.);
#1265=EDGE_CURVE('',#945,#952,#723,.T.);
#1266=EDGE_CURVE('',#768,#952,#233,.T.);
#1267=EDGE_CURVE('',#946,#943,#724,.T.);
#1268=EDGE_CURVE('',#937,#941,#725,.T.);
#1269=EDGE_CURVE('',#938,#935,#726,.T.);
#1270=EDGE_CURVE('',#929,#933,#727,.T.);
#1271=EDGE_CURVE('',#930,#927,#728,.T.);
#1272=EDGE_CURVE('',#921,#925,#729,.T.);
#1273=EDGE_CURVE('',#922,#919,#730,.T.);
#1274=EDGE_CURVE('',#913,#917,#731,.T.);
#1275=EDGE_CURVE('',#914,#911,#732,.T.);
#1276=EDGE_CURVE('',#905,#909,#733,.T.);
#1277=EDGE_CURVE('',#906,#950,#734,.T.);
#1278=EDGE_CURVE('',#769,#953,#78,.F.);
#1279=EDGE_CURVE('',#954,#953,#79,.T.);
#1280=EDGE_CURVE('',#770,#954,#234,.F.);
#1281=EDGE_CURVE('',#951,#954,#235,.T.);
#1282=EDGE_CURVE('',#953,#952,#236,.T.);
#1283=EDGE_CURVE('',#955,#955,#735,.T.);
#1284=EDGE_CURVE('',#902,#956,#627,.T.);
#1285=EDGE_CURVE('',#956,#956,#736,.T.);
#1286=EDGE_CURVE('',#957,#957,#737,.T.);
#1287=EDGE_CURVE('',#958,#958,#738,.T.);
#1288=EDGE_CURVE('',#958,#955,#628,.T.);
#1289=EDGE_CURVE('',#957,#742,#629,.T.);
#1290=ORIENTED_EDGE('',*,*,#959,.T.);
#1291=ORIENTED_EDGE('',*,*,#960,.T.);
#1292=ORIENTED_EDGE('',*,*,#961,.T.);
#1293=ORIENTED_EDGE('',*,*,#960,.F.);
#1294=ORIENTED_EDGE('',*,*,#962,.F.);
#1295=ORIENTED_EDGE('',*,*,#963,.T.);
#1296=ORIENTED_EDGE('',*,*,#959,.F.);
#1297=ORIENTED_EDGE('',*,*,#963,.F.);
#1298=ORIENTED_EDGE('',*,*,#964,.T.);
#1299=ORIENTED_EDGE('',*,*,#961,.F.);
#1300=ORIENTED_EDGE('',*,*,#962,.T.);
#1301=ORIENTED_EDGE('',*,*,#965,.T.);
#1302=ORIENTED_EDGE('',*,*,#966,.T.);
#1303=ORIENTED_EDGE('',*,*,#965,.F.);
#1304=ORIENTED_EDGE('',*,*,#967,.T.);
#1305=ORIENTED_EDGE('',*,*,#968,.T.);
#1306=ORIENTED_EDGE('',*,*,#969,.T.);
#1307=ORIENTED_EDGE('',*,*,#970,.T.);
#1308=ORIENTED_EDGE('',*,*,#971,.T.);
#1309=ORIENTED_EDGE('',*,*,#972,.T.);
#1310=ORIENTED_EDGE('',*,*,#973,.T.);
#1311=ORIENTED_EDGE('',*,*,#974,.T.);
#1312=ORIENTED_EDGE('',*,*,#975,.T.);
#1313=ORIENTED_EDGE('',*,*,#976,.T.);
#1314=ORIENTED_EDGE('',*,*,#977,.T.);
#1315=ORIENTED_EDGE('',*,*,#978,.T.);
#1316=ORIENTED_EDGE('',*,*,#979,.T.);
#1317=ORIENTED_EDGE('',*,*,#980,.T.);
#1318=ORIENTED_EDGE('',*,*,#981,.T.);
#1319=ORIENTED_EDGE('',*,*,#982,.T.);
#1320=ORIENTED_EDGE('',*,*,#983,.T.);
#1321=ORIENTED_EDGE('',*,*,#984,.T.);
#1322=ORIENTED_EDGE('',*,*,#985,.T.);
#1323=ORIENTED_EDGE('',*,*,#986,.T.);
#1324=ORIENTED_EDGE('',*,*,#987,.T.);
#1325=ORIENTED_EDGE('',*,*,#988,.T.);
#1326=ORIENTED_EDGE('',*,*,#989,.T.);
#1327=ORIENTED_EDGE('',*,*,#990,.T.);
#1328=ORIENTED_EDGE('',*,*,#991,.T.);
#1329=ORIENTED_EDGE('',*,*,#992,.T.);
#1330=ORIENTED_EDGE('',*,*,#993,.T.);
#1331=ORIENTED_EDGE('',*,*,#994,.T.);
#1332=ORIENTED_EDGE('',*,*,#995,.T.);
#1333=ORIENTED_EDGE('',*,*,#996,.T.);
#1334=ORIENTED_EDGE('',*,*,#997,.T.);
#1335=ORIENTED_EDGE('',*,*,#998,.T.);
#1336=ORIENTED_EDGE('',*,*,#999,.T.);
#1337=ORIENTED_EDGE('',*,*,#1000,.T.);
#1338=ORIENTED_EDGE('',*,*,#1001,.T.);
#1339=ORIENTED_EDGE('',*,*,#1002,.T.);
#1340=ORIENTED_EDGE('',*,*,#1003,.T.);
#1341=ORIENTED_EDGE('',*,*,#1004,.T.);
#1342=ORIENTED_EDGE('',*,*,#1005,.T.);
#1343=ORIENTED_EDGE('',*,*,#1006,.T.);
#1344=ORIENTED_EDGE('',*,*,#1007,.T.);
#1345=ORIENTED_EDGE('',*,*,#1008,.T.);
#1346=ORIENTED_EDGE('',*,*,#1009,.T.);
#1347=ORIENTED_EDGE('',*,*,#1010,.T.);
#1348=ORIENTED_EDGE('',*,*,#1011,.T.);
#1349=ORIENTED_EDGE('',*,*,#1012,.T.);
#1350=ORIENTED_EDGE('',*,*,#1013,.T.);
#1351=ORIENTED_EDGE('',*,*,#1014,.T.);
#1352=ORIENTED_EDGE('',*,*,#1015,.T.);
#1353=ORIENTED_EDGE('',*,*,#1016,.T.);
#1354=ORIENTED_EDGE('',*,*,#1017,.T.);
#1355=ORIENTED_EDGE('',*,*,#1018,.T.);
#1356=ORIENTED_EDGE('',*,*,#966,.F.);
#1357=ORIENTED_EDGE('',*,*,#1019,.F.);
#1358=ORIENTED_EDGE('',*,*,#1020,.F.);
#1359=ORIENTED_EDGE('',*,*,#1021,.F.);
#1360=ORIENTED_EDGE('',*,*,#1022,.F.);
#1361=ORIENTED_EDGE('',*,*,#1023,.F.);
#1362=ORIENTED_EDGE('',*,*,#1022,.T.);
#1363=ORIENTED_EDGE('',*,*,#1024,.F.);
#1364=ORIENTED_EDGE('',*,*,#1025,.F.);
#1365=ORIENTED_EDGE('',*,*,#1026,.F.);
#1366=ORIENTED_EDGE('',*,*,#1027,.F.);
#1367=ORIENTED_EDGE('',*,*,#1025,.T.);
#1368=ORIENTED_EDGE('',*,*,#1028,.F.);
#1369=ORIENTED_EDGE('',*,*,#1029,.F.);
#1370=ORIENTED_EDGE('',*,*,#1030,.F.);
#1371=ORIENTED_EDGE('',*,*,#1031,.F.);
#1372=ORIENTED_EDGE('',*,*,#1032,.F.);
#1373=ORIENTED_EDGE('',*,*,#1033,.F.);
#1374=ORIENTED_EDGE('',*,*,#1034,.F.);
#1375=ORIENTED_EDGE('',*,*,#1033,.T.);
#1376=ORIENTED_EDGE('',*,*,#1035,.F.);
#1377=ORIENTED_EDGE('',*,*,#1036,.F.);
#1378=ORIENTED_EDGE('',*,*,#1037,.F.);
#1379=ORIENTED_EDGE('',*,*,#1036,.T.);
#1380=ORIENTED_EDGE('',*,*,#1038,.F.);
#1381=ORIENTED_EDGE('',*,*,#1039,.F.);
#1382=ORIENTED_EDGE('',*,*,#1040,.F.);
#1383=ORIENTED_EDGE('',*,*,#1041,.F.);
#1384=ORIENTED_EDGE('',*,*,#1042,.F.);
#1385=ORIENTED_EDGE('',*,*,#1043,.F.);
#1386=ORIENTED_EDGE('',*,*,#1044,.F.);
#1387=ORIENTED_EDGE('',*,*,#1043,.T.);
#1388=ORIENTED_EDGE('',*,*,#1045,.F.);
#1389=ORIENTED_EDGE('',*,*,#1046,.F.);
#1390=ORIENTED_EDGE('',*,*,#1047,.F.);
#1391=ORIENTED_EDGE('',*,*,#1046,.T.);
#1392=ORIENTED_EDGE('',*,*,#1048,.F.);
#1393=ORIENTED_EDGE('',*,*,#1049,.F.);
#1394=ORIENTED_EDGE('',*,*,#1050,.F.);
#1395=ORIENTED_EDGE('',*,*,#1051,.F.);
#1396=ORIENTED_EDGE('',*,*,#1052,.F.);
#1397=ORIENTED_EDGE('',*,*,#1053,.F.);
#1398=ORIENTED_EDGE('',*,*,#1054,.F.);
#1399=ORIENTED_EDGE('',*,*,#1053,.T.);
#1400=ORIENTED_EDGE('',*,*,#1055,.F.);
#1401=ORIENTED_EDGE('',*,*,#1056,.F.);
#1402=ORIENTED_EDGE('',*,*,#1057,.F.);
#1403=ORIENTED_EDGE('',*,*,#1056,.T.);
#1404=ORIENTED_EDGE('',*,*,#1058,.F.);
#1405=ORIENTED_EDGE('',*,*,#1059,.F.);
#1406=ORIENTED_EDGE('',*,*,#1060,.F.);
#1407=ORIENTED_EDGE('',*,*,#1061,.F.);
#1408=ORIENTED_EDGE('',*,*,#1062,.F.);
#1409=ORIENTED_EDGE('',*,*,#1063,.F.);
#1410=ORIENTED_EDGE('',*,*,#1064,.F.);
#1411=ORIENTED_EDGE('',*,*,#1063,.T.);
#1412=ORIENTED_EDGE('',*,*,#1065,.F.);
#1413=ORIENTED_EDGE('',*,*,#1066,.F.);
#1414=ORIENTED_EDGE('',*,*,#1067,.F.);
#1415=ORIENTED_EDGE('',*,*,#1066,.T.);
#1416=ORIENTED_EDGE('',*,*,#1068,.F.);
#1417=ORIENTED_EDGE('',*,*,#1069,.F.);
#1418=ORIENTED_EDGE('',*,*,#1070,.F.);
#1419=ORIENTED_EDGE('',*,*,#1071,.F.);
#1420=ORIENTED_EDGE('',*,*,#1072,.F.);
#1421=ORIENTED_EDGE('',*,*,#1073,.F.);
#1422=ORIENTED_EDGE('',*,*,#1074,.F.);
#1423=ORIENTED_EDGE('',*,*,#1073,.T.);
#1424=ORIENTED_EDGE('',*,*,#1075,.F.);
#1425=ORIENTED_EDGE('',*,*,#1076,.F.);
#1426=ORIENTED_EDGE('',*,*,#1077,.F.);
#1427=ORIENTED_EDGE('',*,*,#1076,.T.);
#1428=ORIENTED_EDGE('',*,*,#1078,.F.);
#1429=ORIENTED_EDGE('',*,*,#1079,.F.);
#1430=ORIENTED_EDGE('',*,*,#1080,.F.);
#1431=ORIENTED_EDGE('',*,*,#1081,.T.);
#1432=ORIENTED_EDGE('',*,*,#1082,.F.);
#1433=ORIENTED_EDGE('',*,*,#1083,.F.);
#1434=ORIENTED_EDGE('',*,*,#1084,.F.);
#1435=ORIENTED_EDGE('',*,*,#1085,.T.);
#1436=ORIENTED_EDGE('',*,*,#1086,.F.);
#1437=ORIENTED_EDGE('',*,*,#1081,.F.);
#1438=ORIENTED_EDGE('',*,*,#1087,.F.);
#1439=ORIENTED_EDGE('',*,*,#1088,.T.);
#1440=ORIENTED_EDGE('',*,*,#1089,.F.);
#1441=ORIENTED_EDGE('',*,*,#1090,.F.);
#1442=ORIENTED_EDGE('',*,*,#1091,.F.);
#1443=ORIENTED_EDGE('',*,*,#1092,.F.);
#1444=ORIENTED_EDGE('',*,*,#1093,.F.);
#1445=ORIENTED_EDGE('',*,*,#1088,.F.);
#1446=ORIENTED_EDGE('',*,*,#1094,.F.);
#1447=ORIENTED_EDGE('',*,*,#1090,.T.);
#1448=ORIENTED_EDGE('',*,*,#1095,.F.);
#1449=ORIENTED_EDGE('',*,*,#1096,.F.);
#1450=ORIENTED_EDGE('',*,*,#1097,.F.);
#1451=ORIENTED_EDGE('',*,*,#1098,.T.);
#1452=ORIENTED_EDGE('',*,*,#1099,.F.);
#1453=ORIENTED_EDGE('',*,*,#1100,.F.);
#1454=ORIENTED_EDGE('',*,*,#1101,.F.);
#1455=ORIENTED_EDGE('',*,*,#1102,.F.);
#1456=ORIENTED_EDGE('',*,*,#1103,.F.);
#1457=ORIENTED_EDGE('',*,*,#1098,.F.);
#1458=ORIENTED_EDGE('',*,*,#1104,.F.);
#1459=ORIENTED_EDGE('',*,*,#1100,.T.);
#1460=ORIENTED_EDGE('',*,*,#1105,.F.);
#1461=ORIENTED_EDGE('',*,*,#1106,.F.);
#1462=ORIENTED_EDGE('',*,*,#1107,.F.);
#1463=ORIENTED_EDGE('',*,*,#1108,.T.);
#1464=ORIENTED_EDGE('',*,*,#1109,.F.);
#1465=ORIENTED_EDGE('',*,*,#1110,.F.);
#1466=ORIENTED_EDGE('',*,*,#1111,.F.);
#1467=ORIENTED_EDGE('',*,*,#1112,.F.);
#1468=ORIENTED_EDGE('',*,*,#1113,.F.);
#1469=ORIENTED_EDGE('',*,*,#1108,.F.);
#1470=ORIENTED_EDGE('',*,*,#1114,.F.);
#1471=ORIENTED_EDGE('',*,*,#1110,.T.);
#1472=ORIENTED_EDGE('',*,*,#1115,.F.);
#1473=ORIENTED_EDGE('',*,*,#1116,.F.);
#1474=ORIENTED_EDGE('',*,*,#1117,.F.);
#1475=ORIENTED_EDGE('',*,*,#1118,.T.);
#1476=ORIENTED_EDGE('',*,*,#1119,.F.);
#1477=ORIENTED_EDGE('',*,*,#1120,.F.);
#1478=ORIENTED_EDGE('',*,*,#1121,.F.);
#1479=ORIENTED_EDGE('',*,*,#1122,.F.);
#1480=ORIENTED_EDGE('',*,*,#1123,.F.);
#1481=ORIENTED_EDGE('',*,*,#1118,.F.);
#1482=ORIENTED_EDGE('',*,*,#1124,.F.);
#1483=ORIENTED_EDGE('',*,*,#1120,.T.);
#1484=ORIENTED_EDGE('',*,*,#1125,.F.);
#1485=ORIENTED_EDGE('',*,*,#1126,.F.);
#1486=ORIENTED_EDGE('',*,*,#1127,.F.);
#1487=ORIENTED_EDGE('',*,*,#1128,.T.);
#1488=ORIENTED_EDGE('',*,*,#1129,.F.);
#1489=ORIENTED_EDGE('',*,*,#1130,.F.);
#1490=ORIENTED_EDGE('',*,*,#1131,.F.);
#1491=ORIENTED_EDGE('',*,*,#1132,.F.);
#1492=ORIENTED_EDGE('',*,*,#1133,.F.);
#1493=ORIENTED_EDGE('',*,*,#1128,.F.);
#1494=ORIENTED_EDGE('',*,*,#1134,.F.);
#1495=ORIENTED_EDGE('',*,*,#1130,.T.);
#1496=ORIENTED_EDGE('',*,*,#1135,.F.);
#1497=ORIENTED_EDGE('',*,*,#1136,.F.);
#1498=ORIENTED_EDGE('',*,*,#1137,.F.);
#1499=ORIENTED_EDGE('',*,*,#1138,.T.);
#1500=ORIENTED_EDGE('',*,*,#1139,.F.);
#1501=ORIENTED_EDGE('',*,*,#1140,.F.);
#1502=ORIENTED_EDGE('',*,*,#1141,.F.);
#1503=ORIENTED_EDGE('',*,*,#1142,.F.);
#1504=ORIENTED_EDGE('',*,*,#1143,.F.);
#1505=ORIENTED_EDGE('',*,*,#1138,.F.);
#1506=ORIENTED_EDGE('',*,*,#1144,.F.);
#1507=ORIENTED_EDGE('',*,*,#1140,.T.);
#1508=ORIENTED_EDGE('',*,*,#1145,.F.);
#1509=ORIENTED_EDGE('',*,*,#1146,.F.);
#1510=ORIENTED_EDGE('',*,*,#1147,.F.);
#1511=ORIENTED_EDGE('',*,*,#1148,.F.);
#1512=ORIENTED_EDGE('',*,*,#1149,.F.);
#1513=ORIENTED_EDGE('',*,*,#1085,.F.);
#1514=ORIENTED_EDGE('',*,*,#1079,.T.);
#1515=ORIENTED_EDGE('',*,*,#1150,.T.);
#1516=ORIENTED_EDGE('',*,*,#1148,.T.);
#1517=ORIENTED_EDGE('',*,*,#1151,.F.);
#1518=ORIENTED_EDGE('',*,*,#1092,.T.);
#1519=ORIENTED_EDGE('',*,*,#1152,.F.);
#1520=ORIENTED_EDGE('',*,*,#1083,.T.);
#1521=ORIENTED_EDGE('',*,*,#1153,.T.);
#1522=ORIENTED_EDGE('',*,*,#1069,.T.);
#1523=ORIENTED_EDGE('',*,*,#1154,.T.);
#1524=ORIENTED_EDGE('',*,*,#1071,.T.);
#1525=ORIENTED_EDGE('',*,*,#1155,.F.);
#1526=ORIENTED_EDGE('',*,*,#1102,.T.);
#1527=ORIENTED_EDGE('',*,*,#1156,.F.);
#1528=ORIENTED_EDGE('',*,*,#1096,.T.);
#1529=ORIENTED_EDGE('',*,*,#1157,.T.);
#1530=ORIENTED_EDGE('',*,*,#1059,.T.);
#1531=ORIENTED_EDGE('',*,*,#1158,.T.);
#1532=ORIENTED_EDGE('',*,*,#1061,.T.);
#1533=ORIENTED_EDGE('',*,*,#1159,.F.);
#1534=ORIENTED_EDGE('',*,*,#1112,.T.);
#1535=ORIENTED_EDGE('',*,*,#1160,.F.);
#1536=ORIENTED_EDGE('',*,*,#1106,.T.);
#1537=ORIENTED_EDGE('',*,*,#1161,.T.);
#1538=ORIENTED_EDGE('',*,*,#1049,.T.);
#1539=ORIENTED_EDGE('',*,*,#1162,.T.);
#1540=ORIENTED_EDGE('',*,*,#1051,.T.);
#1541=ORIENTED_EDGE('',*,*,#1163,.F.);
#1542=ORIENTED_EDGE('',*,*,#1122,.T.);
#1543=ORIENTED_EDGE('',*,*,#1164,.F.);
#1544=ORIENTED_EDGE('',*,*,#1116,.T.);
#1545=ORIENTED_EDGE('',*,*,#1165,.T.);
#1546=ORIENTED_EDGE('',*,*,#1039,.T.);
#1547=ORIENTED_EDGE('',*,*,#1166,.T.);
#1548=ORIENTED_EDGE('',*,*,#1041,.T.);
#1549=ORIENTED_EDGE('',*,*,#1167,.F.);
#1550=ORIENTED_EDGE('',*,*,#1132,.T.);
#1551=ORIENTED_EDGE('',*,*,#1168,.F.);
#1552=ORIENTED_EDGE('',*,*,#1126,.T.);
#1553=ORIENTED_EDGE('',*,*,#1169,.T.);
#1554=ORIENTED_EDGE('',*,*,#1029,.T.);
#1555=ORIENTED_EDGE('',*,*,#1170,.T.);
#1556=ORIENTED_EDGE('',*,*,#1031,.T.);
#1557=ORIENTED_EDGE('',*,*,#1171,.F.);
#1558=ORIENTED_EDGE('',*,*,#1142,.T.);
#1559=ORIENTED_EDGE('',*,*,#1172,.F.);
#1560=ORIENTED_EDGE('',*,*,#1136,.T.);
#1561=ORIENTED_EDGE('',*,*,#1173,.T.);
#1562=ORIENTED_EDGE('',*,*,#1023,.T.);
#1563=ORIENTED_EDGE('',*,*,#1174,.T.);
#1564=ORIENTED_EDGE('',*,*,#1175,.T.);
#1565=ORIENTED_EDGE('',*,*,#1174,.F.);
#1566=ORIENTED_EDGE('',*,*,#1026,.T.);
#1567=ORIENTED_EDGE('',*,*,#1027,.T.);
#1568=ORIENTED_EDGE('',*,*,#1171,.T.);
#1569=ORIENTED_EDGE('',*,*,#1030,.T.);
#1570=ORIENTED_EDGE('',*,*,#1034,.T.);
#1571=ORIENTED_EDGE('',*,*,#1037,.T.);
#1572=ORIENTED_EDGE('',*,*,#1167,.T.);
#1573=ORIENTED_EDGE('',*,*,#1040,.T.);
#1574=ORIENTED_EDGE('',*,*,#1044,.T.);
#1575=ORIENTED_EDGE('',*,*,#1047,.T.);
#1576=ORIENTED_EDGE('',*,*,#1163,.T.);
#1577=ORIENTED_EDGE('',*,*,#1050,.T.);
#1578=ORIENTED_EDGE('',*,*,#1054,.T.);
#1579=ORIENTED_EDGE('',*,*,#1057,.T.);
#1580=ORIENTED_EDGE('',*,*,#1159,.T.);
#1581=ORIENTED_EDGE('',*,*,#1060,.T.);
#1582=ORIENTED_EDGE('',*,*,#1064,.T.);
#1583=ORIENTED_EDGE('',*,*,#1067,.T.);
#1584=ORIENTED_EDGE('',*,*,#1155,.T.);
#1585=ORIENTED_EDGE('',*,*,#1070,.T.);
#1586=ORIENTED_EDGE('',*,*,#1074,.T.);
#1587=ORIENTED_EDGE('',*,*,#1077,.T.);
#1588=ORIENTED_EDGE('',*,*,#1151,.T.);
#1589=ORIENTED_EDGE('',*,*,#1147,.T.);
#1590=ORIENTED_EDGE('',*,*,#1084,.T.);
#1591=ORIENTED_EDGE('',*,*,#1080,.T.);
#1592=ORIENTED_EDGE('',*,*,#1152,.T.);
#1593=ORIENTED_EDGE('',*,*,#1091,.T.);
#1594=ORIENTED_EDGE('',*,*,#1087,.T.);
#1595=ORIENTED_EDGE('',*,*,#1094,.T.);
#1596=ORIENTED_EDGE('',*,*,#1156,.T.);
#1597=ORIENTED_EDGE('',*,*,#1101,.T.);
#1598=ORIENTED_EDGE('',*,*,#1097,.T.);
#1599=ORIENTED_EDGE('',*,*,#1104,.T.);
#1600=ORIENTED_EDGE('',*,*,#1160,.T.);
#1601=ORIENTED_EDGE('',*,*,#1111,.T.);
#1602=ORIENTED_EDGE('',*,*,#1107,.T.);
#1603=ORIENTED_EDGE('',*,*,#1114,.T.);
#1604=ORIENTED_EDGE('',*,*,#1164,.T.);
#1605=ORIENTED_EDGE('',*,*,#1121,.T.);
#1606=ORIENTED_EDGE('',*,*,#1117,.T.);
#1607=ORIENTED_EDGE('',*,*,#1124,.T.);
#1608=ORIENTED_EDGE('',*,*,#1168,.T.);
#1609=ORIENTED_EDGE('',*,*,#1131,.T.);
#1610=ORIENTED_EDGE('',*,*,#1127,.T.);
#1611=ORIENTED_EDGE('',*,*,#1134,.T.);
#1612=ORIENTED_EDGE('',*,*,#1172,.T.);
#1613=ORIENTED_EDGE('',*,*,#1141,.T.);
#1614=ORIENTED_EDGE('',*,*,#1137,.T.);
#1615=ORIENTED_EDGE('',*,*,#1144,.T.);
#1616=ORIENTED_EDGE('',*,*,#1176,.T.);
#1617=ORIENTED_EDGE('',*,*,#1019,.T.);
#1618=ORIENTED_EDGE('',*,*,#1175,.F.);
#1619=ORIENTED_EDGE('',*,*,#1177,.F.);
#1620=ORIENTED_EDGE('',*,*,#1020,.T.);
#1621=ORIENTED_EDGE('',*,*,#1176,.F.);
#1622=ORIENTED_EDGE('',*,*,#1146,.T.);
#1623=ORIENTED_EDGE('',*,*,#1178,.T.);
#1624=ORIENTED_EDGE('',*,*,#968,.F.);
#1625=ORIENTED_EDGE('',*,*,#1179,.T.);
#1626=ORIENTED_EDGE('',*,*,#1180,.F.);
#1627=ORIENTED_EDGE('',*,*,#1181,.F.);
#1628=ORIENTED_EDGE('',*,*,#969,.F.);
#1629=ORIENTED_EDGE('',*,*,#1181,.T.);
#1630=ORIENTED_EDGE('',*,*,#1182,.F.);
#1631=ORIENTED_EDGE('',*,*,#1183,.F.);
#1632=ORIENTED_EDGE('',*,*,#1184,.F.);
#1633=ORIENTED_EDGE('',*,*,#1185,.F.);
#1634=ORIENTED_EDGE('',*,*,#1017,.F.);
#1635=ORIENTED_EDGE('',*,*,#1186,.T.);
#1636=ORIENTED_EDGE('',*,*,#1187,.F.);
#1637=ORIENTED_EDGE('',*,*,#1186,.F.);
#1638=ORIENTED_EDGE('',*,*,#1016,.F.);
#1639=ORIENTED_EDGE('',*,*,#1188,.T.);
#1640=ORIENTED_EDGE('',*,*,#971,.F.);
#1641=ORIENTED_EDGE('',*,*,#1189,.F.);
#1642=ORIENTED_EDGE('',*,*,#1190,.F.);
#1643=ORIENTED_EDGE('',*,*,#1191,.F.);
#1644=ORIENTED_EDGE('',*,*,#1192,.F.);
#1645=ORIENTED_EDGE('',*,*,#1188,.F.);
#1646=ORIENTED_EDGE('',*,*,#1015,.F.);
#1647=ORIENTED_EDGE('',*,*,#1193,.F.);
#1648=ORIENTED_EDGE('',*,*,#972,.F.);
#1649=ORIENTED_EDGE('',*,*,#1191,.T.);
#1650=ORIENTED_EDGE('',*,*,#1194,.F.);
#1651=ORIENTED_EDGE('',*,*,#1195,.F.);
#1652=ORIENTED_EDGE('',*,*,#973,.F.);
#1653=ORIENTED_EDGE('',*,*,#1195,.T.);
#1654=ORIENTED_EDGE('',*,*,#1196,.F.);
#1655=ORIENTED_EDGE('',*,*,#1197,.F.);
#1656=ORIENTED_EDGE('',*,*,#1198,.F.);
#1657=ORIENTED_EDGE('',*,*,#1199,.F.);
#1658=ORIENTED_EDGE('',*,*,#1013,.F.);
#1659=ORIENTED_EDGE('',*,*,#1200,.T.);
#1660=ORIENTED_EDGE('',*,*,#1201,.F.);
#1661=ORIENTED_EDGE('',*,*,#1200,.F.);
#1662=ORIENTED_EDGE('',*,*,#1012,.F.);
#1663=ORIENTED_EDGE('',*,*,#1202,.T.);
#1664=ORIENTED_EDGE('',*,*,#975,.F.);
#1665=ORIENTED_EDGE('',*,*,#1203,.F.);
#1666=ORIENTED_EDGE('',*,*,#1204,.F.);
#1667=ORIENTED_EDGE('',*,*,#1205,.F.);
#1668=ORIENTED_EDGE('',*,*,#1206,.F.);
#1669=ORIENTED_EDGE('',*,*,#1202,.F.);
#1670=ORIENTED_EDGE('',*,*,#1011,.F.);
#1671=ORIENTED_EDGE('',*,*,#1207,.F.);
#1672=ORIENTED_EDGE('',*,*,#976,.F.);
#1673=ORIENTED_EDGE('',*,*,#1205,.T.);
#1674=ORIENTED_EDGE('',*,*,#1208,.F.);
#1675=ORIENTED_EDGE('',*,*,#1209,.F.);
#1676=ORIENTED_EDGE('',*,*,#977,.F.);
#1677=ORIENTED_EDGE('',*,*,#1209,.T.);
#1678=ORIENTED_EDGE('',*,*,#1210,.F.);
#1679=ORIENTED_EDGE('',*,*,#1211,.F.);
#1680=ORIENTED_EDGE('',*,*,#1212,.F.);
#1681=ORIENTED_EDGE('',*,*,#1213,.F.);
#1682=ORIENTED_EDGE('',*,*,#1009,.F.);
#1683=ORIENTED_EDGE('',*,*,#1214,.T.);
#1684=ORIENTED_EDGE('',*,*,#1215,.F.);
#1685=ORIENTED_EDGE('',*,*,#1214,.F.);
#1686=ORIENTED_EDGE('',*,*,#1008,.F.);
#1687=ORIENTED_EDGE('',*,*,#1216,.T.);
#1688=ORIENTED_EDGE('',*,*,#979,.F.);
#1689=ORIENTED_EDGE('',*,*,#1217,.F.);
#1690=ORIENTED_EDGE('',*,*,#1218,.F.);
#1691=ORIENTED_EDGE('',*,*,#1219,.F.);
#1692=ORIENTED_EDGE('',*,*,#1220,.F.);
#1693=ORIENTED_EDGE('',*,*,#1216,.F.);
#1694=ORIENTED_EDGE('',*,*,#1007,.F.);
#1695=ORIENTED_EDGE('',*,*,#1221,.F.);
#1696=ORIENTED_EDGE('',*,*,#980,.F.);
#1697=ORIENTED_EDGE('',*,*,#1219,.T.);
#1698=ORIENTED_EDGE('',*,*,#1222,.F.);
#1699=ORIENTED_EDGE('',*,*,#1223,.F.);
#1700=ORIENTED_EDGE('',*,*,#981,.F.);
#1701=ORIENTED_EDGE('',*,*,#1223,.T.);
#1702=ORIENTED_EDGE('',*,*,#1224,.F.);
#1703=ORIENTED_EDGE('',*,*,#1225,.F.);
#1704=ORIENTED_EDGE('',*,*,#1226,.F.);
#1705=ORIENTED_EDGE('',*,*,#1227,.F.);
#1706=ORIENTED_EDGE('',*,*,#1005,.F.);
#1707=ORIENTED_EDGE('',*,*,#1228,.T.);
#1708=ORIENTED_EDGE('',*,*,#1229,.F.);
#1709=ORIENTED_EDGE('',*,*,#1228,.F.);
#1710=ORIENTED_EDGE('',*,*,#1004,.F.);
#1711=ORIENTED_EDGE('',*,*,#1230,.T.);
#1712=ORIENTED_EDGE('',*,*,#983,.F.);
#1713=ORIENTED_EDGE('',*,*,#1231,.F.);
#1714=ORIENTED_EDGE('',*,*,#1232,.F.);
#1715=ORIENTED_EDGE('',*,*,#1233,.F.);
#1716=ORIENTED_EDGE('',*,*,#1234,.F.);
#1717=ORIENTED_EDGE('',*,*,#1230,.F.);
#1718=ORIENTED_EDGE('',*,*,#1003,.F.);
#1719=ORIENTED_EDGE('',*,*,#1235,.F.);
#1720=ORIENTED_EDGE('',*,*,#984,.F.);
#1721=ORIENTED_EDGE('',*,*,#1233,.T.);
#1722=ORIENTED_EDGE('',*,*,#1236,.F.);
#1723=ORIENTED_EDGE('',*,*,#1237,.F.);
#1724=ORIENTED_EDGE('',*,*,#985,.F.);
#1725=ORIENTED_EDGE('',*,*,#1237,.T.);
#1726=ORIENTED_EDGE('',*,*,#1238,.F.);
#1727=ORIENTED_EDGE('',*,*,#1239,.F.);
#1728=ORIENTED_EDGE('',*,*,#1240,.F.);
#1729=ORIENTED_EDGE('',*,*,#1241,.F.);
#1730=ORIENTED_EDGE('',*,*,#1001,.F.);
#1731=ORIENTED_EDGE('',*,*,#1242,.T.);
#1732=ORIENTED_EDGE('',*,*,#1243,.F.);
#1733=ORIENTED_EDGE('',*,*,#1242,.F.);
#1734=ORIENTED_EDGE('',*,*,#1000,.F.);
#1735=ORIENTED_EDGE('',*,*,#1244,.T.);
#1736=ORIENTED_EDGE('',*,*,#987,.F.);
#1737=ORIENTED_EDGE('',*,*,#1245,.F.);
#1738=ORIENTED_EDGE('',*,*,#1246,.F.);
#1739=ORIENTED_EDGE('',*,*,#1247,.F.);
#1740=ORIENTED_EDGE('',*,*,#1248,.F.);
#1741=ORIENTED_EDGE('',*,*,#1244,.F.);
#1742=ORIENTED_EDGE('',*,*,#999,.F.);
#1743=ORIENTED_EDGE('',*,*,#1249,.F.);
#1744=ORIENTED_EDGE('',*,*,#988,.F.);
#1745=ORIENTED_EDGE('',*,*,#1247,.T.);
#1746=ORIENTED_EDGE('',*,*,#1250,.F.);
#1747=ORIENTED_EDGE('',*,*,#1251,.F.);
#1748=ORIENTED_EDGE('',*,*,#989,.F.);
#1749=ORIENTED_EDGE('',*,*,#1251,.T.);
#1750=ORIENTED_EDGE('',*,*,#1252,.F.);
#1751=ORIENTED_EDGE('',*,*,#1253,.F.);
#1752=ORIENTED_EDGE('',*,*,#1254,.F.);
#1753=ORIENTED_EDGE('',*,*,#1255,.F.);
#1754=ORIENTED_EDGE('',*,*,#997,.F.);
#1755=ORIENTED_EDGE('',*,*,#1256,.T.);
#1756=ORIENTED_EDGE('',*,*,#1257,.F.);
#1757=ORIENTED_EDGE('',*,*,#1256,.F.);
#1758=ORIENTED_EDGE('',*,*,#996,.F.);
#1759=ORIENTED_EDGE('',*,*,#1258,.T.);
#1760=ORIENTED_EDGE('',*,*,#1259,.F.);
#1761=ORIENTED_EDGE('',*,*,#1258,.F.);
#1762=ORIENTED_EDGE('',*,*,#995,.F.);
#1763=ORIENTED_EDGE('',*,*,#1260,.F.);
#1764=ORIENTED_EDGE('',*,*,#967,.F.);
#1765=ORIENTED_EDGE('',*,*,#1261,.F.);
#1766=ORIENTED_EDGE('',*,*,#1262,.F.);
#1767=ORIENTED_EDGE('',*,*,#1179,.F.);
#1768=ORIENTED_EDGE('',*,*,#1260,.T.);
#1769=ORIENTED_EDGE('',*,*,#994,.F.);
#1770=ORIENTED_EDGE('',*,*,#1263,.T.);
#1771=ORIENTED_EDGE('',*,*,#1264,.T.);
#1772=ORIENTED_EDGE('',*,*,#1253,.T.);
#1773=ORIENTED_EDGE('',*,*,#1265,.T.);
#1774=ORIENTED_EDGE('',*,*,#1266,.F.);
#1775=ORIENTED_EDGE('',*,*,#990,.F.);
#1776=ORIENTED_EDGE('',*,*,#1249,.T.);
#1777=ORIENTED_EDGE('',*,*,#998,.F.);
#1778=ORIENTED_EDGE('',*,*,#1255,.T.);
#1779=ORIENTED_EDGE('',*,*,#1267,.T.);
#1780=ORIENTED_EDGE('',*,*,#1239,.T.);
#1781=ORIENTED_EDGE('',*,*,#1268,.T.);
#1782=ORIENTED_EDGE('',*,*,#1245,.T.);
#1783=ORIENTED_EDGE('',*,*,#986,.F.);
#1784=ORIENTED_EDGE('',*,*,#1235,.T.);
#1785=ORIENTED_EDGE('',*,*,#1002,.F.);
#1786=ORIENTED_EDGE('',*,*,#1241,.T.);
#1787=ORIENTED_EDGE('',*,*,#1269,.T.);
#1788=ORIENTED_EDGE('',*,*,#1225,.T.);
#1789=ORIENTED_EDGE('',*,*,#1270,.T.);
#1790=ORIENTED_EDGE('',*,*,#1231,.T.);
#1791=ORIENTED_EDGE('',*,*,#982,.F.);
#1792=ORIENTED_EDGE('',*,*,#1221,.T.);
#1793=ORIENTED_EDGE('',*,*,#1006,.F.);
#1794=ORIENTED_EDGE('',*,*,#1227,.T.);
#1795=ORIENTED_EDGE('',*,*,#1271,.T.);
#1796=ORIENTED_EDGE('',*,*,#1211,.T.);
#1797=ORIENTED_EDGE('',*,*,#1272,.T.);
#1798=ORIENTED_EDGE('',*,*,#1217,.T.);
#1799=ORIENTED_EDGE('',*,*,#978,.F.);
#1800=ORIENTED_EDGE('',*,*,#1207,.T.);
#1801=ORIENTED_EDGE('',*,*,#1010,.F.);
#1802=ORIENTED_EDGE('',*,*,#1213,.T.);
#1803=ORIENTED_EDGE('',*,*,#1273,.T.);
#1804=ORIENTED_EDGE('',*,*,#1197,.T.);
#1805=ORIENTED_EDGE('',*,*,#1274,.T.);
#1806=ORIENTED_EDGE('',*,*,#1203,.T.);
#1807=ORIENTED_EDGE('',*,*,#974,.F.);
#1808=ORIENTED_EDGE('',*,*,#1193,.T.);
#1809=ORIENTED_EDGE('',*,*,#1014,.F.);
#1810=ORIENTED_EDGE('',*,*,#1199,.T.);
#1811=ORIENTED_EDGE('',*,*,#1275,.T.);
#1812=ORIENTED_EDGE('',*,*,#1183,.T.);
#1813=ORIENTED_EDGE('',*,*,#1276,.T.);
#1814=ORIENTED_EDGE('',*,*,#1189,.T.);
#1815=ORIENTED_EDGE('',*,*,#970,.F.);
#1816=ORIENTED_EDGE('',*,*,#1261,.T.);
#1817=ORIENTED_EDGE('',*,*,#1018,.F.);
#1818=ORIENTED_EDGE('',*,*,#1185,.T.);
#1819=ORIENTED_EDGE('',*,*,#1277,.T.);
#1820=ORIENTED_EDGE('',*,*,#1278,.T.);
#1821=ORIENTED_EDGE('',*,*,#1279,.F.);
#1822=ORIENTED_EDGE('',*,*,#1280,.F.);
#1823=ORIENTED_EDGE('',*,*,#992,.F.);
#1824=ORIENTED_EDGE('',*,*,#1280,.T.);
#1825=ORIENTED_EDGE('',*,*,#1281,.F.);
#1826=ORIENTED_EDGE('',*,*,#1263,.F.);
#1827=ORIENTED_EDGE('',*,*,#993,.F.);
#1828=ORIENTED_EDGE('',*,*,#1278,.F.);
#1829=ORIENTED_EDGE('',*,*,#991,.F.);
#1830=ORIENTED_EDGE('',*,*,#1266,.T.);
#1831=ORIENTED_EDGE('',*,*,#1282,.F.);
#1832=ORIENTED_EDGE('',*,*,#1262,.T.);
#1833=ORIENTED_EDGE('',*,*,#1277,.F.);
#1834=ORIENTED_EDGE('',*,*,#1184,.T.);
#1835=ORIENTED_EDGE('',*,*,#1187,.T.);
#1836=ORIENTED_EDGE('',*,*,#1192,.T.);
#1837=ORIENTED_EDGE('',*,*,#1275,.F.);
#1838=ORIENTED_EDGE('',*,*,#1198,.T.);
#1839=ORIENTED_EDGE('',*,*,#1201,.T.);
#1840=ORIENTED_EDGE('',*,*,#1206,.T.);
#1841=ORIENTED_EDGE('',*,*,#1273,.F.);
#1842=ORIENTED_EDGE('',*,*,#1212,.T.);
#1843=ORIENTED_EDGE('',*,*,#1215,.T.);
#1844=ORIENTED_EDGE('',*,*,#1220,.T.);
#1845=ORIENTED_EDGE('',*,*,#1271,.F.);
#1846=ORIENTED_EDGE('',*,*,#1226,.T.);
#1847=ORIENTED_EDGE('',*,*,#1229,.T.);
#1848=ORIENTED_EDGE('',*,*,#1234,.T.);
#1849=ORIENTED_EDGE('',*,*,#1269,.F.);
#1850=ORIENTED_EDGE('',*,*,#1240,.T.);
#1851=ORIENTED_EDGE('',*,*,#1243,.T.);
#1852=ORIENTED_EDGE('',*,*,#1248,.T.);
#1853=ORIENTED_EDGE('',*,*,#1267,.F.);
#1854=ORIENTED_EDGE('',*,*,#1254,.T.);
#1855=ORIENTED_EDGE('',*,*,#1257,.T.);
#1856=ORIENTED_EDGE('',*,*,#1259,.T.);
#1857=ORIENTED_EDGE('',*,*,#1264,.F.);
#1858=ORIENTED_EDGE('',*,*,#1281,.T.);
#1859=ORIENTED_EDGE('',*,*,#1279,.T.);
#1860=ORIENTED_EDGE('',*,*,#1282,.T.);
#1861=ORIENTED_EDGE('',*,*,#1265,.F.);
#1862=ORIENTED_EDGE('',*,*,#1252,.T.);
#1863=ORIENTED_EDGE('',*,*,#1250,.T.);
#1864=ORIENTED_EDGE('',*,*,#1246,.T.);
#1865=ORIENTED_EDGE('',*,*,#1268,.F.);
#1866=ORIENTED_EDGE('',*,*,#1238,.T.);
#1867=ORIENTED_EDGE('',*,*,#1236,.T.);
#1868=ORIENTED_EDGE('',*,*,#1232,.T.);
#1869=ORIENTED_EDGE('',*,*,#1270,.F.);
#1870=ORIENTED_EDGE('',*,*,#1224,.T.);
#1871=ORIENTED_EDGE('',*,*,#1222,.T.);
#1872=ORIENTED_EDGE('',*,*,#1218,.T.);
#1873=ORIENTED_EDGE('',*,*,#1272,.F.);
#1874=ORIENTED_EDGE('',*,*,#1210,.T.);
#1875=ORIENTED_EDGE('',*,*,#1208,.T.);
#1876=ORIENTED_EDGE('',*,*,#1204,.T.);
#1877=ORIENTED_EDGE('',*,*,#1274,.F.);
#1878=ORIENTED_EDGE('',*,*,#1196,.T.);
#1879=ORIENTED_EDGE('',*,*,#1194,.T.);
#1880=ORIENTED_EDGE('',*,*,#1190,.T.);
#1881=ORIENTED_EDGE('',*,*,#1276,.F.);
#1882=ORIENTED_EDGE('',*,*,#1182,.T.);
#1883=ORIENTED_EDGE('',*,*,#1180,.T.);
#1884=ORIENTED_EDGE('',*,*,#1283,.T.);
#1885=ORIENTED_EDGE('',*,*,#1177,.T.);
#1886=ORIENTED_EDGE('',*,*,#1284,.T.);
#1887=ORIENTED_EDGE('',*,*,#1285,.F.);
#1888=ORIENTED_EDGE('',*,*,#1284,.F.);
#1889=ORIENTED_EDGE('',*,*,#1286,.F.);
#1890=ORIENTED_EDGE('',*,*,#1285,.T.);
#1891=ORIENTED_EDGE('',*,*,#1287,.T.);
#1892=ORIENTED_EDGE('',*,*,#1288,.T.);
#1893=ORIENTED_EDGE('',*,*,#1283,.F.);
#1894=ORIENTED_EDGE('',*,*,#1288,.F.);
#1895=ORIENTED_EDGE('',*,*,#1021,.T.);
#1896=ORIENTED_EDGE('',*,*,#1178,.F.);
#1897=ORIENTED_EDGE('',*,*,#1145,.T.);
#1898=ORIENTED_EDGE('',*,*,#1139,.T.);
#1899=ORIENTED_EDGE('',*,*,#1143,.T.);
#1900=ORIENTED_EDGE('',*,*,#1173,.F.);
#1901=ORIENTED_EDGE('',*,*,#1135,.T.);
#1902=ORIENTED_EDGE('',*,*,#1129,.T.);
#1903=ORIENTED_EDGE('',*,*,#1133,.T.);
#1904=ORIENTED_EDGE('',*,*,#1169,.F.);
#1905=ORIENTED_EDGE('',*,*,#1125,.T.);
#1906=ORIENTED_EDGE('',*,*,#1119,.T.);
#1907=ORIENTED_EDGE('',*,*,#1123,.T.);
#1908=ORIENTED_EDGE('',*,*,#1165,.F.);
#1909=ORIENTED_EDGE('',*,*,#1115,.T.);
#1910=ORIENTED_EDGE('',*,*,#1109,.T.);
#1911=ORIENTED_EDGE('',*,*,#1113,.T.);
#1912=ORIENTED_EDGE('',*,*,#1161,.F.);
#1913=ORIENTED_EDGE('',*,*,#1105,.T.);
#1914=ORIENTED_EDGE('',*,*,#1099,.T.);
#1915=ORIENTED_EDGE('',*,*,#1103,.T.);
#1916=ORIENTED_EDGE('',*,*,#1157,.F.);
#1917=ORIENTED_EDGE('',*,*,#1095,.T.);
#1918=ORIENTED_EDGE('',*,*,#1089,.T.);
#1919=ORIENTED_EDGE('',*,*,#1093,.T.);
#1920=ORIENTED_EDGE('',*,*,#1153,.F.);
#1921=ORIENTED_EDGE('',*,*,#1082,.T.);
#1922=ORIENTED_EDGE('',*,*,#1086,.T.);
#1923=ORIENTED_EDGE('',*,*,#1149,.T.);
#1924=ORIENTED_EDGE('',*,*,#1150,.F.);
#1925=ORIENTED_EDGE('',*,*,#1078,.T.);
#1926=ORIENTED_EDGE('',*,*,#1075,.T.);
#1927=ORIENTED_EDGE('',*,*,#1072,.T.);
#1928=ORIENTED_EDGE('',*,*,#1154,.F.);
#1929=ORIENTED_EDGE('',*,*,#1068,.T.);
#1930=ORIENTED_EDGE('',*,*,#1065,.T.);
#1931=ORIENTED_EDGE('',*,*,#1062,.T.);
#1932=ORIENTED_EDGE('',*,*,#1158,.F.);
#1933=ORIENTED_EDGE('',*,*,#1058,.T.);
#1934=ORIENTED_EDGE('',*,*,#1055,.T.);
#1935=ORIENTED_EDGE('',*,*,#1052,.T.);
#1936=ORIENTED_EDGE('',*,*,#1162,.F.);
#1937=ORIENTED_EDGE('',*,*,#1048,.T.);
#1938=ORIENTED_EDGE('',*,*,#1045,.T.);
#1939=ORIENTED_EDGE('',*,*,#1042,.T.);
#1940=ORIENTED_EDGE('',*,*,#1166,.F.);
#1941=ORIENTED_EDGE('',*,*,#1038,.T.);
#1942=ORIENTED_EDGE('',*,*,#1035,.T.);
#1943=ORIENTED_EDGE('',*,*,#1032,.T.);
#1944=ORIENTED_EDGE('',*,*,#1170,.F.);
#1945=ORIENTED_EDGE('',*,*,#1028,.T.);
#1946=ORIENTED_EDGE('',*,*,#1024,.T.);
#1947=ORIENTED_EDGE('',*,*,#1287,.F.);
#1948=ORIENTED_EDGE('',*,*,#1286,.T.);
#1949=ORIENTED_EDGE('',*,*,#1289,.T.);
#1950=ORIENTED_EDGE('',*,*,#964,.F.);
#1951=ORIENTED_EDGE('',*,*,#1289,.F.);
#1952=CONICAL_SURFACE('',#2086,1.7,0.785398163397448);
#1953=CONICAL_SURFACE('',#2093,1.65,0.785398163397448);
#1954=CONICAL_SURFACE('',#2197,2.325,0.785398163397448);
#1955=ADVANCED_FACE('',(#357),#1952,.F.);
#1956=ADVANCED_FACE('',(#358),#327,.F.);
#1957=ADVANCED_FACE('',(#359,#315),#321,.F.);
#1958=ADVANCED_FACE('',(#360),#1953,.F.);
#1959=ADVANCED_FACE('',(#361,#316),#322,.T.);
#1960=ADVANCED_FACE('',(#362),#237,.T.);
#1961=ADVANCED_FACE('',(#363),#238,.T.);
#1962=ADVANCED_FACE('',(#364),#239,.T.);
#1963=ADVANCED_FACE('',(#365),#240,.T.);
#1964=ADVANCED_FACE('',(#366),#241,.T.);
#1965=ADVANCED_FACE('',(#367),#242,.T.);
#1966=ADVANCED_FACE('',(#368),#243,.T.);
#1967=ADVANCED_FACE('',(#369),#244,.T.);
#1968=ADVANCED_FACE('',(#370),#245,.T.);
#1969=ADVANCED_FACE('',(#371),#246,.T.);
#1970=ADVANCED_FACE('',(#372),#247,.T.);
#1971=ADVANCED_FACE('',(#373),#248,.T.);
#1972=ADVANCED_FACE('',(#374),#249,.T.);
#1973=ADVANCED_FACE('',(#375),#250,.T.);
#1974=ADVANCED_FACE('',(#376),#251,.T.);
#1975=ADVANCED_FACE('',(#377),#252,.T.);
#1976=ADVANCED_FACE('',(#378),#253,.T.);
#1977=ADVANCED_FACE('',(#379),#254,.T.);
#1978=ADVANCED_FACE('',(#380),#255,.T.);
#1979=ADVANCED_FACE('',(#381),#256,.T.);
#1980=ADVANCED_FACE('',(#382),#257,.T.);
#1981=ADVANCED_FACE('',(#383),#258,.T.);
#1982=ADVANCED_FACE('',(#384),#259,.T.);
#1983=ADVANCED_FACE('',(#385),#260,.T.);
#1984=ADVANCED_FACE('',(#386),#261,.T.);
#1985=ADVANCED_FACE('',(#387),#262,.T.);
#1986=ADVANCED_FACE('',(#388),#263,.T.);
#1987=ADVANCED_FACE('',(#389),#264,.T.);
#1988=ADVANCED_FACE('',(#390),#265,.T.);
#1989=ADVANCED_FACE('',(#391),#266,.T.);
#1990=ADVANCED_FACE('',(#392),#267,.T.);
#1991=ADVANCED_FACE('',(#393),#268,.T.);
#1992=ADVANCED_FACE('',(#394),#269,.T.);
#1993=ADVANCED_FACE('',(#395),#270,.T.);
#1994=ADVANCED_FACE('',(#396),#271,.T.);
#1995=ADVANCED_FACE('',(#397),#272,.T.);
#1996=ADVANCED_FACE('',(#398),#273,.T.);
#1997=ADVANCED_FACE('',(#399),#274,.T.);
#1998=ADVANCED_FACE('',(#400),#275,.T.);
#1999=ADVANCED_FACE('',(#401),#328,.T.);
#2000=ADVANCED_FACE('',(#402),#329,.T.);
#2001=ADVANCED_FACE('',(#403),#330,.T.);
#2002=ADVANCED_FACE('',(#404),#331,.T.);
#2003=ADVANCED_FACE('',(#405),#332,.T.);
#2004=ADVANCED_FACE('',(#406),#333,.T.);
#2005=ADVANCED_FACE('',(#407),#334,.T.);
#2006=ADVANCED_FACE('',(#408),#335,.T.);
#2007=ADVANCED_FACE('',(#409),#336,.T.);
#2008=ADVANCED_FACE('',(#410),#337,.T.);
#2009=ADVANCED_FACE('',(#411),#338,.T.);
#2010=ADVANCED_FACE('',(#412),#339,.T.);
#2011=ADVANCED_FACE('',(#413),#1954,.T.);
#2012=ADVANCED_FACE('',(#414,#317),#323,.T.);
#2013=ADVANCED_FACE('',(#415),#340,.T.);
#2014=ADVANCED_FACE('',(#416),#276,.F.);
#2015=ADVANCED_FACE('',(#417),#277,.F.);
#2016=ADVANCED_FACE('',(#418),#278,.F.);
#2017=ADVANCED_FACE('',(#419),#279,.F.);
#2018=ADVANCED_FACE('',(#420),#280,.F.);
#2019=ADVANCED_FACE('',(#421),#281,.F.);
#2020=ADVANCED_FACE('',(#422),#282,.F.);
#2021=ADVANCED_FACE('',(#423),#283,.F.);
#2022=ADVANCED_FACE('',(#424),#284,.F.);
#2023=ADVANCED_FACE('',(#425),#285,.F.);
#2024=ADVANCED_FACE('',(#426),#286,.F.);
#2025=ADVANCED_FACE('',(#427),#287,.F.);
#2026=ADVANCED_FACE('',(#428),#288,.F.);
#2027=ADVANCED_FACE('',(#429),#289,.F.);
#2028=ADVANCED_FACE('',(#430),#290,.F.);
#2029=ADVANCED_FACE('',(#431),#291,.F.);
#2030=ADVANCED_FACE('',(#432),#292,.F.);
#2031=ADVANCED_FACE('',(#433),#293,.F.);
#2032=ADVANCED_FACE('',(#434),#294,.F.);
#2033=ADVANCED_FACE('',(#435),#295,.F.);
#2034=ADVANCED_FACE('',(#436),#296,.F.);
#2035=ADVANCED_FACE('',(#437),#297,.F.);
#2036=ADVANCED_FACE('',(#438),#298,.F.);
#2037=ADVANCED_FACE('',(#439),#299,.F.);
#2038=ADVANCED_FACE('',(#440),#300,.F.);
#2039=ADVANCED_FACE('',(#441),#301,.F.);
#2040=ADVANCED_FACE('',(#442),#302,.F.);
#2041=ADVANCED_FACE('',(#443),#303,.F.);
#2042=ADVANCED_FACE('',(#444),#304,.F.);
#2043=ADVANCED_FACE('',(#445),#305,.F.);
#2044=ADVANCED_FACE('',(#446),#306,.F.);
#2045=ADVANCED_FACE('',(#447),#307,.F.);
#2046=ADVANCED_FACE('',(#448),#308,.F.);
#2047=ADVANCED_FACE('',(#449),#309,.F.);
#2048=ADVANCED_FACE('',(#450),#310,.F.);
#2049=ADVANCED_FACE('',(#451),#311,.F.);
#2050=ADVANCED_FACE('',(#452),#341,.T.);
#2051=ADVANCED_FACE('',(#453),#342,.T.);
#2052=ADVANCED_FACE('',(#454),#343,.T.);
#2053=ADVANCED_FACE('',(#455),#344,.T.);
#2054=ADVANCED_FACE('',(#456),#345,.T.);
#2055=ADVANCED_FACE('',(#457),#346,.T.);
#2056=ADVANCED_FACE('',(#458),#347,.T.);
#2057=ADVANCED_FACE('',(#459),#348,.T.);
#2058=ADVANCED_FACE('',(#460),#349,.T.);
#2059=ADVANCED_FACE('',(#461),#350,.T.);
#2060=ADVANCED_FACE('',(#462),#351,.T.);
#2061=ADVANCED_FACE('',(#463),#352,.T.);
#2062=ADVANCED_FACE('',(#464),#353,.T.);
#2063=ADVANCED_FACE('',(#465),#312,.F.);
#2064=ADVANCED_FACE('',(#466),#313,.F.);
#2065=ADVANCED_FACE('',(#467),#314,.F.);
#2066=ADVANCED_FACE('',(#468,#318),#324,.F.);
#2067=ADVANCED_FACE('',(#469),#354,.T.);
#2068=ADVANCED_FACE('',(#470,#319),#325,.F.);
#2069=ADVANCED_FACE('',(#471),#355,.T.);
#2070=ADVANCED_FACE('',(#472,#320),#326,.T.);
#2071=ADVANCED_FACE('',(#473),#356,.T.);
#2072=CLOSED_SHELL('',(#1955,#1956,#1957,#1958,#1959,#1960,#1961,#1962,
#1963,#1964,#1965,#1966,#1967,#1968,#1969,#1970,#1971,#1972,#1973,#1974,
#1975,#1976,#1977,#1978,#1979,#1980,#1981,#1982,#1983,#1984,#1985,#1986,
#1987,#1988,#1989,#1990,#1991,#1992,#1993,#1994,#1995,#1996,#1997,#1998,
#1999,#2000,#2001,#2002,#2003,#2004,#2005,#2006,#2007,#2008,#2009,#2010,
#2011,#2012,#2013,#2014,#2015,#2016,#2017,#2018,#2019,#2020,#2021,#2022,
#2023,#2024,#2025,#2026,#2027,#2028,#2029,#2030,#2031,#2032,#2033,#2034,
#2035,#2036,#2037,#2038,#2039,#2040,#2041,#2042,#2043,#2044,#2045,#2046,
#2047,#2048,#2049,#2050,#2051,#2052,#2053,#2054,#2055,#2056,#2057,#2058,
#2059,#2060,#2061,#2062,#2063,#2064,#2065,#2066,#2067,#2068,#2069,#2070,
#2071));
#2073=DERIVED_UNIT_ELEMENT(#2075,1.);
#2074=DERIVED_UNIT_ELEMENT(#5727,-3.);
#2075=(
MASS_UNIT()
NAMED_UNIT(*)
SI_UNIT(.KILO.,.GRAM.)
);
#2076=DERIVED_UNIT((#2073,#2074));
#2077=MEASURE_REPRESENTATION_ITEM('density measure',
POSITIVE_RATIO_MEASURE(7850.),#2076);
#2078=PROPERTY_DEFINITION_REPRESENTATION(#2083,#2080);
#2079=PROPERTY_DEFINITION_REPRESENTATION(#2084,#2081);
#2080=REPRESENTATION('material name',(#2082),#5724);
#2081=REPRESENTATION('density',(#2077),#5724);
#2082=DESCRIPTIVE_REPRESENTATION_ITEM('Steel','Steel');
#2083=PROPERTY_DEFINITION('material property','material name',#5734);
#2084=PROPERTY_DEFINITION('material property','density of part',#5734);
#2085=AXIS2_PLACEMENT_3D('',#2661,#2266,#2267);
#2086=AXIS2_PLACEMENT_3D('',#2662,#2268,#2269);
#2087=AXIS2_PLACEMENT_3D('',#2664,#2270,#2271);
#2088=AXIS2_PLACEMENT_3D('',#2667,#2273,#2274);
#2089=AXIS2_PLACEMENT_3D('',#2668,#2275,#2276);
#2090=AXIS2_PLACEMENT_3D('',#2670,#2277,#2278);
#2091=AXIS2_PLACEMENT_3D('',#2672,#2280,#2281);
#2092=AXIS2_PLACEMENT_3D('',#2674,#2282,#2283);
#2093=AXIS2_PLACEMENT_3D('',#2675,#2284,#2285);
#2094=AXIS2_PLACEMENT_3D('',#2678,#2287,#2288);
#2095=AXIS2_PLACEMENT_3D('',#2679,#2289,#2290);
#2096=AXIS2_PLACEMENT_3D('',#2684,#2292,#2293);
#2097=AXIS2_PLACEMENT_3D('',#2688,#2295,#2296);
#2098=AXIS2_PLACEMENT_3D('',#2692,#2298,#2299);
#2099=AXIS2_PLACEMENT_3D('',#2696,#2301,#2302);
#2100=AXIS2_PLACEMENT_3D('',#2700,#2304,#2305);
#2101=AXIS2_PLACEMENT_3D('',#2704,#2307,#2308);
#2102=AXIS2_PLACEMENT_3D('',#2708,#2310,#2311);
#2103=AXIS2_PLACEMENT_3D('',#2712,#2313,#2314);
#2104=AXIS2_PLACEMENT_3D('',#2716,#2316,#2317);
#2105=AXIS2_PLACEMENT_3D('',#2720,#2319,#2320);
#2106=AXIS2_PLACEMENT_3D('',#2724,#2322,#2323);
#2107=AXIS2_PLACEMENT_3D('',#2728,#2325,#2326);
#2108=AXIS2_PLACEMENT_3D('',#2732,#2328,#2329);
#2109=AXIS2_PLACEMENT_3D('',#2736,#2331,#2332);
#2110=AXIS2_PLACEMENT_3D('',#2740,#2334,#2335);
#2111=AXIS2_PLACEMENT_3D('',#2744,#2337,#2338);
#2112=AXIS2_PLACEMENT_3D('',#2748,#2340,#2341);
#2113=AXIS2_PLACEMENT_3D('',#2752,#2343,#2344);
#2114=AXIS2_PLACEMENT_3D('',#2756,#2346,#2347);
#2115=AXIS2_PLACEMENT_3D('',#2760,#2349,#2350);
#2116=AXIS2_PLACEMENT_3D('',#2764,#2352,#2353);
#2117=AXIS2_PLACEMENT_3D('',#2768,#2355,#2356);
#2118=AXIS2_PLACEMENT_3D('',#2772,#2358,#2359);
#2119=AXIS2_PLACEMENT_3D('',#2776,#2361,#2362);
#2120=AXIS2_PLACEMENT_3D('',#2780,#2364,#2365);
#2121=AXIS2_PLACEMENT_3D('',#2783,#2367,#2368);
#2122=AXIS2_PLACEMENT_3D('',#2832,#2369,#2370);
#2123=AXIS2_PLACEMENT_3D('',#2855,#2371,#2372);
#2124=AXIS2_PLACEMENT_3D('',#2857,#2373,#2374);
#2125=AXIS2_PLACEMENT_3D('',#2956,#2375,#2376);
#2126=AXIS2_PLACEMENT_3D('',#2981,#2377,#2378);
#2127=AXIS2_PLACEMENT_3D('',#2982,#2379,#2380);
#2128=AXIS2_PLACEMENT_3D('',#3075,#2381,#2382);
#2129=AXIS2_PLACEMENT_3D('',#3100,#2383,#2384);
#2130=AXIS2_PLACEMENT_3D('',#3101,#2385,#2386);
#2131=AXIS2_PLACEMENT_3D('',#3194,#2387,#2388);
#2132=AXIS2_PLACEMENT_3D('',#3219,#2389,#2390);
#2133=AXIS2_PLACEMENT_3D('',#3220,#2391,#2392);
#2134=AXIS2_PLACEMENT_3D('',#3313,#2393,#2394);
#2135=AXIS2_PLACEMENT_3D('',#3338,#2395,#2396);
#2136=AXIS2_PLACEMENT_3D('',#3339,#2397,#2398);
#2137=AXIS2_PLACEMENT_3D('',#3432,#2399,#2400);
#2138=AXIS2_PLACEMENT_3D('',#3457,#2401,#2402);
#2139=AXIS2_PLACEMENT_3D('',#3458,#2403,#2404);
#2140=AXIS2_PLACEMENT_3D('',#3528,#2405,#2406);
#2141=AXIS2_PLACEMENT_3D('',#3574,#2407,#2408);
#2142=AXIS2_PLACEMENT_3D('',#3575,#2409,#2410);
#2143=AXIS2_PLACEMENT_3D('',#3601,#2411,#2412);
#2144=AXIS2_PLACEMENT_3D('',#3603,#2413,#2414);
#2145=AXIS2_PLACEMENT_3D('',#3604,#2415,#2416);
#2146=AXIS2_PLACEMENT_3D('',#3720,#2417,#2418);
#2147=AXIS2_PLACEMENT_3D('',#3722,#2419,#2420);
#2148=AXIS2_PLACEMENT_3D('',#3723,#2421,#2422);
#2149=AXIS2_PLACEMENT_3D('',#3839,#2423,#2424);
#2150=AXIS2_PLACEMENT_3D('',#3841,#2425,#2426);
#2151=AXIS2_PLACEMENT_3D('',#3842,#2427,#2428);
#2152=AXIS2_PLACEMENT_3D('',#3958,#2429,#2430);
#2153=AXIS2_PLACEMENT_3D('',#3960,#2431,#2432);
#2154=AXIS2_PLACEMENT_3D('',#3961,#2433,#2434);
#2155=AXIS2_PLACEMENT_3D('',#4077,#2435,#2436);
#2156=AXIS2_PLACEMENT_3D('',#4079,#2437,#2438);
#2157=AXIS2_PLACEMENT_3D('',#4080,#2439,#2440);
#2158=AXIS2_PLACEMENT_3D('',#4196,#2441,#2442);
#2159=AXIS2_PLACEMENT_3D('',#4198,#2443,#2444);
#2160=AXIS2_PLACEMENT_3D('',#4199,#2445,#2446);
#2161=AXIS2_PLACEMENT_3D('',#4336,#2447,#2448);
#2162=AXIS2_PLACEMENT_3D('',#4337,#2449,#2450);
#2163=AXIS2_PLACEMENT_3D('',#4338,#2451,#2452);
#2164=AXIS2_PLACEMENT_3D('',#4339,#2453,#2454);
#2165=AXIS2_PLACEMENT_3D('',#4340,#2455,#2456);
#2166=AXIS2_PLACEMENT_3D('',#4341,#2457,#2458);
#2167=AXIS2_PLACEMENT_3D('',#4342,#2459,#2460);
#2168=AXIS2_PLACEMENT_3D('',#4343,#2461,#2462);
#2169=AXIS2_PLACEMENT_3D('',#4344,#2463,#2464);
#2170=AXIS2_PLACEMENT_3D('',#4345,#2465,#2466);
#2171=AXIS2_PLACEMENT_3D('',#4346,#2467,#2468);
#2172=AXIS2_PLACEMENT_3D('',#4347,#2469,#2470);
#2173=AXIS2_PLACEMENT_3D('',#4348,#2471,#2472);
#2174=AXIS2_PLACEMENT_3D('',#4349,#2473,#2474);
#2175=AXIS2_PLACEMENT_3D('',#4350,#2475,#2476);
#2176=AXIS2_PLACEMENT_3D('',#4351,#2477,#2478);
#2177=AXIS2_PLACEMENT_3D('',#4352,#2479,#2480);
#2178=AXIS2_PLACEMENT_3D('',#4353,#2481,#2482);
#2179=AXIS2_PLACEMENT_3D('',#4354,#2483,#2484);
#2180=AXIS2_PLACEMENT_3D('',#4355,#2485,#2486);
#2181=AXIS2_PLACEMENT_3D('',#4356,#2487,#2488);
#2182=AXIS2_PLACEMENT_3D('',#4357,#2489,#2490);
#2183=AXIS2_PLACEMENT_3D('',#4358,#2491,#2492);
#2184=AXIS2_PLACEMENT_3D('',#4359,#2493,#2494);
#2185=AXIS2_PLACEMENT_3D('',#4360,#2495,#2496);
#2186=AXIS2_PLACEMENT_3D('',#4361,#2497,#2498);
#2187=AXIS2_PLACEMENT_3D('',#4362,#2499,#2500);
#2188=AXIS2_PLACEMENT_3D('',#4363,#2501,#2502);
#2189=AXIS2_PLACEMENT_3D('',#4364,#2503,#2504);
#2190=AXIS2_PLACEMENT_3D('',#4365,#2505,#2506);
#2191=AXIS2_PLACEMENT_3D('',#4366,#2507,#2508);
#2192=AXIS2_PLACEMENT_3D('',#4367,#2509,#2510);
#2193=AXIS2_PLACEMENT_3D('',#4368,#2511,#2512);
#2194=AXIS2_PLACEMENT_3D('',#4369,#2513,#2514);
#2195=AXIS2_PLACEMENT_3D('',#4370,#2515,#2516);
#2196=AXIS2_PLACEMENT_3D('',#4371,#2517,#2518);
#2197=AXIS2_PLACEMENT_3D('',#4372,#2519,#2520);
#2198=AXIS2_PLACEMENT_3D('',#4375,#2522,#2523);
#2199=AXIS2_PLACEMENT_3D('',#4376,#2524,#2525);
#2200=AXIS2_PLACEMENT_3D('',#4377,#2526,#2527);
#2201=AXIS2_PLACEMENT_3D('',#4379,#2528,#2529);
#2202=AXIS2_PLACEMENT_3D('',#4380,#2530,#2531);
#2203=AXIS2_PLACEMENT_3D('',#4381,#2532,#2533);
#2204=AXIS2_PLACEMENT_3D('',#4399,#2534,#2535);
#2205=AXIS2_PLACEMENT_3D('',#4401,#2536,#2537);
#2206=AXIS2_PLACEMENT_3D('',#4486,#2538,#2539);
#2207=AXIS2_PLACEMENT_3D('',#4487,#2540,#2541);
#2208=AXIS2_PLACEMENT_3D('',#4536,#2542,#2543);
#2209=AXIS2_PLACEMENT_3D('',#4601,#2544,#2545);
#2210=AXIS2_PLACEMENT_3D('',#4686,#2546,#2547);
#2211=AXIS2_PLACEMENT_3D('',#4687,#2548,#2549);
#2212=AXIS2_PLACEMENT_3D('',#4736,#2550,#2551);
#2213=AXIS2_PLACEMENT_3D('',#4801,#2552,#2553);
#2214=AXIS2_PLACEMENT_3D('',#4886,#2554,#2555);
#2215=AXIS2_PLACEMENT_3D('',#4887,#2556,#2557);
#2216=AXIS2_PLACEMENT_3D('',#4936,#2558,#2559);
#2217=AXIS2_PLACEMENT_3D('',#5001,#2560,#2561);
#2218=AXIS2_PLACEMENT_3D('',#5086,#2562,#2563);
#2219=AXIS2_PLACEMENT_3D('',#5087,#2564,#2565);
#2220=AXIS2_PLACEMENT_3D('',#5136,#2566,#2567);
#2221=AXIS2_PLACEMENT_3D('',#5201,#2568,#2569);
#2222=AXIS2_PLACEMENT_3D('',#5286,#2570,#2571);
#2223=AXIS2_PLACEMENT_3D('',#5287,#2572,#2573);
#2224=AXIS2_PLACEMENT_3D('',#5336,#2574,#2575);
#2225=AXIS2_PLACEMENT_3D('',#5401,#2576,#2577);
#2226=AXIS2_PLACEMENT_3D('',#5486,#2578,#2579);
#2227=AXIS2_PLACEMENT_3D('',#5487,#2580,#2581);
#2228=AXIS2_PLACEMENT_3D('',#5582,#2582,#2583);
#2229=AXIS2_PLACEMENT_3D('',#5590,#2584,#2585);
#2230=AXIS2_PLACEMENT_3D('',#5591,#2586,#2587);
#2231=AXIS2_PLACEMENT_3D('',#5593,#2588,#2589);
#2232=AXIS2_PLACEMENT_3D('',#5613,#2590,#2591);
#2233=AXIS2_PLACEMENT_3D('',#5614,#2592,#2593);
#2234=AXIS2_PLACEMENT_3D('',#5615,#2594,#2595);
#2235=AXIS2_PLACEMENT_3D('',#5616,#2596,#2597);
#2236=AXIS2_PLACEMENT_3D('',#5617,#2598,#2599);
#2237=AXIS2_PLACEMENT_3D('',#5618,#2600,#2601);
#2238=AXIS2_PLACEMENT_3D('',#5619,#2602,#2603);
#2239=AXIS2_PLACEMENT_3D('',#5620,#2604,#2605);
#2240=AXIS2_PLACEMENT_3D('',#5621,#2606,#2607);
#2241=AXIS2_PLACEMENT_3D('',#5622,#2608,#2609);
#2242=AXIS2_PLACEMENT_3D('',#5623,#2610,#2611);
#2243=AXIS2_PLACEMENT_3D('',#5624,#2612,#2613);
#2244=AXIS2_PLACEMENT_3D('',#5625,#2614,#2615);
#2245=AXIS2_PLACEMENT_3D('',#5626,#2616,#2617);
#2246=AXIS2_PLACEMENT_3D('',#5627,#2618,#2619);
#2247=AXIS2_PLACEMENT_3D('',#5628,#2620,#2621);
#2248=AXIS2_PLACEMENT_3D('',#5629,#2622,#2623);
#2249=AXIS2_PLACEMENT_3D('',#5630,#2624,#2625);
#2250=AXIS2_PLACEMENT_3D('',#5631,#2626,#2627);
#2251=AXIS2_PLACEMENT_3D('',#5632,#2628,#2629);
#2252=AXIS2_PLACEMENT_3D('',#5633,#2630,#2631);
#2253=AXIS2_PLACEMENT_3D('',#5634,#2632,#2633);
#2254=AXIS2_PLACEMENT_3D('',#5652,#2634,#2635);
#2255=AXIS2_PLACEMENT_3D('',#5654,#2636,#2637);
#2256=AXIS2_PLACEMENT_3D('',#5705,#2638,#2639);
#2257=AXIS2_PLACEMENT_3D('',#5707,#2640,#2641);
#2258=AXIS2_PLACEMENT_3D('',#5708,#2642,#2643);
#2259=AXIS2_PLACEMENT_3D('',#5711,#2645,#2646);
#2260=AXIS2_PLACEMENT_3D('',#5712,#2647,#2648);
#2261=AXIS2_PLACEMENT_3D('',#5714,#2649,#2650);
#2262=AXIS2_PLACEMENT_3D('',#5715,#2651,#2652);
#2263=AXIS2_PLACEMENT_3D('',#5717,#2653,#2654);
#2264=AXIS2_PLACEMENT_3D('',#5719,#2656,#2657);
#2265=AXIS2_PLACEMENT_3D('',#5720,#2658,#2659);
#2266=DIRECTION('axis',(0.,0.,1.));
#2267=DIRECTION('refdir',(1.,0.,0.));
#2268=DIRECTION('center_axis',(0.,0.,-1.));
#2269=DIRECTION('ref_axis',(-1.,0.,0.));
#2270=DIRECTION('center_axis',(0.,0.,1.));
#2271=DIRECTION('ref_axis',(-1.,0.,0.));
#2272=DIRECTION('',(0.707106781186547,-8.65956056235493E-17,-0.707106781186548));
#2273=DIRECTION('center_axis',(0.,0.,-1.));
#2274=DIRECTION('ref_axis',(-1.,0.,0.));
#2275=DIRECTION('center_axis',(0.,0.,-1.));
#2276=DIRECTION('ref_axis',(-1.,0.,0.));
#2277=DIRECTION('center_axis',(0.,0.,-1.));
#2278=DIRECTION('ref_axis',(-1.,0.,0.));
#2279=DIRECTION('',(0.,0.,-1.));
#2280=DIRECTION('center_axis',(0.,0.,1.));
#2281=DIRECTION('ref_axis',(1.,0.,0.));
#2282=DIRECTION('center_axis',(0.,0.,-1.));
#2283=DIRECTION('ref_axis',(1.,0.,0.));
#2284=DIRECTION('center_axis',(0.,0.,1.));
#2285=DIRECTION('ref_axis',(-1.,0.,0.));
#2286=DIRECTION('',(0.707106781186547,8.65956056235493E-17,0.707106781186548));
#2287=DIRECTION('center_axis',(0.,0.,1.));
#2288=DIRECTION('ref_axis',(-1.,0.,0.));
#2289=DIRECTION('center_axis',(0.,0.,1.));
#2290=DIRECTION('ref_axis',(1.,0.,0.));
#2291=DIRECTION('',(0.939373329133715,-0.342896119126831,0.));
#2292=DIRECTION('center_axis',(-1.95740231223581E-5,-7.42344778774867E-6,
0.999999999780875));
#2293=DIRECTION('ref_axis',(-0.910872095773264,-0.412688774629385,-2.08930050398061E-5));
#2294=DIRECTION('',(-0.475748847386014,-0.879581169768248,0.));
#2295=DIRECTION('center_axis',(0.,0.,1.));
#2296=DIRECTION('ref_axis',(1.,0.,0.));
#2297=DIRECTION('',(0.991125546781484,0.132929118394373,0.));
#2298=DIRECTION('center_axis',(-1.38820886390715E-5,-1.56696388311273E-5,
0.999999999780875));
#2299=DIRECTION('ref_axis',(-0.614751149389161,-0.788721131888951,-2.08930052265474E-5));
#2300=DIRECTION('',(-0.0124929323308294,-0.999921960275789,0.));
#2301=DIRECTION('center_axis',(0.,0.,1.));
#2302=DIRECTION('ref_axis',(1.,0.,0.));
#2303=DIRECTION('',(0.815822846019278,0.578301896860978,0.));
#2304=DIRECTION('center_axis',(-5.00993472888909E-6,-2.03261042077407E-5,
0.999999999780875));
#2305=DIRECTION('ref_axis',(-0.1777981232345,-0.984066982952772,-2.0893005039797E-5));
#2306=DIRECTION('',(0.45362496296516,-0.891192680050087,0.));
#2307=DIRECTION('center_axis',(0.,0.,1.));
#2308=DIRECTION('ref_axis',(1.,0.,0.));
#2309=DIRECTION('',(0.453624962965147,0.891192680050094,0.));
#2310=DIRECTION('center_axis',(5.00993477173657E-6,-2.03261043897754E-5,
0.999999999780875));
#2311=DIRECTION('ref_axis',(0.299886310253533,-0.953974947514873,-2.08930052263029E-5));
#2312=DIRECTION('',(0.815822846019265,-0.578301896860996,0.));
#2313=DIRECTION('center_axis',(0.,0.,1.));
#2314=DIRECTION('ref_axis',(1.,0.,0.));
#2315=DIRECTION('',(-0.0124929323308314,0.999921960275789,0.));
#2316=DIRECTION('center_axis',(1.38820883541394E-5,-1.56696385006315E-5,
0.999999999780875));
#2317=DIRECTION('ref_axis',(0.708870404084293,-0.705338748245731,-2.08930047912094E-5));
#2318=DIRECTION('',(0.991125546781485,-0.13292911839436,0.));
#2319=DIRECTION('center_axis',(0.,0.,1.));
#2320=DIRECTION('ref_axis',(1.,0.,0.));
#2321=DIRECTION('',(-0.475748847386023,0.879581169768243,0.));
#2322=DIRECTION('center_axis',(1.95740230647592E-5,-7.42344776380595E-6,
0.999999999780875));
#2323=DIRECTION('ref_axis',(0.955460831153807,-0.295117942006851,-2.08930049777066E-5));
#2324=DIRECTION('',(0.939373329133717,0.342896119126825,0.));
#2325=DIRECTION('center_axis',(0.,0.,1.));
#2326=DIRECTION('ref_axis',(1.,0.,0.));
#2327=DIRECTION('',(-0.830016434899955,0.55773893336934,-3.5995052571783E-13));
#2328=DIRECTION('center_axis',(0.,0.,1.));
#2329=DIRECTION('ref_axis',(0.983166711873372,0.182710745891156,0.));
#2330=DIRECTION('',(0.672422002457253,0.740167988102281,0.));
#2331=DIRECTION('center_axis',(0.,0.,1.));
#2332=DIRECTION('ref_axis',(1.,0.,0.));
#2333=DIRECTION('',(-0.994137259961112,0.108125428817705,0.));
#2334=DIRECTION('center_axis',(1.72286905059684E-5,1.18921064051127E-5,
0.999999999780875));
#2335=DIRECTION('ref_axis',(0.785640919868311,0.618682749550977,-2.08930053504815E-5));
#2336=DIRECTION('',(0.251426898581401,0.967876290994742,0.));
#2337=DIRECTION('center_axis',(0.,0.,1.));
#2338=DIRECTION('ref_axis',(1.,0.,0.));
#2339=DIRECTION('',(-0.93051321941769,-0.366258308423067,0.));
#2340=DIRECTION('center_axis',(9.72871031617269E-6,1.853650881519E-5,0.999999999780875));
#2341=DIRECTION('ref_axis',(0.408134276637067,0.91292190892618,-2.08930051644711E-5));
#2342=DIRECTION('',(-0.227167077736817,0.973855799794053,0.));
#2343=DIRECTION('center_axis',(0.,0.,1.));
#2344=DIRECTION('ref_axis',(1.,0.,0.));
#2345=DIRECTION('',(-0.653719814205612,-0.756736681095201,0.));
#2346=DIRECTION('center_axis',(-1.961644132319E-15,2.09344203560227E-5,
0.999999999780875));
#2347=DIRECTION('ref_axis',(-0.0628710108204939,0.998021660868085,-2.08930049777299E-5));
#2348=DIRECTION('',(-0.653719814205619,0.756736681095195,0.));
#2349=DIRECTION('center_axis',(0.,0.,1.));
#2350=DIRECTION('ref_axis',(1.,0.,0.));
#2351=DIRECTION('',(-0.22716707773682,-0.973855799794052,0.));
#2352=DIRECTION('center_axis',(-9.72871026171586E-6,1.85365087029909E-5,
0.999999999780875));
#2353=DIRECTION('ref_axis',(-0.519473307376896,0.854486677769988,-2.08930050398164E-5));
#2354=DIRECTION('',(-0.930513219417692,0.366258308423062,0.));
#2355=DIRECTION('center_axis',(0.,0.,1.));
#2356=DIRECTION('ref_axis',(1.,0.,0.));
#2357=DIRECTION('',(0.251426898581409,-0.96787629099474,0.));
#2358=DIRECTION('center_axis',(-1.72286901435259E-5,1.18921061620867E-5,
0.999999999780875));
#2359=DIRECTION('ref_axis',(-0.857070529545312,0.515199094475525,-2.08930049153759E-5));
#2360=DIRECTION('',(-0.994137259961112,-0.108125428817705,0.));
#2361=DIRECTION('center_axis',(0.,0.,1.));
#2362=DIRECTION('ref_axis',(1.,0.,0.));
#2363=DIRECTION('',(0.672422002457253,-0.740167988102281,0.));
#2364=DIRECTION('center_axis',(-2.07817849859846E-5,2.5233655419694E-6,
0.999999999780875));
#2365=DIRECTION('ref_axis',(-0.998323222214426,0.0578856074589257,-2.08930051023915E-5));
#2366=DIRECTION('',(-0.830016434900188,-0.557738933368993,0.));
#2367=DIRECTION('center_axis',(0.,0.,1.));
#2368=DIRECTION('ref_axis',(1.,0.,0.));
#2369=DIRECTION('center_axis',(-0.169221729061906,-0.686559543239553,-0.707106781186544));
#2370=DIRECTION('ref_axis',(0.0344217910774717,0.712899145177035,-0.700421265457347));
#2371=DIRECTION('center_axis',(0.,0.,1.));
#2372=DIRECTION('ref_axis',(0.453212998759326,-0.891402253618185,0.));
#2373=DIRECTION('center_axis',(-0.169221729061915,-0.686559543239548,-0.707106781186547));
#2374=DIRECTION('ref_axis',(0.0545275012903025,0.70983322108404,-0.702256042941954));
#2375=DIRECTION('center_axis',(-0.468898528400533,-0.529277025822795,-0.707106781186541));
#2376=DIRECTION('ref_axis',(0.36177973441697,0.615244239843304,-0.700421265457311));
#2377=DIRECTION('center_axis',(0.,0.,1.));
#2378=DIRECTION('ref_axis',(-0.0129551019024894,-0.999916079145993,0.));
#2379=DIRECTION('center_axis',(-0.468898528400535,-0.52927702582279,-0.707106781186543));
#2380=DIRECTION('ref_axis',(0.378157650705455,0.603185909454494,-0.70225604294195));
#2381=DIRECTION('center_axis',(-0.661156325722452,-0.250743520269628,-0.707106781186535));
#2382=DIRECTION('ref_axis',(0.606258300520388,0.376644293658214,-0.700421265457321));
#2383=DIRECTION('center_axis',(0.,0.,1.));
#2384=DIRECTION('ref_axis',(-0.476155345811817,-0.879361181002908,0.));
#2385=DIRECTION('center_axis',(-0.661156325722429,-0.250743520269654,-0.707106781186547));
#2386=DIRECTION('ref_axis',(0.615156439637929,0.358355975146882,-0.70225604294197));
#2387=DIRECTION('center_axis',(-0.701951176618798,0.0852323039902505,-0.707106781186546));
#2388=DIRECTION('ref_axis',(0.711850396179095,0.0517596788521124,-0.700421265457291));
#2389=DIRECTION('center_axis',(0.,0.,1.));
#2390=DIRECTION('ref_axis',(0.830274137039092,0.557355234445672,0.));
#2391=DIRECTION('center_axis',(-0.7019511766188,0.085232303990273,-0.707106781186542));
#2392=DIRECTION('ref_axis',(0.711230301687875,0.0314310055910316,-0.702256042941968));
#2393=DIRECTION('center_axis',(-0.581937472380518,0.401682434566641,-0.707106781186541));
#2394=DIRECTION('ref_axis',(0.654366144800346,-0.2849824546078,-0.700421265457329));
#2395=DIRECTION('center_axis',(0.,0.,1.));
#2396=DIRECTION('ref_axis',(0.994187130117491,0.107665919903872,0.));
#2397=DIRECTION('center_axis',(-0.581937472380509,0.401682434566657,-0.707106781186539));
#2398=DIRECTION('ref_axis',(0.644369872875555,-0.302694428560964,-0.702256042941955));
#2399=DIRECTION('center_axis',(-0.328608906326657,0.626111960181892,-0.707106781186539));
#2400=DIRECTION('ref_axis',(-0.446974495614916,0.55643854212749,0.700421265457314));
#2401=DIRECTION('center_axis',(0.,0.,1.));
#2402=DIRECTION('ref_axis',(0.930343833101305,-0.366688358433113,0.));
#2403=DIRECTION('center_axis',(-0.328608906326658,0.626111960181887,-0.707106781186543));
#2404=DIRECTION('ref_axis',(-0.429892071686135,0.567476216993189,0.702256042941962));
#2405=DIRECTION('center_axis',(4.50346612059133E-14,0.707106781186557,-0.707106781186538));
#2406=DIRECTION('ref_axis',(-0.116931177634443,0.702256042941962,0.702256042941974));
#2407=DIRECTION('center_axis',(1.29644517115913E-13,0.707106781186427,-0.707106781186668));
#2408=DIRECTION('ref_axis',(-0.137186304373506,0.70042127248275,0.700421272482486));
#2409=DIRECTION('center_axis',(0.,0.,1.));
#2410=DIRECTION('ref_axis',(0.653369974718493,-0.757038754712304,0.));
#2411=DIRECTION('center_axis',(0.328608906326694,0.626111960181721,-0.707106781186673));
#2412=DIRECTION('ref_axis',(0.204029555670289,0.683945890745044,0.700421272482463));
#2413=DIRECTION('center_axis',(0.,0.,1.));
#2414=DIRECTION('ref_axis',(0.2267169301754,-0.973960694058976,0.));
#2415=DIRECTION('center_axis',(0.328608906326728,0.626111960181856,-0.707106781186537));
#2416=DIRECTION('ref_axis',(0.222817240039933,0.676157472555355,0.70225604294199));
#2417=DIRECTION('center_axis',(0.581937472380456,0.401682434566485,-0.707106781186681));
#2418=DIRECTION('ref_axis',(0.498504703332984,0.510786747879133,0.700421272482463));
#2419=DIRECTION('center_axis',(0.,0.,1.));
#2420=DIRECTION('ref_axis',(-0.251874231124788,-0.967759976283012,0.));
#2421=DIRECTION('center_axis',(0.581937472380555,0.40168243456659,-0.707106781186539));
#2422=DIRECTION('ref_axis',(0.511520913259584,0.495159373787449,0.702256042941962));
#2423=DIRECTION('center_axis',(0.701951176618695,0.085232303990106,-0.707106781186666));
#2424=DIRECTION('ref_axis',(0.678778431094916,0.22061251672194,0.700421272482451));
#2425=DIRECTION('center_axis',(0.,0.,1.));
#2426=DIRECTION('ref_axis',(-0.672764042368966,-0.739857110052588,0.));
#2427=DIRECTION('center_axis',(0.701951176618809,0.0852323039902119,-0.70710678118654));
#2428=DIRECTION('ref_axis',(0.683041309747053,0.200726229801998,0.702256042941965));
#2429=DIRECTION('center_axis',(0.66115632572227,-0.250743520269719,-0.707106781186672));
#2430=DIRECTION('ref_axis',(0.703552200459989,-0.120101383347428,0.700421272482455));
#2431=DIRECTION('center_axis',(0.,0.,1.));
#2432=DIRECTION('ref_axis',(0.939531717640268,0.342461897950601,0.));
#2433=DIRECTION('center_axis',(0.661156325722424,-0.250743520269672,-0.707106781186545));
#2434=DIRECTION('ref_axis',(0.698085173711598,-0.139690874417621,0.702256042941952));
#2435=DIRECTION('center_axis',(0.468898528400357,-0.529277025822773,-0.707106781186674));
#2436=DIRECTION('ref_axis',(-0.56715063942246,0.433301503870787,-0.700421272482504));
#2437=DIRECTION('center_axis',(0.,0.,1.));
#2438=DIRECTION('ref_axis',(0.991064000122919,-0.133387209508105,0.));
#2439=DIRECTION('center_axis',(0.468898528400496,-0.529277025822829,-0.707106781186541));
#2440=DIRECTION('ref_axis',(-0.553206137217187,0.448106482765815,-0.702256042941952));
#2441=DIRECTION('center_axis',(0.169221729061757,-0.686559543239458,-0.707106781186672));
#2442=DIRECTION('ref_axis',(-0.300821701799996,0.647237471705874,-0.700421272482456));
#2443=DIRECTION('center_axis',(0.,0.,1.));
#2444=DIRECTION('ref_axis',(0.815555463132001,-0.57867891490493,0.));
#2445=DIRECTION('center_axis',(0.169221729061868,-0.686559543239564,-0.707106781186542));
#2446=DIRECTION('ref_axis',(-0.281594241542941,0.653866296180926,-0.702256042941955));
#2447=DIRECTION('center_axis',(0.,0.,1.));
#2448=DIRECTION('ref_axis',(1.,0.,0.));
#2449=DIRECTION('center_axis',(0.,0.,-1.));
#2450=DIRECTION('ref_axis',(1.,0.,0.));
#2451=DIRECTION('center_axis',(0.,0.,-1.));
#2452=DIRECTION('ref_axis',(1.,0.,0.));
#2453=DIRECTION('center_axis',(0.,0.,1.));
#2454=DIRECTION('ref_axis',(1.,0.,0.));
#2455=DIRECTION('center_axis',(0.,0.,-1.));
#2456=DIRECTION('ref_axis',(1.,0.,0.));
#2457=DIRECTION('center_axis',(0.,0.,-1.));
#2458=DIRECTION('ref_axis',(1.,0.,0.));
#2459=DIRECTION('center_axis',(0.,0.,1.));
#2460=DIRECTION('ref_axis',(1.,0.,0.));
#2461=DIRECTION('center_axis',(0.,0.,-1.));
#2462=DIRECTION('ref_axis',(1.,0.,0.));
#2463=DIRECTION('center_axis',(0.,0.,-1.));
#2464=DIRECTION('ref_axis',(1.,0.,0.));
#2465=DIRECTION('center_axis',(0.,0.,1.));
#2466=DIRECTION('ref_axis',(1.,0.,0.));
#2467=DIRECTION('center_axis',(0.,0.,-1.));
#2468=DIRECTION('ref_axis',(1.,0.,0.));
#2469=DIRECTION('center_axis',(0.,0.,-1.));
#2470=DIRECTION('ref_axis',(1.,0.,0.));
#2471=DIRECTION('center_axis',(0.,0.,1.));
#2472=DIRECTION('ref_axis',(1.,0.,0.));
#2473=DIRECTION('center_axis',(0.,0.,-1.));
#2474=DIRECTION('ref_axis',(1.,0.,0.));
#2475=DIRECTION('center_axis',(0.,0.,-1.));
#2476=DIRECTION('ref_axis',(1.,0.,0.));
#2477=DIRECTION('center_axis',(0.,0.,1.));
#2478=DIRECTION('ref_axis',(1.,0.,0.));
#2479=DIRECTION('center_axis',(0.,0.,-1.));
#2480=DIRECTION('ref_axis',(1.,0.,0.));
#2481=DIRECTION('center_axis',(0.,0.,-1.));
#2482=DIRECTION('ref_axis',(1.,0.,0.));
#2483=DIRECTION('center_axis',(0.,0.,1.));
#2484=DIRECTION('ref_axis',(1.,0.,0.));
#2485=DIRECTION('center_axis',(0.,0.,-1.));
#2486=DIRECTION('ref_axis',(1.,0.,0.));
#2487=DIRECTION('center_axis',(0.,0.,-1.));
#2488=DIRECTION('ref_axis',(1.,0.,0.));
#2489=DIRECTION('center_axis',(0.,0.,1.));
#2490=DIRECTION('ref_axis',(1.,0.,0.));
#2491=DIRECTION('center_axis',(0.,0.,-1.));
#2492=DIRECTION('ref_axis',(1.,0.,0.));
#2493=DIRECTION('center_axis',(0.,0.,-1.));
#2494=DIRECTION('ref_axis',(1.,0.,0.));
#2495=DIRECTION('center_axis',(0.,0.,1.));
#2496=DIRECTION('ref_axis',(1.,0.,0.));
#2497=DIRECTION('center_axis',(0.,0.,-1.));
#2498=DIRECTION('ref_axis',(1.,0.,0.));
#2499=DIRECTION('center_axis',(0.,0.,-1.));
#2500=DIRECTION('ref_axis',(1.,0.,0.));
#2501=DIRECTION('center_axis',(0.,0.,1.));
#2502=DIRECTION('ref_axis',(1.,0.,0.));
#2503=DIRECTION('center_axis',(0.,0.,-1.));
#2504=DIRECTION('ref_axis',(1.,0.,0.));
#2505=DIRECTION('center_axis',(0.,0.,-1.));
#2506=DIRECTION('ref_axis',(1.,0.,0.));
#2507=DIRECTION('center_axis',(0.,0.,1.));
#2508=DIRECTION('ref_axis',(-0.999928384570356,0.0119676952884624,0.));
#2509=DIRECTION('center_axis',(0.,0.,-1.));
#2510=DIRECTION('ref_axis',(1.,0.,0.));
#2511=DIRECTION('center_axis',(0.,0.,-1.));
#2512=DIRECTION('ref_axis',(1.,0.,0.));
#2513=DIRECTION('center_axis',(0.,0.,1.));
#2514=DIRECTION('ref_axis',(1.,0.,0.));
#2515=DIRECTION('center_axis',(0.,0.,-1.));
#2516=DIRECTION('ref_axis',(1.,0.,0.));
#2517=DIRECTION('center_axis',(0.,0.,-1.));
#2518=DIRECTION('ref_axis',(1.,0.,0.));
#2519=DIRECTION('center_axis',(0.,0.,1.));
#2520=DIRECTION('ref_axis',(1.,0.,0.));
#2521=DIRECTION('',(0.707106781186547,8.65956056235493E-17,-0.707106781186548));
#2522=DIRECTION('center_axis',(0.,0.,1.));
#2523=DIRECTION('ref_axis',(1.,0.,0.));
#2524=DIRECTION('center_axis',(0.,0.,-1.));
#2525=DIRECTION('ref_axis',(1.,0.,0.));
#2526=DIRECTION('center_axis',(0.,0.,-1.));
#2527=DIRECTION('ref_axis',(1.,0.,0.));
#2528=DIRECTION('center_axis',(0.,0.,-1.));
#2529=DIRECTION('ref_axis',(1.,0.,0.));
#2530=DIRECTION('center_axis',(0.,0.,1.));
#2531=DIRECTION('ref_axis',(1.,0.,0.));
#2532=DIRECTION('center_axis',(0.,0.,-1.));
#2533=DIRECTION('ref_axis',(1.,0.,0.));
#2534=DIRECTION('center_axis',(-0.169221729061902,0.686559543239549,-0.707106781186549));
#2535=DIRECTION('ref_axis',(-0.270552700773322,0.657532335066411,0.703173139736135));
#2536=DIRECTION('center_axis',(0.,0.,-1.));
#2537=DIRECTION('ref_axis',(0.81812222272224,-0.575044371060201,0.));
#2538=DIRECTION('center_axis',(0.,0.,-1.));
#2539=DIRECTION('ref_axis',(-0.457174805655301,0.889376858859076,0.));
#2540=DIRECTION('center_axis',(0.169221729061902,0.686559543239554,-0.707106781186544));
#2541=DIRECTION('ref_axis',(0.066007993316951,0.707948077454757,0.703173139736142));
#2542=DIRECTION('center_axis',(-0.468898528400515,0.5292770258228,-0.707106781186549));
#2543=DIRECTION('ref_axis',(-0.543558440210727,0.458101674400354,0.703339944825597));
#2544=DIRECTION('center_axis',(0.,0.,-1.));
#2545=DIRECTION('ref_axis',(0.991647695968154,-0.128976149272073,0.));
#2546=DIRECTION('center_axis',(0.,0.,-1.));
#2547=DIRECTION('ref_axis',(0.00850584819742766,0.999963824618892,0.));
#2548=DIRECTION('center_axis',(0.468898528400526,0.529277025822797,-0.707106781186544));
#2549=DIRECTION('ref_axis',(0.387447051620893,0.596181446997377,0.703173139736147));
#2550=DIRECTION('center_axis',(-0.661156325722423,0.250743520269663,-0.707106781186549));
#2551=DIRECTION('ref_axis',(0.694187559425186,-0.153024685433579,-0.703339944825586));
#2552=DIRECTION('center_axis',(0.,0.,-1.));
#2553=DIRECTION('ref_axis',(0.937998632891947,0.346638954378816,0.));
#2554=DIRECTION('center_axis',(0.,0.,-1.));
#2555=DIRECTION('ref_axis',(0.472237913748842,0.881471129883527,0.));
#2556=DIRECTION('center_axis',(0.661156325722413,0.250743520269682,-0.707106781186552));
#2557=DIRECTION('ref_axis',(0.620126659641525,0.347836831798287,0.703173139736135));
#2558=DIRECTION('center_axis',(-0.701951176618791,-0.0852323039902704,-0.707106781186551));
#2559=DIRECTION('ref_axis',(0.685786674642208,0.187108414818607,-0.703339944825581));
#2560=DIRECTION('center_axis',(0.,0.,-1.));
#2561=DIRECTION('ref_axis',(0.669465387038181,0.742843251001057,0.));
#2562=DIRECTION('center_axis',(0.,0.,-1.));
#2563=DIRECTION('ref_axis',(0.827785965907715,0.561044022021651,0.));
#2564=DIRECTION('center_axis',(0.701951176618795,-0.0852323039902359,-0.707106781186552));
#2565=DIRECTION('ref_axis',(0.710742723274731,0.0198069903222061,0.70317313973615));
#2566=DIRECTION('center_axis',(-0.581937472380514,-0.401682434566627,-0.707106781186552));
#2567=DIRECTION('ref_axis',(0.520280327324142,0.4843772321365,-0.703339944825592));
#2568=DIRECTION('center_axis',(0.,0.,-1.));
#2569=DIRECTION('ref_axis',(0.247565689735611,0.968871110760214,0.));
#2570=DIRECTION('center_axis',(0.,0.,-1.));
#2571=DIRECTION('ref_axis',(0.993698229011526,0.112088490307241,0.));
#2572=DIRECTION('center_axis',(0.581937472380534,-0.401682434566601,-0.707106781186551));
#2573=DIRECTION('ref_axis',(0.638536194383968,-0.312760393936388,0.703173139736149));
#2574=DIRECTION('center_axis',(-0.32860890632667,-0.626111960181873,-0.707106781186549));
#2575=DIRECTION('ref_axis',(0.235584027073675,0.670681062950556,-0.703339944825589));
#2576=DIRECTION('center_axis',(0.,0.,-1.));
#2577=DIRECTION('ref_axis',(-0.231048325651426,0.97294227537592,0.));
#2578=DIRECTION('center_axis',(0.,0.,-1.));
#2579=DIRECTION('ref_axis',(0.931966203296881,-0.362545163962224,0.));
#2580=DIRECTION('center_axis',(0.328608906326699,-0.626111960181855,-0.707106781186551));
#2581=DIRECTION('ref_axis',(-0.420048718555299,0.573678141115444,-0.703173139736139));
#2582=DIRECTION('center_axis',(0.,0.,1.));
#2583=DIRECTION('ref_axis',(1.,0.,0.));
#2584=DIRECTION('center_axis',(0.,0.,1.));
#2585=DIRECTION('ref_axis',(1.,0.,0.));
#2586=DIRECTION('center_axis',(0.,0.,1.));
#2587=DIRECTION('ref_axis',(1.,0.,0.));
#2588=DIRECTION('center_axis',(0.,0.,1.));
#2589=DIRECTION('ref_axis',(1.,0.,0.));
#2590=DIRECTION('center_axis',(0.,0.,1.));
#2591=DIRECTION('ref_axis',(1.,0.,0.));
#2592=DIRECTION('center_axis',(0.,0.,1.));
#2593=DIRECTION('ref_axis',(1.,0.,0.));
#2594=DIRECTION('center_axis',(0.,0.,1.));
#2595=DIRECTION('ref_axis',(1.,0.,0.));
#2596=DIRECTION('center_axis',(0.,0.,1.));
#2597=DIRECTION('ref_axis',(1.,0.,0.));
#2598=DIRECTION('center_axis',(0.,0.,1.));
#2599=DIRECTION('ref_axis',(1.,0.,0.));
#2600=DIRECTION('center_axis',(0.,0.,1.));
#2601=DIRECTION('ref_axis',(1.,0.,0.));
#2602=DIRECTION('center_axis',(0.,0.,1.));
#2603=DIRECTION('ref_axis',(1.,0.,0.));
#2604=DIRECTION('center_axis',(0.,0.,1.));
#2605=DIRECTION('ref_axis',(1.,0.,0.));
#2606=DIRECTION('center_axis',(0.,0.,1.));
#2607=DIRECTION('ref_axis',(1.,0.,0.));
#2608=DIRECTION('center_axis',(0.,0.,1.));
#2609=DIRECTION('ref_axis',(1.,0.,0.));
#2610=DIRECTION('center_axis',(0.,0.,1.));
#2611=DIRECTION('ref_axis',(1.,0.,0.));
#2612=DIRECTION('center_axis',(0.,0.,1.));
#2613=DIRECTION('ref_axis',(1.,0.,0.));
#2614=DIRECTION('center_axis',(0.,0.,1.));
#2615=DIRECTION('ref_axis',(1.,0.,0.));
#2616=DIRECTION('center_axis',(0.,0.,1.));
#2617=DIRECTION('ref_axis',(1.,0.,0.));
#2618=DIRECTION('center_axis',(0.,0.,1.));
#2619=DIRECTION('ref_axis',(1.,0.,0.));
#2620=DIRECTION('center_axis',(0.,0.,1.));
#2621=DIRECTION('ref_axis',(1.,0.,0.));
#2622=DIRECTION('center_axis',(0.,0.,1.));
#2623=DIRECTION('ref_axis',(-0.995727507412157,0.0923402998845735,0.));
#2624=DIRECTION('center_axis',(0.,0.,1.));
#2625=DIRECTION('ref_axis',(1.,0.,0.));
#2626=DIRECTION('center_axis',(0.,0.,1.));
#2627=DIRECTION('ref_axis',(1.,0.,0.));
#2628=DIRECTION('center_axis',(0.,0.,1.));
#2629=DIRECTION('ref_axis',(1.,0.,0.));
#2630=DIRECTION('center_axis',(0.,0.,1.));
#2631=DIRECTION('ref_axis',(1.,0.,0.));
#2632=DIRECTION('center_axis',(0.,0.,1.));
#2633=DIRECTION('ref_axis',(1.,0.,0.));
#2634=DIRECTION('center_axis',(1.75133143531609E-14,-0.707106781186546,
-0.707106781186549));
#2635=DIRECTION('ref_axis',(-0.105333143441501,0.703173139736129,-0.703173139736129));
#2636=DIRECTION('center_axis',(-6.85595655164249E-6,-3.56991591972618E-6,
-0.999999999970126));
#2637=DIRECTION('ref_axis',(-0.675131378423728,0.737697513797963,1.99515329873342E-6));
#2638=DIRECTION('center_axis',(0.,0.,1.));
#2639=DIRECTION('ref_axis',(1.,0.,0.));
#2640=DIRECTION('center_axis',(0.,0.,1.));
#2641=DIRECTION('ref_axis',(1.,0.,0.));
#2642=DIRECTION('center_axis',(0.,0.,1.));
#2643=DIRECTION('ref_axis',(1.,0.,0.));
#2644=DIRECTION('',(0.,0.,-1.));
#2645=DIRECTION('center_axis',(0.,0.,-1.));
#2646=DIRECTION('ref_axis',(1.,0.,0.));
#2647=DIRECTION('center_axis',(0.,0.,-1.));
#2648=DIRECTION('ref_axis',(1.,0.,0.));
#2649=DIRECTION('center_axis',(0.,0.,-1.));
#2650=DIRECTION('ref_axis',(1.,0.,0.));
#2651=DIRECTION('center_axis',(0.,0.,-1.));
#2652=DIRECTION('ref_axis',(1.,0.,0.));
#2653=DIRECTION('center_axis',(0.,0.,1.));
#2654=DIRECTION('ref_axis',(1.,0.,0.));
#2655=DIRECTION('',(0.,0.,1.));
#2656=DIRECTION('center_axis',(0.,0.,1.));
#2657=DIRECTION('ref_axis',(1.,0.,0.));
#2658=DIRECTION('center_axis',(0.,0.,1.));
#2659=DIRECTION('ref_axis',(1.,0.,0.));
#2660=DIRECTION('',(0.,0.,-1.));
#2661=CARTESIAN_POINT('',(0.,0.,0.));
#2662=CARTESIAN_POINT('Origin',(0.,0.,0.2));
#2663=CARTESIAN_POINT('',(1.45,1.77573785876366E-16,0.450000000000001));
#2664=CARTESIAN_POINT('Origin',(0.,0.,0.450000000000001));
#2665=CARTESIAN_POINT('',(1.9,-2.32682891837997E-16,0.));
#2666=CARTESIAN_POINT('',(1.7,-2.0818995585505E-16,0.2));
#2667=CARTESIAN_POINT('Origin',(0.,0.,0.));
#2668=CARTESIAN_POINT('Origin',(0.,0.,3.85));
#2669=CARTESIAN_POINT('',(1.45,-1.77573785876366E-16,3.5));
#2670=CARTESIAN_POINT('Origin',(0.,0.,3.5));
#2671=CARTESIAN_POINT('',(1.45,-1.77573785876366E-16,3.85));
#2672=CARTESIAN_POINT('Origin',(0.,0.,0.));
#2673=CARTESIAN_POINT('',(-2.125,2.60237444818813E-16,0.));
#2674=CARTESIAN_POINT('Origin',(0.,0.,0.));
#2675=CARTESIAN_POINT('Origin',(0.,0.,3.7));
#2676=CARTESIAN_POINT('',(1.8,2.20436423846524E-16,3.85));
#2677=CARTESIAN_POINT('',(1.65,2.02066721859313E-16,3.7));
#2678=CARTESIAN_POINT('Origin',(0.,0.,3.85));
#2679=CARTESIAN_POINT('Origin',(0.,0.,3.85));
#2680=CARTESIAN_POINT('',(-2.43664134078106,-0.559266462785578,3.85));
#2681=CARTESIAN_POINT('',(-2.14980059853818,-0.663970922951163,3.85000000000101));
#2682=CARTESIAN_POINT('',(-2.43664134078106,-0.559266462785578,3.85));
#2683=CARTESIAN_POINT('',(-2.04944301785335,-0.928592115286437,3.85));
#2684=CARTESIAN_POINT('Origin',(0.000691821462254216,0.000262373272592459,
3.85004702468956));
#2685=CARTESIAN_POINT('',(-2.19471449647996,-1.19717512459151,3.85));
#2686=CARTESIAN_POINT('',(-2.04944301785307,-0.928592115285916,3.85));
#2687=CARTESIAN_POINT('',(-1.89763467294689,-1.62756955244,3.85));
#2688=CARTESIAN_POINT('Origin',(0.,0.,3.85));
#2689=CARTESIAN_POINT('',(-1.59499122046981,-1.58697920799989,3.85000000000101));
#2690=CARTESIAN_POINT('',(-1.89763467294689,-1.62756955244,3.85));
#2691=CARTESIAN_POINT('',(-1.3831533960404,-1.7746511440342,3.85));
#2692=CARTESIAN_POINT('Origin',(0.000490646542027906,0.000553825458542989,
3.85004702468998));
#2693=CARTESIAN_POINT('',(-1.38696815410457,-2.0799806103663,3.85));
#2694=CARTESIAN_POINT('',(-1.3831533960404,-1.77465114403361,3.85));
#2695=CARTESIAN_POINT('',(-0.923902770517509,-2.32301607196982,3.85));
#2696=CARTESIAN_POINT('Origin',(0.,0.,3.85));
#2697=CARTESIAN_POINT('',(-0.674788575519749,-2.14642968166855,3.85000000000101));
#2698=CARTESIAN_POINT('',(-0.923902770517509,-2.32301607196982,3.85));
#2699=CARTESIAN_POINT('',(-0.400000000000001,-2.21415898254845,3.85));
#2700=CARTESIAN_POINT('Origin',(0.000177070413341779,0.000718402907129434,
3.85004702468956));
#2701=CARTESIAN_POINT('',(-0.261484122402046,-2.48628760478985,3.85));
#2702=CARTESIAN_POINT('',(-0.40000000000027,-2.21415898254793,3.85));
#2703=CARTESIAN_POINT('',(0.261484122402043,-2.48628760478985,3.85));
#2704=CARTESIAN_POINT('Origin',(0.,0.,3.85));
#2705=CARTESIAN_POINT('',(0.399999999997996,-2.21415898254875,3.85000000000101));
#2706=CARTESIAN_POINT('',(0.261484122402043,-2.48628760478985,3.85));
#2707=CARTESIAN_POINT('',(0.674788575517835,-2.14642968166922,3.85));
#2708=CARTESIAN_POINT('Origin',(-0.000177070413262814,0.000718402906857707,
3.85004702468998));
#2709=CARTESIAN_POINT('',(0.923902770517507,-2.32301607196982,3.85));
#2710=CARTESIAN_POINT('',(0.674788575517352,-2.14642968166887,3.85));
#2711=CARTESIAN_POINT('',(1.38696815410457,-2.0799806103663,3.85));
#2712=CARTESIAN_POINT('Origin',(0.,0.,3.85));
#2713=CARTESIAN_POINT('',(1.38315339603877,-1.7746511440354,3.85000000000101));
#2714=CARTESIAN_POINT('',(1.38696815410457,-2.0799806103663,3.85));
#2715=CARTESIAN_POINT('',(1.59499122046843,-1.58697920800136,3.85));
#2716=CARTESIAN_POINT('Origin',(-0.000490646542995188,0.000553825459555235,
3.850047024689));
#2717=CARTESIAN_POINT('',(1.89763467294689,-1.62756955244,3.85));
#2718=CARTESIAN_POINT('',(1.59499122046784,-1.58697920800129,3.85));
#2719=CARTESIAN_POINT('',(2.19471449647996,-1.19717512459151,3.85));
#2720=CARTESIAN_POINT('Origin',(0.,0.,3.85));
#2721=CARTESIAN_POINT('',(2.04944301785246,-0.928592115288257,3.85000000000101));
#2722=CARTESIAN_POINT('',(2.19471449647996,-1.19717512459151,3.85));
#2723=CARTESIAN_POINT('',(2.14980059853764,-0.663970922953118,3.85));
#2724=CARTESIAN_POINT('Origin',(-0.000691821461052122,0.000262373272066768,
3.85004702468942));
#2725=CARTESIAN_POINT('',(2.43664134078106,-0.559266462785581,3.85));
#2726=CARTESIAN_POINT('',(2.14980059853708,-0.663970922953321,3.85));
#2727=CARTESIAN_POINT('',(2.49967819688869,-0.0401112452970745,3.85));
#2728=CARTESIAN_POINT('Origin',(0.,0.,3.85));
#2729=CARTESIAN_POINT('',(2.2462299427419,0.130196176325327,3.85));
#2730=CARTESIAN_POINT('',(2.49967819688868,-0.0401112452992059,3.85000000000213));
#2731=CARTESIAN_POINT('',(2.21211656738763,0.411145098826644,3.85));
#2732=CARTESIAN_POINT('Origin',(-0.000737487070575915,-8.95471427757311E-5,
3.85));
#2733=CARTESIAN_POINT('',(2.41744284215372,0.637157833601506,3.85));
#2734=CARTESIAN_POINT('',(2.21211656738763,0.411145098826645,3.85));
#2735=CARTESIAN_POINT('',(2.23199574677813,1.12614163690201,3.85));
#2736=CARTESIAN_POINT('Origin',(0.,0.,3.85));
#2737=CARTESIAN_POINT('',(1.92843265775459,1.15915809297321,3.85000000000101));
#2738=CARTESIAN_POINT('',(2.23199574677813,1.12614163690201,3.85));
#2739=CARTESIAN_POINT('',(1.7676632895437,1.39207273330079,3.85));
#2740=CARTESIAN_POINT('Origin',(-0.000608928353168225,-0.000420312894431341,
3.85004702469026));
#2741=CARTESIAN_POINT('',(1.8444373217334,1.68761694889478,3.85));
#2742=CARTESIAN_POINT('',(1.76766328954356,1.39207273330022,3.85));
#2743=CARTESIAN_POINT('',(1.45298996954536,2.03440904156479,3.85));
#2744=CARTESIAN_POINT('Origin',(0.,0.,3.85));
#2745=CARTESIAN_POINT('',(1.16885469100852,1.92257085989232,3.85000000000101));
#2746=CARTESIAN_POINT('',(1.45298996954536,2.03440904156479,3.85));
#2747=CARTESIAN_POINT('',(0.918259654717268,2.05409328087079,3.85));
#2748=CARTESIAN_POINT('Origin',(-0.000343850138222468,-0.000655151701295098,
3.85004702468984));
#2749=CARTESIAN_POINT('',(0.848893438783303,2.35146335918522,3.85));
#2750=CARTESIAN_POINT('',(0.918259654717402,2.05409328087021,3.85));
#2751=CARTESIAN_POINT('',(0.341121700717105,2.47661785209181,3.85));
#2752=CARTESIAN_POINT('Origin',(0.,0.,3.85));
#2753=CARTESIAN_POINT('',(0.141506200778441,2.24554581230065,3.85000000000101));
#2754=CARTESIAN_POINT('',(0.341121700717105,2.47661785209181,3.85));
#2755=CARTESIAN_POINT('',(-0.141506200776425,2.24554581230084,3.85));
#2756=CARTESIAN_POINT('Origin',(1.65839564303383E-14,-0.000739903150076271,
3.85004702468942));
#2757=CARTESIAN_POINT('',(-0.341121700717104,2.47661785209181,3.85));
#2758=CARTESIAN_POINT('',(-0.141506200776038,2.24554581230039,3.85));
#2759=CARTESIAN_POINT('',(-0.8488934387833,2.35146335918523,3.85));
#2760=CARTESIAN_POINT('Origin',(0.,0.,3.85));
#2761=CARTESIAN_POINT('',(-0.918259654715394,2.05409328087156,3.85000000000101));
#2762=CARTESIAN_POINT('',(-0.8488934387833,2.35146335918523,3.85));
#2763=CARTESIAN_POINT('',(-1.16885469100682,1.92257085989342,3.85));
#2764=CARTESIAN_POINT('Origin',(0.0003438501388138,-0.000655151702576018,
3.85004702468956));
#2765=CARTESIAN_POINT('',(-1.45298996954536,2.03440904156479,3.85));
#2766=CARTESIAN_POINT('',(-1.16885469100627,1.92257085989321,3.85));
#2767=CARTESIAN_POINT('',(-1.8444373217334,1.68761694889478,3.85));
#2768=CARTESIAN_POINT('Origin',(0.,0.,3.85));
#2769=CARTESIAN_POINT('',(-1.7676632895424,1.39207273330234,3.85000000000101));
#2770=CARTESIAN_POINT('',(-1.8444373217334,1.68761694889478,3.85));
#2771=CARTESIAN_POINT('',(-1.9284326577536,1.15915809297498,3.85));
#2772=CARTESIAN_POINT('Origin',(0.00060892835295201,-0.000420312894340302,
3.85004702468928));
#2773=CARTESIAN_POINT('',(-2.23199574677813,1.12614163690201,3.85));
#2774=CARTESIAN_POINT('',(-1.92843265775301,1.15915809297504,3.85));
#2775=CARTESIAN_POINT('',(-2.41744284215372,0.637157833601505,3.85));
#2776=CARTESIAN_POINT('Origin',(0.,0.,3.85));
#2777=CARTESIAN_POINT('',(-2.2121165673872,0.411145098828623,3.85000000000101));
#2778=CARTESIAN_POINT('',(-2.41744284215372,0.637157833601505,3.85));
#2779=CARTESIAN_POINT('',(-2.2462299427419,0.130196176325329,3.85));
#2780=CARTESIAN_POINT('Origin',(0.000734508422323699,-8.91854693677724E-5,
3.8500470246897));
#2781=CARTESIAN_POINT('',(-2.4996781968887,-0.0401112452970735,3.85));
#2782=CARTESIAN_POINT('',(-2.24622994274141,0.130196176325658,3.85));
#2783=CARTESIAN_POINT('Origin',(0.,0.,3.85));
#2784=CARTESIAN_POINT('Ctrl Pts',(-2.27025509098179,-0.0926764256919943,
1.07214592356825));
#2785=CARTESIAN_POINT('Ctrl Pts',(-2.29370200412021,-0.482213213683648,
1.45597469404838));
#2786=CARTESIAN_POINT('Ctrl Pts',(-2.21854879964544,-0.881143319009297,
1.82532727648702));
#2787=CARTESIAN_POINT('Ctrl Pts',(-2.05145846279411,-1.23611831579485,2.13000001004718));
#2788=CARTESIAN_POINT('Ctrl Pts',(-2.33389361570284,-0.140019830845242,
1.07460681509186));
#2789=CARTESIAN_POINT('Ctrl Pts',(-2.35323424296922,-0.534859685525323,
1.46260185624917));
#2790=CARTESIAN_POINT('Ctrl Pts',(-2.27279555506272,-0.938888688944761,
1.83564027309131));
#2791=CARTESIAN_POINT('Ctrl Pts',(-2.09837091432323,-1.29872923745762,2.14328196048128));
#2792=CARTESIAN_POINT('Ctrl Pts',(-2.39753214042389,-0.187363235998491,
1.07706770661548));
#2793=CARTESIAN_POINT('Ctrl Pts',(-2.41276648181823,-0.587506157366998,
1.46922901844995));
#2794=CARTESIAN_POINT('Ctrl Pts',(-2.32704231047999,-0.996634058880225,
1.8459532696956));
#2795=CARTESIAN_POINT('Ctrl Pts',(-2.14528336585235,-1.36134015912038,2.15656391091538));
#2796=CARTESIAN_POINT('Ctrl Pts',(-2.46117066514494,-0.234706641151739,
1.07952859813909));
#2797=CARTESIAN_POINT('Ctrl Pts',(-2.47229872066723,-0.640152629208672,
1.47585618065074));
#2798=CARTESIAN_POINT('Ctrl Pts',(-2.38128906589727,-1.05437942881569,1.85626626629989));
#2799=CARTESIAN_POINT('Ctrl Pts',(-2.19219581738147,-1.42395108078315,2.16984586134948));
#2800=CARTESIAN_POINT('',(-2.45667452170863,-0.462769417689307,1.29992858369267));
#2801=CARTESIAN_POINT('',(-2.27025435405394,-0.0926764471669298,1.07214571844108));
#2802=CARTESIAN_POINT('Ctrl Pts',(-2.45663829532101,-0.46261647444375,1.29981713660509));
#2803=CARTESIAN_POINT('Ctrl Pts',(-2.45593602252773,-0.461016202520367,
1.29883084750539));
#2804=CARTESIAN_POINT('Ctrl Pts',(-2.45523262662267,-0.459416291931186,
1.29784477042747));
#2805=CARTESIAN_POINT('Ctrl Pts',(-2.42758248567172,-0.396639094360427,
1.25915275619656));
#2806=CARTESIAN_POINT('Ctrl Pts',(-2.39897988560184,-0.335960185842547,
1.2217389803484));
#2807=CARTESIAN_POINT('Ctrl Pts',(-2.33767187694678,-0.21419873160893,1.14675579429165));
#2808=CARTESIAN_POINT('Ctrl Pts',(-2.30483995994565,-0.153078935128353,
1.10916571294496));
#2809=CARTESIAN_POINT('Ctrl Pts',(-2.27025509098209,-0.0926764256969689,
1.07214592357315));
#2810=CARTESIAN_POINT('',(-2.13193214498373,-1.30570491278779,2.12999843855444));
#2811=CARTESIAN_POINT('Ctrl Pts',(-2.13193214498373,-1.30570491278779,2.12999843855444));
#2812=CARTESIAN_POINT('Ctrl Pts',(-2.16398309661299,-1.25337265918322,2.08149188508598));
#2813=CARTESIAN_POINT('Ctrl Pts',(-2.19373286108399,-1.20047128193787,2.03176840508547));
#2814=CARTESIAN_POINT('Ctrl Pts',(-2.22125699760858,-1.1471734166801,1.98105700296811));
#2815=CARTESIAN_POINT('Ctrl Pts',(-2.25027919345464,-1.09097470242412,1.92758552557721));
#2816=CARTESIAN_POINT('Ctrl Pts',(-2.27682677838951,-1.03433539411712,1.87301588029372));
#2817=CARTESIAN_POINT('Ctrl Pts',(-2.30099213734545,-0.977440980978771,
1.81757655916494));
#2818=CARTESIAN_POINT('Ctrl Pts',(-2.32592656108265,-0.918735897886175,
1.76037287651954));
#2819=CARTESIAN_POINT('Ctrl Pts',(-2.3483248323626,-0.859759370145021,1.70224328398919));
#2820=CARTESIAN_POINT('Ctrl Pts',(-2.36829245184339,-0.800694662442375,
1.64339575679374));
#2821=CARTESIAN_POINT('Ctrl Pts',(-2.38938255507359,-0.738309620304102,
1.5812401040086));
#2822=CARTESIAN_POINT('Ctrl Pts',(-2.40776139765993,-0.675826402741674,
1.51828359809941));
#2823=CARTESIAN_POINT('Ctrl Pts',(-2.42355408523738,-0.613435447258078,
1.45472317926137));
#2824=CARTESIAN_POINT('Ctrl Pts',(-2.43627753022579,-0.563169912276997,
1.40351546122352));
#2825=CARTESIAN_POINT('Ctrl Pts',(-2.44732291378224,-0.512963234108146,
1.35191433861908));
#2826=CARTESIAN_POINT('Ctrl Pts',(-2.4567094052314,-0.462869723657899,1.30000006462861));
#2827=CARTESIAN_POINT('',(-2.0514584681002,-1.23611830452416,2.13000000037247));
#2828=CARTESIAN_POINT('Ctrl Pts',(-2.05145846830424,-1.23611830408885,2.13));
#2829=CARTESIAN_POINT('Ctrl Pts',(-2.0782034359151,-1.25937903981397,2.13));
#2830=CARTESIAN_POINT('Ctrl Pts',(-2.10504029637113,-1.28258237968797,2.13));
#2831=CARTESIAN_POINT('Ctrl Pts',(-2.13192916993297,-1.30570427386934,2.13));
#2832=CARTESIAN_POINT('Origin',(-0.657723600361493,-0.35416404555315,0.940131143567816));
#2833=CARTESIAN_POINT('Ctrl Pts',(-2.24730902967652,0.206823855977378,1.0568061463614));
#2834=CARTESIAN_POINT('Ctrl Pts',(-2.29747684272295,-0.18641364286114,1.4506228216688));
#2835=CARTESIAN_POINT('Ctrl Pts',(-2.246563413122,-0.59288667661603,1.83310010657135));
#2836=CARTESIAN_POINT('Ctrl Pts',(-2.10207531029464,-0.958678202074788,
2.15368412878954));
#2837=CARTESIAN_POINT('Ctrl Pts',(-2.26049283795121,0.113349820188618,1.05647749494818));
#2838=CARTESIAN_POINT('Ctrl Pts',(-2.30286017457465,-0.280985202352794,
1.44949302571741));
#2839=CARTESIAN_POINT('Ctrl Pts',(-2.24389971937526,-0.68766495584654,1.83024524418227));
#2840=CARTESIAN_POINT('Ctrl Pts',(-2.09078057164277,-1.05219836761526,2.14754216696277));
#2841=CARTESIAN_POINT('Ctrl Pts',(-2.26779164800206,0.0190470592677775,
1.05588973087876));
#2842=CARTESIAN_POINT('Ctrl Pts',(-2.30231017120934,-0.37588736293927,1.44760889985215));
#2843=CARTESIAN_POINT('Ctrl Pts',(-2.23536563771882,-0.782243566834196,
1.82613625548154));
#2844=CARTESIAN_POINT('Ctrl Pts',(-2.07386372796959,-1.14492265338678,2.13962661010598));
#2845=CARTESIAN_POINT('Ctrl Pts',(-2.26914778177589,-0.0753392094660072,
1.05504749889481));
#2846=CARTESIAN_POINT('Ctrl Pts',(-2.29583118726684,-0.470370169977016,
1.44498533454345));
#2847=CARTESIAN_POINT('Ctrl Pts',(-2.22102859894296,-0.875875110424243,
1.82080560728136));
#2848=CARTESIAN_POINT('Ctrl Pts',(-2.05145846279368,-1.2361183157985,2.13000001004694));
#2849=CARTESIAN_POINT('',(-2.26718214144785,-5.61103163936574E-9,1.06718214144785));
#2850=CARTESIAN_POINT('Ctrl Pts',(-2.27025325562644,-0.0926755153737073,
1.07214405261468));
#2851=CARTESIAN_POINT('Ctrl Pts',(-2.26982313986526,-0.0617688961293179,
1.07045368506529));
#2852=CARTESIAN_POINT('Ctrl Pts',(-2.26880031938529,-0.0308700166768003,
1.06880031953809));
#2853=CARTESIAN_POINT('Ctrl Pts',(-2.26718214144785,-1.12220630010818E-8,
1.06718214144785));
#2854=CARTESIAN_POINT('',(-2.11253176121486,-0.931706479304749,2.13));
#2855=CARTESIAN_POINT('Origin',(-0.372499174101001,-0.941272445242787,2.13));
#2856=CARTESIAN_POINT('',(-2.24730902967585,0.206823855977286,1.05680614636211));
#2857=CARTESIAN_POINT('Origin',(-0.642195575019432,-0.168091930041232,1.03669876836182));
#2858=CARTESIAN_POINT('Ctrl Pts',(-2.26718214144785,-1.12220630010818E-8,
1.06718214144785));
#2859=CARTESIAN_POINT('Ctrl Pts',(-2.26624402227711,0.0178965026579427,
1.06624402218853));
#2860=CARTESIAN_POINT('Ctrl Pts',(-2.26510580579912,0.0357833111885102,
1.06531770967393));
#2861=CARTESIAN_POINT('Ctrl Pts',(-2.25993070449266,0.104869215678094,1.06178109062841));
#2862=CARTESIAN_POINT('Ctrl Pts',(-2.25444812727412,0.155957699787063,1.05925359801693));
#2863=CARTESIAN_POINT('Ctrl Pts',(-2.24730902967686,0.2068238559747,1.05680614636424));
#2864=CARTESIAN_POINT('Ctrl Pts',(-2.47322728421743,0.434846068158407,1.06862433396865));
#2865=CARTESIAN_POINT('Ctrl Pts',(-2.53985384015994,0.0325628151726302,
1.4751627452373));
#2866=CARTESIAN_POINT('Ctrl Pts',(-2.50631760757377,-0.385408963040017,
1.87296327742883));
#2867=CARTESIAN_POINT('Ctrl Pts',(-2.37699716225397,-0.771382622697492,
2.21677283573757));
#2868=CARTESIAN_POINT('Ctrl Pts',(-2.39792119926376,0.358838664103038,1.06468493799469));
#2869=CARTESIAN_POINT('Ctrl Pts',(-2.45865159647003,-0.037216272956001,
1.46376497373322));
#2870=CARTESIAN_POINT('Ctrl Pts',(-2.42058628067561,-0.447932336556776,
1.85343674863618));
#2871=CARTESIAN_POINT('Ctrl Pts',(-2.28884358314621,-0.824824023709141,
2.18784855715838));
#2872=CARTESIAN_POINT('Ctrl Pts',(-2.3226151143101,0.28283126004767,1.06074554202073));
#2873=CARTESIAN_POINT('Ctrl Pts',(-2.37744935278011,-0.106995361084634,
1.45236720222914));
#2874=CARTESIAN_POINT('Ctrl Pts',(-2.33485495377746,-0.510455710073535,
1.83391021984353));
#2875=CARTESIAN_POINT('Ctrl Pts',(-2.20069000403844,-0.87826542472079,2.15892427857919));
#2876=CARTESIAN_POINT('Ctrl Pts',(-2.24730902935644,0.206823855992301,1.05680614604678));
#2877=CARTESIAN_POINT('Ctrl Pts',(-2.2962471090902,-0.176774449213265,1.44096943072507));
#2878=CARTESIAN_POINT('Ctrl Pts',(-2.2491236268793,-0.572979083590293,1.81438369105088));
#2879=CARTESIAN_POINT('Ctrl Pts',(-2.11253642493067,-0.931706825732439,
2.13));
#2880=CARTESIAN_POINT('',(-2.49239390478519,0.194865654720506,1.3000089073127));
#2881=CARTESIAN_POINT('Ctrl Pts',(-2.24730902967522,0.206823855974626,1.0568061463626));
#2882=CARTESIAN_POINT('Ctrl Pts',(-2.28813058926596,0.204560095999194,1.09724845907682));
#2883=CARTESIAN_POINT('Ctrl Pts',(-2.32908647772118,0.202446045273855,1.137862054895));
#2884=CARTESIAN_POINT('Ctrl Pts',(-2.41068680029839,0.198494179584009,1.21883888072493));
#2885=CARTESIAN_POINT('Ctrl Pts',(-2.45160812938997,0.196643060187364,1.25947693935643));
#2886=CARTESIAN_POINT('Ctrl Pts',(-2.49239472562699,0.19490867046458,1.30000417162762));
#2887=CARTESIAN_POINT('',(-2.40727600469658,-0.674553361278464,2.12998697176566));
#2888=CARTESIAN_POINT('Ctrl Pts',(-2.40723979654319,-0.674558666286534,
2.13));
#2889=CARTESIAN_POINT('Ctrl Pts',(-2.35759236271588,-0.71858111575884,2.13));
#2890=CARTESIAN_POINT('Ctrl Pts',(-2.30765465783906,-0.762529580215991,
2.13));
#2891=CARTESIAN_POINT('Ctrl Pts',(-2.25761081131783,-0.806197547988828,
2.13));
#2892=CARTESIAN_POINT('Ctrl Pts',(-2.20945722986133,-0.848216081522159,
2.13));
#2893=CARTESIAN_POINT('Ctrl Pts',(-2.1610535173917,-0.890107642672877,2.13));
#2894=CARTESIAN_POINT('Ctrl Pts',(-2.11253642493067,-0.931706825732439,
2.13));
#2895=CARTESIAN_POINT('Ctrl Pts',(-2.49239390478519,0.194865654720506,1.3000089073127));
#2896=CARTESIAN_POINT('Ctrl Pts',(-2.49829772467115,0.119353914491982,1.37523183389025));
#2897=CARTESIAN_POINT('Ctrl Pts',(-2.50080239715878,0.0431670528328197,
1.4503122165579));
#2898=CARTESIAN_POINT('Ctrl Pts',(-2.49977579044105,-0.0334813011223453,
1.52500159044834));
#2899=CARTESIAN_POINT('Ctrl Pts',(-2.49878229537961,-0.107657477651926,
1.59728197087011));
#2900=CARTESIAN_POINT('Ctrl Pts',(-2.49448097050162,-0.182265639744663,
1.6691962007684));
#2901=CARTESIAN_POINT('Ctrl Pts',(-2.48674748097174,-0.257073852969747,
1.74049874631681));
#2902=CARTESIAN_POINT('Ctrl Pts',(-2.479393214903,-0.328213731294887,1.80830486272978));
#2903=CARTESIAN_POINT('Ctrl Pts',(-2.46893482238484,-0.39953390204845,1.87555787493904));
#2904=CARTESIAN_POINT('Ctrl Pts',(-2.4552681462817,-0.470806042712303,1.94202727465809));
#2905=CARTESIAN_POINT('Ctrl Pts',(-2.44222385136842,-0.538832446126258,
2.00546965421699));
#2906=CARTESIAN_POINT('Ctrl Pts',(-2.42625743309831,-0.606814410219441,
2.06819869116445));
#2907=CARTESIAN_POINT('Ctrl Pts',(-2.40727600469658,-0.674553361278464,
2.12998697176566));
#2908=CARTESIAN_POINT('Ctrl Pts',(-2.05327993260097,0.972979247664594,1.07214592356825));
#2909=CARTESIAN_POINT('Ctrl Pts',(-2.25506791486557,0.638957875372106,1.45597469404838));
#2910=CARTESIAN_POINT('Ctrl Pts',(-2.37391512108693,0.250797374224275,1.82532727648702));
#2911=CARTESIAN_POINT('Ctrl Pts',(-2.3909290819959,-0.141168126995134,2.13000001004718));
#2912=CARTESIAN_POINT('Ctrl Pts',(-2.13163062519707,0.96063304136926,1.07460681509186));
#2913=CARTESIAN_POINT('Ctrl Pts',(-2.33224712986622,0.620007750527291,1.46260185624917));
#2914=CARTESIAN_POINT('Ctrl Pts',(-2.44878384903054,0.224876112711944,1.83564027309131));
#2915=CARTESIAN_POINT('Ctrl Pts',(-2.46156474100023,-0.174806041570168,
2.14328196048128));
#2916=CARTESIAN_POINT('Ctrl Pts',(-2.20998131779318,0.948286835073926,1.07706770661548));
#2917=CARTESIAN_POINT('Ctrl Pts',(-2.40942634486688,0.601057625682477,1.46922901844995));
#2918=CARTESIAN_POINT('Ctrl Pts',(-2.52365257697415,0.198954851199613,1.8459532696956));
#2919=CARTESIAN_POINT('Ctrl Pts',(-2.53220040000456,-0.208443956145202,
2.15656391091538));
#2920=CARTESIAN_POINT('Ctrl Pts',(-2.28833201038928,0.935940628778593,1.0795285981391));
#2921=CARTESIAN_POINT('Ctrl Pts',(-2.48660555986754,0.582107500837663,1.47585618065074));
#2922=CARTESIAN_POINT('Ctrl Pts',(-2.59852130491776,0.173033589687281,1.85626626629989));
#2923=CARTESIAN_POINT('Ctrl Pts',(-2.60283605900888,-0.242081870720236,
2.16984586134947));
#2924=CARTESIAN_POINT('',(-2.39033693002904,0.73191160702652,1.29992858369267));
#2925=CARTESIAN_POINT('',(-2.05327993260355,0.972979247660329,1.07214592357315));
#2926=CARTESIAN_POINT('Ctrl Pts',(-2.39023377688562,0.732030196303115,1.29981713660509));
#2927=CARTESIAN_POINT('Ctrl Pts',(-2.3888682617652,0.733120804279899,1.29883084750569));
#2928=CARTESIAN_POINT('Ctrl Pts',(-2.38750192009846,0.734210570375549,1.29784477042763));
#2929=CARTESIAN_POINT('Ctrl Pts',(-2.33384491779596,0.776947357028193,1.25915275619656));
#2930=CARTESIAN_POINT('Ctrl Pts',(-2.28031967837216,0.817383571172226,1.2217389803484));
#2931=CARTESIAN_POINT('Ctrl Pts',(-2.16944876344368,0.896706732261779,1.14675579429169));
#2932=CARTESIAN_POINT('Ctrl Pts',(-2.11197375900614,0.935567871729181,1.10916571294498));
#2933=CARTESIAN_POINT('Ctrl Pts',(-2.05327993260355,0.972979247660329,1.07214592357315));
#2934=CARTESIAN_POINT('',(-2.49452349288349,-0.165386013754031,2.12999843855444));
#2935=CARTESIAN_POINT('Ctrl Pts',(-2.49452349288349,-0.165386013754031,
2.12999843855444));
#2936=CARTESIAN_POINT('Ctrl Pts',(-2.49858319023623,-0.104153284555602,
2.08149188508591));
#2937=CARTESIAN_POINT('Ctrl Pts',(-2.50034080260989,-0.0434860363957476,
2.03176840508534));
#2938=CARTESIAN_POINT('Ctrl Pts',(-2.49994346214073,0.0164979835847522,
1.9810570029679));
#2939=CARTESIAN_POINT('Ctrl Pts',(-2.49952449557649,0.0797467606698991,
1.92758552557702));
#2940=CARTESIAN_POINT('Ctrl Pts',(-2.49670961560482,0.142235655380172,1.87301588029355));
#2941=CARTESIAN_POINT('Ctrl Pts',(-2.4916668261592,0.20384335858709,1.81757655916478));
#2942=CARTESIAN_POINT('Ctrl Pts',(-2.4864635494736,0.26741173264019,1.76037287651933));
#2943=CARTESIAN_POINT('Ctrl Pts',(-2.47888847469463,0.330041850178267,1.70224328398892));
#2944=CARTESIAN_POINT('Ctrl Pts',(-2.46912018536243,0.391620466980346,1.64339575679342));
#2945=CARTESIAN_POINT('Ctrl Pts',(-2.45880276967866,0.456660738124243,1.58124010400821));
#2946=CARTESIAN_POINT('Ctrl Pts',(-2.44603902752613,0.520527953642365,1.51828359809896));
#2947=CARTESIAN_POINT('Ctrl Pts',(-2.43102823516363,0.583111628987729,1.45472317926084));
#2948=CARTESIAN_POINT('Ctrl Pts',(-2.41893472733483,0.63353242953357,1.40351546122317));
#2949=CARTESIAN_POINT('Ctrl Pts',(-2.40538272202418,0.683121280928836,1.3519143386189));
#2950=CARTESIAN_POINT('Ctrl Pts',(-2.39041443236237,0.731839001683575,1.30000006462861));
#2951=CARTESIAN_POINT('',(-2.39092908145646,-0.141168114549574,2.13000000037247));
#2952=CARTESIAN_POINT('Ctrl Pts',(-2.39092908143483,-0.141168114069305,
2.13));
#2953=CARTESIAN_POINT('Ctrl Pts',(-2.42542037705202,-0.149335466493912,
2.13));
#2954=CARTESIAN_POINT('Ctrl Pts',(-2.45996636656067,-0.157409292681795,
2.13));
#2955=CARTESIAN_POINT('Ctrl Pts',(-2.49452056168667,-0.165386830594868,
2.13));
#2956=CARTESIAN_POINT('Origin',(-0.746973563829662,-0.00793729031630623,
0.940131143568778));
#2957=CARTESIAN_POINT('Ctrl Pts',(-1.89377748342782,1.22751001035788,1.0568061463614));
#2958=CARTESIAN_POINT('Ctrl Pts',(-2.12094545361041,0.90262964271195,1.4506228216688));
#2959=CARTESIAN_POINT('Ctrl Pts',(-2.2647612881804,0.51905499520436,1.83310010657135));
#2960=CARTESIAN_POINT('Ctrl Pts',(-2.30681522491464,0.128015715385506,2.15368412878954));
#2961=CARTESIAN_POINT('Ctrl Pts',(-1.94889071632118,1.15086968332763,1.05647749494818));
#2962=CARTESIAN_POINT('Ctrl Pts',(-2.16966175234867,0.821392444558929,1.44949302571741));
#2963=CARTESIAN_POINT('Ctrl Pts',(-2.30644836706671,0.433895116551326,1.83024524418227));
#2964=CARTESIAN_POINT('Ctrl Pts',(-2.34027521849719,0.0399587945139035,
2.14754216696277));
#2965=CARTESIAN_POINT('Ctrl Pts',(-1.99917816984842,1.07076066159351,1.05588973087876));
#2966=CARTESIAN_POINT('Ctrl Pts',(-2.21327798165629,0.737105155311564,1.44760889985215));
#2967=CARTESIAN_POINT('Ctrl Pts',(-2.34284468514628,0.346183930056534,1.82613625548154));
#2968=CARTESIAN_POINT('Ctrl Pts',(-2.36838722154097,-0.0500061322996386,
2.13962661010598));
#2969=CARTESIAN_POINT('Ctrl Pts',(-2.04424245287339,0.987815997993348,1.05504749889481));
#2970=CARTESIAN_POINT('Ctrl Pts',(-2.25144947607447,0.650433850529983,1.44498533454345));
#2971=CARTESIAN_POINT('Ctrl Pts',(-2.37366261571269,0.256614561455882,1.82080560728136));
#2972=CARTESIAN_POINT('Ctrl Pts',(-2.39092908199721,-0.141168126998572,
2.13000001004694));
#2973=CARTESIAN_POINT('',(-1.89377748342726,1.22751001035748,1.05680614636211));
#2974=CARTESIAN_POINT('Ctrl Pts',(-2.05327760135816,0.97297972235515,1.072144020161));
#2975=CARTESIAN_POINT('Ctrl Pts',(-2.02938575839225,1.0170020144854,1.06940485028995));
#2976=CARTESIAN_POINT('Ctrl Pts',(-2.00412571429685,1.06028223844337,1.06676312842927));
#2977=CARTESIAN_POINT('Ctrl Pts',(-1.95093169170035,1.14519095656993,1.06165724722657));
#2978=CARTESIAN_POINT('Ctrl Pts',(-1.923003268262,1.18681048393419,1.059193616445));
#2979=CARTESIAN_POINT('Ctrl Pts',(-1.89377748342946,1.22751001035553,1.05680614636425));
#2980=CARTESIAN_POINT('',(-2.30353956782772,0.156757344874453,2.13));
#2981=CARTESIAN_POINT('Origin',(-0.767262754194982,-0.660346360912408,2.13));
#2982=CARTESIAN_POINT('Origin',(-0.646752156473134,0.149605152377092,1.03669876836202));
#2983=CARTESIAN_POINT('Ctrl Pts',(-1.98785095747491,1.53440309998919,1.06862433396865));
#2984=CARTESIAN_POINT('Ctrl Pts',(-2.23379619229036,1.20916187403351,1.4751627452373));
#2985=CARTESIAN_POINT('Ctrl Pts',(-2.39834250366499,0.823481180076292,1.87296327742882));
#2986=CARTESIAN_POINT('Ctrl Pts',(-2.46320583955778,0.421620269830032,2.21677283573757));
#2987=CARTESIAN_POINT('Ctrl Pts',(-1.95649313269576,1.43210540340024,1.06468493799469));
#2988=CARTESIAN_POINT('Ctrl Pts',(-2.19432313549603,1.10963899572078,1.46376497373322));
#2989=CARTESIAN_POINT('Ctrl Pts',(-2.35148724414335,0.728278148072079,1.85343674863618));
#2990=CARTESIAN_POINT('Ctrl Pts',(-2.40998517915051,0.333333248374945,2.18784855715838));
#2991=CARTESIAN_POINT('Ctrl Pts',(-1.92513530791661,1.32980770681129,1.06074554202073));
#2992=CARTESIAN_POINT('Ctrl Pts',(-2.15485007870169,1.01011611740805,1.45236720222914));
#2993=CARTESIAN_POINT('Ctrl Pts',(-2.30463198462172,0.633075116067867,1.83391021984353));
#2994=CARTESIAN_POINT('Ctrl Pts',(-2.35676451874323,0.245046226919857,2.15892427857919));
#2995=CARTESIAN_POINT('Ctrl Pts',(-1.89377748313746,1.22751001022234,1.05680614604678));
#2996=CARTESIAN_POINT('Ctrl Pts',(-2.11537702190736,0.910593239095318,1.44096943072506));
#2997=CARTESIAN_POINT('Ctrl Pts',(-2.25777672510009,0.537872084063654,1.81438369105088));
#2998=CARTESIAN_POINT('Ctrl Pts',(-2.30354385833596,0.15675920546477,2.13));
#2999=CARTESIAN_POINT('',(-2.11634661610928,1.33081816957946,1.3000089073127));
#3000=CARTESIAN_POINT('Ctrl Pts',(-1.89377748342794,1.22751001035484,1.05680614636259));
#3001=CARTESIAN_POINT('Ctrl Pts',(-1.93097520106061,1.24447627510472,1.09724845907677));
#3002=CARTESIAN_POINT('Ctrl Pts',(-1.96822228763819,1.2616375265482,1.13786205489493));
#3003=CARTESIAN_POINT('Ctrl Pts',(-2.04231230851839,1.29605988400848,1.21883888072497));
#3004=CARTESIAN_POINT('Ctrl Pts',(-2.07940660401817,1.31343788904423,1.25947693935654));
#3005=CARTESIAN_POINT('Ctrl Pts',(-2.11632735251556,1.33085663959345,1.30000417162762));
#3006=CARTESIAN_POINT('',(-2.44501762153509,0.521429602518801,2.12998697176566));
#3007=CARTESIAN_POINT('Ctrl Pts',(-2.44498802616767,0.521408078399542,2.13));
#3008=CARTESIAN_POINT('Ctrl Pts',(-2.42148565908691,0.459355822318063,2.13));
#3009=CARTESIAN_POINT('Ctrl Pts',(-2.39769188720548,0.397234181031504,2.13));
#3010=CARTESIAN_POINT('Ctrl Pts',(-2.37367377825654,0.335311580742537,2.13));
#3011=CARTESIAN_POINT('Ctrl Pts',(-2.35056288558732,0.27572793191656,2.13));
#3012=CARTESIAN_POINT('Ctrl Pts',(-2.32717150589691,0.216140469874001,2.13));
#3013=CARTESIAN_POINT('Ctrl Pts',(-2.30354385833596,0.15675920546477,2.13));
#3014=CARTESIAN_POINT('Ctrl Pts',(-2.11634661610928,1.33081816957946,1.3000089073127));
#3015=CARTESIAN_POINT('Ctrl Pts',(-2.1566662444472,1.26669948609115,1.37523183389022));
#3016=CARTESIAN_POINT('Ctrl Pts',(-2.19428982181196,1.20040334970284,1.45031221655785));
#3017=CARTESIAN_POINT('Ctrl Pts',(-2.22900107288973,1.13205751490656,1.52500159044827));
#3018=CARTESIAN_POINT('Ctrl Pts',(-2.26259276474801,1.06591607226223,1.59728197086997));
#3019=CARTESIAN_POINT('Ctrl Pts',(-2.29345627246456,0.997854900233082,1.66919620076819));
#3020=CARTESIAN_POINT('Ctrl Pts',(-2.32137371770587,0.928021585279356,1.74049874631653));
#3021=CARTESIAN_POINT('Ctrl Pts',(-2.34792218841503,0.861612653496832,1.80830486272928));
#3022=CARTESIAN_POINT('Ctrl Pts',(-2.37180587772442,0.793601521207189,1.87555787493832));
#3023=CARTESIAN_POINT('Ctrl Pts',(-2.39282645230586,0.724141953725478,1.94202727465716));
#3024=CARTESIAN_POINT('Ctrl Pts',(-2.41288974875189,0.657845578809594,2.00546965421637));
#3025=CARTESIAN_POINT('Ctrl Pts',(-2.43034498148176,0.590230574522547,2.06819869116415));
#3026=CARTESIAN_POINT('Ctrl Pts',(-2.44501762153509,0.521429602518801,2.12998697176566));
#3027=CARTESIAN_POINT('Ctrl Pts',(-1.36592308636689,1.81573710105228,1.07214592356825));
#3028=CARTESIAN_POINT('Ctrl Pts',(-1.69982494282966,1.61375141545726,1.45597469404838));
#3029=CARTESIAN_POINT('Ctrl Pts',(-1.98544609706593,1.32528341145907,1.82532727648702));
#3030=CARTESIAN_POINT('Ctrl Pts',(-2.18266666233142,0.986121978438811,2.13000001004718));
#3031=CARTESIAN_POINT('Ctrl Pts',(-1.44103674739249,1.84121646068921,1.07460681509186));
#3032=CARTESIAN_POINT('Ctrl Pts',(-1.77697030593569,1.63283888283749,1.46260185624917));
#3033=CARTESIAN_POINT('Ctrl Pts',(-2.06378527422998,1.33712450699728,1.83564027309131));
#3034=CARTESIAN_POINT('Ctrl Pts',(-2.26084375058504,0.989163111799833,2.14328196048128));
#3035=CARTESIAN_POINT('Ctrl Pts',(-1.51615040841809,1.86669582032614,1.07706770661548));
#3036=CARTESIAN_POINT('Ctrl Pts',(-1.85411566904171,1.65192635021772,1.46922901844995));
#3037=CARTESIAN_POINT('Ctrl Pts',(-2.14212445139403,1.34896560253549,1.8459532696956));
#3038=CARTESIAN_POINT('Ctrl Pts',(-2.33902083883865,0.992204245160855,2.15656391091538));
#3039=CARTESIAN_POINT('Ctrl Pts',(-1.59126406944368,1.89217517996306,1.07952859813909));
#3040=CARTESIAN_POINT('Ctrl Pts',(-1.93126103214774,1.67101381759796,1.47585618065074));
#3041=CARTESIAN_POINT('Ctrl Pts',(-2.22046362855808,1.36080669807371,1.85626626629989));
#3042=CARTESIAN_POINT('Ctrl Pts',(-2.41719792709227,0.995245378521877,2.16984586134947));
#3043=CARTESIAN_POINT('',(-1.7764019543626,1.75892050306362,1.29992858369267));
#3044=CARTESIAN_POINT('',(-1.36592308637116,1.8157371010497,1.07214592357315));
#3045=CARTESIAN_POINT('Ctrl Pts',(-1.7762555056054,1.75897757099714,1.29981713660509));
#3046=CARTESIAN_POINT('Ctrl Pts',(-1.77453957121415,1.75930866988382,1.29883084750492));
#3047=CARTESIAN_POINT('Ctrl Pts',(-1.77282329619614,1.75963863920618,1.29784477042725));
#3048=CARTESIAN_POINT('Ctrl Pts',(-1.70545160513343,1.7725445321523,1.25915275619658));
#3049=CARTESIAN_POINT('Ctrl Pts',(-1.63926571365863,1.78347460257132,1.22173898034842));
#3050=CARTESIAN_POINT('Ctrl Pts',(-1.5042310829274,1.80218749025898,1.14675579429168));
#3051=CARTESIAN_POINT('Ctrl Pts',(-1.43527982192122,1.80988735398869,1.10916571294497));
#3052=CARTESIAN_POINT('Ctrl Pts',(-1.36592308637116,1.8157371010497,1.07214592357315));
#3053=CARTESIAN_POINT('',(-2.28564957083062,1.01282082791324,2.12999843855444));
#3054=CARTESIAN_POINT('Ctrl Pts',(-2.28564957083062,1.01282082791324,2.12999843855444));
#3055=CARTESIAN_POINT('Ctrl Pts',(-2.26078798616792,1.06892635238053,2.08149188508588));
#3056=CARTESIAN_POINT('Ctrl Pts',(-2.23415079863091,1.12346133602103,2.03176840508526));
#3057=CARTESIAN_POINT('Ctrl Pts',(-2.20592300708096,1.1763898946325,1.98105700296777));
#3058=CARTESIAN_POINT('Ctrl Pts',(-2.17615885829721,1.23219920194702,1.9275855255769));
#3059=CARTESIAN_POINT('Ctrl Pts',(-2.14462636849753,1.28622223035525,1.87301588029344));
#3060=CARTESIAN_POINT('Ctrl Pts',(-2.11153067294017,1.33842964127935,1.81757655916468));
#3061=CARTESIAN_POINT('Ctrl Pts',(-2.07738170381422,1.39229855787918,1.76037287651936));
#3062=CARTESIAN_POINT('Ctrl Pts',(-2.04156864131872,1.44423446006077,1.70224328398908));
#3063=CARTESIAN_POINT('Ctrl Pts',(-2.00430224053895,1.49422006695555,1.64339575679371));
#3064=CARTESIAN_POINT('Ctrl Pts',(-1.96494090153607,1.54701562480611,1.5812401040086));
#3065=CARTESIAN_POINT('Ctrl Pts',(-1.92395859415212,1.59763562888798,1.51828359809944));
#3066=CARTESIAN_POINT('Ctrl Pts',(-1.88158311348034,1.6460748582884,1.45472317926144));
#3067=CARTESIAN_POINT('Ctrl Pts',(-1.84744312973527,1.6851001266308,1.40351546122357));
#3068=CARTESIAN_POINT('Ctrl Pts',(-1.81239833665471,1.72271094300859,1.3519143386191));
#3069=CARTESIAN_POINT('Ctrl Pts',(-1.77650432065593,1.7588922313554,1.30000006462861));
#3070=CARTESIAN_POINT('',(-2.18266665607004,0.986121989208119,2.13000000037247));
#3071=CARTESIAN_POINT('Ctrl Pts',(-2.18266665582769,0.986121989623322,2.13));
#3072=CARTESIAN_POINT('Ctrl Pts',(-2.21700273929051,0.994919062512446,2.13));
#3073=CARTESIAN_POINT('Ctrl Pts',(-2.25134378797971,1.00382436629018,2.13));
#3074=CARTESIAN_POINT('Ctrl Pts',(-2.2856473549896,1.01281874244152,2.13));
#3075=CARTESIAN_POINT('Origin',(-0.665100885829485,0.340107802477195,0.940131143568586));
#3076=CARTESIAN_POINT('Ctrl Pts',(-1.10640433821854,1.96698841446466,1.0568061463614));
#3077=CARTESIAN_POINT('Ctrl Pts',(-1.45853102123929,1.78489135500614,1.4506228216688));
#3078=CARTESIAN_POINT('Ctrl Pts',(-1.76412964544893,1.51208742291423,1.83310010657135));
#3079=CARTESIAN_POINT('Ctrl Pts',(-1.98309157164383,1.18538277520759,2.15368412878954));
#3080=CARTESIAN_POINT('Ctrl Pts',(-1.19082121826117,1.92473917149948,1.05647749494818));
#3081=CARTESIAN_POINT('Ctrl Pts',(-1.53941996991822,1.73559898127424,1.44949302571741));
#3082=CARTESIAN_POINT('Ctrl Pts',(-1.84061748957919,1.45605504675029,1.83024524418227));
#3083=CARTESIAN_POINT('Ctrl Pts',(-2.05364101616767,1.12296187837561,2.14754216696277));
#3084=CARTESIAN_POINT('Ctrl Pts',(-1.27257706569122,1.877175900413,1.05588973087876));
#3085=CARTESIAN_POINT('Ctrl Pts',(-1.61721047939693,1.68123576556061,1.44760889985215));
#3086=CARTESIAN_POINT('Ctrl Pts',(-1.91360624954592,1.39530486053993,1.82613625548154));
#3087=CARTESIAN_POINT('Ctrl Pts',(-2.12034174481745,1.05636619105812,2.13962661010598));
#3088=CARTESIAN_POINT('Ctrl Pts',(-1.35102581380979,1.82467446478571,1.05504749889481));
#3089=CARTESIAN_POINT('Ctrl Pts',(-1.69128782282096,1.6222313144582,1.44498533454345));
#3090=CARTESIAN_POINT('Ctrl Pts',(-1.98251913295816,1.33031692984718,1.82080560728136));
#3091=CARTESIAN_POINT('Ctrl Pts',(-2.18266666233418,0.986121978436378,2.13000001004694));
#3092=CARTESIAN_POINT('',(-1.10640433821823,1.96698841446405,1.05680614636211));
#3093=CARTESIAN_POINT('Ctrl Pts',(-1.36592080155421,1.81573643798734,1.07214402016101));
#3094=CARTESIAN_POINT('Ctrl Pts',(-1.32430744599667,1.84361314876805,1.06940485028995));
#3095=CARTESIAN_POINT('Ctrl Pts',(-1.28182746477963,1.87019695604527,1.06676312842927));
#3096=CARTESIAN_POINT('Ctrl Pts',(-1.19526744812087,1.9206593972261,1.06165724722657));
#3097=CARTESIAN_POINT('Ctrl Pts',(-1.15119649852471,1.94453267298518,1.059193616445));
#3098=CARTESIAN_POINT('Ctrl Pts',(-1.10640433822109,1.96698841446334,1.05680614636425));
#3099=CARTESIAN_POINT('',(-1.96683422011243,1.20930995047371,2.13));
#3100=CARTESIAN_POINT('Origin',(-0.98625568548314,-0.22814288207873,2.13));
#3101=CARTESIAN_POINT('Origin',(-0.503145613085139,0.433029497321757,1.03669876836129));
#3102=CARTESIAN_POINT('Ctrl Pts',(-1.04708193257589,2.28244687317437,1.06862433396865));
#3103=CARTESIAN_POINT('Ctrl Pts',(-1.41600275692946,2.10875651953357,1.4751627452373));
#3104=CARTESIAN_POINT('Ctrl Pts',(-1.74093603532697,1.84372170886116,1.87296327742883));
#3105=CARTESIAN_POINT('Ctrl Pts',(-1.98512374386725,1.51803503961456,2.21677283573757));
#3106=CARTESIAN_POINT('Ctrl Pts',(-1.0668560677254,2.17729405351948,1.06468493799469));
#3107=CARTESIAN_POINT('Ctrl Pts',(-1.42730168864038,2.00228934307748,1.46376497373322));
#3108=CARTESIAN_POINT('Ctrl Pts',(-1.74369081847118,1.73764888568074,1.85343674863618));
#3109=CARTESIAN_POINT('Ctrl Pts',(-1.97902821408129,1.41512789035745,2.18784855715838));
#3110=CARTESIAN_POINT('Ctrl Pts',(-1.08663020287492,2.0721412338646,1.06074554202073));
#3111=CARTESIAN_POINT('Ctrl Pts',(-1.4386006203513,1.8958221666214,1.45236720222914));
#3112=CARTESIAN_POINT('Ctrl Pts',(-1.74644560161538,1.63157606250033,1.83391021984353));
#3113=CARTESIAN_POINT('Ctrl Pts',(-1.97293268429533,1.31222074110033,2.15892427857919));
#3114=CARTESIAN_POINT('Ctrl Pts',(-1.10640433802443,1.96698841420971,1.05680614604678));
#3115=CARTESIAN_POINT('Ctrl Pts',(-1.44989955206223,1.78935499016531,1.44096943072506));
#3116=CARTESIAN_POINT('Ctrl Pts',(-1.74920038475959,1.52550323931992,1.81438369105088));
#3117=CARTESIAN_POINT('Ctrl Pts',(-1.96683715450937,1.20931359184322,2.13));
#3118=CARTESIAN_POINT('',(-1.25546982242429,2.1618962798853,1.3000089073127));
#3119=CARTESIAN_POINT('Ctrl Pts',(-1.10640433822006,1.96698841446202,1.0568061463626));
#3120=CARTESIAN_POINT('Ctrl Pts',(-1.13145666506614,1.99929793714866,1.09724845907675));
#3121=CARTESIAN_POINT('Ctrl Pts',(-1.15646209110725,2.03180305487079,1.13786205489494));
#3122=CARTESIAN_POINT('Ctrl Pts',(-1.20606867938817,2.09671388822133,1.21883888072487));
#3123=CARTESIAN_POINT('Ctrl Pts',(-1.23083808523179,2.12933992616344,1.25947693935642));
#3124=CARTESIAN_POINT('Ctrl Pts',(-1.25543488745223,2.16192139115262,1.30000417162762));
#3125=CARTESIAN_POINT('',(-1.92263516693646,1.59795932828692,2.12998697176566));
#3126=CARTESIAN_POINT('Ctrl Pts',(-1.92261896429703,1.59792651597282,2.13));
#3127=CARTESIAN_POINT('Ctrl Pts',(-1.93064577302673,1.53205987734126,2.13));
#3128=CARTESIAN_POINT('Ctrl Pts',(-1.93844680053265,1.46599637859624,2.13));
#3129=CARTESIAN_POINT('Ctrl Pts',(-1.94595668846657,1.40000486726845,2.13));
#3130=CARTESIAN_POINT('Ctrl Pts',(-1.95318291157874,1.33650599903509,2.13));
#3131=CARTESIAN_POINT('Ctrl Pts',(-1.96016254785799,1.2728734055478,2.13));
#3132=CARTESIAN_POINT('Ctrl Pts',(-1.96683715450937,1.20931359184322,2.13));
#3133=CARTESIAN_POINT('Ctrl Pts',(-1.25546982242429,2.1618962798853,1.3000089073127));
#3134=CARTESIAN_POINT('Ctrl Pts',(-1.32096851826602,2.12385947081054,1.37523183389006));
#3135=CARTESIAN_POINT('Ctrl Pts',(-1.38509189234675,2.08264170558468,1.45031221655752));
#3136=CARTESIAN_POINT('Ctrl Pts',(-1.4475890719139,2.03825559704259,1.52500159044777));
#3137=CARTESIAN_POINT('Ctrl Pts',(-1.50807049891101,1.99530109570242,1.59728197086958));
#3138=CARTESIAN_POINT('Ctrl Pts',(-1.56702838154993,1.94937890802256,1.6691962007679));
#3139=CARTESIAN_POINT('Ctrl Pts',(-1.62420121129941,1.90051846221328,1.74049874631635));
#3140=CARTESIAN_POINT('Ctrl Pts',(-1.67857048409096,1.85405396292993,1.80830486272939));
#3141=CARTESIAN_POINT('Ctrl Pts',(-1.73132478983694,1.80493239988832,1.87555787493872));
#3142=CARTESIAN_POINT('Ctrl Pts',(-1.78221705479186,1.7531977554198,1.94202727465784));
#3143=CARTESIAN_POINT('Ctrl Pts',(-1.83079168317019,1.70381910953777,2.00546965421682));
#3144=CARTESIAN_POINT('Ctrl Pts',(-1.87766978343989,1.6520608476904,2.06819869116437));
#3145=CARTESIAN_POINT('Ctrl Pts',(-1.92263516693646,1.59795932828692,2.12998697176566));
#3146=CARTESIAN_POINT('Ctrl Pts',(-0.365649722203823,2.24253146659307,1.07214592356825));
#3147=CARTESIAN_POINT('Ctrl Pts',(-0.755172561502729,2.21885395407394,1.45597469404838));
#3148=CARTESIAN_POINT('Ctrl Pts',(-1.14213529942643,2.09616299052508,1.82532727648702));
#3149=CARTESIAN_POINT('Ctrl Pts',(-1.47438161431158,1.88750342267055,2.13000001004718));
#3150=CARTESIAN_POINT('Ctrl Pts',(-0.420318717135693,2.29999937792901,1.07460681509186));
#3151=CARTESIAN_POINT('Ctrl Pts',(-0.814610999728939,2.27160630493133,1.46260185624917));
#3152=CARTESIAN_POINT('Ctrl Pts',(-1.20599836441206,2.1430537908267,1.83564027309131));
#3153=CARTESIAN_POINT('Ctrl Pts',(-1.54219070303162,1.92652691696425,2.14328196048128));
#3154=CARTESIAN_POINT('Ctrl Pts',(-0.474987712067564,2.35746728926495,1.07706770661548));
#3155=CARTESIAN_POINT('Ctrl Pts',(-0.87404943795515,2.32435865578871,1.46922901844995));
#3156=CARTESIAN_POINT('Ctrl Pts',(-1.26986142939769,2.18994459112832,1.8459532696956));
#3157=CARTESIAN_POINT('Ctrl Pts',(-1.60999979175167,1.96555041125795,2.15656391091538));
#3158=CARTESIAN_POINT('Ctrl Pts',(-0.529656706999434,2.41493520060088,1.07952859813909));
#3159=CARTESIAN_POINT('Ctrl Pts',(-0.933487876181361,2.3771110066461,1.47585618065074));
#3160=CARTESIAN_POINT('Ctrl Pts',(-1.33372449438333,2.23683539142994,1.85626626629989));
#3161=CARTESIAN_POINT('Ctrl Pts',(-1.67780888047171,2.00457390555164,2.16984586134947));
#3162=CARTESIAN_POINT('',(-0.755514698915956,2.38298190913879,1.29992858369267));
#3163=CARTESIAN_POINT('',(-0.365649722208797,2.24253146659277,1.07214592357315));
#3164=CARTESIAN_POINT('Ctrl Pts',(-0.755358504190357,2.38296438215341,1.29981713660509));
#3165=CARTESIAN_POINT('Ctrl Pts',(-0.753685250420069,2.38246012118468,1.29883084750548));
#3166=CARTESIAN_POINT('Ctrl Pts',(-0.752012219973069,2.38195470173883,1.29784477042754));
#3167=CARTESIAN_POINT('Ctrl Pts',(-0.6863598826547,2.36207311643766,1.25915275619659));
#3168=CARTESIAN_POINT('Ctrl Pts',(-0.62267572923932,2.34099309572028,1.22173898034843));
#3169=CARTESIAN_POINT('Ctrl Pts',(-0.494412189262183,2.29480881295151,1.14675579429168));
#3170=CARTESIAN_POINT('Ctrl Pts',(-0.429780574631084,2.26958345495647,1.10916571294498));
#3171=CARTESIAN_POINT('Ctrl Pts',(-0.365649722208797,2.24253146659277,1.07214592357315));
#3172=CARTESIAN_POINT('',(-1.55316087716382,1.95900262371974,2.12999843855444));
#3173=CARTESIAN_POINT('Ctrl Pts',(-1.55316087716382,1.95900262371974,2.12999843855444));
#3174=CARTESIAN_POINT('Ctrl Pts',(-1.5050734999172,1.99712784394534,2.08149188508576));
#3175=CARTESIAN_POINT('Ctrl Pts',(-1.45614377112122,2.03303725553227,2.03176840508503));
#3176=CARTESIAN_POINT('Ctrl Pts',(-1.40655217535269,2.06678505785512,1.98105700296742));
#3177=CARTESIAN_POINT('Ctrl Pts',(-1.35426145213894,2.10236965566829,1.92758552557657));
#3178=CARTESIAN_POINT('Ctrl Pts',(-1.3012350659167,2.13555079301423,1.87301588029314));
#3179=CARTESIAN_POINT('Ctrl Pts',(-1.24766828925344,2.16639782298028,1.81757655916441));
#3180=CARTESIAN_POINT('Ctrl Pts',(-1.19239674497426,2.19822656252472,1.76037287651916));
#3181=CARTESIAN_POINT('Ctrl Pts',(-1.13655003578581,2.2275703600556,1.70224328398894));
#3182=CARTESIAN_POINT('Ctrl Pts',(-1.08032280686835,2.25451185689545,1.64339575679365));
#3183=CARTESIAN_POINT('Ctrl Pts',(-1.02093475295621,2.2829678754047,1.5812401040084));
#3184=CARTESIAN_POINT('Ctrl Pts',(-0.961122433071985,2.30874423515249,1.5182835980991));
#3185=CARTESIAN_POINT('Ctrl Pts',(-0.901089976032752,2.33194217490847,1.45472317926095));
#3186=CARTESIAN_POINT('Ctrl Pts',(-0.852724575216189,2.35063169237538,1.40351546122324));
#3187=CARTESIAN_POINT('Ctrl Pts',(-0.804215334125158,2.36764828896275,1.35191433861894));
#3188=CARTESIAN_POINT('Ctrl Pts',(-0.755618478285132,2.38300444777294,1.30000006462861));
#3189=CARTESIAN_POINT('',(-1.47438160376265,1.88750342929649,2.13000000037247));
#3190=CARTESIAN_POINT('Ctrl Pts',(-1.47438160335511,1.88750342955151,2.13));
#3191=CARTESIAN_POINT('Ctrl Pts',(-1.50069649173685,1.91124962437169,2.13));
#3192=CARTESIAN_POINT('Ctrl Pts',(-1.52696547920636,1.93509396034011,2.13));
#3193=CARTESIAN_POINT('Ctrl Pts',(-1.55315988430106,1.95899974737357,2.13));
#3194=CARTESIAN_POINT('Origin',(-0.430861610221342,0.610238296468946,0.940131143569327));
#3195=CARTESIAN_POINT('Ctrl Pts',(-0.0655672927410949,2.25585347759769,
1.05680614636139));
#3196=CARTESIAN_POINT('Ctrl Pts',(-0.461984709106502,2.25825596814107,1.4506228216688));
#3197=CARTESIAN_POINT('Ctrl Pts',(-0.859357161012028,2.15871884466331,1.83310010657135));
#3198=CARTESIAN_POINT('Ctrl Pts',(-1.2050655381536,1.97119292664067,2.15368412878954));
#3199=CARTESIAN_POINT('Ctrl Pts',(-0.15994893004891,2.25767411110234,1.05647749494818));
#3200=CARTESIAN_POINT('Ctrl Pts',(-0.556515624401275,2.25220070761477,1.44949302571741));
#3201=CARTESIAN_POINT('Ctrl Pts',(-0.95312332707445,2.14465031310429,1.83024524418227));
#3202=CARTESIAN_POINT('Ctrl Pts',(-1.2965424060913,1.94870792905916,2.14754216696277));
#3203=CARTESIAN_POINT('Ctrl Pts',(-0.254443892000318,2.25355276286986,1.05588973087876));
#3204=CARTESIAN_POINT('Ctrl Pts',(-0.650659545806765,2.24021552300709,1.44760889985215));
#3205=CARTESIAN_POINT('Ctrl Pts',(-1.04598368362987,2.12477826272005,1.82613625548154));
#3206=CARTESIAN_POINT('Ctrl Pts',(-1.38655152724433,1.92073775063713,2.13962661010598));
#3207=CARTESIAN_POINT('Ctrl Pts',(-0.34830544242843,2.24352200140675,1.05504749889481));
#3208=CARTESIAN_POINT('Ctrl Pts',(-0.743672511586973,2.2223951342507,1.44498533454345));
#3209=CARTESIAN_POINT('Ctrl Pts',(-1.13720440878847,2.09925972166744,1.82080560728136));
#3210=CARTESIAN_POINT('Ctrl Pts',(-1.47438161431515,1.88750342266968,2.13000001004694));
#3211=CARTESIAN_POINT('',(-0.0655672927411069,2.25585347759701,1.05680614636211));
#3212=CARTESIAN_POINT('Ctrl Pts',(-0.365648007244296,2.24252981767282,1.07214402016101));
#3213=CARTESIAN_POINT('Ctrl Pts',(-0.315846257358064,2.24787472861491,1.06940485028995));
#3214=CARTESIAN_POINT('Ctrl Pts',(-0.265877990776933,2.25167208933379,1.06676312842927));
#3215=CARTESIAN_POINT('Ctrl Pts',(-0.165781836711172,2.25612791643271,1.06165724722657));
#3216=CARTESIAN_POINT('Ctrl Pts',(-0.11566448439716,2.25678586081435,1.059193616445));
#3217=CARTESIAN_POINT('Ctrl Pts',(-0.0655672927439738,2.25585347759771,
1.05680614636425));
#3218=CARTESIAN_POINT('',(-1.17955085549125,1.98482422018422,2.13));
#3219=CARTESIAN_POINT('Origin',(-0.979309323019651,0.256325379195243,2.13));
#3220=CARTESIAN_POINT('Origin',(-0.244274473303508,0.617252003002285,1.03669876836149));
#3221=CARTESIAN_POINT('Ctrl Pts',(0.133560944371041,2.50760957418196,1.06862433396865));
#3222=CARTESIAN_POINT('Ctrl Pts',(-0.273820154639128,2.52526045967947,1.4751627452373));
#3223=CARTESIAN_POINT('Ctrl Pts',(-0.68470210184916,2.44158781340119,1.87296327742883));
#3224=CARTESIAN_POINT('Ctrl Pts',(-1.05227372179125,2.26668627612881,2.21677283573757));
#3225=CARTESIAN_POINT('Ctrl Pts',(0.0671848653514604,2.42369087521522,1.06468493799469));
#3226=CARTESIAN_POINT('Ctrl Pts',(-0.333302625767224,2.43623933213755,1.46376497373322));
#3227=CARTESIAN_POINT('Ctrl Pts',(-0.736435840039606,2.34894520451912,1.85343674863618));
#3228=CARTESIAN_POINT('Ctrl Pts',(-1.09469973504147,2.17273378679889,2.18784855715838));
#3229=CARTESIAN_POINT('Ctrl Pts',(0.000808786331879374,2.33977217624848,
1.06074554202073));
#3230=CARTESIAN_POINT('Ctrl Pts',(-0.392785096895322,2.34721820459563,1.45236720222914));
#3231=CARTESIAN_POINT('Ctrl Pts',(-0.788169578230051,2.25630259563704,1.83391021984353));
#3232=CARTESIAN_POINT('Ctrl Pts',(-1.13712574829169,2.07878129746896,2.15892427857919));
#3233=CARTESIAN_POINT('Ctrl Pts',(-0.0655672926877016,2.25585347728174,
1.05680614604678));
#3234=CARTESIAN_POINT('Ctrl Pts',(-0.452267568023419,2.25819707705371,1.44096943072507));
#3235=CARTESIAN_POINT('Ctrl Pts',(-0.839903316420497,2.16365998675497,1.81438369105088));
#3236=CARTESIAN_POINT('Ctrl Pts',(-1.17955176154191,1.98482880813904,2.13));
#3237=CARTESIAN_POINT('',(-0.106980022473435,2.49771000614394,1.3000089073127));
#3238=CARTESIAN_POINT('Ctrl Pts',(-0.0655672927436736,2.25585347759606,
1.0568061463626));
#3239=CARTESIAN_POINT('Ctrl Pts',(-0.0727350426360165,2.29610453594393,
1.09724845907677));
#3240=CARTESIAN_POINT('Ctrl Pts',(-0.0797703663826308,2.33650698920354,
1.13786205489481));
#3241=CARTESIAN_POINT('Ctrl Pts',(-0.0935292505134598,2.41703600878445,
1.21883888072507));
#3242=CARTESIAN_POINT('Ctrl Pts',(-0.100299394325889,2.45743584752692,1.25947693935677));
#3243=CARTESIAN_POINT('Ctrl Pts',(-0.106937419304108,2.49771600597587,1.30000417162762));
#3244=CARTESIAN_POINT('',(-0.959800165858222,2.30841582944203,2.12998697176566));
#3245=CARTESIAN_POINT('Ctrl Pts',(-0.959801067776207,2.30837924583879,2.13));
#3246=CARTESIAN_POINT('Ctrl Pts',(-0.997518207170113,2.25378747778618,2.13));
#3247=CARTESIAN_POINT('Ctrl Pts',(-1.0351269126742,2.19891647299502,2.13));
#3248=CARTESIAN_POINT('Ctrl Pts',(-1.07244437266916,2.14397391059069,2.13));
#3249=CARTESIAN_POINT('Ctrl Pts',(-1.10835227093318,2.09110664841781,2.13));
#3250=CARTESIAN_POINT('Ctrl Pts',(-1.14410397262428,2.03800638379798,2.13));
#3251=CARTESIAN_POINT('Ctrl Pts',(-1.17955176154191,1.98482880813904,2.13));
#3252=CARTESIAN_POINT('Ctrl Pts',(-0.106980022473435,2.49771000614394,1.3000089073127));
#3253=CARTESIAN_POINT('Ctrl Pts',(-0.182652823946756,2.49446884604837,1.37523183389025));
#3254=CARTESIAN_POINT('Ctrl Pts',(-0.258586102512278,2.48777194527008,1.45031221655791));
#3255=CARTESIAN_POINT('Ctrl Pts',(-0.334551859902898,2.47751388553839,1.52500159044836));
#3256=CARTESIAN_POINT('Ctrl Pts',(-0.40806745599381,2.46758668410164,1.59728197087001));
#3257=CARTESIAN_POINT('Ctrl Pts',(-0.481613173161805,2.45432370054629,1.66919620076818));
#3258=CARTESIAN_POINT('Ctrl Pts',(-0.554943781130932,2.43762946318428,1.74049874631648));
#3259=CARTESIAN_POINT('Ctrl Pts',(-0.624678510829008,2.42175385322827,1.80830486272955));
#3260=CARTESIAN_POINT('Ctrl Pts',(-0.694218057323412,2.4027750175488,1.87555787493891));
#3261=CARTESIAN_POINT('Ctrl Pts',(-0.763323208068881,2.38061707967145,1.94202727465805));
#3262=CARTESIAN_POINT('Ctrl Pts',(-0.829281306405786,2.35946821551746,2.00546965421696));
#3263=CARTESIAN_POINT('Ctrl Pts',(-0.894843066385878,2.33542389014411,2.06819869116444));
#3264=CARTESIAN_POINT('Ctrl Pts',(-0.959800165858222,2.30841582944203,2.12998697176566));
#3265=CARTESIAN_POINT('Ctrl Pts',(0.718389586759298,2.15558889857125,1.07214592356825));
#3266=CARTESIAN_POINT('Ctrl Pts',(0.36248075284854,2.31564379190119,1.45597469404838));
#3267=CARTESIAN_POINT('Ctrl Pts',(-0.0371750689108028,2.38683688996429,
1.82532727648702));
#3268=CARTESIAN_POINT('Ctrl Pts',(-0.428333506677563,2.35648057965059,2.13000001004718));
#3269=CARTESIAN_POINT('Ctrl Pts',(0.696689265827236,2.23188015568254,1.07460681509186));
#3270=CARTESIAN_POINT('Ctrl Pts',(0.334365869388936,2.38997609838904,1.46260185624917));
#3271=CARTESIAN_POINT('Ctrl Pts',(-0.0719317631631724,2.45803527777562,
1.83564027309131));
#3272=CARTESIAN_POINT('Ctrl Pts',(-0.470240350826381,2.42254662261836,2.14328196048128));
#3273=CARTESIAN_POINT('Ctrl Pts',(0.674988944895173,2.30817141279384,1.07706770661548));
#3274=CARTESIAN_POINT('Ctrl Pts',(0.306250985929332,2.4643084048769,1.46922901844995));
#3275=CARTESIAN_POINT('Ctrl Pts',(-0.106688457415541,2.52923366558695,1.8459532696956));
#3276=CARTESIAN_POINT('Ctrl Pts',(-0.512147194975198,2.48861266558614,2.15656391091538));
#3277=CARTESIAN_POINT('Ctrl Pts',(0.653288623963111,2.38446266990513,1.07952859813909));
#3278=CARTESIAN_POINT('Ctrl Pts',(0.278136102469729,2.53864071136476,1.47585618065074));
#3279=CARTESIAN_POINT('Ctrl Pts',(-0.141445151667911,2.60043205339828,1.85626626629989));
#3280=CARTESIAN_POINT('Ctrl Pts',(-0.554054039124016,2.55467870855391,2.16984586134947));
#3281=CARTESIAN_POINT('',(0.438451869113189,2.46113087787545,1.29992858369267));
#3282=CARTESIAN_POINT('',(0.718389586754754,2.15558889857329,1.07214592357315));
#3283=CARTESIAN_POINT('Ctrl Pts',(0.438582027477904,2.4610427711923,1.29981713660509));
#3284=CARTESIAN_POINT('Ctrl Pts',(0.439829278354275,2.45981867047932,1.29883084750553));
#3285=CARTESIAN_POINT('Ctrl Pts',(0.441075793116621,2.45859364776922,1.29784477042755));
#3286=CARTESIAN_POINT('Ctrl Pts',(0.489968617407026,2.41047921581402,1.25915275619656));
#3287=CARTESIAN_POINT('Ctrl Pts',(0.536561760692756,2.36221828266481,1.22173898034841));
#3288=CARTESIAN_POINT('Ctrl Pts',(0.628670578650212,2.26171709204104,1.14675579429169));
#3289=CARTESIAN_POINT('Ctrl Pts',(0.67417622288963,2.2093453378394,1.10916571294498));
#3290=CARTESIAN_POINT('Ctrl Pts',(0.718389586754754,2.15558889857329,1.07214592357315));
#3291=CARTESIAN_POINT('',(-0.464861744156419,2.45640052697295,2.12999843855444));
#3292=CARTESIAN_POINT('Ctrl Pts',(-0.464861744156418,2.45640052697295,2.12999843855444));
#3293=CARTESIAN_POINT('Ctrl Pts',(-0.404564812937473,2.46781141446174,2.08149188508578));
#3294=CARTESIAN_POINT('Ctrl Pts',(-0.344551754082617,2.47686884055573,2.03176840508507));
#3295=CARTESIAN_POINT('Ctrl Pts',(-0.284957191042657,2.48370467178279,1.98105700296749));
#3296=CARTESIAN_POINT('Ctrl Pts',(-0.222119067915631,2.49091255757655,1.92758552557664));
#3297=CARTESIAN_POINT('Ctrl Pts',(-0.159746491317109,2.49565040517033,1.8730158802932));
#3298=CARTESIAN_POINT('Ctrl Pts',(-0.097980136531841,2.49807037136017,1.81757655916446));
#3299=CARTESIAN_POINT('Ctrl Pts',(-0.0342480617995363,2.50056735319756,
1.7603728765193));
#3300=CARTESIAN_POINT('Ctrl Pts',(0.0288384860325409,2.50059673569456,1.70224328398919));
#3301=CARTESIAN_POINT('Ctrl Pts',(0.0911455625542154,2.49832215023378,1.64339575679399));
#3302=CARTESIAN_POINT('Ctrl Pts',(0.156955243927811,2.49591969849336,1.58124010400882));
#3303=CARTESIAN_POINT('Ctrl Pts',(0.221895294643254,2.49094736052756,1.5182835980996));
#3304=CARTESIAN_POINT('Ctrl Pts',(0.285832015611617,2.4835896422064,1.45472317926153));
#3305=CARTESIAN_POINT('Ctrl Pts',(0.337342903039165,2.47766186557937,1.40351546122363));
#3306=CARTESIAN_POINT('Ctrl Pts',(0.388203709606754,2.47018594517049,1.35191433861914));
#3307=CARTESIAN_POINT('Ctrl Pts',(0.438370451270969,2.4611990635225,1.30000006462861));
#3308=CARTESIAN_POINT('',(-0.428333494257723,2.35648058061523,2.13000000037247));
#3309=CARTESIAN_POINT('Ctrl Pts',(-0.428333493778353,2.35648058065165,2.13));
#3310=CARTESIAN_POINT('Ctrl Pts',(-0.440598763279555,2.38973593034226,2.13));
#3311=CARTESIAN_POINT('Ctrl Pts',(-0.452777781075717,2.4230568484864,2.13));
#3312=CARTESIAN_POINT('Ctrl Pts',(-0.464862201724832,2.45639751868856,2.13));
#3313=CARTESIAN_POINT('Origin',(-0.0979171321557804,0.740570550904672,0.940131143568332));
#3314=CARTESIAN_POINT('Ctrl Pts',(0.990290429331794,2.02792969499459,1.05680614636139));
#3315=CARTESIAN_POINT('Ctrl Pts',(0.640396732363291,2.21428135390952,1.4506228216688));
#3316=CARTESIAN_POINT('Ctrl Pts',(0.242283692636257,2.3108137944823,1.83310010657135));
#3317=CARTESIAN_POINT('Ctrl Pts',(-0.150973512486445,2.30542653403034,2.15368412878954));
#3318=CARTESIAN_POINT('Ctrl Pts',(0.907565730443982,2.07340311977415,1.05647749494818));
#3319=CARTESIAN_POINT('Ctrl Pts',(0.553879743925688,2.2528503938016,1.44949302571741));
#3320=CARTESIAN_POINT('Ctrl Pts',(0.152719903281779,2.34193203856419,1.83024524418227));
#3321=CARTESIAN_POINT('Ctrl Pts',(-0.24242155580924,2.32802847767163,2.14754216696277));
#3322=CARTESIAN_POINT('Ctrl Pts',(0.821979310966542,2.11366784560811,1.05588973087876));
#3323=CARTESIAN_POINT('Ctrl Pts',(0.464949648430166,2.28598890165637,1.44760889985215));
#3324=CARTESIAN_POINT('Ctrl Pts',(0.0612611387359015,2.36749057126493,1.82613625548154));
#3325=CARTESIAN_POINT('Ctrl Pts',(-0.33511906453685,2.34509143894435,2.13962661010598));
#3326=CARTESIAN_POINT('Ctrl Pts',(0.734207508277668,2.1484056848766,1.05504749889481));
#3327=CARTESIAN_POINT('Ctrl Pts',(0.37430920982628,2.31343501155111,1.44498533454345));
#3328=CARTESIAN_POINT('Ctrl Pts',(-0.0313698593641393,2.38728741007585,
1.82080560728137));
#3329=CARTESIAN_POINT('Ctrl Pts',(-0.428333506681135,2.35648057965148,2.13000001004694));
#3330=CARTESIAN_POINT('',(0.990290429331467,2.02792969499399,1.05680614636211));
#3331=CARTESIAN_POINT('Ctrl Pts',(0.718390338989096,2.15558664154344,1.072144020161));
#3332=CARTESIAN_POINT('Ctrl Pts',(0.764971502481218,2.13717529796325,1.06940485028995));
#3333=CARTESIAN_POINT('Ctrl Pts',(0.810980926735604,2.11731628254624,1.06676312842927));
#3334=CARTESIAN_POINT('Ctrl Pts',(0.901682395601347,2.07474471927342,1.06165724722657));
#3335=CARTESIAN_POINT('Ctrl Pts',(0.946364869197636,2.05203660514888,1.05919361644499));
#3336=CARTESIAN_POINT('Ctrl Pts',(0.990290429329253,2.02792969499594,1.05680614636425));
#3337=CARTESIAN_POINT('',(-0.122046605005819,2.30563918077538,2.13));
#3338=CARTESIAN_POINT('Origin',(-0.748014997611157,0.682072587032798,2.13));
#3339=CARTESIAN_POINT('Origin',(0.070557004486206,0.660069513489365,1.03669876836193));
#3340=CARTESIAN_POINT('Ctrl Pts',(1.28360661854644,2.15830914171583,1.06862433396865));
#3341=CARTESIAN_POINT('Ctrl Pts',(0.931091345188438,2.36325766120039,1.4751627452373));
#3342=CARTESIAN_POINT('Ctrl Pts',(0.528388831607456,2.48011557421391,1.87296327742882));
#3343=CARTESIAN_POINT('Ctrl Pts',(0.121639528674069,2.49606700331282,2.21677283573757));
#3344=CARTESIAN_POINT('Ctrl Pts',(1.18583455544171,2.11484932604056,1.06468493799469));
#3345=CARTESIAN_POINT('Ctrl Pts',(0.837052051937129,2.31207625007161,1.46376497373322));
#3346=CARTESIAN_POINT('Ctrl Pts',(0.439527714331071,2.42212648486059,1.85343674863618));
#3347=CARTESIAN_POINT('Ctrl Pts',(0.040411260734407,2.43259255696534,2.18784855715838));
#3348=CARTESIAN_POINT('Ctrl Pts',(1.08806249233697,2.07138951036528,1.06074554202073));
#3349=CARTESIAN_POINT('Ctrl Pts',(0.743012758685818,2.26089483894282,1.45236720222914));
#3350=CARTESIAN_POINT('Ctrl Pts',(0.350666597054689,2.36413739550727,1.83391021984353));
#3351=CARTESIAN_POINT('Ctrl Pts',(-0.040817007205255,2.36911811061785,2.15892427857919));
#3352=CARTESIAN_POINT('Ctrl Pts',(0.990290429232241,2.02792969469001,1.05680614604678));
#3353=CARTESIAN_POINT('Ctrl Pts',(0.648973465434509,2.20971342781404,1.44096943072507));
#3354=CARTESIAN_POINT('Ctrl Pts',(0.261805479778304,2.30614830615395,1.81438369105088));
#3355=CARTESIAN_POINT('Ctrl Pts',(-0.122045275144917,2.30564366427036,2.13));
#3356=CARTESIAN_POINT('',(1.06601761137706,2.26132847066364,1.3000089073127));
#3357=CARTESIAN_POINT('Ctrl Pts',(0.99029042932876,2.02792969499434,1.0568061463626));
#3358=CARTESIAN_POINT('Ctrl Pts',(1.00264930150977,2.06690125661384,1.09724845907684));
#3359=CARTESIAN_POINT('Ctrl Pts',(1.0151957879431,2.10594533027174,1.13786205489501));
#3360=CARTESIAN_POINT('Ctrl Pts',(1.04043660250433,2.18364430817642,1.21883888072501));
#3361=CARTESIAN_POINT('Ctrl Pts',(1.0532166790815,2.22256283153398,1.25947693935663));
#3362=CARTESIAN_POINT('Ctrl Pts',(1.06605812287097,2.26131398457099,1.30000417162762));
#3363=CARTESIAN_POINT('',(0.222913486372231,2.49004208349847,2.12998697176566));
#3364=CARTESIAN_POINT('Ctrl Pts',(0.222895686515376,2.49001010946872,2.13));
#3365=CARTESIAN_POINT('Ctrl Pts',(0.164128758552958,2.45919952815566,2.13));
#3366=CARTESIAN_POINT('Ctrl Pts',(0.105328076246833,2.42809130324762,2.13));
#3367=CARTESIAN_POINT('Ctrl Pts',(0.0467520245508574,2.39678436868302,2.13));
#3368=CARTESIAN_POINT('Ctrl Pts',(-0.00961148210980724,2.36665996521494,
2.13));
#3369=CARTESIAN_POINT('Ctrl Pts',(-0.0659449652099614,2.33625666015942,
2.13));
#3370=CARTESIAN_POINT('Ctrl Pts',(-0.122045275144917,2.30564366427036,2.13));
#3371=CARTESIAN_POINT('Ctrl Pts',(1.06601761137706,2.26132847066364,1.3000089073127));
#3372=CARTESIAN_POINT('Ctrl Pts',(0.997506431133691,2.29362547026504,1.37523183389028));
#3373=CARTESIAN_POINT('Ctrl Pts',(0.927158647107655,2.32298361319638,1.45031221655799));
#3374=CARTESIAN_POINT('Ctrl Pts',(0.855127151425248,2.34920360013672,1.52500159044848));
#3375=CARTESIAN_POINT('Ctrl Pts',(0.785418923345786,2.37457790081676,1.59728197087021));
#3376=CARTESIAN_POINT('Ctrl Pts',(0.714133809129718,2.3970125110821,1.66919620076845));
#3377=CARTESIAN_POINT('Ctrl Pts',(0.641444581496837,2.41630893075955,1.74049874631682));
#3378=CARTESIAN_POINT('Ctrl Pts',(0.572319781071597,2.43465912104994,1.80830486272978));
#3379=CARTESIAN_POINT('Ctrl Pts',(0.501925665888385,2.45017083526701,1.87555787493903));
#3380=CARTESIAN_POINT('Ctrl Pts',(0.430438786580943,2.46266572051643,1.94202727465806));
#3381=CARTESIAN_POINT('Ctrl Pts',(0.362207423733142,2.47459158799666,2.00546965421697));
#3382=CARTESIAN_POINT('Ctrl Pts',(0.292981413149198,2.48376946427478,2.06819869116444));
#3383=CARTESIAN_POINT('Ctrl Pts',(0.222913486372231,2.49004208349847,2.12998697176566));
#3384=CARTESIAN_POINT('Ctrl Pts',(1.6378544989289,1.57482689154908,1.07214592356825));
#3385=CARTESIAN_POINT('Ctrl Pts',(1.39709409508883,1.88194754353677,1.45597469404838));
#3386=CARTESIAN_POINT('Ctrl Pts',(1.07630152188415,2.13071522241543,1.82532727648702));
#3387=CARTESIAN_POINT('Ctrl Pts',(0.71584064535794,2.28561643450221,2.13000001004718));
#3388=CARTESIAN_POINT('Ctrl Pts',(1.65409413400496,1.65246408684086,1.07460681509186));
#3389=CARTESIAN_POINT('Ctrl Pts',(1.40674354737536,1.96083117004013,1.46260185624917));
#3390=CARTESIAN_POINT('Ctrl Pts',(1.07861353815468,2.20991050512248,1.83564027309131));
#3391=CARTESIAN_POINT('Ctrl Pts',(0.709436398742625,2.36359009188227,2.14328196048128));
#3392=CARTESIAN_POINT('Ctrl Pts',(1.67033376908103,1.73010128213263,1.07706770661548));
#3393=CARTESIAN_POINT('Ctrl Pts',(1.41639299966188,2.0397147965435,1.46922901844995));
#3394=CARTESIAN_POINT('Ctrl Pts',(1.08092555442522,2.28910578782953,1.8459532696956));
#3395=CARTESIAN_POINT('Ctrl Pts',(0.703032152127308,2.44156374926234,2.15656391091538));
#3396=CARTESIAN_POINT('Ctrl Pts',(1.6865734041571,1.80773847742439,1.07952859813909));
#3397=CARTESIAN_POINT('Ctrl Pts',(1.42604245194839,2.11859842304685,1.47585618065074));
#3398=CARTESIAN_POINT('Ctrl Pts',(1.08323757069576,2.36830107053658,1.85626626629989));
#3399=CARTESIAN_POINT('Ctrl Pts',(0.696627905511991,2.5195374066424,2.16984586134947));
#3400=CARTESIAN_POINT('',(1.53197439784633,1.97546442233318,1.29992858369267));
#3401=CARTESIAN_POINT('',(1.63785449892583,1.57482689155301,1.07214592357315));
#3402=CARTESIAN_POINT('Ctrl Pts',(1.53204870213738,1.97532592013157,1.29981713660509));
#3403=CARTESIAN_POINT('Ctrl Pts',(1.53258421997502,1.97366240639602,1.29883084750574));
#3404=CARTESIAN_POINT('Ctrl Pts',(1.5331186575428,1.97199841836126,1.29784477042765));
#3405=CARTESIAN_POINT('Ctrl Pts',(1.55405121198269,1.90667357627105,1.25915275619656));
#3406=CARTESIAN_POINT('Ctrl Pts',(1.57287941752027,1.84228772886721,1.22173898034841));
#3407=CARTESIAN_POINT('Ctrl Pts',(1.60773249329564,1.71049324198966,1.14675579429169));
#3408=CARTESIAN_POINT('Ctrl Pts',(1.62368737245058,1.64297282932096,1.10916571294498));
#3409=CARTESIAN_POINT('Ctrl Pts',(1.63785449892583,1.57482689155301,1.07214592357315));
#3410=CARTESIAN_POINT('',(0.729931612245888,2.39106667233208,2.12999843855444));
#3411=CARTESIAN_POINT('Ctrl Pts',(0.729931612245888,2.39106667233208,2.12999843855444));
#3412=CARTESIAN_POINT('Ctrl Pts',(0.788624797151941,2.37314913027645,2.08149188508561));
#3413=CARTESIAN_POINT('Ctrl Pts',(0.845972917518007,2.35327962371313,2.03176840508471));
#3414=CARTESIAN_POINT('Ctrl Pts',(0.901918051629497,2.33163747729089,1.98105700296694));
#3415=CARTESIAN_POINT('Ctrl Pts',(0.96090811794281,2.30881741129434,1.92758552557613));
#3416=CARTESIAN_POINT('Ctrl Pts',(1.01833807928987,2.28402658534947,1.87301588029273));
#3417=CARTESIAN_POINT('Ctrl Pts',(1.07415408468104,2.25746510267277,1.81757655916404));
#3418=CARTESIAN_POINT('Ctrl Pts',(1.13174643960025,2.23005829835604,1.76037287651876));
#3419=CARTESIAN_POINT('Ctrl Pts',(1.18762045824313,2.20076653464318,1.70224328398852));
#3420=CARTESIAN_POINT('Ctrl Pts',(1.24173358201976,2.16979694699907,1.6433957567932));
#3421=CARTESIAN_POINT('Ctrl Pts',(1.29888868594484,2.13708639775001,1.581240104008));
#3422=CARTESIAN_POINT('Ctrl Pts',(1.35407948448512,2.10250446477542,1.51828359809876));
#3423=CARTESIAN_POINT('Ctrl Pts',(1.40727333712985,2.06627665297437,1.45472317926066));
#3424=CARTESIAN_POINT('Ctrl Pts',(1.45012918763178,2.03708956444128,1.40351546122304));
#3425=CARTESIAN_POINT('Ctrl Pts',(1.49168996183002,2.00683377030729,1.35191433861884));
#3426=CARTESIAN_POINT('Ctrl Pts',(1.53193399337753,1.97556263448313,1.30000006462861));
#3427=CARTESIAN_POINT('',(0.715840656803456,2.28561642958457,2.13000000037247));
#3428=CARTESIAN_POINT('Ctrl Pts',(0.715840657244842,2.28561642939404,2.13));
#3429=CARTESIAN_POINT('Ctrl Pts',(0.720434832054386,2.32076253411138,2.13));
#3430=CARTESIAN_POINT('Ctrl Pts',(0.725135850135596,2.35592661364503,2.13));
#3431=CARTESIAN_POINT('Ctrl Pts',(0.72992980906972,2.3910642212712,2.13));
#3432=CARTESIAN_POINT('Origin',(0.257458980856856,0.701247016973375,0.940131143568789));
#3433=CARTESIAN_POINT('Ctrl Pts',(1.81928454833818,1.33543165847038,1.05680614636139));
#3434=CARTESIAN_POINT('Ctrl Pts',(1.59607100006591,1.6630415664804,1.4506228216688));
#3435=CARTESIAN_POINT('Ctrl Pts',(1.2884202721366,1.93352915231051,1.83310010657134));
#3436=CARTESIAN_POINT('Ctrl Pts',(0.937704725463299,2.11151470587525,2.15368412878954));
#3437=CARTESIAN_POINT('Ctrl Pts',(1.76716801944487,1.41414046092204,1.05647749494818));
#3438=CARTESIAN_POINT('Ctrl Pts',(1.53738793789379,1.7373992045589,1.44949302571741));
#3439=CARTESIAN_POINT('Ctrl Pts',(1.2235768442705,2.00270535732964,1.83024524418227));
#3440=CARTESIAN_POINT('Ctrl Pts',(0.86723515141227,2.17402575783407,2.14754216696277));
#3441=CARTESIAN_POINT('Ctrl Pts',(1.71009695971552,1.48956709737641,1.05588973087876));
#3442=CARTESIAN_POINT('Ctrl Pts',(1.47404448146243,1.80806977208889,1.44760889985215));
#3443=CARTESIAN_POINT('Ctrl Pts',(1.15447177249403,2.06783932128733,1.82613625548154));
#3444=CARTESIAN_POINT('Ctrl Pts',(0.793085137233484,2.23221294000494,2.13962661010598));
#3445=CARTESIAN_POINT('Ctrl Pts',(1.64852236699701,1.56111551703645,1.05504749889481));
#3446=CARTESIAN_POINT('Ctrl Pts',(1.40654120218332,1.87449480761937,1.44498533454345));
#3447=CARTESIAN_POINT('Ctrl Pts',(1.08165114679273,2.12841632276798,1.82080560728136));
#3448=CARTESIAN_POINT('Ctrl Pts',(0.715840645355193,2.28561643450466,2.13000001004694));
#3449=CARTESIAN_POINT('',(1.81928454833761,1.33543165847,1.05680614636211));
#3450=CARTESIAN_POINT('Ctrl Pts',(1.63785411610219,1.5748245434716,1.072144020161));
#3451=CARTESIAN_POINT('Ctrl Pts',(1.67054351000805,1.53687476230259,1.06940485028995));
#3452=CARTESIAN_POINT('Ctrl Pts',(1.70205388731267,1.49790883185465,1.06676312842927));
#3453=CARTESIAN_POINT('Ctrl Pts',(1.76258205753243,1.41806251031294,1.06165724722657));
#3454=CARTESIAN_POINT('Ctrl Pts',(1.79159343619227,1.37719049296573,1.05919361644499));
#3455=CARTESIAN_POINT('Ctrl Pts',(1.81928454833656,1.33543165847276,1.05680614636425));
#3456=CARTESIAN_POINT('',(0.963417051865412,2.09825999101516,2.13));
#3457=CARTESIAN_POINT('Origin',(-0.345359451895844,0.951565183297764,2.13));
#3458=CARTESIAN_POINT('Origin',(0.369224722851702,0.551673053133597,1.03669876836165));
#3459=CARTESIAN_POINT('Ctrl Pts',(2.13959348554953,1.31456609532741,1.06862433396865));
#3460=CARTESIAN_POINT('Ctrl Pts',(1.92270103870044,1.65986101288253,1.4751627452373));
#3461=CARTESIAN_POINT('Ctrl Pts',(1.62043225151852,1.95047874560696,1.87296327742882));
#3462=CARTESIAN_POINT('Ctrl Pts',(1.26768662903539,2.15362886090617,2.21677283573757));
#3463=CARTESIAN_POINT('Ctrl Pts',(2.03282383973585,1.32152128296726,1.06468493799469));
#3464=CARTESIAN_POINT('Ctrl Pts',(1.81564819211345,1.65824436265361,1.46376497373322));
#3465=CARTESIAN_POINT('Ctrl Pts',(1.51480076623167,1.94042777730895,1.85343674863617));
#3466=CARTESIAN_POINT('Ctrl Pts',(1.16626452368452,2.13517368824932,2.18784855715838));
#3467=CARTESIAN_POINT('Ctrl Pts',(1.92605419392217,1.32847647060711,1.06074554202073));
#3468=CARTESIAN_POINT('Ctrl Pts',(1.70859534552647,1.6566277124247,1.45236720222914));
#3469=CARTESIAN_POINT('Ctrl Pts',(1.40916928094481,1.93037680901095,1.83391021984353));
#3470=CARTESIAN_POINT('Ctrl Pts',(1.06484241833364,2.11671851559248,2.15892427857919));
#3471=CARTESIAN_POINT('Ctrl Pts',(1.81928454810849,1.33543165824695,1.05680614604678));
#3472=CARTESIAN_POINT('Ctrl Pts',(1.60154249893948,1.65501106219579,1.44096943072506));
#3473=CARTESIAN_POINT('Ctrl Pts',(1.30353779565796,1.92032584071294,1.81438369105088));
#3474=CARTESIAN_POINT('Ctrl Pts',(0.963420312982771,2.09826334293564,2.13));
#3475=CARTESIAN_POINT('',(1.99480345736595,1.50690383451661,1.3000089073127));
#3476=CARTESIAN_POINT('Ctrl Pts',(1.81928454833538,1.33543165847157,1.0568061463626));
#3477=CARTESIAN_POINT('Ctrl Pts',(1.84833877391361,1.3641958082538,1.0972484590768));
#3478=CARTESIAN_POINT('Ctrl Pts',(1.87759282168658,1.39293697556692,1.13786205489496));
#3479=CARTESIAN_POINT('Ctrl Pts',(1.93605096850861,1.45000601233182,1.21883888072492));
#3480=CARTESIAN_POINT('Ctrl Pts',(1.96545350394811,1.47852745562234,1.25947693935646));
#3481=CARTESIAN_POINT('Ctrl Pts',(1.99483259648941,1.50687218108862,1.30000417162762));
#3482=CARTESIAN_POINT('',(1.35456034527354,2.10122970448555,2.12998697176566));
#3483=CARTESIAN_POINT('Ctrl Pts',(1.35452972521051,2.10120966489419,2.13));
#3484=CARTESIAN_POINT('Ctrl Pts',(1.28817580365654,2.10123860319062,2.13));
#3485=CARTESIAN_POINT('Ctrl Pts',(1.22165367224002,2.10101967759806,2.13));
#3486=CARTESIAN_POINT('Ctrl Pts',(1.1552380963689,2.10052041229306,2.13));
#3487=CARTESIAN_POINT('Ctrl Pts',(1.0913311814339,2.10004000532589,2.13));
#3488=CARTESIAN_POINT('Ctrl Pts',(1.02732123901091,2.09929869062329,2.13));
#3489=CARTESIAN_POINT('Ctrl Pts',(0.963420312982771,2.09826334293564,2.13));
#3490=CARTESIAN_POINT('Ctrl Pts',(1.99480345736595,1.50690383451661,1.3000089073127));
#3491=CARTESIAN_POINT('Ctrl Pts',(1.94914898409707,1.5673401404274,1.37523183389035));
#3492=CARTESIAN_POINT('Ctrl Pts',(1.90050252414819,1.62602773032681,1.4503122165581));
#3493=CARTESIAN_POINT('Ctrl Pts',(1.84890683776121,1.68271908091631,1.52500159044864));
#3494=CARTESIAN_POINT('Ctrl Pts',(1.79897529267112,1.73758193722075,1.59728197087028));
#3495=CARTESIAN_POINT('Ctrl Pts',(1.74628134199527,1.79057464246131,1.66919620076844));
#3496=CARTESIAN_POINT('Ctrl Pts',(1.69088572074932,1.84144114197713,1.74049874631672));
#3497=CARTESIAN_POINT('Ctrl Pts',(1.63820650832987,1.88981332506235,1.80830486272994));
#3498=CARTESIAN_POINT('Ctrl Pts',(1.58308426790493,1.9362620423854,1.87555787493947));
#3499=CARTESIAN_POINT('Ctrl Pts',(1.52559244257419,1.98054732313078,1.94202727465876));
#3500=CARTESIAN_POINT('Ctrl Pts',(1.47071879816705,2.02281584972762,2.00546965421742));
#3501=CARTESIAN_POINT('Ctrl Pts',(1.41368738174036,2.06311338680713,2.06819869116467));
#3502=CARTESIAN_POINT('Ctrl Pts',(1.35456034527354,2.10122970448555,2.12998697176566));
#3503=CARTESIAN_POINT('Ctrl Pts',(2.50542526990993,0.169671798738309,1.06862433396865));
#3504=CARTESIAN_POINT('Ctrl Pts',(2.47384309530554,0.576210210006958,1.4751627452373));
#3505=CARTESIAN_POINT('Ctrl Pts',(2.34125417093229,0.974010742198484,1.87296327742883));
#3506=CARTESIAN_POINT('Ctrl Pts',(2.12332199996471,1.31782030050723,2.21677283573757));
#3507=CARTESIAN_POINT('Ctrl Pts',(2.4141176805295,0.225448640024084,1.06468493799469));
#3508=CARTESIAN_POINT('Ctrl Pts',(2.3783012124093,0.624528675762613,1.46376497373322));
#3509=CARTESIAN_POINT('Ctrl Pts',(2.24305121791678,1.01420045066557,1.85343674863618));
#3510=CARTESIAN_POINT('Ctrl Pts',(2.02494063926965,1.34861225918777,2.18784855715838));
#3511=CARTESIAN_POINT('Ctrl Pts',(2.32281009114906,0.281225481309859,1.06074554202073));
#3512=CARTESIAN_POINT('Ctrl Pts',(2.28275932951306,0.672847141518267,1.45236720222914));
#3513=CARTESIAN_POINT('Ctrl Pts',(2.14484826490128,1.05439015913265,1.83391021984353));
#3514=CARTESIAN_POINT('Ctrl Pts',(1.92655927857458,1.37940421786831,2.15892427857919));
#3515=CARTESIAN_POINT('Ctrl Pts',(2.23150250176863,0.337002322595634,1.05680614604678));
#3516=CARTESIAN_POINT('Ctrl Pts',(2.18721744661682,0.721165607273922,1.44096943072507));
#3517=CARTESIAN_POINT('Ctrl Pts',(2.04664531188577,1.09457986759973,1.81438369105088));
#3518=CARTESIAN_POINT('Ctrl Pts',(1.82817791787951,1.41019617654886,2.13));
#3519=CARTESIAN_POINT('',(2.23150250207517,0.337002322686651,1.05680614636211));
#3520=CARTESIAN_POINT('',(2.46660387126001,0.407265690041681,1.3000089073127));
#3521=CARTESIAN_POINT('Ctrl Pts',(2.23150250207392,0.337002322689085,1.0568061463626));
#3522=CARTESIAN_POINT('Ctrl Pts',(2.27059610811088,0.34896954056458,1.09724845907689));
#3523=CARTESIAN_POINT('Ctrl Pts',(2.30985596742822,0.360823546470122,1.13786205489507));
#3524=CARTESIAN_POINT('Ctrl Pts',(2.38813938957097,0.384188813528835,1.21883888072482));
#3525=CARTESIAN_POINT('Ctrl Pts',(2.42742861734239,0.395779257815119,1.25947693935615));
#3526=CARTESIAN_POINT('Ctrl Pts',(2.46661496259101,0.407224120697251,1.30000417162762));
#3527=CARTESIAN_POINT('',(1.82817350080259,1.41019464410054,2.12999846777521));
#3528=CARTESIAN_POINT('Origin',(0.583307506852005,0.316894944686791,1.03669876836135));
#3529=CARTESIAN_POINT('',(2.17589375329446,1.23105092273803,2.12998697176566));
#3530=CARTESIAN_POINT('Ctrl Pts',(2.17585732763268,1.23104740855238,2.13));
#3531=CARTESIAN_POINT('Ctrl Pts',(2.11711718149661,1.26190929724536,2.13));
#3532=CARTESIAN_POINT('Ctrl Pts',(2.05811305097457,1.29262980707363,2.13));
#3533=CARTESIAN_POINT('Ctrl Pts',(1.99907298114735,1.32305257504431,2.13));
#3534=CARTESIAN_POINT('Ctrl Pts',(1.94226298229932,1.35232620934769,2.13));
#3535=CARTESIAN_POINT('Ctrl Pts',(1.88524050744935,1.3814167006904,2.13));
#3536=CARTESIAN_POINT('Ctrl Pts',(1.82817791787951,1.41019617654886,2.13));
#3537=CARTESIAN_POINT('Ctrl Pts',(2.46660387126001,0.407265690041681,1.3000089073127));
#3538=CARTESIAN_POINT('Ctrl Pts',(2.45426499459556,0.481996072913892,1.37523183389013));
#3539=CARTESIAN_POINT('Ctrl Pts',(2.43846417644485,0.556568490197313,1.45031221655767));
#3540=CARTESIAN_POINT('Ctrl Pts',(2.41912424930926,0.630743899220525,1.525001590448));
#3541=CARTESIAN_POINT('Ctrl Pts',(2.40040810244824,0.70252689193924,1.59728197086972));
#3542=CARTESIAN_POINT('Ctrl Pts',(2.37837686438139,0.773937702015845,1.66919620076797));
#3543=CARTESIAN_POINT('Ctrl Pts',(2.35296531876011,0.844721379338861,1.74049874631634));
#3544=CARTESIAN_POINT('Ctrl Pts',(2.32879986705877,0.91203407102178,1.80830486272934));
#3545=CARTESIAN_POINT('Ctrl Pts',(2.30157734237885,0.978778950079552,1.87555787493863));
#3546=CARTESIAN_POINT('Ctrl Pts',(2.27125125535693,1.04470940219737,1.94202727465771));
#3547=CARTESIAN_POINT('Ctrl Pts',(2.24230622002464,1.10763737785887,2.00546965421674));
#3548=CARTESIAN_POINT('Ctrl Pts',(2.21053460795508,1.16982289563321,2.06819869116433));
#3549=CARTESIAN_POINT('Ctrl Pts',(2.17589375329446,1.23105092273803,2.12998697176566));
#3550=CARTESIAN_POINT('Ctrl Pts',(2.23150250207584,0.337002322686722,1.05680614636139));
#3551=CARTESIAN_POINT('Ctrl Pts',(2.18610463639411,0.730818997994128,1.4506228216688));
#3552=CARTESIAN_POINT('Ctrl Pts',(2.03939529443794,1.11329628289667,1.83310010657135));
#3553=CARTESIAN_POINT('Ctrl Pts',(1.81156611137638,1.43388030511487,2.15368412878954));
#3554=CARTESIAN_POINT('Ctrl Pts',(2.22193341187424,0.430915264712705,1.05647749494818));
#3555=CARTESIAN_POINT('Ctrl Pts',(2.16869908282355,0.823930795481941,1.44949302571741));
#3556=CARTESIAN_POINT('Ctrl Pts',(2.01412707593634,1.2046830139468,1.83024524418227));
#3557=CARTESIAN_POINT('Ctrl Pts',(1.77821873676178,1.5219799367273,2.14754216696277));
#3558=CARTESIAN_POINT('Ctrl Pts',(2.20645200389613,0.524224478365308,1.05588973087876));
#3559=CARTESIAN_POINT('Ctrl Pts',(2.14545348795337,0.915943647338703,1.44760889985215));
#3560=CARTESIAN_POINT('Ctrl Pts',(1.98320683606686,1.29447100296809,1.82613625548154));
#3561=CARTESIAN_POINT('Ctrl Pts',(1.73960309177563,1.60796135759253,2.13962661010598));
#3562=CARTESIAN_POINT('Ctrl Pts',(2.18518061828552,0.616192597724699,1.05504749889481));
#3563=CARTESIAN_POINT('Ctrl Pts',(2.11655155577917,1.00613043337334,1.44498533454345));
#3564=CARTESIAN_POINT('Ctrl Pts',(1.9468789105288,1.38195070611126,1.82080560728136));
#3565=CARTESIAN_POINT('Ctrl Pts',(1.69602433235561,1.69114510887683,2.13000001004694));
#3566=CARTESIAN_POINT('',(2.18210624764548,0.633290167003995,1.07214506744568));
#3567=CARTESIAN_POINT('Ctrl Pts',(2.1821052534981,0.633289121183538,1.072144020161));
#3568=CARTESIAN_POINT('Ctrl Pts',(2.19341413162376,0.5844947399471,1.06940485028994));
#3569=CARTESIAN_POINT('Ctrl Pts',(2.20320681427934,0.535348519543491,1.06676312842927));
#3570=CARTESIAN_POINT('Ctrl Pts',(2.21969541149931,0.436519269745601,1.06165724722657));
#3571=CARTESIAN_POINT('Ctrl Pts',(2.22638953799674,0.386846635788746,1.05919361644499));
#3572=CARTESIAN_POINT('Ctrl Pts',(2.23150250207551,0.337002322689583,1.05680614636425));
#3573=CARTESIAN_POINT('',(1.69602433950191,1.69114510157669,2.13000000087715));
#3574=CARTESIAN_POINT('Origin',(0.553853953970054,0.501276053320218,0.94013095449376));
#3575=CARTESIAN_POINT('Origin',(0.136413785824838,1.00306566640938,2.13));
#3576=CARTESIAN_POINT('Ctrl Pts',(2.13251012510836,-0.738630183906208,1.05680614636139));
#3577=CARTESIAN_POINT('Ctrl Pts',(2.27532804594126,-0.368825395608921,1.4506228216688));
#3578=CARTESIAN_POINT('Ctrl Pts',(2.32316943216115,0.0380206517458445,1.83310010657135));
#3579=CARTESIAN_POINT('Ctrl Pts',(2.27041953291144,0.427761206583599,2.15368412878954));
#3580=CARTESIAN_POINT('Ctrl Pts',(2.16768063684361,-0.651027425550418,1.05647749494818));
#3581=CARTESIAN_POINT('Ctrl Pts',(2.30318740353562,-0.278290229397447,1.44949302571741));
#3582=CARTESIAN_POINT('Ctrl Pts',(2.34326506736771,0.130682310072888,1.83024524418227));
#3583=CARTESIAN_POINT('Ctrl Pts',(2.28183383937804,0.52126685396288,2.14754216696277));
#3584=CARTESIAN_POINT('Ctrl Pts',(2.19733548461335,-0.56121165104947,1.05588973087876));
#3585=CARTESIAN_POINT('Ctrl Pts',(2.32536495587159,-0.186014128699227,1.44760889985215));
#3586=CARTESIAN_POINT('Ctrl Pts',(2.35761311373005,0.22455497793557,1.82613625548154));
#3587=CARTESIAN_POINT('Ctrl Pts',(2.28759894248189,0.615345206190699,2.13962661010598));
#3588=CARTESIAN_POINT('Ctrl Pts',(2.22124032420603,-0.469892619799973,1.05504749889481));
#3589=CARTESIAN_POINT('Ctrl Pts',(2.34168545515737,-0.0927262979723741,
1.44498533454345));
#3590=CARTESIAN_POINT('Ctrl Pts',(2.36610017829703,0.318896836995859,1.82080560728136));
#3591=CARTESIAN_POINT('Ctrl Pts',(2.28766928412228,0.709252819313228,2.13000001004694));
#3592=CARTESIAN_POINT('',(2.22646374082743,-0.45332474278172,1.07214506744568));
#3593=CARTESIAN_POINT('',(2.13251012510773,-0.738630183905956,1.05680614636211));
#3594=CARTESIAN_POINT('Ctrl Pts',(2.22646237453664,-0.453325206806419,1.072144020161));
#3595=CARTESIAN_POINT('Ctrl Pts',(2.21380000919028,-0.501785983405062,1.06940485028995));
#3596=CARTESIAN_POINT('Ctrl Pts',(2.19963161161505,-0.549853686946038,1.06676312842927));
#3597=CARTESIAN_POINT('Ctrl Pts',(2.16830329692125,-0.645025274892978,1.06165724722657));
#3598=CARTESIAN_POINT('Ctrl Pts',(2.15114662754869,-0.692119123640093,1.05919361644499));
#3599=CARTESIAN_POINT('Ctrl Pts',(2.1325101251094,-0.738630183903522,1.05680614636425));
#3600=CARTESIAN_POINT('',(2.28766928707442,0.709252809550605,2.1300000008806));
#3601=CARTESIAN_POINT('Origin',(0.723367918444707,0.186469135589901,0.940130954494379));
#3602=CARTESIAN_POINT('',(2.27411738262004,0.399070840560081,2.13));
#3603=CARTESIAN_POINT('Origin',(0.586936265708891,0.824775891364219,2.13));
#3604=CARTESIAN_POINT('Origin',(0.663761570648867,0.00952002341090365,1.03669876836077));
#3605=CARTESIAN_POINT('Ctrl Pts',(2.22646452443689,-0.453324188006584,1.07214592356825));
#3606=CARTESIAN_POINT('Ctrl Pts',(2.34245236807519,-0.0807178447128732,
1.45597469404838));
#3607=CARTESIAN_POINT('Ctrl Pts',(2.36495320229738,0.324605415830195,1.82532727648702));
#3608=CARTESIAN_POINT('Ctrl Pts',(2.28766928412183,0.709252819309575,2.13000001004718));
#3609=CARTESIAN_POINT('Ctrl Pts',(2.29958384774174,-0.42258619198185,1.07460681509186));
#3610=CARTESIAN_POINT('Ctrl Pts',(2.41285383363988,-0.0438481809485252,
1.46260185624917));
#3611=CARTESIAN_POINT('Ctrl Pts',(2.43144301715734,0.367690711955143,1.83564027309131));
#3612=CARTESIAN_POINT('Ctrl Pts',(2.34820231937881,0.75881749687849,2.14328196048128));
#3613=CARTESIAN_POINT('Ctrl Pts',(2.37270317104658,-0.391848195957116,1.07706770661548));
#3614=CARTESIAN_POINT('Ctrl Pts',(2.48325529920456,-0.00697851718417746,
1.46922901844995));
#3615=CARTESIAN_POINT('Ctrl Pts',(2.49793283201728,0.41077600808009,1.8459532696956));
#3616=CARTESIAN_POINT('Ctrl Pts',(2.40873535463578,0.808382174447406,2.15656391091538));
#3617=CARTESIAN_POINT('Ctrl Pts',(2.44582249435143,-0.361110199932382,1.07952859813909));
#3618=CARTESIAN_POINT('Ctrl Pts',(2.55365676476924,0.0298911465801707,1.47585618065074));
#3619=CARTESIAN_POINT('Ctrl Pts',(2.56442264687724,0.453861304205038,1.85626626629989));
#3620=CARTESIAN_POINT('Ctrl Pts',(2.46926838989276,0.85794685201632,2.16984586134947));
#3621=CARTESIAN_POINT('',(2.49603599553833,-0.13859851564057,1.29992858369267));
#3622=CARTESIAN_POINT('Ctrl Pts',(2.49596422010929,-0.138738345091359,1.29981713660509));
#3623=CARTESIAN_POINT('Ctrl Pts',(2.4948993839483,-0.140124051141462,1.29883084750505));
#3624=CARTESIAN_POINT('Ctrl Pts',(2.49383354378461,-0.141509137578119,1.29784477042731));
#3625=CARTESIAN_POINT('Ctrl Pts',(2.45196329893904,-0.195845032030815,1.25915275619657));
#3626=CARTESIAN_POINT('Ctrl Pts',(2.40967042514389,-0.247915671510523,1.22173898034841));
#3627=CARTESIAN_POINT('Ctrl Pts',(2.32100449249306,-0.351466992359089,1.14675579429168));
#3628=CARTESIAN_POINT('Ctrl Pts',(2.27449968663452,-0.402953566607714,1.10916571294498));
#3629=CARTESIAN_POINT('Ctrl Pts',(2.22646452443837,-0.453324188001825,1.07214592357315));
#3630=CARTESIAN_POINT('',(2.38245771004687,0.757558743551519,2.12999843855444));
#3631=CARTESIAN_POINT('Ctrl Pts',(2.38245771004687,0.757558743551519,2.12999843855444));
#3632=CARTESIAN_POINT('Ctrl Pts',(2.4010533912369,0.699076875346672,2.08149188508613));
#3633=CARTESIAN_POINT('Ctrl Pts',(2.41727855338314,0.640593131333139,2.03176840508578));
#3634=CARTESIAN_POINT('Ctrl Pts',(2.43124787449411,0.582257048158685,1.98105700296858));
#3635=CARTESIAN_POINT('Ctrl Pts',(2.44597750544033,0.520745900323957,1.92758552557766));
#3636=CARTESIAN_POINT('Ctrl Pts',(2.45819899211299,0.459399174454654,1.87301588029415));
#3637=CARTESIAN_POINT('Ctrl Pts',(2.468046425382,0.398374860629383,1.81757655916533));
#3638=CARTESIAN_POINT('Ctrl Pts',(2.4782072541245,0.335408442379107,1.76037287652002));
#3639=CARTESIAN_POINT('Ctrl Pts',(2.48584066543451,0.272785408178466,1.70224328398975));
#3640=CARTESIAN_POINT('Ctrl Pts',(2.49109295242307,0.210658449415725,1.6433957567944));
#3641=CARTESIAN_POINT('Ctrl Pts',(2.4966404977822,0.145039011157243,1.58124010400916));
#3642=CARTESIAN_POINT('Ctrl Pts',(2.4995320718874,0.0799730974160539,1.51828359809986));
#3643=CARTESIAN_POINT('Ctrl Pts',(2.49993471970882,0.0156156721892593,1.45472317926171));
#3644=CARTESIAN_POINT('Ctrl Pts',(2.50025911461503,-0.0362341573887122,
1.40351546122375));
#3645=CARTESIAN_POINT('Ctrl Pts',(2.49896829486184,-0.0876252540401402,
1.3519143386192));
#3646=CARTESIAN_POINT('Ctrl Pts',(2.49609387019884,-0.138509472554549,1.30000006462861));
#3647=CARTESIAN_POINT('Ctrl Pts',(2.28766928865008,0.709252807641093,2.13));
#3648=CARTESIAN_POINT('Ctrl Pts',(2.31920375387435,0.725437138628658,2.13));
#3649=CARTESIAN_POINT('Ctrl Pts',(2.35081370597441,0.741543750189903,2.13));
#3650=CARTESIAN_POINT('Ctrl Pts',(2.38245466854248,0.757558835175132,2.13));
#3651=CARTESIAN_POINT('Ctrl Pts',(2.2972943185816,-1.01409226217491,1.06862433396865));
#3652=CARTESIAN_POINT('Ctrl Pts',(2.45825751181731,-0.639443407895405,1.4751627452373));
#3653=CARTESIAN_POINT('Ctrl Pts',(2.52572297495689,-0.225591384145757,1.87296327742882));
#3654=CARTESIAN_POINT('Ctrl Pts',(2.49252988950617,0.180114990718325,2.21677283573757));
#3655=CARTESIAN_POINT('Ctrl Pts',(2.24236625398574,-0.922271569397968,1.06468493799469));
#3656=CARTESIAN_POINT('Ctrl Pts',(2.39611408657884,-0.552259004359167,1.46376497373322));
#3657=CARTESIAN_POINT('Ctrl Pts',(2.45744566727471,-0.144367976784902,1.85343674863618));
#3658=CARTESIAN_POINT('Ctrl Pts',(2.41972725757822,0.253100014085871,2.18784855715838));
#3659=CARTESIAN_POINT('Ctrl Pts',(2.18743818938987,-0.830450876621031,1.06074554202073));
#3660=CARTESIAN_POINT('Ctrl Pts',(2.33397066134037,-0.465074600822929,1.45236720222914));
#3661=CARTESIAN_POINT('Ctrl Pts',(2.38916835959253,-0.0631445694240457,
1.83391021984352));
#3662=CARTESIAN_POINT('Ctrl Pts',(2.34692462565028,0.326085037453418,2.15892427857919));
#3663=CARTESIAN_POINT('Ctrl Pts',(2.132510124794,-0.738630183844094,1.05680614604678));
#3664=CARTESIAN_POINT('Ctrl Pts',(2.27182723610189,-0.377890197286691,1.44096943072506));
#3665=CARTESIAN_POINT('Ctrl Pts',(2.32089105191035,0.0180788379368099,1.81438369105088));
#3666=CARTESIAN_POINT('Ctrl Pts',(2.27412199372233,0.399070060820964,2.13));
#3667=CARTESIAN_POINT('',(2.37333506404747,-0.785672115938177,1.3000089073127));
#3668=CARTESIAN_POINT('Ctrl Pts',(2.13251012510775,-0.738630183903229,1.0568061463626));
#3669=CARTESIAN_POINT('Ctrl Pts',(2.17268723758922,-0.746201443329168,1.09724845907678));
#3670=CARTESIAN_POINT('Ctrl Pts',(2.21295894781377,-0.753950208727894,1.13786205489482));
#3671=CARTESIAN_POINT('Ctrl Pts',(2.29313385668247,-0.769641412476474,1.21883888072505));
#3672=CARTESIAN_POINT('Ctrl Pts',(2.33330908819034,-0.777637198300332,1.25947693935667));
#3673=CARTESIAN_POINT('Ctrl Pts',(2.37332556669573,-0.785714078163213,1.30000417162762));
#3674=CARTESIAN_POINT('',(2.49875612479798,0.0788532103631008,2.12998697176566));
#3675=CARTESIAN_POINT('Ctrl Pts',(2.49872223835926,0.0788670263955585,2.13));
#3676=CARTESIAN_POINT('Ctrl Pts',(2.46105273046814,0.133491672099314,2.13));
#3677=CARTESIAN_POINT('Ctrl Pts',(2.42308368050262,0.188113949068475,2.13));
#3678=CARTESIAN_POINT('Ctrl Pts',(2.3849444459257,0.242489281435227,2.13));
#3679=CARTESIAN_POINT('Ctrl Pts',(2.34824581329563,0.294810739083809,2.13));
#3680=CARTESIAN_POINT('Ctrl Pts',(2.31127393152499,0.34706877420601,2.13));
#3681=CARTESIAN_POINT('Ctrl Pts',(2.27412199372233,0.399070060820962,2.13));
#3682=CARTESIAN_POINT('Ctrl Pts',(2.37333506404747,-0.785672115938177,1.3000089073127));
#3683=CARTESIAN_POINT('Ctrl Pts',(2.39713847193156,-0.713767486221648,1.37523183389013));
#3684=CARTESIAN_POINT('Ctrl Pts',(2.41780307259669,-0.64039388365864,1.45031221655766));
#3685=CARTESIAN_POINT('Ctrl Pts',(2.43514944894769,-0.565727108498204,1.52500159044798));
#3686=CARTESIAN_POINT('Ctrl Pts',(2.45193634400761,-0.493468597918414,1.5972819708696));
#3687=CARTESIAN_POINT('Ctrl Pts',(2.46561490968572,-0.419999039000938,1.66919620076774));
#3688=CARTESIAN_POINT('Ctrl Pts',(2.47600891854866,-0.345513871309835,1.74049874631601));
#3689=CARTESIAN_POINT('Ctrl Pts',(2.48589324132478,-0.274681197487778,1.80830486272898));
#3690=CARTESIAN_POINT('Ctrl Pts',(2.49280678472686,-0.202930604124317,1.87555787493825));
#3691=CARTESIAN_POINT('Ctrl Pts',(2.49659377708129,-0.130458852666094,1.9420272746573));
#3692=CARTESIAN_POINT('Ctrl Pts',(2.5002083095933,-0.0612874687997788,2.00546965421647));
#3693=CARTESIAN_POINT('Ctrl Pts',(2.50097499531687,0.00854007696394812,
2.06819869116419));
#3694=CARTESIAN_POINT('Ctrl Pts',(2.49875612479798,0.0788532103631008,2.12998697176566));
#3695=CARTESIAN_POINT('Ctrl Pts',(1.54498537801151,-1.6450514168249,1.05680614636139));
#3696=CARTESIAN_POINT('Ctrl Pts',(1.84330122083876,-1.38397633590582,1.4506228216688));
#3697=CARTESIAN_POINT('Ctrl Pts',(2.07473345020294,-1.04596505252143,1.83310010657135));
#3698=CARTESIAN_POINT('Ctrl Pts',(2.20914720097798,-0.676352829294598,2.15368412878954));
#3699=CARTESIAN_POINT('Ctrl Pts',(1.61683835129568,-1.58382757835093,1.05647749494818));
#3700=CARTESIAN_POINT('Ctrl Pts',(1.91004324651481,-1.31675831648271,1.44949302571741));
#3701=CARTESIAN_POINT('Ctrl Pts',(2.1355892712705,-0.973256136146158,1.83024524418227));
#3702=CARTESIAN_POINT('Ctrl Pts',(2.26270830847159,-0.598862183097848,2.14754216696277));
#3703=CARTESIAN_POINT('Ctrl Pts',(1.68483588656887,-1.51808095454238,1.05588973087876));
#3704=CARTESIAN_POINT('Ctrl Pts',(1.97256333608525,-1.24535830956542,1.44760889985215));
#3705=CARTESIAN_POINT('Ctrl Pts',(2.19191863935574,-0.89680388636114,1.82613625548154));
#3706=CARTESIAN_POINT('Ctrl Pts',(2.31153344402137,-0.518239116235783,2.13962661010598));
#3707=CARTESIAN_POINT('Ctrl Pts',(1.74844064069872,-1.44833110094841,1.05504749889481));
#3708=CARTESIAN_POINT('Ctrl Pts',(2.03036743712798,-1.17034055192564,1.44498533454345));
#3709=CARTESIAN_POINT('Ctrl Pts',(2.24327640981568,-0.817212454351788,1.82080560728136));
#3710=CARTESIAN_POINT('Ctrl Pts',(2.35523677230007,-0.435120743731979,2.13000001004694));
#3711=CARTESIAN_POINT('',(1.76076522278259,-1.43608841715152,1.07214506744568));
#3712=CARTESIAN_POINT('',(1.54498537801107,-1.64505141682438,1.05680614636211));
#3713=CARTESIAN_POINT('Ctrl Pts',(1.76076379734914,-1.43608819307799,1.072144020161));
#3714=CARTESIAN_POINT('Ctrl Pts',(1.72703098383356,-1.47311358513576,1.06940485028994));
#3715=CARTESIAN_POINT('Ctrl Pts',(1.69214731516429,-1.50909104021149,1.06676312842926));
#3716=CARTESIAN_POINT('Ctrl Pts',(1.62017902790598,-1.57880230245079,1.06165724722656));
#3717=CARTESIAN_POINT('Ctrl Pts',(1.58310194885639,-1.61252873278262,1.05919361644499));
#3718=CARTESIAN_POINT('Ctrl Pts',(1.54498537801367,-1.64505141682301,1.05680614636424));
#3719=CARTESIAN_POINT('',(2.35523677037715,-0.435120753748282,2.1300000008806));
#3720=CARTESIAN_POINT('Origin',(0.727167010330306,-0.171055613907636,0.940130954494271));
#3721=CARTESIAN_POINT('',(2.19908840637888,-0.703475363214644,2.13));
#3722=CARTESIAN_POINT('Origin',(0.902998721393364,0.457539899797136,2.13));
#3723=CARTESIAN_POINT('Origin',(0.592155857807648,-0.300035820500608,1.03669876836173));
#3724=CARTESIAN_POINT('Ctrl Pts',(1.76076617445116,-1.43608829008401,1.07214592356825));
#3725=CARTESIAN_POINT('Ctrl Pts',(2.03662711128231,-1.16006399683209,1.45597469404838));
#3726=CARTESIAN_POINT('Ctrl Pts',(2.24491372186927,-0.811624732500196,1.82532727648702));
#3727=CARTESIAN_POINT('Ctrl Pts',(2.35523677229797,-0.435120743735002,2.13000001004718));
#3728=CARTESIAN_POINT('Ctrl Pts',(1.83979477887801,-1.44285139015133,1.07460681509186));
#3729=CARTESIAN_POINT('Ctrl Pts',(2.11609870027813,-1.16013472328189,1.46260185624917));
#3730=CARTESIAN_POINT('Ctrl Pts',(2.3238102645652,-0.804373955099627,1.83564027309131));
#3731=CARTESIAN_POINT('Ctrl Pts',(2.43186996729849,-0.419364505480107,2.14328196048128));
#3732=CARTESIAN_POINT('Ctrl Pts',(1.91882338330486,-1.44961449021864,1.07706770661548));
#3733=CARTESIAN_POINT('Ctrl Pts',(2.19557028927395,-1.16020544973169,1.46922901844995));
#3734=CARTESIAN_POINT('Ctrl Pts',(2.40270680726115,-0.797123177699058,1.8459532696956));
#3735=CARTESIAN_POINT('Ctrl Pts',(2.50850316229901,-0.403608267225212,2.15656391091538));
#3736=CARTESIAN_POINT('Ctrl Pts',(1.9978519877317,-1.45637759028597,1.07952859813909));
#3737=CARTESIAN_POINT('Ctrl Pts',(2.27504187826977,-1.1602761761815,1.47585618065074));
#3738=CARTESIAN_POINT('Ctrl Pts',(2.48160334995708,-0.789872400298489,1.85626626629989));
#3739=CARTESIAN_POINT('Ctrl Pts',(2.58513635729953,-0.387852028970317,2.16984586134947));
#3740=CARTESIAN_POINT('',(2.14572017066768,-1.28268865620254,1.29992858369267));
#3741=CARTESIAN_POINT('Ctrl Pts',(2.14559163469563,-1.28277911332724,1.29981713660509));
#3742=CARTESIAN_POINT('Ctrl Pts',(2.14400479938933,-1.28351124106069,1.29883084750499));
#3743=CARTESIAN_POINT('Ctrl Pts',(2.14241736303165,-1.28424235357029,1.29784477042728));
#3744=CARTESIAN_POINT('Ctrl Pts',(2.08009195321171,-1.31289632572379,1.25915275619656));
#3745=CARTESIAN_POINT('Ctrl Pts',(2.01844504051825,-1.33934810874578,1.2217389803484));
#3746=CARTESIAN_POINT('Ctrl Pts',(1.89181255788832,-1.38983313628179,1.14675579429166));
#3747=CARTESIAN_POINT('Ctrl Pts',(1.82670759321656,-1.41381037279661,1.10916571294497));
#3748=CARTESIAN_POINT('Ctrl Pts',(1.76076617445469,-1.43608829008048,1.07214592357315));
#3749=CARTESIAN_POINT('',(2.4616166375377,-0.436398350009142,2.12999843855444));
#3750=CARTESIAN_POINT('Ctrl Pts',(2.4616166375377,-0.436398350009142,2.12999843855444));
#3751=CARTESIAN_POINT('Ctrl Pts',(2.45090441619929,-0.496823316551855,2.08149188508587));
#3752=CARTESIAN_POINT('Ctrl Pts',(2.43809233275782,-0.556148308911236,2.03176840508525));
#3753=CARTESIAN_POINT('Ctrl Pts',(2.42335142269227,-0.61429421248935,1.98105700296776));
#3754=CARTESIAN_POINT('Ctrl Pts',(2.40780820743144,-0.675604829800723,1.9275855255769));
#3755=CARTESIAN_POINT('Ctrl Pts',(2.39012055140772,-0.735604265929319,1.87301588029345));
#3756=CARTESIAN_POINT('Ctrl Pts',(2.37048060784031,-0.794214942742433,1.81757655916469));
#3757=CARTESIAN_POINT('Ctrl Pts',(2.35021562125448,-0.854690909759713,1.7603728765194));
#3758=CARTESIAN_POINT('Ctrl Pts',(2.32787229619849,-0.913688275854819,1.70224328398916));
#3759=CARTESIAN_POINT('Ctrl Pts',(2.30365112801531,-0.971139825316569,1.64339575679382));
#3760=CARTESIAN_POINT('Ctrl Pts',(2.27806836198588,-1.03182102519896,1.58124010400848));
#3761=CARTESIAN_POINT('Ctrl Pts',(2.25039108587516,-1.09077781207618,1.51828359809908));
#3762=CARTESIAN_POINT('Ctrl Pts',(2.22083922601882,-1.14795060181162,1.45472317926083));
#3763=CARTESIAN_POINT('Ctrl Pts',(2.19703064617193,-1.19401209967006,1.40351546122316));
#3764=CARTESIAN_POINT('Ctrl Pts',(2.17200504859292,-1.23891678201449,1.3519143386189));
#3765=CARTESIAN_POINT('Ctrl Pts',(2.14581279651994,-1.28263670816129,1.30000006462861));
#3766=CARTESIAN_POINT('Ctrl Pts',(2.35523677088493,-0.435120756171315,2.13));
#3767=CARTESIAN_POINT('Ctrl Pts',(2.39068038676745,-0.435445039484936,2.13));
#3768=CARTESIAN_POINT('Ctrl Pts',(2.42615472494067,-0.435873220433265,2.13));
#3769=CARTESIAN_POINT('Ctrl Pts',(2.46161398699893,-0.436396855422902,2.13));
#3770=CARTESIAN_POINT('Ctrl Pts',(1.562880924264,-1.96554000696043,1.06862433396865));
#3771=CARTESIAN_POINT('Ctrl Pts',(1.87951475758628,-1.70860824717737,1.4751627452373));
#3772=CARTESIAN_POINT('Ctrl Pts',(2.13157908368037,-1.3735132430531,1.87296327742883));
#3773=CARTESIAN_POINT('Ctrl Pts',(2.29072921960322,-0.998852492823197,2.21677283573757));
#3774=CARTESIAN_POINT('Ctrl Pts',(1.55691574209668,-1.85871047684823,1.06468493799469));
#3775=CARTESIAN_POINT('Ctrl Pts',(1.86500609981825,-1.60253080202474,1.46376497373322));
#3776=CARTESIAN_POINT('Ctrl Pts',(2.10886892969075,-1.26986344057667,1.85343674863618));
#3777=CARTESIAN_POINT('Ctrl Pts',(2.26018352205026,-0.900394394057272,2.18784855715838));
#3778=CARTESIAN_POINT('Ctrl Pts',(1.55095055992936,-1.75188094673602,1.06074554202073));
#3779=CARTESIAN_POINT('Ctrl Pts',(1.85049744205022,-1.49645335687211,1.45236720222914));
#3780=CARTESIAN_POINT('Ctrl Pts',(2.08615877570112,-1.16621363810024,1.83391021984353));
#3781=CARTESIAN_POINT('Ctrl Pts',(2.22963782449731,-0.801936295291348,2.15892427857919));
#3782=CARTESIAN_POINT('Ctrl Pts',(1.54498537776203,-1.64505141662381,1.05680614604678));
#3783=CARTESIAN_POINT('Ctrl Pts',(1.83598878428218,-1.39037591171948,1.44096943072506));
#3784=CARTESIAN_POINT('Ctrl Pts',(2.06344862171149,-1.06256383562382,1.81438369105088));
#3785=CARTESIAN_POINT('Ctrl Pts',(2.19909212694435,-0.703478196525423,2.13));
#3786=CARTESIAN_POINT('',(1.73636379544976,-1.798621908532,1.3000089073127));
#3787=CARTESIAN_POINT('Ctrl Pts',(1.54498537801236,-1.64505141682198,1.05680614636259));
#3788=CARTESIAN_POINT('Ctrl Pts',(1.57704190465566,-1.67042666925842,1.09724845907681));
#3789=CARTESIAN_POINT('Ctrl Pts',(1.60909970230191,-1.69600305719135,1.13786205489496));
#3790=CARTESIAN_POINT('Ctrl Pts',(1.67279899248646,-1.74715606606789,1.21883888072491));
#3791=CARTESIAN_POINT('Ctrl Pts',(1.70465656635599,-1.77290634382932,1.25947693935643));
#3792=CARTESIAN_POINT('Ctrl Pts',(1.7363358851441,-1.79865465059759,1.30000417162762));
#3793=CARTESIAN_POINT('',(2.24918358138601,-1.0914088222218,2.12998697176566));
#3794=CARTESIAN_POINT('Ctrl Pts',(2.24915999706509,-1.09138084091932,2.13));
#3795=CARTESIAN_POINT('Ctrl Pts',(2.24119064294253,-1.02550722603377,2.13));
#3796=CARTESIAN_POINT('Ctrl Pts',(2.23295495667968,-0.959496504417754,2.13));
#3797=CARTESIAN_POINT('Ctrl Pts',(2.22445381854823,-0.893625352655373,2.13));
#3798=CARTESIAN_POINT('Ctrl Pts',(2.21627378691712,-0.830242297744087,2.13));
#3799=CARTESIAN_POINT('Ctrl Pts',(2.20782233127034,-0.766788415483502,2.13));
#3800=CARTESIAN_POINT('Ctrl Pts',(2.19909212694435,-0.703478196525423,2.13));
#3801=CARTESIAN_POINT('Ctrl Pts',(1.73636379544976,-1.798621908532,1.3000089073127));
#3802=CARTESIAN_POINT('Ctrl Pts',(1.79085641399828,-1.74601551609451,1.37523183389009));
#3803=CARTESIAN_POINT('Ctrl Pts',(1.84325242250227,-1.69064973635135,1.4503122165576));
#3804=CARTESIAN_POINT('Ctrl Pts',(1.89331125656433,-1.63259685341078,1.52500159044789));
#3805=CARTESIAN_POINT('Ctrl Pts',(1.94175551819102,-1.5764163789341,1.59728197086963));
#3806=CARTESIAN_POINT('Ctrl Pts',(1.98801029306186,-1.51771906171937,1.6691962007679));
#3807=CARTESIAN_POINT('Ctrl Pts',(2.03182871423994,-1.45659605793442,1.74049874631629));
#3808=CARTESIAN_POINT('Ctrl Pts',(2.07349843226452,-1.3984703139195,1.80830486272933));
#3809=CARTESIAN_POINT('Ctrl Pts',(2.11296423427243,-1.33815120250143,1.87555787493867));
#3810=CARTESIAN_POINT('Ctrl Pts',(2.14999675169303,-1.27574055658249,1.94202727465779));
#3811=CARTESIAN_POINT('Ctrl Pts',(2.18534280621062,-1.21617209494987,2.00546965421679));
#3812=CARTESIAN_POINT('Ctrl Pts',(2.2184721512676,-1.15469917041838,2.06819869116435));
#3813=CARTESIAN_POINT('Ctrl Pts',(2.24918358138601,-1.0914088222218,2.12998697176566));
#3814=CARTESIAN_POINT('Ctrl Pts',(0.603523099904433,-2.17461119516771,1.05680614636139));
#3815=CARTESIAN_POINT('Ctrl Pts',(0.988996300229934,-2.0820749763696,1.4506228216688));
#3816=CARTESIAN_POINT('Ctrl Pts',(1.35100103805178,-1.8903327685014,1.83310010657135));
#3817=CARTESIAN_POINT('Ctrl Pts',(1.64178586841031,-1.6255225829166,2.15368412878954));
#3818=CARTESIAN_POINT('Ctrl Pts',(0.695597884480317,-2.15379192014271,1.05647749494818));
#3819=CARTESIAN_POINT('Ctrl Pts',(1.0793312002339,-2.05357294191973,1.44949302571741));
#3820=CARTESIAN_POINT('Ctrl Pts',(1.4386757097659,-1.85423333058204,1.83024524418227));
#3821=CARTESIAN_POINT('Ctrl Pts',(1.72522357268546,-1.58179911108253,2.14754216696277));
#3822=CARTESIAN_POINT('Ctrl Pts',(0.786360691385008,-2.12717620620839,1.05588973087876));
#3823=CARTESIAN_POINT('Ctrl Pts',(1.16787122796697,-2.01940590990477,1.44760889985215));
#3824=CARTESIAN_POINT('Ctrl Pts',(1.52408202018819,-1.81271578795095,1.82613625548154));
#3825=CARTESIAN_POINT('Ctrl Pts',(1.80592349053339,-1.53310110259104,2.13962661010598));
#3826=CARTESIAN_POINT('Ctrl Pts',(0.875094277401251,-2.09497438115147,1.05504749889481));
#3827=CARTESIAN_POINT('Ctrl Pts',(1.25391670783269,-1.97984388956536,1.44498533454345));
#3828=CARTESIAN_POINT('Ctrl Pts',(1.60654505025696,-1.76610822088514,1.82080560728137));
#3829=CARTESIAN_POINT('Ctrl Pts',(1.88324789962394,-1.4798133881616,2.13000001004694));
#3830=CARTESIAN_POINT('',(0.891696611719488,-2.08986154189348,1.07214506744568));
#3831=CARTESIAN_POINT('',(0.603523099904281,-2.17461119516705,1.05680614636211));
#3832=CARTESIAN_POINT('Ctrl Pts',(0.891695453693016,-2.08986068105427,1.072144020161));
#3833=CARTESIAN_POINT('Ctrl Pts',(0.844619973060162,-2.10696861745506,1.06940485028994));
#3834=CARTESIAN_POINT('Ctrl Pts',(0.797012461395217,-2.12261382268303,1.06676312842927));
#3835=CARTESIAN_POINT('Ctrl Pts',(0.700891268871362,-2.15089474914748,1.06165724722656));
#3836=CARTESIAN_POINT('Ctrl Pts',(0.652387692127775,-2.16352744232252,1.05919361644499));
#3837=CARTESIAN_POINT('Ctrl Pts',(0.603523099907233,-2.17461119516704,1.05680614636425));
#3838=CARTESIAN_POINT('',(1.88324789326647,-1.47981339613697,2.13000000088059));
#3839=CARTESIAN_POINT('Origin',(0.564380903462895,-0.489393583703918,0.940130954494701));
#3840=CARTESIAN_POINT('',(1.62027477812454,-1.64486383907405,2.13));
#3841=CARTESIAN_POINT('Origin',(1.0121950535465,-0.0145129709060812,2.13));
#3842=CARTESIAN_POINT('Origin',(0.384894374191636,-0.540857073758366,1.03669876836158));
#3843=CARTESIAN_POINT('Ctrl Pts',(0.891697513431381,-2.08986187164322,1.07214592356825));
#3844=CARTESIAN_POINT('Ctrl Pts',(1.26423512731202,-1.97365346756377,1.45597469404838));
#3845=CARTESIAN_POINT('Ctrl Pts',(1.61059156190405,-1.76192143575314,1.82532727648702));
#3846=CARTESIAN_POINT('Ctrl Pts',(1.88324789962068,-1.4798133881633,2.13000001004718));
#3847=CARTESIAN_POINT('Ctrl Pts',(0.958530898103962,-2.13257672308136,1.07460681509186));
#3848=CARTESIAN_POINT('Ctrl Pts',(1.33457085643651,-2.01064838165042,1.46260185624917));
#3849=CARTESIAN_POINT('Ctrl Pts',(1.68382058531075,-1.79216624279808,1.83564027309131));
#3850=CARTESIAN_POINT('Ctrl Pts',(1.95842551292024,-1.50147515352337,2.14328196048128));
#3851=CARTESIAN_POINT('Ctrl Pts',(1.02536428277655,-2.1752915745195,1.07706770661548));
#3852=CARTESIAN_POINT('Ctrl Pts',(1.404906585561,-2.04764329573707,1.46922901844995));
#3853=CARTESIAN_POINT('Ctrl Pts',(1.75704960871745,-1.82241104984303,1.8459532696956));
#3854=CARTESIAN_POINT('Ctrl Pts',(2.03360312621979,-1.52313691888344,2.15656391091538));
#3855=CARTESIAN_POINT('Ctrl Pts',(1.09219766744913,-2.21800642595764,1.07952859813909));
#3856=CARTESIAN_POINT('Ctrl Pts',(1.47524231468548,-2.08463820982371,1.47585618065074));
#3857=CARTESIAN_POINT('Ctrl Pts',(1.83027863212416,-1.85265585688797,1.85626626629989));
#3858=CARTESIAN_POINT('Ctrl Pts',(2.10878073951936,-1.5447986842435,2.16984586134947));
#3859=CARTESIAN_POINT('',(1.30384571342833,-2.13293028370254,1.29992858369267));
#3860=CARTESIAN_POINT('Ctrl Pts',(1.30368986295544,-2.13295064586401,1.29981713660509));
#3861=CARTESIAN_POINT('Ctrl Pts',(1.30194455334957,-2.13286147364012,1.29883084750525));
#3862=CARTESIAN_POINT('Ctrl Pts',(1.30019918333652,-2.1327711231576,1.29784477042741));
#3863=CARTESIAN_POINT('Ctrl Pts',(1.23169660882913,-2.12917889330936,1.25915275619659));
#3864=CARTESIAN_POINT('Ctrl Pts',(1.16481822200958,-2.12395203516184,1.22173898034842));
#3865=CARTESIAN_POINT('Ctrl Pts',(1.02922916508423,-2.10980525798731,1.14675579429168));
#3866=CARTESIAN_POINT('Ctrl Pts',(0.960438804405666,-2.10078026083981,1.10916571294497));
#3867=CARTESIAN_POINT('Ctrl Pts',(0.891697513436138,-2.08986187164174,1.07214592357315));
#3868=CARTESIAN_POINT('',(1.97684885906504,-1.53038184075294,2.12999843855445));
#3869=CARTESIAN_POINT('Ctrl Pts',(1.97684885906504,-1.53038184075294,2.12999843855445));
#3870=CARTESIAN_POINT('Ctrl Pts',(1.93928277601034,-1.57890727399819,2.08149188508574));
#3871=CARTESIAN_POINT('Ctrl Pts',(1.90036854089509,-1.62548287389735,2.03176840508499));
#3872=CARTESIAN_POINT('Ctrl Pts',(1.86029436450165,-1.67011807210328,1.98105700296736));
#3873=CARTESIAN_POINT('Ctrl Pts',(1.81803906633404,-1.71718263533834,1.92758552557652));
#3874=CARTESIAN_POINT('Ctrl Pts',(1.77449429644966,-1.76208963398081,1.87301588029309));
#3875=CARTESIAN_POINT('Ctrl Pts',(1.72986625043021,-1.80485967405914,1.81757655916438));
#3876=CARTESIAN_POINT('Ctrl Pts',(1.68381791272324,-1.84899087461427,1.76037287651899));
#3877=CARTESIAN_POINT('Ctrl Pts',(1.63661643780525,-1.89084698702689,1.70224328398864));
#3878=CARTESIAN_POINT('Ctrl Pts',(1.58847059218431,-1.93046166957226,1.6433957567932));
#3879=CARTESIAN_POINT('Ctrl Pts',(1.53761821815806,-1.97230329947299,1.58124010400805));
#3880=CARTESIAN_POINT('Ctrl Pts',(1.48571262224123,-2.01164467011874,1.51828359809884));
#3881=CARTESIAN_POINT('Ctrl Pts',(1.43297622966189,-2.04853522724105,1.45472317926079));
#3882=CARTESIAN_POINT('Ctrl Pts',(1.39048893378037,-2.0782562593221,1.40351546122314));
#3883=CARTESIAN_POINT('Ctrl Pts',(1.34746162118975,-2.1063874057948,1.35191433861889));
#3884=CARTESIAN_POINT('Ctrl Pts',(1.30395187100586,-2.13292733137627,1.30000006462861));
#3885=CARTESIAN_POINT('Ctrl Pts',(1.88324789259005,-1.47981339851844,2.13));
#3886=CARTESIAN_POINT('Ctrl Pts',(1.91448095387402,-1.49657200673413,2.13));
#3887=CARTESIAN_POINT('Ctrl Pts',(1.94569293475704,-1.51343688909691,2.13));
#3888=CARTESIAN_POINT('Ctrl Pts',(1.97684720669837,-1.53037928559577,2.13));
#3889=CARTESIAN_POINT('Ctrl Pts',(0.470430344954435,-2.46670622347623,1.06862433396865));
#3890=CARTESIAN_POINT('Ctrl Pts',(0.87019782300049,-2.38635152799255,1.4751627452373));
#3891=CARTESIAN_POINT('Ctrl Pts',(1.24911611264537,-2.20677977060594,1.87296327742882));
#3892=CARTESIAN_POINT('Ctrl Pts',(1.56415009176893,-1.94899490773639,2.21677283573757));
#3893=CARTESIAN_POINT('Ctrl Pts',(0.514794596561949,-2.36934121394206,1.06468493799469));
#3894=CARTESIAN_POINT('Ctrl Pts',(0.906647691349275,-2.28568210553619,1.46376497373322));
#3895=CARTESIAN_POINT('Ctrl Pts',(1.2771757349403,-2.10444849364576,1.85343674863618));
#3896=CARTESIAN_POINT('Ctrl Pts',(1.58285897978478,-1.84761929745064,2.18784855715838));
#3897=CARTESIAN_POINT('Ctrl Pts',(0.559158848169463,-2.27197620440789,1.06074554202073));
#3898=CARTESIAN_POINT('Ctrl Pts',(0.943097559698062,-2.18501268307984,1.45236720222914));
#3899=CARTESIAN_POINT('Ctrl Pts',(1.30523535723523,-2.00211721668558,1.83391021984353));
#3900=CARTESIAN_POINT('Ctrl Pts',(1.60156786780063,-1.74624368716489,2.15892427857919));
#3901=CARTESIAN_POINT('Ctrl Pts',(0.603523099776977,-2.17461119487372,1.05680614604678));
#3902=CARTESIAN_POINT('Ctrl Pts',(0.979547428046848,-2.08434326062349,1.44096943072506));
#3903=CARTESIAN_POINT('Ctrl Pts',(1.33329497953016,-1.8997859397254,1.81438369105088));
#3904=CARTESIAN_POINT('Ctrl Pts',(1.62027675581648,-1.64486807687914,2.13));
#3905=CARTESIAN_POINT('',(0.701612506766651,-2.39952909762491,1.3000089073127));
#3906=CARTESIAN_POINT('Ctrl Pts',(0.603523099906547,-2.17461119516552,1.0568061463626));
#3907=CARTESIAN_POINT('Ctrl Pts',(0.620115276780658,-2.21197727608415,1.09724845907674));
#3908=CARTESIAN_POINT('Ctrl Pts',(0.636615106746042,-2.2495220443046,1.13786205489477));
#3909=CARTESIAN_POINT('Ctrl Pts',(0.669246038525241,-2.32441832043646,1.21883888072509));
#3910=CARTESIAN_POINT('Ctrl Pts',(0.685487768508489,-2.36202401182503,1.25947693935682));
#3911=CARTESIAN_POINT('Ctrl Pts',(0.701572577421762,-2.39954511871839,1.30000417162762));
#3912=CARTESIAN_POINT('',(1.48435018507905,-2.01164224653784,2.12998697176566));
#3913=CARTESIAN_POINT('Ctrl Pts',(1.48434230575962,-2.01160651014453,2.13));
#3914=CARTESIAN_POINT('Ctrl Pts',(1.50789878839469,-1.949574777386,2.13));
#3915=CARTESIAN_POINT('Ctrl Pts',(1.5312831623062,-1.8872978719292,2.13));
#3916=CARTESIAN_POINT('Ctrl Pts',(1.55436762891603,-1.82502118780592,2.13));
#3917=CARTESIAN_POINT('Ctrl Pts',(1.57658014495044,-1.76509682966334,2.13));
#3918=CARTESIAN_POINT('Ctrl Pts',(1.5985852420651,-1.70498361998802,2.13));
#3919=CARTESIAN_POINT('Ctrl Pts',(1.62027675581648,-1.64486807687914,2.13));
#3920=CARTESIAN_POINT('Ctrl Pts',(0.701612506766651,-2.39952909762491,1.3000089073127));
#3921=CARTESIAN_POINT('Ctrl Pts',(0.774310733777675,-2.37827243299801,1.37523183389038));
#3922=CARTESIAN_POINT('Ctrl Pts',(0.84643485601291,-2.35359810898373,1.45031221655818));
#3923=CARTESIAN_POINT('Ctrl Pts',(0.917738272177033,-2.32545833413147,1.52500159044875));
#3924=CARTESIAN_POINT('Ctrl Pts',(0.986741903848343,-2.29822616541252,1.5972819708704));
#3925=CARTESIAN_POINT('Ctrl Pts',(1.05497647641935,-2.26774793789522,1.66919620076858));
#3926=CARTESIAN_POINT('Ctrl Pts',(1.12218103768978,-2.23398964157166,1.74049874631687));
#3927=CARTESIAN_POINT('Ctrl Pts',(1.18609012073796,-2.2018867348266,1.80830486272994));
#3928=CARTESIAN_POINT('Ctrl Pts',(1.24906704172619,-2.16681748685576,1.8755578749393));
#3929=CARTESIAN_POINT('Ctrl Pts',(1.31086138076213,-2.12876547332636,1.94202727465844));
#3930=CARTESIAN_POINT('Ctrl Pts',(1.36984160216126,-2.09244635060961,2.00546965421721));
#3931=CARTESIAN_POINT('Ctrl Pts',(1.42774407285079,-2.05341075349141,2.06819869116456));
#3932=CARTESIAN_POINT('Ctrl Pts',(1.48435018507905,-2.01164224653784,2.12998697176566));
#3933=CARTESIAN_POINT('Ctrl Pts',(-0.476199047148943,-2.20599375560345,
1.0568061463614));
#3934=CARTESIAN_POINT('Ctrl Pts',(-0.0918757540641083,-2.30319533147063,
1.4506228216688));
#3935=CARTESIAN_POINT('Ctrl Pts',(0.317770569410441,-2.30164802819713,1.83310010657134));
#3936=CARTESIAN_POINT('Ctrl Pts',(0.698311179054415,-2.20230470246314,2.15368412878954));
#3937=CARTESIAN_POINT('Ctrl Pts',(-0.384995674806235,-2.23034848903619,
1.05647749494818));
#3938=CARTESIAN_POINT('Ctrl Pts',(0.00135738333043228,-2.31993875459972,
1.44949302571741));
#3939=CARTESIAN_POINT('Ctrl Pts',(0.41217888107576,-2.31042801491562,1.83024524418227));
#3940=CARTESIAN_POINT('Ctrl Pts',(0.792510907595012,-2.20236492546399,2.14754216696277));
#3941=CARTESIAN_POINT('Ctrl Pts',(-0.292260261521513,-2.24896102428433,
1.05588973087876));
#3942=CARTESIAN_POINT('Ctrl Pts',(0.0956338958954894,-2.33083195276435,
1.44760889985215));
#3943=CARTESIAN_POINT('Ctrl Pts',(0.50709657737497,-2.3133563481146,1.82613625548154));
#3944=CARTESIAN_POINT('Ctrl Pts',(0.886598229101558,-2.19674810221384,2.13962661010598));
#3945=CARTESIAN_POINT('Ctrl Pts',(-0.198725638819561,-2.26168427781093,
1.05504749889481));
#3946=CARTESIAN_POINT('Ctrl Pts',(0.19020877210741,-2.33578885181102,1.44498533454345));
#3947=CARTESIAN_POINT('Ctrl Pts',(0.601773580651042,-2.31040987792504,1.82080560728136));
#3948=CARTESIAN_POINT('Ctrl Pts',(0.979829628741476,-2.18549861904799,2.13000001004694));
#3949=CARTESIAN_POINT('',(-0.181648946979443,-2.26487257294944,1.07214506744568));
#3950=CARTESIAN_POINT('',(-0.476199047148769,-2.2059937556028,1.05680614636211));
#3951=CARTESIAN_POINT('Ctrl Pts',(-0.181649572309035,-2.26487127255245,
1.072144020161));
#3952=CARTESIAN_POINT('Ctrl Pts',(-0.231283294767215,-2.25814253123984,
1.06940485028995));
#3953=CARTESIAN_POINT('Ctrl Pts',(-0.280708342238118,-2.24987135864748,
1.06676312842927));
#3954=CARTESIAN_POINT('Ctrl Pts',(-0.378962233206226,-2.23024312990617,
1.06165724722657));
#3955=CARTESIAN_POINT('Ctrl Pts',(-0.427780722743335,-2.21888808815848,
1.05919361644499));
#3956=CARTESIAN_POINT('Ctrl Pts',(-0.476199047146161,-2.20599375560415,
1.05680614636424));
#3957=CARTESIAN_POINT('',(0.979829619381614,-2.18549862314123,2.13000000087715));
#3958=CARTESIAN_POINT('Origin',(0.272301933138287,-0.695617381303656,0.94013095449455));
#3959=CARTESIAN_POINT('',(0.670275724629706,-2.20943383215975,2.13));
#3960=CARTESIAN_POINT('Origin',(0.889509695566208,-0.483241090041428,2.13));
#3961=CARTESIAN_POINT('Origin',(0.089458227928547,-0.657774489454123,1.03669876836204));
#3962=CARTESIAN_POINT('Ctrl Pts',(-0.18164830179556,-2.26487328397475,1.07214592356825));
#3963=CARTESIAN_POINT('Ctrl Pts',(0.202222111359467,-2.3351027139793,1.45597469404838));
#3964=CARTESIAN_POINT('Ctrl Pts',(0.607302284839046,-2.30858317153015,1.82532727648702));
#3965=CARTESIAN_POINT('Ctrl Pts',(0.979829628737795,-2.18549861904798,2.13000001004718));
#3966=CARTESIAN_POINT('Ctrl Pts',(-0.142320859876133,-2.333754429089,1.07460681509186));
#3967=CARTESIAN_POINT('Ctrl Pts',(0.247308912707623,-2.40054672672259,1.46260185624917));
#3968=CARTESIAN_POINT('Ctrl Pts',(0.658087902199434,-2.36939484221605,1.83564027309131));
#3969=CARTESIAN_POINT('Ctrl Pts',(1.03632937511793,-2.23961593863159,2.14328196048128));
#3970=CARTESIAN_POINT('Ctrl Pts',(-0.102993417956707,-2.40263557420324,
1.07706770661548));
#3971=CARTESIAN_POINT('Ctrl Pts',(0.292395714055781,-2.46599073946588,1.46922901844995));
#3972=CARTESIAN_POINT('Ctrl Pts',(0.708873519559823,-2.43020651290194,1.8459532696956));
#3973=CARTESIAN_POINT('Ctrl Pts',(1.09282912149805,-2.29373325821519,2.15656391091538));
#3974=CARTESIAN_POINT('Ctrl Pts',(-0.0636659760372797,-2.47151671931749,
1.07952859813909));
#3975=CARTESIAN_POINT('Ctrl Pts',(0.337482515403937,-2.53143475220915,1.47585618065074));
#3976=CARTESIAN_POINT('Ctrl Pts',(0.759659136920211,-2.49101818358782,1.85626626629989));
#3977=CARTESIAN_POINT('Ctrl Pts',(1.14932886787817,-2.3478505777988,2.16984586134947));
#3978=CARTESIAN_POINT('',(0.163275916286771,-2.4945432878027,1.29992858369267));
#3979=CARTESIAN_POINT('Ctrl Pts',(0.163128454778169,-2.49448889027515,1.29981713660508));
#3980=CARTESIAN_POINT('Ctrl Pts',(0.161624500269408,-2.49359884637573,1.298830847505));
#3981=CARTESIAN_POINT('Ctrl Pts',(0.160121039837362,-2.49270773110781,1.29784477042728));
#3982=CARTESIAN_POINT('Ctrl Pts',(0.101134414916977,-2.45769223582501,1.25915275619656));
#3983=CARTESIAN_POINT('Ctrl Pts',(0.0443455864197886,-2.4219841467191,1.2217389803484));
#3984=CARTESIAN_POINT('Ctrl Pts',(-0.0691382258846349,-2.34644642099759,
1.14675579429167));
#3985=CARTESIAN_POINT('Ctrl Pts',(-0.125854939952251,-2.30648670827125,
1.10916571294497));
#3986=CARTESIAN_POINT('Ctrl Pts',(-0.181648301790658,-2.26487328397565,
1.07214592357315));
#3987=CARTESIAN_POINT('',(1.03920883059192,-2.27377329488075,2.12999843855444));
#3988=CARTESIAN_POINT('Ctrl Pts',(1.03920883059192,-2.27377329488075,2.12999843855444));
#3989=CARTESIAN_POINT('Ctrl Pts',(0.983394822728372,-2.29928260286678,2.0814918850857));
#3990=CARTESIAN_POINT('Ctrl Pts',(0.927293218236866,-2.32243890166549,2.0317684050849));
#3991=CARTESIAN_POINT('Ctrl Pts',(0.871066286381099,-2.34333800850257,1.98105700296723));
#3992=CARTESIAN_POINT('Ctrl Pts',(0.811779084885376,-2.36537459341368,1.9275855255764));
#3993=CARTESIAN_POINT('Ctrl Pts',(0.752352783149485,-2.38490150236906,1.87301588029298));
#3994=CARTESIAN_POINT('Ctrl Pts',(0.692960382194798,-2.40203280496557,1.81757655916427));
#3995=CARTESIAN_POINT('Ctrl Pts',(0.63167781259261,-2.41970931284994,1.76037287651873));
#3996=CARTESIAN_POINT('Ctrl Pts',(0.570431476876791,-2.4348354406471,1.70224328398824));
#3997=CARTESIAN_POINT('Ctrl Pts',(0.509390586829414,-2.44753800991357,1.64339575679264));
#3998=CARTESIAN_POINT('Ctrl Pts',(0.444918270857993,-2.46095465666891,1.58124010400733));
#3999=CARTESIAN_POINT('Ctrl Pts',(0.380675301629121,-2.47166797718335,1.51828359809797));
#4000=CARTESIAN_POINT('Ctrl Pts',(0.316835648324043,-2.47982511963538,1.45472317925975));
#4001=CARTESIAN_POINT('Ctrl Pts',(0.265402963867269,-2.48639695566649,1.40351546122244));
#4002=CARTESIAN_POINT('Ctrl Pts',(0.214230975044564,-2.4913100596276,1.35191433861854));
#4003=CARTESIAN_POINT('Ctrl Pts',(0.163371286167891,-2.49459000753378,1.30000006462861));
#4004=CARTESIAN_POINT('Ctrl Pts',(0.979829617666134,-2.18549862489935,2.13));
#4005=CARTESIAN_POINT('Ctrl Pts',(0.99969700642203,-2.21485236285471,2.13));
#4006=CARTESIAN_POINT('Ctrl Pts',(1.01949634135107,-2.24429040534331,2.13));
#4007=CARTESIAN_POINT('Ctrl Pts',(1.03920855493465,-2.27377026450837,2.13));
#4008=CARTESIAN_POINT('Ctrl Pts',(-0.729790157083956,-2.40277977122617,
1.06862433396865));
#4009=CARTESIAN_POINT('Ctrl Pts',(-0.338470945814099,-2.51741043239811,
1.4751627452373));
#4010=CARTESIAN_POINT('Ctrl Pts',(0.0804956936843476,-2.53449964729217,
1.87296327742882));
#4011=CARTESIAN_POINT('Ctrl Pts',(0.479243027962412,-2.45264607722201,2.21677283573757));
#4012=CARTESIAN_POINT('Ctrl Pts',(-0.645259787097695,-2.33718443257875,
1.06468493799469));
#4013=CARTESIAN_POINT('Ctrl Pts',(-0.25941277691867,-2.44521118412473,1.46376497373322));
#4014=CARTESIAN_POINT('Ctrl Pts',(0.152896970951169,-2.45692975817425,1.85343674863618));
#4015=CARTESIAN_POINT('Ctrl Pts',(0.542920520769185,-2.37157688602436,2.18784855715838));
#4016=CARTESIAN_POINT('Ctrl Pts',(-0.560729417111434,-2.27158909393133,
1.06074554202073));
#4017=CARTESIAN_POINT('Ctrl Pts',(-0.18035460802324,-2.37301193585135,1.45236720222914));
#4018=CARTESIAN_POINT('Ctrl Pts',(0.22529824821799,-2.37935986905632,1.83391021984353));
#4019=CARTESIAN_POINT('Ctrl Pts',(0.606598013575957,-2.29050769482672,2.15892427857919));
#4020=CARTESIAN_POINT('Ctrl Pts',(-0.476199047125173,-2.2059937552839,1.05680614604678));
#4021=CARTESIAN_POINT('Ctrl Pts',(-0.101296439127812,-2.30081268757797,
1.44096943072507));
#4022=CARTESIAN_POINT('Ctrl Pts',(0.297699525484812,-2.30178997993839,1.81438369105088));
#4023=CARTESIAN_POINT('Ctrl Pts',(0.670275506382729,-2.20943850362907,2.13));
#4024=CARTESIAN_POINT('',(-0.493869751869384,-2.45073308791236,1.3000089073127));
#4025=CARTESIAN_POINT('Ctrl Pts',(-0.476199047146057,-2.20599375560249,
1.0568061463626));
#4026=CARTESIAN_POINT('Ctrl Pts',(-0.478872287805526,-2.24679054617508,
1.09724845907682));
#4027=CARTESIAN_POINT('Ctrl Pts',(-0.481710337721486,-2.28770264074744,
1.13786205489497));
#4028=CARTESIAN_POINT('Ctrl Pts',(-0.487623117573157,-2.36918434987021,
1.21883888072495));
#4029=CARTESIAN_POINT('Ctrl Pts',(-0.490718016081434,-2.41003044418619,
1.2594769393565));
#4030=CARTESIAN_POINT('Ctrl Pts',(-0.493912552921803,-2.45072871779431,
1.30000417162762));
#4031=CARTESIAN_POINT('',(0.379470049729378,-2.47103267508918,2.12998697176566));
#4032=CARTESIAN_POINT('Ctrl Pts',(0.379479680468573,-2.47099737038206,2.13));
#4033=CARTESIAN_POINT('Ctrl Pts',(0.429165493574974,-2.4270182421625,2.13));
#4034=CARTESIAN_POINT('Ctrl Pts',(0.478812849410499,-2.38274204138673,2.13));
#4035=CARTESIAN_POINT('Ctrl Pts',(0.528194547659688,-2.33832666271959,2.13));
#4036=CARTESIAN_POINT('Ctrl Pts',(0.575710991626023,-2.29558894962939,2.13));
#4037=CARTESIAN_POINT('Ctrl Pts',(0.623131538943343,-2.25258762443327,2.13));
#4038=CARTESIAN_POINT('Ctrl Pts',(0.670275506382729,-2.20943850362907,2.13));
#4039=CARTESIAN_POINT('Ctrl Pts',(-0.493869751869384,-2.45073308791236,
1.3000089073127));
#4040=CARTESIAN_POINT('Ctrl Pts',(-0.41962020409595,-2.46569579679166,1.37523183389012));
#4041=CARTESIAN_POINT('Ctrl Pts',(-0.344290735344144,-2.47736551878029,
1.45031221655764));
#4042=CARTESIAN_POINT('Ctrl Pts',(-0.268077490422296,-2.48558533531418,
1.52500159044796));
#4043=CARTESIAN_POINT('Ctrl Pts',(-0.194322389138289,-2.49354003402323,
1.5972819708696));
#4044=CARTESIAN_POINT('Ctrl Pts',(-0.119739737127324,-2.49826309082508,
1.66919620076776));
#4045=CARTESIAN_POINT('Ctrl Pts',(-0.0445447908487745,-2.49960312081903,
1.74049874631605));
#4046=CARTESIAN_POINT('Ctrl Pts',(0.0269628564845171,-2.50087744039722,
1.80830486272906));
#4047=CARTESIAN_POINT('Ctrl Pts',(0.0990236428087499,-2.49909199795354,
1.87555787493836));
#4048=CARTESIAN_POINT('Ctrl Pts',(0.171423465089349,-2.49411587453686,1.94202727465744));
#4049=CARTESIAN_POINT('Ctrl Pts',(0.240526195436703,-2.48936636405733,2.00546965421656));
#4050=CARTESIAN_POINT('Ctrl Pts',(0.309937033524708,-2.48171067922203,2.06819869116424));
#4051=CARTESIAN_POINT('Ctrl Pts',(0.379470049729378,-2.47103267508918,2.12998697176566));
#4052=CARTESIAN_POINT('Ctrl Pts',(-1.44682973132113,-1.73200973173715,1.05680614636139));
#4053=CARTESIAN_POINT('Ctrl Pts',(-1.15170018032493,-1.99668139264443,1.4506228216688));
#4054=CARTESIAN_POINT('Ctrl Pts',(-0.788257307132327,-2.18568346249855,
1.83310010657135));
#4055=CARTESIAN_POINT('Ctrl Pts',(-0.405138185860849,-2.27456535532418,
2.15368412878954));
#4056=CARTESIAN_POINT('Ctrl Pts',(-1.37739136469553,-1.79595909770454,1.05647749494818));
#4057=CARTESIAN_POINT('Ctrl Pts',(-1.0769273937358,-2.05483455689372,1.44949302571741));
#4058=CARTESIAN_POINT('Ctrl Pts',(-0.708743161974845,-2.237331484708,1.83024524418227));
#4059=CARTESIAN_POINT('Ctrl Pts',(-0.321756455633665,-2.31839547679621,
2.14754216696277));
#4060=CARTESIAN_POINT('Ctrl Pts',(-1.30392791063142,-1.85553597461515,1.05588973087876));
#4061=CARTESIAN_POINT('Ctrl Pts',(-0.998512009212267,-2.10829248481568,
1.44760889985215));
#4062=CARTESIAN_POINT('Ctrl Pts',(-0.626058580138622,-2.28403484789142,
1.82613625548154));
#4063=CARTESIAN_POINT('Ctrl Pts',(-0.235836001950505,-2.35714658530397,
2.13962661010598));
#4064=CARTESIAN_POINT('Ctrl Pts',(-1.22701990609038,-1.91026956267417,1.05504749889481));
#4065=CARTESIAN_POINT('Ctrl Pts',(-0.917073701043486,-2.15663273741397,
1.44498533454345));
#4066=CARTESIAN_POINT('Ctrl Pts',(-0.540856964124209,-2.32542447538972,
1.82080560728136));
#4067=CARTESIAN_POINT('Ctrl Pts',(-0.148055801858568,-2.39051245442402,
2.13000001004694));
#4068=CARTESIAN_POINT('',(-1.21338092103251,-1.92102859221608,1.07214506744568));
#4069=CARTESIAN_POINT('',(-1.44682973132067,-1.73200973173665,1.05680614636211));
#4070=CARTESIAN_POINT('Ctrl Pts',(-1.21338087040974,-1.92102715016657,1.07214402016101));
#4071=CARTESIAN_POINT('Ctrl Pts',(-1.25420234702929,-1.89200320468515,1.06940485028994));
#4072=CARTESIAN_POINT('Ctrl Pts',(-1.29412224756695,-1.86171048023494,1.06676312842927));
#4073=CARTESIAN_POINT('Ctrl Pts',(-1.37200005464627,-1.7986696869467,1.06165724722656));
#4074=CARTESIAN_POINT('Ctrl Pts',(-1.40994972935051,-1.7659282134976,1.05919361644499));
#4075=CARTESIAN_POINT('Ctrl Pts',(-1.44682973131899,-1.73200973173907,1.05680614636424));
#4076=CARTESIAN_POINT('',(-0.148055812048536,-2.39051245369865,2.13000000087715));
#4077=CARTESIAN_POINT('Origin',(-0.0821581284732128,-0.742483619943707,
0.940130954493226));
#4078=CARTESIAN_POINT('',(-0.433275419679654,-2.26784916086177,2.13));
#4079=CARTESIAN_POINT('Origin',(0.563048386999979,-0.841264503303088,2.13));
#4080=CARTESIAN_POINT('Origin',(-0.226471720264612,-0.624003696656207,1.03669876836203));
#4081=CARTESIAN_POINT('Ctrl Pts',(-1.21338068018049,-1.92102952162962,1.07214592356825));
#4082=CARTESIAN_POINT('Ctrl Pts',(-0.906117553264918,-2.16160806966049,
1.45597469404838));
#4083=CARTESIAN_POINT('Ctrl Pts',(-0.535112626896661,-2.3263763241528,1.82532727648702));
#4084=CARTESIAN_POINT('Ctrl Pts',(-0.148055801861822,-2.3905124544223,2.13000001004718));
#4085=CARTESIAN_POINT('Ctrl Pts',(-1.2105686240109,-2.00029712018209,1.07460681509186));
#4086=CARTESIAN_POINT('Ctrl Pts',(-0.896608522527098,-2.24050874642678,
1.46260185624917));
#4087=CARTESIAN_POINT('Ctrl Pts',(-0.518404788486816,-2.40382363758558,
1.83564027309131));
#4088=CARTESIAN_POINT('Ctrl Pts',(-0.123177333401063,-2.46468770249725,
2.14328196048128));
#4089=CARTESIAN_POINT('Ctrl Pts',(-1.20775656784132,-2.07956471873455,1.07706770661548));
#4090=CARTESIAN_POINT('Ctrl Pts',(-0.887099491789275,-2.31940942319307,
1.46922901844995));
#4091=CARTESIAN_POINT('Ctrl Pts',(-0.50169695007697,-2.48127095101836,1.8459532696956));
#4092=CARTESIAN_POINT('Ctrl Pts',(-0.0982988649403046,-2.53886295057219,
2.15656391091538));
#4093=CARTESIAN_POINT('Ctrl Pts',(-1.20494451167174,-2.15883231728701,1.07952859813909));
#4094=CARTESIAN_POINT('Ctrl Pts',(-0.877590461051454,-2.39831009995937,
1.47585618065074));
#4095=CARTESIAN_POINT('Ctrl Pts',(-0.484989111667126,-2.55871826445115,
1.85626626629989));
#4096=CARTESIAN_POINT('Ctrl Pts',(-0.0734203964795457,-2.61303819864714,
2.16984586134947));
#4097=CARTESIAN_POINT('',(-1.014698425588,-2.28468648717281,1.29992858369267));
#4098=CARTESIAN_POINT('Ctrl Pts',(-1.01480371647778,-2.28456979177423,1.29981713660509));
#4099=CARTESIAN_POINT('Ctrl Pts',(-1.01572177803541,-2.2830827745309,1.29883084750529));
#4100=CARTESIAN_POINT('Ctrl Pts',(-1.01663890422046,-2.28159503824615,1.29784477042743));
#4101=CARTESIAN_POINT('Ctrl Pts',(-1.05259645465078,-2.2231779055154,1.25915275619658));
#4102=CARTESIAN_POINT('Ctrl Pts',(-1.08628608859649,-2.16516887833615,1.22173898034841));
#4103=CARTESIAN_POINT('Ctrl Pts',(-1.15166688250928,-2.04554498670211,1.14675579429165));
#4104=CARTESIAN_POINT('Ctrl Pts',(-1.18331683428356,-1.98380484701582,1.10916571294496));
#4105=CARTESIAN_POINT('Ctrl Pts',(-1.21338068017657,-1.92102952163269,1.07214592357315));
#4106=CARTESIAN_POINT('',(-0.13650141714576,-2.49627068909009,2.12999843855444));
#4107=CARTESIAN_POINT('Ctrl Pts',(-0.13650141714576,-2.49627068909009,2.12999843855444));
#4108=CARTESIAN_POINT('Ctrl Pts',(-0.197777033247948,-2.49291999677775,
2.08149188508597));
#4109=CARTESIAN_POINT('Ctrl Pts',(-0.258213805623964,-2.48735216548491,
2.03176840508546));
#4110=CARTESIAN_POINT('Ctrl Pts',(-0.317712580461528,-2.47972744743834,
1.98105700296809));
#4111=CARTESIAN_POINT('Ctrl Pts',(-0.380449701911029,-2.47168773799202,
1.9275855255772));
#4112=CARTESIAN_POINT('Ctrl Pts',(-0.442143685935401,-2.46136117774341,
1.87301588029372));
#4113=CARTESIAN_POINT('Ctrl Pts',(-0.502694358522723,-2.44892916788783,
1.81757655916494));
#4114=CARTESIAN_POINT('Ctrl Pts',(-0.565172061858901,-2.43610150817011,
1.76037287651967));
#4115=CARTESIAN_POINT('Ctrl Pts',(-0.626432460958028,-2.42103243776307,
1.70224328398944));
#4116=CARTESIAN_POINT('Ctrl Pts',(-0.686384663144086,-2.40391288821427,
1.64339575679413));
#4117=CARTESIAN_POINT('Ctrl Pts',(-0.749707090447023,-2.38583095974066,
1.58124010400896));
#4118=CARTESIAN_POINT('Ctrl Pts',(-0.811570142949086,-2.36546193750346,
1.51828359809973));
#4119=CARTESIAN_POINT('Ctrl Pts',(-0.871888161758708,-2.3430169622537,1.45472317926165));
#4120=CARTESIAN_POINT('Ctrl Pts',(-0.920483626613636,-2.32493407379938,
1.40351546122371));
#4121=CARTESIAN_POINT('Ctrl Pts',(-0.968077405719347,-2.30550360234071,
1.35191433861917));
#4122=CARTESIAN_POINT('Ctrl Pts',(-1.01463569149372,-2.28477217603389,1.30000006462862));
#4123=CARTESIAN_POINT('Ctrl Pts',(-0.148055814384556,-2.39051245445817,
2.13));
#4124=CARTESIAN_POINT('Ctrl Pts',(-0.144105477510616,-2.42573673452905,
2.13));
#4125=CARTESIAN_POINT('Ctrl Pts',(-0.140254577577832,-2.46100403636658,
2.13));
#4126=CARTESIAN_POINT('Ctrl Pts',(-0.136500252943878,-2.49626787772427,
2.13));
#4127=CARTESIAN_POINT('Ctrl Pts',(-1.76282452905922,-1.78840543002348,1.06862433396865));
#4128=CARTESIAN_POINT('Ctrl Pts',(-1.46960009995976,-2.07176094482578,1.4751627452373));
#4129=CARTESIAN_POINT('Ctrl Pts',(-1.10656531862149,-2.28159619881564,1.87296327742882));
#4130=CARTESIAN_POINT('Ctrl Pts',(-0.715452838045712,-2.39442558800549,
2.21677283573757));
#4131=CARTESIAN_POINT('Ctrl Pts',(-1.65749292975667,-1.76960686383741,1.06468493799469));
#4132=CARTESIAN_POINT('Ctrl Pts',(-1.36604490425741,-2.04457184841954,1.46376497373322));
#4133=CARTESIAN_POINT('Ctrl Pts',(-1.00640864647463,-2.24655802431838,1.85343674863618));
#4134=CARTESIAN_POINT('Ctrl Pts',(-0.621394486653073,-2.35223479060966,
2.18784855715838));
#4135=CARTESIAN_POINT('Ctrl Pts',(-1.55216133045413,-1.75080829765133,1.06074554202073));
#4136=CARTESIAN_POINT('Ctrl Pts',(-1.26248970855507,-2.0173827520133,1.45236720222914));
#4137=CARTESIAN_POINT('Ctrl Pts',(-0.906251974327767,-2.21151984982112,
1.83391021984353));
#4138=CARTESIAN_POINT('Ctrl Pts',(-0.527336135260434,-2.31004399321383,
2.15892427857919));
#4139=CARTESIAN_POINT('Ctrl Pts',(-1.44682973115158,-1.73200973146525,1.05680614604678));
#4140=CARTESIAN_POINT('Ctrl Pts',(-1.15893451285272,-1.99019365560706,1.44096943072506));
#4141=CARTESIAN_POINT('Ctrl Pts',(-0.806095302180905,-2.17648167532386,
1.81438369105088));
#4142=CARTESIAN_POINT('Ctrl Pts',(-0.433277783867794,-2.26785319581799,
2.13));
#4143=CARTESIAN_POINT('',(-1.57621240212786,-1.94050366229449,1.3000089073127));
#4144=CARTESIAN_POINT('Ctrl Pts',(-1.44682973131813,-1.73200973173764,1.05680614636259));
#4145=CARTESIAN_POINT('Ctrl Pts',(-1.46815598229217,-1.76689117889853,1.0972484590768));
#4146=CARTESIAN_POINT('Ctrl Pts',(-1.48968174905596,-1.80179813200033,1.13786205489491));
#4147=CARTESIAN_POINT('Ctrl Pts',(-1.53278369393109,-1.8711987965154,1.21883888072495));
#4148=CARTESIAN_POINT('Ctrl Pts',(-1.55450621698013,-1.90592794579993,1.25947693935648));
#4149=CARTESIAN_POINT('Ctrl Pts',(-1.5762482696825,-1.94047990210628,1.30000417162762));
#4150=CARTESIAN_POINT('',(-0.812342100903442,-2.36433929694953,2.12998697176566));
#4151=CARTESIAN_POINT('Ctrl Pts',(-0.81231716639191,-2.36431251181154,2.13));
#4152=CARTESIAN_POINT('Ctrl Pts',(-0.747884443817197,-2.34846107639888,
2.13));
#4153=CARTESIAN_POINT('Ctrl Pts',(-0.683347716964364,-2.33232872431642,
2.13));
#4154=CARTESIAN_POINT('Ctrl Pts',(-0.61898153903093,-2.3159496790952,2.13));
#4155=CARTESIAN_POINT('Ctrl Pts',(-0.557046611810384,-2.30018930608118,
2.13));
#4156=CARTESIAN_POINT('Ctrl Pts',(-0.495074090201242,-2.28415095074456,
2.13));
#4157=CARTESIAN_POINT('Ctrl Pts',(-0.433277783867797,-2.26785319581799,
2.13));
#4158=CARTESIAN_POINT('Ctrl Pts',(-1.57621240212786,-1.94050366229449,1.3000089073127));
#4159=CARTESIAN_POINT('Ctrl Pts',(-1.51742121018257,-1.98825796839586,1.37523183389016));
#4160=CARTESIAN_POINT('Ctrl Pts',(-1.4561434683864,-2.03359834371515,1.45031221655773));
#4161=CARTESIAN_POINT('Ctrl Pts',(-1.39247993064897,-2.07629469072669,1.52500159044809));
#4162=CARTESIAN_POINT('Ctrl Pts',(-1.33086976461117,-2.11761393125394,1.59728197086967));
#4163=CARTESIAN_POINT('Ctrl Pts',(-1.26702501991762,-2.15645627698059,1.66919620076776));
#4164=CARTESIAN_POINT('Ctrl Pts',(-1.20106594462609,-2.19258764856948,1.74049874631598));
#4165=CARTESIAN_POINT('Ctrl Pts',(-1.13834127325107,-2.22694726321273,1.80830486272905));
#4166=CARTESIAN_POINT('Ctrl Pts',(-1.07370487931098,-2.25885464964311,1.8755578749384));
#4167=CARTESIAN_POINT('Ctrl Pts',(-1.00728550055767,-2.28809438624509,1.94202727465754));
#4168=CARTESIAN_POINT('Ctrl Pts',(-0.943890864006846,-2.31600254361597,
2.00546965421663));
#4169=CARTESIAN_POINT('Ctrl Pts',(-0.87887284503539,-2.34148059619852,2.06819869116427));
#4170=CARTESIAN_POINT('Ctrl Pts',(-0.812342100903442,-2.36433929694953,
2.12998697176566));
#4171=CARTESIAN_POINT('Ctrl Pts',(-2.08600916023608,-0.861243151309874,
1.05680614636139));
#4172=CARTESIAN_POINT('Ctrl Pts',(-1.94768397476509,-1.23275180938267,1.4506228216688));
#4173=CARTESIAN_POINT('Ctrl Pts',(-1.71370493414142,-1.5690051558827,1.83310010657135));
#4174=CARTESIAN_POINT('Ctrl Pts',(-1.41577527483981,-1.82575049676452,2.15368412878954));
#4175=CARTESIAN_POINT('Ctrl Pts',(-2.05424329229847,-0.950137120742185,
1.05647749494818));
#4176=CARTESIAN_POINT('Ctrl Pts',(-1.90850108327918,-1.31899252564426,1.44949302571741));
#4177=CARTESIAN_POINT('Ctrl Pts',(-1.66730068789803,-1.65168927412106,1.83024524418227));
#4178=CARTESIAN_POINT('Ctrl Pts',(-1.36231329246231,-1.90330956408872,2.14754216696277));
#4179=CARTESIAN_POINT('Ctrl Pts',(-2.01688138945047,-1.03702999479425,1.05588973087876));
#4180=CARTESIAN_POINT('Ctrl Pts',(-1.86391084638368,-1.40276861627451,1.44760889985215));
#4181=CARTESIAN_POINT('Ctrl Pts',(-1.61579126176624,-1.73146848962013,1.82613625548154));
#4182=CARTESIAN_POINT('Ctrl Pts',(-1.30424304708763,-1.97755119239672,2.13962661010598));
#4183=CARTESIAN_POINT('Ctrl Pts',(-1.97421870006877,-1.12123511197259,1.05504749889481));
#4184=CARTESIAN_POINT('Ctrl Pts',(-1.8142656412215,-1.48341805311733,1.44498533454345));
#4185=CARTESIAN_POINT('Ctrl Pts',(-1.55958369645161,-1.80771234994551,1.82080560728136));
#4186=CARTESIAN_POINT('Ctrl Pts',(-1.24202343251865,-2.04788869528959,2.13000001004694));
#4187=CARTESIAN_POINT('',(-1.96714194890231,-1.13710011191021,1.07214506744568));
#4188=CARTESIAN_POINT('',(-2.08600916023544,-0.861243151309643,1.05680614636211));
#4189=CARTESIAN_POINT('Ctrl Pts',(-1.96714123392426,-1.13709885856435,1.07214402016101));
#4190=CARTESIAN_POINT('Ctrl Pts',(-1.98979875636375,-1.09242874504745,1.06940485028994));
#4191=CARTESIAN_POINT('Ctrl Pts',(-2.01106834184194,-1.04705416684403,1.06676312842927));
#4192=CARTESIAN_POINT('Ctrl Pts',(-2.05072919795991,-0.955042695027293,
1.06165724722656));
#4193=CARTESIAN_POINT('Ctrl Pts',(-2.06911624469972,-0.908415466866439,
1.05919361644499));
#4194=CARTESIAN_POINT('Ctrl Pts',(-2.08600916023508,-0.861243151312572,
1.05680614636425));
#4195=CARTESIAN_POINT('',(-1.24202344120218,-2.0478886899398,2.13000000088059));
#4196=CARTESIAN_POINT('Origin',(-0.417796752965588,-0.619255809156551,0.940130954494545));
#4197=CARTESIAN_POINT('',(-1.43756838687525,-1.80672757735551,2.13));
#4198=CARTESIAN_POINT('Origin',(0.107599476992397,-1.00656435702026,2.13));
#4199=CARTESIAN_POINT('Origin',(-0.490519726624631,-0.447281177014113,1.03669876836182));
#4200=CARTESIAN_POINT('Ctrl Pts',(-1.96714216755844,-1.13710104679455,1.07214592356825));
#4201=CARTESIAN_POINT('Ctrl Pts',(-1.8068766063366,-1.49291506678368,1.45597469404838));
#4202=CARTESIAN_POINT('Ctrl Pts',(-1.55493968461658,-1.81122469678597,1.82532727648702));
#4203=CARTESIAN_POINT('Ctrl Pts',(-1.24202343252073,-2.04788869528656,2.13000001004718));
#4204=CARTESIAN_POINT('Ctrl Pts',(-2.00148970531821,-1.20859584723498,1.07460681509186));
#4205=CARTESIAN_POINT('Ctrl Pts',(-1.8351237505549,-1.56719721338204,1.46260185624917));
#4206=CARTESIAN_POINT('Ctrl Pts',(-1.57613718958569,-1.8875654067995,1.83564027309131));
#4207=CARTESIAN_POINT('Ctrl Pts',(-1.25446559928565,-2.12512921642751,2.14328196048128));
#4208=CARTESIAN_POINT('Ctrl Pts',(-2.03583724307796,-1.28009064767542,1.07706770661548));
#4209=CARTESIAN_POINT('Ctrl Pts',(-1.8633708947732,-1.64147935998041,1.46922901844995));
#4210=CARTESIAN_POINT('Ctrl Pts',(-1.5973346945548,-1.96390611681303,1.8459532696956));
#4211=CARTESIAN_POINT('Ctrl Pts',(-1.26690776605057,-2.20236973756847,2.15656391091538));
#4212=CARTESIAN_POINT('Ctrl Pts',(-2.07018478083772,-1.35158544811585,1.07952859813909));
#4213=CARTESIAN_POINT('Ctrl Pts',(-1.89161803899151,-1.71576150657878,1.47585618065074));
#4214=CARTESIAN_POINT('Ctrl Pts',(-1.61853219952392,-2.04024682682656,1.85626626629989));
#4215=CARTESIAN_POINT('Ctrl Pts',(-1.27934993281549,-2.27961025870943,2.16984586134948));
#4216=CARTESIAN_POINT('',(-1.9602175866022,-1.55143554578856,1.29992858369267));
#4217=CARTESIAN_POINT('Ctrl Pts',(-1.96025658599921,-1.55128328602843,1.29981713660509));
#4218=CARTESIAN_POINT('Ctrl Pts',(-1.96037843776716,-1.54953995317052,1.29883084750508));
#4219=CARTESIAN_POINT('Ctrl Pts',(-1.96049912714857,-1.54779641832289,1.29784477042732));
#4220=CARTESIAN_POINT('Ctrl Pts',(-1.96519016162047,-1.47936030925035,1.25915275619657));
#4221=CARTESIAN_POINT('Ctrl Pts',(-1.96806271188184,-1.41233951303995,1.22173898034841));
#4222=CARTESIAN_POINT('Ctrl Pts',(-1.97036253544153,-1.27603384744265,1.14675579429167));
#4223=CARTESIAN_POINT('Ctrl Pts',(-1.96969510239425,-1.20665720274917,1.10916571294497));
#4224=CARTESIAN_POINT('Ctrl Pts',(-1.9671421675564,-1.1371010467991,1.07214592357315));
#4225=CARTESIAN_POINT('',(-1.28094083523575,-2.14690255175187,2.12999843855444));
#4226=CARTESIAN_POINT('Ctrl Pts',(-1.28094083523575,-2.14690255175187,2.12999843855444));
#4227=CARTESIAN_POINT('Ctrl Pts',(-1.33364055437925,-2.11545946236976,2.08149188508584));
#4228=CARTESIAN_POINT('Ctrl Pts',(-1.38456715843095,-2.08244302403493,2.03176840508519));
#4229=CARTESIAN_POINT('Ctrl Pts',(-1.43370732397344,-2.04804121212135,1.98105700296766));
#4230=CARTESIAN_POINT('Ctrl Pts',(-1.48552204691679,-2.01176700886271,1.9275855255768));
#4231=CARTESIAN_POINT('Ctrl Pts',(-1.53535036498265,-1.9739526699145,1.87301588029336));
#4232=CARTESIAN_POINT('Ctrl Pts',(-1.58318787982745,-1.93480537124275,1.81757655916461));
#4233=CARTESIAN_POINT('Ctrl Pts',(-1.63254782800158,-1.89441220617421,1.76037287651926));
#4234=CARTESIAN_POINT('Ctrl Pts',(-1.67978827131856,-1.85260007999124,1.70224328398896));
#4235=CARTESIAN_POINT('Ctrl Pts',(-1.72491745862515,-1.8095802941158,1.64339575679355));
#4236=CARTESIAN_POINT('Ctrl Pts',(-1.77258359228256,-1.76414214231571,1.58124010400841));
#4237=CARTESIAN_POINT('Ctrl Pts',(-1.81789464826026,-1.71735707484808,1.51828359809923));
#4238=CARTESIAN_POINT('Ctrl Pts',(-1.86087290137615,-1.66945185523496,1.4547231792612));
#4239=CARTESIAN_POINT('Ctrl Pts',(-1.89549851126904,-1.63085681411765,1.40351546122341));
#4240=CARTESIAN_POINT('Ctrl Pts',(-1.92861091943112,-1.59153405408785,1.35191433861902));
#4241=CARTESIAN_POINT('Ctrl Pts',(-1.96020185991973,-1.55154057349422,1.30000006462861));
#4242=CARTESIAN_POINT('Ctrl Pts',(-1.24202344364782,-2.04788868955537,2.13));
#4243=CARTESIAN_POINT('Ctrl Pts',(-1.25489513321967,-2.08091405365719,2.13));
#4244=CARTESIAN_POINT('Ctrl Pts',(-1.26787486304197,-2.1139313009908,2.13));
#4245=CARTESIAN_POINT('Ctrl Pts',(-1.28093849787933,-2.14690060344265,2.13));
#4246=CARTESIAN_POINT('Ctrl Pts',(-2.39201704576558,-0.764328957424248,
1.06862433396865));
#4247=CARTESIAN_POINT('Ctrl Pts',(-2.26406158180576,-1.15149599221983,1.4751627452373));
#4248=CARTESIAN_POINT('Ctrl Pts',(-2.04012555198887,-1.50600655740537,1.87296327742882));
#4249=CARTESIAN_POINT('Ctrl Pts',(-1.74624708099894,-1.78767105253337,2.21677283573757));
#4250=CARTESIAN_POINT('Ctrl Pts',(-2.29001441716358,-0.796633688665469,
1.06468493799469));
#4251=CARTESIAN_POINT('Ctrl Pts',(-2.15973260665651,-1.17554574200327,1.46376497373322));
#4252=CARTESIAN_POINT('Ctrl Pts',(-1.93515817153207,-1.52152692105032,1.85343674863617));
#4253=CARTESIAN_POINT('Ctrl Pts',(-1.64335550579848,-1.79402405216851,2.18784855715838));
#4254=CARTESIAN_POINT('Ctrl Pts',(-2.18801178856159,-0.82893841990669,1.06074554202073));
#4255=CARTESIAN_POINT('Ctrl Pts',(-2.05540363150726,-1.19959549178671,1.45236720222914));
#4256=CARTESIAN_POINT('Ctrl Pts',(-1.83019079107527,-1.53704728469526,1.83391021984353));
#4257=CARTESIAN_POINT('Ctrl Pts',(-1.54046393059801,-1.80037705180365,2.15892427857919));
#4258=CARTESIAN_POINT('Ctrl Pts',(-2.08600915995959,-0.861243151147911,
1.05680614604678));
#4259=CARTESIAN_POINT('Ctrl Pts',(-1.951074656358,-1.22364524157014,1.44096943072506));
#4260=CARTESIAN_POINT('Ctrl Pts',(-1.72522341061847,-1.55256764834021,1.81438369105088));
#4261=CARTESIAN_POINT('Ctrl Pts',(-1.43757235539754,-1.8067300514388,2.13));
#4262=CARTESIAN_POINT('',(-2.29746378647747,-0.985728233249198,1.3000089073127));
#4263=CARTESIAN_POINT('Ctrl Pts',(-2.08600916023365,-0.861243151311706,
1.0568061463626));
#4264=CARTESIAN_POINT('Ctrl Pts',(-2.12110283443328,-0.882218335883356,
1.09724845907679));
#4265=CARTESIAN_POINT('Ctrl Pts',(-2.1563850242929,-0.903123385233373,1.13786205489487));
#4266=CARTESIAN_POINT('Ctrl Pts',(-2.22680199805539,-0.944544149268972,
1.21883888072495));
#4267=CARTESIAN_POINT('Ctrl Pts',(-2.2621757773995,-0.965200323952657,1.25947693935654));
#4268=CARTESIAN_POINT('Ctrl Pts',(-2.29748450370983,-0.985690526163608,
1.30000417162762));
#4269=CARTESIAN_POINT('',(-1.81805646600286,-1.71600427925609,2.12998697176566));
#4270=CARTESIAN_POINT('Ctrl Pts',(-1.81802193991509,-1.71599214983955,2.13));
#4271=CARTESIAN_POINT('Ctrl Pts',(-1.75360306811577,-1.73189978005646,2.13));
#4272=CARTESIAN_POINT('Ctrl Pts',(-1.68896155661579,-1.74760700411344,2.13));
#4273=CARTESIAN_POINT('Ctrl Pts',(-1.62435641466621,-1.76301653420941,2.13));
#4274=CARTESIAN_POINT('Ctrl Pts',(-1.56219154962046,-1.77784401279589,2.13));
#4275=CARTESIAN_POINT('Ctrl Pts',(-1.49986421157029,-1.79244282124327,2.13));
#4276=CARTESIAN_POINT('Ctrl Pts',(-1.43757235539754,-1.8067300514388,2.13));
#4277=CARTESIAN_POINT('Ctrl Pts',(-2.29746378647747,-0.985728233249198,
1.3000089073127));
#4278=CARTESIAN_POINT('Ctrl Pts',(-2.26759930392427,-1.05533420054682,1.37523183389039));
#4279=CARTESIAN_POINT('Ctrl Pts',(-2.23441128125236,-1.12395829562204,1.4503122165582));
#4280=CARTESIAN_POINT('Ctrl Pts',(-2.1978819999661,-1.19134995455786,1.52500159044879));
#4281=CARTESIAN_POINT('Ctrl Pts',(-2.16253091573062,-1.25656799684945,1.59728197087046));
#4282=CARTESIAN_POINT('Ctrl Pts',(-2.12405013995106,-1.320631318196,1.66919620076865));
#4283=CARTESIAN_POINT('Ctrl Pts',(-2.08243736490266,-1.38327676957913,1.74049874631697));
#4284=CARTESIAN_POINT('Ctrl Pts',(-2.04286513578379,-1.4428503056508,1.8083048627299));
#4285=CARTESIAN_POINT('Ctrl Pts',(-2.00046055312665,-1.50114092324962,1.87555787493913));
#4286=CARTESIAN_POINT('Ctrl Pts',(-1.95523749713285,-1.55789804859165,1.94202727465814));
#4287=CARTESIAN_POINT('Ctrl Pts',(-1.91207390162424,-1.61207045128886,2.00546965421702));
#4288=CARTESIAN_POINT('Ctrl Pts',(-1.86634354636372,-1.66484552648624,2.06819869116447));
#4289=CARTESIAN_POINT('Ctrl Pts',(-1.81805646600286,-1.71600427925609,2.12998697176566));
#4290=CARTESIAN_POINT('Ctrl Pts',(2.18210668368033,0.633291022394454,1.07214592356825));
#4291=CARTESIAN_POINT('Ctrl Pts',(2.11165001695331,1.01711979287459,1.45597469404838));
#4292=CARTESIAN_POINT('Ctrl Pts',(1.94321040485488,1.38647237531322,1.82532727648702));
#4293=CARTESIAN_POINT('Ctrl Pts',(1.6960243323569,1.69114510887339,2.13000001004718));
#4294=CARTESIAN_POINT('Ctrl Pts',(2.23256597007742,0.694488410054981,1.07460681509186));
#4295=CARTESIAN_POINT('Ctrl Pts',(2.15685323175562,1.08248345121229,1.46260185624917));
#4296=CARTESIAN_POINT('Ctrl Pts',(1.98206147658356,1.45552186805443,1.83564027309131));
#4297=CARTESIAN_POINT('Ctrl Pts',(1.72658981899512,1.7631635554444,2.14328196048128));
#4298=CARTESIAN_POINT('Ctrl Pts',(2.28302525647449,0.75568579771551,1.07706770661548));
#4299=CARTESIAN_POINT('Ctrl Pts',(2.20205644655793,1.14784710954998,1.46922901844995));
#4300=CARTESIAN_POINT('Ctrl Pts',(2.02091254831224,1.52457136079563,1.8459532696956));
#4301=CARTESIAN_POINT('Ctrl Pts',(1.75715530563333,1.83518200201541,2.15656391091538));
#4302=CARTESIAN_POINT('Ctrl Pts',(2.33348454287158,0.816883185376037,1.07952859813909));
#4303=CARTESIAN_POINT('Ctrl Pts',(2.24725966136024,1.21321076788769,1.47585618065074));
#4304=CARTESIAN_POINT('Ctrl Pts',(2.05976362004092,1.59362085353684,1.85626626629989));
#4305=CARTESIAN_POINT('Ctrl Pts',(1.78772079227154,1.90720044858642,2.16984586134948));
#4306=CARTESIAN_POINT('',(2.27454005432577,1.03724287456147,1.29992858369267));
#4307=CARTESIAN_POINT('Ctrl Pts',(2.27454148232554,1.03708570602665,1.29981713660509));
#4308=CARTESIAN_POINT('Ctrl Pts',(2.27424258644169,1.03536387021694,1.29883084750539));
#4309=CARTESIAN_POINT('Ctrl Pts',(2.27394251360871,1.0336421164635,1.29784477042748));
#4310=CARTESIAN_POINT('Ctrl Pts',(2.26211940224047,0.966071998311896,1.25915275619656));
#4311=CARTESIAN_POINT('Ctrl Pts',(2.24886935504571,0.900311258360054,1.2217389803484));
#4312=CARTESIAN_POINT('Ctrl Pts',(2.21848226900394,0.76741600387662,1.14675579429167));
#4313=CARTESIAN_POINT('Ctrl Pts',(2.20123131253715,0.700215045574082,1.10916571294497));
#4314=CARTESIAN_POINT('Ctrl Pts',(2.18210668367943,0.633291022399356,1.07214592357315));
#4315=CARTESIAN_POINT('',(1.75750643291219,1.77796825853708,2.12999843855444));
#4316=CARTESIAN_POINT('Ctrl Pts',(1.75750643291219,1.77796825853708,2.12999843855444));
#4317=CARTESIAN_POINT('Ctrl Pts',(1.80114997017259,1.73482697989226,2.08149188508574));
#4318=CARTESIAN_POINT('Ctrl Pts',(1.84269538879344,1.69058240517187,2.031768405085));
#4319=CARTESIAN_POINT('Ctrl Pts',(1.88217473796316,1.64542023602966,1.98105700296738));
#4320=CARTESIAN_POINT('Ctrl Pts',(1.92380283417783,1.597800020351,1.92758552557654));
#4321=CARTESIAN_POINT('Ctrl Pts',(1.96313366823497,1.54915980032962,1.87301588029312));
#4322=CARTESIAN_POINT('Ctrl Pts',(2.0002125500528,1.49970178436702,1.81757655916439));
#4323=CARTESIAN_POINT('Ctrl Pts',(2.03847147071001,1.44866976247724,1.760372876519));
#4324=CARTESIAN_POINT('Ctrl Pts',(2.07433289584748,1.39676724261702,1.70224328398864));
#4325=CARTESIAN_POINT('Ctrl Pts',(2.10785540235563,1.34419741209477,1.6433957567932));
#4326=CARTESIAN_POINT('Ctrl Pts',(2.14326238331663,1.28867235796518,1.58124010400797));
#4327=CARTESIAN_POINT('Ctrl Pts',(2.1760603828574,1.23240313406879,1.51828359809869));
#4328=CARTESIAN_POINT('Ctrl Pts',(2.206325296593,1.17560458387901,1.45472317926056));
#4329=CARTESIAN_POINT('Ctrl Pts',(2.23070835128859,1.12984459368025,1.40351546122298));
#4330=CARTESIAN_POINT('Ctrl Pts',(2.25344802061058,1.08374016363542,1.3519143386188));
#4331=CARTESIAN_POINT('Ctrl Pts',(2.27454991940726,1.03734861399434,1.30000006462861));
#4332=CARTESIAN_POINT('Ctrl Pts',(1.6960243417541,1.69114510059613,2.13));
#4333=CARTESIAN_POINT('Ctrl Pts',(1.71642549038028,1.72013041071457,2.13));
#4334=CARTESIAN_POINT('Ctrl Pts',(1.73692959733394,1.749081984199,2.13));
#4335=CARTESIAN_POINT('Ctrl Pts',(1.75750369721419,1.7779669262082,2.13));
#4336=CARTESIAN_POINT('Origin',(0.,0.,0.));
#4337=CARTESIAN_POINT('Origin',(0.,0.,2.13));
#4338=CARTESIAN_POINT('Origin',(0.,0.,1.3));
#4339=CARTESIAN_POINT('Origin',(0.,0.,0.));
#4340=CARTESIAN_POINT('Origin',(0.,0.,1.3));
#4341=CARTESIAN_POINT('Origin',(0.,0.,2.13));
#4342=CARTESIAN_POINT('Origin',(0.,0.,0.));
#4343=CARTESIAN_POINT('Origin',(0.,0.,2.13));
#4344=CARTESIAN_POINT('Origin',(0.,0.,1.3));
#4345=CARTESIAN_POINT('Origin',(0.,0.,0.));
#4346=CARTESIAN_POINT('Origin',(0.,0.,1.3));
#4347=CARTESIAN_POINT('Origin',(0.,0.,2.13));
#4348=CARTESIAN_POINT('Origin',(0.,0.,0.));
#4349=CARTESIAN_POINT('Origin',(0.,0.,2.13));
#4350=CARTESIAN_POINT('Origin',(0.,0.,1.3));
#4351=CARTESIAN_POINT('Origin',(0.,0.,0.));
#4352=CARTESIAN_POINT('Origin',(0.,0.,1.3));
#4353=CARTESIAN_POINT('Origin',(0.,0.,2.13));
#4354=CARTESIAN_POINT('Origin',(0.,0.,0.));
#4355=CARTESIAN_POINT('Origin',(0.,0.,2.13));
#4356=CARTESIAN_POINT('Origin',(0.,0.,1.3));
#4357=CARTESIAN_POINT('Origin',(0.,0.,0.));
#4358=CARTESIAN_POINT('Origin',(0.,0.,1.3));
#4359=CARTESIAN_POINT('Origin',(0.,0.,2.13));
#4360=CARTESIAN_POINT('Origin',(0.,0.,0.));
#4361=CARTESIAN_POINT('Origin',(0.,0.,2.13));
#4362=CARTESIAN_POINT('Origin',(0.,0.,1.3));
#4363=CARTESIAN_POINT('Origin',(0.,0.,0.));
#4364=CARTESIAN_POINT('Origin',(0.,0.,1.3));
#4365=CARTESIAN_POINT('Origin',(0.,0.,2.13));
#4366=CARTESIAN_POINT('Origin',(0.,0.,0.));
#4367=CARTESIAN_POINT('Origin',(0.,0.,2.13));
#4368=CARTESIAN_POINT('Origin',(0.,0.,1.3));
#4369=CARTESIAN_POINT('Origin',(0.,0.,0.));
#4370=CARTESIAN_POINT('Origin',(0.,0.,1.3));
#4371=CARTESIAN_POINT('Origin',(0.,0.,2.13));
#4372=CARTESIAN_POINT('Origin',(0.,0.,1.125));
#4373=CARTESIAN_POINT('',(-2.15,-2.63299061816681E-16,0.95));
#4374=CARTESIAN_POINT('',(-2.325,-2.8473038080176E-16,1.125));
#4375=CARTESIAN_POINT('Origin',(0.,0.,0.95));
#4376=CARTESIAN_POINT('Origin',(0.,0.,1.3));
#4377=CARTESIAN_POINT('Origin',(0.,0.,0.95));
#4378=CARTESIAN_POINT('',(-2.1,2.57175827820944E-16,0.95));
#4379=CARTESIAN_POINT('Origin',(0.,0.,0.95));
#4380=CARTESIAN_POINT('Origin',(0.,0.,0.));
#4381=CARTESIAN_POINT('Origin',(0.,0.,2.13));
#4382=CARTESIAN_POINT('Ctrl Pts',(-2.14980074471849,-0.663970429874704,
3.85000019145822));
#4383=CARTESIAN_POINT('Ctrl Pts',(-2.02385476508917,-1.12067078569319,3.37642987218136));
#4384=CARTESIAN_POINT('Ctrl Pts',(-1.75585780459317,-1.53928862781579,2.90584043311572));
#4385=CARTESIAN_POINT('Ctrl Pts',(-1.39632784724654,-1.84232491474536,2.52556867936461));
#4386=CARTESIAN_POINT('Ctrl Pts',(-2.12194352910823,-0.754166394493383,
3.85000019123794));
#4387=CARTESIAN_POINT('Ctrl Pts',(-1.98699789983869,-1.20808736478711,3.37697473646181));
#4388=CARTESIAN_POINT('Ctrl Pts',(-1.71036520405163,-1.62272745718843,2.90818079421204));
#4389=CARTESIAN_POINT('Ctrl Pts',(-1.34240755191999,-1.91954871400456,2.53192659371871));
#4390=CARTESIAN_POINT('Ctrl Pts',(-2.08840262267675,-0.842606526134974,
3.85000019077804));
#4391=CARTESIAN_POINT('Ctrl Pts',(-1.94463259246858,-1.29318084367775,3.37811232373365));
#4392=CARTESIAN_POINT('Ctrl Pts',(-1.6596919121693,-1.70331365811047,2.91170645531389));
#4393=CARTESIAN_POINT('Ctrl Pts',(-1.28391155346978,-1.99342831622275,2.54009187573603));
#4394=CARTESIAN_POINT('Ctrl Pts',(-2.04944307944486,-0.928591934699852,
3.85000019008213));
#4395=CARTESIAN_POINT('Ctrl Pts',(-1.89709364035529,-1.37527878242846,3.37983364310864));
#4396=CARTESIAN_POINT('Ctrl Pts',(-1.60423836181358,-1.78041039837662,2.91638956009885));
#4397=CARTESIAN_POINT('Ctrl Pts',(-1.2213021112571,-2.06337989457722,2.55));
#4398=CARTESIAN_POINT('',(-1.41918788422231,-1.82279478817377,2.55000238316266));
#4399=CARTESIAN_POINT('Origin',(-0.49842676003459,-0.42045595850511,3.69123923500312));
#4400=CARTESIAN_POINT('',(-1.22130211126033,-2.063379894574,2.55000000000033));
#4401=CARTESIAN_POINT('Origin',(0.116173411037724,-1.01420990100952,2.55));
#4402=CARTESIAN_POINT('Ctrl Pts',(-1.22130211126033,-2.063379894574,2.55000000000065));
#4403=CARTESIAN_POINT('Ctrl Pts',(-1.41898972181727,-1.91729927806601,2.73914552112549));
#4404=CARTESIAN_POINT('Ctrl Pts',(-1.58565675023167,-1.74400151733028,2.94729359467899));
#4405=CARTESIAN_POINT('Ctrl Pts',(-1.86291086324793,-1.36407359336406,3.38253275555686));
#4406=CARTESIAN_POINT('Ctrl Pts',(-1.97392638747868,-1.15000596849204,3.61694771840236));
#4407=CARTESIAN_POINT('Ctrl Pts',(-2.04944301785335,-0.928592115286429,
3.85));
#4408=CARTESIAN_POINT('Ctrl Pts',(-2.04944301785377,-0.92859211528387,3.85000000000215));
#4409=CARTESIAN_POINT('Ctrl Pts',(-1.89709356142597,-1.37527889161661,3.37983351820059));
#4410=CARTESIAN_POINT('Ctrl Pts',(-1.60423831021071,-1.78041043650635,2.91638951072404));
#4411=CARTESIAN_POINT('Ctrl Pts',(-1.22130211125946,-2.063379894574,2.55));
#4412=CARTESIAN_POINT('Ctrl Pts',(-2.09786684406278,-1.01811978505238,3.85000000000219));
#4413=CARTESIAN_POINT('Ctrl Pts',(-1.93658447841743,-1.46963820331894,3.37300448989683));
#4414=CARTESIAN_POINT('Ctrl Pts',(-1.63320385370012,-1.87824169477843,2.90367053755633));
#4415=CARTESIAN_POINT('Ctrl Pts',(-1.23651704590037,-2.16252517306521,2.53271445356165));
#4416=CARTESIAN_POINT('Ctrl Pts',(-2.14629067027178,-1.10764745482089,3.85000000000222));
#4417=CARTESIAN_POINT('Ctrl Pts',(-1.9760753954089,-1.56399751502128,3.36617546159306));
#4418=CARTESIAN_POINT('Ctrl Pts',(-1.66216939718954,-1.97607295305051,2.89095156438861));
#4419=CARTESIAN_POINT('Ctrl Pts',(-1.25173198054129,-2.26167045155642,2.5154289071233));
#4420=CARTESIAN_POINT('Ctrl Pts',(-2.19471449648079,-1.1971751245894,3.85000000000225));
#4421=CARTESIAN_POINT('Ctrl Pts',(-2.01556631240036,-1.65835682672361,3.3593464332893));
#4422=CARTESIAN_POINT('Ctrl Pts',(-1.69113494067896,-2.07390421132258,2.8782325912209));
#4423=CARTESIAN_POINT('Ctrl Pts',(-1.2669469151822,-2.36081573004763,2.49814336068495));
#4424=CARTESIAN_POINT('',(-1.25902894292624,-2.15982390759586,2.55000018034122));
#4425=CARTESIAN_POINT('Ctrl Pts',(-1.25902782963708,-2.15982140397221,2.55));
#4426=CARTESIAN_POINT('Ctrl Pts',(-1.24636316514198,-2.12770719132832,2.55));
#4427=CARTESIAN_POINT('Ctrl Pts',(-1.23378026894932,-2.09554730901643,2.55));
#4428=CARTESIAN_POINT('Ctrl Pts',(-1.22130211125946,-2.063379894574,2.55));
#4429=CARTESIAN_POINT('Ctrl Pts',(-2.19471449647996,-1.19717512459151,3.85));
#4430=CARTESIAN_POINT('Ctrl Pts',(-2.09326690177759,-1.38315335129606,3.61870461900152));
#4431=CARTESIAN_POINT('Ctrl Pts',(-1.96529512461404,-1.56142588805754,3.39121252330531));
#4432=CARTESIAN_POINT('Ctrl Pts',(-1.65554516491917,-1.8866918028361,2.95466926498173));
#4433=CARTESIAN_POINT('Ctrl Pts',(-1.4714852104311,-2.03597810973523,2.74246682593778));
#4434=CARTESIAN_POINT('Ctrl Pts',(-1.25902938179678,-2.15982522806185,2.55000054557561));
#4435=CARTESIAN_POINT('Ctrl Pts',(-2.24622994274107,0.130196176327795,3.85000000000215));
#4436=CARTESIAN_POINT('Ctrl Pts',(-2.31891689414944,-0.336125644005909,
3.37983351820059));
#4437=CARTESIAN_POINT('Ctrl Pts',(-2.24788046395286,-0.830948432905157,
2.91638951072404));
#4438=CARTESIAN_POINT('Ctrl Pts',(-2.04030976329544,-1.25946476969399,2.55));
#4439=CARTESIAN_POINT('Ctrl Pts',(-2.33071269412353,0.0734270357869229,
3.85000000000219));
#4440=CARTESIAN_POINT('Ctrl Pts',(-2.39773532320428,-0.40132432091804,3.37300448989683));
#4441=CARTESIAN_POINT('Ctrl Pts',(-2.31899263164111,-0.90411275078903,2.90367053755633));
#4442=CARTESIAN_POINT('Ctrl Pts',(-2.09985702716676,-1.34018282126033,2.53271445356165));
#4443=CARTESIAN_POINT('Ctrl Pts',(-2.41519544550598,0.0166578952460507,
3.85000000000222));
#4444=CARTESIAN_POINT('Ctrl Pts',(-2.47655375225912,-0.46652299783017,3.36617546159306));
#4445=CARTESIAN_POINT('Ctrl Pts',(-2.39010479932937,-0.977277068672901,
2.89095156438861));
#4446=CARTESIAN_POINT('Ctrl Pts',(-2.15940429103807,-1.42090087282667,2.5154289071233));
#4447=CARTESIAN_POINT('Ctrl Pts',(-2.49967819688844,-0.0401112452948214,
3.85000000000225));
#4448=CARTESIAN_POINT('Ctrl Pts',(-2.55537218131396,-0.531721674742301,
3.3593464332893));
#4449=CARTESIAN_POINT('Ctrl Pts',(-2.46121696701763,-1.05044138655677,2.8782325912209));
#4450=CARTESIAN_POINT('Ctrl Pts',(-2.21895155490939,-1.50161892439302,2.49814336068495));
#4451=CARTESIAN_POINT('',(-2.11853498137974,-1.32732916927903,2.55000018034122));
#4452=CARTESIAN_POINT('',(-2.04030976329621,-1.25946476969358,2.55000000000033));
#4453=CARTESIAN_POINT('Ctrl Pts',(-2.11853283211923,-1.32732746980165,2.55));
#4454=CARTESIAN_POINT('Ctrl Pts',(-2.09239460986166,-1.30477730976408,2.55));
#4455=CARTESIAN_POINT('Ctrl Pts',(-2.06630756608714,-1.28214871161885,2.55));
#4456=CARTESIAN_POINT('Ctrl Pts',(-2.04030976329544,-1.25946476969399,2.55));
#4457=CARTESIAN_POINT('Ctrl Pts',(-2.4996781968887,-0.040111245297075,3.85));
#4458=CARTESIAN_POINT('Ctrl Pts',(-2.49627920431667,-0.251931834779179,
3.61870461900156));
#4459=CARTESIAN_POINT('Ctrl Pts',(-2.46581320188574,-0.469255776878659,
3.39121252330533));
#4460=CARTESIAN_POINT('Ctrl Pts',(-2.34270184130168,-0.901212424868801,
2.95466926498171));
#4461=CARTESIAN_POINT('Ctrl Pts',(-2.24910165160362,-1.11893581075607,2.74246682593777));
#4462=CARTESIAN_POINT('Ctrl Pts',(-2.11853598363145,-1.32733013454028,2.55000054557561));
#4463=CARTESIAN_POINT('Ctrl Pts',(-2.04030976329621,-1.25946476969357,2.55000000000066));
#4464=CARTESIAN_POINT('Ctrl Pts',(-2.14746640176633,-1.03824679415835,2.73914552109584));
#4465=CARTESIAN_POINT('Ctrl Pts',(-2.21450724127194,-0.807345217600902,
2.94729359461345));
#4466=CARTESIAN_POINT('Ctrl Pts',(-2.28344225632742,-0.342089337147337,
3.38253275548677));
#4467=CARTESIAN_POINT('Ctrl Pts',(-2.28225943554111,-0.100950382202767,
3.61694771836776));
#4468=CARTESIAN_POINT('Ctrl Pts',(-2.24622994274189,0.130196176325332,3.85));
#4469=CARTESIAN_POINT('Ctrl Pts',(-2.21211646767969,0.411145603357947,3.85000019145756));
#4470=CARTESIAN_POINT('Ctrl Pts',(-2.31283607913934,-0.0517724937788257,
3.37642987218092));
#4471=CARTESIAN_POINT('Ctrl Pts',(-2.2700779670766,-0.546984582111747,2.90584043311556));
#4472=CARTESIAN_POINT('Ctrl Pts',(-2.09255798444742,-0.982391790587783,
2.52556867936467));
#4473=CARTESIAN_POINT('Ctrl Pts',(-2.22936628304271,0.318335149394327,3.85000019123728));
#4474=CARTESIAN_POINT('Ctrl Pts',(-2.32082545564228,-0.146304269810014,
3.37697473646137));
#4475=CARTESIAN_POINT('Ctrl Pts',(-2.26857222726208,-0.64200746198108,2.90818079421187));
#4476=CARTESIAN_POINT('Ctrl Pts',(-2.08070162299454,-1.07582807964706,2.53192659371877));
#4477=CARTESIAN_POINT('Ctrl Pts',(-2.24076746384945,0.224438065492962,3.85000019077737));
#4478=CARTESIAN_POINT('Ctrl Pts',(-2.32285775038302,-0.241338943462843,
3.37811232373321));
#4479=CARTESIAN_POINT('Ctrl Pts',(-2.26115353054065,-0.736912052113144,
2.91170645531373));
#4480=CARTESIAN_POINT('Ctrl Pts',(-2.06323955178242,-1.16842966455535,2.54009187573606));
#4481=CARTESIAN_POINT('Ctrl Pts',(-2.2462299133558,0.13019636484915,3.85000019008146));
#4482=CARTESIAN_POINT('Ctrl Pts',(-2.31891691329555,-0.336125510644788,
3.3798336431082));
#4483=CARTESIAN_POINT('Ctrl Pts',(-2.24788049192506,-0.830948375162112,
2.91638956009868));
#4484=CARTESIAN_POINT('Ctrl Pts',(-2.04030976329484,-1.25946476969793,2.55));
#4485=CARTESIAN_POINT('',(-2.10372335670055,-0.954475344685956,2.55));
#4486=CARTESIAN_POINT('Origin',(-0.368460400353369,-0.952026744659661,2.55));
#4487=CARTESIAN_POINT('Origin',(-0.636730604760742,-0.140664797025314,3.69123923500318));
#4488=CARTESIAN_POINT('Ctrl Pts',(-1.91368826711845,-1.62972265012316,3.85000000000214));
#4489=CARTESIAN_POINT('Ctrl Pts',(-1.59265486703953,-1.99933159288382,3.36045921208122));
#4490=CARTESIAN_POINT('Ctrl Pts',(-1.16157804367299,-2.27103902579757,2.87122646917048));
#4491=CARTESIAN_POINT('Ctrl Pts',(-0.690838793346166,-2.40161191094235,
2.4613333982049));
#4492=CARTESIAN_POINT('Ctrl Pts',(-1.80745591810316,-1.61547483606431,3.8500000000021));
#4493=CARTESIAN_POINT('Ctrl Pts',(-1.48781384378276,-1.97470999075041,3.3691467235897));
#4494=CARTESIAN_POINT('Ctrl Pts',(-1.06033940349614,-2.23689829763082,2.88942797067207));
#4495=CARTESIAN_POINT('Ctrl Pts',(-0.597071513025939,-2.35892139984069,
2.4908889321366));
#4496=CARTESIAN_POINT('Ctrl Pts',(-1.70122356908788,-1.60122702200546,3.85000000000206));
#4497=CARTESIAN_POINT('Ctrl Pts',(-1.38297282052598,-1.95008838861699,3.37783423509819));
#4498=CARTESIAN_POINT('Ctrl Pts',(-0.959100763319288,-2.20275756946408,
2.90762947217366));
#4499=CARTESIAN_POINT('Ctrl Pts',(-0.503304232705712,-2.31623088873903,
2.5204444660683));
#4500=CARTESIAN_POINT('Ctrl Pts',(-1.59499122007259,-1.58697920794661,3.85000000000202));
#4501=CARTESIAN_POINT('Ctrl Pts',(-1.27813179726921,-1.92546678648358,3.38652174660667));
#4502=CARTESIAN_POINT('Ctrl Pts',(-0.857862123142436,-2.16861684129733,
2.92583097367525));
#4503=CARTESIAN_POINT('Ctrl Pts',(-0.409536952385484,-2.27354037763737,
2.55));
#4504=CARTESIAN_POINT('',(-0.790721208370315,-2.37165764195286,2.55001483027748));
#4505=CARTESIAN_POINT('Ctrl Pts',(-0.790721208370315,-2.37165764195286,
2.55001483027748));
#4506=CARTESIAN_POINT('Ctrl Pts',(-0.867729932702406,-2.34598259067995,
2.62092167872836));
#4507=CARTESIAN_POINT('Ctrl Pts',(-0.943212205767055,-2.31664910543452,
2.69351258940988));
#4508=CARTESIAN_POINT('Ctrl Pts',(-1.01693317506657,-2.28382287348407,2.76752358865223));
#4509=CARTESIAN_POINT('Ctrl Pts',(-1.05054893796521,-2.2688545565915,2.80127160127418));
#4510=CARTESIAN_POINT('Ctrl Pts',(-1.08379827960901,-2.25316004531802,2.83531521843173));
#4511=CARTESIAN_POINT('Ctrl Pts',(-1.11665834706842,-2.23675526956402,2.86963082700881));
#4512=CARTESIAN_POINT('Ctrl Pts',(-1.19331595338461,-2.19848538947296,2.94968399233028));
#4513=CARTESIAN_POINT('Ctrl Pts',(-1.2678552128735,-2.15635016850819,3.03122035296722));
#4514=CARTESIAN_POINT('Ctrl Pts',(-1.33999951587853,-2.11054526069575,3.11391282208781));
#4515=CARTESIAN_POINT('Ctrl Pts',(-1.40789252814175,-2.06743952624007,3.19173242233661));
#4516=CARTESIAN_POINT('Ctrl Pts',(-1.47366399480184,-2.02108420944411,3.27057668910077));
#4517=CARTESIAN_POINT('Ctrl Pts',(-1.53708565334777,-1.9716408634111,3.350185853327));
#4518=CARTESIAN_POINT('Ctrl Pts',(-1.60631727091016,-1.91766808972396,3.4370878886653));
#4519=CARTESIAN_POINT('Ctrl Pts',(-1.67275142760281,-1.86001451827455,3.5248977480615));
#4520=CARTESIAN_POINT('Ctrl Pts',(-1.7361018478134,-1.79887475217673,3.61324199026343));
#4521=CARTESIAN_POINT('Ctrl Pts',(-1.76244234445786,-1.77345342429304,3.64997467818472));
#4522=CARTESIAN_POINT('Ctrl Pts',(-1.78824972692181,-1.74742924494384,3.68679988654008));
#4523=CARTESIAN_POINT('Ctrl Pts',(-1.8135034349919,-1.72081529841891,3.72369115777236));
#4524=CARTESIAN_POINT('Ctrl Pts',(-1.84227625963691,-1.69049268542489,3.76572324569987));
#4525=CARTESIAN_POINT('Ctrl Pts',(-1.87033032642034,-1.65940455120442,3.80784014275243));
#4526=CARTESIAN_POINT('Ctrl Pts',(-1.89763467294689,-1.62756955244,3.85));
#4527=CARTESIAN_POINT('',(-0.409536952385484,-2.27354037763737,2.55));
#4528=CARTESIAN_POINT('Ctrl Pts',(-0.409536952385484,-2.27354037763737,
2.55));
#4529=CARTESIAN_POINT('Ctrl Pts',(-0.471518643811453,-2.29008464657577,
2.55));
#4530=CARTESIAN_POINT('Ctrl Pts',(-0.533686353093715,-2.30635969082046,
2.55000000000021));
#4531=CARTESIAN_POINT('Ctrl Pts',(-0.658503429431936,-2.33847599661144,
2.55000000000021));
#4532=CARTESIAN_POINT('Ctrl Pts',(-0.721355562785975,-2.35436435692318,
2.54999999999992));
#4533=CARTESIAN_POINT('Ctrl Pts',(-0.78634389091037,-2.37053373754597,2.54999999999992));
#4534=CARTESIAN_POINT('Ctrl Pts',(-0.7885162557926,-2.37107393189911,2.55));
#4535=CARTESIAN_POINT('Ctrl Pts',(-0.790688686350411,-2.37161384428007,
2.55));
#4536=CARTESIAN_POINT('Origin',(-0.248952874225361,-0.600554611236226,3.6957608866843));
#4537=CARTESIAN_POINT('Ctrl Pts',(-2.42833428771584,0.649146583704228,3.85000000000214));
#4538=CARTESIAN_POINT('Ctrl Pts',(-2.5501487271898,0.174979464567395,3.36045921208122));
#4539=CARTESIAN_POINT('Ctrl Pts',(-2.52888001423382,-0.33413722008708,2.87122646917048));
#4540=CARTESIAN_POINT('Ctrl Pts',(-2.36892901901783,-0.795721881078656,
2.4613333982049));
#4541=CARTESIAN_POINT('Ctrl Pts',(-2.35626171418313,0.569812755313479,3.8500000000021));
#4542=CARTESIAN_POINT('Ctrl Pts',(-2.47032905655816,0.102683658123321,3.3691467235897));
#4543=CARTESIAN_POINT('Ctrl Pts',(-2.44327264329125,-0.398060843458381,
2.88942797067207));
#4544=CARTESIAN_POINT('Ctrl Pts',(-2.28052953080763,-0.848639865554143,
2.4908889321366));
#4545=CARTESIAN_POINT('Ctrl Pts',(-2.28418914065042,0.49047892692273,3.85000000000206));
#4546=CARTESIAN_POINT('Ctrl Pts',(-2.39050938592651,0.0303878516792475,
3.37783423509819));
#4547=CARTESIAN_POINT('Ctrl Pts',(-2.35766527234869,-0.461984466829683,
2.90762947217366));
#4548=CARTESIAN_POINT('Ctrl Pts',(-2.19213004259743,-0.901557850029629,
2.5204444660683));
#4549=CARTESIAN_POINT('Ctrl Pts',(-2.21211656711771,0.411145098531981,3.85000000000203));
#4550=CARTESIAN_POINT('Ctrl Pts',(-2.31068971529486,-0.0419079547648261,
3.38652174660667));
#4551=CARTESIAN_POINT('Ctrl Pts',(-2.27205790140612,-0.525908090200984,
2.92583097367525));
#4552=CARTESIAN_POINT('Ctrl Pts',(-2.10373055438723,-0.954475834505116,
2.55));
#4553=CARTESIAN_POINT('',(-2.40101681771843,-0.696504300800254,2.55001483027748));
#4554=CARTESIAN_POINT('Ctrl Pts',(-2.10373055438723,-0.954475834505116,
2.55));
#4555=CARTESIAN_POINT('Ctrl Pts',(-2.15255515157648,-0.912864700569802,
2.55));
#4556=CARTESIAN_POINT('Ctrl Pts',(-2.20126385352958,-0.870947549371156,
2.55000000000007));
#4557=CARTESIAN_POINT('Ctrl Pts',(-2.29859857784021,-0.786469841730185,
2.55000000000007));
#4558=CARTESIAN_POINT('Ctrl Pts',(-2.34737853782782,-0.743769164101329,
2.54999999999992));
#4559=CARTESIAN_POINT('Ctrl Pts',(-2.3976039340195,-0.699469484279755,2.54999999999992));
#4560=CARTESIAN_POINT('Ctrl Pts',(-2.39928321362874,-0.697987942328315,
2.55));
#4561=CARTESIAN_POINT('Ctrl Pts',(-2.40096229832737,-0.696506185984025,
2.55));
#4562=CARTESIAN_POINT('Ctrl Pts',(-2.40101681771843,-0.696504300800254,
2.55001483027748));
#4563=CARTESIAN_POINT('Ctrl Pts',(-2.42363260624884,-0.618542271642541,
2.62092167872899));
#4564=CARTESIAN_POINT('Ctrl Pts',(-2.44237043949272,-0.539758259881958,
2.69351258941118));
#4565=CARTESIAN_POINT('Ctrl Pts',(-2.45723326397338,-0.460439666430626,
2.76752358865422));
#4566=CARTESIAN_POINT('Ctrl Pts',(-2.46401051050824,-0.424271462781475,
2.80127160127552));
#4567=CARTESIAN_POINT('Ctrl Pts',(-2.46998195978681,-0.3879922924861,2.83531521843241));
#4568=CARTESIAN_POINT('Ctrl Pts',(-2.47514773991646,-0.351630012351663,
2.86963082700882));
#4569=CARTESIAN_POINT('Ctrl Pts',(-2.48719872976893,-0.26680226941352,2.9496839923308));
#4570=CARTESIAN_POINT('Ctrl Pts',(-2.49486524829216,-0.181522127852143,
3.03122035296826));
#4571=CARTESIAN_POINT('Ctrl Pts',(-2.4981511833984,-0.0961283771068088,
3.11391282208938));
#4572=CARTESIAN_POINT('Ctrl Pts',(-2.50124348622992,-0.0157666752815758,
3.19173242233767));
#4573=CARTESIAN_POINT('Ctrl Pts',(-2.50045625995884,0.0646950019106334,
3.27057668910131));
#4574=CARTESIAN_POINT('Ctrl Pts',(-2.49579279229707,0.144977025483391,3.350185853327));
#4575=CARTESIAN_POINT('Ctrl Pts',(-2.4907021116514,0.232613559761769,3.43708788866514));
#4576=CARTESIAN_POINT('Ctrl Pts',(-2.48099305493332,0.320038760327476,3.52489774806118));
#4577=CARTESIAN_POINT('Ctrl Pts',(-2.46666315428259,0.406906479801776,3.61324199026296));
#4578=CARTESIAN_POINT('Ctrl Pts',(-2.46070491913982,0.443025243745709,3.64997467818434));
#4579=CARTESIAN_POINT('Ctrl Pts',(-2.45394770359547,0.479047721985469,3.68679988653979));
#4580=CARTESIAN_POINT('Ctrl Pts',(-2.44639059627654,0.514949561073439,3.72369115777216));
#4581=CARTESIAN_POINT('Ctrl Pts',(-2.43778040235542,0.555854339003201,3.76572324569973));
#4582=CARTESIAN_POINT('Ctrl Pts',(-2.42813189581333,0.596602456431027,3.80784014275236));
#4583=CARTESIAN_POINT('Ctrl Pts',(-2.41744284215372,0.637157833601505,3.85));
#4584=CARTESIAN_POINT('Ctrl Pts',(-1.59499122046981,-1.58697920799988,3.85000000000202));
#4585=CARTESIAN_POINT('Ctrl Pts',(-1.27123234753667,-1.9328371786109,3.37642974721057));
#4586=CARTESIAN_POINT('Ctrl Pts',(-0.839391447227696,-2.17896039332418,
2.90584038987326));
#4587=CARTESIAN_POINT('Ctrl Pts',(-0.380215541823069,-2.2802037514988,2.52556870110659));
#4588=CARTESIAN_POINT('Ctrl Pts',(-1.52840878985084,-1.65389778622659,3.85000000000202));
#4589=CARTESIAN_POINT('Ctrl Pts',(-1.19797277747513,-1.99311239471713,3.37697461270513));
#4590=CARTESIAN_POINT('Ctrl Pts',(-0.760333874562807,-2.23170026930309,
2.90818075154544));
#4591=CARTESIAN_POINT('Ctrl Pts',(-0.296583892109519,-2.32352395821611,
2.53192661233377));
#4592=CARTESIAN_POINT('Ctrl Pts',(-1.45760968763712,-1.71662031756727,3.85000000000202));
#4593=CARTESIAN_POINT('Ctrl Pts',(-1.12091533213928,-2.04877071699416,3.37811219998927));
#4594=CARTESIAN_POINT('Ctrl Pts',(-0.678014718355604,-2.279506691714,2.91170641057303));
#4595=CARTESIAN_POINT('Ctrl Pts',(-0.21045479081986,-2.36175660149669,2.5400918870302));
#4596=CARTESIAN_POINT('Ctrl Pts',(-1.38315339603926,-1.77465114403484,3.85000000000201));
#4597=CARTESIAN_POINT('Ctrl Pts',(-1.0406689562326,-2.09937231906776,3.37983351820041));
#4598=CARTESIAN_POINT('Ctrl Pts',(-0.593084492763395,-2.32200186537784,
2.91638951072389));
#4599=CARTESIAN_POINT('Ctrl Pts',(-0.122508863816323,-2.39459955203223,
2.55));
#4600=CARTESIAN_POINT('',(-0.122508863820684,-2.39459955203088,2.55000000000033));
#4601=CARTESIAN_POINT('Origin',(0.574193288742903,-0.844049792801519,2.55));
#4602=CARTESIAN_POINT('Ctrl Pts',(-0.122508863820681,-2.39459955203088,
2.55000000000065));
#4603=CARTESIAN_POINT('Ctrl Pts',(-0.36543959726301,-2.35712160336452,2.73914552112549));
#4604=CARTESIAN_POINT('Ctrl Pts',(-0.593551406927448,-2.28112808700871,
2.947293594679));
#4605=CARTESIAN_POINT('Ctrl Pts',(-1.01560904190842,-2.073565028282,3.38253275555686));
#4606=CARTESIAN_POINT('Ctrl Pts',(-1.21339059244198,-1.93560904650843,3.61694771840236));
#4607=CARTESIAN_POINT('Ctrl Pts',(-1.3831533960404,-1.7746511440342,3.84999999999999));
#4608=CARTESIAN_POINT('Ctrl Pts',(-1.38315339604197,-1.77465114403212,3.85000000000215));
#4609=CARTESIAN_POINT('Ctrl Pts',(-1.04066895623562,-2.09937231906528,3.37983351820059));
#4610=CARTESIAN_POINT('Ctrl Pts',(-0.593084492766732,-2.32200186537567,
2.91638951072404));
#4611=CARTESIAN_POINT('Ctrl Pts',(-0.122508863819905,-2.39459955203048,
2.55));
#4612=CARTESIAN_POINT('Ctrl Pts',(-1.38442498206341,-1.87642763280968,3.85000000000219));
#4613=CARTESIAN_POINT('Ctrl Pts',(-1.03178546799811,-2.20127568439979,3.37300448989683));
#4614=CARTESIAN_POINT('Ctrl Pts',(-0.573267755116524,-2.42208810176029,
2.90367053755633));
#4615=CARTESIAN_POINT('Ctrl Pts',(-0.0899059110640265,-2.48945906897435,
2.53271445356165));
#4616=CARTESIAN_POINT('Ctrl Pts',(-1.38569656808484,-1.97820412158725,3.85000000000222));
#4617=CARTESIAN_POINT('Ctrl Pts',(-1.0229019797606,-2.3031790497343,3.36617546159306));
#4618=CARTESIAN_POINT('Ctrl Pts',(-0.553451017466314,-2.5221743381449,2.89095156438861));
#4619=CARTESIAN_POINT('Ctrl Pts',(-0.0573029583081475,-2.58431858591823,
2.5154289071233));
#4620=CARTESIAN_POINT('Ctrl Pts',(-1.38696815410628,-2.07998061036481,3.85000000000225));
#4621=CARTESIAN_POINT('Ctrl Pts',(-1.01401849152309,-2.40508241506882,3.3593464332893));
#4622=CARTESIAN_POINT('Ctrl Pts',(-0.533634279816106,-2.62226057452952,
2.8782325912209));
#4623=CARTESIAN_POINT('Ctrl Pts',(-0.0247000055522685,-2.6791781028621,
2.49814336068495));
#4624=CARTESIAN_POINT('',(-0.111094546591908,-2.49752901738221,2.55000018034122));
#4625=CARTESIAN_POINT('Ctrl Pts',(-0.111094724315239,-2.4975262831623,2.55));
#4626=CARTESIAN_POINT('Ctrl Pts',(-0.114804939592735,-2.46320499701067,
2.55));
#4627=CARTESIAN_POINT('Ctrl Pts',(-0.118608780859314,-2.42888127200114,
2.55));
#4628=CARTESIAN_POINT('Ctrl Pts',(-0.122508863819905,-2.39459955203048,
2.55));
#4629=CARTESIAN_POINT('Ctrl Pts',(-1.38696815410457,-2.0799806103663,3.85));
#4630=CARTESIAN_POINT('Ctrl Pts',(-1.21071237864212,-2.19751110383584,3.61870461900152));
#4631=CARTESIAN_POINT('Ctrl Pts',(-1.01455161866701,-2.29589214550426,3.3912125233053));
#4632=CARTESIAN_POINT('Ctrl Pts',(-0.589123042735702,-2.43995282587472,
2.95466926498168));
#4633=CARTESIAN_POINT('Ctrl Pts',(-0.356769240867939,-2.48660235997013,
2.74246682593776));
#4634=CARTESIAN_POINT('Ctrl Pts',(-0.111094321541329,-2.49753039055009,
2.55000054557561));
#4635=CARTESIAN_POINT('Ctrl Pts',(-1.92843265775173,1.15915809297678,3.85000000000215));
#4636=CARTESIAN_POINT('Ctrl Pts',(-2.20950431240133,0.780029937893413,3.37983351820059));
#4637=CARTESIAN_POINT('Ctrl Pts',(-2.37656029329968,0.308873842660426,2.91638951072404));
#4638=CARTESIAN_POINT('Ctrl Pts',(-2.39190703695859,-0.16702144427295,2.55));
#4639=CARTESIAN_POINT('Ctrl Pts',(-2.02962035409344,1.14815260761915,3.85000000000219));
#4640=CARTESIAN_POINT('Ctrl Pts',(-2.30959390128812,0.758928126922821,3.37300448989683));
#4641=CARTESIAN_POINT('Ctrl Pts',(-2.47352814456392,0.277137528666339,2.90367053755633));
#4642=CARTESIAN_POINT('Ctrl Pts',(-2.48214506952971,-0.210820736058549,
2.53271445356165));
#4643=CARTESIAN_POINT('Ctrl Pts',(-2.13080805043515,1.13714712226152,3.85000000000222));
#4644=CARTESIAN_POINT('Ctrl Pts',(-2.40968349017491,0.73782631595223,3.36617546159306));
#4645=CARTESIAN_POINT('Ctrl Pts',(-2.57049599582815,0.245401214672253,2.89095156438861));
#4646=CARTESIAN_POINT('Ctrl Pts',(-2.57238310210083,-0.254620027844147,
2.5154289071233));
#4647=CARTESIAN_POINT('Ctrl Pts',(-2.23199574677686,1.12614163690389,3.85000000000225));
#4648=CARTESIAN_POINT('Ctrl Pts',(-2.5097730790617,0.716724504981638,3.3593464332893));
#4649=CARTESIAN_POINT('Ctrl Pts',(-2.66746384709239,0.213664900678166,2.8782325912209));
#4650=CARTESIAN_POINT('Ctrl Pts',(-2.66262113467195,-0.298419319629746,
2.49814336068495));
#4651=CARTESIAN_POINT('',(-2.49271018671338,-0.190759314330907,2.55000018034122));
#4652=CARTESIAN_POINT('',(-2.39190703695908,-0.167021444272224,2.55000000000033));
#4653=CARTESIAN_POINT('Ctrl Pts',(-2.49270749385119,-0.190758808329587,
2.55));
#4654=CARTESIAN_POINT('Ctrl Pts',(-2.45908366555064,-0.182938670804005,
2.55));
#4655=CARTESIAN_POINT('Ctrl Pts',(-2.42546870154004,-0.175025295956359,
2.55));
#4656=CARTESIAN_POINT('Ctrl Pts',(-2.39190703695859,-0.16702144427295,2.55));
#4657=CARTESIAN_POINT('Ctrl Pts',(-2.23199574677813,1.12614163690201,3.85));
#4658=CARTESIAN_POINT('Ctrl Pts',(-2.3274240245724,0.937004228977802,3.61870461900151));
#4659=CARTESIAN_POINT('Ctrl Pts',(-2.40144319087589,0.730415177637928,3.3912125233053));
#4660=CARTESIAN_POINT('Ctrl Pts',(-2.49317375845972,0.290723858848867,2.95466926498171));
#4661=CARTESIAN_POINT('Ctrl Pts',(-2.51147600900694,0.0544411978289863,
2.74246682593777));
#4662=CARTESIAN_POINT('Ctrl Pts',(-2.49271152274246,-0.190759703257711,
2.55000054557561));
#4663=CARTESIAN_POINT('Ctrl Pts',(-2.39190703695908,-0.167021444272217,
2.55000000000066));
#4664=CARTESIAN_POINT('Ctrl Pts',(-2.38398440887735,0.0786555180836445,
2.73914552109585));
#4665=CARTESIAN_POINT('Ctrl Pts',(-2.33604081109476,0.314264141970795,2.94729359461347));
#4666=CARTESIAN_POINT('Ctrl Pts',(-2.18086454697772,0.758263463650451,3.38253275548679));
#4667=CARTESIAN_POINT('Ctrl Pts',(-2.06775435114007,0.971231720098056,3.61694771836777));
#4668=CARTESIAN_POINT('Ctrl Pts',(-1.92843265775361,1.15915809297498,3.85));
#4669=CARTESIAN_POINT('Ctrl Pts',(-1.76766296678932,1.39207313370446,3.85000019145756));
#4670=CARTESIAN_POINT('Ctrl Pts',(-2.07197452015559,1.02898625253534,3.37642987218092));
#4671=CARTESIAN_POINT('Ctrl Pts',(-2.26425062470858,0.570627039476248,2.90584043311557));
#4672=CARTESIAN_POINT('Ctrl Pts',(-2.30940830546942,0.102595453689715,2.52556867936467));
#4673=CARTESIAN_POINT('Ctrl Pts',(-1.82606808830872,1.31790994691145,3.85000019123726));
#4674=CARTESIAN_POINT('Ctrl Pts',(-2.12297986853746,0.948995370223919,3.37697473646137));
#4675=CARTESIAN_POINT('Ctrl Pts',(-2.30707669246636,0.485788705738152,2.90818079421187));
#4676=CARTESIAN_POINT('Ctrl Pts',(-2.34233202741426,0.0143518026242257,
2.53192659371877));
#4677=CARTESIAN_POINT('Ctrl Pts',(-1.87979948322992,1.24006660108927,3.85000019077737));
#4678=CARTESIAN_POINT('Ctrl Pts',(-2.16894419115566,0.865790800250488,3.37811232373321));
#4679=CARTESIAN_POINT('Ctrl Pts',(-2.34461212491955,0.398307224270751,2.91170645531373));
#4680=CARTESIAN_POINT('Ctrl Pts',(-2.36990423351399,-0.0757578578420156,
2.54009187573606));
#4681=CARTESIAN_POINT('Ctrl Pts',(-1.92843254412213,1.15915824624813,3.85000019008146));
#4682=CARTESIAN_POINT('Ctrl Pts',(-2.20950426737837,0.78003006487646,3.3798336431082));
#4683=CARTESIAN_POINT('Ctrl Pts',(-2.37656029123329,0.308873906788683,2.91638956009868));
#4684=CARTESIAN_POINT('Ctrl Pts',(-2.39190703695989,-0.167021444276717,
2.55));
#4685=CARTESIAN_POINT('',(-2.30632133231793,0.13250304613884,2.55));
#4686=CARTESIAN_POINT('Origin',(-0.768684369597269,-0.671745731906619,2.55));
#4687=CARTESIAN_POINT('Origin',(-0.62916714137117,0.171350974258175,3.69123923500338));
#4688=CARTESIAN_POINT('Ctrl Pts',(-0.937116927825064,-2.3323830224933,3.85000000000214));
#4689=CARTESIAN_POINT('Ctrl Pts',(-0.481090128993775,-2.51046382797937,
3.36045921208122));
#4690=CARTESIAN_POINT('Ctrl Pts',(0.0268781818671197,-2.55071742291816,
2.87122646917048));
#4691=CARTESIAN_POINT('Ctrl Pts',(0.504377332947868,-2.44757053323914,2.4613333982049));
#4692=CARTESIAN_POINT('Ctrl Pts',(-0.849674143614304,-2.27039857547446,
3.8500000000021));
#4693=CARTESIAN_POINT('Ctrl Pts',(-0.399700242259656,-2.4399404291209,3.3691467235897));
#4694=CARTESIAN_POINT('Ctrl Pts',(0.100654558351115,-2.47343936744634,2.88942797067207));
#4695=CARTESIAN_POINT('Ctrl Pts',(0.567564866581194,-2.36619413500163,2.4908889321366));
#4696=CARTESIAN_POINT('Ctrl Pts',(-0.762231359403545,-2.20841412845562,
3.85000000000206));
#4697=CARTESIAN_POINT('Ctrl Pts',(-0.318310355525536,-2.36941703026242,
3.37783423509819));
#4698=CARTESIAN_POINT('Ctrl Pts',(0.174430934835111,-2.39616131197452,2.90762947217366));
#4699=CARTESIAN_POINT('Ctrl Pts',(0.630752400214519,-2.28481773676411,2.5204444660683));
#4700=CARTESIAN_POINT('Ctrl Pts',(-0.674788575192786,-2.14642968143678,
3.85000000000202));
#4701=CARTESIAN_POINT('Ctrl Pts',(-0.236920468791417,-2.29889363140395,
3.38652174660667));
#4702=CARTESIAN_POINT('Ctrl Pts',(0.248207311319106,-2.3188832565027,2.92583097367525));
#4703=CARTESIAN_POINT('Ctrl Pts',(0.693939933847845,-2.2034413385266,2.55));
#4704=CARTESIAN_POINT('',(0.402015403806897,-2.46746501800977,2.55001483027748));
#4705=CARTESIAN_POINT('Ctrl Pts',(0.402015403806897,-2.46746501800977,2.55001483027748));
#4706=CARTESIAN_POINT('Ctrl Pts',(0.321895773549133,-2.48051862779789,2.62092167872846));
#4707=CARTESIAN_POINT('Ctrl Pts',(0.241427589723571,-2.48962347790561,2.69351258941008));
#4708=CARTESIAN_POINT('Ctrl Pts',(0.160895802601948,-2.4948171357246,2.76752358865254));
#4709=CARTESIAN_POINT('Ctrl Pts',(0.124174399080424,-2.49718537330308,2.80127160127405));
#4710=CARTESIAN_POINT('Ctrl Pts',(0.0874399661106983,-2.49874031324336,
2.83531521843117));
#4711=CARTESIAN_POINT('Ctrl Pts',(0.0507201419508047,-2.4994854404858,2.8696308270078));
#4712=CARTESIAN_POINT('Ctrl Pts',(-0.0349416975440809,-2.50122371052673,
2.94968399232964));
#4713=CARTESIAN_POINT('Ctrl Pts',(-0.120524147548179,-2.49855494634271,
3.03122035296696));
#4714=CARTESIAN_POINT('Ctrl Pts',(-0.20569135741471,-2.49152384405305,3.11391282208795));
#4715=CARTESIAN_POINT('Ctrl Pts',(-0.285839867872204,-2.48490706775765,
3.19173242233653));
#4716=CARTESIAN_POINT('Ctrl Pts',(-0.365619999204703,-2.47442699779589,
3.27057668910046));
#4717=CARTESIAN_POINT('Ctrl Pts',(-0.444754557525805,-2.4601206034583,3.35018585332645));
#4718=CARTESIAN_POINT('Ctrl Pts',(-0.531138509053462,-2.44450362269524,
3.43708788866416));
#4719=CARTESIAN_POINT('Ctrl Pts',(-0.616755984009221,-2.42432741248538,
3.52489774805977));
#4720=CARTESIAN_POINT('Ctrl Pts',(-0.701263061350796,-2.39963124641786,
3.6132419902611));
#4721=CARTESIAN_POINT('Ctrl Pts',(-0.736400292955245,-2.38936281761693,
3.64997467818262));
#4722=CARTESIAN_POINT('Ctrl Pts',(-0.771345634441513,-2.37831283984024,
3.68679988653822));
#4723=CARTESIAN_POINT('Ctrl Pts',(-0.806074800072165,-2.36648334384348,
3.72369115777074));
#4724=CARTESIAN_POINT('Ctrl Pts',(-0.845643491924901,-2.35300540179192,
3.76572324569878));
#4725=CARTESIAN_POINT('Ctrl Pts',(-0.884931510750741,-2.33851560092423,
3.80784014275188));
#4726=CARTESIAN_POINT('Ctrl Pts',(-0.923902770517511,-2.32301607196981,
3.85));
#4727=CARTESIAN_POINT('',(0.69393993384784,-2.20344133852661,2.55));
#4728=CARTESIAN_POINT('Ctrl Pts',(0.69393993384784,-2.20344133852661,2.55));
#4729=CARTESIAN_POINT('Ctrl Pts',(0.646746376834391,-2.24689488939657,2.55));
#4730=CARTESIAN_POINT('Ctrl Pts',(0.59926299423554,-2.29019650044747,2.55000000000021));
#4731=CARTESIAN_POINT('Ctrl Pts',(0.503668153388681,-2.37663946457319,2.55000000000021));
#4732=CARTESIAN_POINT('Ctrl Pts',(0.455399042387874,-2.41991675173094,2.54999999999992));
#4733=CARTESIAN_POINT('Ctrl Pts',(0.405369021504925,-2.46443560922721,2.54999999999992));
#4734=CARTESIAN_POINT('Ctrl Pts',(0.40369652876232,-2.46592347587205,2.55));
#4735=CARTESIAN_POINT('Ctrl Pts',(0.402023846831958,-2.46741112336025,2.55));
#4736=CARTESIAN_POINT('Origin',(0.0586548213327091,-0.647458868653351,3.69576088668391));
#4737=CARTESIAN_POINT('Ctrl Pts',(-1.84850976785788,1.70329396704306,3.85000000000214));
#4738=CARTESIAN_POINT('Ctrl Pts',(-2.1767275449858,1.3400498269498,3.36045921208122));
#4739=CARTESIAN_POINT('Ctrl Pts',(-2.39449335557406,0.879365327011712,2.87122646917048));
#4740=CARTESIAN_POINT('Ctrl Pts',(-2.46737287087359,0.396319473719296,2.4613333982049));
#4741=CARTESIAN_POINT('Ctrl Pts',(-1.82156094171913,1.59955355566685,3.8500000000021));
#4742=CARTESIAN_POINT('Ctrl Pts',(-2.1396482731555,1.238941018977,3.3691467235897));
#4743=CARTESIAN_POINT('Ctrl Pts',(-2.34839858215428,0.78298004054125,2.88942797067207));
#4744=CARTESIAN_POINT('Ctrl Pts',(-2.41369122497682,0.308381634931964,2.4908889321366));
#4745=CARTESIAN_POINT('Ctrl Pts',(-1.79461211558039,1.49581314429064,3.85000000000206));
#4746=CARTESIAN_POINT('Ctrl Pts',(-2.10256900132521,1.13783221100421,3.37783423509819));
#4747=CARTESIAN_POINT('Ctrl Pts',(-2.3023038087345,0.68659475407079,2.90762947217366));
#4748=CARTESIAN_POINT('Ctrl Pts',(-2.36000957908005,0.220443796144631,2.5204444660683));
#4749=CARTESIAN_POINT('Ctrl Pts',(-1.76766328944164,1.39207273291444,3.85000000000203));
#4750=CARTESIAN_POINT('Ctrl Pts',(-2.06548972949491,1.03672340303142,3.38652174660667));
#4751=CARTESIAN_POINT('Ctrl Pts',(-2.25620903531472,0.590209467600328,2.92583097367525));
#4752=CARTESIAN_POINT('Ctrl Pts',(-2.30632793318328,0.132505957357299,2.55));
#4753=CARTESIAN_POINT('',(-2.4496764969535,0.499084221623581,2.55001483027748));
#4754=CARTESIAN_POINT('Ctrl Pts',(-2.30632793318328,0.132505957357299,2.55));
#4755=CARTESIAN_POINT('Ctrl Pts',(-2.33022230880982,0.192040708314106,2.55));
#4756=CARTESIAN_POINT('Ctrl Pts',(-2.35387185098786,0.251792564898928,2.55000000000007));
#4757=CARTESIAN_POINT('Ctrl Pts',(-2.40079872087211,0.371827561994634,2.55000000000007));
#4758=CARTESIAN_POINT('Ctrl Pts',(-2.42414723601818,0.432306312038244,2.54999999999992));
#4759=CARTESIAN_POINT('Ctrl Pts',(-2.44803252798904,0.494872635904354,2.54999999999992));
#4760=CARTESIAN_POINT('Ctrl Pts',(-2.44883094936197,0.496964876297588,2.55));
#4761=CARTESIAN_POINT('Ctrl Pts',(-2.44962909851875,0.4990572159519,2.55));
#4762=CARTESIAN_POINT('Ctrl Pts',(-2.4496764969535,0.499084221623581,2.55001483027748));
#4763=CARTESIAN_POINT('Ctrl Pts',(-2.43347102169367,0.578626251096744,2.62092167872827));
#4764=CARTESIAN_POINT('Ctrl Pts',(-2.41344979319568,0.657093934336819,2.69351258940969));
#4765=CARTESIAN_POINT('Ctrl Pts',(-2.38974898233987,0.734234159792057,2.76752358865195));
#4766=CARTESIAN_POINT('Ctrl Pts',(-2.37894173379465,0.769409057157423,2.801271601273));
#4767=CARTESIAN_POINT('Ctrl Pts',(-2.36736941844159,0.804307737951369,2.83531521842965));
#4768=CARTESIAN_POINT('Ctrl Pts',(-2.35504509541789,0.838905595730606,2.86963082700581));
#4769=CARTESIAN_POINT('Ctrl Pts',(-2.32629429922247,0.919617206088173,2.94968399232761));
#4770=CARTESIAN_POINT('Ctrl Pts',(-2.29345100634606,0.998691830108825,3.03122035296491));
#4771=CARTESIAN_POINT('Ctrl Pts',(-2.25667610266686,1.07583129144504,3.11391282208588));
#4772=CARTESIAN_POINT('Ctrl Pts',(-2.22206825585894,1.14842510933938,3.19173242233478));
#4773=CARTESIAN_POINT('Ctrl Pts',(-2.18397879576069,1.2193045439542,3.27057668909906));
#4774=CARTESIAN_POINT('Ctrl Pts',(-2.14254058356601,1.28822352399443,3.3501858533254));
#4775=CARTESIAN_POINT('Ctrl Pts',(-2.09730628151709,1.36345606408078,3.43708788866316));
#4776=CARTESIAN_POINT('Ctrl Pts',(-2.04808082221949,1.43635521107977,3.52489774805881));
#4777=CARTESIAN_POINT('Ctrl Pts',(-1.99502288319929,1.50661331983731,3.61324199026019));
#4778=CARTESIAN_POINT('Ctrl Pts',(-1.97296190143878,1.53582596707636,3.6499746781829));
#4779=CARTESIAN_POINT('Ctrl Pts',(-1.95023820386511,1.56458205285182,3.68679988653968));
#4780=CARTESIAN_POINT('Ctrl Pts',(-1.92686230110904,1.59285958972057,3.72369115777339));
#4781=CARTESIAN_POINT('Ctrl Pts',(-1.90022895486852,1.62507761518523,3.76572324570055));
#4782=CARTESIAN_POINT('Ctrl Pts',(-1.87274903222666,1.65667439672968,3.80784014275277));
#4783=CARTESIAN_POINT('Ctrl Pts',(-1.8444373217334,1.68761694889478,3.85));
#4784=CARTESIAN_POINT('Ctrl Pts',(-0.67478857551975,-2.14642968166855,3.85000000000202));
#4785=CARTESIAN_POINT('Ctrl Pts',(-0.227386117443434,-2.30221345535946,
3.37642974721056));
#4786=CARTESIAN_POINT('Ctrl Pts',(0.26936917091382,-2.31945826587065,2.90584038987326));
#4787=CARTESIAN_POINT('Ctrl Pts',(0.722999377748387,-2.19571512413802,2.52556870110659));
#4788=CARTESIAN_POINT('Ctrl Pts',(-0.584734147183373,-2.1747407416279,3.85000000000202));
#4789=CARTESIAN_POINT('Ctrl Pts',(-0.134506700071171,-2.32153908887671,
3.37697461270513));
#4790=CARTESIAN_POINT('Ctrl Pts',(0.363880617461574,-2.32941722090547,2.90818075154543));
#4791=CARTESIAN_POINT('Ctrl Pts',(0.81718342980183,-2.19520769667028,2.53192661233377));
#4792=CARTESIAN_POINT('Ctrl Pts',(-0.492896041794134,-2.19737680158912,
3.85000000000202));
#4793=CARTESIAN_POINT('Ctrl Pts',(-0.040410008697879,-2.33501170528859,
3.37811219998927));
#4794=CARTESIAN_POINT('Ctrl Pts',(0.458987362618792,-2.33349208630155,2.91170641057303));
#4795=CARTESIAN_POINT('Ctrl Pts',(0.911214556783825,-2.18903483188311,2.5400918870302));
#4796=CARTESIAN_POINT('Ctrl Pts',(-0.399999999998693,-2.21415898254849,
3.85000000000201));
#4797=CARTESIAN_POINT('Ctrl Pts',(0.0541603654116646,-2.34252484839599,
3.37983351820041));
#4798=CARTESIAN_POINT('Ctrl Pts',(0.553937834531112,-2.33165065004378,2.91638951072389));
#4799=CARTESIAN_POINT('Ctrl Pts',(1.00434968793292,-2.17724531016962,2.55));
#4800=CARTESIAN_POINT('',(1.00434968792843,-2.17724531017045,2.55000000000033));
#4801=CARTESIAN_POINT('Origin',(0.900672404474395,-0.480528048218488,2.55));
#4802=CARTESIAN_POINT('Ctrl Pts',(1.00434968792843,-2.17724531017045,2.55000000000065));
#4803=CARTESIAN_POINT('Ctrl Pts',(0.771828334999642,-2.25695577572693,2.73914552112549));
#4804=CARTESIAN_POINT('Ctrl Pts',(0.534529410633974,-2.29567570252701,2.947293594679));
#4805=CARTESIAN_POINT('Ctrl Pts',(0.0643565715165506,-2.30802770438808,
3.38253275555686));
#4806=CARTESIAN_POINT('Ctrl Pts',(-0.174881635618657,-2.27778741858746,
3.61694771840236));
#4807=CARTESIAN_POINT('Ctrl Pts',(-0.400000000000007,-2.21415898254845,
3.85));
#4808=CARTESIAN_POINT('Ctrl Pts',(-0.400000000002351,-2.21415898254734,
3.85000000000215));
#4809=CARTESIAN_POINT('Ctrl Pts',(0.0541603654078311,-2.3425248483952,3.37983351820059));
#4810=CARTESIAN_POINT('Ctrl Pts',(0.553937834527147,-2.3316506500434,2.91638951072404));
#4811=CARTESIAN_POINT('Ctrl Pts',(1.00434968792893,-2.17724531016973,2.55));
#4812=CARTESIAN_POINT('Ctrl Pts',(-0.353828040802984,-2.30486852329467,
3.85000000000219));
#4813=CARTESIAN_POINT('Ctrl Pts',(0.109383158776744,-2.42862743443244,3.37300448989683));
#4814=CARTESIAN_POINT('Ctrl Pts',(0.617997077538896,-2.41106331395475,2.90367053755633));
#4815=CARTESIAN_POINT('Ctrl Pts',(1.0773015845134,-2.24608789341553,2.53271445356165));
#4816=CARTESIAN_POINT('Ctrl Pts',(-0.307656081603618,-2.39557806404199,
3.85000000000222));
#4817=CARTESIAN_POINT('Ctrl Pts',(0.16460595214566,-2.51473002046967,3.36617546159306));
#4818=CARTESIAN_POINT('Ctrl Pts',(0.682056320550644,-2.4904759778661,2.89095156438861));
#4819=CARTESIAN_POINT('Ctrl Pts',(1.15025348109788,-2.31493047666133,2.5154289071233));
#4820=CARTESIAN_POINT('Ctrl Pts',(-0.261484122404252,-2.48628760478932,
3.85000000000225));
#4821=CARTESIAN_POINT('Ctrl Pts',(0.219828745514573,-2.6008326065069,3.3593464332893));
#4822=CARTESIAN_POINT('Ctrl Pts',(0.746115563562393,-2.56988864177745,2.8782325912209));
#4823=CARTESIAN_POINT('Ctrl Pts',(1.22320537768236,-2.38377305990713,2.49814336068495));
#4824=CARTESIAN_POINT('',(1.0622902715322,-2.26308032777378,2.55000018034122));
#4825=CARTESIAN_POINT('Ctrl Pts',(1.06228884351066,-2.26307798933443,2.55));
#4826=CARTESIAN_POINT('Ctrl Pts',(1.04305371406772,-2.23441222271604,2.55));
#4827=CARTESIAN_POINT('Ctrl Pts',(1.02373454953482,-2.20578780676283,2.55));
#4828=CARTESIAN_POINT('Ctrl Pts',(1.00434968792893,-2.17724531016973,2.55));
#4829=CARTESIAN_POINT('Ctrl Pts',(-0.261484122402046,-2.48628760478985,
3.85));
#4830=CARTESIAN_POINT('Ctrl Pts',(-0.0507982402255928,-2.5084455453665,
3.61870461900151));
#4831=CARTESIAN_POINT('Ctrl Pts',(0.168613436444184,-2.50439718091569,3.39121252330531));
#4832=CARTESIAN_POINT('Ctrl Pts',(0.612260068836124,-2.43425006112456,2.95466926498173));
#4833=CARTESIAN_POINT('Ctrl Pts',(0.839678262242581,-2.36757597634285,2.74246682593778));
#4834=CARTESIAN_POINT('Ctrl Pts',(1.06229110894753,-2.26308143906733,2.55000054557561));
#4835=CARTESIAN_POINT('Ctrl Pts',(-1.16885469100432,1.92257085989415,3.85000000000216));
#4836=CARTESIAN_POINT('Ctrl Pts',(-1.59392092009558,1.71749006140115,3.37983351820059));
#4837=CARTESIAN_POINT('Ctrl Pts',(-1.96079880010785,1.37793684320583,2.91638951072404));
#4838=CARTESIAN_POINT('Ctrl Pts',(-2.19554723405915,0.963684481204423,2.55));
#4839=CARTESIAN_POINT('Ctrl Pts',(-1.26356645051734,1.95985025378472,3.85000000000219));
#4840=CARTESIAN_POINT('Ctrl Pts',(-1.69235235021066,1.74531928696108,3.37300448989683));
#4841=CARTESIAN_POINT('Ctrl Pts',(-2.06140816881273,1.39489894017353,2.90367053755633));
#4842=CARTESIAN_POINT('Ctrl Pts',(-2.29580358955422,0.966837839108962,2.53271445356165));
#4843=CARTESIAN_POINT('Ctrl Pts',(-1.35827821003035,1.99712964767529,3.85000000000222));
#4844=CARTESIAN_POINT('Ctrl Pts',(-1.79078378032574,1.77314851252099,3.36617546159306));
#4845=CARTESIAN_POINT('Ctrl Pts',(-2.1620175375176,1.41186103714123,2.89095156438861));
#4846=CARTESIAN_POINT('Ctrl Pts',(-2.39605994504928,0.9699911970135,2.5154289071233));
#4847=CARTESIAN_POINT('Ctrl Pts',(-1.45298996954336,2.03440904156586,3.85000000000225));
#4848=CARTESIAN_POINT('Ctrl Pts',(-1.88921521044082,1.80097773808092,3.3593464332893));
#4849=CARTESIAN_POINT('Ctrl Pts',(-2.26262690622248,1.42882313410893,2.8782325912209));
#4850=CARTESIAN_POINT('Ctrl Pts',(-2.49631630054434,0.97314455491804,2.49814336068495));
#4851=CARTESIAN_POINT('',(-2.29583552868525,0.989511200631479,2.55000018034122));
#4852=CARTESIAN_POINT('',(-2.19554723405925,0.963684481205293,2.55000000000033));
#4853=CARTESIAN_POINT('Ctrl Pts',(-2.29583290912366,0.989510397237937,2.55));
#4854=CARTESIAN_POINT('Ctrl Pts',(-2.26242628863264,0.980809012987301,2.55));
#4855=CARTESIAN_POINT('Ctrl Pts',(-2.2289841875366,0.972194305726267,2.55));
#4856=CARTESIAN_POINT('Ctrl Pts',(-2.19554723405915,0.963684481204423,2.55));
#4857=CARTESIAN_POINT('Ctrl Pts',(-1.45298996954536,2.03440904156479,3.85));
#4858=CARTESIAN_POINT('Ctrl Pts',(-1.62538404929869,1.91128391600109,3.6187046190015));
#4859=CARTESIAN_POINT('Ctrl Pts',(-1.78693148536411,1.76275681741482,3.3912125233053));
#4860=CARTESIAN_POINT('Ctrl Pts',(-2.07248961355555,1.4160588101066,2.95466926498174));
#4861=CARTESIAN_POINT('Ctrl Pts',(-2.19850147931372,1.215346384079,2.74246682593779));
#4862=CARTESIAN_POINT('Ctrl Pts',(-2.29583689242355,0.989511477137573,2.55000054557561));
#4863=CARTESIAN_POINT('Ctrl Pts',(-2.19554723405925,0.963684481205301,2.55000000000066));
#4864=CARTESIAN_POINT('Ctrl Pts',(-2.07436031804118,1.17753879903441,2.73914552109585));
#4865=CARTESIAN_POINT('Ctrl Pts',(-1.92241558343939,1.36387937391043,2.94729359461347));
#4866=CARTESIAN_POINT('Ctrl Pts',(-1.57867705218236,1.68490724299125,3.38253275548679));
#4867=CARTESIAN_POINT('Ctrl Pts',(-1.37955166403413,1.82091633993547,3.61694771836777));
#4868=CARTESIAN_POINT('Ctrl Pts',(-1.16885469100683,1.92257085989343,3.85000000000001));
#4869=CARTESIAN_POINT('Ctrl Pts',(-0.918259182855577,2.05409348541922,3.85000019145756));
#4870=CARTESIAN_POINT('Ctrl Pts',(-1.35644856860401,1.87401664902231,3.37642987218093));
#4871=CARTESIAN_POINT('Ctrl Pts',(-1.73971075139789,1.55751488312156,2.90584043311557));
#4872=CARTESIAN_POINT('Ctrl Pts',(-1.99720101509551,1.16407931593617,2.52556867936467));
#4873=CARTESIAN_POINT('Ctrl Pts',(-1.00443970104925,2.01556745812778,3.85000019123727));
#4874=CARTESIAN_POINT('Ctrl Pts',(-1.43878517823164,1.82689160757357,3.37697473646138));
#4875=CARTESIAN_POINT('Ctrl Pts',(-1.81705769071473,1.50229653536134,2.90818079421188));
#4876=CARTESIAN_POINT('Ctrl Pts',(-2.06736239251437,1.10124385987229,2.53192659371878));
#4877=CARTESIAN_POINT('Ctrl Pts',(-1.08819209504197,1.97161082279864,3.85000019077737));
#4878=CARTESIAN_POINT('Ctrl Pts',(-1.51815165634558,1.77457830553667,3.37811232373321));
#4879=CARTESIAN_POINT('Ctrl Pts',(-1.89094833711853,1.44227911569663,2.91170645531374));
#4880=CARTESIAN_POINT('Ctrl Pts',(-2.13365241578958,1.03426916112178,2.54009187573606));
#4881=CARTESIAN_POINT('Ctrl Pts',(-1.16885451916157,1.92257094280289,3.85000019008146));
#4882=CARTESIAN_POINT('Ctrl Pts',(-1.59392082121776,1.71749015291584,3.37983364310819));
#4883=CARTESIAN_POINT('Ctrl Pts',(-1.96079876847628,1.37793689902829,2.91638956009869));
#4884=CARTESIAN_POINT('Ctrl Pts',(-2.19554723406206,0.963684481201693,2.55));
#4885=CARTESIAN_POINT('',(-1.98056888488634,1.18912658592804,2.55));
#4886=CARTESIAN_POINT('Origin',(-0.992812012287476,-0.237575869887074,2.55));
#4887=CARTESIAN_POINT('Origin',(-0.477469068180561,0.444112302342932,3.6912392350031));
#4888=CARTESIAN_POINT('Ctrl Pts',(0.254136606149791,-2.50072255267271,3.85000000000214));
#4889=CARTESIAN_POINT('Ctrl Pts',(0.740686559839894,-2.44647905445369,3.36045921208122));
#4890=CARTESIAN_POINT('Ctrl Pts',(1.20917693985868,-2.24605719792546,2.87122646917048));
#4891=CARTESIAN_POINT('Ctrl Pts',(1.58404669066934,-1.93282024279333,2.4613333982049));
#4892=CARTESIAN_POINT('Ctrl Pts',(0.302757737493127,-2.40520136251234,3.8500000000021));
#4893=CARTESIAN_POINT('Ctrl Pts',(0.779979867855036,-2.34620991964955,3.3691467235897));
#4894=CARTESIAN_POINT('Ctrl Pts',(1.23858977389905,-2.14334528635563,2.88942797067207));
#4895=CARTESIAN_POINT('Ctrl Pts',(1.60217897515269,-1.83140030956426,2.4908889321366));
#4896=CARTESIAN_POINT('Ctrl Pts',(0.351378868836463,-2.30968017235196,3.85000000000206));
#4897=CARTESIAN_POINT('Ctrl Pts',(0.819273175870177,-2.24594078484541,3.37783423509819));
#4898=CARTESIAN_POINT('Ctrl Pts',(1.26800260793943,-2.04063337478581,2.90762947217366));
#4899=CARTESIAN_POINT('Ctrl Pts',(1.62031125963605,-1.7299803763352,2.5204444660683));
#4900=CARTESIAN_POINT('Ctrl Pts',(0.400000000179798,-2.21415898219158,3.85000000000202));
#4901=CARTESIAN_POINT('Ctrl Pts',(0.858566483885319,-2.14567165004126,3.38652174660667));
#4902=CARTESIAN_POINT('Ctrl Pts',(1.2974154419798,-1.93792146321599,2.92583097367525));
#4903=CARTESIAN_POINT('Ctrl Pts',(1.63844354411941,-1.62856044310614,2.55));
#4904=CARTESIAN_POINT('',(1.50265513178276,-1.99800589461766,2.55001483027748));
#4905=CARTESIAN_POINT('Ctrl Pts',(1.50265513178276,-1.99800589461766,2.55001483027748));
#4906=CARTESIAN_POINT('Ctrl Pts',(1.43777903734505,-2.04679774077761,2.62092167872871));
#4907=CARTESIAN_POINT('Ctrl Pts',(1.37075923392612,-2.09225511480432,2.69351258941059));
#4908=CARTESIAN_POINT('Ctrl Pts',(1.30186549089856,-2.13427885797697,2.76752358865332));
#4909=CARTESIAN_POINT('Ctrl Pts',(1.27045087775944,-2.15344111533752,2.80127160127502));
#4910=CARTESIAN_POINT('Ctrl Pts',(1.23864676935865,-2.17188928849017,2.83531521843231));
#4911=CARTESIAN_POINT('Ctrl Pts',(1.20647925769086,-2.18961361905742,2.86963082700913));
#4912=CARTESIAN_POINT('Ctrl Pts',(1.13143728010895,-2.23096182251244,2.94968399233087));
#4913=CARTESIAN_POINT('Ctrl Pts',(1.05441754750571,-2.26837089682174,3.03122035296809));
#4914=CARTESIAN_POINT('Ctrl Pts',(0.975738212182409,-2.30172434085558,3.11391282208897));
#4915=CARTESIAN_POINT('Ctrl Pts',(0.901695261382077,-2.33311234642873,3.19173242233744));
#4916=CARTESIAN_POINT('Ctrl Pts',(0.826183132010534,-2.36090838103067,3.27057668910127));
#4917=CARTESIAN_POINT('Ctrl Pts',(0.749464447550734,-2.38501636092029,3.35018585332715));
#4918=CARTESIAN_POINT('Ctrl Pts',(0.665717684312131,-2.41133283516895,3.43708788866564));
#4919=CARTESIAN_POINT('Ctrl Pts',(0.580530822802019,-2.43325611280773,3.52489774806204));
#4920=CARTESIAN_POINT('Ctrl Pts',(0.494226641326571,-2.45066114079508,3.61324199026418));
#4921=CARTESIAN_POINT('Ctrl Pts',(0.458342191073718,-2.45789798436725,3.64997467818533));
#4922=CARTESIAN_POINT('Ctrl Pts',(0.422264447163159,-2.4643536249051,3.68679988654055));
#4923=CARTESIAN_POINT('Ctrl Pts',(0.386015857286657,-2.47001857440855,3.72369115777269));
#4924=CARTESIAN_POINT('Ctrl Pts',(0.344716008676245,-2.47647293739688,3.76572324570009));
#4925=CARTESIAN_POINT('Ctrl Pts',(0.303194449450058,-2.48190090864004,3.80784014275254));
#4926=CARTESIAN_POINT('Ctrl Pts',(0.261484122402043,-2.48628760478985,3.85));
#4927=CARTESIAN_POINT('',(1.63844354411941,-1.62856044310614,2.55));
#4928=CARTESIAN_POINT('Ctrl Pts',(1.63844354411941,-1.62856044310614,2.55));
#4929=CARTESIAN_POINT('Ctrl Pts',(1.61684959668688,-1.6889685910748,2.55));
#4930=CARTESIAN_POINT('Ctrl Pts',(1.5949284114887,-1.7493768916805,2.55000000000021));
#4931=CARTESIAN_POINT('Ctrl Pts',(1.55045543212889,-1.87034347281025,2.55000000000021));
#4932=CARTESIAN_POINT('Ctrl Pts',(1.52782721510566,-1.93109538187415,2.54999999999992));
#4933=CARTESIAN_POINT('Ctrl Pts',(1.50421677632281,-1.99376498250136,2.54999999999992));
#4934=CARTESIAN_POINT('Ctrl Pts',(1.50342730365278,-1.99585966911995,2.55));
#4935=CARTESIAN_POINT('Ctrl Pts',(1.5026375616177,-1.9979542496061,2.55));
#4936=CARTESIAN_POINT('Origin',(0.352825404191379,-0.546038101986996,3.6957608866837));
#4937=CARTESIAN_POINT('Ctrl Pts',(-0.845213937141316,2.36723722944984,3.85000000000214));
#4938=CARTESIAN_POINT('Ctrl Pts',(-1.30464431463618,2.19813092332908,3.36045921208122));
#4939=CARTESIAN_POINT('Ctrl Pts',(-1.71155712592544,1.89141587519313,2.87122646917048));
#4940=CARTESIAN_POINT('Ctrl Pts',(-2.00057133307873,1.49756881325558,2.4613333982049));
#4941=CARTESIAN_POINT('Ctrl Pts',(-0.869562509696357,2.26285591312698,3.8500000000021));
#4942=CARTESIAN_POINT('Ctrl Pts',(-1.31879985592989,2.09137192324091,3.3691467235897));
#4943=CARTESIAN_POINT('Ctrl Pts',(-1.71553470711667,1.78464963318527,2.88942797067207));
#4944=CARTESIAN_POINT('Ctrl Pts',(-1.99390534763638,1.39475661925674,2.4908889321366));
#4945=CARTESIAN_POINT('Ctrl Pts',(-0.893911082251397,2.15847459680412,3.85000000000206));
#4946=CARTESIAN_POINT('Ctrl Pts',(-1.3329553972236,1.98461292315274,3.37783423509819));
#4947=CARTESIAN_POINT('Ctrl Pts',(-1.71951228830791,1.67788339117741,2.90762947217366));
#4948=CARTESIAN_POINT('Ctrl Pts',(-1.98723936219402,1.29194442525789,2.5204444660683));
#4949=CARTESIAN_POINT('Ctrl Pts',(-0.918259654806437,2.05409328048126,3.85000000000202));
#4950=CARTESIAN_POINT('Ctrl Pts',(-1.34711093851731,1.87785392306457,3.38652174660667));
#4951=CARTESIAN_POINT('Ctrl Pts',(-1.72348986949915,1.57111714916955,2.92583097367525));
#4952=CARTESIAN_POINT('Ctrl Pts',(-1.98057337675167,1.18913223125905,2.55));
#4953=CARTESIAN_POINT('',(-1.93714481253862,1.58033856349034,2.55001483027748));
#4954=CARTESIAN_POINT('Ctrl Pts',(-1.98057337675167,1.18913223125905,2.55));
#4955=CARTESIAN_POINT('Ctrl Pts',(-1.97406361731788,1.25295190526519,2.55));
#4956=CARTESIAN_POINT('Ctrl Pts',(-1.96723617461571,1.31685003698104,2.55000000000007));
#4957=CARTESIAN_POINT('Ctrl Pts',(-1.95300480971313,1.44494375227575,2.55000000000007));
#4958=CARTESIAN_POINT('Ctrl Pts',(-1.94557301657777,1.50934562194695,2.54999999999992));
#4959=CARTESIAN_POINT('Ctrl Pts',(-1.9376463717877,1.57584539906682,2.54999999999992));
#4960=CARTESIAN_POINT('Ctrl Pts',(-1.93738102621119,1.57806903084282,2.55));
#4961=CARTESIAN_POINT('Ctrl Pts',(-1.93711539347036,1.58029262400468,2.55));
#4962=CARTESIAN_POINT('Ctrl Pts',(-1.93714481253862,1.58033856349034,2.55001483027748));
#4963=CARTESIAN_POINT('Ctrl Pts',(-1.88583055257339,1.64323847291314,2.62092167872864));
#4964=CARTESIAN_POINT('Ctrl Pts',(-1.83163688450031,1.70341382704162,2.69351258941046));
#4965=CARTESIAN_POINT('Ctrl Pts',(-1.77480200844911,1.76070378849056,2.76752358865312));
#4966=CARTESIAN_POINT('Ctrl Pts',(-1.748886075223,1.7868272344905,2.80127160127555));
#4967=CARTESIAN_POINT('Ctrl Pts',(-1.72242107322306,1.81235055858907,2.83531521843358));
#4968=CARTESIAN_POINT('Ctrl Pts',(-1.69543000092541,1.83725804174647,2.86963082701115));
#4969=CARTESIAN_POINT('Ctrl Pts',(-1.63246387960562,1.89536346227085,2.94968399233298));
#4970=CARTESIAN_POINT('Ctrl Pts',(-1.56663477792279,1.95011752534012,3.03122035297029));
#4971=CARTESIAN_POINT('Ctrl Pts',(-1.49822372270524,2.00133097630633,3.11391282209125));
#4972=CARTESIAN_POINT('Ctrl Pts',(-1.43384396689227,2.04952654143918,3.19173242233934));
#4973=CARTESIAN_POINT('Ctrl Pts',(-1.3671781092482,2.09458610919486,3.27057668910277));
#4974=CARTESIAN_POINT('Ctrl Pts',(-1.29845814755052,2.13635353793787,3.35018585332824));
#4975=CARTESIAN_POINT('Ctrl Pts',(-1.2234428575645,2.18194721554951,3.43708788866683));
#4976=CARTESIAN_POINT('Ctrl Pts',(-1.14597795518042,2.22361999293492,3.52489774806334));
#4977=CARTESIAN_POINT('Ctrl Pts',(-1.06634691220181,2.2611732049619,3.61324199026558));
#4978=CARTESIAN_POINT('Ctrl Pts',(-1.03323708888412,2.27678747006149,3.64997467818524));
#4979=CARTESIAN_POINT('Ctrl Pts',(-0.999752634548058,2.29168949066732,3.68679988653896));
#4980=CARTESIAN_POINT('Ctrl Pts',(-0.96591307396921,2.30586468239907,3.7236911577696));
#4981=CARTESIAN_POINT('Ctrl Pts',(-0.927357954065178,2.32201519403491,3.76572324569802));
#4982=CARTESIAN_POINT('Ctrl Pts',(-0.888341934430585,2.33722219782754,3.8078401427515));
#4983=CARTESIAN_POINT('Ctrl Pts',(-0.848893438783304,2.35146335918522,3.85));
#4984=CARTESIAN_POINT('Ctrl Pts',(0.399999999997995,-2.21415898254875,3.85000000000202));
#4985=CARTESIAN_POINT('Ctrl Pts',(0.868551531856314,-2.14418037416496,3.37642974721057));
#4986=CARTESIAN_POINT('Ctrl Pts',(1.3164205582494,-1.92859620220844,2.90584038987326));
#4987=CARTESIAN_POINT('Ctrl Pts',(1.66058385296473,-1.608214623073,2.52556870110659));
#4988=CARTESIAN_POINT('Ctrl Pts',(0.492896041793426,-2.19737680158932,3.85000000000202));
#4989=CARTESIAN_POINT('Ctrl Pts',(0.959773241337635,-2.11812915535356,3.37697461270513));
#4990=CARTESIAN_POINT('Ctrl Pts',(1.40473444526233,-1.89349275971911,2.90818075154544));
#4991=CARTESIAN_POINT('Ctrl Pts',(1.74374387607349,-1.56399580693789,2.53192661233377));
#4992=CARTESIAN_POINT('Ctrl Pts',(0.584734147182651,-2.17474074162805,3.85000000000202));
#4993=CARTESIAN_POINT('Ctrl Pts',(1.0493527607428,-2.08632965184295,3.37811219998927));
#4994=CARTESIAN_POINT('Ctrl Pts',(1.49084097021457,-1.85290256554558,2.91170641057303));
#4995=CARTESIAN_POINT('Ctrl Pts',(1.82413563075417,-1.51483156301462,2.5400918870302));
#4996=CARTESIAN_POINT('Ctrl Pts',(0.67478857551901,-2.14642968166864,3.85000000000201));
#4997=CARTESIAN_POINT('Ctrl Pts',(1.13658220004327,-2.04903316544145,3.37983351820041));
#4998=CARTESIAN_POINT('Ctrl Pts',(1.57405967960912,-1.80714637022113,2.91638951072389));
#4999=CARTESIAN_POINT('Ctrl Pts',(1.90112382990256,-1.46111040639753,2.55));
#5000=CARTESIAN_POINT('',(1.90112382989898,-1.46111040640035,2.55000000000033));
#5001=CARTESIAN_POINT('Origin',(1.02081832637285,-0.00692311878089158,2.55));
#5002=CARTESIAN_POINT('Ctrl Pts',(1.90112382989898,-1.46111040640035,2.55000000000065));
#5003=CARTESIAN_POINT('Ctrl Pts',(1.73227969725364,-1.63974857913593,2.73914552112549));
#5004=CARTESIAN_POINT('Ctrl Pts',(1.54015598199686,-1.7843116804877,2.947293594679));
#5005=CARTESIAN_POINT('Ctrl Pts',(1.12957886998783,-2.01374904816795,3.38253275555687));
#5006=CARTESIAN_POINT('Ctrl Pts',(0.903690596372717,-2.09815214338224,3.61694771840237));
#5007=CARTESIAN_POINT('Ctrl Pts',(0.674788575517837,-2.14642968166921,3.85));
#5008=CARTESIAN_POINT('Ctrl Pts',(0.674788575515235,-2.14642968166932,3.85000000000216));
#5009=CARTESIAN_POINT('Ctrl Pts',(1.13658220003951,-2.04903316544253,3.37983351820059));
#5010=CARTESIAN_POINT('Ctrl Pts',(1.57405967960544,-1.80714637022264,2.91638951072404));
#5011=CARTESIAN_POINT('Ctrl Pts',(1.90112382989909,-1.46111040639948,2.55));
#5012=CARTESIAN_POINT('Ctrl Pts',(0.75782664051526,-2.20529181176967,3.85000000000219));
#5013=CARTESIAN_POINT('Ctrl Pts',(1.22549342208581,-2.09960990737,3.37300448989683));
#5014=CARTESIAN_POINT('Ctrl Pts',(1.6676862274023,-1.84769297738498,2.90367053755633));
#5015=CARTESIAN_POINT('Ctrl Pts',(1.99771226997032,-1.48816504976866,2.53271445356165));
#5016=CARTESIAN_POINT('Ctrl Pts',(0.840864705515285,-2.26415394187003,3.85000000000222));
#5017=CARTESIAN_POINT('Ctrl Pts',(1.31440464413211,-2.15018664929747,3.36617546159306));
#5018=CARTESIAN_POINT('Ctrl Pts',(1.76131277519916,-1.88823958454731,2.89095156438861));
#5019=CARTESIAN_POINT('Ctrl Pts',(2.09430071004155,-1.51521969313784,2.5154289071233));
#5020=CARTESIAN_POINT('Ctrl Pts',(0.92390277051531,-2.32301607197038,3.85000000000225));
#5021=CARTESIAN_POINT('Ctrl Pts',(1.40331586617841,-2.20076339122495,3.3593464332893));
#5022=CARTESIAN_POINT('Ctrl Pts',(1.85493932299603,-1.92878619170965,2.8782325912209));
#5023=CARTESIAN_POINT('Ctrl Pts',(2.19088915011277,-1.54227433650702,2.49814336068495));
#5024=CARTESIAN_POINT('',(1.99231719043385,-1.51018720814685,2.55000018034122));
#5025=CARTESIAN_POINT('Ctrl Pts',(1.99231483925662,-1.51018580119634,2.55));
#5026=CARTESIAN_POINT('Ctrl Pts',(1.96196133199521,-1.49374253578352,2.55));
#5027=CARTESIAN_POINT('Ctrl Pts',(1.93155263196927,-1.47737493761991,2.55));
#5028=CARTESIAN_POINT('Ctrl Pts',(1.90112382989909,-1.46111040639948,2.55));
#5029=CARTESIAN_POINT('Ctrl Pts',(0.923902770517505,-2.32301607196982,3.85));
#5030=CARTESIAN_POINT('Ctrl Pts',(1.12075316284146,-2.2447253424996,3.6187046190015));
#5031=CARTESIAN_POINT('Ctrl Pts',(1.31315118527822,-2.13917500343717,3.39121252330529));
#5032=CARTESIAN_POINT('Ctrl Pts',(1.67338177717136,-1.87088994326416,2.95466926498171));
#5033=CARTESIAN_POINT('Ctrl Pts',(1.84376559469339,-1.70616646891897,2.74246682593777));
#5034=CARTESIAN_POINT('Ctrl Pts',(1.99231844837216,-1.51018780298212,2.55000054557561));
#5035=CARTESIAN_POINT('Ctrl Pts',(-0.141506200773875,2.24554581230032,3.85000000000216));
#5036=CARTESIAN_POINT('Ctrl Pts',(-0.613189453825347,2.26149390984089,3.37983351820059));
#5037=CARTESIAN_POINT('Ctrl Pts',(-1.09584193199849,2.1313311189119,2.91638951072404));
#5038=CARTESIAN_POINT('Ctrl Pts',(-1.49621401904924,1.87362190569483,2.55));
#5039=CARTESIAN_POINT('Ctrl Pts',(-0.208044700754196,2.32256982556415,3.85000000000219));
#5040=CARTESIAN_POINT('Ctrl Pts',(-0.687413270756681,2.33187883173407,3.37300448989683));
#5041=CARTESIAN_POINT('Ctrl Pts',(-1.17704442424805,2.19310581484152,2.90367053755633));
#5042=CARTESIAN_POINT('Ctrl Pts',(-1.58352117464439,1.92300551699566,2.53271445356165));
#5043=CARTESIAN_POINT('Ctrl Pts',(-0.274583200734516,2.39959383882799,3.85000000000222));
#5044=CARTESIAN_POINT('Ctrl Pts',(-0.761637087688014,2.40226375362725,3.36617546159306));
#5045=CARTESIAN_POINT('Ctrl Pts',(-1.2582469164976,2.25488051077113,2.89095156438861));
#5046=CARTESIAN_POINT('Ctrl Pts',(-1.67082833023954,1.97238912829649,2.5154289071233));
#5047=CARTESIAN_POINT('Ctrl Pts',(-0.341121700714836,2.47661785209183,3.85000000000225));
#5048=CARTESIAN_POINT('Ctrl Pts',(-0.835860904619348,2.47264867552043,3.3593464332893));
#5049=CARTESIAN_POINT('Ctrl Pts',(-1.33944940874715,2.31665520670074,2.8782325912209));
#5050=CARTESIAN_POINT('Ctrl Pts',(-1.75813548583469,2.02177273959732,2.49814336068495));
#5051=CARTESIAN_POINT('',(-1.57301261885278,1.94309662443187,2.55000018034122));
#5052=CARTESIAN_POINT('',(-1.49621401904893,1.87362190569565,2.55000000000033));
#5053=CARTESIAN_POINT('Ctrl Pts',(-1.57301067270178,1.94309469569125,2.55));
#5054=CARTESIAN_POINT('Ctrl Pts',(-1.54747431418148,1.9198651719332,2.55));
#5055=CARTESIAN_POINT('Ctrl Pts',(-1.52186625834003,1.89669590817849,2.55));
#5056=CARTESIAN_POINT('Ctrl Pts',(-1.49621401904924,1.87362190569483,2.55));
#5057=CARTESIAN_POINT('Ctrl Pts',(-0.341121700717106,2.47661785209181,3.85));
#5058=CARTESIAN_POINT('Ctrl Pts',(-0.550988176331866,2.44771149133666,3.61870461900151));
#5059=CARTESIAN_POINT('Ctrl Pts',(-0.763055311414288,2.39127211384452,3.39121252330531));
#5060=CARTESIAN_POINT('Ctrl Pts',(-1.17702307439319,2.2169917533275,2.95466926498174));
#5061=CARTESIAN_POINT('Ctrl Pts',(-1.38187675552471,2.09783036024818,2.74246682593779));
#5062=CARTESIAN_POINT('Ctrl Pts',(-1.57301369788429,1.94309750302665,2.55000054557561));
#5063=CARTESIAN_POINT('Ctrl Pts',(-1.49621401904893,1.87362190569565,2.55000000000065));
#5064=CARTESIAN_POINT('Ctrl Pts',(-1.28952527709361,2.00666213200728,2.73914552109584));
#5065=CARTESIAN_POINT('Ctrl Pts',(-1.06838811323733,2.10104627781544,2.94729359461346));
#5066=CARTESIAN_POINT('Ctrl Pts',(-0.614833669852915,2.22555907829622,3.38253275548678));
#5067=CARTESIAN_POINT('Ctrl Pts',(-0.375310316097795,2.25345097071444,3.61694771836776));
#5068=CARTESIAN_POINT('Ctrl Pts',(-0.14150620077642,2.24554581230083,3.85));
#5069=CARTESIAN_POINT('Ctrl Pts',(0.141506713647611,2.2455457741344,3.85000019145756));
#5070=CARTESIAN_POINT('Ctrl Pts',(-0.330176596962601,2.28973241556713,3.37642987218092));
#5071=CARTESIAN_POINT('Ctrl Pts',(-0.816624110729295,2.18759483713282,2.90584043311558));
#5072=CARTESIAN_POINT('Ctrl Pts',(-1.22745904104461,1.95888663557816,2.52556867936467));
#5073=CARTESIAN_POINT('Ctrl Pts',(0.0472937169099765,2.25148275490806,3.85000019123728));
#5074=CARTESIAN_POINT('Ctrl Pts',(-0.424982142833991,2.28626899405866,3.37697473646138));
#5075=CARTESIAN_POINT('Ctrl Pts',(-0.91077266993937,2.17464633336911,2.90818079421187));
#5076=CARTESIAN_POINT('Ctrl Pts',(-1.31878494790712,1.93585422025079,2.53192659371877));
#5077=CARTESIAN_POINT('Ctrl Pts',(-0.0472930120162814,2.25148276549099,
3.85000019077737));
#5078=CARTESIAN_POINT('Ctrl Pts',(-0.519568872777522,2.27683130701133,3.37811232373322));
#5079=CARTESIAN_POINT('Ctrl Pts',(-1.00409107368148,2.15584224306399,2.91170645531374));
#5080=CARTESIAN_POINT('Ctrl Pts',(-1.40860654290684,1.90735757956715,2.54009187573606));
#5081=CARTESIAN_POINT('Ctrl Pts',(-0.141506010085047,2.24554580585303,3.85000019008146));
#5082=CARTESIAN_POINT('Ctrl Pts',(-0.613189323744384,2.26149394492231,3.37983364310821));
#5083=CARTESIAN_POINT('Ctrl Pts',(-1.09584187804813,2.13133115364031,2.91638956009869));
#5084=CARTESIAN_POINT('Ctrl Pts',(-1.49621401905308,1.87362190569377,2.55));
#5085=CARTESIAN_POINT('',(-1.20109197436982,1.97333555540999,2.55));
#5086=CARTESIAN_POINT('Origin',(-0.989498390470085,0.251019762292822,2.55));
#5087=CARTESIAN_POINT('Origin',(-0.216388585594686,0.615132854092423,3.69123923500363));
#5088=CARTESIAN_POINT('Ctrl Pts',(1.38717050633384,-2.09617668300856,3.85000000000214));
#5089=CARTESIAN_POINT('Ctrl Pts',(1.79278088405494,-1.8220354128214,3.36045921208122));
#5090=CARTESIAN_POINT('Ctrl Pts',(2.11446783309043,-1.42685233681156,2.87122646917048));
#5091=CARTESIAN_POINT('Ctrl Pts',(2.30083004139051,-0.975284127732564,2.4613333982049));
#5092=CARTESIAN_POINT('Ctrl Pts',(1.38583146956715,-1.98900150321726,3.8500000000021));
#5093=CARTESIAN_POINT('Ctrl Pts',(1.78097599002053,-1.71499099248115,3.3691467235897));
#5094=CARTESIAN_POINT('Ctrl Pts',(2.09277899887161,-1.32223663027166,2.88942797067207));
#5095=CARTESIAN_POINT('Ctrl Pts',(2.26975318886648,-0.877054743972037,2.4908889321366));
#5096=CARTESIAN_POINT('Ctrl Pts',(1.38449243280046,-1.88182632342595,3.85000000000206));
#5097=CARTESIAN_POINT('Ctrl Pts',(1.76917109598612,-1.6079465721409,3.37783423509819));
#5098=CARTESIAN_POINT('Ctrl Pts',(2.07109016465279,-1.21762092373176,2.90762947217366));
#5099=CARTESIAN_POINT('Ctrl Pts',(2.23867633634245,-0.778825360211511,2.5204444660683));
#5100=CARTESIAN_POINT('Ctrl Pts',(1.38315339603376,-1.77465114363465,3.85000000000202));
#5101=CARTESIAN_POINT('Ctrl Pts',(1.75736620195171,-1.50090215180065,3.38652174660667));
#5102=CARTESIAN_POINT('Ctrl Pts',(2.04940133043398,-1.11300521719186,2.92583097367525));
#5103=CARTESIAN_POINT('Ctrl Pts',(2.20759948381842,-0.680595976450984,2.55));
#5104=CARTESIAN_POINT('',(2.25905467802463,-1.07082769934991,2.55001483027748));
#5105=CARTESIAN_POINT('Ctrl Pts',(2.25905467802463,-1.07082769934991,2.55001483027748));
#5106=CARTESIAN_POINT('Ctrl Pts',(2.22428445080093,-1.14418015793253,2.62092167872933));
#5107=CARTESIAN_POINT('Ctrl Pts',(2.18606645707566,-1.21557631931005,2.69351258941186));
#5108=CARTESIAN_POINT('Ctrl Pts',(2.14459348441002,-1.28480301471708,2.76752358865526));
#5109=CARTESIAN_POINT('Ctrl Pts',(2.12568237093695,-1.31636944962789,2.80127160127619));
#5110=CARTESIAN_POINT('Ctrl Pts',(2.1060945250593,-1.34748460184751,2.8353152184327));
#5111=CARTESIAN_POINT('Ctrl Pts',(2.08584851514681,-1.37812770520726,2.86963082700872));
#5112=CARTESIAN_POINT('Ctrl Pts',(2.03861761218785,-1.44961346696486,2.94968399233058));
#5113=CARTESIAN_POINT('Ctrl Pts',(1.98780488953629,-1.51853041167159,3.03122035296792));
#5114=CARTESIAN_POINT('Ctrl Pts',(1.93363791628979,-1.58462752995349,3.11391282208893));
#5115=CARTESIAN_POINT('Ctrl Pts',(1.88266287286061,-1.64682970358483,3.19173242233735));
#5116=CARTESIAN_POINT('Ctrl Pts',(1.82871766426917,-1.70653410620166,3.27057668910112));
#5117=CARTESIAN_POINT('Ctrl Pts',(1.77199017971997,-1.7635336126584,3.35018585332694));
#5118=CARTESIAN_POINT('Ctrl Pts',(1.71006597897148,-1.82575475481623,3.43708788866509));
#5119=CARTESIAN_POINT('Ctrl Pts',(1.64482501426703,-1.88475516160078,3.52489774806114));
#5120=CARTESIAN_POINT('Ctrl Pts',(1.57649497655662,-1.94027410148457,3.61324199026292));
#5121=CARTESIAN_POINT('Ctrl Pts',(1.54808400275356,-1.96335834378071,3.64997467818391));
#5122=CARTESIAN_POINT('Ctrl Pts',(1.51913883276445,-1.98584069318462,3.68679988653896));
#5123=CARTESIAN_POINT('Ctrl Pts',(1.48967493373972,-2.00770231652692,3.72369115777094));
#5124=CARTESIAN_POINT('Ctrl Pts',(1.45610522597008,-2.03261036777822,3.76572324569892));
#5125=CARTESIAN_POINT('Ctrl Pts',(1.42186221517215,-2.05671262833468,3.80784014275195));
#5126=CARTESIAN_POINT('Ctrl Pts',(1.38696815410457,-2.0799806103663,3.85));
#5127=CARTESIAN_POINT('',(2.20759948381842,-0.680595976450986,2.55));
#5128=CARTESIAN_POINT('Ctrl Pts',(2.20759948381842,-0.680595976450986,2.55));
#5129=CARTESIAN_POINT('Ctrl Pts',(2.21655205908793,-0.744119942816182,2.55));
#5130=CARTESIAN_POINT('Ctrl Pts',(2.22521495064,-0.807796119307231,2.55000000000021));
#5131=CARTESIAN_POINT('Ctrl Pts',(2.24205205638102,-0.935574331509615,2.55000000000021));
#5132=CARTESIAN_POINT('Ctrl Pts',(2.25024858515589,-0.999883332252875,2.54999999999992));
#5133=CARTESIAN_POINT('Ctrl Pts',(2.25846659546143,-1.0663468257575,2.54999999999992));
#5134=CARTESIAN_POINT('Ctrl Pts',(2.25874100153842,-1.06856846488862,2.55));
#5135=CARTESIAN_POINT('Ctrl Pts',(2.2590151197825,-1.07079013522607,2.55));
#5136=CARTESIAN_POINT('Origin',(0.566167938955864,-0.319526586626438,3.69576088668417));
#5137=CARTESIAN_POINT('Ctrl Pts',(0.351710220642179,2.48887497089088,3.85000000000214));
#5138=CARTESIAN_POINT('Ctrl Pts',(-0.133682794471818,2.55264671552298,3.36045921208122));
#5139=CARTESIAN_POINT('Ctrl Pts',(-0.636523785226677,2.47016584040008,2.87122646917048));
#5140=CARTESIAN_POINT('Ctrl Pts',(-1.07546301237369,2.25574318533566,2.4613333982049));
#5141=CARTESIAN_POINT('Ctrl Pts',(0.281642213933601,2.40776525125971,3.8500000000021));
#5142=CARTESIAN_POINT('Ctrl Pts',(-0.195830284971913,2.46469472365421,3.3691467235897));
#5143=CARTESIAN_POINT('Ctrl Pts',(-0.689662505113068,2.37747750222613,2.88942797067207));
#5144=CARTESIAN_POINT('Ctrl Pts',(-1.11733978431676,2.16160967074919,2.4908889321366));
#5145=CARTESIAN_POINT('Ctrl Pts',(0.211574207225023,2.32665553162854,3.85000000000206));
#5146=CARTESIAN_POINT('Ctrl Pts',(-0.257977775472007,2.37674273178544,3.37783423509819));
#5147=CARTESIAN_POINT('Ctrl Pts',(-0.742801224999456,2.28478916405217,2.90762947217366));
#5148=CARTESIAN_POINT('Ctrl Pts',(-1.15921655625983,2.06747615616272,2.5204444660683));
#5149=CARTESIAN_POINT('Ctrl Pts',(0.141506200516446,2.24554581199736,3.85000000000202));
#5150=CARTESIAN_POINT('Ctrl Pts',(-0.320125265972102,2.28879073991667,3.38652174660667));
#5151=CARTESIAN_POINT('Ctrl Pts',(-0.795939944885846,2.19210082587822,2.92583097367525));
#5152=CARTESIAN_POINT('Ctrl Pts',(-1.2010933282029,1.97334264157625,2.55));
#5153=CARTESIAN_POINT('',(-0.980836596696853,2.29955638560574,2.55001483027748));
#5154=CARTESIAN_POINT('Ctrl Pts',(-1.2010933282029,1.97334264157625,2.55));
#5155=CARTESIAN_POINT('Ctrl Pts',(-1.16567074114402,2.02682692042652,2.55));
#5156=CARTESIAN_POINT('Ctrl Pts',(-1.12993039840516,2.08023303535244,2.55000000000007));
#5157=CARTESIAN_POINT('Ctrl Pts',(-1.05780103290854,2.18704074236803,2.55000000000007));
#5158=CARTESIAN_POINT('Ctrl Pts',(-1.02129146573626,2.24061203945192,2.54999999999992));
#5159=CARTESIAN_POINT('Ctrl Pts',(-0.983368782980229,2.29581097229696,2.54999999999992));
#5160=CARTESIAN_POINT('Ctrl Pts',(-0.982100457928104,2.29765658821403,2.55));
#5161=CARTESIAN_POINT('Ctrl Pts',(-0.980831896549105,2.29950203648863,2.55));
#5162=CARTESIAN_POINT('Ctrl Pts',(-0.980836596696853,2.29955638560574,2.55001483027748));
#5163=CARTESIAN_POINT('Ctrl Pts',(-0.906169030580597,2.33140456375503,2.62092167872853));
#5164=CARTESIAN_POINT('Ctrl Pts',(-0.830218039183727,2.35950214033225,2.69351258941022));
#5165=CARTESIAN_POINT('Ctrl Pts',(-0.75326928310625,2.3838173980254,2.76752358865276));
#5166=CARTESIAN_POINT('Ctrl Pts',(-0.718181693182082,2.39490482600122,2.80127160127411));
#5167=CARTESIAN_POINT('Ctrl Pts',(-0.682886817557248,2.40520570744115,2.83531521843105));
#5168=CARTESIAN_POINT('Ctrl Pts',(-0.647412325373053,2.41471681175144,2.86963082700752));
#5169=CARTESIAN_POINT('Ctrl Pts',(-0.564655658499591,2.43690479084693,2.94968399232916));
#5170=CARTESIAN_POINT('Ctrl Pts',(-0.480921401879524,2.45479479697388,3.03122035296627));
#5171=CARTESIAN_POINT('Ctrl Pts',(-0.396546343431698,2.46834985314298,3.11391282208705));
#5172=CARTESIAN_POINT('Ctrl Pts',(-0.317143304809273,2.48110614236308,3.19173242233587));
#5173=CARTESIAN_POINT('Ctrl Pts',(-0.237173394193867,2.49002323931449,3.27057668910006));
#5174=CARTESIAN_POINT('Ctrl Pts',(-0.156914598051645,2.49507070218827,3.3501858533263));
#5175=CARTESIAN_POINT('Ctrl Pts',(-0.069303419033184,2.50058055524713,3.43708788866429));
#5176=CARTESIAN_POINT('Ctrl Pts',(0.018654650853248,2.50148023193085,3.52489774806018));
#5177=CARTESIAN_POINT('Ctrl Pts',(0.106616285500719,2.49772555891676,3.6132419902618));
#5178=CARTESIAN_POINT('Ctrl Pts',(0.14318988887354,2.49616440191732,3.64997467818311));
#5179=CARTESIAN_POINT('Ctrl Pts',(0.179764215018573,2.49379848402386,3.68679988653849));
#5180=CARTESIAN_POINT('Ctrl Pts',(0.216315197906132,2.49062396502459,3.7236911577708));
#5181=CARTESIAN_POINT('Ctrl Pts',(0.257959578142074,2.48700707524961,3.76572324569882));
#5182=CARTESIAN_POINT('Ctrl Pts',(0.299573594863929,2.48234055998485,3.80784014275191));
#5183=CARTESIAN_POINT('Ctrl Pts',(0.341121700717106,2.47661785209181,3.85));
#5184=CARTESIAN_POINT('Ctrl Pts',(1.38315339603877,-1.7746511440354,3.85000000000202));
#5185=CARTESIAN_POINT('Ctrl Pts',(1.76551449238843,-1.49494140942398,3.37642974721056));
#5186=CARTESIAN_POINT('Ctrl Pts',(2.06189586027756,-1.09591599072407,2.90584038987326));
#5187=CARTESIAN_POINT('Ctrl Pts',(2.2177485796717,-0.652291532949158,2.52556870110659));
#5188=CARTESIAN_POINT('Ctrl Pts',(1.45760968763659,-1.71662031756778,3.85000000000202));
#5189=CARTESIAN_POINT('Ctrl Pts',(1.83418069967742,-1.4294813585624,3.37697461270513));
#5190=CARTESIAN_POINT('Ctrl Pts',(2.12378054053872,-1.02379192634256,2.90818075154543));
#5191=CARTESIAN_POINT('Ctrl Pts',(2.27083361472849,-0.574491326028737,2.53192661233377));
#5192=CARTESIAN_POINT('Ctrl Pts',(1.52840878985027,-1.65389778622706,3.85000000000202));
#5193=CARTESIAN_POINT('Ctrl Pts',(1.89872145876898,-1.35969461815802,3.37811219998927));
#5194=CARTESIAN_POINT('Ctrl Pts',(2.18116087811555,-0.9478353969197,2.91170641057303));
#5195=CARTESIAN_POINT('Ctrl Pts',(2.31916921493618,-0.493598638758829,2.5400918870302));
#5196=CARTESIAN_POINT('Ctrl Pts',(1.5949912204692,-1.58697920800031,3.85000000000201));
#5197=CARTESIAN_POINT('Ctrl Pts',(1.95862674994533,-1.2861326778108,3.37983351820041));
#5198=CARTESIAN_POINT('Ctrl Pts',(2.23358342156421,-0.868646635455478,2.91638951072389));
#5199=CARTESIAN_POINT('Ctrl Pts',(2.36237341346735,-0.410252716808982,2.55));
#5200=CARTESIAN_POINT('',(2.36237341346549,-0.41025271681315,2.55000000000033));
#5201=CARTESIAN_POINT('Origin',(0.907107073308767,0.468267812461501,2.55));
#5202=CARTESIAN_POINT('Ctrl Pts',(2.36237341346549,-0.410252716813146,2.55000000000065));
#5203=CARTESIAN_POINT('Ctrl Pts',(2.29588665710027,-0.646894744177468,2.73914552112549));
#5204=CARTESIAN_POINT('Ctrl Pts',(2.19295137877596,-0.86418335573546,2.94729359467899));
#5205=CARTESIAN_POINT('Ctrl Pts',(1.93602826224601,-1.25814475331935,3.38253275555686));
#5206=CARTESIAN_POINT('Ctrl Pts',(1.7752382033874,-1.43785549760254,3.61694771840236));
#5207=CARTESIAN_POINT('Ctrl Pts',(1.59499122046843,-1.58697920800136,3.85));
#5208=CARTESIAN_POINT('Ctrl Pts',(1.59499122046617,-1.58697920800266,3.85000000000216));
#5209=CARTESIAN_POINT('Ctrl Pts',(1.9586267499425,-1.28613267781351,3.37983351820059));
#5210=CARTESIAN_POINT('Ctrl Pts',(2.23358342156165,-0.868646635458529,2.91638951072404));
#5211=CARTESIAN_POINT('Ctrl Pts',(2.36237341346518,-0.410252716812328,2.55));
#5212=CARTESIAN_POINT('Ctrl Pts',(1.69587237129252,-1.60050932281562,3.85000000000219));
#5213=CARTESIAN_POINT('Ctrl Pts',(2.06085791119176,-1.28959705357145,3.37300448989683));
#5214=CARTESIAN_POINT('Ctrl Pts',(2.33532856036558,-0.861038446810545,2.90367053755633));
#5215=CARTESIAN_POINT('Ctrl Pts',(2.46047114941973,-0.389321527552805,2.53271445356165));
#5216=CARTESIAN_POINT('Ctrl Pts',(1.79675352211886,-1.61403943762857,3.85000000000222));
#5217=CARTESIAN_POINT('Ctrl Pts',(2.16308907244103,-1.2930614293294,3.36617546159306));
#5218=CARTESIAN_POINT('Ctrl Pts',(2.43707369916951,-0.853430258162561,2.89095156438861));
#5219=CARTESIAN_POINT('Ctrl Pts',(2.55856888537428,-0.368390338293283,2.5154289071233));
#5220=CARTESIAN_POINT('Ctrl Pts',(1.89763467294521,-1.62756955244152,3.85000000000225));
#5221=CARTESIAN_POINT('Ctrl Pts',(2.26532023369029,-1.29652580508734,3.3593464332893));
#5222=CARTESIAN_POINT('Ctrl Pts',(2.53881883797345,-0.845822069514577,2.8782325912209));
#5223=CARTESIAN_POINT('Ctrl Pts',(2.65666662132884,-0.34745914903376,2.49814336068495));
#5224=CARTESIAN_POINT('',(2.46592825103206,-0.411328398862277,2.55000018034122));
#5225=CARTESIAN_POINT('Ctrl Pts',(2.4659255153255,-0.411328245716014,2.55));
#5226=CARTESIAN_POINT('Ctrl Pts',(2.43140725295975,-0.410874435451988,2.55));
#5227=CARTESIAN_POINT('Ctrl Pts',(2.39687528415219,-0.410513274566336,2.55));
#5228=CARTESIAN_POINT('Ctrl Pts',(2.36237341346518,-0.410252716812328,2.55));
#5229=CARTESIAN_POINT('Ctrl Pts',(1.89763467294689,-1.62756955244,3.85));
#5230=CARTESIAN_POINT('Ctrl Pts',(2.03555352284129,-1.46676561553899,3.61870461900154));
#5231=CARTESIAN_POINT('Ctrl Pts',(2.15686182275231,-1.28389361252465,3.39121252330531));
#5232=CARTESIAN_POINT('Ctrl Pts',(2.35115188679318,-0.878931486069916,2.95466926498169));
#5233=CARTESIAN_POINT('Ctrl Pts',(2.42546844918408,-0.653894785000684,2.74246682593777));
#5234=CARTESIAN_POINT('Ctrl Pts',(2.46592964131484,-0.411328340969669,2.55000054557561));
#5235=CARTESIAN_POINT('Ctrl Pts',(0.918259654719284,2.05409328086914,3.85000000000216));
#5236=CARTESIAN_POINT('Ctrl Pts',(0.508016326582271,2.28741675749216,3.37983351820059));
#5237=CARTESIAN_POINT('Ctrl Pts',(0.0201591164048132,2.39646312059965,2.91638951072404));
#5238=CARTESIAN_POINT('Ctrl Pts',(-0.454116203608764,2.35433513118226,2.55));
#5239=CARTESIAN_POINT('Ctrl Pts',(0.895137582741295,2.15321664030749,3.85000000000219));
#5240=CARTESIAN_POINT('Ctrl Pts',(0.47500390479969,2.38423303834313,3.37300448989683));
#5241=CARTESIAN_POINT('Ctrl Pts',(-0.0230339870111635,2.4888985771195,2.90367053755633));
#5242=CARTESIAN_POINT('Ctrl Pts',(-0.508473142122433,2.43863580566739,2.53271445356165));
#5243=CARTESIAN_POINT('Ctrl Pts',(0.872015510763307,2.25233999974584,3.85000000000222));
#5244=CARTESIAN_POINT('Ctrl Pts',(0.441991483017112,2.4810493191941,3.36617546159306));
#5245=CARTESIAN_POINT('Ctrl Pts',(-0.0662270904271374,2.58133403363934,
2.89095156438861));
#5246=CARTESIAN_POINT('Ctrl Pts',(-0.562830080636101,2.52293648015252,2.5154289071233));
#5247=CARTESIAN_POINT('Ctrl Pts',(0.848893438785319,2.35146335918419,3.85000000000225));
#5248=CARTESIAN_POINT('Ctrl Pts',(0.408979061234532,2.57786560004507,3.3593464332893));
#5249=CARTESIAN_POINT('Ctrl Pts',(-0.109420193843114,2.67376949015918,2.8782325912209));
#5250=CARTESIAN_POINT('Ctrl Pts',(-0.61718701914977,2.60723715463766,2.49814336068495));
#5251=CARTESIAN_POINT('',(-0.489831474898206,2.45154202842775,2.55000018034122));
#5252=CARTESIAN_POINT('',(-0.454116203608104,2.35433513118284,2.55000000000033));
#5253=CARTESIAN_POINT('Ctrl Pts',(-0.489830647997536,2.45153941619128,2.55));
#5254=CARTESIAN_POINT('Ctrl Pts',(-0.47801462343838,2.4191033568726,2.55));
#5255=CARTESIAN_POINT('Ctrl Pts',(-0.466107109834329,2.38668733573057,2.55));
#5256=CARTESIAN_POINT('Ctrl Pts',(-0.454116203608764,2.35433513118226,2.55));
#5257=CARTESIAN_POINT('Ctrl Pts',(0.848893438783303,2.35146335918522,3.85));
#5258=CARTESIAN_POINT('Ctrl Pts',(0.649632447705255,2.4233978621282,3.61870461900153));
#5259=CARTESIAN_POINT('Ctrl Pts',(0.435627638567171,2.47197578694541,3.39121252330532));
#5260=CARTESIAN_POINT('Ctrl Pts',(-0.0119147335531028,2.51003860350802,
2.95466926498172));
#5261=CARTESIAN_POINT('Ctrl Pts',(-0.248680720465211,2.49972668248099,2.74246682593778));
#5262=CARTESIAN_POINT('Ctrl Pts',(-0.489832022029806,2.45154330783574,2.55000054557561));
#5263=CARTESIAN_POINT('Ctrl Pts',(-0.454116203608096,2.35433513118284,2.55000000000066));
#5264=CARTESIAN_POINT('Ctrl Pts',(-0.209275535628121,2.37608335343752,2.73914552109585));
#5265=CARTESIAN_POINT('Ctrl Pts',(0.0303941982348879,2.35688879982544,2.94729359461345));
#5266=CARTESIAN_POINT('Ctrl Pts',(0.489860696690895,2.25636214965795,3.38253275548678));
#5267=CARTESIAN_POINT('Ctrl Pts',(0.714910102276924,2.1697471411309,3.61694771836776));
#5268=CARTESIAN_POINT('Ctrl Pts',(0.918259654717265,2.05409328087079,3.85));
#5269=CARTESIAN_POINT('Ctrl Pts',(1.16885512739487,1.92257058775561,3.85000019145756));
#5270=CARTESIAN_POINT('Ctrl Pts',(0.771734853983575,2.18089807997248,3.37642987218093));
#5271=CARTESIAN_POINT('Ctrl Pts',(0.293541272319969,2.31652317733265,2.90584043311558));
#5272=CARTESIAN_POINT('Ctrl Pts',(-0.176520993175453,2.3049366341523,2.52556867936467));
#5273=CARTESIAN_POINT('Ctrl Pts',(1.08819271427618,1.97161048584749,3.85000019123729));
#5274=CARTESIAN_POINT('Ctrl Pts',(0.68617917989688,2.22188970653312,3.37697473646138));
#5275=CARTESIAN_POINT('Ctrl Pts',(0.204159393518558,2.34881086373133,2.90818079421188));
#5276=CARTESIAN_POINT('Ctrl Pts',(-0.268089764815859,2.32698370834223,2.53192659371878));
#5277=CARTESIAN_POINT('Ctrl Pts',(1.00444033011974,2.01556713991806,3.85000019077738));
#5278=CARTESIAN_POINT('Ctrl Pts',(0.59804087806016,2.25748969484144,3.37811232373322));
#5279=CARTESIAN_POINT('Ctrl Pts',(0.112791354126766,2.37552789326084,2.91170645531373));
#5280=CARTESIAN_POINT('Ctrl Pts',(-0.360865886593235,2.34349336268435,2.54009187573606));
#5281=CARTESIAN_POINT('Ctrl Pts',(0.918259820569663,2.05409318654284,3.85000019008147));
#5282=CARTESIAN_POINT('Ctrl Pts',(0.508016458066399,2.28741672810357,3.37983364310821));
#5283=CARTESIAN_POINT('Ctrl Pts',(0.0201591803145829,2.39646312627816,2.91638956009868));
#5284=CARTESIAN_POINT('Ctrl Pts',(-0.454116203612661,2.3543351311831,2.55));
#5285=CARTESIAN_POINT('',(-0.146459367252584,2.30547713041895,2.55));
#5286=CARTESIAN_POINT('Origin',(-0.759502612169729,0.682109791497978,2.55));
#5287=CARTESIAN_POINT('Origin',(0.0942639141845399,0.645233882124707,3.69123923500361));
#5288=CARTESIAN_POINT('Ctrl Pts',(2.20242036073364,-1.21142199693467,3.85000000000214));
#5289=CARTESIAN_POINT('Ctrl Pts',(2.43417071308477,-0.780185416018802,3.36045921208122));
#5290=CARTESIAN_POINT('Ctrl Pts',(2.53535962786094,-0.280772800768858,2.87122646917048));
#5291=CARTESIAN_POINT('Ctrl Pts',(2.49052095763697,0.20567782754386,2.4613333982049));
#5292=CARTESIAN_POINT('Ctrl Pts',(2.15142791304302,-1.11714536960169,3.8500000000021));
#5293=CARTESIAN_POINT('Ctrl Pts',(2.3739719759597,-0.690888296817285,3.3691467235897));
#5294=CARTESIAN_POINT('Ctrl Pts',(2.46753777592367,-0.198219496871237,2.88942797067207));
#5295=CARTESIAN_POINT('Ctrl Pts',(2.41735430050214,0.278213493808716,2.4908889321366));
#5296=CARTESIAN_POINT('Ctrl Pts',(2.10043546535241,-1.02286874226872,3.85000000000206));
#5297=CARTESIAN_POINT('Ctrl Pts',(2.31377323883463,-0.601591177615766,3.37783423509819));
#5298=CARTESIAN_POINT('Ctrl Pts',(2.3997159239864,-0.115666192973617,2.90762947217366));
#5299=CARTESIAN_POINT('Ctrl Pts',(2.3441876433673,0.350749160073573,2.5204444660683));
#5300=CARTESIAN_POINT('Ctrl Pts',(2.04944301766179,-0.928592114935741,3.85000000000202));
#5301=CARTESIAN_POINT('Ctrl Pts',(2.25357450170955,-0.512294058414249,3.38652174660667));
#5302=CARTESIAN_POINT('Ctrl Pts',(2.33189407204913,-0.0331128890759953,
2.92583097367525));
#5303=CARTESIAN_POINT('Ctrl Pts',(2.27102098623247,0.42328482633843,2.55));
#5304=CARTESIAN_POINT('',(2.4979320220912,0.101664216966176,2.55001483027748));
#5305=CARTESIAN_POINT('Ctrl Pts',(2.4979320220912,0.101664216966176,2.55001483027748));
#5306=CARTESIAN_POINT('Ctrl Pts',(2.50123310211234,0.0205553102304002,2.62092167872866));
#5307=CARTESIAN_POINT('Ctrl Pts',(2.50057219986708,-0.0604236383422268,
2.69351258941049));
#5308=CARTESIAN_POINT('Ctrl Pts',(2.49602095579831,-0.140994284336948,2.76752358865317));
#5309=CARTESIAN_POINT('Ctrl Pts',(2.49394565018362,-0.17773340697808,2.80127160127489));
#5310=CARTESIAN_POINT('Ctrl Pts',(2.49106140625976,-0.214387431870697,2.83531521843221));
#5311=CARTESIAN_POINT('Ctrl Pts',(2.48737501498183,-0.250929342333927,2.86963082700905));
#5312=CARTESIAN_POINT('Ctrl Pts',(2.47877521731971,-0.336176135872283,2.949683992331));
#5313=CARTESIAN_POINT('Ctrl Pts',(2.46581008701968,-0.420812909483374,3.03122035296844));
#5314=CARTESIAN_POINT('Ctrl Pts',(2.44856447663805,-0.504511648771611,3.11391282208955));
#5315=CARTESIAN_POINT('Ctrl Pts',(2.43233510871373,-0.583278222099534,3.19173242233782));
#5316=CARTESIAN_POINT('Ctrl Pts',(2.41231501808042,-0.661213433607653,3.27057668910144));
#5317=CARTESIAN_POINT('Ctrl Pts',(2.38857431651173,-0.738046566620644,3.3501858533271));
#5318=CARTESIAN_POINT('Ctrl Pts',(2.36265876637681,-0.821918262866004,3.43708788866585));
#5319=CARTESIAN_POINT('Ctrl Pts',(2.33230961725237,-0.904479516634587,3.52489774806252));
#5320=CARTESIAN_POINT('Ctrl Pts',(2.29760731147957,-0.985393648363758,3.61324199026493));
#5321=CARTESIAN_POINT('Ctrl Pts',(2.28317842583522,-1.0190369676687,3.64997467818546));
#5322=CARTESIAN_POINT('Ctrl Pts',(2.26799681938495,-1.05239559063149,3.68679988654005));
#5323=CARTESIAN_POINT('Ctrl Pts',(2.25206743540013,-1.08544565336561,3.72369115777156));
#5324=CARTESIAN_POINT('Ctrl Pts',(2.23391828396309,-1.12310125851245,3.76572324569933));
#5325=CARTESIAN_POINT('Ctrl Pts',(2.21479848269487,-1.16035627095219,3.80784014275216));
#5326=CARTESIAN_POINT('Ctrl Pts',(2.19471449647996,-1.19717512459151,3.85));
#5327=CARTESIAN_POINT('',(2.27102098623247,0.423284826338425,2.55));
#5328=CARTESIAN_POINT('Ctrl Pts',(2.27102098623247,0.423284826338425,2.55));
#5329=CARTESIAN_POINT('Ctrl Pts',(2.30846915709991,0.37119761672432,2.55));
#5330=CARTESIAN_POINT('Ctrl Pts',(2.34573156134666,0.318841009001118,2.55000000000021));
#5331=CARTESIAN_POINT('Ctrl Pts',(2.42002157417275,0.213523614246794,2.55000000000021));
#5332=CARTESIAN_POINT('Ctrl Pts',(2.45716512278225,0.160389938886986,2.54999999999992));
#5333=CARTESIAN_POINT('Ctrl Pts',(2.49532893505319,0.105358537893799,2.54999999999992));
#5334=CARTESIAN_POINT('Ctrl Pts',(2.49660435675209,0.10351889700026,2.55));
#5335=CARTESIAN_POINT('Ctrl Pts',(2.49787953808856,0.10167909471422,2.55));
#5336=CARTESIAN_POINT('Origin',(0.649808221969796,-0.019815380983689,3.69576088668402));
#5337=CARTESIAN_POINT('Ctrl Pts',(1.46806180544419,2.04034145069574,3.85000000000214));
#5338=CARTESIAN_POINT('Ctrl Pts',(1.06790384285372,2.32238190791832,3.36045921208122));
#5339=CARTESIAN_POINT('Ctrl Pts',(0.584329483724338,2.48303058029683,2.87122646917048));
#5340=CARTESIAN_POINT('Ctrl Pts',(0.0960209237318683,2.49715397830767,2.4613333982049));
#5341=CARTESIAN_POINT('Ctrl Pts',(1.36832610050799,2.00108458704567,3.8500000000021));
#5342=CARTESIAN_POINT('Ctrl Pts',(0.97200164426236,2.27338566566968,3.3691467235897));
#5343=CARTESIAN_POINT('Ctrl Pts',(0.49420306547777,2.42565392721686,2.88942797067207));
#5344=CARTESIAN_POINT('Ctrl Pts',(0.015194858185718,2.4332639968935,2.4908889321366));
#5345=CARTESIAN_POINT('Ctrl Pts',(1.26859039557179,1.9618277233956,3.85000000000206));
#5346=CARTESIAN_POINT('Ctrl Pts',(0.876099445671001,2.22438942342104,3.37783423509819));
#5347=CARTESIAN_POINT('Ctrl Pts',(0.404076647231201,2.3682772741369,2.90762947217366));
#5348=CARTESIAN_POINT('Ctrl Pts',(-0.0656312073604323,2.36937401547934,
2.5204444660683));
#5349=CARTESIAN_POINT('Ctrl Pts',(1.16885469063559,1.92257085974553,3.85000000000202));
#5350=CARTESIAN_POINT('Ctrl Pts',(0.780197247079644,2.17539318117239,3.38652174660667));
#5351=CARTESIAN_POINT('Ctrl Pts',(0.313950228984633,2.31090062105694,2.92583097367525));
#5352=CARTESIAN_POINT('Ctrl Pts',(-0.146457272906583,2.30548403406517,2.55));
#5353=CARTESIAN_POINT('',(0.200169463085785,2.4919735524375,2.55001483027748));
#5354=CARTESIAN_POINT('Ctrl Pts',(-0.146457272906583,2.30548403406517,2.55));
#5355=CARTESIAN_POINT('Ctrl Pts',(-0.0902367460293779,2.33638031403081,
2.55));
#5356=CARTESIAN_POINT('Ctrl Pts',(-0.033771185057525,2.36705971485112,2.55000000000007));
#5357=CARTESIAN_POINT('Ctrl Pts',(0.0797322126510372,2.42811305508319,2.55000000000007));
#5358=CARTESIAN_POINT('Ctrl Pts',(0.136955652009081,2.45858124102195,2.54999999999992));
#5359=CARTESIAN_POINT('Ctrl Pts',(0.196186743129792,2.48983391929658,2.54999999999992));
#5360=CARTESIAN_POINT('Ctrl Pts',(0.198167489673372,2.49087871099016,2.55));
#5361=CARTESIAN_POINT('Ctrl Pts',(0.200148367565832,2.49192324441669,2.55));
#5362=CARTESIAN_POINT('Ctrl Pts',(0.200169463085785,2.4919735524375,2.55001483027748));
#5363=CARTESIAN_POINT('Ctrl Pts',(0.281084895797891,2.4854739655115,2.62092167872876));
#5364=CARTESIAN_POINT('Ctrl Pts',(0.361393753698556,2.47505694835619,2.69351258941069));
#5365=CARTESIAN_POINT('Ctrl Pts',(0.440828357118346,2.46082716978668,2.76752358865347));
#5366=CARTESIAN_POINT('Ctrl Pts',(0.477049459741377,2.45433858360787,2.8012716012751));
#5367=CARTESIAN_POINT('Ctrl Pts',(0.513088578335974,2.44705721459105,2.83531521843234));
#5368=CARTESIAN_POINT('Ctrl Pts',(0.548919711762468,2.43899306067865,2.8696308270091));
#5369=CARTESIAN_POINT('Ctrl Pts',(0.632508369135323,2.42018059972849,2.94968399233103));
#5370=CARTESIAN_POINT('Ctrl Pts',(0.714965271608619,2.39710816410722,3.03122035296846));
#5371=CARTESIAN_POINT('Ctrl Pts',(0.795975024226476,2.36989952546678,3.11391282208955));
#5372=CARTESIAN_POINT('Ctrl Pts',(0.872211066419175,2.34429422664327,3.19173242233783));
#5373=CARTESIAN_POINT('Ctrl Pts',(0.947164887224657,2.31502605334114,3.27057668910146));
#5374=CARTESIAN_POINT('Ctrl Pts',(1.0205761948374,2.28219723742958,3.35018585332714));
#5375=CARTESIAN_POINT('Ctrl Pts',(1.10071259760493,2.246361025001,3.43708788866519));
#5376=CARTESIAN_POINT('Ctrl Pts',(1.179013701193,2.20628149589722,3.52489774806114));
#5377=CARTESIAN_POINT('Ctrl Pts',(1.25515497706486,2.16207908818094,3.61324199026283));
#5378=CARTESIAN_POINT('Ctrl Pts',(1.28681378871854,2.14370015133617,3.64997467818439));
#5379=CARTESIAN_POINT('Ctrl Pts',(1.31809924931981,2.12460829821958,3.68679988654002));
#5380=CARTESIAN_POINT('Ctrl Pts',(1.34898826482229,2.10481131253415,3.72369115777258));
#5381=CARTESIAN_POINT('Ctrl Pts',(1.38418167974713,2.08225560720802,3.76572324570001));
#5382=CARTESIAN_POINT('Ctrl Pts',(1.4188604238284,2.05878461529589,3.8078401427525));
#5383=CARTESIAN_POINT('Ctrl Pts',(1.45298996954536,2.03440904156479,3.85));
#5384=CARTESIAN_POINT('Ctrl Pts',(2.04944301785246,-0.928592115288258,3.85000000000202));
#5385=CARTESIAN_POINT('Ctrl Pts',(2.2580193594705,-0.503229383780966,3.37642974721056));
#5386=CARTESIAN_POINT('Ctrl Pts',(2.33501566925496,-0.0121746329842329,
2.90584038987326));
#5387=CARTESIAN_POINT('Ctrl Pts',(2.26685383354358,0.453063686408192,2.52556870110659));
#5388=CARTESIAN_POINT('Ctrl Pts',(2.08840252014319,-0.842606806308919,3.85000000000202));
#5389=CARTESIAN_POINT('Ctrl Pts',(2.28839946399474,-0.413356609642463,3.37697461270513));
#5390=CARTESIAN_POINT('Ctrl Pts',(2.35629410830776,0.0804472993288577,2.90818075154543));
#5391=CARTESIAN_POINT('Ctrl Pts',(2.2777027387609,0.546622194302591,2.53192661233377));
#5392=CARTESIAN_POINT('Ctrl Pts',(2.12194339808586,-0.754166779630455,3.85000000000202));
#5393=CARTESIAN_POINT('Ctrl Pts',(2.31311595266528,-0.321569933549573,3.37811219998927));
#5394=CARTESIAN_POINT('Ctrl Pts',(2.37180311467835,0.174369438485679,2.91170641057303));
#5395=CARTESIAN_POINT('Ctrl Pts',(2.28290908099515,0.640711785128168,2.5400918870302));
#5396=CARTESIAN_POINT('Ctrl Pts',(2.14980059853783,-0.663970922951824,3.85000000000201));
#5397=CARTESIAN_POINT('Ctrl Pts',(2.33197351544604,-0.228594693272705,3.37983351820041));
#5398=CARTESIAN_POINT('Ctrl Pts',(2.38142011923716,0.268849575166251,2.91638951072389));
#5399=CARTESIAN_POINT('Ctrl Pts',(2.28243171769265,0.734588926119299,2.55));
#5400=CARTESIAN_POINT('',(2.28243171769294,0.734588926114743,2.55000000000033));
#5401=CARTESIAN_POINT('Origin',(0.585588517483406,0.836184233137916,2.55));
#5402=CARTESIAN_POINT('Ctrl Pts',(2.28243171769294,0.734588926114741,2.55000000000065));
#5403=CARTESIAN_POINT('Ctrl Pts',(2.33353365223883,0.49415488074526,2.73914552112549));
#5404=CARTESIAN_POINT('Ctrl Pts',(2.3433680426065,0.25391896127733,2.947293594679));
#5405=CARTESIAN_POINT('Ctrl Pts',(2.29895691129343,-0.214314657773255,3.38253275555687));
#5406=CARTESIAN_POINT('Ctrl Pts',(2.24010013194557,-0.448163485359303,3.61694771840237));
#5407=CARTESIAN_POINT('Ctrl Pts',(2.14980059853763,-0.663970922953125,3.85));
#5408=CARTESIAN_POINT('Ctrl Pts',(2.14980059853625,-0.663970922955316,3.85000000000215));
#5409=CARTESIAN_POINT('Ctrl Pts',(2.33197351544479,-0.228594693276415,3.37983351820059));
#5410=CARTESIAN_POINT('Ctrl Pts',(2.38142011923631,0.26884957516236,2.91638951072404));
#5411=CARTESIAN_POINT('Ctrl Pts',(2.28243171769229,0.734588926115328,2.55));
#5412=CARTESIAN_POINT('Ctrl Pts',(2.24541417928425,-0.629069436232779,3.85000000000219));
#5413=CARTESIAN_POINT('Ctrl Pts',(2.42410468887386,-0.184153056128938,3.37300448989683));
#5414=CARTESIAN_POINT('Ctrl Pts',(2.46797526390917,0.32286961529002,2.90367053755633));
#5415=CARTESIAN_POINT('Ctrl Pts',(2.35956574042885,0.798710864792371,2.53271445356165));
#5416=CARTESIAN_POINT('Ctrl Pts',(2.34102776003226,-0.594167949510243,3.85000000000222));
#5417=CARTESIAN_POINT('Ctrl Pts',(2.51623586230293,-0.13971141898146,3.36617546159306));
#5418=CARTESIAN_POINT('Ctrl Pts',(2.55453040858204,0.376889655417682,2.89095156438861));
#5419=CARTESIAN_POINT('Ctrl Pts',(2.43669976316541,0.862832803469414,2.5154289071233));
#5420=CARTESIAN_POINT('Ctrl Pts',(2.43664134078027,-0.559266462787707,3.85000000000225));
#5421=CARTESIAN_POINT('Ctrl Pts',(2.60836703573199,-0.0952697818339827,
3.3593464332893));
#5422=CARTESIAN_POINT('Ctrl Pts',(2.64108555325491,0.430909695545343,2.8782325912209));
#5423=CARTESIAN_POINT('Ctrl Pts',(2.51383378590197,0.926954742146457,2.49814336068495));
#5424=CARTESIAN_POINT('',(2.37462486697578,0.781760789557068,2.55000018034122));
#5425=CARTESIAN_POINT('Ctrl Pts',(2.37462237345731,0.781759653815123,2.55));
#5426=CARTESIAN_POINT('Ctrl Pts',(2.34384707390506,0.766120046467847,2.55));
#5427=CARTESIAN_POINT('Ctrl Pts',(2.31310269421434,0.750392032469116,2.55));
#5428=CARTESIAN_POINT('Ctrl Pts',(2.28243171769229,0.734588926115328,2.55));
#5429=CARTESIAN_POINT('Ctrl Pts',(2.43664134078106,-0.55926646278558,3.85));
#5430=CARTESIAN_POINT('Ctrl Pts',(2.48403310183746,-0.352787562500219,3.61870461900148));
#5431=CARTESIAN_POINT('Ctrl Pts',(2.50646140963658,-0.134487667578043,3.39121252330529));
#5432=CARTESIAN_POINT('Ctrl Pts',(2.49030143360248,0.314379582310228,2.95466926498173));
#5433=CARTESIAN_POINT('Ctrl Pts',(2.45152571203019,0.548176313874817,2.74246682593778));
#5434=CARTESIAN_POINT('Ctrl Pts',(2.37462607110601,0.781761486915052,2.55000054557561));
#5435=CARTESIAN_POINT('Ctrl Pts',(1.76766328954472,1.3920727332984,3.85000000000215));
#5436=CARTESIAN_POINT('Ctrl Pts',(1.51284168883031,1.78931999236222,3.37983351820059));
#5437=CARTESIAN_POINT('Ctrl Pts',(1.13154195418346,2.11259430186941,2.91638951072404));
#5438=CARTESIAN_POINT('Ctrl Pts',(0.692014161384962,2.29569855092991,2.55));
#5439=CARTESIAN_POINT('Ctrl Pts',(1.79325463360805,1.4905874718299,3.85000000000219));
#5440=CARTESIAN_POINT('Ctrl Pts',(1.52860341018406,1.89038818899069,3.37300448989683));
#5441=CARTESIAN_POINT('Ctrl Pts',(1.13625325906034,2.2145146698588,2.90367053755633));
#5442=CARTESIAN_POINT('Ctrl Pts',(0.683059959494133,2.39560402000806,2.53271445356165));
#5443=CARTESIAN_POINT('Ctrl Pts',(1.81884597767138,1.58910221036141,3.85000000000222));
#5444=CARTESIAN_POINT('Ctrl Pts',(1.54436513153781,1.99145638561917,3.36617546159306));
#5445=CARTESIAN_POINT('Ctrl Pts',(1.14096456393722,2.31643503784819,2.89095156438861));
#5446=CARTESIAN_POINT('Ctrl Pts',(0.674105757603303,2.49550948908621,2.5154289071233));
#5447=CARTESIAN_POINT('Ctrl Pts',(1.8444373217347,1.68761694889292,3.85000000000225));
#5448=CARTESIAN_POINT('Ctrl Pts',(1.56012685289157,2.09252458224764,3.3593464332893));
#5449=CARTESIAN_POINT('Ctrl Pts',(1.1456758688141,2.41835540583758,2.8782325912209));
#5450=CARTESIAN_POINT('Ctrl Pts',(0.665151555712474,2.59541495816436,2.49814336068495));
#5451=CARTESIAN_POINT('',(0.705564156846344,2.39836869799502,2.55000018034122));
#5452=CARTESIAN_POINT('',(0.692014161385815,2.29569855093012,2.55000000000033));
#5453=CARTESIAN_POINT('Ctrl Pts',(0.705563675063703,2.39836600069459,2.55));
#5454=CARTESIAN_POINT('Ctrl Pts',(0.700952456833693,2.36415411610831,2.55));
#5455=CARTESIAN_POINT('Ctrl Pts',(0.696431560334789,2.32991745736719,2.55));
#5456=CARTESIAN_POINT('Ctrl Pts',(0.692014161384962,2.29569855092991,2.55));
#5457=CARTESIAN_POINT('Ctrl Pts',(1.8444373217334,1.68761694889478,3.85));
#5458=CARTESIAN_POINT('Ctrl Pts',(1.70143010689276,1.84391298781639,3.61870461900152));
#5459=CARTESIAN_POINT('Ctrl Pts',(1.53451354643504,1.98637959779478,3.39121252330531));
#5460=CARTESIAN_POINT('Ctrl Pts',(1.15592312915593,2.22806585886919,2.95466926498174));
#5461=CARTESIAN_POINT('Ctrl Pts',(0.941485070725314,2.32896574672962,2.74246682593779));
#5462=CARTESIAN_POINT('Ctrl Pts',(0.705564266955908,2.39837008511926,2.55000054557561));
#5463=CARTESIAN_POINT('Ctrl Pts',(0.692014161385823,2.29569855093011,2.55000000000066));
#5464=CARTESIAN_POINT('Ctrl Pts',(0.918916709006161,2.20117251350379,2.73914552109585));
#5465=CARTESIAN_POINT('Ctrl Pts',(1.12221356518129,2.07279650138455,2.94729359461347));
#5466=CARTESIAN_POINT('Ctrl Pts',(1.48233388108416,1.77025984464471,3.38253275548678));
#5467=CARTESIAN_POINT('Ctrl Pts',(1.6413532318207,1.58898038980192,3.61694771836775));
#5468=CARTESIAN_POINT('Ctrl Pts',(1.7676632895437,1.39207273330079,3.85));
#5469=CARTESIAN_POINT('Ctrl Pts',(1.92843291768728,1.15915764920926,3.85000019145757));
#5470=CARTESIAN_POINT('Ctrl Pts',(1.69685115029535,1.57244627692715,3.37642987218092));
#5471=CARTESIAN_POINT('Ctrl Pts',(1.33645988743658,1.91476397473621,2.90584043311558));
#5472=CARTESIAN_POINT('Ctrl Pts',(0.91485588692166,2.12295342733977,2.52556867936467));
#5473=CARTESIAN_POINT('Ctrl Pts',(1.87979987494559,1.24006601496135,3.85000019123728));
#5474=CARTESIAN_POINT('Ctrl Pts',(1.64014512186895,1.64850226391451,3.37697473646138));
#5475=CARTESIAN_POINT('Ctrl Pts',(1.27232100030882,1.98489113145216,2.90818079421187));
#5476=CARTESIAN_POINT('Ctrl Pts',(0.84402155256283,2.18502927204617,2.53192659371877));
#5477=CARTESIAN_POINT('Ctrl Pts',(1.82606849744353,1.31790937280711,3.85000019077739));
#5478=CARTESIAN_POINT('Ctrl Pts',(1.57864667090814,1.72098439928341,3.37811232373322));
#5479=CARTESIAN_POINT('Ctrl Pts',(1.20383464198776,2.05100873132618,2.91170645531374));
#5480=CARTESIAN_POINT('Ctrl Pts',(0.769544795433521,2.24276305856714,2.54009187573606));
#5481=CARTESIAN_POINT('Ctrl Pts',(1.76766339256232,1.39207257270209,3.85000019008147));
#5482=CARTESIAN_POINT('Ctrl Pts',(1.51284179159616,1.78931990523621,3.37983364310821));
#5483=CARTESIAN_POINT('Ctrl Pts',(1.13154201341168,2.11259427719713,2.91638956009869));
#5484=CARTESIAN_POINT('Ctrl Pts',(0.692014161381901,2.29569855093247,2.55));
#5485=CARTESIAN_POINT('',(0.941725315875501,2.10946167886027,2.55));
#5486=CARTESIAN_POINT('Origin',(-0.35551393834684,0.956936688255804,2.55));
#5487=CARTESIAN_POINT('Origin',(0.383321687228412,0.527519603674753,3.6912392350032));
#5488=CARTESIAN_POINT('Ctrl Pts',(2.2480981226816,1.12439029292623,3.85000000000214));
#5489=CARTESIAN_POINT('Ctrl Pts',(2.0248465794179,1.56008739294556,3.36045921208122));
#5490=CARTESIAN_POINT('Ctrl Pts',(1.67131990988776,1.92706293800994,2.87122646917048));
#5491=CARTESIAN_POINT('Ctrl Pts',(1.24550762338803,2.16649688881716,2.4613333982049));
#5492=CARTESIAN_POINT('Ctrl Pts',(2.14154296757312,1.135979559623,3.8500000000021));
#5493=CARTESIAN_POINT('Ctrl Pts',(1.91715971068578,1.56127134894749,3.3691467235897));
#5494=CARTESIAN_POINT('Ctrl Pts',(1.56485266956022,1.91814226978096,2.88942797067207));
#5495=CARTESIAN_POINT('Ctrl Pts',(1.14424854179574,2.14748686535954,2.4908889321366));
#5496=CARTESIAN_POINT('Ctrl Pts',(2.03498781246464,1.14756882631977,3.85000000000206));
#5497=CARTESIAN_POINT('Ctrl Pts',(1.80947284195366,1.56245530494941,3.37783423509819));
#5498=CARTESIAN_POINT('Ctrl Pts',(1.45838542923268,1.90922160155198,2.90762947217366));
#5499=CARTESIAN_POINT('Ctrl Pts',(1.04298946020345,2.12847684190192,2.5204444660683));
#5500=CARTESIAN_POINT('Ctrl Pts',(1.92843265735616,1.15915809301654,3.85000000000202));
#5501=CARTESIAN_POINT('Ctrl Pts',(1.70178597322154,1.56363926095133,3.38652174660667));
#5502=CARTESIAN_POINT('Ctrl Pts',(1.35191818890514,1.900300933323,2.92583097367525));
#5503=CARTESIAN_POINT('Ctrl Pts',(0.941730378611159,2.1094668184443,2.55));
#5504=CARTESIAN_POINT('',(1.33531911117901,2.11350960994269,2.55001483027748));
#5505=CARTESIAN_POINT('Ctrl Pts',(0.941730378611159,2.1094668184443,2.55));
#5506=CARTESIAN_POINT('Ctrl Pts',(1.00586940013003,2.1106971341258,2.55));
#5507=CARTESIAN_POINT('Ctrl Pts',(1.07012459980011,2.1116215398395,2.55000000000007));
#5508=CARTESIAN_POINT('Ctrl Pts',(1.19899976916986,2.11293392881338,2.55000000000007));
#5509=CARTESIAN_POINT('Ctrl Pts',(1.26382788037386,2.11331910938985,2.54999999999992));
#5510=CARTESIAN_POINT('Ctrl Pts',(1.33079825069777,2.11346592113669,2.54999999999992));
#5511=CARTESIAN_POINT('Ctrl Pts',(1.33303765357237,2.11347053942058,2.55));
#5512=CARTESIAN_POINT('Ctrl Pts',(1.33527705272074,2.11347486797947,2.55));
#5513=CARTESIAN_POINT('Ctrl Pts',(1.33531911117901,2.11350960994269,2.55001483027748));
#5514=CARTESIAN_POINT('Ctrl Pts',(1.40394565998934,2.07015123497737,2.62092167872904));
#5515=CARTESIAN_POINT('Ctrl Pts',(1.47021459287542,2.02360603718086,2.69351258941128));
#5516=CARTESIAN_POINT('Ctrl Pts',(1.53393753328478,1.97409109313127,2.76752358865437));
#5517=CARTESIAN_POINT('Ctrl Pts',(1.56299433050677,1.95151294969557,2.8012716012757));
#5518=CARTESIAN_POINT('Ctrl Pts',(1.59152156431901,1.92831740411388,2.83531521843263));
#5519=CARTESIAN_POINT('Ctrl Pts',(1.61950085813121,1.90452539245668,2.86963082700907));
#5520=CARTESIAN_POINT('Ctrl Pts',(1.68477235195146,1.84902219954989,2.94968399233089));
#5521=CARTESIAN_POINT('Ctrl Pts',(1.74706201763436,1.79027293912833,3.0312203529682));
#5522=CARTESIAN_POINT('Ctrl Pts',(1.80614810637047,1.72853377689138,3.11391282208917));
#5523=CARTESIAN_POINT('Ctrl Pts',(1.86175239361165,1.67043275540752,3.19173242233757));
#5524=CARTESIAN_POINT('Ctrl Pts',(1.91451910755279,1.60968429763567,3.27057668910132));
#5525=CARTESIAN_POINT('Ctrl Pts',(1.96426528076479,1.54649988903395,3.35018585332712));
#5526=CARTESIAN_POINT('Ctrl Pts',(2.01856862315549,1.47752725551235,3.43708788866495));
#5527=CARTESIAN_POINT('Ctrl Pts',(2.0692749212436,1.40565025772827,3.52489774806068));
#5528=CARTESIAN_POINT('Ctrl Pts',(2.11615278963927,1.33112635422109,3.61324199026214));
#5529=CARTESIAN_POINT('Ctrl Pts',(2.13564415735383,1.30014003047185,3.64997467818383));
#5530=CARTESIAN_POINT('Ctrl Pts',(2.1544736304181,1.26869595559929,3.68679988653959));
#5531=CARTESIAN_POINT('Ctrl Pts',(2.1726243773367,1.23681175406863,3.72369115777228));
#5532=CARTESIAN_POINT('Ctrl Pts',(2.19330443971842,1.20048447345574,3.76572324569981));
#5533=CARTESIAN_POINT('Ctrl Pts',(2.2131034288149,1.16358592628706,3.8078401427524));
#5534=CARTESIAN_POINT('Ctrl Pts',(2.23199574677813,1.12614163690201,3.85));
#5535=CARTESIAN_POINT('Ctrl Pts',(-2.45185668685869,-0.553712458896848,
3.85000000000214));
#5536=CARTESIAN_POINT('Ctrl Pts',(-2.33936156861835,-1.03017658441625,3.36045921208122));
#5537=CARTESIAN_POINT('Ctrl Pts',(-2.08393073794055,-1.47109295685395,2.87122646917048));
#5538=CARTESIAN_POINT('Ctrl Pts',(-1.72779207759458,-1.8054729424097,2.4613333982049));
#5539=CARTESIAN_POINT('Ctrl Pts',(-2.35117132395969,-0.590465280294094,
3.8500000000021));
#5540=CARTESIAN_POINT('Ctrl Pts',(-2.23508722379576,-1.05709729133419,3.3691467235897));
#5541=CARTESIAN_POINT('Ctrl Pts',(-1.97842238647749,-1.4879107853749,2.88942797067207));
#5542=CARTESIAN_POINT('Ctrl Pts',(-1.62492600449059,-1.81124820006085,2.4908889321366));
#5543=CARTESIAN_POINT('Ctrl Pts',(-2.2504859610607,-0.627218101691342,3.85000000000206));
#5544=CARTESIAN_POINT('Ctrl Pts',(-2.13081287897316,-1.08401799825212,3.37783423509819));
#5545=CARTESIAN_POINT('Ctrl Pts',(-1.87291403501442,-1.50472861389585,2.90762947217366));
#5546=CARTESIAN_POINT('Ctrl Pts',(-1.5220599313866,-1.81702345771201,2.5204444660683));
#5547=CARTESIAN_POINT('Ctrl Pts',(-2.1498005981617,-0.663970923088588,3.85000000000202));
#5548=CARTESIAN_POINT('Ctrl Pts',(-2.02653853415056,-1.11093870517006,3.38652174660667));
#5549=CARTESIAN_POINT('Ctrl Pts',(-1.76740568355136,-1.52154644241679,2.92583097367525));
#5550=CARTESIAN_POINT('Ctrl Pts',(-1.4191938582826,-1.82279871536316,2.55));
#5551=CARTESIAN_POINT('',(-1.80231312093346,-1.73253208169751,2.55001483027748));
#5552=CARTESIAN_POINT('Ctrl Pts',(-1.80231312093346,-1.73253208169751,2.55001483027748));
#5553=CARTESIAN_POINT('Ctrl Pts',(-1.85856916865154,-1.674010214192,2.62092167872873));
#5554=CARTESIAN_POINT('Ctrl Pts',(-1.91177345185654,-1.61295834155602,2.69351258941063));
#5555=CARTESIAN_POINT('Ctrl Pts',(-1.96179501770176,-1.54963231397663,2.76752358865339));
#5556=CARTESIAN_POINT('Ctrl Pts',(-1.98460417381054,-1.52075650362562,2.80127160127495));
#5557=CARTESIAN_POINT('Ctrl Pts',(-2.00675140065509,-1.4914079645321,2.83531521843211));
#5558=CARTESIAN_POINT('Ctrl Pts',(-2.02822386596508,-1.46161142220827,2.86963082700879));
#5559=CARTESIAN_POINT('Ctrl Pts',(-2.07831590532032,-1.39210056031198,2.94968399233037));
#5560=CARTESIAN_POINT('Ctrl Pts',(-2.12473592824103,-1.32015155390491,3.03122035296742));
#5561=CARTESIAN_POINT('Ctrl Pts',(-2.16732993399967,-1.24606619294041,3.11391282208813));
#5562=CARTESIAN_POINT('Ctrl Pts',(-2.20741397715829,-1.17634650460795,3.19173242233681));
#5563=CARTESIAN_POINT('Ctrl Pts',(-2.24410932876595,-1.10473538541376,3.27057668910086));
#5564=CARTESIAN_POINT('Ctrl Pts',(-2.27728894987739,-1.03148196240474,3.35018585332697));
#5565=CARTESIAN_POINT('Ctrl Pts',(-2.31350810422159,-0.951517907803482,
3.43708788866467));
#5566=CARTESIAN_POINT('Ctrl Pts',(-2.34553967797048,-0.869594713533496,
3.52489774806025));
#5567=CARTESIAN_POINT('Ctrl Pts',(-2.37322062323448,-0.786017731005187,
3.61324199026157));
#5568=CARTESIAN_POINT('Ctrl Pts',(-2.38473009457556,-0.751267223896091,
3.64997467818345));
#5569=CARTESIAN_POINT('Ctrl Pts',(-2.39548735770779,-0.716230668837309,
3.6867998865394));
#5570=CARTESIAN_POINT('Ctrl Pts',(-2.40548028803903,-0.680929206199627,
3.72369115777228));
#5571=CARTESIAN_POINT('Ctrl Pts',(-2.41686573810079,-0.640708467472811,
3.76572324569981));
#5572=CARTESIAN_POINT('Ctrl Pts',(-2.42725900423041,-0.600143916796622,
3.8078401427524));
#5573=CARTESIAN_POINT('Ctrl Pts',(-2.43664134078106,-0.559266462785578,
3.85));
#5574=CARTESIAN_POINT('Ctrl Pts',(-1.4191938582826,-1.82279871536316,2.55));
#5575=CARTESIAN_POINT('Ctrl Pts',(-1.48176358416018,-1.80864380008696,2.55));
#5576=CARTESIAN_POINT('Ctrl Pts',(-1.54437290331282,-1.79416406041459,2.55000000000008));
#5577=CARTESIAN_POINT('Ctrl Pts',(-1.66981730296798,-1.76459645853995,2.55000000000008));
#5578=CARTESIAN_POINT('Ctrl Pts',(-1.73285380626599,-1.74945606382277,2.54999999999992));
#5579=CARTESIAN_POINT('Ctrl Pts',(-1.79791323976787,-1.73357155883353,2.54999999999992));
#5580=CARTESIAN_POINT('Ctrl Pts',(-1.80008864151555,-1.73304012688108,2.55));
#5581=CARTESIAN_POINT('Ctrl Pts',(-1.80226397032154,-1.73250841452048,2.55));
#5582=CARTESIAN_POINT('Origin',(0.,0.,0.));
#5583=CARTESIAN_POINT('',(1.73932354273017,1.79575800254475,2.55000018036649));
#5584=CARTESIAN_POINT('Ctrl Pts',(2.41744284215372,0.637157833601504,3.85));
#5585=CARTESIAN_POINT('Ctrl Pts',(2.36345063124738,0.842009876383108,3.61870461129342));
#5586=CARTESIAN_POINT('Ctrl Pts',(2.28186088921223,1.04572779080791,3.39121251490373));
#5587=CARTESIAN_POINT('Ctrl Pts',(2.05895292710664,1.43567008431106,2.95466926187955));
#5588=CARTESIAN_POINT('Ctrl Pts',(1.91596797389492,1.62466682986061,2.74246682648168));
#5589=CARTESIAN_POINT('Ctrl Pts',(1.7393242849595,1.7957591797761,2.55000054565205));
#5590=CARTESIAN_POINT('Origin',(0.,0.,2.55));
#5591=CARTESIAN_POINT('Origin',(0.,0.,0.));
#5592=CARTESIAN_POINT('',(2.16456561412093,1.25086198365978,2.55001886153028));
#5593=CARTESIAN_POINT('Origin',(0.,0.,2.55));
#5594=CARTESIAN_POINT('Ctrl Pts',(2.4996781968887,-0.0401112452970708,3.85));
#5595=CARTESIAN_POINT('Ctrl Pts',(2.50105028160846,0.045395206394361,3.76403499675781));
#5596=CARTESIAN_POINT('Ctrl Pts',(2.49803700085712,0.130945089595173,3.67794646325476));
#5597=CARTESIAN_POINT('Ctrl Pts',(2.49062776948825,0.216271389355968,3.59206302437065));
#5598=CARTESIAN_POINT('Ctrl Pts',(2.48343500390036,0.299104822691607,3.50868872911366));
#5599=CARTESIAN_POINT('Ctrl Pts',(2.47209806830389,0.381727826563854,3.425507748911));
#5600=CARTESIAN_POINT('Ctrl Pts',(2.45659122960274,0.46385291918764,3.34283212332628));
#5601=CARTESIAN_POINT('Ctrl Pts',(2.44552127986121,0.522479997561552,3.283812033048));
#5602=CARTESIAN_POINT('Ctrl Pts',(2.43232592814702,0.580852355238935,3.22504968982559));
#5603=CARTESIAN_POINT('Ctrl Pts',(2.41699588537418,0.6388512268786,3.16666247089544));
#5604=CARTESIAN_POINT('Ctrl Pts',(2.39821617426143,0.709901390951688,3.09513657103774));
#5605=CARTESIAN_POINT('Ctrl Pts',(2.37615431956181,0.780685884262243,3.02387706015906));
#5606=CARTESIAN_POINT('Ctrl Pts',(2.35072937490272,0.850923854389724,2.95314737292882));
#5607=CARTESIAN_POINT('Ctrl Pts',(2.32609241937273,0.918984956183672,2.88460979370074));
#5608=CARTESIAN_POINT('Ctrl Pts',(2.29829755901981,0.986532116094608,2.81656962247297));
#5609=CARTESIAN_POINT('Ctrl Pts',(2.26728797237139,1.05328308176864,2.74928748028162));
#5610=CARTESIAN_POINT('Ctrl Pts',(2.23627991066291,1.12003076487025,2.68200864678404));
#5611=CARTESIAN_POINT('Ctrl Pts',(2.20205868185914,1.18598176005862,2.6154867820684));
#5612=CARTESIAN_POINT('Ctrl Pts',(2.16456561412093,1.25086198365978,2.55001886153028));
#5613=CARTESIAN_POINT('Origin',(0.,0.,0.));
#5614=CARTESIAN_POINT('Origin',(0.,0.,2.55));
#5615=CARTESIAN_POINT('Origin',(0.,0.,0.));
#5616=CARTESIAN_POINT('Origin',(0.,0.,2.55));
#5617=CARTESIAN_POINT('Origin',(0.,0.,0.));
#5618=CARTESIAN_POINT('Origin',(0.,0.,2.55));
#5619=CARTESIAN_POINT('Origin',(0.,0.,0.));
#5620=CARTESIAN_POINT('Origin',(0.,0.,2.55));
#5621=CARTESIAN_POINT('Origin',(0.,0.,0.));
#5622=CARTESIAN_POINT('Origin',(0.,0.,2.55));
#5623=CARTESIAN_POINT('Origin',(0.,0.,0.));
#5624=CARTESIAN_POINT('Origin',(0.,0.,2.55));
#5625=CARTESIAN_POINT('Origin',(0.,0.,0.));
#5626=CARTESIAN_POINT('Origin',(0.,0.,2.55));
#5627=CARTESIAN_POINT('Origin',(0.,0.,0.));
#5628=CARTESIAN_POINT('Origin',(0.,0.,2.55));
#5629=CARTESIAN_POINT('Origin',(0.,0.,0.));
#5630=CARTESIAN_POINT('Origin',(0.,0.,2.55));
#5631=CARTESIAN_POINT('Origin',(0.,0.,0.));
#5632=CARTESIAN_POINT('Origin',(0.,0.,2.55));
#5633=CARTESIAN_POINT('Origin',(0.,0.,0.));
#5634=CARTESIAN_POINT('Origin',(0.,0.,2.55));
#5635=CARTESIAN_POINT('Ctrl Pts',(2.24622996667371,0.130195662589495,3.85000019145867));
#5636=CARTESIAN_POINT('Ctrl Pts',(2.23323929734825,0.603765981866375,3.3764298721818));
#5637=CARTESIAN_POINT('Ctrl Pts',(2.07321164843004,1.07435542093206,2.90584043311612));
#5638=CARTESIAN_POINT('Ctrl Pts',(1.79665030853479,1.45462717468331,2.52556867936487));
#5639=CARTESIAN_POINT('Ctrl Pts',(2.24076753816393,0.224437366971577,3.85000019123839));
#5640=CARTESIAN_POINT('Ctrl Pts',(2.21837358191678,0.697462821733211,3.37697473647675));
#5641=CARTESIAN_POINT('Ctrl Pts',(2.04900919841448,1.1662567639352,2.90818079427476));
#5642=CARTESIAN_POINT('Ctrl Pts',(1.76277770291009,1.54251096432157,2.53192659388841));
#5643=CARTESIAN_POINT('Ctrl Pts',(2.22936637790662,0.318334455917912,3.85000019077847));
#5644=CARTESIAN_POINT('Ctrl Pts',(2.19760353509944,0.790222322901688,3.37811232379469));
#5645=CARTESIAN_POINT('Ctrl Pts',(2.01909391955587,1.25662819119422,2.91170645550217));
#5646=CARTESIAN_POINT('Ctrl Pts',(1.72366203676264,1.62824277052491,2.54009187617148));
#5647=CARTESIAN_POINT('Ctrl Pts',(2.2121165825933,0.411144916166592,3.85000019008257));
#5648=CARTESIAN_POINT('Ctrl Pts',(2.17109330027234,0.881311463002481,3.37983364324667));
#5649=CARTESIAN_POINT('Ctrl Pts',(1.98370220496683,1.34475554577553,2.91638956047362));
#5650=CARTESIAN_POINT('Ctrl Pts',(1.67961241815754,1.71114510545675,2.5500000007924));
#5651=CARTESIAN_POINT('',(1.8141722091675,1.43019379316333,2.55000238316337));
#5652=CARTESIAN_POINT('Origin',(0.584565081254959,0.288956941323092,3.69123923500357));
#5653=CARTESIAN_POINT('',(1.67961242168041,1.71114509882664,2.55));
#5654=CARTESIAN_POINT('Origin',(0.0812881719634229,0.995516784453808,2.55001351277452));
#5655=CARTESIAN_POINT('Ctrl Pts',(1.67961242168094,1.711145098826,2.55000000000066));
#5656=CARTESIAN_POINT('Ctrl Pts',(1.83659620941398,1.52199958030102,2.73914552524832));
#5657=CARTESIAN_POINT('Ctrl Pts',(1.95694732834304,1.31385150626334,2.94729359998578));
#5658=CARTESIAN_POINT('Ctrl Pts',(2.13522223694201,0.878612344357086,3.38253275849695));
#5659=CARTESIAN_POINT('Ctrl Pts',(2.19178211638733,0.644197380662652,3.61694771816399));
#5660=CARTESIAN_POINT('Ctrl Pts',(2.21211656738763,0.411145098826639,3.85));
#5661=CARTESIAN_POINT('Ctrl Pts',(2.21211652614929,0.411145053433568,3.85));
#5662=CARTESIAN_POINT('Ctrl Pts',(2.17109316577172,0.881312097349021,3.37983295608455));
#5663=CARTESIAN_POINT('Ctrl Pts',(1.983701670416,1.34475664832916,2.91638840510441));
#5664=CARTESIAN_POINT('Ctrl Pts',(1.67961129982165,1.71114636676506,2.5499986866685));
#5665=CARTESIAN_POINT('Ctrl Pts',(2.2805586314841,0.486482646822881,3.85));
#5666=CARTESIAN_POINT('Ctrl Pts',(2.23201821303231,0.963478728637978,3.3730039181849));
#5667=CARTESIAN_POINT('Ctrl Pts',(2.03523806848166,1.43281323220454,2.90366941461835));
#5668=CARTESIAN_POINT('Ctrl Pts',(1.71811109492885,1.80376952656317,2.53271312025971));
#5669=CARTESIAN_POINT('Ctrl Pts',(2.34900073681891,0.561820240212194,3.85));
#5670=CARTESIAN_POINT('Ctrl Pts',(2.2929432602929,1.04564535992694,3.36617488028526));
#5671=CARTESIAN_POINT('Ctrl Pts',(2.08677446654732,1.52086981607991,2.89095042413229));
#5672=CARTESIAN_POINT('Ctrl Pts',(1.75661089003605,1.89639268636128,2.51542755385092));
#5673=CARTESIAN_POINT('Ctrl Pts',(2.41744284215372,0.637157833601507,3.85));
#5674=CARTESIAN_POINT('Ctrl Pts',(2.35386830755349,1.12781199121589,3.35934584238561));
#5675=CARTESIAN_POINT('Ctrl Pts',(2.13831086461299,1.60892639995528,2.87823143364623));
#5676=CARTESIAN_POINT('Ctrl Pts',(1.79511068514325,1.98901584615939,2.49814198744212));
#5677=CARTESIAN_POINT('Ctrl Pts',(1.73932186240062,1.79575583779736,2.55));
#5678=CARTESIAN_POINT('Ctrl Pts',(1.71934158538042,1.76760848116108,2.55));
#5679=CARTESIAN_POINT('Ctrl Pts',(1.69942804500499,1.73939486106289,2.55));
#5680=CARTESIAN_POINT('Ctrl Pts',(1.6796124216801,1.71114509882609,2.55));
#5681=CARTESIAN_POINT('Ctrl Pts',(2.51312225252888,-0.0491451305786292,
3.85000000000214));
#5682=CARTESIAN_POINT('Ctrl Pts',(2.51792136668024,0.440395657294147,3.36045921212936));
#5683=CARTESIAN_POINT('Ctrl Pts',(2.37543108630939,0.929628400157059,2.87122646926645));
#5684=CARTESIAN_POINT('Ctrl Pts',(2.10966353659447,1.3395214710974,2.4613333983261));
#5685=CARTESIAN_POINT('Ctrl Pts',(2.42415814926185,0.01063530505852,3.8500000000021));
#5686=CARTESIAN_POINT('Ctrl Pts',(2.42311959178124,0.491488581434092,3.36914672362653));
#5687=CARTESIAN_POINT('Ctrl Pts',(2.27701338570995,0.971207334316377,2.88942797074424));
#5688=CARTESIAN_POINT('Ctrl Pts',(2.01116867436332,1.36974637284176,2.49088893221886));
#5689=CARTESIAN_POINT('Ctrl Pts',(2.33519404599482,0.0704157406956692,3.85000000000206));
#5690=CARTESIAN_POINT('Ctrl Pts',(2.32831781688223,0.542581505574037,3.37783423512369));
#5691=CARTESIAN_POINT('Ctrl Pts',(2.17859568511052,1.0127862684757,2.90762947222204));
#5692=CARTESIAN_POINT('Ctrl Pts',(1.91267381213218,1.39997127458612,2.52044446611162));
#5693=CARTESIAN_POINT('Ctrl Pts',(2.24622994272779,0.130196176332818,3.85000000000202));
#5694=CARTESIAN_POINT('Ctrl Pts',(2.23351604198323,0.593674429713982,3.38652174662086));
#5695=CARTESIAN_POINT('Ctrl Pts',(2.08017798451108,1.05436520263501,2.92583097369983));
#5696=CARTESIAN_POINT('Ctrl Pts',(1.81417894990104,1.43019617633047,2.55000000000437));
#5697=CARTESIAN_POINT('Ctrl Pts',(1.81417894991556,1.43019617632602,2.55));
#5698=CARTESIAN_POINT('Ctrl Pts',(1.87274345704191,1.40087770082234,2.55));
#5699=CARTESIAN_POINT('Ctrl Pts',(1.93126899366912,1.37121963213244,2.54999999999939));
#5700=CARTESIAN_POINT('Ctrl Pts',(2.04715955945534,1.31186703192463,2.54999999999939));
#5701=CARTESIAN_POINT('Ctrl Pts',(2.10471868755555,1.28208055929608,2.54999999999992));
#5702=CARTESIAN_POINT('Ctrl Pts',(2.16288957880474,1.25170121203525,2.54999999999992));
#5703=CARTESIAN_POINT('Ctrl Pts',(2.16369972974986,1.25127806174621,2.55));
#5704=CARTESIAN_POINT('Ctrl Pts',(2.1645098569264,1.2508548694235,2.55));
#5705=CARTESIAN_POINT('Origin',(0.,0.,2.55));
#5706=CARTESIAN_POINT('',(-2.3,-2.81668763803891E-16,2.55));
#5707=CARTESIAN_POINT('Origin',(0.,0.,2.55));
#5708=CARTESIAN_POINT('Origin',(0.,0.,0.75));
#5709=CARTESIAN_POINT('',(-2.1,2.57175827820944E-16,0.75));
#5710=CARTESIAN_POINT('',(-2.1,-2.57175827820944E-16,0.75));
#5711=CARTESIAN_POINT('Origin',(0.,0.,0.75));
#5712=CARTESIAN_POINT('Origin',(0.,0.,0.75));
#5713=CARTESIAN_POINT('',(-2.125,2.60237444818813E-16,0.75));
#5714=CARTESIAN_POINT('Origin',(0.,0.,0.75));
#5715=CARTESIAN_POINT('Origin',(0.,0.,2.55));
#5716=CARTESIAN_POINT('',(-2.3,-2.81668763803891E-16,2.13));
#5717=CARTESIAN_POINT('Origin',(0.,0.,2.13));
#5718=CARTESIAN_POINT('',(-2.3,2.81668763803891E-16,2.55));
#5719=CARTESIAN_POINT('Origin',(0.,0.,2.13));
#5720=CARTESIAN_POINT('Origin',(0.,0.,0.));
#5721=CARTESIAN_POINT('',(-2.125,-2.60237444818813E-16,0.));
#5722=UNCERTAINTY_MEASURE_WITH_UNIT(LENGTH_MEASURE(0.01),#5726,
'DISTANCE_ACCURACY_VALUE',
'Maximum model space distance between geometric entities at asserted c
onnectivities');
#5723=UNCERTAINTY_MEASURE_WITH_UNIT(LENGTH_MEASURE(0.01),#5726,
'DISTANCE_ACCURACY_VALUE',
'Maximum model space distance between geometric entities at asserted c
onnectivities');
#5724=(
GEOMETRIC_REPRESENTATION_CONTEXT(3)
GLOBAL_UNCERTAINTY_ASSIGNED_CONTEXT((#5722))
GLOBAL_UNIT_ASSIGNED_CONTEXT((#5726,#5728,#5729))
REPRESENTATION_CONTEXT('','3D')
);
#5725=(
GEOMETRIC_REPRESENTATION_CONTEXT(3)
GLOBAL_UNCERTAINTY_ASSIGNED_CONTEXT((#5723))
GLOBAL_UNIT_ASSIGNED_CONTEXT((#5726,#5728,#5729))
REPRESENTATION_CONTEXT('','3D')
);
#5726=(
LENGTH_UNIT()
NAMED_UNIT(*)
SI_UNIT(.MILLI.,.METRE.)
);
#5727=(
LENGTH_UNIT()
NAMED_UNIT(*)
SI_UNIT($,.METRE.)
);
#5728=(
NAMED_UNIT(*)
PLANE_ANGLE_UNIT()
SI_UNIT($,.RADIAN.)
);
#5729=(
NAMED_UNIT(*)
SI_UNIT($,.STERADIAN.)
SOLID_ANGLE_UNIT()
);
#5730=SHAPE_DEFINITION_REPRESENTATION(#5731,#5732);
#5731=PRODUCT_DEFINITION_SHAPE('',$,#5734);
#5732=SHAPE_REPRESENTATION('',(#2085),#5724);
#5733=PRODUCT_DEFINITION_CONTEXT('part definition',#5738,'design');
#5734=PRODUCT_DEFINITION('2026-07-16-20-08-45-954',
'M3 Threaded Insert_',#5735,#5733);
#5735=PRODUCT_DEFINITION_FORMATION('',$,#5740);
#5736=PRODUCT_RELATED_PRODUCT_CATEGORY('M3 Threaded Insert_',
'M3 Threaded Insert_',(#5740));
#5737=APPLICATION_PROTOCOL_DEFINITION('international standard',
'automotive_design',2009,#5738);
#5738=APPLICATION_CONTEXT(
'Core Data for Automotive Mechanical Design Process');
#5739=PRODUCT_CONTEXT('part definition',#5738,'mechanical');
#5740=PRODUCT('2026-07-16-20-08-45-954','M3 Threaded Insert_',$,(#5739));
#5741=PRESENTATION_STYLE_ASSIGNMENT((#5743));
#5742=PRESENTATION_STYLE_ASSIGNMENT((#5744));
#5743=SURFACE_STYLE_USAGE(.BOTH.,#5745);
#5744=SURFACE_STYLE_USAGE(.BOTH.,#5746);
#5745=SURFACE_SIDE_STYLE('',(#5747));
#5746=SURFACE_SIDE_STYLE('',(#5748));
#5747=SURFACE_STYLE_FILL_AREA(#5749);
#5748=SURFACE_STYLE_FILL_AREA(#5750);
#5749=FILL_AREA_STYLE('Plate',(#5751));
#5750=FILL_AREA_STYLE('Opaque(243,203,124)',(#5752));
#5751=FILL_AREA_STYLE_COLOUR('Plate',#5753);
#5752=FILL_AREA_STYLE_COLOUR('Opaque(243,203,124)',#5754);
#5753=COLOUR_RGB('Plate',0.6,0.6,0.6);
#5754=COLOUR_RGB('Opaque(243,203,124)',0.952941176470588,0.796078431372549,
0.486274509803922);
ENDSEC;
END-ISO-10303-21;
