ISO-10303-21;
HEADER;
/* Generated by software containing ST-Developer
 * from STEP Tools, Inc. (www.steptools.com) 
 */

FILE_DESCRIPTION(
/* description */ (''),
/* implementation_level */ '2;1');

FILE_NAME(
/* name */ 'Pad_top_cover.step',
/* time_stamp */ '2026-07-29T11:01:44+03:00',
/* author */ (''),
/* organization */ (''),
/* preprocessor_version */ 'ST-DEVELOPER v20.1',
/* originating_system */ 'Autodesk Translation Framework v15.8.0.0',
/* authorisation */ '');

FILE_SCHEMA (('AUTOMOTIVE_DESIGN { 1 0 10303 214 3 1 1 }'));
ENDSEC;

DATA;
#10=MECHANICAL_DESIGN_GEOMETRIC_PRESENTATION_REPRESENTATION('',(#595,#596,
#597,#598,#599,#600,#601,#602,#603,#604,#605,#606,#607,#608,#609,#610,#611,
#612),#13165);
#11=SHAPE_REPRESENTATION_RELATIONSHIP('SRR','None',#13172,#12);
#12=ADVANCED_BREP_SHAPE_REPRESENTATION('',(#613,#614,#615,#616,#617,#618,
#619,#620,#621,#622,#623,#624,#625,#626,#627,#628,#629,#630),#13164);
#13=B_SPLINE_CURVE_WITH_KNOTS('',2,(#9044,#9045,#9046),.UNSPECIFIED.,.F.,
 .F.,(3,3),(0.,1.),.UNSPECIFIED.);
#14=B_SPLINE_CURVE_WITH_KNOTS('',2,(#9050,#9051,#9052),.UNSPECIFIED.,.F.,
 .F.,(3,3),(-1.,0.),.UNSPECIFIED.);
#15=B_SPLINE_CURVE_WITH_KNOTS('',2,(#9067,#9068,#9069),.UNSPECIFIED.,.F.,
 .F.,(3,3),(0.,1.),.UNSPECIFIED.);
#16=B_SPLINE_CURVE_WITH_KNOTS('',2,(#9071,#9072,#9073),.UNSPECIFIED.,.F.,
 .F.,(3,3),(-1.,0.),.UNSPECIFIED.);
#17=B_SPLINE_CURVE_WITH_KNOTS('',2,(#9082,#9083,#9084),.UNSPECIFIED.,.F.,
 .F.,(3,3),(0.,1.),.UNSPECIFIED.);
#18=B_SPLINE_CURVE_WITH_KNOTS('',2,(#9086,#9087,#9088),.UNSPECIFIED.,.F.,
 .F.,(3,3),(-1.,0.),.UNSPECIFIED.);
#19=B_SPLINE_CURVE_WITH_KNOTS('',2,(#9097,#9098,#9099),.UNSPECIFIED.,.F.,
 .F.,(3,3),(0.,1.),.UNSPECIFIED.);
#20=B_SPLINE_CURVE_WITH_KNOTS('',2,(#9101,#9102,#9103),.UNSPECIFIED.,.F.,
 .F.,(3,3),(-1.,0.),.UNSPECIFIED.);
#21=B_SPLINE_CURVE_WITH_KNOTS('',2,(#9112,#9113,#9114),.UNSPECIFIED.,.F.,
 .F.,(3,3),(0.,1.),.UNSPECIFIED.);
#22=B_SPLINE_CURVE_WITH_KNOTS('',2,(#9116,#9117,#9118),.UNSPECIFIED.,.F.,
 .F.,(3,3),(-1.,0.),.UNSPECIFIED.);
#23=B_SPLINE_CURVE_WITH_KNOTS('',2,(#9193,#9194,#9195),.UNSPECIFIED.,.F.,
 .F.,(3,3),(0.,1.),.UNSPECIFIED.);
#24=B_SPLINE_CURVE_WITH_KNOTS('',2,(#9197,#9198,#9199),.UNSPECIFIED.,.F.,
 .F.,(3,3),(-1.,0.),.UNSPECIFIED.);
#25=B_SPLINE_CURVE_WITH_KNOTS('',2,(#9208,#9209,#9210),.UNSPECIFIED.,.F.,
 .F.,(3,3),(0.,1.),.UNSPECIFIED.);
#26=B_SPLINE_CURVE_WITH_KNOTS('',2,(#9212,#9213,#9214),.UNSPECIFIED.,.F.,
 .F.,(3,3),(-1.,0.),.UNSPECIFIED.);
#27=B_SPLINE_CURVE_WITH_KNOTS('',2,(#9222,#9223,#9224),.UNSPECIFIED.,.F.,
 .F.,(3,3),(0.,1.),.UNSPECIFIED.);
#28=B_SPLINE_CURVE_WITH_KNOTS('',2,(#9225,#9226,#9227),.UNSPECIFIED.,.F.,
 .F.,(3,3),(-1.,0.),.UNSPECIFIED.);
#29=B_SPLINE_CURVE_WITH_KNOTS('',2,(#9238,#9239,#9240),.UNSPECIFIED.,.F.,
 .F.,(3,3),(-1.,0.),.UNSPECIFIED.);
#30=B_SPLINE_CURVE_WITH_KNOTS('',2,(#9244,#9245,#9246),.UNSPECIFIED.,.F.,
 .F.,(3,3),(-1.,0.),.UNSPECIFIED.);
#31=B_SPLINE_CURVE_WITH_KNOTS('',2,(#9255,#9256,#9257),.UNSPECIFIED.,.F.,
 .F.,(3,3),(-1.,0.),.UNSPECIFIED.);
#32=B_SPLINE_CURVE_WITH_KNOTS('',2,(#9259,#9260,#9261),.UNSPECIFIED.,.F.,
 .F.,(3,3),(-1.,0.),.UNSPECIFIED.);
#33=B_SPLINE_CURVE_WITH_KNOTS('',2,(#9270,#9271,#9272),.UNSPECIFIED.,.F.,
 .F.,(3,3),(-1.,0.),.UNSPECIFIED.);
#34=B_SPLINE_CURVE_WITH_KNOTS('',2,(#9274,#9275,#9276),.UNSPECIFIED.,.F.,
 .F.,(3,3),(-1.,0.),.UNSPECIFIED.);
#35=B_SPLINE_CURVE_WITH_KNOTS('',2,(#9285,#9286,#9287),.UNSPECIFIED.,.F.,
 .F.,(3,3),(-1.,0.),.UNSPECIFIED.);
#36=B_SPLINE_CURVE_WITH_KNOTS('',2,(#9289,#9290,#9291),.UNSPECIFIED.,.F.,
 .F.,(3,3),(-1.,0.),.UNSPECIFIED.);
#37=B_SPLINE_CURVE_WITH_KNOTS('',2,(#9300,#9301,#9302),.UNSPECIFIED.,.F.,
 .F.,(3,3),(-1.,0.),.UNSPECIFIED.);
#38=B_SPLINE_CURVE_WITH_KNOTS('',2,(#9304,#9305,#9306),.UNSPECIFIED.,.F.,
 .F.,(3,3),(-1.,0.),.UNSPECIFIED.);
#39=B_SPLINE_CURVE_WITH_KNOTS('',2,(#9315,#9316,#9317),.UNSPECIFIED.,.F.,
 .F.,(3,3),(-1.,0.),.UNSPECIFIED.);
#40=B_SPLINE_CURVE_WITH_KNOTS('',2,(#9319,#9320,#9321),.UNSPECIFIED.,.F.,
 .F.,(3,3),(-1.,0.),.UNSPECIFIED.);
#41=B_SPLINE_CURVE_WITH_KNOTS('',2,(#9330,#9331,#9332),.UNSPECIFIED.,.F.,
 .F.,(3,3),(-1.,0.),.UNSPECIFIED.);
#42=B_SPLINE_CURVE_WITH_KNOTS('',2,(#9334,#9335,#9336),.UNSPECIFIED.,.F.,
 .F.,(3,3),(-1.,0.),.UNSPECIFIED.);
#43=B_SPLINE_CURVE_WITH_KNOTS('',2,(#9344,#9345,#9346),.UNSPECIFIED.,.F.,
 .F.,(3,3),(-1.,0.),.UNSPECIFIED.);
#44=B_SPLINE_CURVE_WITH_KNOTS('',2,(#9347,#9348,#9349),.UNSPECIFIED.,.F.,
 .F.,(3,3),(-1.,0.),.UNSPECIFIED.);
#45=B_SPLINE_CURVE_WITH_KNOTS('',2,(#9384,#9385,#9386),.UNSPECIFIED.,.F.,
 .F.,(3,3),(0.,1.),.UNSPECIFIED.);
#46=B_SPLINE_CURVE_WITH_KNOTS('',2,(#9388,#9389,#9390),.UNSPECIFIED.,.F.,
 .F.,(3,3),(-1.,0.),.UNSPECIFIED.);
#47=B_SPLINE_CURVE_WITH_KNOTS('',2,(#9399,#9400,#9401),.UNSPECIFIED.,.F.,
 .F.,(3,3),(0.,1.),.UNSPECIFIED.);
#48=B_SPLINE_CURVE_WITH_KNOTS('',2,(#9403,#9404,#9405),.UNSPECIFIED.,.F.,
 .F.,(3,3),(-1.,0.),.UNSPECIFIED.);
#49=B_SPLINE_CURVE_WITH_KNOTS('',2,(#9414,#9415,#9416),.UNSPECIFIED.,.F.,
 .F.,(3,3),(0.,1.),.UNSPECIFIED.);
#50=B_SPLINE_CURVE_WITH_KNOTS('',2,(#9418,#9419,#9420),.UNSPECIFIED.,.F.,
 .F.,(3,3),(-1.,0.),.UNSPECIFIED.);
#51=B_SPLINE_CURVE_WITH_KNOTS('',2,(#9429,#9430,#9431),.UNSPECIFIED.,.F.,
 .F.,(3,3),(0.,1.),.UNSPECIFIED.);
#52=B_SPLINE_CURVE_WITH_KNOTS('',2,(#9433,#9434,#9435),.UNSPECIFIED.,.F.,
 .F.,(3,3),(-1.,0.),.UNSPECIFIED.);
#53=B_SPLINE_CURVE_WITH_KNOTS('',2,(#9444,#9445,#9446),.UNSPECIFIED.,.F.,
 .F.,(3,3),(0.,1.),.UNSPECIFIED.);
#54=B_SPLINE_CURVE_WITH_KNOTS('',2,(#9448,#9449,#9450),.UNSPECIFIED.,.F.,
 .F.,(3,3),(-1.,0.),.UNSPECIFIED.);
#55=B_SPLINE_CURVE_WITH_KNOTS('',2,(#9459,#9460,#9461),.UNSPECIFIED.,.F.,
 .F.,(3,3),(0.,1.),.UNSPECIFIED.);
#56=B_SPLINE_CURVE_WITH_KNOTS('',2,(#9463,#9464,#9465),.UNSPECIFIED.,.F.,
 .F.,(3,3),(-1.,0.),.UNSPECIFIED.);
#57=B_SPLINE_CURVE_WITH_KNOTS('',2,(#9474,#9475,#9476),.UNSPECIFIED.,.F.,
 .F.,(3,3),(0.,1.),.UNSPECIFIED.);
#58=B_SPLINE_CURVE_WITH_KNOTS('',2,(#9478,#9479,#9480),.UNSPECIFIED.,.F.,
 .F.,(3,3),(-1.,0.),.UNSPECIFIED.);
#59=B_SPLINE_CURVE_WITH_KNOTS('',2,(#9489,#9490,#9491),.UNSPECIFIED.,.F.,
 .F.,(3,3),(0.,1.),.UNSPECIFIED.);
#60=B_SPLINE_CURVE_WITH_KNOTS('',2,(#9493,#9494,#9495),.UNSPECIFIED.,.F.,
 .F.,(3,3),(-1.,0.),.UNSPECIFIED.);
#61=B_SPLINE_CURVE_WITH_KNOTS('',2,(#9504,#9505,#9506),.UNSPECIFIED.,.F.,
 .F.,(3,3),(0.,1.),.UNSPECIFIED.);
#62=B_SPLINE_CURVE_WITH_KNOTS('',2,(#9508,#9509,#9510),.UNSPECIFIED.,.F.,
 .F.,(3,3),(-1.,0.),.UNSPECIFIED.);
#63=B_SPLINE_CURVE_WITH_KNOTS('',2,(#9519,#9520,#9521),.UNSPECIFIED.,.F.,
 .F.,(3,3),(0.,1.),.UNSPECIFIED.);
#64=B_SPLINE_CURVE_WITH_KNOTS('',2,(#9523,#9524,#9525),.UNSPECIFIED.,.F.,
 .F.,(3,3),(-1.,0.),.UNSPECIFIED.);
#65=B_SPLINE_CURVE_WITH_KNOTS('',2,(#9618,#9619,#9620),.UNSPECIFIED.,.F.,
 .F.,(3,3),(0.,1.),.UNSPECIFIED.);
#66=B_SPLINE_CURVE_WITH_KNOTS('',2,(#9624,#9625,#9626),.UNSPECIFIED.,.F.,
 .F.,(3,3),(-1.,0.),.UNSPECIFIED.);
#67=B_SPLINE_CURVE_WITH_KNOTS('',2,(#9641,#9642,#9643),.UNSPECIFIED.,.F.,
 .F.,(3,3),(0.,1.),.UNSPECIFIED.);
#68=B_SPLINE_CURVE_WITH_KNOTS('',2,(#9645,#9646,#9647),.UNSPECIFIED.,.F.,
 .F.,(3,3),(-1.,0.),.UNSPECIFIED.);
#69=B_SPLINE_CURVE_WITH_KNOTS('',2,(#9656,#9657,#9658),.UNSPECIFIED.,.F.,
 .F.,(3,3),(0.,1.),.UNSPECIFIED.);
#70=B_SPLINE_CURVE_WITH_KNOTS('',2,(#9660,#9661,#9662),.UNSPECIFIED.,.F.,
 .F.,(3,3),(-1.,0.),.UNSPECIFIED.);
#71=B_SPLINE_CURVE_WITH_KNOTS('',2,(#9671,#9672,#9673),.UNSPECIFIED.,.F.,
 .F.,(3,3),(0.,1.),.UNSPECIFIED.);
#72=B_SPLINE_CURVE_WITH_KNOTS('',2,(#9675,#9676,#9677),.UNSPECIFIED.,.F.,
 .F.,(3,3),(-1.,0.),.UNSPECIFIED.);
#73=B_SPLINE_CURVE_WITH_KNOTS('',2,(#9686,#9687,#9688),.UNSPECIFIED.,.F.,
 .F.,(3,3),(0.,1.),.UNSPECIFIED.);
#74=B_SPLINE_CURVE_WITH_KNOTS('',2,(#9690,#9691,#9692),.UNSPECIFIED.,.F.,
 .F.,(3,3),(-1.,0.),.UNSPECIFIED.);
#75=B_SPLINE_CURVE_WITH_KNOTS('',2,(#9701,#9702,#9703),.UNSPECIFIED.,.F.,
 .F.,(3,3),(0.,1.),.UNSPECIFIED.);
#76=B_SPLINE_CURVE_WITH_KNOTS('',2,(#9705,#9706,#9707),.UNSPECIFIED.,.F.,
 .F.,(3,3),(-1.,0.),.UNSPECIFIED.);
#77=B_SPLINE_CURVE_WITH_KNOTS('',2,(#9716,#9717,#9718),.UNSPECIFIED.,.F.,
 .F.,(3,3),(0.,1.),.UNSPECIFIED.);
#78=B_SPLINE_CURVE_WITH_KNOTS('',2,(#9720,#9721,#9722),.UNSPECIFIED.,.F.,
 .F.,(3,3),(-1.,0.),.UNSPECIFIED.);
#79=B_SPLINE_CURVE_WITH_KNOTS('',2,(#9731,#9732,#9733),.UNSPECIFIED.,.F.,
 .F.,(3,3),(0.,1.),.UNSPECIFIED.);
#80=B_SPLINE_CURVE_WITH_KNOTS('',2,(#9735,#9736,#9737),.UNSPECIFIED.,.F.,
 .F.,(3,3),(-1.,0.),.UNSPECIFIED.);
#81=B_SPLINE_CURVE_WITH_KNOTS('',2,(#9746,#9747,#9748),.UNSPECIFIED.,.F.,
 .F.,(3,3),(0.,1.),.UNSPECIFIED.);
#82=B_SPLINE_CURVE_WITH_KNOTS('',2,(#9750,#9751,#9752),.UNSPECIFIED.,.F.,
 .F.,(3,3),(-1.,0.),.UNSPECIFIED.);
#83=B_SPLINE_CURVE_WITH_KNOTS('',2,(#9761,#9762,#9763),.UNSPECIFIED.,.F.,
 .F.,(3,3),(0.,1.),.UNSPECIFIED.);
#84=B_SPLINE_CURVE_WITH_KNOTS('',2,(#9765,#9766,#9767),.UNSPECIFIED.,.F.,
 .F.,(3,3),(-1.,0.),.UNSPECIFIED.);
#85=B_SPLINE_CURVE_WITH_KNOTS('',2,(#9776,#9777,#9778),.UNSPECIFIED.,.F.,
 .F.,(3,3),(0.,1.),.UNSPECIFIED.);
#86=B_SPLINE_CURVE_WITH_KNOTS('',2,(#9780,#9781,#9782),.UNSPECIFIED.,.F.,
 .F.,(3,3),(-1.,0.),.UNSPECIFIED.);
#87=B_SPLINE_CURVE_WITH_KNOTS('',2,(#9791,#9792,#9793),.UNSPECIFIED.,.F.,
 .F.,(3,3),(0.,1.),.UNSPECIFIED.);
#88=B_SPLINE_CURVE_WITH_KNOTS('',2,(#9795,#9796,#9797),.UNSPECIFIED.,.F.,
 .F.,(3,3),(-1.,0.),.UNSPECIFIED.);
#89=B_SPLINE_CURVE_WITH_KNOTS('',2,(#9806,#9807,#9808),.UNSPECIFIED.,.F.,
 .F.,(3,3),(0.,1.),.UNSPECIFIED.);
#90=B_SPLINE_CURVE_WITH_KNOTS('',2,(#9810,#9811,#9812),.UNSPECIFIED.,.F.,
 .F.,(3,3),(-1.,0.),.UNSPECIFIED.);
#91=B_SPLINE_CURVE_WITH_KNOTS('',2,(#9821,#9822,#9823),.UNSPECIFIED.,.F.,
 .F.,(3,3),(0.,1.),.UNSPECIFIED.);
#92=B_SPLINE_CURVE_WITH_KNOTS('',2,(#9825,#9826,#9827),.UNSPECIFIED.,.F.,
 .F.,(3,3),(-1.,0.),.UNSPECIFIED.);
#93=B_SPLINE_CURVE_WITH_KNOTS('',2,(#9836,#9837,#9838),.UNSPECIFIED.,.F.,
 .F.,(3,3),(0.,1.),.UNSPECIFIED.);
#94=B_SPLINE_CURVE_WITH_KNOTS('',2,(#9840,#9841,#9842),.UNSPECIFIED.,.F.,
 .F.,(3,3),(-1.,0.),.UNSPECIFIED.);
#95=B_SPLINE_CURVE_WITH_KNOTS('',2,(#9851,#9852,#9853),.UNSPECIFIED.,.F.,
 .F.,(3,3),(0.,1.),.UNSPECIFIED.);
#96=B_SPLINE_CURVE_WITH_KNOTS('',2,(#9855,#9856,#9857),.UNSPECIFIED.,.F.,
 .F.,(3,3),(-1.,0.),.UNSPECIFIED.);
#97=B_SPLINE_CURVE_WITH_KNOTS('',2,(#9866,#9867,#9868),.UNSPECIFIED.,.F.,
 .F.,(3,3),(0.,1.),.UNSPECIFIED.);
#98=B_SPLINE_CURVE_WITH_KNOTS('',2,(#9870,#9871,#9872),.UNSPECIFIED.,.F.,
 .F.,(3,3),(-1.,0.),.UNSPECIFIED.);
#99=B_SPLINE_CURVE_WITH_KNOTS('',2,(#9881,#9882,#9883),.UNSPECIFIED.,.F.,
 .F.,(3,3),(0.,1.),.UNSPECIFIED.);
#100=B_SPLINE_CURVE_WITH_KNOTS('',2,(#9885,#9886,#9887),.UNSPECIFIED.,.F.,
 .F.,(3,3),(-1.,0.),.UNSPECIFIED.);
#101=B_SPLINE_CURVE_WITH_KNOTS('',2,(#9896,#9897,#9898),.UNSPECIFIED.,.F.,
 .F.,(3,3),(0.,1.),.UNSPECIFIED.);
#102=B_SPLINE_CURVE_WITH_KNOTS('',2,(#9900,#9901,#9902),.UNSPECIFIED.,.F.,
 .F.,(3,3),(-1.,0.),.UNSPECIFIED.);
#103=B_SPLINE_CURVE_WITH_KNOTS('',2,(#9917,#9918,#9919),.UNSPECIFIED.,.F.,
 .F.,(3,3),(0.,1.),.UNSPECIFIED.);
#104=B_SPLINE_CURVE_WITH_KNOTS('',2,(#9921,#9922,#9923),.UNSPECIFIED.,.F.,
 .F.,(3,3),(-1.,0.),.UNSPECIFIED.);
#105=B_SPLINE_CURVE_WITH_KNOTS('',2,(#9932,#9933,#9934),.UNSPECIFIED.,.F.,
 .F.,(3,3),(0.,1.),.UNSPECIFIED.);
#106=B_SPLINE_CURVE_WITH_KNOTS('',2,(#9936,#9937,#9938),.UNSPECIFIED.,.F.,
 .F.,(3,3),(-1.,0.),.UNSPECIFIED.);
#107=B_SPLINE_CURVE_WITH_KNOTS('',2,(#9947,#9948,#9949),.UNSPECIFIED.,.F.,
 .F.,(3,3),(0.,1.),.UNSPECIFIED.);
#108=B_SPLINE_CURVE_WITH_KNOTS('',2,(#9951,#9952,#9953),.UNSPECIFIED.,.F.,
 .F.,(3,3),(-1.,0.),.UNSPECIFIED.);
#109=B_SPLINE_CURVE_WITH_KNOTS('',2,(#9962,#9963,#9964),.UNSPECIFIED.,.F.,
 .F.,(3,3),(0.,1.),.UNSPECIFIED.);
#110=B_SPLINE_CURVE_WITH_KNOTS('',2,(#9966,#9967,#9968),.UNSPECIFIED.,.F.,
 .F.,(3,3),(-1.,0.),.UNSPECIFIED.);
#111=B_SPLINE_CURVE_WITH_KNOTS('',2,(#9977,#9978,#9979),.UNSPECIFIED.,.F.,
 .F.,(3,3),(0.,1.),.UNSPECIFIED.);
#112=B_SPLINE_CURVE_WITH_KNOTS('',2,(#9981,#9982,#9983),.UNSPECIFIED.,.F.,
 .F.,(3,3),(-1.,0.),.UNSPECIFIED.);
#113=B_SPLINE_CURVE_WITH_KNOTS('',2,(#9992,#9993,#9994),.UNSPECIFIED.,.F.,
 .F.,(3,3),(0.,1.),.UNSPECIFIED.);
#114=B_SPLINE_CURVE_WITH_KNOTS('',2,(#9996,#9997,#9998),.UNSPECIFIED.,.F.,
 .F.,(3,3),(-1.,0.),.UNSPECIFIED.);
#115=B_SPLINE_CURVE_WITH_KNOTS('',2,(#10007,#10008,#10009),
 .UNSPECIFIED.,.F.,.F.,(3,3),(0.,1.),.UNSPECIFIED.);
#116=B_SPLINE_CURVE_WITH_KNOTS('',2,(#10011,#10012,#10013),
 .UNSPECIFIED.,.F.,.F.,(3,3),(-1.,0.),.UNSPECIFIED.);
#117=B_SPLINE_CURVE_WITH_KNOTS('',2,(#10022,#10023,#10024),
 .UNSPECIFIED.,.F.,.F.,(3,3),(0.,1.),.UNSPECIFIED.);
#118=B_SPLINE_CURVE_WITH_KNOTS('',2,(#10026,#10027,#10028),
 .UNSPECIFIED.,.F.,.F.,(3,3),(-1.,0.),.UNSPECIFIED.);
#119=B_SPLINE_CURVE_WITH_KNOTS('',2,(#10037,#10038,#10039),
 .UNSPECIFIED.,.F.,.F.,(3,3),(0.,1.),.UNSPECIFIED.);
#120=B_SPLINE_CURVE_WITH_KNOTS('',2,(#10041,#10042,#10043),
 .UNSPECIFIED.,.F.,.F.,(3,3),(-1.,0.),.UNSPECIFIED.);
#121=B_SPLINE_CURVE_WITH_KNOTS('',2,(#10052,#10053,#10054),
 .UNSPECIFIED.,.F.,.F.,(3,3),(0.,1.),.UNSPECIFIED.);
#122=B_SPLINE_CURVE_WITH_KNOTS('',2,(#10056,#10057,#10058),
 .UNSPECIFIED.,.F.,.F.,(3,3),(-1.,0.),.UNSPECIFIED.);
#123=B_SPLINE_CURVE_WITH_KNOTS('',2,(#10067,#10068,#10069),
 .UNSPECIFIED.,.F.,.F.,(3,3),(0.,1.),.UNSPECIFIED.);
#124=B_SPLINE_CURVE_WITH_KNOTS('',2,(#10071,#10072,#10073),
 .UNSPECIFIED.,.F.,.F.,(3,3),(-1.,0.),.UNSPECIFIED.);
#125=B_SPLINE_CURVE_WITH_KNOTS('',2,(#10082,#10083,#10084),
 .UNSPECIFIED.,.F.,.F.,(3,3),(0.,1.),.UNSPECIFIED.);
#126=B_SPLINE_CURVE_WITH_KNOTS('',2,(#10086,#10087,#10088),
 .UNSPECIFIED.,.F.,.F.,(3,3),(-1.,0.),.UNSPECIFIED.);
#127=B_SPLINE_CURVE_WITH_KNOTS('',2,(#10097,#10098,#10099),
 .UNSPECIFIED.,.F.,.F.,(3,3),(0.,1.),.UNSPECIFIED.);
#128=B_SPLINE_CURVE_WITH_KNOTS('',2,(#10101,#10102,#10103),
 .UNSPECIFIED.,.F.,.F.,(3,3),(-1.,0.),.UNSPECIFIED.);
#129=B_SPLINE_CURVE_WITH_KNOTS('',2,(#10111,#10112,#10113),
 .UNSPECIFIED.,.F.,.F.,(3,3),(0.,1.),.UNSPECIFIED.);
#130=B_SPLINE_CURVE_WITH_KNOTS('',2,(#10114,#10115,#10116),
 .UNSPECIFIED.,.F.,.F.,(3,3),(-1.,0.),.UNSPECIFIED.);
#131=B_SPLINE_CURVE_WITH_KNOTS('',2,(#10153,#10154,#10155),
 .UNSPECIFIED.,.F.,.F.,(3,3),(0.,1.),.UNSPECIFIED.);
#132=B_SPLINE_CURVE_WITH_KNOTS('',2,(#10159,#10160,#10161),
 .UNSPECIFIED.,.F.,.F.,(3,3),(-1.,0.),.UNSPECIFIED.);
#133=B_SPLINE_CURVE_WITH_KNOTS('',2,(#10176,#10177,#10178),
 .UNSPECIFIED.,.F.,.F.,(3,3),(0.,1.),.UNSPECIFIED.);
#134=B_SPLINE_CURVE_WITH_KNOTS('',2,(#10180,#10181,#10182),
 .UNSPECIFIED.,.F.,.F.,(3,3),(-1.,0.),.UNSPECIFIED.);
#135=B_SPLINE_CURVE_WITH_KNOTS('',2,(#10191,#10192,#10193),
 .UNSPECIFIED.,.F.,.F.,(3,3),(0.,1.),.UNSPECIFIED.);
#136=B_SPLINE_CURVE_WITH_KNOTS('',2,(#10195,#10196,#10197),
 .UNSPECIFIED.,.F.,.F.,(3,3),(-1.,0.),.UNSPECIFIED.);
#137=B_SPLINE_CURVE_WITH_KNOTS('',2,(#10206,#10207,#10208),
 .UNSPECIFIED.,.F.,.F.,(3,3),(0.,1.),.UNSPECIFIED.);
#138=B_SPLINE_CURVE_WITH_KNOTS('',2,(#10210,#10211,#10212),
 .UNSPECIFIED.,.F.,.F.,(3,3),(-1.,0.),.UNSPECIFIED.);
#139=B_SPLINE_CURVE_WITH_KNOTS('',2,(#10221,#10222,#10223),
 .UNSPECIFIED.,.F.,.F.,(3,3),(0.,1.),.UNSPECIFIED.);
#140=B_SPLINE_CURVE_WITH_KNOTS('',2,(#10225,#10226,#10227),
 .UNSPECIFIED.,.F.,.F.,(3,3),(-1.,0.),.UNSPECIFIED.);
#141=B_SPLINE_CURVE_WITH_KNOTS('',2,(#10236,#10237,#10238),
 .UNSPECIFIED.,.F.,.F.,(3,3),(0.,1.),.UNSPECIFIED.);
#142=B_SPLINE_CURVE_WITH_KNOTS('',2,(#10240,#10241,#10242),
 .UNSPECIFIED.,.F.,.F.,(3,3),(-1.,0.),.UNSPECIFIED.);
#143=B_SPLINE_CURVE_WITH_KNOTS('',2,(#10269,#10270,#10271),
 .UNSPECIFIED.,.F.,.F.,(3,3),(0.,1.),.UNSPECIFIED.);
#144=B_SPLINE_CURVE_WITH_KNOTS('',2,(#10273,#10274,#10275),
 .UNSPECIFIED.,.F.,.F.,(3,3),(-1.,0.),.UNSPECIFIED.);
#145=B_SPLINE_CURVE_WITH_KNOTS('',2,(#10284,#10285,#10286),
 .UNSPECIFIED.,.F.,.F.,(3,3),(0.,1.),.UNSPECIFIED.);
#146=B_SPLINE_CURVE_WITH_KNOTS('',2,(#10288,#10289,#10290),
 .UNSPECIFIED.,.F.,.F.,(3,3),(-1.,0.),.UNSPECIFIED.);
#147=B_SPLINE_CURVE_WITH_KNOTS('',2,(#10317,#10318,#10319),
 .UNSPECIFIED.,.F.,.F.,(3,3),(0.,1.),.UNSPECIFIED.);
#148=B_SPLINE_CURVE_WITH_KNOTS('',2,(#10321,#10322,#10323),
 .UNSPECIFIED.,.F.,.F.,(3,3),(-1.,0.),.UNSPECIFIED.);
#149=B_SPLINE_CURVE_WITH_KNOTS('',2,(#10332,#10333,#10334),
 .UNSPECIFIED.,.F.,.F.,(3,3),(0.,1.),.UNSPECIFIED.);
#150=B_SPLINE_CURVE_WITH_KNOTS('',2,(#10336,#10337,#10338),
 .UNSPECIFIED.,.F.,.F.,(3,3),(-1.,0.),.UNSPECIFIED.);
#151=B_SPLINE_CURVE_WITH_KNOTS('',2,(#10346,#10347,#10348),
 .UNSPECIFIED.,.F.,.F.,(3,3),(0.,1.),.UNSPECIFIED.);
#152=B_SPLINE_CURVE_WITH_KNOTS('',2,(#10349,#10350,#10351),
 .UNSPECIFIED.,.F.,.F.,(3,3),(-1.,0.),.UNSPECIFIED.);
#153=B_SPLINE_CURVE_WITH_KNOTS('',2,(#10362,#10363,#10364),
 .UNSPECIFIED.,.F.,.F.,(3,3),(0.,1.),.UNSPECIFIED.);
#154=B_SPLINE_CURVE_WITH_KNOTS('',2,(#10368,#10369,#10370),
 .UNSPECIFIED.,.F.,.F.,(3,3),(0.,1.),.UNSPECIFIED.);
#155=B_SPLINE_CURVE_WITH_KNOTS('',2,(#10379,#10380,#10381),
 .UNSPECIFIED.,.F.,.F.,(3,3),(0.,1.),.UNSPECIFIED.);
#156=B_SPLINE_CURVE_WITH_KNOTS('',2,(#10383,#10384,#10385),
 .UNSPECIFIED.,.F.,.F.,(3,3),(0.,1.),.UNSPECIFIED.);
#157=B_SPLINE_CURVE_WITH_KNOTS('',2,(#10460,#10461,#10462),
 .UNSPECIFIED.,.F.,.F.,(3,3),(0.,1.),.UNSPECIFIED.);
#158=B_SPLINE_CURVE_WITH_KNOTS('',2,(#10464,#10465,#10466),
 .UNSPECIFIED.,.F.,.F.,(3,3),(0.,1.),.UNSPECIFIED.);
#159=B_SPLINE_CURVE_WITH_KNOTS('',2,(#10475,#10476,#10477),
 .UNSPECIFIED.,.F.,.F.,(3,3),(0.,1.),.UNSPECIFIED.);
#160=B_SPLINE_CURVE_WITH_KNOTS('',2,(#10479,#10480,#10481),
 .UNSPECIFIED.,.F.,.F.,(3,3),(0.,1.),.UNSPECIFIED.);
#161=B_SPLINE_CURVE_WITH_KNOTS('',2,(#10490,#10491,#10492),
 .UNSPECIFIED.,.F.,.F.,(3,3),(0.,1.),.UNSPECIFIED.);
#162=B_SPLINE_CURVE_WITH_KNOTS('',2,(#10494,#10495,#10496),
 .UNSPECIFIED.,.F.,.F.,(3,3),(0.,1.),.UNSPECIFIED.);
#163=B_SPLINE_CURVE_WITH_KNOTS('',2,(#10505,#10506,#10507),
 .UNSPECIFIED.,.F.,.F.,(3,3),(0.,1.),.UNSPECIFIED.);
#164=B_SPLINE_CURVE_WITH_KNOTS('',2,(#10509,#10510,#10511),
 .UNSPECIFIED.,.F.,.F.,(3,3),(0.,1.),.UNSPECIFIED.);
#165=B_SPLINE_CURVE_WITH_KNOTS('',2,(#10526,#10527,#10528),
 .UNSPECIFIED.,.F.,.F.,(3,3),(0.,1.),.UNSPECIFIED.);
#166=B_SPLINE_CURVE_WITH_KNOTS('',2,(#10530,#10531,#10532),
 .UNSPECIFIED.,.F.,.F.,(3,3),(0.,1.),.UNSPECIFIED.);
#167=B_SPLINE_CURVE_WITH_KNOTS('',2,(#10540,#10541,#10542),
 .UNSPECIFIED.,.F.,.F.,(3,3),(0.,1.),.UNSPECIFIED.);
#168=B_SPLINE_CURVE_WITH_KNOTS('',2,(#10543,#10544,#10545),
 .UNSPECIFIED.,.F.,.F.,(3,3),(0.,1.),.UNSPECIFIED.);
#169=B_SPLINE_CURVE_WITH_KNOTS('',3,(#10556,#10557,#10558,#10559),
 .UNSPECIFIED.,.F.,.F.,(4,4),(0.,0.869820443141023),.UNSPECIFIED.);
#170=B_SPLINE_CURVE_WITH_KNOTS('',3,(#10563,#10564,#10565,#10566),
 .UNSPECIFIED.,.F.,.F.,(4,4),(-0.869820443141023,0.),.UNSPECIFIED.);
#171=B_SPLINE_CURVE_WITH_KNOTS('',3,(#10577,#10578,#10579,#10580),
 .UNSPECIFIED.,.F.,.F.,(4,4),(0.0558546820963667,1.),.UNSPECIFIED.);
#172=B_SPLINE_CURVE_WITH_KNOTS('',3,(#10582,#10583,#10584,#10585),
 .UNSPECIFIED.,.F.,.F.,(4,4),(-1.,-0.0558546820963667),.UNSPECIFIED.);
#173=B_SPLINE_CURVE_WITH_KNOTS('',3,(#10596,#10597,#10598,#10599),
 .UNSPECIFIED.,.F.,.F.,(4,4),(3.75891191630851E-5,1.),.UNSPECIFIED.);
#174=B_SPLINE_CURVE_WITH_KNOTS('',3,(#10601,#10602,#10603,#10604),
 .UNSPECIFIED.,.F.,.F.,(4,4),(-1.,-3.75891191630728E-5),.UNSPECIFIED.);
#175=B_SPLINE_CURVE_WITH_KNOTS('',3,(#10621,#10622,#10623,#10624,#10625,
#10626,#10627),.UNSPECIFIED.,.F.,.F.,(4,3,4),(0.,0.999999999999977,1.58051522765343),
 .UNSPECIFIED.);
#176=B_SPLINE_CURVE_WITH_KNOTS('',3,(#10629,#10630,#10631,#10632,#10633,
#10634,#10635),.UNSPECIFIED.,.F.,.F.,(4,3,4),(-1.58051522765343,-0.999999999999977,
0.),.UNSPECIFIED.);
#177=B_SPLINE_CURVE_WITH_KNOTS('',3,(#10658,#10659,#10660,#10661,#10662,
#10663,#10664),.UNSPECIFIED.,.F.,.F.,(4,3,4),(-0.360749453171069,-3.00315328161105E-14,
1.),.UNSPECIFIED.);
#178=B_SPLINE_CURVE_WITH_KNOTS('',3,(#10666,#10667,#10668,#10669,#10670,
#10671,#10672),.UNSPECIFIED.,.F.,.F.,(4,3,4),(-1.,3.00315328161105E-14,
0.360749453171069),.UNSPECIFIED.);
#179=B_SPLINE_CURVE_WITH_KNOTS('',3,(#10683,#10684,#10685,#10686),
 .UNSPECIFIED.,.F.,.F.,(4,4),(0.,1.),.UNSPECIFIED.);
#180=B_SPLINE_CURVE_WITH_KNOTS('',3,(#10688,#10689,#10690,#10691),
 .UNSPECIFIED.,.F.,.F.,(4,4),(-1.,0.),.UNSPECIFIED.);
#181=B_SPLINE_CURVE_WITH_KNOTS('',3,(#10702,#10703,#10704,#10705),
 .UNSPECIFIED.,.F.,.F.,(4,4),(0.,1.),.UNSPECIFIED.);
#182=B_SPLINE_CURVE_WITH_KNOTS('',3,(#10707,#10708,#10709,#10710),
 .UNSPECIFIED.,.F.,.F.,(4,4),(-1.,0.),.UNSPECIFIED.);
#183=B_SPLINE_CURVE_WITH_KNOTS('',3,(#10721,#10722,#10723,#10724),
 .UNSPECIFIED.,.F.,.F.,(4,4),(4.14996049199151E-7,1.),.UNSPECIFIED.);
#184=B_SPLINE_CURVE_WITH_KNOTS('',3,(#10726,#10727,#10728,#10729),
 .UNSPECIFIED.,.F.,.F.,(4,4),(-1.,-4.14996049199151E-7),.UNSPECIFIED.);
#185=B_SPLINE_CURVE_WITH_KNOTS('',2,(#10804,#10805,#10806),
 .UNSPECIFIED.,.F.,.F.,(3,3),(0.,1.),.UNSPECIFIED.);
#186=B_SPLINE_CURVE_WITH_KNOTS('',2,(#10810,#10811,#10812),
 .UNSPECIFIED.,.F.,.F.,(3,3),(0.,1.),.UNSPECIFIED.);
#187=B_SPLINE_CURVE_WITH_KNOTS('',2,(#10821,#10822,#10823),
 .UNSPECIFIED.,.F.,.F.,(3,3),(0.,1.),.UNSPECIFIED.);
#188=B_SPLINE_CURVE_WITH_KNOTS('',2,(#10825,#10826,#10827),
 .UNSPECIFIED.,.F.,.F.,(3,3),(0.,1.),.UNSPECIFIED.);
#189=B_SPLINE_CURVE_WITH_KNOTS('',2,(#10836,#10837,#10838),
 .UNSPECIFIED.,.F.,.F.,(3,3),(0.,1.),.UNSPECIFIED.);
#190=B_SPLINE_CURVE_WITH_KNOTS('',2,(#10840,#10841,#10842),
 .UNSPECIFIED.,.F.,.F.,(3,3),(0.,1.),.UNSPECIFIED.);
#191=B_SPLINE_CURVE_WITH_KNOTS('',2,(#10851,#10852,#10853),
 .UNSPECIFIED.,.F.,.F.,(3,3),(0.,1.),.UNSPECIFIED.);
#192=B_SPLINE_CURVE_WITH_KNOTS('',2,(#10855,#10856,#10857),
 .UNSPECIFIED.,.F.,.F.,(3,3),(0.,1.),.UNSPECIFIED.);
#193=B_SPLINE_CURVE_WITH_KNOTS('',2,(#10866,#10867,#10868),
 .UNSPECIFIED.,.F.,.F.,(3,3),(0.,1.),.UNSPECIFIED.);
#194=B_SPLINE_CURVE_WITH_KNOTS('',2,(#10870,#10871,#10872),
 .UNSPECIFIED.,.F.,.F.,(3,3),(0.,1.),.UNSPECIFIED.);
#195=B_SPLINE_CURVE_WITH_KNOTS('',2,(#10881,#10882,#10883),
 .UNSPECIFIED.,.F.,.F.,(3,3),(0.,1.),.UNSPECIFIED.);
#196=B_SPLINE_CURVE_WITH_KNOTS('',2,(#10885,#10886,#10887),
 .UNSPECIFIED.,.F.,.F.,(3,3),(0.,1.),.UNSPECIFIED.);
#197=B_SPLINE_CURVE_WITH_KNOTS('',2,(#10896,#10897,#10898),
 .UNSPECIFIED.,.F.,.F.,(3,3),(0.,1.),.UNSPECIFIED.);
#198=B_SPLINE_CURVE_WITH_KNOTS('',2,(#10900,#10901,#10902),
 .UNSPECIFIED.,.F.,.F.,(3,3),(0.,1.),.UNSPECIFIED.);
#199=B_SPLINE_CURVE_WITH_KNOTS('',2,(#10911,#10912,#10913),
 .UNSPECIFIED.,.F.,.F.,(3,3),(0.,1.),.UNSPECIFIED.);
#200=B_SPLINE_CURVE_WITH_KNOTS('',2,(#10915,#10916,#10917),
 .UNSPECIFIED.,.F.,.F.,(3,3),(0.,1.),.UNSPECIFIED.);
#201=B_SPLINE_CURVE_WITH_KNOTS('',2,(#10926,#10927,#10928),
 .UNSPECIFIED.,.F.,.F.,(3,3),(0.,1.),.UNSPECIFIED.);
#202=B_SPLINE_CURVE_WITH_KNOTS('',2,(#10930,#10931,#10932),
 .UNSPECIFIED.,.F.,.F.,(3,3),(0.,1.),.UNSPECIFIED.);
#203=B_SPLINE_CURVE_WITH_KNOTS('',2,(#10941,#10942,#10943),
 .UNSPECIFIED.,.F.,.F.,(3,3),(0.,1.),.UNSPECIFIED.);
#204=B_SPLINE_CURVE_WITH_KNOTS('',2,(#10945,#10946,#10947),
 .UNSPECIFIED.,.F.,.F.,(3,3),(0.,1.),.UNSPECIFIED.);
#205=B_SPLINE_CURVE_WITH_KNOTS('',3,(#10986,#10987,#10988,#10989),
 .UNSPECIFIED.,.F.,.F.,(4,4),(9.38571740729511E-8,1.),.UNSPECIFIED.);
#206=B_SPLINE_CURVE_WITH_KNOTS('',3,(#10993,#10994,#10995,#10996),
 .UNSPECIFIED.,.F.,.F.,(4,4),(-1.,-9.38571740729511E-8),.UNSPECIFIED.);
#207=B_SPLINE_CURVE_WITH_KNOTS('',3,(#11007,#11008,#11009,#11010),
 .UNSPECIFIED.,.F.,.F.,(4,4),(1.15948254463263E-7,1.),.UNSPECIFIED.);
#208=B_SPLINE_CURVE_WITH_KNOTS('',3,(#11012,#11013,#11014,#11015),
 .UNSPECIFIED.,.F.,.F.,(4,4),(-1.,-1.15948254463263E-7),.UNSPECIFIED.);
#209=B_SPLINE_CURVE_WITH_KNOTS('',3,(#11026,#11027,#11028,#11029),
 .UNSPECIFIED.,.F.,.F.,(4,4),(0.,1.),.UNSPECIFIED.);
#210=B_SPLINE_CURVE_WITH_KNOTS('',3,(#11031,#11032,#11033,#11034),
 .UNSPECIFIED.,.F.,.F.,(4,4),(-1.,0.),.UNSPECIFIED.);
#211=B_SPLINE_CURVE_WITH_KNOTS('',3,(#11045,#11046,#11047,#11048),
 .UNSPECIFIED.,.F.,.F.,(4,4),(5.05162711178291E-7,1.),.UNSPECIFIED.);
#212=B_SPLINE_CURVE_WITH_KNOTS('',3,(#11050,#11051,#11052,#11053),
 .UNSPECIFIED.,.F.,.F.,(4,4),(-1.,-5.05162711178291E-7),.UNSPECIFIED.);
#213=B_SPLINE_CURVE_WITH_KNOTS('',3,(#11064,#11065,#11066,#11067),
 .UNSPECIFIED.,.F.,.F.,(4,4),(0.,1.),.UNSPECIFIED.);
#214=B_SPLINE_CURVE_WITH_KNOTS('',3,(#11069,#11070,#11071,#11072),
 .UNSPECIFIED.,.F.,.F.,(4,4),(-1.,0.),.UNSPECIFIED.);
#215=B_SPLINE_CURVE_WITH_KNOTS('',3,(#11083,#11084,#11085,#11086),
 .UNSPECIFIED.,.F.,.F.,(4,4),(0.,1.),.UNSPECIFIED.);
#216=B_SPLINE_CURVE_WITH_KNOTS('',3,(#11088,#11089,#11090,#11091),
 .UNSPECIFIED.,.F.,.F.,(4,4),(-1.,0.),.UNSPECIFIED.);
#217=B_SPLINE_CURVE_WITH_KNOTS('',3,(#11102,#11103,#11104,#11105),
 .UNSPECIFIED.,.F.,.F.,(4,4),(3.93332790059273E-7,0.0593015889428499),
 .UNSPECIFIED.);
#218=B_SPLINE_CURVE_WITH_KNOTS('',3,(#11107,#11108,#11109,#11110),
 .UNSPECIFIED.,.F.,.F.,(4,4),(-0.0593015889428499,-3.93332790059273E-7),
 .UNSPECIFIED.);
#219=B_SPLINE_CURVE_WITH_KNOTS('',3,(#11151,#11152,#11153,#11154),
 .UNSPECIFIED.,.F.,.F.,(4,4),(0.874158666770247,1.),.UNSPECIFIED.);
#220=B_SPLINE_CURVE_WITH_KNOTS('',3,(#11156,#11157,#11158,#11159),
 .UNSPECIFIED.,.F.,.F.,(4,4),(-1.,-0.874158666770247),.UNSPECIFIED.);
#221=B_SPLINE_CURVE_WITH_KNOTS('',3,(#11170,#11171,#11172,#11173),
 .UNSPECIFIED.,.F.,.F.,(4,4),(2.82759969445633E-7,1.),.UNSPECIFIED.);
#222=B_SPLINE_CURVE_WITH_KNOTS('',3,(#11175,#11176,#11177,#11178),
 .UNSPECIFIED.,.F.,.F.,(4,4),(-1.,-2.82759969445633E-7),.UNSPECIFIED.);
#223=B_SPLINE_CURVE_WITH_KNOTS('',3,(#11188,#11189,#11190,#11191),
 .UNSPECIFIED.,.F.,.F.,(4,4),(0.,1.),.UNSPECIFIED.);
#224=B_SPLINE_CURVE_WITH_KNOTS('',3,(#11192,#11193,#11194,#11195),
 .UNSPECIFIED.,.F.,.F.,(4,4),(-1.,0.),.UNSPECIFIED.);
#225=B_SPLINE_CURVE_WITH_KNOTS('',2,(#11356,#11357,#11358),
 .UNSPECIFIED.,.F.,.F.,(3,3),(0.,1.),.UNSPECIFIED.);
#226=B_SPLINE_CURVE_WITH_KNOTS('',2,(#11362,#11363,#11364),
 .UNSPECIFIED.,.F.,.F.,(3,3),(0.,1.),.UNSPECIFIED.);
#227=B_SPLINE_CURVE_WITH_KNOTS('',2,(#11373,#11374,#11375),
 .UNSPECIFIED.,.F.,.F.,(3,3),(0.,1.),.UNSPECIFIED.);
#228=B_SPLINE_CURVE_WITH_KNOTS('',2,(#11377,#11378,#11379),
 .UNSPECIFIED.,.F.,.F.,(3,3),(0.,1.),.UNSPECIFIED.);
#229=B_SPLINE_CURVE_WITH_KNOTS('',2,(#11388,#11389,#11390),
 .UNSPECIFIED.,.F.,.F.,(3,3),(0.,1.),.UNSPECIFIED.);
#230=B_SPLINE_CURVE_WITH_KNOTS('',2,(#11392,#11393,#11394),
 .UNSPECIFIED.,.F.,.F.,(3,3),(0.,1.),.UNSPECIFIED.);
#231=B_SPLINE_CURVE_WITH_KNOTS('',2,(#11403,#11404,#11405),
 .UNSPECIFIED.,.F.,.F.,(3,3),(0.,1.),.UNSPECIFIED.);
#232=B_SPLINE_CURVE_WITH_KNOTS('',2,(#11407,#11408,#11409),
 .UNSPECIFIED.,.F.,.F.,(3,3),(0.,1.),.UNSPECIFIED.);
#233=B_SPLINE_CURVE_WITH_KNOTS('',2,(#11418,#11419,#11420),
 .UNSPECIFIED.,.F.,.F.,(3,3),(0.,1.),.UNSPECIFIED.);
#234=B_SPLINE_CURVE_WITH_KNOTS('',2,(#11422,#11423,#11424),
 .UNSPECIFIED.,.F.,.F.,(3,3),(0.,1.),.UNSPECIFIED.);
#235=B_SPLINE_CURVE_WITH_KNOTS('',2,(#11433,#11434,#11435),
 .UNSPECIFIED.,.F.,.F.,(3,3),(0.,1.),.UNSPECIFIED.);
#236=B_SPLINE_CURVE_WITH_KNOTS('',2,(#11437,#11438,#11439),
 .UNSPECIFIED.,.F.,.F.,(3,3),(0.,1.),.UNSPECIFIED.);
#237=B_SPLINE_CURVE_WITH_KNOTS('',2,(#11448,#11449,#11450),
 .UNSPECIFIED.,.F.,.F.,(3,3),(0.,1.),.UNSPECIFIED.);
#238=B_SPLINE_CURVE_WITH_KNOTS('',2,(#11452,#11453,#11454),
 .UNSPECIFIED.,.F.,.F.,(3,3),(0.,1.),.UNSPECIFIED.);
#239=B_SPLINE_CURVE_WITH_KNOTS('',2,(#11463,#11464,#11465),
 .UNSPECIFIED.,.F.,.F.,(3,3),(0.,1.),.UNSPECIFIED.);
#240=B_SPLINE_CURVE_WITH_KNOTS('',2,(#11467,#11468,#11469),
 .UNSPECIFIED.,.F.,.F.,(3,3),(0.,1.),.UNSPECIFIED.);
#241=B_SPLINE_CURVE_WITH_KNOTS('',2,(#11478,#11479,#11480),
 .UNSPECIFIED.,.F.,.F.,(3,3),(0.,1.),.UNSPECIFIED.);
#242=B_SPLINE_CURVE_WITH_KNOTS('',2,(#11482,#11483,#11484),
 .UNSPECIFIED.,.F.,.F.,(3,3),(0.,1.),.UNSPECIFIED.);
#243=B_SPLINE_CURVE_WITH_KNOTS('',2,(#11493,#11494,#11495),
 .UNSPECIFIED.,.F.,.F.,(3,3),(0.,1.),.UNSPECIFIED.);
#244=B_SPLINE_CURVE_WITH_KNOTS('',2,(#11497,#11498,#11499),
 .UNSPECIFIED.,.F.,.F.,(3,3),(0.,1.),.UNSPECIFIED.);
#245=B_SPLINE_CURVE_WITH_KNOTS('',2,(#11508,#11509,#11510),
 .UNSPECIFIED.,.F.,.F.,(3,3),(0.,1.),.UNSPECIFIED.);
#246=B_SPLINE_CURVE_WITH_KNOTS('',2,(#11512,#11513,#11514),
 .UNSPECIFIED.,.F.,.F.,(3,3),(0.,1.),.UNSPECIFIED.);
#247=B_SPLINE_CURVE_WITH_KNOTS('',2,(#11523,#11524,#11525),
 .UNSPECIFIED.,.F.,.F.,(3,3),(0.,1.),.UNSPECIFIED.);
#248=B_SPLINE_CURVE_WITH_KNOTS('',2,(#11527,#11528,#11529),
 .UNSPECIFIED.,.F.,.F.,(3,3),(0.,1.),.UNSPECIFIED.);
#249=B_SPLINE_CURVE_WITH_KNOTS('',2,(#11538,#11539,#11540),
 .UNSPECIFIED.,.F.,.F.,(3,3),(0.,1.),.UNSPECIFIED.);
#250=B_SPLINE_CURVE_WITH_KNOTS('',2,(#11542,#11543,#11544),
 .UNSPECIFIED.,.F.,.F.,(3,3),(0.,1.),.UNSPECIFIED.);
#251=B_SPLINE_CURVE_WITH_KNOTS('',2,(#11559,#11560,#11561),
 .UNSPECIFIED.,.F.,.F.,(3,3),(0.,1.),.UNSPECIFIED.);
#252=B_SPLINE_CURVE_WITH_KNOTS('',2,(#11563,#11564,#11565),
 .UNSPECIFIED.,.F.,.F.,(3,3),(0.,1.),.UNSPECIFIED.);
#253=B_SPLINE_CURVE_WITH_KNOTS('',2,(#11574,#11575,#11576),
 .UNSPECIFIED.,.F.,.F.,(3,3),(0.,1.),.UNSPECIFIED.);
#254=B_SPLINE_CURVE_WITH_KNOTS('',2,(#11578,#11579,#11580),
 .UNSPECIFIED.,.F.,.F.,(3,3),(0.,1.),.UNSPECIFIED.);
#255=B_SPLINE_CURVE_WITH_KNOTS('',2,(#11589,#11590,#11591),
 .UNSPECIFIED.,.F.,.F.,(3,3),(0.,1.),.UNSPECIFIED.);
#256=B_SPLINE_CURVE_WITH_KNOTS('',2,(#11593,#11594,#11595),
 .UNSPECIFIED.,.F.,.F.,(3,3),(0.,1.),.UNSPECIFIED.);
#257=B_SPLINE_CURVE_WITH_KNOTS('',2,(#11604,#11605,#11606),
 .UNSPECIFIED.,.F.,.F.,(3,3),(0.,1.),.UNSPECIFIED.);
#258=B_SPLINE_CURVE_WITH_KNOTS('',2,(#11608,#11609,#11610),
 .UNSPECIFIED.,.F.,.F.,(3,3),(0.,1.),.UNSPECIFIED.);
#259=B_SPLINE_CURVE_WITH_KNOTS('',2,(#11619,#11620,#11621),
 .UNSPECIFIED.,.F.,.F.,(3,3),(0.,1.),.UNSPECIFIED.);
#260=B_SPLINE_CURVE_WITH_KNOTS('',2,(#11623,#11624,#11625),
 .UNSPECIFIED.,.F.,.F.,(3,3),(0.,1.),.UNSPECIFIED.);
#261=B_SPLINE_CURVE_WITH_KNOTS('',2,(#11634,#11635,#11636),
 .UNSPECIFIED.,.F.,.F.,(3,3),(0.,1.),.UNSPECIFIED.);
#262=B_SPLINE_CURVE_WITH_KNOTS('',2,(#11638,#11639,#11640),
 .UNSPECIFIED.,.F.,.F.,(3,3),(0.,1.),.UNSPECIFIED.);
#263=B_SPLINE_CURVE_WITH_KNOTS('',2,(#11649,#11650,#11651),
 .UNSPECIFIED.,.F.,.F.,(3,3),(0.,1.),.UNSPECIFIED.);
#264=B_SPLINE_CURVE_WITH_KNOTS('',2,(#11653,#11654,#11655),
 .UNSPECIFIED.,.F.,.F.,(3,3),(0.,1.),.UNSPECIFIED.);
#265=B_SPLINE_CURVE_WITH_KNOTS('',2,(#11664,#11665,#11666),
 .UNSPECIFIED.,.F.,.F.,(3,3),(0.,1.),.UNSPECIFIED.);
#266=B_SPLINE_CURVE_WITH_KNOTS('',2,(#11668,#11669,#11670),
 .UNSPECIFIED.,.F.,.F.,(3,3),(0.,1.),.UNSPECIFIED.);
#267=B_SPLINE_CURVE_WITH_KNOTS('',2,(#11679,#11680,#11681),
 .UNSPECIFIED.,.F.,.F.,(3,3),(0.,1.),.UNSPECIFIED.);
#268=B_SPLINE_CURVE_WITH_KNOTS('',2,(#11683,#11684,#11685),
 .UNSPECIFIED.,.F.,.F.,(3,3),(0.,1.),.UNSPECIFIED.);
#269=B_SPLINE_CURVE_WITH_KNOTS('',2,(#11694,#11695,#11696),
 .UNSPECIFIED.,.F.,.F.,(3,3),(0.,1.),.UNSPECIFIED.);
#270=B_SPLINE_CURVE_WITH_KNOTS('',2,(#11698,#11699,#11700),
 .UNSPECIFIED.,.F.,.F.,(3,3),(0.,1.),.UNSPECIFIED.);
#271=B_SPLINE_CURVE_WITH_KNOTS('',2,(#11709,#11710,#11711),
 .UNSPECIFIED.,.F.,.F.,(3,3),(0.,1.),.UNSPECIFIED.);
#272=B_SPLINE_CURVE_WITH_KNOTS('',2,(#11713,#11714,#11715),
 .UNSPECIFIED.,.F.,.F.,(3,3),(0.,1.),.UNSPECIFIED.);
#273=B_SPLINE_CURVE_WITH_KNOTS('',2,(#11724,#11725,#11726),
 .UNSPECIFIED.,.F.,.F.,(3,3),(0.,1.),.UNSPECIFIED.);
#274=B_SPLINE_CURVE_WITH_KNOTS('',2,(#11728,#11729,#11730),
 .UNSPECIFIED.,.F.,.F.,(3,3),(0.,1.),.UNSPECIFIED.);
#275=B_SPLINE_CURVE_WITH_KNOTS('',2,(#11739,#11740,#11741),
 .UNSPECIFIED.,.F.,.F.,(3,3),(0.,1.),.UNSPECIFIED.);
#276=B_SPLINE_CURVE_WITH_KNOTS('',2,(#11743,#11744,#11745),
 .UNSPECIFIED.,.F.,.F.,(3,3),(0.,1.),.UNSPECIFIED.);
#277=B_SPLINE_CURVE_WITH_KNOTS('',2,(#11754,#11755,#11756),
 .UNSPECIFIED.,.F.,.F.,(3,3),(0.,1.),.UNSPECIFIED.);
#278=B_SPLINE_CURVE_WITH_KNOTS('',2,(#11758,#11759,#11760),
 .UNSPECIFIED.,.F.,.F.,(3,3),(0.,1.),.UNSPECIFIED.);
#279=B_SPLINE_CURVE_WITH_KNOTS('',2,(#11769,#11770,#11771),
 .UNSPECIFIED.,.F.,.F.,(3,3),(0.,1.),.UNSPECIFIED.);
#280=B_SPLINE_CURVE_WITH_KNOTS('',2,(#11773,#11774,#11775),
 .UNSPECIFIED.,.F.,.F.,(3,3),(0.,1.),.UNSPECIFIED.);
#281=B_SPLINE_CURVE_WITH_KNOTS('',2,(#11784,#11785,#11786),
 .UNSPECIFIED.,.F.,.F.,(3,3),(0.,1.),.UNSPECIFIED.);
#282=B_SPLINE_CURVE_WITH_KNOTS('',2,(#11788,#11789,#11790),
 .UNSPECIFIED.,.F.,.F.,(3,3),(0.,1.),.UNSPECIFIED.);
#283=B_SPLINE_CURVE_WITH_KNOTS('',2,(#11799,#11800,#11801),
 .UNSPECIFIED.,.F.,.F.,(3,3),(0.,1.),.UNSPECIFIED.);
#284=B_SPLINE_CURVE_WITH_KNOTS('',2,(#11803,#11804,#11805),
 .UNSPECIFIED.,.F.,.F.,(3,3),(0.,1.),.UNSPECIFIED.);
#285=B_SPLINE_CURVE_WITH_KNOTS('',2,(#11814,#11815,#11816),
 .UNSPECIFIED.,.F.,.F.,(3,3),(0.,1.),.UNSPECIFIED.);
#286=B_SPLINE_CURVE_WITH_KNOTS('',2,(#11818,#11819,#11820),
 .UNSPECIFIED.,.F.,.F.,(3,3),(0.,1.),.UNSPECIFIED.);
#287=B_SPLINE_CURVE_WITH_KNOTS('',2,(#11835,#11836,#11837),
 .UNSPECIFIED.,.F.,.F.,(3,3),(0.,1.),.UNSPECIFIED.);
#288=B_SPLINE_CURVE_WITH_KNOTS('',2,(#11839,#11840,#11841),
 .UNSPECIFIED.,.F.,.F.,(3,3),(0.,1.),.UNSPECIFIED.);
#289=B_SPLINE_CURVE_WITH_KNOTS('',2,(#11849,#11850,#11851),
 .UNSPECIFIED.,.F.,.F.,(3,3),(0.,1.),.UNSPECIFIED.);
#290=B_SPLINE_CURVE_WITH_KNOTS('',2,(#11852,#11853,#11854),
 .UNSPECIFIED.,.F.,.F.,(3,3),(0.,1.),.UNSPECIFIED.);
#291=B_SPLINE_CURVE_WITH_KNOTS('',3,(#11871,#11872,#11873,#11874,#11875,
#11876,#11877),.UNSPECIFIED.,.F.,.F.,(4,3,4),(-0.253795486468299,2.24820162486594E-14,
1.),.UNSPECIFIED.);
#292=B_SPLINE_CURVE_WITH_KNOTS('',3,(#11881,#11882,#11883,#11884,#11885,
#11886,#11887),.UNSPECIFIED.,.F.,.F.,(4,3,4),(-1.,-2.24820162486594E-14,
0.253795486468299),.UNSPECIFIED.);
#293=B_SPLINE_CURVE_WITH_KNOTS('',3,(#11898,#11899,#11900,#11901),
 .UNSPECIFIED.,.F.,.F.,(4,4),(0.,1.),.UNSPECIFIED.);
#294=B_SPLINE_CURVE_WITH_KNOTS('',3,(#11903,#11904,#11905,#11906),
 .UNSPECIFIED.,.F.,.F.,(4,4),(-1.,0.),.UNSPECIFIED.);
#295=B_SPLINE_CURVE_WITH_KNOTS('',3,(#11917,#11918,#11919,#11920),
 .UNSPECIFIED.,.F.,.F.,(4,4),(0.,1.),.UNSPECIFIED.);
#296=B_SPLINE_CURVE_WITH_KNOTS('',3,(#11922,#11923,#11924,#11925),
 .UNSPECIFIED.,.F.,.F.,(4,4),(-1.,0.),.UNSPECIFIED.);
#297=B_SPLINE_CURVE_WITH_KNOTS('',3,(#11936,#11937,#11938,#11939),
 .UNSPECIFIED.,.F.,.F.,(4,4),(1.87333032897383E-7,1.),.UNSPECIFIED.);
#298=B_SPLINE_CURVE_WITH_KNOTS('',3,(#11941,#11942,#11943,#11944),
 .UNSPECIFIED.,.F.,.F.,(4,4),(-1.,-1.87333032897383E-7),.UNSPECIFIED.);
#299=B_SPLINE_CURVE_WITH_KNOTS('',3,(#11961,#11962,#11963,#11964,#11965,
#11966,#11967),.UNSPECIFIED.,.F.,.F.,(4,3,4),(0.,1.00000000000045,1.00421830346727),
 .UNSPECIFIED.);
#300=B_SPLINE_CURVE_WITH_KNOTS('',3,(#11969,#11970,#11971,#11972,#11973,
#11974,#11975),.UNSPECIFIED.,.F.,.F.,(4,3,4),(-1.00421830346727,-1.00000000000045,
0.),.UNSPECIFIED.);
#301=B_SPLINE_CURVE_WITH_KNOTS('',3,(#11992,#11993,#11994,#11995,#11996,
#11997,#11998),.UNSPECIFIED.,.F.,.F.,(4,3,4),(0.,0.819760188722975,1.),
 .UNSPECIFIED.);
#302=B_SPLINE_CURVE_WITH_KNOTS('',3,(#12000,#12001,#12002,#12003,#12004,
#12005,#12006),.UNSPECIFIED.,.F.,.F.,(4,3,4),(-1.,-0.819760188722975,0.),
 .UNSPECIFIED.);
#303=B_SPLINE_CURVE_WITH_KNOTS('',3,(#12023,#12024,#12025,#12026,#12027,
#12028,#12029),.UNSPECIFIED.,.F.,.F.,(4,3,4),(0.,0.999999999993812,1.00100222676854),
 .UNSPECIFIED.);
#304=B_SPLINE_CURVE_WITH_KNOTS('',3,(#12031,#12032,#12033,#12034,#12035,
#12036,#12037),.UNSPECIFIED.,.F.,.F.,(4,3,4),(-1.00100222676854,-0.999999999993812,
0.),.UNSPECIFIED.);
#305=B_SPLINE_CURVE_WITH_KNOTS('',3,(#12054,#12055,#12056,#12057,#12058,
#12059,#12060),.UNSPECIFIED.,.F.,.F.,(4,3,4),(-0.000687376546297183,5.28723549317323E-13,
1.),.UNSPECIFIED.);
#306=B_SPLINE_CURVE_WITH_KNOTS('',3,(#12062,#12063,#12064,#12065,#12066,
#12067,#12068),.UNSPECIFIED.,.F.,.F.,(4,3,4),(-1.,-5.28723549317323E-13,
0.000687376546297183),.UNSPECIFIED.);
#307=B_SPLINE_CURVE_WITH_KNOTS('',3,(#12079,#12080,#12081,#12082),
 .UNSPECIFIED.,.F.,.F.,(4,4),(0.,1.),.UNSPECIFIED.);
#308=B_SPLINE_CURVE_WITH_KNOTS('',3,(#12084,#12085,#12086,#12087),
 .UNSPECIFIED.,.F.,.F.,(4,4),(-1.,0.),.UNSPECIFIED.);
#309=B_SPLINE_CURVE_WITH_KNOTS('',3,(#12098,#12099,#12100,#12101),
 .UNSPECIFIED.,.F.,.F.,(4,4),(0.,1.),.UNSPECIFIED.);
#310=B_SPLINE_CURVE_WITH_KNOTS('',3,(#12103,#12104,#12105,#12106),
 .UNSPECIFIED.,.F.,.F.,(4,4),(-1.,0.),.UNSPECIFIED.);
#311=B_SPLINE_CURVE_WITH_KNOTS('',3,(#12117,#12118,#12119,#12120),
 .UNSPECIFIED.,.F.,.F.,(4,4),(0.,1.),.UNSPECIFIED.);
#312=B_SPLINE_CURVE_WITH_KNOTS('',3,(#12122,#12123,#12124,#12125),
 .UNSPECIFIED.,.F.,.F.,(4,4),(-1.,0.),.UNSPECIFIED.);
#313=B_SPLINE_CURVE_WITH_KNOTS('',3,(#12136,#12137,#12138,#12139),
 .UNSPECIFIED.,.F.,.F.,(4,4),(0.,1.),.UNSPECIFIED.);
#314=B_SPLINE_CURVE_WITH_KNOTS('',3,(#12141,#12142,#12143,#12144),
 .UNSPECIFIED.,.F.,.F.,(4,4),(-1.,0.),.UNSPECIFIED.);
#315=B_SPLINE_CURVE_WITH_KNOTS('',3,(#12155,#12156,#12157,#12158),
 .UNSPECIFIED.,.F.,.F.,(4,4),(0.,1.),.UNSPECIFIED.);
#316=B_SPLINE_CURVE_WITH_KNOTS('',3,(#12160,#12161,#12162,#12163),
 .UNSPECIFIED.,.F.,.F.,(4,4),(-1.,0.),.UNSPECIFIED.);
#317=B_SPLINE_CURVE_WITH_KNOTS('',3,(#12174,#12175,#12176,#12177),
 .UNSPECIFIED.,.F.,.F.,(4,4),(2.94647803171492E-7,1.),.UNSPECIFIED.);
#318=B_SPLINE_CURVE_WITH_KNOTS('',3,(#12179,#12180,#12181,#12182),
 .UNSPECIFIED.,.F.,.F.,(4,4),(-1.,-2.94647803171492E-7),.UNSPECIFIED.);
#319=B_SPLINE_CURVE_WITH_KNOTS('',3,(#12199,#12200,#12201,#12202,#12203,
#12204,#12205),.UNSPECIFIED.,.F.,.F.,(4,3,4),(1.20262620732765E-7,1.0000000228606,
1.23470349492986),.UNSPECIFIED.);
#320=B_SPLINE_CURVE_WITH_KNOTS('',3,(#12207,#12208,#12209,#12210,#12211,
#12212,#12213),.UNSPECIFIED.,.F.,.F.,(4,3,4),(-1.23470349492986,-1.0000000228606,
-1.20262620732765E-7),.UNSPECIFIED.);
#321=B_SPLINE_CURVE_WITH_KNOTS('',3,(#12236,#12237,#12238,#12239,#12240,
#12241,#12242),.UNSPECIFIED.,.F.,.F.,(4,3,4),(-0.320961469246728,-4.46864767411626E-14,
1.),.UNSPECIFIED.);
#322=B_SPLINE_CURVE_WITH_KNOTS('',3,(#12244,#12245,#12246,#12247,#12248,
#12249,#12250),.UNSPECIFIED.,.F.,.F.,(4,3,4),(-1.,4.46864767411626E-14,
0.320961469246728),.UNSPECIFIED.);
#323=B_SPLINE_CURVE_WITH_KNOTS('',3,(#12261,#12262,#12263,#12264),
 .UNSPECIFIED.,.F.,.F.,(4,4),(0.,1.),.UNSPECIFIED.);
#324=B_SPLINE_CURVE_WITH_KNOTS('',3,(#12266,#12267,#12268,#12269),
 .UNSPECIFIED.,.F.,.F.,(4,4),(-1.,0.),.UNSPECIFIED.);
#325=B_SPLINE_CURVE_WITH_KNOTS('',3,(#12280,#12281,#12282,#12283),
 .UNSPECIFIED.,.F.,.F.,(4,4),(8.37397809737787E-7,1.),.UNSPECIFIED.);
#326=B_SPLINE_CURVE_WITH_KNOTS('',3,(#12285,#12286,#12287,#12288),
 .UNSPECIFIED.,.F.,.F.,(4,4),(-1.,-8.37397809737787E-7),.UNSPECIFIED.);
#327=B_SPLINE_CURVE_WITH_KNOTS('',3,(#12299,#12300,#12301,#12302),
 .UNSPECIFIED.,.F.,.F.,(4,4),(0.,1.),.UNSPECIFIED.);
#328=B_SPLINE_CURVE_WITH_KNOTS('',3,(#12304,#12305,#12306,#12307),
 .UNSPECIFIED.,.F.,.F.,(4,4),(-1.,0.),.UNSPECIFIED.);
#329=B_SPLINE_CURVE_WITH_KNOTS('',3,(#12318,#12319,#12320,#12321),
 .UNSPECIFIED.,.F.,.F.,(4,4),(1.93428042890818E-7,1.),.UNSPECIFIED.);
#330=B_SPLINE_CURVE_WITH_KNOTS('',3,(#12323,#12324,#12325,#12326),
 .UNSPECIFIED.,.F.,.F.,(4,4),(-1.,-1.93428042890818E-7),.UNSPECIFIED.);
#331=B_SPLINE_CURVE_WITH_KNOTS('',3,(#12337,#12338,#12339,#12340),
 .UNSPECIFIED.,.F.,.F.,(4,4),(0.,1.),.UNSPECIFIED.);
#332=B_SPLINE_CURVE_WITH_KNOTS('',3,(#12342,#12343,#12344,#12345),
 .UNSPECIFIED.,.F.,.F.,(4,4),(-1.,0.),.UNSPECIFIED.);
#333=B_SPLINE_CURVE_WITH_KNOTS('',3,(#12356,#12357,#12358,#12359),
 .UNSPECIFIED.,.F.,.F.,(4,4),(0.,1.),.UNSPECIFIED.);
#334=B_SPLINE_CURVE_WITH_KNOTS('',3,(#12361,#12362,#12363,#12364),
 .UNSPECIFIED.,.F.,.F.,(4,4),(-1.,0.),.UNSPECIFIED.);
#335=B_SPLINE_CURVE_WITH_KNOTS('',3,(#12381,#12382,#12383,#12384,#12385,
#12386,#12387),.UNSPECIFIED.,.F.,.F.,(4,3,4),(0.,1.00000000000006,1.00152302004682),
 .UNSPECIFIED.);
#336=B_SPLINE_CURVE_WITH_KNOTS('',3,(#12389,#12390,#12391,#12392,#12393,
#12394,#12395),.UNSPECIFIED.,.F.,.F.,(4,3,4),(-1.00152302004682,-1.00000000000006,
0.),.UNSPECIFIED.);
#337=B_SPLINE_CURVE_WITH_KNOTS('',3,(#12412,#12413,#12414,#12415,#12416,
#12417,#12418),.UNSPECIFIED.,.F.,.F.,(4,3,4),(-0.0023674211095322,7.10558781952253E-13,
1.),.UNSPECIFIED.);
#338=B_SPLINE_CURVE_WITH_KNOTS('',3,(#12420,#12421,#12422,#12423,#12424,
#12425,#12426),.UNSPECIFIED.,.F.,.F.,(4,3,4),(-1.,-7.10558781952253E-13,
0.0023674211095322),.UNSPECIFIED.);
#339=B_SPLINE_CURVE_WITH_KNOTS('',3,(#12437,#12438,#12439,#12440),
 .UNSPECIFIED.,.F.,.F.,(4,4),(0.,0.998201521138578),.UNSPECIFIED.);
#340=B_SPLINE_CURVE_WITH_KNOTS('',3,(#12442,#12443,#12444,#12445),
 .UNSPECIFIED.,.F.,.F.,(4,4),(-0.998201521138578,0.),.UNSPECIFIED.);
#341=B_SPLINE_CURVE_WITH_KNOTS('',3,(#12456,#12457,#12458,#12459),
 .UNSPECIFIED.,.F.,.F.,(4,4),(0.,1.),.UNSPECIFIED.);
#342=B_SPLINE_CURVE_WITH_KNOTS('',3,(#12461,#12462,#12463,#12464),
 .UNSPECIFIED.,.F.,.F.,(4,4),(-1.,0.),.UNSPECIFIED.);
#343=B_SPLINE_CURVE_WITH_KNOTS('',3,(#12475,#12476,#12477,#12478),
 .UNSPECIFIED.,.F.,.F.,(4,4),(0.,1.),.UNSPECIFIED.);
#344=B_SPLINE_CURVE_WITH_KNOTS('',3,(#12480,#12481,#12482,#12483),
 .UNSPECIFIED.,.F.,.F.,(4,4),(-1.,0.),.UNSPECIFIED.);
#345=B_SPLINE_CURVE_WITH_KNOTS('',3,(#12494,#12495,#12496,#12497),
 .UNSPECIFIED.,.F.,.F.,(4,4),(0.,1.),.UNSPECIFIED.);
#346=B_SPLINE_CURVE_WITH_KNOTS('',3,(#12499,#12500,#12501,#12502),
 .UNSPECIFIED.,.F.,.F.,(4,4),(-1.,0.),.UNSPECIFIED.);
#347=B_SPLINE_CURVE_WITH_KNOTS('',3,(#12513,#12514,#12515,#12516),
 .UNSPECIFIED.,.F.,.F.,(4,4),(0.,1.),.UNSPECIFIED.);
#348=B_SPLINE_CURVE_WITH_KNOTS('',3,(#12518,#12519,#12520,#12521),
 .UNSPECIFIED.,.F.,.F.,(4,4),(-1.,0.),.UNSPECIFIED.);
#349=B_SPLINE_CURVE_WITH_KNOTS('',3,(#12532,#12533,#12534,#12535),
 .UNSPECIFIED.,.F.,.F.,(4,4),(0.,1.),.UNSPECIFIED.);
#350=B_SPLINE_CURVE_WITH_KNOTS('',3,(#12537,#12538,#12539,#12540),
 .UNSPECIFIED.,.F.,.F.,(4,4),(-1.,0.),.UNSPECIFIED.);
#351=B_SPLINE_CURVE_WITH_KNOTS('',3,(#12551,#12552,#12553,#12554),
 .UNSPECIFIED.,.F.,.F.,(4,4),(0.,1.),.UNSPECIFIED.);
#352=B_SPLINE_CURVE_WITH_KNOTS('',3,(#12556,#12557,#12558,#12559),
 .UNSPECIFIED.,.F.,.F.,(4,4),(-1.,0.),.UNSPECIFIED.);
#353=B_SPLINE_CURVE_WITH_KNOTS('',3,(#12570,#12571,#12572,#12573),
 .UNSPECIFIED.,.F.,.F.,(4,4),(0.,1.),.UNSPECIFIED.);
#354=B_SPLINE_CURVE_WITH_KNOTS('',3,(#12575,#12576,#12577,#12578),
 .UNSPECIFIED.,.F.,.F.,(4,4),(-1.,0.),.UNSPECIFIED.);
#355=B_SPLINE_CURVE_WITH_KNOTS('',3,(#12595,#12596,#12597,#12598,#12599,
#12600,#12601),.UNSPECIFIED.,.F.,.F.,(4,3,4),(0.,0.999999999999992,1.27374884174213),
 .UNSPECIFIED.);
#356=B_SPLINE_CURVE_WITH_KNOTS('',3,(#12603,#12604,#12605,#12606,#12607,
#12608,#12609),.UNSPECIFIED.,.F.,.F.,(4,3,4),(-1.27374884174213,-0.999999999999992,
0.),.UNSPECIFIED.);
#357=B_SPLINE_CURVE_WITH_KNOTS('',2,(#12674,#12675,#12676),
 .UNSPECIFIED.,.F.,.F.,(3,3),(0.,1.),.UNSPECIFIED.);
#358=B_SPLINE_CURVE_WITH_KNOTS('',2,(#12680,#12681,#12682),
 .UNSPECIFIED.,.F.,.F.,(3,3),(0.,1.),.UNSPECIFIED.);
#359=B_SPLINE_CURVE_WITH_KNOTS('',2,(#12691,#12692,#12693),
 .UNSPECIFIED.,.F.,.F.,(3,3),(0.,1.),.UNSPECIFIED.);
#360=B_SPLINE_CURVE_WITH_KNOTS('',2,(#12695,#12696,#12697),
 .UNSPECIFIED.,.F.,.F.,(3,3),(0.,1.),.UNSPECIFIED.);
#361=B_SPLINE_CURVE_WITH_KNOTS('',2,(#12724,#12725,#12726),
 .UNSPECIFIED.,.F.,.F.,(3,3),(0.,1.),.UNSPECIFIED.);
#362=B_SPLINE_CURVE_WITH_KNOTS('',2,(#12728,#12729,#12730),
 .UNSPECIFIED.,.F.,.F.,(3,3),(0.,1.),.UNSPECIFIED.);
#363=B_SPLINE_CURVE_WITH_KNOTS('',2,(#12739,#12740,#12741),
 .UNSPECIFIED.,.F.,.F.,(3,3),(0.,1.),.UNSPECIFIED.);
#364=B_SPLINE_CURVE_WITH_KNOTS('',2,(#12743,#12744,#12745),
 .UNSPECIFIED.,.F.,.F.,(3,3),(0.,1.),.UNSPECIFIED.);
#365=B_SPLINE_CURVE_WITH_KNOTS('',2,(#12772,#12773,#12774),
 .UNSPECIFIED.,.F.,.F.,(3,3),(0.,1.),.UNSPECIFIED.);
#366=B_SPLINE_CURVE_WITH_KNOTS('',2,(#12776,#12777,#12778),
 .UNSPECIFIED.,.F.,.F.,(3,3),(0.,1.),.UNSPECIFIED.);
#367=B_SPLINE_CURVE_WITH_KNOTS('',2,(#12787,#12788,#12789),
 .UNSPECIFIED.,.F.,.F.,(3,3),(0.,1.),.UNSPECIFIED.);
#368=B_SPLINE_CURVE_WITH_KNOTS('',2,(#12791,#12792,#12793),
 .UNSPECIFIED.,.F.,.F.,(3,3),(0.,1.),.UNSPECIFIED.);
#369=B_SPLINE_CURVE_WITH_KNOTS('',2,(#12802,#12803,#12804),
 .UNSPECIFIED.,.F.,.F.,(3,3),(0.,1.),.UNSPECIFIED.);
#370=B_SPLINE_CURVE_WITH_KNOTS('',2,(#12806,#12807,#12808),
 .UNSPECIFIED.,.F.,.F.,(3,3),(0.,1.),.UNSPECIFIED.);
#371=B_SPLINE_CURVE_WITH_KNOTS('',2,(#12817,#12818,#12819),
 .UNSPECIFIED.,.F.,.F.,(3,3),(0.,1.),.UNSPECIFIED.);
#372=B_SPLINE_CURVE_WITH_KNOTS('',2,(#12821,#12822,#12823),
 .UNSPECIFIED.,.F.,.F.,(3,3),(0.,1.),.UNSPECIFIED.);
#373=B_SPLINE_CURVE_WITH_KNOTS('',2,(#12832,#12833,#12834),
 .UNSPECIFIED.,.F.,.F.,(3,3),(0.,1.),.UNSPECIFIED.);
#374=B_SPLINE_CURVE_WITH_KNOTS('',2,(#12836,#12837,#12838),
 .UNSPECIFIED.,.F.,.F.,(3,3),(0.,1.),.UNSPECIFIED.);
#375=B_SPLINE_CURVE_WITH_KNOTS('',2,(#12853,#12854,#12855),
 .UNSPECIFIED.,.F.,.F.,(3,3),(0.,1.),.UNSPECIFIED.);
#376=B_SPLINE_CURVE_WITH_KNOTS('',2,(#12857,#12858,#12859),
 .UNSPECIFIED.,.F.,.F.,(3,3),(0.,1.),.UNSPECIFIED.);
#377=B_SPLINE_CURVE_WITH_KNOTS('',2,(#12867,#12868,#12869),
 .UNSPECIFIED.,.F.,.F.,(3,3),(0.,1.),.UNSPECIFIED.);
#378=B_SPLINE_CURVE_WITH_KNOTS('',2,(#12870,#12871,#12872),
 .UNSPECIFIED.,.F.,.F.,(3,3),(0.,1.),.UNSPECIFIED.);
#379=B_SPLINE_CURVE_WITH_KNOTS('',3,(#12883,#12884,#12885,#12886),
 .UNSPECIFIED.,.F.,.F.,(4,4),(0.,1.),.UNSPECIFIED.);
#380=B_SPLINE_CURVE_WITH_KNOTS('',3,(#12890,#12891,#12892,#12893),
 .UNSPECIFIED.,.F.,.F.,(4,4),(-1.,0.),.UNSPECIFIED.);
#381=B_SPLINE_CURVE_WITH_KNOTS('',3,(#12904,#12905,#12906,#12907),
 .UNSPECIFIED.,.F.,.F.,(4,4),(6.11023734226282E-7,1.),.UNSPECIFIED.);
#382=B_SPLINE_CURVE_WITH_KNOTS('',3,(#12909,#12910,#12911,#12912),
 .UNSPECIFIED.,.F.,.F.,(4,4),(-1.,-6.11023734226282E-7),.UNSPECIFIED.);
#383=B_SPLINE_CURVE_WITH_KNOTS('',3,(#12929,#12930,#12931,#12932,#12933,
#12934,#12935),.UNSPECIFIED.,.F.,.F.,(4,3,4),(0.,1.00000000000001,1.27219718498813),
 .UNSPECIFIED.);
#384=B_SPLINE_CURVE_WITH_KNOTS('',3,(#12937,#12938,#12939,#12940,#12941,
#12942,#12943),.UNSPECIFIED.,.F.,.F.,(4,3,4),(-1.27219718498813,-1.00000000000001,
0.),.UNSPECIFIED.);
#385=B_SPLINE_CURVE_WITH_KNOTS('',3,(#12966,#12967,#12968,#12969,#12970,
#12971,#12972),.UNSPECIFIED.,.F.,.F.,(4,3,4),(-0.710031994313225,-2.72004641033163E-14,
1.),.UNSPECIFIED.);
#386=B_SPLINE_CURVE_WITH_KNOTS('',3,(#12974,#12975,#12976,#12977,#12978,
#12979,#12980),.UNSPECIFIED.,.F.,.F.,(4,3,4),(-1.,2.72004641033163E-14,
0.710031994313225),.UNSPECIFIED.);
#387=B_SPLINE_CURVE_WITH_KNOTS('',3,(#12991,#12992,#12993,#12994),
 .UNSPECIFIED.,.F.,.F.,(4,4),(0.,1.),.UNSPECIFIED.);
#388=B_SPLINE_CURVE_WITH_KNOTS('',3,(#12996,#12997,#12998,#12999),
 .UNSPECIFIED.,.F.,.F.,(4,4),(-1.,0.),.UNSPECIFIED.);
#389=B_SPLINE_CURVE_WITH_KNOTS('',3,(#13010,#13011,#13012,#13013),
 .UNSPECIFIED.,.F.,.F.,(4,4),(4.52115912001957E-6,0.993377935955123),
 .UNSPECIFIED.);
#390=B_SPLINE_CURVE_WITH_KNOTS('',3,(#13015,#13016,#13017,#13018),
 .UNSPECIFIED.,.F.,.F.,(4,4),(-0.993377935955123,-4.52115912001957E-6),
 .UNSPECIFIED.);
#391=B_SPLINE_CURVE_WITH_KNOTS('',3,(#13029,#13030,#13031,#13032),
 .UNSPECIFIED.,.F.,.F.,(4,4),(9.93634485598477E-7,0.997536784452621),
 .UNSPECIFIED.);
#392=B_SPLINE_CURVE_WITH_KNOTS('',3,(#13034,#13035,#13036,#13037),
 .UNSPECIFIED.,.F.,.F.,(4,4),(-0.997536784452621,-9.93634485579875E-7),
 .UNSPECIFIED.);
#393=B_SPLINE_CURVE_WITH_KNOTS('',3,(#13048,#13049,#13050,#13051),
 .UNSPECIFIED.,.F.,.F.,(4,4),(0.0162660614987788,0.612436106196121),
 .UNSPECIFIED.);
#394=B_SPLINE_CURVE_WITH_KNOTS('',3,(#13053,#13054,#13055,#13056),
 .UNSPECIFIED.,.F.,.F.,(4,4),(-0.612436106196121,-0.0162660614987788),
 .UNSPECIFIED.);
#395=B_SPLINE_CURVE_WITH_KNOTS('',3,(#13085,#13086,#13087,#13088),
 .UNSPECIFIED.,.F.,.F.,(4,4),(0.,0.247866286179185),.UNSPECIFIED.);
#396=B_SPLINE_CURVE_WITH_KNOTS('',3,(#13090,#13091,#13092,#13093),
 .UNSPECIFIED.,.F.,.F.,(4,4),(-0.247866286179185,0.),.UNSPECIFIED.);
#397=B_SPLINE_CURVE_WITH_KNOTS('',3,(#13110,#13111,#13112,#13113,#13114,
#13115,#13116),.UNSPECIFIED.,.F.,.F.,(4,3,4),(0.769984116273304,1.00000000000213,
1.00023840565238),.UNSPECIFIED.);
#398=B_SPLINE_CURVE_WITH_KNOTS('',3,(#13118,#13119,#13120,#13121,#13122,
#13123,#13124),.UNSPECIFIED.,.F.,.F.,(4,3,4),(-1.00023840565238,-1.00000000000213,
-0.769984116273304),.UNSPECIFIED.);
#399=B_SPLINE_CURVE_WITH_KNOTS('',3,(#13152,#13153,#13154,#13155),
 .UNSPECIFIED.,.F.,.F.,(4,4),(0.,0.998379778938274),.UNSPECIFIED.);
#400=B_SPLINE_CURVE_WITH_KNOTS('',3,(#13156,#13157,#13158,#13159),
 .UNSPECIFIED.,.F.,.F.,(4,4),(-0.998379778938274,0.),.UNSPECIFIED.);
#401=B_SPLINE_SURFACE_WITH_KNOTS('',2,1,((#9036,#9037),(#9038,#9039),(#9040,
#9041)),.UNSPECIFIED.,.F.,.F.,.F.,(3,3),(2,2),(-1.,0.),(0.,0.1),
 .UNSPECIFIED.);
#402=B_SPLINE_SURFACE_WITH_KNOTS('',2,1,((#9060,#9061),(#9062,#9063),(#9064,
#9065)),.UNSPECIFIED.,.F.,.F.,.F.,(3,3),(2,2),(-1.,0.),(0.,0.1),
 .UNSPECIFIED.);
#403=B_SPLINE_SURFACE_WITH_KNOTS('',2,1,((#9075,#9076),(#9077,#9078),(#9079,
#9080)),.UNSPECIFIED.,.F.,.F.,.F.,(3,3),(2,2),(-1.,0.),(0.,0.1),
 .UNSPECIFIED.);
#404=B_SPLINE_SURFACE_WITH_KNOTS('',2,1,((#9090,#9091),(#9092,#9093),(#9094,
#9095)),.UNSPECIFIED.,.F.,.F.,.F.,(3,3),(2,2),(-1.,0.),(0.,0.1),
 .UNSPECIFIED.);
#405=B_SPLINE_SURFACE_WITH_KNOTS('',2,1,((#9105,#9106),(#9107,#9108),(#9109,
#9110)),.UNSPECIFIED.,.F.,.F.,.F.,(3,3),(2,2),(-1.,0.),(0.,0.1),
 .UNSPECIFIED.);
#406=B_SPLINE_SURFACE_WITH_KNOTS('',2,1,((#9186,#9187),(#9188,#9189),(#9190,
#9191)),.UNSPECIFIED.,.F.,.F.,.F.,(3,3),(2,2),(-1.,0.),(0.,0.1),
 .UNSPECIFIED.);
#407=B_SPLINE_SURFACE_WITH_KNOTS('',2,1,((#9201,#9202),(#9203,#9204),(#9205,
#9206)),.UNSPECIFIED.,.F.,.F.,.F.,(3,3),(2,2),(-1.,0.),(0.,0.1),
 .UNSPECIFIED.);
#408=B_SPLINE_SURFACE_WITH_KNOTS('',2,1,((#9216,#9217),(#9218,#9219),(#9220,
#9221)),.UNSPECIFIED.,.F.,.F.,.F.,(3,3),(2,2),(-1.,0.),(0.,0.1),
 .UNSPECIFIED.);
#409=B_SPLINE_SURFACE_WITH_KNOTS('',2,1,((#9230,#9231),(#9232,#9233),(#9234,
#9235)),.UNSPECIFIED.,.F.,.F.,.F.,(3,3),(2,2),(-1.,0.),(0.,0.1),
 .UNSPECIFIED.);
#410=B_SPLINE_SURFACE_WITH_KNOTS('',2,1,((#9248,#9249),(#9250,#9251),(#9252,
#9253)),.UNSPECIFIED.,.F.,.F.,.F.,(3,3),(2,2),(-1.,0.),(0.,0.1),
 .UNSPECIFIED.);
#411=B_SPLINE_SURFACE_WITH_KNOTS('',2,1,((#9263,#9264),(#9265,#9266),(#9267,
#9268)),.UNSPECIFIED.,.F.,.F.,.F.,(3,3),(2,2),(-1.,0.),(0.,0.1),
 .UNSPECIFIED.);
#412=B_SPLINE_SURFACE_WITH_KNOTS('',2,1,((#9278,#9279),(#9280,#9281),(#9282,
#9283)),.UNSPECIFIED.,.F.,.F.,.F.,(3,3),(2,2),(-1.,0.),(0.,0.1),
 .UNSPECIFIED.);
#413=B_SPLINE_SURFACE_WITH_KNOTS('',2,1,((#9293,#9294),(#9295,#9296),(#9297,
#9298)),.UNSPECIFIED.,.F.,.F.,.F.,(3,3),(2,2),(-1.,0.),(0.,0.1),
 .UNSPECIFIED.);
#414=B_SPLINE_SURFACE_WITH_KNOTS('',2,1,((#9308,#9309),(#9310,#9311),(#9312,
#9313)),.UNSPECIFIED.,.F.,.F.,.F.,(3,3),(2,2),(-1.,0.),(0.,0.1),
 .UNSPECIFIED.);
#415=B_SPLINE_SURFACE_WITH_KNOTS('',2,1,((#9323,#9324),(#9325,#9326),(#9327,
#9328)),.UNSPECIFIED.,.F.,.F.,.F.,(3,3),(2,2),(-1.,0.),(0.,0.1),
 .UNSPECIFIED.);
#416=B_SPLINE_SURFACE_WITH_KNOTS('',2,1,((#9338,#9339),(#9340,#9341),(#9342,
#9343)),.UNSPECIFIED.,.F.,.F.,.F.,(3,3),(2,2),(-1.,0.),(0.,0.1),
 .UNSPECIFIED.);
#417=B_SPLINE_SURFACE_WITH_KNOTS('',2,1,((#9377,#9378),(#9379,#9380),(#9381,
#9382)),.UNSPECIFIED.,.F.,.F.,.F.,(3,3),(2,2),(-1.,0.),(0.,0.1),
 .UNSPECIFIED.);
#418=B_SPLINE_SURFACE_WITH_KNOTS('',2,1,((#9392,#9393),(#9394,#9395),(#9396,
#9397)),.UNSPECIFIED.,.F.,.F.,.F.,(3,3),(2,2),(-1.,0.),(0.,0.1),
 .UNSPECIFIED.);
#419=B_SPLINE_SURFACE_WITH_KNOTS('',2,1,((#9407,#9408),(#9409,#9410),(#9411,
#9412)),.UNSPECIFIED.,.F.,.F.,.F.,(3,3),(2,2),(-1.,0.),(0.,0.1),
 .UNSPECIFIED.);
#420=B_SPLINE_SURFACE_WITH_KNOTS('',2,1,((#9422,#9423),(#9424,#9425),(#9426,
#9427)),.UNSPECIFIED.,.F.,.F.,.F.,(3,3),(2,2),(-1.,0.),(0.,0.1),
 .UNSPECIFIED.);
#421=B_SPLINE_SURFACE_WITH_KNOTS('',2,1,((#9437,#9438),(#9439,#9440),(#9441,
#9442)),.UNSPECIFIED.,.F.,.F.,.F.,(3,3),(2,2),(-1.,0.),(0.,0.1),
 .UNSPECIFIED.);
#422=B_SPLINE_SURFACE_WITH_KNOTS('',2,1,((#9452,#9453),(#9454,#9455),(#9456,
#9457)),.UNSPECIFIED.,.F.,.F.,.F.,(3,3),(2,2),(-1.,0.),(0.,0.1),
 .UNSPECIFIED.);
#423=B_SPLINE_SURFACE_WITH_KNOTS('',2,1,((#9467,#9468),(#9469,#9470),(#9471,
#9472)),.UNSPECIFIED.,.F.,.F.,.F.,(3,3),(2,2),(-1.,0.),(0.,0.1),
 .UNSPECIFIED.);
#424=B_SPLINE_SURFACE_WITH_KNOTS('',2,1,((#9482,#9483),(#9484,#9485),(#9486,
#9487)),.UNSPECIFIED.,.F.,.F.,.F.,(3,3),(2,2),(-1.,0.),(0.,0.1),
 .UNSPECIFIED.);
#425=B_SPLINE_SURFACE_WITH_KNOTS('',2,1,((#9497,#9498),(#9499,#9500),(#9501,
#9502)),.UNSPECIFIED.,.F.,.F.,.F.,(3,3),(2,2),(-1.,0.),(0.,0.1),
 .UNSPECIFIED.);
#426=B_SPLINE_SURFACE_WITH_KNOTS('',2,1,((#9512,#9513),(#9514,#9515),(#9516,
#9517)),.UNSPECIFIED.,.F.,.F.,.F.,(3,3),(2,2),(-1.,0.),(0.,0.1),
 .UNSPECIFIED.);
#427=B_SPLINE_SURFACE_WITH_KNOTS('',2,1,((#9610,#9611),(#9612,#9613),(#9614,
#9615)),.UNSPECIFIED.,.F.,.F.,.F.,(3,3),(2,2),(-1.,0.),(0.,0.1),
 .UNSPECIFIED.);
#428=B_SPLINE_SURFACE_WITH_KNOTS('',2,1,((#9634,#9635),(#9636,#9637),(#9638,
#9639)),.UNSPECIFIED.,.F.,.F.,.F.,(3,3),(2,2),(-1.,0.),(0.,0.1),
 .UNSPECIFIED.);
#429=B_SPLINE_SURFACE_WITH_KNOTS('',2,1,((#9649,#9650),(#9651,#9652),(#9653,
#9654)),.UNSPECIFIED.,.F.,.F.,.F.,(3,3),(2,2),(-1.,0.),(0.,0.1),
 .UNSPECIFIED.);
#430=B_SPLINE_SURFACE_WITH_KNOTS('',2,1,((#9664,#9665),(#9666,#9667),(#9668,
#9669)),.UNSPECIFIED.,.F.,.F.,.F.,(3,3),(2,2),(-1.,0.),(0.,0.1),
 .UNSPECIFIED.);
#431=B_SPLINE_SURFACE_WITH_KNOTS('',2,1,((#9679,#9680),(#9681,#9682),(#9683,
#9684)),.UNSPECIFIED.,.F.,.F.,.F.,(3,3),(2,2),(-1.,0.),(0.,0.1),
 .UNSPECIFIED.);
#432=B_SPLINE_SURFACE_WITH_KNOTS('',2,1,((#9694,#9695),(#9696,#9697),(#9698,
#9699)),.UNSPECIFIED.,.F.,.F.,.F.,(3,3),(2,2),(-1.,0.),(0.,0.1),
 .UNSPECIFIED.);
#433=B_SPLINE_SURFACE_WITH_KNOTS('',2,1,((#9709,#9710),(#9711,#9712),(#9713,
#9714)),.UNSPECIFIED.,.F.,.F.,.F.,(3,3),(2,2),(-1.,0.),(0.,0.1),
 .UNSPECIFIED.);
#434=B_SPLINE_SURFACE_WITH_KNOTS('',2,1,((#9724,#9725),(#9726,#9727),(#9728,
#9729)),.UNSPECIFIED.,.F.,.F.,.F.,(3,3),(2,2),(-1.,0.),(0.,0.1),
 .UNSPECIFIED.);
#435=B_SPLINE_SURFACE_WITH_KNOTS('',2,1,((#9739,#9740),(#9741,#9742),(#9743,
#9744)),.UNSPECIFIED.,.F.,.F.,.F.,(3,3),(2,2),(-1.,0.),(0.,0.1),
 .UNSPECIFIED.);
#436=B_SPLINE_SURFACE_WITH_KNOTS('',2,1,((#9754,#9755),(#9756,#9757),(#9758,
#9759)),.UNSPECIFIED.,.F.,.F.,.F.,(3,3),(2,2),(-1.,0.),(0.,0.1),
 .UNSPECIFIED.);
#437=B_SPLINE_SURFACE_WITH_KNOTS('',2,1,((#9769,#9770),(#9771,#9772),(#9773,
#9774)),.UNSPECIFIED.,.F.,.F.,.F.,(3,3),(2,2),(-1.,0.),(0.,0.1),
 .UNSPECIFIED.);
#438=B_SPLINE_SURFACE_WITH_KNOTS('',2,1,((#9784,#9785),(#9786,#9787),(#9788,
#9789)),.UNSPECIFIED.,.F.,.F.,.F.,(3,3),(2,2),(-1.,0.),(0.,0.1),
 .UNSPECIFIED.);
#439=B_SPLINE_SURFACE_WITH_KNOTS('',2,1,((#9799,#9800),(#9801,#9802),(#9803,
#9804)),.UNSPECIFIED.,.F.,.F.,.F.,(3,3),(2,2),(-1.,0.),(0.,0.1),
 .UNSPECIFIED.);
#440=B_SPLINE_SURFACE_WITH_KNOTS('',2,1,((#9814,#9815),(#9816,#9817),(#9818,
#9819)),.UNSPECIFIED.,.F.,.F.,.F.,(3,3),(2,2),(-1.,0.),(0.,0.1),
 .UNSPECIFIED.);
#441=B_SPLINE_SURFACE_WITH_KNOTS('',2,1,((#9829,#9830),(#9831,#9832),(#9833,
#9834)),.UNSPECIFIED.,.F.,.F.,.F.,(3,3),(2,2),(-1.,0.),(0.,0.1),
 .UNSPECIFIED.);
#442=B_SPLINE_SURFACE_WITH_KNOTS('',2,1,((#9844,#9845),(#9846,#9847),(#9848,
#9849)),.UNSPECIFIED.,.F.,.F.,.F.,(3,3),(2,2),(-1.,0.),(0.,0.1),
 .UNSPECIFIED.);
#443=B_SPLINE_SURFACE_WITH_KNOTS('',2,1,((#9859,#9860),(#9861,#9862),(#9863,
#9864)),.UNSPECIFIED.,.F.,.F.,.F.,(3,3),(2,2),(-1.,0.),(0.,0.1),
 .UNSPECIFIED.);
#444=B_SPLINE_SURFACE_WITH_KNOTS('',2,1,((#9874,#9875),(#9876,#9877),(#9878,
#9879)),.UNSPECIFIED.,.F.,.F.,.F.,(3,3),(2,2),(-1.,0.),(0.,0.1),
 .UNSPECIFIED.);
#445=B_SPLINE_SURFACE_WITH_KNOTS('',2,1,((#9889,#9890),(#9891,#9892),(#9893,
#9894)),.UNSPECIFIED.,.F.,.F.,.F.,(3,3),(2,2),(-1.,0.),(0.,0.1),
 .UNSPECIFIED.);
#446=B_SPLINE_SURFACE_WITH_KNOTS('',2,1,((#9910,#9911),(#9912,#9913),(#9914,
#9915)),.UNSPECIFIED.,.F.,.F.,.F.,(3,3),(2,2),(-1.,0.),(0.,0.1),
 .UNSPECIFIED.);
#447=B_SPLINE_SURFACE_WITH_KNOTS('',2,1,((#9925,#9926),(#9927,#9928),(#9929,
#9930)),.UNSPECIFIED.,.F.,.F.,.F.,(3,3),(2,2),(-1.,0.),(0.,0.1),
 .UNSPECIFIED.);
#448=B_SPLINE_SURFACE_WITH_KNOTS('',2,1,((#9940,#9941),(#9942,#9943),(#9944,
#9945)),.UNSPECIFIED.,.F.,.F.,.F.,(3,3),(2,2),(-1.,0.),(0.,0.1),
 .UNSPECIFIED.);
#449=B_SPLINE_SURFACE_WITH_KNOTS('',2,1,((#9955,#9956),(#9957,#9958),(#9959,
#9960)),.UNSPECIFIED.,.F.,.F.,.F.,(3,3),(2,2),(-1.,0.),(0.,0.1),
 .UNSPECIFIED.);
#450=B_SPLINE_SURFACE_WITH_KNOTS('',2,1,((#9970,#9971),(#9972,#9973),(#9974,
#9975)),.UNSPECIFIED.,.F.,.F.,.F.,(3,3),(2,2),(-1.,0.),(0.,0.1),
 .UNSPECIFIED.);
#451=B_SPLINE_SURFACE_WITH_KNOTS('',2,1,((#9985,#9986),(#9987,#9988),(#9989,
#9990)),.UNSPECIFIED.,.F.,.F.,.F.,(3,3),(2,2),(-1.,0.),(0.,0.1),
 .UNSPECIFIED.);
#452=B_SPLINE_SURFACE_WITH_KNOTS('',2,1,((#10000,#10001),(#10002,#10003),
(#10004,#10005)),.UNSPECIFIED.,.F.,.F.,.F.,(3,3),(2,2),(-1.,0.),(0.,0.1),
 .UNSPECIFIED.);
#453=B_SPLINE_SURFACE_WITH_KNOTS('',2,1,((#10015,#10016),(#10017,#10018),
(#10019,#10020)),.UNSPECIFIED.,.F.,.F.,.F.,(3,3),(2,2),(-1.,0.),(0.,0.1),
 .UNSPECIFIED.);
#454=B_SPLINE_SURFACE_WITH_KNOTS('',2,1,((#10030,#10031),(#10032,#10033),
(#10034,#10035)),.UNSPECIFIED.,.F.,.F.,.F.,(3,3),(2,2),(-1.,0.),(0.,0.1),
 .UNSPECIFIED.);
#455=B_SPLINE_SURFACE_WITH_KNOTS('',2,1,((#10045,#10046),(#10047,#10048),
(#10049,#10050)),.UNSPECIFIED.,.F.,.F.,.F.,(3,3),(2,2),(-1.,0.),(0.,0.1),
 .UNSPECIFIED.);
#456=B_SPLINE_SURFACE_WITH_KNOTS('',2,1,((#10060,#10061),(#10062,#10063),
(#10064,#10065)),.UNSPECIFIED.,.F.,.F.,.F.,(3,3),(2,2),(-1.,0.),(0.,0.1),
 .UNSPECIFIED.);
#457=B_SPLINE_SURFACE_WITH_KNOTS('',2,1,((#10075,#10076),(#10077,#10078),
(#10079,#10080)),.UNSPECIFIED.,.F.,.F.,.F.,(3,3),(2,2),(-1.,0.),(0.,0.1),
 .UNSPECIFIED.);
#458=B_SPLINE_SURFACE_WITH_KNOTS('',2,1,((#10090,#10091),(#10092,#10093),
(#10094,#10095)),.UNSPECIFIED.,.F.,.F.,.F.,(3,3),(2,2),(-1.,0.),(0.,0.1),
 .UNSPECIFIED.);
#459=B_SPLINE_SURFACE_WITH_KNOTS('',2,1,((#10105,#10106),(#10107,#10108),
(#10109,#10110)),.UNSPECIFIED.,.F.,.F.,.F.,(3,3),(2,2),(-1.,0.),(0.,0.1),
 .UNSPECIFIED.);
#460=B_SPLINE_SURFACE_WITH_KNOTS('',2,1,((#10145,#10146),(#10147,#10148),
(#10149,#10150)),.UNSPECIFIED.,.F.,.F.,.F.,(3,3),(2,2),(-1.,0.),(0.,0.1),
 .UNSPECIFIED.);
#461=B_SPLINE_SURFACE_WITH_KNOTS('',2,1,((#10169,#10170),(#10171,#10172),
(#10173,#10174)),.UNSPECIFIED.,.F.,.F.,.F.,(3,3),(2,2),(-1.,0.),(0.,0.1),
 .UNSPECIFIED.);
#462=B_SPLINE_SURFACE_WITH_KNOTS('',2,1,((#10184,#10185),(#10186,#10187),
(#10188,#10189)),.UNSPECIFIED.,.F.,.F.,.F.,(3,3),(2,2),(-1.,0.),(0.,0.1),
 .UNSPECIFIED.);
#463=B_SPLINE_SURFACE_WITH_KNOTS('',2,1,((#10199,#10200),(#10201,#10202),
(#10203,#10204)),.UNSPECIFIED.,.F.,.F.,.F.,(3,3),(2,2),(-1.,0.),(0.,0.1),
 .UNSPECIFIED.);
#464=B_SPLINE_SURFACE_WITH_KNOTS('',2,1,((#10214,#10215),(#10216,#10217),
(#10218,#10219)),.UNSPECIFIED.,.F.,.F.,.F.,(3,3),(2,2),(-1.,0.),(0.,0.1),
 .UNSPECIFIED.);
#465=B_SPLINE_SURFACE_WITH_KNOTS('',2,1,((#10229,#10230),(#10231,#10232),
(#10233,#10234)),.UNSPECIFIED.,.F.,.F.,.F.,(3,3),(2,2),(-1.,0.),(0.,0.1),
 .UNSPECIFIED.);
#466=B_SPLINE_SURFACE_WITH_KNOTS('',2,1,((#10262,#10263),(#10264,#10265),
(#10266,#10267)),.UNSPECIFIED.,.F.,.F.,.F.,(3,3),(2,2),(-1.,0.),(0.,0.1),
 .UNSPECIFIED.);
#467=B_SPLINE_SURFACE_WITH_KNOTS('',2,1,((#10277,#10278),(#10279,#10280),
(#10281,#10282)),.UNSPECIFIED.,.F.,.F.,.F.,(3,3),(2,2),(-1.,0.),(0.,0.1),
 .UNSPECIFIED.);
#468=B_SPLINE_SURFACE_WITH_KNOTS('',2,1,((#10310,#10311),(#10312,#10313),
(#10314,#10315)),.UNSPECIFIED.,.F.,.F.,.F.,(3,3),(2,2),(-1.,0.),(0.,0.1),
 .UNSPECIFIED.);
#469=B_SPLINE_SURFACE_WITH_KNOTS('',2,1,((#10325,#10326),(#10327,#10328),
(#10329,#10330)),.UNSPECIFIED.,.F.,.F.,.F.,(3,3),(2,2),(-1.,0.),(0.,0.1),
 .UNSPECIFIED.);
#470=B_SPLINE_SURFACE_WITH_KNOTS('',2,1,((#10340,#10341),(#10342,#10343),
(#10344,#10345)),.UNSPECIFIED.,.F.,.F.,.F.,(3,3),(2,2),(-1.,0.),(0.,0.1),
 .UNSPECIFIED.);
#471=B_SPLINE_SURFACE_WITH_KNOTS('',2,1,((#10354,#10355),(#10356,#10357),
(#10358,#10359)),.UNSPECIFIED.,.F.,.F.,.F.,(3,3),(2,2),(0.,1.),(0.,0.05),
 .UNSPECIFIED.);
#472=B_SPLINE_SURFACE_WITH_KNOTS('',2,1,((#10372,#10373),(#10374,#10375),
(#10376,#10377)),.UNSPECIFIED.,.F.,.F.,.F.,(3,3),(2,2),(0.,1.),(0.,0.05),
 .UNSPECIFIED.);
#473=B_SPLINE_SURFACE_WITH_KNOTS('',2,1,((#10453,#10454),(#10455,#10456),
(#10457,#10458)),.UNSPECIFIED.,.F.,.F.,.F.,(3,3),(2,2),(0.,1.),(0.,0.05),
 .UNSPECIFIED.);
#474=B_SPLINE_SURFACE_WITH_KNOTS('',2,1,((#10468,#10469),(#10470,#10471),
(#10472,#10473)),.UNSPECIFIED.,.F.,.F.,.F.,(3,3),(2,2),(0.,1.),(0.,0.05),
 .UNSPECIFIED.);
#475=B_SPLINE_SURFACE_WITH_KNOTS('',2,1,((#10483,#10484),(#10485,#10486),
(#10487,#10488)),.UNSPECIFIED.,.F.,.F.,.F.,(3,3),(2,2),(0.,1.),(0.,0.05),
 .UNSPECIFIED.);
#476=B_SPLINE_SURFACE_WITH_KNOTS('',2,1,((#10498,#10499),(#10500,#10501),
(#10502,#10503)),.UNSPECIFIED.,.F.,.F.,.F.,(3,3),(2,2),(0.,1.),(0.,0.05),
 .UNSPECIFIED.);
#477=B_SPLINE_SURFACE_WITH_KNOTS('',2,1,((#10519,#10520),(#10521,#10522),
(#10523,#10524)),.UNSPECIFIED.,.F.,.F.,.F.,(3,3),(2,2),(0.,1.),(0.,0.05),
 .UNSPECIFIED.);
#478=B_SPLINE_SURFACE_WITH_KNOTS('',2,1,((#10534,#10535),(#10536,#10537),
(#10538,#10539)),.UNSPECIFIED.,.F.,.F.,.F.,(3,3),(2,2),(0.,1.),(0.,0.05),
 .UNSPECIFIED.);
#479=B_SPLINE_SURFACE_WITH_KNOTS('',3,1,((#10546,#10547),(#10548,#10549),
(#10550,#10551),(#10552,#10553)),.UNSPECIFIED.,.F.,.F.,.F.,(4,4),(2,2),
(-0.869820443141023,0.),(0.,0.05),.UNSPECIFIED.);
#480=B_SPLINE_SURFACE_WITH_KNOTS('',3,1,((#10568,#10569),(#10570,#10571),
(#10572,#10573),(#10574,#10575)),.UNSPECIFIED.,.F.,.F.,.F.,(4,4),(2,2),
(-1.,-0.0558546820963667),(0.,0.05),.UNSPECIFIED.);
#481=B_SPLINE_SURFACE_WITH_KNOTS('',3,1,((#10587,#10588),(#10589,#10590),
(#10591,#10592),(#10593,#10594)),.UNSPECIFIED.,.F.,.F.,.F.,(4,4),(2,2),
(-1.,-3.75891191630728E-5),(0.,0.05),.UNSPECIFIED.);
#482=B_SPLINE_SURFACE_WITH_KNOTS('',3,1,((#10606,#10607),(#10608,#10609),
(#10610,#10611),(#10612,#10613),(#10614,#10615),(#10616,#10617),(#10618,
#10619)),.UNSPECIFIED.,.F.,.F.,.F.,(4,3,4),(2,2),(-1.58051522765343,-1.,
0.),(0.,0.05),.UNSPECIFIED.);
#483=B_SPLINE_SURFACE_WITH_KNOTS('',3,1,((#10643,#10644),(#10645,#10646),
(#10647,#10648),(#10649,#10650),(#10651,#10652),(#10653,#10654),(#10655,
#10656)),.UNSPECIFIED.,.F.,.F.,.F.,(4,3,4),(2,2),(-1.,0.,0.360749453171069),
(0.,0.05),.UNSPECIFIED.);
#484=B_SPLINE_SURFACE_WITH_KNOTS('',3,1,((#10674,#10675),(#10676,#10677),
(#10678,#10679),(#10680,#10681)),.UNSPECIFIED.,.F.,.F.,.F.,(4,4),(2,2),
(-1.,0.),(0.,0.05),.UNSPECIFIED.);
#485=B_SPLINE_SURFACE_WITH_KNOTS('',3,1,((#10693,#10694),(#10695,#10696),
(#10697,#10698),(#10699,#10700)),.UNSPECIFIED.,.F.,.F.,.F.,(4,4),(2,2),
(-1.,0.),(0.,0.05),.UNSPECIFIED.);
#486=B_SPLINE_SURFACE_WITH_KNOTS('',3,1,((#10712,#10713),(#10714,#10715),
(#10716,#10717),(#10718,#10719)),.UNSPECIFIED.,.F.,.F.,.F.,(4,4),(2,2),
(-1.,-4.14996049191707E-7),(0.,0.05),.UNSPECIFIED.);
#487=B_SPLINE_SURFACE_WITH_KNOTS('',2,1,((#10796,#10797),(#10798,#10799),
(#10800,#10801)),.UNSPECIFIED.,.F.,.F.,.F.,(3,3),(2,2),(0.,1.),(0.,0.05),
 .UNSPECIFIED.);
#488=B_SPLINE_SURFACE_WITH_KNOTS('',2,1,((#10814,#10815),(#10816,#10817),
(#10818,#10819)),.UNSPECIFIED.,.F.,.F.,.F.,(3,3),(2,2),(0.,1.),(0.,0.05),
 .UNSPECIFIED.);
#489=B_SPLINE_SURFACE_WITH_KNOTS('',2,1,((#10829,#10830),(#10831,#10832),
(#10833,#10834)),.UNSPECIFIED.,.F.,.F.,.F.,(3,3),(2,2),(0.,1.),(0.,0.05),
 .UNSPECIFIED.);
#490=B_SPLINE_SURFACE_WITH_KNOTS('',2,1,((#10844,#10845),(#10846,#10847),
(#10848,#10849)),.UNSPECIFIED.,.F.,.F.,.F.,(3,3),(2,2),(0.,1.),(0.,0.05),
 .UNSPECIFIED.);
#491=B_SPLINE_SURFACE_WITH_KNOTS('',2,1,((#10859,#10860),(#10861,#10862),
(#10863,#10864)),.UNSPECIFIED.,.F.,.F.,.F.,(3,3),(2,2),(0.,1.),(0.,0.05),
 .UNSPECIFIED.);
#492=B_SPLINE_SURFACE_WITH_KNOTS('',2,1,((#10874,#10875),(#10876,#10877),
(#10878,#10879)),.UNSPECIFIED.,.F.,.F.,.F.,(3,3),(2,2),(0.,1.),(0.,0.05),
 .UNSPECIFIED.);
#493=B_SPLINE_SURFACE_WITH_KNOTS('',2,1,((#10889,#10890),(#10891,#10892),
(#10893,#10894)),.UNSPECIFIED.,.F.,.F.,.F.,(3,3),(2,2),(0.,1.),(0.,0.05),
 .UNSPECIFIED.);
#494=B_SPLINE_SURFACE_WITH_KNOTS('',2,1,((#10904,#10905),(#10906,#10907),
(#10908,#10909)),.UNSPECIFIED.,.F.,.F.,.F.,(3,3),(2,2),(0.,1.),(0.,0.05),
 .UNSPECIFIED.);
#495=B_SPLINE_SURFACE_WITH_KNOTS('',2,1,((#10919,#10920),(#10921,#10922),
(#10923,#10924)),.UNSPECIFIED.,.F.,.F.,.F.,(3,3),(2,2),(0.,1.),(0.,0.05),
 .UNSPECIFIED.);
#496=B_SPLINE_SURFACE_WITH_KNOTS('',2,1,((#10934,#10935),(#10936,#10937),
(#10938,#10939)),.UNSPECIFIED.,.F.,.F.,.F.,(3,3),(2,2),(0.,1.),(0.,0.05),
 .UNSPECIFIED.);
#497=B_SPLINE_SURFACE_WITH_KNOTS('',3,1,((#10976,#10977),(#10978,#10979),
(#10980,#10981),(#10982,#10983)),.UNSPECIFIED.,.F.,.F.,.F.,(4,4),(2,2),
(-1.,-9.38571740327632E-8),(0.,0.05),.UNSPECIFIED.);
#498=B_SPLINE_SURFACE_WITH_KNOTS('',3,1,((#10998,#10999),(#11000,#11001),
(#11002,#11003),(#11004,#11005)),.UNSPECIFIED.,.F.,.F.,.F.,(4,4),(2,2),
(-1.,-1.15948254442166E-7),(0.,0.05),.UNSPECIFIED.);
#499=B_SPLINE_SURFACE_WITH_KNOTS('',3,1,((#11017,#11018),(#11019,#11020),
(#11021,#11022),(#11023,#11024)),.UNSPECIFIED.,.F.,.F.,.F.,(4,4),(2,2),
(-1.,0.),(0.,0.05),.UNSPECIFIED.);
#500=B_SPLINE_SURFACE_WITH_KNOTS('',3,1,((#11036,#11037),(#11038,#11039),
(#11040,#11041),(#11042,#11043)),.UNSPECIFIED.,.F.,.F.,.F.,(4,4),(2,2),
(-1.,-5.05162711217366E-7),(0.,0.05),.UNSPECIFIED.);
#501=B_SPLINE_SURFACE_WITH_KNOTS('',3,1,((#11055,#11056),(#11057,#11058),
(#11059,#11060),(#11061,#11062)),.UNSPECIFIED.,.F.,.F.,.F.,(4,4),(2,2),
(-1.,0.),(0.,0.05),.UNSPECIFIED.);
#502=B_SPLINE_SURFACE_WITH_KNOTS('',3,1,((#11074,#11075),(#11076,#11077),
(#11078,#11079),(#11080,#11081)),.UNSPECIFIED.,.F.,.F.,.F.,(4,4),(2,2),
(-1.,0.),(0.,0.05),.UNSPECIFIED.);
#503=B_SPLINE_SURFACE_WITH_KNOTS('',3,1,((#11093,#11094),(#11095,#11096),
(#11097,#11098),(#11099,#11100)),.UNSPECIFIED.,.F.,.F.,.F.,(4,4),(2,2),
(-0.0593015889428499,-3.93332790060708E-7),(0.,0.05),.UNSPECIFIED.);
#504=B_SPLINE_SURFACE_WITH_KNOTS('',3,1,((#11142,#11143),(#11144,#11145),
(#11146,#11147),(#11148,#11149)),.UNSPECIFIED.,.F.,.F.,.F.,(4,4),(2,2),
(-1.,-0.874158666770247),(0.,0.05),.UNSPECIFIED.);
#505=B_SPLINE_SURFACE_WITH_KNOTS('',3,1,((#11161,#11162),(#11163,#11164),
(#11165,#11166),(#11167,#11168)),.UNSPECIFIED.,.F.,.F.,.F.,(4,4),(2,2),
(-1.,-2.82759969438828E-7),(0.,0.05),.UNSPECIFIED.);
#506=B_SPLINE_SURFACE_WITH_KNOTS('',3,1,((#11180,#11181),(#11182,#11183),
(#11184,#11185),(#11186,#11187)),.UNSPECIFIED.,.F.,.F.,.F.,(4,4),(2,2),
(-1.,0.),(0.,0.05),.UNSPECIFIED.);
#507=B_SPLINE_SURFACE_WITH_KNOTS('',2,1,((#11348,#11349),(#11350,#11351),
(#11352,#11353)),.UNSPECIFIED.,.F.,.F.,.F.,(3,3),(2,2),(0.,1.),(0.,0.05),
 .UNSPECIFIED.);
#508=B_SPLINE_SURFACE_WITH_KNOTS('',2,1,((#11366,#11367),(#11368,#11369),
(#11370,#11371)),.UNSPECIFIED.,.F.,.F.,.F.,(3,3),(2,2),(0.,1.),(0.,0.05),
 .UNSPECIFIED.);
#509=B_SPLINE_SURFACE_WITH_KNOTS('',2,1,((#11381,#11382),(#11383,#11384),
(#11385,#11386)),.UNSPECIFIED.,.F.,.F.,.F.,(3,3),(2,2),(0.,1.),(0.,0.05),
 .UNSPECIFIED.);
#510=B_SPLINE_SURFACE_WITH_KNOTS('',2,1,((#11396,#11397),(#11398,#11399),
(#11400,#11401)),.UNSPECIFIED.,.F.,.F.,.F.,(3,3),(2,2),(0.,1.),(0.,0.05),
 .UNSPECIFIED.);
#511=B_SPLINE_SURFACE_WITH_KNOTS('',2,1,((#11411,#11412),(#11413,#11414),
(#11415,#11416)),.UNSPECIFIED.,.F.,.F.,.F.,(3,3),(2,2),(0.,1.),(0.,0.05),
 .UNSPECIFIED.);
#512=B_SPLINE_SURFACE_WITH_KNOTS('',2,1,((#11426,#11427),(#11428,#11429),
(#11430,#11431)),.UNSPECIFIED.,.F.,.F.,.F.,(3,3),(2,2),(0.,1.),(0.,0.05),
 .UNSPECIFIED.);
#513=B_SPLINE_SURFACE_WITH_KNOTS('',2,1,((#11441,#11442),(#11443,#11444),
(#11445,#11446)),.UNSPECIFIED.,.F.,.F.,.F.,(3,3),(2,2),(0.,1.),(0.,0.05),
 .UNSPECIFIED.);
#514=B_SPLINE_SURFACE_WITH_KNOTS('',2,1,((#11456,#11457),(#11458,#11459),
(#11460,#11461)),.UNSPECIFIED.,.F.,.F.,.F.,(3,3),(2,2),(0.,1.),(0.,0.05),
 .UNSPECIFIED.);
#515=B_SPLINE_SURFACE_WITH_KNOTS('',2,1,((#11471,#11472),(#11473,#11474),
(#11475,#11476)),.UNSPECIFIED.,.F.,.F.,.F.,(3,3),(2,2),(0.,1.),(0.,0.05),
 .UNSPECIFIED.);
#516=B_SPLINE_SURFACE_WITH_KNOTS('',2,1,((#11486,#11487),(#11488,#11489),
(#11490,#11491)),.UNSPECIFIED.,.F.,.F.,.F.,(3,3),(2,2),(0.,1.),(0.,0.05),
 .UNSPECIFIED.);
#517=B_SPLINE_SURFACE_WITH_KNOTS('',2,1,((#11501,#11502),(#11503,#11504),
(#11505,#11506)),.UNSPECIFIED.,.F.,.F.,.F.,(3,3),(2,2),(0.,1.),(0.,0.05),
 .UNSPECIFIED.);
#518=B_SPLINE_SURFACE_WITH_KNOTS('',2,1,((#11516,#11517),(#11518,#11519),
(#11520,#11521)),.UNSPECIFIED.,.F.,.F.,.F.,(3,3),(2,2),(0.,1.),(0.,0.05),
 .UNSPECIFIED.);
#519=B_SPLINE_SURFACE_WITH_KNOTS('',2,1,((#11531,#11532),(#11533,#11534),
(#11535,#11536)),.UNSPECIFIED.,.F.,.F.,.F.,(3,3),(2,2),(0.,1.),(0.,0.05),
 .UNSPECIFIED.);
#520=B_SPLINE_SURFACE_WITH_KNOTS('',2,1,((#11552,#11553),(#11554,#11555),
(#11556,#11557)),.UNSPECIFIED.,.F.,.F.,.F.,(3,3),(2,2),(0.,1.),(0.,0.05),
 .UNSPECIFIED.);
#521=B_SPLINE_SURFACE_WITH_KNOTS('',2,1,((#11567,#11568),(#11569,#11570),
(#11571,#11572)),.UNSPECIFIED.,.F.,.F.,.F.,(3,3),(2,2),(0.,1.),(0.,0.05),
 .UNSPECIFIED.);
#522=B_SPLINE_SURFACE_WITH_KNOTS('',2,1,((#11582,#11583),(#11584,#11585),
(#11586,#11587)),.UNSPECIFIED.,.F.,.F.,.F.,(3,3),(2,2),(0.,1.),(0.,0.05),
 .UNSPECIFIED.);
#523=B_SPLINE_SURFACE_WITH_KNOTS('',2,1,((#11597,#11598),(#11599,#11600),
(#11601,#11602)),.UNSPECIFIED.,.F.,.F.,.F.,(3,3),(2,2),(0.,1.),(0.,0.05),
 .UNSPECIFIED.);
#524=B_SPLINE_SURFACE_WITH_KNOTS('',2,1,((#11612,#11613),(#11614,#11615),
(#11616,#11617)),.UNSPECIFIED.,.F.,.F.,.F.,(3,3),(2,2),(0.,1.),(0.,0.05),
 .UNSPECIFIED.);
#525=B_SPLINE_SURFACE_WITH_KNOTS('',2,1,((#11627,#11628),(#11629,#11630),
(#11631,#11632)),.UNSPECIFIED.,.F.,.F.,.F.,(3,3),(2,2),(0.,1.),(0.,0.05),
 .UNSPECIFIED.);
#526=B_SPLINE_SURFACE_WITH_KNOTS('',2,1,((#11642,#11643),(#11644,#11645),
(#11646,#11647)),.UNSPECIFIED.,.F.,.F.,.F.,(3,3),(2,2),(0.,1.),(0.,0.05),
 .UNSPECIFIED.);
#527=B_SPLINE_SURFACE_WITH_KNOTS('',2,1,((#11657,#11658),(#11659,#11660),
(#11661,#11662)),.UNSPECIFIED.,.F.,.F.,.F.,(3,3),(2,2),(0.,1.),(0.,0.05),
 .UNSPECIFIED.);
#528=B_SPLINE_SURFACE_WITH_KNOTS('',2,1,((#11672,#11673),(#11674,#11675),
(#11676,#11677)),.UNSPECIFIED.,.F.,.F.,.F.,(3,3),(2,2),(0.,1.),(0.,0.05),
 .UNSPECIFIED.);
#529=B_SPLINE_SURFACE_WITH_KNOTS('',2,1,((#11687,#11688),(#11689,#11690),
(#11691,#11692)),.UNSPECIFIED.,.F.,.F.,.F.,(3,3),(2,2),(0.,1.),(0.,0.05),
 .UNSPECIFIED.);
#530=B_SPLINE_SURFACE_WITH_KNOTS('',2,1,((#11702,#11703),(#11704,#11705),
(#11706,#11707)),.UNSPECIFIED.,.F.,.F.,.F.,(3,3),(2,2),(0.,1.),(0.,0.05),
 .UNSPECIFIED.);
#531=B_SPLINE_SURFACE_WITH_KNOTS('',2,1,((#11717,#11718),(#11719,#11720),
(#11721,#11722)),.UNSPECIFIED.,.F.,.F.,.F.,(3,3),(2,2),(0.,1.),(0.,0.05),
 .UNSPECIFIED.);
#532=B_SPLINE_SURFACE_WITH_KNOTS('',2,1,((#11732,#11733),(#11734,#11735),
(#11736,#11737)),.UNSPECIFIED.,.F.,.F.,.F.,(3,3),(2,2),(0.,1.),(0.,0.05),
 .UNSPECIFIED.);
#533=B_SPLINE_SURFACE_WITH_KNOTS('',2,1,((#11747,#11748),(#11749,#11750),
(#11751,#11752)),.UNSPECIFIED.,.F.,.F.,.F.,(3,3),(2,2),(0.,1.),(0.,0.05),
 .UNSPECIFIED.);
#534=B_SPLINE_SURFACE_WITH_KNOTS('',2,1,((#11762,#11763),(#11764,#11765),
(#11766,#11767)),.UNSPECIFIED.,.F.,.F.,.F.,(3,3),(2,2),(0.,1.),(0.,0.05),
 .UNSPECIFIED.);
#535=B_SPLINE_SURFACE_WITH_KNOTS('',2,1,((#11777,#11778),(#11779,#11780),
(#11781,#11782)),.UNSPECIFIED.,.F.,.F.,.F.,(3,3),(2,2),(0.,1.),(0.,0.05),
 .UNSPECIFIED.);
#536=B_SPLINE_SURFACE_WITH_KNOTS('',2,1,((#11792,#11793),(#11794,#11795),
(#11796,#11797)),.UNSPECIFIED.,.F.,.F.,.F.,(3,3),(2,2),(0.,1.),(0.,0.05),
 .UNSPECIFIED.);
#537=B_SPLINE_SURFACE_WITH_KNOTS('',2,1,((#11807,#11808),(#11809,#11810),
(#11811,#11812)),.UNSPECIFIED.,.F.,.F.,.F.,(3,3),(2,2),(0.,1.),(0.,0.05),
 .UNSPECIFIED.);
#538=B_SPLINE_SURFACE_WITH_KNOTS('',2,1,((#11828,#11829),(#11830,#11831),
(#11832,#11833)),.UNSPECIFIED.,.F.,.F.,.F.,(3,3),(2,2),(0.,1.),(0.,0.05),
 .UNSPECIFIED.);
#539=B_SPLINE_SURFACE_WITH_KNOTS('',2,1,((#11843,#11844),(#11845,#11846),
(#11847,#11848)),.UNSPECIFIED.,.F.,.F.,.F.,(3,3),(2,2),(0.,1.),(0.,0.05),
 .UNSPECIFIED.);
#540=B_SPLINE_SURFACE_WITH_KNOTS('',3,1,((#11855,#11856),(#11857,#11858),
(#11859,#11860),(#11861,#11862),(#11863,#11864),(#11865,#11866),(#11867,
#11868)),.UNSPECIFIED.,.F.,.F.,.F.,(4,3,4),(2,2),(-1.,0.,0.253795486468299),
(0.,0.05),.UNSPECIFIED.);
#541=B_SPLINE_SURFACE_WITH_KNOTS('',3,1,((#11889,#11890),(#11891,#11892),
(#11893,#11894),(#11895,#11896)),.UNSPECIFIED.,.F.,.F.,.F.,(4,4),(2,2),
(-1.,0.),(0.,0.05),.UNSPECIFIED.);
#542=B_SPLINE_SURFACE_WITH_KNOTS('',3,1,((#11908,#11909),(#11910,#11911),
(#11912,#11913),(#11914,#11915)),.UNSPECIFIED.,.F.,.F.,.F.,(4,4),(2,2),
(-1.,0.),(0.,0.05),.UNSPECIFIED.);
#543=B_SPLINE_SURFACE_WITH_KNOTS('',3,1,((#11927,#11928),(#11929,#11930),
(#11931,#11932),(#11933,#11934)),.UNSPECIFIED.,.F.,.F.,.F.,(4,4),(2,2),
(-1.,-1.8733303286389E-7),(0.,0.05),.UNSPECIFIED.);
#544=B_SPLINE_SURFACE_WITH_KNOTS('',3,1,((#11946,#11947),(#11948,#11949),
(#11950,#11951),(#11952,#11953),(#11954,#11955),(#11956,#11957),(#11958,
#11959)),.UNSPECIFIED.,.F.,.F.,.F.,(4,3,4),(2,2),(-1.00421830346727,-1.,
0.),(0.,0.05),.UNSPECIFIED.);
#545=B_SPLINE_SURFACE_WITH_KNOTS('',3,1,((#11977,#11978),(#11979,#11980),
(#11981,#11982),(#11983,#11984),(#11985,#11986),(#11987,#11988),(#11989,
#11990)),.UNSPECIFIED.,.F.,.F.,.F.,(4,3,4),(2,2),(-1.,-0.819760188722975,
0.),(0.,0.05),.UNSPECIFIED.);
#546=B_SPLINE_SURFACE_WITH_KNOTS('',3,1,((#12008,#12009),(#12010,#12011),
(#12012,#12013),(#12014,#12015),(#12016,#12017),(#12018,#12019),(#12020,
#12021)),.UNSPECIFIED.,.F.,.F.,.F.,(4,3,4),(2,2),(-1.00100222676854,-1.,
0.),(0.,0.05),.UNSPECIFIED.);
#547=B_SPLINE_SURFACE_WITH_KNOTS('',3,1,((#12039,#12040),(#12041,#12042),
(#12043,#12044),(#12045,#12046),(#12047,#12048),(#12049,#12050),(#12051,
#12052)),.UNSPECIFIED.,.F.,.F.,.F.,(4,3,4),(2,2),(-1.,0.,0.000687376546297183),
(0.,0.05),.UNSPECIFIED.);
#548=B_SPLINE_SURFACE_WITH_KNOTS('',3,1,((#12070,#12071),(#12072,#12073),
(#12074,#12075),(#12076,#12077)),.UNSPECIFIED.,.F.,.F.,.F.,(4,4),(2,2),
(-1.,0.),(0.,0.05),.UNSPECIFIED.);
#549=B_SPLINE_SURFACE_WITH_KNOTS('',3,1,((#12089,#12090),(#12091,#12092),
(#12093,#12094),(#12095,#12096)),.UNSPECIFIED.,.F.,.F.,.F.,(4,4),(2,2),
(-1.,0.),(0.,0.05),.UNSPECIFIED.);
#550=B_SPLINE_SURFACE_WITH_KNOTS('',3,1,((#12108,#12109),(#12110,#12111),
(#12112,#12113),(#12114,#12115)),.UNSPECIFIED.,.F.,.F.,.F.,(4,4),(2,2),
(-1.,0.),(0.,0.05),.UNSPECIFIED.);
#551=B_SPLINE_SURFACE_WITH_KNOTS('',3,1,((#12127,#12128),(#12129,#12130),
(#12131,#12132),(#12133,#12134)),.UNSPECIFIED.,.F.,.F.,.F.,(4,4),(2,2),
(-1.,0.),(0.,0.05),.UNSPECIFIED.);
#552=B_SPLINE_SURFACE_WITH_KNOTS('',3,1,((#12146,#12147),(#12148,#12149),
(#12150,#12151),(#12152,#12153)),.UNSPECIFIED.,.F.,.F.,.F.,(4,4),(2,2),
(-1.,0.),(0.,0.05),.UNSPECIFIED.);
#553=B_SPLINE_SURFACE_WITH_KNOTS('',3,1,((#12165,#12166),(#12167,#12168),
(#12169,#12170),(#12171,#12172)),.UNSPECIFIED.,.F.,.F.,.F.,(4,4),(2,2),
(-1.,-2.94647803156245E-7),(0.,0.05),.UNSPECIFIED.);
#554=B_SPLINE_SURFACE_WITH_KNOTS('',3,1,((#12184,#12185),(#12186,#12187),
(#12188,#12189),(#12190,#12191),(#12192,#12193),(#12194,#12195),(#12196,
#12197)),.UNSPECIFIED.,.F.,.F.,.F.,(4,3,4),(2,2),(-1.23470349492986,-1.0000000228606,
-1.20262620750822E-7),(0.,0.05),.UNSPECIFIED.);
#555=B_SPLINE_SURFACE_WITH_KNOTS('',3,1,((#12221,#12222),(#12223,#12224),
(#12225,#12226),(#12227,#12228),(#12229,#12230),(#12231,#12232),(#12233,
#12234)),.UNSPECIFIED.,.F.,.F.,.F.,(4,3,4),(2,2),(-1.,0.,0.320961469246728),
(0.,0.05),.UNSPECIFIED.);
#556=B_SPLINE_SURFACE_WITH_KNOTS('',3,1,((#12252,#12253),(#12254,#12255),
(#12256,#12257),(#12258,#12259)),.UNSPECIFIED.,.F.,.F.,.F.,(4,4),(2,2),
(-1.,0.),(0.,0.05),.UNSPECIFIED.);
#557=B_SPLINE_SURFACE_WITH_KNOTS('',3,1,((#12271,#12272),(#12273,#12274),
(#12275,#12276),(#12277,#12278)),.UNSPECIFIED.,.F.,.F.,.F.,(4,4),(2,2),
(-1.,-8.37397809760887E-7),(0.,0.05),.UNSPECIFIED.);
#558=B_SPLINE_SURFACE_WITH_KNOTS('',3,1,((#12290,#12291),(#12292,#12293),
(#12294,#12295),(#12296,#12297)),.UNSPECIFIED.,.F.,.F.,.F.,(4,4),(2,2),
(-1.,0.),(0.,0.05),.UNSPECIFIED.);
#559=B_SPLINE_SURFACE_WITH_KNOTS('',3,1,((#12309,#12310),(#12311,#12312),
(#12313,#12314),(#12315,#12316)),.UNSPECIFIED.,.F.,.F.,.F.,(4,4),(2,2),
(-1.,-1.93428042916111E-7),(0.,0.05),.UNSPECIFIED.);
#560=B_SPLINE_SURFACE_WITH_KNOTS('',3,1,((#12328,#12329),(#12330,#12331),
(#12332,#12333),(#12334,#12335)),.UNSPECIFIED.,.F.,.F.,.F.,(4,4),(2,2),
(-1.,0.),(0.,0.05),.UNSPECIFIED.);
#561=B_SPLINE_SURFACE_WITH_KNOTS('',3,1,((#12347,#12348),(#12349,#12350),
(#12351,#12352),(#12353,#12354)),.UNSPECIFIED.,.F.,.F.,.F.,(4,4),(2,2),
(-1.,0.),(0.,0.05),.UNSPECIFIED.);
#562=B_SPLINE_SURFACE_WITH_KNOTS('',3,1,((#12366,#12367),(#12368,#12369),
(#12370,#12371),(#12372,#12373),(#12374,#12375),(#12376,#12377),(#12378,
#12379)),.UNSPECIFIED.,.F.,.F.,.F.,(4,3,4),(2,2),(-1.00152302004682,-1.,
0.),(0.,0.05),.UNSPECIFIED.);
#563=B_SPLINE_SURFACE_WITH_KNOTS('',3,1,((#12397,#12398),(#12399,#12400),
(#12401,#12402),(#12403,#12404),(#12405,#12406),(#12407,#12408),(#12409,
#12410)),.UNSPECIFIED.,.F.,.F.,.F.,(4,3,4),(2,2),(-1.,0.,0.0023674211095322),
(0.,0.05),.UNSPECIFIED.);
#564=B_SPLINE_SURFACE_WITH_KNOTS('',3,1,((#12428,#12429),(#12430,#12431),
(#12432,#12433),(#12434,#12435)),.UNSPECIFIED.,.F.,.F.,.F.,(4,4),(2,2),
(-0.998201521138578,0.),(0.,0.05),.UNSPECIFIED.);
#565=B_SPLINE_SURFACE_WITH_KNOTS('',3,1,((#12447,#12448),(#12449,#12450),
(#12451,#12452),(#12453,#12454)),.UNSPECIFIED.,.F.,.F.,.F.,(4,4),(2,2),
(-1.,0.),(0.,0.05),.UNSPECIFIED.);
#566=B_SPLINE_SURFACE_WITH_KNOTS('',3,1,((#12466,#12467),(#12468,#12469),
(#12470,#12471),(#12472,#12473)),.UNSPECIFIED.,.F.,.F.,.F.,(4,4),(2,2),
(-1.,0.),(0.,0.05),.UNSPECIFIED.);
#567=B_SPLINE_SURFACE_WITH_KNOTS('',3,1,((#12485,#12486),(#12487,#12488),
(#12489,#12490),(#12491,#12492)),.UNSPECIFIED.,.F.,.F.,.F.,(4,4),(2,2),
(-1.,0.),(0.,0.05),.UNSPECIFIED.);
#568=B_SPLINE_SURFACE_WITH_KNOTS('',3,1,((#12504,#12505),(#12506,#12507),
(#12508,#12509),(#12510,#12511)),.UNSPECIFIED.,.F.,.F.,.F.,(4,4),(2,2),
(-1.,0.),(0.,0.05),.UNSPECIFIED.);
#569=B_SPLINE_SURFACE_WITH_KNOTS('',3,1,((#12523,#12524),(#12525,#12526),
(#12527,#12528),(#12529,#12530)),.UNSPECIFIED.,.F.,.F.,.F.,(4,4),(2,2),
(-1.,0.),(0.,0.05),.UNSPECIFIED.);
#570=B_SPLINE_SURFACE_WITH_KNOTS('',3,1,((#12542,#12543),(#12544,#12545),
(#12546,#12547),(#12548,#12549)),.UNSPECIFIED.,.F.,.F.,.F.,(4,4),(2,2),
(-1.,0.),(0.,0.05),.UNSPECIFIED.);
#571=B_SPLINE_SURFACE_WITH_KNOTS('',3,1,((#12561,#12562),(#12563,#12564),
(#12565,#12566),(#12567,#12568)),.UNSPECIFIED.,.F.,.F.,.F.,(4,4),(2,2),
(-1.,0.),(0.,0.05),.UNSPECIFIED.);
#572=B_SPLINE_SURFACE_WITH_KNOTS('',3,1,((#12580,#12581),(#12582,#12583),
(#12584,#12585),(#12586,#12587),(#12588,#12589),(#12590,#12591),(#12592,
#12593)),.UNSPECIFIED.,.F.,.F.,.F.,(4,3,4),(2,2),(-1.27374884174213,-1.,
0.),(0.,0.05),.UNSPECIFIED.);
#573=B_SPLINE_SURFACE_WITH_KNOTS('',2,1,((#12666,#12667),(#12668,#12669),
(#12670,#12671)),.UNSPECIFIED.,.F.,.F.,.F.,(3,3),(2,2),(0.,1.),(0.,0.05),
 .UNSPECIFIED.);
#574=B_SPLINE_SURFACE_WITH_KNOTS('',2,1,((#12684,#12685),(#12686,#12687),
(#12688,#12689)),.UNSPECIFIED.,.F.,.F.,.F.,(3,3),(2,2),(0.,1.),(0.,0.05),
 .UNSPECIFIED.);
#575=B_SPLINE_SURFACE_WITH_KNOTS('',2,1,((#12717,#12718),(#12719,#12720),
(#12721,#12722)),.UNSPECIFIED.,.F.,.F.,.F.,(3,3),(2,2),(0.,1.),(0.,0.05),
 .UNSPECIFIED.);
#576=B_SPLINE_SURFACE_WITH_KNOTS('',2,1,((#12732,#12733),(#12734,#12735),
(#12736,#12737)),.UNSPECIFIED.,.F.,.F.,.F.,(3,3),(2,2),(0.,1.),(0.,0.05),
 .UNSPECIFIED.);
#577=B_SPLINE_SURFACE_WITH_KNOTS('',2,1,((#12765,#12766),(#12767,#12768),
(#12769,#12770)),.UNSPECIFIED.,.F.,.F.,.F.,(3,3),(2,2),(0.,1.),(0.,0.05),
 .UNSPECIFIED.);
#578=B_SPLINE_SURFACE_WITH_KNOTS('',2,1,((#12780,#12781),(#12782,#12783),
(#12784,#12785)),.UNSPECIFIED.,.F.,.F.,.F.,(3,3),(2,2),(0.,1.),(0.,0.05),
 .UNSPECIFIED.);
#579=B_SPLINE_SURFACE_WITH_KNOTS('',2,1,((#12795,#12796),(#12797,#12798),
(#12799,#12800)),.UNSPECIFIED.,.F.,.F.,.F.,(3,3),(2,2),(0.,1.),(0.,0.05),
 .UNSPECIFIED.);
#580=B_SPLINE_SURFACE_WITH_KNOTS('',2,1,((#12810,#12811),(#12812,#12813),
(#12814,#12815)),.UNSPECIFIED.,.F.,.F.,.F.,(3,3),(2,2),(0.,1.),(0.,0.05),
 .UNSPECIFIED.);
#581=B_SPLINE_SURFACE_WITH_KNOTS('',2,1,((#12825,#12826),(#12827,#12828),
(#12829,#12830)),.UNSPECIFIED.,.F.,.F.,.F.,(3,3),(2,2),(0.,1.),(0.,0.05),
 .UNSPECIFIED.);
#582=B_SPLINE_SURFACE_WITH_KNOTS('',2,1,((#12846,#12847),(#12848,#12849),
(#12850,#12851)),.UNSPECIFIED.,.F.,.F.,.F.,(3,3),(2,2),(0.,1.),(0.,0.05),
 .UNSPECIFIED.);
#583=B_SPLINE_SURFACE_WITH_KNOTS('',2,1,((#12861,#12862),(#12863,#12864),
(#12865,#12866)),.UNSPECIFIED.,.F.,.F.,.F.,(3,3),(2,2),(0.,1.),(0.,0.05),
 .UNSPECIFIED.);
#584=B_SPLINE_SURFACE_WITH_KNOTS('',3,1,((#12873,#12874),(#12875,#12876),
(#12877,#12878),(#12879,#12880)),.UNSPECIFIED.,.F.,.F.,.F.,(4,4),(2,2),
(-1.,0.),(0.,0.05),.UNSPECIFIED.);
#585=B_SPLINE_SURFACE_WITH_KNOTS('',3,1,((#12895,#12896),(#12897,#12898),
(#12899,#12900),(#12901,#12902)),.UNSPECIFIED.,.F.,.F.,.F.,(4,4),(2,2),
(-1.,-6.11023734276017E-7),(0.,0.05),.UNSPECIFIED.);
#586=B_SPLINE_SURFACE_WITH_KNOTS('',3,1,((#12914,#12915),(#12916,#12917),
(#12918,#12919),(#12920,#12921),(#12922,#12923),(#12924,#12925),(#12926,
#12927)),.UNSPECIFIED.,.F.,.F.,.F.,(4,3,4),(2,2),(-1.27219718498813,-1.,
0.),(0.,0.05),.UNSPECIFIED.);
#587=B_SPLINE_SURFACE_WITH_KNOTS('',3,1,((#12951,#12952),(#12953,#12954),
(#12955,#12956),(#12957,#12958),(#12959,#12960),(#12961,#12962),(#12963,
#12964)),.UNSPECIFIED.,.F.,.F.,.F.,(4,3,4),(2,2),(-1.,0.,0.710031994313225),
(0.,0.05),.UNSPECIFIED.);
#588=B_SPLINE_SURFACE_WITH_KNOTS('',3,1,((#12982,#12983),(#12984,#12985),
(#12986,#12987),(#12988,#12989)),.UNSPECIFIED.,.F.,.F.,.F.,(4,4),(2,2),
(-1.,0.),(0.,0.05),.UNSPECIFIED.);
#589=B_SPLINE_SURFACE_WITH_KNOTS('',3,1,((#13001,#13002),(#13003,#13004),
(#13005,#13006),(#13007,#13008)),.UNSPECIFIED.,.F.,.F.,.F.,(4,4),(2,2),
(-0.993377935955123,-4.52115911997453E-6),(0.,0.05),.UNSPECIFIED.);
#590=B_SPLINE_SURFACE_WITH_KNOTS('',3,1,((#13020,#13021),(#13022,#13023),
(#13024,#13025),(#13026,#13027)),.UNSPECIFIED.,.F.,.F.,.F.,(4,4),(2,2),
(-0.997536784452621,-9.93634485579875E-7),(0.,0.05),.UNSPECIFIED.);
#591=B_SPLINE_SURFACE_WITH_KNOTS('',3,1,((#13039,#13040),(#13041,#13042),
(#13043,#13044),(#13045,#13046)),.UNSPECIFIED.,.F.,.F.,.F.,(4,4),(2,2),
(-0.612436106196121,-0.0162660614987788),(0.,0.05),.UNSPECIFIED.);
#592=B_SPLINE_SURFACE_WITH_KNOTS('',3,1,((#13076,#13077),(#13078,#13079),
(#13080,#13081),(#13082,#13083)),.UNSPECIFIED.,.F.,.F.,.F.,(4,4),(2,2),
(-0.247866286179185,0.),(0.,0.05),.UNSPECIFIED.);
#593=B_SPLINE_SURFACE_WITH_KNOTS('',3,1,((#13095,#13096),(#13097,#13098),
(#13099,#13100),(#13101,#13102),(#13103,#13104),(#13105,#13106),(#13107,
#13108)),.UNSPECIFIED.,.F.,.F.,.F.,(4,3,4),(2,2),(-1.00023840565238,-1.,
-0.769984116273304),(0.,0.05),.UNSPECIFIED.);
#594=B_SPLINE_SURFACE_WITH_KNOTS('',3,1,((#13144,#13145),(#13146,#13147),
(#13148,#13149),(#13150,#13151)),.UNSPECIFIED.,.F.,.F.,.F.,(4,4),(2,2),
(-0.998379778938274,0.),(0.,0.05),.UNSPECIFIED.);
#595=STYLED_ITEM('',(#13181),#613);
#596=STYLED_ITEM('',(#13181),#614);
#597=STYLED_ITEM('',(#13182),#615);
#598=STYLED_ITEM('',(#13182),#616);
#599=STYLED_ITEM('',(#13182),#617);
#600=STYLED_ITEM('',(#13182),#618);
#601=STYLED_ITEM('',(#13182),#619);
#602=STYLED_ITEM('',(#13182),#620);
#603=STYLED_ITEM('',(#13182),#621);
#604=STYLED_ITEM('',(#13182),#622);
#605=STYLED_ITEM('',(#13183),#623);
#606=STYLED_ITEM('',(#13183),#624);
#607=STYLED_ITEM('',(#13183),#625);
#608=STYLED_ITEM('',(#13183),#626);
#609=STYLED_ITEM('',(#13183),#627);
#610=STYLED_ITEM('',(#13183),#628);
#611=STYLED_ITEM('',(#13183),#629);
#612=STYLED_ITEM('',(#13183),#630);
#613=MANIFOLD_SOLID_BREP('Body1',#7384);
#614=MANIFOLD_SOLID_BREP('Body5',#7385);
#615=MANIFOLD_SOLID_BREP('Body6',#7386);
#616=MANIFOLD_SOLID_BREP('Body7',#7387);
#617=MANIFOLD_SOLID_BREP('Body8',#7388);
#618=MANIFOLD_SOLID_BREP('Body9',#7389);
#619=MANIFOLD_SOLID_BREP('Body10',#7390);
#620=MANIFOLD_SOLID_BREP('Body11',#7391);
#621=MANIFOLD_SOLID_BREP('Body12',#7392);
#622=MANIFOLD_SOLID_BREP('Body13',#7393);
#623=MANIFOLD_SOLID_BREP('Body14',#7394);
#624=MANIFOLD_SOLID_BREP('Body15',#7395);
#625=MANIFOLD_SOLID_BREP('Body16',#7396);
#626=MANIFOLD_SOLID_BREP('Body17',#7397);
#627=MANIFOLD_SOLID_BREP('Body18',#7398);
#628=MANIFOLD_SOLID_BREP('Body19',#7399);
#629=MANIFOLD_SOLID_BREP('Body20',#7400);
#630=MANIFOLD_SOLID_BREP('Body21',#7401);
#631=FACE_BOUND('',#1138,.T.);
#632=FACE_BOUND('',#1145,.T.);
#633=FACE_BOUND('',#1147,.T.);
#634=FACE_BOUND('',#1148,.T.);
#635=FACE_BOUND('',#1149,.T.);
#636=FACE_BOUND('',#1150,.T.);
#637=FACE_BOUND('',#1151,.T.);
#638=FACE_BOUND('',#1163,.T.);
#639=FACE_BOUND('',#1165,.T.);
#640=FACE_BOUND('',#1212,.T.);
#641=FACE_BOUND('',#1214,.T.);
#642=FACE_BOUND('',#1337,.T.);
#643=FACE_BOUND('',#1339,.T.);
#644=FACE_BOUND('',#1371,.T.);
#645=FACE_BOUND('',#1373,.T.);
#646=FACE_BOUND('',#1383,.T.);
#647=FACE_BOUND('',#1385,.T.);
#648=FACE_BOUND('',#1395,.T.);
#649=FACE_BOUND('',#1397,.T.);
#650=FACE_BOUND('',#1407,.T.);
#651=FACE_BOUND('',#1409,.T.);
#652=FACE_BOUND('',#1481,.T.);
#653=FACE_BOUND('',#1483,.T.);
#654=FACE_BOUND('',#1493,.T.);
#655=FACE_BOUND('',#1495,.T.);
#656=FACE_BOUND('',#1533,.T.);
#657=FACE_BOUND('',#1535,.T.);
#658=CIRCLE('',#7419,0.549999999999997);
#659=CIRCLE('',#7420,0.549999999999997);
#660=CIRCLE('',#7423,0.549999999999989);
#661=CIRCLE('',#7424,0.549999999999989);
#662=CIRCLE('',#7427,2.44999999999999);
#663=CIRCLE('',#7428,2.44999999999999);
#664=CIRCLE('',#7431,2.45000000000001);
#665=CIRCLE('',#7432,2.45000000000001);
#666=CIRCLE('',#7435,2.44999999999999);
#667=CIRCLE('',#7436,2.44999999999999);
#668=CIRCLE('',#7439,2.45);
#669=CIRCLE('',#7440,2.45);
#670=CIRCLE('',#7444,2.);
#671=CIRCLE('',#7445,2.);
#672=CIRCLE('',#7449,2.00000000000002);
#673=CIRCLE('',#7450,2.00000000000002);
#674=CIRCLE('',#7453,2.00000000000002);
#675=CIRCLE('',#7454,2.00000000000002);
#676=CIRCLE('',#7457,2.00000000000001);
#677=CIRCLE('',#7458,2.00000000000001);
#678=CIRCLE('',#7461,2.00000000000002);
#679=CIRCLE('',#7462,2.00000000000002);
#680=CIRCLE('',#7465,7.);
#681=CIRCLE('',#7466,7.);
#682=CIRCLE('',#7469,6.99999999999995);
#683=CIRCLE('',#7470,6.99999999999995);
#684=CIRCLE('',#7473,6.99999999999999);
#685=CIRCLE('',#7474,6.99999999999999);
#686=CIRCLE('',#7477,7.);
#687=CIRCLE('',#7478,7.);
#688=CIRCLE('',#7488,5.);
#689=CIRCLE('',#7489,5.);
#690=CIRCLE('',#7492,5.);
#691=CIRCLE('',#7493,5.);
#692=CYLINDRICAL_SURFACE('',#7418,0.549999999999997);
#693=CYLINDRICAL_SURFACE('',#7422,0.549999999999989);
#694=CYLINDRICAL_SURFACE('',#7426,2.44999999999999);
#695=CYLINDRICAL_SURFACE('',#7430,2.45000000000001);
#696=CYLINDRICAL_SURFACE('',#7434,2.44999999999999);
#697=CYLINDRICAL_SURFACE('',#7438,2.45);
#698=CYLINDRICAL_SURFACE('',#7443,2.);
#699=CYLINDRICAL_SURFACE('',#7448,2.00000000000002);
#700=CYLINDRICAL_SURFACE('',#7452,2.00000000000002);
#701=CYLINDRICAL_SURFACE('',#7456,2.00000000000001);
#702=CYLINDRICAL_SURFACE('',#7460,2.00000000000002);
#703=CYLINDRICAL_SURFACE('',#7464,7.);
#704=CYLINDRICAL_SURFACE('',#7468,6.99999999999995);
#705=CYLINDRICAL_SURFACE('',#7472,6.99999999999999);
#706=CYLINDRICAL_SURFACE('',#7476,7.);
#707=CYLINDRICAL_SURFACE('',#7487,5.);
#708=CYLINDRICAL_SURFACE('',#7491,5.);
#709=FACE_OUTER_BOUND('',#1109,.T.);
#710=FACE_OUTER_BOUND('',#1110,.T.);
#711=FACE_OUTER_BOUND('',#1111,.T.);
#712=FACE_OUTER_BOUND('',#1112,.T.);
#713=FACE_OUTER_BOUND('',#1113,.T.);
#714=FACE_OUTER_BOUND('',#1114,.T.);
#715=FACE_OUTER_BOUND('',#1115,.T.);
#716=FACE_OUTER_BOUND('',#1116,.T.);
#717=FACE_OUTER_BOUND('',#1117,.T.);
#718=FACE_OUTER_BOUND('',#1118,.T.);
#719=FACE_OUTER_BOUND('',#1119,.T.);
#720=FACE_OUTER_BOUND('',#1120,.T.);
#721=FACE_OUTER_BOUND('',#1121,.T.);
#722=FACE_OUTER_BOUND('',#1122,.T.);
#723=FACE_OUTER_BOUND('',#1123,.T.);
#724=FACE_OUTER_BOUND('',#1124,.T.);
#725=FACE_OUTER_BOUND('',#1125,.T.);
#726=FACE_OUTER_BOUND('',#1126,.T.);
#727=FACE_OUTER_BOUND('',#1127,.T.);
#728=FACE_OUTER_BOUND('',#1128,.T.);
#729=FACE_OUTER_BOUND('',#1129,.T.);
#730=FACE_OUTER_BOUND('',#1130,.T.);
#731=FACE_OUTER_BOUND('',#1131,.T.);
#732=FACE_OUTER_BOUND('',#1132,.T.);
#733=FACE_OUTER_BOUND('',#1133,.T.);
#734=FACE_OUTER_BOUND('',#1134,.T.);
#735=FACE_OUTER_BOUND('',#1135,.T.);
#736=FACE_OUTER_BOUND('',#1136,.T.);
#737=FACE_OUTER_BOUND('',#1137,.T.);
#738=FACE_OUTER_BOUND('',#1139,.T.);
#739=FACE_OUTER_BOUND('',#1140,.T.);
#740=FACE_OUTER_BOUND('',#1141,.T.);
#741=FACE_OUTER_BOUND('',#1142,.T.);
#742=FACE_OUTER_BOUND('',#1143,.T.);
#743=FACE_OUTER_BOUND('',#1144,.T.);
#744=FACE_OUTER_BOUND('',#1146,.T.);
#745=FACE_OUTER_BOUND('',#1152,.T.);
#746=FACE_OUTER_BOUND('',#1153,.T.);
#747=FACE_OUTER_BOUND('',#1154,.T.);
#748=FACE_OUTER_BOUND('',#1155,.T.);
#749=FACE_OUTER_BOUND('',#1156,.T.);
#750=FACE_OUTER_BOUND('',#1157,.T.);
#751=FACE_OUTER_BOUND('',#1158,.T.);
#752=FACE_OUTER_BOUND('',#1159,.T.);
#753=FACE_OUTER_BOUND('',#1160,.T.);
#754=FACE_OUTER_BOUND('',#1161,.T.);
#755=FACE_OUTER_BOUND('',#1162,.T.);
#756=FACE_OUTER_BOUND('',#1164,.T.);
#757=FACE_OUTER_BOUND('',#1166,.T.);
#758=FACE_OUTER_BOUND('',#1167,.T.);
#759=FACE_OUTER_BOUND('',#1168,.T.);
#760=FACE_OUTER_BOUND('',#1169,.T.);
#761=FACE_OUTER_BOUND('',#1170,.T.);
#762=FACE_OUTER_BOUND('',#1171,.T.);
#763=FACE_OUTER_BOUND('',#1172,.T.);
#764=FACE_OUTER_BOUND('',#1173,.T.);
#765=FACE_OUTER_BOUND('',#1174,.T.);
#766=FACE_OUTER_BOUND('',#1175,.T.);
#767=FACE_OUTER_BOUND('',#1176,.T.);
#768=FACE_OUTER_BOUND('',#1177,.T.);
#769=FACE_OUTER_BOUND('',#1178,.T.);
#770=FACE_OUTER_BOUND('',#1179,.T.);
#771=FACE_OUTER_BOUND('',#1180,.T.);
#772=FACE_OUTER_BOUND('',#1181,.T.);
#773=FACE_OUTER_BOUND('',#1182,.T.);
#774=FACE_OUTER_BOUND('',#1183,.T.);
#775=FACE_OUTER_BOUND('',#1184,.T.);
#776=FACE_OUTER_BOUND('',#1185,.T.);
#777=FACE_OUTER_BOUND('',#1186,.T.);
#778=FACE_OUTER_BOUND('',#1187,.T.);
#779=FACE_OUTER_BOUND('',#1188,.T.);
#780=FACE_OUTER_BOUND('',#1189,.T.);
#781=FACE_OUTER_BOUND('',#1190,.T.);
#782=FACE_OUTER_BOUND('',#1191,.T.);
#783=FACE_OUTER_BOUND('',#1192,.T.);
#784=FACE_OUTER_BOUND('',#1193,.T.);
#785=FACE_OUTER_BOUND('',#1194,.T.);
#786=FACE_OUTER_BOUND('',#1195,.T.);
#787=FACE_OUTER_BOUND('',#1196,.T.);
#788=FACE_OUTER_BOUND('',#1197,.T.);
#789=FACE_OUTER_BOUND('',#1198,.T.);
#790=FACE_OUTER_BOUND('',#1199,.T.);
#791=FACE_OUTER_BOUND('',#1200,.T.);
#792=FACE_OUTER_BOUND('',#1201,.T.);
#793=FACE_OUTER_BOUND('',#1202,.T.);
#794=FACE_OUTER_BOUND('',#1203,.T.);
#795=FACE_OUTER_BOUND('',#1204,.T.);
#796=FACE_OUTER_BOUND('',#1205,.T.);
#797=FACE_OUTER_BOUND('',#1206,.T.);
#798=FACE_OUTER_BOUND('',#1207,.T.);
#799=FACE_OUTER_BOUND('',#1208,.T.);
#800=FACE_OUTER_BOUND('',#1209,.T.);
#801=FACE_OUTER_BOUND('',#1210,.T.);
#802=FACE_OUTER_BOUND('',#1211,.T.);
#803=FACE_OUTER_BOUND('',#1213,.T.);
#804=FACE_OUTER_BOUND('',#1215,.T.);
#805=FACE_OUTER_BOUND('',#1216,.T.);
#806=FACE_OUTER_BOUND('',#1217,.T.);
#807=FACE_OUTER_BOUND('',#1218,.T.);
#808=FACE_OUTER_BOUND('',#1219,.T.);
#809=FACE_OUTER_BOUND('',#1220,.T.);
#810=FACE_OUTER_BOUND('',#1221,.T.);
#811=FACE_OUTER_BOUND('',#1222,.T.);
#812=FACE_OUTER_BOUND('',#1223,.T.);
#813=FACE_OUTER_BOUND('',#1224,.T.);
#814=FACE_OUTER_BOUND('',#1225,.T.);
#815=FACE_OUTER_BOUND('',#1226,.T.);
#816=FACE_OUTER_BOUND('',#1227,.T.);
#817=FACE_OUTER_BOUND('',#1228,.T.);
#818=FACE_OUTER_BOUND('',#1229,.T.);
#819=FACE_OUTER_BOUND('',#1230,.T.);
#820=FACE_OUTER_BOUND('',#1231,.T.);
#821=FACE_OUTER_BOUND('',#1232,.T.);
#822=FACE_OUTER_BOUND('',#1233,.T.);
#823=FACE_OUTER_BOUND('',#1234,.T.);
#824=FACE_OUTER_BOUND('',#1235,.T.);
#825=FACE_OUTER_BOUND('',#1236,.T.);
#826=FACE_OUTER_BOUND('',#1237,.T.);
#827=FACE_OUTER_BOUND('',#1238,.T.);
#828=FACE_OUTER_BOUND('',#1239,.T.);
#829=FACE_OUTER_BOUND('',#1240,.T.);
#830=FACE_OUTER_BOUND('',#1241,.T.);
#831=FACE_OUTER_BOUND('',#1242,.T.);
#832=FACE_OUTER_BOUND('',#1243,.T.);
#833=FACE_OUTER_BOUND('',#1244,.T.);
#834=FACE_OUTER_BOUND('',#1245,.T.);
#835=FACE_OUTER_BOUND('',#1246,.T.);
#836=FACE_OUTER_BOUND('',#1247,.T.);
#837=FACE_OUTER_BOUND('',#1248,.T.);
#838=FACE_OUTER_BOUND('',#1249,.T.);
#839=FACE_OUTER_BOUND('',#1250,.T.);
#840=FACE_OUTER_BOUND('',#1251,.T.);
#841=FACE_OUTER_BOUND('',#1252,.T.);
#842=FACE_OUTER_BOUND('',#1253,.T.);
#843=FACE_OUTER_BOUND('',#1254,.T.);
#844=FACE_OUTER_BOUND('',#1255,.T.);
#845=FACE_OUTER_BOUND('',#1256,.T.);
#846=FACE_OUTER_BOUND('',#1257,.T.);
#847=FACE_OUTER_BOUND('',#1258,.T.);
#848=FACE_OUTER_BOUND('',#1259,.T.);
#849=FACE_OUTER_BOUND('',#1260,.T.);
#850=FACE_OUTER_BOUND('',#1261,.T.);
#851=FACE_OUTER_BOUND('',#1262,.T.);
#852=FACE_OUTER_BOUND('',#1263,.T.);
#853=FACE_OUTER_BOUND('',#1264,.T.);
#854=FACE_OUTER_BOUND('',#1265,.T.);
#855=FACE_OUTER_BOUND('',#1266,.T.);
#856=FACE_OUTER_BOUND('',#1267,.T.);
#857=FACE_OUTER_BOUND('',#1268,.T.);
#858=FACE_OUTER_BOUND('',#1269,.T.);
#859=FACE_OUTER_BOUND('',#1270,.T.);
#860=FACE_OUTER_BOUND('',#1271,.T.);
#861=FACE_OUTER_BOUND('',#1272,.T.);
#862=FACE_OUTER_BOUND('',#1273,.T.);
#863=FACE_OUTER_BOUND('',#1274,.T.);
#864=FACE_OUTER_BOUND('',#1275,.T.);
#865=FACE_OUTER_BOUND('',#1276,.T.);
#866=FACE_OUTER_BOUND('',#1277,.T.);
#867=FACE_OUTER_BOUND('',#1278,.T.);
#868=FACE_OUTER_BOUND('',#1279,.T.);
#869=FACE_OUTER_BOUND('',#1280,.T.);
#870=FACE_OUTER_BOUND('',#1281,.T.);
#871=FACE_OUTER_BOUND('',#1282,.T.);
#872=FACE_OUTER_BOUND('',#1283,.T.);
#873=FACE_OUTER_BOUND('',#1284,.T.);
#874=FACE_OUTER_BOUND('',#1285,.T.);
#875=FACE_OUTER_BOUND('',#1286,.T.);
#876=FACE_OUTER_BOUND('',#1287,.T.);
#877=FACE_OUTER_BOUND('',#1288,.T.);
#878=FACE_OUTER_BOUND('',#1289,.T.);
#879=FACE_OUTER_BOUND('',#1290,.T.);
#880=FACE_OUTER_BOUND('',#1291,.T.);
#881=FACE_OUTER_BOUND('',#1292,.T.);
#882=FACE_OUTER_BOUND('',#1293,.T.);
#883=FACE_OUTER_BOUND('',#1294,.T.);
#884=FACE_OUTER_BOUND('',#1295,.T.);
#885=FACE_OUTER_BOUND('',#1296,.T.);
#886=FACE_OUTER_BOUND('',#1297,.T.);
#887=FACE_OUTER_BOUND('',#1298,.T.);
#888=FACE_OUTER_BOUND('',#1299,.T.);
#889=FACE_OUTER_BOUND('',#1300,.T.);
#890=FACE_OUTER_BOUND('',#1301,.T.);
#891=FACE_OUTER_BOUND('',#1302,.T.);
#892=FACE_OUTER_BOUND('',#1303,.T.);
#893=FACE_OUTER_BOUND('',#1304,.T.);
#894=FACE_OUTER_BOUND('',#1305,.T.);
#895=FACE_OUTER_BOUND('',#1306,.T.);
#896=FACE_OUTER_BOUND('',#1307,.T.);
#897=FACE_OUTER_BOUND('',#1308,.T.);
#898=FACE_OUTER_BOUND('',#1309,.T.);
#899=FACE_OUTER_BOUND('',#1310,.T.);
#900=FACE_OUTER_BOUND('',#1311,.T.);
#901=FACE_OUTER_BOUND('',#1312,.T.);
#902=FACE_OUTER_BOUND('',#1313,.T.);
#903=FACE_OUTER_BOUND('',#1314,.T.);
#904=FACE_OUTER_BOUND('',#1315,.T.);
#905=FACE_OUTER_BOUND('',#1316,.T.);
#906=FACE_OUTER_BOUND('',#1317,.T.);
#907=FACE_OUTER_BOUND('',#1318,.T.);
#908=FACE_OUTER_BOUND('',#1319,.T.);
#909=FACE_OUTER_BOUND('',#1320,.T.);
#910=FACE_OUTER_BOUND('',#1321,.T.);
#911=FACE_OUTER_BOUND('',#1322,.T.);
#912=FACE_OUTER_BOUND('',#1323,.T.);
#913=FACE_OUTER_BOUND('',#1324,.T.);
#914=FACE_OUTER_BOUND('',#1325,.T.);
#915=FACE_OUTER_BOUND('',#1326,.T.);
#916=FACE_OUTER_BOUND('',#1327,.T.);
#917=FACE_OUTER_BOUND('',#1328,.T.);
#918=FACE_OUTER_BOUND('',#1329,.T.);
#919=FACE_OUTER_BOUND('',#1330,.T.);
#920=FACE_OUTER_BOUND('',#1331,.T.);
#921=FACE_OUTER_BOUND('',#1332,.T.);
#922=FACE_OUTER_BOUND('',#1333,.T.);
#923=FACE_OUTER_BOUND('',#1334,.T.);
#924=FACE_OUTER_BOUND('',#1335,.T.);
#925=FACE_OUTER_BOUND('',#1336,.T.);
#926=FACE_OUTER_BOUND('',#1338,.T.);
#927=FACE_OUTER_BOUND('',#1340,.T.);
#928=FACE_OUTER_BOUND('',#1341,.T.);
#929=FACE_OUTER_BOUND('',#1342,.T.);
#930=FACE_OUTER_BOUND('',#1343,.T.);
#931=FACE_OUTER_BOUND('',#1344,.T.);
#932=FACE_OUTER_BOUND('',#1345,.T.);
#933=FACE_OUTER_BOUND('',#1346,.T.);
#934=FACE_OUTER_BOUND('',#1347,.T.);
#935=FACE_OUTER_BOUND('',#1348,.T.);
#936=FACE_OUTER_BOUND('',#1349,.T.);
#937=FACE_OUTER_BOUND('',#1350,.T.);
#938=FACE_OUTER_BOUND('',#1351,.T.);
#939=FACE_OUTER_BOUND('',#1352,.T.);
#940=FACE_OUTER_BOUND('',#1353,.T.);
#941=FACE_OUTER_BOUND('',#1354,.T.);
#942=FACE_OUTER_BOUND('',#1355,.T.);
#943=FACE_OUTER_BOUND('',#1356,.T.);
#944=FACE_OUTER_BOUND('',#1357,.T.);
#945=FACE_OUTER_BOUND('',#1358,.T.);
#946=FACE_OUTER_BOUND('',#1359,.T.);
#947=FACE_OUTER_BOUND('',#1360,.T.);
#948=FACE_OUTER_BOUND('',#1361,.T.);
#949=FACE_OUTER_BOUND('',#1362,.T.);
#950=FACE_OUTER_BOUND('',#1363,.T.);
#951=FACE_OUTER_BOUND('',#1364,.T.);
#952=FACE_OUTER_BOUND('',#1365,.T.);
#953=FACE_OUTER_BOUND('',#1366,.T.);
#954=FACE_OUTER_BOUND('',#1367,.T.);
#955=FACE_OUTER_BOUND('',#1368,.T.);
#956=FACE_OUTER_BOUND('',#1369,.T.);
#957=FACE_OUTER_BOUND('',#1370,.T.);
#958=FACE_OUTER_BOUND('',#1372,.T.);
#959=FACE_OUTER_BOUND('',#1374,.T.);
#960=FACE_OUTER_BOUND('',#1375,.T.);
#961=FACE_OUTER_BOUND('',#1376,.T.);
#962=FACE_OUTER_BOUND('',#1377,.T.);
#963=FACE_OUTER_BOUND('',#1378,.T.);
#964=FACE_OUTER_BOUND('',#1379,.T.);
#965=FACE_OUTER_BOUND('',#1380,.T.);
#966=FACE_OUTER_BOUND('',#1381,.T.);
#967=FACE_OUTER_BOUND('',#1382,.T.);
#968=FACE_OUTER_BOUND('',#1384,.T.);
#969=FACE_OUTER_BOUND('',#1386,.T.);
#970=FACE_OUTER_BOUND('',#1387,.T.);
#971=FACE_OUTER_BOUND('',#1388,.T.);
#972=FACE_OUTER_BOUND('',#1389,.T.);
#973=FACE_OUTER_BOUND('',#1390,.T.);
#974=FACE_OUTER_BOUND('',#1391,.T.);
#975=FACE_OUTER_BOUND('',#1392,.T.);
#976=FACE_OUTER_BOUND('',#1393,.T.);
#977=FACE_OUTER_BOUND('',#1394,.T.);
#978=FACE_OUTER_BOUND('',#1396,.T.);
#979=FACE_OUTER_BOUND('',#1398,.T.);
#980=FACE_OUTER_BOUND('',#1399,.T.);
#981=FACE_OUTER_BOUND('',#1400,.T.);
#982=FACE_OUTER_BOUND('',#1401,.T.);
#983=FACE_OUTER_BOUND('',#1402,.T.);
#984=FACE_OUTER_BOUND('',#1403,.T.);
#985=FACE_OUTER_BOUND('',#1404,.T.);
#986=FACE_OUTER_BOUND('',#1405,.T.);
#987=FACE_OUTER_BOUND('',#1406,.T.);
#988=FACE_OUTER_BOUND('',#1408,.T.);
#989=FACE_OUTER_BOUND('',#1410,.T.);
#990=FACE_OUTER_BOUND('',#1411,.T.);
#991=FACE_OUTER_BOUND('',#1412,.T.);
#992=FACE_OUTER_BOUND('',#1413,.T.);
#993=FACE_OUTER_BOUND('',#1414,.T.);
#994=FACE_OUTER_BOUND('',#1415,.T.);
#995=FACE_OUTER_BOUND('',#1416,.T.);
#996=FACE_OUTER_BOUND('',#1417,.T.);
#997=FACE_OUTER_BOUND('',#1418,.T.);
#998=FACE_OUTER_BOUND('',#1419,.T.);
#999=FACE_OUTER_BOUND('',#1420,.T.);
#1000=FACE_OUTER_BOUND('',#1421,.T.);
#1001=FACE_OUTER_BOUND('',#1422,.T.);
#1002=FACE_OUTER_BOUND('',#1423,.T.);
#1003=FACE_OUTER_BOUND('',#1424,.T.);
#1004=FACE_OUTER_BOUND('',#1425,.T.);
#1005=FACE_OUTER_BOUND('',#1426,.T.);
#1006=FACE_OUTER_BOUND('',#1427,.T.);
#1007=FACE_OUTER_BOUND('',#1428,.T.);
#1008=FACE_OUTER_BOUND('',#1429,.T.);
#1009=FACE_OUTER_BOUND('',#1430,.T.);
#1010=FACE_OUTER_BOUND('',#1431,.T.);
#1011=FACE_OUTER_BOUND('',#1432,.T.);
#1012=FACE_OUTER_BOUND('',#1433,.T.);
#1013=FACE_OUTER_BOUND('',#1434,.T.);
#1014=FACE_OUTER_BOUND('',#1435,.T.);
#1015=FACE_OUTER_BOUND('',#1436,.T.);
#1016=FACE_OUTER_BOUND('',#1437,.T.);
#1017=FACE_OUTER_BOUND('',#1438,.T.);
#1018=FACE_OUTER_BOUND('',#1439,.T.);
#1019=FACE_OUTER_BOUND('',#1440,.T.);
#1020=FACE_OUTER_BOUND('',#1441,.T.);
#1021=FACE_OUTER_BOUND('',#1442,.T.);
#1022=FACE_OUTER_BOUND('',#1443,.T.);
#1023=FACE_OUTER_BOUND('',#1444,.T.);
#1024=FACE_OUTER_BOUND('',#1445,.T.);
#1025=FACE_OUTER_BOUND('',#1446,.T.);
#1026=FACE_OUTER_BOUND('',#1447,.T.);
#1027=FACE_OUTER_BOUND('',#1448,.T.);
#1028=FACE_OUTER_BOUND('',#1449,.T.);
#1029=FACE_OUTER_BOUND('',#1450,.T.);
#1030=FACE_OUTER_BOUND('',#1451,.T.);
#1031=FACE_OUTER_BOUND('',#1452,.T.);
#1032=FACE_OUTER_BOUND('',#1453,.T.);
#1033=FACE_OUTER_BOUND('',#1454,.T.);
#1034=FACE_OUTER_BOUND('',#1455,.T.);
#1035=FACE_OUTER_BOUND('',#1456,.T.);
#1036=FACE_OUTER_BOUND('',#1457,.T.);
#1037=FACE_OUTER_BOUND('',#1458,.T.);
#1038=FACE_OUTER_BOUND('',#1459,.T.);
#1039=FACE_OUTER_BOUND('',#1460,.T.);
#1040=FACE_OUTER_BOUND('',#1461,.T.);
#1041=FACE_OUTER_BOUND('',#1462,.T.);
#1042=FACE_OUTER_BOUND('',#1463,.T.);
#1043=FACE_OUTER_BOUND('',#1464,.T.);
#1044=FACE_OUTER_BOUND('',#1465,.T.);
#1045=FACE_OUTER_BOUND('',#1466,.T.);
#1046=FACE_OUTER_BOUND('',#1467,.T.);
#1047=FACE_OUTER_BOUND('',#1468,.T.);
#1048=FACE_OUTER_BOUND('',#1469,.T.);
#1049=FACE_OUTER_BOUND('',#1470,.T.);
#1050=FACE_OUTER_BOUND('',#1471,.T.);
#1051=FACE_OUTER_BOUND('',#1472,.T.);
#1052=FACE_OUTER_BOUND('',#1473,.T.);
#1053=FACE_OUTER_BOUND('',#1474,.T.);
#1054=FACE_OUTER_BOUND('',#1475,.T.);
#1055=FACE_OUTER_BOUND('',#1476,.T.);
#1056=FACE_OUTER_BOUND('',#1477,.T.);
#1057=FACE_OUTER_BOUND('',#1478,.T.);
#1058=FACE_OUTER_BOUND('',#1479,.T.);
#1059=FACE_OUTER_BOUND('',#1480,.T.);
#1060=FACE_OUTER_BOUND('',#1482,.T.);
#1061=FACE_OUTER_BOUND('',#1484,.T.);
#1062=FACE_OUTER_BOUND('',#1485,.T.);
#1063=FACE_OUTER_BOUND('',#1486,.T.);
#1064=FACE_OUTER_BOUND('',#1487,.T.);
#1065=FACE_OUTER_BOUND('',#1488,.T.);
#1066=FACE_OUTER_BOUND('',#1489,.T.);
#1067=FACE_OUTER_BOUND('',#1490,.T.);
#1068=FACE_OUTER_BOUND('',#1491,.T.);
#1069=FACE_OUTER_BOUND('',#1492,.T.);
#1070=FACE_OUTER_BOUND('',#1494,.T.);
#1071=FACE_OUTER_BOUND('',#1496,.T.);
#1072=FACE_OUTER_BOUND('',#1497,.T.);
#1073=FACE_OUTER_BOUND('',#1498,.T.);
#1074=FACE_OUTER_BOUND('',#1499,.T.);
#1075=FACE_OUTER_BOUND('',#1500,.T.);
#1076=FACE_OUTER_BOUND('',#1501,.T.);
#1077=FACE_OUTER_BOUND('',#1502,.T.);
#1078=FACE_OUTER_BOUND('',#1503,.T.);
#1079=FACE_OUTER_BOUND('',#1504,.T.);
#1080=FACE_OUTER_BOUND('',#1505,.T.);
#1081=FACE_OUTER_BOUND('',#1506,.T.);
#1082=FACE_OUTER_BOUND('',#1507,.T.);
#1083=FACE_OUTER_BOUND('',#1508,.T.);
#1084=FACE_OUTER_BOUND('',#1509,.T.);
#1085=FACE_OUTER_BOUND('',#1510,.T.);
#1086=FACE_OUTER_BOUND('',#1511,.T.);
#1087=FACE_OUTER_BOUND('',#1512,.T.);
#1088=FACE_OUTER_BOUND('',#1513,.T.);
#1089=FACE_OUTER_BOUND('',#1514,.T.);
#1090=FACE_OUTER_BOUND('',#1515,.T.);
#1091=FACE_OUTER_BOUND('',#1516,.T.);
#1092=FACE_OUTER_BOUND('',#1517,.T.);
#1093=FACE_OUTER_BOUND('',#1518,.T.);
#1094=FACE_OUTER_BOUND('',#1519,.T.);
#1095=FACE_OUTER_BOUND('',#1520,.T.);
#1096=FACE_OUTER_BOUND('',#1521,.T.);
#1097=FACE_OUTER_BOUND('',#1522,.T.);
#1098=FACE_OUTER_BOUND('',#1523,.T.);
#1099=FACE_OUTER_BOUND('',#1524,.T.);
#1100=FACE_OUTER_BOUND('',#1525,.T.);
#1101=FACE_OUTER_BOUND('',#1526,.T.);
#1102=FACE_OUTER_BOUND('',#1527,.T.);
#1103=FACE_OUTER_BOUND('',#1528,.T.);
#1104=FACE_OUTER_BOUND('',#1529,.T.);
#1105=FACE_OUTER_BOUND('',#1530,.T.);
#1106=FACE_OUTER_BOUND('',#1531,.T.);
#1107=FACE_OUTER_BOUND('',#1532,.T.);
#1108=FACE_OUTER_BOUND('',#1534,.T.);
#1109=EDGE_LOOP('',(#4641,#4642,#4643,#4644));
#1110=EDGE_LOOP('',(#4645,#4646,#4647,#4648));
#1111=EDGE_LOOP('',(#4649,#4650,#4651,#4652));
#1112=EDGE_LOOP('',(#4653,#4654,#4655,#4656));
#1113=EDGE_LOOP('',(#4657,#4658,#4659,#4660));
#1114=EDGE_LOOP('',(#4661,#4662,#4663,#4664));
#1115=EDGE_LOOP('',(#4665,#4666,#4667,#4668,#4669,#4670));
#1116=EDGE_LOOP('',(#4671,#4672,#4673,#4674));
#1117=EDGE_LOOP('',(#4675));
#1118=EDGE_LOOP('',(#4676,#4677,#4678,#4679));
#1119=EDGE_LOOP('',(#4680));
#1120=EDGE_LOOP('',(#4681,#4682,#4683,#4684));
#1121=EDGE_LOOP('',(#4685));
#1122=EDGE_LOOP('',(#4686,#4687,#4688,#4689));
#1123=EDGE_LOOP('',(#4690));
#1124=EDGE_LOOP('',(#4691,#4692,#4693,#4694));
#1125=EDGE_LOOP('',(#4695,#4696,#4697,#4698));
#1126=EDGE_LOOP('',(#4699,#4700,#4701,#4702));
#1127=EDGE_LOOP('',(#4703,#4704,#4705,#4706));
#1128=EDGE_LOOP('',(#4707,#4708,#4709,#4710));
#1129=EDGE_LOOP('',(#4711,#4712,#4713,#4714));
#1130=EDGE_LOOP('',(#4715,#4716,#4717,#4718));
#1131=EDGE_LOOP('',(#4719,#4720,#4721,#4722));
#1132=EDGE_LOOP('',(#4723,#4724,#4725,#4726));
#1133=EDGE_LOOP('',(#4727,#4728,#4729,#4730));
#1134=EDGE_LOOP('',(#4731,#4732,#4733,#4734));
#1135=EDGE_LOOP('',(#4735,#4736,#4737,#4738));
#1136=EDGE_LOOP('',(#4739,#4740,#4741,#4742));
#1137=EDGE_LOOP('',(#4743,#4744,#4745,#4746));
#1138=EDGE_LOOP('',(#4747,#4748,#4749,#4750,#4751,#4752));
#1139=EDGE_LOOP('',(#4753,#4754,#4755,#4756));
#1140=EDGE_LOOP('',(#4757,#4758,#4759,#4760));
#1141=EDGE_LOOP('',(#4761,#4762,#4763,#4764));
#1142=EDGE_LOOP('',(#4765,#4766,#4767,#4768));
#1143=EDGE_LOOP('',(#4769,#4770,#4771,#4772));
#1144=EDGE_LOOP('',(#4773,#4774,#4775,#4776,#4777,#4778,#4779,#4780));
#1145=EDGE_LOOP('',(#4781,#4782,#4783,#4784,#4785,#4786,#4787,#4788,#4789,
#4790,#4791));
#1146=EDGE_LOOP('',(#4792,#4793,#4794,#4795,#4796,#4797,#4798,#4799));
#1147=EDGE_LOOP('',(#4800,#4801,#4802,#4803,#4804,#4805,#4806,#4807,#4808,
#4809,#4810));
#1148=EDGE_LOOP('',(#4811));
#1149=EDGE_LOOP('',(#4812));
#1150=EDGE_LOOP('',(#4813));
#1151=EDGE_LOOP('',(#4814));
#1152=EDGE_LOOP('',(#4815,#4816,#4817,#4818));
#1153=EDGE_LOOP('',(#4819,#4820,#4821,#4822));
#1154=EDGE_LOOP('',(#4823,#4824,#4825,#4826));
#1155=EDGE_LOOP('',(#4827,#4828,#4829,#4830));
#1156=EDGE_LOOP('',(#4831,#4832,#4833,#4834));
#1157=EDGE_LOOP('',(#4835,#4836,#4837,#4838));
#1158=EDGE_LOOP('',(#4839,#4840,#4841,#4842));
#1159=EDGE_LOOP('',(#4843,#4844,#4845,#4846));
#1160=EDGE_LOOP('',(#4847,#4848,#4849,#4850));
#1161=EDGE_LOOP('',(#4851,#4852,#4853,#4854));
#1162=EDGE_LOOP('',(#4855,#4856,#4857,#4858,#4859,#4860));
#1163=EDGE_LOOP('',(#4861,#4862,#4863,#4864));
#1164=EDGE_LOOP('',(#4865,#4866,#4867,#4868,#4869,#4870));
#1165=EDGE_LOOP('',(#4871,#4872,#4873,#4874));
#1166=EDGE_LOOP('',(#4875,#4876,#4877,#4878));
#1167=EDGE_LOOP('',(#4879,#4880,#4881,#4882));
#1168=EDGE_LOOP('',(#4883,#4884,#4885,#4886));
#1169=EDGE_LOOP('',(#4887,#4888,#4889,#4890));
#1170=EDGE_LOOP('',(#4891,#4892,#4893,#4894));
#1171=EDGE_LOOP('',(#4895,#4896,#4897,#4898));
#1172=EDGE_LOOP('',(#4899,#4900,#4901,#4902));
#1173=EDGE_LOOP('',(#4903,#4904,#4905,#4906));
#1174=EDGE_LOOP('',(#4907,#4908,#4909,#4910));
#1175=EDGE_LOOP('',(#4911,#4912,#4913,#4914));
#1176=EDGE_LOOP('',(#4915,#4916,#4917,#4918));
#1177=EDGE_LOOP('',(#4919,#4920,#4921,#4922));
#1178=EDGE_LOOP('',(#4923,#4924,#4925,#4926));
#1179=EDGE_LOOP('',(#4927,#4928,#4929,#4930));
#1180=EDGE_LOOP('',(#4931,#4932,#4933,#4934));
#1181=EDGE_LOOP('',(#4935,#4936,#4937,#4938));
#1182=EDGE_LOOP('',(#4939,#4940,#4941,#4942));
#1183=EDGE_LOOP('',(#4943,#4944,#4945,#4946));
#1184=EDGE_LOOP('',(#4947,#4948,#4949,#4950));
#1185=EDGE_LOOP('',(#4951,#4952,#4953,#4954));
#1186=EDGE_LOOP('',(#4955,#4956,#4957,#4958,#4959,#4960,#4961,#4962,#4963,
#4964,#4965,#4966,#4967,#4968,#4969,#4970,#4971,#4972,#4973,#4974));
#1187=EDGE_LOOP('',(#4975,#4976,#4977,#4978,#4979,#4980,#4981,#4982,#4983,
#4984,#4985,#4986,#4987,#4988,#4989,#4990,#4991,#4992,#4993,#4994));
#1188=EDGE_LOOP('',(#4995,#4996,#4997,#4998));
#1189=EDGE_LOOP('',(#4999,#5000,#5001,#5002));
#1190=EDGE_LOOP('',(#5003,#5004,#5005,#5006));
#1191=EDGE_LOOP('',(#5007,#5008,#5009,#5010));
#1192=EDGE_LOOP('',(#5011,#5012,#5013,#5014));
#1193=EDGE_LOOP('',(#5015,#5016,#5017,#5018));
#1194=EDGE_LOOP('',(#5019,#5020,#5021,#5022));
#1195=EDGE_LOOP('',(#5023,#5024,#5025,#5026));
#1196=EDGE_LOOP('',(#5027,#5028,#5029,#5030));
#1197=EDGE_LOOP('',(#5031,#5032,#5033,#5034));
#1198=EDGE_LOOP('',(#5035,#5036,#5037,#5038));
#1199=EDGE_LOOP('',(#5039,#5040,#5041,#5042));
#1200=EDGE_LOOP('',(#5043,#5044,#5045,#5046));
#1201=EDGE_LOOP('',(#5047,#5048,#5049,#5050));
#1202=EDGE_LOOP('',(#5051,#5052,#5053,#5054));
#1203=EDGE_LOOP('',(#5055,#5056,#5057,#5058));
#1204=EDGE_LOOP('',(#5059,#5060,#5061,#5062));
#1205=EDGE_LOOP('',(#5063,#5064,#5065,#5066));
#1206=EDGE_LOOP('',(#5067,#5068,#5069,#5070));
#1207=EDGE_LOOP('',(#5071,#5072,#5073,#5074));
#1208=EDGE_LOOP('',(#5075,#5076,#5077,#5078));
#1209=EDGE_LOOP('',(#5079,#5080,#5081,#5082));
#1210=EDGE_LOOP('',(#5083,#5084,#5085,#5086));
#1211=EDGE_LOOP('',(#5087,#5088,#5089,#5090,#5091,#5092,#5093,#5094,#5095,
#5096,#5097,#5098,#5099,#5100,#5101));
#1212=EDGE_LOOP('',(#5102,#5103,#5104,#5105,#5106,#5107,#5108,#5109));
#1213=EDGE_LOOP('',(#5110,#5111,#5112,#5113,#5114,#5115,#5116,#5117,#5118,
#5119,#5120,#5121,#5122,#5123,#5124));
#1214=EDGE_LOOP('',(#5125,#5126,#5127,#5128,#5129,#5130,#5131,#5132));
#1215=EDGE_LOOP('',(#5133,#5134,#5135,#5136));
#1216=EDGE_LOOP('',(#5137,#5138,#5139,#5140));
#1217=EDGE_LOOP('',(#5141,#5142,#5143,#5144));
#1218=EDGE_LOOP('',(#5145,#5146,#5147,#5148));
#1219=EDGE_LOOP('',(#5149,#5150,#5151,#5152));
#1220=EDGE_LOOP('',(#5153,#5154,#5155,#5156));
#1221=EDGE_LOOP('',(#5157,#5158,#5159,#5160));
#1222=EDGE_LOOP('',(#5161,#5162,#5163,#5164));
#1223=EDGE_LOOP('',(#5165,#5166,#5167,#5168));
#1224=EDGE_LOOP('',(#5169,#5170,#5171,#5172));
#1225=EDGE_LOOP('',(#5173,#5174,#5175,#5176));
#1226=EDGE_LOOP('',(#5177,#5178,#5179,#5180));
#1227=EDGE_LOOP('',(#5181,#5182,#5183,#5184));
#1228=EDGE_LOOP('',(#5185,#5186,#5187,#5188));
#1229=EDGE_LOOP('',(#5189,#5190,#5191,#5192));
#1230=EDGE_LOOP('',(#5193,#5194,#5195,#5196));
#1231=EDGE_LOOP('',(#5197,#5198,#5199,#5200));
#1232=EDGE_LOOP('',(#5201,#5202,#5203,#5204));
#1233=EDGE_LOOP('',(#5205,#5206,#5207,#5208));
#1234=EDGE_LOOP('',(#5209,#5210,#5211,#5212));
#1235=EDGE_LOOP('',(#5213,#5214,#5215,#5216));
#1236=EDGE_LOOP('',(#5217,#5218,#5219,#5220));
#1237=EDGE_LOOP('',(#5221,#5222,#5223,#5224));
#1238=EDGE_LOOP('',(#5225,#5226,#5227,#5228));
#1239=EDGE_LOOP('',(#5229,#5230,#5231,#5232));
#1240=EDGE_LOOP('',(#5233,#5234,#5235,#5236));
#1241=EDGE_LOOP('',(#5237,#5238,#5239,#5240));
#1242=EDGE_LOOP('',(#5241,#5242,#5243,#5244));
#1243=EDGE_LOOP('',(#5245,#5246,#5247,#5248));
#1244=EDGE_LOOP('',(#5249,#5250,#5251,#5252));
#1245=EDGE_LOOP('',(#5253,#5254,#5255,#5256));
#1246=EDGE_LOOP('',(#5257,#5258,#5259,#5260));
#1247=EDGE_LOOP('',(#5261,#5262,#5263,#5264));
#1248=EDGE_LOOP('',(#5265,#5266,#5267,#5268));
#1249=EDGE_LOOP('',(#5269,#5270,#5271,#5272));
#1250=EDGE_LOOP('',(#5273,#5274,#5275,#5276));
#1251=EDGE_LOOP('',(#5277,#5278,#5279,#5280));
#1252=EDGE_LOOP('',(#5281,#5282,#5283,#5284));
#1253=EDGE_LOOP('',(#5285,#5286,#5287,#5288));
#1254=EDGE_LOOP('',(#5289,#5290,#5291,#5292));
#1255=EDGE_LOOP('',(#5293,#5294,#5295,#5296));
#1256=EDGE_LOOP('',(#5297,#5298,#5299,#5300));
#1257=EDGE_LOOP('',(#5301,#5302,#5303,#5304));
#1258=EDGE_LOOP('',(#5305,#5306,#5307,#5308));
#1259=EDGE_LOOP('',(#5309,#5310,#5311,#5312));
#1260=EDGE_LOOP('',(#5313,#5314,#5315,#5316));
#1261=EDGE_LOOP('',(#5317,#5318,#5319,#5320));
#1262=EDGE_LOOP('',(#5321,#5322,#5323,#5324));
#1263=EDGE_LOOP('',(#5325,#5326,#5327,#5328));
#1264=EDGE_LOOP('',(#5329,#5330,#5331,#5332));
#1265=EDGE_LOOP('',(#5333,#5334,#5335,#5336));
#1266=EDGE_LOOP('',(#5337,#5338,#5339,#5340));
#1267=EDGE_LOOP('',(#5341,#5342,#5343,#5344));
#1268=EDGE_LOOP('',(#5345,#5346,#5347,#5348,#5349,#5350,#5351,#5352,#5353,
#5354,#5355,#5356,#5357,#5358,#5359,#5360,#5361,#5362,#5363,#5364,#5365,
#5366,#5367,#5368,#5369,#5370,#5371,#5372,#5373,#5374,#5375,#5376,#5377,
#5378,#5379));
#1269=EDGE_LOOP('',(#5380,#5381,#5382,#5383,#5384,#5385,#5386,#5387,#5388,
#5389,#5390,#5391,#5392,#5393,#5394,#5395,#5396,#5397,#5398,#5399,#5400,
#5401,#5402,#5403,#5404,#5405,#5406,#5407,#5408,#5409,#5410,#5411,#5412,
#5413,#5414));
#1270=EDGE_LOOP('',(#5415,#5416,#5417,#5418));
#1271=EDGE_LOOP('',(#5419,#5420,#5421,#5422));
#1272=EDGE_LOOP('',(#5423,#5424,#5425,#5426));
#1273=EDGE_LOOP('',(#5427,#5428,#5429,#5430));
#1274=EDGE_LOOP('',(#5431,#5432,#5433,#5434));
#1275=EDGE_LOOP('',(#5435,#5436,#5437,#5438));
#1276=EDGE_LOOP('',(#5439,#5440,#5441,#5442));
#1277=EDGE_LOOP('',(#5443,#5444,#5445,#5446));
#1278=EDGE_LOOP('',(#5447,#5448,#5449,#5450));
#1279=EDGE_LOOP('',(#5451,#5452,#5453,#5454));
#1280=EDGE_LOOP('',(#5455,#5456,#5457,#5458));
#1281=EDGE_LOOP('',(#5459,#5460,#5461,#5462));
#1282=EDGE_LOOP('',(#5463,#5464,#5465,#5466));
#1283=EDGE_LOOP('',(#5467,#5468,#5469,#5470));
#1284=EDGE_LOOP('',(#5471,#5472,#5473,#5474));
#1285=EDGE_LOOP('',(#5475,#5476,#5477,#5478));
#1286=EDGE_LOOP('',(#5479,#5480,#5481,#5482));
#1287=EDGE_LOOP('',(#5483,#5484,#5485,#5486));
#1288=EDGE_LOOP('',(#5487,#5488,#5489,#5490));
#1289=EDGE_LOOP('',(#5491,#5492,#5493,#5494));
#1290=EDGE_LOOP('',(#5495,#5496,#5497,#5498));
#1291=EDGE_LOOP('',(#5499,#5500,#5501,#5502));
#1292=EDGE_LOOP('',(#5503,#5504,#5505,#5506));
#1293=EDGE_LOOP('',(#5507,#5508,#5509,#5510));
#1294=EDGE_LOOP('',(#5511,#5512,#5513,#5514,#5515,#5516,#5517,#5518,#5519,
#5520,#5521,#5522,#5523,#5524,#5525,#5526,#5527,#5528));
#1295=EDGE_LOOP('',(#5529,#5530,#5531,#5532,#5533,#5534,#5535,#5536,#5537,
#5538,#5539,#5540,#5541,#5542,#5543,#5544,#5545,#5546));
#1296=EDGE_LOOP('',(#5547,#5548,#5549,#5550));
#1297=EDGE_LOOP('',(#5551,#5552,#5553,#5554));
#1298=EDGE_LOOP('',(#5555,#5556,#5557,#5558));
#1299=EDGE_LOOP('',(#5559,#5560,#5561,#5562));
#1300=EDGE_LOOP('',(#5563,#5564,#5565,#5566));
#1301=EDGE_LOOP('',(#5567,#5568,#5569,#5570));
#1302=EDGE_LOOP('',(#5571,#5572,#5573,#5574));
#1303=EDGE_LOOP('',(#5575,#5576,#5577,#5578));
#1304=EDGE_LOOP('',(#5579,#5580,#5581,#5582));
#1305=EDGE_LOOP('',(#5583,#5584,#5585,#5586));
#1306=EDGE_LOOP('',(#5587,#5588,#5589,#5590));
#1307=EDGE_LOOP('',(#5591,#5592,#5593,#5594));
#1308=EDGE_LOOP('',(#5595,#5596,#5597,#5598));
#1309=EDGE_LOOP('',(#5599,#5600,#5601,#5602));
#1310=EDGE_LOOP('',(#5603,#5604,#5605,#5606));
#1311=EDGE_LOOP('',(#5607,#5608,#5609,#5610));
#1312=EDGE_LOOP('',(#5611,#5612,#5613,#5614));
#1313=EDGE_LOOP('',(#5615,#5616,#5617,#5618));
#1314=EDGE_LOOP('',(#5619,#5620,#5621,#5622));
#1315=EDGE_LOOP('',(#5623,#5624,#5625,#5626));
#1316=EDGE_LOOP('',(#5627,#5628,#5629,#5630));
#1317=EDGE_LOOP('',(#5631,#5632,#5633,#5634));
#1318=EDGE_LOOP('',(#5635,#5636,#5637,#5638));
#1319=EDGE_LOOP('',(#5639,#5640,#5641,#5642));
#1320=EDGE_LOOP('',(#5643,#5644,#5645,#5646));
#1321=EDGE_LOOP('',(#5647,#5648,#5649,#5650));
#1322=EDGE_LOOP('',(#5651,#5652,#5653,#5654));
#1323=EDGE_LOOP('',(#5655,#5656,#5657,#5658));
#1324=EDGE_LOOP('',(#5659,#5660,#5661,#5662));
#1325=EDGE_LOOP('',(#5663,#5664,#5665,#5666));
#1326=EDGE_LOOP('',(#5667,#5668,#5669,#5670));
#1327=EDGE_LOOP('',(#5671,#5672,#5673,#5674));
#1328=EDGE_LOOP('',(#5675,#5676,#5677,#5678));
#1329=EDGE_LOOP('',(#5679,#5680,#5681,#5682));
#1330=EDGE_LOOP('',(#5683,#5684,#5685,#5686));
#1331=EDGE_LOOP('',(#5687,#5688,#5689,#5690));
#1332=EDGE_LOOP('',(#5691,#5692,#5693,#5694));
#1333=EDGE_LOOP('',(#5695,#5696,#5697,#5698));
#1334=EDGE_LOOP('',(#5699,#5700,#5701,#5702));
#1335=EDGE_LOOP('',(#5703,#5704,#5705,#5706));
#1336=EDGE_LOOP('',(#5707,#5708,#5709,#5710,#5711,#5712,#5713,#5714,#5715,
#5716,#5717,#5718,#5719,#5720,#5721,#5722,#5723,#5724,#5725,#5726));
#1337=EDGE_LOOP('',(#5727,#5728,#5729,#5730,#5731,#5732,#5733,#5734,#5735,
#5736,#5737,#5738,#5739,#5740,#5741,#5742,#5743,#5744,#5745,#5746));
#1338=EDGE_LOOP('',(#5747,#5748,#5749,#5750,#5751,#5752,#5753,#5754,#5755,
#5756,#5757,#5758,#5759,#5760,#5761,#5762,#5763,#5764,#5765,#5766));
#1339=EDGE_LOOP('',(#5767,#5768,#5769,#5770,#5771,#5772,#5773,#5774,#5775,
#5776,#5777,#5778,#5779,#5780,#5781,#5782,#5783,#5784,#5785,#5786));
#1340=EDGE_LOOP('',(#5787,#5788,#5789,#5790));
#1341=EDGE_LOOP('',(#5791,#5792,#5793,#5794));
#1342=EDGE_LOOP('',(#5795,#5796,#5797,#5798));
#1343=EDGE_LOOP('',(#5799,#5800,#5801,#5802));
#1344=EDGE_LOOP('',(#5803,#5804,#5805,#5806));
#1345=EDGE_LOOP('',(#5807,#5808,#5809,#5810));
#1346=EDGE_LOOP('',(#5811,#5812,#5813,#5814));
#1347=EDGE_LOOP('',(#5815,#5816,#5817,#5818));
#1348=EDGE_LOOP('',(#5819,#5820,#5821,#5822));
#1349=EDGE_LOOP('',(#5823,#5824,#5825,#5826));
#1350=EDGE_LOOP('',(#5827,#5828,#5829,#5830));
#1351=EDGE_LOOP('',(#5831,#5832,#5833,#5834));
#1352=EDGE_LOOP('',(#5835,#5836,#5837,#5838));
#1353=EDGE_LOOP('',(#5839,#5840,#5841,#5842));
#1354=EDGE_LOOP('',(#5843,#5844,#5845,#5846));
#1355=EDGE_LOOP('',(#5847,#5848,#5849,#5850));
#1356=EDGE_LOOP('',(#5851,#5852,#5853,#5854));
#1357=EDGE_LOOP('',(#5855,#5856,#5857,#5858));
#1358=EDGE_LOOP('',(#5859,#5860,#5861,#5862));
#1359=EDGE_LOOP('',(#5863,#5864,#5865,#5866));
#1360=EDGE_LOOP('',(#5867,#5868,#5869,#5870));
#1361=EDGE_LOOP('',(#5871,#5872,#5873,#5874));
#1362=EDGE_LOOP('',(#5875,#5876,#5877,#5878));
#1363=EDGE_LOOP('',(#5879,#5880,#5881,#5882));
#1364=EDGE_LOOP('',(#5883,#5884,#5885,#5886));
#1365=EDGE_LOOP('',(#5887,#5888,#5889,#5890));
#1366=EDGE_LOOP('',(#5891,#5892,#5893,#5894));
#1367=EDGE_LOOP('',(#5895,#5896,#5897,#5898));
#1368=EDGE_LOOP('',(#5899,#5900,#5901,#5902));
#1369=EDGE_LOOP('',(#5903,#5904,#5905,#5906));
#1370=EDGE_LOOP('',(#5907,#5908,#5909,#5910,#5911,#5912,#5913,#5914,#5915,
#5916,#5917,#5918,#5919,#5920,#5921));
#1371=EDGE_LOOP('',(#5922,#5923,#5924,#5925,#5926,#5927,#5928,#5929,#5930,
#5931,#5932,#5933,#5934,#5935,#5936));
#1372=EDGE_LOOP('',(#5937,#5938,#5939,#5940,#5941,#5942,#5943,#5944,#5945,
#5946,#5947,#5948,#5949,#5950,#5951));
#1373=EDGE_LOOP('',(#5952,#5953,#5954,#5955,#5956,#5957,#5958,#5959,#5960,
#5961,#5962,#5963,#5964,#5965,#5966));
#1374=EDGE_LOOP('',(#5967,#5968,#5969,#5970));
#1375=EDGE_LOOP('',(#5971,#5972,#5973,#5974));
#1376=EDGE_LOOP('',(#5975,#5976,#5977,#5978));
#1377=EDGE_LOOP('',(#5979,#5980,#5981,#5982));
#1378=EDGE_LOOP('',(#5983,#5984,#5985,#5986));
#1379=EDGE_LOOP('',(#5987,#5988,#5989,#5990));
#1380=EDGE_LOOP('',(#5991,#5992,#5993,#5994));
#1381=EDGE_LOOP('',(#5995,#5996,#5997,#5998));
#1382=EDGE_LOOP('',(#5999,#6000,#6001,#6002));
#1383=EDGE_LOOP('',(#6003,#6004,#6005,#6006));
#1384=EDGE_LOOP('',(#6007,#6008,#6009,#6010));
#1385=EDGE_LOOP('',(#6011,#6012,#6013,#6014));
#1386=EDGE_LOOP('',(#6015,#6016,#6017,#6018));
#1387=EDGE_LOOP('',(#6019,#6020,#6021,#6022));
#1388=EDGE_LOOP('',(#6023,#6024,#6025,#6026));
#1389=EDGE_LOOP('',(#6027,#6028,#6029,#6030));
#1390=EDGE_LOOP('',(#6031,#6032,#6033,#6034));
#1391=EDGE_LOOP('',(#6035,#6036,#6037,#6038));
#1392=EDGE_LOOP('',(#6039,#6040,#6041,#6042));
#1393=EDGE_LOOP('',(#6043,#6044,#6045,#6046));
#1394=EDGE_LOOP('',(#6047,#6048,#6049,#6050));
#1395=EDGE_LOOP('',(#6051,#6052,#6053,#6054));
#1396=EDGE_LOOP('',(#6055,#6056,#6057,#6058));
#1397=EDGE_LOOP('',(#6059,#6060,#6061,#6062));
#1398=EDGE_LOOP('',(#6063,#6064,#6065,#6066));
#1399=EDGE_LOOP('',(#6067,#6068,#6069,#6070));
#1400=EDGE_LOOP('',(#6071,#6072,#6073,#6074));
#1401=EDGE_LOOP('',(#6075,#6076,#6077,#6078));
#1402=EDGE_LOOP('',(#6079,#6080,#6081,#6082));
#1403=EDGE_LOOP('',(#6083,#6084,#6085,#6086));
#1404=EDGE_LOOP('',(#6087,#6088,#6089,#6090));
#1405=EDGE_LOOP('',(#6091,#6092,#6093,#6094));
#1406=EDGE_LOOP('',(#6095,#6096,#6097,#6098));
#1407=EDGE_LOOP('',(#6099,#6100,#6101,#6102));
#1408=EDGE_LOOP('',(#6103,#6104,#6105,#6106));
#1409=EDGE_LOOP('',(#6107,#6108,#6109,#6110));
#1410=EDGE_LOOP('',(#6111,#6112,#6113,#6114));
#1411=EDGE_LOOP('',(#6115,#6116,#6117,#6118));
#1412=EDGE_LOOP('',(#6119,#6120,#6121,#6122));
#1413=EDGE_LOOP('',(#6123,#6124,#6125,#6126));
#1414=EDGE_LOOP('',(#6127,#6128,#6129,#6130));
#1415=EDGE_LOOP('',(#6131,#6132,#6133,#6134));
#1416=EDGE_LOOP('',(#6135,#6136,#6137,#6138));
#1417=EDGE_LOOP('',(#6139,#6140,#6141,#6142));
#1418=EDGE_LOOP('',(#6143,#6144,#6145,#6146));
#1419=EDGE_LOOP('',(#6147,#6148,#6149,#6150));
#1420=EDGE_LOOP('',(#6151,#6152,#6153,#6154));
#1421=EDGE_LOOP('',(#6155,#6156,#6157,#6158));
#1422=EDGE_LOOP('',(#6159,#6160,#6161,#6162));
#1423=EDGE_LOOP('',(#6163,#6164,#6165,#6166));
#1424=EDGE_LOOP('',(#6167,#6168,#6169,#6170));
#1425=EDGE_LOOP('',(#6171,#6172,#6173,#6174));
#1426=EDGE_LOOP('',(#6175,#6176,#6177,#6178));
#1427=EDGE_LOOP('',(#6179,#6180,#6181,#6182));
#1428=EDGE_LOOP('',(#6183,#6184,#6185,#6186));
#1429=EDGE_LOOP('',(#6187,#6188,#6189,#6190));
#1430=EDGE_LOOP('',(#6191,#6192,#6193,#6194));
#1431=EDGE_LOOP('',(#6195,#6196,#6197,#6198));
#1432=EDGE_LOOP('',(#6199,#6200,#6201,#6202));
#1433=EDGE_LOOP('',(#6203,#6204,#6205,#6206));
#1434=EDGE_LOOP('',(#6207,#6208,#6209,#6210));
#1435=EDGE_LOOP('',(#6211,#6212,#6213,#6214));
#1436=EDGE_LOOP('',(#6215,#6216,#6217,#6218));
#1437=EDGE_LOOP('',(#6219,#6220,#6221,#6222));
#1438=EDGE_LOOP('',(#6223,#6224,#6225,#6226));
#1439=EDGE_LOOP('',(#6227,#6228,#6229,#6230));
#1440=EDGE_LOOP('',(#6231,#6232,#6233,#6234));
#1441=EDGE_LOOP('',(#6235,#6236,#6237,#6238));
#1442=EDGE_LOOP('',(#6239,#6240,#6241,#6242));
#1443=EDGE_LOOP('',(#6243,#6244,#6245,#6246));
#1444=EDGE_LOOP('',(#6247,#6248,#6249,#6250));
#1445=EDGE_LOOP('',(#6251,#6252,#6253,#6254));
#1446=EDGE_LOOP('',(#6255,#6256,#6257,#6258));
#1447=EDGE_LOOP('',(#6259,#6260,#6261,#6262));
#1448=EDGE_LOOP('',(#6263,#6264,#6265,#6266));
#1449=EDGE_LOOP('',(#6267,#6268,#6269,#6270));
#1450=EDGE_LOOP('',(#6271,#6272,#6273,#6274));
#1451=EDGE_LOOP('',(#6275,#6276,#6277,#6278));
#1452=EDGE_LOOP('',(#6279,#6280,#6281,#6282));
#1453=EDGE_LOOP('',(#6283,#6284,#6285,#6286));
#1454=EDGE_LOOP('',(#6287,#6288,#6289,#6290));
#1455=EDGE_LOOP('',(#6291,#6292,#6293,#6294));
#1456=EDGE_LOOP('',(#6295,#6296,#6297,#6298));
#1457=EDGE_LOOP('',(#6299,#6300,#6301,#6302));
#1458=EDGE_LOOP('',(#6303,#6304,#6305,#6306));
#1459=EDGE_LOOP('',(#6307,#6308,#6309,#6310));
#1460=EDGE_LOOP('',(#6311,#6312,#6313,#6314));
#1461=EDGE_LOOP('',(#6315,#6316,#6317,#6318));
#1462=EDGE_LOOP('',(#6319,#6320,#6321,#6322));
#1463=EDGE_LOOP('',(#6323,#6324,#6325,#6326));
#1464=EDGE_LOOP('',(#6327,#6328,#6329,#6330));
#1465=EDGE_LOOP('',(#6331,#6332,#6333,#6334));
#1466=EDGE_LOOP('',(#6335,#6336,#6337,#6338));
#1467=EDGE_LOOP('',(#6339,#6340,#6341,#6342));
#1468=EDGE_LOOP('',(#6343,#6344,#6345,#6346));
#1469=EDGE_LOOP('',(#6347,#6348,#6349,#6350));
#1470=EDGE_LOOP('',(#6351,#6352,#6353,#6354));
#1471=EDGE_LOOP('',(#6355,#6356,#6357,#6358));
#1472=EDGE_LOOP('',(#6359,#6360,#6361,#6362));
#1473=EDGE_LOOP('',(#6363,#6364,#6365,#6366));
#1474=EDGE_LOOP('',(#6367,#6368,#6369,#6370));
#1475=EDGE_LOOP('',(#6371,#6372,#6373,#6374));
#1476=EDGE_LOOP('',(#6375,#6376,#6377,#6378));
#1477=EDGE_LOOP('',(#6379,#6380,#6381,#6382));
#1478=EDGE_LOOP('',(#6383,#6384,#6385,#6386));
#1479=EDGE_LOOP('',(#6387,#6388,#6389,#6390));
#1480=EDGE_LOOP('',(#6391,#6392,#6393,#6394,#6395,#6396,#6397,#6398,#6399,
#6400,#6401,#6402,#6403,#6404,#6405,#6406,#6407,#6408,#6409,#6410,#6411,
#6412,#6413,#6414,#6415,#6416,#6417,#6418,#6419,#6420,#6421,#6422,#6423,
#6424,#6425));
#1481=EDGE_LOOP('',(#6426,#6427,#6428,#6429,#6430,#6431,#6432,#6433,#6434,
#6435,#6436,#6437,#6438,#6439,#6440,#6441,#6442,#6443,#6444,#6445,#6446,
#6447,#6448,#6449,#6450,#6451,#6452,#6453,#6454,#6455,#6456,#6457,#6458,
#6459,#6460));
#1482=EDGE_LOOP('',(#6461,#6462,#6463,#6464,#6465,#6466,#6467,#6468,#6469,
#6470,#6471,#6472,#6473,#6474,#6475,#6476,#6477,#6478,#6479,#6480,#6481,
#6482,#6483,#6484,#6485,#6486,#6487,#6488,#6489,#6490,#6491,#6492,#6493,
#6494,#6495));
#1483=EDGE_LOOP('',(#6496,#6497,#6498,#6499,#6500,#6501,#6502,#6503,#6504,
#6505,#6506,#6507,#6508,#6509,#6510,#6511,#6512,#6513,#6514,#6515,#6516,
#6517,#6518,#6519,#6520,#6521,#6522,#6523,#6524,#6525,#6526,#6527,#6528,
#6529,#6530));
#1484=EDGE_LOOP('',(#6531,#6532,#6533,#6534));
#1485=EDGE_LOOP('',(#6535,#6536,#6537,#6538));
#1486=EDGE_LOOP('',(#6539,#6540,#6541,#6542));
#1487=EDGE_LOOP('',(#6543,#6544,#6545,#6546));
#1488=EDGE_LOOP('',(#6547,#6548,#6549,#6550));
#1489=EDGE_LOOP('',(#6551,#6552,#6553,#6554));
#1490=EDGE_LOOP('',(#6555,#6556,#6557,#6558));
#1491=EDGE_LOOP('',(#6559,#6560,#6561,#6562));
#1492=EDGE_LOOP('',(#6563,#6564,#6565,#6566));
#1493=EDGE_LOOP('',(#6567,#6568,#6569,#6570));
#1494=EDGE_LOOP('',(#6571,#6572,#6573,#6574));
#1495=EDGE_LOOP('',(#6575,#6576,#6577,#6578));
#1496=EDGE_LOOP('',(#6579,#6580,#6581,#6582));
#1497=EDGE_LOOP('',(#6583,#6584,#6585,#6586));
#1498=EDGE_LOOP('',(#6587,#6588,#6589,#6590));
#1499=EDGE_LOOP('',(#6591,#6592,#6593,#6594));
#1500=EDGE_LOOP('',(#6595,#6596,#6597,#6598));
#1501=EDGE_LOOP('',(#6599,#6600,#6601,#6602));
#1502=EDGE_LOOP('',(#6603,#6604,#6605,#6606));
#1503=EDGE_LOOP('',(#6607,#6608,#6609,#6610));
#1504=EDGE_LOOP('',(#6611,#6612,#6613,#6614));
#1505=EDGE_LOOP('',(#6615,#6616,#6617,#6618));
#1506=EDGE_LOOP('',(#6619,#6620,#6621,#6622));
#1507=EDGE_LOOP('',(#6623,#6624,#6625,#6626));
#1508=EDGE_LOOP('',(#6627,#6628,#6629,#6630));
#1509=EDGE_LOOP('',(#6631,#6632,#6633,#6634));
#1510=EDGE_LOOP('',(#6635,#6636,#6637,#6638));
#1511=EDGE_LOOP('',(#6639,#6640,#6641,#6642));
#1512=EDGE_LOOP('',(#6643,#6644,#6645,#6646));
#1513=EDGE_LOOP('',(#6647,#6648,#6649,#6650));
#1514=EDGE_LOOP('',(#6651,#6652,#6653,#6654));
#1515=EDGE_LOOP('',(#6655,#6656,#6657,#6658));
#1516=EDGE_LOOP('',(#6659,#6660,#6661,#6662));
#1517=EDGE_LOOP('',(#6663,#6664,#6665,#6666));
#1518=EDGE_LOOP('',(#6667,#6668,#6669,#6670));
#1519=EDGE_LOOP('',(#6671,#6672,#6673,#6674));
#1520=EDGE_LOOP('',(#6675,#6676,#6677,#6678));
#1521=EDGE_LOOP('',(#6679,#6680,#6681,#6682));
#1522=EDGE_LOOP('',(#6683,#6684,#6685,#6686));
#1523=EDGE_LOOP('',(#6687,#6688,#6689,#6690));
#1524=EDGE_LOOP('',(#6691,#6692,#6693,#6694));
#1525=EDGE_LOOP('',(#6695,#6696,#6697,#6698));
#1526=EDGE_LOOP('',(#6699,#6700,#6701,#6702));
#1527=EDGE_LOOP('',(#6703,#6704,#6705,#6706));
#1528=EDGE_LOOP('',(#6707,#6708,#6709,#6710));
#1529=EDGE_LOOP('',(#6711,#6712,#6713,#6714));
#1530=EDGE_LOOP('',(#6715,#6716,#6717,#6718));
#1531=EDGE_LOOP('',(#6719,#6720,#6721,#6722));
#1532=EDGE_LOOP('',(#6723,#6724,#6725,#6726,#6727,#6728,#6729,#6730,#6731,
#6732,#6733,#6734,#6735,#6736,#6737,#6738,#6739,#6740));
#1533=EDGE_LOOP('',(#6741,#6742,#6743,#6744,#6745,#6746,#6747,#6748,#6749,
#6750,#6751,#6752,#6753,#6754,#6755,#6756,#6757,#6758));
#1534=EDGE_LOOP('',(#6759,#6760,#6761,#6762,#6763,#6764,#6765,#6766,#6767,
#6768,#6769,#6770,#6771,#6772,#6773,#6774,#6775,#6776));
#1535=EDGE_LOOP('',(#6777,#6778,#6779,#6780,#6781,#6782,#6783,#6784,#6785,
#6786,#6787,#6788,#6789,#6790,#6791,#6792,#6793,#6794));
#1536=LINE('',#8796,#2191);
#1537=LINE('',#8798,#2192);
#1538=LINE('',#8800,#2193);
#1539=LINE('',#8801,#2194);
#1540=LINE('',#8804,#2195);
#1541=LINE('',#8806,#2196);
#1542=LINE('',#8807,#2197);
#1543=LINE('',#8810,#2198);
#1544=LINE('',#8812,#2199);
#1545=LINE('',#8813,#2200);
#1546=LINE('',#8818,#2201);
#1547=LINE('',#8822,#2202);
#1548=LINE('',#8824,#2203);
#1549=LINE('',#8825,#2204);
#1550=LINE('',#8834,#2205);
#1551=LINE('',#8841,#2206);
#1552=LINE('',#8848,#2207);
#1553=LINE('',#8855,#2208);
#1554=LINE('',#8861,#2209);
#1555=LINE('',#8863,#2210);
#1556=LINE('',#8865,#2211);
#1557=LINE('',#8866,#2212);
#1558=LINE('',#8872,#2213);
#1559=LINE('',#8875,#2214);
#1560=LINE('',#8877,#2215);
#1561=LINE('',#8878,#2216);
#1562=LINE('',#8881,#2217);
#1563=LINE('',#8883,#2218);
#1564=LINE('',#8884,#2219);
#1565=LINE('',#8890,#2220);
#1566=LINE('',#8893,#2221);
#1567=LINE('',#8895,#2222);
#1568=LINE('',#8896,#2223);
#1569=LINE('',#8902,#2224);
#1570=LINE('',#8905,#2225);
#1571=LINE('',#8907,#2226);
#1572=LINE('',#8908,#2227);
#1573=LINE('',#8914,#2228);
#1574=LINE('',#8917,#2229);
#1575=LINE('',#8919,#2230);
#1576=LINE('',#8920,#2231);
#1577=LINE('',#8927,#2232);
#1578=LINE('',#8929,#2233);
#1579=LINE('',#8931,#2234);
#1580=LINE('',#8932,#2235);
#1581=LINE('',#8938,#2236);
#1582=LINE('',#8941,#2237);
#1583=LINE('',#8943,#2238);
#1584=LINE('',#8944,#2239);
#1585=LINE('',#8950,#2240);
#1586=LINE('',#8953,#2241);
#1587=LINE('',#8955,#2242);
#1588=LINE('',#8956,#2243);
#1589=LINE('',#8962,#2244);
#1590=LINE('',#8965,#2245);
#1591=LINE('',#8967,#2246);
#1592=LINE('',#8968,#2247);
#1593=LINE('',#8977,#2248);
#1594=LINE('',#8979,#2249);
#1595=LINE('',#8981,#2250);
#1596=LINE('',#8982,#2251);
#1597=LINE('',#8985,#2252);
#1598=LINE('',#8987,#2253);
#1599=LINE('',#8988,#2254);
#1600=LINE('',#8991,#2255);
#1601=LINE('',#8993,#2256);
#1602=LINE('',#8994,#2257);
#1603=LINE('',#8996,#2258);
#1604=LINE('',#8997,#2259);
#1605=LINE('',#9001,#2260);
#1606=LINE('',#9003,#2261);
#1607=LINE('',#9005,#2262);
#1608=LINE('',#9006,#2263);
#1609=LINE('',#9009,#2264);
#1610=LINE('',#9011,#2265);
#1611=LINE('',#9012,#2266);
#1612=LINE('',#9018,#2267);
#1613=LINE('',#9021,#2268);
#1614=LINE('',#9023,#2269);
#1615=LINE('',#9024,#2270);
#1616=LINE('',#9030,#2271);
#1617=LINE('',#9032,#2272);
#1618=LINE('',#9033,#2273);
#1619=LINE('',#9048,#2274);
#1620=LINE('',#9053,#2275);
#1621=LINE('',#9056,#2276);
#1622=LINE('',#9058,#2277);
#1623=LINE('',#9059,#2278);
#1624=LINE('',#9074,#2279);
#1625=LINE('',#9089,#2280);
#1626=LINE('',#9104,#2281);
#1627=LINE('',#9119,#2282);
#1628=LINE('',#9122,#2283);
#1629=LINE('',#9124,#2284);
#1630=LINE('',#9125,#2285);
#1631=LINE('',#9128,#2286);
#1632=LINE('',#9130,#2287);
#1633=LINE('',#9131,#2288);
#1634=LINE('',#9134,#2289);
#1635=LINE('',#9136,#2290);
#1636=LINE('',#9137,#2291);
#1637=LINE('',#9140,#2292);
#1638=LINE('',#9142,#2293);
#1639=LINE('',#9143,#2294);
#1640=LINE('',#9146,#2295);
#1641=LINE('',#9148,#2296);
#1642=LINE('',#9149,#2297);
#1643=LINE('',#9152,#2298);
#1644=LINE('',#9154,#2299);
#1645=LINE('',#9155,#2300);
#1646=LINE('',#9158,#2301);
#1647=LINE('',#9160,#2302);
#1648=LINE('',#9161,#2303);
#1649=LINE('',#9164,#2304);
#1650=LINE('',#9166,#2305);
#1651=LINE('',#9167,#2306);
#1652=LINE('',#9170,#2307);
#1653=LINE('',#9172,#2308);
#1654=LINE('',#9173,#2309);
#1655=LINE('',#9176,#2310);
#1656=LINE('',#9178,#2311);
#1657=LINE('',#9179,#2312);
#1658=LINE('',#9182,#2313);
#1659=LINE('',#9184,#2314);
#1660=LINE('',#9185,#2315);
#1661=LINE('',#9200,#2316);
#1662=LINE('',#9215,#2317);
#1663=LINE('',#9242,#2318);
#1664=LINE('',#9247,#2319);
#1665=LINE('',#9262,#2320);
#1666=LINE('',#9277,#2321);
#1667=LINE('',#9292,#2322);
#1668=LINE('',#9307,#2323);
#1669=LINE('',#9322,#2324);
#1670=LINE('',#9337,#2325);
#1671=LINE('',#9353,#2326);
#1672=LINE('',#9355,#2327);
#1673=LINE('',#9357,#2328);
#1674=LINE('',#9358,#2329);
#1675=LINE('',#9361,#2330);
#1676=LINE('',#9363,#2331);
#1677=LINE('',#9364,#2332);
#1678=LINE('',#9367,#2333);
#1679=LINE('',#9369,#2334);
#1680=LINE('',#9370,#2335);
#1681=LINE('',#9373,#2336);
#1682=LINE('',#9375,#2337);
#1683=LINE('',#9376,#2338);
#1684=LINE('',#9391,#2339);
#1685=LINE('',#9406,#2340);
#1686=LINE('',#9421,#2341);
#1687=LINE('',#9436,#2342);
#1688=LINE('',#9451,#2343);
#1689=LINE('',#9466,#2344);
#1690=LINE('',#9481,#2345);
#1691=LINE('',#9496,#2346);
#1692=LINE('',#9511,#2347);
#1693=LINE('',#9526,#2348);
#1694=LINE('',#9528,#2349);
#1695=LINE('',#9529,#2350);
#1696=LINE('',#9535,#2351);
#1697=LINE('',#9537,#2352);
#1698=LINE('',#9539,#2353);
#1699=LINE('',#9540,#2354);
#1700=LINE('',#9543,#2355);
#1701=LINE('',#9545,#2356);
#1702=LINE('',#9546,#2357);
#1703=LINE('',#9549,#2358);
#1704=LINE('',#9551,#2359);
#1705=LINE('',#9552,#2360);
#1706=LINE('',#9554,#2361);
#1707=LINE('',#9555,#2362);
#1708=LINE('',#9561,#2363);
#1709=LINE('',#9563,#2364);
#1710=LINE('',#9565,#2365);
#1711=LINE('',#9566,#2366);
#1712=LINE('',#9569,#2367);
#1713=LINE('',#9571,#2368);
#1714=LINE('',#9572,#2369);
#1715=LINE('',#9575,#2370);
#1716=LINE('',#9577,#2371);
#1717=LINE('',#9578,#2372);
#1718=LINE('',#9580,#2373);
#1719=LINE('',#9581,#2374);
#1720=LINE('',#9587,#2375);
#1721=LINE('',#9589,#2376);
#1722=LINE('',#9591,#2377);
#1723=LINE('',#9592,#2378);
#1724=LINE('',#9595,#2379);
#1725=LINE('',#9597,#2380);
#1726=LINE('',#9598,#2381);
#1727=LINE('',#9601,#2382);
#1728=LINE('',#9603,#2383);
#1729=LINE('',#9604,#2384);
#1730=LINE('',#9606,#2385);
#1731=LINE('',#9607,#2386);
#1732=LINE('',#9622,#2387);
#1733=LINE('',#9627,#2388);
#1734=LINE('',#9630,#2389);
#1735=LINE('',#9632,#2390);
#1736=LINE('',#9633,#2391);
#1737=LINE('',#9648,#2392);
#1738=LINE('',#9663,#2393);
#1739=LINE('',#9678,#2394);
#1740=LINE('',#9693,#2395);
#1741=LINE('',#9708,#2396);
#1742=LINE('',#9723,#2397);
#1743=LINE('',#9738,#2398);
#1744=LINE('',#9753,#2399);
#1745=LINE('',#9768,#2400);
#1746=LINE('',#9783,#2401);
#1747=LINE('',#9798,#2402);
#1748=LINE('',#9813,#2403);
#1749=LINE('',#9828,#2404);
#1750=LINE('',#9843,#2405);
#1751=LINE('',#9858,#2406);
#1752=LINE('',#9873,#2407);
#1753=LINE('',#9888,#2408);
#1754=LINE('',#9903,#2409);
#1755=LINE('',#9906,#2410);
#1756=LINE('',#9908,#2411);
#1757=LINE('',#9909,#2412);
#1758=LINE('',#9924,#2413);
#1759=LINE('',#9939,#2414);
#1760=LINE('',#9954,#2415);
#1761=LINE('',#9969,#2416);
#1762=LINE('',#9984,#2417);
#1763=LINE('',#9999,#2418);
#1764=LINE('',#10014,#2419);
#1765=LINE('',#10029,#2420);
#1766=LINE('',#10044,#2421);
#1767=LINE('',#10059,#2422);
#1768=LINE('',#10074,#2423);
#1769=LINE('',#10089,#2424);
#1770=LINE('',#10104,#2425);
#1771=LINE('',#10122,#2426);
#1772=LINE('',#10124,#2427);
#1773=LINE('',#10126,#2428);
#1774=LINE('',#10127,#2429);
#1775=LINE('',#10130,#2430);
#1776=LINE('',#10132,#2431);
#1777=LINE('',#10133,#2432);
#1778=LINE('',#10136,#2433);
#1779=LINE('',#10138,#2434);
#1780=LINE('',#10139,#2435);
#1781=LINE('',#10141,#2436);
#1782=LINE('',#10142,#2437);
#1783=LINE('',#10157,#2438);
#1784=LINE('',#10162,#2439);
#1785=LINE('',#10165,#2440);
#1786=LINE('',#10167,#2441);
#1787=LINE('',#10168,#2442);
#1788=LINE('',#10183,#2443);
#1789=LINE('',#10198,#2444);
#1790=LINE('',#10213,#2445);
#1791=LINE('',#10228,#2446);
#1792=LINE('',#10243,#2447);
#1793=LINE('',#10246,#2448);
#1794=LINE('',#10248,#2449);
#1795=LINE('',#10249,#2450);
#1796=LINE('',#10252,#2451);
#1797=LINE('',#10254,#2452);
#1798=LINE('',#10255,#2453);
#1799=LINE('',#10258,#2454);
#1800=LINE('',#10260,#2455);
#1801=LINE('',#10261,#2456);
#1802=LINE('',#10276,#2457);
#1803=LINE('',#10291,#2458);
#1804=LINE('',#10294,#2459);
#1805=LINE('',#10296,#2460);
#1806=LINE('',#10297,#2461);
#1807=LINE('',#10300,#2462);
#1808=LINE('',#10302,#2463);
#1809=LINE('',#10303,#2464);
#1810=LINE('',#10306,#2465);
#1811=LINE('',#10308,#2466);
#1812=LINE('',#10309,#2467);
#1813=LINE('',#10324,#2468);
#1814=LINE('',#10339,#2469);
#1815=LINE('',#10366,#2470);
#1816=LINE('',#10371,#2471);
#1817=LINE('',#10386,#2472);
#1818=LINE('',#10389,#2473);
#1819=LINE('',#10391,#2474);
#1820=LINE('',#10392,#2475);
#1821=LINE('',#10395,#2476);
#1822=LINE('',#10397,#2477);
#1823=LINE('',#10398,#2478);
#1824=LINE('',#10401,#2479);
#1825=LINE('',#10403,#2480);
#1826=LINE('',#10404,#2481);
#1827=LINE('',#10407,#2482);
#1828=LINE('',#10409,#2483);
#1829=LINE('',#10410,#2484);
#1830=LINE('',#10413,#2485);
#1831=LINE('',#10415,#2486);
#1832=LINE('',#10416,#2487);
#1833=LINE('',#10419,#2488);
#1834=LINE('',#10421,#2489);
#1835=LINE('',#10422,#2490);
#1836=LINE('',#10425,#2491);
#1837=LINE('',#10427,#2492);
#1838=LINE('',#10428,#2493);
#1839=LINE('',#10431,#2494);
#1840=LINE('',#10433,#2495);
#1841=LINE('',#10434,#2496);
#1842=LINE('',#10437,#2497);
#1843=LINE('',#10439,#2498);
#1844=LINE('',#10440,#2499);
#1845=LINE('',#10443,#2500);
#1846=LINE('',#10445,#2501);
#1847=LINE('',#10446,#2502);
#1848=LINE('',#10449,#2503);
#1849=LINE('',#10451,#2504);
#1850=LINE('',#10452,#2505);
#1851=LINE('',#10467,#2506);
#1852=LINE('',#10482,#2507);
#1853=LINE('',#10497,#2508);
#1854=LINE('',#10512,#2509);
#1855=LINE('',#10515,#2510);
#1856=LINE('',#10517,#2511);
#1857=LINE('',#10518,#2512);
#1858=LINE('',#10533,#2513);
#1859=LINE('',#10561,#2514);
#1860=LINE('',#10567,#2515);
#1861=LINE('',#10586,#2516);
#1862=LINE('',#10605,#2517);
#1863=LINE('',#10636,#2518);
#1864=LINE('',#10639,#2519);
#1865=LINE('',#10641,#2520);
#1866=LINE('',#10642,#2521);
#1867=LINE('',#10673,#2522);
#1868=LINE('',#10692,#2523);
#1869=LINE('',#10711,#2524);
#1870=LINE('',#10730,#2525);
#1871=LINE('',#10733,#2526);
#1872=LINE('',#10735,#2527);
#1873=LINE('',#10736,#2528);
#1874=LINE('',#10739,#2529);
#1875=LINE('',#10741,#2530);
#1876=LINE('',#10742,#2531);
#1877=LINE('',#10745,#2532);
#1878=LINE('',#10747,#2533);
#1879=LINE('',#10748,#2534);
#1880=LINE('',#10751,#2535);
#1881=LINE('',#10753,#2536);
#1882=LINE('',#10754,#2537);
#1883=LINE('',#10757,#2538);
#1884=LINE('',#10759,#2539);
#1885=LINE('',#10760,#2540);
#1886=LINE('',#10763,#2541);
#1887=LINE('',#10765,#2542);
#1888=LINE('',#10766,#2543);
#1889=LINE('',#10769,#2544);
#1890=LINE('',#10771,#2545);
#1891=LINE('',#10772,#2546);
#1892=LINE('',#10775,#2547);
#1893=LINE('',#10777,#2548);
#1894=LINE('',#10778,#2549);
#1895=LINE('',#10781,#2550);
#1896=LINE('',#10783,#2551);
#1897=LINE('',#10784,#2552);
#1898=LINE('',#10787,#2553);
#1899=LINE('',#10789,#2554);
#1900=LINE('',#10790,#2555);
#1901=LINE('',#10792,#2556);
#1902=LINE('',#10793,#2557);
#1903=LINE('',#10808,#2558);
#1904=LINE('',#10813,#2559);
#1905=LINE('',#10828,#2560);
#1906=LINE('',#10843,#2561);
#1907=LINE('',#10858,#2562);
#1908=LINE('',#10873,#2563);
#1909=LINE('',#10888,#2564);
#1910=LINE('',#10903,#2565);
#1911=LINE('',#10918,#2566);
#1912=LINE('',#10933,#2567);
#1913=LINE('',#10948,#2568);
#1914=LINE('',#10951,#2569);
#1915=LINE('',#10953,#2570);
#1916=LINE('',#10954,#2571);
#1917=LINE('',#10957,#2572);
#1918=LINE('',#10959,#2573);
#1919=LINE('',#10960,#2574);
#1920=LINE('',#10963,#2575);
#1921=LINE('',#10965,#2576);
#1922=LINE('',#10966,#2577);
#1923=LINE('',#10969,#2578);
#1924=LINE('',#10971,#2579);
#1925=LINE('',#10972,#2580);
#1926=LINE('',#10974,#2581);
#1927=LINE('',#10975,#2582);
#1928=LINE('',#10991,#2583);
#1929=LINE('',#10997,#2584);
#1930=LINE('',#11016,#2585);
#1931=LINE('',#11035,#2586);
#1932=LINE('',#11054,#2587);
#1933=LINE('',#11073,#2588);
#1934=LINE('',#11092,#2589);
#1935=LINE('',#11111,#2590);
#1936=LINE('',#11114,#2591);
#1937=LINE('',#11116,#2592);
#1938=LINE('',#11117,#2593);
#1939=LINE('',#11120,#2594);
#1940=LINE('',#11122,#2595);
#1941=LINE('',#11123,#2596);
#1942=LINE('',#11126,#2597);
#1943=LINE('',#11128,#2598);
#1944=LINE('',#11129,#2599);
#1945=LINE('',#11132,#2600);
#1946=LINE('',#11134,#2601);
#1947=LINE('',#11135,#2602);
#1948=LINE('',#11138,#2603);
#1949=LINE('',#11140,#2604);
#1950=LINE('',#11141,#2605);
#1951=LINE('',#11160,#2606);
#1952=LINE('',#11179,#2607);
#1953=LINE('',#11201,#2608);
#1954=LINE('',#11203,#2609);
#1955=LINE('',#11205,#2610);
#1956=LINE('',#11206,#2611);
#1957=LINE('',#11209,#2612);
#1958=LINE('',#11211,#2613);
#1959=LINE('',#11212,#2614);
#1960=LINE('',#11215,#2615);
#1961=LINE('',#11217,#2616);
#1962=LINE('',#11218,#2617);
#1963=LINE('',#11220,#2618);
#1964=LINE('',#11221,#2619);
#1965=LINE('',#11225,#2620);
#1966=LINE('',#11227,#2621);
#1967=LINE('',#11229,#2622);
#1968=LINE('',#11230,#2623);
#1969=LINE('',#11233,#2624);
#1970=LINE('',#11235,#2625);
#1971=LINE('',#11236,#2626);
#1972=LINE('',#11239,#2627);
#1973=LINE('',#11241,#2628);
#1974=LINE('',#11242,#2629);
#1975=LINE('',#11244,#2630);
#1976=LINE('',#11245,#2631);
#1977=LINE('',#11251,#2632);
#1978=LINE('',#11253,#2633);
#1979=LINE('',#11255,#2634);
#1980=LINE('',#11256,#2635);
#1981=LINE('',#11259,#2636);
#1982=LINE('',#11261,#2637);
#1983=LINE('',#11262,#2638);
#1984=LINE('',#11265,#2639);
#1985=LINE('',#11267,#2640);
#1986=LINE('',#11268,#2641);
#1987=LINE('',#11270,#2642);
#1988=LINE('',#11271,#2643);
#1989=LINE('',#11275,#2644);
#1990=LINE('',#11277,#2645);
#1991=LINE('',#11279,#2646);
#1992=LINE('',#11280,#2647);
#1993=LINE('',#11283,#2648);
#1994=LINE('',#11285,#2649);
#1995=LINE('',#11286,#2650);
#1996=LINE('',#11289,#2651);
#1997=LINE('',#11291,#2652);
#1998=LINE('',#11292,#2653);
#1999=LINE('',#11294,#2654);
#2000=LINE('',#11295,#2655);
#2001=LINE('',#11301,#2656);
#2002=LINE('',#11303,#2657);
#2003=LINE('',#11305,#2658);
#2004=LINE('',#11306,#2659);
#2005=LINE('',#11309,#2660);
#2006=LINE('',#11311,#2661);
#2007=LINE('',#11312,#2662);
#2008=LINE('',#11315,#2663);
#2009=LINE('',#11317,#2664);
#2010=LINE('',#11318,#2665);
#2011=LINE('',#11320,#2666);
#2012=LINE('',#11321,#2667);
#2013=LINE('',#11325,#2668);
#2014=LINE('',#11327,#2669);
#2015=LINE('',#11329,#2670);
#2016=LINE('',#11330,#2671);
#2017=LINE('',#11333,#2672);
#2018=LINE('',#11335,#2673);
#2019=LINE('',#11336,#2674);
#2020=LINE('',#11339,#2675);
#2021=LINE('',#11341,#2676);
#2022=LINE('',#11342,#2677);
#2023=LINE('',#11344,#2678);
#2024=LINE('',#11345,#2679);
#2025=LINE('',#11360,#2680);
#2026=LINE('',#11365,#2681);
#2027=LINE('',#11380,#2682);
#2028=LINE('',#11395,#2683);
#2029=LINE('',#11410,#2684);
#2030=LINE('',#11425,#2685);
#2031=LINE('',#11440,#2686);
#2032=LINE('',#11455,#2687);
#2033=LINE('',#11470,#2688);
#2034=LINE('',#11485,#2689);
#2035=LINE('',#11500,#2690);
#2036=LINE('',#11515,#2691);
#2037=LINE('',#11530,#2692);
#2038=LINE('',#11545,#2693);
#2039=LINE('',#11548,#2694);
#2040=LINE('',#11550,#2695);
#2041=LINE('',#11551,#2696);
#2042=LINE('',#11566,#2697);
#2043=LINE('',#11581,#2698);
#2044=LINE('',#11596,#2699);
#2045=LINE('',#11611,#2700);
#2046=LINE('',#11626,#2701);
#2047=LINE('',#11641,#2702);
#2048=LINE('',#11656,#2703);
#2049=LINE('',#11671,#2704);
#2050=LINE('',#11686,#2705);
#2051=LINE('',#11701,#2706);
#2052=LINE('',#11716,#2707);
#2053=LINE('',#11731,#2708);
#2054=LINE('',#11746,#2709);
#2055=LINE('',#11761,#2710);
#2056=LINE('',#11776,#2711);
#2057=LINE('',#11791,#2712);
#2058=LINE('',#11806,#2713);
#2059=LINE('',#11821,#2714);
#2060=LINE('',#11824,#2715);
#2061=LINE('',#11826,#2716);
#2062=LINE('',#11827,#2717);
#2063=LINE('',#11842,#2718);
#2064=LINE('',#11879,#2719);
#2065=LINE('',#11888,#2720);
#2066=LINE('',#11907,#2721);
#2067=LINE('',#11926,#2722);
#2068=LINE('',#11945,#2723);
#2069=LINE('',#11976,#2724);
#2070=LINE('',#12007,#2725);
#2071=LINE('',#12038,#2726);
#2072=LINE('',#12069,#2727);
#2073=LINE('',#12088,#2728);
#2074=LINE('',#12107,#2729);
#2075=LINE('',#12126,#2730);
#2076=LINE('',#12145,#2731);
#2077=LINE('',#12164,#2732);
#2078=LINE('',#12183,#2733);
#2079=LINE('',#12214,#2734);
#2080=LINE('',#12217,#2735);
#2081=LINE('',#12219,#2736);
#2082=LINE('',#12220,#2737);
#2083=LINE('',#12251,#2738);
#2084=LINE('',#12270,#2739);
#2085=LINE('',#12289,#2740);
#2086=LINE('',#12308,#2741);
#2087=LINE('',#12327,#2742);
#2088=LINE('',#12346,#2743);
#2089=LINE('',#12365,#2744);
#2090=LINE('',#12396,#2745);
#2091=LINE('',#12427,#2746);
#2092=LINE('',#12446,#2747);
#2093=LINE('',#12465,#2748);
#2094=LINE('',#12484,#2749);
#2095=LINE('',#12503,#2750);
#2096=LINE('',#12522,#2751);
#2097=LINE('',#12541,#2752);
#2098=LINE('',#12560,#2753);
#2099=LINE('',#12579,#2754);
#2100=LINE('',#12610,#2755);
#2101=LINE('',#12612,#2756);
#2102=LINE('',#12613,#2757);
#2103=LINE('',#12619,#2758);
#2104=LINE('',#12621,#2759);
#2105=LINE('',#12623,#2760);
#2106=LINE('',#12624,#2761);
#2107=LINE('',#12627,#2762);
#2108=LINE('',#12629,#2763);
#2109=LINE('',#12630,#2764);
#2110=LINE('',#12633,#2765);
#2111=LINE('',#12635,#2766);
#2112=LINE('',#12636,#2767);
#2113=LINE('',#12638,#2768);
#2114=LINE('',#12639,#2769);
#2115=LINE('',#12643,#2770);
#2116=LINE('',#12645,#2771);
#2117=LINE('',#12647,#2772);
#2118=LINE('',#12648,#2773);
#2119=LINE('',#12651,#2774);
#2120=LINE('',#12653,#2775);
#2121=LINE('',#12654,#2776);
#2122=LINE('',#12657,#2777);
#2123=LINE('',#12659,#2778);
#2124=LINE('',#12660,#2779);
#2125=LINE('',#12662,#2780);
#2126=LINE('',#12663,#2781);
#2127=LINE('',#12678,#2782);
#2128=LINE('',#12683,#2783);
#2129=LINE('',#12698,#2784);
#2130=LINE('',#12701,#2785);
#2131=LINE('',#12703,#2786);
#2132=LINE('',#12704,#2787);
#2133=LINE('',#12707,#2788);
#2134=LINE('',#12709,#2789);
#2135=LINE('',#12710,#2790);
#2136=LINE('',#12713,#2791);
#2137=LINE('',#12715,#2792);
#2138=LINE('',#12716,#2793);
#2139=LINE('',#12731,#2794);
#2140=LINE('',#12746,#2795);
#2141=LINE('',#12749,#2796);
#2142=LINE('',#12751,#2797);
#2143=LINE('',#12752,#2798);
#2144=LINE('',#12755,#2799);
#2145=LINE('',#12757,#2800);
#2146=LINE('',#12758,#2801);
#2147=LINE('',#12761,#2802);
#2148=LINE('',#12763,#2803);
#2149=LINE('',#12764,#2804);
#2150=LINE('',#12779,#2805);
#2151=LINE('',#12794,#2806);
#2152=LINE('',#12809,#2807);
#2153=LINE('',#12824,#2808);
#2154=LINE('',#12839,#2809);
#2155=LINE('',#12842,#2810);
#2156=LINE('',#12844,#2811);
#2157=LINE('',#12845,#2812);
#2158=LINE('',#12860,#2813);
#2159=LINE('',#12888,#2814);
#2160=LINE('',#12894,#2815);
#2161=LINE('',#12913,#2816);
#2162=LINE('',#12944,#2817);
#2163=LINE('',#12947,#2818);
#2164=LINE('',#12949,#2819);
#2165=LINE('',#12950,#2820);
#2166=LINE('',#12981,#2821);
#2167=LINE('',#13000,#2822);
#2168=LINE('',#13019,#2823);
#2169=LINE('',#13038,#2824);
#2170=LINE('',#13057,#2825);
#2171=LINE('',#13060,#2826);
#2172=LINE('',#13062,#2827);
#2173=LINE('',#13063,#2828);
#2174=LINE('',#13066,#2829);
#2175=LINE('',#13068,#2830);
#2176=LINE('',#13069,#2831);
#2177=LINE('',#13072,#2832);
#2178=LINE('',#13074,#2833);
#2179=LINE('',#13075,#2834);
#2180=LINE('',#13094,#2835);
#2181=LINE('',#13125,#2836);
#2182=LINE('',#13128,#2837);
#2183=LINE('',#13130,#2838);
#2184=LINE('',#13131,#2839);
#2185=LINE('',#13134,#2840);
#2186=LINE('',#13136,#2841);
#2187=LINE('',#13137,#2842);
#2188=LINE('',#13140,#2843);
#2189=LINE('',#13142,#2844);
#2190=LINE('',#13143,#2845);
#2191=VECTOR('',#7659,10.);
#2192=VECTOR('',#7660,10.);
#2193=VECTOR('',#7661,10.);
#2194=VECTOR('',#7662,10.);
#2195=VECTOR('',#7665,10.);
#2196=VECTOR('',#7666,10.);
#2197=VECTOR('',#7667,10.);
#2198=VECTOR('',#7670,10.);
#2199=VECTOR('',#7671,10.);
#2200=VECTOR('',#7672,10.);
#2201=VECTOR('',#7677,10.);
#2202=VECTOR('',#7682,10.);
#2203=VECTOR('',#7683,10.);
#2204=VECTOR('',#7684,10.);
#2205=VECTOR('',#7697,2.44999999999999);
#2206=VECTOR('',#7706,2.45000000000001);
#2207=VECTOR('',#7715,2.44999999999999);
#2208=VECTOR('',#7724,2.45);
#2209=VECTOR('',#7731,10.);
#2210=VECTOR('',#7732,10.);
#2211=VECTOR('',#7733,10.);
#2212=VECTOR('',#7734,10.);
#2213=VECTOR('',#7741,10.);
#2214=VECTOR('',#7744,10.);
#2215=VECTOR('',#7745,10.);
#2216=VECTOR('',#7746,10.);
#2217=VECTOR('',#7749,10.);
#2218=VECTOR('',#7750,10.);
#2219=VECTOR('',#7751,10.);
#2220=VECTOR('',#7758,10.);
#2221=VECTOR('',#7761,10.);
#2222=VECTOR('',#7762,10.);
#2223=VECTOR('',#7763,10.);
#2224=VECTOR('',#7770,10.);
#2225=VECTOR('',#7773,10.);
#2226=VECTOR('',#7774,10.);
#2227=VECTOR('',#7775,10.);
#2228=VECTOR('',#7782,10.);
#2229=VECTOR('',#7785,10.);
#2230=VECTOR('',#7786,10.);
#2231=VECTOR('',#7787,10.);
#2232=VECTOR('',#7796,10.);
#2233=VECTOR('',#7797,10.);
#2234=VECTOR('',#7798,10.);
#2235=VECTOR('',#7799,10.);
#2236=VECTOR('',#7806,10.);
#2237=VECTOR('',#7809,10.);
#2238=VECTOR('',#7810,10.);
#2239=VECTOR('',#7811,10.);
#2240=VECTOR('',#7818,10.);
#2241=VECTOR('',#7821,10.);
#2242=VECTOR('',#7822,10.);
#2243=VECTOR('',#7823,10.);
#2244=VECTOR('',#7830,10.);
#2245=VECTOR('',#7833,10.);
#2246=VECTOR('',#7834,10.);
#2247=VECTOR('',#7835,10.);
#2248=VECTOR('',#7848,10.);
#2249=VECTOR('',#7849,10.);
#2250=VECTOR('',#7850,10.);
#2251=VECTOR('',#7851,10.);
#2252=VECTOR('',#7854,10.);
#2253=VECTOR('',#7855,10.);
#2254=VECTOR('',#7856,10.);
#2255=VECTOR('',#7859,10.);
#2256=VECTOR('',#7860,10.);
#2257=VECTOR('',#7861,10.);
#2258=VECTOR('',#7864,10.);
#2259=VECTOR('',#7865,10.);
#2260=VECTOR('',#7868,10.);
#2261=VECTOR('',#7869,10.);
#2262=VECTOR('',#7870,10.);
#2263=VECTOR('',#7871,10.);
#2264=VECTOR('',#7874,10.);
#2265=VECTOR('',#7875,10.);
#2266=VECTOR('',#7876,10.);
#2267=VECTOR('',#7883,10.);
#2268=VECTOR('',#7886,10.);
#2269=VECTOR('',#7887,10.);
#2270=VECTOR('',#7888,10.);
#2271=VECTOR('',#7895,10.);
#2272=VECTOR('',#7898,10.);
#2273=VECTOR('',#7899,10.);
#2274=VECTOR('',#7904,10.);
#2275=VECTOR('',#7905,10.);
#2276=VECTOR('',#7908,10.);
#2277=VECTOR('',#7909,10.);
#2278=VECTOR('',#7910,10.);
#2279=VECTOR('',#7911,10.);
#2280=VECTOR('',#7912,10.);
#2281=VECTOR('',#7913,10.);
#2282=VECTOR('',#7914,10.);
#2283=VECTOR('',#7917,10.);
#2284=VECTOR('',#7918,10.);
#2285=VECTOR('',#7919,10.);
#2286=VECTOR('',#7922,10.);
#2287=VECTOR('',#7923,10.);
#2288=VECTOR('',#7924,10.);
#2289=VECTOR('',#7927,10.);
#2290=VECTOR('',#7928,10.);
#2291=VECTOR('',#7929,10.);
#2292=VECTOR('',#7932,10.);
#2293=VECTOR('',#7933,10.);
#2294=VECTOR('',#7934,10.);
#2295=VECTOR('',#7937,10.);
#2296=VECTOR('',#7938,10.);
#2297=VECTOR('',#7939,10.);
#2298=VECTOR('',#7942,10.);
#2299=VECTOR('',#7943,10.);
#2300=VECTOR('',#7944,10.);
#2301=VECTOR('',#7947,10.);
#2302=VECTOR('',#7948,10.);
#2303=VECTOR('',#7949,10.);
#2304=VECTOR('',#7952,10.);
#2305=VECTOR('',#7953,10.);
#2306=VECTOR('',#7954,10.);
#2307=VECTOR('',#7957,10.);
#2308=VECTOR('',#7958,10.);
#2309=VECTOR('',#7959,10.);
#2310=VECTOR('',#7962,10.);
#2311=VECTOR('',#7963,10.);
#2312=VECTOR('',#7964,10.);
#2313=VECTOR('',#7967,10.);
#2314=VECTOR('',#7968,10.);
#2315=VECTOR('',#7969,10.);
#2316=VECTOR('',#7970,10.);
#2317=VECTOR('',#7971,10.);
#2318=VECTOR('',#7976,10.);
#2319=VECTOR('',#7977,10.);
#2320=VECTOR('',#7978,10.);
#2321=VECTOR('',#7979,10.);
#2322=VECTOR('',#7980,10.);
#2323=VECTOR('',#7981,10.);
#2324=VECTOR('',#7982,10.);
#2325=VECTOR('',#7983,10.);
#2326=VECTOR('',#7986,10.);
#2327=VECTOR('',#7987,10.);
#2328=VECTOR('',#7988,10.);
#2329=VECTOR('',#7989,10.);
#2330=VECTOR('',#7992,10.);
#2331=VECTOR('',#7993,10.);
#2332=VECTOR('',#7994,10.);
#2333=VECTOR('',#7997,10.);
#2334=VECTOR('',#7998,10.);
#2335=VECTOR('',#7999,10.);
#2336=VECTOR('',#8002,10.);
#2337=VECTOR('',#8003,10.);
#2338=VECTOR('',#8004,10.);
#2339=VECTOR('',#8005,10.);
#2340=VECTOR('',#8006,10.);
#2341=VECTOR('',#8007,10.);
#2342=VECTOR('',#8008,10.);
#2343=VECTOR('',#8009,10.);
#2344=VECTOR('',#8010,10.);
#2345=VECTOR('',#8011,10.);
#2346=VECTOR('',#8012,10.);
#2347=VECTOR('',#8013,10.);
#2348=VECTOR('',#8014,10.);
#2349=VECTOR('',#8017,10.);
#2350=VECTOR('',#8018,10.);
#2351=VECTOR('',#8025,10.);
#2352=VECTOR('',#8026,10.);
#2353=VECTOR('',#8027,10.);
#2354=VECTOR('',#8028,10.);
#2355=VECTOR('',#8031,10.);
#2356=VECTOR('',#8032,10.);
#2357=VECTOR('',#8033,10.);
#2358=VECTOR('',#8036,10.);
#2359=VECTOR('',#8037,10.);
#2360=VECTOR('',#8038,10.);
#2361=VECTOR('',#8041,10.);
#2362=VECTOR('',#8042,10.);
#2363=VECTOR('',#8049,10.);
#2364=VECTOR('',#8050,10.);
#2365=VECTOR('',#8051,10.);
#2366=VECTOR('',#8052,10.);
#2367=VECTOR('',#8055,10.);
#2368=VECTOR('',#8056,10.);
#2369=VECTOR('',#8057,10.);
#2370=VECTOR('',#8060,10.);
#2371=VECTOR('',#8061,10.);
#2372=VECTOR('',#8062,10.);
#2373=VECTOR('',#8065,10.);
#2374=VECTOR('',#8066,10.);
#2375=VECTOR('',#8073,10.);
#2376=VECTOR('',#8074,10.);
#2377=VECTOR('',#8075,10.);
#2378=VECTOR('',#8076,10.);
#2379=VECTOR('',#8079,10.);
#2380=VECTOR('',#8080,10.);
#2381=VECTOR('',#8081,10.);
#2382=VECTOR('',#8084,10.);
#2383=VECTOR('',#8085,10.);
#2384=VECTOR('',#8086,10.);
#2385=VECTOR('',#8089,10.);
#2386=VECTOR('',#8090,10.);
#2387=VECTOR('',#8095,10.);
#2388=VECTOR('',#8096,10.);
#2389=VECTOR('',#8099,10.);
#2390=VECTOR('',#8100,10.);
#2391=VECTOR('',#8101,10.);
#2392=VECTOR('',#8102,10.);
#2393=VECTOR('',#8103,10.);
#2394=VECTOR('',#8104,10.);
#2395=VECTOR('',#8105,10.);
#2396=VECTOR('',#8106,10.);
#2397=VECTOR('',#8107,10.);
#2398=VECTOR('',#8108,10.);
#2399=VECTOR('',#8109,10.);
#2400=VECTOR('',#8110,10.);
#2401=VECTOR('',#8111,10.);
#2402=VECTOR('',#8112,10.);
#2403=VECTOR('',#8113,10.);
#2404=VECTOR('',#8114,10.);
#2405=VECTOR('',#8115,10.);
#2406=VECTOR('',#8116,10.);
#2407=VECTOR('',#8117,10.);
#2408=VECTOR('',#8118,10.);
#2409=VECTOR('',#8119,10.);
#2410=VECTOR('',#8122,10.);
#2411=VECTOR('',#8123,10.);
#2412=VECTOR('',#8124,10.);
#2413=VECTOR('',#8125,10.);
#2414=VECTOR('',#8126,10.);
#2415=VECTOR('',#8127,10.);
#2416=VECTOR('',#8128,10.);
#2417=VECTOR('',#8129,10.);
#2418=VECTOR('',#8130,10.);
#2419=VECTOR('',#8131,10.);
#2420=VECTOR('',#8132,10.);
#2421=VECTOR('',#8133,10.);
#2422=VECTOR('',#8134,10.);
#2423=VECTOR('',#8135,10.);
#2424=VECTOR('',#8136,10.);
#2425=VECTOR('',#8137,10.);
#2426=VECTOR('',#8144,10.);
#2427=VECTOR('',#8145,10.);
#2428=VECTOR('',#8146,10.);
#2429=VECTOR('',#8147,10.);
#2430=VECTOR('',#8150,10.);
#2431=VECTOR('',#8151,10.);
#2432=VECTOR('',#8152,10.);
#2433=VECTOR('',#8155,10.);
#2434=VECTOR('',#8156,10.);
#2435=VECTOR('',#8157,10.);
#2436=VECTOR('',#8160,10.);
#2437=VECTOR('',#8161,10.);
#2438=VECTOR('',#8166,10.);
#2439=VECTOR('',#8167,10.);
#2440=VECTOR('',#8170,10.);
#2441=VECTOR('',#8171,10.);
#2442=VECTOR('',#8172,10.);
#2443=VECTOR('',#8173,10.);
#2444=VECTOR('',#8174,10.);
#2445=VECTOR('',#8175,10.);
#2446=VECTOR('',#8176,10.);
#2447=VECTOR('',#8177,10.);
#2448=VECTOR('',#8180,10.);
#2449=VECTOR('',#8181,10.);
#2450=VECTOR('',#8182,10.);
#2451=VECTOR('',#8185,10.);
#2452=VECTOR('',#8186,10.);
#2453=VECTOR('',#8187,10.);
#2454=VECTOR('',#8190,10.);
#2455=VECTOR('',#8191,10.);
#2456=VECTOR('',#8192,10.);
#2457=VECTOR('',#8193,10.);
#2458=VECTOR('',#8194,10.);
#2459=VECTOR('',#8197,10.);
#2460=VECTOR('',#8198,10.);
#2461=VECTOR('',#8199,10.);
#2462=VECTOR('',#8202,10.);
#2463=VECTOR('',#8203,10.);
#2464=VECTOR('',#8204,10.);
#2465=VECTOR('',#8207,10.);
#2466=VECTOR('',#8208,10.);
#2467=VECTOR('',#8209,10.);
#2468=VECTOR('',#8210,10.);
#2469=VECTOR('',#8211,10.);
#2470=VECTOR('',#8216,10.);
#2471=VECTOR('',#8217,10.);
#2472=VECTOR('',#8218,10.);
#2473=VECTOR('',#8221,10.);
#2474=VECTOR('',#8222,10.);
#2475=VECTOR('',#8223,10.);
#2476=VECTOR('',#8226,10.);
#2477=VECTOR('',#8227,10.);
#2478=VECTOR('',#8228,10.);
#2479=VECTOR('',#8231,10.);
#2480=VECTOR('',#8232,10.);
#2481=VECTOR('',#8233,10.);
#2482=VECTOR('',#8236,10.);
#2483=VECTOR('',#8237,10.);
#2484=VECTOR('',#8238,10.);
#2485=VECTOR('',#8241,10.);
#2486=VECTOR('',#8242,10.);
#2487=VECTOR('',#8243,10.);
#2488=VECTOR('',#8246,10.);
#2489=VECTOR('',#8247,10.);
#2490=VECTOR('',#8248,10.);
#2491=VECTOR('',#8251,10.);
#2492=VECTOR('',#8252,10.);
#2493=VECTOR('',#8253,10.);
#2494=VECTOR('',#8256,10.);
#2495=VECTOR('',#8257,10.);
#2496=VECTOR('',#8258,10.);
#2497=VECTOR('',#8261,10.);
#2498=VECTOR('',#8262,10.);
#2499=VECTOR('',#8263,10.);
#2500=VECTOR('',#8266,10.);
#2501=VECTOR('',#8267,10.);
#2502=VECTOR('',#8268,10.);
#2503=VECTOR('',#8271,10.);
#2504=VECTOR('',#8272,10.);
#2505=VECTOR('',#8273,10.);
#2506=VECTOR('',#8274,10.);
#2507=VECTOR('',#8275,10.);
#2508=VECTOR('',#8276,10.);
#2509=VECTOR('',#8277,10.);
#2510=VECTOR('',#8280,10.);
#2511=VECTOR('',#8281,10.);
#2512=VECTOR('',#8282,10.);
#2513=VECTOR('',#8283,10.);
#2514=VECTOR('',#8284,10.);
#2515=VECTOR('',#8285,10.);
#2516=VECTOR('',#8286,10.);
#2517=VECTOR('',#8287,10.);
#2518=VECTOR('',#8288,10.);
#2519=VECTOR('',#8291,10.);
#2520=VECTOR('',#8292,10.);
#2521=VECTOR('',#8293,10.);
#2522=VECTOR('',#8294,10.);
#2523=VECTOR('',#8295,10.);
#2524=VECTOR('',#8296,10.);
#2525=VECTOR('',#8297,10.);
#2526=VECTOR('',#8300,10.);
#2527=VECTOR('',#8301,10.);
#2528=VECTOR('',#8302,10.);
#2529=VECTOR('',#8305,10.);
#2530=VECTOR('',#8306,10.);
#2531=VECTOR('',#8307,10.);
#2532=VECTOR('',#8310,10.);
#2533=VECTOR('',#8311,10.);
#2534=VECTOR('',#8312,10.);
#2535=VECTOR('',#8315,10.);
#2536=VECTOR('',#8316,10.);
#2537=VECTOR('',#8317,10.);
#2538=VECTOR('',#8320,10.);
#2539=VECTOR('',#8321,10.);
#2540=VECTOR('',#8322,10.);
#2541=VECTOR('',#8325,10.);
#2542=VECTOR('',#8326,10.);
#2543=VECTOR('',#8327,10.);
#2544=VECTOR('',#8330,10.);
#2545=VECTOR('',#8331,10.);
#2546=VECTOR('',#8332,10.);
#2547=VECTOR('',#8335,10.);
#2548=VECTOR('',#8336,10.);
#2549=VECTOR('',#8337,10.);
#2550=VECTOR('',#8340,10.);
#2551=VECTOR('',#8341,10.);
#2552=VECTOR('',#8342,10.);
#2553=VECTOR('',#8345,10.);
#2554=VECTOR('',#8346,10.);
#2555=VECTOR('',#8347,10.);
#2556=VECTOR('',#8350,10.);
#2557=VECTOR('',#8351,10.);
#2558=VECTOR('',#8356,10.);
#2559=VECTOR('',#8357,10.);
#2560=VECTOR('',#8358,10.);
#2561=VECTOR('',#8359,10.);
#2562=VECTOR('',#8360,10.);
#2563=VECTOR('',#8361,10.);
#2564=VECTOR('',#8362,10.);
#2565=VECTOR('',#8363,10.);
#2566=VECTOR('',#8364,10.);
#2567=VECTOR('',#8365,10.);
#2568=VECTOR('',#8366,10.);
#2569=VECTOR('',#8369,10.);
#2570=VECTOR('',#8370,10.);
#2571=VECTOR('',#8371,10.);
#2572=VECTOR('',#8374,10.);
#2573=VECTOR('',#8375,10.);
#2574=VECTOR('',#8376,10.);
#2575=VECTOR('',#8379,10.);
#2576=VECTOR('',#8380,10.);
#2577=VECTOR('',#8381,10.);
#2578=VECTOR('',#8384,10.);
#2579=VECTOR('',#8385,10.);
#2580=VECTOR('',#8386,10.);
#2581=VECTOR('',#8389,10.);
#2582=VECTOR('',#8390,10.);
#2583=VECTOR('',#8391,10.);
#2584=VECTOR('',#8392,10.);
#2585=VECTOR('',#8393,10.);
#2586=VECTOR('',#8394,10.);
#2587=VECTOR('',#8395,10.);
#2588=VECTOR('',#8396,10.);
#2589=VECTOR('',#8397,10.);
#2590=VECTOR('',#8398,10.);
#2591=VECTOR('',#8401,10.);
#2592=VECTOR('',#8402,10.);
#2593=VECTOR('',#8403,10.);
#2594=VECTOR('',#8406,10.);
#2595=VECTOR('',#8407,10.);
#2596=VECTOR('',#8408,10.);
#2597=VECTOR('',#8411,10.);
#2598=VECTOR('',#8412,10.);
#2599=VECTOR('',#8413,10.);
#2600=VECTOR('',#8416,10.);
#2601=VECTOR('',#8417,10.);
#2602=VECTOR('',#8418,10.);
#2603=VECTOR('',#8421,10.);
#2604=VECTOR('',#8422,10.);
#2605=VECTOR('',#8423,10.);
#2606=VECTOR('',#8424,10.);
#2607=VECTOR('',#8425,10.);
#2608=VECTOR('',#8432,10.);
#2609=VECTOR('',#8433,10.);
#2610=VECTOR('',#8434,10.);
#2611=VECTOR('',#8435,10.);
#2612=VECTOR('',#8438,10.);
#2613=VECTOR('',#8439,10.);
#2614=VECTOR('',#8440,10.);
#2615=VECTOR('',#8443,10.);
#2616=VECTOR('',#8444,10.);
#2617=VECTOR('',#8445,10.);
#2618=VECTOR('',#8448,10.);
#2619=VECTOR('',#8449,10.);
#2620=VECTOR('',#8452,10.);
#2621=VECTOR('',#8453,10.);
#2622=VECTOR('',#8454,10.);
#2623=VECTOR('',#8455,10.);
#2624=VECTOR('',#8458,10.);
#2625=VECTOR('',#8459,10.);
#2626=VECTOR('',#8460,10.);
#2627=VECTOR('',#8463,10.);
#2628=VECTOR('',#8464,10.);
#2629=VECTOR('',#8465,10.);
#2630=VECTOR('',#8468,10.);
#2631=VECTOR('',#8469,10.);
#2632=VECTOR('',#8476,10.);
#2633=VECTOR('',#8477,10.);
#2634=VECTOR('',#8478,10.);
#2635=VECTOR('',#8479,10.);
#2636=VECTOR('',#8482,10.);
#2637=VECTOR('',#8483,10.);
#2638=VECTOR('',#8484,10.);
#2639=VECTOR('',#8487,10.);
#2640=VECTOR('',#8488,10.);
#2641=VECTOR('',#8489,10.);
#2642=VECTOR('',#8492,10.);
#2643=VECTOR('',#8493,10.);
#2644=VECTOR('',#8496,10.);
#2645=VECTOR('',#8497,10.);
#2646=VECTOR('',#8498,10.);
#2647=VECTOR('',#8499,10.);
#2648=VECTOR('',#8502,10.);
#2649=VECTOR('',#8503,10.);
#2650=VECTOR('',#8504,10.);
#2651=VECTOR('',#8507,10.);
#2652=VECTOR('',#8508,10.);
#2653=VECTOR('',#8509,10.);
#2654=VECTOR('',#8512,10.);
#2655=VECTOR('',#8513,10.);
#2656=VECTOR('',#8520,10.);
#2657=VECTOR('',#8521,10.);
#2658=VECTOR('',#8522,10.);
#2659=VECTOR('',#8523,10.);
#2660=VECTOR('',#8526,10.);
#2661=VECTOR('',#8527,10.);
#2662=VECTOR('',#8528,10.);
#2663=VECTOR('',#8531,10.);
#2664=VECTOR('',#8532,10.);
#2665=VECTOR('',#8533,10.);
#2666=VECTOR('',#8536,10.);
#2667=VECTOR('',#8537,10.);
#2668=VECTOR('',#8540,10.);
#2669=VECTOR('',#8541,10.);
#2670=VECTOR('',#8542,10.);
#2671=VECTOR('',#8543,10.);
#2672=VECTOR('',#8546,10.);
#2673=VECTOR('',#8547,10.);
#2674=VECTOR('',#8548,10.);
#2675=VECTOR('',#8551,10.);
#2676=VECTOR('',#8552,10.);
#2677=VECTOR('',#8553,10.);
#2678=VECTOR('',#8556,10.);
#2679=VECTOR('',#8557,10.);
#2680=VECTOR('',#8562,10.);
#2681=VECTOR('',#8563,10.);
#2682=VECTOR('',#8564,10.);
#2683=VECTOR('',#8565,10.);
#2684=VECTOR('',#8566,10.);
#2685=VECTOR('',#8567,10.);
#2686=VECTOR('',#8568,10.);
#2687=VECTOR('',#8569,10.);
#2688=VECTOR('',#8570,10.);
#2689=VECTOR('',#8571,10.);
#2690=VECTOR('',#8572,10.);
#2691=VECTOR('',#8573,10.);
#2692=VECTOR('',#8574,10.);
#2693=VECTOR('',#8575,10.);
#2694=VECTOR('',#8578,10.);
#2695=VECTOR('',#8579,10.);
#2696=VECTOR('',#8580,10.);
#2697=VECTOR('',#8581,10.);
#2698=VECTOR('',#8582,10.);
#2699=VECTOR('',#8583,10.);
#2700=VECTOR('',#8584,10.);
#2701=VECTOR('',#8585,10.);
#2702=VECTOR('',#8586,10.);
#2703=VECTOR('',#8587,10.);
#2704=VECTOR('',#8588,10.);
#2705=VECTOR('',#8589,10.);
#2706=VECTOR('',#8590,10.);
#2707=VECTOR('',#8591,10.);
#2708=VECTOR('',#8592,10.);
#2709=VECTOR('',#8593,10.);
#2710=VECTOR('',#8594,10.);
#2711=VECTOR('',#8595,10.);
#2712=VECTOR('',#8596,10.);
#2713=VECTOR('',#8597,10.);
#2714=VECTOR('',#8598,10.);
#2715=VECTOR('',#8601,10.);
#2716=VECTOR('',#8602,10.);
#2717=VECTOR('',#8603,10.);
#2718=VECTOR('',#8604,10.);
#2719=VECTOR('',#8605,10.);
#2720=VECTOR('',#8606,10.);
#2721=VECTOR('',#8607,10.);
#2722=VECTOR('',#8608,10.);
#2723=VECTOR('',#8609,10.);
#2724=VECTOR('',#8610,10.);
#2725=VECTOR('',#8611,10.);
#2726=VECTOR('',#8612,10.);
#2727=VECTOR('',#8613,10.);
#2728=VECTOR('',#8614,10.);
#2729=VECTOR('',#8615,10.);
#2730=VECTOR('',#8616,10.);
#2731=VECTOR('',#8617,10.);
#2732=VECTOR('',#8618,10.);
#2733=VECTOR('',#8619,10.);
#2734=VECTOR('',#8620,10.);
#2735=VECTOR('',#8623,10.);
#2736=VECTOR('',#8624,10.);
#2737=VECTOR('',#8625,10.);
#2738=VECTOR('',#8626,10.);
#2739=VECTOR('',#8627,10.);
#2740=VECTOR('',#8628,10.);
#2741=VECTOR('',#8629,10.);
#2742=VECTOR('',#8630,10.);
#2743=VECTOR('',#8631,10.);
#2744=VECTOR('',#8632,10.);
#2745=VECTOR('',#8633,10.);
#2746=VECTOR('',#8634,10.);
#2747=VECTOR('',#8635,10.);
#2748=VECTOR('',#8636,10.);
#2749=VECTOR('',#8637,10.);
#2750=VECTOR('',#8638,10.);
#2751=VECTOR('',#8639,10.);
#2752=VECTOR('',#8640,10.);
#2753=VECTOR('',#8641,10.);
#2754=VECTOR('',#8642,10.);
#2755=VECTOR('',#8643,10.);
#2756=VECTOR('',#8646,10.);
#2757=VECTOR('',#8647,10.);
#2758=VECTOR('',#8654,10.);
#2759=VECTOR('',#8655,10.);
#2760=VECTOR('',#8656,10.);
#2761=VECTOR('',#8657,10.);
#2762=VECTOR('',#8660,10.);
#2763=VECTOR('',#8661,10.);
#2764=VECTOR('',#8662,10.);
#2765=VECTOR('',#8665,10.);
#2766=VECTOR('',#8666,10.);
#2767=VECTOR('',#8667,10.);
#2768=VECTOR('',#8670,10.);
#2769=VECTOR('',#8671,10.);
#2770=VECTOR('',#8674,10.);
#2771=VECTOR('',#8675,10.);
#2772=VECTOR('',#8676,10.);
#2773=VECTOR('',#8677,10.);
#2774=VECTOR('',#8680,10.);
#2775=VECTOR('',#8681,10.);
#2776=VECTOR('',#8682,10.);
#2777=VECTOR('',#8685,10.);
#2778=VECTOR('',#8686,10.);
#2779=VECTOR('',#8687,10.);
#2780=VECTOR('',#8690,10.);
#2781=VECTOR('',#8691,10.);
#2782=VECTOR('',#8696,10.);
#2783=VECTOR('',#8697,10.);
#2784=VECTOR('',#8698,10.);
#2785=VECTOR('',#8701,10.);
#2786=VECTOR('',#8702,10.);
#2787=VECTOR('',#8703,10.);
#2788=VECTOR('',#8706,10.);
#2789=VECTOR('',#8707,10.);
#2790=VECTOR('',#8708,10.);
#2791=VECTOR('',#8711,10.);
#2792=VECTOR('',#8712,10.);
#2793=VECTOR('',#8713,10.);
#2794=VECTOR('',#8714,10.);
#2795=VECTOR('',#8715,10.);
#2796=VECTOR('',#8718,10.);
#2797=VECTOR('',#8719,10.);
#2798=VECTOR('',#8720,10.);
#2799=VECTOR('',#8723,10.);
#2800=VECTOR('',#8724,10.);
#2801=VECTOR('',#8725,10.);
#2802=VECTOR('',#8728,10.);
#2803=VECTOR('',#8729,10.);
#2804=VECTOR('',#8730,10.);
#2805=VECTOR('',#8731,10.);
#2806=VECTOR('',#8732,10.);
#2807=VECTOR('',#8733,10.);
#2808=VECTOR('',#8734,10.);
#2809=VECTOR('',#8735,10.);
#2810=VECTOR('',#8738,10.);
#2811=VECTOR('',#8739,10.);
#2812=VECTOR('',#8740,10.);
#2813=VECTOR('',#8741,10.);
#2814=VECTOR('',#8742,10.);
#2815=VECTOR('',#8743,10.);
#2816=VECTOR('',#8744,10.);
#2817=VECTOR('',#8745,10.);
#2818=VECTOR('',#8748,10.);
#2819=VECTOR('',#8749,10.);
#2820=VECTOR('',#8750,10.);
#2821=VECTOR('',#8751,10.);
#2822=VECTOR('',#8752,10.);
#2823=VECTOR('',#8753,10.);
#2824=VECTOR('',#8754,10.);
#2825=VECTOR('',#8755,10.);
#2826=VECTOR('',#8758,10.);
#2827=VECTOR('',#8759,10.);
#2828=VECTOR('',#8760,10.);
#2829=VECTOR('',#8763,10.);
#2830=VECTOR('',#8764,10.);
#2831=VECTOR('',#8765,10.);
#2832=VECTOR('',#8768,10.);
#2833=VECTOR('',#8769,10.);
#2834=VECTOR('',#8770,10.);
#2835=VECTOR('',#8771,10.);
#2836=VECTOR('',#8772,10.);
#2837=VECTOR('',#8775,10.);
#2838=VECTOR('',#8776,10.);
#2839=VECTOR('',#8777,10.);
#2840=VECTOR('',#8780,10.);
#2841=VECTOR('',#8781,10.);
#2842=VECTOR('',#8782,10.);
#2843=VECTOR('',#8785,10.);
#2844=VECTOR('',#8786,10.);
#2845=VECTOR('',#8787,10.);
#2846=VERTEX_POINT('',#8794);
#2847=VERTEX_POINT('',#8795);
#2848=VERTEX_POINT('',#8797);
#2849=VERTEX_POINT('',#8799);
#2850=VERTEX_POINT('',#8803);
#2851=VERTEX_POINT('',#8805);
#2852=VERTEX_POINT('',#8809);
#2853=VERTEX_POINT('',#8811);
#2854=VERTEX_POINT('',#8815);
#2855=VERTEX_POINT('',#8817);
#2856=VERTEX_POINT('',#8821);
#2857=VERTEX_POINT('',#8823);
#2858=VERTEX_POINT('',#8831);
#2859=VERTEX_POINT('',#8833);
#2860=VERTEX_POINT('',#8838);
#2861=VERTEX_POINT('',#8840);
#2862=VERTEX_POINT('',#8845);
#2863=VERTEX_POINT('',#8847);
#2864=VERTEX_POINT('',#8852);
#2865=VERTEX_POINT('',#8854);
#2866=VERTEX_POINT('',#8859);
#2867=VERTEX_POINT('',#8860);
#2868=VERTEX_POINT('',#8862);
#2869=VERTEX_POINT('',#8864);
#2870=VERTEX_POINT('',#8868);
#2871=VERTEX_POINT('',#8870);
#2872=VERTEX_POINT('',#8874);
#2873=VERTEX_POINT('',#8876);
#2874=VERTEX_POINT('',#8880);
#2875=VERTEX_POINT('',#8882);
#2876=VERTEX_POINT('',#8886);
#2877=VERTEX_POINT('',#8888);
#2878=VERTEX_POINT('',#8892);
#2879=VERTEX_POINT('',#8894);
#2880=VERTEX_POINT('',#8898);
#2881=VERTEX_POINT('',#8900);
#2882=VERTEX_POINT('',#8904);
#2883=VERTEX_POINT('',#8906);
#2884=VERTEX_POINT('',#8910);
#2885=VERTEX_POINT('',#8912);
#2886=VERTEX_POINT('',#8916);
#2887=VERTEX_POINT('',#8918);
#2888=VERTEX_POINT('',#8925);
#2889=VERTEX_POINT('',#8926);
#2890=VERTEX_POINT('',#8928);
#2891=VERTEX_POINT('',#8930);
#2892=VERTEX_POINT('',#8934);
#2893=VERTEX_POINT('',#8936);
#2894=VERTEX_POINT('',#8940);
#2895=VERTEX_POINT('',#8942);
#2896=VERTEX_POINT('',#8946);
#2897=VERTEX_POINT('',#8948);
#2898=VERTEX_POINT('',#8952);
#2899=VERTEX_POINT('',#8954);
#2900=VERTEX_POINT('',#8958);
#2901=VERTEX_POINT('',#8960);
#2902=VERTEX_POINT('',#8964);
#2903=VERTEX_POINT('',#8966);
#2904=VERTEX_POINT('',#8975);
#2905=VERTEX_POINT('',#8976);
#2906=VERTEX_POINT('',#8978);
#2907=VERTEX_POINT('',#8980);
#2908=VERTEX_POINT('',#8984);
#2909=VERTEX_POINT('',#8986);
#2910=VERTEX_POINT('',#8990);
#2911=VERTEX_POINT('',#8992);
#2912=VERTEX_POINT('',#8999);
#2913=VERTEX_POINT('',#9000);
#2914=VERTEX_POINT('',#9002);
#2915=VERTEX_POINT('',#9004);
#2916=VERTEX_POINT('',#9008);
#2917=VERTEX_POINT('',#9010);
#2918=VERTEX_POINT('',#9014);
#2919=VERTEX_POINT('',#9016);
#2920=VERTEX_POINT('',#9020);
#2921=VERTEX_POINT('',#9022);
#2922=VERTEX_POINT('',#9026);
#2923=VERTEX_POINT('',#9028);
#2924=VERTEX_POINT('',#9042);
#2925=VERTEX_POINT('',#9043);
#2926=VERTEX_POINT('',#9047);
#2927=VERTEX_POINT('',#9049);
#2928=VERTEX_POINT('',#9055);
#2929=VERTEX_POINT('',#9057);
#2930=VERTEX_POINT('',#9066);
#2931=VERTEX_POINT('',#9070);
#2932=VERTEX_POINT('',#9081);
#2933=VERTEX_POINT('',#9085);
#2934=VERTEX_POINT('',#9096);
#2935=VERTEX_POINT('',#9100);
#2936=VERTEX_POINT('',#9111);
#2937=VERTEX_POINT('',#9115);
#2938=VERTEX_POINT('',#9121);
#2939=VERTEX_POINT('',#9123);
#2940=VERTEX_POINT('',#9127);
#2941=VERTEX_POINT('',#9129);
#2942=VERTEX_POINT('',#9133);
#2943=VERTEX_POINT('',#9135);
#2944=VERTEX_POINT('',#9139);
#2945=VERTEX_POINT('',#9141);
#2946=VERTEX_POINT('',#9145);
#2947=VERTEX_POINT('',#9147);
#2948=VERTEX_POINT('',#9151);
#2949=VERTEX_POINT('',#9153);
#2950=VERTEX_POINT('',#9157);
#2951=VERTEX_POINT('',#9159);
#2952=VERTEX_POINT('',#9163);
#2953=VERTEX_POINT('',#9165);
#2954=VERTEX_POINT('',#9169);
#2955=VERTEX_POINT('',#9171);
#2956=VERTEX_POINT('',#9175);
#2957=VERTEX_POINT('',#9177);
#2958=VERTEX_POINT('',#9181);
#2959=VERTEX_POINT('',#9183);
#2960=VERTEX_POINT('',#9192);
#2961=VERTEX_POINT('',#9196);
#2962=VERTEX_POINT('',#9207);
#2963=VERTEX_POINT('',#9211);
#2964=VERTEX_POINT('',#9236);
#2965=VERTEX_POINT('',#9237);
#2966=VERTEX_POINT('',#9241);
#2967=VERTEX_POINT('',#9243);
#2968=VERTEX_POINT('',#9254);
#2969=VERTEX_POINT('',#9258);
#2970=VERTEX_POINT('',#9269);
#2971=VERTEX_POINT('',#9273);
#2972=VERTEX_POINT('',#9284);
#2973=VERTEX_POINT('',#9288);
#2974=VERTEX_POINT('',#9299);
#2975=VERTEX_POINT('',#9303);
#2976=VERTEX_POINT('',#9314);
#2977=VERTEX_POINT('',#9318);
#2978=VERTEX_POINT('',#9329);
#2979=VERTEX_POINT('',#9333);
#2980=VERTEX_POINT('',#9351);
#2981=VERTEX_POINT('',#9352);
#2982=VERTEX_POINT('',#9354);
#2983=VERTEX_POINT('',#9356);
#2984=VERTEX_POINT('',#9360);
#2985=VERTEX_POINT('',#9362);
#2986=VERTEX_POINT('',#9366);
#2987=VERTEX_POINT('',#9368);
#2988=VERTEX_POINT('',#9372);
#2989=VERTEX_POINT('',#9374);
#2990=VERTEX_POINT('',#9383);
#2991=VERTEX_POINT('',#9387);
#2992=VERTEX_POINT('',#9398);
#2993=VERTEX_POINT('',#9402);
#2994=VERTEX_POINT('',#9413);
#2995=VERTEX_POINT('',#9417);
#2996=VERTEX_POINT('',#9428);
#2997=VERTEX_POINT('',#9432);
#2998=VERTEX_POINT('',#9443);
#2999=VERTEX_POINT('',#9447);
#3000=VERTEX_POINT('',#9458);
#3001=VERTEX_POINT('',#9462);
#3002=VERTEX_POINT('',#9473);
#3003=VERTEX_POINT('',#9477);
#3004=VERTEX_POINT('',#9488);
#3005=VERTEX_POINT('',#9492);
#3006=VERTEX_POINT('',#9503);
#3007=VERTEX_POINT('',#9507);
#3008=VERTEX_POINT('',#9518);
#3009=VERTEX_POINT('',#9522);
#3010=VERTEX_POINT('',#9533);
#3011=VERTEX_POINT('',#9534);
#3012=VERTEX_POINT('',#9536);
#3013=VERTEX_POINT('',#9538);
#3014=VERTEX_POINT('',#9542);
#3015=VERTEX_POINT('',#9544);
#3016=VERTEX_POINT('',#9548);
#3017=VERTEX_POINT('',#9550);
#3018=VERTEX_POINT('',#9559);
#3019=VERTEX_POINT('',#9560);
#3020=VERTEX_POINT('',#9562);
#3021=VERTEX_POINT('',#9564);
#3022=VERTEX_POINT('',#9568);
#3023=VERTEX_POINT('',#9570);
#3024=VERTEX_POINT('',#9574);
#3025=VERTEX_POINT('',#9576);
#3026=VERTEX_POINT('',#9585);
#3027=VERTEX_POINT('',#9586);
#3028=VERTEX_POINT('',#9588);
#3029=VERTEX_POINT('',#9590);
#3030=VERTEX_POINT('',#9594);
#3031=VERTEX_POINT('',#9596);
#3032=VERTEX_POINT('',#9600);
#3033=VERTEX_POINT('',#9602);
#3034=VERTEX_POINT('',#9616);
#3035=VERTEX_POINT('',#9617);
#3036=VERTEX_POINT('',#9621);
#3037=VERTEX_POINT('',#9623);
#3038=VERTEX_POINT('',#9629);
#3039=VERTEX_POINT('',#9631);
#3040=VERTEX_POINT('',#9640);
#3041=VERTEX_POINT('',#9644);
#3042=VERTEX_POINT('',#9655);
#3043=VERTEX_POINT('',#9659);
#3044=VERTEX_POINT('',#9670);
#3045=VERTEX_POINT('',#9674);
#3046=VERTEX_POINT('',#9685);
#3047=VERTEX_POINT('',#9689);
#3048=VERTEX_POINT('',#9700);
#3049=VERTEX_POINT('',#9704);
#3050=VERTEX_POINT('',#9715);
#3051=VERTEX_POINT('',#9719);
#3052=VERTEX_POINT('',#9730);
#3053=VERTEX_POINT('',#9734);
#3054=VERTEX_POINT('',#9745);
#3055=VERTEX_POINT('',#9749);
#3056=VERTEX_POINT('',#9760);
#3057=VERTEX_POINT('',#9764);
#3058=VERTEX_POINT('',#9775);
#3059=VERTEX_POINT('',#9779);
#3060=VERTEX_POINT('',#9790);
#3061=VERTEX_POINT('',#9794);
#3062=VERTEX_POINT('',#9805);
#3063=VERTEX_POINT('',#9809);
#3064=VERTEX_POINT('',#9820);
#3065=VERTEX_POINT('',#9824);
#3066=VERTEX_POINT('',#9835);
#3067=VERTEX_POINT('',#9839);
#3068=VERTEX_POINT('',#9850);
#3069=VERTEX_POINT('',#9854);
#3070=VERTEX_POINT('',#9865);
#3071=VERTEX_POINT('',#9869);
#3072=VERTEX_POINT('',#9880);
#3073=VERTEX_POINT('',#9884);
#3074=VERTEX_POINT('',#9895);
#3075=VERTEX_POINT('',#9899);
#3076=VERTEX_POINT('',#9905);
#3077=VERTEX_POINT('',#9907);
#3078=VERTEX_POINT('',#9916);
#3079=VERTEX_POINT('',#9920);
#3080=VERTEX_POINT('',#9931);
#3081=VERTEX_POINT('',#9935);
#3082=VERTEX_POINT('',#9946);
#3083=VERTEX_POINT('',#9950);
#3084=VERTEX_POINT('',#9961);
#3085=VERTEX_POINT('',#9965);
#3086=VERTEX_POINT('',#9976);
#3087=VERTEX_POINT('',#9980);
#3088=VERTEX_POINT('',#9991);
#3089=VERTEX_POINT('',#9995);
#3090=VERTEX_POINT('',#10006);
#3091=VERTEX_POINT('',#10010);
#3092=VERTEX_POINT('',#10021);
#3093=VERTEX_POINT('',#10025);
#3094=VERTEX_POINT('',#10036);
#3095=VERTEX_POINT('',#10040);
#3096=VERTEX_POINT('',#10051);
#3097=VERTEX_POINT('',#10055);
#3098=VERTEX_POINT('',#10066);
#3099=VERTEX_POINT('',#10070);
#3100=VERTEX_POINT('',#10081);
#3101=VERTEX_POINT('',#10085);
#3102=VERTEX_POINT('',#10096);
#3103=VERTEX_POINT('',#10100);
#3104=VERTEX_POINT('',#10120);
#3105=VERTEX_POINT('',#10121);
#3106=VERTEX_POINT('',#10123);
#3107=VERTEX_POINT('',#10125);
#3108=VERTEX_POINT('',#10129);
#3109=VERTEX_POINT('',#10131);
#3110=VERTEX_POINT('',#10135);
#3111=VERTEX_POINT('',#10137);
#3112=VERTEX_POINT('',#10151);
#3113=VERTEX_POINT('',#10152);
#3114=VERTEX_POINT('',#10156);
#3115=VERTEX_POINT('',#10158);
#3116=VERTEX_POINT('',#10164);
#3117=VERTEX_POINT('',#10166);
#3118=VERTEX_POINT('',#10175);
#3119=VERTEX_POINT('',#10179);
#3120=VERTEX_POINT('',#10190);
#3121=VERTEX_POINT('',#10194);
#3122=VERTEX_POINT('',#10205);
#3123=VERTEX_POINT('',#10209);
#3124=VERTEX_POINT('',#10220);
#3125=VERTEX_POINT('',#10224);
#3126=VERTEX_POINT('',#10235);
#3127=VERTEX_POINT('',#10239);
#3128=VERTEX_POINT('',#10245);
#3129=VERTEX_POINT('',#10247);
#3130=VERTEX_POINT('',#10251);
#3131=VERTEX_POINT('',#10253);
#3132=VERTEX_POINT('',#10257);
#3133=VERTEX_POINT('',#10259);
#3134=VERTEX_POINT('',#10268);
#3135=VERTEX_POINT('',#10272);
#3136=VERTEX_POINT('',#10283);
#3137=VERTEX_POINT('',#10287);
#3138=VERTEX_POINT('',#10293);
#3139=VERTEX_POINT('',#10295);
#3140=VERTEX_POINT('',#10299);
#3141=VERTEX_POINT('',#10301);
#3142=VERTEX_POINT('',#10305);
#3143=VERTEX_POINT('',#10307);
#3144=VERTEX_POINT('',#10316);
#3145=VERTEX_POINT('',#10320);
#3146=VERTEX_POINT('',#10331);
#3147=VERTEX_POINT('',#10335);
#3148=VERTEX_POINT('',#10360);
#3149=VERTEX_POINT('',#10361);
#3150=VERTEX_POINT('',#10365);
#3151=VERTEX_POINT('',#10367);
#3152=VERTEX_POINT('',#10378);
#3153=VERTEX_POINT('',#10382);
#3154=VERTEX_POINT('',#10388);
#3155=VERTEX_POINT('',#10390);
#3156=VERTEX_POINT('',#10394);
#3157=VERTEX_POINT('',#10396);
#3158=VERTEX_POINT('',#10400);
#3159=VERTEX_POINT('',#10402);
#3160=VERTEX_POINT('',#10406);
#3161=VERTEX_POINT('',#10408);
#3162=VERTEX_POINT('',#10412);
#3163=VERTEX_POINT('',#10414);
#3164=VERTEX_POINT('',#10418);
#3165=VERTEX_POINT('',#10420);
#3166=VERTEX_POINT('',#10424);
#3167=VERTEX_POINT('',#10426);
#3168=VERTEX_POINT('',#10430);
#3169=VERTEX_POINT('',#10432);
#3170=VERTEX_POINT('',#10436);
#3171=VERTEX_POINT('',#10438);
#3172=VERTEX_POINT('',#10442);
#3173=VERTEX_POINT('',#10444);
#3174=VERTEX_POINT('',#10448);
#3175=VERTEX_POINT('',#10450);
#3176=VERTEX_POINT('',#10459);
#3177=VERTEX_POINT('',#10463);
#3178=VERTEX_POINT('',#10474);
#3179=VERTEX_POINT('',#10478);
#3180=VERTEX_POINT('',#10489);
#3181=VERTEX_POINT('',#10493);
#3182=VERTEX_POINT('',#10504);
#3183=VERTEX_POINT('',#10508);
#3184=VERTEX_POINT('',#10514);
#3185=VERTEX_POINT('',#10516);
#3186=VERTEX_POINT('',#10525);
#3187=VERTEX_POINT('',#10529);
#3188=VERTEX_POINT('',#10554);
#3189=VERTEX_POINT('',#10555);
#3190=VERTEX_POINT('',#10560);
#3191=VERTEX_POINT('',#10562);
#3192=VERTEX_POINT('',#10576);
#3193=VERTEX_POINT('',#10581);
#3194=VERTEX_POINT('',#10595);
#3195=VERTEX_POINT('',#10600);
#3196=VERTEX_POINT('',#10620);
#3197=VERTEX_POINT('',#10628);
#3198=VERTEX_POINT('',#10638);
#3199=VERTEX_POINT('',#10640);
#3200=VERTEX_POINT('',#10657);
#3201=VERTEX_POINT('',#10665);
#3202=VERTEX_POINT('',#10682);
#3203=VERTEX_POINT('',#10687);
#3204=VERTEX_POINT('',#10701);
#3205=VERTEX_POINT('',#10706);
#3206=VERTEX_POINT('',#10720);
#3207=VERTEX_POINT('',#10725);
#3208=VERTEX_POINT('',#10732);
#3209=VERTEX_POINT('',#10734);
#3210=VERTEX_POINT('',#10738);
#3211=VERTEX_POINT('',#10740);
#3212=VERTEX_POINT('',#10744);
#3213=VERTEX_POINT('',#10746);
#3214=VERTEX_POINT('',#10750);
#3215=VERTEX_POINT('',#10752);
#3216=VERTEX_POINT('',#10756);
#3217=VERTEX_POINT('',#10758);
#3218=VERTEX_POINT('',#10762);
#3219=VERTEX_POINT('',#10764);
#3220=VERTEX_POINT('',#10768);
#3221=VERTEX_POINT('',#10770);
#3222=VERTEX_POINT('',#10774);
#3223=VERTEX_POINT('',#10776);
#3224=VERTEX_POINT('',#10780);
#3225=VERTEX_POINT('',#10782);
#3226=VERTEX_POINT('',#10786);
#3227=VERTEX_POINT('',#10788);
#3228=VERTEX_POINT('',#10802);
#3229=VERTEX_POINT('',#10803);
#3230=VERTEX_POINT('',#10807);
#3231=VERTEX_POINT('',#10809);
#3232=VERTEX_POINT('',#10820);
#3233=VERTEX_POINT('',#10824);
#3234=VERTEX_POINT('',#10835);
#3235=VERTEX_POINT('',#10839);
#3236=VERTEX_POINT('',#10850);
#3237=VERTEX_POINT('',#10854);
#3238=VERTEX_POINT('',#10865);
#3239=VERTEX_POINT('',#10869);
#3240=VERTEX_POINT('',#10880);
#3241=VERTEX_POINT('',#10884);
#3242=VERTEX_POINT('',#10895);
#3243=VERTEX_POINT('',#10899);
#3244=VERTEX_POINT('',#10910);
#3245=VERTEX_POINT('',#10914);
#3246=VERTEX_POINT('',#10925);
#3247=VERTEX_POINT('',#10929);
#3248=VERTEX_POINT('',#10940);
#3249=VERTEX_POINT('',#10944);
#3250=VERTEX_POINT('',#10950);
#3251=VERTEX_POINT('',#10952);
#3252=VERTEX_POINT('',#10956);
#3253=VERTEX_POINT('',#10958);
#3254=VERTEX_POINT('',#10962);
#3255=VERTEX_POINT('',#10964);
#3256=VERTEX_POINT('',#10968);
#3257=VERTEX_POINT('',#10970);
#3258=VERTEX_POINT('',#10984);
#3259=VERTEX_POINT('',#10985);
#3260=VERTEX_POINT('',#10990);
#3261=VERTEX_POINT('',#10992);
#3262=VERTEX_POINT('',#11006);
#3263=VERTEX_POINT('',#11011);
#3264=VERTEX_POINT('',#11025);
#3265=VERTEX_POINT('',#11030);
#3266=VERTEX_POINT('',#11044);
#3267=VERTEX_POINT('',#11049);
#3268=VERTEX_POINT('',#11063);
#3269=VERTEX_POINT('',#11068);
#3270=VERTEX_POINT('',#11082);
#3271=VERTEX_POINT('',#11087);
#3272=VERTEX_POINT('',#11101);
#3273=VERTEX_POINT('',#11106);
#3274=VERTEX_POINT('',#11113);
#3275=VERTEX_POINT('',#11115);
#3276=VERTEX_POINT('',#11119);
#3277=VERTEX_POINT('',#11121);
#3278=VERTEX_POINT('',#11125);
#3279=VERTEX_POINT('',#11127);
#3280=VERTEX_POINT('',#11131);
#3281=VERTEX_POINT('',#11133);
#3282=VERTEX_POINT('',#11137);
#3283=VERTEX_POINT('',#11139);
#3284=VERTEX_POINT('',#11150);
#3285=VERTEX_POINT('',#11155);
#3286=VERTEX_POINT('',#11169);
#3287=VERTEX_POINT('',#11174);
#3288=VERTEX_POINT('',#11199);
#3289=VERTEX_POINT('',#11200);
#3290=VERTEX_POINT('',#11202);
#3291=VERTEX_POINT('',#11204);
#3292=VERTEX_POINT('',#11208);
#3293=VERTEX_POINT('',#11210);
#3294=VERTEX_POINT('',#11214);
#3295=VERTEX_POINT('',#11216);
#3296=VERTEX_POINT('',#11223);
#3297=VERTEX_POINT('',#11224);
#3298=VERTEX_POINT('',#11226);
#3299=VERTEX_POINT('',#11228);
#3300=VERTEX_POINT('',#11232);
#3301=VERTEX_POINT('',#11234);
#3302=VERTEX_POINT('',#11238);
#3303=VERTEX_POINT('',#11240);
#3304=VERTEX_POINT('',#11249);
#3305=VERTEX_POINT('',#11250);
#3306=VERTEX_POINT('',#11252);
#3307=VERTEX_POINT('',#11254);
#3308=VERTEX_POINT('',#11258);
#3309=VERTEX_POINT('',#11260);
#3310=VERTEX_POINT('',#11264);
#3311=VERTEX_POINT('',#11266);
#3312=VERTEX_POINT('',#11273);
#3313=VERTEX_POINT('',#11274);
#3314=VERTEX_POINT('',#11276);
#3315=VERTEX_POINT('',#11278);
#3316=VERTEX_POINT('',#11282);
#3317=VERTEX_POINT('',#11284);
#3318=VERTEX_POINT('',#11288);
#3319=VERTEX_POINT('',#11290);
#3320=VERTEX_POINT('',#11299);
#3321=VERTEX_POINT('',#11300);
#3322=VERTEX_POINT('',#11302);
#3323=VERTEX_POINT('',#11304);
#3324=VERTEX_POINT('',#11308);
#3325=VERTEX_POINT('',#11310);
#3326=VERTEX_POINT('',#11314);
#3327=VERTEX_POINT('',#11316);
#3328=VERTEX_POINT('',#11323);
#3329=VERTEX_POINT('',#11324);
#3330=VERTEX_POINT('',#11326);
#3331=VERTEX_POINT('',#11328);
#3332=VERTEX_POINT('',#11332);
#3333=VERTEX_POINT('',#11334);
#3334=VERTEX_POINT('',#11338);
#3335=VERTEX_POINT('',#11340);
#3336=VERTEX_POINT('',#11354);
#3337=VERTEX_POINT('',#11355);
#3338=VERTEX_POINT('',#11359);
#3339=VERTEX_POINT('',#11361);
#3340=VERTEX_POINT('',#11372);
#3341=VERTEX_POINT('',#11376);
#3342=VERTEX_POINT('',#11387);
#3343=VERTEX_POINT('',#11391);
#3344=VERTEX_POINT('',#11402);
#3345=VERTEX_POINT('',#11406);
#3346=VERTEX_POINT('',#11417);
#3347=VERTEX_POINT('',#11421);
#3348=VERTEX_POINT('',#11432);
#3349=VERTEX_POINT('',#11436);
#3350=VERTEX_POINT('',#11447);
#3351=VERTEX_POINT('',#11451);
#3352=VERTEX_POINT('',#11462);
#3353=VERTEX_POINT('',#11466);
#3354=VERTEX_POINT('',#11477);
#3355=VERTEX_POINT('',#11481);
#3356=VERTEX_POINT('',#11492);
#3357=VERTEX_POINT('',#11496);
#3358=VERTEX_POINT('',#11507);
#3359=VERTEX_POINT('',#11511);
#3360=VERTEX_POINT('',#11522);
#3361=VERTEX_POINT('',#11526);
#3362=VERTEX_POINT('',#11537);
#3363=VERTEX_POINT('',#11541);
#3364=VERTEX_POINT('',#11547);
#3365=VERTEX_POINT('',#11549);
#3366=VERTEX_POINT('',#11558);
#3367=VERTEX_POINT('',#11562);
#3368=VERTEX_POINT('',#11573);
#3369=VERTEX_POINT('',#11577);
#3370=VERTEX_POINT('',#11588);
#3371=VERTEX_POINT('',#11592);
#3372=VERTEX_POINT('',#11603);
#3373=VERTEX_POINT('',#11607);
#3374=VERTEX_POINT('',#11618);
#3375=VERTEX_POINT('',#11622);
#3376=VERTEX_POINT('',#11633);
#3377=VERTEX_POINT('',#11637);
#3378=VERTEX_POINT('',#11648);
#3379=VERTEX_POINT('',#11652);
#3380=VERTEX_POINT('',#11663);
#3381=VERTEX_POINT('',#11667);
#3382=VERTEX_POINT('',#11678);
#3383=VERTEX_POINT('',#11682);
#3384=VERTEX_POINT('',#11693);
#3385=VERTEX_POINT('',#11697);
#3386=VERTEX_POINT('',#11708);
#3387=VERTEX_POINT('',#11712);
#3388=VERTEX_POINT('',#11723);
#3389=VERTEX_POINT('',#11727);
#3390=VERTEX_POINT('',#11738);
#3391=VERTEX_POINT('',#11742);
#3392=VERTEX_POINT('',#11753);
#3393=VERTEX_POINT('',#11757);
#3394=VERTEX_POINT('',#11768);
#3395=VERTEX_POINT('',#11772);
#3396=VERTEX_POINT('',#11783);
#3397=VERTEX_POINT('',#11787);
#3398=VERTEX_POINT('',#11798);
#3399=VERTEX_POINT('',#11802);
#3400=VERTEX_POINT('',#11813);
#3401=VERTEX_POINT('',#11817);
#3402=VERTEX_POINT('',#11823);
#3403=VERTEX_POINT('',#11825);
#3404=VERTEX_POINT('',#11834);
#3405=VERTEX_POINT('',#11838);
#3406=VERTEX_POINT('',#11869);
#3407=VERTEX_POINT('',#11870);
#3408=VERTEX_POINT('',#11878);
#3409=VERTEX_POINT('',#11880);
#3410=VERTEX_POINT('',#11897);
#3411=VERTEX_POINT('',#11902);
#3412=VERTEX_POINT('',#11916);
#3413=VERTEX_POINT('',#11921);
#3414=VERTEX_POINT('',#11935);
#3415=VERTEX_POINT('',#11940);
#3416=VERTEX_POINT('',#11960);
#3417=VERTEX_POINT('',#11968);
#3418=VERTEX_POINT('',#11991);
#3419=VERTEX_POINT('',#11999);
#3420=VERTEX_POINT('',#12022);
#3421=VERTEX_POINT('',#12030);
#3422=VERTEX_POINT('',#12053);
#3423=VERTEX_POINT('',#12061);
#3424=VERTEX_POINT('',#12078);
#3425=VERTEX_POINT('',#12083);
#3426=VERTEX_POINT('',#12097);
#3427=VERTEX_POINT('',#12102);
#3428=VERTEX_POINT('',#12116);
#3429=VERTEX_POINT('',#12121);
#3430=VERTEX_POINT('',#12135);
#3431=VERTEX_POINT('',#12140);
#3432=VERTEX_POINT('',#12154);
#3433=VERTEX_POINT('',#12159);
#3434=VERTEX_POINT('',#12173);
#3435=VERTEX_POINT('',#12178);
#3436=VERTEX_POINT('',#12198);
#3437=VERTEX_POINT('',#12206);
#3438=VERTEX_POINT('',#12216);
#3439=VERTEX_POINT('',#12218);
#3440=VERTEX_POINT('',#12235);
#3441=VERTEX_POINT('',#12243);
#3442=VERTEX_POINT('',#12260);
#3443=VERTEX_POINT('',#12265);
#3444=VERTEX_POINT('',#12279);
#3445=VERTEX_POINT('',#12284);
#3446=VERTEX_POINT('',#12298);
#3447=VERTEX_POINT('',#12303);
#3448=VERTEX_POINT('',#12317);
#3449=VERTEX_POINT('',#12322);
#3450=VERTEX_POINT('',#12336);
#3451=VERTEX_POINT('',#12341);
#3452=VERTEX_POINT('',#12355);
#3453=VERTEX_POINT('',#12360);
#3454=VERTEX_POINT('',#12380);
#3455=VERTEX_POINT('',#12388);
#3456=VERTEX_POINT('',#12411);
#3457=VERTEX_POINT('',#12419);
#3458=VERTEX_POINT('',#12436);
#3459=VERTEX_POINT('',#12441);
#3460=VERTEX_POINT('',#12455);
#3461=VERTEX_POINT('',#12460);
#3462=VERTEX_POINT('',#12474);
#3463=VERTEX_POINT('',#12479);
#3464=VERTEX_POINT('',#12493);
#3465=VERTEX_POINT('',#12498);
#3466=VERTEX_POINT('',#12512);
#3467=VERTEX_POINT('',#12517);
#3468=VERTEX_POINT('',#12531);
#3469=VERTEX_POINT('',#12536);
#3470=VERTEX_POINT('',#12550);
#3471=VERTEX_POINT('',#12555);
#3472=VERTEX_POINT('',#12569);
#3473=VERTEX_POINT('',#12574);
#3474=VERTEX_POINT('',#12594);
#3475=VERTEX_POINT('',#12602);
#3476=VERTEX_POINT('',#12617);
#3477=VERTEX_POINT('',#12618);
#3478=VERTEX_POINT('',#12620);
#3479=VERTEX_POINT('',#12622);
#3480=VERTEX_POINT('',#12626);
#3481=VERTEX_POINT('',#12628);
#3482=VERTEX_POINT('',#12632);
#3483=VERTEX_POINT('',#12634);
#3484=VERTEX_POINT('',#12641);
#3485=VERTEX_POINT('',#12642);
#3486=VERTEX_POINT('',#12644);
#3487=VERTEX_POINT('',#12646);
#3488=VERTEX_POINT('',#12650);
#3489=VERTEX_POINT('',#12652);
#3490=VERTEX_POINT('',#12656);
#3491=VERTEX_POINT('',#12658);
#3492=VERTEX_POINT('',#12672);
#3493=VERTEX_POINT('',#12673);
#3494=VERTEX_POINT('',#12677);
#3495=VERTEX_POINT('',#12679);
#3496=VERTEX_POINT('',#12690);
#3497=VERTEX_POINT('',#12694);
#3498=VERTEX_POINT('',#12700);
#3499=VERTEX_POINT('',#12702);
#3500=VERTEX_POINT('',#12706);
#3501=VERTEX_POINT('',#12708);
#3502=VERTEX_POINT('',#12712);
#3503=VERTEX_POINT('',#12714);
#3504=VERTEX_POINT('',#12723);
#3505=VERTEX_POINT('',#12727);
#3506=VERTEX_POINT('',#12738);
#3507=VERTEX_POINT('',#12742);
#3508=VERTEX_POINT('',#12748);
#3509=VERTEX_POINT('',#12750);
#3510=VERTEX_POINT('',#12754);
#3511=VERTEX_POINT('',#12756);
#3512=VERTEX_POINT('',#12760);
#3513=VERTEX_POINT('',#12762);
#3514=VERTEX_POINT('',#12771);
#3515=VERTEX_POINT('',#12775);
#3516=VERTEX_POINT('',#12786);
#3517=VERTEX_POINT('',#12790);
#3518=VERTEX_POINT('',#12801);
#3519=VERTEX_POINT('',#12805);
#3520=VERTEX_POINT('',#12816);
#3521=VERTEX_POINT('',#12820);
#3522=VERTEX_POINT('',#12831);
#3523=VERTEX_POINT('',#12835);
#3524=VERTEX_POINT('',#12841);
#3525=VERTEX_POINT('',#12843);
#3526=VERTEX_POINT('',#12852);
#3527=VERTEX_POINT('',#12856);
#3528=VERTEX_POINT('',#12881);
#3529=VERTEX_POINT('',#12882);
#3530=VERTEX_POINT('',#12887);
#3531=VERTEX_POINT('',#12889);
#3532=VERTEX_POINT('',#12903);
#3533=VERTEX_POINT('',#12908);
#3534=VERTEX_POINT('',#12928);
#3535=VERTEX_POINT('',#12936);
#3536=VERTEX_POINT('',#12946);
#3537=VERTEX_POINT('',#12948);
#3538=VERTEX_POINT('',#12965);
#3539=VERTEX_POINT('',#12973);
#3540=VERTEX_POINT('',#12990);
#3541=VERTEX_POINT('',#12995);
#3542=VERTEX_POINT('',#13009);
#3543=VERTEX_POINT('',#13014);
#3544=VERTEX_POINT('',#13028);
#3545=VERTEX_POINT('',#13033);
#3546=VERTEX_POINT('',#13047);
#3547=VERTEX_POINT('',#13052);
#3548=VERTEX_POINT('',#13059);
#3549=VERTEX_POINT('',#13061);
#3550=VERTEX_POINT('',#13065);
#3551=VERTEX_POINT('',#13067);
#3552=VERTEX_POINT('',#13071);
#3553=VERTEX_POINT('',#13073);
#3554=VERTEX_POINT('',#13084);
#3555=VERTEX_POINT('',#13089);
#3556=VERTEX_POINT('',#13109);
#3557=VERTEX_POINT('',#13117);
#3558=VERTEX_POINT('',#13127);
#3559=VERTEX_POINT('',#13129);
#3560=VERTEX_POINT('',#13133);
#3561=VERTEX_POINT('',#13135);
#3562=VERTEX_POINT('',#13139);
#3563=VERTEX_POINT('',#13141);
#3564=EDGE_CURVE('',#2846,#2847,#1536,.T.);
#3565=EDGE_CURVE('',#2846,#2848,#1537,.T.);
#3566=EDGE_CURVE('',#2848,#2849,#1538,.T.);
#3567=EDGE_CURVE('',#2847,#2849,#1539,.T.);
#3568=EDGE_CURVE('',#2850,#2846,#1540,.T.);
#3569=EDGE_CURVE('',#2850,#2851,#1541,.T.);
#3570=EDGE_CURVE('',#2851,#2848,#1542,.T.);
#3571=EDGE_CURVE('',#2852,#2850,#1543,.T.);
#3572=EDGE_CURVE('',#2852,#2853,#1544,.T.);
#3573=EDGE_CURVE('',#2853,#2851,#1545,.T.);
#3574=EDGE_CURVE('',#2854,#2852,#658,.T.);
#3575=EDGE_CURVE('',#2854,#2855,#1546,.T.);
#3576=EDGE_CURVE('',#2855,#2853,#659,.T.);
#3577=EDGE_CURVE('',#2856,#2854,#1547,.T.);
#3578=EDGE_CURVE('',#2856,#2857,#1548,.T.);
#3579=EDGE_CURVE('',#2857,#2855,#1549,.T.);
#3580=EDGE_CURVE('',#2847,#2856,#660,.T.);
#3581=EDGE_CURVE('',#2849,#2857,#661,.T.);
#3582=EDGE_CURVE('',#2858,#2858,#662,.T.);
#3583=EDGE_CURVE('',#2858,#2859,#1550,.T.);
#3584=EDGE_CURVE('',#2859,#2859,#663,.T.);
#3585=EDGE_CURVE('',#2860,#2860,#664,.T.);
#3586=EDGE_CURVE('',#2860,#2861,#1551,.T.);
#3587=EDGE_CURVE('',#2861,#2861,#665,.T.);
#3588=EDGE_CURVE('',#2862,#2862,#666,.T.);
#3589=EDGE_CURVE('',#2862,#2863,#1552,.T.);
#3590=EDGE_CURVE('',#2863,#2863,#667,.T.);
#3591=EDGE_CURVE('',#2864,#2864,#668,.T.);
#3592=EDGE_CURVE('',#2864,#2865,#1553,.T.);
#3593=EDGE_CURVE('',#2865,#2865,#669,.T.);
#3594=EDGE_CURVE('',#2866,#2867,#1554,.T.);
#3595=EDGE_CURVE('',#2867,#2868,#1555,.T.);
#3596=EDGE_CURVE('',#2869,#2868,#1556,.T.);
#3597=EDGE_CURVE('',#2866,#2869,#1557,.T.);
#3598=EDGE_CURVE('',#2870,#2866,#670,.T.);
#3599=EDGE_CURVE('',#2871,#2869,#671,.T.);
#3600=EDGE_CURVE('',#2870,#2871,#1558,.T.);
#3601=EDGE_CURVE('',#2872,#2870,#1559,.T.);
#3602=EDGE_CURVE('',#2873,#2871,#1560,.T.);
#3603=EDGE_CURVE('',#2872,#2873,#1561,.T.);
#3604=EDGE_CURVE('',#2874,#2872,#1562,.T.);
#3605=EDGE_CURVE('',#2875,#2873,#1563,.T.);
#3606=EDGE_CURVE('',#2874,#2875,#1564,.T.);
#3607=EDGE_CURVE('',#2876,#2874,#672,.T.);
#3608=EDGE_CURVE('',#2877,#2875,#673,.T.);
#3609=EDGE_CURVE('',#2876,#2877,#1565,.T.);
#3610=EDGE_CURVE('',#2878,#2876,#1566,.T.);
#3611=EDGE_CURVE('',#2879,#2877,#1567,.T.);
#3612=EDGE_CURVE('',#2878,#2879,#1568,.T.);
#3613=EDGE_CURVE('',#2880,#2878,#674,.T.);
#3614=EDGE_CURVE('',#2881,#2879,#675,.T.);
#3615=EDGE_CURVE('',#2880,#2881,#1569,.T.);
#3616=EDGE_CURVE('',#2882,#2880,#1570,.T.);
#3617=EDGE_CURVE('',#2883,#2881,#1571,.T.);
#3618=EDGE_CURVE('',#2882,#2883,#1572,.T.);
#3619=EDGE_CURVE('',#2884,#2882,#676,.T.);
#3620=EDGE_CURVE('',#2885,#2883,#677,.T.);
#3621=EDGE_CURVE('',#2884,#2885,#1573,.T.);
#3622=EDGE_CURVE('',#2886,#2884,#1574,.T.);
#3623=EDGE_CURVE('',#2887,#2885,#1575,.T.);
#3624=EDGE_CURVE('',#2886,#2887,#1576,.T.);
#3625=EDGE_CURVE('',#2867,#2886,#678,.T.);
#3626=EDGE_CURVE('',#2868,#2887,#679,.T.);
#3627=EDGE_CURVE('',#2888,#2889,#1577,.T.);
#3628=EDGE_CURVE('',#2889,#2890,#1578,.T.);
#3629=EDGE_CURVE('',#2891,#2890,#1579,.T.);
#3630=EDGE_CURVE('',#2888,#2891,#1580,.T.);
#3631=EDGE_CURVE('',#2892,#2888,#680,.T.);
#3632=EDGE_CURVE('',#2893,#2891,#681,.T.);
#3633=EDGE_CURVE('',#2892,#2893,#1581,.T.);
#3634=EDGE_CURVE('',#2894,#2892,#1582,.T.);
#3635=EDGE_CURVE('',#2895,#2893,#1583,.T.);
#3636=EDGE_CURVE('',#2894,#2895,#1584,.T.);
#3637=EDGE_CURVE('',#2896,#2894,#682,.T.);
#3638=EDGE_CURVE('',#2897,#2895,#683,.T.);
#3639=EDGE_CURVE('',#2896,#2897,#1585,.T.);
#3640=EDGE_CURVE('',#2898,#2896,#1586,.T.);
#3641=EDGE_CURVE('',#2899,#2897,#1587,.T.);
#3642=EDGE_CURVE('',#2898,#2899,#1588,.T.);
#3643=EDGE_CURVE('',#2900,#2898,#684,.T.);
#3644=EDGE_CURVE('',#2901,#2899,#685,.T.);
#3645=EDGE_CURVE('',#2900,#2901,#1589,.T.);
#3646=EDGE_CURVE('',#2902,#2900,#1590,.T.);
#3647=EDGE_CURVE('',#2903,#2901,#1591,.T.);
#3648=EDGE_CURVE('',#2902,#2903,#1592,.T.);
#3649=EDGE_CURVE('',#2889,#2902,#686,.T.);
#3650=EDGE_CURVE('',#2890,#2903,#687,.T.);
#3651=EDGE_CURVE('',#2904,#2905,#1593,.T.);
#3652=EDGE_CURVE('',#2906,#2904,#1594,.T.);
#3653=EDGE_CURVE('',#2907,#2906,#1595,.T.);
#3654=EDGE_CURVE('',#2907,#2905,#1596,.T.);
#3655=EDGE_CURVE('',#2905,#2908,#1597,.T.);
#3656=EDGE_CURVE('',#2909,#2907,#1598,.T.);
#3657=EDGE_CURVE('',#2909,#2908,#1599,.T.);
#3658=EDGE_CURVE('',#2908,#2910,#1600,.T.);
#3659=EDGE_CURVE('',#2911,#2909,#1601,.T.);
#3660=EDGE_CURVE('',#2911,#2910,#1602,.T.);
#3661=EDGE_CURVE('',#2910,#2904,#1603,.T.);
#3662=EDGE_CURVE('',#2906,#2911,#1604,.T.);
#3663=EDGE_CURVE('',#2912,#2913,#1605,.T.);
#3664=EDGE_CURVE('',#2912,#2914,#1606,.T.);
#3665=EDGE_CURVE('',#2915,#2914,#1607,.T.);
#3666=EDGE_CURVE('',#2913,#2915,#1608,.T.);
#3667=EDGE_CURVE('',#2916,#2913,#1609,.T.);
#3668=EDGE_CURVE('',#2917,#2915,#1610,.T.);
#3669=EDGE_CURVE('',#2916,#2917,#1611,.T.);
#3670=EDGE_CURVE('',#2918,#2916,#688,.T.);
#3671=EDGE_CURVE('',#2919,#2917,#689,.T.);
#3672=EDGE_CURVE('',#2918,#2919,#1612,.T.);
#3673=EDGE_CURVE('',#2920,#2918,#1613,.T.);
#3674=EDGE_CURVE('',#2921,#2919,#1614,.T.);
#3675=EDGE_CURVE('',#2920,#2921,#1615,.T.);
#3676=EDGE_CURVE('',#2922,#2920,#690,.T.);
#3677=EDGE_CURVE('',#2923,#2921,#691,.T.);
#3678=EDGE_CURVE('',#2922,#2923,#1616,.T.);
#3679=EDGE_CURVE('',#2912,#2922,#1617,.T.);
#3680=EDGE_CURVE('',#2914,#2923,#1618,.T.);
#3681=EDGE_CURVE('',#2924,#2925,#13,.T.);
#3682=EDGE_CURVE('',#2924,#2926,#1619,.T.);
#3683=EDGE_CURVE('',#2927,#2926,#14,.T.);
#3684=EDGE_CURVE('',#2925,#2927,#1620,.T.);
#3685=EDGE_CURVE('',#2925,#2928,#1621,.T.);
#3686=EDGE_CURVE('',#2929,#2927,#1622,.T.);
#3687=EDGE_CURVE('',#2928,#2929,#1623,.T.);
#3688=EDGE_CURVE('',#2928,#2930,#15,.T.);
#3689=EDGE_CURVE('',#2931,#2929,#16,.T.);
#3690=EDGE_CURVE('',#2930,#2931,#1624,.T.);
#3691=EDGE_CURVE('',#2930,#2932,#17,.T.);
#3692=EDGE_CURVE('',#2933,#2931,#18,.T.);
#3693=EDGE_CURVE('',#2932,#2933,#1625,.T.);
#3694=EDGE_CURVE('',#2932,#2934,#19,.T.);
#3695=EDGE_CURVE('',#2935,#2933,#20,.T.);
#3696=EDGE_CURVE('',#2934,#2935,#1626,.T.);
#3697=EDGE_CURVE('',#2934,#2936,#21,.T.);
#3698=EDGE_CURVE('',#2937,#2935,#22,.T.);
#3699=EDGE_CURVE('',#2936,#2937,#1627,.T.);
#3700=EDGE_CURVE('',#2936,#2938,#1628,.T.);
#3701=EDGE_CURVE('',#2939,#2937,#1629,.T.);
#3702=EDGE_CURVE('',#2938,#2939,#1630,.T.);
#3703=EDGE_CURVE('',#2938,#2940,#1631,.T.);
#3704=EDGE_CURVE('',#2941,#2939,#1632,.T.);
#3705=EDGE_CURVE('',#2940,#2941,#1633,.T.);
#3706=EDGE_CURVE('',#2940,#2942,#1634,.T.);
#3707=EDGE_CURVE('',#2943,#2941,#1635,.T.);
#3708=EDGE_CURVE('',#2942,#2943,#1636,.T.);
#3709=EDGE_CURVE('',#2942,#2944,#1637,.T.);
#3710=EDGE_CURVE('',#2945,#2943,#1638,.T.);
#3711=EDGE_CURVE('',#2944,#2945,#1639,.T.);
#3712=EDGE_CURVE('',#2944,#2946,#1640,.T.);
#3713=EDGE_CURVE('',#2947,#2945,#1641,.T.);
#3714=EDGE_CURVE('',#2946,#2947,#1642,.T.);
#3715=EDGE_CURVE('',#2946,#2948,#1643,.T.);
#3716=EDGE_CURVE('',#2949,#2947,#1644,.T.);
#3717=EDGE_CURVE('',#2948,#2949,#1645,.T.);
#3718=EDGE_CURVE('',#2948,#2950,#1646,.T.);
#3719=EDGE_CURVE('',#2951,#2949,#1647,.T.);
#3720=EDGE_CURVE('',#2950,#2951,#1648,.T.);
#3721=EDGE_CURVE('',#2950,#2952,#1649,.T.);
#3722=EDGE_CURVE('',#2953,#2951,#1650,.T.);
#3723=EDGE_CURVE('',#2952,#2953,#1651,.T.);
#3724=EDGE_CURVE('',#2952,#2954,#1652,.T.);
#3725=EDGE_CURVE('',#2955,#2953,#1653,.T.);
#3726=EDGE_CURVE('',#2954,#2955,#1654,.T.);
#3727=EDGE_CURVE('',#2954,#2956,#1655,.T.);
#3728=EDGE_CURVE('',#2957,#2955,#1656,.T.);
#3729=EDGE_CURVE('',#2956,#2957,#1657,.T.);
#3730=EDGE_CURVE('',#2956,#2958,#1658,.T.);
#3731=EDGE_CURVE('',#2959,#2957,#1659,.T.);
#3732=EDGE_CURVE('',#2958,#2959,#1660,.T.);
#3733=EDGE_CURVE('',#2958,#2960,#23,.T.);
#3734=EDGE_CURVE('',#2961,#2959,#24,.T.);
#3735=EDGE_CURVE('',#2960,#2961,#1661,.T.);
#3736=EDGE_CURVE('',#2960,#2962,#25,.T.);
#3737=EDGE_CURVE('',#2963,#2961,#26,.T.);
#3738=EDGE_CURVE('',#2962,#2963,#1662,.T.);
#3739=EDGE_CURVE('',#2962,#2924,#27,.T.);
#3740=EDGE_CURVE('',#2926,#2963,#28,.T.);
#3741=EDGE_CURVE('',#2964,#2965,#29,.T.);
#3742=EDGE_CURVE('',#2965,#2966,#1663,.T.);
#3743=EDGE_CURVE('',#2967,#2966,#30,.T.);
#3744=EDGE_CURVE('',#2964,#2967,#1664,.T.);
#3745=EDGE_CURVE('',#2968,#2964,#31,.T.);
#3746=EDGE_CURVE('',#2969,#2967,#32,.T.);
#3747=EDGE_CURVE('',#2968,#2969,#1665,.T.);
#3748=EDGE_CURVE('',#2970,#2968,#33,.T.);
#3749=EDGE_CURVE('',#2971,#2969,#34,.T.);
#3750=EDGE_CURVE('',#2970,#2971,#1666,.T.);
#3751=EDGE_CURVE('',#2972,#2970,#35,.T.);
#3752=EDGE_CURVE('',#2973,#2971,#36,.T.);
#3753=EDGE_CURVE('',#2972,#2973,#1667,.T.);
#3754=EDGE_CURVE('',#2974,#2972,#37,.T.);
#3755=EDGE_CURVE('',#2975,#2973,#38,.T.);
#3756=EDGE_CURVE('',#2974,#2975,#1668,.T.);
#3757=EDGE_CURVE('',#2976,#2974,#39,.T.);
#3758=EDGE_CURVE('',#2977,#2975,#40,.T.);
#3759=EDGE_CURVE('',#2976,#2977,#1669,.T.);
#3760=EDGE_CURVE('',#2978,#2976,#41,.T.);
#3761=EDGE_CURVE('',#2979,#2977,#42,.T.);
#3762=EDGE_CURVE('',#2978,#2979,#1670,.T.);
#3763=EDGE_CURVE('',#2965,#2978,#43,.T.);
#3764=EDGE_CURVE('',#2966,#2979,#44,.T.);
#3765=EDGE_CURVE('',#2980,#2981,#1671,.T.);
#3766=EDGE_CURVE('',#2980,#2982,#1672,.T.);
#3767=EDGE_CURVE('',#2983,#2982,#1673,.T.);
#3768=EDGE_CURVE('',#2981,#2983,#1674,.T.);
#3769=EDGE_CURVE('',#2981,#2984,#1675,.T.);
#3770=EDGE_CURVE('',#2985,#2983,#1676,.T.);
#3771=EDGE_CURVE('',#2984,#2985,#1677,.T.);
#3772=EDGE_CURVE('',#2984,#2986,#1678,.T.);
#3773=EDGE_CURVE('',#2987,#2985,#1679,.T.);
#3774=EDGE_CURVE('',#2986,#2987,#1680,.T.);
#3775=EDGE_CURVE('',#2986,#2988,#1681,.T.);
#3776=EDGE_CURVE('',#2989,#2987,#1682,.T.);
#3777=EDGE_CURVE('',#2988,#2989,#1683,.T.);
#3778=EDGE_CURVE('',#2988,#2990,#45,.T.);
#3779=EDGE_CURVE('',#2991,#2989,#46,.T.);
#3780=EDGE_CURVE('',#2990,#2991,#1684,.T.);
#3781=EDGE_CURVE('',#2990,#2992,#47,.T.);
#3782=EDGE_CURVE('',#2993,#2991,#48,.T.);
#3783=EDGE_CURVE('',#2992,#2993,#1685,.T.);
#3784=EDGE_CURVE('',#2992,#2994,#49,.T.);
#3785=EDGE_CURVE('',#2995,#2993,#50,.T.);
#3786=EDGE_CURVE('',#2994,#2995,#1686,.T.);
#3787=EDGE_CURVE('',#2994,#2996,#51,.T.);
#3788=EDGE_CURVE('',#2997,#2995,#52,.T.);
#3789=EDGE_CURVE('',#2996,#2997,#1687,.T.);
#3790=EDGE_CURVE('',#2996,#2998,#53,.T.);
#3791=EDGE_CURVE('',#2999,#2997,#54,.T.);
#3792=EDGE_CURVE('',#2998,#2999,#1688,.T.);
#3793=EDGE_CURVE('',#2998,#3000,#55,.T.);
#3794=EDGE_CURVE('',#3001,#2999,#56,.T.);
#3795=EDGE_CURVE('',#3000,#3001,#1689,.T.);
#3796=EDGE_CURVE('',#3000,#3002,#57,.T.);
#3797=EDGE_CURVE('',#3003,#3001,#58,.T.);
#3798=EDGE_CURVE('',#3002,#3003,#1690,.T.);
#3799=EDGE_CURVE('',#3002,#3004,#59,.T.);
#3800=EDGE_CURVE('',#3005,#3003,#60,.T.);
#3801=EDGE_CURVE('',#3004,#3005,#1691,.T.);
#3802=EDGE_CURVE('',#3004,#3006,#61,.T.);
#3803=EDGE_CURVE('',#3007,#3005,#62,.T.);
#3804=EDGE_CURVE('',#3006,#3007,#1692,.T.);
#3805=EDGE_CURVE('',#3006,#3008,#63,.T.);
#3806=EDGE_CURVE('',#3009,#3007,#64,.T.);
#3807=EDGE_CURVE('',#3008,#3009,#1693,.T.);
#3808=EDGE_CURVE('',#3008,#2980,#1694,.T.);
#3809=EDGE_CURVE('',#2982,#3009,#1695,.T.);
#3810=EDGE_CURVE('',#3010,#3011,#1696,.T.);
#3811=EDGE_CURVE('',#3010,#3012,#1697,.T.);
#3812=EDGE_CURVE('',#3013,#3012,#1698,.T.);
#3813=EDGE_CURVE('',#3011,#3013,#1699,.T.);
#3814=EDGE_CURVE('',#3011,#3014,#1700,.T.);
#3815=EDGE_CURVE('',#3015,#3013,#1701,.T.);
#3816=EDGE_CURVE('',#3014,#3015,#1702,.T.);
#3817=EDGE_CURVE('',#3014,#3016,#1703,.T.);
#3818=EDGE_CURVE('',#3017,#3015,#1704,.T.);
#3819=EDGE_CURVE('',#3016,#3017,#1705,.T.);
#3820=EDGE_CURVE('',#3016,#3010,#1706,.T.);
#3821=EDGE_CURVE('',#3012,#3017,#1707,.T.);
#3822=EDGE_CURVE('',#3018,#3019,#1708,.T.);
#3823=EDGE_CURVE('',#3018,#3020,#1709,.T.);
#3824=EDGE_CURVE('',#3021,#3020,#1710,.T.);
#3825=EDGE_CURVE('',#3019,#3021,#1711,.T.);
#3826=EDGE_CURVE('',#3019,#3022,#1712,.T.);
#3827=EDGE_CURVE('',#3023,#3021,#1713,.T.);
#3828=EDGE_CURVE('',#3022,#3023,#1714,.T.);
#3829=EDGE_CURVE('',#3022,#3024,#1715,.T.);
#3830=EDGE_CURVE('',#3025,#3023,#1716,.T.);
#3831=EDGE_CURVE('',#3024,#3025,#1717,.T.);
#3832=EDGE_CURVE('',#3024,#3018,#1718,.T.);
#3833=EDGE_CURVE('',#3020,#3025,#1719,.T.);
#3834=EDGE_CURVE('',#3026,#3027,#1720,.T.);
#3835=EDGE_CURVE('',#3026,#3028,#1721,.T.);
#3836=EDGE_CURVE('',#3029,#3028,#1722,.T.);
#3837=EDGE_CURVE('',#3027,#3029,#1723,.T.);
#3838=EDGE_CURVE('',#3027,#3030,#1724,.T.);
#3839=EDGE_CURVE('',#3031,#3029,#1725,.T.);
#3840=EDGE_CURVE('',#3030,#3031,#1726,.T.);
#3841=EDGE_CURVE('',#3030,#3032,#1727,.T.);
#3842=EDGE_CURVE('',#3033,#3031,#1728,.T.);
#3843=EDGE_CURVE('',#3032,#3033,#1729,.T.);
#3844=EDGE_CURVE('',#3032,#3026,#1730,.T.);
#3845=EDGE_CURVE('',#3028,#3033,#1731,.T.);
#3846=EDGE_CURVE('',#3034,#3035,#65,.T.);
#3847=EDGE_CURVE('',#3034,#3036,#1732,.T.);
#3848=EDGE_CURVE('',#3037,#3036,#66,.T.);
#3849=EDGE_CURVE('',#3035,#3037,#1733,.T.);
#3850=EDGE_CURVE('',#3035,#3038,#1734,.T.);
#3851=EDGE_CURVE('',#3039,#3037,#1735,.T.);
#3852=EDGE_CURVE('',#3038,#3039,#1736,.T.);
#3853=EDGE_CURVE('',#3038,#3040,#67,.T.);
#3854=EDGE_CURVE('',#3041,#3039,#68,.T.);
#3855=EDGE_CURVE('',#3040,#3041,#1737,.T.);
#3856=EDGE_CURVE('',#3040,#3042,#69,.T.);
#3857=EDGE_CURVE('',#3043,#3041,#70,.T.);
#3858=EDGE_CURVE('',#3042,#3043,#1738,.T.);
#3859=EDGE_CURVE('',#3042,#3044,#71,.T.);
#3860=EDGE_CURVE('',#3045,#3043,#72,.T.);
#3861=EDGE_CURVE('',#3044,#3045,#1739,.T.);
#3862=EDGE_CURVE('',#3044,#3046,#73,.T.);
#3863=EDGE_CURVE('',#3047,#3045,#74,.T.);
#3864=EDGE_CURVE('',#3046,#3047,#1740,.T.);
#3865=EDGE_CURVE('',#3046,#3048,#75,.T.);
#3866=EDGE_CURVE('',#3049,#3047,#76,.T.);
#3867=EDGE_CURVE('',#3048,#3049,#1741,.T.);
#3868=EDGE_CURVE('',#3048,#3050,#77,.T.);
#3869=EDGE_CURVE('',#3051,#3049,#78,.T.);
#3870=EDGE_CURVE('',#3050,#3051,#1742,.T.);
#3871=EDGE_CURVE('',#3050,#3052,#79,.T.);
#3872=EDGE_CURVE('',#3053,#3051,#80,.T.);
#3873=EDGE_CURVE('',#3052,#3053,#1743,.T.);
#3874=EDGE_CURVE('',#3052,#3054,#81,.T.);
#3875=EDGE_CURVE('',#3055,#3053,#82,.T.);
#3876=EDGE_CURVE('',#3054,#3055,#1744,.T.);
#3877=EDGE_CURVE('',#3054,#3056,#83,.T.);
#3878=EDGE_CURVE('',#3057,#3055,#84,.T.);
#3879=EDGE_CURVE('',#3056,#3057,#1745,.T.);
#3880=EDGE_CURVE('',#3056,#3058,#85,.T.);
#3881=EDGE_CURVE('',#3059,#3057,#86,.T.);
#3882=EDGE_CURVE('',#3058,#3059,#1746,.T.);
#3883=EDGE_CURVE('',#3058,#3060,#87,.T.);
#3884=EDGE_CURVE('',#3061,#3059,#88,.T.);
#3885=EDGE_CURVE('',#3060,#3061,#1747,.T.);
#3886=EDGE_CURVE('',#3060,#3062,#89,.T.);
#3887=EDGE_CURVE('',#3063,#3061,#90,.T.);
#3888=EDGE_CURVE('',#3062,#3063,#1748,.T.);
#3889=EDGE_CURVE('',#3062,#3064,#91,.T.);
#3890=EDGE_CURVE('',#3065,#3063,#92,.T.);
#3891=EDGE_CURVE('',#3064,#3065,#1749,.T.);
#3892=EDGE_CURVE('',#3064,#3066,#93,.T.);
#3893=EDGE_CURVE('',#3067,#3065,#94,.T.);
#3894=EDGE_CURVE('',#3066,#3067,#1750,.T.);
#3895=EDGE_CURVE('',#3066,#3068,#95,.T.);
#3896=EDGE_CURVE('',#3069,#3067,#96,.T.);
#3897=EDGE_CURVE('',#3068,#3069,#1751,.T.);
#3898=EDGE_CURVE('',#3068,#3070,#97,.T.);
#3899=EDGE_CURVE('',#3071,#3069,#98,.T.);
#3900=EDGE_CURVE('',#3070,#3071,#1752,.T.);
#3901=EDGE_CURVE('',#3070,#3072,#99,.T.);
#3902=EDGE_CURVE('',#3073,#3071,#100,.T.);
#3903=EDGE_CURVE('',#3072,#3073,#1753,.T.);
#3904=EDGE_CURVE('',#3072,#3074,#101,.T.);
#3905=EDGE_CURVE('',#3075,#3073,#102,.T.);
#3906=EDGE_CURVE('',#3074,#3075,#1754,.T.);
#3907=EDGE_CURVE('',#3074,#3076,#1755,.T.);
#3908=EDGE_CURVE('',#3077,#3075,#1756,.T.);
#3909=EDGE_CURVE('',#3076,#3077,#1757,.T.);
#3910=EDGE_CURVE('',#3076,#3078,#103,.T.);
#3911=EDGE_CURVE('',#3079,#3077,#104,.T.);
#3912=EDGE_CURVE('',#3078,#3079,#1758,.T.);
#3913=EDGE_CURVE('',#3078,#3080,#105,.T.);
#3914=EDGE_CURVE('',#3081,#3079,#106,.T.);
#3915=EDGE_CURVE('',#3080,#3081,#1759,.T.);
#3916=EDGE_CURVE('',#3080,#3082,#107,.T.);
#3917=EDGE_CURVE('',#3083,#3081,#108,.T.);
#3918=EDGE_CURVE('',#3082,#3083,#1760,.T.);
#3919=EDGE_CURVE('',#3082,#3084,#109,.T.);
#3920=EDGE_CURVE('',#3085,#3083,#110,.T.);
#3921=EDGE_CURVE('',#3084,#3085,#1761,.T.);
#3922=EDGE_CURVE('',#3084,#3086,#111,.T.);
#3923=EDGE_CURVE('',#3087,#3085,#112,.T.);
#3924=EDGE_CURVE('',#3086,#3087,#1762,.T.);
#3925=EDGE_CURVE('',#3086,#3088,#113,.T.);
#3926=EDGE_CURVE('',#3089,#3087,#114,.T.);
#3927=EDGE_CURVE('',#3088,#3089,#1763,.T.);
#3928=EDGE_CURVE('',#3088,#3090,#115,.T.);
#3929=EDGE_CURVE('',#3091,#3089,#116,.T.);
#3930=EDGE_CURVE('',#3090,#3091,#1764,.T.);
#3931=EDGE_CURVE('',#3090,#3092,#117,.T.);
#3932=EDGE_CURVE('',#3093,#3091,#118,.T.);
#3933=EDGE_CURVE('',#3092,#3093,#1765,.T.);
#3934=EDGE_CURVE('',#3092,#3094,#119,.T.);
#3935=EDGE_CURVE('',#3095,#3093,#120,.T.);
#3936=EDGE_CURVE('',#3094,#3095,#1766,.T.);
#3937=EDGE_CURVE('',#3094,#3096,#121,.T.);
#3938=EDGE_CURVE('',#3097,#3095,#122,.T.);
#3939=EDGE_CURVE('',#3096,#3097,#1767,.T.);
#3940=EDGE_CURVE('',#3096,#3098,#123,.T.);
#3941=EDGE_CURVE('',#3099,#3097,#124,.T.);
#3942=EDGE_CURVE('',#3098,#3099,#1768,.T.);
#3943=EDGE_CURVE('',#3098,#3100,#125,.T.);
#3944=EDGE_CURVE('',#3101,#3099,#126,.T.);
#3945=EDGE_CURVE('',#3100,#3101,#1769,.T.);
#3946=EDGE_CURVE('',#3100,#3102,#127,.T.);
#3947=EDGE_CURVE('',#3103,#3101,#128,.T.);
#3948=EDGE_CURVE('',#3102,#3103,#1770,.T.);
#3949=EDGE_CURVE('',#3102,#3034,#129,.T.);
#3950=EDGE_CURVE('',#3036,#3103,#130,.T.);
#3951=EDGE_CURVE('',#3104,#3105,#1771,.T.);
#3952=EDGE_CURVE('',#3104,#3106,#1772,.T.);
#3953=EDGE_CURVE('',#3107,#3106,#1773,.T.);
#3954=EDGE_CURVE('',#3105,#3107,#1774,.T.);
#3955=EDGE_CURVE('',#3105,#3108,#1775,.T.);
#3956=EDGE_CURVE('',#3109,#3107,#1776,.T.);
#3957=EDGE_CURVE('',#3108,#3109,#1777,.T.);
#3958=EDGE_CURVE('',#3108,#3110,#1778,.T.);
#3959=EDGE_CURVE('',#3111,#3109,#1779,.T.);
#3960=EDGE_CURVE('',#3110,#3111,#1780,.T.);
#3961=EDGE_CURVE('',#3110,#3104,#1781,.T.);
#3962=EDGE_CURVE('',#3106,#3111,#1782,.T.);
#3963=EDGE_CURVE('',#3112,#3113,#131,.T.);
#3964=EDGE_CURVE('',#3112,#3114,#1783,.T.);
#3965=EDGE_CURVE('',#3115,#3114,#132,.T.);
#3966=EDGE_CURVE('',#3113,#3115,#1784,.T.);
#3967=EDGE_CURVE('',#3113,#3116,#1785,.T.);
#3968=EDGE_CURVE('',#3117,#3115,#1786,.T.);
#3969=EDGE_CURVE('',#3116,#3117,#1787,.T.);
#3970=EDGE_CURVE('',#3116,#3118,#133,.T.);
#3971=EDGE_CURVE('',#3119,#3117,#134,.T.);
#3972=EDGE_CURVE('',#3118,#3119,#1788,.T.);
#3973=EDGE_CURVE('',#3118,#3120,#135,.T.);
#3974=EDGE_CURVE('',#3121,#3119,#136,.T.);
#3975=EDGE_CURVE('',#3120,#3121,#1789,.T.);
#3976=EDGE_CURVE('',#3120,#3122,#137,.T.);
#3977=EDGE_CURVE('',#3123,#3121,#138,.T.);
#3978=EDGE_CURVE('',#3122,#3123,#1790,.T.);
#3979=EDGE_CURVE('',#3122,#3124,#139,.T.);
#3980=EDGE_CURVE('',#3125,#3123,#140,.T.);
#3981=EDGE_CURVE('',#3124,#3125,#1791,.T.);
#3982=EDGE_CURVE('',#3124,#3126,#141,.T.);
#3983=EDGE_CURVE('',#3127,#3125,#142,.T.);
#3984=EDGE_CURVE('',#3126,#3127,#1792,.T.);
#3985=EDGE_CURVE('',#3126,#3128,#1793,.T.);
#3986=EDGE_CURVE('',#3129,#3127,#1794,.T.);
#3987=EDGE_CURVE('',#3128,#3129,#1795,.T.);
#3988=EDGE_CURVE('',#3128,#3130,#1796,.T.);
#3989=EDGE_CURVE('',#3131,#3129,#1797,.T.);
#3990=EDGE_CURVE('',#3130,#3131,#1798,.T.);
#3991=EDGE_CURVE('',#3130,#3132,#1799,.T.);
#3992=EDGE_CURVE('',#3133,#3131,#1800,.T.);
#3993=EDGE_CURVE('',#3132,#3133,#1801,.T.);
#3994=EDGE_CURVE('',#3132,#3134,#143,.T.);
#3995=EDGE_CURVE('',#3135,#3133,#144,.T.);
#3996=EDGE_CURVE('',#3134,#3135,#1802,.T.);
#3997=EDGE_CURVE('',#3134,#3136,#145,.T.);
#3998=EDGE_CURVE('',#3137,#3135,#146,.T.);
#3999=EDGE_CURVE('',#3136,#3137,#1803,.T.);
#4000=EDGE_CURVE('',#3136,#3138,#1804,.T.);
#4001=EDGE_CURVE('',#3139,#3137,#1805,.T.);
#4002=EDGE_CURVE('',#3138,#3139,#1806,.T.);
#4003=EDGE_CURVE('',#3138,#3140,#1807,.T.);
#4004=EDGE_CURVE('',#3141,#3139,#1808,.T.);
#4005=EDGE_CURVE('',#3140,#3141,#1809,.T.);
#4006=EDGE_CURVE('',#3140,#3142,#1810,.T.);
#4007=EDGE_CURVE('',#3143,#3141,#1811,.T.);
#4008=EDGE_CURVE('',#3142,#3143,#1812,.T.);
#4009=EDGE_CURVE('',#3142,#3144,#147,.T.);
#4010=EDGE_CURVE('',#3145,#3143,#148,.T.);
#4011=EDGE_CURVE('',#3144,#3145,#1813,.T.);
#4012=EDGE_CURVE('',#3144,#3146,#149,.T.);
#4013=EDGE_CURVE('',#3147,#3145,#150,.T.);
#4014=EDGE_CURVE('',#3146,#3147,#1814,.T.);
#4015=EDGE_CURVE('',#3146,#3112,#151,.T.);
#4016=EDGE_CURVE('',#3114,#3147,#152,.T.);
#4017=EDGE_CURVE('',#3148,#3149,#153,.T.);
#4018=EDGE_CURVE('',#3149,#3150,#1815,.T.);
#4019=EDGE_CURVE('',#3151,#3150,#154,.T.);
#4020=EDGE_CURVE('',#3148,#3151,#1816,.T.);
#4021=EDGE_CURVE('',#3152,#3148,#155,.T.);
#4022=EDGE_CURVE('',#3153,#3151,#156,.T.);
#4023=EDGE_CURVE('',#3152,#3153,#1817,.T.);
#4024=EDGE_CURVE('',#3154,#3152,#1818,.T.);
#4025=EDGE_CURVE('',#3155,#3153,#1819,.T.);
#4026=EDGE_CURVE('',#3154,#3155,#1820,.T.);
#4027=EDGE_CURVE('',#3156,#3154,#1821,.T.);
#4028=EDGE_CURVE('',#3157,#3155,#1822,.T.);
#4029=EDGE_CURVE('',#3156,#3157,#1823,.T.);
#4030=EDGE_CURVE('',#3158,#3156,#1824,.T.);
#4031=EDGE_CURVE('',#3159,#3157,#1825,.T.);
#4032=EDGE_CURVE('',#3158,#3159,#1826,.T.);
#4033=EDGE_CURVE('',#3160,#3158,#1827,.T.);
#4034=EDGE_CURVE('',#3161,#3159,#1828,.T.);
#4035=EDGE_CURVE('',#3160,#3161,#1829,.T.);
#4036=EDGE_CURVE('',#3162,#3160,#1830,.T.);
#4037=EDGE_CURVE('',#3163,#3161,#1831,.T.);
#4038=EDGE_CURVE('',#3162,#3163,#1832,.T.);
#4039=EDGE_CURVE('',#3164,#3162,#1833,.T.);
#4040=EDGE_CURVE('',#3165,#3163,#1834,.T.);
#4041=EDGE_CURVE('',#3164,#3165,#1835,.T.);
#4042=EDGE_CURVE('',#3166,#3164,#1836,.T.);
#4043=EDGE_CURVE('',#3167,#3165,#1837,.T.);
#4044=EDGE_CURVE('',#3166,#3167,#1838,.T.);
#4045=EDGE_CURVE('',#3168,#3166,#1839,.T.);
#4046=EDGE_CURVE('',#3169,#3167,#1840,.T.);
#4047=EDGE_CURVE('',#3168,#3169,#1841,.T.);
#4048=EDGE_CURVE('',#3170,#3168,#1842,.T.);
#4049=EDGE_CURVE('',#3171,#3169,#1843,.T.);
#4050=EDGE_CURVE('',#3170,#3171,#1844,.T.);
#4051=EDGE_CURVE('',#3172,#3170,#1845,.T.);
#4052=EDGE_CURVE('',#3173,#3171,#1846,.T.);
#4053=EDGE_CURVE('',#3172,#3173,#1847,.T.);
#4054=EDGE_CURVE('',#3174,#3172,#1848,.T.);
#4055=EDGE_CURVE('',#3175,#3173,#1849,.T.);
#4056=EDGE_CURVE('',#3174,#3175,#1850,.T.);
#4057=EDGE_CURVE('',#3176,#3174,#157,.T.);
#4058=EDGE_CURVE('',#3177,#3175,#158,.T.);
#4059=EDGE_CURVE('',#3176,#3177,#1851,.T.);
#4060=EDGE_CURVE('',#3178,#3176,#159,.T.);
#4061=EDGE_CURVE('',#3179,#3177,#160,.T.);
#4062=EDGE_CURVE('',#3178,#3179,#1852,.T.);
#4063=EDGE_CURVE('',#3180,#3178,#161,.T.);
#4064=EDGE_CURVE('',#3181,#3179,#162,.T.);
#4065=EDGE_CURVE('',#3180,#3181,#1853,.T.);
#4066=EDGE_CURVE('',#3182,#3180,#163,.T.);
#4067=EDGE_CURVE('',#3183,#3181,#164,.T.);
#4068=EDGE_CURVE('',#3182,#3183,#1854,.T.);
#4069=EDGE_CURVE('',#3184,#3182,#1855,.T.);
#4070=EDGE_CURVE('',#3185,#3183,#1856,.T.);
#4071=EDGE_CURVE('',#3184,#3185,#1857,.T.);
#4072=EDGE_CURVE('',#3186,#3184,#165,.T.);
#4073=EDGE_CURVE('',#3187,#3185,#166,.T.);
#4074=EDGE_CURVE('',#3186,#3187,#1858,.T.);
#4075=EDGE_CURVE('',#3149,#3186,#167,.T.);
#4076=EDGE_CURVE('',#3150,#3187,#168,.T.);
#4077=EDGE_CURVE('',#3188,#3189,#169,.T.);
#4078=EDGE_CURVE('',#3188,#3190,#1859,.T.);
#4079=EDGE_CURVE('',#3191,#3190,#170,.T.);
#4080=EDGE_CURVE('',#3189,#3191,#1860,.T.);
#4081=EDGE_CURVE('',#3189,#3192,#171,.T.);
#4082=EDGE_CURVE('',#3193,#3191,#172,.T.);
#4083=EDGE_CURVE('',#3192,#3193,#1861,.T.);
#4084=EDGE_CURVE('',#3192,#3194,#173,.T.);
#4085=EDGE_CURVE('',#3195,#3193,#174,.T.);
#4086=EDGE_CURVE('',#3194,#3195,#1862,.T.);
#4087=EDGE_CURVE('',#3194,#3196,#175,.T.);
#4088=EDGE_CURVE('',#3197,#3195,#176,.T.);
#4089=EDGE_CURVE('',#3196,#3197,#1863,.T.);
#4090=EDGE_CURVE('',#3196,#3198,#1864,.T.);
#4091=EDGE_CURVE('',#3199,#3197,#1865,.T.);
#4092=EDGE_CURVE('',#3198,#3199,#1866,.T.);
#4093=EDGE_CURVE('',#3198,#3200,#177,.T.);
#4094=EDGE_CURVE('',#3201,#3199,#178,.T.);
#4095=EDGE_CURVE('',#3200,#3201,#1867,.T.);
#4096=EDGE_CURVE('',#3200,#3202,#179,.T.);
#4097=EDGE_CURVE('',#3203,#3201,#180,.T.);
#4098=EDGE_CURVE('',#3202,#3203,#1868,.T.);
#4099=EDGE_CURVE('',#3202,#3204,#181,.T.);
#4100=EDGE_CURVE('',#3205,#3203,#182,.T.);
#4101=EDGE_CURVE('',#3204,#3205,#1869,.T.);
#4102=EDGE_CURVE('',#3204,#3206,#183,.T.);
#4103=EDGE_CURVE('',#3207,#3205,#184,.T.);
#4104=EDGE_CURVE('',#3206,#3207,#1870,.T.);
#4105=EDGE_CURVE('',#3206,#3208,#1871,.T.);
#4106=EDGE_CURVE('',#3209,#3207,#1872,.T.);
#4107=EDGE_CURVE('',#3208,#3209,#1873,.T.);
#4108=EDGE_CURVE('',#3208,#3210,#1874,.T.);
#4109=EDGE_CURVE('',#3211,#3209,#1875,.T.);
#4110=EDGE_CURVE('',#3210,#3211,#1876,.T.);
#4111=EDGE_CURVE('',#3210,#3212,#1877,.T.);
#4112=EDGE_CURVE('',#3213,#3211,#1878,.T.);
#4113=EDGE_CURVE('',#3212,#3213,#1879,.T.);
#4114=EDGE_CURVE('',#3212,#3214,#1880,.T.);
#4115=EDGE_CURVE('',#3215,#3213,#1881,.T.);
#4116=EDGE_CURVE('',#3214,#3215,#1882,.T.);
#4117=EDGE_CURVE('',#3214,#3216,#1883,.T.);
#4118=EDGE_CURVE('',#3217,#3215,#1884,.T.);
#4119=EDGE_CURVE('',#3216,#3217,#1885,.T.);
#4120=EDGE_CURVE('',#3216,#3218,#1886,.T.);
#4121=EDGE_CURVE('',#3219,#3217,#1887,.T.);
#4122=EDGE_CURVE('',#3218,#3219,#1888,.T.);
#4123=EDGE_CURVE('',#3218,#3220,#1889,.T.);
#4124=EDGE_CURVE('',#3221,#3219,#1890,.T.);
#4125=EDGE_CURVE('',#3220,#3221,#1891,.T.);
#4126=EDGE_CURVE('',#3220,#3222,#1892,.T.);
#4127=EDGE_CURVE('',#3223,#3221,#1893,.T.);
#4128=EDGE_CURVE('',#3222,#3223,#1894,.T.);
#4129=EDGE_CURVE('',#3222,#3224,#1895,.T.);
#4130=EDGE_CURVE('',#3225,#3223,#1896,.T.);
#4131=EDGE_CURVE('',#3224,#3225,#1897,.T.);
#4132=EDGE_CURVE('',#3224,#3226,#1898,.T.);
#4133=EDGE_CURVE('',#3227,#3225,#1899,.T.);
#4134=EDGE_CURVE('',#3226,#3227,#1900,.T.);
#4135=EDGE_CURVE('',#3226,#3188,#1901,.T.);
#4136=EDGE_CURVE('',#3190,#3227,#1902,.T.);
#4137=EDGE_CURVE('',#3228,#3229,#185,.T.);
#4138=EDGE_CURVE('',#3229,#3230,#1903,.T.);
#4139=EDGE_CURVE('',#3231,#3230,#186,.T.);
#4140=EDGE_CURVE('',#3228,#3231,#1904,.T.);
#4141=EDGE_CURVE('',#3232,#3228,#187,.T.);
#4142=EDGE_CURVE('',#3233,#3231,#188,.T.);
#4143=EDGE_CURVE('',#3232,#3233,#1905,.T.);
#4144=EDGE_CURVE('',#3234,#3232,#189,.T.);
#4145=EDGE_CURVE('',#3235,#3233,#190,.T.);
#4146=EDGE_CURVE('',#3234,#3235,#1906,.T.);
#4147=EDGE_CURVE('',#3236,#3234,#191,.T.);
#4148=EDGE_CURVE('',#3237,#3235,#192,.T.);
#4149=EDGE_CURVE('',#3236,#3237,#1907,.T.);
#4150=EDGE_CURVE('',#3238,#3236,#193,.T.);
#4151=EDGE_CURVE('',#3239,#3237,#194,.T.);
#4152=EDGE_CURVE('',#3238,#3239,#1908,.T.);
#4153=EDGE_CURVE('',#3240,#3238,#195,.T.);
#4154=EDGE_CURVE('',#3241,#3239,#196,.T.);
#4155=EDGE_CURVE('',#3240,#3241,#1909,.T.);
#4156=EDGE_CURVE('',#3242,#3240,#197,.T.);
#4157=EDGE_CURVE('',#3243,#3241,#198,.T.);
#4158=EDGE_CURVE('',#3242,#3243,#1910,.T.);
#4159=EDGE_CURVE('',#3244,#3242,#199,.T.);
#4160=EDGE_CURVE('',#3245,#3243,#200,.T.);
#4161=EDGE_CURVE('',#3244,#3245,#1911,.T.);
#4162=EDGE_CURVE('',#3246,#3244,#201,.T.);
#4163=EDGE_CURVE('',#3247,#3245,#202,.T.);
#4164=EDGE_CURVE('',#3246,#3247,#1912,.T.);
#4165=EDGE_CURVE('',#3248,#3246,#203,.T.);
#4166=EDGE_CURVE('',#3249,#3247,#204,.T.);
#4167=EDGE_CURVE('',#3248,#3249,#1913,.T.);
#4168=EDGE_CURVE('',#3250,#3248,#1914,.T.);
#4169=EDGE_CURVE('',#3251,#3249,#1915,.T.);
#4170=EDGE_CURVE('',#3250,#3251,#1916,.T.);
#4171=EDGE_CURVE('',#3252,#3250,#1917,.T.);
#4172=EDGE_CURVE('',#3253,#3251,#1918,.T.);
#4173=EDGE_CURVE('',#3252,#3253,#1919,.T.);
#4174=EDGE_CURVE('',#3254,#3252,#1920,.T.);
#4175=EDGE_CURVE('',#3255,#3253,#1921,.T.);
#4176=EDGE_CURVE('',#3254,#3255,#1922,.T.);
#4177=EDGE_CURVE('',#3256,#3254,#1923,.T.);
#4178=EDGE_CURVE('',#3257,#3255,#1924,.T.);
#4179=EDGE_CURVE('',#3256,#3257,#1925,.T.);
#4180=EDGE_CURVE('',#3229,#3256,#1926,.T.);
#4181=EDGE_CURVE('',#3230,#3257,#1927,.T.);
#4182=EDGE_CURVE('',#3258,#3259,#205,.T.);
#4183=EDGE_CURVE('',#3258,#3260,#1928,.T.);
#4184=EDGE_CURVE('',#3261,#3260,#206,.T.);
#4185=EDGE_CURVE('',#3259,#3261,#1929,.T.);
#4186=EDGE_CURVE('',#3259,#3262,#207,.T.);
#4187=EDGE_CURVE('',#3263,#3261,#208,.T.);
#4188=EDGE_CURVE('',#3262,#3263,#1930,.T.);
#4189=EDGE_CURVE('',#3262,#3264,#209,.T.);
#4190=EDGE_CURVE('',#3265,#3263,#210,.T.);
#4191=EDGE_CURVE('',#3264,#3265,#1931,.T.);
#4192=EDGE_CURVE('',#3264,#3266,#211,.T.);
#4193=EDGE_CURVE('',#3267,#3265,#212,.T.);
#4194=EDGE_CURVE('',#3266,#3267,#1932,.T.);
#4195=EDGE_CURVE('',#3266,#3268,#213,.T.);
#4196=EDGE_CURVE('',#3269,#3267,#214,.T.);
#4197=EDGE_CURVE('',#3268,#3269,#1933,.T.);
#4198=EDGE_CURVE('',#3268,#3270,#215,.T.);
#4199=EDGE_CURVE('',#3271,#3269,#216,.T.);
#4200=EDGE_CURVE('',#3270,#3271,#1934,.T.);
#4201=EDGE_CURVE('',#3270,#3272,#217,.T.);
#4202=EDGE_CURVE('',#3273,#3271,#218,.T.);
#4203=EDGE_CURVE('',#3272,#3273,#1935,.T.);
#4204=EDGE_CURVE('',#3272,#3274,#1936,.T.);
#4205=EDGE_CURVE('',#3275,#3273,#1937,.T.);
#4206=EDGE_CURVE('',#3274,#3275,#1938,.T.);
#4207=EDGE_CURVE('',#3274,#3276,#1939,.T.);
#4208=EDGE_CURVE('',#3277,#3275,#1940,.T.);
#4209=EDGE_CURVE('',#3276,#3277,#1941,.T.);
#4210=EDGE_CURVE('',#3276,#3278,#1942,.T.);
#4211=EDGE_CURVE('',#3279,#3277,#1943,.T.);
#4212=EDGE_CURVE('',#3278,#3279,#1944,.T.);
#4213=EDGE_CURVE('',#3278,#3280,#1945,.T.);
#4214=EDGE_CURVE('',#3281,#3279,#1946,.T.);
#4215=EDGE_CURVE('',#3280,#3281,#1947,.T.);
#4216=EDGE_CURVE('',#3280,#3282,#1948,.T.);
#4217=EDGE_CURVE('',#3283,#3281,#1949,.T.);
#4218=EDGE_CURVE('',#3282,#3283,#1950,.T.);
#4219=EDGE_CURVE('',#3282,#3284,#219,.T.);
#4220=EDGE_CURVE('',#3285,#3283,#220,.T.);
#4221=EDGE_CURVE('',#3284,#3285,#1951,.T.);
#4222=EDGE_CURVE('',#3284,#3286,#221,.T.);
#4223=EDGE_CURVE('',#3287,#3285,#222,.T.);
#4224=EDGE_CURVE('',#3286,#3287,#1952,.T.);
#4225=EDGE_CURVE('',#3286,#3258,#223,.T.);
#4226=EDGE_CURVE('',#3260,#3287,#224,.T.);
#4227=EDGE_CURVE('',#3288,#3289,#1953,.T.);
#4228=EDGE_CURVE('',#3289,#3290,#1954,.T.);
#4229=EDGE_CURVE('',#3291,#3290,#1955,.T.);
#4230=EDGE_CURVE('',#3288,#3291,#1956,.T.);
#4231=EDGE_CURVE('',#3292,#3288,#1957,.T.);
#4232=EDGE_CURVE('',#3293,#3291,#1958,.T.);
#4233=EDGE_CURVE('',#3292,#3293,#1959,.T.);
#4234=EDGE_CURVE('',#3294,#3292,#1960,.T.);
#4235=EDGE_CURVE('',#3295,#3293,#1961,.T.);
#4236=EDGE_CURVE('',#3294,#3295,#1962,.T.);
#4237=EDGE_CURVE('',#3289,#3294,#1963,.T.);
#4238=EDGE_CURVE('',#3290,#3295,#1964,.T.);
#4239=EDGE_CURVE('',#3296,#3297,#1965,.T.);
#4240=EDGE_CURVE('',#3296,#3298,#1966,.T.);
#4241=EDGE_CURVE('',#3299,#3298,#1967,.T.);
#4242=EDGE_CURVE('',#3297,#3299,#1968,.T.);
#4243=EDGE_CURVE('',#3297,#3300,#1969,.T.);
#4244=EDGE_CURVE('',#3301,#3299,#1970,.T.);
#4245=EDGE_CURVE('',#3300,#3301,#1971,.T.);
#4246=EDGE_CURVE('',#3300,#3302,#1972,.T.);
#4247=EDGE_CURVE('',#3303,#3301,#1973,.T.);
#4248=EDGE_CURVE('',#3302,#3303,#1974,.T.);
#4249=EDGE_CURVE('',#3302,#3296,#1975,.T.);
#4250=EDGE_CURVE('',#3298,#3303,#1976,.T.);
#4251=EDGE_CURVE('',#3304,#3305,#1977,.T.);
#4252=EDGE_CURVE('',#3305,#3306,#1978,.T.);
#4253=EDGE_CURVE('',#3307,#3306,#1979,.T.);
#4254=EDGE_CURVE('',#3304,#3307,#1980,.T.);
#4255=EDGE_CURVE('',#3308,#3304,#1981,.T.);
#4256=EDGE_CURVE('',#3309,#3307,#1982,.T.);
#4257=EDGE_CURVE('',#3308,#3309,#1983,.T.);
#4258=EDGE_CURVE('',#3310,#3308,#1984,.T.);
#4259=EDGE_CURVE('',#3311,#3309,#1985,.T.);
#4260=EDGE_CURVE('',#3310,#3311,#1986,.T.);
#4261=EDGE_CURVE('',#3305,#3310,#1987,.T.);
#4262=EDGE_CURVE('',#3306,#3311,#1988,.T.);
#4263=EDGE_CURVE('',#3312,#3313,#1989,.T.);
#4264=EDGE_CURVE('',#3312,#3314,#1990,.T.);
#4265=EDGE_CURVE('',#3315,#3314,#1991,.T.);
#4266=EDGE_CURVE('',#3313,#3315,#1992,.T.);
#4267=EDGE_CURVE('',#3313,#3316,#1993,.T.);
#4268=EDGE_CURVE('',#3317,#3315,#1994,.T.);
#4269=EDGE_CURVE('',#3316,#3317,#1995,.T.);
#4270=EDGE_CURVE('',#3316,#3318,#1996,.T.);
#4271=EDGE_CURVE('',#3319,#3317,#1997,.T.);
#4272=EDGE_CURVE('',#3318,#3319,#1998,.T.);
#4273=EDGE_CURVE('',#3318,#3312,#1999,.T.);
#4274=EDGE_CURVE('',#3314,#3319,#2000,.T.);
#4275=EDGE_CURVE('',#3320,#3321,#2001,.T.);
#4276=EDGE_CURVE('',#3321,#3322,#2002,.T.);
#4277=EDGE_CURVE('',#3323,#3322,#2003,.T.);
#4278=EDGE_CURVE('',#3320,#3323,#2004,.T.);
#4279=EDGE_CURVE('',#3324,#3320,#2005,.T.);
#4280=EDGE_CURVE('',#3325,#3323,#2006,.T.);
#4281=EDGE_CURVE('',#3324,#3325,#2007,.T.);
#4282=EDGE_CURVE('',#3326,#3324,#2008,.T.);
#4283=EDGE_CURVE('',#3327,#3325,#2009,.T.);
#4284=EDGE_CURVE('',#3326,#3327,#2010,.T.);
#4285=EDGE_CURVE('',#3321,#3326,#2011,.T.);
#4286=EDGE_CURVE('',#3322,#3327,#2012,.T.);
#4287=EDGE_CURVE('',#3328,#3329,#2013,.T.);
#4288=EDGE_CURVE('',#3328,#3330,#2014,.T.);
#4289=EDGE_CURVE('',#3331,#3330,#2015,.T.);
#4290=EDGE_CURVE('',#3329,#3331,#2016,.T.);
#4291=EDGE_CURVE('',#3329,#3332,#2017,.T.);
#4292=EDGE_CURVE('',#3333,#3331,#2018,.T.);
#4293=EDGE_CURVE('',#3332,#3333,#2019,.T.);
#4294=EDGE_CURVE('',#3332,#3334,#2020,.T.);
#4295=EDGE_CURVE('',#3335,#3333,#2021,.T.);
#4296=EDGE_CURVE('',#3334,#3335,#2022,.T.);
#4297=EDGE_CURVE('',#3334,#3328,#2023,.T.);
#4298=EDGE_CURVE('',#3330,#3335,#2024,.T.);
#4299=EDGE_CURVE('',#3336,#3337,#225,.T.);
#4300=EDGE_CURVE('',#3337,#3338,#2025,.T.);
#4301=EDGE_CURVE('',#3339,#3338,#226,.T.);
#4302=EDGE_CURVE('',#3336,#3339,#2026,.T.);
#4303=EDGE_CURVE('',#3340,#3336,#227,.T.);
#4304=EDGE_CURVE('',#3341,#3339,#228,.T.);
#4305=EDGE_CURVE('',#3340,#3341,#2027,.T.);
#4306=EDGE_CURVE('',#3342,#3340,#229,.T.);
#4307=EDGE_CURVE('',#3343,#3341,#230,.T.);
#4308=EDGE_CURVE('',#3342,#3343,#2028,.T.);
#4309=EDGE_CURVE('',#3344,#3342,#231,.T.);
#4310=EDGE_CURVE('',#3345,#3343,#232,.T.);
#4311=EDGE_CURVE('',#3344,#3345,#2029,.T.);
#4312=EDGE_CURVE('',#3346,#3344,#233,.T.);
#4313=EDGE_CURVE('',#3347,#3345,#234,.T.);
#4314=EDGE_CURVE('',#3346,#3347,#2030,.T.);
#4315=EDGE_CURVE('',#3348,#3346,#235,.T.);
#4316=EDGE_CURVE('',#3349,#3347,#236,.T.);
#4317=EDGE_CURVE('',#3348,#3349,#2031,.T.);
#4318=EDGE_CURVE('',#3350,#3348,#237,.T.);
#4319=EDGE_CURVE('',#3351,#3349,#238,.T.);
#4320=EDGE_CURVE('',#3350,#3351,#2032,.T.);
#4321=EDGE_CURVE('',#3352,#3350,#239,.T.);
#4322=EDGE_CURVE('',#3353,#3351,#240,.T.);
#4323=EDGE_CURVE('',#3352,#3353,#2033,.T.);
#4324=EDGE_CURVE('',#3354,#3352,#241,.T.);
#4325=EDGE_CURVE('',#3355,#3353,#242,.T.);
#4326=EDGE_CURVE('',#3354,#3355,#2034,.T.);
#4327=EDGE_CURVE('',#3356,#3354,#243,.T.);
#4328=EDGE_CURVE('',#3357,#3355,#244,.T.);
#4329=EDGE_CURVE('',#3356,#3357,#2035,.T.);
#4330=EDGE_CURVE('',#3358,#3356,#245,.T.);
#4331=EDGE_CURVE('',#3359,#3357,#246,.T.);
#4332=EDGE_CURVE('',#3358,#3359,#2036,.T.);
#4333=EDGE_CURVE('',#3360,#3358,#247,.T.);
#4334=EDGE_CURVE('',#3361,#3359,#248,.T.);
#4335=EDGE_CURVE('',#3360,#3361,#2037,.T.);
#4336=EDGE_CURVE('',#3362,#3360,#249,.T.);
#4337=EDGE_CURVE('',#3363,#3361,#250,.T.);
#4338=EDGE_CURVE('',#3362,#3363,#2038,.T.);
#4339=EDGE_CURVE('',#3364,#3362,#2039,.T.);
#4340=EDGE_CURVE('',#3365,#3363,#2040,.T.);
#4341=EDGE_CURVE('',#3364,#3365,#2041,.T.);
#4342=EDGE_CURVE('',#3366,#3364,#251,.T.);
#4343=EDGE_CURVE('',#3367,#3365,#252,.T.);
#4344=EDGE_CURVE('',#3366,#3367,#2042,.T.);
#4345=EDGE_CURVE('',#3368,#3366,#253,.T.);
#4346=EDGE_CURVE('',#3369,#3367,#254,.T.);
#4347=EDGE_CURVE('',#3368,#3369,#2043,.T.);
#4348=EDGE_CURVE('',#3370,#3368,#255,.T.);
#4349=EDGE_CURVE('',#3371,#3369,#256,.T.);
#4350=EDGE_CURVE('',#3370,#3371,#2044,.T.);
#4351=EDGE_CURVE('',#3372,#3370,#257,.T.);
#4352=EDGE_CURVE('',#3373,#3371,#258,.T.);
#4353=EDGE_CURVE('',#3372,#3373,#2045,.T.);
#4354=EDGE_CURVE('',#3374,#3372,#259,.T.);
#4355=EDGE_CURVE('',#3375,#3373,#260,.T.);
#4356=EDGE_CURVE('',#3374,#3375,#2046,.T.);
#4357=EDGE_CURVE('',#3376,#3374,#261,.T.);
#4358=EDGE_CURVE('',#3377,#3375,#262,.T.);
#4359=EDGE_CURVE('',#3376,#3377,#2047,.T.);
#4360=EDGE_CURVE('',#3378,#3376,#263,.T.);
#4361=EDGE_CURVE('',#3379,#3377,#264,.T.);
#4362=EDGE_CURVE('',#3378,#3379,#2048,.T.);
#4363=EDGE_CURVE('',#3380,#3378,#265,.T.);
#4364=EDGE_CURVE('',#3381,#3379,#266,.T.);
#4365=EDGE_CURVE('',#3380,#3381,#2049,.T.);
#4366=EDGE_CURVE('',#3382,#3380,#267,.T.);
#4367=EDGE_CURVE('',#3383,#3381,#268,.T.);
#4368=EDGE_CURVE('',#3382,#3383,#2050,.T.);
#4369=EDGE_CURVE('',#3384,#3382,#269,.T.);
#4370=EDGE_CURVE('',#3385,#3383,#270,.T.);
#4371=EDGE_CURVE('',#3384,#3385,#2051,.T.);
#4372=EDGE_CURVE('',#3386,#3384,#271,.T.);
#4373=EDGE_CURVE('',#3387,#3385,#272,.T.);
#4374=EDGE_CURVE('',#3386,#3387,#2052,.T.);
#4375=EDGE_CURVE('',#3388,#3386,#273,.T.);
#4376=EDGE_CURVE('',#3389,#3387,#274,.T.);
#4377=EDGE_CURVE('',#3388,#3389,#2053,.T.);
#4378=EDGE_CURVE('',#3390,#3388,#275,.T.);
#4379=EDGE_CURVE('',#3391,#3389,#276,.T.);
#4380=EDGE_CURVE('',#3390,#3391,#2054,.T.);
#4381=EDGE_CURVE('',#3392,#3390,#277,.T.);
#4382=EDGE_CURVE('',#3393,#3391,#278,.T.);
#4383=EDGE_CURVE('',#3392,#3393,#2055,.T.);
#4384=EDGE_CURVE('',#3394,#3392,#279,.T.);
#4385=EDGE_CURVE('',#3395,#3393,#280,.T.);
#4386=EDGE_CURVE('',#3394,#3395,#2056,.T.);
#4387=EDGE_CURVE('',#3396,#3394,#281,.T.);
#4388=EDGE_CURVE('',#3397,#3395,#282,.T.);
#4389=EDGE_CURVE('',#3396,#3397,#2057,.T.);
#4390=EDGE_CURVE('',#3398,#3396,#283,.T.);
#4391=EDGE_CURVE('',#3399,#3397,#284,.T.);
#4392=EDGE_CURVE('',#3398,#3399,#2058,.T.);
#4393=EDGE_CURVE('',#3400,#3398,#285,.T.);
#4394=EDGE_CURVE('',#3401,#3399,#286,.T.);
#4395=EDGE_CURVE('',#3400,#3401,#2059,.T.);
#4396=EDGE_CURVE('',#3402,#3400,#2060,.T.);
#4397=EDGE_CURVE('',#3403,#3401,#2061,.T.);
#4398=EDGE_CURVE('',#3402,#3403,#2062,.T.);
#4399=EDGE_CURVE('',#3404,#3402,#287,.T.);
#4400=EDGE_CURVE('',#3405,#3403,#288,.T.);
#4401=EDGE_CURVE('',#3404,#3405,#2063,.T.);
#4402=EDGE_CURVE('',#3337,#3404,#289,.T.);
#4403=EDGE_CURVE('',#3338,#3405,#290,.T.);
#4404=EDGE_CURVE('',#3406,#3407,#291,.T.);
#4405=EDGE_CURVE('',#3406,#3408,#2064,.T.);
#4406=EDGE_CURVE('',#3409,#3408,#292,.T.);
#4407=EDGE_CURVE('',#3407,#3409,#2065,.T.);
#4408=EDGE_CURVE('',#3407,#3410,#293,.T.);
#4409=EDGE_CURVE('',#3411,#3409,#294,.T.);
#4410=EDGE_CURVE('',#3410,#3411,#2066,.T.);
#4411=EDGE_CURVE('',#3410,#3412,#295,.T.);
#4412=EDGE_CURVE('',#3413,#3411,#296,.T.);
#4413=EDGE_CURVE('',#3412,#3413,#2067,.T.);
#4414=EDGE_CURVE('',#3412,#3414,#297,.T.);
#4415=EDGE_CURVE('',#3415,#3413,#298,.T.);
#4416=EDGE_CURVE('',#3414,#3415,#2068,.T.);
#4417=EDGE_CURVE('',#3414,#3416,#299,.T.);
#4418=EDGE_CURVE('',#3417,#3415,#300,.T.);
#4419=EDGE_CURVE('',#3416,#3417,#2069,.T.);
#4420=EDGE_CURVE('',#3416,#3418,#301,.T.);
#4421=EDGE_CURVE('',#3419,#3417,#302,.T.);
#4422=EDGE_CURVE('',#3418,#3419,#2070,.T.);
#4423=EDGE_CURVE('',#3418,#3420,#303,.T.);
#4424=EDGE_CURVE('',#3421,#3419,#304,.T.);
#4425=EDGE_CURVE('',#3420,#3421,#2071,.T.);
#4426=EDGE_CURVE('',#3420,#3422,#305,.T.);
#4427=EDGE_CURVE('',#3423,#3421,#306,.T.);
#4428=EDGE_CURVE('',#3422,#3423,#2072,.T.);
#4429=EDGE_CURVE('',#3422,#3424,#307,.T.);
#4430=EDGE_CURVE('',#3425,#3423,#308,.T.);
#4431=EDGE_CURVE('',#3424,#3425,#2073,.T.);
#4432=EDGE_CURVE('',#3424,#3426,#309,.T.);
#4433=EDGE_CURVE('',#3427,#3425,#310,.T.);
#4434=EDGE_CURVE('',#3426,#3427,#2074,.T.);
#4435=EDGE_CURVE('',#3426,#3428,#311,.T.);
#4436=EDGE_CURVE('',#3429,#3427,#312,.T.);
#4437=EDGE_CURVE('',#3428,#3429,#2075,.T.);
#4438=EDGE_CURVE('',#3428,#3430,#313,.T.);
#4439=EDGE_CURVE('',#3431,#3429,#314,.T.);
#4440=EDGE_CURVE('',#3430,#3431,#2076,.T.);
#4441=EDGE_CURVE('',#3430,#3432,#315,.T.);
#4442=EDGE_CURVE('',#3433,#3431,#316,.T.);
#4443=EDGE_CURVE('',#3432,#3433,#2077,.T.);
#4444=EDGE_CURVE('',#3432,#3434,#317,.T.);
#4445=EDGE_CURVE('',#3435,#3433,#318,.T.);
#4446=EDGE_CURVE('',#3434,#3435,#2078,.T.);
#4447=EDGE_CURVE('',#3434,#3436,#319,.T.);
#4448=EDGE_CURVE('',#3437,#3435,#320,.T.);
#4449=EDGE_CURVE('',#3436,#3437,#2079,.T.);
#4450=EDGE_CURVE('',#3436,#3438,#2080,.T.);
#4451=EDGE_CURVE('',#3439,#3437,#2081,.T.);
#4452=EDGE_CURVE('',#3438,#3439,#2082,.T.);
#4453=EDGE_CURVE('',#3438,#3440,#321,.T.);
#4454=EDGE_CURVE('',#3441,#3439,#322,.T.);
#4455=EDGE_CURVE('',#3440,#3441,#2083,.T.);
#4456=EDGE_CURVE('',#3440,#3442,#323,.T.);
#4457=EDGE_CURVE('',#3443,#3441,#324,.T.);
#4458=EDGE_CURVE('',#3442,#3443,#2084,.T.);
#4459=EDGE_CURVE('',#3442,#3444,#325,.T.);
#4460=EDGE_CURVE('',#3445,#3443,#326,.T.);
#4461=EDGE_CURVE('',#3444,#3445,#2085,.T.);
#4462=EDGE_CURVE('',#3444,#3446,#327,.T.);
#4463=EDGE_CURVE('',#3447,#3445,#328,.T.);
#4464=EDGE_CURVE('',#3446,#3447,#2086,.T.);
#4465=EDGE_CURVE('',#3446,#3448,#329,.T.);
#4466=EDGE_CURVE('',#3449,#3447,#330,.T.);
#4467=EDGE_CURVE('',#3448,#3449,#2087,.T.);
#4468=EDGE_CURVE('',#3448,#3450,#331,.T.);
#4469=EDGE_CURVE('',#3451,#3449,#332,.T.);
#4470=EDGE_CURVE('',#3450,#3451,#2088,.T.);
#4471=EDGE_CURVE('',#3450,#3452,#333,.T.);
#4472=EDGE_CURVE('',#3453,#3451,#334,.T.);
#4473=EDGE_CURVE('',#3452,#3453,#2089,.T.);
#4474=EDGE_CURVE('',#3452,#3454,#335,.T.);
#4475=EDGE_CURVE('',#3455,#3453,#336,.T.);
#4476=EDGE_CURVE('',#3454,#3455,#2090,.T.);
#4477=EDGE_CURVE('',#3454,#3456,#337,.T.);
#4478=EDGE_CURVE('',#3457,#3455,#338,.T.);
#4479=EDGE_CURVE('',#3456,#3457,#2091,.T.);
#4480=EDGE_CURVE('',#3456,#3458,#339,.T.);
#4481=EDGE_CURVE('',#3459,#3457,#340,.T.);
#4482=EDGE_CURVE('',#3458,#3459,#2092,.T.);
#4483=EDGE_CURVE('',#3458,#3460,#341,.T.);
#4484=EDGE_CURVE('',#3461,#3459,#342,.T.);
#4485=EDGE_CURVE('',#3460,#3461,#2093,.T.);
#4486=EDGE_CURVE('',#3460,#3462,#343,.T.);
#4487=EDGE_CURVE('',#3463,#3461,#344,.T.);
#4488=EDGE_CURVE('',#3462,#3463,#2094,.T.);
#4489=EDGE_CURVE('',#3462,#3464,#345,.T.);
#4490=EDGE_CURVE('',#3465,#3463,#346,.T.);
#4491=EDGE_CURVE('',#3464,#3465,#2095,.T.);
#4492=EDGE_CURVE('',#3464,#3466,#347,.T.);
#4493=EDGE_CURVE('',#3467,#3465,#348,.T.);
#4494=EDGE_CURVE('',#3466,#3467,#2096,.T.);
#4495=EDGE_CURVE('',#3466,#3468,#349,.T.);
#4496=EDGE_CURVE('',#3469,#3467,#350,.T.);
#4497=EDGE_CURVE('',#3468,#3469,#2097,.T.);
#4498=EDGE_CURVE('',#3468,#3470,#351,.T.);
#4499=EDGE_CURVE('',#3471,#3469,#352,.T.);
#4500=EDGE_CURVE('',#3470,#3471,#2098,.T.);
#4501=EDGE_CURVE('',#3470,#3472,#353,.T.);
#4502=EDGE_CURVE('',#3473,#3471,#354,.T.);
#4503=EDGE_CURVE('',#3472,#3473,#2099,.T.);
#4504=EDGE_CURVE('',#3472,#3474,#355,.T.);
#4505=EDGE_CURVE('',#3475,#3473,#356,.T.);
#4506=EDGE_CURVE('',#3474,#3475,#2100,.T.);
#4507=EDGE_CURVE('',#3474,#3406,#2101,.T.);
#4508=EDGE_CURVE('',#3408,#3475,#2102,.T.);
#4509=EDGE_CURVE('',#3476,#3477,#2103,.T.);
#4510=EDGE_CURVE('',#3477,#3478,#2104,.T.);
#4511=EDGE_CURVE('',#3479,#3478,#2105,.T.);
#4512=EDGE_CURVE('',#3476,#3479,#2106,.T.);
#4513=EDGE_CURVE('',#3480,#3476,#2107,.T.);
#4514=EDGE_CURVE('',#3481,#3479,#2108,.T.);
#4515=EDGE_CURVE('',#3480,#3481,#2109,.T.);
#4516=EDGE_CURVE('',#3482,#3480,#2110,.T.);
#4517=EDGE_CURVE('',#3483,#3481,#2111,.T.);
#4518=EDGE_CURVE('',#3482,#3483,#2112,.T.);
#4519=EDGE_CURVE('',#3477,#3482,#2113,.T.);
#4520=EDGE_CURVE('',#3478,#3483,#2114,.T.);
#4521=EDGE_CURVE('',#3484,#3485,#2115,.T.);
#4522=EDGE_CURVE('',#3484,#3486,#2116,.T.);
#4523=EDGE_CURVE('',#3487,#3486,#2117,.T.);
#4524=EDGE_CURVE('',#3485,#3487,#2118,.T.);
#4525=EDGE_CURVE('',#3485,#3488,#2119,.T.);
#4526=EDGE_CURVE('',#3489,#3487,#2120,.T.);
#4527=EDGE_CURVE('',#3488,#3489,#2121,.T.);
#4528=EDGE_CURVE('',#3488,#3490,#2122,.T.);
#4529=EDGE_CURVE('',#3491,#3489,#2123,.T.);
#4530=EDGE_CURVE('',#3490,#3491,#2124,.T.);
#4531=EDGE_CURVE('',#3490,#3484,#2125,.T.);
#4532=EDGE_CURVE('',#3486,#3491,#2126,.T.);
#4533=EDGE_CURVE('',#3492,#3493,#357,.T.);
#4534=EDGE_CURVE('',#3493,#3494,#2127,.T.);
#4535=EDGE_CURVE('',#3495,#3494,#358,.T.);
#4536=EDGE_CURVE('',#3492,#3495,#2128,.T.);
#4537=EDGE_CURVE('',#3496,#3492,#359,.T.);
#4538=EDGE_CURVE('',#3497,#3495,#360,.T.);
#4539=EDGE_CURVE('',#3496,#3497,#2129,.T.);
#4540=EDGE_CURVE('',#3498,#3496,#2130,.T.);
#4541=EDGE_CURVE('',#3499,#3497,#2131,.T.);
#4542=EDGE_CURVE('',#3498,#3499,#2132,.T.);
#4543=EDGE_CURVE('',#3500,#3498,#2133,.T.);
#4544=EDGE_CURVE('',#3501,#3499,#2134,.T.);
#4545=EDGE_CURVE('',#3500,#3501,#2135,.T.);
#4546=EDGE_CURVE('',#3502,#3500,#2136,.T.);
#4547=EDGE_CURVE('',#3503,#3501,#2137,.T.);
#4548=EDGE_CURVE('',#3502,#3503,#2138,.T.);
#4549=EDGE_CURVE('',#3504,#3502,#361,.T.);
#4550=EDGE_CURVE('',#3505,#3503,#362,.T.);
#4551=EDGE_CURVE('',#3504,#3505,#2139,.T.);
#4552=EDGE_CURVE('',#3506,#3504,#363,.T.);
#4553=EDGE_CURVE('',#3507,#3505,#364,.T.);
#4554=EDGE_CURVE('',#3506,#3507,#2140,.T.);
#4555=EDGE_CURVE('',#3508,#3506,#2141,.T.);
#4556=EDGE_CURVE('',#3509,#3507,#2142,.T.);
#4557=EDGE_CURVE('',#3508,#3509,#2143,.T.);
#4558=EDGE_CURVE('',#3510,#3508,#2144,.T.);
#4559=EDGE_CURVE('',#3511,#3509,#2145,.T.);
#4560=EDGE_CURVE('',#3510,#3511,#2146,.T.);
#4561=EDGE_CURVE('',#3512,#3510,#2147,.T.);
#4562=EDGE_CURVE('',#3513,#3511,#2148,.T.);
#4563=EDGE_CURVE('',#3512,#3513,#2149,.T.);
#4564=EDGE_CURVE('',#3514,#3512,#365,.T.);
#4565=EDGE_CURVE('',#3515,#3513,#366,.T.);
#4566=EDGE_CURVE('',#3514,#3515,#2150,.T.);
#4567=EDGE_CURVE('',#3516,#3514,#367,.T.);
#4568=EDGE_CURVE('',#3517,#3515,#368,.T.);
#4569=EDGE_CURVE('',#3516,#3517,#2151,.T.);
#4570=EDGE_CURVE('',#3518,#3516,#369,.T.);
#4571=EDGE_CURVE('',#3519,#3517,#370,.T.);
#4572=EDGE_CURVE('',#3518,#3519,#2152,.T.);
#4573=EDGE_CURVE('',#3520,#3518,#371,.T.);
#4574=EDGE_CURVE('',#3521,#3519,#372,.T.);
#4575=EDGE_CURVE('',#3520,#3521,#2153,.T.);
#4576=EDGE_CURVE('',#3522,#3520,#373,.T.);
#4577=EDGE_CURVE('',#3523,#3521,#374,.T.);
#4578=EDGE_CURVE('',#3522,#3523,#2154,.T.);
#4579=EDGE_CURVE('',#3524,#3522,#2155,.T.);
#4580=EDGE_CURVE('',#3525,#3523,#2156,.T.);
#4581=EDGE_CURVE('',#3524,#3525,#2157,.T.);
#4582=EDGE_CURVE('',#3526,#3524,#375,.T.);
#4583=EDGE_CURVE('',#3527,#3525,#376,.T.);
#4584=EDGE_CURVE('',#3526,#3527,#2158,.T.);
#4585=EDGE_CURVE('',#3493,#3526,#377,.T.);
#4586=EDGE_CURVE('',#3494,#3527,#378,.T.);
#4587=EDGE_CURVE('',#3528,#3529,#379,.T.);
#4588=EDGE_CURVE('',#3528,#3530,#2159,.T.);
#4589=EDGE_CURVE('',#3531,#3530,#380,.T.);
#4590=EDGE_CURVE('',#3529,#3531,#2160,.T.);
#4591=EDGE_CURVE('',#3529,#3532,#381,.T.);
#4592=EDGE_CURVE('',#3533,#3531,#382,.T.);
#4593=EDGE_CURVE('',#3532,#3533,#2161,.T.);
#4594=EDGE_CURVE('',#3532,#3534,#383,.T.);
#4595=EDGE_CURVE('',#3535,#3533,#384,.T.);
#4596=EDGE_CURVE('',#3534,#3535,#2162,.T.);
#4597=EDGE_CURVE('',#3534,#3536,#2163,.T.);
#4598=EDGE_CURVE('',#3537,#3535,#2164,.T.);
#4599=EDGE_CURVE('',#3536,#3537,#2165,.T.);
#4600=EDGE_CURVE('',#3536,#3538,#385,.T.);
#4601=EDGE_CURVE('',#3539,#3537,#386,.T.);
#4602=EDGE_CURVE('',#3538,#3539,#2166,.T.);
#4603=EDGE_CURVE('',#3538,#3540,#387,.T.);
#4604=EDGE_CURVE('',#3541,#3539,#388,.T.);
#4605=EDGE_CURVE('',#3540,#3541,#2167,.T.);
#4606=EDGE_CURVE('',#3540,#3542,#389,.T.);
#4607=EDGE_CURVE('',#3543,#3541,#390,.T.);
#4608=EDGE_CURVE('',#3542,#3543,#2168,.T.);
#4609=EDGE_CURVE('',#3542,#3544,#391,.T.);
#4610=EDGE_CURVE('',#3545,#3543,#392,.T.);
#4611=EDGE_CURVE('',#3544,#3545,#2169,.T.);
#4612=EDGE_CURVE('',#3544,#3546,#393,.T.);
#4613=EDGE_CURVE('',#3547,#3545,#394,.T.);
#4614=EDGE_CURVE('',#3546,#3547,#2170,.T.);
#4615=EDGE_CURVE('',#3546,#3548,#2171,.T.);
#4616=EDGE_CURVE('',#3549,#3547,#2172,.T.);
#4617=EDGE_CURVE('',#3548,#3549,#2173,.T.);
#4618=EDGE_CURVE('',#3548,#3550,#2174,.T.);
#4619=EDGE_CURVE('',#3551,#3549,#2175,.T.);
#4620=EDGE_CURVE('',#3550,#3551,#2176,.T.);
#4621=EDGE_CURVE('',#3550,#3552,#2177,.T.);
#4622=EDGE_CURVE('',#3553,#3551,#2178,.T.);
#4623=EDGE_CURVE('',#3552,#3553,#2179,.T.);
#4624=EDGE_CURVE('',#3552,#3554,#395,.T.);
#4625=EDGE_CURVE('',#3555,#3553,#396,.T.);
#4626=EDGE_CURVE('',#3554,#3555,#2180,.T.);
#4627=EDGE_CURVE('',#3554,#3556,#397,.T.);
#4628=EDGE_CURVE('',#3557,#3555,#398,.T.);
#4629=EDGE_CURVE('',#3556,#3557,#2181,.T.);
#4630=EDGE_CURVE('',#3556,#3558,#2182,.T.);
#4631=EDGE_CURVE('',#3559,#3557,#2183,.T.);
#4632=EDGE_CURVE('',#3558,#3559,#2184,.T.);
#4633=EDGE_CURVE('',#3558,#3560,#2185,.T.);
#4634=EDGE_CURVE('',#3561,#3559,#2186,.T.);
#4635=EDGE_CURVE('',#3560,#3561,#2187,.T.);
#4636=EDGE_CURVE('',#3560,#3562,#2188,.T.);
#4637=EDGE_CURVE('',#3563,#3561,#2189,.T.);
#4638=EDGE_CURVE('',#3562,#3563,#2190,.T.);
#4639=EDGE_CURVE('',#3562,#3528,#399,.T.);
#4640=EDGE_CURVE('',#3530,#3563,#400,.T.);
#4641=ORIENTED_EDGE('',*,*,#3564,.F.);
#4642=ORIENTED_EDGE('',*,*,#3565,.T.);
#4643=ORIENTED_EDGE('',*,*,#3566,.T.);
#4644=ORIENTED_EDGE('',*,*,#3567,.F.);
#4645=ORIENTED_EDGE('',*,*,#3568,.F.);
#4646=ORIENTED_EDGE('',*,*,#3569,.T.);
#4647=ORIENTED_EDGE('',*,*,#3570,.T.);
#4648=ORIENTED_EDGE('',*,*,#3565,.F.);
#4649=ORIENTED_EDGE('',*,*,#3571,.F.);
#4650=ORIENTED_EDGE('',*,*,#3572,.T.);
#4651=ORIENTED_EDGE('',*,*,#3573,.T.);
#4652=ORIENTED_EDGE('',*,*,#3569,.F.);
#4653=ORIENTED_EDGE('',*,*,#3574,.F.);
#4654=ORIENTED_EDGE('',*,*,#3575,.T.);
#4655=ORIENTED_EDGE('',*,*,#3576,.T.);
#4656=ORIENTED_EDGE('',*,*,#3572,.F.);
#4657=ORIENTED_EDGE('',*,*,#3577,.F.);
#4658=ORIENTED_EDGE('',*,*,#3578,.T.);
#4659=ORIENTED_EDGE('',*,*,#3579,.T.);
#4660=ORIENTED_EDGE('',*,*,#3575,.F.);
#4661=ORIENTED_EDGE('',*,*,#3580,.F.);
#4662=ORIENTED_EDGE('',*,*,#3567,.T.);
#4663=ORIENTED_EDGE('',*,*,#3581,.T.);
#4664=ORIENTED_EDGE('',*,*,#3578,.F.);
#4665=ORIENTED_EDGE('',*,*,#3581,.F.);
#4666=ORIENTED_EDGE('',*,*,#3566,.F.);
#4667=ORIENTED_EDGE('',*,*,#3570,.F.);
#4668=ORIENTED_EDGE('',*,*,#3573,.F.);
#4669=ORIENTED_EDGE('',*,*,#3576,.F.);
#4670=ORIENTED_EDGE('',*,*,#3579,.F.);
#4671=ORIENTED_EDGE('',*,*,#3582,.F.);
#4672=ORIENTED_EDGE('',*,*,#3583,.T.);
#4673=ORIENTED_EDGE('',*,*,#3584,.T.);
#4674=ORIENTED_EDGE('',*,*,#3583,.F.);
#4675=ORIENTED_EDGE('',*,*,#3584,.F.);
#4676=ORIENTED_EDGE('',*,*,#3585,.F.);
#4677=ORIENTED_EDGE('',*,*,#3586,.T.);
#4678=ORIENTED_EDGE('',*,*,#3587,.T.);
#4679=ORIENTED_EDGE('',*,*,#3586,.F.);
#4680=ORIENTED_EDGE('',*,*,#3587,.F.);
#4681=ORIENTED_EDGE('',*,*,#3588,.F.);
#4682=ORIENTED_EDGE('',*,*,#3589,.T.);
#4683=ORIENTED_EDGE('',*,*,#3590,.T.);
#4684=ORIENTED_EDGE('',*,*,#3589,.F.);
#4685=ORIENTED_EDGE('',*,*,#3590,.F.);
#4686=ORIENTED_EDGE('',*,*,#3591,.F.);
#4687=ORIENTED_EDGE('',*,*,#3592,.T.);
#4688=ORIENTED_EDGE('',*,*,#3593,.T.);
#4689=ORIENTED_EDGE('',*,*,#3592,.F.);
#4690=ORIENTED_EDGE('',*,*,#3593,.F.);
#4691=ORIENTED_EDGE('',*,*,#3594,.T.);
#4692=ORIENTED_EDGE('',*,*,#3595,.T.);
#4693=ORIENTED_EDGE('',*,*,#3596,.F.);
#4694=ORIENTED_EDGE('',*,*,#3597,.F.);
#4695=ORIENTED_EDGE('',*,*,#3598,.T.);
#4696=ORIENTED_EDGE('',*,*,#3597,.T.);
#4697=ORIENTED_EDGE('',*,*,#3599,.F.);
#4698=ORIENTED_EDGE('',*,*,#3600,.F.);
#4699=ORIENTED_EDGE('',*,*,#3601,.T.);
#4700=ORIENTED_EDGE('',*,*,#3600,.T.);
#4701=ORIENTED_EDGE('',*,*,#3602,.F.);
#4702=ORIENTED_EDGE('',*,*,#3603,.F.);
#4703=ORIENTED_EDGE('',*,*,#3604,.T.);
#4704=ORIENTED_EDGE('',*,*,#3603,.T.);
#4705=ORIENTED_EDGE('',*,*,#3605,.F.);
#4706=ORIENTED_EDGE('',*,*,#3606,.F.);
#4707=ORIENTED_EDGE('',*,*,#3607,.T.);
#4708=ORIENTED_EDGE('',*,*,#3606,.T.);
#4709=ORIENTED_EDGE('',*,*,#3608,.F.);
#4710=ORIENTED_EDGE('',*,*,#3609,.F.);
#4711=ORIENTED_EDGE('',*,*,#3610,.T.);
#4712=ORIENTED_EDGE('',*,*,#3609,.T.);
#4713=ORIENTED_EDGE('',*,*,#3611,.F.);
#4714=ORIENTED_EDGE('',*,*,#3612,.F.);
#4715=ORIENTED_EDGE('',*,*,#3613,.T.);
#4716=ORIENTED_EDGE('',*,*,#3612,.T.);
#4717=ORIENTED_EDGE('',*,*,#3614,.F.);
#4718=ORIENTED_EDGE('',*,*,#3615,.F.);
#4719=ORIENTED_EDGE('',*,*,#3616,.T.);
#4720=ORIENTED_EDGE('',*,*,#3615,.T.);
#4721=ORIENTED_EDGE('',*,*,#3617,.F.);
#4722=ORIENTED_EDGE('',*,*,#3618,.F.);
#4723=ORIENTED_EDGE('',*,*,#3619,.T.);
#4724=ORIENTED_EDGE('',*,*,#3618,.T.);
#4725=ORIENTED_EDGE('',*,*,#3620,.F.);
#4726=ORIENTED_EDGE('',*,*,#3621,.F.);
#4727=ORIENTED_EDGE('',*,*,#3622,.T.);
#4728=ORIENTED_EDGE('',*,*,#3621,.T.);
#4729=ORIENTED_EDGE('',*,*,#3623,.F.);
#4730=ORIENTED_EDGE('',*,*,#3624,.F.);
#4731=ORIENTED_EDGE('',*,*,#3625,.T.);
#4732=ORIENTED_EDGE('',*,*,#3624,.T.);
#4733=ORIENTED_EDGE('',*,*,#3626,.F.);
#4734=ORIENTED_EDGE('',*,*,#3595,.F.);
#4735=ORIENTED_EDGE('',*,*,#3627,.T.);
#4736=ORIENTED_EDGE('',*,*,#3628,.T.);
#4737=ORIENTED_EDGE('',*,*,#3629,.F.);
#4738=ORIENTED_EDGE('',*,*,#3630,.F.);
#4739=ORIENTED_EDGE('',*,*,#3631,.T.);
#4740=ORIENTED_EDGE('',*,*,#3630,.T.);
#4741=ORIENTED_EDGE('',*,*,#3632,.F.);
#4742=ORIENTED_EDGE('',*,*,#3633,.F.);
#4743=ORIENTED_EDGE('',*,*,#3634,.T.);
#4744=ORIENTED_EDGE('',*,*,#3633,.T.);
#4745=ORIENTED_EDGE('',*,*,#3635,.F.);
#4746=ORIENTED_EDGE('',*,*,#3636,.F.);
#4747=ORIENTED_EDGE('',*,*,#3564,.T.);
#4748=ORIENTED_EDGE('',*,*,#3580,.T.);
#4749=ORIENTED_EDGE('',*,*,#3577,.T.);
#4750=ORIENTED_EDGE('',*,*,#3574,.T.);
#4751=ORIENTED_EDGE('',*,*,#3571,.T.);
#4752=ORIENTED_EDGE('',*,*,#3568,.T.);
#4753=ORIENTED_EDGE('',*,*,#3637,.T.);
#4754=ORIENTED_EDGE('',*,*,#3636,.T.);
#4755=ORIENTED_EDGE('',*,*,#3638,.F.);
#4756=ORIENTED_EDGE('',*,*,#3639,.F.);
#4757=ORIENTED_EDGE('',*,*,#3640,.T.);
#4758=ORIENTED_EDGE('',*,*,#3639,.T.);
#4759=ORIENTED_EDGE('',*,*,#3641,.F.);
#4760=ORIENTED_EDGE('',*,*,#3642,.F.);
#4761=ORIENTED_EDGE('',*,*,#3643,.T.);
#4762=ORIENTED_EDGE('',*,*,#3642,.T.);
#4763=ORIENTED_EDGE('',*,*,#3644,.F.);
#4764=ORIENTED_EDGE('',*,*,#3645,.F.);
#4765=ORIENTED_EDGE('',*,*,#3646,.T.);
#4766=ORIENTED_EDGE('',*,*,#3645,.T.);
#4767=ORIENTED_EDGE('',*,*,#3647,.F.);
#4768=ORIENTED_EDGE('',*,*,#3648,.F.);
#4769=ORIENTED_EDGE('',*,*,#3649,.T.);
#4770=ORIENTED_EDGE('',*,*,#3648,.T.);
#4771=ORIENTED_EDGE('',*,*,#3650,.F.);
#4772=ORIENTED_EDGE('',*,*,#3628,.F.);
#4773=ORIENTED_EDGE('',*,*,#3650,.T.);
#4774=ORIENTED_EDGE('',*,*,#3647,.T.);
#4775=ORIENTED_EDGE('',*,*,#3644,.T.);
#4776=ORIENTED_EDGE('',*,*,#3641,.T.);
#4777=ORIENTED_EDGE('',*,*,#3638,.T.);
#4778=ORIENTED_EDGE('',*,*,#3635,.T.);
#4779=ORIENTED_EDGE('',*,*,#3632,.T.);
#4780=ORIENTED_EDGE('',*,*,#3629,.T.);
#4781=ORIENTED_EDGE('',*,*,#3626,.T.);
#4782=ORIENTED_EDGE('',*,*,#3623,.T.);
#4783=ORIENTED_EDGE('',*,*,#3620,.T.);
#4784=ORIENTED_EDGE('',*,*,#3617,.T.);
#4785=ORIENTED_EDGE('',*,*,#3614,.T.);
#4786=ORIENTED_EDGE('',*,*,#3611,.T.);
#4787=ORIENTED_EDGE('',*,*,#3608,.T.);
#4788=ORIENTED_EDGE('',*,*,#3605,.T.);
#4789=ORIENTED_EDGE('',*,*,#3602,.T.);
#4790=ORIENTED_EDGE('',*,*,#3599,.T.);
#4791=ORIENTED_EDGE('',*,*,#3596,.T.);
#4792=ORIENTED_EDGE('',*,*,#3649,.F.);
#4793=ORIENTED_EDGE('',*,*,#3627,.F.);
#4794=ORIENTED_EDGE('',*,*,#3631,.F.);
#4795=ORIENTED_EDGE('',*,*,#3634,.F.);
#4796=ORIENTED_EDGE('',*,*,#3637,.F.);
#4797=ORIENTED_EDGE('',*,*,#3640,.F.);
#4798=ORIENTED_EDGE('',*,*,#3643,.F.);
#4799=ORIENTED_EDGE('',*,*,#3646,.F.);
#4800=ORIENTED_EDGE('',*,*,#3625,.F.);
#4801=ORIENTED_EDGE('',*,*,#3594,.F.);
#4802=ORIENTED_EDGE('',*,*,#3598,.F.);
#4803=ORIENTED_EDGE('',*,*,#3601,.F.);
#4804=ORIENTED_EDGE('',*,*,#3604,.F.);
#4805=ORIENTED_EDGE('',*,*,#3607,.F.);
#4806=ORIENTED_EDGE('',*,*,#3610,.F.);
#4807=ORIENTED_EDGE('',*,*,#3613,.F.);
#4808=ORIENTED_EDGE('',*,*,#3616,.F.);
#4809=ORIENTED_EDGE('',*,*,#3619,.F.);
#4810=ORIENTED_EDGE('',*,*,#3622,.F.);
#4811=ORIENTED_EDGE('',*,*,#3591,.T.);
#4812=ORIENTED_EDGE('',*,*,#3588,.T.);
#4813=ORIENTED_EDGE('',*,*,#3585,.T.);
#4814=ORIENTED_EDGE('',*,*,#3582,.T.);
#4815=ORIENTED_EDGE('',*,*,#3651,.F.);
#4816=ORIENTED_EDGE('',*,*,#3652,.F.);
#4817=ORIENTED_EDGE('',*,*,#3653,.F.);
#4818=ORIENTED_EDGE('',*,*,#3654,.T.);
#4819=ORIENTED_EDGE('',*,*,#3655,.F.);
#4820=ORIENTED_EDGE('',*,*,#3654,.F.);
#4821=ORIENTED_EDGE('',*,*,#3656,.F.);
#4822=ORIENTED_EDGE('',*,*,#3657,.T.);
#4823=ORIENTED_EDGE('',*,*,#3658,.F.);
#4824=ORIENTED_EDGE('',*,*,#3657,.F.);
#4825=ORIENTED_EDGE('',*,*,#3659,.F.);
#4826=ORIENTED_EDGE('',*,*,#3660,.T.);
#4827=ORIENTED_EDGE('',*,*,#3661,.F.);
#4828=ORIENTED_EDGE('',*,*,#3660,.F.);
#4829=ORIENTED_EDGE('',*,*,#3662,.F.);
#4830=ORIENTED_EDGE('',*,*,#3652,.T.);
#4831=ORIENTED_EDGE('',*,*,#3663,.F.);
#4832=ORIENTED_EDGE('',*,*,#3664,.T.);
#4833=ORIENTED_EDGE('',*,*,#3665,.F.);
#4834=ORIENTED_EDGE('',*,*,#3666,.F.);
#4835=ORIENTED_EDGE('',*,*,#3667,.T.);
#4836=ORIENTED_EDGE('',*,*,#3666,.T.);
#4837=ORIENTED_EDGE('',*,*,#3668,.F.);
#4838=ORIENTED_EDGE('',*,*,#3669,.F.);
#4839=ORIENTED_EDGE('',*,*,#3670,.T.);
#4840=ORIENTED_EDGE('',*,*,#3669,.T.);
#4841=ORIENTED_EDGE('',*,*,#3671,.F.);
#4842=ORIENTED_EDGE('',*,*,#3672,.F.);
#4843=ORIENTED_EDGE('',*,*,#3673,.T.);
#4844=ORIENTED_EDGE('',*,*,#3672,.T.);
#4845=ORIENTED_EDGE('',*,*,#3674,.F.);
#4846=ORIENTED_EDGE('',*,*,#3675,.F.);
#4847=ORIENTED_EDGE('',*,*,#3676,.T.);
#4848=ORIENTED_EDGE('',*,*,#3675,.T.);
#4849=ORIENTED_EDGE('',*,*,#3677,.F.);
#4850=ORIENTED_EDGE('',*,*,#3678,.F.);
#4851=ORIENTED_EDGE('',*,*,#3679,.T.);
#4852=ORIENTED_EDGE('',*,*,#3678,.T.);
#4853=ORIENTED_EDGE('',*,*,#3680,.F.);
#4854=ORIENTED_EDGE('',*,*,#3664,.F.);
#4855=ORIENTED_EDGE('',*,*,#3680,.T.);
#4856=ORIENTED_EDGE('',*,*,#3677,.T.);
#4857=ORIENTED_EDGE('',*,*,#3674,.T.);
#4858=ORIENTED_EDGE('',*,*,#3671,.T.);
#4859=ORIENTED_EDGE('',*,*,#3668,.T.);
#4860=ORIENTED_EDGE('',*,*,#3665,.T.);
#4861=ORIENTED_EDGE('',*,*,#3658,.T.);
#4862=ORIENTED_EDGE('',*,*,#3661,.T.);
#4863=ORIENTED_EDGE('',*,*,#3651,.T.);
#4864=ORIENTED_EDGE('',*,*,#3655,.T.);
#4865=ORIENTED_EDGE('',*,*,#3679,.F.);
#4866=ORIENTED_EDGE('',*,*,#3663,.T.);
#4867=ORIENTED_EDGE('',*,*,#3667,.F.);
#4868=ORIENTED_EDGE('',*,*,#3670,.F.);
#4869=ORIENTED_EDGE('',*,*,#3673,.F.);
#4870=ORIENTED_EDGE('',*,*,#3676,.F.);
#4871=ORIENTED_EDGE('',*,*,#3659,.T.);
#4872=ORIENTED_EDGE('',*,*,#3656,.T.);
#4873=ORIENTED_EDGE('',*,*,#3653,.T.);
#4874=ORIENTED_EDGE('',*,*,#3662,.T.);
#4875=ORIENTED_EDGE('',*,*,#3681,.F.);
#4876=ORIENTED_EDGE('',*,*,#3682,.T.);
#4877=ORIENTED_EDGE('',*,*,#3683,.F.);
#4878=ORIENTED_EDGE('',*,*,#3684,.F.);
#4879=ORIENTED_EDGE('',*,*,#3685,.F.);
#4880=ORIENTED_EDGE('',*,*,#3684,.T.);
#4881=ORIENTED_EDGE('',*,*,#3686,.F.);
#4882=ORIENTED_EDGE('',*,*,#3687,.F.);
#4883=ORIENTED_EDGE('',*,*,#3688,.F.);
#4884=ORIENTED_EDGE('',*,*,#3687,.T.);
#4885=ORIENTED_EDGE('',*,*,#3689,.F.);
#4886=ORIENTED_EDGE('',*,*,#3690,.F.);
#4887=ORIENTED_EDGE('',*,*,#3691,.F.);
#4888=ORIENTED_EDGE('',*,*,#3690,.T.);
#4889=ORIENTED_EDGE('',*,*,#3692,.F.);
#4890=ORIENTED_EDGE('',*,*,#3693,.F.);
#4891=ORIENTED_EDGE('',*,*,#3694,.F.);
#4892=ORIENTED_EDGE('',*,*,#3693,.T.);
#4893=ORIENTED_EDGE('',*,*,#3695,.F.);
#4894=ORIENTED_EDGE('',*,*,#3696,.F.);
#4895=ORIENTED_EDGE('',*,*,#3697,.F.);
#4896=ORIENTED_EDGE('',*,*,#3696,.T.);
#4897=ORIENTED_EDGE('',*,*,#3698,.F.);
#4898=ORIENTED_EDGE('',*,*,#3699,.F.);
#4899=ORIENTED_EDGE('',*,*,#3700,.F.);
#4900=ORIENTED_EDGE('',*,*,#3699,.T.);
#4901=ORIENTED_EDGE('',*,*,#3701,.F.);
#4902=ORIENTED_EDGE('',*,*,#3702,.F.);
#4903=ORIENTED_EDGE('',*,*,#3703,.F.);
#4904=ORIENTED_EDGE('',*,*,#3702,.T.);
#4905=ORIENTED_EDGE('',*,*,#3704,.F.);
#4906=ORIENTED_EDGE('',*,*,#3705,.F.);
#4907=ORIENTED_EDGE('',*,*,#3706,.F.);
#4908=ORIENTED_EDGE('',*,*,#3705,.T.);
#4909=ORIENTED_EDGE('',*,*,#3707,.F.);
#4910=ORIENTED_EDGE('',*,*,#3708,.F.);
#4911=ORIENTED_EDGE('',*,*,#3709,.F.);
#4912=ORIENTED_EDGE('',*,*,#3708,.T.);
#4913=ORIENTED_EDGE('',*,*,#3710,.F.);
#4914=ORIENTED_EDGE('',*,*,#3711,.F.);
#4915=ORIENTED_EDGE('',*,*,#3712,.F.);
#4916=ORIENTED_EDGE('',*,*,#3711,.T.);
#4917=ORIENTED_EDGE('',*,*,#3713,.F.);
#4918=ORIENTED_EDGE('',*,*,#3714,.F.);
#4919=ORIENTED_EDGE('',*,*,#3715,.F.);
#4920=ORIENTED_EDGE('',*,*,#3714,.T.);
#4921=ORIENTED_EDGE('',*,*,#3716,.F.);
#4922=ORIENTED_EDGE('',*,*,#3717,.F.);
#4923=ORIENTED_EDGE('',*,*,#3718,.F.);
#4924=ORIENTED_EDGE('',*,*,#3717,.T.);
#4925=ORIENTED_EDGE('',*,*,#3719,.F.);
#4926=ORIENTED_EDGE('',*,*,#3720,.F.);
#4927=ORIENTED_EDGE('',*,*,#3721,.F.);
#4928=ORIENTED_EDGE('',*,*,#3720,.T.);
#4929=ORIENTED_EDGE('',*,*,#3722,.F.);
#4930=ORIENTED_EDGE('',*,*,#3723,.F.);
#4931=ORIENTED_EDGE('',*,*,#3724,.F.);
#4932=ORIENTED_EDGE('',*,*,#3723,.T.);
#4933=ORIENTED_EDGE('',*,*,#3725,.F.);
#4934=ORIENTED_EDGE('',*,*,#3726,.F.);
#4935=ORIENTED_EDGE('',*,*,#3727,.F.);
#4936=ORIENTED_EDGE('',*,*,#3726,.T.);
#4937=ORIENTED_EDGE('',*,*,#3728,.F.);
#4938=ORIENTED_EDGE('',*,*,#3729,.F.);
#4939=ORIENTED_EDGE('',*,*,#3730,.F.);
#4940=ORIENTED_EDGE('',*,*,#3729,.T.);
#4941=ORIENTED_EDGE('',*,*,#3731,.F.);
#4942=ORIENTED_EDGE('',*,*,#3732,.F.);
#4943=ORIENTED_EDGE('',*,*,#3733,.F.);
#4944=ORIENTED_EDGE('',*,*,#3732,.T.);
#4945=ORIENTED_EDGE('',*,*,#3734,.F.);
#4946=ORIENTED_EDGE('',*,*,#3735,.F.);
#4947=ORIENTED_EDGE('',*,*,#3736,.F.);
#4948=ORIENTED_EDGE('',*,*,#3735,.T.);
#4949=ORIENTED_EDGE('',*,*,#3737,.F.);
#4950=ORIENTED_EDGE('',*,*,#3738,.F.);
#4951=ORIENTED_EDGE('',*,*,#3739,.F.);
#4952=ORIENTED_EDGE('',*,*,#3738,.T.);
#4953=ORIENTED_EDGE('',*,*,#3740,.F.);
#4954=ORIENTED_EDGE('',*,*,#3682,.F.);
#4955=ORIENTED_EDGE('',*,*,#3740,.T.);
#4956=ORIENTED_EDGE('',*,*,#3737,.T.);
#4957=ORIENTED_EDGE('',*,*,#3734,.T.);
#4958=ORIENTED_EDGE('',*,*,#3731,.T.);
#4959=ORIENTED_EDGE('',*,*,#3728,.T.);
#4960=ORIENTED_EDGE('',*,*,#3725,.T.);
#4961=ORIENTED_EDGE('',*,*,#3722,.T.);
#4962=ORIENTED_EDGE('',*,*,#3719,.T.);
#4963=ORIENTED_EDGE('',*,*,#3716,.T.);
#4964=ORIENTED_EDGE('',*,*,#3713,.T.);
#4965=ORIENTED_EDGE('',*,*,#3710,.T.);
#4966=ORIENTED_EDGE('',*,*,#3707,.T.);
#4967=ORIENTED_EDGE('',*,*,#3704,.T.);
#4968=ORIENTED_EDGE('',*,*,#3701,.T.);
#4969=ORIENTED_EDGE('',*,*,#3698,.T.);
#4970=ORIENTED_EDGE('',*,*,#3695,.T.);
#4971=ORIENTED_EDGE('',*,*,#3692,.T.);
#4972=ORIENTED_EDGE('',*,*,#3689,.T.);
#4973=ORIENTED_EDGE('',*,*,#3686,.T.);
#4974=ORIENTED_EDGE('',*,*,#3683,.T.);
#4975=ORIENTED_EDGE('',*,*,#3739,.T.);
#4976=ORIENTED_EDGE('',*,*,#3681,.T.);
#4977=ORIENTED_EDGE('',*,*,#3685,.T.);
#4978=ORIENTED_EDGE('',*,*,#3688,.T.);
#4979=ORIENTED_EDGE('',*,*,#3691,.T.);
#4980=ORIENTED_EDGE('',*,*,#3694,.T.);
#4981=ORIENTED_EDGE('',*,*,#3697,.T.);
#4982=ORIENTED_EDGE('',*,*,#3700,.T.);
#4983=ORIENTED_EDGE('',*,*,#3703,.T.);
#4984=ORIENTED_EDGE('',*,*,#3706,.T.);
#4985=ORIENTED_EDGE('',*,*,#3709,.T.);
#4986=ORIENTED_EDGE('',*,*,#3712,.T.);
#4987=ORIENTED_EDGE('',*,*,#3715,.T.);
#4988=ORIENTED_EDGE('',*,*,#3718,.T.);
#4989=ORIENTED_EDGE('',*,*,#3721,.T.);
#4990=ORIENTED_EDGE('',*,*,#3724,.T.);
#4991=ORIENTED_EDGE('',*,*,#3727,.T.);
#4992=ORIENTED_EDGE('',*,*,#3730,.T.);
#4993=ORIENTED_EDGE('',*,*,#3733,.T.);
#4994=ORIENTED_EDGE('',*,*,#3736,.T.);
#4995=ORIENTED_EDGE('',*,*,#3741,.T.);
#4996=ORIENTED_EDGE('',*,*,#3742,.T.);
#4997=ORIENTED_EDGE('',*,*,#3743,.F.);
#4998=ORIENTED_EDGE('',*,*,#3744,.F.);
#4999=ORIENTED_EDGE('',*,*,#3745,.T.);
#5000=ORIENTED_EDGE('',*,*,#3744,.T.);
#5001=ORIENTED_EDGE('',*,*,#3746,.F.);
#5002=ORIENTED_EDGE('',*,*,#3747,.F.);
#5003=ORIENTED_EDGE('',*,*,#3748,.T.);
#5004=ORIENTED_EDGE('',*,*,#3747,.T.);
#5005=ORIENTED_EDGE('',*,*,#3749,.F.);
#5006=ORIENTED_EDGE('',*,*,#3750,.F.);
#5007=ORIENTED_EDGE('',*,*,#3751,.T.);
#5008=ORIENTED_EDGE('',*,*,#3750,.T.);
#5009=ORIENTED_EDGE('',*,*,#3752,.F.);
#5010=ORIENTED_EDGE('',*,*,#3753,.F.);
#5011=ORIENTED_EDGE('',*,*,#3754,.T.);
#5012=ORIENTED_EDGE('',*,*,#3753,.T.);
#5013=ORIENTED_EDGE('',*,*,#3755,.F.);
#5014=ORIENTED_EDGE('',*,*,#3756,.F.);
#5015=ORIENTED_EDGE('',*,*,#3757,.T.);
#5016=ORIENTED_EDGE('',*,*,#3756,.T.);
#5017=ORIENTED_EDGE('',*,*,#3758,.F.);
#5018=ORIENTED_EDGE('',*,*,#3759,.F.);
#5019=ORIENTED_EDGE('',*,*,#3760,.T.);
#5020=ORIENTED_EDGE('',*,*,#3759,.T.);
#5021=ORIENTED_EDGE('',*,*,#3761,.F.);
#5022=ORIENTED_EDGE('',*,*,#3762,.F.);
#5023=ORIENTED_EDGE('',*,*,#3763,.T.);
#5024=ORIENTED_EDGE('',*,*,#3762,.T.);
#5025=ORIENTED_EDGE('',*,*,#3764,.F.);
#5026=ORIENTED_EDGE('',*,*,#3742,.F.);
#5027=ORIENTED_EDGE('',*,*,#3765,.F.);
#5028=ORIENTED_EDGE('',*,*,#3766,.T.);
#5029=ORIENTED_EDGE('',*,*,#3767,.F.);
#5030=ORIENTED_EDGE('',*,*,#3768,.F.);
#5031=ORIENTED_EDGE('',*,*,#3769,.F.);
#5032=ORIENTED_EDGE('',*,*,#3768,.T.);
#5033=ORIENTED_EDGE('',*,*,#3770,.F.);
#5034=ORIENTED_EDGE('',*,*,#3771,.F.);
#5035=ORIENTED_EDGE('',*,*,#3772,.F.);
#5036=ORIENTED_EDGE('',*,*,#3771,.T.);
#5037=ORIENTED_EDGE('',*,*,#3773,.F.);
#5038=ORIENTED_EDGE('',*,*,#3774,.F.);
#5039=ORIENTED_EDGE('',*,*,#3775,.F.);
#5040=ORIENTED_EDGE('',*,*,#3774,.T.);
#5041=ORIENTED_EDGE('',*,*,#3776,.F.);
#5042=ORIENTED_EDGE('',*,*,#3777,.F.);
#5043=ORIENTED_EDGE('',*,*,#3778,.F.);
#5044=ORIENTED_EDGE('',*,*,#3777,.T.);
#5045=ORIENTED_EDGE('',*,*,#3779,.F.);
#5046=ORIENTED_EDGE('',*,*,#3780,.F.);
#5047=ORIENTED_EDGE('',*,*,#3781,.F.);
#5048=ORIENTED_EDGE('',*,*,#3780,.T.);
#5049=ORIENTED_EDGE('',*,*,#3782,.F.);
#5050=ORIENTED_EDGE('',*,*,#3783,.F.);
#5051=ORIENTED_EDGE('',*,*,#3784,.F.);
#5052=ORIENTED_EDGE('',*,*,#3783,.T.);
#5053=ORIENTED_EDGE('',*,*,#3785,.F.);
#5054=ORIENTED_EDGE('',*,*,#3786,.F.);
#5055=ORIENTED_EDGE('',*,*,#3787,.F.);
#5056=ORIENTED_EDGE('',*,*,#3786,.T.);
#5057=ORIENTED_EDGE('',*,*,#3788,.F.);
#5058=ORIENTED_EDGE('',*,*,#3789,.F.);
#5059=ORIENTED_EDGE('',*,*,#3790,.F.);
#5060=ORIENTED_EDGE('',*,*,#3789,.T.);
#5061=ORIENTED_EDGE('',*,*,#3791,.F.);
#5062=ORIENTED_EDGE('',*,*,#3792,.F.);
#5063=ORIENTED_EDGE('',*,*,#3793,.F.);
#5064=ORIENTED_EDGE('',*,*,#3792,.T.);
#5065=ORIENTED_EDGE('',*,*,#3794,.F.);
#5066=ORIENTED_EDGE('',*,*,#3795,.F.);
#5067=ORIENTED_EDGE('',*,*,#3796,.F.);
#5068=ORIENTED_EDGE('',*,*,#3795,.T.);
#5069=ORIENTED_EDGE('',*,*,#3797,.F.);
#5070=ORIENTED_EDGE('',*,*,#3798,.F.);
#5071=ORIENTED_EDGE('',*,*,#3799,.F.);
#5072=ORIENTED_EDGE('',*,*,#3798,.T.);
#5073=ORIENTED_EDGE('',*,*,#3800,.F.);
#5074=ORIENTED_EDGE('',*,*,#3801,.F.);
#5075=ORIENTED_EDGE('',*,*,#3802,.F.);
#5076=ORIENTED_EDGE('',*,*,#3801,.T.);
#5077=ORIENTED_EDGE('',*,*,#3803,.F.);
#5078=ORIENTED_EDGE('',*,*,#3804,.F.);
#5079=ORIENTED_EDGE('',*,*,#3805,.F.);
#5080=ORIENTED_EDGE('',*,*,#3804,.T.);
#5081=ORIENTED_EDGE('',*,*,#3806,.F.);
#5082=ORIENTED_EDGE('',*,*,#3807,.F.);
#5083=ORIENTED_EDGE('',*,*,#3808,.F.);
#5084=ORIENTED_EDGE('',*,*,#3807,.T.);
#5085=ORIENTED_EDGE('',*,*,#3809,.F.);
#5086=ORIENTED_EDGE('',*,*,#3766,.F.);
#5087=ORIENTED_EDGE('',*,*,#3809,.T.);
#5088=ORIENTED_EDGE('',*,*,#3806,.T.);
#5089=ORIENTED_EDGE('',*,*,#3803,.T.);
#5090=ORIENTED_EDGE('',*,*,#3800,.T.);
#5091=ORIENTED_EDGE('',*,*,#3797,.T.);
#5092=ORIENTED_EDGE('',*,*,#3794,.T.);
#5093=ORIENTED_EDGE('',*,*,#3791,.T.);
#5094=ORIENTED_EDGE('',*,*,#3788,.T.);
#5095=ORIENTED_EDGE('',*,*,#3785,.T.);
#5096=ORIENTED_EDGE('',*,*,#3782,.T.);
#5097=ORIENTED_EDGE('',*,*,#3779,.T.);
#5098=ORIENTED_EDGE('',*,*,#3776,.T.);
#5099=ORIENTED_EDGE('',*,*,#3773,.T.);
#5100=ORIENTED_EDGE('',*,*,#3770,.T.);
#5101=ORIENTED_EDGE('',*,*,#3767,.T.);
#5102=ORIENTED_EDGE('',*,*,#3764,.T.);
#5103=ORIENTED_EDGE('',*,*,#3761,.T.);
#5104=ORIENTED_EDGE('',*,*,#3758,.T.);
#5105=ORIENTED_EDGE('',*,*,#3755,.T.);
#5106=ORIENTED_EDGE('',*,*,#3752,.T.);
#5107=ORIENTED_EDGE('',*,*,#3749,.T.);
#5108=ORIENTED_EDGE('',*,*,#3746,.T.);
#5109=ORIENTED_EDGE('',*,*,#3743,.T.);
#5110=ORIENTED_EDGE('',*,*,#3808,.T.);
#5111=ORIENTED_EDGE('',*,*,#3765,.T.);
#5112=ORIENTED_EDGE('',*,*,#3769,.T.);
#5113=ORIENTED_EDGE('',*,*,#3772,.T.);
#5114=ORIENTED_EDGE('',*,*,#3775,.T.);
#5115=ORIENTED_EDGE('',*,*,#3778,.T.);
#5116=ORIENTED_EDGE('',*,*,#3781,.T.);
#5117=ORIENTED_EDGE('',*,*,#3784,.T.);
#5118=ORIENTED_EDGE('',*,*,#3787,.T.);
#5119=ORIENTED_EDGE('',*,*,#3790,.T.);
#5120=ORIENTED_EDGE('',*,*,#3793,.T.);
#5121=ORIENTED_EDGE('',*,*,#3796,.T.);
#5122=ORIENTED_EDGE('',*,*,#3799,.T.);
#5123=ORIENTED_EDGE('',*,*,#3802,.T.);
#5124=ORIENTED_EDGE('',*,*,#3805,.T.);
#5125=ORIENTED_EDGE('',*,*,#3763,.F.);
#5126=ORIENTED_EDGE('',*,*,#3741,.F.);
#5127=ORIENTED_EDGE('',*,*,#3745,.F.);
#5128=ORIENTED_EDGE('',*,*,#3748,.F.);
#5129=ORIENTED_EDGE('',*,*,#3751,.F.);
#5130=ORIENTED_EDGE('',*,*,#3754,.F.);
#5131=ORIENTED_EDGE('',*,*,#3757,.F.);
#5132=ORIENTED_EDGE('',*,*,#3760,.F.);
#5133=ORIENTED_EDGE('',*,*,#3810,.F.);
#5134=ORIENTED_EDGE('',*,*,#3811,.T.);
#5135=ORIENTED_EDGE('',*,*,#3812,.F.);
#5136=ORIENTED_EDGE('',*,*,#3813,.F.);
#5137=ORIENTED_EDGE('',*,*,#3814,.F.);
#5138=ORIENTED_EDGE('',*,*,#3813,.T.);
#5139=ORIENTED_EDGE('',*,*,#3815,.F.);
#5140=ORIENTED_EDGE('',*,*,#3816,.F.);
#5141=ORIENTED_EDGE('',*,*,#3817,.F.);
#5142=ORIENTED_EDGE('',*,*,#3816,.T.);
#5143=ORIENTED_EDGE('',*,*,#3818,.F.);
#5144=ORIENTED_EDGE('',*,*,#3819,.F.);
#5145=ORIENTED_EDGE('',*,*,#3820,.F.);
#5146=ORIENTED_EDGE('',*,*,#3819,.T.);
#5147=ORIENTED_EDGE('',*,*,#3821,.F.);
#5148=ORIENTED_EDGE('',*,*,#3811,.F.);
#5149=ORIENTED_EDGE('',*,*,#3821,.T.);
#5150=ORIENTED_EDGE('',*,*,#3818,.T.);
#5151=ORIENTED_EDGE('',*,*,#3815,.T.);
#5152=ORIENTED_EDGE('',*,*,#3812,.T.);
#5153=ORIENTED_EDGE('',*,*,#3820,.T.);
#5154=ORIENTED_EDGE('',*,*,#3810,.T.);
#5155=ORIENTED_EDGE('',*,*,#3814,.T.);
#5156=ORIENTED_EDGE('',*,*,#3817,.T.);
#5157=ORIENTED_EDGE('',*,*,#3822,.F.);
#5158=ORIENTED_EDGE('',*,*,#3823,.T.);
#5159=ORIENTED_EDGE('',*,*,#3824,.F.);
#5160=ORIENTED_EDGE('',*,*,#3825,.F.);
#5161=ORIENTED_EDGE('',*,*,#3826,.F.);
#5162=ORIENTED_EDGE('',*,*,#3825,.T.);
#5163=ORIENTED_EDGE('',*,*,#3827,.F.);
#5164=ORIENTED_EDGE('',*,*,#3828,.F.);
#5165=ORIENTED_EDGE('',*,*,#3829,.F.);
#5166=ORIENTED_EDGE('',*,*,#3828,.T.);
#5167=ORIENTED_EDGE('',*,*,#3830,.F.);
#5168=ORIENTED_EDGE('',*,*,#3831,.F.);
#5169=ORIENTED_EDGE('',*,*,#3832,.F.);
#5170=ORIENTED_EDGE('',*,*,#3831,.T.);
#5171=ORIENTED_EDGE('',*,*,#3833,.F.);
#5172=ORIENTED_EDGE('',*,*,#3823,.F.);
#5173=ORIENTED_EDGE('',*,*,#3833,.T.);
#5174=ORIENTED_EDGE('',*,*,#3830,.T.);
#5175=ORIENTED_EDGE('',*,*,#3827,.T.);
#5176=ORIENTED_EDGE('',*,*,#3824,.T.);
#5177=ORIENTED_EDGE('',*,*,#3832,.T.);
#5178=ORIENTED_EDGE('',*,*,#3822,.T.);
#5179=ORIENTED_EDGE('',*,*,#3826,.T.);
#5180=ORIENTED_EDGE('',*,*,#3829,.T.);
#5181=ORIENTED_EDGE('',*,*,#3834,.F.);
#5182=ORIENTED_EDGE('',*,*,#3835,.T.);
#5183=ORIENTED_EDGE('',*,*,#3836,.F.);
#5184=ORIENTED_EDGE('',*,*,#3837,.F.);
#5185=ORIENTED_EDGE('',*,*,#3838,.F.);
#5186=ORIENTED_EDGE('',*,*,#3837,.T.);
#5187=ORIENTED_EDGE('',*,*,#3839,.F.);
#5188=ORIENTED_EDGE('',*,*,#3840,.F.);
#5189=ORIENTED_EDGE('',*,*,#3841,.F.);
#5190=ORIENTED_EDGE('',*,*,#3840,.T.);
#5191=ORIENTED_EDGE('',*,*,#3842,.F.);
#5192=ORIENTED_EDGE('',*,*,#3843,.F.);
#5193=ORIENTED_EDGE('',*,*,#3844,.F.);
#5194=ORIENTED_EDGE('',*,*,#3843,.T.);
#5195=ORIENTED_EDGE('',*,*,#3845,.F.);
#5196=ORIENTED_EDGE('',*,*,#3835,.F.);
#5197=ORIENTED_EDGE('',*,*,#3845,.T.);
#5198=ORIENTED_EDGE('',*,*,#3842,.T.);
#5199=ORIENTED_EDGE('',*,*,#3839,.T.);
#5200=ORIENTED_EDGE('',*,*,#3836,.T.);
#5201=ORIENTED_EDGE('',*,*,#3844,.T.);
#5202=ORIENTED_EDGE('',*,*,#3834,.T.);
#5203=ORIENTED_EDGE('',*,*,#3838,.T.);
#5204=ORIENTED_EDGE('',*,*,#3841,.T.);
#5205=ORIENTED_EDGE('',*,*,#3846,.F.);
#5206=ORIENTED_EDGE('',*,*,#3847,.T.);
#5207=ORIENTED_EDGE('',*,*,#3848,.F.);
#5208=ORIENTED_EDGE('',*,*,#3849,.F.);
#5209=ORIENTED_EDGE('',*,*,#3850,.F.);
#5210=ORIENTED_EDGE('',*,*,#3849,.T.);
#5211=ORIENTED_EDGE('',*,*,#3851,.F.);
#5212=ORIENTED_EDGE('',*,*,#3852,.F.);
#5213=ORIENTED_EDGE('',*,*,#3853,.F.);
#5214=ORIENTED_EDGE('',*,*,#3852,.T.);
#5215=ORIENTED_EDGE('',*,*,#3854,.F.);
#5216=ORIENTED_EDGE('',*,*,#3855,.F.);
#5217=ORIENTED_EDGE('',*,*,#3856,.F.);
#5218=ORIENTED_EDGE('',*,*,#3855,.T.);
#5219=ORIENTED_EDGE('',*,*,#3857,.F.);
#5220=ORIENTED_EDGE('',*,*,#3858,.F.);
#5221=ORIENTED_EDGE('',*,*,#3859,.F.);
#5222=ORIENTED_EDGE('',*,*,#3858,.T.);
#5223=ORIENTED_EDGE('',*,*,#3860,.F.);
#5224=ORIENTED_EDGE('',*,*,#3861,.F.);
#5225=ORIENTED_EDGE('',*,*,#3862,.F.);
#5226=ORIENTED_EDGE('',*,*,#3861,.T.);
#5227=ORIENTED_EDGE('',*,*,#3863,.F.);
#5228=ORIENTED_EDGE('',*,*,#3864,.F.);
#5229=ORIENTED_EDGE('',*,*,#3865,.F.);
#5230=ORIENTED_EDGE('',*,*,#3864,.T.);
#5231=ORIENTED_EDGE('',*,*,#3866,.F.);
#5232=ORIENTED_EDGE('',*,*,#3867,.F.);
#5233=ORIENTED_EDGE('',*,*,#3868,.F.);
#5234=ORIENTED_EDGE('',*,*,#3867,.T.);
#5235=ORIENTED_EDGE('',*,*,#3869,.F.);
#5236=ORIENTED_EDGE('',*,*,#3870,.F.);
#5237=ORIENTED_EDGE('',*,*,#3871,.F.);
#5238=ORIENTED_EDGE('',*,*,#3870,.T.);
#5239=ORIENTED_EDGE('',*,*,#3872,.F.);
#5240=ORIENTED_EDGE('',*,*,#3873,.F.);
#5241=ORIENTED_EDGE('',*,*,#3874,.F.);
#5242=ORIENTED_EDGE('',*,*,#3873,.T.);
#5243=ORIENTED_EDGE('',*,*,#3875,.F.);
#5244=ORIENTED_EDGE('',*,*,#3876,.F.);
#5245=ORIENTED_EDGE('',*,*,#3877,.F.);
#5246=ORIENTED_EDGE('',*,*,#3876,.T.);
#5247=ORIENTED_EDGE('',*,*,#3878,.F.);
#5248=ORIENTED_EDGE('',*,*,#3879,.F.);
#5249=ORIENTED_EDGE('',*,*,#3880,.F.);
#5250=ORIENTED_EDGE('',*,*,#3879,.T.);
#5251=ORIENTED_EDGE('',*,*,#3881,.F.);
#5252=ORIENTED_EDGE('',*,*,#3882,.F.);
#5253=ORIENTED_EDGE('',*,*,#3883,.F.);
#5254=ORIENTED_EDGE('',*,*,#3882,.T.);
#5255=ORIENTED_EDGE('',*,*,#3884,.F.);
#5256=ORIENTED_EDGE('',*,*,#3885,.F.);
#5257=ORIENTED_EDGE('',*,*,#3886,.F.);
#5258=ORIENTED_EDGE('',*,*,#3885,.T.);
#5259=ORIENTED_EDGE('',*,*,#3887,.F.);
#5260=ORIENTED_EDGE('',*,*,#3888,.F.);
#5261=ORIENTED_EDGE('',*,*,#3889,.F.);
#5262=ORIENTED_EDGE('',*,*,#3888,.T.);
#5263=ORIENTED_EDGE('',*,*,#3890,.F.);
#5264=ORIENTED_EDGE('',*,*,#3891,.F.);
#5265=ORIENTED_EDGE('',*,*,#3892,.F.);
#5266=ORIENTED_EDGE('',*,*,#3891,.T.);
#5267=ORIENTED_EDGE('',*,*,#3893,.F.);
#5268=ORIENTED_EDGE('',*,*,#3894,.F.);
#5269=ORIENTED_EDGE('',*,*,#3895,.F.);
#5270=ORIENTED_EDGE('',*,*,#3894,.T.);
#5271=ORIENTED_EDGE('',*,*,#3896,.F.);
#5272=ORIENTED_EDGE('',*,*,#3897,.F.);
#5273=ORIENTED_EDGE('',*,*,#3898,.F.);
#5274=ORIENTED_EDGE('',*,*,#3897,.T.);
#5275=ORIENTED_EDGE('',*,*,#3899,.F.);
#5276=ORIENTED_EDGE('',*,*,#3900,.F.);
#5277=ORIENTED_EDGE('',*,*,#3901,.F.);
#5278=ORIENTED_EDGE('',*,*,#3900,.T.);
#5279=ORIENTED_EDGE('',*,*,#3902,.F.);
#5280=ORIENTED_EDGE('',*,*,#3903,.F.);
#5281=ORIENTED_EDGE('',*,*,#3904,.F.);
#5282=ORIENTED_EDGE('',*,*,#3903,.T.);
#5283=ORIENTED_EDGE('',*,*,#3905,.F.);
#5284=ORIENTED_EDGE('',*,*,#3906,.F.);
#5285=ORIENTED_EDGE('',*,*,#3907,.F.);
#5286=ORIENTED_EDGE('',*,*,#3906,.T.);
#5287=ORIENTED_EDGE('',*,*,#3908,.F.);
#5288=ORIENTED_EDGE('',*,*,#3909,.F.);
#5289=ORIENTED_EDGE('',*,*,#3910,.F.);
#5290=ORIENTED_EDGE('',*,*,#3909,.T.);
#5291=ORIENTED_EDGE('',*,*,#3911,.F.);
#5292=ORIENTED_EDGE('',*,*,#3912,.F.);
#5293=ORIENTED_EDGE('',*,*,#3913,.F.);
#5294=ORIENTED_EDGE('',*,*,#3912,.T.);
#5295=ORIENTED_EDGE('',*,*,#3914,.F.);
#5296=ORIENTED_EDGE('',*,*,#3915,.F.);
#5297=ORIENTED_EDGE('',*,*,#3916,.F.);
#5298=ORIENTED_EDGE('',*,*,#3915,.T.);
#5299=ORIENTED_EDGE('',*,*,#3917,.F.);
#5300=ORIENTED_EDGE('',*,*,#3918,.F.);
#5301=ORIENTED_EDGE('',*,*,#3919,.F.);
#5302=ORIENTED_EDGE('',*,*,#3918,.T.);
#5303=ORIENTED_EDGE('',*,*,#3920,.F.);
#5304=ORIENTED_EDGE('',*,*,#3921,.F.);
#5305=ORIENTED_EDGE('',*,*,#3922,.F.);
#5306=ORIENTED_EDGE('',*,*,#3921,.T.);
#5307=ORIENTED_EDGE('',*,*,#3923,.F.);
#5308=ORIENTED_EDGE('',*,*,#3924,.F.);
#5309=ORIENTED_EDGE('',*,*,#3925,.F.);
#5310=ORIENTED_EDGE('',*,*,#3924,.T.);
#5311=ORIENTED_EDGE('',*,*,#3926,.F.);
#5312=ORIENTED_EDGE('',*,*,#3927,.F.);
#5313=ORIENTED_EDGE('',*,*,#3928,.F.);
#5314=ORIENTED_EDGE('',*,*,#3927,.T.);
#5315=ORIENTED_EDGE('',*,*,#3929,.F.);
#5316=ORIENTED_EDGE('',*,*,#3930,.F.);
#5317=ORIENTED_EDGE('',*,*,#3931,.F.);
#5318=ORIENTED_EDGE('',*,*,#3930,.T.);
#5319=ORIENTED_EDGE('',*,*,#3932,.F.);
#5320=ORIENTED_EDGE('',*,*,#3933,.F.);
#5321=ORIENTED_EDGE('',*,*,#3934,.F.);
#5322=ORIENTED_EDGE('',*,*,#3933,.T.);
#5323=ORIENTED_EDGE('',*,*,#3935,.F.);
#5324=ORIENTED_EDGE('',*,*,#3936,.F.);
#5325=ORIENTED_EDGE('',*,*,#3937,.F.);
#5326=ORIENTED_EDGE('',*,*,#3936,.T.);
#5327=ORIENTED_EDGE('',*,*,#3938,.F.);
#5328=ORIENTED_EDGE('',*,*,#3939,.F.);
#5329=ORIENTED_EDGE('',*,*,#3940,.F.);
#5330=ORIENTED_EDGE('',*,*,#3939,.T.);
#5331=ORIENTED_EDGE('',*,*,#3941,.F.);
#5332=ORIENTED_EDGE('',*,*,#3942,.F.);
#5333=ORIENTED_EDGE('',*,*,#3943,.F.);
#5334=ORIENTED_EDGE('',*,*,#3942,.T.);
#5335=ORIENTED_EDGE('',*,*,#3944,.F.);
#5336=ORIENTED_EDGE('',*,*,#3945,.F.);
#5337=ORIENTED_EDGE('',*,*,#3946,.F.);
#5338=ORIENTED_EDGE('',*,*,#3945,.T.);
#5339=ORIENTED_EDGE('',*,*,#3947,.F.);
#5340=ORIENTED_EDGE('',*,*,#3948,.F.);
#5341=ORIENTED_EDGE('',*,*,#3949,.F.);
#5342=ORIENTED_EDGE('',*,*,#3948,.T.);
#5343=ORIENTED_EDGE('',*,*,#3950,.F.);
#5344=ORIENTED_EDGE('',*,*,#3847,.F.);
#5345=ORIENTED_EDGE('',*,*,#3950,.T.);
#5346=ORIENTED_EDGE('',*,*,#3947,.T.);
#5347=ORIENTED_EDGE('',*,*,#3944,.T.);
#5348=ORIENTED_EDGE('',*,*,#3941,.T.);
#5349=ORIENTED_EDGE('',*,*,#3938,.T.);
#5350=ORIENTED_EDGE('',*,*,#3935,.T.);
#5351=ORIENTED_EDGE('',*,*,#3932,.T.);
#5352=ORIENTED_EDGE('',*,*,#3929,.T.);
#5353=ORIENTED_EDGE('',*,*,#3926,.T.);
#5354=ORIENTED_EDGE('',*,*,#3923,.T.);
#5355=ORIENTED_EDGE('',*,*,#3920,.T.);
#5356=ORIENTED_EDGE('',*,*,#3917,.T.);
#5357=ORIENTED_EDGE('',*,*,#3914,.T.);
#5358=ORIENTED_EDGE('',*,*,#3911,.T.);
#5359=ORIENTED_EDGE('',*,*,#3908,.T.);
#5360=ORIENTED_EDGE('',*,*,#3905,.T.);
#5361=ORIENTED_EDGE('',*,*,#3902,.T.);
#5362=ORIENTED_EDGE('',*,*,#3899,.T.);
#5363=ORIENTED_EDGE('',*,*,#3896,.T.);
#5364=ORIENTED_EDGE('',*,*,#3893,.T.);
#5365=ORIENTED_EDGE('',*,*,#3890,.T.);
#5366=ORIENTED_EDGE('',*,*,#3887,.T.);
#5367=ORIENTED_EDGE('',*,*,#3884,.T.);
#5368=ORIENTED_EDGE('',*,*,#3881,.T.);
#5369=ORIENTED_EDGE('',*,*,#3878,.T.);
#5370=ORIENTED_EDGE('',*,*,#3875,.T.);
#5371=ORIENTED_EDGE('',*,*,#3872,.T.);
#5372=ORIENTED_EDGE('',*,*,#3869,.T.);
#5373=ORIENTED_EDGE('',*,*,#3866,.T.);
#5374=ORIENTED_EDGE('',*,*,#3863,.T.);
#5375=ORIENTED_EDGE('',*,*,#3860,.T.);
#5376=ORIENTED_EDGE('',*,*,#3857,.T.);
#5377=ORIENTED_EDGE('',*,*,#3854,.T.);
#5378=ORIENTED_EDGE('',*,*,#3851,.T.);
#5379=ORIENTED_EDGE('',*,*,#3848,.T.);
#5380=ORIENTED_EDGE('',*,*,#3949,.T.);
#5381=ORIENTED_EDGE('',*,*,#3846,.T.);
#5382=ORIENTED_EDGE('',*,*,#3850,.T.);
#5383=ORIENTED_EDGE('',*,*,#3853,.T.);
#5384=ORIENTED_EDGE('',*,*,#3856,.T.);
#5385=ORIENTED_EDGE('',*,*,#3859,.T.);
#5386=ORIENTED_EDGE('',*,*,#3862,.T.);
#5387=ORIENTED_EDGE('',*,*,#3865,.T.);
#5388=ORIENTED_EDGE('',*,*,#3868,.T.);
#5389=ORIENTED_EDGE('',*,*,#3871,.T.);
#5390=ORIENTED_EDGE('',*,*,#3874,.T.);
#5391=ORIENTED_EDGE('',*,*,#3877,.T.);
#5392=ORIENTED_EDGE('',*,*,#3880,.T.);
#5393=ORIENTED_EDGE('',*,*,#3883,.T.);
#5394=ORIENTED_EDGE('',*,*,#3886,.T.);
#5395=ORIENTED_EDGE('',*,*,#3889,.T.);
#5396=ORIENTED_EDGE('',*,*,#3892,.T.);
#5397=ORIENTED_EDGE('',*,*,#3895,.T.);
#5398=ORIENTED_EDGE('',*,*,#3898,.T.);
#5399=ORIENTED_EDGE('',*,*,#3901,.T.);
#5400=ORIENTED_EDGE('',*,*,#3904,.T.);
#5401=ORIENTED_EDGE('',*,*,#3907,.T.);
#5402=ORIENTED_EDGE('',*,*,#3910,.T.);
#5403=ORIENTED_EDGE('',*,*,#3913,.T.);
#5404=ORIENTED_EDGE('',*,*,#3916,.T.);
#5405=ORIENTED_EDGE('',*,*,#3919,.T.);
#5406=ORIENTED_EDGE('',*,*,#3922,.T.);
#5407=ORIENTED_EDGE('',*,*,#3925,.T.);
#5408=ORIENTED_EDGE('',*,*,#3928,.T.);
#5409=ORIENTED_EDGE('',*,*,#3931,.T.);
#5410=ORIENTED_EDGE('',*,*,#3934,.T.);
#5411=ORIENTED_EDGE('',*,*,#3937,.T.);
#5412=ORIENTED_EDGE('',*,*,#3940,.T.);
#5413=ORIENTED_EDGE('',*,*,#3943,.T.);
#5414=ORIENTED_EDGE('',*,*,#3946,.T.);
#5415=ORIENTED_EDGE('',*,*,#3951,.F.);
#5416=ORIENTED_EDGE('',*,*,#3952,.T.);
#5417=ORIENTED_EDGE('',*,*,#3953,.F.);
#5418=ORIENTED_EDGE('',*,*,#3954,.F.);
#5419=ORIENTED_EDGE('',*,*,#3955,.F.);
#5420=ORIENTED_EDGE('',*,*,#3954,.T.);
#5421=ORIENTED_EDGE('',*,*,#3956,.F.);
#5422=ORIENTED_EDGE('',*,*,#3957,.F.);
#5423=ORIENTED_EDGE('',*,*,#3958,.F.);
#5424=ORIENTED_EDGE('',*,*,#3957,.T.);
#5425=ORIENTED_EDGE('',*,*,#3959,.F.);
#5426=ORIENTED_EDGE('',*,*,#3960,.F.);
#5427=ORIENTED_EDGE('',*,*,#3961,.F.);
#5428=ORIENTED_EDGE('',*,*,#3960,.T.);
#5429=ORIENTED_EDGE('',*,*,#3962,.F.);
#5430=ORIENTED_EDGE('',*,*,#3952,.F.);
#5431=ORIENTED_EDGE('',*,*,#3962,.T.);
#5432=ORIENTED_EDGE('',*,*,#3959,.T.);
#5433=ORIENTED_EDGE('',*,*,#3956,.T.);
#5434=ORIENTED_EDGE('',*,*,#3953,.T.);
#5435=ORIENTED_EDGE('',*,*,#3961,.T.);
#5436=ORIENTED_EDGE('',*,*,#3951,.T.);
#5437=ORIENTED_EDGE('',*,*,#3955,.T.);
#5438=ORIENTED_EDGE('',*,*,#3958,.T.);
#5439=ORIENTED_EDGE('',*,*,#3963,.F.);
#5440=ORIENTED_EDGE('',*,*,#3964,.T.);
#5441=ORIENTED_EDGE('',*,*,#3965,.F.);
#5442=ORIENTED_EDGE('',*,*,#3966,.F.);
#5443=ORIENTED_EDGE('',*,*,#3967,.F.);
#5444=ORIENTED_EDGE('',*,*,#3966,.T.);
#5445=ORIENTED_EDGE('',*,*,#3968,.F.);
#5446=ORIENTED_EDGE('',*,*,#3969,.F.);
#5447=ORIENTED_EDGE('',*,*,#3970,.F.);
#5448=ORIENTED_EDGE('',*,*,#3969,.T.);
#5449=ORIENTED_EDGE('',*,*,#3971,.F.);
#5450=ORIENTED_EDGE('',*,*,#3972,.F.);
#5451=ORIENTED_EDGE('',*,*,#3973,.F.);
#5452=ORIENTED_EDGE('',*,*,#3972,.T.);
#5453=ORIENTED_EDGE('',*,*,#3974,.F.);
#5454=ORIENTED_EDGE('',*,*,#3975,.F.);
#5455=ORIENTED_EDGE('',*,*,#3976,.F.);
#5456=ORIENTED_EDGE('',*,*,#3975,.T.);
#5457=ORIENTED_EDGE('',*,*,#3977,.F.);
#5458=ORIENTED_EDGE('',*,*,#3978,.F.);
#5459=ORIENTED_EDGE('',*,*,#3979,.F.);
#5460=ORIENTED_EDGE('',*,*,#3978,.T.);
#5461=ORIENTED_EDGE('',*,*,#3980,.F.);
#5462=ORIENTED_EDGE('',*,*,#3981,.F.);
#5463=ORIENTED_EDGE('',*,*,#3982,.F.);
#5464=ORIENTED_EDGE('',*,*,#3981,.T.);
#5465=ORIENTED_EDGE('',*,*,#3983,.F.);
#5466=ORIENTED_EDGE('',*,*,#3984,.F.);
#5467=ORIENTED_EDGE('',*,*,#3985,.F.);
#5468=ORIENTED_EDGE('',*,*,#3984,.T.);
#5469=ORIENTED_EDGE('',*,*,#3986,.F.);
#5470=ORIENTED_EDGE('',*,*,#3987,.F.);
#5471=ORIENTED_EDGE('',*,*,#3988,.F.);
#5472=ORIENTED_EDGE('',*,*,#3987,.T.);
#5473=ORIENTED_EDGE('',*,*,#3989,.F.);
#5474=ORIENTED_EDGE('',*,*,#3990,.F.);
#5475=ORIENTED_EDGE('',*,*,#3991,.F.);
#5476=ORIENTED_EDGE('',*,*,#3990,.T.);
#5477=ORIENTED_EDGE('',*,*,#3992,.F.);
#5478=ORIENTED_EDGE('',*,*,#3993,.F.);
#5479=ORIENTED_EDGE('',*,*,#3994,.F.);
#5480=ORIENTED_EDGE('',*,*,#3993,.T.);
#5481=ORIENTED_EDGE('',*,*,#3995,.F.);
#5482=ORIENTED_EDGE('',*,*,#3996,.F.);
#5483=ORIENTED_EDGE('',*,*,#3997,.F.);
#5484=ORIENTED_EDGE('',*,*,#3996,.T.);
#5485=ORIENTED_EDGE('',*,*,#3998,.F.);
#5486=ORIENTED_EDGE('',*,*,#3999,.F.);
#5487=ORIENTED_EDGE('',*,*,#4000,.F.);
#5488=ORIENTED_EDGE('',*,*,#3999,.T.);
#5489=ORIENTED_EDGE('',*,*,#4001,.F.);
#5490=ORIENTED_EDGE('',*,*,#4002,.F.);
#5491=ORIENTED_EDGE('',*,*,#4003,.F.);
#5492=ORIENTED_EDGE('',*,*,#4002,.T.);
#5493=ORIENTED_EDGE('',*,*,#4004,.F.);
#5494=ORIENTED_EDGE('',*,*,#4005,.F.);
#5495=ORIENTED_EDGE('',*,*,#4006,.F.);
#5496=ORIENTED_EDGE('',*,*,#4005,.T.);
#5497=ORIENTED_EDGE('',*,*,#4007,.F.);
#5498=ORIENTED_EDGE('',*,*,#4008,.F.);
#5499=ORIENTED_EDGE('',*,*,#4009,.F.);
#5500=ORIENTED_EDGE('',*,*,#4008,.T.);
#5501=ORIENTED_EDGE('',*,*,#4010,.F.);
#5502=ORIENTED_EDGE('',*,*,#4011,.F.);
#5503=ORIENTED_EDGE('',*,*,#4012,.F.);
#5504=ORIENTED_EDGE('',*,*,#4011,.T.);
#5505=ORIENTED_EDGE('',*,*,#4013,.F.);
#5506=ORIENTED_EDGE('',*,*,#4014,.F.);
#5507=ORIENTED_EDGE('',*,*,#4015,.F.);
#5508=ORIENTED_EDGE('',*,*,#4014,.T.);
#5509=ORIENTED_EDGE('',*,*,#4016,.F.);
#5510=ORIENTED_EDGE('',*,*,#3964,.F.);
#5511=ORIENTED_EDGE('',*,*,#4016,.T.);
#5512=ORIENTED_EDGE('',*,*,#4013,.T.);
#5513=ORIENTED_EDGE('',*,*,#4010,.T.);
#5514=ORIENTED_EDGE('',*,*,#4007,.T.);
#5515=ORIENTED_EDGE('',*,*,#4004,.T.);
#5516=ORIENTED_EDGE('',*,*,#4001,.T.);
#5517=ORIENTED_EDGE('',*,*,#3998,.T.);
#5518=ORIENTED_EDGE('',*,*,#3995,.T.);
#5519=ORIENTED_EDGE('',*,*,#3992,.T.);
#5520=ORIENTED_EDGE('',*,*,#3989,.T.);
#5521=ORIENTED_EDGE('',*,*,#3986,.T.);
#5522=ORIENTED_EDGE('',*,*,#3983,.T.);
#5523=ORIENTED_EDGE('',*,*,#3980,.T.);
#5524=ORIENTED_EDGE('',*,*,#3977,.T.);
#5525=ORIENTED_EDGE('',*,*,#3974,.T.);
#5526=ORIENTED_EDGE('',*,*,#3971,.T.);
#5527=ORIENTED_EDGE('',*,*,#3968,.T.);
#5528=ORIENTED_EDGE('',*,*,#3965,.T.);
#5529=ORIENTED_EDGE('',*,*,#4015,.T.);
#5530=ORIENTED_EDGE('',*,*,#3963,.T.);
#5531=ORIENTED_EDGE('',*,*,#3967,.T.);
#5532=ORIENTED_EDGE('',*,*,#3970,.T.);
#5533=ORIENTED_EDGE('',*,*,#3973,.T.);
#5534=ORIENTED_EDGE('',*,*,#3976,.T.);
#5535=ORIENTED_EDGE('',*,*,#3979,.T.);
#5536=ORIENTED_EDGE('',*,*,#3982,.T.);
#5537=ORIENTED_EDGE('',*,*,#3985,.T.);
#5538=ORIENTED_EDGE('',*,*,#3988,.T.);
#5539=ORIENTED_EDGE('',*,*,#3991,.T.);
#5540=ORIENTED_EDGE('',*,*,#3994,.T.);
#5541=ORIENTED_EDGE('',*,*,#3997,.T.);
#5542=ORIENTED_EDGE('',*,*,#4000,.T.);
#5543=ORIENTED_EDGE('',*,*,#4003,.T.);
#5544=ORIENTED_EDGE('',*,*,#4006,.T.);
#5545=ORIENTED_EDGE('',*,*,#4009,.T.);
#5546=ORIENTED_EDGE('',*,*,#4012,.T.);
#5547=ORIENTED_EDGE('',*,*,#4017,.T.);
#5548=ORIENTED_EDGE('',*,*,#4018,.T.);
#5549=ORIENTED_EDGE('',*,*,#4019,.F.);
#5550=ORIENTED_EDGE('',*,*,#4020,.F.);
#5551=ORIENTED_EDGE('',*,*,#4021,.T.);
#5552=ORIENTED_EDGE('',*,*,#4020,.T.);
#5553=ORIENTED_EDGE('',*,*,#4022,.F.);
#5554=ORIENTED_EDGE('',*,*,#4023,.F.);
#5555=ORIENTED_EDGE('',*,*,#4024,.T.);
#5556=ORIENTED_EDGE('',*,*,#4023,.T.);
#5557=ORIENTED_EDGE('',*,*,#4025,.F.);
#5558=ORIENTED_EDGE('',*,*,#4026,.F.);
#5559=ORIENTED_EDGE('',*,*,#4027,.T.);
#5560=ORIENTED_EDGE('',*,*,#4026,.T.);
#5561=ORIENTED_EDGE('',*,*,#4028,.F.);
#5562=ORIENTED_EDGE('',*,*,#4029,.F.);
#5563=ORIENTED_EDGE('',*,*,#4030,.T.);
#5564=ORIENTED_EDGE('',*,*,#4029,.T.);
#5565=ORIENTED_EDGE('',*,*,#4031,.F.);
#5566=ORIENTED_EDGE('',*,*,#4032,.F.);
#5567=ORIENTED_EDGE('',*,*,#4033,.T.);
#5568=ORIENTED_EDGE('',*,*,#4032,.T.);
#5569=ORIENTED_EDGE('',*,*,#4034,.F.);
#5570=ORIENTED_EDGE('',*,*,#4035,.F.);
#5571=ORIENTED_EDGE('',*,*,#4036,.T.);
#5572=ORIENTED_EDGE('',*,*,#4035,.T.);
#5573=ORIENTED_EDGE('',*,*,#4037,.F.);
#5574=ORIENTED_EDGE('',*,*,#4038,.F.);
#5575=ORIENTED_EDGE('',*,*,#4039,.T.);
#5576=ORIENTED_EDGE('',*,*,#4038,.T.);
#5577=ORIENTED_EDGE('',*,*,#4040,.F.);
#5578=ORIENTED_EDGE('',*,*,#4041,.F.);
#5579=ORIENTED_EDGE('',*,*,#4042,.T.);
#5580=ORIENTED_EDGE('',*,*,#4041,.T.);
#5581=ORIENTED_EDGE('',*,*,#4043,.F.);
#5582=ORIENTED_EDGE('',*,*,#4044,.F.);
#5583=ORIENTED_EDGE('',*,*,#4045,.T.);
#5584=ORIENTED_EDGE('',*,*,#4044,.T.);
#5585=ORIENTED_EDGE('',*,*,#4046,.F.);
#5586=ORIENTED_EDGE('',*,*,#4047,.F.);
#5587=ORIENTED_EDGE('',*,*,#4048,.T.);
#5588=ORIENTED_EDGE('',*,*,#4047,.T.);
#5589=ORIENTED_EDGE('',*,*,#4049,.F.);
#5590=ORIENTED_EDGE('',*,*,#4050,.F.);
#5591=ORIENTED_EDGE('',*,*,#4051,.T.);
#5592=ORIENTED_EDGE('',*,*,#4050,.T.);
#5593=ORIENTED_EDGE('',*,*,#4052,.F.);
#5594=ORIENTED_EDGE('',*,*,#4053,.F.);
#5595=ORIENTED_EDGE('',*,*,#4054,.T.);
#5596=ORIENTED_EDGE('',*,*,#4053,.T.);
#5597=ORIENTED_EDGE('',*,*,#4055,.F.);
#5598=ORIENTED_EDGE('',*,*,#4056,.F.);
#5599=ORIENTED_EDGE('',*,*,#4057,.T.);
#5600=ORIENTED_EDGE('',*,*,#4056,.T.);
#5601=ORIENTED_EDGE('',*,*,#4058,.F.);
#5602=ORIENTED_EDGE('',*,*,#4059,.F.);
#5603=ORIENTED_EDGE('',*,*,#4060,.T.);
#5604=ORIENTED_EDGE('',*,*,#4059,.T.);
#5605=ORIENTED_EDGE('',*,*,#4061,.F.);
#5606=ORIENTED_EDGE('',*,*,#4062,.F.);
#5607=ORIENTED_EDGE('',*,*,#4063,.T.);
#5608=ORIENTED_EDGE('',*,*,#4062,.T.);
#5609=ORIENTED_EDGE('',*,*,#4064,.F.);
#5610=ORIENTED_EDGE('',*,*,#4065,.F.);
#5611=ORIENTED_EDGE('',*,*,#4066,.T.);
#5612=ORIENTED_EDGE('',*,*,#4065,.T.);
#5613=ORIENTED_EDGE('',*,*,#4067,.F.);
#5614=ORIENTED_EDGE('',*,*,#4068,.F.);
#5615=ORIENTED_EDGE('',*,*,#4069,.T.);
#5616=ORIENTED_EDGE('',*,*,#4068,.T.);
#5617=ORIENTED_EDGE('',*,*,#4070,.F.);
#5618=ORIENTED_EDGE('',*,*,#4071,.F.);
#5619=ORIENTED_EDGE('',*,*,#4072,.T.);
#5620=ORIENTED_EDGE('',*,*,#4071,.T.);
#5621=ORIENTED_EDGE('',*,*,#4073,.F.);
#5622=ORIENTED_EDGE('',*,*,#4074,.F.);
#5623=ORIENTED_EDGE('',*,*,#4075,.T.);
#5624=ORIENTED_EDGE('',*,*,#4074,.T.);
#5625=ORIENTED_EDGE('',*,*,#4076,.F.);
#5626=ORIENTED_EDGE('',*,*,#4018,.F.);
#5627=ORIENTED_EDGE('',*,*,#4077,.F.);
#5628=ORIENTED_EDGE('',*,*,#4078,.T.);
#5629=ORIENTED_EDGE('',*,*,#4079,.F.);
#5630=ORIENTED_EDGE('',*,*,#4080,.F.);
#5631=ORIENTED_EDGE('',*,*,#4081,.F.);
#5632=ORIENTED_EDGE('',*,*,#4080,.T.);
#5633=ORIENTED_EDGE('',*,*,#4082,.F.);
#5634=ORIENTED_EDGE('',*,*,#4083,.F.);
#5635=ORIENTED_EDGE('',*,*,#4084,.F.);
#5636=ORIENTED_EDGE('',*,*,#4083,.T.);
#5637=ORIENTED_EDGE('',*,*,#4085,.F.);
#5638=ORIENTED_EDGE('',*,*,#4086,.F.);
#5639=ORIENTED_EDGE('',*,*,#4087,.F.);
#5640=ORIENTED_EDGE('',*,*,#4086,.T.);
#5641=ORIENTED_EDGE('',*,*,#4088,.F.);
#5642=ORIENTED_EDGE('',*,*,#4089,.F.);
#5643=ORIENTED_EDGE('',*,*,#4090,.F.);
#5644=ORIENTED_EDGE('',*,*,#4089,.T.);
#5645=ORIENTED_EDGE('',*,*,#4091,.F.);
#5646=ORIENTED_EDGE('',*,*,#4092,.F.);
#5647=ORIENTED_EDGE('',*,*,#4093,.F.);
#5648=ORIENTED_EDGE('',*,*,#4092,.T.);
#5649=ORIENTED_EDGE('',*,*,#4094,.F.);
#5650=ORIENTED_EDGE('',*,*,#4095,.F.);
#5651=ORIENTED_EDGE('',*,*,#4096,.F.);
#5652=ORIENTED_EDGE('',*,*,#4095,.T.);
#5653=ORIENTED_EDGE('',*,*,#4097,.F.);
#5654=ORIENTED_EDGE('',*,*,#4098,.F.);
#5655=ORIENTED_EDGE('',*,*,#4099,.F.);
#5656=ORIENTED_EDGE('',*,*,#4098,.T.);
#5657=ORIENTED_EDGE('',*,*,#4100,.F.);
#5658=ORIENTED_EDGE('',*,*,#4101,.F.);
#5659=ORIENTED_EDGE('',*,*,#4102,.F.);
#5660=ORIENTED_EDGE('',*,*,#4101,.T.);
#5661=ORIENTED_EDGE('',*,*,#4103,.F.);
#5662=ORIENTED_EDGE('',*,*,#4104,.F.);
#5663=ORIENTED_EDGE('',*,*,#4105,.F.);
#5664=ORIENTED_EDGE('',*,*,#4104,.T.);
#5665=ORIENTED_EDGE('',*,*,#4106,.F.);
#5666=ORIENTED_EDGE('',*,*,#4107,.F.);
#5667=ORIENTED_EDGE('',*,*,#4108,.F.);
#5668=ORIENTED_EDGE('',*,*,#4107,.T.);
#5669=ORIENTED_EDGE('',*,*,#4109,.F.);
#5670=ORIENTED_EDGE('',*,*,#4110,.F.);
#5671=ORIENTED_EDGE('',*,*,#4111,.F.);
#5672=ORIENTED_EDGE('',*,*,#4110,.T.);
#5673=ORIENTED_EDGE('',*,*,#4112,.F.);
#5674=ORIENTED_EDGE('',*,*,#4113,.F.);
#5675=ORIENTED_EDGE('',*,*,#4114,.F.);
#5676=ORIENTED_EDGE('',*,*,#4113,.T.);
#5677=ORIENTED_EDGE('',*,*,#4115,.F.);
#5678=ORIENTED_EDGE('',*,*,#4116,.F.);
#5679=ORIENTED_EDGE('',*,*,#4117,.F.);
#5680=ORIENTED_EDGE('',*,*,#4116,.T.);
#5681=ORIENTED_EDGE('',*,*,#4118,.F.);
#5682=ORIENTED_EDGE('',*,*,#4119,.F.);
#5683=ORIENTED_EDGE('',*,*,#4120,.F.);
#5684=ORIENTED_EDGE('',*,*,#4119,.T.);
#5685=ORIENTED_EDGE('',*,*,#4121,.F.);
#5686=ORIENTED_EDGE('',*,*,#4122,.F.);
#5687=ORIENTED_EDGE('',*,*,#4123,.F.);
#5688=ORIENTED_EDGE('',*,*,#4122,.T.);
#5689=ORIENTED_EDGE('',*,*,#4124,.F.);
#5690=ORIENTED_EDGE('',*,*,#4125,.F.);
#5691=ORIENTED_EDGE('',*,*,#4126,.F.);
#5692=ORIENTED_EDGE('',*,*,#4125,.T.);
#5693=ORIENTED_EDGE('',*,*,#4127,.F.);
#5694=ORIENTED_EDGE('',*,*,#4128,.F.);
#5695=ORIENTED_EDGE('',*,*,#4129,.F.);
#5696=ORIENTED_EDGE('',*,*,#4128,.T.);
#5697=ORIENTED_EDGE('',*,*,#4130,.F.);
#5698=ORIENTED_EDGE('',*,*,#4131,.F.);
#5699=ORIENTED_EDGE('',*,*,#4132,.F.);
#5700=ORIENTED_EDGE('',*,*,#4131,.T.);
#5701=ORIENTED_EDGE('',*,*,#4133,.F.);
#5702=ORIENTED_EDGE('',*,*,#4134,.F.);
#5703=ORIENTED_EDGE('',*,*,#4135,.F.);
#5704=ORIENTED_EDGE('',*,*,#4134,.T.);
#5705=ORIENTED_EDGE('',*,*,#4136,.F.);
#5706=ORIENTED_EDGE('',*,*,#4078,.F.);
#5707=ORIENTED_EDGE('',*,*,#4136,.T.);
#5708=ORIENTED_EDGE('',*,*,#4133,.T.);
#5709=ORIENTED_EDGE('',*,*,#4130,.T.);
#5710=ORIENTED_EDGE('',*,*,#4127,.T.);
#5711=ORIENTED_EDGE('',*,*,#4124,.T.);
#5712=ORIENTED_EDGE('',*,*,#4121,.T.);
#5713=ORIENTED_EDGE('',*,*,#4118,.T.);
#5714=ORIENTED_EDGE('',*,*,#4115,.T.);
#5715=ORIENTED_EDGE('',*,*,#4112,.T.);
#5716=ORIENTED_EDGE('',*,*,#4109,.T.);
#5717=ORIENTED_EDGE('',*,*,#4106,.T.);
#5718=ORIENTED_EDGE('',*,*,#4103,.T.);
#5719=ORIENTED_EDGE('',*,*,#4100,.T.);
#5720=ORIENTED_EDGE('',*,*,#4097,.T.);
#5721=ORIENTED_EDGE('',*,*,#4094,.T.);
#5722=ORIENTED_EDGE('',*,*,#4091,.T.);
#5723=ORIENTED_EDGE('',*,*,#4088,.T.);
#5724=ORIENTED_EDGE('',*,*,#4085,.T.);
#5725=ORIENTED_EDGE('',*,*,#4082,.T.);
#5726=ORIENTED_EDGE('',*,*,#4079,.T.);
#5727=ORIENTED_EDGE('',*,*,#4076,.T.);
#5728=ORIENTED_EDGE('',*,*,#4073,.T.);
#5729=ORIENTED_EDGE('',*,*,#4070,.T.);
#5730=ORIENTED_EDGE('',*,*,#4067,.T.);
#5731=ORIENTED_EDGE('',*,*,#4064,.T.);
#5732=ORIENTED_EDGE('',*,*,#4061,.T.);
#5733=ORIENTED_EDGE('',*,*,#4058,.T.);
#5734=ORIENTED_EDGE('',*,*,#4055,.T.);
#5735=ORIENTED_EDGE('',*,*,#4052,.T.);
#5736=ORIENTED_EDGE('',*,*,#4049,.T.);
#5737=ORIENTED_EDGE('',*,*,#4046,.T.);
#5738=ORIENTED_EDGE('',*,*,#4043,.T.);
#5739=ORIENTED_EDGE('',*,*,#4040,.T.);
#5740=ORIENTED_EDGE('',*,*,#4037,.T.);
#5741=ORIENTED_EDGE('',*,*,#4034,.T.);
#5742=ORIENTED_EDGE('',*,*,#4031,.T.);
#5743=ORIENTED_EDGE('',*,*,#4028,.T.);
#5744=ORIENTED_EDGE('',*,*,#4025,.T.);
#5745=ORIENTED_EDGE('',*,*,#4022,.T.);
#5746=ORIENTED_EDGE('',*,*,#4019,.T.);
#5747=ORIENTED_EDGE('',*,*,#4135,.T.);
#5748=ORIENTED_EDGE('',*,*,#4077,.T.);
#5749=ORIENTED_EDGE('',*,*,#4081,.T.);
#5750=ORIENTED_EDGE('',*,*,#4084,.T.);
#5751=ORIENTED_EDGE('',*,*,#4087,.T.);
#5752=ORIENTED_EDGE('',*,*,#4090,.T.);
#5753=ORIENTED_EDGE('',*,*,#4093,.T.);
#5754=ORIENTED_EDGE('',*,*,#4096,.T.);
#5755=ORIENTED_EDGE('',*,*,#4099,.T.);
#5756=ORIENTED_EDGE('',*,*,#4102,.T.);
#5757=ORIENTED_EDGE('',*,*,#4105,.T.);
#5758=ORIENTED_EDGE('',*,*,#4108,.T.);
#5759=ORIENTED_EDGE('',*,*,#4111,.T.);
#5760=ORIENTED_EDGE('',*,*,#4114,.T.);
#5761=ORIENTED_EDGE('',*,*,#4117,.T.);
#5762=ORIENTED_EDGE('',*,*,#4120,.T.);
#5763=ORIENTED_EDGE('',*,*,#4123,.T.);
#5764=ORIENTED_EDGE('',*,*,#4126,.T.);
#5765=ORIENTED_EDGE('',*,*,#4129,.T.);
#5766=ORIENTED_EDGE('',*,*,#4132,.T.);
#5767=ORIENTED_EDGE('',*,*,#4075,.F.);
#5768=ORIENTED_EDGE('',*,*,#4017,.F.);
#5769=ORIENTED_EDGE('',*,*,#4021,.F.);
#5770=ORIENTED_EDGE('',*,*,#4024,.F.);
#5771=ORIENTED_EDGE('',*,*,#4027,.F.);
#5772=ORIENTED_EDGE('',*,*,#4030,.F.);
#5773=ORIENTED_EDGE('',*,*,#4033,.F.);
#5774=ORIENTED_EDGE('',*,*,#4036,.F.);
#5775=ORIENTED_EDGE('',*,*,#4039,.F.);
#5776=ORIENTED_EDGE('',*,*,#4042,.F.);
#5777=ORIENTED_EDGE('',*,*,#4045,.F.);
#5778=ORIENTED_EDGE('',*,*,#4048,.F.);
#5779=ORIENTED_EDGE('',*,*,#4051,.F.);
#5780=ORIENTED_EDGE('',*,*,#4054,.F.);
#5781=ORIENTED_EDGE('',*,*,#4057,.F.);
#5782=ORIENTED_EDGE('',*,*,#4060,.F.);
#5783=ORIENTED_EDGE('',*,*,#4063,.F.);
#5784=ORIENTED_EDGE('',*,*,#4066,.F.);
#5785=ORIENTED_EDGE('',*,*,#4069,.F.);
#5786=ORIENTED_EDGE('',*,*,#4072,.F.);
#5787=ORIENTED_EDGE('',*,*,#4137,.T.);
#5788=ORIENTED_EDGE('',*,*,#4138,.T.);
#5789=ORIENTED_EDGE('',*,*,#4139,.F.);
#5790=ORIENTED_EDGE('',*,*,#4140,.F.);
#5791=ORIENTED_EDGE('',*,*,#4141,.T.);
#5792=ORIENTED_EDGE('',*,*,#4140,.T.);
#5793=ORIENTED_EDGE('',*,*,#4142,.F.);
#5794=ORIENTED_EDGE('',*,*,#4143,.F.);
#5795=ORIENTED_EDGE('',*,*,#4144,.T.);
#5796=ORIENTED_EDGE('',*,*,#4143,.T.);
#5797=ORIENTED_EDGE('',*,*,#4145,.F.);
#5798=ORIENTED_EDGE('',*,*,#4146,.F.);
#5799=ORIENTED_EDGE('',*,*,#4147,.T.);
#5800=ORIENTED_EDGE('',*,*,#4146,.T.);
#5801=ORIENTED_EDGE('',*,*,#4148,.F.);
#5802=ORIENTED_EDGE('',*,*,#4149,.F.);
#5803=ORIENTED_EDGE('',*,*,#4150,.T.);
#5804=ORIENTED_EDGE('',*,*,#4149,.T.);
#5805=ORIENTED_EDGE('',*,*,#4151,.F.);
#5806=ORIENTED_EDGE('',*,*,#4152,.F.);
#5807=ORIENTED_EDGE('',*,*,#4153,.T.);
#5808=ORIENTED_EDGE('',*,*,#4152,.T.);
#5809=ORIENTED_EDGE('',*,*,#4154,.F.);
#5810=ORIENTED_EDGE('',*,*,#4155,.F.);
#5811=ORIENTED_EDGE('',*,*,#4156,.T.);
#5812=ORIENTED_EDGE('',*,*,#4155,.T.);
#5813=ORIENTED_EDGE('',*,*,#4157,.F.);
#5814=ORIENTED_EDGE('',*,*,#4158,.F.);
#5815=ORIENTED_EDGE('',*,*,#4159,.T.);
#5816=ORIENTED_EDGE('',*,*,#4158,.T.);
#5817=ORIENTED_EDGE('',*,*,#4160,.F.);
#5818=ORIENTED_EDGE('',*,*,#4161,.F.);
#5819=ORIENTED_EDGE('',*,*,#4162,.T.);
#5820=ORIENTED_EDGE('',*,*,#4161,.T.);
#5821=ORIENTED_EDGE('',*,*,#4163,.F.);
#5822=ORIENTED_EDGE('',*,*,#4164,.F.);
#5823=ORIENTED_EDGE('',*,*,#4165,.T.);
#5824=ORIENTED_EDGE('',*,*,#4164,.T.);
#5825=ORIENTED_EDGE('',*,*,#4166,.F.);
#5826=ORIENTED_EDGE('',*,*,#4167,.F.);
#5827=ORIENTED_EDGE('',*,*,#4168,.T.);
#5828=ORIENTED_EDGE('',*,*,#4167,.T.);
#5829=ORIENTED_EDGE('',*,*,#4169,.F.);
#5830=ORIENTED_EDGE('',*,*,#4170,.F.);
#5831=ORIENTED_EDGE('',*,*,#4171,.T.);
#5832=ORIENTED_EDGE('',*,*,#4170,.T.);
#5833=ORIENTED_EDGE('',*,*,#4172,.F.);
#5834=ORIENTED_EDGE('',*,*,#4173,.F.);
#5835=ORIENTED_EDGE('',*,*,#4174,.T.);
#5836=ORIENTED_EDGE('',*,*,#4173,.T.);
#5837=ORIENTED_EDGE('',*,*,#4175,.F.);
#5838=ORIENTED_EDGE('',*,*,#4176,.F.);
#5839=ORIENTED_EDGE('',*,*,#4177,.T.);
#5840=ORIENTED_EDGE('',*,*,#4176,.T.);
#5841=ORIENTED_EDGE('',*,*,#4178,.F.);
#5842=ORIENTED_EDGE('',*,*,#4179,.F.);
#5843=ORIENTED_EDGE('',*,*,#4180,.T.);
#5844=ORIENTED_EDGE('',*,*,#4179,.T.);
#5845=ORIENTED_EDGE('',*,*,#4181,.F.);
#5846=ORIENTED_EDGE('',*,*,#4138,.F.);
#5847=ORIENTED_EDGE('',*,*,#4182,.F.);
#5848=ORIENTED_EDGE('',*,*,#4183,.T.);
#5849=ORIENTED_EDGE('',*,*,#4184,.F.);
#5850=ORIENTED_EDGE('',*,*,#4185,.F.);
#5851=ORIENTED_EDGE('',*,*,#4186,.F.);
#5852=ORIENTED_EDGE('',*,*,#4185,.T.);
#5853=ORIENTED_EDGE('',*,*,#4187,.F.);
#5854=ORIENTED_EDGE('',*,*,#4188,.F.);
#5855=ORIENTED_EDGE('',*,*,#4189,.F.);
#5856=ORIENTED_EDGE('',*,*,#4188,.T.);
#5857=ORIENTED_EDGE('',*,*,#4190,.F.);
#5858=ORIENTED_EDGE('',*,*,#4191,.F.);
#5859=ORIENTED_EDGE('',*,*,#4192,.F.);
#5860=ORIENTED_EDGE('',*,*,#4191,.T.);
#5861=ORIENTED_EDGE('',*,*,#4193,.F.);
#5862=ORIENTED_EDGE('',*,*,#4194,.F.);
#5863=ORIENTED_EDGE('',*,*,#4195,.F.);
#5864=ORIENTED_EDGE('',*,*,#4194,.T.);
#5865=ORIENTED_EDGE('',*,*,#4196,.F.);
#5866=ORIENTED_EDGE('',*,*,#4197,.F.);
#5867=ORIENTED_EDGE('',*,*,#4198,.F.);
#5868=ORIENTED_EDGE('',*,*,#4197,.T.);
#5869=ORIENTED_EDGE('',*,*,#4199,.F.);
#5870=ORIENTED_EDGE('',*,*,#4200,.F.);
#5871=ORIENTED_EDGE('',*,*,#4201,.F.);
#5872=ORIENTED_EDGE('',*,*,#4200,.T.);
#5873=ORIENTED_EDGE('',*,*,#4202,.F.);
#5874=ORIENTED_EDGE('',*,*,#4203,.F.);
#5875=ORIENTED_EDGE('',*,*,#4204,.F.);
#5876=ORIENTED_EDGE('',*,*,#4203,.T.);
#5877=ORIENTED_EDGE('',*,*,#4205,.F.);
#5878=ORIENTED_EDGE('',*,*,#4206,.F.);
#5879=ORIENTED_EDGE('',*,*,#4207,.F.);
#5880=ORIENTED_EDGE('',*,*,#4206,.T.);
#5881=ORIENTED_EDGE('',*,*,#4208,.F.);
#5882=ORIENTED_EDGE('',*,*,#4209,.F.);
#5883=ORIENTED_EDGE('',*,*,#4210,.F.);
#5884=ORIENTED_EDGE('',*,*,#4209,.T.);
#5885=ORIENTED_EDGE('',*,*,#4211,.F.);
#5886=ORIENTED_EDGE('',*,*,#4212,.F.);
#5887=ORIENTED_EDGE('',*,*,#4213,.F.);
#5888=ORIENTED_EDGE('',*,*,#4212,.T.);
#5889=ORIENTED_EDGE('',*,*,#4214,.F.);
#5890=ORIENTED_EDGE('',*,*,#4215,.F.);
#5891=ORIENTED_EDGE('',*,*,#4216,.F.);
#5892=ORIENTED_EDGE('',*,*,#4215,.T.);
#5893=ORIENTED_EDGE('',*,*,#4217,.F.);
#5894=ORIENTED_EDGE('',*,*,#4218,.F.);
#5895=ORIENTED_EDGE('',*,*,#4219,.F.);
#5896=ORIENTED_EDGE('',*,*,#4218,.T.);
#5897=ORIENTED_EDGE('',*,*,#4220,.F.);
#5898=ORIENTED_EDGE('',*,*,#4221,.F.);
#5899=ORIENTED_EDGE('',*,*,#4222,.F.);
#5900=ORIENTED_EDGE('',*,*,#4221,.T.);
#5901=ORIENTED_EDGE('',*,*,#4223,.F.);
#5902=ORIENTED_EDGE('',*,*,#4224,.F.);
#5903=ORIENTED_EDGE('',*,*,#4225,.F.);
#5904=ORIENTED_EDGE('',*,*,#4224,.T.);
#5905=ORIENTED_EDGE('',*,*,#4226,.F.);
#5906=ORIENTED_EDGE('',*,*,#4183,.F.);
#5907=ORIENTED_EDGE('',*,*,#4226,.T.);
#5908=ORIENTED_EDGE('',*,*,#4223,.T.);
#5909=ORIENTED_EDGE('',*,*,#4220,.T.);
#5910=ORIENTED_EDGE('',*,*,#4217,.T.);
#5911=ORIENTED_EDGE('',*,*,#4214,.T.);
#5912=ORIENTED_EDGE('',*,*,#4211,.T.);
#5913=ORIENTED_EDGE('',*,*,#4208,.T.);
#5914=ORIENTED_EDGE('',*,*,#4205,.T.);
#5915=ORIENTED_EDGE('',*,*,#4202,.T.);
#5916=ORIENTED_EDGE('',*,*,#4199,.T.);
#5917=ORIENTED_EDGE('',*,*,#4196,.T.);
#5918=ORIENTED_EDGE('',*,*,#4193,.T.);
#5919=ORIENTED_EDGE('',*,*,#4190,.T.);
#5920=ORIENTED_EDGE('',*,*,#4187,.T.);
#5921=ORIENTED_EDGE('',*,*,#4184,.T.);
#5922=ORIENTED_EDGE('',*,*,#4181,.T.);
#5923=ORIENTED_EDGE('',*,*,#4178,.T.);
#5924=ORIENTED_EDGE('',*,*,#4175,.T.);
#5925=ORIENTED_EDGE('',*,*,#4172,.T.);
#5926=ORIENTED_EDGE('',*,*,#4169,.T.);
#5927=ORIENTED_EDGE('',*,*,#4166,.T.);
#5928=ORIENTED_EDGE('',*,*,#4163,.T.);
#5929=ORIENTED_EDGE('',*,*,#4160,.T.);
#5930=ORIENTED_EDGE('',*,*,#4157,.T.);
#5931=ORIENTED_EDGE('',*,*,#4154,.T.);
#5932=ORIENTED_EDGE('',*,*,#4151,.T.);
#5933=ORIENTED_EDGE('',*,*,#4148,.T.);
#5934=ORIENTED_EDGE('',*,*,#4145,.T.);
#5935=ORIENTED_EDGE('',*,*,#4142,.T.);
#5936=ORIENTED_EDGE('',*,*,#4139,.T.);
#5937=ORIENTED_EDGE('',*,*,#4225,.T.);
#5938=ORIENTED_EDGE('',*,*,#4182,.T.);
#5939=ORIENTED_EDGE('',*,*,#4186,.T.);
#5940=ORIENTED_EDGE('',*,*,#4189,.T.);
#5941=ORIENTED_EDGE('',*,*,#4192,.T.);
#5942=ORIENTED_EDGE('',*,*,#4195,.T.);
#5943=ORIENTED_EDGE('',*,*,#4198,.T.);
#5944=ORIENTED_EDGE('',*,*,#4201,.T.);
#5945=ORIENTED_EDGE('',*,*,#4204,.T.);
#5946=ORIENTED_EDGE('',*,*,#4207,.T.);
#5947=ORIENTED_EDGE('',*,*,#4210,.T.);
#5948=ORIENTED_EDGE('',*,*,#4213,.T.);
#5949=ORIENTED_EDGE('',*,*,#4216,.T.);
#5950=ORIENTED_EDGE('',*,*,#4219,.T.);
#5951=ORIENTED_EDGE('',*,*,#4222,.T.);
#5952=ORIENTED_EDGE('',*,*,#4180,.F.);
#5953=ORIENTED_EDGE('',*,*,#4137,.F.);
#5954=ORIENTED_EDGE('',*,*,#4141,.F.);
#5955=ORIENTED_EDGE('',*,*,#4144,.F.);
#5956=ORIENTED_EDGE('',*,*,#4147,.F.);
#5957=ORIENTED_EDGE('',*,*,#4150,.F.);
#5958=ORIENTED_EDGE('',*,*,#4153,.F.);
#5959=ORIENTED_EDGE('',*,*,#4156,.F.);
#5960=ORIENTED_EDGE('',*,*,#4159,.F.);
#5961=ORIENTED_EDGE('',*,*,#4162,.F.);
#5962=ORIENTED_EDGE('',*,*,#4165,.F.);
#5963=ORIENTED_EDGE('',*,*,#4168,.F.);
#5964=ORIENTED_EDGE('',*,*,#4171,.F.);
#5965=ORIENTED_EDGE('',*,*,#4174,.F.);
#5966=ORIENTED_EDGE('',*,*,#4177,.F.);
#5967=ORIENTED_EDGE('',*,*,#4227,.T.);
#5968=ORIENTED_EDGE('',*,*,#4228,.T.);
#5969=ORIENTED_EDGE('',*,*,#4229,.F.);
#5970=ORIENTED_EDGE('',*,*,#4230,.F.);
#5971=ORIENTED_EDGE('',*,*,#4231,.T.);
#5972=ORIENTED_EDGE('',*,*,#4230,.T.);
#5973=ORIENTED_EDGE('',*,*,#4232,.F.);
#5974=ORIENTED_EDGE('',*,*,#4233,.F.);
#5975=ORIENTED_EDGE('',*,*,#4234,.T.);
#5976=ORIENTED_EDGE('',*,*,#4233,.T.);
#5977=ORIENTED_EDGE('',*,*,#4235,.F.);
#5978=ORIENTED_EDGE('',*,*,#4236,.F.);
#5979=ORIENTED_EDGE('',*,*,#4237,.T.);
#5980=ORIENTED_EDGE('',*,*,#4236,.T.);
#5981=ORIENTED_EDGE('',*,*,#4238,.F.);
#5982=ORIENTED_EDGE('',*,*,#4228,.F.);
#5983=ORIENTED_EDGE('',*,*,#4239,.F.);
#5984=ORIENTED_EDGE('',*,*,#4240,.T.);
#5985=ORIENTED_EDGE('',*,*,#4241,.F.);
#5986=ORIENTED_EDGE('',*,*,#4242,.F.);
#5987=ORIENTED_EDGE('',*,*,#4243,.F.);
#5988=ORIENTED_EDGE('',*,*,#4242,.T.);
#5989=ORIENTED_EDGE('',*,*,#4244,.F.);
#5990=ORIENTED_EDGE('',*,*,#4245,.F.);
#5991=ORIENTED_EDGE('',*,*,#4246,.F.);
#5992=ORIENTED_EDGE('',*,*,#4245,.T.);
#5993=ORIENTED_EDGE('',*,*,#4247,.F.);
#5994=ORIENTED_EDGE('',*,*,#4248,.F.);
#5995=ORIENTED_EDGE('',*,*,#4249,.F.);
#5996=ORIENTED_EDGE('',*,*,#4248,.T.);
#5997=ORIENTED_EDGE('',*,*,#4250,.F.);
#5998=ORIENTED_EDGE('',*,*,#4240,.F.);
#5999=ORIENTED_EDGE('',*,*,#4250,.T.);
#6000=ORIENTED_EDGE('',*,*,#4247,.T.);
#6001=ORIENTED_EDGE('',*,*,#4244,.T.);
#6002=ORIENTED_EDGE('',*,*,#4241,.T.);
#6003=ORIENTED_EDGE('',*,*,#4238,.T.);
#6004=ORIENTED_EDGE('',*,*,#4235,.T.);
#6005=ORIENTED_EDGE('',*,*,#4232,.T.);
#6006=ORIENTED_EDGE('',*,*,#4229,.T.);
#6007=ORIENTED_EDGE('',*,*,#4249,.T.);
#6008=ORIENTED_EDGE('',*,*,#4239,.T.);
#6009=ORIENTED_EDGE('',*,*,#4243,.T.);
#6010=ORIENTED_EDGE('',*,*,#4246,.T.);
#6011=ORIENTED_EDGE('',*,*,#4237,.F.);
#6012=ORIENTED_EDGE('',*,*,#4227,.F.);
#6013=ORIENTED_EDGE('',*,*,#4231,.F.);
#6014=ORIENTED_EDGE('',*,*,#4234,.F.);
#6015=ORIENTED_EDGE('',*,*,#4251,.T.);
#6016=ORIENTED_EDGE('',*,*,#4252,.T.);
#6017=ORIENTED_EDGE('',*,*,#4253,.F.);
#6018=ORIENTED_EDGE('',*,*,#4254,.F.);
#6019=ORIENTED_EDGE('',*,*,#4255,.T.);
#6020=ORIENTED_EDGE('',*,*,#4254,.T.);
#6021=ORIENTED_EDGE('',*,*,#4256,.F.);
#6022=ORIENTED_EDGE('',*,*,#4257,.F.);
#6023=ORIENTED_EDGE('',*,*,#4258,.T.);
#6024=ORIENTED_EDGE('',*,*,#4257,.T.);
#6025=ORIENTED_EDGE('',*,*,#4259,.F.);
#6026=ORIENTED_EDGE('',*,*,#4260,.F.);
#6027=ORIENTED_EDGE('',*,*,#4261,.T.);
#6028=ORIENTED_EDGE('',*,*,#4260,.T.);
#6029=ORIENTED_EDGE('',*,*,#4262,.F.);
#6030=ORIENTED_EDGE('',*,*,#4252,.F.);
#6031=ORIENTED_EDGE('',*,*,#4263,.F.);
#6032=ORIENTED_EDGE('',*,*,#4264,.T.);
#6033=ORIENTED_EDGE('',*,*,#4265,.F.);
#6034=ORIENTED_EDGE('',*,*,#4266,.F.);
#6035=ORIENTED_EDGE('',*,*,#4267,.F.);
#6036=ORIENTED_EDGE('',*,*,#4266,.T.);
#6037=ORIENTED_EDGE('',*,*,#4268,.F.);
#6038=ORIENTED_EDGE('',*,*,#4269,.F.);
#6039=ORIENTED_EDGE('',*,*,#4270,.F.);
#6040=ORIENTED_EDGE('',*,*,#4269,.T.);
#6041=ORIENTED_EDGE('',*,*,#4271,.F.);
#6042=ORIENTED_EDGE('',*,*,#4272,.F.);
#6043=ORIENTED_EDGE('',*,*,#4273,.F.);
#6044=ORIENTED_EDGE('',*,*,#4272,.T.);
#6045=ORIENTED_EDGE('',*,*,#4274,.F.);
#6046=ORIENTED_EDGE('',*,*,#4264,.F.);
#6047=ORIENTED_EDGE('',*,*,#4274,.T.);
#6048=ORIENTED_EDGE('',*,*,#4271,.T.);
#6049=ORIENTED_EDGE('',*,*,#4268,.T.);
#6050=ORIENTED_EDGE('',*,*,#4265,.T.);
#6051=ORIENTED_EDGE('',*,*,#4262,.T.);
#6052=ORIENTED_EDGE('',*,*,#4259,.T.);
#6053=ORIENTED_EDGE('',*,*,#4256,.T.);
#6054=ORIENTED_EDGE('',*,*,#4253,.T.);
#6055=ORIENTED_EDGE('',*,*,#4273,.T.);
#6056=ORIENTED_EDGE('',*,*,#4263,.T.);
#6057=ORIENTED_EDGE('',*,*,#4267,.T.);
#6058=ORIENTED_EDGE('',*,*,#4270,.T.);
#6059=ORIENTED_EDGE('',*,*,#4261,.F.);
#6060=ORIENTED_EDGE('',*,*,#4251,.F.);
#6061=ORIENTED_EDGE('',*,*,#4255,.F.);
#6062=ORIENTED_EDGE('',*,*,#4258,.F.);
#6063=ORIENTED_EDGE('',*,*,#4275,.T.);
#6064=ORIENTED_EDGE('',*,*,#4276,.T.);
#6065=ORIENTED_EDGE('',*,*,#4277,.F.);
#6066=ORIENTED_EDGE('',*,*,#4278,.F.);
#6067=ORIENTED_EDGE('',*,*,#4279,.T.);
#6068=ORIENTED_EDGE('',*,*,#4278,.T.);
#6069=ORIENTED_EDGE('',*,*,#4280,.F.);
#6070=ORIENTED_EDGE('',*,*,#4281,.F.);
#6071=ORIENTED_EDGE('',*,*,#4282,.T.);
#6072=ORIENTED_EDGE('',*,*,#4281,.T.);
#6073=ORIENTED_EDGE('',*,*,#4283,.F.);
#6074=ORIENTED_EDGE('',*,*,#4284,.F.);
#6075=ORIENTED_EDGE('',*,*,#4285,.T.);
#6076=ORIENTED_EDGE('',*,*,#4284,.T.);
#6077=ORIENTED_EDGE('',*,*,#4286,.F.);
#6078=ORIENTED_EDGE('',*,*,#4276,.F.);
#6079=ORIENTED_EDGE('',*,*,#4287,.F.);
#6080=ORIENTED_EDGE('',*,*,#4288,.T.);
#6081=ORIENTED_EDGE('',*,*,#4289,.F.);
#6082=ORIENTED_EDGE('',*,*,#4290,.F.);
#6083=ORIENTED_EDGE('',*,*,#4291,.F.);
#6084=ORIENTED_EDGE('',*,*,#4290,.T.);
#6085=ORIENTED_EDGE('',*,*,#4292,.F.);
#6086=ORIENTED_EDGE('',*,*,#4293,.F.);
#6087=ORIENTED_EDGE('',*,*,#4294,.F.);
#6088=ORIENTED_EDGE('',*,*,#4293,.T.);
#6089=ORIENTED_EDGE('',*,*,#4295,.F.);
#6090=ORIENTED_EDGE('',*,*,#4296,.F.);
#6091=ORIENTED_EDGE('',*,*,#4297,.F.);
#6092=ORIENTED_EDGE('',*,*,#4296,.T.);
#6093=ORIENTED_EDGE('',*,*,#4298,.F.);
#6094=ORIENTED_EDGE('',*,*,#4288,.F.);
#6095=ORIENTED_EDGE('',*,*,#4298,.T.);
#6096=ORIENTED_EDGE('',*,*,#4295,.T.);
#6097=ORIENTED_EDGE('',*,*,#4292,.T.);
#6098=ORIENTED_EDGE('',*,*,#4289,.T.);
#6099=ORIENTED_EDGE('',*,*,#4286,.T.);
#6100=ORIENTED_EDGE('',*,*,#4283,.T.);
#6101=ORIENTED_EDGE('',*,*,#4280,.T.);
#6102=ORIENTED_EDGE('',*,*,#4277,.T.);
#6103=ORIENTED_EDGE('',*,*,#4297,.T.);
#6104=ORIENTED_EDGE('',*,*,#4287,.T.);
#6105=ORIENTED_EDGE('',*,*,#4291,.T.);
#6106=ORIENTED_EDGE('',*,*,#4294,.T.);
#6107=ORIENTED_EDGE('',*,*,#4285,.F.);
#6108=ORIENTED_EDGE('',*,*,#4275,.F.);
#6109=ORIENTED_EDGE('',*,*,#4279,.F.);
#6110=ORIENTED_EDGE('',*,*,#4282,.F.);
#6111=ORIENTED_EDGE('',*,*,#4299,.T.);
#6112=ORIENTED_EDGE('',*,*,#4300,.T.);
#6113=ORIENTED_EDGE('',*,*,#4301,.F.);
#6114=ORIENTED_EDGE('',*,*,#4302,.F.);
#6115=ORIENTED_EDGE('',*,*,#4303,.T.);
#6116=ORIENTED_EDGE('',*,*,#4302,.T.);
#6117=ORIENTED_EDGE('',*,*,#4304,.F.);
#6118=ORIENTED_EDGE('',*,*,#4305,.F.);
#6119=ORIENTED_EDGE('',*,*,#4306,.T.);
#6120=ORIENTED_EDGE('',*,*,#4305,.T.);
#6121=ORIENTED_EDGE('',*,*,#4307,.F.);
#6122=ORIENTED_EDGE('',*,*,#4308,.F.);
#6123=ORIENTED_EDGE('',*,*,#4309,.T.);
#6124=ORIENTED_EDGE('',*,*,#4308,.T.);
#6125=ORIENTED_EDGE('',*,*,#4310,.F.);
#6126=ORIENTED_EDGE('',*,*,#4311,.F.);
#6127=ORIENTED_EDGE('',*,*,#4312,.T.);
#6128=ORIENTED_EDGE('',*,*,#4311,.T.);
#6129=ORIENTED_EDGE('',*,*,#4313,.F.);
#6130=ORIENTED_EDGE('',*,*,#4314,.F.);
#6131=ORIENTED_EDGE('',*,*,#4315,.T.);
#6132=ORIENTED_EDGE('',*,*,#4314,.T.);
#6133=ORIENTED_EDGE('',*,*,#4316,.F.);
#6134=ORIENTED_EDGE('',*,*,#4317,.F.);
#6135=ORIENTED_EDGE('',*,*,#4318,.T.);
#6136=ORIENTED_EDGE('',*,*,#4317,.T.);
#6137=ORIENTED_EDGE('',*,*,#4319,.F.);
#6138=ORIENTED_EDGE('',*,*,#4320,.F.);
#6139=ORIENTED_EDGE('',*,*,#4321,.T.);
#6140=ORIENTED_EDGE('',*,*,#4320,.T.);
#6141=ORIENTED_EDGE('',*,*,#4322,.F.);
#6142=ORIENTED_EDGE('',*,*,#4323,.F.);
#6143=ORIENTED_EDGE('',*,*,#4324,.T.);
#6144=ORIENTED_EDGE('',*,*,#4323,.T.);
#6145=ORIENTED_EDGE('',*,*,#4325,.F.);
#6146=ORIENTED_EDGE('',*,*,#4326,.F.);
#6147=ORIENTED_EDGE('',*,*,#4327,.T.);
#6148=ORIENTED_EDGE('',*,*,#4326,.T.);
#6149=ORIENTED_EDGE('',*,*,#4328,.F.);
#6150=ORIENTED_EDGE('',*,*,#4329,.F.);
#6151=ORIENTED_EDGE('',*,*,#4330,.T.);
#6152=ORIENTED_EDGE('',*,*,#4329,.T.);
#6153=ORIENTED_EDGE('',*,*,#4331,.F.);
#6154=ORIENTED_EDGE('',*,*,#4332,.F.);
#6155=ORIENTED_EDGE('',*,*,#4333,.T.);
#6156=ORIENTED_EDGE('',*,*,#4332,.T.);
#6157=ORIENTED_EDGE('',*,*,#4334,.F.);
#6158=ORIENTED_EDGE('',*,*,#4335,.F.);
#6159=ORIENTED_EDGE('',*,*,#4336,.T.);
#6160=ORIENTED_EDGE('',*,*,#4335,.T.);
#6161=ORIENTED_EDGE('',*,*,#4337,.F.);
#6162=ORIENTED_EDGE('',*,*,#4338,.F.);
#6163=ORIENTED_EDGE('',*,*,#4339,.T.);
#6164=ORIENTED_EDGE('',*,*,#4338,.T.);
#6165=ORIENTED_EDGE('',*,*,#4340,.F.);
#6166=ORIENTED_EDGE('',*,*,#4341,.F.);
#6167=ORIENTED_EDGE('',*,*,#4342,.T.);
#6168=ORIENTED_EDGE('',*,*,#4341,.T.);
#6169=ORIENTED_EDGE('',*,*,#4343,.F.);
#6170=ORIENTED_EDGE('',*,*,#4344,.F.);
#6171=ORIENTED_EDGE('',*,*,#4345,.T.);
#6172=ORIENTED_EDGE('',*,*,#4344,.T.);
#6173=ORIENTED_EDGE('',*,*,#4346,.F.);
#6174=ORIENTED_EDGE('',*,*,#4347,.F.);
#6175=ORIENTED_EDGE('',*,*,#4348,.T.);
#6176=ORIENTED_EDGE('',*,*,#4347,.T.);
#6177=ORIENTED_EDGE('',*,*,#4349,.F.);
#6178=ORIENTED_EDGE('',*,*,#4350,.F.);
#6179=ORIENTED_EDGE('',*,*,#4351,.T.);
#6180=ORIENTED_EDGE('',*,*,#4350,.T.);
#6181=ORIENTED_EDGE('',*,*,#4352,.F.);
#6182=ORIENTED_EDGE('',*,*,#4353,.F.);
#6183=ORIENTED_EDGE('',*,*,#4354,.T.);
#6184=ORIENTED_EDGE('',*,*,#4353,.T.);
#6185=ORIENTED_EDGE('',*,*,#4355,.F.);
#6186=ORIENTED_EDGE('',*,*,#4356,.F.);
#6187=ORIENTED_EDGE('',*,*,#4357,.T.);
#6188=ORIENTED_EDGE('',*,*,#4356,.T.);
#6189=ORIENTED_EDGE('',*,*,#4358,.F.);
#6190=ORIENTED_EDGE('',*,*,#4359,.F.);
#6191=ORIENTED_EDGE('',*,*,#4360,.T.);
#6192=ORIENTED_EDGE('',*,*,#4359,.T.);
#6193=ORIENTED_EDGE('',*,*,#4361,.F.);
#6194=ORIENTED_EDGE('',*,*,#4362,.F.);
#6195=ORIENTED_EDGE('',*,*,#4363,.T.);
#6196=ORIENTED_EDGE('',*,*,#4362,.T.);
#6197=ORIENTED_EDGE('',*,*,#4364,.F.);
#6198=ORIENTED_EDGE('',*,*,#4365,.F.);
#6199=ORIENTED_EDGE('',*,*,#4366,.T.);
#6200=ORIENTED_EDGE('',*,*,#4365,.T.);
#6201=ORIENTED_EDGE('',*,*,#4367,.F.);
#6202=ORIENTED_EDGE('',*,*,#4368,.F.);
#6203=ORIENTED_EDGE('',*,*,#4369,.T.);
#6204=ORIENTED_EDGE('',*,*,#4368,.T.);
#6205=ORIENTED_EDGE('',*,*,#4370,.F.);
#6206=ORIENTED_EDGE('',*,*,#4371,.F.);
#6207=ORIENTED_EDGE('',*,*,#4372,.T.);
#6208=ORIENTED_EDGE('',*,*,#4371,.T.);
#6209=ORIENTED_EDGE('',*,*,#4373,.F.);
#6210=ORIENTED_EDGE('',*,*,#4374,.F.);
#6211=ORIENTED_EDGE('',*,*,#4375,.T.);
#6212=ORIENTED_EDGE('',*,*,#4374,.T.);
#6213=ORIENTED_EDGE('',*,*,#4376,.F.);
#6214=ORIENTED_EDGE('',*,*,#4377,.F.);
#6215=ORIENTED_EDGE('',*,*,#4378,.T.);
#6216=ORIENTED_EDGE('',*,*,#4377,.T.);
#6217=ORIENTED_EDGE('',*,*,#4379,.F.);
#6218=ORIENTED_EDGE('',*,*,#4380,.F.);
#6219=ORIENTED_EDGE('',*,*,#4381,.T.);
#6220=ORIENTED_EDGE('',*,*,#4380,.T.);
#6221=ORIENTED_EDGE('',*,*,#4382,.F.);
#6222=ORIENTED_EDGE('',*,*,#4383,.F.);
#6223=ORIENTED_EDGE('',*,*,#4384,.T.);
#6224=ORIENTED_EDGE('',*,*,#4383,.T.);
#6225=ORIENTED_EDGE('',*,*,#4385,.F.);
#6226=ORIENTED_EDGE('',*,*,#4386,.F.);
#6227=ORIENTED_EDGE('',*,*,#4387,.T.);
#6228=ORIENTED_EDGE('',*,*,#4386,.T.);
#6229=ORIENTED_EDGE('',*,*,#4388,.F.);
#6230=ORIENTED_EDGE('',*,*,#4389,.F.);
#6231=ORIENTED_EDGE('',*,*,#4390,.T.);
#6232=ORIENTED_EDGE('',*,*,#4389,.T.);
#6233=ORIENTED_EDGE('',*,*,#4391,.F.);
#6234=ORIENTED_EDGE('',*,*,#4392,.F.);
#6235=ORIENTED_EDGE('',*,*,#4393,.T.);
#6236=ORIENTED_EDGE('',*,*,#4392,.T.);
#6237=ORIENTED_EDGE('',*,*,#4394,.F.);
#6238=ORIENTED_EDGE('',*,*,#4395,.F.);
#6239=ORIENTED_EDGE('',*,*,#4396,.T.);
#6240=ORIENTED_EDGE('',*,*,#4395,.T.);
#6241=ORIENTED_EDGE('',*,*,#4397,.F.);
#6242=ORIENTED_EDGE('',*,*,#4398,.F.);
#6243=ORIENTED_EDGE('',*,*,#4399,.T.);
#6244=ORIENTED_EDGE('',*,*,#4398,.T.);
#6245=ORIENTED_EDGE('',*,*,#4400,.F.);
#6246=ORIENTED_EDGE('',*,*,#4401,.F.);
#6247=ORIENTED_EDGE('',*,*,#4402,.T.);
#6248=ORIENTED_EDGE('',*,*,#4401,.T.);
#6249=ORIENTED_EDGE('',*,*,#4403,.F.);
#6250=ORIENTED_EDGE('',*,*,#4300,.F.);
#6251=ORIENTED_EDGE('',*,*,#4404,.F.);
#6252=ORIENTED_EDGE('',*,*,#4405,.T.);
#6253=ORIENTED_EDGE('',*,*,#4406,.F.);
#6254=ORIENTED_EDGE('',*,*,#4407,.F.);
#6255=ORIENTED_EDGE('',*,*,#4408,.F.);
#6256=ORIENTED_EDGE('',*,*,#4407,.T.);
#6257=ORIENTED_EDGE('',*,*,#4409,.F.);
#6258=ORIENTED_EDGE('',*,*,#4410,.F.);
#6259=ORIENTED_EDGE('',*,*,#4411,.F.);
#6260=ORIENTED_EDGE('',*,*,#4410,.T.);
#6261=ORIENTED_EDGE('',*,*,#4412,.F.);
#6262=ORIENTED_EDGE('',*,*,#4413,.F.);
#6263=ORIENTED_EDGE('',*,*,#4414,.F.);
#6264=ORIENTED_EDGE('',*,*,#4413,.T.);
#6265=ORIENTED_EDGE('',*,*,#4415,.F.);
#6266=ORIENTED_EDGE('',*,*,#4416,.F.);
#6267=ORIENTED_EDGE('',*,*,#4417,.F.);
#6268=ORIENTED_EDGE('',*,*,#4416,.T.);
#6269=ORIENTED_EDGE('',*,*,#4418,.F.);
#6270=ORIENTED_EDGE('',*,*,#4419,.F.);
#6271=ORIENTED_EDGE('',*,*,#4420,.F.);
#6272=ORIENTED_EDGE('',*,*,#4419,.T.);
#6273=ORIENTED_EDGE('',*,*,#4421,.F.);
#6274=ORIENTED_EDGE('',*,*,#4422,.F.);
#6275=ORIENTED_EDGE('',*,*,#4423,.F.);
#6276=ORIENTED_EDGE('',*,*,#4422,.T.);
#6277=ORIENTED_EDGE('',*,*,#4424,.F.);
#6278=ORIENTED_EDGE('',*,*,#4425,.F.);
#6279=ORIENTED_EDGE('',*,*,#4426,.F.);
#6280=ORIENTED_EDGE('',*,*,#4425,.T.);
#6281=ORIENTED_EDGE('',*,*,#4427,.F.);
#6282=ORIENTED_EDGE('',*,*,#4428,.F.);
#6283=ORIENTED_EDGE('',*,*,#4429,.F.);
#6284=ORIENTED_EDGE('',*,*,#4428,.T.);
#6285=ORIENTED_EDGE('',*,*,#4430,.F.);
#6286=ORIENTED_EDGE('',*,*,#4431,.F.);
#6287=ORIENTED_EDGE('',*,*,#4432,.F.);
#6288=ORIENTED_EDGE('',*,*,#4431,.T.);
#6289=ORIENTED_EDGE('',*,*,#4433,.F.);
#6290=ORIENTED_EDGE('',*,*,#4434,.F.);
#6291=ORIENTED_EDGE('',*,*,#4435,.F.);
#6292=ORIENTED_EDGE('',*,*,#4434,.T.);
#6293=ORIENTED_EDGE('',*,*,#4436,.F.);
#6294=ORIENTED_EDGE('',*,*,#4437,.F.);
#6295=ORIENTED_EDGE('',*,*,#4438,.F.);
#6296=ORIENTED_EDGE('',*,*,#4437,.T.);
#6297=ORIENTED_EDGE('',*,*,#4439,.F.);
#6298=ORIENTED_EDGE('',*,*,#4440,.F.);
#6299=ORIENTED_EDGE('',*,*,#4441,.F.);
#6300=ORIENTED_EDGE('',*,*,#4440,.T.);
#6301=ORIENTED_EDGE('',*,*,#4442,.F.);
#6302=ORIENTED_EDGE('',*,*,#4443,.F.);
#6303=ORIENTED_EDGE('',*,*,#4444,.F.);
#6304=ORIENTED_EDGE('',*,*,#4443,.T.);
#6305=ORIENTED_EDGE('',*,*,#4445,.F.);
#6306=ORIENTED_EDGE('',*,*,#4446,.F.);
#6307=ORIENTED_EDGE('',*,*,#4447,.F.);
#6308=ORIENTED_EDGE('',*,*,#4446,.T.);
#6309=ORIENTED_EDGE('',*,*,#4448,.F.);
#6310=ORIENTED_EDGE('',*,*,#4449,.F.);
#6311=ORIENTED_EDGE('',*,*,#4450,.F.);
#6312=ORIENTED_EDGE('',*,*,#4449,.T.);
#6313=ORIENTED_EDGE('',*,*,#4451,.F.);
#6314=ORIENTED_EDGE('',*,*,#4452,.F.);
#6315=ORIENTED_EDGE('',*,*,#4453,.F.);
#6316=ORIENTED_EDGE('',*,*,#4452,.T.);
#6317=ORIENTED_EDGE('',*,*,#4454,.F.);
#6318=ORIENTED_EDGE('',*,*,#4455,.F.);
#6319=ORIENTED_EDGE('',*,*,#4456,.F.);
#6320=ORIENTED_EDGE('',*,*,#4455,.T.);
#6321=ORIENTED_EDGE('',*,*,#4457,.F.);
#6322=ORIENTED_EDGE('',*,*,#4458,.F.);
#6323=ORIENTED_EDGE('',*,*,#4459,.F.);
#6324=ORIENTED_EDGE('',*,*,#4458,.T.);
#6325=ORIENTED_EDGE('',*,*,#4460,.F.);
#6326=ORIENTED_EDGE('',*,*,#4461,.F.);
#6327=ORIENTED_EDGE('',*,*,#4462,.F.);
#6328=ORIENTED_EDGE('',*,*,#4461,.T.);
#6329=ORIENTED_EDGE('',*,*,#4463,.F.);
#6330=ORIENTED_EDGE('',*,*,#4464,.F.);
#6331=ORIENTED_EDGE('',*,*,#4465,.F.);
#6332=ORIENTED_EDGE('',*,*,#4464,.T.);
#6333=ORIENTED_EDGE('',*,*,#4466,.F.);
#6334=ORIENTED_EDGE('',*,*,#4467,.F.);
#6335=ORIENTED_EDGE('',*,*,#4468,.F.);
#6336=ORIENTED_EDGE('',*,*,#4467,.T.);
#6337=ORIENTED_EDGE('',*,*,#4469,.F.);
#6338=ORIENTED_EDGE('',*,*,#4470,.F.);
#6339=ORIENTED_EDGE('',*,*,#4471,.F.);
#6340=ORIENTED_EDGE('',*,*,#4470,.T.);
#6341=ORIENTED_EDGE('',*,*,#4472,.F.);
#6342=ORIENTED_EDGE('',*,*,#4473,.F.);
#6343=ORIENTED_EDGE('',*,*,#4474,.F.);
#6344=ORIENTED_EDGE('',*,*,#4473,.T.);
#6345=ORIENTED_EDGE('',*,*,#4475,.F.);
#6346=ORIENTED_EDGE('',*,*,#4476,.F.);
#6347=ORIENTED_EDGE('',*,*,#4477,.F.);
#6348=ORIENTED_EDGE('',*,*,#4476,.T.);
#6349=ORIENTED_EDGE('',*,*,#4478,.F.);
#6350=ORIENTED_EDGE('',*,*,#4479,.F.);
#6351=ORIENTED_EDGE('',*,*,#4480,.F.);
#6352=ORIENTED_EDGE('',*,*,#4479,.T.);
#6353=ORIENTED_EDGE('',*,*,#4481,.F.);
#6354=ORIENTED_EDGE('',*,*,#4482,.F.);
#6355=ORIENTED_EDGE('',*,*,#4483,.F.);
#6356=ORIENTED_EDGE('',*,*,#4482,.T.);
#6357=ORIENTED_EDGE('',*,*,#4484,.F.);
#6358=ORIENTED_EDGE('',*,*,#4485,.F.);
#6359=ORIENTED_EDGE('',*,*,#4486,.F.);
#6360=ORIENTED_EDGE('',*,*,#4485,.T.);
#6361=ORIENTED_EDGE('',*,*,#4487,.F.);
#6362=ORIENTED_EDGE('',*,*,#4488,.F.);
#6363=ORIENTED_EDGE('',*,*,#4489,.F.);
#6364=ORIENTED_EDGE('',*,*,#4488,.T.);
#6365=ORIENTED_EDGE('',*,*,#4490,.F.);
#6366=ORIENTED_EDGE('',*,*,#4491,.F.);
#6367=ORIENTED_EDGE('',*,*,#4492,.F.);
#6368=ORIENTED_EDGE('',*,*,#4491,.T.);
#6369=ORIENTED_EDGE('',*,*,#4493,.F.);
#6370=ORIENTED_EDGE('',*,*,#4494,.F.);
#6371=ORIENTED_EDGE('',*,*,#4495,.F.);
#6372=ORIENTED_EDGE('',*,*,#4494,.T.);
#6373=ORIENTED_EDGE('',*,*,#4496,.F.);
#6374=ORIENTED_EDGE('',*,*,#4497,.F.);
#6375=ORIENTED_EDGE('',*,*,#4498,.F.);
#6376=ORIENTED_EDGE('',*,*,#4497,.T.);
#6377=ORIENTED_EDGE('',*,*,#4499,.F.);
#6378=ORIENTED_EDGE('',*,*,#4500,.F.);
#6379=ORIENTED_EDGE('',*,*,#4501,.F.);
#6380=ORIENTED_EDGE('',*,*,#4500,.T.);
#6381=ORIENTED_EDGE('',*,*,#4502,.F.);
#6382=ORIENTED_EDGE('',*,*,#4503,.F.);
#6383=ORIENTED_EDGE('',*,*,#4504,.F.);
#6384=ORIENTED_EDGE('',*,*,#4503,.T.);
#6385=ORIENTED_EDGE('',*,*,#4505,.F.);
#6386=ORIENTED_EDGE('',*,*,#4506,.F.);
#6387=ORIENTED_EDGE('',*,*,#4507,.F.);
#6388=ORIENTED_EDGE('',*,*,#4506,.T.);
#6389=ORIENTED_EDGE('',*,*,#4508,.F.);
#6390=ORIENTED_EDGE('',*,*,#4405,.F.);
#6391=ORIENTED_EDGE('',*,*,#4508,.T.);
#6392=ORIENTED_EDGE('',*,*,#4505,.T.);
#6393=ORIENTED_EDGE('',*,*,#4502,.T.);
#6394=ORIENTED_EDGE('',*,*,#4499,.T.);
#6395=ORIENTED_EDGE('',*,*,#4496,.T.);
#6396=ORIENTED_EDGE('',*,*,#4493,.T.);
#6397=ORIENTED_EDGE('',*,*,#4490,.T.);
#6398=ORIENTED_EDGE('',*,*,#4487,.T.);
#6399=ORIENTED_EDGE('',*,*,#4484,.T.);
#6400=ORIENTED_EDGE('',*,*,#4481,.T.);
#6401=ORIENTED_EDGE('',*,*,#4478,.T.);
#6402=ORIENTED_EDGE('',*,*,#4475,.T.);
#6403=ORIENTED_EDGE('',*,*,#4472,.T.);
#6404=ORIENTED_EDGE('',*,*,#4469,.T.);
#6405=ORIENTED_EDGE('',*,*,#4466,.T.);
#6406=ORIENTED_EDGE('',*,*,#4463,.T.);
#6407=ORIENTED_EDGE('',*,*,#4460,.T.);
#6408=ORIENTED_EDGE('',*,*,#4457,.T.);
#6409=ORIENTED_EDGE('',*,*,#4454,.T.);
#6410=ORIENTED_EDGE('',*,*,#4451,.T.);
#6411=ORIENTED_EDGE('',*,*,#4448,.T.);
#6412=ORIENTED_EDGE('',*,*,#4445,.T.);
#6413=ORIENTED_EDGE('',*,*,#4442,.T.);
#6414=ORIENTED_EDGE('',*,*,#4439,.T.);
#6415=ORIENTED_EDGE('',*,*,#4436,.T.);
#6416=ORIENTED_EDGE('',*,*,#4433,.T.);
#6417=ORIENTED_EDGE('',*,*,#4430,.T.);
#6418=ORIENTED_EDGE('',*,*,#4427,.T.);
#6419=ORIENTED_EDGE('',*,*,#4424,.T.);
#6420=ORIENTED_EDGE('',*,*,#4421,.T.);
#6421=ORIENTED_EDGE('',*,*,#4418,.T.);
#6422=ORIENTED_EDGE('',*,*,#4415,.T.);
#6423=ORIENTED_EDGE('',*,*,#4412,.T.);
#6424=ORIENTED_EDGE('',*,*,#4409,.T.);
#6425=ORIENTED_EDGE('',*,*,#4406,.T.);
#6426=ORIENTED_EDGE('',*,*,#4403,.T.);
#6427=ORIENTED_EDGE('',*,*,#4400,.T.);
#6428=ORIENTED_EDGE('',*,*,#4397,.T.);
#6429=ORIENTED_EDGE('',*,*,#4394,.T.);
#6430=ORIENTED_EDGE('',*,*,#4391,.T.);
#6431=ORIENTED_EDGE('',*,*,#4388,.T.);
#6432=ORIENTED_EDGE('',*,*,#4385,.T.);
#6433=ORIENTED_EDGE('',*,*,#4382,.T.);
#6434=ORIENTED_EDGE('',*,*,#4379,.T.);
#6435=ORIENTED_EDGE('',*,*,#4376,.T.);
#6436=ORIENTED_EDGE('',*,*,#4373,.T.);
#6437=ORIENTED_EDGE('',*,*,#4370,.T.);
#6438=ORIENTED_EDGE('',*,*,#4367,.T.);
#6439=ORIENTED_EDGE('',*,*,#4364,.T.);
#6440=ORIENTED_EDGE('',*,*,#4361,.T.);
#6441=ORIENTED_EDGE('',*,*,#4358,.T.);
#6442=ORIENTED_EDGE('',*,*,#4355,.T.);
#6443=ORIENTED_EDGE('',*,*,#4352,.T.);
#6444=ORIENTED_EDGE('',*,*,#4349,.T.);
#6445=ORIENTED_EDGE('',*,*,#4346,.T.);
#6446=ORIENTED_EDGE('',*,*,#4343,.T.);
#6447=ORIENTED_EDGE('',*,*,#4340,.T.);
#6448=ORIENTED_EDGE('',*,*,#4337,.T.);
#6449=ORIENTED_EDGE('',*,*,#4334,.T.);
#6450=ORIENTED_EDGE('',*,*,#4331,.T.);
#6451=ORIENTED_EDGE('',*,*,#4328,.T.);
#6452=ORIENTED_EDGE('',*,*,#4325,.T.);
#6453=ORIENTED_EDGE('',*,*,#4322,.T.);
#6454=ORIENTED_EDGE('',*,*,#4319,.T.);
#6455=ORIENTED_EDGE('',*,*,#4316,.T.);
#6456=ORIENTED_EDGE('',*,*,#4313,.T.);
#6457=ORIENTED_EDGE('',*,*,#4310,.T.);
#6458=ORIENTED_EDGE('',*,*,#4307,.T.);
#6459=ORIENTED_EDGE('',*,*,#4304,.T.);
#6460=ORIENTED_EDGE('',*,*,#4301,.T.);
#6461=ORIENTED_EDGE('',*,*,#4507,.T.);
#6462=ORIENTED_EDGE('',*,*,#4404,.T.);
#6463=ORIENTED_EDGE('',*,*,#4408,.T.);
#6464=ORIENTED_EDGE('',*,*,#4411,.T.);
#6465=ORIENTED_EDGE('',*,*,#4414,.T.);
#6466=ORIENTED_EDGE('',*,*,#4417,.T.);
#6467=ORIENTED_EDGE('',*,*,#4420,.T.);
#6468=ORIENTED_EDGE('',*,*,#4423,.T.);
#6469=ORIENTED_EDGE('',*,*,#4426,.T.);
#6470=ORIENTED_EDGE('',*,*,#4429,.T.);
#6471=ORIENTED_EDGE('',*,*,#4432,.T.);
#6472=ORIENTED_EDGE('',*,*,#4435,.T.);
#6473=ORIENTED_EDGE('',*,*,#4438,.T.);
#6474=ORIENTED_EDGE('',*,*,#4441,.T.);
#6475=ORIENTED_EDGE('',*,*,#4444,.T.);
#6476=ORIENTED_EDGE('',*,*,#4447,.T.);
#6477=ORIENTED_EDGE('',*,*,#4450,.T.);
#6478=ORIENTED_EDGE('',*,*,#4453,.T.);
#6479=ORIENTED_EDGE('',*,*,#4456,.T.);
#6480=ORIENTED_EDGE('',*,*,#4459,.T.);
#6481=ORIENTED_EDGE('',*,*,#4462,.T.);
#6482=ORIENTED_EDGE('',*,*,#4465,.T.);
#6483=ORIENTED_EDGE('',*,*,#4468,.T.);
#6484=ORIENTED_EDGE('',*,*,#4471,.T.);
#6485=ORIENTED_EDGE('',*,*,#4474,.T.);
#6486=ORIENTED_EDGE('',*,*,#4477,.T.);
#6487=ORIENTED_EDGE('',*,*,#4480,.T.);
#6488=ORIENTED_EDGE('',*,*,#4483,.T.);
#6489=ORIENTED_EDGE('',*,*,#4486,.T.);
#6490=ORIENTED_EDGE('',*,*,#4489,.T.);
#6491=ORIENTED_EDGE('',*,*,#4492,.T.);
#6492=ORIENTED_EDGE('',*,*,#4495,.T.);
#6493=ORIENTED_EDGE('',*,*,#4498,.T.);
#6494=ORIENTED_EDGE('',*,*,#4501,.T.);
#6495=ORIENTED_EDGE('',*,*,#4504,.T.);
#6496=ORIENTED_EDGE('',*,*,#4402,.F.);
#6497=ORIENTED_EDGE('',*,*,#4299,.F.);
#6498=ORIENTED_EDGE('',*,*,#4303,.F.);
#6499=ORIENTED_EDGE('',*,*,#4306,.F.);
#6500=ORIENTED_EDGE('',*,*,#4309,.F.);
#6501=ORIENTED_EDGE('',*,*,#4312,.F.);
#6502=ORIENTED_EDGE('',*,*,#4315,.F.);
#6503=ORIENTED_EDGE('',*,*,#4318,.F.);
#6504=ORIENTED_EDGE('',*,*,#4321,.F.);
#6505=ORIENTED_EDGE('',*,*,#4324,.F.);
#6506=ORIENTED_EDGE('',*,*,#4327,.F.);
#6507=ORIENTED_EDGE('',*,*,#4330,.F.);
#6508=ORIENTED_EDGE('',*,*,#4333,.F.);
#6509=ORIENTED_EDGE('',*,*,#4336,.F.);
#6510=ORIENTED_EDGE('',*,*,#4339,.F.);
#6511=ORIENTED_EDGE('',*,*,#4342,.F.);
#6512=ORIENTED_EDGE('',*,*,#4345,.F.);
#6513=ORIENTED_EDGE('',*,*,#4348,.F.);
#6514=ORIENTED_EDGE('',*,*,#4351,.F.);
#6515=ORIENTED_EDGE('',*,*,#4354,.F.);
#6516=ORIENTED_EDGE('',*,*,#4357,.F.);
#6517=ORIENTED_EDGE('',*,*,#4360,.F.);
#6518=ORIENTED_EDGE('',*,*,#4363,.F.);
#6519=ORIENTED_EDGE('',*,*,#4366,.F.);
#6520=ORIENTED_EDGE('',*,*,#4369,.F.);
#6521=ORIENTED_EDGE('',*,*,#4372,.F.);
#6522=ORIENTED_EDGE('',*,*,#4375,.F.);
#6523=ORIENTED_EDGE('',*,*,#4378,.F.);
#6524=ORIENTED_EDGE('',*,*,#4381,.F.);
#6525=ORIENTED_EDGE('',*,*,#4384,.F.);
#6526=ORIENTED_EDGE('',*,*,#4387,.F.);
#6527=ORIENTED_EDGE('',*,*,#4390,.F.);
#6528=ORIENTED_EDGE('',*,*,#4393,.F.);
#6529=ORIENTED_EDGE('',*,*,#4396,.F.);
#6530=ORIENTED_EDGE('',*,*,#4399,.F.);
#6531=ORIENTED_EDGE('',*,*,#4509,.T.);
#6532=ORIENTED_EDGE('',*,*,#4510,.T.);
#6533=ORIENTED_EDGE('',*,*,#4511,.F.);
#6534=ORIENTED_EDGE('',*,*,#4512,.F.);
#6535=ORIENTED_EDGE('',*,*,#4513,.T.);
#6536=ORIENTED_EDGE('',*,*,#4512,.T.);
#6537=ORIENTED_EDGE('',*,*,#4514,.F.);
#6538=ORIENTED_EDGE('',*,*,#4515,.F.);
#6539=ORIENTED_EDGE('',*,*,#4516,.T.);
#6540=ORIENTED_EDGE('',*,*,#4515,.T.);
#6541=ORIENTED_EDGE('',*,*,#4517,.F.);
#6542=ORIENTED_EDGE('',*,*,#4518,.F.);
#6543=ORIENTED_EDGE('',*,*,#4519,.T.);
#6544=ORIENTED_EDGE('',*,*,#4518,.T.);
#6545=ORIENTED_EDGE('',*,*,#4520,.F.);
#6546=ORIENTED_EDGE('',*,*,#4510,.F.);
#6547=ORIENTED_EDGE('',*,*,#4521,.F.);
#6548=ORIENTED_EDGE('',*,*,#4522,.T.);
#6549=ORIENTED_EDGE('',*,*,#4523,.F.);
#6550=ORIENTED_EDGE('',*,*,#4524,.F.);
#6551=ORIENTED_EDGE('',*,*,#4525,.F.);
#6552=ORIENTED_EDGE('',*,*,#4524,.T.);
#6553=ORIENTED_EDGE('',*,*,#4526,.F.);
#6554=ORIENTED_EDGE('',*,*,#4527,.F.);
#6555=ORIENTED_EDGE('',*,*,#4528,.F.);
#6556=ORIENTED_EDGE('',*,*,#4527,.T.);
#6557=ORIENTED_EDGE('',*,*,#4529,.F.);
#6558=ORIENTED_EDGE('',*,*,#4530,.F.);
#6559=ORIENTED_EDGE('',*,*,#4531,.F.);
#6560=ORIENTED_EDGE('',*,*,#4530,.T.);
#6561=ORIENTED_EDGE('',*,*,#4532,.F.);
#6562=ORIENTED_EDGE('',*,*,#4522,.F.);
#6563=ORIENTED_EDGE('',*,*,#4532,.T.);
#6564=ORIENTED_EDGE('',*,*,#4529,.T.);
#6565=ORIENTED_EDGE('',*,*,#4526,.T.);
#6566=ORIENTED_EDGE('',*,*,#4523,.T.);
#6567=ORIENTED_EDGE('',*,*,#4520,.T.);
#6568=ORIENTED_EDGE('',*,*,#4517,.T.);
#6569=ORIENTED_EDGE('',*,*,#4514,.T.);
#6570=ORIENTED_EDGE('',*,*,#4511,.T.);
#6571=ORIENTED_EDGE('',*,*,#4531,.T.);
#6572=ORIENTED_EDGE('',*,*,#4521,.T.);
#6573=ORIENTED_EDGE('',*,*,#4525,.T.);
#6574=ORIENTED_EDGE('',*,*,#4528,.T.);
#6575=ORIENTED_EDGE('',*,*,#4519,.F.);
#6576=ORIENTED_EDGE('',*,*,#4509,.F.);
#6577=ORIENTED_EDGE('',*,*,#4513,.F.);
#6578=ORIENTED_EDGE('',*,*,#4516,.F.);
#6579=ORIENTED_EDGE('',*,*,#4533,.T.);
#6580=ORIENTED_EDGE('',*,*,#4534,.T.);
#6581=ORIENTED_EDGE('',*,*,#4535,.F.);
#6582=ORIENTED_EDGE('',*,*,#4536,.F.);
#6583=ORIENTED_EDGE('',*,*,#4537,.T.);
#6584=ORIENTED_EDGE('',*,*,#4536,.T.);
#6585=ORIENTED_EDGE('',*,*,#4538,.F.);
#6586=ORIENTED_EDGE('',*,*,#4539,.F.);
#6587=ORIENTED_EDGE('',*,*,#4540,.T.);
#6588=ORIENTED_EDGE('',*,*,#4539,.T.);
#6589=ORIENTED_EDGE('',*,*,#4541,.F.);
#6590=ORIENTED_EDGE('',*,*,#4542,.F.);
#6591=ORIENTED_EDGE('',*,*,#4543,.T.);
#6592=ORIENTED_EDGE('',*,*,#4542,.T.);
#6593=ORIENTED_EDGE('',*,*,#4544,.F.);
#6594=ORIENTED_EDGE('',*,*,#4545,.F.);
#6595=ORIENTED_EDGE('',*,*,#4546,.T.);
#6596=ORIENTED_EDGE('',*,*,#4545,.T.);
#6597=ORIENTED_EDGE('',*,*,#4547,.F.);
#6598=ORIENTED_EDGE('',*,*,#4548,.F.);
#6599=ORIENTED_EDGE('',*,*,#4549,.T.);
#6600=ORIENTED_EDGE('',*,*,#4548,.T.);
#6601=ORIENTED_EDGE('',*,*,#4550,.F.);
#6602=ORIENTED_EDGE('',*,*,#4551,.F.);
#6603=ORIENTED_EDGE('',*,*,#4552,.T.);
#6604=ORIENTED_EDGE('',*,*,#4551,.T.);
#6605=ORIENTED_EDGE('',*,*,#4553,.F.);
#6606=ORIENTED_EDGE('',*,*,#4554,.F.);
#6607=ORIENTED_EDGE('',*,*,#4555,.T.);
#6608=ORIENTED_EDGE('',*,*,#4554,.T.);
#6609=ORIENTED_EDGE('',*,*,#4556,.F.);
#6610=ORIENTED_EDGE('',*,*,#4557,.F.);
#6611=ORIENTED_EDGE('',*,*,#4558,.T.);
#6612=ORIENTED_EDGE('',*,*,#4557,.T.);
#6613=ORIENTED_EDGE('',*,*,#4559,.F.);
#6614=ORIENTED_EDGE('',*,*,#4560,.F.);
#6615=ORIENTED_EDGE('',*,*,#4561,.T.);
#6616=ORIENTED_EDGE('',*,*,#4560,.T.);
#6617=ORIENTED_EDGE('',*,*,#4562,.F.);
#6618=ORIENTED_EDGE('',*,*,#4563,.F.);
#6619=ORIENTED_EDGE('',*,*,#4564,.T.);
#6620=ORIENTED_EDGE('',*,*,#4563,.T.);
#6621=ORIENTED_EDGE('',*,*,#4565,.F.);
#6622=ORIENTED_EDGE('',*,*,#4566,.F.);
#6623=ORIENTED_EDGE('',*,*,#4567,.T.);
#6624=ORIENTED_EDGE('',*,*,#4566,.T.);
#6625=ORIENTED_EDGE('',*,*,#4568,.F.);
#6626=ORIENTED_EDGE('',*,*,#4569,.F.);
#6627=ORIENTED_EDGE('',*,*,#4570,.T.);
#6628=ORIENTED_EDGE('',*,*,#4569,.T.);
#6629=ORIENTED_EDGE('',*,*,#4571,.F.);
#6630=ORIENTED_EDGE('',*,*,#4572,.F.);
#6631=ORIENTED_EDGE('',*,*,#4573,.T.);
#6632=ORIENTED_EDGE('',*,*,#4572,.T.);
#6633=ORIENTED_EDGE('',*,*,#4574,.F.);
#6634=ORIENTED_EDGE('',*,*,#4575,.F.);
#6635=ORIENTED_EDGE('',*,*,#4576,.T.);
#6636=ORIENTED_EDGE('',*,*,#4575,.T.);
#6637=ORIENTED_EDGE('',*,*,#4577,.F.);
#6638=ORIENTED_EDGE('',*,*,#4578,.F.);
#6639=ORIENTED_EDGE('',*,*,#4579,.T.);
#6640=ORIENTED_EDGE('',*,*,#4578,.T.);
#6641=ORIENTED_EDGE('',*,*,#4580,.F.);
#6642=ORIENTED_EDGE('',*,*,#4581,.F.);
#6643=ORIENTED_EDGE('',*,*,#4582,.T.);
#6644=ORIENTED_EDGE('',*,*,#4581,.T.);
#6645=ORIENTED_EDGE('',*,*,#4583,.F.);
#6646=ORIENTED_EDGE('',*,*,#4584,.F.);
#6647=ORIENTED_EDGE('',*,*,#4585,.T.);
#6648=ORIENTED_EDGE('',*,*,#4584,.T.);
#6649=ORIENTED_EDGE('',*,*,#4586,.F.);
#6650=ORIENTED_EDGE('',*,*,#4534,.F.);
#6651=ORIENTED_EDGE('',*,*,#4587,.F.);
#6652=ORIENTED_EDGE('',*,*,#4588,.T.);
#6653=ORIENTED_EDGE('',*,*,#4589,.F.);
#6654=ORIENTED_EDGE('',*,*,#4590,.F.);
#6655=ORIENTED_EDGE('',*,*,#4591,.F.);
#6656=ORIENTED_EDGE('',*,*,#4590,.T.);
#6657=ORIENTED_EDGE('',*,*,#4592,.F.);
#6658=ORIENTED_EDGE('',*,*,#4593,.F.);
#6659=ORIENTED_EDGE('',*,*,#4594,.F.);
#6660=ORIENTED_EDGE('',*,*,#4593,.T.);
#6661=ORIENTED_EDGE('',*,*,#4595,.F.);
#6662=ORIENTED_EDGE('',*,*,#4596,.F.);
#6663=ORIENTED_EDGE('',*,*,#4597,.F.);
#6664=ORIENTED_EDGE('',*,*,#4596,.T.);
#6665=ORIENTED_EDGE('',*,*,#4598,.F.);
#6666=ORIENTED_EDGE('',*,*,#4599,.F.);
#6667=ORIENTED_EDGE('',*,*,#4600,.F.);
#6668=ORIENTED_EDGE('',*,*,#4599,.T.);
#6669=ORIENTED_EDGE('',*,*,#4601,.F.);
#6670=ORIENTED_EDGE('',*,*,#4602,.F.);
#6671=ORIENTED_EDGE('',*,*,#4603,.F.);
#6672=ORIENTED_EDGE('',*,*,#4602,.T.);
#6673=ORIENTED_EDGE('',*,*,#4604,.F.);
#6674=ORIENTED_EDGE('',*,*,#4605,.F.);
#6675=ORIENTED_EDGE('',*,*,#4606,.F.);
#6676=ORIENTED_EDGE('',*,*,#4605,.T.);
#6677=ORIENTED_EDGE('',*,*,#4607,.F.);
#6678=ORIENTED_EDGE('',*,*,#4608,.F.);
#6679=ORIENTED_EDGE('',*,*,#4609,.F.);
#6680=ORIENTED_EDGE('',*,*,#4608,.T.);
#6681=ORIENTED_EDGE('',*,*,#4610,.F.);
#6682=ORIENTED_EDGE('',*,*,#4611,.F.);
#6683=ORIENTED_EDGE('',*,*,#4612,.F.);
#6684=ORIENTED_EDGE('',*,*,#4611,.T.);
#6685=ORIENTED_EDGE('',*,*,#4613,.F.);
#6686=ORIENTED_EDGE('',*,*,#4614,.F.);
#6687=ORIENTED_EDGE('',*,*,#4615,.F.);
#6688=ORIENTED_EDGE('',*,*,#4614,.T.);
#6689=ORIENTED_EDGE('',*,*,#4616,.F.);
#6690=ORIENTED_EDGE('',*,*,#4617,.F.);
#6691=ORIENTED_EDGE('',*,*,#4618,.F.);
#6692=ORIENTED_EDGE('',*,*,#4617,.T.);
#6693=ORIENTED_EDGE('',*,*,#4619,.F.);
#6694=ORIENTED_EDGE('',*,*,#4620,.F.);
#6695=ORIENTED_EDGE('',*,*,#4621,.F.);
#6696=ORIENTED_EDGE('',*,*,#4620,.T.);
#6697=ORIENTED_EDGE('',*,*,#4622,.F.);
#6698=ORIENTED_EDGE('',*,*,#4623,.F.);
#6699=ORIENTED_EDGE('',*,*,#4624,.F.);
#6700=ORIENTED_EDGE('',*,*,#4623,.T.);
#6701=ORIENTED_EDGE('',*,*,#4625,.F.);
#6702=ORIENTED_EDGE('',*,*,#4626,.F.);
#6703=ORIENTED_EDGE('',*,*,#4627,.F.);
#6704=ORIENTED_EDGE('',*,*,#4626,.T.);
#6705=ORIENTED_EDGE('',*,*,#4628,.F.);
#6706=ORIENTED_EDGE('',*,*,#4629,.F.);
#6707=ORIENTED_EDGE('',*,*,#4630,.F.);
#6708=ORIENTED_EDGE('',*,*,#4629,.T.);
#6709=ORIENTED_EDGE('',*,*,#4631,.F.);
#6710=ORIENTED_EDGE('',*,*,#4632,.F.);
#6711=ORIENTED_EDGE('',*,*,#4633,.F.);
#6712=ORIENTED_EDGE('',*,*,#4632,.T.);
#6713=ORIENTED_EDGE('',*,*,#4634,.F.);
#6714=ORIENTED_EDGE('',*,*,#4635,.F.);
#6715=ORIENTED_EDGE('',*,*,#4636,.F.);
#6716=ORIENTED_EDGE('',*,*,#4635,.T.);
#6717=ORIENTED_EDGE('',*,*,#4637,.F.);
#6718=ORIENTED_EDGE('',*,*,#4638,.F.);
#6719=ORIENTED_EDGE('',*,*,#4639,.F.);
#6720=ORIENTED_EDGE('',*,*,#4638,.T.);
#6721=ORIENTED_EDGE('',*,*,#4640,.F.);
#6722=ORIENTED_EDGE('',*,*,#4588,.F.);
#6723=ORIENTED_EDGE('',*,*,#4640,.T.);
#6724=ORIENTED_EDGE('',*,*,#4637,.T.);
#6725=ORIENTED_EDGE('',*,*,#4634,.T.);
#6726=ORIENTED_EDGE('',*,*,#4631,.T.);
#6727=ORIENTED_EDGE('',*,*,#4628,.T.);
#6728=ORIENTED_EDGE('',*,*,#4625,.T.);
#6729=ORIENTED_EDGE('',*,*,#4622,.T.);
#6730=ORIENTED_EDGE('',*,*,#4619,.T.);
#6731=ORIENTED_EDGE('',*,*,#4616,.T.);
#6732=ORIENTED_EDGE('',*,*,#4613,.T.);
#6733=ORIENTED_EDGE('',*,*,#4610,.T.);
#6734=ORIENTED_EDGE('',*,*,#4607,.T.);
#6735=ORIENTED_EDGE('',*,*,#4604,.T.);
#6736=ORIENTED_EDGE('',*,*,#4601,.T.);
#6737=ORIENTED_EDGE('',*,*,#4598,.T.);
#6738=ORIENTED_EDGE('',*,*,#4595,.T.);
#6739=ORIENTED_EDGE('',*,*,#4592,.T.);
#6740=ORIENTED_EDGE('',*,*,#4589,.T.);
#6741=ORIENTED_EDGE('',*,*,#4586,.T.);
#6742=ORIENTED_EDGE('',*,*,#4583,.T.);
#6743=ORIENTED_EDGE('',*,*,#4580,.T.);
#6744=ORIENTED_EDGE('',*,*,#4577,.T.);
#6745=ORIENTED_EDGE('',*,*,#4574,.T.);
#6746=ORIENTED_EDGE('',*,*,#4571,.T.);
#6747=ORIENTED_EDGE('',*,*,#4568,.T.);
#6748=ORIENTED_EDGE('',*,*,#4565,.T.);
#6749=ORIENTED_EDGE('',*,*,#4562,.T.);
#6750=ORIENTED_EDGE('',*,*,#4559,.T.);
#6751=ORIENTED_EDGE('',*,*,#4556,.T.);
#6752=ORIENTED_EDGE('',*,*,#4553,.T.);
#6753=ORIENTED_EDGE('',*,*,#4550,.T.);
#6754=ORIENTED_EDGE('',*,*,#4547,.T.);
#6755=ORIENTED_EDGE('',*,*,#4544,.T.);
#6756=ORIENTED_EDGE('',*,*,#4541,.T.);
#6757=ORIENTED_EDGE('',*,*,#4538,.T.);
#6758=ORIENTED_EDGE('',*,*,#4535,.T.);
#6759=ORIENTED_EDGE('',*,*,#4639,.T.);
#6760=ORIENTED_EDGE('',*,*,#4587,.T.);
#6761=ORIENTED_EDGE('',*,*,#4591,.T.);
#6762=ORIENTED_EDGE('',*,*,#4594,.T.);
#6763=ORIENTED_EDGE('',*,*,#4597,.T.);
#6764=ORIENTED_EDGE('',*,*,#4600,.T.);
#6765=ORIENTED_EDGE('',*,*,#4603,.T.);
#6766=ORIENTED_EDGE('',*,*,#4606,.T.);
#6767=ORIENTED_EDGE('',*,*,#4609,.T.);
#6768=ORIENTED_EDGE('',*,*,#4612,.T.);
#6769=ORIENTED_EDGE('',*,*,#4615,.T.);
#6770=ORIENTED_EDGE('',*,*,#4618,.T.);
#6771=ORIENTED_EDGE('',*,*,#4621,.T.);
#6772=ORIENTED_EDGE('',*,*,#4624,.T.);
#6773=ORIENTED_EDGE('',*,*,#4627,.T.);
#6774=ORIENTED_EDGE('',*,*,#4630,.T.);
#6775=ORIENTED_EDGE('',*,*,#4633,.T.);
#6776=ORIENTED_EDGE('',*,*,#4636,.T.);
#6777=ORIENTED_EDGE('',*,*,#4585,.F.);
#6778=ORIENTED_EDGE('',*,*,#4533,.F.);
#6779=ORIENTED_EDGE('',*,*,#4537,.F.);
#6780=ORIENTED_EDGE('',*,*,#4540,.F.);
#6781=ORIENTED_EDGE('',*,*,#4543,.F.);
#6782=ORIENTED_EDGE('',*,*,#4546,.F.);
#6783=ORIENTED_EDGE('',*,*,#4549,.F.);
#6784=ORIENTED_EDGE('',*,*,#4552,.F.);
#6785=ORIENTED_EDGE('',*,*,#4555,.F.);
#6786=ORIENTED_EDGE('',*,*,#4558,.F.);
#6787=ORIENTED_EDGE('',*,*,#4561,.F.);
#6788=ORIENTED_EDGE('',*,*,#4564,.F.);
#6789=ORIENTED_EDGE('',*,*,#4567,.F.);
#6790=ORIENTED_EDGE('',*,*,#4570,.F.);
#6791=ORIENTED_EDGE('',*,*,#4573,.F.);
#6792=ORIENTED_EDGE('',*,*,#4576,.F.);
#6793=ORIENTED_EDGE('',*,*,#4579,.F.);
#6794=ORIENTED_EDGE('',*,*,#4582,.F.);
#6795=PLANE('',#7415);
#6796=PLANE('',#7416);
#6797=PLANE('',#7417);
#6798=PLANE('',#7421);
#6799=PLANE('',#7425);
#6800=PLANE('',#7429);
#6801=PLANE('',#7433);
#6802=PLANE('',#7437);
#6803=PLANE('',#7441);
#6804=PLANE('',#7442);
#6805=PLANE('',#7446);
#6806=PLANE('',#7447);
#6807=PLANE('',#7451);
#6808=PLANE('',#7455);
#6809=PLANE('',#7459);
#6810=PLANE('',#7463);
#6811=PLANE('',#7467);
#6812=PLANE('',#7471);
#6813=PLANE('',#7475);
#6814=PLANE('',#7479);
#6815=PLANE('',#7480);
#6816=PLANE('',#7481);
#6817=PLANE('',#7482);
#6818=PLANE('',#7483);
#6819=PLANE('',#7484);
#6820=PLANE('',#7485);
#6821=PLANE('',#7486);
#6822=PLANE('',#7490);
#6823=PLANE('',#7494);
#6824=PLANE('',#7495);
#6825=PLANE('',#7496);
#6826=PLANE('',#7497);
#6827=PLANE('',#7498);
#6828=PLANE('',#7499);
#6829=PLANE('',#7500);
#6830=PLANE('',#7501);
#6831=PLANE('',#7502);
#6832=PLANE('',#7503);
#6833=PLANE('',#7504);
#6834=PLANE('',#7505);
#6835=PLANE('',#7506);
#6836=PLANE('',#7507);
#6837=PLANE('',#7508);
#6838=PLANE('',#7509);
#6839=PLANE('',#7510);
#6840=PLANE('',#7511);
#6841=PLANE('',#7512);
#6842=PLANE('',#7513);
#6843=PLANE('',#7514);
#6844=PLANE('',#7515);
#6845=PLANE('',#7516);
#6846=PLANE('',#7517);
#6847=PLANE('',#7518);
#6848=PLANE('',#7519);
#6849=PLANE('',#7520);
#6850=PLANE('',#7521);
#6851=PLANE('',#7522);
#6852=PLANE('',#7523);
#6853=PLANE('',#7524);
#6854=PLANE('',#7525);
#6855=PLANE('',#7526);
#6856=PLANE('',#7527);
#6857=PLANE('',#7528);
#6858=PLANE('',#7529);
#6859=PLANE('',#7530);
#6860=PLANE('',#7531);
#6861=PLANE('',#7532);
#6862=PLANE('',#7533);
#6863=PLANE('',#7534);
#6864=PLANE('',#7535);
#6865=PLANE('',#7536);
#6866=PLANE('',#7537);
#6867=PLANE('',#7538);
#6868=PLANE('',#7539);
#6869=PLANE('',#7540);
#6870=PLANE('',#7541);
#6871=PLANE('',#7542);
#6872=PLANE('',#7543);
#6873=PLANE('',#7544);
#6874=PLANE('',#7545);
#6875=PLANE('',#7546);
#6876=PLANE('',#7547);
#6877=PLANE('',#7548);
#6878=PLANE('',#7549);
#6879=PLANE('',#7550);
#6880=PLANE('',#7551);
#6881=PLANE('',#7552);
#6882=PLANE('',#7553);
#6883=PLANE('',#7554);
#6884=PLANE('',#7555);
#6885=PLANE('',#7556);
#6886=PLANE('',#7557);
#6887=PLANE('',#7558);
#6888=PLANE('',#7559);
#6889=PLANE('',#7560);
#6890=PLANE('',#7561);
#6891=PLANE('',#7562);
#6892=PLANE('',#7563);
#6893=PLANE('',#7564);
#6894=PLANE('',#7565);
#6895=PLANE('',#7566);
#6896=PLANE('',#7567);
#6897=PLANE('',#7568);
#6898=PLANE('',#7569);
#6899=PLANE('',#7570);
#6900=PLANE('',#7571);
#6901=PLANE('',#7572);
#6902=PLANE('',#7573);
#6903=PLANE('',#7574);
#6904=PLANE('',#7575);
#6905=PLANE('',#7576);
#6906=PLANE('',#7577);
#6907=PLANE('',#7578);
#6908=PLANE('',#7579);
#6909=PLANE('',#7580);
#6910=PLANE('',#7581);
#6911=PLANE('',#7582);
#6912=PLANE('',#7583);
#6913=PLANE('',#7584);
#6914=PLANE('',#7585);
#6915=PLANE('',#7586);
#6916=PLANE('',#7587);
#6917=PLANE('',#7588);
#6918=PLANE('',#7589);
#6919=PLANE('',#7590);
#6920=PLANE('',#7591);
#6921=PLANE('',#7592);
#6922=PLANE('',#7593);
#6923=PLANE('',#7594);
#6924=PLANE('',#7595);
#6925=PLANE('',#7596);
#6926=PLANE('',#7597);
#6927=PLANE('',#7598);
#6928=PLANE('',#7599);
#6929=PLANE('',#7600);
#6930=PLANE('',#7601);
#6931=PLANE('',#7602);
#6932=PLANE('',#7603);
#6933=PLANE('',#7604);
#6934=PLANE('',#7605);
#6935=PLANE('',#7606);
#6936=PLANE('',#7607);
#6937=PLANE('',#7608);
#6938=PLANE('',#7609);
#6939=PLANE('',#7610);
#6940=PLANE('',#7611);
#6941=PLANE('',#7612);
#6942=PLANE('',#7613);
#6943=PLANE('',#7614);
#6944=PLANE('',#7615);
#6945=PLANE('',#7616);
#6946=PLANE('',#7617);
#6947=PLANE('',#7618);
#6948=PLANE('',#7619);
#6949=PLANE('',#7620);
#6950=PLANE('',#7621);
#6951=PLANE('',#7622);
#6952=PLANE('',#7623);
#6953=PLANE('',#7624);
#6954=PLANE('',#7625);
#6955=PLANE('',#7626);
#6956=PLANE('',#7627);
#6957=PLANE('',#7628);
#6958=PLANE('',#7629);
#6959=PLANE('',#7630);
#6960=PLANE('',#7631);
#6961=PLANE('',#7632);
#6962=PLANE('',#7633);
#6963=PLANE('',#7634);
#6964=PLANE('',#7635);
#6965=PLANE('',#7636);
#6966=PLANE('',#7637);
#6967=PLANE('',#7638);
#6968=PLANE('',#7639);
#6969=PLANE('',#7640);
#6970=PLANE('',#7641);
#6971=PLANE('',#7642);
#6972=PLANE('',#7643);
#6973=PLANE('',#7644);
#6974=PLANE('',#7645);
#6975=PLANE('',#7646);
#6976=PLANE('',#7647);
#6977=PLANE('',#7648);
#6978=PLANE('',#7649);
#6979=PLANE('',#7650);
#6980=PLANE('',#7651);
#6981=PLANE('',#7652);
#6982=PLANE('',#7653);
#6983=PLANE('',#7654);
#6984=ADVANCED_FACE('',(#709),#6795,.F.);
#6985=ADVANCED_FACE('',(#710),#6796,.F.);
#6986=ADVANCED_FACE('',(#711),#6797,.F.);
#6987=ADVANCED_FACE('',(#712),#692,.F.);
#6988=ADVANCED_FACE('',(#713),#6798,.F.);
#6989=ADVANCED_FACE('',(#714),#693,.F.);
#6990=ADVANCED_FACE('',(#715),#6799,.T.);
#6991=ADVANCED_FACE('',(#716),#694,.F.);
#6992=ADVANCED_FACE('',(#717),#6800,.T.);
#6993=ADVANCED_FACE('',(#718),#695,.F.);
#6994=ADVANCED_FACE('',(#719),#6801,.T.);
#6995=ADVANCED_FACE('',(#720),#696,.F.);
#6996=ADVANCED_FACE('',(#721),#6802,.T.);
#6997=ADVANCED_FACE('',(#722),#697,.F.);
#6998=ADVANCED_FACE('',(#723),#6803,.T.);
#6999=ADVANCED_FACE('',(#724),#6804,.T.);
#7000=ADVANCED_FACE('',(#725),#698,.F.);
#7001=ADVANCED_FACE('',(#726),#6805,.T.);
#7002=ADVANCED_FACE('',(#727),#6806,.T.);
#7003=ADVANCED_FACE('',(#728),#699,.T.);
#7004=ADVANCED_FACE('',(#729),#6807,.T.);
#7005=ADVANCED_FACE('',(#730),#700,.T.);
#7006=ADVANCED_FACE('',(#731),#6808,.T.);
#7007=ADVANCED_FACE('',(#732),#701,.F.);
#7008=ADVANCED_FACE('',(#733),#6809,.T.);
#7009=ADVANCED_FACE('',(#734),#702,.F.);
#7010=ADVANCED_FACE('',(#735),#6810,.T.);
#7011=ADVANCED_FACE('',(#736),#703,.T.);
#7012=ADVANCED_FACE('',(#737,#631),#6811,.T.);
#7013=ADVANCED_FACE('',(#738),#704,.T.);
#7014=ADVANCED_FACE('',(#739),#6812,.T.);
#7015=ADVANCED_FACE('',(#740),#705,.T.);
#7016=ADVANCED_FACE('',(#741),#6813,.T.);
#7017=ADVANCED_FACE('',(#742),#706,.T.);
#7018=ADVANCED_FACE('',(#743,#632),#6814,.T.);
#7019=ADVANCED_FACE('',(#744,#633,#634,#635,#636,#637),#6815,.F.);
#7020=ADVANCED_FACE('',(#745),#6816,.F.);
#7021=ADVANCED_FACE('',(#746),#6817,.F.);
#7022=ADVANCED_FACE('',(#747),#6818,.F.);
#7023=ADVANCED_FACE('',(#748),#6819,.F.);
#7024=ADVANCED_FACE('',(#749),#6820,.T.);
#7025=ADVANCED_FACE('',(#750),#6821,.T.);
#7026=ADVANCED_FACE('',(#751),#707,.T.);
#7027=ADVANCED_FACE('',(#752),#6822,.T.);
#7028=ADVANCED_FACE('',(#753),#708,.T.);
#7029=ADVANCED_FACE('',(#754),#6823,.T.);
#7030=ADVANCED_FACE('',(#755,#638),#6824,.T.);
#7031=ADVANCED_FACE('',(#756,#639),#6825,.F.);
#7032=ADVANCED_FACE('',(#757),#401,.T.);
#7033=ADVANCED_FACE('',(#758),#6826,.T.);
#7034=ADVANCED_FACE('',(#759),#402,.T.);
#7035=ADVANCED_FACE('',(#760),#403,.T.);
#7036=ADVANCED_FACE('',(#761),#404,.T.);
#7037=ADVANCED_FACE('',(#762),#405,.T.);
#7038=ADVANCED_FACE('',(#763),#6827,.T.);
#7039=ADVANCED_FACE('',(#764),#6828,.T.);
#7040=ADVANCED_FACE('',(#765),#6829,.T.);
#7041=ADVANCED_FACE('',(#766),#6830,.T.);
#7042=ADVANCED_FACE('',(#767),#6831,.T.);
#7043=ADVANCED_FACE('',(#768),#6832,.T.);
#7044=ADVANCED_FACE('',(#769),#6833,.T.);
#7045=ADVANCED_FACE('',(#770),#6834,.T.);
#7046=ADVANCED_FACE('',(#771),#6835,.T.);
#7047=ADVANCED_FACE('',(#772),#6836,.T.);
#7048=ADVANCED_FACE('',(#773),#6837,.T.);
#7049=ADVANCED_FACE('',(#774),#406,.T.);
#7050=ADVANCED_FACE('',(#775),#407,.T.);
#7051=ADVANCED_FACE('',(#776),#408,.T.);
#7052=ADVANCED_FACE('',(#777),#6838,.T.);
#7053=ADVANCED_FACE('',(#778),#6839,.F.);
#7054=ADVANCED_FACE('',(#779),#409,.T.);
#7055=ADVANCED_FACE('',(#780),#410,.T.);
#7056=ADVANCED_FACE('',(#781),#411,.T.);
#7057=ADVANCED_FACE('',(#782),#412,.T.);
#7058=ADVANCED_FACE('',(#783),#413,.T.);
#7059=ADVANCED_FACE('',(#784),#414,.T.);
#7060=ADVANCED_FACE('',(#785),#415,.T.);
#7061=ADVANCED_FACE('',(#786),#416,.T.);
#7062=ADVANCED_FACE('',(#787),#6840,.T.);
#7063=ADVANCED_FACE('',(#788),#6841,.T.);
#7064=ADVANCED_FACE('',(#789),#6842,.T.);
#7065=ADVANCED_FACE('',(#790),#6843,.T.);
#7066=ADVANCED_FACE('',(#791),#417,.T.);
#7067=ADVANCED_FACE('',(#792),#418,.T.);
#7068=ADVANCED_FACE('',(#793),#419,.T.);
#7069=ADVANCED_FACE('',(#794),#420,.T.);
#7070=ADVANCED_FACE('',(#795),#421,.T.);
#7071=ADVANCED_FACE('',(#796),#422,.T.);
#7072=ADVANCED_FACE('',(#797),#423,.T.);
#7073=ADVANCED_FACE('',(#798),#424,.T.);
#7074=ADVANCED_FACE('',(#799),#425,.T.);
#7075=ADVANCED_FACE('',(#800),#426,.T.);
#7076=ADVANCED_FACE('',(#801),#6844,.T.);
#7077=ADVANCED_FACE('',(#802,#640),#6845,.T.);
#7078=ADVANCED_FACE('',(#803,#641),#6846,.F.);
#7079=ADVANCED_FACE('',(#804),#6847,.T.);
#7080=ADVANCED_FACE('',(#805),#6848,.T.);
#7081=ADVANCED_FACE('',(#806),#6849,.T.);
#7082=ADVANCED_FACE('',(#807),#6850,.T.);
#7083=ADVANCED_FACE('',(#808),#6851,.T.);
#7084=ADVANCED_FACE('',(#809),#6852,.F.);
#7085=ADVANCED_FACE('',(#810),#6853,.T.);
#7086=ADVANCED_FACE('',(#811),#6854,.T.);
#7087=ADVANCED_FACE('',(#812),#6855,.T.);
#7088=ADVANCED_FACE('',(#813),#6856,.T.);
#7089=ADVANCED_FACE('',(#814),#6857,.T.);
#7090=ADVANCED_FACE('',(#815),#6858,.F.);
#7091=ADVANCED_FACE('',(#816),#6859,.T.);
#7092=ADVANCED_FACE('',(#817),#6860,.T.);
#7093=ADVANCED_FACE('',(#818),#6861,.T.);
#7094=ADVANCED_FACE('',(#819),#6862,.T.);
#7095=ADVANCED_FACE('',(#820),#6863,.T.);
#7096=ADVANCED_FACE('',(#821),#6864,.F.);
#7097=ADVANCED_FACE('',(#822),#427,.T.);
#7098=ADVANCED_FACE('',(#823),#6865,.T.);
#7099=ADVANCED_FACE('',(#824),#428,.T.);
#7100=ADVANCED_FACE('',(#825),#429,.T.);
#7101=ADVANCED_FACE('',(#826),#430,.T.);
#7102=ADVANCED_FACE('',(#827),#431,.T.);
#7103=ADVANCED_FACE('',(#828),#432,.T.);
#7104=ADVANCED_FACE('',(#829),#433,.T.);
#7105=ADVANCED_FACE('',(#830),#434,.T.);
#7106=ADVANCED_FACE('',(#831),#435,.T.);
#7107=ADVANCED_FACE('',(#832),#436,.T.);
#7108=ADVANCED_FACE('',(#833),#437,.T.);
#7109=ADVANCED_FACE('',(#834),#438,.T.);
#7110=ADVANCED_FACE('',(#835),#439,.T.);
#7111=ADVANCED_FACE('',(#836),#440,.T.);
#7112=ADVANCED_FACE('',(#837),#441,.T.);
#7113=ADVANCED_FACE('',(#838),#442,.T.);
#7114=ADVANCED_FACE('',(#839),#443,.T.);
#7115=ADVANCED_FACE('',(#840),#444,.T.);
#7116=ADVANCED_FACE('',(#841),#445,.T.);
#7117=ADVANCED_FACE('',(#842),#6866,.T.);
#7118=ADVANCED_FACE('',(#843),#446,.T.);
#7119=ADVANCED_FACE('',(#844),#447,.T.);
#7120=ADVANCED_FACE('',(#845),#448,.T.);
#7121=ADVANCED_FACE('',(#846),#449,.T.);
#7122=ADVANCED_FACE('',(#847),#450,.T.);
#7123=ADVANCED_FACE('',(#848),#451,.T.);
#7124=ADVANCED_FACE('',(#849),#452,.T.);
#7125=ADVANCED_FACE('',(#850),#453,.T.);
#7126=ADVANCED_FACE('',(#851),#454,.T.);
#7127=ADVANCED_FACE('',(#852),#455,.T.);
#7128=ADVANCED_FACE('',(#853),#456,.T.);
#7129=ADVANCED_FACE('',(#854),#457,.T.);
#7130=ADVANCED_FACE('',(#855),#458,.T.);
#7131=ADVANCED_FACE('',(#856),#459,.T.);
#7132=ADVANCED_FACE('',(#857),#6867,.T.);
#7133=ADVANCED_FACE('',(#858),#6868,.F.);
#7134=ADVANCED_FACE('',(#859),#6869,.T.);
#7135=ADVANCED_FACE('',(#860),#6870,.T.);
#7136=ADVANCED_FACE('',(#861),#6871,.T.);
#7137=ADVANCED_FACE('',(#862),#6872,.T.);
#7138=ADVANCED_FACE('',(#863),#6873,.T.);
#7139=ADVANCED_FACE('',(#864),#6874,.F.);
#7140=ADVANCED_FACE('',(#865),#460,.T.);
#7141=ADVANCED_FACE('',(#866),#6875,.T.);
#7142=ADVANCED_FACE('',(#867),#461,.T.);
#7143=ADVANCED_FACE('',(#868),#462,.T.);
#7144=ADVANCED_FACE('',(#869),#463,.T.);
#7145=ADVANCED_FACE('',(#870),#464,.T.);
#7146=ADVANCED_FACE('',(#871),#465,.T.);
#7147=ADVANCED_FACE('',(#872),#6876,.T.);
#7148=ADVANCED_FACE('',(#873),#6877,.T.);
#7149=ADVANCED_FACE('',(#874),#6878,.T.);
#7150=ADVANCED_FACE('',(#875),#466,.T.);
#7151=ADVANCED_FACE('',(#876),#467,.T.);
#7152=ADVANCED_FACE('',(#877),#6879,.T.);
#7153=ADVANCED_FACE('',(#878),#6880,.T.);
#7154=ADVANCED_FACE('',(#879),#6881,.T.);
#7155=ADVANCED_FACE('',(#880),#468,.T.);
#7156=ADVANCED_FACE('',(#881),#469,.T.);
#7157=ADVANCED_FACE('',(#882),#470,.T.);
#7158=ADVANCED_FACE('',(#883),#6882,.T.);
#7159=ADVANCED_FACE('',(#884),#6883,.F.);
#7160=ADVANCED_FACE('',(#885),#471,.T.);
#7161=ADVANCED_FACE('',(#886),#472,.T.);
#7162=ADVANCED_FACE('',(#887),#6884,.T.);
#7163=ADVANCED_FACE('',(#888),#6885,.T.);
#7164=ADVANCED_FACE('',(#889),#6886,.T.);
#7165=ADVANCED_FACE('',(#890),#6887,.T.);
#7166=ADVANCED_FACE('',(#891),#6888,.T.);
#7167=ADVANCED_FACE('',(#892),#6889,.T.);
#7168=ADVANCED_FACE('',(#893),#6890,.T.);
#7169=ADVANCED_FACE('',(#894),#6891,.T.);
#7170=ADVANCED_FACE('',(#895),#6892,.T.);
#7171=ADVANCED_FACE('',(#896),#6893,.T.);
#7172=ADVANCED_FACE('',(#897),#6894,.T.);
#7173=ADVANCED_FACE('',(#898),#473,.T.);
#7174=ADVANCED_FACE('',(#899),#474,.T.);
#7175=ADVANCED_FACE('',(#900),#475,.T.);
#7176=ADVANCED_FACE('',(#901),#476,.T.);
#7177=ADVANCED_FACE('',(#902),#6895,.T.);
#7178=ADVANCED_FACE('',(#903),#477,.T.);
#7179=ADVANCED_FACE('',(#904),#478,.T.);
#7180=ADVANCED_FACE('',(#905),#479,.T.);
#7181=ADVANCED_FACE('',(#906),#480,.T.);
#7182=ADVANCED_FACE('',(#907),#481,.T.);
#7183=ADVANCED_FACE('',(#908),#482,.T.);
#7184=ADVANCED_FACE('',(#909),#6896,.T.);
#7185=ADVANCED_FACE('',(#910),#483,.T.);
#7186=ADVANCED_FACE('',(#911),#484,.T.);
#7187=ADVANCED_FACE('',(#912),#485,.T.);
#7188=ADVANCED_FACE('',(#913),#486,.T.);
#7189=ADVANCED_FACE('',(#914),#6897,.T.);
#7190=ADVANCED_FACE('',(#915),#6898,.T.);
#7191=ADVANCED_FACE('',(#916),#6899,.T.);
#7192=ADVANCED_FACE('',(#917),#6900,.T.);
#7193=ADVANCED_FACE('',(#918),#6901,.T.);
#7194=ADVANCED_FACE('',(#919),#6902,.T.);
#7195=ADVANCED_FACE('',(#920),#6903,.T.);
#7196=ADVANCED_FACE('',(#921),#6904,.T.);
#7197=ADVANCED_FACE('',(#922),#6905,.T.);
#7198=ADVANCED_FACE('',(#923),#6906,.T.);
#7199=ADVANCED_FACE('',(#924),#6907,.T.);
#7200=ADVANCED_FACE('',(#925,#642),#6908,.T.);
#7201=ADVANCED_FACE('',(#926,#643),#6909,.F.);
#7202=ADVANCED_FACE('',(#927),#487,.T.);
#7203=ADVANCED_FACE('',(#928),#488,.T.);
#7204=ADVANCED_FACE('',(#929),#489,.T.);
#7205=ADVANCED_FACE('',(#930),#490,.T.);
#7206=ADVANCED_FACE('',(#931),#491,.T.);
#7207=ADVANCED_FACE('',(#932),#492,.T.);
#7208=ADVANCED_FACE('',(#933),#493,.T.);
#7209=ADVANCED_FACE('',(#934),#494,.T.);
#7210=ADVANCED_FACE('',(#935),#495,.T.);
#7211=ADVANCED_FACE('',(#936),#496,.T.);
#7212=ADVANCED_FACE('',(#937),#6910,.T.);
#7213=ADVANCED_FACE('',(#938),#6911,.T.);
#7214=ADVANCED_FACE('',(#939),#6912,.T.);
#7215=ADVANCED_FACE('',(#940),#6913,.T.);
#7216=ADVANCED_FACE('',(#941),#6914,.T.);
#7217=ADVANCED_FACE('',(#942),#497,.T.);
#7218=ADVANCED_FACE('',(#943),#498,.T.);
#7219=ADVANCED_FACE('',(#944),#499,.T.);
#7220=ADVANCED_FACE('',(#945),#500,.T.);
#7221=ADVANCED_FACE('',(#946),#501,.T.);
#7222=ADVANCED_FACE('',(#947),#502,.T.);
#7223=ADVANCED_FACE('',(#948),#503,.T.);
#7224=ADVANCED_FACE('',(#949),#6915,.T.);
#7225=ADVANCED_FACE('',(#950),#6916,.T.);
#7226=ADVANCED_FACE('',(#951),#6917,.T.);
#7227=ADVANCED_FACE('',(#952),#6918,.T.);
#7228=ADVANCED_FACE('',(#953),#6919,.T.);
#7229=ADVANCED_FACE('',(#954),#504,.T.);
#7230=ADVANCED_FACE('',(#955),#505,.T.);
#7231=ADVANCED_FACE('',(#956),#506,.T.);
#7232=ADVANCED_FACE('',(#957,#644),#6920,.T.);
#7233=ADVANCED_FACE('',(#958,#645),#6921,.F.);
#7234=ADVANCED_FACE('',(#959),#6922,.T.);
#7235=ADVANCED_FACE('',(#960),#6923,.T.);
#7236=ADVANCED_FACE('',(#961),#6924,.T.);
#7237=ADVANCED_FACE('',(#962),#6925,.T.);
#7238=ADVANCED_FACE('',(#963),#6926,.T.);
#7239=ADVANCED_FACE('',(#964),#6927,.T.);
#7240=ADVANCED_FACE('',(#965),#6928,.T.);
#7241=ADVANCED_FACE('',(#966),#6929,.T.);
#7242=ADVANCED_FACE('',(#967,#646),#6930,.T.);
#7243=ADVANCED_FACE('',(#968,#647),#6931,.F.);
#7244=ADVANCED_FACE('',(#969),#6932,.T.);
#7245=ADVANCED_FACE('',(#970),#6933,.T.);
#7246=ADVANCED_FACE('',(#971),#6934,.T.);
#7247=ADVANCED_FACE('',(#972),#6935,.T.);
#7248=ADVANCED_FACE('',(#973),#6936,.T.);
#7249=ADVANCED_FACE('',(#974),#6937,.T.);
#7250=ADVANCED_FACE('',(#975),#6938,.T.);
#7251=ADVANCED_FACE('',(#976),#6939,.T.);
#7252=ADVANCED_FACE('',(#977,#648),#6940,.T.);
#7253=ADVANCED_FACE('',(#978,#649),#6941,.F.);
#7254=ADVANCED_FACE('',(#979),#6942,.T.);
#7255=ADVANCED_FACE('',(#980),#6943,.T.);
#7256=ADVANCED_FACE('',(#981),#6944,.T.);
#7257=ADVANCED_FACE('',(#982),#6945,.T.);
#7258=ADVANCED_FACE('',(#983),#6946,.T.);
#7259=ADVANCED_FACE('',(#984),#6947,.T.);
#7260=ADVANCED_FACE('',(#985),#6948,.T.);
#7261=ADVANCED_FACE('',(#986),#6949,.T.);
#7262=ADVANCED_FACE('',(#987,#650),#6950,.T.);
#7263=ADVANCED_FACE('',(#988,#651),#6951,.F.);
#7264=ADVANCED_FACE('',(#989),#507,.T.);
#7265=ADVANCED_FACE('',(#990),#508,.T.);
#7266=ADVANCED_FACE('',(#991),#509,.T.);
#7267=ADVANCED_FACE('',(#992),#510,.T.);
#7268=ADVANCED_FACE('',(#993),#511,.T.);
#7269=ADVANCED_FACE('',(#994),#512,.T.);
#7270=ADVANCED_FACE('',(#995),#513,.T.);
#7271=ADVANCED_FACE('',(#996),#514,.T.);
#7272=ADVANCED_FACE('',(#997),#515,.T.);
#7273=ADVANCED_FACE('',(#998),#516,.T.);
#7274=ADVANCED_FACE('',(#999),#517,.T.);
#7275=ADVANCED_FACE('',(#1000),#518,.T.);
#7276=ADVANCED_FACE('',(#1001),#519,.T.);
#7277=ADVANCED_FACE('',(#1002),#6952,.T.);
#7278=ADVANCED_FACE('',(#1003),#520,.T.);
#7279=ADVANCED_FACE('',(#1004),#521,.T.);
#7280=ADVANCED_FACE('',(#1005),#522,.T.);
#7281=ADVANCED_FACE('',(#1006),#523,.T.);
#7282=ADVANCED_FACE('',(#1007),#524,.T.);
#7283=ADVANCED_FACE('',(#1008),#525,.T.);
#7284=ADVANCED_FACE('',(#1009),#526,.T.);
#7285=ADVANCED_FACE('',(#1010),#527,.T.);
#7286=ADVANCED_FACE('',(#1011),#528,.T.);
#7287=ADVANCED_FACE('',(#1012),#529,.T.);
#7288=ADVANCED_FACE('',(#1013),#530,.T.);
#7289=ADVANCED_FACE('',(#1014),#531,.T.);
#7290=ADVANCED_FACE('',(#1015),#532,.T.);
#7291=ADVANCED_FACE('',(#1016),#533,.T.);
#7292=ADVANCED_FACE('',(#1017),#534,.T.);
#7293=ADVANCED_FACE('',(#1018),#535,.T.);
#7294=ADVANCED_FACE('',(#1019),#536,.T.);
#7295=ADVANCED_FACE('',(#1020),#537,.T.);
#7296=ADVANCED_FACE('',(#1021),#6953,.T.);
#7297=ADVANCED_FACE('',(#1022),#538,.T.);
#7298=ADVANCED_FACE('',(#1023),#539,.T.);
#7299=ADVANCED_FACE('',(#1024),#540,.T.);
#7300=ADVANCED_FACE('',(#1025),#541,.T.);
#7301=ADVANCED_FACE('',(#1026),#542,.T.);
#7302=ADVANCED_FACE('',(#1027),#543,.T.);
#7303=ADVANCED_FACE('',(#1028),#544,.T.);
#7304=ADVANCED_FACE('',(#1029),#545,.T.);
#7305=ADVANCED_FACE('',(#1030),#546,.T.);
#7306=ADVANCED_FACE('',(#1031),#547,.T.);
#7307=ADVANCED_FACE('',(#1032),#548,.T.);
#7308=ADVANCED_FACE('',(#1033),#549,.T.);
#7309=ADVANCED_FACE('',(#1034),#550,.T.);
#7310=ADVANCED_FACE('',(#1035),#551,.T.);
#7311=ADVANCED_FACE('',(#1036),#552,.T.);
#7312=ADVANCED_FACE('',(#1037),#553,.T.);
#7313=ADVANCED_FACE('',(#1038),#554,.T.);
#7314=ADVANCED_FACE('',(#1039),#6954,.T.);
#7315=ADVANCED_FACE('',(#1040),#555,.T.);
#7316=ADVANCED_FACE('',(#1041),#556,.T.);
#7317=ADVANCED_FACE('',(#1042),#557,.T.);
#7318=ADVANCED_FACE('',(#1043),#558,.T.);
#7319=ADVANCED_FACE('',(#1044),#559,.T.);
#7320=ADVANCED_FACE('',(#1045),#560,.T.);
#7321=ADVANCED_FACE('',(#1046),#561,.T.);
#7322=ADVANCED_FACE('',(#1047),#562,.T.);
#7323=ADVANCED_FACE('',(#1048),#563,.T.);
#7324=ADVANCED_FACE('',(#1049),#564,.T.);
#7325=ADVANCED_FACE('',(#1050),#565,.T.);
#7326=ADVANCED_FACE('',(#1051),#566,.T.);
#7327=ADVANCED_FACE('',(#1052),#567,.T.);
#7328=ADVANCED_FACE('',(#1053),#568,.T.);
#7329=ADVANCED_FACE('',(#1054),#569,.T.);
#7330=ADVANCED_FACE('',(#1055),#570,.T.);
#7331=ADVANCED_FACE('',(#1056),#571,.T.);
#7332=ADVANCED_FACE('',(#1057),#572,.T.);
#7333=ADVANCED_FACE('',(#1058),#6955,.T.);
#7334=ADVANCED_FACE('',(#1059,#652),#6956,.T.);
#7335=ADVANCED_FACE('',(#1060,#653),#6957,.F.);
#7336=ADVANCED_FACE('',(#1061),#6958,.T.);
#7337=ADVANCED_FACE('',(#1062),#6959,.T.);
#7338=ADVANCED_FACE('',(#1063),#6960,.T.);
#7339=ADVANCED_FACE('',(#1064),#6961,.T.);
#7340=ADVANCED_FACE('',(#1065),#6962,.T.);
#7341=ADVANCED_FACE('',(#1066),#6963,.T.);
#7342=ADVANCED_FACE('',(#1067),#6964,.T.);
#7343=ADVANCED_FACE('',(#1068),#6965,.T.);
#7344=ADVANCED_FACE('',(#1069,#654),#6966,.T.);
#7345=ADVANCED_FACE('',(#1070,#655),#6967,.F.);
#7346=ADVANCED_FACE('',(#1071),#573,.T.);
#7347=ADVANCED_FACE('',(#1072),#574,.T.);
#7348=ADVANCED_FACE('',(#1073),#6968,.T.);
#7349=ADVANCED_FACE('',(#1074),#6969,.T.);
#7350=ADVANCED_FACE('',(#1075),#6970,.T.);
#7351=ADVANCED_FACE('',(#1076),#575,.T.);
#7352=ADVANCED_FACE('',(#1077),#576,.T.);
#7353=ADVANCED_FACE('',(#1078),#6971,.T.);
#7354=ADVANCED_FACE('',(#1079),#6972,.T.);
#7355=ADVANCED_FACE('',(#1080),#6973,.T.);
#7356=ADVANCED_FACE('',(#1081),#577,.T.);
#7357=ADVANCED_FACE('',(#1082),#578,.T.);
#7358=ADVANCED_FACE('',(#1083),#579,.T.);
#7359=ADVANCED_FACE('',(#1084),#580,.T.);
#7360=ADVANCED_FACE('',(#1085),#581,.T.);
#7361=ADVANCED_FACE('',(#1086),#6974,.T.);
#7362=ADVANCED_FACE('',(#1087),#582,.T.);
#7363=ADVANCED_FACE('',(#1088),#583,.T.);
#7364=ADVANCED_FACE('',(#1089),#584,.T.);
#7365=ADVANCED_FACE('',(#1090),#585,.T.);
#7366=ADVANCED_FACE('',(#1091),#586,.T.);
#7367=ADVANCED_FACE('',(#1092),#6975,.T.);
#7368=ADVANCED_FACE('',(#1093),#587,.T.);
#7369=ADVANCED_FACE('',(#1094),#588,.T.);
#7370=ADVANCED_FACE('',(#1095),#589,.T.);
#7371=ADVANCED_FACE('',(#1096),#590,.T.);
#7372=ADVANCED_FACE('',(#1097),#591,.T.);
#7373=ADVANCED_FACE('',(#1098),#6976,.T.);
#7374=ADVANCED_FACE('',(#1099),#6977,.T.);
#7375=ADVANCED_FACE('',(#1100),#6978,.T.);
#7376=ADVANCED_FACE('',(#1101),#592,.T.);
#7377=ADVANCED_FACE('',(#1102),#593,.T.);
#7378=ADVANCED_FACE('',(#1103),#6979,.T.);
#7379=ADVANCED_FACE('',(#1104),#6980,.T.);
#7380=ADVANCED_FACE('',(#1105),#6981,.T.);
#7381=ADVANCED_FACE('',(#1106),#594,.T.);
#7382=ADVANCED_FACE('',(#1107,#656),#6982,.T.);
#7383=ADVANCED_FACE('',(#1108,#657),#6983,.F.);
#7384=CLOSED_SHELL('',(#6984,#6985,#6986,#6987,#6988,#6989,#6990,#6991,
#6992,#6993,#6994,#6995,#6996,#6997,#6998,#6999,#7000,#7001,#7002,#7003,
#7004,#7005,#7006,#7007,#7008,#7009,#7010,#7011,#7012,#7013,#7014,#7015,
#7016,#7017,#7018,#7019));
#7385=CLOSED_SHELL('',(#7020,#7021,#7022,#7023,#7024,#7025,#7026,#7027,
#7028,#7029,#7030,#7031));
#7386=CLOSED_SHELL('',(#7032,#7033,#7034,#7035,#7036,#7037,#7038,#7039,
#7040,#7041,#7042,#7043,#7044,#7045,#7046,#7047,#7048,#7049,#7050,#7051,
#7052,#7053));
#7387=CLOSED_SHELL('',(#7054,#7055,#7056,#7057,#7058,#7059,#7060,#7061,
#7062,#7063,#7064,#7065,#7066,#7067,#7068,#7069,#7070,#7071,#7072,#7073,
#7074,#7075,#7076,#7077,#7078));
#7388=CLOSED_SHELL('',(#7079,#7080,#7081,#7082,#7083,#7084));
#7389=CLOSED_SHELL('',(#7085,#7086,#7087,#7088,#7089,#7090));
#7390=CLOSED_SHELL('',(#7091,#7092,#7093,#7094,#7095,#7096));
#7391=CLOSED_SHELL('',(#7097,#7098,#7099,#7100,#7101,#7102,#7103,#7104,
#7105,#7106,#7107,#7108,#7109,#7110,#7111,#7112,#7113,#7114,#7115,#7116,
#7117,#7118,#7119,#7120,#7121,#7122,#7123,#7124,#7125,#7126,#7127,#7128,
#7129,#7130,#7131,#7132,#7133));
#7392=CLOSED_SHELL('',(#7134,#7135,#7136,#7137,#7138,#7139));
#7393=CLOSED_SHELL('',(#7140,#7141,#7142,#7143,#7144,#7145,#7146,#7147,
#7148,#7149,#7150,#7151,#7152,#7153,#7154,#7155,#7156,#7157,#7158,#7159));
#7394=CLOSED_SHELL('',(#7160,#7161,#7162,#7163,#7164,#7165,#7166,#7167,
#7168,#7169,#7170,#7171,#7172,#7173,#7174,#7175,#7176,#7177,#7178,#7179,
#7180,#7181,#7182,#7183,#7184,#7185,#7186,#7187,#7188,#7189,#7190,#7191,
#7192,#7193,#7194,#7195,#7196,#7197,#7198,#7199,#7200,#7201));
#7395=CLOSED_SHELL('',(#7202,#7203,#7204,#7205,#7206,#7207,#7208,#7209,
#7210,#7211,#7212,#7213,#7214,#7215,#7216,#7217,#7218,#7219,#7220,#7221,
#7222,#7223,#7224,#7225,#7226,#7227,#7228,#7229,#7230,#7231,#7232,#7233));
#7396=CLOSED_SHELL('',(#7234,#7235,#7236,#7237,#7238,#7239,#7240,#7241,
#7242,#7243));
#7397=CLOSED_SHELL('',(#7244,#7245,#7246,#7247,#7248,#7249,#7250,#7251,
#7252,#7253));
#7398=CLOSED_SHELL('',(#7254,#7255,#7256,#7257,#7258,#7259,#7260,#7261,
#7262,#7263));
#7399=CLOSED_SHELL('',(#7264,#7265,#7266,#7267,#7268,#7269,#7270,#7271,
#7272,#7273,#7274,#7275,#7276,#7277,#7278,#7279,#7280,#7281,#7282,#7283,
#7284,#7285,#7286,#7287,#7288,#7289,#7290,#7291,#7292,#7293,#7294,#7295,
#7296,#7297,#7298,#7299,#7300,#7301,#7302,#7303,#7304,#7305,#7306,#7307,
#7308,#7309,#7310,#7311,#7312,#7313,#7314,#7315,#7316,#7317,#7318,#7319,
#7320,#7321,#7322,#7323,#7324,#7325,#7326,#7327,#7328,#7329,#7330,#7331,
#7332,#7333,#7334,#7335));
#7400=CLOSED_SHELL('',(#7336,#7337,#7338,#7339,#7340,#7341,#7342,#7343,
#7344,#7345));
#7401=CLOSED_SHELL('',(#7346,#7347,#7348,#7349,#7350,#7351,#7352,#7353,
#7354,#7355,#7356,#7357,#7358,#7359,#7360,#7361,#7362,#7363,#7364,#7365,
#7366,#7367,#7368,#7369,#7370,#7371,#7372,#7373,#7374,#7375,#7376,#7377,
#7378,#7379,#7380,#7381,#7382,#7383));
#7402=DERIVED_UNIT_ELEMENT(#7404,1.);
#7403=DERIVED_UNIT_ELEMENT(#13167,-3.);
#7404=(
MASS_UNIT()
NAMED_UNIT(*)
SI_UNIT(.KILO.,.GRAM.)
);
#7405=DERIVED_UNIT((#7402,#7403));
#7406=MEASURE_REPRESENTATION_ITEM('density measure',
POSITIVE_RATIO_MEASURE(7850.),#7405);
#7407=PROPERTY_DEFINITION_REPRESENTATION(#7412,#7409);
#7408=PROPERTY_DEFINITION_REPRESENTATION(#7413,#7410);
#7409=REPRESENTATION('material name',(#7411),#13164);
#7410=REPRESENTATION('density',(#7406),#13164);
#7411=DESCRIPTIVE_REPRESENTATION_ITEM('Steel','Steel');
#7412=PROPERTY_DEFINITION('material property','material name',#13174);
#7413=PROPERTY_DEFINITION('material property','density of part',#13174);
#7414=AXIS2_PLACEMENT_3D('',#8792,#7655,#7656);
#7415=AXIS2_PLACEMENT_3D('',#8793,#7657,#7658);
#7416=AXIS2_PLACEMENT_3D('',#8802,#7663,#7664);
#7417=AXIS2_PLACEMENT_3D('',#8808,#7668,#7669);
#7418=AXIS2_PLACEMENT_3D('',#8814,#7673,#7674);
#7419=AXIS2_PLACEMENT_3D('',#8816,#7675,#7676);
#7420=AXIS2_PLACEMENT_3D('',#8819,#7678,#7679);
#7421=AXIS2_PLACEMENT_3D('',#8820,#7680,#7681);
#7422=AXIS2_PLACEMENT_3D('',#8826,#7685,#7686);
#7423=AXIS2_PLACEMENT_3D('',#8827,#7687,#7688);
#7424=AXIS2_PLACEMENT_3D('',#8828,#7689,#7690);
#7425=AXIS2_PLACEMENT_3D('',#8829,#7691,#7692);
#7426=AXIS2_PLACEMENT_3D('',#8830,#7693,#7694);
#7427=AXIS2_PLACEMENT_3D('',#8832,#7695,#7696);
#7428=AXIS2_PLACEMENT_3D('',#8835,#7698,#7699);
#7429=AXIS2_PLACEMENT_3D('',#8836,#7700,#7701);
#7430=AXIS2_PLACEMENT_3D('',#8837,#7702,#7703);
#7431=AXIS2_PLACEMENT_3D('',#8839,#7704,#7705);
#7432=AXIS2_PLACEMENT_3D('',#8842,#7707,#7708);
#7433=AXIS2_PLACEMENT_3D('',#8843,#7709,#7710);
#7434=AXIS2_PLACEMENT_3D('',#8844,#7711,#7712);
#7435=AXIS2_PLACEMENT_3D('',#8846,#7713,#7714);
#7436=AXIS2_PLACEMENT_3D('',#8849,#7716,#7717);
#7437=AXIS2_PLACEMENT_3D('',#8850,#7718,#7719);
#7438=AXIS2_PLACEMENT_3D('',#8851,#7720,#7721);
#7439=AXIS2_PLACEMENT_3D('',#8853,#7722,#7723);
#7440=AXIS2_PLACEMENT_3D('',#8856,#7725,#7726);
#7441=AXIS2_PLACEMENT_3D('',#8857,#7727,#7728);
#7442=AXIS2_PLACEMENT_3D('',#8858,#7729,#7730);
#7443=AXIS2_PLACEMENT_3D('',#8867,#7735,#7736);
#7444=AXIS2_PLACEMENT_3D('',#8869,#7737,#7738);
#7445=AXIS2_PLACEMENT_3D('',#8871,#7739,#7740);
#7446=AXIS2_PLACEMENT_3D('',#8873,#7742,#7743);
#7447=AXIS2_PLACEMENT_3D('',#8879,#7747,#7748);
#7448=AXIS2_PLACEMENT_3D('',#8885,#7752,#7753);
#7449=AXIS2_PLACEMENT_3D('',#8887,#7754,#7755);
#7450=AXIS2_PLACEMENT_3D('',#8889,#7756,#7757);
#7451=AXIS2_PLACEMENT_3D('',#8891,#7759,#7760);
#7452=AXIS2_PLACEMENT_3D('',#8897,#7764,#7765);
#7453=AXIS2_PLACEMENT_3D('',#8899,#7766,#7767);
#7454=AXIS2_PLACEMENT_3D('',#8901,#7768,#7769);
#7455=AXIS2_PLACEMENT_3D('',#8903,#7771,#7772);
#7456=AXIS2_PLACEMENT_3D('',#8909,#7776,#7777);
#7457=AXIS2_PLACEMENT_3D('',#8911,#7778,#7779);
#7458=AXIS2_PLACEMENT_3D('',#8913,#7780,#7781);
#7459=AXIS2_PLACEMENT_3D('',#8915,#7783,#7784);
#7460=AXIS2_PLACEMENT_3D('',#8921,#7788,#7789);
#7461=AXIS2_PLACEMENT_3D('',#8922,#7790,#7791);
#7462=AXIS2_PLACEMENT_3D('',#8923,#7792,#7793);
#7463=AXIS2_PLACEMENT_3D('',#8924,#7794,#7795);
#7464=AXIS2_PLACEMENT_3D('',#8933,#7800,#7801);
#7465=AXIS2_PLACEMENT_3D('',#8935,#7802,#7803);
#7466=AXIS2_PLACEMENT_3D('',#8937,#7804,#7805);
#7467=AXIS2_PLACEMENT_3D('',#8939,#7807,#7808);
#7468=AXIS2_PLACEMENT_3D('',#8945,#7812,#7813);
#7469=AXIS2_PLACEMENT_3D('',#8947,#7814,#7815);
#7470=AXIS2_PLACEMENT_3D('',#8949,#7816,#7817);
#7471=AXIS2_PLACEMENT_3D('',#8951,#7819,#7820);
#7472=AXIS2_PLACEMENT_3D('',#8957,#7824,#7825);
#7473=AXIS2_PLACEMENT_3D('',#8959,#7826,#7827);
#7474=AXIS2_PLACEMENT_3D('',#8961,#7828,#7829);
#7475=AXIS2_PLACEMENT_3D('',#8963,#7831,#7832);
#7476=AXIS2_PLACEMENT_3D('',#8969,#7836,#7837);
#7477=AXIS2_PLACEMENT_3D('',#8970,#7838,#7839);
#7478=AXIS2_PLACEMENT_3D('',#8971,#7840,#7841);
#7479=AXIS2_PLACEMENT_3D('',#8972,#7842,#7843);
#7480=AXIS2_PLACEMENT_3D('',#8973,#7844,#7845);
#7481=AXIS2_PLACEMENT_3D('',#8974,#7846,#7847);
#7482=AXIS2_PLACEMENT_3D('',#8983,#7852,#7853);
#7483=AXIS2_PLACEMENT_3D('',#8989,#7857,#7858);
#7484=AXIS2_PLACEMENT_3D('',#8995,#7862,#7863);
#7485=AXIS2_PLACEMENT_3D('',#8998,#7866,#7867);
#7486=AXIS2_PLACEMENT_3D('',#9007,#7872,#7873);
#7487=AXIS2_PLACEMENT_3D('',#9013,#7877,#7878);
#7488=AXIS2_PLACEMENT_3D('',#9015,#7879,#7880);
#7489=AXIS2_PLACEMENT_3D('',#9017,#7881,#7882);
#7490=AXIS2_PLACEMENT_3D('',#9019,#7884,#7885);
#7491=AXIS2_PLACEMENT_3D('',#9025,#7889,#7890);
#7492=AXIS2_PLACEMENT_3D('',#9027,#7891,#7892);
#7493=AXIS2_PLACEMENT_3D('',#9029,#7893,#7894);
#7494=AXIS2_PLACEMENT_3D('',#9031,#7896,#7897);
#7495=AXIS2_PLACEMENT_3D('',#9034,#7900,#7901);
#7496=AXIS2_PLACEMENT_3D('',#9035,#7902,#7903);
#7497=AXIS2_PLACEMENT_3D('',#9054,#7906,#7907);
#7498=AXIS2_PLACEMENT_3D('',#9120,#7915,#7916);
#7499=AXIS2_PLACEMENT_3D('',#9126,#7920,#7921);
#7500=AXIS2_PLACEMENT_3D('',#9132,#7925,#7926);
#7501=AXIS2_PLACEMENT_3D('',#9138,#7930,#7931);
#7502=AXIS2_PLACEMENT_3D('',#9144,#7935,#7936);
#7503=AXIS2_PLACEMENT_3D('',#9150,#7940,#7941);
#7504=AXIS2_PLACEMENT_3D('',#9156,#7945,#7946);
#7505=AXIS2_PLACEMENT_3D('',#9162,#7950,#7951);
#7506=AXIS2_PLACEMENT_3D('',#9168,#7955,#7956);
#7507=AXIS2_PLACEMENT_3D('',#9174,#7960,#7961);
#7508=AXIS2_PLACEMENT_3D('',#9180,#7965,#7966);
#7509=AXIS2_PLACEMENT_3D('',#9228,#7972,#7973);
#7510=AXIS2_PLACEMENT_3D('',#9229,#7974,#7975);
#7511=AXIS2_PLACEMENT_3D('',#9350,#7984,#7985);
#7512=AXIS2_PLACEMENT_3D('',#9359,#7990,#7991);
#7513=AXIS2_PLACEMENT_3D('',#9365,#7995,#7996);
#7514=AXIS2_PLACEMENT_3D('',#9371,#8000,#8001);
#7515=AXIS2_PLACEMENT_3D('',#9527,#8015,#8016);
#7516=AXIS2_PLACEMENT_3D('',#9530,#8019,#8020);
#7517=AXIS2_PLACEMENT_3D('',#9531,#8021,#8022);
#7518=AXIS2_PLACEMENT_3D('',#9532,#8023,#8024);
#7519=AXIS2_PLACEMENT_3D('',#9541,#8029,#8030);
#7520=AXIS2_PLACEMENT_3D('',#9547,#8034,#8035);
#7521=AXIS2_PLACEMENT_3D('',#9553,#8039,#8040);
#7522=AXIS2_PLACEMENT_3D('',#9556,#8043,#8044);
#7523=AXIS2_PLACEMENT_3D('',#9557,#8045,#8046);
#7524=AXIS2_PLACEMENT_3D('',#9558,#8047,#8048);
#7525=AXIS2_PLACEMENT_3D('',#9567,#8053,#8054);
#7526=AXIS2_PLACEMENT_3D('',#9573,#8058,#8059);
#7527=AXIS2_PLACEMENT_3D('',#9579,#8063,#8064);
#7528=AXIS2_PLACEMENT_3D('',#9582,#8067,#8068);
#7529=AXIS2_PLACEMENT_3D('',#9583,#8069,#8070);
#7530=AXIS2_PLACEMENT_3D('',#9584,#8071,#8072);
#7531=AXIS2_PLACEMENT_3D('',#9593,#8077,#8078);
#7532=AXIS2_PLACEMENT_3D('',#9599,#8082,#8083);
#7533=AXIS2_PLACEMENT_3D('',#9605,#8087,#8088);
#7534=AXIS2_PLACEMENT_3D('',#9608,#8091,#8092);
#7535=AXIS2_PLACEMENT_3D('',#9609,#8093,#8094);
#7536=AXIS2_PLACEMENT_3D('',#9628,#8097,#8098);
#7537=AXIS2_PLACEMENT_3D('',#9904,#8120,#8121);
#7538=AXIS2_PLACEMENT_3D('',#10117,#8138,#8139);
#7539=AXIS2_PLACEMENT_3D('',#10118,#8140,#8141);
#7540=AXIS2_PLACEMENT_3D('',#10119,#8142,#8143);
#7541=AXIS2_PLACEMENT_3D('',#10128,#8148,#8149);
#7542=AXIS2_PLACEMENT_3D('',#10134,#8153,#8154);
#7543=AXIS2_PLACEMENT_3D('',#10140,#8158,#8159);
#7544=AXIS2_PLACEMENT_3D('',#10143,#8162,#8163);
#7545=AXIS2_PLACEMENT_3D('',#10144,#8164,#8165);
#7546=AXIS2_PLACEMENT_3D('',#10163,#8168,#8169);
#7547=AXIS2_PLACEMENT_3D('',#10244,#8178,#8179);
#7548=AXIS2_PLACEMENT_3D('',#10250,#8183,#8184);
#7549=AXIS2_PLACEMENT_3D('',#10256,#8188,#8189);
#7550=AXIS2_PLACEMENT_3D('',#10292,#8195,#8196);
#7551=AXIS2_PLACEMENT_3D('',#10298,#8200,#8201);
#7552=AXIS2_PLACEMENT_3D('',#10304,#8205,#8206);
#7553=AXIS2_PLACEMENT_3D('',#10352,#8212,#8213);
#7554=AXIS2_PLACEMENT_3D('',#10353,#8214,#8215);
#7555=AXIS2_PLACEMENT_3D('',#10387,#8219,#8220);
#7556=AXIS2_PLACEMENT_3D('',#10393,#8224,#8225);
#7557=AXIS2_PLACEMENT_3D('',#10399,#8229,#8230);
#7558=AXIS2_PLACEMENT_3D('',#10405,#8234,#8235);
#7559=AXIS2_PLACEMENT_3D('',#10411,#8239,#8240);
#7560=AXIS2_PLACEMENT_3D('',#10417,#8244,#8245);
#7561=AXIS2_PLACEMENT_3D('',#10423,#8249,#8250);
#7562=AXIS2_PLACEMENT_3D('',#10429,#8254,#8255);
#7563=AXIS2_PLACEMENT_3D('',#10435,#8259,#8260);
#7564=AXIS2_PLACEMENT_3D('',#10441,#8264,#8265);
#7565=AXIS2_PLACEMENT_3D('',#10447,#8269,#8270);
#7566=AXIS2_PLACEMENT_3D('',#10513,#8278,#8279);
#7567=AXIS2_PLACEMENT_3D('',#10637,#8289,#8290);
#7568=AXIS2_PLACEMENT_3D('',#10731,#8298,#8299);
#7569=AXIS2_PLACEMENT_3D('',#10737,#8303,#8304);
#7570=AXIS2_PLACEMENT_3D('',#10743,#8308,#8309);
#7571=AXIS2_PLACEMENT_3D('',#10749,#8313,#8314);
#7572=AXIS2_PLACEMENT_3D('',#10755,#8318,#8319);
#7573=AXIS2_PLACEMENT_3D('',#10761,#8323,#8324);
#7574=AXIS2_PLACEMENT_3D('',#10767,#8328,#8329);
#7575=AXIS2_PLACEMENT_3D('',#10773,#8333,#8334);
#7576=AXIS2_PLACEMENT_3D('',#10779,#8338,#8339);
#7577=AXIS2_PLACEMENT_3D('',#10785,#8343,#8344);
#7578=AXIS2_PLACEMENT_3D('',#10791,#8348,#8349);
#7579=AXIS2_PLACEMENT_3D('',#10794,#8352,#8353);
#7580=AXIS2_PLACEMENT_3D('',#10795,#8354,#8355);
#7581=AXIS2_PLACEMENT_3D('',#10949,#8367,#8368);
#7582=AXIS2_PLACEMENT_3D('',#10955,#8372,#8373);
#7583=AXIS2_PLACEMENT_3D('',#10961,#8377,#8378);
#7584=AXIS2_PLACEMENT_3D('',#10967,#8382,#8383);
#7585=AXIS2_PLACEMENT_3D('',#10973,#8387,#8388);
#7586=AXIS2_PLACEMENT_3D('',#11112,#8399,#8400);
#7587=AXIS2_PLACEMENT_3D('',#11118,#8404,#8405);
#7588=AXIS2_PLACEMENT_3D('',#11124,#8409,#8410);
#7589=AXIS2_PLACEMENT_3D('',#11130,#8414,#8415);
#7590=AXIS2_PLACEMENT_3D('',#11136,#8419,#8420);
#7591=AXIS2_PLACEMENT_3D('',#11196,#8426,#8427);
#7592=AXIS2_PLACEMENT_3D('',#11197,#8428,#8429);
#7593=AXIS2_PLACEMENT_3D('',#11198,#8430,#8431);
#7594=AXIS2_PLACEMENT_3D('',#11207,#8436,#8437);
#7595=AXIS2_PLACEMENT_3D('',#11213,#8441,#8442);
#7596=AXIS2_PLACEMENT_3D('',#11219,#8446,#8447);
#7597=AXIS2_PLACEMENT_3D('',#11222,#8450,#8451);
#7598=AXIS2_PLACEMENT_3D('',#11231,#8456,#8457);
#7599=AXIS2_PLACEMENT_3D('',#11237,#8461,#8462);
#7600=AXIS2_PLACEMENT_3D('',#11243,#8466,#8467);
#7601=AXIS2_PLACEMENT_3D('',#11246,#8470,#8471);
#7602=AXIS2_PLACEMENT_3D('',#11247,#8472,#8473);
#7603=AXIS2_PLACEMENT_3D('',#11248,#8474,#8475);
#7604=AXIS2_PLACEMENT_3D('',#11257,#8480,#8481);
#7605=AXIS2_PLACEMENT_3D('',#11263,#8485,#8486);
#7606=AXIS2_PLACEMENT_3D('',#11269,#8490,#8491);
#7607=AXIS2_PLACEMENT_3D('',#11272,#8494,#8495);
#7608=AXIS2_PLACEMENT_3D('',#11281,#8500,#8501);
#7609=AXIS2_PLACEMENT_3D('',#11287,#8505,#8506);
#7610=AXIS2_PLACEMENT_3D('',#11293,#8510,#8511);
#7611=AXIS2_PLACEMENT_3D('',#11296,#8514,#8515);
#7612=AXIS2_PLACEMENT_3D('',#11297,#8516,#8517);
#7613=AXIS2_PLACEMENT_3D('',#11298,#8518,#8519);
#7614=AXIS2_PLACEMENT_3D('',#11307,#8524,#8525);
#7615=AXIS2_PLACEMENT_3D('',#11313,#8529,#8530);
#7616=AXIS2_PLACEMENT_3D('',#11319,#8534,#8535);
#7617=AXIS2_PLACEMENT_3D('',#11322,#8538,#8539);
#7618=AXIS2_PLACEMENT_3D('',#11331,#8544,#8545);
#7619=AXIS2_PLACEMENT_3D('',#11337,#8549,#8550);
#7620=AXIS2_PLACEMENT_3D('',#11343,#8554,#8555);
#7621=AXIS2_PLACEMENT_3D('',#11346,#8558,#8559);
#7622=AXIS2_PLACEMENT_3D('',#11347,#8560,#8561);
#7623=AXIS2_PLACEMENT_3D('',#11546,#8576,#8577);
#7624=AXIS2_PLACEMENT_3D('',#11822,#8599,#8600);
#7625=AXIS2_PLACEMENT_3D('',#12215,#8621,#8622);
#7626=AXIS2_PLACEMENT_3D('',#12611,#8644,#8645);
#7627=AXIS2_PLACEMENT_3D('',#12614,#8648,#8649);
#7628=AXIS2_PLACEMENT_3D('',#12615,#8650,#8651);
#7629=AXIS2_PLACEMENT_3D('',#12616,#8652,#8653);
#7630=AXIS2_PLACEMENT_3D('',#12625,#8658,#8659);
#7631=AXIS2_PLACEMENT_3D('',#12631,#8663,#8664);
#7632=AXIS2_PLACEMENT_3D('',#12637,#8668,#8669);
#7633=AXIS2_PLACEMENT_3D('',#12640,#8672,#8673);
#7634=AXIS2_PLACEMENT_3D('',#12649,#8678,#8679);
#7635=AXIS2_PLACEMENT_3D('',#12655,#8683,#8684);
#7636=AXIS2_PLACEMENT_3D('',#12661,#8688,#8689);
#7637=AXIS2_PLACEMENT_3D('',#12664,#8692,#8693);
#7638=AXIS2_PLACEMENT_3D('',#12665,#8694,#8695);
#7639=AXIS2_PLACEMENT_3D('',#12699,#8699,#8700);
#7640=AXIS2_PLACEMENT_3D('',#12705,#8704,#8705);
#7641=AXIS2_PLACEMENT_3D('',#12711,#8709,#8710);
#7642=AXIS2_PLACEMENT_3D('',#12747,#8716,#8717);
#7643=AXIS2_PLACEMENT_3D('',#12753,#8721,#8722);
#7644=AXIS2_PLACEMENT_3D('',#12759,#8726,#8727);
#7645=AXIS2_PLACEMENT_3D('',#12840,#8736,#8737);
#7646=AXIS2_PLACEMENT_3D('',#12945,#8746,#8747);
#7647=AXIS2_PLACEMENT_3D('',#13058,#8756,#8757);
#7648=AXIS2_PLACEMENT_3D('',#13064,#8761,#8762);
#7649=AXIS2_PLACEMENT_3D('',#13070,#8766,#8767);
#7650=AXIS2_PLACEMENT_3D('',#13126,#8773,#8774);
#7651=AXIS2_PLACEMENT_3D('',#13132,#8778,#8779);
#7652=AXIS2_PLACEMENT_3D('',#13138,#8783,#8784);
#7653=AXIS2_PLACEMENT_3D('',#13160,#8788,#8789);
#7654=AXIS2_PLACEMENT_3D('',#13161,#8790,#8791);
#7655=DIRECTION('axis',(0.,0.,1.));
#7656=DIRECTION('refdir',(1.,0.,0.));
#7657=DIRECTION('center_axis',(1.,0.,0.));
#7658=DIRECTION('ref_axis',(0.,0.,1.));
#7659=DIRECTION('',(0.,0.,1.));
#7660=DIRECTION('',(0.,-1.,0.));
#7661=DIRECTION('',(0.,0.,1.));
#7662=DIRECTION('',(0.,-1.,0.));
#7663=DIRECTION('center_axis',(0.,0.,-1.));
#7664=DIRECTION('ref_axis',(1.,0.,0.));
#7665=DIRECTION('',(1.,0.,0.));
#7666=DIRECTION('',(0.,-1.,0.));
#7667=DIRECTION('',(1.,0.,0.));
#7668=DIRECTION('center_axis',(-1.,0.,0.));
#7669=DIRECTION('ref_axis',(0.,0.,-1.));
#7670=DIRECTION('',(0.,0.,-1.));
#7671=DIRECTION('',(0.,-1.,0.));
#7672=DIRECTION('',(0.,0.,-1.));
#7673=DIRECTION('center_axis',(0.,-1.,0.));
#7674=DIRECTION('ref_axis',(-1.,0.,-2.09113029922296E-14));
#7675=DIRECTION('center_axis',(0.,-1.,0.));
#7676=DIRECTION('ref_axis',(-1.,0.,-2.09113029922296E-14));
#7677=DIRECTION('',(0.,-1.,0.));
#7678=DIRECTION('center_axis',(0.,-1.,0.));
#7679=DIRECTION('ref_axis',(-1.,0.,-2.09113029922296E-14));
#7680=DIRECTION('center_axis',(1.25767455302602E-15,0.,1.));
#7681=DIRECTION('ref_axis',(-1.,0.,1.25767455302602E-15));
#7682=DIRECTION('',(-1.,0.,1.25767455302602E-15));
#7683=DIRECTION('',(0.,-1.,0.));
#7684=DIRECTION('',(-1.,0.,1.25767455302602E-15));
#7685=DIRECTION('center_axis',(0.,-1.,0.));
#7686=DIRECTION('ref_axis',(-1.61486985400026E-14,0.,1.));
#7687=DIRECTION('center_axis',(0.,-1.,0.));
#7688=DIRECTION('ref_axis',(-1.61486985400026E-14,0.,1.));
#7689=DIRECTION('center_axis',(0.,-1.,0.));
#7690=DIRECTION('ref_axis',(-1.61486985400026E-14,0.,1.));
#7691=DIRECTION('center_axis',(0.,1.,0.));
#7692=DIRECTION('ref_axis',(-1.,0.,0.));
#7693=DIRECTION('center_axis',(0.,0.,1.));
#7694=DIRECTION('ref_axis',(1.,0.,0.));
#7695=DIRECTION('center_axis',(0.,0.,1.));
#7696=DIRECTION('ref_axis',(1.,0.,0.));
#7697=DIRECTION('',(0.,0.,1.));
#7698=DIRECTION('center_axis',(0.,0.,1.));
#7699=DIRECTION('ref_axis',(1.,0.,0.));
#7700=DIRECTION('center_axis',(0.,0.,-1.));
#7701=DIRECTION('ref_axis',(1.,0.,0.));
#7702=DIRECTION('center_axis',(0.,0.,1.));
#7703=DIRECTION('ref_axis',(1.,0.,0.));
#7704=DIRECTION('center_axis',(0.,0.,1.));
#7705=DIRECTION('ref_axis',(1.,0.,0.));
#7706=DIRECTION('',(0.,0.,1.));
#7707=DIRECTION('center_axis',(0.,0.,1.));
#7708=DIRECTION('ref_axis',(1.,0.,0.));
#7709=DIRECTION('center_axis',(0.,0.,-1.));
#7710=DIRECTION('ref_axis',(1.,0.,0.));
#7711=DIRECTION('center_axis',(0.,0.,1.));
#7712=DIRECTION('ref_axis',(1.,0.,0.));
#7713=DIRECTION('center_axis',(0.,0.,1.));
#7714=DIRECTION('ref_axis',(1.,0.,0.));
#7715=DIRECTION('',(0.,0.,1.));
#7716=DIRECTION('center_axis',(0.,0.,1.));
#7717=DIRECTION('ref_axis',(1.,0.,0.));
#7718=DIRECTION('center_axis',(0.,0.,-1.));
#7719=DIRECTION('ref_axis',(1.,0.,0.));
#7720=DIRECTION('center_axis',(0.,0.,1.));
#7721=DIRECTION('ref_axis',(1.,0.,0.));
#7722=DIRECTION('center_axis',(0.,0.,1.));
#7723=DIRECTION('ref_axis',(1.,0.,0.));
#7724=DIRECTION('',(0.,0.,1.));
#7725=DIRECTION('center_axis',(0.,0.,1.));
#7726=DIRECTION('ref_axis',(1.,0.,0.));
#7727=DIRECTION('center_axis',(0.,0.,-1.));
#7728=DIRECTION('ref_axis',(1.,0.,0.));
#7729=DIRECTION('center_axis',(-2.51371250858526E-16,1.,0.));
#7730=DIRECTION('ref_axis',(-1.,-2.51371250858526E-16,0.));
#7731=DIRECTION('',(-1.,-2.51371250858526E-16,0.));
#7732=DIRECTION('',(0.,0.,1.));
#7733=DIRECTION('',(-1.,-2.51371250858526E-16,0.));
#7734=DIRECTION('',(0.,0.,1.));
#7735=DIRECTION('center_axis',(0.,0.,1.));
#7736=DIRECTION('ref_axis',(0.,-1.,0.));
#7737=DIRECTION('center_axis',(0.,0.,-1.));
#7738=DIRECTION('ref_axis',(0.,-1.,0.));
#7739=DIRECTION('center_axis',(0.,0.,-1.));
#7740=DIRECTION('ref_axis',(0.,-1.,0.));
#7741=DIRECTION('',(0.,0.,1.));
#7742=DIRECTION('center_axis',(-1.,2.03399638099265E-16,0.));
#7743=DIRECTION('ref_axis',(-2.03399638099265E-16,-1.,0.));
#7744=DIRECTION('',(-2.03399638099265E-16,-1.,0.));
#7745=DIRECTION('',(-2.03399638099265E-16,-1.,0.));
#7746=DIRECTION('',(0.,0.,1.));
#7747=DIRECTION('center_axis',(0.,-1.,0.));
#7748=DIRECTION('ref_axis',(1.,0.,0.));
#7749=DIRECTION('',(1.,0.,0.));
#7750=DIRECTION('',(1.,0.,0.));
#7751=DIRECTION('',(0.,0.,1.));
#7752=DIRECTION('center_axis',(0.,0.,1.));
#7753=DIRECTION('ref_axis',(-8.88178419700117E-15,-1.,0.));
#7754=DIRECTION('center_axis',(0.,0.,1.));
#7755=DIRECTION('ref_axis',(-8.88178419700117E-15,-1.,0.));
#7756=DIRECTION('center_axis',(0.,0.,1.));
#7757=DIRECTION('ref_axis',(-8.88178419700117E-15,-1.,0.));
#7758=DIRECTION('',(0.,0.,1.));
#7759=DIRECTION('center_axis',(-1.,0.,0.));
#7760=DIRECTION('ref_axis',(0.,-1.,0.));
#7761=DIRECTION('',(0.,-1.,0.));
#7762=DIRECTION('',(0.,-1.,0.));
#7763=DIRECTION('',(0.,0.,1.));
#7764=DIRECTION('center_axis',(0.,0.,1.));
#7765=DIRECTION('ref_axis',(-1.,-8.88178419700117E-15,0.));
#7766=DIRECTION('center_axis',(0.,0.,1.));
#7767=DIRECTION('ref_axis',(-1.,-8.88178419700117E-15,0.));
#7768=DIRECTION('center_axis',(0.,0.,1.));
#7769=DIRECTION('ref_axis',(-1.,-8.88178419700117E-15,0.));
#7770=DIRECTION('',(0.,0.,1.));
#7771=DIRECTION('center_axis',(-8.22387425648264E-17,-1.,0.));
#7772=DIRECTION('ref_axis',(1.,-8.22387425648264E-17,0.));
#7773=DIRECTION('',(1.,-8.22387425648264E-17,0.));
#7774=DIRECTION('',(1.,-8.22387425648264E-17,0.));
#7775=DIRECTION('',(0.,0.,1.));
#7776=DIRECTION('center_axis',(0.,0.,1.));
#7777=DIRECTION('ref_axis',(-2.2204460492503E-15,1.,0.));
#7778=DIRECTION('center_axis',(0.,0.,-1.));
#7779=DIRECTION('ref_axis',(-2.2204460492503E-15,1.,0.));
#7780=DIRECTION('center_axis',(0.,0.,-1.));
#7781=DIRECTION('ref_axis',(-2.2204460492503E-15,1.,0.));
#7782=DIRECTION('',(0.,0.,1.));
#7783=DIRECTION('center_axis',(1.,0.,0.));
#7784=DIRECTION('ref_axis',(0.,1.,0.));
#7785=DIRECTION('',(0.,1.,0.));
#7786=DIRECTION('',(0.,1.,0.));
#7787=DIRECTION('',(0.,0.,1.));
#7788=DIRECTION('center_axis',(0.,0.,1.));
#7789=DIRECTION('ref_axis',(-1.,-8.88178419700117E-15,0.));
#7790=DIRECTION('center_axis',(0.,0.,-1.));
#7791=DIRECTION('ref_axis',(-1.,-8.88178419700117E-15,0.));
#7792=DIRECTION('center_axis',(0.,0.,-1.));
#7793=DIRECTION('ref_axis',(-1.,-8.88178419700117E-15,0.));
#7794=DIRECTION('center_axis',(-1.,0.,0.));
#7795=DIRECTION('ref_axis',(0.,-1.,0.));
#7796=DIRECTION('',(0.,-1.,0.));
#7797=DIRECTION('',(0.,0.,1.));
#7798=DIRECTION('',(0.,-1.,0.));
#7799=DIRECTION('',(0.,0.,1.));
#7800=DIRECTION('center_axis',(0.,0.,1.));
#7801=DIRECTION('ref_axis',(-6.34413156928661E-16,1.,0.));
#7802=DIRECTION('center_axis',(0.,0.,1.));
#7803=DIRECTION('ref_axis',(-6.34413156928661E-16,1.,0.));
#7804=DIRECTION('center_axis',(0.,0.,1.));
#7805=DIRECTION('ref_axis',(-6.34413156928661E-16,1.,0.));
#7806=DIRECTION('',(0.,0.,1.));
#7807=DIRECTION('center_axis',(0.,1.,0.));
#7808=DIRECTION('ref_axis',(-1.,0.,0.));
#7809=DIRECTION('',(-1.,0.,0.));
#7810=DIRECTION('',(-1.,0.,0.));
#7811=DIRECTION('',(0.,0.,1.));
#7812=DIRECTION('center_axis',(0.,0.,1.));
#7813=DIRECTION('ref_axis',(1.,-7.61295788314399E-15,0.));
#7814=DIRECTION('center_axis',(0.,0.,1.));
#7815=DIRECTION('ref_axis',(1.,-7.61295788314399E-15,0.));
#7816=DIRECTION('center_axis',(0.,0.,1.));
#7817=DIRECTION('ref_axis',(1.,-7.61295788314399E-15,0.));
#7818=DIRECTION('',(0.,0.,1.));
#7819=DIRECTION('center_axis',(1.,-1.3356066461656E-16,0.));
#7820=DIRECTION('ref_axis',(1.3356066461656E-16,1.,0.));
#7821=DIRECTION('',(1.3356066461656E-16,1.,0.));
#7822=DIRECTION('',(1.3356066461656E-16,1.,0.));
#7823=DIRECTION('',(0.,0.,1.));
#7824=DIRECTION('center_axis',(0.,0.,1.));
#7825=DIRECTION('ref_axis',(0.,-1.,0.));
#7826=DIRECTION('center_axis',(0.,0.,1.));
#7827=DIRECTION('ref_axis',(0.,-1.,0.));
#7828=DIRECTION('center_axis',(0.,0.,1.));
#7829=DIRECTION('ref_axis',(0.,-1.,0.));
#7830=DIRECTION('',(0.,0.,1.));
#7831=DIRECTION('center_axis',(0.,-1.,0.));
#7832=DIRECTION('ref_axis',(1.,0.,0.));
#7833=DIRECTION('',(1.,0.,0.));
#7834=DIRECTION('',(1.,0.,0.));
#7835=DIRECTION('',(0.,0.,1.));
#7836=DIRECTION('center_axis',(0.,0.,1.));
#7837=DIRECTION('ref_axis',(-1.,-3.80647894157197E-15,0.));
#7838=DIRECTION('center_axis',(0.,0.,1.));
#7839=DIRECTION('ref_axis',(-1.,-3.80647894157197E-15,0.));
#7840=DIRECTION('center_axis',(0.,0.,1.));
#7841=DIRECTION('ref_axis',(-1.,-3.80647894157197E-15,0.));
#7842=DIRECTION('center_axis',(0.,0.,1.));
#7843=DIRECTION('ref_axis',(1.,0.,0.));
#7844=DIRECTION('center_axis',(0.,0.,1.));
#7845=DIRECTION('ref_axis',(1.,0.,0.));
#7846=DIRECTION('center_axis',(-1.,0.,0.));
#7847=DIRECTION('ref_axis',(0.,-1.,0.));
#7848=DIRECTION('',(0.,1.,0.));
#7849=DIRECTION('',(0.,0.,1.));
#7850=DIRECTION('',(0.,-1.,0.));
#7851=DIRECTION('',(0.,0.,1.));
#7852=DIRECTION('center_axis',(0.,1.,0.));
#7853=DIRECTION('ref_axis',(-1.,0.,0.));
#7854=DIRECTION('',(1.,0.,0.));
#7855=DIRECTION('',(-1.,0.,0.));
#7856=DIRECTION('',(0.,0.,1.));
#7857=DIRECTION('center_axis',(1.,0.,0.));
#7858=DIRECTION('ref_axis',(0.,1.,0.));
#7859=DIRECTION('',(0.,-1.,0.));
#7860=DIRECTION('',(0.,1.,0.));
#7861=DIRECTION('',(0.,0.,1.));
#7862=DIRECTION('center_axis',(0.,-1.,0.));
#7863=DIRECTION('ref_axis',(1.,0.,0.));
#7864=DIRECTION('',(-1.,0.,0.));
#7865=DIRECTION('',(1.,0.,0.));
#7866=DIRECTION('center_axis',(8.22387425648264E-17,1.,0.));
#7867=DIRECTION('ref_axis',(-1.,8.22387425648264E-17,0.));
#7868=DIRECTION('',(1.,-8.22387425648264E-17,0.));
#7869=DIRECTION('',(0.,0.,1.));
#7870=DIRECTION('',(-1.,8.22387425648264E-17,0.));
#7871=DIRECTION('',(0.,0.,1.));
#7872=DIRECTION('center_axis',(1.,0.,0.));
#7873=DIRECTION('ref_axis',(0.,1.,0.));
#7874=DIRECTION('',(0.,1.,0.));
#7875=DIRECTION('',(0.,1.,0.));
#7876=DIRECTION('',(0.,0.,1.));
#7877=DIRECTION('center_axis',(0.,0.,1.));
#7878=DIRECTION('ref_axis',(0.,-1.,0.));
#7879=DIRECTION('center_axis',(0.,0.,1.));
#7880=DIRECTION('ref_axis',(0.,-1.,0.));
#7881=DIRECTION('center_axis',(0.,0.,1.));
#7882=DIRECTION('ref_axis',(0.,-1.,0.));
#7883=DIRECTION('',(0.,0.,1.));
#7884=DIRECTION('center_axis',(0.,-1.,0.));
#7885=DIRECTION('ref_axis',(1.,0.,0.));
#7886=DIRECTION('',(1.,0.,0.));
#7887=DIRECTION('',(1.,0.,0.));
#7888=DIRECTION('',(0.,0.,1.));
#7889=DIRECTION('center_axis',(0.,0.,1.));
#7890=DIRECTION('ref_axis',(-1.,0.,0.));
#7891=DIRECTION('center_axis',(0.,0.,1.));
#7892=DIRECTION('ref_axis',(-1.,0.,0.));
#7893=DIRECTION('center_axis',(0.,0.,1.));
#7894=DIRECTION('ref_axis',(-1.,0.,0.));
#7895=DIRECTION('',(0.,0.,1.));
#7896=DIRECTION('center_axis',(-1.,-8.37904163403337E-17,0.));
#7897=DIRECTION('ref_axis',(8.37904163403337E-17,-1.,0.));
#7898=DIRECTION('',(8.37904163403337E-17,-1.,0.));
#7899=DIRECTION('',(8.37904163403337E-17,-1.,0.));
#7900=DIRECTION('center_axis',(0.,0.,1.));
#7901=DIRECTION('ref_axis',(1.,0.,0.));
#7902=DIRECTION('center_axis',(0.,0.,1.));
#7903=DIRECTION('ref_axis',(1.,0.,0.));
#7904=DIRECTION('',(0.,0.,1.));
#7905=DIRECTION('',(0.,0.,1.));
#7906=DIRECTION('center_axis',(0.98689235113219,0.161379946947503,0.));
#7907=DIRECTION('ref_axis',(-0.161379946947503,0.98689235113219,0.));
#7908=DIRECTION('',(0.161379946947503,-0.98689235113219,0.));
#7909=DIRECTION('',(-0.161379946947503,0.98689235113219,0.));
#7910=DIRECTION('',(0.,0.,1.));
#7911=DIRECTION('',(0.,0.,1.));
#7912=DIRECTION('',(0.,0.,1.));
#7913=DIRECTION('',(0.,0.,1.));
#7914=DIRECTION('',(0.,0.,1.));
#7915=DIRECTION('center_axis',(-1.,0.,0.));
#7916=DIRECTION('ref_axis',(0.,-1.,0.));
#7917=DIRECTION('',(0.,1.,0.));
#7918=DIRECTION('',(0.,-1.,0.));
#7919=DIRECTION('',(0.,0.,1.));
#7920=DIRECTION('center_axis',(0.,-1.,0.));
#7921=DIRECTION('ref_axis',(1.,0.,0.));
#7922=DIRECTION('',(-1.,0.,0.));
#7923=DIRECTION('',(1.,0.,0.));
#7924=DIRECTION('',(0.,0.,1.));
#7925=DIRECTION('center_axis',(-1.,0.,0.));
#7926=DIRECTION('ref_axis',(0.,-1.,0.));
#7927=DIRECTION('',(0.,1.,0.));
#7928=DIRECTION('',(0.,-1.,0.));
#7929=DIRECTION('',(0.,0.,1.));
#7930=DIRECTION('center_axis',(0.,1.,0.));
#7931=DIRECTION('ref_axis',(-1.,0.,0.));
#7932=DIRECTION('',(1.,0.,0.));
#7933=DIRECTION('',(-1.,0.,0.));
#7934=DIRECTION('',(0.,0.,1.));
#7935=DIRECTION('center_axis',(-1.,0.,0.));
#7936=DIRECTION('ref_axis',(0.,-1.,0.));
#7937=DIRECTION('',(0.,1.,0.));
#7938=DIRECTION('',(0.,-1.,0.));
#7939=DIRECTION('',(0.,0.,1.));
#7940=DIRECTION('center_axis',(-0.516604162396182,0.856224351087342,0.));
#7941=DIRECTION('ref_axis',(-0.856224351087342,-0.516604162396182,0.));
#7942=DIRECTION('',(0.856224351087342,0.516604162396182,0.));
#7943=DIRECTION('',(-0.856224351087342,-0.516604162396182,0.));
#7944=DIRECTION('',(0.,0.,1.));
#7945=DIRECTION('center_axis',(1.,0.,0.));
#7946=DIRECTION('ref_axis',(0.,1.,0.));
#7947=DIRECTION('',(0.,-1.,0.));
#7948=DIRECTION('',(0.,1.,0.));
#7949=DIRECTION('',(0.,0.,1.));
#7950=DIRECTION('center_axis',(0.,1.,0.));
#7951=DIRECTION('ref_axis',(-1.,0.,0.));
#7952=DIRECTION('',(1.,0.,0.));
#7953=DIRECTION('',(-1.,0.,0.));
#7954=DIRECTION('',(0.,0.,1.));
#7955=DIRECTION('center_axis',(1.,0.,0.));
#7956=DIRECTION('ref_axis',(0.,1.,0.));
#7957=DIRECTION('',(0.,-1.,0.));
#7958=DIRECTION('',(0.,1.,0.));
#7959=DIRECTION('',(0.,0.,1.));
#7960=DIRECTION('center_axis',(0.,-1.,0.));
#7961=DIRECTION('ref_axis',(1.,0.,0.));
#7962=DIRECTION('',(-1.,0.,0.));
#7963=DIRECTION('',(1.,0.,0.));
#7964=DIRECTION('',(0.,0.,1.));
#7965=DIRECTION('center_axis',(1.,0.,0.));
#7966=DIRECTION('ref_axis',(0.,1.,0.));
#7967=DIRECTION('',(0.,-1.,0.));
#7968=DIRECTION('',(0.,1.,0.));
#7969=DIRECTION('',(0.,0.,1.));
#7970=DIRECTION('',(0.,0.,1.));
#7971=DIRECTION('',(0.,0.,1.));
#7972=DIRECTION('center_axis',(0.,0.,1.));
#7973=DIRECTION('ref_axis',(-1.,0.,0.));
#7974=DIRECTION('center_axis',(0.,0.,1.));
#7975=DIRECTION('ref_axis',(-1.,0.,0.));
#7976=DIRECTION('',(0.,0.,1.));
#7977=DIRECTION('',(0.,0.,1.));
#7978=DIRECTION('',(0.,0.,1.));
#7979=DIRECTION('',(0.,0.,1.));
#7980=DIRECTION('',(0.,0.,1.));
#7981=DIRECTION('',(0.,0.,1.));
#7982=DIRECTION('',(0.,0.,1.));
#7983=DIRECTION('',(0.,0.,1.));
#7984=DIRECTION('center_axis',(0.,-1.,0.));
#7985=DIRECTION('ref_axis',(1.,0.,0.));
#7986=DIRECTION('',(-1.,0.,0.));
#7987=DIRECTION('',(0.,0.,1.));
#7988=DIRECTION('',(1.,0.,0.));
#7989=DIRECTION('',(0.,0.,1.));
#7990=DIRECTION('center_axis',(-1.,0.,0.));
#7991=DIRECTION('ref_axis',(0.,-1.,0.));
#7992=DIRECTION('',(0.,1.,0.));
#7993=DIRECTION('',(0.,-1.,0.));
#7994=DIRECTION('',(0.,0.,1.));
#7995=DIRECTION('center_axis',(0.,1.,0.));
#7996=DIRECTION('ref_axis',(-1.,0.,0.));
#7997=DIRECTION('',(1.,0.,0.));
#7998=DIRECTION('',(-1.,0.,0.));
#7999=DIRECTION('',(0.,0.,1.));
#8000=DIRECTION('center_axis',(1.,0.,0.));
#8001=DIRECTION('ref_axis',(0.,1.,0.));
#8002=DIRECTION('',(0.,-1.,0.));
#8003=DIRECTION('',(0.,1.,0.));
#8004=DIRECTION('',(0.,0.,1.));
#8005=DIRECTION('',(0.,0.,1.));
#8006=DIRECTION('',(0.,0.,1.));
#8007=DIRECTION('',(0.,0.,1.));
#8008=DIRECTION('',(0.,0.,1.));
#8009=DIRECTION('',(0.,0.,1.));
#8010=DIRECTION('',(0.,0.,1.));
#8011=DIRECTION('',(0.,0.,1.));
#8012=DIRECTION('',(0.,0.,1.));
#8013=DIRECTION('',(0.,0.,1.));
#8014=DIRECTION('',(0.,0.,1.));
#8015=DIRECTION('center_axis',(1.,0.,0.));
#8016=DIRECTION('ref_axis',(0.,1.,0.));
#8017=DIRECTION('',(0.,-1.,0.));
#8018=DIRECTION('',(0.,1.,0.));
#8019=DIRECTION('center_axis',(0.,0.,1.));
#8020=DIRECTION('ref_axis',(-1.,0.,0.));
#8021=DIRECTION('center_axis',(0.,0.,1.));
#8022=DIRECTION('ref_axis',(-1.,0.,0.));
#8023=DIRECTION('center_axis',(0.,-1.,0.));
#8024=DIRECTION('ref_axis',(1.,0.,0.));
#8025=DIRECTION('',(-1.,0.,0.));
#8026=DIRECTION('',(0.,0.,1.));
#8027=DIRECTION('',(1.,0.,0.));
#8028=DIRECTION('',(0.,0.,1.));
#8029=DIRECTION('center_axis',(-1.,0.,0.));
#8030=DIRECTION('ref_axis',(0.,-1.,0.));
#8031=DIRECTION('',(0.,1.,0.));
#8032=DIRECTION('',(0.,-1.,0.));
#8033=DIRECTION('',(0.,0.,1.));
#8034=DIRECTION('center_axis',(0.,1.,0.));
#8035=DIRECTION('ref_axis',(-1.,0.,0.));
#8036=DIRECTION('',(1.,0.,0.));
#8037=DIRECTION('',(-1.,0.,0.));
#8038=DIRECTION('',(0.,0.,1.));
#8039=DIRECTION('center_axis',(1.,0.,0.));
#8040=DIRECTION('ref_axis',(0.,1.,0.));
#8041=DIRECTION('',(0.,-1.,0.));
#8042=DIRECTION('',(0.,1.,0.));
#8043=DIRECTION('center_axis',(0.,0.,1.));
#8044=DIRECTION('ref_axis',(1.,0.,0.));
#8045=DIRECTION('center_axis',(0.,0.,1.));
#8046=DIRECTION('ref_axis',(-1.,0.,0.));
#8047=DIRECTION('center_axis',(0.,-1.,0.));
#8048=DIRECTION('ref_axis',(1.,0.,0.));
#8049=DIRECTION('',(-1.,0.,0.));
#8050=DIRECTION('',(0.,0.,1.));
#8051=DIRECTION('',(1.,0.,0.));
#8052=DIRECTION('',(0.,0.,1.));
#8053=DIRECTION('center_axis',(-1.,0.,0.));
#8054=DIRECTION('ref_axis',(0.,-1.,0.));
#8055=DIRECTION('',(0.,1.,0.));
#8056=DIRECTION('',(0.,-1.,0.));
#8057=DIRECTION('',(0.,0.,1.));
#8058=DIRECTION('center_axis',(0.,1.,0.));
#8059=DIRECTION('ref_axis',(-1.,0.,0.));
#8060=DIRECTION('',(1.,0.,0.));
#8061=DIRECTION('',(-1.,0.,0.));
#8062=DIRECTION('',(0.,0.,1.));
#8063=DIRECTION('center_axis',(1.,0.,0.));
#8064=DIRECTION('ref_axis',(0.,1.,0.));
#8065=DIRECTION('',(0.,-1.,0.));
#8066=DIRECTION('',(0.,1.,0.));
#8067=DIRECTION('center_axis',(0.,0.,1.));
#8068=DIRECTION('ref_axis',(1.,0.,0.));
#8069=DIRECTION('center_axis',(0.,0.,1.));
#8070=DIRECTION('ref_axis',(-1.,0.,0.));
#8071=DIRECTION('center_axis',(0.,-1.,0.));
#8072=DIRECTION('ref_axis',(1.,0.,0.));
#8073=DIRECTION('',(-1.,0.,0.));
#8074=DIRECTION('',(0.,0.,1.));
#8075=DIRECTION('',(1.,0.,0.));
#8076=DIRECTION('',(0.,0.,1.));
#8077=DIRECTION('center_axis',(-1.,0.,0.));
#8078=DIRECTION('ref_axis',(0.,-1.,0.));
#8079=DIRECTION('',(0.,1.,0.));
#8080=DIRECTION('',(0.,-1.,0.));
#8081=DIRECTION('',(0.,0.,1.));
#8082=DIRECTION('center_axis',(0.,1.,0.));
#8083=DIRECTION('ref_axis',(-1.,0.,0.));
#8084=DIRECTION('',(1.,0.,0.));
#8085=DIRECTION('',(-1.,0.,0.));
#8086=DIRECTION('',(0.,0.,1.));
#8087=DIRECTION('center_axis',(1.,0.,0.));
#8088=DIRECTION('ref_axis',(0.,1.,0.));
#8089=DIRECTION('',(0.,-1.,0.));
#8090=DIRECTION('',(0.,1.,0.));
#8091=DIRECTION('center_axis',(0.,0.,1.));
#8092=DIRECTION('ref_axis',(1.,0.,0.));
#8093=DIRECTION('center_axis',(0.,0.,1.));
#8094=DIRECTION('ref_axis',(-1.,0.,0.));
#8095=DIRECTION('',(0.,0.,1.));
#8096=DIRECTION('',(0.,0.,1.));
#8097=DIRECTION('center_axis',(-0.0870997405497383,0.996199596063042,0.));
#8098=DIRECTION('ref_axis',(-0.996199596063042,-0.0870997405497383,0.));
#8099=DIRECTION('',(0.996199596063042,0.0870997405497383,0.));
#8100=DIRECTION('',(-0.996199596063042,-0.0870997405497383,0.));
#8101=DIRECTION('',(0.,0.,1.));
#8102=DIRECTION('',(0.,0.,1.));
#8103=DIRECTION('',(0.,0.,1.));
#8104=DIRECTION('',(0.,0.,1.));
#8105=DIRECTION('',(0.,0.,1.));
#8106=DIRECTION('',(0.,0.,1.));
#8107=DIRECTION('',(0.,0.,1.));
#8108=DIRECTION('',(0.,0.,1.));
#8109=DIRECTION('',(0.,0.,1.));
#8110=DIRECTION('',(0.,0.,1.));
#8111=DIRECTION('',(0.,0.,1.));
#8112=DIRECTION('',(0.,0.,1.));
#8113=DIRECTION('',(0.,0.,1.));
#8114=DIRECTION('',(0.,0.,1.));
#8115=DIRECTION('',(0.,0.,1.));
#8116=DIRECTION('',(0.,0.,1.));
#8117=DIRECTION('',(0.,0.,1.));
#8118=DIRECTION('',(0.,0.,1.));
#8119=DIRECTION('',(0.,0.,1.));
#8120=DIRECTION('center_axis',(0.0750565001101665,-0.997179282672486,0.));
#8121=DIRECTION('ref_axis',(0.997179282672485,0.0750565001101664,0.));
#8122=DIRECTION('',(-0.997179282672485,-0.0750565001101664,0.));
#8123=DIRECTION('',(0.997179282672485,0.0750565001101664,0.));
#8124=DIRECTION('',(0.,0.,1.));
#8125=DIRECTION('',(0.,0.,1.));
#8126=DIRECTION('',(0.,0.,1.));
#8127=DIRECTION('',(0.,0.,1.));
#8128=DIRECTION('',(0.,0.,1.));
#8129=DIRECTION('',(0.,0.,1.));
#8130=DIRECTION('',(0.,0.,1.));
#8131=DIRECTION('',(0.,0.,1.));
#8132=DIRECTION('',(0.,0.,1.));
#8133=DIRECTION('',(0.,0.,1.));
#8134=DIRECTION('',(0.,0.,1.));
#8135=DIRECTION('',(0.,0.,1.));
#8136=DIRECTION('',(0.,0.,1.));
#8137=DIRECTION('',(0.,0.,1.));
#8138=DIRECTION('center_axis',(0.,0.,1.));
#8139=DIRECTION('ref_axis',(-1.,0.,0.));
#8140=DIRECTION('center_axis',(0.,0.,1.));
#8141=DIRECTION('ref_axis',(-1.,0.,0.));
#8142=DIRECTION('center_axis',(0.,-1.,0.));
#8143=DIRECTION('ref_axis',(1.,0.,0.));
#8144=DIRECTION('',(-1.,0.,0.));
#8145=DIRECTION('',(0.,0.,1.));
#8146=DIRECTION('',(1.,0.,0.));
#8147=DIRECTION('',(0.,0.,1.));
#8148=DIRECTION('center_axis',(-1.,0.,0.));
#8149=DIRECTION('ref_axis',(0.,-1.,0.));
#8150=DIRECTION('',(0.,1.,0.));
#8151=DIRECTION('',(0.,-1.,0.));
#8152=DIRECTION('',(0.,0.,1.));
#8153=DIRECTION('center_axis',(0.,1.,0.));
#8154=DIRECTION('ref_axis',(-1.,0.,0.));
#8155=DIRECTION('',(1.,0.,0.));
#8156=DIRECTION('',(-1.,0.,0.));
#8157=DIRECTION('',(0.,0.,1.));
#8158=DIRECTION('center_axis',(1.,0.,0.));
#8159=DIRECTION('ref_axis',(0.,1.,0.));
#8160=DIRECTION('',(0.,-1.,0.));
#8161=DIRECTION('',(0.,1.,0.));
#8162=DIRECTION('center_axis',(0.,0.,1.));
#8163=DIRECTION('ref_axis',(1.,0.,0.));
#8164=DIRECTION('center_axis',(0.,0.,1.));
#8165=DIRECTION('ref_axis',(-1.,0.,0.));
#8166=DIRECTION('',(0.,0.,1.));
#8167=DIRECTION('',(0.,0.,1.));
#8168=DIRECTION('center_axis',(-0.993070165302488,-0.117522962803399,0.));
#8169=DIRECTION('ref_axis',(0.117522962803399,-0.993070165302488,0.));
#8170=DIRECTION('',(-0.117522962803399,0.993070165302488,0.));
#8171=DIRECTION('',(0.117522962803399,-0.993070165302488,0.));
#8172=DIRECTION('',(0.,0.,1.));
#8173=DIRECTION('',(0.,0.,1.));
#8174=DIRECTION('',(0.,0.,1.));
#8175=DIRECTION('',(0.,0.,1.));
#8176=DIRECTION('',(0.,0.,1.));
#8177=DIRECTION('',(0.,0.,1.));
#8178=DIRECTION('center_axis',(-0.935168308394821,-0.354203663128953,0.));
#8179=DIRECTION('ref_axis',(0.354203663128953,-0.935168308394821,0.));
#8180=DIRECTION('',(-0.354203663128953,0.935168308394821,0.));
#8181=DIRECTION('',(0.354203663128953,-0.935168308394821,0.));
#8182=DIRECTION('',(0.,0.,1.));
#8183=DIRECTION('center_axis',(0.,1.,0.));
#8184=DIRECTION('ref_axis',(-1.,0.,0.));
#8185=DIRECTION('',(1.,0.,0.));
#8186=DIRECTION('',(-1.,0.,0.));
#8187=DIRECTION('',(0.,0.,1.));
#8188=DIRECTION('center_axis',(0.941082271097803,0.338177703323862,0.));
#8189=DIRECTION('ref_axis',(-0.338177703323862,0.941082271097803,0.));
#8190=DIRECTION('',(0.338177703323862,-0.941082271097803,0.));
#8191=DIRECTION('',(-0.338177703323862,0.941082271097803,0.));
#8192=DIRECTION('',(0.,0.,1.));
#8193=DIRECTION('',(0.,0.,1.));
#8194=DIRECTION('',(0.,0.,1.));
#8195=DIRECTION('center_axis',(-0.938859819962087,0.344299634709009,0.));
#8196=DIRECTION('ref_axis',(-0.344299634709009,-0.938859819962087,0.));
#8197=DIRECTION('',(0.344299634709009,0.938859819962087,0.));
#8198=DIRECTION('',(-0.344299634709009,-0.938859819962087,0.));
#8199=DIRECTION('',(0.,0.,1.));
#8200=DIRECTION('center_axis',(0.,1.,0.));
#8201=DIRECTION('ref_axis',(-1.,0.,0.));
#8202=DIRECTION('',(1.,0.,0.));
#8203=DIRECTION('',(-1.,0.,0.));
#8204=DIRECTION('',(0.,0.,1.));
#8205=DIRECTION('center_axis',(0.936614037943024,-0.350362874642938,0.));
#8206=DIRECTION('ref_axis',(0.350362874642938,0.936614037943024,0.));
#8207=DIRECTION('',(-0.350362874642938,-0.936614037943024,0.));
#8208=DIRECTION('',(0.350362874642938,0.936614037943024,0.));
#8209=DIRECTION('',(0.,0.,1.));
#8210=DIRECTION('',(0.,0.,1.));
#8211=DIRECTION('',(0.,0.,1.));
#8212=DIRECTION('center_axis',(0.,0.,1.));
#8213=DIRECTION('ref_axis',(-1.,0.,0.));
#8214=DIRECTION('center_axis',(0.,0.,1.));
#8215=DIRECTION('ref_axis',(-1.,0.,0.));
#8216=DIRECTION('',(0.,0.,1.));
#8217=DIRECTION('',(0.,0.,1.));
#8218=DIRECTION('',(0.,0.,1.));
#8219=DIRECTION('center_axis',(-1.,0.,0.));
#8220=DIRECTION('ref_axis',(0.,-1.,0.));
#8221=DIRECTION('',(0.,-1.,0.));
#8222=DIRECTION('',(0.,-1.,0.));
#8223=DIRECTION('',(0.,0.,1.));
#8224=DIRECTION('center_axis',(0.,1.,0.));
#8225=DIRECTION('ref_axis',(-1.,0.,0.));
#8226=DIRECTION('',(-1.,0.,0.));
#8227=DIRECTION('',(-1.,0.,0.));
#8228=DIRECTION('',(0.,0.,1.));
#8229=DIRECTION('center_axis',(-1.,0.,0.));
#8230=DIRECTION('ref_axis',(0.,-1.,0.));
#8231=DIRECTION('',(0.,-1.,0.));
#8232=DIRECTION('',(0.,-1.,0.));
#8233=DIRECTION('',(0.,0.,1.));
#8234=DIRECTION('center_axis',(0.,-1.,0.));
#8235=DIRECTION('ref_axis',(1.,0.,0.));
#8236=DIRECTION('',(1.,0.,0.));
#8237=DIRECTION('',(1.,0.,0.));
#8238=DIRECTION('',(0.,0.,1.));
#8239=DIRECTION('center_axis',(-1.,0.,0.));
#8240=DIRECTION('ref_axis',(0.,-1.,0.));
#8241=DIRECTION('',(0.,-1.,0.));
#8242=DIRECTION('',(0.,-1.,0.));
#8243=DIRECTION('',(0.,0.,1.));
#8244=DIRECTION('center_axis',(0.516604162396182,-0.856224351087342,0.));
#8245=DIRECTION('ref_axis',(0.856224351087342,0.516604162396182,0.));
#8246=DIRECTION('',(0.856224351087342,0.516604162396182,0.));
#8247=DIRECTION('',(0.856224351087342,0.516604162396182,0.));
#8248=DIRECTION('',(0.,0.,1.));
#8249=DIRECTION('center_axis',(1.,0.,0.));
#8250=DIRECTION('ref_axis',(0.,1.,0.));
#8251=DIRECTION('',(0.,1.,0.));
#8252=DIRECTION('',(0.,1.,0.));
#8253=DIRECTION('',(0.,0.,1.));
#8254=DIRECTION('center_axis',(0.,-1.,0.));
#8255=DIRECTION('ref_axis',(1.,0.,0.));
#8256=DIRECTION('',(1.,0.,0.));
#8257=DIRECTION('',(1.,0.,0.));
#8258=DIRECTION('',(0.,0.,1.));
#8259=DIRECTION('center_axis',(1.,0.,0.));
#8260=DIRECTION('ref_axis',(0.,1.,0.));
#8261=DIRECTION('',(0.,1.,0.));
#8262=DIRECTION('',(0.,1.,0.));
#8263=DIRECTION('',(0.,0.,1.));
#8264=DIRECTION('center_axis',(0.,1.,0.));
#8265=DIRECTION('ref_axis',(-1.,0.,0.));
#8266=DIRECTION('',(-1.,0.,0.));
#8267=DIRECTION('',(-1.,0.,0.));
#8268=DIRECTION('',(0.,0.,1.));
#8269=DIRECTION('center_axis',(1.,0.,0.));
#8270=DIRECTION('ref_axis',(0.,1.,0.));
#8271=DIRECTION('',(0.,1.,0.));
#8272=DIRECTION('',(0.,1.,0.));
#8273=DIRECTION('',(0.,0.,1.));
#8274=DIRECTION('',(0.,0.,1.));
#8275=DIRECTION('',(0.,0.,1.));
#8276=DIRECTION('',(0.,0.,1.));
#8277=DIRECTION('',(0.,0.,1.));
#8278=DIRECTION('center_axis',(-0.98689235113219,-0.161379946947503,0.));
#8279=DIRECTION('ref_axis',(0.161379946947503,-0.98689235113219,0.));
#8280=DIRECTION('',(0.161379946947503,-0.98689235113219,0.));
#8281=DIRECTION('',(0.161379946947503,-0.98689235113219,0.));
#8282=DIRECTION('',(0.,0.,1.));
#8283=DIRECTION('',(0.,0.,1.));
#8284=DIRECTION('',(0.,0.,1.));
#8285=DIRECTION('',(0.,0.,1.));
#8286=DIRECTION('',(0.,0.,1.));
#8287=DIRECTION('',(0.,0.,1.));
#8288=DIRECTION('',(0.,0.,1.));
#8289=DIRECTION('center_axis',(0.986892351132195,0.161379946947471,0.));
#8290=DIRECTION('ref_axis',(-0.161379946947471,0.986892351132195,0.));
#8291=DIRECTION('',(0.161379946947471,-0.986892351132195,0.));
#8292=DIRECTION('',(-0.161379946947471,0.986892351132195,0.));
#8293=DIRECTION('',(0.,0.,1.));
#8294=DIRECTION('',(0.,0.,1.));
#8295=DIRECTION('',(0.,0.,1.));
#8296=DIRECTION('',(0.,0.,1.));
#8297=DIRECTION('',(0.,0.,1.));
#8298=DIRECTION('center_axis',(-1.,0.,0.));
#8299=DIRECTION('ref_axis',(0.,-1.,0.));
#8300=DIRECTION('',(0.,1.,0.));
#8301=DIRECTION('',(0.,-1.,0.));
#8302=DIRECTION('',(0.,0.,1.));
#8303=DIRECTION('center_axis',(0.,-1.,0.));
#8304=DIRECTION('ref_axis',(1.,0.,0.));
#8305=DIRECTION('',(-1.,0.,0.));
#8306=DIRECTION('',(1.,0.,0.));
#8307=DIRECTION('',(0.,0.,1.));
#8308=DIRECTION('center_axis',(-1.,0.,0.));
#8309=DIRECTION('ref_axis',(0.,-1.,0.));
#8310=DIRECTION('',(0.,1.,0.));
#8311=DIRECTION('',(0.,-1.,0.));
#8312=DIRECTION('',(0.,0.,1.));
#8313=DIRECTION('center_axis',(0.,1.,0.));
#8314=DIRECTION('ref_axis',(-1.,0.,0.));
#8315=DIRECTION('',(1.,0.,0.));
#8316=DIRECTION('',(-1.,0.,0.));
#8317=DIRECTION('',(0.,0.,1.));
#8318=DIRECTION('center_axis',(-1.,0.,0.));
#8319=DIRECTION('ref_axis',(0.,-1.,0.));
#8320=DIRECTION('',(0.,1.,0.));
#8321=DIRECTION('',(0.,-1.,0.));
#8322=DIRECTION('',(0.,0.,1.));
#8323=DIRECTION('center_axis',(-0.516604162396178,0.856224351087344,0.));
#8324=DIRECTION('ref_axis',(-0.856224351087344,-0.516604162396178,0.));
#8325=DIRECTION('',(0.856224351087344,0.516604162396178,0.));
#8326=DIRECTION('',(-0.856224351087344,-0.516604162396178,0.));
#8327=DIRECTION('',(0.,0.,1.));
#8328=DIRECTION('center_axis',(1.,0.,0.));
#8329=DIRECTION('ref_axis',(0.,1.,0.));
#8330=DIRECTION('',(0.,-1.,0.));
#8331=DIRECTION('',(0.,1.,0.));
#8332=DIRECTION('',(0.,0.,1.));
#8333=DIRECTION('center_axis',(0.,1.,0.));
#8334=DIRECTION('ref_axis',(-1.,0.,0.));
#8335=DIRECTION('',(1.,0.,0.));
#8336=DIRECTION('',(-1.,0.,0.));
#8337=DIRECTION('',(0.,0.,1.));
#8338=DIRECTION('center_axis',(1.,0.,0.));
#8339=DIRECTION('ref_axis',(0.,1.,0.));
#8340=DIRECTION('',(0.,-1.,0.));
#8341=DIRECTION('',(0.,1.,0.));
#8342=DIRECTION('',(0.,0.,1.));
#8343=DIRECTION('center_axis',(0.,-1.,0.));
#8344=DIRECTION('ref_axis',(1.,0.,0.));
#8345=DIRECTION('',(-1.,0.,0.));
#8346=DIRECTION('',(1.,0.,0.));
#8347=DIRECTION('',(0.,0.,1.));
#8348=DIRECTION('center_axis',(1.,0.,0.));
#8349=DIRECTION('ref_axis',(0.,1.,0.));
#8350=DIRECTION('',(0.,-1.,0.));
#8351=DIRECTION('',(0.,1.,0.));
#8352=DIRECTION('center_axis',(0.,0.,1.));
#8353=DIRECTION('ref_axis',(-1.,0.,0.));
#8354=DIRECTION('center_axis',(0.,0.,1.));
#8355=DIRECTION('ref_axis',(-1.,0.,0.));
#8356=DIRECTION('',(0.,0.,1.));
#8357=DIRECTION('',(0.,0.,1.));
#8358=DIRECTION('',(0.,0.,1.));
#8359=DIRECTION('',(0.,0.,1.));
#8360=DIRECTION('',(0.,0.,1.));
#8361=DIRECTION('',(0.,0.,1.));
#8362=DIRECTION('',(0.,0.,1.));
#8363=DIRECTION('',(0.,0.,1.));
#8364=DIRECTION('',(0.,0.,1.));
#8365=DIRECTION('',(0.,0.,1.));
#8366=DIRECTION('',(0.,0.,1.));
#8367=DIRECTION('center_axis',(-1.,0.,0.));
#8368=DIRECTION('ref_axis',(0.,-1.,0.));
#8369=DIRECTION('',(0.,-1.,0.));
#8370=DIRECTION('',(0.,-1.,0.));
#8371=DIRECTION('',(0.,0.,1.));
#8372=DIRECTION('center_axis',(0.,-1.,0.));
#8373=DIRECTION('ref_axis',(1.,0.,0.));
#8374=DIRECTION('',(1.,0.,0.));
#8375=DIRECTION('',(1.,0.,0.));
#8376=DIRECTION('',(0.,0.,1.));
#8377=DIRECTION('center_axis',(1.,0.,0.));
#8378=DIRECTION('ref_axis',(0.,1.,0.));
#8379=DIRECTION('',(0.,1.,0.));
#8380=DIRECTION('',(0.,1.,0.));
#8381=DIRECTION('',(0.,0.,1.));
#8382=DIRECTION('center_axis',(0.,1.,0.));
#8383=DIRECTION('ref_axis',(-1.,0.,0.));
#8384=DIRECTION('',(-1.,0.,0.));
#8385=DIRECTION('',(-1.,0.,0.));
#8386=DIRECTION('',(0.,0.,1.));
#8387=DIRECTION('center_axis',(-1.,0.,0.));
#8388=DIRECTION('ref_axis',(0.,-1.,0.));
#8389=DIRECTION('',(0.,-1.,0.));
#8390=DIRECTION('',(0.,-1.,0.));
#8391=DIRECTION('',(0.,0.,1.));
#8392=DIRECTION('',(0.,0.,1.));
#8393=DIRECTION('',(0.,0.,1.));
#8394=DIRECTION('',(0.,0.,1.));
#8395=DIRECTION('',(0.,0.,1.));
#8396=DIRECTION('',(0.,0.,1.));
#8397=DIRECTION('',(0.,0.,1.));
#8398=DIRECTION('',(0.,0.,1.));
#8399=DIRECTION('center_axis',(1.,0.,0.));
#8400=DIRECTION('ref_axis',(0.,1.,0.));
#8401=DIRECTION('',(0.,-1.,0.));
#8402=DIRECTION('',(0.,1.,0.));
#8403=DIRECTION('',(0.,0.,1.));
#8404=DIRECTION('center_axis',(0.,-1.,0.));
#8405=DIRECTION('ref_axis',(1.,0.,0.));
#8406=DIRECTION('',(-1.,0.,0.));
#8407=DIRECTION('',(1.,0.,0.));
#8408=DIRECTION('',(0.,0.,1.));
#8409=DIRECTION('center_axis',(-1.,0.,0.));
#8410=DIRECTION('ref_axis',(0.,-1.,0.));
#8411=DIRECTION('',(0.,1.,0.));
#8412=DIRECTION('',(0.,-1.,0.));
#8413=DIRECTION('',(0.,0.,1.));
#8414=DIRECTION('center_axis',(0.,1.,0.));
#8415=DIRECTION('ref_axis',(-1.,0.,0.));
#8416=DIRECTION('',(1.,0.,0.));
#8417=DIRECTION('',(-1.,0.,0.));
#8418=DIRECTION('',(0.,0.,1.));
#8419=DIRECTION('center_axis',(1.,0.,0.));
#8420=DIRECTION('ref_axis',(0.,1.,0.));
#8421=DIRECTION('',(0.,-1.,0.));
#8422=DIRECTION('',(0.,1.,0.));
#8423=DIRECTION('',(0.,0.,1.));
#8424=DIRECTION('',(0.,0.,1.));
#8425=DIRECTION('',(0.,0.,1.));
#8426=DIRECTION('center_axis',(0.,0.,1.));
#8427=DIRECTION('ref_axis',(-1.,0.,0.));
#8428=DIRECTION('center_axis',(0.,0.,1.));
#8429=DIRECTION('ref_axis',(-1.,0.,0.));
#8430=DIRECTION('center_axis',(0.,-1.,0.));
#8431=DIRECTION('ref_axis',(1.,0.,0.));
#8432=DIRECTION('',(1.,0.,0.));
#8433=DIRECTION('',(0.,0.,1.));
#8434=DIRECTION('',(1.,0.,0.));
#8435=DIRECTION('',(0.,0.,1.));
#8436=DIRECTION('center_axis',(1.,0.,0.));
#8437=DIRECTION('ref_axis',(0.,1.,0.));
#8438=DIRECTION('',(0.,1.,0.));
#8439=DIRECTION('',(0.,1.,0.));
#8440=DIRECTION('',(0.,0.,1.));
#8441=DIRECTION('center_axis',(0.,1.,0.));
#8442=DIRECTION('ref_axis',(-1.,0.,0.));
#8443=DIRECTION('',(-1.,0.,0.));
#8444=DIRECTION('',(-1.,0.,0.));
#8445=DIRECTION('',(0.,0.,1.));
#8446=DIRECTION('center_axis',(-1.,0.,0.));
#8447=DIRECTION('ref_axis',(0.,-1.,0.));
#8448=DIRECTION('',(0.,-1.,0.));
#8449=DIRECTION('',(0.,-1.,0.));
#8450=DIRECTION('center_axis',(-1.,0.,0.));
#8451=DIRECTION('ref_axis',(0.,-1.,0.));
#8452=DIRECTION('',(0.,1.,0.));
#8453=DIRECTION('',(0.,0.,1.));
#8454=DIRECTION('',(0.,-1.,0.));
#8455=DIRECTION('',(0.,0.,1.));
#8456=DIRECTION('center_axis',(0.,1.,0.));
#8457=DIRECTION('ref_axis',(-1.,0.,0.));
#8458=DIRECTION('',(1.,0.,0.));
#8459=DIRECTION('',(-1.,0.,0.));
#8460=DIRECTION('',(0.,0.,1.));
#8461=DIRECTION('center_axis',(1.,0.,0.));
#8462=DIRECTION('ref_axis',(0.,1.,0.));
#8463=DIRECTION('',(0.,-1.,0.));
#8464=DIRECTION('',(0.,1.,0.));
#8465=DIRECTION('',(0.,0.,1.));
#8466=DIRECTION('center_axis',(0.,-1.,0.));
#8467=DIRECTION('ref_axis',(1.,0.,0.));
#8468=DIRECTION('',(-1.,0.,0.));
#8469=DIRECTION('',(1.,0.,0.));
#8470=DIRECTION('center_axis',(0.,0.,1.));
#8471=DIRECTION('ref_axis',(1.,0.,0.));
#8472=DIRECTION('center_axis',(0.,0.,1.));
#8473=DIRECTION('ref_axis',(-1.,0.,0.));
#8474=DIRECTION('center_axis',(0.,-1.,0.));
#8475=DIRECTION('ref_axis',(1.,0.,0.));
#8476=DIRECTION('',(1.,0.,0.));
#8477=DIRECTION('',(0.,0.,1.));
#8478=DIRECTION('',(1.,0.,0.));
#8479=DIRECTION('',(0.,0.,1.));
#8480=DIRECTION('center_axis',(1.,0.,0.));
#8481=DIRECTION('ref_axis',(0.,1.,0.));
#8482=DIRECTION('',(0.,1.,0.));
#8483=DIRECTION('',(0.,1.,0.));
#8484=DIRECTION('',(0.,0.,1.));
#8485=DIRECTION('center_axis',(0.,1.,0.));
#8486=DIRECTION('ref_axis',(-1.,0.,0.));
#8487=DIRECTION('',(-1.,0.,0.));
#8488=DIRECTION('',(-1.,0.,0.));
#8489=DIRECTION('',(0.,0.,1.));
#8490=DIRECTION('center_axis',(-1.,0.,0.));
#8491=DIRECTION('ref_axis',(0.,-1.,0.));
#8492=DIRECTION('',(0.,-1.,0.));
#8493=DIRECTION('',(0.,-1.,0.));
#8494=DIRECTION('center_axis',(-1.,0.,0.));
#8495=DIRECTION('ref_axis',(0.,-1.,0.));
#8496=DIRECTION('',(0.,1.,0.));
#8497=DIRECTION('',(0.,0.,1.));
#8498=DIRECTION('',(0.,-1.,0.));
#8499=DIRECTION('',(0.,0.,1.));
#8500=DIRECTION('center_axis',(0.,1.,0.));
#8501=DIRECTION('ref_axis',(-1.,0.,0.));
#8502=DIRECTION('',(1.,0.,0.));
#8503=DIRECTION('',(-1.,0.,0.));
#8504=DIRECTION('',(0.,0.,1.));
#8505=DIRECTION('center_axis',(1.,0.,0.));
#8506=DIRECTION('ref_axis',(0.,1.,0.));
#8507=DIRECTION('',(0.,-1.,0.));
#8508=DIRECTION('',(0.,1.,0.));
#8509=DIRECTION('',(0.,0.,1.));
#8510=DIRECTION('center_axis',(0.,-1.,0.));
#8511=DIRECTION('ref_axis',(1.,0.,0.));
#8512=DIRECTION('',(-1.,0.,0.));
#8513=DIRECTION('',(1.,0.,0.));
#8514=DIRECTION('center_axis',(0.,0.,1.));
#8515=DIRECTION('ref_axis',(1.,0.,0.));
#8516=DIRECTION('center_axis',(0.,0.,1.));
#8517=DIRECTION('ref_axis',(-1.,0.,0.));
#8518=DIRECTION('center_axis',(0.,-1.,0.));
#8519=DIRECTION('ref_axis',(1.,0.,0.));
#8520=DIRECTION('',(1.,0.,0.));
#8521=DIRECTION('',(0.,0.,1.));
#8522=DIRECTION('',(1.,0.,0.));
#8523=DIRECTION('',(0.,0.,1.));
#8524=DIRECTION('center_axis',(1.,0.,0.));
#8525=DIRECTION('ref_axis',(0.,1.,0.));
#8526=DIRECTION('',(0.,1.,0.));
#8527=DIRECTION('',(0.,1.,0.));
#8528=DIRECTION('',(0.,0.,1.));
#8529=DIRECTION('center_axis',(0.,1.,0.));
#8530=DIRECTION('ref_axis',(-1.,0.,0.));
#8531=DIRECTION('',(-1.,0.,0.));
#8532=DIRECTION('',(-1.,0.,0.));
#8533=DIRECTION('',(0.,0.,1.));
#8534=DIRECTION('center_axis',(-1.,0.,0.));
#8535=DIRECTION('ref_axis',(0.,-1.,0.));
#8536=DIRECTION('',(0.,-1.,0.));
#8537=DIRECTION('',(0.,-1.,0.));
#8538=DIRECTION('center_axis',(0.,-1.,0.));
#8539=DIRECTION('ref_axis',(1.,0.,0.));
#8540=DIRECTION('',(-1.,0.,0.));
#8541=DIRECTION('',(0.,0.,1.));
#8542=DIRECTION('',(1.,0.,0.));
#8543=DIRECTION('',(0.,0.,1.));
#8544=DIRECTION('center_axis',(-1.,0.,0.));
#8545=DIRECTION('ref_axis',(0.,-1.,0.));
#8546=DIRECTION('',(0.,1.,0.));
#8547=DIRECTION('',(0.,-1.,0.));
#8548=DIRECTION('',(0.,0.,1.));
#8549=DIRECTION('center_axis',(0.,1.,0.));
#8550=DIRECTION('ref_axis',(-1.,0.,0.));
#8551=DIRECTION('',(1.,0.,0.));
#8552=DIRECTION('',(-1.,0.,0.));
#8553=DIRECTION('',(0.,0.,1.));
#8554=DIRECTION('center_axis',(1.,0.,0.));
#8555=DIRECTION('ref_axis',(0.,1.,0.));
#8556=DIRECTION('',(0.,-1.,0.));
#8557=DIRECTION('',(0.,1.,0.));
#8558=DIRECTION('center_axis',(0.,0.,1.));
#8559=DIRECTION('ref_axis',(1.,0.,0.));
#8560=DIRECTION('center_axis',(0.,0.,1.));
#8561=DIRECTION('ref_axis',(-1.,0.,0.));
#8562=DIRECTION('',(0.,0.,1.));
#8563=DIRECTION('',(0.,0.,1.));
#8564=DIRECTION('',(0.,0.,1.));
#8565=DIRECTION('',(0.,0.,1.));
#8566=DIRECTION('',(0.,0.,1.));
#8567=DIRECTION('',(0.,0.,1.));
#8568=DIRECTION('',(0.,0.,1.));
#8569=DIRECTION('',(0.,0.,1.));
#8570=DIRECTION('',(0.,0.,1.));
#8571=DIRECTION('',(0.,0.,1.));
#8572=DIRECTION('',(0.,0.,1.));
#8573=DIRECTION('',(0.,0.,1.));
#8574=DIRECTION('',(0.,0.,1.));
#8575=DIRECTION('',(0.,0.,1.));
#8576=DIRECTION('center_axis',(-0.0750565001101665,0.997179282672486,0.));
#8577=DIRECTION('ref_axis',(-0.997179282672485,-0.0750565001101664,0.));
#8578=DIRECTION('',(-0.997179282672485,-0.0750565001101664,0.));
#8579=DIRECTION('',(-0.997179282672485,-0.0750565001101664,0.));
#8580=DIRECTION('',(0.,0.,1.));
#8581=DIRECTION('',(0.,0.,1.));
#8582=DIRECTION('',(0.,0.,1.));
#8583=DIRECTION('',(0.,0.,1.));
#8584=DIRECTION('',(0.,0.,1.));
#8585=DIRECTION('',(0.,0.,1.));
#8586=DIRECTION('',(0.,0.,1.));
#8587=DIRECTION('',(0.,0.,1.));
#8588=DIRECTION('',(0.,0.,1.));
#8589=DIRECTION('',(0.,0.,1.));
#8590=DIRECTION('',(0.,0.,1.));
#8591=DIRECTION('',(0.,0.,1.));
#8592=DIRECTION('',(0.,0.,1.));
#8593=DIRECTION('',(0.,0.,1.));
#8594=DIRECTION('',(0.,0.,1.));
#8595=DIRECTION('',(0.,0.,1.));
#8596=DIRECTION('',(0.,0.,1.));
#8597=DIRECTION('',(0.,0.,1.));
#8598=DIRECTION('',(0.,0.,1.));
#8599=DIRECTION('center_axis',(0.0870997405497383,-0.996199596063042,0.));
#8600=DIRECTION('ref_axis',(0.996199596063042,0.0870997405497383,0.));
#8601=DIRECTION('',(0.996199596063042,0.0870997405497383,0.));
#8602=DIRECTION('',(0.996199596063042,0.0870997405497383,0.));
#8603=DIRECTION('',(0.,0.,1.));
#8604=DIRECTION('',(0.,0.,1.));
#8605=DIRECTION('',(0.,0.,1.));
#8606=DIRECTION('',(0.,0.,1.));
#8607=DIRECTION('',(0.,0.,1.));
#8608=DIRECTION('',(0.,0.,1.));
#8609=DIRECTION('',(0.,0.,1.));
#8610=DIRECTION('',(0.,0.,1.));
#8611=DIRECTION('',(0.,0.,1.));
#8612=DIRECTION('',(0.,0.,1.));
#8613=DIRECTION('',(0.,0.,1.));
#8614=DIRECTION('',(0.,0.,1.));
#8615=DIRECTION('',(0.,0.,1.));
#8616=DIRECTION('',(0.,0.,1.));
#8617=DIRECTION('',(0.,0.,1.));
#8618=DIRECTION('',(0.,0.,1.));
#8619=DIRECTION('',(0.,0.,1.));
#8620=DIRECTION('',(0.,0.,1.));
#8621=DIRECTION('center_axis',(-0.0870997405497675,0.99619959606304,0.));
#8622=DIRECTION('ref_axis',(-0.996199596063039,-0.0870997405497675,0.));
#8623=DIRECTION('',(0.996199596063039,0.0870997405497675,0.));
#8624=DIRECTION('',(-0.996199596063039,-0.0870997405497675,0.));
#8625=DIRECTION('',(0.,0.,1.));
#8626=DIRECTION('',(0.,0.,1.));
#8627=DIRECTION('',(0.,0.,1.));
#8628=DIRECTION('',(0.,0.,1.));
#8629=DIRECTION('',(0.,0.,1.));
#8630=DIRECTION('',(0.,0.,1.));
#8631=DIRECTION('',(0.,0.,1.));
#8632=DIRECTION('',(0.,0.,1.));
#8633=DIRECTION('',(0.,0.,1.));
#8634=DIRECTION('',(0.,0.,1.));
#8635=DIRECTION('',(0.,0.,1.));
#8636=DIRECTION('',(0.,0.,1.));
#8637=DIRECTION('',(0.,0.,1.));
#8638=DIRECTION('',(0.,0.,1.));
#8639=DIRECTION('',(0.,0.,1.));
#8640=DIRECTION('',(0.,0.,1.));
#8641=DIRECTION('',(0.,0.,1.));
#8642=DIRECTION('',(0.,0.,1.));
#8643=DIRECTION('',(0.,0.,1.));
#8644=DIRECTION('center_axis',(0.0750565001101779,-0.997179282672485,0.));
#8645=DIRECTION('ref_axis',(0.997179282672485,0.0750565001101779,0.));
#8646=DIRECTION('',(-0.997179282672485,-0.0750565001101779,0.));
#8647=DIRECTION('',(0.997179282672485,0.0750565001101779,0.));
#8648=DIRECTION('center_axis',(0.,0.,1.));
#8649=DIRECTION('ref_axis',(-1.,0.,0.));
#8650=DIRECTION('center_axis',(0.,0.,1.));
#8651=DIRECTION('ref_axis',(-1.,0.,0.));
#8652=DIRECTION('center_axis',(0.,-1.,0.));
#8653=DIRECTION('ref_axis',(1.,0.,0.));
#8654=DIRECTION('',(1.,0.,0.));
#8655=DIRECTION('',(0.,0.,1.));
#8656=DIRECTION('',(1.,0.,0.));
#8657=DIRECTION('',(0.,0.,1.));
#8658=DIRECTION('center_axis',(1.,0.,0.));
#8659=DIRECTION('ref_axis',(0.,1.,0.));
#8660=DIRECTION('',(0.,1.,0.));
#8661=DIRECTION('',(0.,1.,0.));
#8662=DIRECTION('',(0.,0.,1.));
#8663=DIRECTION('center_axis',(0.,1.,0.));
#8664=DIRECTION('ref_axis',(-1.,0.,0.));
#8665=DIRECTION('',(-1.,0.,0.));
#8666=DIRECTION('',(-1.,0.,0.));
#8667=DIRECTION('',(0.,0.,1.));
#8668=DIRECTION('center_axis',(-1.,0.,0.));
#8669=DIRECTION('ref_axis',(0.,-1.,0.));
#8670=DIRECTION('',(0.,-1.,0.));
#8671=DIRECTION('',(0.,-1.,0.));
#8672=DIRECTION('center_axis',(0.,-1.,0.));
#8673=DIRECTION('ref_axis',(1.,0.,0.));
#8674=DIRECTION('',(-1.,0.,0.));
#8675=DIRECTION('',(0.,0.,1.));
#8676=DIRECTION('',(1.,0.,0.));
#8677=DIRECTION('',(0.,0.,1.));
#8678=DIRECTION('center_axis',(-1.,0.,0.));
#8679=DIRECTION('ref_axis',(0.,-1.,0.));
#8680=DIRECTION('',(0.,1.,0.));
#8681=DIRECTION('',(0.,-1.,0.));
#8682=DIRECTION('',(0.,0.,1.));
#8683=DIRECTION('center_axis',(0.,1.,0.));
#8684=DIRECTION('ref_axis',(-1.,0.,0.));
#8685=DIRECTION('',(1.,0.,0.));
#8686=DIRECTION('',(-1.,0.,0.));
#8687=DIRECTION('',(0.,0.,1.));
#8688=DIRECTION('center_axis',(1.,0.,0.));
#8689=DIRECTION('ref_axis',(0.,1.,0.));
#8690=DIRECTION('',(0.,-1.,0.));
#8691=DIRECTION('',(0.,1.,0.));
#8692=DIRECTION('center_axis',(0.,0.,1.));
#8693=DIRECTION('ref_axis',(1.,0.,0.));
#8694=DIRECTION('center_axis',(0.,0.,1.));
#8695=DIRECTION('ref_axis',(-1.,0.,0.));
#8696=DIRECTION('',(0.,0.,1.));
#8697=DIRECTION('',(0.,0.,1.));
#8698=DIRECTION('',(0.,0.,1.));
#8699=DIRECTION('center_axis',(-0.936614037943024,0.350362874642938,0.));
#8700=DIRECTION('ref_axis',(-0.350362874642938,-0.936614037943024,0.));
#8701=DIRECTION('',(-0.350362874642938,-0.936614037943024,0.));
#8702=DIRECTION('',(-0.350362874642938,-0.936614037943024,0.));
#8703=DIRECTION('',(0.,0.,1.));
#8704=DIRECTION('center_axis',(0.,-1.,0.));
#8705=DIRECTION('ref_axis',(1.,0.,0.));
#8706=DIRECTION('',(1.,0.,0.));
#8707=DIRECTION('',(1.,0.,0.));
#8708=DIRECTION('',(0.,0.,1.));
#8709=DIRECTION('center_axis',(0.938859819962087,-0.344299634709009,0.));
#8710=DIRECTION('ref_axis',(0.344299634709009,0.938859819962087,0.));
#8711=DIRECTION('',(0.344299634709009,0.938859819962087,0.));
#8712=DIRECTION('',(0.344299634709009,0.938859819962087,0.));
#8713=DIRECTION('',(0.,0.,1.));
#8714=DIRECTION('',(0.,0.,1.));
#8715=DIRECTION('',(0.,0.,1.));
#8716=DIRECTION('center_axis',(-0.941082271097803,-0.338177703323862,0.));
#8717=DIRECTION('ref_axis',(0.338177703323862,-0.941082271097803,0.));
#8718=DIRECTION('',(0.338177703323862,-0.941082271097803,0.));
#8719=DIRECTION('',(0.338177703323862,-0.941082271097803,0.));
#8720=DIRECTION('',(0.,0.,1.));
#8721=DIRECTION('center_axis',(0.,-1.,0.));
#8722=DIRECTION('ref_axis',(1.,0.,0.));
#8723=DIRECTION('',(1.,0.,0.));
#8724=DIRECTION('',(1.,0.,0.));
#8725=DIRECTION('',(0.,0.,1.));
#8726=DIRECTION('center_axis',(0.935168308394821,0.354203663128953,0.));
#8727=DIRECTION('ref_axis',(-0.354203663128953,0.935168308394821,0.));
#8728=DIRECTION('',(-0.354203663128953,0.935168308394821,0.));
#8729=DIRECTION('',(-0.354203663128953,0.935168308394821,0.));
#8730=DIRECTION('',(0.,0.,1.));
#8731=DIRECTION('',(0.,0.,1.));
#8732=DIRECTION('',(0.,0.,1.));
#8733=DIRECTION('',(0.,0.,1.));
#8734=DIRECTION('',(0.,0.,1.));
#8735=DIRECTION('',(0.,0.,1.));
#8736=DIRECTION('center_axis',(0.993070165302488,0.117522962803399,0.));
#8737=DIRECTION('ref_axis',(-0.117522962803399,0.993070165302488,0.));
#8738=DIRECTION('',(-0.117522962803399,0.993070165302488,0.));
#8739=DIRECTION('',(-0.117522962803399,0.993070165302488,0.));
#8740=DIRECTION('',(0.,0.,1.));
#8741=DIRECTION('',(0.,0.,1.));
#8742=DIRECTION('',(0.,0.,1.));
#8743=DIRECTION('',(0.,0.,1.));
#8744=DIRECTION('',(0.,0.,1.));
#8745=DIRECTION('',(0.,0.,1.));
#8746=DIRECTION('center_axis',(-0.993070165302489,-0.117522962803392,0.));
#8747=DIRECTION('ref_axis',(0.117522962803392,-0.993070165302489,0.));
#8748=DIRECTION('',(-0.117522962803392,0.993070165302489,0.));
#8749=DIRECTION('',(0.117522962803392,-0.993070165302489,0.));
#8750=DIRECTION('',(0.,0.,1.));
#8751=DIRECTION('',(0.,0.,1.));
#8752=DIRECTION('',(0.,0.,1.));
#8753=DIRECTION('',(0.,0.,1.));
#8754=DIRECTION('',(0.,0.,1.));
#8755=DIRECTION('',(0.,0.,1.));
#8756=DIRECTION('center_axis',(-0.935168308394822,-0.354203663128951,0.));
#8757=DIRECTION('ref_axis',(0.354203663128951,-0.935168308394822,0.));
#8758=DIRECTION('',(-0.354203663128951,0.935168308394822,0.));
#8759=DIRECTION('',(0.354203663128951,-0.935168308394822,0.));
#8760=DIRECTION('',(0.,0.,1.));
#8761=DIRECTION('center_axis',(0.,1.,0.));
#8762=DIRECTION('ref_axis',(-1.,0.,0.));
#8763=DIRECTION('',(1.,0.,0.));
#8764=DIRECTION('',(-1.,0.,0.));
#8765=DIRECTION('',(0.,0.,1.));
#8766=DIRECTION('center_axis',(0.941083014932432,0.338175633370715,0.));
#8767=DIRECTION('ref_axis',(-0.338175633370715,0.941083014932432,0.));
#8768=DIRECTION('',(0.338175633370715,-0.941083014932432,0.));
#8769=DIRECTION('',(-0.338175633370715,0.941083014932432,0.));
#8770=DIRECTION('',(0.,0.,1.));
#8771=DIRECTION('',(0.,0.,1.));
#8772=DIRECTION('',(0.,0.,1.));
#8773=DIRECTION('center_axis',(-0.93885981996215,0.344299634708837,0.));
#8774=DIRECTION('ref_axis',(-0.344299634708837,-0.93885981996215,0.));
#8775=DIRECTION('',(0.344299634708837,0.93885981996215,0.));
#8776=DIRECTION('',(-0.344299634708837,-0.93885981996215,0.));
#8777=DIRECTION('',(0.,0.,1.));
#8778=DIRECTION('center_axis',(0.,1.,0.));
#8779=DIRECTION('ref_axis',(-1.,0.,0.));
#8780=DIRECTION('',(1.,0.,0.));
#8781=DIRECTION('',(-1.,0.,0.));
#8782=DIRECTION('',(0.,0.,1.));
#8783=DIRECTION('center_axis',(0.936613993126093,-0.350362994450606,0.));
#8784=DIRECTION('ref_axis',(0.350362994450606,0.936613993126093,0.));
#8785=DIRECTION('',(-0.350362994450606,-0.936613993126093,0.));
#8786=DIRECTION('',(0.350362994450606,0.936613993126093,0.));
#8787=DIRECTION('',(0.,0.,1.));
#8788=DIRECTION('center_axis',(0.,0.,1.));
#8789=DIRECTION('ref_axis',(-1.,0.,0.));
#8790=DIRECTION('center_axis',(0.,0.,1.));
#8791=DIRECTION('ref_axis',(-1.,0.,0.));
#8792=CARTESIAN_POINT('',(0.,0.,0.));
#8793=CARTESIAN_POINT('Origin',(69.7610647202816,84.1477744780474,0.0082433007586713));
#8794=CARTESIAN_POINT('',(69.7610647202816,84.1477744780474,0.0082433007586713));
#8795=CARTESIAN_POINT('',(69.7610647202816,84.1477744780474,0.149999984353781));
#8796=CARTESIAN_POINT('',(69.7610647202816,84.1477744780474,0.00412165037933565));
#8797=CARTESIAN_POINT('',(69.7610647202816,37.1477744780473,0.0082433007586713));
#8798=CARTESIAN_POINT('',(69.7610647202816,84.1477744780474,0.0082433007586713));
#8799=CARTESIAN_POINT('',(69.7610647202816,37.1477744780473,0.149999984353781));
#8800=CARTESIAN_POINT('',(69.7610647202816,37.1477744780473,0.149999984353781));
#8801=CARTESIAN_POINT('',(69.7610647202816,84.1477744780474,0.149999984353781));
#8802=CARTESIAN_POINT('Origin',(62.2610648879197,84.1477744780474,0.0082433007586713));
#8803=CARTESIAN_POINT('',(62.2610648879197,84.1477744780474,0.0082433007586713));
#8804=CARTESIAN_POINT('',(71.0946746309768,84.1477744780474,0.0082433007586713));
#8805=CARTESIAN_POINT('',(62.2610648879197,37.1477744780473,0.0082433007586713));
#8806=CARTESIAN_POINT('',(62.2610648879197,84.1477744780474,0.0082433007586713));
#8807=CARTESIAN_POINT('',(69.7610647202816,37.1477744780473,0.0082433007586713));
#8808=CARTESIAN_POINT('Origin',(62.2610648879197,84.1477744780474,0.149999984353781));
#8809=CARTESIAN_POINT('',(62.2610648879197,84.1477744780474,0.149999984353781));
#8810=CARTESIAN_POINT('',(62.2610648879197,84.1477744780474,0.0749999921768904));
#8811=CARTESIAN_POINT('',(62.2610648879197,37.1477744780473,0.149999984353781));
#8812=CARTESIAN_POINT('',(62.2610648879197,84.1477744780474,0.149999984353781));
#8813=CARTESIAN_POINT('',(62.2610648879197,37.1477744780473,0.0082433007586713));
#8814=CARTESIAN_POINT('Origin',(62.8110648879197,84.1477744780474,0.149999984353792));
#8815=CARTESIAN_POINT('',(62.8110648879197,84.1477744780474,0.699999984353789));
#8816=CARTESIAN_POINT('Origin',(62.8110648879197,84.1477744780474,0.149999984353792));
#8817=CARTESIAN_POINT('',(62.8110648879197,37.1477744780473,0.699999984353789));
#8818=CARTESIAN_POINT('',(62.8110648879197,84.1477744780474,0.699999984353789));
#8819=CARTESIAN_POINT('Origin',(62.8110648879197,37.1477744780473,0.149999984353792));
#8820=CARTESIAN_POINT('Origin',(69.2110647202816,84.1477744780474,0.699999984353781));
#8821=CARTESIAN_POINT('',(69.2110647202816,84.1477744780474,0.699999984353781));
#8822=CARTESIAN_POINT('',(74.5696745471577,84.1477744780474,0.699999984353775));
#8823=CARTESIAN_POINT('',(69.2110647202816,37.1477744780473,0.699999984353781));
#8824=CARTESIAN_POINT('',(69.2110647202816,84.1477744780474,0.699999984353781));
#8825=CARTESIAN_POINT('',(62.8110648879197,37.1477744780473,0.699999984353789));
#8826=CARTESIAN_POINT('Origin',(69.2110647202816,84.1477744780474,0.149999984353792));
#8827=CARTESIAN_POINT('Origin',(69.2110647202816,84.1477744780474,0.149999984353792));
#8828=CARTESIAN_POINT('Origin',(69.2110647202816,37.1477744780473,0.149999984353792));
#8829=CARTESIAN_POINT('Origin',(66.0110648041006,37.1477744780473,0.35412164255623));
#8830=CARTESIAN_POINT('Origin',(82.1884231130768,-58.0157948393058,0.));
#8831=CARTESIAN_POINT('',(79.7384231130768,-58.0157948393058,0.));
#8832=CARTESIAN_POINT('Origin',(82.1884231130768,-58.0157948393058,0.));
#8833=CARTESIAN_POINT('',(79.7384231130768,-58.0157948393058,3.9));
#8834=CARTESIAN_POINT('',(79.7384231130768,-58.0157948393058,0.));
#8835=CARTESIAN_POINT('Origin',(82.1884231130768,-58.0157948393058,3.9));
#8836=CARTESIAN_POINT('Origin',(82.1884231130768,-58.0157948393058,3.9));
#8837=CARTESIAN_POINT('Origin',(-32.3322078239279,-58.0157948393058,0.));
#8838=CARTESIAN_POINT('',(-34.7822078239279,-58.0157948393058,0.));
#8839=CARTESIAN_POINT('Origin',(-32.3322078239279,-58.0157948393058,0.));
#8840=CARTESIAN_POINT('',(-34.7822078239279,-58.0157948393058,3.9));
#8841=CARTESIAN_POINT('',(-34.7822078239279,-58.0157948393058,0.));
#8842=CARTESIAN_POINT('Origin',(-32.3322078239279,-58.0157948393058,3.9));
#8843=CARTESIAN_POINT('Origin',(-32.3322078239279,-58.0157948393058,3.9));
#8844=CARTESIAN_POINT('Origin',(82.1884231130768,79.3113437954005,0.));
#8845=CARTESIAN_POINT('',(79.7384231130768,79.3113437954005,0.));
#8846=CARTESIAN_POINT('Origin',(82.1884231130768,79.3113437954005,0.));
#8847=CARTESIAN_POINT('',(79.7384231130768,79.3113437954005,3.9));
#8848=CARTESIAN_POINT('',(79.7384231130768,79.3113437954005,0.));
#8849=CARTESIAN_POINT('Origin',(82.1884231130768,79.3113437954005,3.9));
#8850=CARTESIAN_POINT('Origin',(82.1884231130768,79.3113437954005,3.9));
#8851=CARTESIAN_POINT('Origin',(-32.3322078239279,79.3113437954005,0.));
#8852=CARTESIAN_POINT('',(-34.7822078239279,79.3113437954005,0.));
#8853=CARTESIAN_POINT('Origin',(-32.3322078239279,79.3113437954005,0.));
#8854=CARTESIAN_POINT('',(-34.7822078239279,79.3113437954005,3.9));
#8855=CARTESIAN_POINT('',(-34.7822078239279,79.3113437954005,0.));
#8856=CARTESIAN_POINT('Origin',(-32.3322078239279,79.3113437954005,3.9));
#8857=CARTESIAN_POINT('Origin',(-32.3322078239279,79.3113437954005,3.9));
#8858=CARTESIAN_POINT('Origin',(77.9282843740338,-55.8522255219527,0.));
#8859=CARTESIAN_POINT('',(77.9282843740338,-55.8522255219527,0.));
#8860=CARTESIAN_POINT('',(-28.0717156259661,-55.8522255219527,0.));
#8861=CARTESIAN_POINT('',(77.9282843740338,-55.8522255219527,0.));
#8862=CARTESIAN_POINT('',(-28.0717156259661,-55.8522255219527,4.5));
#8863=CARTESIAN_POINT('',(-28.0717156259661,-55.8522255219527,0.));
#8864=CARTESIAN_POINT('',(77.9282843740338,-55.8522255219527,4.5));
#8865=CARTESIAN_POINT('',(77.9282843740338,-55.8522255219527,4.5));
#8866=CARTESIAN_POINT('',(77.9282843740338,-55.8522255219527,0.));
#8867=CARTESIAN_POINT('Origin',(77.9282843740338,-53.8522255219527,0.));
#8868=CARTESIAN_POINT('',(79.9282843740338,-53.8522255219527,0.));
#8869=CARTESIAN_POINT('Origin',(77.9282843740338,-53.8522255219527,0.));
#8870=CARTESIAN_POINT('',(79.9282843740338,-53.8522255219527,4.5));
#8871=CARTESIAN_POINT('Origin',(77.9282843740338,-53.8522255219527,4.5));
#8872=CARTESIAN_POINT('',(79.9282843740338,-53.8522255219527,0.));
#8873=CARTESIAN_POINT('Origin',(79.9282843740338,22.1830414282997,0.));
#8874=CARTESIAN_POINT('',(79.9282843740338,22.1830414282997,0.));
#8875=CARTESIAN_POINT('',(79.9282843740338,77.1477744780473,0.));
#8876=CARTESIAN_POINT('',(79.9282843740338,22.1830414282997,4.5));
#8877=CARTESIAN_POINT('',(79.9282843740338,77.1477744780473,4.5));
#8878=CARTESIAN_POINT('',(79.9282843740338,22.1830414282997,0.));
#8879=CARTESIAN_POINT('Origin',(55.1916098350584,22.1830414282997,0.));
#8880=CARTESIAN_POINT('',(55.1916098350584,22.1830414282997,0.));
#8881=CARTESIAN_POINT('',(79.9282843740338,22.1830414282997,0.));
#8882=CARTESIAN_POINT('',(55.1916098350584,22.1830414282997,4.5));
#8883=CARTESIAN_POINT('',(79.9282843740338,22.1830414282997,4.5));
#8884=CARTESIAN_POINT('',(55.1916098350584,22.1830414282997,0.));
#8885=CARTESIAN_POINT('Origin',(55.1916098350584,24.1830414282997,0.));
#8886=CARTESIAN_POINT('',(53.1916098350584,24.1830414282997,0.));
#8887=CARTESIAN_POINT('Origin',(55.1916098350584,24.1830414282997,0.));
#8888=CARTESIAN_POINT('',(53.1916098350584,24.1830414282997,4.5));
#8889=CARTESIAN_POINT('Origin',(55.1916098350584,24.1830414282997,4.5));
#8890=CARTESIAN_POINT('',(53.1916098350584,24.1830414282997,0.));
#8891=CARTESIAN_POINT('Origin',(53.1916098350584,76.6477744780473,0.));
#8892=CARTESIAN_POINT('',(53.1916098350584,76.6477744780473,0.));
#8893=CARTESIAN_POINT('',(53.1916098350584,24.1830414282997,0.));
#8894=CARTESIAN_POINT('',(53.1916098350584,76.6477744780473,4.5));
#8895=CARTESIAN_POINT('',(53.1916098350584,24.1830414282997,4.5));
#8896=CARTESIAN_POINT('',(53.1916098350584,76.6477744780473,0.));
#8897=CARTESIAN_POINT('Origin',(55.1916098350584,76.6477744780473,0.));
#8898=CARTESIAN_POINT('',(53.2551181619547,77.1477744780473,0.));
#8899=CARTESIAN_POINT('Origin',(55.1916098350584,76.6477744780473,0.));
#8900=CARTESIAN_POINT('',(53.2551181619547,77.1477744780473,4.5));
#8901=CARTESIAN_POINT('Origin',(55.1916098350584,76.6477744780473,4.5));
#8902=CARTESIAN_POINT('',(53.2551181619547,77.1477744780473,0.));
#8903=CARTESIAN_POINT('Origin',(-28.0717156259661,77.1477744780474,0.));
#8904=CARTESIAN_POINT('',(-28.0717156259661,77.1477744780474,0.));
#8905=CARTESIAN_POINT('',(-28.0717156259661,77.1477744780474,0.));
#8906=CARTESIAN_POINT('',(-28.0717156259661,77.1477744780474,4.5));
#8907=CARTESIAN_POINT('',(-28.0717156259661,77.1477744780474,4.5));
#8908=CARTESIAN_POINT('',(-28.0717156259661,77.1477744780474,0.));
#8909=CARTESIAN_POINT('Origin',(-28.0717156259661,75.1477744780473,0.));
#8910=CARTESIAN_POINT('',(-30.0717156259661,75.1477744780473,0.));
#8911=CARTESIAN_POINT('Origin',(-28.0717156259661,75.1477744780473,0.));
#8912=CARTESIAN_POINT('',(-30.0717156259661,75.1477744780473,4.5));
#8913=CARTESIAN_POINT('Origin',(-28.0717156259661,75.1477744780473,4.5));
#8914=CARTESIAN_POINT('',(-30.0717156259661,75.1477744780473,0.));
#8915=CARTESIAN_POINT('Origin',(-30.0717156259661,-53.8522255219527,0.));
#8916=CARTESIAN_POINT('',(-30.0717156259661,-53.8522255219527,0.));
#8917=CARTESIAN_POINT('',(-30.0717156259661,-53.8522255219527,0.));
#8918=CARTESIAN_POINT('',(-30.0717156259661,-53.8522255219527,4.5));
#8919=CARTESIAN_POINT('',(-30.0717156259661,-53.8522255219527,4.5));
#8920=CARTESIAN_POINT('',(-30.0717156259661,-53.8522255219527,0.));
#8921=CARTESIAN_POINT('Origin',(-28.0717156259661,-53.8522255219527,0.));
#8922=CARTESIAN_POINT('Origin',(-28.0717156259661,-53.8522255219527,0.));
#8923=CARTESIAN_POINT('Origin',(-28.0717156259661,-53.8522255219527,4.5));
#8924=CARTESIAN_POINT('Origin',(-37.0717156259661,77.1477744780473,0.));
#8925=CARTESIAN_POINT('',(-37.0717156259661,77.1477744780474,0.));
#8926=CARTESIAN_POINT('',(-37.0717156259661,-55.8522255219527,0.));
#8927=CARTESIAN_POINT('',(-37.0717156259661,77.1477744780473,0.));
#8928=CARTESIAN_POINT('',(-37.0717156259661,-55.8522255219527,4.5));
#8929=CARTESIAN_POINT('',(-37.0717156259661,-55.8522255219527,0.));
#8930=CARTESIAN_POINT('',(-37.0717156259661,77.1477744780474,4.5));
#8931=CARTESIAN_POINT('',(-37.0717156259661,77.1477744780473,4.5));
#8932=CARTESIAN_POINT('',(-37.0717156259661,77.1477744780474,0.));
#8933=CARTESIAN_POINT('Origin',(-30.0717156259661,77.1477744780473,0.));
#8934=CARTESIAN_POINT('',(-30.0717156259661,84.1477744780474,0.));
#8935=CARTESIAN_POINT('Origin',(-30.0717156259661,77.1477744780473,0.));
#8936=CARTESIAN_POINT('',(-30.0717156259661,84.1477744780474,4.5));
#8937=CARTESIAN_POINT('Origin',(-30.0717156259661,77.1477744780473,4.5));
#8938=CARTESIAN_POINT('',(-30.0717156259661,84.1477744780474,0.));
#8939=CARTESIAN_POINT('Origin',(79.9282843740339,84.1477744780474,0.));
#8940=CARTESIAN_POINT('',(79.9282843740339,84.1477744780474,0.));
#8941=CARTESIAN_POINT('',(79.9282843740339,84.1477744780474,0.));
#8942=CARTESIAN_POINT('',(79.9282843740339,84.1477744780474,4.5));
#8943=CARTESIAN_POINT('',(79.9282843740339,84.1477744780474,4.5));
#8944=CARTESIAN_POINT('',(79.9282843740339,84.1477744780474,0.));
#8945=CARTESIAN_POINT('Origin',(79.9282843740339,77.1477744780474,0.));
#8946=CARTESIAN_POINT('',(86.9282843740338,77.1477744780474,0.));
#8947=CARTESIAN_POINT('Origin',(79.9282843740339,77.1477744780474,0.));
#8948=CARTESIAN_POINT('',(86.9282843740338,77.1477744780474,4.5));
#8949=CARTESIAN_POINT('Origin',(79.9282843740339,77.1477744780474,4.5));
#8950=CARTESIAN_POINT('',(86.9282843740338,77.1477744780474,0.));
#8951=CARTESIAN_POINT('Origin',(86.9282843740338,-55.8522255219527,0.));
#8952=CARTESIAN_POINT('',(86.9282843740338,-55.8522255219527,0.));
#8953=CARTESIAN_POINT('',(86.9282843740338,-55.8522255219527,0.));
#8954=CARTESIAN_POINT('',(86.9282843740338,-55.8522255219527,4.5));
#8955=CARTESIAN_POINT('',(86.9282843740338,-55.8522255219527,4.5));
#8956=CARTESIAN_POINT('',(86.9282843740338,-55.8522255219527,0.));
#8957=CARTESIAN_POINT('Origin',(79.9282843740338,-55.8522255219527,0.));
#8958=CARTESIAN_POINT('',(79.9282843740338,-62.8522255219527,0.));
#8959=CARTESIAN_POINT('Origin',(79.9282843740338,-55.8522255219527,0.));
#8960=CARTESIAN_POINT('',(79.9282843740338,-62.8522255219527,4.5));
#8961=CARTESIAN_POINT('Origin',(79.9282843740338,-55.8522255219527,4.5));
#8962=CARTESIAN_POINT('',(79.9282843740338,-62.8522255219527,0.));
#8963=CARTESIAN_POINT('Origin',(-30.0717156259662,-62.8522255219527,0.));
#8964=CARTESIAN_POINT('',(-30.0717156259662,-62.8522255219526,0.));
#8965=CARTESIAN_POINT('',(-30.0717156259662,-62.8522255219527,0.));
#8966=CARTESIAN_POINT('',(-30.0717156259662,-62.8522255219526,4.5));
#8967=CARTESIAN_POINT('',(-30.0717156259662,-62.8522255219527,4.5));
#8968=CARTESIAN_POINT('',(-30.0717156259662,-62.8522255219526,0.));
#8969=CARTESIAN_POINT('Origin',(-30.0717156259662,-55.8522255219527,0.));
#8970=CARTESIAN_POINT('Origin',(-30.0717156259662,-55.8522255219527,0.));
#8971=CARTESIAN_POINT('Origin',(-30.0717156259662,-55.8522255219527,4.5));
#8972=CARTESIAN_POINT('Origin',(24.9282843740338,10.6477744780473,4.5));
#8973=CARTESIAN_POINT('Origin',(24.9282843740338,10.6477744780473,0.));
#8974=CARTESIAN_POINT('Origin',(0.47127533707874,64.6659003797648,0.));
#8975=CARTESIAN_POINT('',(0.47127533707874,54.560203819849,4.5));
#8976=CARTESIAN_POINT('',(0.47127533707874,64.6659003797648,4.5));
#8977=CARTESIAN_POINT('',(0.47127533707874,63.2448940068346,4.5));
#8978=CARTESIAN_POINT('',(0.47127533707874,54.560203819849,0.));
#8979=CARTESIAN_POINT('',(0.47127533707874,54.560203819849,0.));
#8980=CARTESIAN_POINT('',(0.47127533707874,64.6659003797648,0.));
#8981=CARTESIAN_POINT('',(0.47127533707874,63.2448940068346,0.));
#8982=CARTESIAN_POINT('',(0.47127533707874,64.6659003797648,0.));
#8983=CARTESIAN_POINT('Origin',(21.0000003129244,64.6659003797648,0.));
#8984=CARTESIAN_POINT('',(21.0000003129244,64.6659003797648,4.5));
#8985=CARTESIAN_POINT('',(16.3000002384186,64.6659003797648,4.5));
#8986=CARTESIAN_POINT('',(21.0000003129244,64.6659003797648,0.));
#8987=CARTESIAN_POINT('',(16.3000002384186,64.6659003797648,0.));
#8988=CARTESIAN_POINT('',(21.0000003129244,64.6659003797648,0.));
#8989=CARTESIAN_POINT('Origin',(21.0000003129244,54.560203819849,0.));
#8990=CARTESIAN_POINT('',(21.0000003129244,54.560203819849,4.5));
#8991=CARTESIAN_POINT('',(21.0000003129244,58.1920457268767,4.5));
#8992=CARTESIAN_POINT('',(21.0000003129244,54.560203819849,0.));
#8993=CARTESIAN_POINT('',(21.0000003129244,58.1920457268767,0.));
#8994=CARTESIAN_POINT('',(21.0000003129244,54.560203819849,0.));
#8995=CARTESIAN_POINT('Origin',(0.47127533707874,54.560203819849,0.));
#8996=CARTESIAN_POINT('',(6.03563775049576,54.560203819849,4.5));
#8997=CARTESIAN_POINT('',(6.03563775049576,54.560203819849,0.));
#8998=CARTESIAN_POINT('Origin',(28.5000003427267,77.1477744780473,0.));
#8999=CARTESIAN_POINT('',(-5.30000001490117,77.1477744780474,0.));
#9000=CARTESIAN_POINT('',(28.5000003427267,77.1477744780473,0.));
#9001=CARTESIAN_POINT('',(-28.0717156259661,77.1477744780474,0.));
#9002=CARTESIAN_POINT('',(-5.30000001490117,77.1477744780474,4.5));
#9003=CARTESIAN_POINT('',(-5.30000001490117,77.1477744780474,0.));
#9004=CARTESIAN_POINT('',(28.5000003427267,77.1477744780473,4.5));
#9005=CARTESIAN_POINT('',(-28.0717156259661,77.1477744780474,4.5));
#9006=CARTESIAN_POINT('',(28.5000003427267,77.1477744780473,0.));
#9007=CARTESIAN_POINT('Origin',(28.5000003427267,51.5000007897615,0.));
#9008=CARTESIAN_POINT('',(28.5000003427267,51.5000007897615,0.));
#9009=CARTESIAN_POINT('',(28.5000003427267,51.5000007897615,0.));
#9010=CARTESIAN_POINT('',(28.5000003427267,51.5000007897615,4.5));
#9011=CARTESIAN_POINT('',(28.5000003427267,51.5000007897615,4.5));
#9012=CARTESIAN_POINT('',(28.5000003427267,51.5000007897615,0.));
#9013=CARTESIAN_POINT('Origin',(23.5000003427267,51.5000007897615,0.));
#9014=CARTESIAN_POINT('',(23.5000003427267,46.5000007897615,0.));
#9015=CARTESIAN_POINT('Origin',(23.5000003427267,51.5000007897615,0.));
#9016=CARTESIAN_POINT('',(23.5000003427267,46.5000007897615,4.5));
#9017=CARTESIAN_POINT('Origin',(23.5000003427267,51.5000007897615,4.5));
#9018=CARTESIAN_POINT('',(23.5000003427267,46.5000007897615,0.));
#9019=CARTESIAN_POINT('Origin',(-0.300000014901161,46.5000007897615,0.));
#9020=CARTESIAN_POINT('',(-0.300000014901161,46.5000007897615,0.));
#9021=CARTESIAN_POINT('',(-0.300000014901162,46.5000007897615,0.));
#9022=CARTESIAN_POINT('',(-0.300000014901162,46.5000007897615,4.5));
#9023=CARTESIAN_POINT('',(-0.300000014901162,46.5000007897615,4.5));
#9024=CARTESIAN_POINT('',(-0.300000014901161,46.5000007897615,0.));
#9025=CARTESIAN_POINT('Origin',(-0.300000014901163,51.5000007897615,0.));
#9026=CARTESIAN_POINT('',(-5.30000001490116,51.5000007897615,0.));
#9027=CARTESIAN_POINT('Origin',(-0.300000014901163,51.5000007897615,0.));
#9028=CARTESIAN_POINT('',(-5.30000001490116,51.5000007897615,4.5));
#9029=CARTESIAN_POINT('Origin',(-0.300000014901163,51.5000007897615,4.5));
#9030=CARTESIAN_POINT('',(-5.30000001490116,51.5000007897615,0.));
#9031=CARTESIAN_POINT('Origin',(-5.30000001490117,77.1477744780474,0.));
#9032=CARTESIAN_POINT('',(-5.30000001490117,78.0000009834767,0.));
#9033=CARTESIAN_POINT('',(-5.30000001490117,78.0000009834767,4.5));
#9034=CARTESIAN_POINT('Origin',(11.6000001639128,61.8238876339044,4.5));
#9035=CARTESIAN_POINT('Origin',(11.6000001639128,61.8238876339044,0.));
#9036=CARTESIAN_POINT('Ctrl Pts',(15.5057979747653,69.0491139143705,4.5));
#9037=CARTESIAN_POINT('Ctrl Pts',(15.5057979747653,69.0491139143705,5.5));
#9038=CARTESIAN_POINT('Ctrl Pts',(15.3386772796512,69.0252392739058,4.5));
#9039=CARTESIAN_POINT('Ctrl Pts',(15.3386772796512,69.0252392739058,5.5));
#9040=CARTESIAN_POINT('Ctrl Pts',(15.2363575622439,69.0252392739058,4.5));
#9041=CARTESIAN_POINT('Ctrl Pts',(15.2363575622439,69.0252392739058,5.5));
#9042=CARTESIAN_POINT('',(15.2363575622439,69.0252392739058,4.5));
#9043=CARTESIAN_POINT('',(15.5057979747653,69.0491139143705,4.5));
#9044=CARTESIAN_POINT('Ctrl Pts',(15.2363575622439,69.0252392739058,4.5));
#9045=CARTESIAN_POINT('Ctrl Pts',(15.3386772796512,69.0252392739058,4.5));
#9046=CARTESIAN_POINT('Ctrl Pts',(15.5057979747653,69.0491139143705,4.5));
#9047=CARTESIAN_POINT('',(15.2363575622439,69.0252392739058,5.5));
#9048=CARTESIAN_POINT('',(15.2363575622439,69.0252392739058,4.5));
#9049=CARTESIAN_POINT('',(15.5057979747653,69.0491139143705,5.5));
#9050=CARTESIAN_POINT('Ctrl Pts',(15.5057979747653,69.0491139143705,5.5));
#9051=CARTESIAN_POINT('Ctrl Pts',(15.3386772796512,69.0252392739058,5.5));
#9052=CARTESIAN_POINT('Ctrl Pts',(15.2363575622439,69.0252392739058,5.5));
#9053=CARTESIAN_POINT('',(15.5057979747653,69.0491139143705,4.5));
#9054=CARTESIAN_POINT('Origin',(15.5944753810763,68.5068219155073,4.5));
#9055=CARTESIAN_POINT('',(15.5944753810763,68.5068219155073,4.5));
#9056=CARTESIAN_POINT('',(15.5057979747653,69.0491139143705,4.5));
#9057=CARTESIAN_POINT('',(15.5944753810763,68.5068219155073,5.5));
#9058=CARTESIAN_POINT('',(15.5057979747653,69.0491139143705,5.5));
#9059=CARTESIAN_POINT('',(15.5944753810763,68.5068219155073,4.5));
#9060=CARTESIAN_POINT('Ctrl Pts',(15.1306272670627,68.4522520750761,4.5));
#9061=CARTESIAN_POINT('Ctrl Pts',(15.1306272670627,68.4522520750761,5.5));
#9062=CARTESIAN_POINT('Ctrl Pts',(15.3352655097842,68.4522520750761,4.5));
#9063=CARTESIAN_POINT('Ctrl Pts',(15.3352655097842,68.4522520750761,5.5));
#9064=CARTESIAN_POINT('Ctrl Pts',(15.5944753810763,68.5068219155073,4.5));
#9065=CARTESIAN_POINT('Ctrl Pts',(15.5944753810763,68.5068219155073,5.5));
#9066=CARTESIAN_POINT('',(15.1306272670627,68.4522520750761,4.5));
#9067=CARTESIAN_POINT('Ctrl Pts',(15.5944753810763,68.5068219155073,4.5));
#9068=CARTESIAN_POINT('Ctrl Pts',(15.3352655097842,68.4522520750761,4.5));
#9069=CARTESIAN_POINT('Ctrl Pts',(15.1306272670627,68.4522520750761,4.5));
#9070=CARTESIAN_POINT('',(15.1306272670627,68.4522520750761,5.5));
#9071=CARTESIAN_POINT('Ctrl Pts',(15.1306272670627,68.4522520750761,5.5));
#9072=CARTESIAN_POINT('Ctrl Pts',(15.3352655097842,68.4522520750761,5.5));
#9073=CARTESIAN_POINT('Ctrl Pts',(15.5944753810763,68.5068219155073,5.5));
#9074=CARTESIAN_POINT('',(15.1306272670627,68.4522520750761,4.5));
#9075=CARTESIAN_POINT('Ctrl Pts',(14.6122099086642,68.5579817742109,4.5));
#9076=CARTESIAN_POINT('Ctrl Pts',(14.6122099086642,68.5579817742109,5.5));
#9077=CARTESIAN_POINT('Ctrl Pts',(14.7963846847415,68.4522520750761,4.5));
#9078=CARTESIAN_POINT('Ctrl Pts',(14.7963846847415,68.4522520750761,5.5));
#9079=CARTESIAN_POINT('Ctrl Pts',(15.1306272670627,68.4522520750761,4.5));
#9080=CARTESIAN_POINT('Ctrl Pts',(15.1306272670627,68.4522520750761,5.5));
#9081=CARTESIAN_POINT('',(14.6122099086642,68.5579817742109,4.5));
#9082=CARTESIAN_POINT('Ctrl Pts',(15.1306272670627,68.4522520750761,4.5));
#9083=CARTESIAN_POINT('Ctrl Pts',(14.7963846847415,68.4522520750761,4.5));
#9084=CARTESIAN_POINT('Ctrl Pts',(14.6122099086642,68.5579817742109,4.5));
#9085=CARTESIAN_POINT('',(14.6122099086642,68.5579817742109,5.5));
#9086=CARTESIAN_POINT('Ctrl Pts',(14.6122099086642,68.5579817742109,5.5));
#9087=CARTESIAN_POINT('Ctrl Pts',(14.7963846847415,68.4522520750761,5.5));
#9088=CARTESIAN_POINT('Ctrl Pts',(15.1306272670627,68.4522520750761,5.5));
#9089=CARTESIAN_POINT('',(14.6122099086642,68.5579817742109,4.5));
#9090=CARTESIAN_POINT('Ctrl Pts',(14.353001229465,68.8359492272139,4.5));
#9091=CARTESIAN_POINT('Ctrl Pts',(14.353001229465,68.8359492272139,5.5));
#9092=CARTESIAN_POINT('Ctrl Pts',(14.428035132587,68.6637114733458,4.5));
#9093=CARTESIAN_POINT('Ctrl Pts',(14.428035132587,68.6637114733458,5.5));
#9094=CARTESIAN_POINT('Ctrl Pts',(14.6122099086642,68.5579817742109,4.5));
#9095=CARTESIAN_POINT('Ctrl Pts',(14.6122099086642,68.5579817742109,5.5));
#9096=CARTESIAN_POINT('',(14.353001229465,68.8359492272139,4.5));
#9097=CARTESIAN_POINT('Ctrl Pts',(14.6122099086642,68.5579817742109,4.5));
#9098=CARTESIAN_POINT('Ctrl Pts',(14.428035132587,68.6637114733458,4.5));
#9099=CARTESIAN_POINT('Ctrl Pts',(14.353001229465,68.8359492272139,4.5));
#9100=CARTESIAN_POINT('',(14.353001229465,68.8359492272139,5.5));
#9101=CARTESIAN_POINT('Ctrl Pts',(14.353001229465,68.8359492272139,5.5));
#9102=CARTESIAN_POINT('Ctrl Pts',(14.428035132587,68.6637114733458,5.5));
#9103=CARTESIAN_POINT('Ctrl Pts',(14.6122099086642,68.5579817742109,5.5));
#9104=CARTESIAN_POINT('',(14.353001229465,68.8359492272139,4.5));
#9105=CARTESIAN_POINT('Ctrl Pts',(14.2779673263431,69.5607101172209,4.5));
#9106=CARTESIAN_POINT('Ctrl Pts',(14.2779673263431,69.5607101172209,5.5));
#9107=CARTESIAN_POINT('Ctrl Pts',(14.2779673263431,69.0081863850355,4.5));
#9108=CARTESIAN_POINT('Ctrl Pts',(14.2779673263431,69.0081863850355,5.5));
#9109=CARTESIAN_POINT('Ctrl Pts',(14.353001229465,68.8359492272139,4.5));
#9110=CARTESIAN_POINT('Ctrl Pts',(14.353001229465,68.8359492272139,5.5));
#9111=CARTESIAN_POINT('',(14.2779673263431,69.5607101172209,4.5));
#9112=CARTESIAN_POINT('Ctrl Pts',(14.353001229465,68.8359492272139,4.5));
#9113=CARTESIAN_POINT('Ctrl Pts',(14.2779673263431,69.0081863850355,4.5));
#9114=CARTESIAN_POINT('Ctrl Pts',(14.2779673263431,69.5607101172209,4.5));
#9115=CARTESIAN_POINT('',(14.2779673263431,69.5607101172209,5.5));
#9116=CARTESIAN_POINT('Ctrl Pts',(14.2779673263431,69.5607101172209,5.5));
#9117=CARTESIAN_POINT('Ctrl Pts',(14.2779673263431,69.0081863850355,5.5));
#9118=CARTESIAN_POINT('Ctrl Pts',(14.353001229465,68.8359492272139,5.5));
#9119=CARTESIAN_POINT('',(14.2779673263431,69.5607101172209,4.5));
#9120=CARTESIAN_POINT('Origin',(14.2779673263431,71.6446118801832,4.5));
#9121=CARTESIAN_POINT('',(14.2779673263431,71.6446118801832,4.5));
#9122=CARTESIAN_POINT('',(14.2779673263431,69.5607101172209,4.5));
#9123=CARTESIAN_POINT('',(14.2779673263431,71.6446118801832,5.5));
#9124=CARTESIAN_POINT('',(14.2779673263431,69.5607101172209,5.5));
#9125=CARTESIAN_POINT('',(14.2779673263431,71.6446118801832,4.5));
#9126=CARTESIAN_POINT('Origin',(13.8277627155185,71.6446118801832,4.5));
#9127=CARTESIAN_POINT('',(13.8277627155185,71.6446118801832,4.5));
#9128=CARTESIAN_POINT('',(14.2779673263431,71.6446118801832,4.5));
#9129=CARTESIAN_POINT('',(13.8277627155185,71.6446118801832,5.5));
#9130=CARTESIAN_POINT('',(14.2779673263431,71.6446118801832,5.5));
#9131=CARTESIAN_POINT('',(13.8277627155185,71.6446118801832,4.5));
#9132=CARTESIAN_POINT('Origin',(13.8277627155185,72.1221017092466,4.5));
#9133=CARTESIAN_POINT('',(13.8277627155185,72.1221017092466,4.5));
#9134=CARTESIAN_POINT('',(13.8277627155185,71.6446118801832,4.5));
#9135=CARTESIAN_POINT('',(13.8277627155185,72.1221017092466,5.5));
#9136=CARTESIAN_POINT('',(13.8277627155185,71.6446118801832,5.5));
#9137=CARTESIAN_POINT('',(13.8277627155185,72.1221017092466,4.5));
#9138=CARTESIAN_POINT('Origin',(14.2779673263431,72.1221017092466,4.5));
#9139=CARTESIAN_POINT('',(14.2779673263431,72.1221017092466,4.5));
#9140=CARTESIAN_POINT('',(13.8277627155185,72.1221017092466,4.5));
#9141=CARTESIAN_POINT('',(14.2779673263431,72.1221017092466,5.5));
#9142=CARTESIAN_POINT('',(13.8277627155185,72.1221017092466,5.5));
#9143=CARTESIAN_POINT('',(14.2779673263431,72.1221017092466,4.5));
#9144=CARTESIAN_POINT('Origin',(14.2779673263431,73.0191003531218,4.5));
#9145=CARTESIAN_POINT('',(14.2779673263431,73.0191003531218,4.5));
#9146=CARTESIAN_POINT('',(14.2779673263431,72.1221017092466,4.5));
#9147=CARTESIAN_POINT('',(14.2779673263431,73.0191003531218,5.5));
#9148=CARTESIAN_POINT('',(14.2779673263431,72.1221017092466,5.5));
#9149=CARTESIAN_POINT('',(14.2779673263431,73.0191003531218,4.5));
#9150=CARTESIAN_POINT('Origin',(14.8884726688266,73.3874496072531,4.5));
#9151=CARTESIAN_POINT('',(14.8884726688266,73.3874496072531,4.5));
#9152=CARTESIAN_POINT('',(14.2779673263431,73.0191003531218,4.5));
#9153=CARTESIAN_POINT('',(14.8884726688266,73.3874496072531,5.5));
#9154=CARTESIAN_POINT('',(14.2779673263431,73.0191003531218,5.5));
#9155=CARTESIAN_POINT('',(14.8884726688266,73.3874496072531,4.5));
#9156=CARTESIAN_POINT('Origin',(14.8884726688266,72.1221017092466,4.5));
#9157=CARTESIAN_POINT('',(14.8884726688266,72.1221017092466,4.5));
#9158=CARTESIAN_POINT('',(14.8884726688266,73.3874496072531,4.5));
#9159=CARTESIAN_POINT('',(14.8884726688266,72.1221017092466,5.5));
#9160=CARTESIAN_POINT('',(14.8884726688266,73.3874496072531,5.5));
#9161=CARTESIAN_POINT('',(14.8884726688266,72.1221017092466,4.5));
#9162=CARTESIAN_POINT('Origin',(15.5057979747653,72.1221017092466,4.5));
#9163=CARTESIAN_POINT('',(15.5057979747653,72.1221017092466,4.5));
#9164=CARTESIAN_POINT('',(14.8884726688266,72.1221017092466,4.5));
#9165=CARTESIAN_POINT('',(15.5057979747653,72.1221017092466,5.5));
#9166=CARTESIAN_POINT('',(14.8884726688266,72.1221017092466,5.5));
#9167=CARTESIAN_POINT('',(15.5057979747653,72.1221017092466,4.5));
#9168=CARTESIAN_POINT('Origin',(15.5057979747653,71.6446118801832,4.5));
#9169=CARTESIAN_POINT('',(15.5057979747653,71.6446118801832,4.5));
#9170=CARTESIAN_POINT('',(15.5057979747653,72.1221017092466,4.5));
#9171=CARTESIAN_POINT('',(15.5057979747653,71.6446118801832,5.5));
#9172=CARTESIAN_POINT('',(15.5057979747653,72.1221017092466,5.5));
#9173=CARTESIAN_POINT('',(15.5057979747653,71.6446118801832,4.5));
#9174=CARTESIAN_POINT('Origin',(14.8884726688266,71.6446118801832,4.5));
#9175=CARTESIAN_POINT('',(14.8884726688266,71.6446118801832,4.5));
#9176=CARTESIAN_POINT('',(15.5057979747653,71.6446118801832,4.5));
#9177=CARTESIAN_POINT('',(14.8884726688266,71.6446118801832,5.5));
#9178=CARTESIAN_POINT('',(15.5057979747653,71.6446118801832,5.5));
#9179=CARTESIAN_POINT('',(14.8884726688266,71.6446118801832,4.5));
#9180=CARTESIAN_POINT('Origin',(14.8884726688266,69.526603743434,4.5));
#9181=CARTESIAN_POINT('',(14.8884726688266,69.526603743434,4.5));
#9182=CARTESIAN_POINT('',(14.8884726688266,71.6446118801832,4.5));
#9183=CARTESIAN_POINT('',(14.8884726688266,69.526603743434,5.5));
#9184=CARTESIAN_POINT('',(14.8884726688266,71.6446118801832,5.5));
#9185=CARTESIAN_POINT('',(14.8884726688266,69.526603743434,4.5));
#9186=CARTESIAN_POINT('Ctrl Pts',(14.9208737537265,69.1889505833387,4.5));
#9187=CARTESIAN_POINT('Ctrl Pts',(14.9208737537265,69.1889505833387,5.5));
#9188=CARTESIAN_POINT('Ctrl Pts',(14.8884726688266,69.2639844864607,4.5));
#9189=CARTESIAN_POINT('Ctrl Pts',(14.8884726688266,69.2639844864607,5.5));
#9190=CARTESIAN_POINT('Ctrl Pts',(14.8884726688266,69.526603743434,4.5));
#9191=CARTESIAN_POINT('Ctrl Pts',(14.8884726688266,69.526603743434,5.5));
#9192=CARTESIAN_POINT('',(14.9208737537265,69.1889505833387,4.5));
#9193=CARTESIAN_POINT('Ctrl Pts',(14.8884726688266,69.526603743434,4.5));
#9194=CARTESIAN_POINT('Ctrl Pts',(14.8884726688266,69.2639844864607,4.5));
#9195=CARTESIAN_POINT('Ctrl Pts',(14.9208737537265,69.1889505833387,4.5));
#9196=CARTESIAN_POINT('',(14.9208737537265,69.1889505833387,5.5));
#9197=CARTESIAN_POINT('Ctrl Pts',(14.9208737537265,69.1889505833387,5.5));
#9198=CARTESIAN_POINT('Ctrl Pts',(14.8884726688266,69.2639844864607,5.5));
#9199=CARTESIAN_POINT('Ctrl Pts',(14.8884726688266,69.526603743434,5.5));
#9200=CARTESIAN_POINT('',(14.9208737537265,69.1889505833387,4.5));
#9201=CARTESIAN_POINT('Ctrl Pts',(15.0266028568149,69.0695779770613,4.5));
#9202=CARTESIAN_POINT('Ctrl Pts',(15.0266028568149,69.0695779770613,5.5));
#9203=CARTESIAN_POINT('Ctrl Pts',(14.9532748386264,69.1139160841703,4.5));
#9204=CARTESIAN_POINT('Ctrl Pts',(14.9532748386264,69.1139160841703,5.5));
#9205=CARTESIAN_POINT('Ctrl Pts',(14.9208737537265,69.1889505833387,4.5));
#9206=CARTESIAN_POINT('Ctrl Pts',(14.9208737537265,69.1889505833387,5.5));
#9207=CARTESIAN_POINT('',(15.0266028568149,69.0695779770613,4.5));
#9208=CARTESIAN_POINT('Ctrl Pts',(14.9208737537265,69.1889505833387,4.5));
#9209=CARTESIAN_POINT('Ctrl Pts',(14.9532748386264,69.1139160841703,4.5));
#9210=CARTESIAN_POINT('Ctrl Pts',(15.0266028568149,69.0695779770613,4.5));
#9211=CARTESIAN_POINT('',(15.0266028568149,69.0695779770613,5.5));
#9212=CARTESIAN_POINT('Ctrl Pts',(15.0266028568149,69.0695779770613,5.5));
#9213=CARTESIAN_POINT('Ctrl Pts',(14.9532748386264,69.1139160841703,5.5));
#9214=CARTESIAN_POINT('Ctrl Pts',(14.9208737537265,69.1889505833387,5.5));
#9215=CARTESIAN_POINT('',(15.0266028568149,69.0695779770613,4.5));
#9216=CARTESIAN_POINT('Ctrl Pts',(15.2363575622439,69.0252392739058,4.5));
#9217=CARTESIAN_POINT('Ctrl Pts',(15.2363575622439,69.0252392739058,5.5));
#9218=CARTESIAN_POINT('Ctrl Pts',(15.0999320670962,69.0252392739058,4.5));
#9219=CARTESIAN_POINT('Ctrl Pts',(15.0999320670962,69.0252392739058,5.5));
#9220=CARTESIAN_POINT('Ctrl Pts',(15.0266028568149,69.0695779770613,4.5));
#9221=CARTESIAN_POINT('Ctrl Pts',(15.0266028568149,69.0695779770613,5.5));
#9222=CARTESIAN_POINT('Ctrl Pts',(15.0266028568149,69.0695779770613,4.5));
#9223=CARTESIAN_POINT('Ctrl Pts',(15.0999320670962,69.0252392739058,4.5));
#9224=CARTESIAN_POINT('Ctrl Pts',(15.2363575622439,69.0252392739058,4.5));
#9225=CARTESIAN_POINT('Ctrl Pts',(15.2363575622439,69.0252392739058,5.5));
#9226=CARTESIAN_POINT('Ctrl Pts',(15.0999320670962,69.0252392739058,5.5));
#9227=CARTESIAN_POINT('Ctrl Pts',(15.0266028568149,69.0695779770613,5.5));
#9228=CARTESIAN_POINT('Origin',(14.7111190482974,70.9198508411646,5.5));
#9229=CARTESIAN_POINT('Origin',(14.7111190482974,70.9198508411646,4.5));
#9230=CARTESIAN_POINT('Ctrl Pts',(8.01602970808744,69.2571633309126,4.5));
#9231=CARTESIAN_POINT('Ctrl Pts',(8.01602970808744,69.2571633309126,5.5));
#9232=CARTESIAN_POINT('Ctrl Pts',(7.73294638842344,69.5914059132338,4.5));
#9233=CARTESIAN_POINT('Ctrl Pts',(7.73294638842344,69.5914059132338,5.5));
#9234=CARTESIAN_POINT('Ctrl Pts',(7.73294638842344,70.2905874699354,4.5));
#9235=CARTESIAN_POINT('Ctrl Pts',(7.73294638842344,70.2905874699354,5.5));
#9236=CARTESIAN_POINT('',(8.01602970808744,69.2571633309126,4.5));
#9237=CARTESIAN_POINT('',(7.73294638842344,70.2905874699354,4.5));
#9238=CARTESIAN_POINT('Ctrl Pts',(8.01602970808744,69.2571633309126,4.5));
#9239=CARTESIAN_POINT('Ctrl Pts',(7.73294638842344,69.5914059132338,4.5));
#9240=CARTESIAN_POINT('Ctrl Pts',(7.73294638842344,70.2905874699354,4.5));
#9241=CARTESIAN_POINT('',(7.73294638842344,70.2905874699354,5.5));
#9242=CARTESIAN_POINT('',(7.73294638842344,70.2905874699354,4.5));
#9243=CARTESIAN_POINT('',(8.01602970808744,69.2571633309126,5.5));
#9244=CARTESIAN_POINT('Ctrl Pts',(8.01602970808744,69.2571633309126,5.5));
#9245=CARTESIAN_POINT('Ctrl Pts',(7.73294638842344,69.5914059132338,5.5));
#9246=CARTESIAN_POINT('Ctrl Pts',(7.73294638842344,70.2905874699354,5.5));
#9247=CARTESIAN_POINT('',(8.01602970808744,69.2571633309126,4.5));
#9248=CARTESIAN_POINT('Ctrl Pts',(8.70156895369291,68.922920152545,4.5));
#9249=CARTESIAN_POINT('Ctrl Pts',(8.70156895369291,68.922920152545,5.5));
#9250=CARTESIAN_POINT('Ctrl Pts',(8.29911302775145,68.922920152545,4.5));
#9251=CARTESIAN_POINT('Ctrl Pts',(8.29911302775145,68.922920152545,5.5));
#9252=CARTESIAN_POINT('Ctrl Pts',(8.01602970808744,69.2571633309126,4.5));
#9253=CARTESIAN_POINT('Ctrl Pts',(8.01602970808744,69.2571633309126,5.5));
#9254=CARTESIAN_POINT('',(8.70156895369291,68.922920152545,4.5));
#9255=CARTESIAN_POINT('Ctrl Pts',(8.70156895369291,68.922920152545,4.5));
#9256=CARTESIAN_POINT('Ctrl Pts',(8.29911302775145,68.922920152545,4.5));
#9257=CARTESIAN_POINT('Ctrl Pts',(8.01602970808744,69.2571633309126,4.5));
#9258=CARTESIAN_POINT('',(8.70156895369291,68.922920152545,5.5));
#9259=CARTESIAN_POINT('Ctrl Pts',(8.70156895369291,68.922920152545,5.5));
#9260=CARTESIAN_POINT('Ctrl Pts',(8.29911302775145,68.922920152545,5.5));
#9261=CARTESIAN_POINT('Ctrl Pts',(8.01602970808744,69.2571633309126,5.5));
#9262=CARTESIAN_POINT('',(8.70156895369291,68.922920152545,4.5));
#9263=CARTESIAN_POINT('Ctrl Pts',(9.40245520323515,69.2691003531218,4.5));
#9264=CARTESIAN_POINT('Ctrl Pts',(9.40245520323515,69.2691003531218,5.5));
#9265=CARTESIAN_POINT('Ctrl Pts',(9.11084543913603,68.922920152545,4.5));
#9266=CARTESIAN_POINT('Ctrl Pts',(9.11084543913603,68.922920152545,5.5));
#9267=CARTESIAN_POINT('Ctrl Pts',(8.70156895369291,68.922920152545,4.5));
#9268=CARTESIAN_POINT('Ctrl Pts',(8.70156895369291,68.922920152545,5.5));
#9269=CARTESIAN_POINT('',(9.40245520323515,69.2691003531218,4.5));
#9270=CARTESIAN_POINT('Ctrl Pts',(9.40245520323515,69.2691003531218,4.5));
#9271=CARTESIAN_POINT('Ctrl Pts',(9.11084543913603,68.922920152545,4.5));
#9272=CARTESIAN_POINT('Ctrl Pts',(8.70156895369291,68.922920152545,4.5));
#9273=CARTESIAN_POINT('',(9.40245520323515,69.2691003531218,5.5));
#9274=CARTESIAN_POINT('Ctrl Pts',(9.40245520323515,69.2691003531218,5.5));
#9275=CARTESIAN_POINT('Ctrl Pts',(9.11084543913603,68.922920152545,5.5));
#9276=CARTESIAN_POINT('Ctrl Pts',(8.70156895369291,68.922920152545,5.5));
#9277=CARTESIAN_POINT('',(9.40245520323515,69.2691003531218,4.5));
#9278=CARTESIAN_POINT('Ctrl Pts',(9.69406496733427,70.341747328639,4.5));
#9279=CARTESIAN_POINT('Ctrl Pts',(9.69406496733427,70.341747328639,5.5));
#9280=CARTESIAN_POINT('Ctrl Pts',(9.69406496733427,69.6152805536985,4.5));
#9281=CARTESIAN_POINT('Ctrl Pts',(9.69406496733427,69.6152805536985,5.5));
#9282=CARTESIAN_POINT('Ctrl Pts',(9.40245520323515,69.2691003531218,4.5));
#9283=CARTESIAN_POINT('Ctrl Pts',(9.40245520323515,69.2691003531218,5.5));
#9284=CARTESIAN_POINT('',(9.69406496733427,70.341747328639,4.5));
#9285=CARTESIAN_POINT('Ctrl Pts',(9.69406496733427,70.341747328639,4.5));
#9286=CARTESIAN_POINT('Ctrl Pts',(9.69406496733427,69.6152805536985,4.5));
#9287=CARTESIAN_POINT('Ctrl Pts',(9.40245520323515,69.2691003531218,4.5));
#9288=CARTESIAN_POINT('',(9.69406496733427,70.341747328639,5.5));
#9289=CARTESIAN_POINT('Ctrl Pts',(9.69406496733427,70.341747328639,5.5));
#9290=CARTESIAN_POINT('Ctrl Pts',(9.69406496733427,69.6152805536985,5.5));
#9291=CARTESIAN_POINT('Ctrl Pts',(9.40245520323515,69.2691003531218,5.5));
#9292=CARTESIAN_POINT('',(9.69406496733427,70.341747328639,4.5));
#9293=CARTESIAN_POINT('Ctrl Pts',(9.40927695482969,71.3785820454359,4.5));
#9294=CARTESIAN_POINT('Ctrl Pts',(9.40927695482969,71.3785820454359,5.5));
#9295=CARTESIAN_POINT('Ctrl Pts',(9.69406496733427,71.0341071337461,4.5));
#9296=CARTESIAN_POINT('Ctrl Pts',(9.69406496733427,71.0341071337461,5.5));
#9297=CARTESIAN_POINT('Ctrl Pts',(9.69406496733427,70.341747328639,4.5));
#9298=CARTESIAN_POINT('Ctrl Pts',(9.69406496733427,70.341747328639,5.5));
#9299=CARTESIAN_POINT('',(9.40927695482969,71.3785820454359,4.5));
#9300=CARTESIAN_POINT('Ctrl Pts',(9.40927695482969,71.3785820454359,4.5));
#9301=CARTESIAN_POINT('Ctrl Pts',(9.69406496733427,71.0341071337461,4.5));
#9302=CARTESIAN_POINT('Ctrl Pts',(9.69406496733427,70.341747328639,4.5));
#9303=CARTESIAN_POINT('',(9.40927695482969,71.3785820454359,5.5));
#9304=CARTESIAN_POINT('Ctrl Pts',(9.40927695482969,71.3785820454359,5.5));
#9305=CARTESIAN_POINT('Ctrl Pts',(9.69406496733427,71.0341071337461,5.5));
#9306=CARTESIAN_POINT('Ctrl Pts',(9.69406496733427,70.341747328639,5.5));
#9307=CARTESIAN_POINT('',(9.40927695482969,71.3785820454359,4.5));
#9308=CARTESIAN_POINT('Ctrl Pts',(8.7288535758853,71.7230569571257,4.5));
#9309=CARTESIAN_POINT('Ctrl Pts',(8.7288535758853,71.7230569571257,5.5));
#9310=CARTESIAN_POINT('Ctrl Pts',(9.12448834627867,71.7230569571257,4.5));
#9311=CARTESIAN_POINT('Ctrl Pts',(9.12448834627867,71.7230569571257,5.5));
#9312=CARTESIAN_POINT('Ctrl Pts',(9.40927695482969,71.3785820454359,4.5));
#9313=CARTESIAN_POINT('Ctrl Pts',(9.40927695482969,71.3785820454359,5.5));
#9314=CARTESIAN_POINT('',(8.7288535758853,71.7230569571257,4.5));
#9315=CARTESIAN_POINT('Ctrl Pts',(8.7288535758853,71.7230569571257,4.5));
#9316=CARTESIAN_POINT('Ctrl Pts',(9.12448834627867,71.7230569571257,4.5));
#9317=CARTESIAN_POINT('Ctrl Pts',(9.40927695482969,71.3785820454359,4.5));
#9318=CARTESIAN_POINT('',(8.7288535758853,71.7230569571257,5.5));
#9319=CARTESIAN_POINT('Ctrl Pts',(8.7288535758853,71.7230569571257,5.5));
#9320=CARTESIAN_POINT('Ctrl Pts',(9.12448834627867,71.7230569571257,5.5));
#9321=CARTESIAN_POINT('Ctrl Pts',(9.40927695482969,71.3785820454359,5.5));
#9322=CARTESIAN_POINT('',(8.7288535758853,71.7230569571257,4.5));
#9323=CARTESIAN_POINT('Ctrl Pts',(8.03478848189116,71.3564126938581,4.5));
#9324=CARTESIAN_POINT('Ctrl Pts',(8.03478848189116,71.3564126938581,5.5));
#9325=CARTESIAN_POINT('Ctrl Pts',(8.33662997931242,71.7230569571257,4.5));
#9326=CARTESIAN_POINT('Ctrl Pts',(8.33662997931242,71.7230569571257,5.5));
#9327=CARTESIAN_POINT('Ctrl Pts',(8.7288535758853,71.7230569571257,4.5));
#9328=CARTESIAN_POINT('Ctrl Pts',(8.7288535758853,71.7230569571257,5.5));
#9329=CARTESIAN_POINT('',(8.03478848189116,71.3564126938581,4.5));
#9330=CARTESIAN_POINT('Ctrl Pts',(8.03478848189116,71.3564126938581,4.5));
#9331=CARTESIAN_POINT('Ctrl Pts',(8.33662997931242,71.7230569571257,4.5));
#9332=CARTESIAN_POINT('Ctrl Pts',(8.7288535758853,71.7230569571257,4.5));
#9333=CARTESIAN_POINT('',(8.03478848189116,71.3564126938581,5.5));
#9334=CARTESIAN_POINT('Ctrl Pts',(8.03478848189116,71.3564126938581,5.5));
#9335=CARTESIAN_POINT('Ctrl Pts',(8.33662997931242,71.7230569571257,5.5));
#9336=CARTESIAN_POINT('Ctrl Pts',(8.7288535758853,71.7230569571257,5.5));
#9337=CARTESIAN_POINT('',(8.03478848189116,71.3564126938581,4.5));
#9338=CARTESIAN_POINT('Ctrl Pts',(7.73294638842344,70.2905874699354,4.5));
#9339=CARTESIAN_POINT('Ctrl Pts',(7.73294638842344,70.2905874699354,5.5));
#9340=CARTESIAN_POINT('Ctrl Pts',(7.73294638842344,70.9897690266371,4.5));
#9341=CARTESIAN_POINT('Ctrl Pts',(7.73294638842344,70.9897690266371,5.5));
#9342=CARTESIAN_POINT('Ctrl Pts',(8.03478848189116,71.3564126938581,4.5));
#9343=CARTESIAN_POINT('Ctrl Pts',(8.03478848189116,71.3564126938581,5.5));
#9344=CARTESIAN_POINT('Ctrl Pts',(7.73294638842344,70.2905874699354,4.5));
#9345=CARTESIAN_POINT('Ctrl Pts',(7.73294638842344,70.9897690266371,4.5));
#9346=CARTESIAN_POINT('Ctrl Pts',(8.03478848189116,71.3564126938581,4.5));
#9347=CARTESIAN_POINT('Ctrl Pts',(7.73294638842344,70.2905874699354,5.5));
#9348=CARTESIAN_POINT('Ctrl Pts',(7.73294638842344,70.9897690266371,5.5));
#9349=CARTESIAN_POINT('Ctrl Pts',(8.03478848189116,71.3564126938581,5.5));
#9350=CARTESIAN_POINT('Origin',(7.17701207846403,67.1118699759245,4.5));
#9351=CARTESIAN_POINT('',(7.79092740267515,67.1118699759245,4.5));
#9352=CARTESIAN_POINT('',(7.17701207846403,67.1118699759245,4.5));
#9353=CARTESIAN_POINT('',(7.79092740267515,67.1118699759245,4.5));
#9354=CARTESIAN_POINT('',(7.79092740267515,67.1118699759245,5.5));
#9355=CARTESIAN_POINT('',(7.79092740267515,67.1118699759245,4.5));
#9356=CARTESIAN_POINT('',(7.17701207846403,67.1118699759245,5.5));
#9357=CARTESIAN_POINT('',(7.79092740267515,67.1118699759245,5.5));
#9358=CARTESIAN_POINT('',(7.17701207846403,67.1118699759245,4.5));
#9359=CARTESIAN_POINT('Origin',(7.17701207846403,72.1221017092466,4.5));
#9360=CARTESIAN_POINT('',(7.17701207846403,72.1221017092466,4.5));
#9361=CARTESIAN_POINT('',(7.17701207846403,67.1118699759245,4.5));
#9362=CARTESIAN_POINT('',(7.17701207846403,72.1221017092466,5.5));
#9363=CARTESIAN_POINT('',(7.17701207846403,67.1118699759245,5.5));
#9364=CARTESIAN_POINT('',(7.17701207846403,72.1221017092466,4.5));
#9365=CARTESIAN_POINT('Origin',(7.73635696619749,72.1221017092466,4.5));
#9366=CARTESIAN_POINT('',(7.73635696619749,72.1221017092466,4.5));
#9367=CARTESIAN_POINT('',(7.17701207846403,72.1221017092466,4.5));
#9368=CARTESIAN_POINT('',(7.73635696619749,72.1221017092466,5.5));
#9369=CARTESIAN_POINT('',(7.17701207846403,72.1221017092466,5.5));
#9370=CARTESIAN_POINT('',(7.73635696619749,72.1221017092466,4.5));
#9371=CARTESIAN_POINT('Origin',(7.73635696619749,71.6514330357313,4.5));
#9372=CARTESIAN_POINT('',(7.73635696619749,71.6514330357313,4.5));
#9373=CARTESIAN_POINT('',(7.73635696619749,72.1221017092466,4.5));
#9374=CARTESIAN_POINT('',(7.73635696619749,71.6514330357313,5.5));
#9375=CARTESIAN_POINT('',(7.73635696619749,72.1221017092466,5.5));
#9376=CARTESIAN_POINT('',(7.73635696619749,71.6514330357313,4.5));
#9377=CARTESIAN_POINT('Ctrl Pts',(8.18315099924803,72.065825983882,4.5));
#9378=CARTESIAN_POINT('Ctrl Pts',(8.18315099924803,72.065825983882,5.5));
#9379=CARTESIAN_POINT('Ctrl Pts',(7.9341746494174,71.9276951998472,4.5));
#9380=CARTESIAN_POINT('Ctrl Pts',(7.9341746494174,71.9276951998472,5.5));
#9381=CARTESIAN_POINT('Ctrl Pts',(7.73635696619749,71.6514330357313,4.5));
#9382=CARTESIAN_POINT('Ctrl Pts',(7.73635696619749,71.6514330357313,5.5));
#9383=CARTESIAN_POINT('',(8.18315099924803,72.065825983882,4.5));
#9384=CARTESIAN_POINT('Ctrl Pts',(7.73635696619749,71.6514330357313,4.5));
#9385=CARTESIAN_POINT('Ctrl Pts',(7.9341746494174,71.9276951998472,4.5));
#9386=CARTESIAN_POINT('Ctrl Pts',(8.18315099924803,72.065825983882,4.5));
#9387=CARTESIAN_POINT('',(8.18315099924803,72.065825983882,5.5));
#9388=CARTESIAN_POINT('Ctrl Pts',(8.18315099924803,72.065825983882,5.5));
#9389=CARTESIAN_POINT('Ctrl Pts',(7.9341746494174,71.9276951998472,5.5));
#9390=CARTESIAN_POINT('Ctrl Pts',(7.73635696619749,71.6514330357313,5.5));
#9391=CARTESIAN_POINT('',(8.18315099924803,72.065825983882,4.5));
#9392=CARTESIAN_POINT('Ctrl Pts',(8.786834590137,72.2039573639631,4.5));
#9393=CARTESIAN_POINT('Ctrl Pts',(8.786834590137,72.2039573639631,5.5));
#9394=CARTESIAN_POINT('Ctrl Pts',(8.4321279451251,72.2039573639631,4.5));
#9395=CARTESIAN_POINT('Ctrl Pts',(8.4321279451251,72.2039573639631,5.5));
#9396=CARTESIAN_POINT('Ctrl Pts',(8.18315099924803,72.065825983882,4.5));
#9397=CARTESIAN_POINT('Ctrl Pts',(8.18315099924803,72.065825983882,5.5));
#9398=CARTESIAN_POINT('',(8.786834590137,72.2039573639631,4.5));
#9399=CARTESIAN_POINT('Ctrl Pts',(8.18315099924803,72.065825983882,4.5));
#9400=CARTESIAN_POINT('Ctrl Pts',(8.4321279451251,72.2039573639631,4.5));
#9401=CARTESIAN_POINT('Ctrl Pts',(8.786834590137,72.2039573639631,4.5));
#9402=CARTESIAN_POINT('',(8.786834590137,72.2039573639631,5.5));
#9403=CARTESIAN_POINT('Ctrl Pts',(8.786834590137,72.2039573639631,5.5));
#9404=CARTESIAN_POINT('Ctrl Pts',(8.4321279451251,72.2039573639631,5.5));
#9405=CARTESIAN_POINT('Ctrl Pts',(8.18315099924803,72.065825983882,5.5));
#9406=CARTESIAN_POINT('',(8.786834590137,72.2039573639631,4.5));
#9407=CARTESIAN_POINT('Ctrl Pts',(9.60538875311613,71.9652121514082,4.5));
#9408=CARTESIAN_POINT('Ctrl Pts',(9.60538875311613,71.9652121514082,5.5));
#9409=CARTESIAN_POINT('Ctrl Pts',(9.25068210810423,72.2039573639631,4.5));
#9410=CARTESIAN_POINT('Ctrl Pts',(9.25068210810423,72.2039573639631,5.5));
#9411=CARTESIAN_POINT('Ctrl Pts',(8.786834590137,72.2039573639631,4.5));
#9412=CARTESIAN_POINT('Ctrl Pts',(8.786834590137,72.2039573639631,5.5));
#9413=CARTESIAN_POINT('',(9.60538875311613,71.9652121514082,4.5));
#9414=CARTESIAN_POINT('Ctrl Pts',(8.786834590137,72.2039573639631,4.5));
#9415=CARTESIAN_POINT('Ctrl Pts',(9.25068210810423,72.2039573639631,4.5));
#9416=CARTESIAN_POINT('Ctrl Pts',(9.60538875311613,71.9652121514082,4.5));
#9417=CARTESIAN_POINT('',(9.60538875311613,71.9652121514082,5.5));
#9418=CARTESIAN_POINT('Ctrl Pts',(9.60538875311613,71.9652121514082,5.5));
#9419=CARTESIAN_POINT('Ctrl Pts',(9.25068210810423,72.2039573639631,5.5));
#9420=CARTESIAN_POINT('Ctrl Pts',(8.786834590137,72.2039573639631,5.5));
#9421=CARTESIAN_POINT('',(9.60538875311613,71.9652121514082,4.5));
#9422=CARTESIAN_POINT('Ctrl Pts',(10.1408590003848,71.2916105240583,4.5));
#9423=CARTESIAN_POINT('Ctrl Pts',(10.1408590003848,71.2916105240583,5.5));
#9424=CARTESIAN_POINT('Ctrl Pts',(9.96009480208158,71.7264675348997,4.5));
#9425=CARTESIAN_POINT('Ctrl Pts',(9.96009480208158,71.7264675348997,5.5));
#9426=CARTESIAN_POINT('Ctrl Pts',(9.60538875311613,71.9652121514082,4.5));
#9427=CARTESIAN_POINT('Ctrl Pts',(9.60538875311613,71.9652121514082,5.5));
#9428=CARTESIAN_POINT('',(10.1408590003848,71.2916105240583,4.5));
#9429=CARTESIAN_POINT('Ctrl Pts',(9.60538875311613,71.9652121514082,4.5));
#9430=CARTESIAN_POINT('Ctrl Pts',(9.96009480208158,71.7264675348997,4.5));
#9431=CARTESIAN_POINT('Ctrl Pts',(10.1408590003848,71.2916105240583,4.5));
#9432=CARTESIAN_POINT('',(10.1408590003848,71.2916105240583,5.5));
#9433=CARTESIAN_POINT('Ctrl Pts',(10.1408590003848,71.2916105240583,5.5));
#9434=CARTESIAN_POINT('Ctrl Pts',(9.96009480208158,71.7264675348997,5.5));
#9435=CARTESIAN_POINT('Ctrl Pts',(9.60538875311613,71.9652121514082,5.5));
#9436=CARTESIAN_POINT('',(10.1408590003848,71.2916105240583,4.5));
#9437=CARTESIAN_POINT('Ctrl Pts',(10.321623198688,70.3383361548185,4.5));
#9438=CARTESIAN_POINT('Ctrl Pts',(10.321623198688,70.3383361548185,5.5));
#9439=CARTESIAN_POINT('Ctrl Pts',(10.321623198688,70.8567541092634,4.5));
#9440=CARTESIAN_POINT('Ctrl Pts',(10.321623198688,70.8567541092634,5.5));
#9441=CARTESIAN_POINT('Ctrl Pts',(10.1408590003848,71.2916105240583,4.5));
#9442=CARTESIAN_POINT('Ctrl Pts',(10.1408590003848,71.2916105240583,5.5));
#9443=CARTESIAN_POINT('',(10.321623198688,70.3383361548185,4.5));
#9444=CARTESIAN_POINT('Ctrl Pts',(10.1408590003848,71.2916105240583,4.5));
#9445=CARTESIAN_POINT('Ctrl Pts',(10.321623198688,70.8567541092634,4.5));
#9446=CARTESIAN_POINT('Ctrl Pts',(10.321623198688,70.3383361548185,4.5));
#9447=CARTESIAN_POINT('',(10.321623198688,70.3383361548185,5.5));
#9448=CARTESIAN_POINT('Ctrl Pts',(10.321623198688,70.3383361548185,5.5));
#9449=CARTESIAN_POINT('Ctrl Pts',(10.321623198688,70.8567541092634,5.5));
#9450=CARTESIAN_POINT('Ctrl Pts',(10.1408590003848,71.2916105240583,5.5));
#9451=CARTESIAN_POINT('',(10.321623198688,70.3383361548185,4.5));
#9452=CARTESIAN_POINT('Ctrl Pts',(10.1221002265811,69.3373131006956,4.5));
#9453=CARTESIAN_POINT('Ctrl Pts',(10.1221002265811,69.3373131006956,5.5));
#9454=CARTESIAN_POINT('Ctrl Pts',(10.321623198688,69.7824018448591,4.5));
#9455=CARTESIAN_POINT('Ctrl Pts',(10.321623198688,69.7824018448591,5.5));
#9456=CARTESIAN_POINT('Ctrl Pts',(10.321623198688,70.3383361548185,4.5));
#9457=CARTESIAN_POINT('Ctrl Pts',(10.321623198688,70.3383361548185,5.5));
#9458=CARTESIAN_POINT('',(10.1221002265811,69.3373131006956,4.5));
#9459=CARTESIAN_POINT('Ctrl Pts',(10.321623198688,70.3383361548185,4.5));
#9460=CARTESIAN_POINT('Ctrl Pts',(10.321623198688,69.7824018448591,4.5));
#9461=CARTESIAN_POINT('Ctrl Pts',(10.1221002265811,69.3373131006956,4.5));
#9462=CARTESIAN_POINT('',(10.1221002265811,69.3373131006956,5.5));
#9463=CARTESIAN_POINT('Ctrl Pts',(10.1221002265811,69.3373131006956,5.5));
#9464=CARTESIAN_POINT('Ctrl Pts',(10.321623198688,69.7824018448591,5.5));
#9465=CARTESIAN_POINT('Ctrl Pts',(10.321623198688,70.3383361548185,5.5));
#9466=CARTESIAN_POINT('',(10.1221002265811,69.3373131006956,4.5));
#9467=CARTESIAN_POINT('Ctrl Pts',(9.54229187220335,68.6551850289106,4.5));
#9468=CARTESIAN_POINT('Ctrl Pts',(9.54229187220335,68.6551850289106,5.5));
#9469=CARTESIAN_POINT('Ctrl Pts',(9.92257844656706,68.8922243565321,4.5));
#9470=CARTESIAN_POINT('Ctrl Pts',(9.92257844656706,68.8922243565321,5.5));
#9471=CARTESIAN_POINT('Ctrl Pts',(10.1221002265811,69.3373131006956,4.5));
#9472=CARTESIAN_POINT('Ctrl Pts',(10.1221002265811,69.3373131006956,5.5));
#9473=CARTESIAN_POINT('',(9.54229187220335,68.6551850289106,4.5));
#9474=CARTESIAN_POINT('Ctrl Pts',(10.1221002265811,69.3373131006956,4.5));
#9475=CARTESIAN_POINT('Ctrl Pts',(9.92257844656706,68.8922243565321,4.5));
#9476=CARTESIAN_POINT('Ctrl Pts',(9.54229187220335,68.6551850289106,4.5));
#9477=CARTESIAN_POINT('',(9.54229187220335,68.6551850289106,5.5));
#9478=CARTESIAN_POINT('Ctrl Pts',(9.54229187220335,68.6551850289106,5.5));
#9479=CARTESIAN_POINT('Ctrl Pts',(9.92257844656706,68.8922243565321,5.5));
#9480=CARTESIAN_POINT('Ctrl Pts',(10.1221002265811,69.3373131006956,5.5));
#9481=CARTESIAN_POINT('',(9.54229187220335,68.6551850289106,4.5));
#9482=CARTESIAN_POINT('Ctrl Pts',(8.74249648302794,68.4181457012892,4.5));
#9483=CARTESIAN_POINT('Ctrl Pts',(8.74249648302794,68.4181457012892,5.5));
#9484=CARTESIAN_POINT('Ctrl Pts',(9.16200529783964,68.4181457012892,4.5));
#9485=CARTESIAN_POINT('Ctrl Pts',(9.16200529783964,68.4181457012892,5.5));
#9486=CARTESIAN_POINT('Ctrl Pts',(9.54229187220335,68.6551850289106,4.5));
#9487=CARTESIAN_POINT('Ctrl Pts',(9.54229187220335,68.6551850289106,5.5));
#9488=CARTESIAN_POINT('',(8.74249648302794,68.4181457012892,4.5));
#9489=CARTESIAN_POINT('Ctrl Pts',(9.54229187220335,68.6551850289106,4.5));
#9490=CARTESIAN_POINT('Ctrl Pts',(9.16200529783964,68.4181457012892,4.5));
#9491=CARTESIAN_POINT('Ctrl Pts',(8.74249648302794,68.4181457012892,4.5));
#9492=CARTESIAN_POINT('',(8.74249648302794,68.4181457012892,5.5));
#9493=CARTESIAN_POINT('Ctrl Pts',(8.74249648302794,68.4181457012892,5.5));
#9494=CARTESIAN_POINT('Ctrl Pts',(9.16200529783964,68.4181457012892,5.5));
#9495=CARTESIAN_POINT('Ctrl Pts',(9.54229187220335,68.6551850289106,5.5));
#9496=CARTESIAN_POINT('',(8.74249648302794,68.4181457012892,4.5));
#9497=CARTESIAN_POINT('Ctrl Pts',(8.1916780397296,68.5477500408888,4.5));
#9498=CARTESIAN_POINT('Ctrl Pts',(8.1916780397296,68.5477500408888,5.5));
#9499=CARTESIAN_POINT('Ctrl Pts',(8.43553852289915,68.4181457012892,4.5));
#9500=CARTESIAN_POINT('Ctrl Pts',(8.43553852289915,68.4181457012892,5.5));
#9501=CARTESIAN_POINT('Ctrl Pts',(8.74249648302794,68.4181457012892,4.5));
#9502=CARTESIAN_POINT('Ctrl Pts',(8.74249648302794,68.4181457012892,5.5));
#9503=CARTESIAN_POINT('',(8.1916780397296,68.5477500408888,4.5));
#9504=CARTESIAN_POINT('Ctrl Pts',(8.74249648302794,68.4181457012892,4.5));
#9505=CARTESIAN_POINT('Ctrl Pts',(8.43553852289915,68.4181457012892,4.5));
#9506=CARTESIAN_POINT('Ctrl Pts',(8.1916780397296,68.5477500408888,4.5));
#9507=CARTESIAN_POINT('',(8.1916780397296,68.5477500408888,5.5));
#9508=CARTESIAN_POINT('Ctrl Pts',(8.1916780397296,68.5477500408888,5.5));
#9509=CARTESIAN_POINT('Ctrl Pts',(8.43553852289915,68.4181457012892,5.5));
#9510=CARTESIAN_POINT('Ctrl Pts',(8.74249648302794,68.4181457012892,5.5));
#9511=CARTESIAN_POINT('',(8.1916780397296,68.5477500408888,4.5));
#9512=CARTESIAN_POINT('Ctrl Pts',(7.79092740267515,68.8751714676619,4.5));
#9513=CARTESIAN_POINT('Ctrl Pts',(7.79092740267515,68.8751714676619,5.5));
#9514=CARTESIAN_POINT('Ctrl Pts',(7.94781696051359,68.6773543804884,4.5));
#9515=CARTESIAN_POINT('Ctrl Pts',(7.94781696051359,68.6773543804884,5.5));
#9516=CARTESIAN_POINT('Ctrl Pts',(8.1916780397296,68.5477500408888,4.5));
#9517=CARTESIAN_POINT('Ctrl Pts',(8.1916780397296,68.5477500408888,5.5));
#9518=CARTESIAN_POINT('',(7.79092740267515,68.8751714676618,4.5));
#9519=CARTESIAN_POINT('Ctrl Pts',(8.1916780397296,68.5477500408888,4.5));
#9520=CARTESIAN_POINT('Ctrl Pts',(7.94781696051359,68.6773543804884,4.5));
#9521=CARTESIAN_POINT('Ctrl Pts',(7.79092740267515,68.8751714676619,4.5));
#9522=CARTESIAN_POINT('',(7.79092740267515,68.8751714676618,5.5));
#9523=CARTESIAN_POINT('Ctrl Pts',(7.79092740267515,68.8751714676619,5.5));
#9524=CARTESIAN_POINT('Ctrl Pts',(7.94781696051359,68.6773543804884,5.5));
#9525=CARTESIAN_POINT('Ctrl Pts',(8.1916780397296,68.5477500408888,5.5));
#9526=CARTESIAN_POINT('',(7.79092740267515,68.8751714676618,4.5));
#9527=CARTESIAN_POINT('Origin',(7.79092740267515,67.1118699759245,4.5));
#9528=CARTESIAN_POINT('',(7.79092740267515,68.8751714676618,4.5));
#9529=CARTESIAN_POINT('',(7.79092740267515,68.8751714676618,5.5));
#9530=CARTESIAN_POINT('Origin',(8.74931763857603,69.6579136699438,5.5));
#9531=CARTESIAN_POINT('Origin',(8.74931763857603,69.6579136699438,4.5));
#9532=CARTESIAN_POINT('Origin',(11.0480893775821,68.5000007599592,4.5));
#9533=CARTESIAN_POINT('',(11.6620052978396,68.5000007599592,4.5));
#9534=CARTESIAN_POINT('',(11.0480893775821,68.5000007599592,4.5));
#9535=CARTESIAN_POINT('',(11.6620052978396,68.5000007599592,4.5));
#9536=CARTESIAN_POINT('',(11.6620052978396,68.5000007599592,5.5));
#9537=CARTESIAN_POINT('',(11.6620052978396,68.5000007599592,4.5));
#9538=CARTESIAN_POINT('',(11.0480893775821,68.5000007599592,5.5));
#9539=CARTESIAN_POINT('',(11.6620052978396,68.5000007599592,5.5));
#9540=CARTESIAN_POINT('',(11.0480893775821,68.5000007599592,4.5));
#9541=CARTESIAN_POINT('Origin',(11.0480893775821,73.5000007599592,4.5));
#9542=CARTESIAN_POINT('',(11.0480893775821,73.5000007599592,4.5));
#9543=CARTESIAN_POINT('',(11.0480893775821,68.5000007599592,4.5));
#9544=CARTESIAN_POINT('',(11.0480893775821,73.5000007599592,5.5));
#9545=CARTESIAN_POINT('',(11.0480893775821,68.5000007599592,5.5));
#9546=CARTESIAN_POINT('',(11.0480893775821,73.5000007599592,4.5));
#9547=CARTESIAN_POINT('Origin',(11.6620052978396,73.5000007599592,4.5));
#9548=CARTESIAN_POINT('',(11.6620052978396,73.5000007599592,4.5));
#9549=CARTESIAN_POINT('',(11.0480893775821,73.5000007599592,4.5));
#9550=CARTESIAN_POINT('',(11.6620052978396,73.5000007599592,5.5));
#9551=CARTESIAN_POINT('',(11.0480893775821,73.5000007599592,5.5));
#9552=CARTESIAN_POINT('',(11.6620052978396,73.5000007599592,4.5));
#9553=CARTESIAN_POINT('Origin',(11.6620052978396,68.5000007599592,4.5));
#9554=CARTESIAN_POINT('',(11.6620052978396,73.5000007599592,4.5));
#9555=CARTESIAN_POINT('',(11.6620052978396,73.5000007599592,5.5));
#9556=CARTESIAN_POINT('Origin',(11.3550473377109,71.0000007599592,5.5));
#9557=CARTESIAN_POINT('Origin',(11.3550473377109,71.0000007599592,4.5));
#9558=CARTESIAN_POINT('Origin',(16.0924280807376,68.5000007599592,4.5));
#9559=CARTESIAN_POINT('',(16.7063440009952,68.5000007599592,4.5));
#9560=CARTESIAN_POINT('',(16.0924280807376,68.5000007599592,4.5));
#9561=CARTESIAN_POINT('',(16.7063440009952,68.5000007599592,4.5));
#9562=CARTESIAN_POINT('',(16.7063440009952,68.5000007599592,5.5));
#9563=CARTESIAN_POINT('',(16.7063440009952,68.5000007599592,4.5));
#9564=CARTESIAN_POINT('',(16.0924280807376,68.5000007599592,5.5));
#9565=CARTESIAN_POINT('',(16.7063440009952,68.5000007599592,5.5));
#9566=CARTESIAN_POINT('',(16.0924280807376,68.5000007599592,4.5));
#9567=CARTESIAN_POINT('Origin',(16.0924280807376,73.5000007599592,4.5));
#9568=CARTESIAN_POINT('',(16.0924280807376,73.5000007599592,4.5));
#9569=CARTESIAN_POINT('',(16.0924280807376,68.5000007599592,4.5));
#9570=CARTESIAN_POINT('',(16.0924280807376,73.5000007599592,5.5));
#9571=CARTESIAN_POINT('',(16.0924280807376,68.5000007599592,5.5));
#9572=CARTESIAN_POINT('',(16.0924280807376,73.5000007599592,4.5));
#9573=CARTESIAN_POINT('Origin',(16.7063440009952,73.5000007599592,4.5));
#9574=CARTESIAN_POINT('',(16.7063440009952,73.5000007599592,4.5));
#9575=CARTESIAN_POINT('',(16.0924280807376,73.5000007599592,4.5));
#9576=CARTESIAN_POINT('',(16.7063440009952,73.5000007599592,5.5));
#9577=CARTESIAN_POINT('',(16.0924280807376,73.5000007599592,5.5));
#9578=CARTESIAN_POINT('',(16.7063440009952,73.5000007599592,4.5));
#9579=CARTESIAN_POINT('Origin',(16.7063440009952,68.5000007599592,4.5));
#9580=CARTESIAN_POINT('',(16.7063440009952,73.5000007599592,4.5));
#9581=CARTESIAN_POINT('',(16.7063440009952,73.5000007599592,5.5));
#9582=CARTESIAN_POINT('Origin',(16.3993860408664,71.0000007599592,5.5));
#9583=CARTESIAN_POINT('Origin',(16.3993860408664,71.0000007599592,4.5));
#9584=CARTESIAN_POINT('Origin',(12.6169849559665,72.7939980477095,4.5));
#9585=CARTESIAN_POINT('',(13.230900876224,72.7939980477095,4.5));
#9586=CARTESIAN_POINT('',(12.6169849559665,72.7939980477095,4.5));
#9587=CARTESIAN_POINT('',(13.230900876224,72.7939980477095,4.5));
#9588=CARTESIAN_POINT('',(13.230900876224,72.7939980477095,5.5));
#9589=CARTESIAN_POINT('',(13.230900876224,72.7939980477095,4.5));
#9590=CARTESIAN_POINT('',(12.6169849559665,72.7939980477095,5.5));
#9591=CARTESIAN_POINT('',(13.230900876224,72.7939980477095,5.5));
#9592=CARTESIAN_POINT('',(12.6169849559665,72.7939980477095,4.5));
#9593=CARTESIAN_POINT('Origin',(12.6169849559665,73.5000007599592,4.5));
#9594=CARTESIAN_POINT('',(12.6169849559665,73.5000007599592,4.5));
#9595=CARTESIAN_POINT('',(12.6169849559665,72.7939980477095,4.5));
#9596=CARTESIAN_POINT('',(12.6169849559665,73.5000007599592,5.5));
#9597=CARTESIAN_POINT('',(12.6169849559665,72.7939980477095,5.5));
#9598=CARTESIAN_POINT('',(12.6169849559665,73.5000007599592,4.5));
#9599=CARTESIAN_POINT('Origin',(13.230900876224,73.5000007599592,4.5));
#9600=CARTESIAN_POINT('',(13.230900876224,73.5000007599592,4.5));
#9601=CARTESIAN_POINT('',(12.6169849559665,73.5000007599592,4.5));
#9602=CARTESIAN_POINT('',(13.230900876224,73.5000007599592,5.5));
#9603=CARTESIAN_POINT('',(12.6169849559665,73.5000007599592,5.5));
#9604=CARTESIAN_POINT('',(13.230900876224,73.5000007599592,4.5));
#9605=CARTESIAN_POINT('Origin',(13.230900876224,72.7939980477095,4.5));
#9606=CARTESIAN_POINT('',(13.230900876224,73.5000007599592,4.5));
#9607=CARTESIAN_POINT('',(13.230900876224,73.5000007599592,5.5));
#9608=CARTESIAN_POINT('Origin',(12.9239429160953,73.1469994038343,5.5));
#9609=CARTESIAN_POINT('Origin',(12.9239429160953,73.1469994038343,4.5));
#9610=CARTESIAN_POINT('Ctrl Pts',(2.37141858786345,70.1064126938581,4.5));
#9611=CARTESIAN_POINT('Ctrl Pts',(2.37141858786345,70.1064126938581,5.5));
#9612=CARTESIAN_POINT('Ctrl Pts',(2.38506089895964,69.6050482243299,4.5));
#9613=CARTESIAN_POINT('Ctrl Pts',(2.38506089895964,69.6050482243299,5.5));
#9614=CARTESIAN_POINT('Ctrl Pts',(2.6459751650691,69.207708761096,4.5));
#9615=CARTESIAN_POINT('Ctrl Pts',(2.6459751650691,69.207708761096,5.5));
#9616=CARTESIAN_POINT('',(2.6459751650691,69.207708761096,4.5));
#9617=CARTESIAN_POINT('',(2.37141858786345,70.1064126938581,4.5));
#9618=CARTESIAN_POINT('Ctrl Pts',(2.6459751650691,69.207708761096,4.5));
#9619=CARTESIAN_POINT('Ctrl Pts',(2.38506089895964,69.6050482243299,4.5));
#9620=CARTESIAN_POINT('Ctrl Pts',(2.37141858786345,70.1064126938581,4.5));
#9621=CARTESIAN_POINT('',(2.6459751650691,69.207708761096,5.5));
#9622=CARTESIAN_POINT('',(2.6459751650691,69.207708761096,4.5));
#9623=CARTESIAN_POINT('',(2.37141858786345,70.1064126938581,5.5));
#9624=CARTESIAN_POINT('Ctrl Pts',(2.37141858786345,70.1064126938581,5.5));
#9625=CARTESIAN_POINT('Ctrl Pts',(2.38506089895964,69.6050482243299,5.5));
#9626=CARTESIAN_POINT('Ctrl Pts',(2.6459751650691,69.207708761096,5.5));
#9627=CARTESIAN_POINT('',(2.37141858786345,70.1064126938581,4.5));
#9628=CARTESIAN_POINT('Origin',(2.99556564539671,70.1609831303358,4.5));
#9629=CARTESIAN_POINT('',(2.99556564539671,70.1609831303358,4.5));
#9630=CARTESIAN_POINT('',(2.37141858786345,70.1064126938581,4.5));
#9631=CARTESIAN_POINT('',(2.99556564539671,70.1609831303358,5.5));
#9632=CARTESIAN_POINT('',(2.37141858786345,70.1064126938581,5.5));
#9633=CARTESIAN_POINT('',(2.99556564539671,70.1609831303358,4.5));
#9634=CARTESIAN_POINT('Ctrl Pts',(3.20190977305174,69.5453625172377,4.5));
#9635=CARTESIAN_POINT('Ctrl Pts',(3.20190977305174,69.5453625172377,5.5));
#9636=CARTESIAN_POINT('Ctrl Pts',(3.03990434855223,69.7858124226332,4.5));
#9637=CARTESIAN_POINT('Ctrl Pts',(3.03990434855223,69.7858124226332,5.5));
#9638=CARTESIAN_POINT('Ctrl Pts',(2.99556564539671,70.1609831303358,4.5));
#9639=CARTESIAN_POINT('Ctrl Pts',(2.99556564539671,70.1609831303358,5.5));
#9640=CARTESIAN_POINT('',(3.20190977305174,69.5453625172377,4.5));
#9641=CARTESIAN_POINT('Ctrl Pts',(2.99556564539671,70.1609831303358,4.5));
#9642=CARTESIAN_POINT('Ctrl Pts',(3.03990434855223,69.7858124226332,4.5));
#9643=CARTESIAN_POINT('Ctrl Pts',(3.20190977305174,69.5453625172377,4.5));
#9644=CARTESIAN_POINT('',(3.20190977305174,69.5453625172377,5.5));
#9645=CARTESIAN_POINT('Ctrl Pts',(3.20190977305174,69.5453625172377,5.5));
#9646=CARTESIAN_POINT('Ctrl Pts',(3.03990434855223,69.7858124226332,5.5));
#9647=CARTESIAN_POINT('Ctrl Pts',(2.99556564539671,70.1609831303358,5.5));
#9648=CARTESIAN_POINT('',(3.20190977305174,69.5453625172377,4.5));
#9649=CARTESIAN_POINT('Ctrl Pts',(3.70497893542051,69.1565489023924,4.5));
#9650=CARTESIAN_POINT('Ctrl Pts',(3.70497893542051,69.1565489023924,5.5));
#9651=CARTESIAN_POINT('Ctrl Pts',(3.36391519755125,69.3049120157957,4.5));
#9652=CARTESIAN_POINT('Ctrl Pts',(3.36391519755125,69.3049120157957,5.5));
#9653=CARTESIAN_POINT('Ctrl Pts',(3.20190977305174,69.5453625172377,4.5));
#9654=CARTESIAN_POINT('Ctrl Pts',(3.20190977305174,69.5453625172377,5.5));
#9655=CARTESIAN_POINT('',(3.70497893542051,69.1565489023924,4.5));
#9656=CARTESIAN_POINT('Ctrl Pts',(3.20190977305174,69.5453625172377,4.5));
#9657=CARTESIAN_POINT('Ctrl Pts',(3.36391519755125,69.3049120157957,4.5));
#9658=CARTESIAN_POINT('Ctrl Pts',(3.70497893542051,69.1565489023924,4.5));
#9659=CARTESIAN_POINT('',(3.70497893542051,69.1565489023924,5.5));
#9660=CARTESIAN_POINT('Ctrl Pts',(3.70497893542051,69.1565489023924,5.5));
#9661=CARTESIAN_POINT('Ctrl Pts',(3.36391519755125,69.3049120157957,5.5));
#9662=CARTESIAN_POINT('Ctrl Pts',(3.20190977305174,69.5453625172377,5.5));
#9663=CARTESIAN_POINT('',(3.70497893542051,69.1565489023924,4.5));
#9664=CARTESIAN_POINT('Ctrl Pts',(4.47237323969603,69.0081863850355,4.5));
#9665=CARTESIAN_POINT('Ctrl Pts',(4.47237323969603,69.0081863850355,5.5));
#9666=CARTESIAN_POINT('Ctrl Pts',(4.04604326933622,69.0081863850355,4.5));
#9667=CARTESIAN_POINT('Ctrl Pts',(4.04604326933622,69.0081863850355,5.5));
#9668=CARTESIAN_POINT('Ctrl Pts',(3.70497893542051,69.1565489023924,4.5));
#9669=CARTESIAN_POINT('Ctrl Pts',(3.70497893542051,69.1565489023924,5.5));
#9670=CARTESIAN_POINT('',(4.47237323969603,69.0081863850355,4.5));
#9671=CARTESIAN_POINT('Ctrl Pts',(3.70497893542051,69.1565489023924,4.5));
#9672=CARTESIAN_POINT('Ctrl Pts',(4.04604326933622,69.0081863850355,4.5));
#9673=CARTESIAN_POINT('Ctrl Pts',(4.47237323969603,69.0081863850355,4.5));
#9674=CARTESIAN_POINT('',(4.47237323969603,69.0081863850355,5.5));
#9675=CARTESIAN_POINT('Ctrl Pts',(4.47237323969603,69.0081863850355,5.5));
#9676=CARTESIAN_POINT('Ctrl Pts',(4.04604326933622,69.0081863850355,5.5));
#9677=CARTESIAN_POINT('Ctrl Pts',(3.70497893542051,69.1565489023924,5.5));
#9678=CARTESIAN_POINT('',(4.47237323969603,69.0081863850355,4.5));
#9679=CARTESIAN_POINT('Ctrl Pts',(5.14085900038481,69.1207372397184,4.5));
#9680=CARTESIAN_POINT('Ctrl Pts',(5.14085900038481,69.1207372397184,5.5));
#9681=CARTESIAN_POINT('Ctrl Pts',(4.85095512121916,69.0081863850355,4.5));
#9682=CARTESIAN_POINT('Ctrl Pts',(4.85095512121916,69.0081863850355,5.5));
#9683=CARTESIAN_POINT('Ctrl Pts',(4.47237323969603,69.0081863850355,4.5));
#9684=CARTESIAN_POINT('Ctrl Pts',(4.47237323969603,69.0081863850355,5.5));
#9685=CARTESIAN_POINT('',(5.14085900038481,69.1207372397184,4.5));
#9686=CARTESIAN_POINT('Ctrl Pts',(4.47237323969603,69.0081863850355,4.5));
#9687=CARTESIAN_POINT('Ctrl Pts',(4.85095512121916,69.0081863850355,4.5));
#9688=CARTESIAN_POINT('Ctrl Pts',(5.14085900038481,69.1207372397184,4.5));
#9689=CARTESIAN_POINT('',(5.14085900038481,69.1207372397184,5.5));
#9690=CARTESIAN_POINT('Ctrl Pts',(5.14085900038481,69.1207372397184,5.5));
#9691=CARTESIAN_POINT('Ctrl Pts',(4.85095512121916,69.0081863850355,5.5));
#9692=CARTESIAN_POINT('Ctrl Pts',(4.47237323969603,69.0081863850355,5.5));
#9693=CARTESIAN_POINT('',(5.14085900038481,69.1207372397184,4.5));
#9694=CARTESIAN_POINT('Ctrl Pts',(5.57230543345213,69.4294004887342,4.5));
#9695=CARTESIAN_POINT('Ctrl Pts',(5.57230543345213,69.4294004887342,5.5));
#9696=CARTESIAN_POINT('Ctrl Pts',(5.43076407164335,69.2332886904478,4.5));
#9697=CARTESIAN_POINT('Ctrl Pts',(5.43076407164335,69.2332886904478,5.5));
#9698=CARTESIAN_POINT('Ctrl Pts',(5.14085900038481,69.1207372397184,4.5));
#9699=CARTESIAN_POINT('Ctrl Pts',(5.14085900038481,69.1207372397184,5.5));
#9700=CARTESIAN_POINT('',(5.57230543345213,69.4294004887342,4.5));
#9701=CARTESIAN_POINT('Ctrl Pts',(5.14085900038481,69.1207372397184,4.5));
#9702=CARTESIAN_POINT('Ctrl Pts',(5.43076407164335,69.2332886904478,4.5));
#9703=CARTESIAN_POINT('Ctrl Pts',(5.57230543345213,69.4294004887342,4.5));
#9704=CARTESIAN_POINT('',(5.57230543345213,69.4294004887342,5.5));
#9705=CARTESIAN_POINT('Ctrl Pts',(5.57230543345213,69.4294004887342,5.5));
#9706=CARTESIAN_POINT('Ctrl Pts',(5.43076407164335,69.2332886904478,5.5));
#9707=CARTESIAN_POINT('Ctrl Pts',(5.14085900038481,69.1207372397184,5.5));
#9708=CARTESIAN_POINT('',(5.57230543345213,69.4294004887342,4.5));
#9709=CARTESIAN_POINT('Ctrl Pts',(5.71384679526091,69.8574357479811,4.5));
#9710=CARTESIAN_POINT('Ctrl Pts',(5.71384679526091,69.8574357479811,5.5));
#9711=CARTESIAN_POINT('Ctrl Pts',(5.71384679526091,69.6255122870207,4.5));
#9712=CARTESIAN_POINT('Ctrl Pts',(5.71384679526091,69.6255122870207,5.5));
#9713=CARTESIAN_POINT('Ctrl Pts',(5.57230543345213,69.4294004887342,4.5));
#9714=CARTESIAN_POINT('Ctrl Pts',(5.57230543345213,69.4294004887342,5.5));
#9715=CARTESIAN_POINT('',(5.71384679526091,69.8574357479811,4.5));
#9716=CARTESIAN_POINT('Ctrl Pts',(5.57230543345213,69.4294004887342,4.5));
#9717=CARTESIAN_POINT('Ctrl Pts',(5.71384679526091,69.6255122870207,4.5));
#9718=CARTESIAN_POINT('Ctrl Pts',(5.71384679526091,69.8574357479811,4.5));
#9719=CARTESIAN_POINT('',(5.71384679526091,69.8574357479811,5.5));
#9720=CARTESIAN_POINT('Ctrl Pts',(5.71384679526091,69.8574357479811,5.5));
#9721=CARTESIAN_POINT('Ctrl Pts',(5.71384679526091,69.6255122870207,5.5));
#9722=CARTESIAN_POINT('Ctrl Pts',(5.57230543345213,69.4294004887342,5.5));
#9723=CARTESIAN_POINT('',(5.71384679526091,69.8574357479811,4.5));
#9724=CARTESIAN_POINT('Ctrl Pts',(5.5774213001132,70.2684181183577,4.5));
#9725=CARTESIAN_POINT('Ctrl Pts',(5.5774213001132,70.2684181183577,5.5));
#9726=CARTESIAN_POINT('Ctrl Pts',(5.71384679526091,70.092770382762,4.5));
#9727=CARTESIAN_POINT('Ctrl Pts',(5.71384679526091,70.092770382762,5.5));
#9728=CARTESIAN_POINT('Ctrl Pts',(5.71384679526091,69.8574357479811,4.5));
#9729=CARTESIAN_POINT('Ctrl Pts',(5.71384679526091,69.8574357479811,5.5));
#9730=CARTESIAN_POINT('',(5.5774213001132,70.2684181183577,4.5));
#9731=CARTESIAN_POINT('Ctrl Pts',(5.71384679526091,69.8574357479811,4.5));
#9732=CARTESIAN_POINT('Ctrl Pts',(5.71384679526091,70.092770382762,4.5));
#9733=CARTESIAN_POINT('Ctrl Pts',(5.5774213001132,70.2684181183577,4.5));
#9734=CARTESIAN_POINT('',(5.5774213001132,70.2684181183577,5.5));
#9735=CARTESIAN_POINT('Ctrl Pts',(5.5774213001132,70.2684181183577,5.5));
#9736=CARTESIAN_POINT('Ctrl Pts',(5.71384679526091,70.092770382762,5.5));
#9737=CARTESIAN_POINT('Ctrl Pts',(5.71384679526091,69.8574357479811,5.5));
#9738=CARTESIAN_POINT('',(5.5774213001132,70.2684181183577,4.5));
#9739=CARTESIAN_POINT('Ctrl Pts',(5.12721668928862,70.5634384602308,4.5));
#9740=CARTESIAN_POINT('Ctrl Pts',(5.12721668928862,70.5634384602308,5.5));
#9741=CARTESIAN_POINT('Ctrl Pts',(5.4409958049655,70.4440658539534,4.5));
#9742=CARTESIAN_POINT('Ctrl Pts',(5.4409958049655,70.4440658539534,5.5));
#9743=CARTESIAN_POINT('Ctrl Pts',(5.5774213001132,70.2684181183577,4.5));
#9744=CARTESIAN_POINT('Ctrl Pts',(5.5774213001132,70.2684181183577,5.5));
#9745=CARTESIAN_POINT('',(5.12721668928862,70.5634384602308,4.5));
#9746=CARTESIAN_POINT('Ctrl Pts',(5.5774213001132,70.2684181183577,4.5));
#9747=CARTESIAN_POINT('Ctrl Pts',(5.4409958049655,70.4440658539534,4.5));
#9748=CARTESIAN_POINT('Ctrl Pts',(5.12721668928862,70.5634384602308,4.5));
#9749=CARTESIAN_POINT('',(5.12721668928862,70.5634384602308,5.5));
#9750=CARTESIAN_POINT('Ctrl Pts',(5.12721668928862,70.5634384602308,5.5));
#9751=CARTESIAN_POINT('Ctrl Pts',(5.4409958049655,70.4440658539534,5.5));
#9752=CARTESIAN_POINT('Ctrl Pts',(5.5774213001132,70.2684181183577,5.5));
#9753=CARTESIAN_POINT('',(5.12721668928862,70.5634384602308,4.5));
#9754=CARTESIAN_POINT('Ctrl Pts',(4.23703920096159,70.8072989434004,4.5));
#9755=CARTESIAN_POINT('Ctrl Pts',(4.23703920096159,70.8072989434004,5.5));
#9756=CARTESIAN_POINT('Ctrl Pts',(4.92598902434111,70.6418829411268,4.5));
#9757=CARTESIAN_POINT('Ctrl Pts',(4.92598902434111,70.6418829411268,5.5));
#9758=CARTESIAN_POINT('Ctrl Pts',(5.12721668928862,70.5634384602308,4.5));
#9759=CARTESIAN_POINT('Ctrl Pts',(5.12721668928862,70.5634384602308,5.5));
#9760=CARTESIAN_POINT('',(4.23703920096159,70.8072989434004,4.5));
#9761=CARTESIAN_POINT('Ctrl Pts',(5.12721668928862,70.5634384602308,4.5));
#9762=CARTESIAN_POINT('Ctrl Pts',(4.92598902434111,70.6418829411268,4.5));
#9763=CARTESIAN_POINT('Ctrl Pts',(4.23703920096159,70.8072989434004,4.5));
#9764=CARTESIAN_POINT('',(4.23703920096159,70.8072989434004,5.5));
#9765=CARTESIAN_POINT('Ctrl Pts',(4.23703920096159,70.8072989434004,5.5));
#9766=CARTESIAN_POINT('Ctrl Pts',(4.92598902434111,70.6418829411268,5.5));
#9767=CARTESIAN_POINT('Ctrl Pts',(5.12721668928862,70.5634384602308,5.5));
#9768=CARTESIAN_POINT('',(4.23703920096159,70.8072989434004,4.5));
#9769=CARTESIAN_POINT('Ctrl Pts',(3.27182780951262,71.1193733662367,4.5));
#9770=CARTESIAN_POINT('Ctrl Pts',(3.27182780951262,71.1193733662367,5.5));
#9771=CARTESIAN_POINT('Ctrl Pts',(3.5480896756053,70.9727155417204,4.5));
#9772=CARTESIAN_POINT('Ctrl Pts',(3.5480896756053,70.9727155417204,5.5));
#9773=CARTESIAN_POINT('Ctrl Pts',(4.23703920096159,70.8072989434004,4.5));
#9774=CARTESIAN_POINT('Ctrl Pts',(4.23703920096159,70.8072989434004,5.5));
#9775=CARTESIAN_POINT('',(3.27182780951262,71.1193733662367,4.5));
#9776=CARTESIAN_POINT('Ctrl Pts',(4.23703920096159,70.8072989434004,4.5));
#9777=CARTESIAN_POINT('Ctrl Pts',(3.5480896756053,70.9727155417204,4.5));
#9778=CARTESIAN_POINT('Ctrl Pts',(3.27182780951262,71.1193733662367,4.5));
#9779=CARTESIAN_POINT('',(3.27182780951262,71.1193733662367,5.5));
#9780=CARTESIAN_POINT('Ctrl Pts',(3.27182780951262,71.1193733662367,5.5));
#9781=CARTESIAN_POINT('Ctrl Pts',(3.5480896756053,70.9727155417204,5.5));
#9782=CARTESIAN_POINT('Ctrl Pts',(4.23703920096159,70.8072989434004,5.5));
#9783=CARTESIAN_POINT('',(3.27182780951262,71.1193733662367,4.5));
#9784=CARTESIAN_POINT('Ctrl Pts',(2.73806225508451,71.5849255770445,4.5));
#9785=CARTESIAN_POINT('Ctrl Pts',(2.73806225508451,71.5849255770445,5.5));
#9786=CARTESIAN_POINT('Ctrl Pts',(2.91371058672667,71.306958720088,4.5));
#9787=CARTESIAN_POINT('Ctrl Pts',(2.91371058672667,71.306958720088,5.5));
#9788=CARTESIAN_POINT('Ctrl Pts',(3.27182780951262,71.1193733662367,4.5));
#9789=CARTESIAN_POINT('Ctrl Pts',(3.27182780951262,71.1193733662367,5.5));
#9790=CARTESIAN_POINT('',(2.73806225508451,71.5849255770445,4.5));
#9791=CARTESIAN_POINT('Ctrl Pts',(3.27182780951262,71.1193733662367,4.5));
#9792=CARTESIAN_POINT('Ctrl Pts',(2.91371058672667,71.306958720088,4.5));
#9793=CARTESIAN_POINT('Ctrl Pts',(2.73806225508451,71.5849255770445,4.5));
#9794=CARTESIAN_POINT('',(2.73806225508451,71.5849255770445,5.5));
#9795=CARTESIAN_POINT('Ctrl Pts',(2.73806225508451,71.5849255770445,5.5));
#9796=CARTESIAN_POINT('Ctrl Pts',(2.91371058672667,71.306958720088,5.5));
#9797=CARTESIAN_POINT('Ctrl Pts',(3.27182780951262,71.1193733662367,5.5));
#9798=CARTESIAN_POINT('',(2.73806225508451,71.5849255770445,4.5));
#9799=CARTESIAN_POINT('Ctrl Pts',(2.56241451948881,72.207367643714,4.5));
#9800=CARTESIAN_POINT('Ctrl Pts',(2.56241451948881,72.207367643714,5.5));
#9801=CARTESIAN_POINT('Ctrl Pts',(2.56241451948881,71.8628927320242,4.5));
#9802=CARTESIAN_POINT('Ctrl Pts',(2.56241451948881,71.8628927320242,5.5));
#9803=CARTESIAN_POINT('Ctrl Pts',(2.73806225508451,71.5849255770445,4.5));
#9804=CARTESIAN_POINT('Ctrl Pts',(2.73806225508451,71.5849255770445,5.5));
#9805=CARTESIAN_POINT('',(2.56241451948881,72.207367643714,4.5));
#9806=CARTESIAN_POINT('Ctrl Pts',(2.73806225508451,71.5849255770445,4.5));
#9807=CARTESIAN_POINT('Ctrl Pts',(2.56241451948881,71.8628927320242,4.5));
#9808=CARTESIAN_POINT('Ctrl Pts',(2.56241451948881,72.207367643714,4.5));
#9809=CARTESIAN_POINT('',(2.56241451948881,72.207367643714,5.5));
#9810=CARTESIAN_POINT('Ctrl Pts',(2.56241451948881,72.207367643714,5.5));
#9811=CARTESIAN_POINT('Ctrl Pts',(2.56241451948881,71.8628927320242,5.5));
#9812=CARTESIAN_POINT('Ctrl Pts',(2.73806225508451,71.5849255770445,5.5));
#9813=CARTESIAN_POINT('',(2.56241451948881,72.207367643714,4.5));
#9814=CARTESIAN_POINT('Ctrl Pts',(2.77728479355574,72.9150756448507,4.5));
#9815=CARTESIAN_POINT('Ctrl Pts',(2.77728479355574,72.9150756448507,5.5));
#9816=CARTESIAN_POINT('Ctrl Pts',(2.56241451948881,72.5859486311674,4.5));
#9817=CARTESIAN_POINT('Ctrl Pts',(2.56241451948881,72.5859486311674,5.5));
#9818=CARTESIAN_POINT('Ctrl Pts',(2.56241451948881,72.207367643714,4.5));
#9819=CARTESIAN_POINT('Ctrl Pts',(2.56241451948881,72.207367643714,5.5));
#9820=CARTESIAN_POINT('',(2.77728479355574,72.9150756448507,4.5));
#9821=CARTESIAN_POINT('Ctrl Pts',(2.56241451948881,72.207367643714,4.5));
#9822=CARTESIAN_POINT('Ctrl Pts',(2.56241451948881,72.5859486311674,4.5));
#9823=CARTESIAN_POINT('Ctrl Pts',(2.77728479355574,72.9150756448507,4.5));
#9824=CARTESIAN_POINT('',(2.77728479355574,72.9150756448507,5.5));
#9825=CARTESIAN_POINT('Ctrl Pts',(2.77728479355574,72.9150756448507,5.5));
#9826=CARTESIAN_POINT('Ctrl Pts',(2.56241451948881,72.5859486311674,5.5));
#9827=CARTESIAN_POINT('Ctrl Pts',(2.56241451948881,72.207367643714,5.5));
#9828=CARTESIAN_POINT('',(2.77728479355574,72.9150756448507,4.5));
#9829=CARTESIAN_POINT('Ctrl Pts',(3.40484272688627,73.4147345274687,4.5));
#9830=CARTESIAN_POINT('Ctrl Pts',(3.40484272688627,73.4147345274687,5.5));
#9831=CARTESIAN_POINT('Ctrl Pts',(2.99215506762266,73.2442023605108,4.5));
#9832=CARTESIAN_POINT('Ctrl Pts',(2.99215506762266,73.2442023605108,5.5));
#9833=CARTESIAN_POINT('Ctrl Pts',(2.77728479355574,72.9150756448507,4.5));
#9834=CARTESIAN_POINT('Ctrl Pts',(2.77728479355574,72.9150756448507,5.5));
#9835=CARTESIAN_POINT('',(3.40484272688627,73.4147345274687,4.5));
#9836=CARTESIAN_POINT('Ctrl Pts',(2.77728479355574,72.9150756448507,4.5));
#9837=CARTESIAN_POINT('Ctrl Pts',(2.99215506762266,73.2442023605108,4.5));
#9838=CARTESIAN_POINT('Ctrl Pts',(3.40484272688627,73.4147345274687,4.5));
#9839=CARTESIAN_POINT('',(3.40484272688627,73.4147345274687,5.5));
#9840=CARTESIAN_POINT('Ctrl Pts',(3.40484272688627,73.4147345274687,5.5));
#9841=CARTESIAN_POINT('Ctrl Pts',(2.99215506762266,73.2442023605108,5.5));
#9842=CARTESIAN_POINT('Ctrl Pts',(2.77728479355574,72.9150756448507,5.5));
#9843=CARTESIAN_POINT('',(3.40484272688627,73.4147345274687,4.5));
#9844=CARTESIAN_POINT('Ctrl Pts',(4.32230543345213,73.5852663964033,4.5));
#9845=CARTESIAN_POINT('Ctrl Pts',(4.32230543345213,73.5852663964033,5.5));
#9846=CARTESIAN_POINT('Ctrl Pts',(3.81753038614988,73.5852663964033,4.5));
#9847=CARTESIAN_POINT('Ctrl Pts',(3.81753038614988,73.5852663964033,5.5));
#9848=CARTESIAN_POINT('Ctrl Pts',(3.40484272688627,73.4147345274687,4.5));
#9849=CARTESIAN_POINT('Ctrl Pts',(3.40484272688627,73.4147345274687,5.5));
#9850=CARTESIAN_POINT('',(4.32230543345213,73.5852663964033,4.5));
#9851=CARTESIAN_POINT('Ctrl Pts',(3.40484272688627,73.4147345274687,4.5));
#9852=CARTESIAN_POINT('Ctrl Pts',(3.81753038614988,73.5852663964033,4.5));
#9853=CARTESIAN_POINT('Ctrl Pts',(4.32230543345213,73.5852663964033,4.5));
#9854=CARTESIAN_POINT('',(4.32230543345213,73.5852663964033,5.5));
#9855=CARTESIAN_POINT('Ctrl Pts',(4.32230543345213,73.5852663964033,5.5));
#9856=CARTESIAN_POINT('Ctrl Pts',(3.81753038614988,73.5852663964033,5.5));
#9857=CARTESIAN_POINT('Ctrl Pts',(3.40484272688627,73.4147345274687,5.5));
#9858=CARTESIAN_POINT('',(4.32230543345213,73.5852663964033,4.5));
#9859=CARTESIAN_POINT('Ctrl Pts',(5.30286442488432,73.4062077850103,4.5));
#9860=CARTESIAN_POINT('Ctrl Pts',(5.30286442488432,73.4062077850103,5.5));
#9861=CARTESIAN_POINT('Ctrl Pts',(4.87823974341154,73.5852663964033,4.5));
#9862=CARTESIAN_POINT('Ctrl Pts',(4.87823974341154,73.5852663964033,5.5));
#9863=CARTESIAN_POINT('Ctrl Pts',(4.32230543345213,73.5852663964033,4.5));
#9864=CARTESIAN_POINT('Ctrl Pts',(4.32230543345213,73.5852663964033,5.5));
#9865=CARTESIAN_POINT('',(5.30286442488432,73.4062077850103,4.5));
#9866=CARTESIAN_POINT('Ctrl Pts',(4.32230543345213,73.5852663964033,4.5));
#9867=CARTESIAN_POINT('Ctrl Pts',(4.87823974341154,73.5852663964033,4.5));
#9868=CARTESIAN_POINT('Ctrl Pts',(5.30286442488432,73.4062077850103,4.5));
#9869=CARTESIAN_POINT('',(5.30286442488432,73.4062077850103,5.5));
#9870=CARTESIAN_POINT('Ctrl Pts',(5.30286442488432,73.4062077850103,5.5));
#9871=CARTESIAN_POINT('Ctrl Pts',(4.87823974341154,73.5852663964033,5.5));
#9872=CARTESIAN_POINT('Ctrl Pts',(4.32230543345213,73.5852663964033,5.5));
#9873=CARTESIAN_POINT('',(5.30286442488432,73.4062077850103,4.5));
#9874=CARTESIAN_POINT('Ctrl Pts',(5.95600258558989,72.8792636841536,4.5));
#9875=CARTESIAN_POINT('Ctrl Pts',(5.95600258558989,72.8792636841536,5.5));
#9876=CARTESIAN_POINT('Ctrl Pts',(5.7274891063571,73.2271491736174,4.5));
#9877=CARTESIAN_POINT('Ctrl Pts',(5.7274891063571,73.2271491736174,5.5));
#9878=CARTESIAN_POINT('Ctrl Pts',(5.30286442488432,73.4062077850103,4.5));
#9879=CARTESIAN_POINT('Ctrl Pts',(5.30286442488432,73.4062077850103,5.5));
#9880=CARTESIAN_POINT('',(5.95600258558989,72.8792636841536,4.5));
#9881=CARTESIAN_POINT('Ctrl Pts',(5.30286442488432,73.4062077850103,4.5));
#9882=CARTESIAN_POINT('Ctrl Pts',(5.7274891063571,73.2271491736174,4.5));
#9883=CARTESIAN_POINT('Ctrl Pts',(5.95600258558989,72.8792636841536,4.5));
#9884=CARTESIAN_POINT('',(5.95600258558989,72.8792636841536,5.5));
#9885=CARTESIAN_POINT('Ctrl Pts',(5.95600258558989,72.8792636841536,5.5));
#9886=CARTESIAN_POINT('Ctrl Pts',(5.7274891063571,73.2271491736174,5.5));
#9887=CARTESIAN_POINT('Ctrl Pts',(5.30286442488432,73.4062077850103,5.5));
#9888=CARTESIAN_POINT('',(5.95600258558989,72.8792636841536,4.5));
#9889=CARTESIAN_POINT('Ctrl Pts',(6.20156895369291,72.0914056152105,4.5));
#9890=CARTESIAN_POINT('Ctrl Pts',(6.20156895369291,72.0914056152105,5.5));
#9891=CARTESIAN_POINT('Ctrl Pts',(6.18451546877623,72.531378492713,4.5));
#9892=CARTESIAN_POINT('Ctrl Pts',(6.18451546877623,72.531378492713,5.5));
#9893=CARTESIAN_POINT('Ctrl Pts',(5.95600258558989,72.8792636841536,4.5));
#9894=CARTESIAN_POINT('Ctrl Pts',(5.95600258558989,72.8792636841536,5.5));
#9895=CARTESIAN_POINT('',(6.20156895369291,72.0914056152105,4.5));
#9896=CARTESIAN_POINT('Ctrl Pts',(5.95600258558989,72.8792636841536,4.5));
#9897=CARTESIAN_POINT('Ctrl Pts',(6.18451546877623,72.531378492713,4.5));
#9898=CARTESIAN_POINT('Ctrl Pts',(6.20156895369291,72.0914056152105,4.5));
#9899=CARTESIAN_POINT('',(6.20156895369291,72.0914056152105,5.5));
#9900=CARTESIAN_POINT('Ctrl Pts',(6.20156895369291,72.0914056152105,5.5));
#9901=CARTESIAN_POINT('Ctrl Pts',(6.18451546877623,72.531378492713,5.5));
#9902=CARTESIAN_POINT('Ctrl Pts',(5.95600258558989,72.8792636841536,5.5));
#9903=CARTESIAN_POINT('',(6.20156895369291,72.0914056152105,4.5));
#9904=CARTESIAN_POINT('Origin',(5.56718956679106,72.0436566323042,4.5));
#9905=CARTESIAN_POINT('',(5.56718956679106,72.0436566323042,4.5));
#9906=CARTESIAN_POINT('',(6.20156895369291,72.0914056152105,4.5));
#9907=CARTESIAN_POINT('',(5.56718956679106,72.0436566323042,5.5));
#9908=CARTESIAN_POINT('',(6.20156895369291,72.0914056152105,5.5));
#9909=CARTESIAN_POINT('',(5.56718956679106,72.0436566323042,4.5));
#9910=CARTESIAN_POINT('Ctrl Pts',(5.22100936621428,72.7598913758993,4.5));
#9911=CARTESIAN_POINT('Ctrl Pts',(5.22100936621428,72.7598913758993,5.5));
#9912=CARTESIAN_POINT('Ctrl Pts',(5.51602970808744,72.5177358835936,4.5));
#9913=CARTESIAN_POINT('Ctrl Pts',(5.51602970808744,72.5177358835936,5.5));
#9914=CARTESIAN_POINT('Ctrl Pts',(5.56718956679106,72.0436566323042,4.5));
#9915=CARTESIAN_POINT('Ctrl Pts',(5.56718956679106,72.0436566323042,5.5));
#9916=CARTESIAN_POINT('',(5.22100936621428,72.7598913758993,4.5));
#9917=CARTESIAN_POINT('Ctrl Pts',(5.56718956679106,72.0436566323042,4.5));
#9918=CARTESIAN_POINT('Ctrl Pts',(5.51602970808744,72.5177358835936,4.5));
#9919=CARTESIAN_POINT('Ctrl Pts',(5.22100936621428,72.7598913758993,4.5));
#9920=CARTESIAN_POINT('',(5.22100936621428,72.7598913758993,5.5));
#9921=CARTESIAN_POINT('Ctrl Pts',(5.22100936621428,72.7598913758993,5.5));
#9922=CARTESIAN_POINT('Ctrl Pts',(5.51602970808744,72.5177358835936,5.5));
#9923=CARTESIAN_POINT('Ctrl Pts',(5.56718956679106,72.0436566323042,5.5));
#9924=CARTESIAN_POINT('',(5.22100936621428,72.7598913758993,4.5));
#9925=CARTESIAN_POINT('Ctrl Pts',(4.34959035366774,73.0020468682051,4.5));
#9926=CARTESIAN_POINT('Ctrl Pts',(4.34959035366774,73.0020468682051,5.5));
#9927=CARTESIAN_POINT('Ctrl Pts',(4.92598902434111,73.0020468682051,4.5));
#9928=CARTESIAN_POINT('Ctrl Pts',(4.92598902434111,73.0020468682051,5.5));
#9929=CARTESIAN_POINT('Ctrl Pts',(5.22100936621428,72.7598913758993,4.5));
#9930=CARTESIAN_POINT('Ctrl Pts',(5.22100936621428,72.7598913758993,5.5));
#9931=CARTESIAN_POINT('',(4.34959035366774,73.0020468682051,4.5));
#9932=CARTESIAN_POINT('Ctrl Pts',(5.22100936621428,72.7598913758993,4.5));
#9933=CARTESIAN_POINT('Ctrl Pts',(4.92598902434111,73.0020468682051,4.5));
#9934=CARTESIAN_POINT('Ctrl Pts',(4.34959035366774,73.0020468682051,4.5));
#9935=CARTESIAN_POINT('',(4.34959035366774,73.0020468682051,5.5));
#9936=CARTESIAN_POINT('Ctrl Pts',(4.34959035366774,73.0020468682051,5.5));
#9937=CARTESIAN_POINT('Ctrl Pts',(4.92598902434111,73.0020468682051,5.5));
#9938=CARTESIAN_POINT('Ctrl Pts',(5.22100936621428,72.7598913758993,5.5));
#9939=CARTESIAN_POINT('',(4.34959035366774,73.0020468682051,4.5));
#9940=CARTESIAN_POINT('Ctrl Pts',(3.47476076334715,72.7820604294538,4.5));
#9941=CARTESIAN_POINT('Ctrl Pts',(3.47476076334715,72.7820604294538,5.5));
#9942=CARTESIAN_POINT('Ctrl Pts',(3.74931763857603,73.0020468682051,4.5));
#9943=CARTESIAN_POINT('Ctrl Pts',(3.74931763857603,73.0020468682051,5.5));
#9944=CARTESIAN_POINT('Ctrl Pts',(4.34959035366774,73.0020468682051,4.5));
#9945=CARTESIAN_POINT('Ctrl Pts',(4.34959035366774,73.0020468682051,5.5));
#9946=CARTESIAN_POINT('',(3.47476076334715,72.7820604294538,4.5));
#9947=CARTESIAN_POINT('Ctrl Pts',(4.34959035366774,73.0020468682051,4.5));
#9948=CARTESIAN_POINT('Ctrl Pts',(3.74931763857603,73.0020468682051,4.5));
#9949=CARTESIAN_POINT('Ctrl Pts',(3.47476076334715,72.7820604294538,4.5));
#9950=CARTESIAN_POINT('',(3.47476076334715,72.7820604294538,5.5));
#9951=CARTESIAN_POINT('Ctrl Pts',(3.47476076334715,72.7820604294538,5.5));
#9952=CARTESIAN_POINT('Ctrl Pts',(3.74931763857603,73.0020468682051,5.5));
#9953=CARTESIAN_POINT('Ctrl Pts',(4.34959035366774,73.0020468682051,5.5));
#9954=CARTESIAN_POINT('',(3.47476076334715,72.7820604294538,4.5));
#9955=CARTESIAN_POINT('Ctrl Pts',(3.20020448416471,72.251705750823,4.5));
#9956=CARTESIAN_POINT('Ctrl Pts',(3.20020448416471,72.251705750823,5.5));
#9957=CARTESIAN_POINT('Ctrl Pts',(3.20020448416471,72.5620742887259,4.5));
#9958=CARTESIAN_POINT('Ctrl Pts',(3.20020448416471,72.5620742887259,5.5));
#9959=CARTESIAN_POINT('Ctrl Pts',(3.47476076334715,72.7820604294538,4.5));
#9960=CARTESIAN_POINT('Ctrl Pts',(3.47476076334715,72.7820604294538,5.5));
#9961=CARTESIAN_POINT('',(3.20020448416471,72.251705750823,4.5));
#9962=CARTESIAN_POINT('Ctrl Pts',(3.47476076334715,72.7820604294538,4.5));
#9963=CARTESIAN_POINT('Ctrl Pts',(3.20020448416471,72.5620742887259,4.5));
#9964=CARTESIAN_POINT('Ctrl Pts',(3.20020448416471,72.251705750823,4.5));
#9965=CARTESIAN_POINT('',(3.20020448416471,72.251705750823,5.5));
#9966=CARTESIAN_POINT('Ctrl Pts',(3.20020448416471,72.251705750823,5.5));
#9967=CARTESIAN_POINT('Ctrl Pts',(3.20020448416471,72.5620742887259,5.5));
#9968=CARTESIAN_POINT('Ctrl Pts',(3.47476076334715,72.7820604294538,5.5));
#9969=CARTESIAN_POINT('',(3.20020448416471,72.251705750823,4.5));
#9970=CARTESIAN_POINT('Ctrl Pts',(3.39461099356413,71.8083225935698,4.5));
#9971=CARTESIAN_POINT('Ctrl Pts',(3.39461099356413,71.8083225935698,5.5));
#9972=CARTESIAN_POINT('Ctrl Pts',(3.20020448416471,71.9822653383017,4.5));
#9973=CARTESIAN_POINT('Ctrl Pts',(3.20020448416471,71.9822653383017,5.5));
#9974=CARTESIAN_POINT('Ctrl Pts',(3.20020448416471,72.251705750823,4.5));
#9975=CARTESIAN_POINT('Ctrl Pts',(3.20020448416471,72.251705750823,5.5));
#9976=CARTESIAN_POINT('',(3.39461099356413,71.8083225935698,4.5));
#9977=CARTESIAN_POINT('Ctrl Pts',(3.20020448416471,72.251705750823,4.5));
#9978=CARTESIAN_POINT('Ctrl Pts',(3.20020448416471,71.9822653383017,4.5));
#9979=CARTESIAN_POINT('Ctrl Pts',(3.39461099356413,71.8083225935698,4.5));
#9980=CARTESIAN_POINT('',(3.39461099356413,71.8083225935698,5.5));
#9981=CARTESIAN_POINT('Ctrl Pts',(3.39461099356413,71.8083225935698,5.5));
#9982=CARTESIAN_POINT('Ctrl Pts',(3.20020448416471,71.9822653383017,5.5));
#9983=CARTESIAN_POINT('Ctrl Pts',(3.20020448416471,72.251705750823,5.5));
#9984=CARTESIAN_POINT('',(3.39461099356413,71.8083225935698,4.5));
#9985=CARTESIAN_POINT('Ctrl Pts',(4.39222346991301,71.4519106596708,4.5));
#9986=CARTESIAN_POINT('Ctrl Pts',(4.39222346991301,71.4519106596708,5.5));
#9987=CARTESIAN_POINT('Ctrl Pts',(3.5856069251895,71.6343798488379,4.5));
#9988=CARTESIAN_POINT('Ctrl Pts',(3.5856069251895,71.6343798488379,5.5));
#9989=CARTESIAN_POINT('Ctrl Pts',(3.39461099356413,71.8083225935698,4.5));
#9990=CARTESIAN_POINT('Ctrl Pts',(3.39461099356413,71.8083225935698,5.5));
#9991=CARTESIAN_POINT('',(4.39222346991301,71.4519106596708,4.5));
#9992=CARTESIAN_POINT('Ctrl Pts',(3.39461099356413,71.8083225935698,4.5));
#9993=CARTESIAN_POINT('Ctrl Pts',(3.5856069251895,71.6343798488379,4.5));
#9994=CARTESIAN_POINT('Ctrl Pts',(4.39222346991301,71.4519106596708,4.5));
#9995=CARTESIAN_POINT('',(4.39222346991301,71.4519106596708,5.5));
#9996=CARTESIAN_POINT('Ctrl Pts',(4.39222346991301,71.4519106596708,5.5));
#9997=CARTESIAN_POINT('Ctrl Pts',(3.5856069251895,71.6343798488379,5.5));
#9998=CARTESIAN_POINT('Ctrl Pts',(3.39461099356413,71.8083225935698,5.5));
#9999=CARTESIAN_POINT('',(4.39222346991301,71.4519106596708,4.5));
#10000=CARTESIAN_POINT('Ctrl Pts',(5.49897681921721,71.1330156773329,4.5));
#10001=CARTESIAN_POINT('Ctrl Pts',(5.49897681921721,71.1330156773329,5.5));
#10002=CARTESIAN_POINT('Ctrl Pts',(5.19884001463652,71.2694411724806,4.5));
#10003=CARTESIAN_POINT('Ctrl Pts',(5.19884001463652,71.2694411724806,5.5));
#10004=CARTESIAN_POINT('Ctrl Pts',(4.39222346991301,71.4519106596708,4.5));
#10005=CARTESIAN_POINT('Ctrl Pts',(4.39222346991301,71.4519106596708,5.5));
#10006=CARTESIAN_POINT('',(5.49897681921721,71.1330156773329,4.5));
#10007=CARTESIAN_POINT('Ctrl Pts',(4.39222346991301,71.4519106596708,4.5));
#10008=CARTESIAN_POINT('Ctrl Pts',(5.19884001463652,71.2694411724806,4.5));
#10009=CARTESIAN_POINT('Ctrl Pts',(5.49897681921721,71.1330156773329,4.5));
#10010=CARTESIAN_POINT('',(5.49897681921721,71.1330156773329,5.5));
#10011=CARTESIAN_POINT('Ctrl Pts',(5.49897681921721,71.1330156773329,5.5));
#10012=CARTESIAN_POINT('Ctrl Pts',(5.19884001463652,71.2694411724806,5.5));
#10013=CARTESIAN_POINT('Ctrl Pts',(4.39222346991301,71.4519106596708,5.5));
#10014=CARTESIAN_POINT('',(5.49897681921721,71.1330156773329,4.5));
#10015=CARTESIAN_POINT('Ctrl Pts',(6.1435879394412,70.6231247633696,4.5));
#10016=CARTESIAN_POINT('Ctrl Pts',(6.1435879394412,70.6231247633696,5.5));
#10017=CARTESIAN_POINT('Ctrl Pts',(5.93553852289915,70.9317874163389,4.5));
#10018=CARTESIAN_POINT('Ctrl Pts',(5.93553852289915,70.9317874163389,5.5));
#10019=CARTESIAN_POINT('Ctrl Pts',(5.49897681921721,71.1330156773329,4.5));
#10020=CARTESIAN_POINT('Ctrl Pts',(5.49897681921721,71.1330156773329,5.5));
#10021=CARTESIAN_POINT('',(6.1435879394412,70.6231247633696,4.5));
#10022=CARTESIAN_POINT('Ctrl Pts',(5.49897681921721,71.1330156773329,4.5));
#10023=CARTESIAN_POINT('Ctrl Pts',(5.93553852289915,70.9317874163389,4.5));
#10024=CARTESIAN_POINT('Ctrl Pts',(6.1435879394412,70.6231247633696,4.5));
#10025=CARTESIAN_POINT('',(6.1435879394412,70.6231247633696,5.5));
#10026=CARTESIAN_POINT('Ctrl Pts',(6.1435879394412,70.6231247633696,5.5));
#10027=CARTESIAN_POINT('Ctrl Pts',(5.93553852289915,70.9317874163389,5.5));
#10028=CARTESIAN_POINT('Ctrl Pts',(5.49897681921721,71.1330156773329,5.5));
#10029=CARTESIAN_POINT('',(6.1435879394412,70.6231247633696,4.5));
#10030=CARTESIAN_POINT('Ctrl Pts',(6.35163675993681,69.9120061844587,4.5));
#10031=CARTESIAN_POINT('Ctrl Pts',(6.35163675993681,69.9120061844587,5.5));
#10032=CARTESIAN_POINT('Ctrl Pts',(6.35163675993681,70.3144615143538,4.5));
#10033=CARTESIAN_POINT('Ctrl Pts',(6.35163675993681,70.3144615143538,5.5));
#10034=CARTESIAN_POINT('Ctrl Pts',(6.1435879394412,70.6231247633696,4.5));
#10035=CARTESIAN_POINT('Ctrl Pts',(6.1435879394412,70.6231247633696,5.5));
#10036=CARTESIAN_POINT('',(6.35163675993681,69.9120061844587,4.5));
#10037=CARTESIAN_POINT('Ctrl Pts',(6.1435879394412,70.6231247633696,4.5));
#10038=CARTESIAN_POINT('Ctrl Pts',(6.35163675993681,70.3144615143538,4.5));
#10039=CARTESIAN_POINT('Ctrl Pts',(6.35163675993681,69.9120061844587,4.5));
#10040=CARTESIAN_POINT('',(6.35163675993681,69.9120061844587,5.5));
#10041=CARTESIAN_POINT('Ctrl Pts',(6.35163675993681,69.9120061844587,5.5));
#10042=CARTESIAN_POINT('Ctrl Pts',(6.35163675993681,70.3144615143538,5.5));
#10043=CARTESIAN_POINT('Ctrl Pts',(6.1435879394412,70.6231247633696,5.5));
#10044=CARTESIAN_POINT('',(6.35163675993681,69.9120061844587,4.5));
#10045=CARTESIAN_POINT('Ctrl Pts',(6.12312387675047,69.1599600762129,4.5));
#10046=CARTESIAN_POINT('Ctrl Pts',(6.12312387675047,69.1599600762129,5.5));
#10047=CARTESIAN_POINT('Ctrl Pts',(6.35163675993681,69.5129614323378,4.5));
#10048=CARTESIAN_POINT('Ctrl Pts',(6.35163675993681,69.5129614323378,5.5));
#10049=CARTESIAN_POINT('Ctrl Pts',(6.35163675993681,69.9120061844587,4.5));
#10050=CARTESIAN_POINT('Ctrl Pts',(6.35163675993681,69.9120061844587,5.5));
#10051=CARTESIAN_POINT('',(6.12312387675047,69.1599600762129,4.5));
#10052=CARTESIAN_POINT('Ctrl Pts',(6.35163675993681,69.9120061844587,4.5));
#10053=CARTESIAN_POINT('Ctrl Pts',(6.35163675993681,69.5129614323378,4.5));
#10054=CARTESIAN_POINT('Ctrl Pts',(6.12312387675047,69.1599600762129,4.5));
#10055=CARTESIAN_POINT('',(6.12312387675047,69.1599600762129,5.5));
#10056=CARTESIAN_POINT('Ctrl Pts',(6.12312387675047,69.1599600762129,5.5));
#10057=CARTESIAN_POINT('Ctrl Pts',(6.35163675993681,69.5129614323378,5.5));
#10058=CARTESIAN_POINT('Ctrl Pts',(6.35163675993681,69.9120061844587,5.5));
#10059=CARTESIAN_POINT('',(6.12312387675047,69.1599600762129,4.5));
#10060=CARTESIAN_POINT('Ctrl Pts',(5.4665757343173,68.6108463257551,4.5));
#10061=CARTESIAN_POINT('Ctrl Pts',(5.4665757343173,68.6108463257551,5.5));
#10062=CARTESIAN_POINT('Ctrl Pts',(5.89461099356413,68.806958720088,4.5));
#10063=CARTESIAN_POINT('Ctrl Pts',(5.89461099356413,68.806958720088,5.5));
#10064=CARTESIAN_POINT('Ctrl Pts',(6.12312387675047,69.1599600762129,4.5));
#10065=CARTESIAN_POINT('Ctrl Pts',(6.12312387675047,69.1599600762129,5.5));
#10066=CARTESIAN_POINT('',(5.4665757343173,68.6108463257551,4.5));
#10067=CARTESIAN_POINT('Ctrl Pts',(6.12312387675047,69.1599600762129,4.5));
#10068=CARTESIAN_POINT('Ctrl Pts',(5.89461099356413,68.806958720088,4.5));
#10069=CARTESIAN_POINT('Ctrl Pts',(5.4665757343173,68.6108463257551,4.5));
#10070=CARTESIAN_POINT('',(5.4665757343173,68.6108463257551,5.5));
#10071=CARTESIAN_POINT('Ctrl Pts',(5.4665757343173,68.6108463257551,5.5));
#10072=CARTESIAN_POINT('Ctrl Pts',(5.89461099356413,68.806958720088,5.5));
#10073=CARTESIAN_POINT('Ctrl Pts',(6.12312387675047,69.1599600762129,5.5));
#10074=CARTESIAN_POINT('',(5.4665757343173,68.6108463257551,4.5));
#10075=CARTESIAN_POINT('Ctrl Pts',(4.5030690357089,68.4147345274687,4.5));
#10076=CARTESIAN_POINT('Ctrl Pts',(4.5030690357089,68.4147345274687,5.5));
#10077=CARTESIAN_POINT('Ctrl Pts',(5.03853987902403,68.4147345274687,4.5));
#10078=CARTESIAN_POINT('Ctrl Pts',(5.03853987902403,68.4147345274687,5.5));
#10079=CARTESIAN_POINT('Ctrl Pts',(5.4665757343173,68.6108463257551,4.5));
#10080=CARTESIAN_POINT('Ctrl Pts',(5.4665757343173,68.6108463257551,5.5));
#10081=CARTESIAN_POINT('',(4.5030690357089,68.4147345274687,4.5));
#10082=CARTESIAN_POINT('Ctrl Pts',(5.4665757343173,68.6108463257551,4.5));
#10083=CARTESIAN_POINT('Ctrl Pts',(5.03853987902403,68.4147345274687,4.5));
#10084=CARTESIAN_POINT('Ctrl Pts',(4.5030690357089,68.4147345274687,4.5));
#10085=CARTESIAN_POINT('',(4.5030690357089,68.4147345274687,5.5));
#10086=CARTESIAN_POINT('Ctrl Pts',(4.5030690357089,68.4147345274687,5.5));
#10087=CARTESIAN_POINT('Ctrl Pts',(5.03853987902403,68.4147345274687,5.5));
#10088=CARTESIAN_POINT('Ctrl Pts',(5.4665757343173,68.6108463257551,5.5));
#10089=CARTESIAN_POINT('',(4.5030690357089,68.4147345274687,4.5));
#10090=CARTESIAN_POINT('Ctrl Pts',(3.36562048643827,68.6125522106886,4.5));
#10091=CARTESIAN_POINT('Ctrl Pts',(3.36562048643827,68.6125522106886,5.5));
#10092=CARTESIAN_POINT('Ctrl Pts',(3.82435154169798,68.4147345274687,4.5));
#10093=CARTESIAN_POINT('Ctrl Pts',(3.82435154169798,68.4147345274687,5.5));
#10094=CARTESIAN_POINT('Ctrl Pts',(4.5030690357089,68.4147345274687,4.5));
#10095=CARTESIAN_POINT('Ctrl Pts',(4.5030690357089,68.4147345274687,5.5));
#10096=CARTESIAN_POINT('',(3.36562048643827,68.6125522106886,4.5));
#10097=CARTESIAN_POINT('Ctrl Pts',(4.5030690357089,68.4147345274687,4.5));
#10098=CARTESIAN_POINT('Ctrl Pts',(3.82435154169798,68.4147345274687,4.5));
#10099=CARTESIAN_POINT('Ctrl Pts',(3.36562048643827,68.6125522106886,4.5));
#10100=CARTESIAN_POINT('',(3.36562048643827,68.6125522106886,5.5));
#10101=CARTESIAN_POINT('Ctrl Pts',(3.36562048643827,68.6125522106886,5.5));
#10102=CARTESIAN_POINT('Ctrl Pts',(3.82435154169798,68.4147345274687,5.5));
#10103=CARTESIAN_POINT('Ctrl Pts',(4.5030690357089,68.4147345274687,5.5));
#10104=CARTESIAN_POINT('',(3.36562048643827,68.6125522106886,4.5));
#10105=CARTESIAN_POINT('Ctrl Pts',(2.6459751650691,69.207708761096,4.5));
#10106=CARTESIAN_POINT('Ctrl Pts',(2.6459751650691,69.207708761096,5.5));
#10107=CARTESIAN_POINT('Ctrl Pts',(2.90688913315535,68.8103692978621,4.5));
#10108=CARTESIAN_POINT('Ctrl Pts',(2.90688913315535,68.8103692978621,5.5));
#10109=CARTESIAN_POINT('Ctrl Pts',(3.36562048643827,68.6125522106886,4.5));
#10110=CARTESIAN_POINT('Ctrl Pts',(3.36562048643827,68.6125522106886,5.5));
#10111=CARTESIAN_POINT('Ctrl Pts',(3.36562048643827,68.6125522106886,4.5));
#10112=CARTESIAN_POINT('Ctrl Pts',(2.90688913315535,68.8103692978621,4.5));
#10113=CARTESIAN_POINT('Ctrl Pts',(2.6459751650691,69.207708761096,4.5));
#10114=CARTESIAN_POINT('Ctrl Pts',(2.6459751650691,69.207708761096,5.5));
#10115=CARTESIAN_POINT('Ctrl Pts',(2.90688913315535,68.8103692978621,5.5));
#10116=CARTESIAN_POINT('Ctrl Pts',(3.36562048643827,68.6125522106886,5.5));
#10117=CARTESIAN_POINT('Origin',(4.36152767390013,71.000000461936,5.5));
#10118=CARTESIAN_POINT('Origin',(4.36152767390013,71.000000461936,4.5));
#10119=CARTESIAN_POINT('Origin',(12.6169849559665,68.5000007599592,4.5));
#10120=CARTESIAN_POINT('',(13.230900876224,68.5000007599592,4.5));
#10121=CARTESIAN_POINT('',(12.6169849559665,68.5000007599592,4.5));
#10122=CARTESIAN_POINT('',(13.230900876224,68.5000007599592,4.5));
#10123=CARTESIAN_POINT('',(13.230900876224,68.5000007599592,5.5));
#10124=CARTESIAN_POINT('',(13.230900876224,68.5000007599592,4.5));
#10125=CARTESIAN_POINT('',(12.6169849559665,68.5000007599592,5.5));
#10126=CARTESIAN_POINT('',(13.230900876224,68.5000007599592,5.5));
#10127=CARTESIAN_POINT('',(12.6169849559665,68.5000007599592,4.5));
#10128=CARTESIAN_POINT('Origin',(12.6169849559665,72.1221017092466,4.5));
#10129=CARTESIAN_POINT('',(12.6169849559665,72.1221017092466,4.5));
#10130=CARTESIAN_POINT('',(12.6169849559665,68.5000007599592,4.5));
#10131=CARTESIAN_POINT('',(12.6169849559665,72.1221017092466,5.5));
#10132=CARTESIAN_POINT('',(12.6169849559665,68.5000007599592,5.5));
#10133=CARTESIAN_POINT('',(12.6169849559665,72.1221017092466,4.5));
#10134=CARTESIAN_POINT('Origin',(13.230900876224,72.1221017092466,4.5));
#10135=CARTESIAN_POINT('',(13.230900876224,72.1221017092466,4.5));
#10136=CARTESIAN_POINT('',(12.6169849559665,72.1221017092466,4.5));
#10137=CARTESIAN_POINT('',(13.230900876224,72.1221017092466,5.5));
#10138=CARTESIAN_POINT('',(12.6169849559665,72.1221017092466,5.5));
#10139=CARTESIAN_POINT('',(13.230900876224,72.1221017092466,4.5));
#10140=CARTESIAN_POINT('Origin',(13.230900876224,68.5000007599592,4.5));
#10141=CARTESIAN_POINT('',(13.230900876224,72.1221017092466,4.5));
#10142=CARTESIAN_POINT('',(13.230900876224,72.1221017092466,5.5));
#10143=CARTESIAN_POINT('Origin',(12.9239429160953,70.3110512346029,5.5));
#10144=CARTESIAN_POINT('Origin',(12.9239429160953,70.3110512346029,4.5));
#10145=CARTESIAN_POINT('Ctrl Pts',(17.6306272670627,67.1050482243299,4.5));
#10146=CARTESIAN_POINT('Ctrl Pts',(17.6306272670627,67.1050482243299,5.5));
#10147=CARTESIAN_POINT('Ctrl Pts',(17.8489078208804,67.030014321208,4.5));
#10148=CARTESIAN_POINT('Ctrl Pts',(17.8489078208804,67.030014321208,5.5));
#10149=CARTESIAN_POINT('Ctrl Pts',(18.0262614414096,67.030014321208,4.5));
#10150=CARTESIAN_POINT('Ctrl Pts',(18.0262614414096,67.030014321208,5.5));
#10151=CARTESIAN_POINT('',(18.0262614414096,67.030014321208,4.5));
#10152=CARTESIAN_POINT('',(17.6306272670627,67.1050482243299,4.5));
#10153=CARTESIAN_POINT('Ctrl Pts',(18.0262614414096,67.030014321208,4.5));
#10154=CARTESIAN_POINT('Ctrl Pts',(17.8489078208804,67.030014321208,4.5));
#10155=CARTESIAN_POINT('Ctrl Pts',(17.6306272670627,67.1050482243299,4.5));
#10156=CARTESIAN_POINT('',(18.0262614414096,67.030014321208,5.5));
#10157=CARTESIAN_POINT('',(18.0262614414096,67.030014321208,4.5));
#10158=CARTESIAN_POINT('',(17.6306272670627,67.1050482243299,5.5));
#10159=CARTESIAN_POINT('Ctrl Pts',(17.6306272670627,67.1050482243299,5.5));
#10160=CARTESIAN_POINT('Ctrl Pts',(17.8489078208804,67.030014321208,5.5));
#10161=CARTESIAN_POINT('Ctrl Pts',(18.0262614414096,67.030014321208,5.5));
#10162=CARTESIAN_POINT('',(17.6306272670627,67.1050482243299,4.5));
#10163=CARTESIAN_POINT('Origin',(17.5624145194888,67.6814465969801,4.5));
#10164=CARTESIAN_POINT('',(17.5624145194888,67.6814465969801,4.5));
#10165=CARTESIAN_POINT('',(17.6306272670627,67.1050482243299,4.5));
#10166=CARTESIAN_POINT('',(17.5624145194888,67.6814465969801,5.5));
#10167=CARTESIAN_POINT('',(17.6306272670627,67.1050482243299,5.5));
#10168=CARTESIAN_POINT('',(17.5624145194888,67.6814465969801,4.5));
#10169=CARTESIAN_POINT('Ctrl Pts',(17.9137099906802,67.6268767565489,4.5));
#10170=CARTESIAN_POINT('Ctrl Pts',(17.9137099906802,67.6268767565489,5.5));
#10171=CARTESIAN_POINT('Ctrl Pts',(17.7636421844363,67.6268767565489,4.5));
#10172=CARTESIAN_POINT('Ctrl Pts',(17.7636421844363,67.6268767565489,5.5));
#10173=CARTESIAN_POINT('Ctrl Pts',(17.5624145194888,67.6814465969801,4.5));
#10174=CARTESIAN_POINT('Ctrl Pts',(17.5624145194888,67.6814465969801,5.5));
#10175=CARTESIAN_POINT('',(17.9137099906802,67.6268767565489,4.5));
#10176=CARTESIAN_POINT('Ctrl Pts',(17.5624145194888,67.6814465969801,4.5));
#10177=CARTESIAN_POINT('Ctrl Pts',(17.7636421844363,67.6268767565489,4.5));
#10178=CARTESIAN_POINT('Ctrl Pts',(17.9137099906802,67.6268767565489,4.5));
#10179=CARTESIAN_POINT('',(17.9137099906802,67.6268767565489,5.5));
#10180=CARTESIAN_POINT('Ctrl Pts',(17.9137099906802,67.6268767565489,5.5));
#10181=CARTESIAN_POINT('Ctrl Pts',(17.7636421844363,67.6268767565489,5.5));
#10182=CARTESIAN_POINT('Ctrl Pts',(17.5624145194888,67.6814465969801,5.5));
#10183=CARTESIAN_POINT('',(17.9137099906802,67.6268767565489,4.5));
#10184=CARTESIAN_POINT('Ctrl Pts',(18.2411326095462,67.6950895041227,4.5));
#10185=CARTESIAN_POINT('Ctrl Pts',(18.2411326095462,67.6950895041227,5.5));
#10186=CARTESIAN_POINT('Ctrl Pts',(18.1183494254947,67.6268767565489,4.5));
#10187=CARTESIAN_POINT('Ctrl Pts',(18.1183494254947,67.6268767565489,5.5));
#10188=CARTESIAN_POINT('Ctrl Pts',(17.9137099906802,67.6268767565489,4.5));
#10189=CARTESIAN_POINT('Ctrl Pts',(17.9137099906802,67.6268767565489,5.5));
#10190=CARTESIAN_POINT('',(18.2411326095462,67.6950895041227,4.5));
#10191=CARTESIAN_POINT('Ctrl Pts',(17.9137099906802,67.6268767565489,4.5));
#10192=CARTESIAN_POINT('Ctrl Pts',(18.1183494254947,67.6268767565489,4.5));
#10193=CARTESIAN_POINT('Ctrl Pts',(18.2411326095462,67.6950895041227,4.5));
#10194=CARTESIAN_POINT('',(18.2411326095462,67.6950895041227,5.5));
#10195=CARTESIAN_POINT('Ctrl Pts',(18.2411326095462,67.6950895041227,5.5));
#10196=CARTESIAN_POINT('Ctrl Pts',(18.1183494254947,67.6268767565489,5.5));
#10197=CARTESIAN_POINT('Ctrl Pts',(17.9137099906802,67.6268767565489,5.5));
#10198=CARTESIAN_POINT('',(18.2411326095462,67.6950895041227,4.5));
#10199=CARTESIAN_POINT('Ctrl Pts',(18.4423602744937,67.8860854357481,4.5));
#10200=CARTESIAN_POINT('Ctrl Pts',(18.4423602744937,67.8860854357481,5.5));
#10201=CARTESIAN_POINT('Ctrl Pts',(18.3639146015048,67.7633022516966,4.5));
#10202=CARTESIAN_POINT('Ctrl Pts',(18.3639146015048,67.7633022516966,5.5));
#10203=CARTESIAN_POINT('Ctrl Pts',(18.2411326095462,67.6950895041227,4.5));
#10204=CARTESIAN_POINT('Ctrl Pts',(18.2411326095462,67.6950895041227,5.5));
#10205=CARTESIAN_POINT('',(18.4423602744937,67.8860854357481,4.5));
#10206=CARTESIAN_POINT('Ctrl Pts',(18.2411326095462,67.6950895041227,4.5));
#10207=CARTESIAN_POINT('Ctrl Pts',(18.3639146015048,67.7633022516966,4.5));
#10208=CARTESIAN_POINT('Ctrl Pts',(18.4423602744937,67.8860854357481,4.5));
#10209=CARTESIAN_POINT('',(18.4423602744937,67.8860854357481,5.5));
#10210=CARTESIAN_POINT('Ctrl Pts',(18.4423602744937,67.8860854357481,5.5));
#10211=CARTESIAN_POINT('Ctrl Pts',(18.3639146015048,67.7633022516966,5.5));
#10212=CARTESIAN_POINT('Ctrl Pts',(18.2411326095462,67.6950895041227,5.5));
#10213=CARTESIAN_POINT('',(18.4423602744937,67.8860854357481,4.5));
#10214=CARTESIAN_POINT('Ctrl Pts',(18.629945628345,68.3431112021208,4.5));
#10215=CARTESIAN_POINT('Ctrl Pts',(18.629945628345,68.3431112021208,5.5));
#10216=CARTESIAN_POINT('Ctrl Pts',(18.5003412887454,67.9781728237867,4.5));
#10217=CARTESIAN_POINT('Ctrl Pts',(18.5003412887454,67.9781728237867,5.5));
#10218=CARTESIAN_POINT('Ctrl Pts',(18.4423602744937,67.8860854357481,4.5));
#10219=CARTESIAN_POINT('Ctrl Pts',(18.4423602744937,67.8860854357481,5.5));
#10220=CARTESIAN_POINT('',(18.629945628345,68.3431112021208,4.5));
#10221=CARTESIAN_POINT('Ctrl Pts',(18.4423602744937,67.8860854357481,4.5));
#10222=CARTESIAN_POINT('Ctrl Pts',(18.5003412887454,67.9781728237867,4.5));
#10223=CARTESIAN_POINT('Ctrl Pts',(18.629945628345,68.3431112021208,4.5));
#10224=CARTESIAN_POINT('',(18.629945628345,68.3431112021208,5.5));
#10225=CARTESIAN_POINT('Ctrl Pts',(18.629945628345,68.3431112021208,5.5));
#10226=CARTESIAN_POINT('Ctrl Pts',(18.5003412887454,67.9781728237867,5.5));
#10227=CARTESIAN_POINT('Ctrl Pts',(18.4423602744937,67.8860854357481,5.5));
#10228=CARTESIAN_POINT('',(18.629945628345,68.3431112021208,4.5));
#10229=CARTESIAN_POINT('Ctrl Pts',(18.6845148727298,68.4931796044111,4.5));
#10230=CARTESIAN_POINT('Ctrl Pts',(18.6845148727298,68.4931796044111,5.5));
#10231=CARTESIAN_POINT('Ctrl Pts',(18.6469985172153,68.3942704647779,4.5));
#10232=CARTESIAN_POINT('Ctrl Pts',(18.6469985172153,68.3942704647779,5.5));
#10233=CARTESIAN_POINT('Ctrl Pts',(18.629945628345,68.3431112021208,4.5));
#10234=CARTESIAN_POINT('Ctrl Pts',(18.629945628345,68.3431112021208,5.5));
#10235=CARTESIAN_POINT('',(18.6845148727298,68.4931796044111,4.5));
#10236=CARTESIAN_POINT('Ctrl Pts',(18.629945628345,68.3431112021208,4.5));
#10237=CARTESIAN_POINT('Ctrl Pts',(18.6469985172153,68.3942704647779,4.5));
#10238=CARTESIAN_POINT('Ctrl Pts',(18.6845148727298,68.4931796044111,4.5));
#10239=CARTESIAN_POINT('',(18.6845148727298,68.4931796044111,5.5));
#10240=CARTESIAN_POINT('Ctrl Pts',(18.6845148727298,68.4931796044111,5.5));
#10241=CARTESIAN_POINT('Ctrl Pts',(18.6469985172153,68.3942704647779,5.5));
#10242=CARTESIAN_POINT('Ctrl Pts',(18.629945628345,68.3431112021208,5.5));
#10243=CARTESIAN_POINT('',(18.6845148727298,68.4931796044111,4.5));
#10244=CARTESIAN_POINT('Origin',(17.3100269958377,72.1221017092466,4.5));
#10245=CARTESIAN_POINT('',(17.3100269958377,72.1221017092466,4.5));
#10246=CARTESIAN_POINT('',(18.6845148727298,68.4931796044111,4.5));
#10247=CARTESIAN_POINT('',(17.3100269958377,72.1221017092466,5.5));
#10248=CARTESIAN_POINT('',(18.6845148727298,68.4931796044111,5.5));
#10249=CARTESIAN_POINT('',(17.3100269958377,72.1221017092466,4.5));
#10250=CARTESIAN_POINT('Origin',(17.9716910049319,72.1221017092466,4.5));
#10251=CARTESIAN_POINT('',(17.9716910049319,72.1221017092466,4.5));
#10252=CARTESIAN_POINT('',(17.3100269958377,72.1221017092466,4.5));
#10253=CARTESIAN_POINT('',(17.9716910049319,72.1221017092466,5.5));
#10254=CARTESIAN_POINT('',(17.3100269958377,72.1221017092466,5.5));
#10255=CARTESIAN_POINT('',(17.9716910049319,72.1221017092466,4.5));
#10256=CARTESIAN_POINT('Origin',(18.7254429981112,70.0245576351881,4.5));
#10257=CARTESIAN_POINT('',(18.7254429981112,70.0245576351881,4.5));
#10258=CARTESIAN_POINT('',(17.9716910049319,72.1221017092466,4.5));
#10259=CARTESIAN_POINT('',(18.7254429981112,70.0245576351881,5.5));
#10260=CARTESIAN_POINT('',(17.9716910049319,72.1221017092466,5.5));
#10261=CARTESIAN_POINT('',(18.7254429981112,70.0245576351881,4.5));
#10262=CARTESIAN_POINT('Ctrl Pts',(18.9880622550845,69.1855394095182,4.5));
#10263=CARTESIAN_POINT('Ctrl Pts',(18.9880622550845,69.1855394095182,5.5));
#10264=CARTESIAN_POINT('Ctrl Pts',(18.8721002265811,69.6255122870207,4.5));
#10265=CARTESIAN_POINT('Ctrl Pts',(18.8721002265811,69.6255122870207,5.5));
#10266=CARTESIAN_POINT('Ctrl Pts',(18.7254429981112,70.0245576351881,4.5));
#10267=CARTESIAN_POINT('Ctrl Pts',(18.7254429981112,70.0245576351881,5.5));
#10268=CARTESIAN_POINT('',(18.9880622550845,69.1855394095182,4.5));
#10269=CARTESIAN_POINT('Ctrl Pts',(18.7254429981112,70.0245576351881,4.5));
#10270=CARTESIAN_POINT('Ctrl Pts',(18.8721002265811,69.6255122870207,4.5));
#10271=CARTESIAN_POINT('Ctrl Pts',(18.9880622550845,69.1855394095182,4.5));
#10272=CARTESIAN_POINT('',(18.9880622550845,69.1855394095182,5.5));
#10273=CARTESIAN_POINT('Ctrl Pts',(18.9880622550845,69.1855394095182,5.5));
#10274=CARTESIAN_POINT('Ctrl Pts',(18.8721002265811,69.6255122870207,5.5));
#10275=CARTESIAN_POINT('Ctrl Pts',(18.7254429981112,70.0245576351881,5.5));
#10276=CARTESIAN_POINT('',(18.9880622550845,69.1855394095182,4.5));
#10277=CARTESIAN_POINT('Ctrl Pts',(19.2404497787356,70.0109147280455,4.5));
#10278=CARTESIAN_POINT('Ctrl Pts',(19.2404497787356,70.0109147280455,5.5));
#10279=CARTESIAN_POINT('Ctrl Pts',(19.0937925502658,69.608458802104,4.5));
#10280=CARTESIAN_POINT('Ctrl Pts',(19.0937925502658,69.608458802104,5.5));
#10281=CARTESIAN_POINT('Ctrl Pts',(18.9880622550845,69.1855394095182,4.5));
#10282=CARTESIAN_POINT('Ctrl Pts',(18.9880622550845,69.1855394095182,5.5));
#10283=CARTESIAN_POINT('',(19.2404497787356,70.0109147280455,4.5));
#10284=CARTESIAN_POINT('Ctrl Pts',(18.9880622550845,69.1855394095182,4.5));
#10285=CARTESIAN_POINT('Ctrl Pts',(19.0937925502658,69.608458802104,4.5));
#10286=CARTESIAN_POINT('Ctrl Pts',(19.2404497787356,70.0109147280455,4.5));
#10287=CARTESIAN_POINT('',(19.2404497787356,70.0109147280455,5.5));
#10288=CARTESIAN_POINT('Ctrl Pts',(19.2404497787356,70.0109147280455,5.5));
#10289=CARTESIAN_POINT('Ctrl Pts',(19.0937925502658,69.608458802104,5.5));
#10290=CARTESIAN_POINT('Ctrl Pts',(18.9880622550845,69.1855394095182,5.5));
#10291=CARTESIAN_POINT('',(19.2404497787356,70.0109147280455,4.5));
#10292=CARTESIAN_POINT('Origin',(20.0146664306521,72.1221017092466,4.5));
#10293=CARTESIAN_POINT('',(20.0146664306521,72.1221017092466,4.5));
#10294=CARTESIAN_POINT('',(19.2404497787356,70.0109147280455,4.5));
#10295=CARTESIAN_POINT('',(20.0146664306521,72.1221017092466,5.5));
#10296=CARTESIAN_POINT('',(19.2404497787356,70.0109147280455,5.5));
#10297=CARTESIAN_POINT('',(20.0146664306521,72.1221017092466,4.5));
#10298=CARTESIAN_POINT('Origin',(20.6285799667239,72.1221017092466,4.5));
#10299=CARTESIAN_POINT('',(20.6285799667239,72.1221017092466,4.5));
#10300=CARTESIAN_POINT('',(20.0146664306521,72.1221017092466,4.5));
#10301=CARTESIAN_POINT('',(20.6285799667239,72.1221017092466,5.5));
#10302=CARTESIAN_POINT('',(20.0146664306521,72.1221017092466,5.5));
#10303=CARTESIAN_POINT('',(20.6285799667239,72.1221017092466,4.5));
#10304=CARTESIAN_POINT('Origin',(19.2506815120578,68.4386091679335,4.5));
#10305=CARTESIAN_POINT('',(19.2506815120578,68.4386091679335,4.5));
#10306=CARTESIAN_POINT('',(20.6285799667239,72.1221017092466,4.5));
#10307=CARTESIAN_POINT('',(19.2506815120578,68.4386091679335,5.5));
#10308=CARTESIAN_POINT('',(20.6285799667239,72.1221017092466,5.5));
#10309=CARTESIAN_POINT('',(19.2506815120578,68.4386091679335,4.5));
#10310=CARTESIAN_POINT('Ctrl Pts',(18.9062071964145,67.6166444271803,4.5));
#10311=CARTESIAN_POINT('Ctrl Pts',(18.9062071964145,67.6166444271803,5.5));
#10312=CARTESIAN_POINT('Ctrl Pts',(19.028990380466,67.8417467325926,4.5));
#10313=CARTESIAN_POINT('Ctrl Pts',(19.028990380466,67.8417467325926,5.5));
#10314=CARTESIAN_POINT('Ctrl Pts',(19.2506815120578,68.4386091679335,4.5));
#10315=CARTESIAN_POINT('Ctrl Pts',(19.2506815120578,68.4386091679335,5.5));
#10316=CARTESIAN_POINT('',(18.9062071964145,67.6166444271803,4.5));
#10317=CARTESIAN_POINT('Ctrl Pts',(19.2506815120578,68.4386091679335,4.5));
#10318=CARTESIAN_POINT('Ctrl Pts',(19.028990380466,67.8417467325926,4.5));
#10319=CARTESIAN_POINT('Ctrl Pts',(18.9062071964145,67.6166444271803,4.5));
#10320=CARTESIAN_POINT('',(18.9062071964145,67.6166444271803,5.5));
#10321=CARTESIAN_POINT('Ctrl Pts',(18.9062071964145,67.6166444271803,5.5));
#10322=CARTESIAN_POINT('Ctrl Pts',(19.028990380466,67.8417467325926,5.5));
#10323=CARTESIAN_POINT('Ctrl Pts',(19.2506815120578,68.4386091679335,5.5));
#10324=CARTESIAN_POINT('',(18.9062071964145,67.6166444271803,4.5));
#10325=CARTESIAN_POINT('Ctrl Pts',(18.5310364887118,67.1715562790632,4.5));
#10326=CARTESIAN_POINT('Ctrl Pts',(18.5310364887118,67.1715562790632,5.5));
#10327=CARTESIAN_POINT('Ctrl Pts',(18.7424958869815,67.313097640872,4.5));
#10328=CARTESIAN_POINT('Ctrl Pts',(18.7424958869815,67.313097640872,5.5));
#10329=CARTESIAN_POINT('Ctrl Pts',(18.9062071964145,67.6166444271803,4.5));
#10330=CARTESIAN_POINT('Ctrl Pts',(18.9062071964145,67.6166444271803,5.5));
#10331=CARTESIAN_POINT('',(18.5310364887118,67.1715562790632,4.5));
#10332=CARTESIAN_POINT('Ctrl Pts',(18.9062071964145,67.6166444271803,4.5));
#10333=CARTESIAN_POINT('Ctrl Pts',(18.7424958869815,67.313097640872,4.5));
#10334=CARTESIAN_POINT('Ctrl Pts',(18.5310364887118,67.1715562790632,4.5));
#10335=CARTESIAN_POINT('',(18.5310364887118,67.1715562790632,5.5));
#10336=CARTESIAN_POINT('Ctrl Pts',(18.5310364887118,67.1715562790632,5.5));
#10337=CARTESIAN_POINT('Ctrl Pts',(18.7424958869815,67.313097640872,5.5));
#10338=CARTESIAN_POINT('Ctrl Pts',(18.9062071964145,67.6166444271803,5.5));
#10339=CARTESIAN_POINT('',(18.5310364887118,67.1715562790632,4.5));
#10340=CARTESIAN_POINT('Ctrl Pts',(18.0262614414096,67.030014321208,4.5));
#10341=CARTESIAN_POINT('Ctrl Pts',(18.0262614414096,67.030014321208,5.5));
#10342=CARTESIAN_POINT('Ctrl Pts',(18.3195770904422,67.030014321208,4.5));
#10343=CARTESIAN_POINT('Ctrl Pts',(18.3195770904422,67.030014321208,5.5));
#10344=CARTESIAN_POINT('Ctrl Pts',(18.5310364887118,67.1715562790632,4.5));
#10345=CARTESIAN_POINT('Ctrl Pts',(18.5310364887118,67.1715562790632,5.5));
#10346=CARTESIAN_POINT('Ctrl Pts',(18.5310364887118,67.1715562790632,4.5));
#10347=CARTESIAN_POINT('Ctrl Pts',(18.3195770904422,67.030014321208,4.5));
#10348=CARTESIAN_POINT('Ctrl Pts',(18.0262614414096,67.030014321208,4.5));
#10349=CARTESIAN_POINT('Ctrl Pts',(18.0262614414096,67.030014321208,5.5));
#10350=CARTESIAN_POINT('Ctrl Pts',(18.3195770904422,67.030014321208,5.5));
#10351=CARTESIAN_POINT('Ctrl Pts',(18.5310364887118,67.1715562790632,5.5));
#10352=CARTESIAN_POINT('Origin',(18.9693034812808,69.5760580152273,5.5));
#10353=CARTESIAN_POINT('Origin',(18.9693034812808,69.5760580152273,4.5));
#10354=CARTESIAN_POINT('Ctrl Pts',(14.9208737537265,69.1889505833387,4.5));
#10355=CARTESIAN_POINT('Ctrl Pts',(14.9208737537265,69.1889505833387,5.));
#10356=CARTESIAN_POINT('Ctrl Pts',(14.9532748386264,69.1139160841703,4.5));
#10357=CARTESIAN_POINT('Ctrl Pts',(14.9532748386264,69.1139160841703,5.));
#10358=CARTESIAN_POINT('Ctrl Pts',(15.0266028568149,69.0695779770613,4.5));
#10359=CARTESIAN_POINT('Ctrl Pts',(15.0266028568149,69.0695779770613,5.));
#10360=CARTESIAN_POINT('',(14.9208737537265,69.1889505833387,4.5));
#10361=CARTESIAN_POINT('',(15.0266028568149,69.0695779770613,4.5));
#10362=CARTESIAN_POINT('Ctrl Pts',(14.9208737537265,69.1889505833387,4.5));
#10363=CARTESIAN_POINT('Ctrl Pts',(14.9532748386264,69.1139160841703,4.5));
#10364=CARTESIAN_POINT('Ctrl Pts',(15.0266028568149,69.0695779770613,4.5));
#10365=CARTESIAN_POINT('',(15.0266028568149,69.0695779770613,5.));
#10366=CARTESIAN_POINT('',(15.0266028568149,69.0695779770613,4.5));
#10367=CARTESIAN_POINT('',(14.9208737537265,69.1889505833387,5.));
#10368=CARTESIAN_POINT('Ctrl Pts',(14.9208737537265,69.1889505833387,5.));
#10369=CARTESIAN_POINT('Ctrl Pts',(14.9532748386264,69.1139160841703,5.));
#10370=CARTESIAN_POINT('Ctrl Pts',(15.0266028568149,69.0695779770613,5.));
#10371=CARTESIAN_POINT('',(14.9208737537265,69.1889505833387,4.5));
#10372=CARTESIAN_POINT('Ctrl Pts',(14.8884726688266,69.526603743434,4.5));
#10373=CARTESIAN_POINT('Ctrl Pts',(14.8884726688266,69.526603743434,5.));
#10374=CARTESIAN_POINT('Ctrl Pts',(14.8884726688266,69.2639844864607,4.5));
#10375=CARTESIAN_POINT('Ctrl Pts',(14.8884726688266,69.2639844864607,5.));
#10376=CARTESIAN_POINT('Ctrl Pts',(14.9208737537265,69.1889505833387,4.5));
#10377=CARTESIAN_POINT('Ctrl Pts',(14.9208737537265,69.1889505833387,5.));
#10378=CARTESIAN_POINT('',(14.8884726688266,69.526603743434,4.5));
#10379=CARTESIAN_POINT('Ctrl Pts',(14.8884726688266,69.526603743434,4.5));
#10380=CARTESIAN_POINT('Ctrl Pts',(14.8884726688266,69.2639844864607,4.5));
#10381=CARTESIAN_POINT('Ctrl Pts',(14.9208737537265,69.1889505833387,4.5));
#10382=CARTESIAN_POINT('',(14.8884726688266,69.526603743434,5.));
#10383=CARTESIAN_POINT('Ctrl Pts',(14.8884726688266,69.526603743434,5.));
#10384=CARTESIAN_POINT('Ctrl Pts',(14.8884726688266,69.2639844864607,5.));
#10385=CARTESIAN_POINT('Ctrl Pts',(14.9208737537265,69.1889505833387,5.));
#10386=CARTESIAN_POINT('',(14.8884726688266,69.526603743434,4.5));
#10387=CARTESIAN_POINT('Origin',(14.8884726688266,71.6446118801832,4.5));
#10388=CARTESIAN_POINT('',(14.8884726688266,71.6446118801832,4.5));
#10389=CARTESIAN_POINT('',(14.8884726688266,71.6446118801832,4.5));
#10390=CARTESIAN_POINT('',(14.8884726688266,71.6446118801832,5.));
#10391=CARTESIAN_POINT('',(14.8884726688266,71.6446118801832,5.));
#10392=CARTESIAN_POINT('',(14.8884726688266,71.6446118801832,4.5));
#10393=CARTESIAN_POINT('Origin',(15.5057979747653,71.6446118801832,4.5));
#10394=CARTESIAN_POINT('',(15.5057979747653,71.6446118801832,4.5));
#10395=CARTESIAN_POINT('',(15.5057979747653,71.6446118801832,4.5));
#10396=CARTESIAN_POINT('',(15.5057979747653,71.6446118801832,5.));
#10397=CARTESIAN_POINT('',(15.5057979747653,71.6446118801832,5.));
#10398=CARTESIAN_POINT('',(15.5057979747653,71.6446118801832,4.5));
#10399=CARTESIAN_POINT('Origin',(15.5057979747653,72.1221017092466,4.5));
#10400=CARTESIAN_POINT('',(15.5057979747653,72.1221017092466,4.5));
#10401=CARTESIAN_POINT('',(15.5057979747653,72.1221017092466,4.5));
#10402=CARTESIAN_POINT('',(15.5057979747653,72.1221017092466,5.));
#10403=CARTESIAN_POINT('',(15.5057979747653,72.1221017092466,5.));
#10404=CARTESIAN_POINT('',(15.5057979747653,72.1221017092466,4.5));
#10405=CARTESIAN_POINT('Origin',(14.8884726688266,72.1221017092466,4.5));
#10406=CARTESIAN_POINT('',(14.8884726688266,72.1221017092466,4.5));
#10407=CARTESIAN_POINT('',(14.8884726688266,72.1221017092466,4.5));
#10408=CARTESIAN_POINT('',(14.8884726688266,72.1221017092466,5.));
#10409=CARTESIAN_POINT('',(14.8884726688266,72.1221017092466,5.));
#10410=CARTESIAN_POINT('',(14.8884726688266,72.1221017092466,4.5));
#10411=CARTESIAN_POINT('Origin',(14.8884726688266,73.3874496072531,4.5));
#10412=CARTESIAN_POINT('',(14.8884726688266,73.3874496072531,4.5));
#10413=CARTESIAN_POINT('',(14.8884726688266,73.3874496072531,4.5));
#10414=CARTESIAN_POINT('',(14.8884726688266,73.3874496072531,5.));
#10415=CARTESIAN_POINT('',(14.8884726688266,73.3874496072531,5.));
#10416=CARTESIAN_POINT('',(14.8884726688266,73.3874496072531,4.5));
#10417=CARTESIAN_POINT('Origin',(14.2779673263431,73.0191003531218,4.5));
#10418=CARTESIAN_POINT('',(14.2779673263431,73.0191003531218,4.5));
#10419=CARTESIAN_POINT('',(14.2779673263431,73.0191003531218,4.5));
#10420=CARTESIAN_POINT('',(14.2779673263431,73.0191003531218,5.));
#10421=CARTESIAN_POINT('',(14.2779673263431,73.0191003531218,5.));
#10422=CARTESIAN_POINT('',(14.2779673263431,73.0191003531218,4.5));
#10423=CARTESIAN_POINT('Origin',(14.2779673263431,72.1221017092466,4.5));
#10424=CARTESIAN_POINT('',(14.2779673263431,72.1221017092466,4.5));
#10425=CARTESIAN_POINT('',(14.2779673263431,72.1221017092466,4.5));
#10426=CARTESIAN_POINT('',(14.2779673263431,72.1221017092466,5.));
#10427=CARTESIAN_POINT('',(14.2779673263431,72.1221017092466,5.));
#10428=CARTESIAN_POINT('',(14.2779673263431,72.1221017092466,4.5));
#10429=CARTESIAN_POINT('Origin',(13.8277627155185,72.1221017092466,4.5));
#10430=CARTESIAN_POINT('',(13.8277627155185,72.1221017092466,4.5));
#10431=CARTESIAN_POINT('',(13.8277627155185,72.1221017092466,4.5));
#10432=CARTESIAN_POINT('',(13.8277627155185,72.1221017092466,5.));
#10433=CARTESIAN_POINT('',(13.8277627155185,72.1221017092466,5.));
#10434=CARTESIAN_POINT('',(13.8277627155185,72.1221017092466,4.5));
#10435=CARTESIAN_POINT('Origin',(13.8277627155185,71.6446118801832,4.5));
#10436=CARTESIAN_POINT('',(13.8277627155185,71.6446118801832,4.5));
#10437=CARTESIAN_POINT('',(13.8277627155185,71.6446118801832,4.5));
#10438=CARTESIAN_POINT('',(13.8277627155185,71.6446118801832,5.));
#10439=CARTESIAN_POINT('',(13.8277627155185,71.6446118801832,5.));
#10440=CARTESIAN_POINT('',(13.8277627155185,71.6446118801832,4.5));
#10441=CARTESIAN_POINT('Origin',(14.2779673263431,71.6446118801832,4.5));
#10442=CARTESIAN_POINT('',(14.2779673263431,71.6446118801832,4.5));
#10443=CARTESIAN_POINT('',(14.2779673263431,71.6446118801832,4.5));
#10444=CARTESIAN_POINT('',(14.2779673263431,71.6446118801832,5.));
#10445=CARTESIAN_POINT('',(14.2779673263431,71.6446118801832,5.));
#10446=CARTESIAN_POINT('',(14.2779673263431,71.6446118801832,4.5));
#10447=CARTESIAN_POINT('Origin',(14.2779673263431,69.5607101172209,4.5));
#10448=CARTESIAN_POINT('',(14.2779673263431,69.5607101172209,4.5));
#10449=CARTESIAN_POINT('',(14.2779673263431,69.5607101172209,4.5));
#10450=CARTESIAN_POINT('',(14.2779673263431,69.5607101172209,5.));
#10451=CARTESIAN_POINT('',(14.2779673263431,69.5607101172209,5.));
#10452=CARTESIAN_POINT('',(14.2779673263431,69.5607101172209,4.5));
#10453=CARTESIAN_POINT('Ctrl Pts',(14.353001229465,68.8359492272139,4.5));
#10454=CARTESIAN_POINT('Ctrl Pts',(14.353001229465,68.8359492272139,5.));
#10455=CARTESIAN_POINT('Ctrl Pts',(14.2779673263431,69.0081863850355,4.5));
#10456=CARTESIAN_POINT('Ctrl Pts',(14.2779673263431,69.0081863850355,5.));
#10457=CARTESIAN_POINT('Ctrl Pts',(14.2779673263431,69.5607101172209,4.5));
#10458=CARTESIAN_POINT('Ctrl Pts',(14.2779673263431,69.5607101172209,5.));
#10459=CARTESIAN_POINT('',(14.353001229465,68.8359492272139,4.5));
#10460=CARTESIAN_POINT('Ctrl Pts',(14.353001229465,68.8359492272139,4.5));
#10461=CARTESIAN_POINT('Ctrl Pts',(14.2779673263431,69.0081863850355,4.5));
#10462=CARTESIAN_POINT('Ctrl Pts',(14.2779673263431,69.5607101172209,4.5));
#10463=CARTESIAN_POINT('',(14.353001229465,68.8359492272139,5.));
#10464=CARTESIAN_POINT('Ctrl Pts',(14.353001229465,68.8359492272139,5.));
#10465=CARTESIAN_POINT('Ctrl Pts',(14.2779673263431,69.0081863850355,5.));
#10466=CARTESIAN_POINT('Ctrl Pts',(14.2779673263431,69.5607101172209,5.));
#10467=CARTESIAN_POINT('',(14.353001229465,68.8359492272139,4.5));
#10468=CARTESIAN_POINT('Ctrl Pts',(14.6122099086642,68.5579817742109,4.5));
#10469=CARTESIAN_POINT('Ctrl Pts',(14.6122099086642,68.5579817742109,5.));
#10470=CARTESIAN_POINT('Ctrl Pts',(14.428035132587,68.6637114733458,4.5));
#10471=CARTESIAN_POINT('Ctrl Pts',(14.428035132587,68.6637114733458,5.));
#10472=CARTESIAN_POINT('Ctrl Pts',(14.353001229465,68.8359492272139,4.5));
#10473=CARTESIAN_POINT('Ctrl Pts',(14.353001229465,68.8359492272139,5.));
#10474=CARTESIAN_POINT('',(14.6122099086642,68.5579817742109,4.5));
#10475=CARTESIAN_POINT('Ctrl Pts',(14.6122099086642,68.5579817742109,4.5));
#10476=CARTESIAN_POINT('Ctrl Pts',(14.428035132587,68.6637114733458,4.5));
#10477=CARTESIAN_POINT('Ctrl Pts',(14.353001229465,68.8359492272139,4.5));
#10478=CARTESIAN_POINT('',(14.6122099086642,68.5579817742109,5.));
#10479=CARTESIAN_POINT('Ctrl Pts',(14.6122099086642,68.5579817742109,5.));
#10480=CARTESIAN_POINT('Ctrl Pts',(14.428035132587,68.6637114733458,5.));
#10481=CARTESIAN_POINT('Ctrl Pts',(14.353001229465,68.8359492272139,5.));
#10482=CARTESIAN_POINT('',(14.6122099086642,68.5579817742109,4.5));
#10483=CARTESIAN_POINT('Ctrl Pts',(15.1306272670627,68.4522520750761,4.5));
#10484=CARTESIAN_POINT('Ctrl Pts',(15.1306272670627,68.4522520750761,5.));
#10485=CARTESIAN_POINT('Ctrl Pts',(14.7963846847415,68.4522520750761,4.5));
#10486=CARTESIAN_POINT('Ctrl Pts',(14.7963846847415,68.4522520750761,5.));
#10487=CARTESIAN_POINT('Ctrl Pts',(14.6122099086642,68.5579817742109,4.5));
#10488=CARTESIAN_POINT('Ctrl Pts',(14.6122099086642,68.5579817742109,5.));
#10489=CARTESIAN_POINT('',(15.1306272670627,68.4522520750761,4.5));
#10490=CARTESIAN_POINT('Ctrl Pts',(15.1306272670627,68.4522520750761,4.5));
#10491=CARTESIAN_POINT('Ctrl Pts',(14.7963846847415,68.4522520750761,4.5));
#10492=CARTESIAN_POINT('Ctrl Pts',(14.6122099086642,68.5579817742109,4.5));
#10493=CARTESIAN_POINT('',(15.1306272670627,68.4522520750761,5.));
#10494=CARTESIAN_POINT('Ctrl Pts',(15.1306272670627,68.4522520750761,5.));
#10495=CARTESIAN_POINT('Ctrl Pts',(14.7963846847415,68.4522520750761,5.));
#10496=CARTESIAN_POINT('Ctrl Pts',(14.6122099086642,68.5579817742109,5.));
#10497=CARTESIAN_POINT('',(15.1306272670627,68.4522520750761,4.5));
#10498=CARTESIAN_POINT('Ctrl Pts',(15.5944753810763,68.5068219155073,4.5));
#10499=CARTESIAN_POINT('Ctrl Pts',(15.5944753810763,68.5068219155073,5.));
#10500=CARTESIAN_POINT('Ctrl Pts',(15.3352655097842,68.4522520750761,4.5));
#10501=CARTESIAN_POINT('Ctrl Pts',(15.3352655097842,68.4522520750761,5.));
#10502=CARTESIAN_POINT('Ctrl Pts',(15.1306272670627,68.4522520750761,4.5));
#10503=CARTESIAN_POINT('Ctrl Pts',(15.1306272670627,68.4522520750761,5.));
#10504=CARTESIAN_POINT('',(15.5944753810763,68.5068219155073,4.5));
#10505=CARTESIAN_POINT('Ctrl Pts',(15.5944753810763,68.5068219155073,4.5));
#10506=CARTESIAN_POINT('Ctrl Pts',(15.3352655097842,68.4522520750761,4.5));
#10507=CARTESIAN_POINT('Ctrl Pts',(15.1306272670627,68.4522520750761,4.5));
#10508=CARTESIAN_POINT('',(15.5944753810763,68.5068219155073,5.));
#10509=CARTESIAN_POINT('Ctrl Pts',(15.5944753810763,68.5068219155073,5.));
#10510=CARTESIAN_POINT('Ctrl Pts',(15.3352655097842,68.4522520750761,5.));
#10511=CARTESIAN_POINT('Ctrl Pts',(15.1306272670627,68.4522520750761,5.));
#10512=CARTESIAN_POINT('',(15.5944753810763,68.5068219155073,4.5));
#10513=CARTESIAN_POINT('Origin',(15.5057979747653,69.0491139143705,4.5));
#10514=CARTESIAN_POINT('',(15.5057979747653,69.0491139143705,4.5));
#10515=CARTESIAN_POINT('',(15.5057979747653,69.0491139143705,4.5));
#10516=CARTESIAN_POINT('',(15.5057979747653,69.0491139143705,5.));
#10517=CARTESIAN_POINT('',(15.5057979747653,69.0491139143705,5.));
#10518=CARTESIAN_POINT('',(15.5057979747653,69.0491139143705,4.5));
#10519=CARTESIAN_POINT('Ctrl Pts',(15.2363575622439,69.0252392739058,4.5));
#10520=CARTESIAN_POINT('Ctrl Pts',(15.2363575622439,69.0252392739058,5.));
#10521=CARTESIAN_POINT('Ctrl Pts',(15.3386772796512,69.0252392739058,4.5));
#10522=CARTESIAN_POINT('Ctrl Pts',(15.3386772796512,69.0252392739058,5.));
#10523=CARTESIAN_POINT('Ctrl Pts',(15.5057979747653,69.0491139143705,4.5));
#10524=CARTESIAN_POINT('Ctrl Pts',(15.5057979747653,69.0491139143705,5.));
#10525=CARTESIAN_POINT('',(15.2363575622439,69.0252392739058,4.5));
#10526=CARTESIAN_POINT('Ctrl Pts',(15.2363575622439,69.0252392739058,4.5));
#10527=CARTESIAN_POINT('Ctrl Pts',(15.3386772796512,69.0252392739058,4.5));
#10528=CARTESIAN_POINT('Ctrl Pts',(15.5057979747653,69.0491139143705,4.5));
#10529=CARTESIAN_POINT('',(15.2363575622439,69.0252392739058,5.));
#10530=CARTESIAN_POINT('Ctrl Pts',(15.2363575622439,69.0252392739058,5.));
#10531=CARTESIAN_POINT('Ctrl Pts',(15.3386772796512,69.0252392739058,5.));
#10532=CARTESIAN_POINT('Ctrl Pts',(15.5057979747653,69.0491139143705,5.));
#10533=CARTESIAN_POINT('',(15.2363575622439,69.0252392739058,4.5));
#10534=CARTESIAN_POINT('Ctrl Pts',(15.0266028568149,69.0695779770613,4.5));
#10535=CARTESIAN_POINT('Ctrl Pts',(15.0266028568149,69.0695779770613,5.));
#10536=CARTESIAN_POINT('Ctrl Pts',(15.0999320670962,69.0252392739058,4.5));
#10537=CARTESIAN_POINT('Ctrl Pts',(15.0999320670962,69.0252392739058,5.));
#10538=CARTESIAN_POINT('Ctrl Pts',(15.2363575622439,69.0252392739058,4.5));
#10539=CARTESIAN_POINT('Ctrl Pts',(15.2363575622439,69.0252392739058,5.));
#10540=CARTESIAN_POINT('Ctrl Pts',(15.0266028568149,69.0695779770613,4.5));
#10541=CARTESIAN_POINT('Ctrl Pts',(15.0999320670962,69.0252392739058,4.5));
#10542=CARTESIAN_POINT('Ctrl Pts',(15.2363575622439,69.0252392739058,4.5));
#10543=CARTESIAN_POINT('Ctrl Pts',(15.0266028568149,69.0695779770613,5.));
#10544=CARTESIAN_POINT('Ctrl Pts',(15.0999320670962,69.0252392739058,5.));
#10545=CARTESIAN_POINT('Ctrl Pts',(15.2363575622439,69.0252392739058,5.));
#10546=CARTESIAN_POINT('Ctrl Pts',(15.1054099474259,69.266194022409,4.5));
#10547=CARTESIAN_POINT('Ctrl Pts',(15.1054099474259,69.266194022409,5.));
#10548=CARTESIAN_POINT('Ctrl Pts',(15.1023488226952,69.2769962351689,4.5));
#10549=CARTESIAN_POINT('Ctrl Pts',(15.1023488226952,69.2769962351689,5.));
#10550=CARTESIAN_POINT('Ctrl Pts',(15.0884726688266,69.3814703801059,4.5));
#10551=CARTESIAN_POINT('Ctrl Pts',(15.0884726688266,69.3814703801059,5.));
#10552=CARTESIAN_POINT('Ctrl Pts',(15.0884726688266,69.526603743434,4.5));
#10553=CARTESIAN_POINT('Ctrl Pts',(15.0884726688266,69.526603743434,5.));
#10554=CARTESIAN_POINT('',(15.0884726688266,69.526603743434,4.5));
#10555=CARTESIAN_POINT('',(15.1054099474259,69.266194022409,4.5));
#10556=CARTESIAN_POINT('Ctrl Pts',(15.0884726688266,69.526603743434,4.5));
#10557=CARTESIAN_POINT('Ctrl Pts',(15.0884726688266,69.3814703801059,4.5));
#10558=CARTESIAN_POINT('Ctrl Pts',(15.1023488226952,69.2769962351689,4.5));
#10559=CARTESIAN_POINT('Ctrl Pts',(15.1054099474259,69.266194022409,4.5));
#10560=CARTESIAN_POINT('',(15.0884726688266,69.526603743434,5.));
#10561=CARTESIAN_POINT('',(15.0884726688266,69.526603743434,4.5));
#10562=CARTESIAN_POINT('',(15.1054099474259,69.266194022409,5.));
#10563=CARTESIAN_POINT('Ctrl Pts',(15.1054099474259,69.266194022409,5.));
#10564=CARTESIAN_POINT('Ctrl Pts',(15.1023488226952,69.2769962351689,5.));
#10565=CARTESIAN_POINT('Ctrl Pts',(15.0884726688266,69.3814703801059,5.));
#10566=CARTESIAN_POINT('Ctrl Pts',(15.0884726688266,69.526603743434,5.));
#10567=CARTESIAN_POINT('',(15.1054099474259,69.266194022409,4.5));
#10568=CARTESIAN_POINT('Ctrl Pts',(15.1300871273443,69.2407241302549,4.5));
#10569=CARTESIAN_POINT('Ctrl Pts',(15.1300871273443,69.2407241302549,5.));
#10570=CARTESIAN_POINT('Ctrl Pts',(15.1137542131165,69.2505998983219,4.5));
#10571=CARTESIAN_POINT('Ctrl Pts',(15.1137542131165,69.2505998983219,5.));
#10572=CARTESIAN_POINT('Ctrl Pts',(15.1106529873328,69.2551115137034,4.5));
#10573=CARTESIAN_POINT('Ctrl Pts',(15.1106529873328,69.2551115137034,5.));
#10574=CARTESIAN_POINT('Ctrl Pts',(15.1054099474259,69.266194022409,4.5));
#10575=CARTESIAN_POINT('Ctrl Pts',(15.1054099474259,69.266194022409,5.));
#10576=CARTESIAN_POINT('',(15.130087127456,69.2407241301921,4.5));
#10577=CARTESIAN_POINT('Ctrl Pts',(15.1054099474259,69.266194022409,4.5));
#10578=CARTESIAN_POINT('Ctrl Pts',(15.1106529873328,69.2551115137034,4.5));
#10579=CARTESIAN_POINT('Ctrl Pts',(15.1137542131165,69.2505998983219,4.5));
#10580=CARTESIAN_POINT('Ctrl Pts',(15.1300871273443,69.2407241302549,4.5));
#10581=CARTESIAN_POINT('',(15.130087127456,69.2407241301921,5.));
#10582=CARTESIAN_POINT('Ctrl Pts',(15.1300871273443,69.2407241302549,5.));
#10583=CARTESIAN_POINT('Ctrl Pts',(15.1137542131165,69.2505998983219,5.));
#10584=CARTESIAN_POINT('Ctrl Pts',(15.1106529873328,69.2551115137034,5.));
#10585=CARTESIAN_POINT('Ctrl Pts',(15.1054099474259,69.266194022409,5.));
#10586=CARTESIAN_POINT('',(15.130087127456,69.2407241301921,4.5));
#10587=CARTESIAN_POINT('Ctrl Pts',(15.2363575622439,69.2252392739057,4.5));
#10588=CARTESIAN_POINT('Ctrl Pts',(15.2363575622439,69.2252392739057,5.));
#10589=CARTESIAN_POINT('Ctrl Pts',(15.1670741027,69.2252392739057,4.5));
#10590=CARTESIAN_POINT('Ctrl Pts',(15.1670741027,69.2252392739057,5.));
#10591=CARTESIAN_POINT('Ctrl Pts',(15.1319789505803,69.2395803142725,4.5));
#10592=CARTESIAN_POINT('Ctrl Pts',(15.1319789505803,69.2395803142725,5.));
#10593=CARTESIAN_POINT('Ctrl Pts',(15.1300871275657,69.2407241301257,4.5));
#10594=CARTESIAN_POINT('Ctrl Pts',(15.1300871275657,69.2407241301257,5.));
#10595=CARTESIAN_POINT('',(15.2363575622439,69.2252392739057,4.5));
#10596=CARTESIAN_POINT('Ctrl Pts',(15.1300871275657,69.2407241301257,4.5));
#10597=CARTESIAN_POINT('Ctrl Pts',(15.1319789505803,69.2395803142725,4.5));
#10598=CARTESIAN_POINT('Ctrl Pts',(15.1670741027,69.2252392739057,4.5));
#10599=CARTESIAN_POINT('Ctrl Pts',(15.2363575622439,69.2252392739057,4.5));
#10600=CARTESIAN_POINT('',(15.2363575622439,69.2252392739057,5.));
#10601=CARTESIAN_POINT('Ctrl Pts',(15.2363575622439,69.2252392739057,5.));
#10602=CARTESIAN_POINT('Ctrl Pts',(15.1670741027,69.2252392739057,5.));
#10603=CARTESIAN_POINT('Ctrl Pts',(15.1319789505803,69.2395803142725,5.));
#10604=CARTESIAN_POINT('Ctrl Pts',(15.1300871275657,69.2407241301257,5.));
#10605=CARTESIAN_POINT('',(15.2363575622439,69.2252392739057,4.5));
#10606=CARTESIAN_POINT('Ctrl Pts',(15.6715456236773,69.2748229554231,4.5));
#10607=CARTESIAN_POINT('Ctrl Pts',(15.6715456236773,69.2748229554231,5.));
#10608=CARTESIAN_POINT('Ctrl Pts',(15.6068682180974,69.2655832271934,4.5));
#10609=CARTESIAN_POINT('Ctrl Pts',(15.6068682180974,69.2655832271934,5.));
#10610=CARTESIAN_POINT('Ctrl Pts',(15.5421908125176,69.2563434989637,4.5));
#10611=CARTESIAN_POINT('Ctrl Pts',(15.5421908125176,69.2563434989637,5.));
#10612=CARTESIAN_POINT('Ctrl Pts',(15.4775134069377,69.2471037707339,4.5));
#10613=CARTESIAN_POINT('Ctrl Pts',(15.4775134069377,69.2471037707339,5.));
#10614=CARTESIAN_POINT('Ctrl Pts',(15.3717565724512,69.2319954898694,4.5));
#10615=CARTESIAN_POINT('Ctrl Pts',(15.3717565724512,69.2319954898694,5.));
#10616=CARTESIAN_POINT('Ctrl Pts',(15.2890151257362,69.2252392739057,4.5));
#10617=CARTESIAN_POINT('Ctrl Pts',(15.2890151257362,69.2252392739057,5.));
#10618=CARTESIAN_POINT('Ctrl Pts',(15.2363575622439,69.2252392739057,4.5));
#10619=CARTESIAN_POINT('Ctrl Pts',(15.2363575622439,69.2252392739057,5.));
#10620=CARTESIAN_POINT('',(15.6715456236773,69.2748229554231,4.5));
#10621=CARTESIAN_POINT('Ctrl Pts',(15.2363575622439,69.2252392739057,4.5));
#10622=CARTESIAN_POINT('Ctrl Pts',(15.2890151257362,69.2252392739057,4.5));
#10623=CARTESIAN_POINT('Ctrl Pts',(15.3717565724512,69.2319954898694,4.5));
#10624=CARTESIAN_POINT('Ctrl Pts',(15.4775134069377,69.2471037707339,4.5));
#10625=CARTESIAN_POINT('Ctrl Pts',(15.5421908125176,69.2563434989637,4.5));
#10626=CARTESIAN_POINT('Ctrl Pts',(15.6068682180974,69.2655832271934,4.5));
#10627=CARTESIAN_POINT('Ctrl Pts',(15.6715456236773,69.2748229554231,4.5));
#10628=CARTESIAN_POINT('',(15.6715456236773,69.2748229554231,5.));
#10629=CARTESIAN_POINT('Ctrl Pts',(15.6715456236773,69.2748229554231,5.));
#10630=CARTESIAN_POINT('Ctrl Pts',(15.6068682180974,69.2655832271934,5.));
#10631=CARTESIAN_POINT('Ctrl Pts',(15.5421908125176,69.2563434989637,5.));
#10632=CARTESIAN_POINT('Ctrl Pts',(15.4775134069377,69.2471037707339,5.));
#10633=CARTESIAN_POINT('Ctrl Pts',(15.3717565724512,69.2319954898694,5.));
#10634=CARTESIAN_POINT('Ctrl Pts',(15.2890151257362,69.2252392739057,5.));
#10635=CARTESIAN_POINT('Ctrl Pts',(15.2363575622439,69.2252392739057,5.));
#10636=CARTESIAN_POINT('',(15.6715456236773,69.2748229554231,4.5));
#10637=CARTESIAN_POINT('Origin',(15.8226966396446,68.3504839384289,4.5));
#10638=CARTESIAN_POINT('',(15.8226966396446,68.3504839384289,4.5));
#10639=CARTESIAN_POINT('',(15.6715456236773,69.2748229554231,4.5));
#10640=CARTESIAN_POINT('',(15.8226966396446,68.3504839384289,5.));
#10641=CARTESIAN_POINT('',(15.6715456236773,69.2748229554231,5.));
#10642=CARTESIAN_POINT('',(15.8226966396446,68.3504839384289,4.5));
#10643=CARTESIAN_POINT('Ctrl Pts',(15.1306272670627,68.2522520750761,4.5));
#10644=CARTESIAN_POINT('Ctrl Pts',(15.1306272670627,68.2522520750761,5.));
#10645=CARTESIAN_POINT('Ctrl Pts',(15.2848304234808,68.2522520750761,4.5));
#10646=CARTESIAN_POINT('Ctrl Pts',(15.2848304234808,68.2522520750761,5.));
#10647=CARTESIAN_POINT('Ctrl Pts',(15.4524880957249,68.2725462384977,4.5));
#10648=CARTESIAN_POINT('Ctrl Pts',(15.4524880957249,68.2725462384977,5.));
#10649=CARTESIAN_POINT('Ctrl Pts',(15.6356770009942,68.3111118582385,4.5));
#10650=CARTESIAN_POINT('Ctrl Pts',(15.6356770009942,68.3111118582385,5.));
#10651=CARTESIAN_POINT('Ctrl Pts',(15.6980168805443,68.3242358849687,4.5));
#10652=CARTESIAN_POINT('Ctrl Pts',(15.6980168805443,68.3242358849687,5.));
#10653=CARTESIAN_POINT('Ctrl Pts',(15.7603567600944,68.3373599116988,4.5));
#10654=CARTESIAN_POINT('Ctrl Pts',(15.7603567600944,68.3373599116988,5.));
#10655=CARTESIAN_POINT('Ctrl Pts',(15.8226966396446,68.3504839384289,4.5));
#10656=CARTESIAN_POINT('Ctrl Pts',(15.8226966396446,68.3504839384289,5.));
#10657=CARTESIAN_POINT('',(15.1306272670627,68.2522520750761,4.5));
#10658=CARTESIAN_POINT('Ctrl Pts',(15.8226966396445,68.3504839384289,4.5));
#10659=CARTESIAN_POINT('Ctrl Pts',(15.7603567600944,68.3373599116988,4.5));
#10660=CARTESIAN_POINT('Ctrl Pts',(15.6980168805443,68.3242358849687,4.5));
#10661=CARTESIAN_POINT('Ctrl Pts',(15.6356770009942,68.3111118582385,4.5));
#10662=CARTESIAN_POINT('Ctrl Pts',(15.4524880957249,68.2725462384977,4.5));
#10663=CARTESIAN_POINT('Ctrl Pts',(15.2848304234808,68.2522520750761,4.5));
#10664=CARTESIAN_POINT('Ctrl Pts',(15.1306272670627,68.2522520750761,4.5));
#10665=CARTESIAN_POINT('',(15.1306272670627,68.2522520750761,5.));
#10666=CARTESIAN_POINT('Ctrl Pts',(15.1306272670627,68.2522520750761,5.));
#10667=CARTESIAN_POINT('Ctrl Pts',(15.2848304234808,68.2522520750761,5.));
#10668=CARTESIAN_POINT('Ctrl Pts',(15.4524880957249,68.2725462384977,5.));
#10669=CARTESIAN_POINT('Ctrl Pts',(15.6356770009942,68.3111118582385,5.));
#10670=CARTESIAN_POINT('Ctrl Pts',(15.6980168805443,68.3242358849687,5.));
#10671=CARTESIAN_POINT('Ctrl Pts',(15.7603567600944,68.3373599116988,5.));
#10672=CARTESIAN_POINT('Ctrl Pts',(15.8226966396445,68.3504839384289,5.));
#10673=CARTESIAN_POINT('',(15.1306272670627,68.2522520750761,4.5));
#10674=CARTESIAN_POINT('Ctrl Pts',(14.5126365925979,68.3845310471224,4.5));
#10675=CARTESIAN_POINT('Ctrl Pts',(14.5126365925979,68.3845310471224,5.));
#10676=CARTESIAN_POINT('Ctrl Pts',(14.6807247210106,68.2880362522121,4.5));
#10677=CARTESIAN_POINT('Ctrl Pts',(14.6807247210106,68.2880362522121,5.));
#10678=CARTESIAN_POINT('Ctrl Pts',(14.8867104628842,68.2522520750761,4.5));
#10679=CARTESIAN_POINT('Ctrl Pts',(14.8867104628842,68.2522520750761,5.));
#10680=CARTESIAN_POINT('Ctrl Pts',(15.1306272670627,68.2522520750761,4.5));
#10681=CARTESIAN_POINT('Ctrl Pts',(15.1306272670627,68.2522520750761,5.));
#10682=CARTESIAN_POINT('',(14.5126365925979,68.3845310471224,4.5));
#10683=CARTESIAN_POINT('Ctrl Pts',(15.1306272670627,68.2522520750761,4.5));
#10684=CARTESIAN_POINT('Ctrl Pts',(14.8867104628842,68.2522520750761,4.5));
#10685=CARTESIAN_POINT('Ctrl Pts',(14.6807247210106,68.2880362522121,4.5));
#10686=CARTESIAN_POINT('Ctrl Pts',(14.5126365925979,68.3845310471224,4.5));
#10687=CARTESIAN_POINT('',(14.5126365925979,68.3845310471224,5.));
#10688=CARTESIAN_POINT('Ctrl Pts',(14.5126365925979,68.3845310471224,5.));
#10689=CARTESIAN_POINT('Ctrl Pts',(14.6807247210106,68.2880362522121,5.));
#10690=CARTESIAN_POINT('Ctrl Pts',(14.8867104628842,68.2522520750761,5.));
#10691=CARTESIAN_POINT('Ctrl Pts',(15.1306272670627,68.2522520750761,5.));
#10692=CARTESIAN_POINT('',(14.5126365925979,68.3845310471224,4.5));
#10693=CARTESIAN_POINT('Ctrl Pts',(14.1696448472801,68.7560715888409,4.5));
#10694=CARTESIAN_POINT('Ctrl Pts',(14.1696448472801,68.7560715888409,5.));
#10695=CARTESIAN_POINT('Ctrl Pts',(14.2376125985625,68.6000539444258,4.5));
#10696=CARTESIAN_POINT('Ctrl Pts',(14.2376125985625,68.6000539444258,5.));
#10697=CARTESIAN_POINT('Ctrl Pts',(14.3593565872874,68.4725249037733,4.5));
#10698=CARTESIAN_POINT('Ctrl Pts',(14.3593565872874,68.4725249037733,5.));
#10699=CARTESIAN_POINT('Ctrl Pts',(14.5126365925979,68.3845310471224,4.5));
#10700=CARTESIAN_POINT('Ctrl Pts',(14.5126365925979,68.3845310471224,5.));
#10701=CARTESIAN_POINT('',(14.16964484728,68.7560715888408,4.5));
#10702=CARTESIAN_POINT('Ctrl Pts',(14.5126365925979,68.3845310471224,4.5));
#10703=CARTESIAN_POINT('Ctrl Pts',(14.3593565872874,68.4725249037733,4.5));
#10704=CARTESIAN_POINT('Ctrl Pts',(14.2376125985625,68.6000539444258,4.5));
#10705=CARTESIAN_POINT('Ctrl Pts',(14.1696448472801,68.7560715888409,4.5));
#10706=CARTESIAN_POINT('',(14.16964484728,68.7560715888408,5.));
#10707=CARTESIAN_POINT('Ctrl Pts',(14.1696448472801,68.7560715888409,5.));
#10708=CARTESIAN_POINT('Ctrl Pts',(14.2376125985625,68.6000539444258,5.));
#10709=CARTESIAN_POINT('Ctrl Pts',(14.3593565872874,68.4725249037733,5.));
#10710=CARTESIAN_POINT('Ctrl Pts',(14.5126365925979,68.3845310471224,5.));
#10711=CARTESIAN_POINT('',(14.16964484728,68.7560715888408,4.5));
#10712=CARTESIAN_POINT('Ctrl Pts',(14.0779673263431,69.5607101172209,4.5));
#10713=CARTESIAN_POINT('Ctrl Pts',(14.0779673263431,69.5607101172209,5.));
#10714=CARTESIAN_POINT('Ctrl Pts',(14.0779673263431,69.1833074866852,4.5));
#10715=CARTESIAN_POINT('Ctrl Pts',(14.0779673263431,69.1833074866852,5.));
#10716=CARTESIAN_POINT('Ctrl Pts',(14.0883477486284,68.9426858960984,4.5));
#10717=CARTESIAN_POINT('Ctrl Pts',(14.0883477486284,68.9426858960984,5.));
#10718=CARTESIAN_POINT('Ctrl Pts',(14.16964484728,68.7560715888408,4.5));
#10719=CARTESIAN_POINT('Ctrl Pts',(14.16964484728,68.7560715888408,5.));
#10720=CARTESIAN_POINT('',(14.0779673263431,69.5607101172209,4.5));
#10721=CARTESIAN_POINT('Ctrl Pts',(14.16964484728,68.7560715888408,4.5));
#10722=CARTESIAN_POINT('Ctrl Pts',(14.0883477486284,68.9426858960984,4.5));
#10723=CARTESIAN_POINT('Ctrl Pts',(14.0779673263431,69.1833074866852,4.5));
#10724=CARTESIAN_POINT('Ctrl Pts',(14.0779673263431,69.5607101172209,4.5));
#10725=CARTESIAN_POINT('',(14.0779673263431,69.5607101172209,5.));
#10726=CARTESIAN_POINT('Ctrl Pts',(14.0779673263431,69.5607101172209,5.));
#10727=CARTESIAN_POINT('Ctrl Pts',(14.0779673263431,69.1833074866852,5.));
#10728=CARTESIAN_POINT('Ctrl Pts',(14.0883477486284,68.9426858960984,5.));
#10729=CARTESIAN_POINT('Ctrl Pts',(14.16964484728,68.7560715888408,5.));
#10730=CARTESIAN_POINT('',(14.0779673263431,69.5607101172209,4.5));
#10731=CARTESIAN_POINT('Origin',(14.0779673263431,71.4446118801832,4.5));
#10732=CARTESIAN_POINT('',(14.0779673263431,71.4446118801832,4.5));
#10733=CARTESIAN_POINT('',(14.0779673263431,69.5607101172209,4.5));
#10734=CARTESIAN_POINT('',(14.0779673263431,71.4446118801832,5.));
#10735=CARTESIAN_POINT('',(14.0779673263431,69.5607101172209,5.));
#10736=CARTESIAN_POINT('',(14.0779673263431,71.4446118801832,4.5));
#10737=CARTESIAN_POINT('Origin',(13.6277627155185,71.4446118801832,4.5));
#10738=CARTESIAN_POINT('',(13.6277627155185,71.4446118801832,4.5));
#10739=CARTESIAN_POINT('',(14.0779673263431,71.4446118801832,4.5));
#10740=CARTESIAN_POINT('',(13.6277627155185,71.4446118801832,5.));
#10741=CARTESIAN_POINT('',(14.0779673263431,71.4446118801832,5.));
#10742=CARTESIAN_POINT('',(13.6277627155185,71.4446118801832,4.5));
#10743=CARTESIAN_POINT('Origin',(13.6277627155185,72.3221017092466,4.5));
#10744=CARTESIAN_POINT('',(13.6277627155185,72.3221017092466,4.5));
#10745=CARTESIAN_POINT('',(13.6277627155185,71.4446118801832,4.5));
#10746=CARTESIAN_POINT('',(13.6277627155185,72.3221017092466,5.));
#10747=CARTESIAN_POINT('',(13.6277627155185,71.4446118801832,5.));
#10748=CARTESIAN_POINT('',(13.6277627155185,72.3221017092466,4.5));
#10749=CARTESIAN_POINT('Origin',(14.0779673263431,72.3221017092466,4.5));
#10750=CARTESIAN_POINT('',(14.0779673263431,72.3221017092466,4.5));
#10751=CARTESIAN_POINT('',(13.6277627155185,72.3221017092466,4.5));
#10752=CARTESIAN_POINT('',(14.0779673263431,72.3221017092466,5.));
#10753=CARTESIAN_POINT('',(13.6277627155185,72.3221017092466,5.));
#10754=CARTESIAN_POINT('',(14.0779673263431,72.3221017092466,4.5));
#10755=CARTESIAN_POINT('Origin',(14.0779673263431,73.1320137121006,4.5));
#10756=CARTESIAN_POINT('',(14.0779673263431,73.1320137121006,4.5));
#10757=CARTESIAN_POINT('',(14.0779673263431,72.3221017092466,4.5));
#10758=CARTESIAN_POINT('',(14.0779673263431,73.1320137121006,5.));
#10759=CARTESIAN_POINT('',(14.0779673263431,72.3221017092466,5.));
#10760=CARTESIAN_POINT('',(14.0779673263431,73.1320137121006,4.5));
#10761=CARTESIAN_POINT('Origin',(15.0884726688266,73.741703526911,4.5));
#10762=CARTESIAN_POINT('',(15.0884726688266,73.741703526911,4.5));
#10763=CARTESIAN_POINT('',(14.0779673263431,73.1320137121006,4.5));
#10764=CARTESIAN_POINT('',(15.0884726688266,73.741703526911,5.));
#10765=CARTESIAN_POINT('',(14.0779673263431,73.1320137121006,5.));
#10766=CARTESIAN_POINT('',(15.0884726688266,73.741703526911,4.5));
#10767=CARTESIAN_POINT('Origin',(15.0884726688266,72.3221017092466,4.5));
#10768=CARTESIAN_POINT('',(15.0884726688266,72.3221017092466,4.5));
#10769=CARTESIAN_POINT('',(15.0884726688266,73.741703526911,4.5));
#10770=CARTESIAN_POINT('',(15.0884726688266,72.3221017092466,5.));
#10771=CARTESIAN_POINT('',(15.0884726688266,73.741703526911,5.));
#10772=CARTESIAN_POINT('',(15.0884726688266,72.3221017092466,4.5));
#10773=CARTESIAN_POINT('Origin',(15.7057979747653,72.3221017092466,4.5));
#10774=CARTESIAN_POINT('',(15.7057979747653,72.3221017092466,4.5));
#10775=CARTESIAN_POINT('',(15.0884726688266,72.3221017092466,4.5));
#10776=CARTESIAN_POINT('',(15.7057979747653,72.3221017092466,5.));
#10777=CARTESIAN_POINT('',(15.0884726688266,72.3221017092466,5.));
#10778=CARTESIAN_POINT('',(15.7057979747653,72.3221017092466,4.5));
#10779=CARTESIAN_POINT('Origin',(15.7057979747653,71.4446118801832,4.5));
#10780=CARTESIAN_POINT('',(15.7057979747653,71.4446118801832,4.5));
#10781=CARTESIAN_POINT('',(15.7057979747653,72.3221017092466,4.5));
#10782=CARTESIAN_POINT('',(15.7057979747653,71.4446118801832,5.));
#10783=CARTESIAN_POINT('',(15.7057979747653,72.3221017092466,5.));
#10784=CARTESIAN_POINT('',(15.7057979747653,71.4446118801832,4.5));
#10785=CARTESIAN_POINT('Origin',(15.0884726688266,71.4446118801832,4.5));
#10786=CARTESIAN_POINT('',(15.0884726688266,71.4446118801832,4.5));
#10787=CARTESIAN_POINT('',(15.7057979747653,71.4446118801832,4.5));
#10788=CARTESIAN_POINT('',(15.0884726688266,71.4446118801832,5.));
#10789=CARTESIAN_POINT('',(15.7057979747653,71.4446118801832,5.));
#10790=CARTESIAN_POINT('',(15.0884726688266,71.4446118801832,4.5));
#10791=CARTESIAN_POINT('Origin',(15.0884726688266,69.526603743434,4.5));
#10792=CARTESIAN_POINT('',(15.0884726688266,71.4446118801832,4.5));
#10793=CARTESIAN_POINT('',(15.0884726688266,71.4446118801832,5.));
#10794=CARTESIAN_POINT('Origin',(14.725277175457,70.9965001067496,5.));
#10795=CARTESIAN_POINT('Origin',(14.725277175457,70.9965001067496,4.5));
#10796=CARTESIAN_POINT('Ctrl Pts',(8.1916780397296,68.5477500408888,4.5));
#10797=CARTESIAN_POINT('Ctrl Pts',(8.1916780397296,68.5477500408888,5.));
#10798=CARTESIAN_POINT('Ctrl Pts',(7.94781696051359,68.6773543804884,4.5));
#10799=CARTESIAN_POINT('Ctrl Pts',(7.94781696051359,68.6773543804884,5.));
#10800=CARTESIAN_POINT('Ctrl Pts',(7.79092740267515,68.8751714676619,4.5));
#10801=CARTESIAN_POINT('Ctrl Pts',(7.79092740267515,68.8751714676619,5.));
#10802=CARTESIAN_POINT('',(8.1916780397296,68.5477500408888,4.5));
#10803=CARTESIAN_POINT('',(7.79092740267515,68.8751714676618,4.5));
#10804=CARTESIAN_POINT('Ctrl Pts',(8.1916780397296,68.5477500408888,4.5));
#10805=CARTESIAN_POINT('Ctrl Pts',(7.94781696051359,68.6773543804884,4.5));
#10806=CARTESIAN_POINT('Ctrl Pts',(7.79092740267515,68.8751714676619,4.5));
#10807=CARTESIAN_POINT('',(7.79092740267515,68.8751714676618,5.));
#10808=CARTESIAN_POINT('',(7.79092740267515,68.8751714676618,4.5));
#10809=CARTESIAN_POINT('',(8.1916780397296,68.5477500408888,5.));
#10810=CARTESIAN_POINT('Ctrl Pts',(8.1916780397296,68.5477500408888,5.));
#10811=CARTESIAN_POINT('Ctrl Pts',(7.94781696051359,68.6773543804884,5.));
#10812=CARTESIAN_POINT('Ctrl Pts',(7.79092740267515,68.8751714676619,5.));
#10813=CARTESIAN_POINT('',(8.1916780397296,68.5477500408888,4.5));
#10814=CARTESIAN_POINT('Ctrl Pts',(8.74249648302794,68.4181457012892,4.5));
#10815=CARTESIAN_POINT('Ctrl Pts',(8.74249648302794,68.4181457012892,5.));
#10816=CARTESIAN_POINT('Ctrl Pts',(8.43553852289915,68.4181457012892,4.5));
#10817=CARTESIAN_POINT('Ctrl Pts',(8.43553852289915,68.4181457012892,5.));
#10818=CARTESIAN_POINT('Ctrl Pts',(8.1916780397296,68.5477500408888,4.5));
#10819=CARTESIAN_POINT('Ctrl Pts',(8.1916780397296,68.5477500408888,5.));
#10820=CARTESIAN_POINT('',(8.74249648302794,68.4181457012892,4.5));
#10821=CARTESIAN_POINT('Ctrl Pts',(8.74249648302794,68.4181457012892,4.5));
#10822=CARTESIAN_POINT('Ctrl Pts',(8.43553852289915,68.4181457012892,4.5));
#10823=CARTESIAN_POINT('Ctrl Pts',(8.1916780397296,68.5477500408888,4.5));
#10824=CARTESIAN_POINT('',(8.74249648302794,68.4181457012892,5.));
#10825=CARTESIAN_POINT('Ctrl Pts',(8.74249648302794,68.4181457012892,5.));
#10826=CARTESIAN_POINT('Ctrl Pts',(8.43553852289915,68.4181457012892,5.));
#10827=CARTESIAN_POINT('Ctrl Pts',(8.1916780397296,68.5477500408888,5.));
#10828=CARTESIAN_POINT('',(8.74249648302794,68.4181457012892,4.5));
#10829=CARTESIAN_POINT('Ctrl Pts',(9.54229187220335,68.6551850289106,4.5));
#10830=CARTESIAN_POINT('Ctrl Pts',(9.54229187220335,68.6551850289106,5.));
#10831=CARTESIAN_POINT('Ctrl Pts',(9.16200529783964,68.4181457012892,4.5));
#10832=CARTESIAN_POINT('Ctrl Pts',(9.16200529783964,68.4181457012892,5.));
#10833=CARTESIAN_POINT('Ctrl Pts',(8.74249648302794,68.4181457012892,4.5));
#10834=CARTESIAN_POINT('Ctrl Pts',(8.74249648302794,68.4181457012892,5.));
#10835=CARTESIAN_POINT('',(9.54229187220335,68.6551850289106,4.5));
#10836=CARTESIAN_POINT('Ctrl Pts',(9.54229187220335,68.6551850289106,4.5));
#10837=CARTESIAN_POINT('Ctrl Pts',(9.16200529783964,68.4181457012892,4.5));
#10838=CARTESIAN_POINT('Ctrl Pts',(8.74249648302794,68.4181457012892,4.5));
#10839=CARTESIAN_POINT('',(9.54229187220335,68.6551850289106,5.));
#10840=CARTESIAN_POINT('Ctrl Pts',(9.54229187220335,68.6551850289106,5.));
#10841=CARTESIAN_POINT('Ctrl Pts',(9.16200529783964,68.4181457012892,5.));
#10842=CARTESIAN_POINT('Ctrl Pts',(8.74249648302794,68.4181457012892,5.));
#10843=CARTESIAN_POINT('',(9.54229187220335,68.6551850289106,4.5));
#10844=CARTESIAN_POINT('Ctrl Pts',(10.1221002265811,69.3373131006956,4.5));
#10845=CARTESIAN_POINT('Ctrl Pts',(10.1221002265811,69.3373131006956,5.));
#10846=CARTESIAN_POINT('Ctrl Pts',(9.92257844656706,68.8922243565321,4.5));
#10847=CARTESIAN_POINT('Ctrl Pts',(9.92257844656706,68.8922243565321,5.));
#10848=CARTESIAN_POINT('Ctrl Pts',(9.54229187220335,68.6551850289106,4.5));
#10849=CARTESIAN_POINT('Ctrl Pts',(9.54229187220335,68.6551850289106,5.));
#10850=CARTESIAN_POINT('',(10.1221002265811,69.3373131006956,4.5));
#10851=CARTESIAN_POINT('Ctrl Pts',(10.1221002265811,69.3373131006956,4.5));
#10852=CARTESIAN_POINT('Ctrl Pts',(9.92257844656706,68.8922243565321,4.5));
#10853=CARTESIAN_POINT('Ctrl Pts',(9.54229187220335,68.6551850289106,4.5));
#10854=CARTESIAN_POINT('',(10.1221002265811,69.3373131006956,5.));
#10855=CARTESIAN_POINT('Ctrl Pts',(10.1221002265811,69.3373131006956,5.));
#10856=CARTESIAN_POINT('Ctrl Pts',(9.92257844656706,68.8922243565321,5.));
#10857=CARTESIAN_POINT('Ctrl Pts',(9.54229187220335,68.6551850289106,5.));
#10858=CARTESIAN_POINT('',(10.1221002265811,69.3373131006956,4.5));
#10859=CARTESIAN_POINT('Ctrl Pts',(10.321623198688,70.3383361548185,4.5));
#10860=CARTESIAN_POINT('Ctrl Pts',(10.321623198688,70.3383361548185,5.));
#10861=CARTESIAN_POINT('Ctrl Pts',(10.321623198688,69.7824018448591,4.5));
#10862=CARTESIAN_POINT('Ctrl Pts',(10.321623198688,69.7824018448591,5.));
#10863=CARTESIAN_POINT('Ctrl Pts',(10.1221002265811,69.3373131006956,4.5));
#10864=CARTESIAN_POINT('Ctrl Pts',(10.1221002265811,69.3373131006956,5.));
#10865=CARTESIAN_POINT('',(10.321623198688,70.3383361548185,4.5));
#10866=CARTESIAN_POINT('Ctrl Pts',(10.321623198688,70.3383361548185,4.5));
#10867=CARTESIAN_POINT('Ctrl Pts',(10.321623198688,69.7824018448591,4.5));
#10868=CARTESIAN_POINT('Ctrl Pts',(10.1221002265811,69.3373131006956,4.5));
#10869=CARTESIAN_POINT('',(10.321623198688,70.3383361548185,5.));
#10870=CARTESIAN_POINT('Ctrl Pts',(10.321623198688,70.3383361548185,5.));
#10871=CARTESIAN_POINT('Ctrl Pts',(10.321623198688,69.7824018448591,5.));
#10872=CARTESIAN_POINT('Ctrl Pts',(10.1221002265811,69.3373131006956,5.));
#10873=CARTESIAN_POINT('',(10.321623198688,70.3383361548185,4.5));
#10874=CARTESIAN_POINT('Ctrl Pts',(10.1408590003848,71.2916105240583,4.5));
#10875=CARTESIAN_POINT('Ctrl Pts',(10.1408590003848,71.2916105240583,5.));
#10876=CARTESIAN_POINT('Ctrl Pts',(10.321623198688,70.8567541092634,4.5));
#10877=CARTESIAN_POINT('Ctrl Pts',(10.321623198688,70.8567541092634,5.));
#10878=CARTESIAN_POINT('Ctrl Pts',(10.321623198688,70.3383361548185,4.5));
#10879=CARTESIAN_POINT('Ctrl Pts',(10.321623198688,70.3383361548185,5.));
#10880=CARTESIAN_POINT('',(10.1408590003848,71.2916105240583,4.5));
#10881=CARTESIAN_POINT('Ctrl Pts',(10.1408590003848,71.2916105240583,4.5));
#10882=CARTESIAN_POINT('Ctrl Pts',(10.321623198688,70.8567541092634,4.5));
#10883=CARTESIAN_POINT('Ctrl Pts',(10.321623198688,70.3383361548185,4.5));
#10884=CARTESIAN_POINT('',(10.1408590003848,71.2916105240583,5.));
#10885=CARTESIAN_POINT('Ctrl Pts',(10.1408590003848,71.2916105240583,5.));
#10886=CARTESIAN_POINT('Ctrl Pts',(10.321623198688,70.8567541092634,5.));
#10887=CARTESIAN_POINT('Ctrl Pts',(10.321623198688,70.3383361548185,5.));
#10888=CARTESIAN_POINT('',(10.1408590003848,71.2916105240583,4.5));
#10889=CARTESIAN_POINT('Ctrl Pts',(9.60538875311613,71.9652121514082,4.5));
#10890=CARTESIAN_POINT('Ctrl Pts',(9.60538875311613,71.9652121514082,5.));
#10891=CARTESIAN_POINT('Ctrl Pts',(9.96009480208158,71.7264675348997,4.5));
#10892=CARTESIAN_POINT('Ctrl Pts',(9.96009480208158,71.7264675348997,5.));
#10893=CARTESIAN_POINT('Ctrl Pts',(10.1408590003848,71.2916105240583,4.5));
#10894=CARTESIAN_POINT('Ctrl Pts',(10.1408590003848,71.2916105240583,5.));
#10895=CARTESIAN_POINT('',(9.60538875311613,71.9652121514082,4.5));
#10896=CARTESIAN_POINT('Ctrl Pts',(9.60538875311613,71.9652121514082,4.5));
#10897=CARTESIAN_POINT('Ctrl Pts',(9.96009480208158,71.7264675348997,4.5));
#10898=CARTESIAN_POINT('Ctrl Pts',(10.1408590003848,71.2916105240583,4.5));
#10899=CARTESIAN_POINT('',(9.60538875311613,71.9652121514082,5.));
#10900=CARTESIAN_POINT('Ctrl Pts',(9.60538875311613,71.9652121514082,5.));
#10901=CARTESIAN_POINT('Ctrl Pts',(9.96009480208158,71.7264675348997,5.));
#10902=CARTESIAN_POINT('Ctrl Pts',(10.1408590003848,71.2916105240583,5.));
#10903=CARTESIAN_POINT('',(9.60538875311613,71.9652121514082,4.5));
#10904=CARTESIAN_POINT('Ctrl Pts',(8.786834590137,72.2039573639631,4.5));
#10905=CARTESIAN_POINT('Ctrl Pts',(8.786834590137,72.2039573639631,5.));
#10906=CARTESIAN_POINT('Ctrl Pts',(9.25068210810423,72.2039573639631,4.5));
#10907=CARTESIAN_POINT('Ctrl Pts',(9.25068210810423,72.2039573639631,5.));
#10908=CARTESIAN_POINT('Ctrl Pts',(9.60538875311613,71.9652121514082,4.5));
#10909=CARTESIAN_POINT('Ctrl Pts',(9.60538875311613,71.9652121514082,5.));
#10910=CARTESIAN_POINT('',(8.786834590137,72.2039573639631,4.5));
#10911=CARTESIAN_POINT('Ctrl Pts',(8.786834590137,72.2039573639631,4.5));
#10912=CARTESIAN_POINT('Ctrl Pts',(9.25068210810423,72.2039573639631,4.5));
#10913=CARTESIAN_POINT('Ctrl Pts',(9.60538875311613,71.9652121514082,4.5));
#10914=CARTESIAN_POINT('',(8.786834590137,72.2039573639631,5.));
#10915=CARTESIAN_POINT('Ctrl Pts',(8.786834590137,72.2039573639631,5.));
#10916=CARTESIAN_POINT('Ctrl Pts',(9.25068210810423,72.2039573639631,5.));
#10917=CARTESIAN_POINT('Ctrl Pts',(9.60538875311613,71.9652121514082,5.));
#10918=CARTESIAN_POINT('',(8.786834590137,72.2039573639631,4.5));
#10919=CARTESIAN_POINT('Ctrl Pts',(8.18315099924803,72.065825983882,4.5));
#10920=CARTESIAN_POINT('Ctrl Pts',(8.18315099924803,72.065825983882,5.));
#10921=CARTESIAN_POINT('Ctrl Pts',(8.4321279451251,72.2039573639631,4.5));
#10922=CARTESIAN_POINT('Ctrl Pts',(8.4321279451251,72.2039573639631,5.));
#10923=CARTESIAN_POINT('Ctrl Pts',(8.786834590137,72.2039573639631,4.5));
#10924=CARTESIAN_POINT('Ctrl Pts',(8.786834590137,72.2039573639631,5.));
#10925=CARTESIAN_POINT('',(8.18315099924803,72.065825983882,4.5));
#10926=CARTESIAN_POINT('Ctrl Pts',(8.18315099924803,72.065825983882,4.5));
#10927=CARTESIAN_POINT('Ctrl Pts',(8.4321279451251,72.2039573639631,4.5));
#10928=CARTESIAN_POINT('Ctrl Pts',(8.786834590137,72.2039573639631,4.5));
#10929=CARTESIAN_POINT('',(8.18315099924803,72.065825983882,5.));
#10930=CARTESIAN_POINT('Ctrl Pts',(8.18315099924803,72.065825983882,5.));
#10931=CARTESIAN_POINT('Ctrl Pts',(8.4321279451251,72.2039573639631,5.));
#10932=CARTESIAN_POINT('Ctrl Pts',(8.786834590137,72.2039573639631,5.));
#10933=CARTESIAN_POINT('',(8.18315099924803,72.065825983882,4.5));
#10934=CARTESIAN_POINT('Ctrl Pts',(7.73635696619749,71.6514330357313,4.5));
#10935=CARTESIAN_POINT('Ctrl Pts',(7.73635696619749,71.6514330357313,5.));
#10936=CARTESIAN_POINT('Ctrl Pts',(7.9341746494174,71.9276951998472,4.5));
#10937=CARTESIAN_POINT('Ctrl Pts',(7.9341746494174,71.9276951998472,5.));
#10938=CARTESIAN_POINT('Ctrl Pts',(8.18315099924803,72.065825983882,4.5));
#10939=CARTESIAN_POINT('Ctrl Pts',(8.18315099924803,72.065825983882,5.));
#10940=CARTESIAN_POINT('',(7.73635696619749,71.6514330357313,4.5));
#10941=CARTESIAN_POINT('Ctrl Pts',(7.73635696619749,71.6514330357313,4.5));
#10942=CARTESIAN_POINT('Ctrl Pts',(7.9341746494174,71.9276951998472,4.5));
#10943=CARTESIAN_POINT('Ctrl Pts',(8.18315099924803,72.065825983882,4.5));
#10944=CARTESIAN_POINT('',(7.73635696619749,71.6514330357313,5.));
#10945=CARTESIAN_POINT('Ctrl Pts',(7.73635696619749,71.6514330357313,5.));
#10946=CARTESIAN_POINT('Ctrl Pts',(7.9341746494174,71.9276951998472,5.));
#10947=CARTESIAN_POINT('Ctrl Pts',(8.18315099924803,72.065825983882,5.));
#10948=CARTESIAN_POINT('',(7.73635696619749,71.6514330357313,4.5));
#10949=CARTESIAN_POINT('Origin',(7.73635696619749,72.1221017092466,4.5));
#10950=CARTESIAN_POINT('',(7.73635696619749,72.1221017092466,4.5));
#10951=CARTESIAN_POINT('',(7.73635696619749,72.1221017092466,4.5));
#10952=CARTESIAN_POINT('',(7.73635696619749,72.1221017092466,5.));
#10953=CARTESIAN_POINT('',(7.73635696619749,72.1221017092466,5.));
#10954=CARTESIAN_POINT('',(7.73635696619749,72.1221017092466,4.5));
#10955=CARTESIAN_POINT('Origin',(7.17701207846403,72.1221017092466,4.5));
#10956=CARTESIAN_POINT('',(7.17701207846403,72.1221017092466,4.5));
#10957=CARTESIAN_POINT('',(7.17701207846403,72.1221017092466,4.5));
#10958=CARTESIAN_POINT('',(7.17701207846403,72.1221017092466,5.));
#10959=CARTESIAN_POINT('',(7.17701207846403,72.1221017092466,5.));
#10960=CARTESIAN_POINT('',(7.17701207846403,72.1221017092466,4.5));
#10961=CARTESIAN_POINT('Origin',(7.17701207846403,67.1118699759245,4.5));
#10962=CARTESIAN_POINT('',(7.17701207846403,67.1118699759245,4.5));
#10963=CARTESIAN_POINT('',(7.17701207846403,67.1118699759245,4.5));
#10964=CARTESIAN_POINT('',(7.17701207846403,67.1118699759245,5.));
#10965=CARTESIAN_POINT('',(7.17701207846403,67.1118699759245,5.));
#10966=CARTESIAN_POINT('',(7.17701207846403,67.1118699759245,4.5));
#10967=CARTESIAN_POINT('Origin',(7.79092740267515,67.1118699759245,4.5));
#10968=CARTESIAN_POINT('',(7.79092740267515,67.1118699759245,4.5));
#10969=CARTESIAN_POINT('',(7.79092740267515,67.1118699759245,4.5));
#10970=CARTESIAN_POINT('',(7.79092740267515,67.1118699759245,5.));
#10971=CARTESIAN_POINT('',(7.79092740267515,67.1118699759245,5.));
#10972=CARTESIAN_POINT('',(7.79092740267515,67.1118699759245,4.5));
#10973=CARTESIAN_POINT('Origin',(7.79092740267515,68.8751714676618,4.5));
#10974=CARTESIAN_POINT('',(7.79092740267515,68.8751714676618,4.5));
#10975=CARTESIAN_POINT('',(7.79092740267515,68.8751714676618,5.));
#10976=CARTESIAN_POINT('Ctrl Pts',(10.371708481723,71.3875715420078,4.5));
#10977=CARTESIAN_POINT('Ctrl Pts',(10.371708481723,71.3875715420078,5.));
#10978=CARTESIAN_POINT('Ctrl Pts',(10.2351764109486,71.71602113954,4.5));
#10979=CARTESIAN_POINT('Ctrl Pts',(10.2351764109486,71.71602113954,5.));
#10980=CARTESIAN_POINT('Ctrl Pts',(10.0234627388064,71.9851705493623,4.5));
#10981=CARTESIAN_POINT('Ctrl Pts',(10.0234627388064,71.9851705493623,5.));
#10982=CARTESIAN_POINT('Ctrl Pts',(9.74498298825039,72.1726089920719,4.5));
#10983=CARTESIAN_POINT('Ctrl Pts',(9.74498298825039,72.1726089920719,5.));
#10984=CARTESIAN_POINT('',(9.74498298825039,72.1726089920719,4.5));
#10985=CARTESIAN_POINT('',(10.371708481723,71.3875715420078,4.5));
#10986=CARTESIAN_POINT('Ctrl Pts',(9.74498298825039,72.1726089920719,4.5));
#10987=CARTESIAN_POINT('Ctrl Pts',(10.0234627388064,71.9851705493623,4.5));
#10988=CARTESIAN_POINT('Ctrl Pts',(10.2351764109486,71.71602113954,4.5));
#10989=CARTESIAN_POINT('Ctrl Pts',(10.371708481723,71.3875715420078,4.5));
#10990=CARTESIAN_POINT('',(9.74498298825039,72.1726089920719,5.));
#10991=CARTESIAN_POINT('',(9.74498298825039,72.1726089920719,4.5));
#10992=CARTESIAN_POINT('',(10.371708481723,71.3875715420078,5.));
#10993=CARTESIAN_POINT('Ctrl Pts',(10.371708481723,71.3875715420078,5.));
#10994=CARTESIAN_POINT('Ctrl Pts',(10.2351764109486,71.71602113954,5.));
#10995=CARTESIAN_POINT('Ctrl Pts',(10.0234627388064,71.9851705493623,5.));
#10996=CARTESIAN_POINT('Ctrl Pts',(9.74498298825039,72.1726089920719,5.));
#10997=CARTESIAN_POINT('',(10.371708481723,71.3875715420078,4.5));
#10998=CARTESIAN_POINT('Ctrl Pts',(10.571623198688,70.3383361548185,4.5));
#10999=CARTESIAN_POINT('Ctrl Pts',(10.571623198688,70.3383361548185,5.));
#11000=CARTESIAN_POINT('Ctrl Pts',(10.571623198688,70.7130051489261,4.5));
#11001=CARTESIAN_POINT('Ctrl Pts',(10.571623198688,70.7130051489261,5.));
#11002=CARTESIAN_POINT('Ctrl Pts',(10.5057340628316,71.0651521011286,4.5));
#11003=CARTESIAN_POINT('Ctrl Pts',(10.5057340628316,71.0651521011286,5.));
#11004=CARTESIAN_POINT('Ctrl Pts',(10.371708481723,71.3875715420078,4.5));
#11005=CARTESIAN_POINT('Ctrl Pts',(10.371708481723,71.3875715420078,5.));
#11006=CARTESIAN_POINT('',(10.571623198688,70.3383361548185,4.5));
#11007=CARTESIAN_POINT('Ctrl Pts',(10.371708481723,71.3875715420078,4.5));
#11008=CARTESIAN_POINT('Ctrl Pts',(10.5057340628316,71.0651521011286,4.5));
#11009=CARTESIAN_POINT('Ctrl Pts',(10.571623198688,70.7130051489261,4.5));
#11010=CARTESIAN_POINT('Ctrl Pts',(10.571623198688,70.3383361548185,4.5));
#11011=CARTESIAN_POINT('',(10.571623198688,70.3383361548185,5.));
#11012=CARTESIAN_POINT('Ctrl Pts',(10.571623198688,70.3383361548185,5.));
#11013=CARTESIAN_POINT('Ctrl Pts',(10.571623198688,70.7130051489261,5.));
#11014=CARTESIAN_POINT('Ctrl Pts',(10.5057340628316,71.0651521011286,5.));
#11015=CARTESIAN_POINT('Ctrl Pts',(10.371708481723,71.3875715420078,5.));
#11016=CARTESIAN_POINT('',(10.571623198688,70.3383361548185,4.5));
#11017=CARTESIAN_POINT('Ctrl Pts',(10.3502274751341,69.2350489404652,4.5));
#11018=CARTESIAN_POINT('Ctrl Pts',(10.3502274751341,69.2350489404652,5.));
#11019=CARTESIAN_POINT('Ctrl Pts',(10.4991355624701,69.5672278013166,4.5));
#11020=CARTESIAN_POINT('Ctrl Pts',(10.4991355624701,69.5672278013166,5.));
#11021=CARTESIAN_POINT('Ctrl Pts',(10.571623198688,69.9378052257503,4.5));
#11022=CARTESIAN_POINT('Ctrl Pts',(10.571623198688,69.9378052257503,5.));
#11023=CARTESIAN_POINT('Ctrl Pts',(10.571623198688,70.3383361548185,4.5));
#11024=CARTESIAN_POINT('Ctrl Pts',(10.571623198688,70.3383361548185,5.));
#11025=CARTESIAN_POINT('',(10.3502274751346,69.235048940465,4.5));
#11026=CARTESIAN_POINT('Ctrl Pts',(10.571623198688,70.3383361548185,4.5));
#11027=CARTESIAN_POINT('Ctrl Pts',(10.571623198688,69.9378052257503,4.5));
#11028=CARTESIAN_POINT('Ctrl Pts',(10.4991355624701,69.5672278013166,4.5));
#11029=CARTESIAN_POINT('Ctrl Pts',(10.3502274751341,69.2350489404652,4.5));
#11030=CARTESIAN_POINT('',(10.3502274751346,69.235048940465,5.));
#11031=CARTESIAN_POINT('Ctrl Pts',(10.3502274751341,69.2350489404652,5.));
#11032=CARTESIAN_POINT('Ctrl Pts',(10.4991355624701,69.5672278013166,5.));
#11033=CARTESIAN_POINT('Ctrl Pts',(10.571623198688,69.9378052257503,5.));
#11034=CARTESIAN_POINT('Ctrl Pts',(10.571623198688,70.3383361548185,5.));
#11035=CARTESIAN_POINT('',(10.3502274751346,69.235048940465,4.5));
#11036=CARTESIAN_POINT('Ctrl Pts',(9.67453484090988,68.4430251900446,4.5));
#11037=CARTESIAN_POINT('Ctrl Pts',(9.67453484090988,68.4430251900446,5.));
#11038=CARTESIAN_POINT('Ctrl Pts',(9.97101363574033,68.6278256508502,4.5));
#11039=CARTESIAN_POINT('Ctrl Pts',(9.97101363574033,68.6278256508502,5.));
#11040=CARTESIAN_POINT('Ctrl Pts',(10.1997376140756,68.8993397422432,4.5));
#11041=CARTESIAN_POINT('Ctrl Pts',(10.1997376140756,68.8993397422432,5.));
#11042=CARTESIAN_POINT('Ctrl Pts',(10.3502274751346,69.235048940465,4.5));
#11043=CARTESIAN_POINT('Ctrl Pts',(10.3502274751346,69.235048940465,5.));
#11044=CARTESIAN_POINT('',(9.67453484090988,68.4430251900446,4.5));
#11045=CARTESIAN_POINT('Ctrl Pts',(10.3502274751346,69.235048940465,4.5));
#11046=CARTESIAN_POINT('Ctrl Pts',(10.1997376140756,68.8993397422432,4.5));
#11047=CARTESIAN_POINT('Ctrl Pts',(9.97101363574033,68.6278256508502,4.5));
#11048=CARTESIAN_POINT('Ctrl Pts',(9.67453484090988,68.4430251900446,4.5));
#11049=CARTESIAN_POINT('',(9.67453484090988,68.4430251900446,5.));
#11050=CARTESIAN_POINT('Ctrl Pts',(9.67453484090988,68.4430251900446,5.));
#11051=CARTESIAN_POINT('Ctrl Pts',(9.97101363574033,68.6278256508502,5.));
#11052=CARTESIAN_POINT('Ctrl Pts',(10.1997376140756,68.8993397422432,5.));
#11053=CARTESIAN_POINT('Ctrl Pts',(10.3502274751346,69.235048940465,5.));
#11054=CARTESIAN_POINT('',(9.67453484090988,68.4430251900446,4.5));
#11055=CARTESIAN_POINT('Ctrl Pts',(8.74249648302794,68.1681457012892,4.5));
#11056=CARTESIAN_POINT('Ctrl Pts',(8.74249648302794,68.1681457012892,5.));
#11057=CARTESIAN_POINT('Ctrl Pts',(9.06925570619181,68.1681457012892,4.5));
#11058=CARTESIAN_POINT('Ctrl Pts',(9.06925570619181,68.1681457012892,5.));
#11059=CARTESIAN_POINT('Ctrl Pts',(9.38598952039099,68.263169803673,4.5));
#11060=CARTESIAN_POINT('Ctrl Pts',(9.38598952039099,68.263169803673,5.));
#11061=CARTESIAN_POINT('Ctrl Pts',(9.67453484090988,68.4430251900446,4.5));
#11062=CARTESIAN_POINT('Ctrl Pts',(9.67453484090988,68.4430251900446,5.));
#11063=CARTESIAN_POINT('',(8.74249648302794,68.1681457012892,4.5));
#11064=CARTESIAN_POINT('Ctrl Pts',(9.67453484090988,68.4430251900446,4.5));
#11065=CARTESIAN_POINT('Ctrl Pts',(9.38598952039099,68.263169803673,4.5));
#11066=CARTESIAN_POINT('Ctrl Pts',(9.06925570619181,68.1681457012892,4.5));
#11067=CARTESIAN_POINT('Ctrl Pts',(8.74249648302794,68.1681457012892,4.5));
#11068=CARTESIAN_POINT('',(8.74249648302794,68.1681457012892,5.));
#11069=CARTESIAN_POINT('Ctrl Pts',(8.74249648302794,68.1681457012892,5.));
#11070=CARTESIAN_POINT('Ctrl Pts',(9.06925570619181,68.1681457012892,5.));
#11071=CARTESIAN_POINT('Ctrl Pts',(9.38598952039099,68.263169803673,5.));
#11072=CARTESIAN_POINT('Ctrl Pts',(9.67453484090988,68.4430251900446,5.));
#11073=CARTESIAN_POINT('',(8.74249648302794,68.1681457012892,4.5));
#11074=CARTESIAN_POINT('Ctrl Pts',(8.07435149303226,68.3269911646458,4.5));
#11075=CARTESIAN_POINT('Ctrl Pts',(8.07435149303226,68.3269911646458,5.));
#11076=CARTESIAN_POINT('Ctrl Pts',(8.27531079286456,68.220187483284,4.5));
#11077=CARTESIAN_POINT('Ctrl Pts',(8.27531079286456,68.220187483284,5.));
#11078=CARTESIAN_POINT('Ctrl Pts',(8.50267269371588,68.1681457012892,4.5));
#11079=CARTESIAN_POINT('Ctrl Pts',(8.50267269371588,68.1681457012892,5.));
#11080=CARTESIAN_POINT('Ctrl Pts',(8.74249648302794,68.1681457012892,4.5));
#11081=CARTESIAN_POINT('Ctrl Pts',(8.74249648302794,68.1681457012892,5.));
#11082=CARTESIAN_POINT('',(8.07435149303222,68.3269911646457,4.5));
#11083=CARTESIAN_POINT('Ctrl Pts',(8.74249648302794,68.1681457012892,4.5));
#11084=CARTESIAN_POINT('Ctrl Pts',(8.50267269371588,68.1681457012892,4.5));
#11085=CARTESIAN_POINT('Ctrl Pts',(8.27531079286456,68.220187483284,4.5));
#11086=CARTESIAN_POINT('Ctrl Pts',(8.07435149303226,68.3269911646458,4.5));
#11087=CARTESIAN_POINT('',(8.07435149303222,68.3269911646457,5.));
#11088=CARTESIAN_POINT('Ctrl Pts',(8.07435149303226,68.3269911646458,5.));
#11089=CARTESIAN_POINT('Ctrl Pts',(8.27531079286456,68.220187483284,5.));
#11090=CARTESIAN_POINT('Ctrl Pts',(8.50267269371588,68.1681457012892,5.));
#11091=CARTESIAN_POINT('Ctrl Pts',(8.74249648302794,68.1681457012892,5.));
#11092=CARTESIAN_POINT('',(8.07435149303222,68.3269911646457,4.5));
#11093=CARTESIAN_POINT('Ctrl Pts',(8.04092740267515,68.3452253567946,4.5));
#11094=CARTESIAN_POINT('Ctrl Pts',(8.04092740267515,68.3452253567946,5.));
#11095=CARTESIAN_POINT('Ctrl Pts',(8.0519757535312,68.3390394148846,4.5));
#11096=CARTESIAN_POINT('Ctrl Pts',(8.0519757535312,68.3390394148846,5.));
#11097=CARTESIAN_POINT('Ctrl Pts',(8.06311384071495,68.3329636183793,4.5));
#11098=CARTESIAN_POINT('Ctrl Pts',(8.06311384071495,68.3329636183793,5.));
#11099=CARTESIAN_POINT('Ctrl Pts',(8.07435149303222,68.3269911646457,4.5));
#11100=CARTESIAN_POINT('Ctrl Pts',(8.07435149303222,68.3269911646457,5.));
#11101=CARTESIAN_POINT('',(8.04092740267515,68.3452253567946,4.5));
#11102=CARTESIAN_POINT('Ctrl Pts',(8.07435149303223,68.3269911646457,4.5));
#11103=CARTESIAN_POINT('Ctrl Pts',(8.06311384071496,68.3329636183793,4.5));
#11104=CARTESIAN_POINT('Ctrl Pts',(8.0519757535312,68.3390394148846,4.5));
#11105=CARTESIAN_POINT('Ctrl Pts',(8.04092740267515,68.3452253567946,4.5));
#11106=CARTESIAN_POINT('',(8.04092740267515,68.3452253567946,5.));
#11107=CARTESIAN_POINT('Ctrl Pts',(8.04092740267515,68.3452253567946,5.));
#11108=CARTESIAN_POINT('Ctrl Pts',(8.0519757535312,68.3390394148846,5.));
#11109=CARTESIAN_POINT('Ctrl Pts',(8.06311384071496,68.3329636183793,5.));
#11110=CARTESIAN_POINT('Ctrl Pts',(8.07435149303223,68.3269911646457,5.));
#11111=CARTESIAN_POINT('',(8.04092740267515,68.3452253567946,4.5));
#11112=CARTESIAN_POINT('Origin',(8.04092740267515,66.8618699759245,4.5));
#11113=CARTESIAN_POINT('',(8.04092740267515,66.8618699759245,4.5));
#11114=CARTESIAN_POINT('',(8.04092740267515,68.3452253567946,4.5));
#11115=CARTESIAN_POINT('',(8.04092740267515,66.8618699759245,5.));
#11116=CARTESIAN_POINT('',(8.04092740267515,68.3452253567946,5.));
#11117=CARTESIAN_POINT('',(8.04092740267515,66.8618699759245,4.5));
#11118=CARTESIAN_POINT('Origin',(6.92701207846403,66.8618699759245,4.5));
#11119=CARTESIAN_POINT('',(6.92701207846403,66.8618699759245,4.5));
#11120=CARTESIAN_POINT('',(8.04092740267515,66.8618699759245,4.5));
#11121=CARTESIAN_POINT('',(6.92701207846403,66.8618699759245,5.));
#11122=CARTESIAN_POINT('',(8.04092740267515,66.8618699759245,5.));
#11123=CARTESIAN_POINT('',(6.92701207846403,66.8618699759245,4.5));
#11124=CARTESIAN_POINT('Origin',(6.92701207846403,72.3721017092466,4.5));
#11125=CARTESIAN_POINT('',(6.92701207846403,72.3721017092466,4.5));
#11126=CARTESIAN_POINT('',(6.92701207846403,66.8618699759245,4.5));
#11127=CARTESIAN_POINT('',(6.92701207846403,72.3721017092466,5.));
#11128=CARTESIAN_POINT('',(6.92701207846403,66.8618699759245,5.));
#11129=CARTESIAN_POINT('',(6.92701207846403,72.3721017092466,4.5));
#11130=CARTESIAN_POINT('Origin',(7.98635696619749,72.3721017092466,4.5));
#11131=CARTESIAN_POINT('',(7.98635696619749,72.3721017092466,4.5));
#11132=CARTESIAN_POINT('',(6.92701207846403,72.3721017092466,4.5));
#11133=CARTESIAN_POINT('',(7.98635696619749,72.3721017092466,5.));
#11134=CARTESIAN_POINT('',(6.92701207846403,72.3721017092466,5.));
#11135=CARTESIAN_POINT('',(7.98635696619749,72.3721017092466,4.5));
#11136=CARTESIAN_POINT('Origin',(7.98635696619749,72.2393274040247,4.5));
#11137=CARTESIAN_POINT('',(7.9863569661975,72.2393274040247,4.5));
#11138=CARTESIAN_POINT('',(7.98635696619749,72.3721017092466,4.5));
#11139=CARTESIAN_POINT('',(7.9863569661975,72.2393274040247,5.));
#11140=CARTESIAN_POINT('',(7.98635696619749,72.3721017092466,5.));
#11141=CARTESIAN_POINT('',(7.9863569661975,72.2393274040247,4.5));
#11142=CARTESIAN_POINT('Ctrl Pts',(8.06186737203689,72.2844358687694,4.5));
#11143=CARTESIAN_POINT('Ctrl Pts',(8.06186737203689,72.2844358687694,5.));
#11144=CARTESIAN_POINT('Ctrl Pts',(8.03629022298814,72.2702457994963,4.5));
#11145=CARTESIAN_POINT('Ctrl Pts',(8.03629022298814,72.2702457994963,5.));
#11146=CARTESIAN_POINT('Ctrl Pts',(8.01108245896101,72.2551811606994,4.5));
#11147=CARTESIAN_POINT('Ctrl Pts',(8.01108245896101,72.2551811606994,5.));
#11148=CARTESIAN_POINT('Ctrl Pts',(7.9863569661975,72.2393274040247,4.5));
#11149=CARTESIAN_POINT('Ctrl Pts',(7.9863569661975,72.2393274040247,5.));
#11150=CARTESIAN_POINT('',(8.06186737203685,72.2844358687695,4.5));
#11151=CARTESIAN_POINT('Ctrl Pts',(7.9863569661975,72.2393274040247,4.5));
#11152=CARTESIAN_POINT('Ctrl Pts',(8.01108245896101,72.2551811606994,4.5));
#11153=CARTESIAN_POINT('Ctrl Pts',(8.03629022298814,72.2702457994963,4.5));
#11154=CARTESIAN_POINT('Ctrl Pts',(8.06186737203689,72.2844358687694,4.5));
#11155=CARTESIAN_POINT('',(8.06186737203685,72.2844358687695,5.));
#11156=CARTESIAN_POINT('Ctrl Pts',(8.06186737203689,72.2844358687694,5.));
#11157=CARTESIAN_POINT('Ctrl Pts',(8.03629022298814,72.2702457994963,5.));
#11158=CARTESIAN_POINT('Ctrl Pts',(8.01108245896101,72.2551811606994,5.));
#11159=CARTESIAN_POINT('Ctrl Pts',(7.9863569661975,72.2393274040247,5.));
#11160=CARTESIAN_POINT('',(8.06186737203685,72.2844358687695,4.5));
#11161=CARTESIAN_POINT('Ctrl Pts',(8.786834590137,72.4539573639631,4.5));
#11162=CARTESIAN_POINT('Ctrl Pts',(8.786834590137,72.4539573639631,5.));
#11163=CARTESIAN_POINT('Ctrl Pts',(8.51791147007358,72.4539573639631,4.5));
#11164=CARTESIAN_POINT('Ctrl Pts',(8.51791147007358,72.4539573639631,5.));
#11165=CARTESIAN_POINT('Ctrl Pts',(8.27189238963641,72.4009568331652,4.5));
#11166=CARTESIAN_POINT('Ctrl Pts',(8.27189238963641,72.4009568331652,5.));
#11167=CARTESIAN_POINT('Ctrl Pts',(8.06186737203685,72.2844358687695,4.5));
#11168=CARTESIAN_POINT('Ctrl Pts',(8.06186737203685,72.2844358687695,5.));
#11169=CARTESIAN_POINT('',(8.786834590137,72.4539573639631,4.5));
#11170=CARTESIAN_POINT('Ctrl Pts',(8.06186737203684,72.2844358687694,4.5));
#11171=CARTESIAN_POINT('Ctrl Pts',(8.2718923896364,72.4009568331652,4.5));
#11172=CARTESIAN_POINT('Ctrl Pts',(8.51791147007357,72.4539573639631,4.5));
#11173=CARTESIAN_POINT('Ctrl Pts',(8.786834590137,72.4539573639631,4.5));
#11174=CARTESIAN_POINT('',(8.786834590137,72.4539573639631,5.));
#11175=CARTESIAN_POINT('Ctrl Pts',(8.786834590137,72.4539573639631,5.));
#11176=CARTESIAN_POINT('Ctrl Pts',(8.51791147007357,72.4539573639631,5.));
#11177=CARTESIAN_POINT('Ctrl Pts',(8.2718923896364,72.4009568331652,5.));
#11178=CARTESIAN_POINT('Ctrl Pts',(8.06186737203684,72.2844358687694,5.));
#11179=CARTESIAN_POINT('',(8.786834590137,72.4539573639631,4.5));
#11180=CARTESIAN_POINT('Ctrl Pts',(9.74498298825039,72.1726089920719,4.5));
#11181=CARTESIAN_POINT('Ctrl Pts',(9.74498298825039,72.1726089920719,5.));
#11182=CARTESIAN_POINT('Ctrl Pts',(9.46663481109256,72.3599590055389,4.5));
#11183=CARTESIAN_POINT('Ctrl Pts',(9.46663481109256,72.3599590055389,5.));
#11184=CARTESIAN_POINT('Ctrl Pts',(9.13895845556503,72.4539573639631,4.5));
#11185=CARTESIAN_POINT('Ctrl Pts',(9.13895845556503,72.4539573639631,5.));
#11186=CARTESIAN_POINT('Ctrl Pts',(8.786834590137,72.4539573639631,4.5));
#11187=CARTESIAN_POINT('Ctrl Pts',(8.786834590137,72.4539573639631,5.));
#11188=CARTESIAN_POINT('Ctrl Pts',(8.786834590137,72.4539573639631,4.5));
#11189=CARTESIAN_POINT('Ctrl Pts',(9.13895845556503,72.4539573639631,4.5));
#11190=CARTESIAN_POINT('Ctrl Pts',(9.46663481109256,72.3599590055389,4.5));
#11191=CARTESIAN_POINT('Ctrl Pts',(9.74498298825039,72.1726089920719,4.5));
#11192=CARTESIAN_POINT('Ctrl Pts',(9.74498298825039,72.1726089920719,5.));
#11193=CARTESIAN_POINT('Ctrl Pts',(9.46663481109256,72.3599590055389,5.));
#11194=CARTESIAN_POINT('Ctrl Pts',(9.13895845556503,72.4539573639631,5.));
#11195=CARTESIAN_POINT('Ctrl Pts',(8.786834590137,72.4539573639631,5.));
#11196=CARTESIAN_POINT('Origin',(8.74946266539659,69.6583151158293,5.));
#11197=CARTESIAN_POINT('Origin',(8.74946266539659,69.6583151158293,4.5));
#11198=CARTESIAN_POINT('Origin',(11.0480893775821,73.5000007599592,4.5));
#11199=CARTESIAN_POINT('',(11.0480893775821,73.5000007599592,4.5));
#11200=CARTESIAN_POINT('',(11.6620052978396,73.5000007599592,4.5));
#11201=CARTESIAN_POINT('',(11.0480893775821,73.5000007599592,4.5));
#11202=CARTESIAN_POINT('',(11.6620052978396,73.5000007599592,5.));
#11203=CARTESIAN_POINT('',(11.6620052978396,73.5000007599592,4.5));
#11204=CARTESIAN_POINT('',(11.0480893775821,73.5000007599592,5.));
#11205=CARTESIAN_POINT('',(11.0480893775821,73.5000007599592,5.));
#11206=CARTESIAN_POINT('',(11.0480893775821,73.5000007599592,4.5));
#11207=CARTESIAN_POINT('Origin',(11.0480893775821,68.5000007599592,4.5));
#11208=CARTESIAN_POINT('',(11.0480893775821,68.5000007599592,4.5));
#11209=CARTESIAN_POINT('',(11.0480893775821,68.5000007599592,4.5));
#11210=CARTESIAN_POINT('',(11.0480893775821,68.5000007599592,5.));
#11211=CARTESIAN_POINT('',(11.0480893775821,68.5000007599592,5.));
#11212=CARTESIAN_POINT('',(11.0480893775821,68.5000007599592,4.5));
#11213=CARTESIAN_POINT('Origin',(11.6620052978396,68.5000007599592,4.5));
#11214=CARTESIAN_POINT('',(11.6620052978396,68.5000007599592,4.5));
#11215=CARTESIAN_POINT('',(11.6620052978396,68.5000007599592,4.5));
#11216=CARTESIAN_POINT('',(11.6620052978396,68.5000007599592,5.));
#11217=CARTESIAN_POINT('',(11.6620052978396,68.5000007599592,5.));
#11218=CARTESIAN_POINT('',(11.6620052978396,68.5000007599592,4.5));
#11219=CARTESIAN_POINT('Origin',(11.6620052978396,73.5000007599592,4.5));
#11220=CARTESIAN_POINT('',(11.6620052978396,73.5000007599592,4.5));
#11221=CARTESIAN_POINT('',(11.6620052978396,73.5000007599592,5.));
#11222=CARTESIAN_POINT('Origin',(10.7980893775821,73.7500007599592,4.5));
#11223=CARTESIAN_POINT('',(10.7980893775821,68.2500007599592,4.5));
#11224=CARTESIAN_POINT('',(10.7980893775821,73.7500007599592,4.5));
#11225=CARTESIAN_POINT('',(10.7980893775821,68.2500007599592,4.5));
#11226=CARTESIAN_POINT('',(10.7980893775821,68.2500007599592,5.));
#11227=CARTESIAN_POINT('',(10.7980893775821,68.2500007599592,4.5));
#11228=CARTESIAN_POINT('',(10.7980893775821,73.7500007599592,5.));
#11229=CARTESIAN_POINT('',(10.7980893775821,68.2500007599592,5.));
#11230=CARTESIAN_POINT('',(10.7980893775821,73.7500007599592,4.5));
#11231=CARTESIAN_POINT('Origin',(11.9120052978396,73.7500007599592,4.5));
#11232=CARTESIAN_POINT('',(11.9120052978396,73.7500007599592,4.5));
#11233=CARTESIAN_POINT('',(10.7980893775821,73.7500007599592,4.5));
#11234=CARTESIAN_POINT('',(11.9120052978396,73.7500007599592,5.));
#11235=CARTESIAN_POINT('',(10.7980893775821,73.7500007599592,5.));
#11236=CARTESIAN_POINT('',(11.9120052978396,73.7500007599592,4.5));
#11237=CARTESIAN_POINT('Origin',(11.9120052978396,68.2500007599592,4.5));
#11238=CARTESIAN_POINT('',(11.9120052978396,68.2500007599592,4.5));
#11239=CARTESIAN_POINT('',(11.9120052978396,73.7500007599592,4.5));
#11240=CARTESIAN_POINT('',(11.9120052978396,68.2500007599592,5.));
#11241=CARTESIAN_POINT('',(11.9120052978396,73.7500007599592,5.));
#11242=CARTESIAN_POINT('',(11.9120052978396,68.2500007599592,4.5));
#11243=CARTESIAN_POINT('Origin',(10.7980893775821,68.2500007599592,4.5));
#11244=CARTESIAN_POINT('',(11.9120052978396,68.2500007599592,4.5));
#11245=CARTESIAN_POINT('',(11.9120052978396,68.2500007599592,5.));
#11246=CARTESIAN_POINT('Origin',(11.3550473377109,71.0000007599592,5.));
#11247=CARTESIAN_POINT('Origin',(11.3550473377109,71.0000007599592,4.5));
#11248=CARTESIAN_POINT('Origin',(16.0924280807376,73.5000007599592,4.5));
#11249=CARTESIAN_POINT('',(16.0924280807376,73.5000007599592,4.5));
#11250=CARTESIAN_POINT('',(16.7063440009952,73.5000007599592,4.5));
#11251=CARTESIAN_POINT('',(16.0924280807376,73.5000007599592,4.5));
#11252=CARTESIAN_POINT('',(16.7063440009952,73.5000007599592,5.));
#11253=CARTESIAN_POINT('',(16.7063440009952,73.5000007599592,4.5));
#11254=CARTESIAN_POINT('',(16.0924280807376,73.5000007599592,5.));
#11255=CARTESIAN_POINT('',(16.0924280807376,73.5000007599592,5.));
#11256=CARTESIAN_POINT('',(16.0924280807376,73.5000007599592,4.5));
#11257=CARTESIAN_POINT('Origin',(16.0924280807376,68.5000007599592,4.5));
#11258=CARTESIAN_POINT('',(16.0924280807376,68.5000007599592,4.5));
#11259=CARTESIAN_POINT('',(16.0924280807376,68.5000007599592,4.5));
#11260=CARTESIAN_POINT('',(16.0924280807376,68.5000007599592,5.));
#11261=CARTESIAN_POINT('',(16.0924280807376,68.5000007599592,5.));
#11262=CARTESIAN_POINT('',(16.0924280807376,68.5000007599592,4.5));
#11263=CARTESIAN_POINT('Origin',(16.7063440009952,68.5000007599592,4.5));
#11264=CARTESIAN_POINT('',(16.7063440009952,68.5000007599592,4.5));
#11265=CARTESIAN_POINT('',(16.7063440009952,68.5000007599592,4.5));
#11266=CARTESIAN_POINT('',(16.7063440009952,68.5000007599592,5.));
#11267=CARTESIAN_POINT('',(16.7063440009952,68.5000007599592,5.));
#11268=CARTESIAN_POINT('',(16.7063440009952,68.5000007599592,4.5));
#11269=CARTESIAN_POINT('Origin',(16.7063440009952,73.5000007599592,4.5));
#11270=CARTESIAN_POINT('',(16.7063440009952,73.5000007599592,4.5));
#11271=CARTESIAN_POINT('',(16.7063440009952,73.5000007599592,5.));
#11272=CARTESIAN_POINT('Origin',(15.8924280807376,73.7000007599592,4.5));
#11273=CARTESIAN_POINT('',(15.8924280807376,68.3000007599592,4.5));
#11274=CARTESIAN_POINT('',(15.8924280807376,73.7000007599592,4.5));
#11275=CARTESIAN_POINT('',(15.8924280807376,68.3000007599592,4.5));
#11276=CARTESIAN_POINT('',(15.8924280807376,68.3000007599592,5.));
#11277=CARTESIAN_POINT('',(15.8924280807376,68.3000007599592,4.5));
#11278=CARTESIAN_POINT('',(15.8924280807376,73.7000007599592,5.));
#11279=CARTESIAN_POINT('',(15.8924280807376,68.3000007599592,5.));
#11280=CARTESIAN_POINT('',(15.8924280807376,73.7000007599592,4.5));
#11281=CARTESIAN_POINT('Origin',(16.9063440009952,73.7000007599592,4.5));
#11282=CARTESIAN_POINT('',(16.9063440009952,73.7000007599592,4.5));
#11283=CARTESIAN_POINT('',(15.8924280807376,73.7000007599592,4.5));
#11284=CARTESIAN_POINT('',(16.9063440009952,73.7000007599592,5.));
#11285=CARTESIAN_POINT('',(15.8924280807376,73.7000007599592,5.));
#11286=CARTESIAN_POINT('',(16.9063440009952,73.7000007599592,4.5));
#11287=CARTESIAN_POINT('Origin',(16.9063440009952,68.3000007599592,4.5));
#11288=CARTESIAN_POINT('',(16.9063440009952,68.3000007599592,4.5));
#11289=CARTESIAN_POINT('',(16.9063440009952,73.7000007599592,4.5));
#11290=CARTESIAN_POINT('',(16.9063440009952,68.3000007599592,5.));
#11291=CARTESIAN_POINT('',(16.9063440009952,73.7000007599592,5.));
#11292=CARTESIAN_POINT('',(16.9063440009952,68.3000007599592,4.5));
#11293=CARTESIAN_POINT('Origin',(15.8924280807376,68.3000007599592,4.5));
#11294=CARTESIAN_POINT('',(16.9063440009952,68.3000007599592,4.5));
#11295=CARTESIAN_POINT('',(16.9063440009952,68.3000007599592,5.));
#11296=CARTESIAN_POINT('Origin',(16.3993860408664,71.0000007599592,5.));
#11297=CARTESIAN_POINT('Origin',(16.3993860408664,71.0000007599592,4.5));
#11298=CARTESIAN_POINT('Origin',(12.6169849559665,73.5000007599592,4.5));
#11299=CARTESIAN_POINT('',(12.6169849559665,73.5000007599592,4.5));
#11300=CARTESIAN_POINT('',(13.230900876224,73.5000007599592,4.5));
#11301=CARTESIAN_POINT('',(12.6169849559665,73.5000007599592,4.5));
#11302=CARTESIAN_POINT('',(13.230900876224,73.5000007599592,5.));
#11303=CARTESIAN_POINT('',(13.230900876224,73.5000007599592,4.5));
#11304=CARTESIAN_POINT('',(12.6169849559665,73.5000007599592,5.));
#11305=CARTESIAN_POINT('',(12.6169849559665,73.5000007599592,5.));
#11306=CARTESIAN_POINT('',(12.6169849559665,73.5000007599592,4.5));
#11307=CARTESIAN_POINT('Origin',(12.6169849559665,72.7939980477095,4.5));
#11308=CARTESIAN_POINT('',(12.6169849559665,72.7939980477095,4.5));
#11309=CARTESIAN_POINT('',(12.6169849559665,72.7939980477095,4.5));
#11310=CARTESIAN_POINT('',(12.6169849559665,72.7939980477095,5.));
#11311=CARTESIAN_POINT('',(12.6169849559665,72.7939980477095,5.));
#11312=CARTESIAN_POINT('',(12.6169849559665,72.7939980477095,4.5));
#11313=CARTESIAN_POINT('Origin',(13.230900876224,72.7939980477095,4.5));
#11314=CARTESIAN_POINT('',(13.230900876224,72.7939980477095,4.5));
#11315=CARTESIAN_POINT('',(13.230900876224,72.7939980477095,4.5));
#11316=CARTESIAN_POINT('',(13.230900876224,72.7939980477095,5.));
#11317=CARTESIAN_POINT('',(13.230900876224,72.7939980477095,5.));
#11318=CARTESIAN_POINT('',(13.230900876224,72.7939980477095,4.5));
#11319=CARTESIAN_POINT('Origin',(13.230900876224,73.5000007599592,4.5));
#11320=CARTESIAN_POINT('',(13.230900876224,73.5000007599592,4.5));
#11321=CARTESIAN_POINT('',(13.230900876224,73.5000007599592,5.));
#11322=CARTESIAN_POINT('Origin',(12.4169849559665,72.5939980477095,4.5));
#11323=CARTESIAN_POINT('',(13.430900876224,72.5939980477095,4.5));
#11324=CARTESIAN_POINT('',(12.4169849559665,72.5939980477095,4.5));
#11325=CARTESIAN_POINT('',(13.430900876224,72.5939980477095,4.5));
#11326=CARTESIAN_POINT('',(13.430900876224,72.5939980477095,5.));
#11327=CARTESIAN_POINT('',(13.430900876224,72.5939980477095,4.5));
#11328=CARTESIAN_POINT('',(12.4169849559665,72.5939980477095,5.));
#11329=CARTESIAN_POINT('',(13.430900876224,72.5939980477095,5.));
#11330=CARTESIAN_POINT('',(12.4169849559665,72.5939980477095,4.5));
#11331=CARTESIAN_POINT('Origin',(12.4169849559665,73.7000007599592,4.5));
#11332=CARTESIAN_POINT('',(12.4169849559665,73.7000007599592,4.5));
#11333=CARTESIAN_POINT('',(12.4169849559665,72.5939980477095,4.5));
#11334=CARTESIAN_POINT('',(12.4169849559665,73.7000007599592,5.));
#11335=CARTESIAN_POINT('',(12.4169849559665,72.5939980477095,5.));
#11336=CARTESIAN_POINT('',(12.4169849559665,73.7000007599592,4.5));
#11337=CARTESIAN_POINT('Origin',(13.430900876224,73.7000007599592,4.5));
#11338=CARTESIAN_POINT('',(13.430900876224,73.7000007599592,4.5));
#11339=CARTESIAN_POINT('',(12.4169849559665,73.7000007599592,4.5));
#11340=CARTESIAN_POINT('',(13.430900876224,73.7000007599592,5.));
#11341=CARTESIAN_POINT('',(12.4169849559665,73.7000007599592,5.));
#11342=CARTESIAN_POINT('',(13.430900876224,73.7000007599592,4.5));
#11343=CARTESIAN_POINT('Origin',(13.430900876224,72.5939980477095,4.5));
#11344=CARTESIAN_POINT('',(13.430900876224,73.7000007599592,4.5));
#11345=CARTESIAN_POINT('',(13.430900876224,73.7000007599592,5.));
#11346=CARTESIAN_POINT('Origin',(12.9239429160953,73.1469994038343,5.));
#11347=CARTESIAN_POINT('Origin',(12.9239429160953,73.1469994038343,4.5));
#11348=CARTESIAN_POINT('Ctrl Pts',(4.5030690357089,68.4147345274687,4.5));
#11349=CARTESIAN_POINT('Ctrl Pts',(4.5030690357089,68.4147345274687,5.));
#11350=CARTESIAN_POINT('Ctrl Pts',(3.82435154169798,68.4147345274687,4.5));
#11351=CARTESIAN_POINT('Ctrl Pts',(3.82435154169798,68.4147345274687,5.));
#11352=CARTESIAN_POINT('Ctrl Pts',(3.36562048643827,68.6125522106886,4.5));
#11353=CARTESIAN_POINT('Ctrl Pts',(3.36562048643827,68.6125522106886,5.));
#11354=CARTESIAN_POINT('',(4.5030690357089,68.4147345274687,4.5));
#11355=CARTESIAN_POINT('',(3.36562048643827,68.6125522106886,4.5));
#11356=CARTESIAN_POINT('Ctrl Pts',(4.5030690357089,68.4147345274687,4.5));
#11357=CARTESIAN_POINT('Ctrl Pts',(3.82435154169798,68.4147345274687,4.5));
#11358=CARTESIAN_POINT('Ctrl Pts',(3.36562048643827,68.6125522106886,4.5));
#11359=CARTESIAN_POINT('',(3.36562048643827,68.6125522106886,5.));
#11360=CARTESIAN_POINT('',(3.36562048643827,68.6125522106886,4.5));
#11361=CARTESIAN_POINT('',(4.5030690357089,68.4147345274687,5.));
#11362=CARTESIAN_POINT('Ctrl Pts',(4.5030690357089,68.4147345274687,5.));
#11363=CARTESIAN_POINT('Ctrl Pts',(3.82435154169798,68.4147345274687,5.));
#11364=CARTESIAN_POINT('Ctrl Pts',(3.36562048643827,68.6125522106886,5.));
#11365=CARTESIAN_POINT('',(4.5030690357089,68.4147345274687,4.5));
#11366=CARTESIAN_POINT('Ctrl Pts',(5.4665757343173,68.6108463257551,4.5));
#11367=CARTESIAN_POINT('Ctrl Pts',(5.4665757343173,68.6108463257551,5.));
#11368=CARTESIAN_POINT('Ctrl Pts',(5.03853987902403,68.4147345274687,4.5));
#11369=CARTESIAN_POINT('Ctrl Pts',(5.03853987902403,68.4147345274687,5.));
#11370=CARTESIAN_POINT('Ctrl Pts',(4.5030690357089,68.4147345274687,4.5));
#11371=CARTESIAN_POINT('Ctrl Pts',(4.5030690357089,68.4147345274687,5.));
#11372=CARTESIAN_POINT('',(5.4665757343173,68.6108463257551,4.5));
#11373=CARTESIAN_POINT('Ctrl Pts',(5.4665757343173,68.6108463257551,4.5));
#11374=CARTESIAN_POINT('Ctrl Pts',(5.03853987902403,68.4147345274687,4.5));
#11375=CARTESIAN_POINT('Ctrl Pts',(4.5030690357089,68.4147345274687,4.5));
#11376=CARTESIAN_POINT('',(5.4665757343173,68.6108463257551,5.));
#11377=CARTESIAN_POINT('Ctrl Pts',(5.4665757343173,68.6108463257551,5.));
#11378=CARTESIAN_POINT('Ctrl Pts',(5.03853987902403,68.4147345274687,5.));
#11379=CARTESIAN_POINT('Ctrl Pts',(4.5030690357089,68.4147345274687,5.));
#11380=CARTESIAN_POINT('',(5.4665757343173,68.6108463257551,4.5));
#11381=CARTESIAN_POINT('Ctrl Pts',(6.12312387675047,69.1599600762129,4.5));
#11382=CARTESIAN_POINT('Ctrl Pts',(6.12312387675047,69.1599600762129,5.));
#11383=CARTESIAN_POINT('Ctrl Pts',(5.89461099356413,68.806958720088,4.5));
#11384=CARTESIAN_POINT('Ctrl Pts',(5.89461099356413,68.806958720088,5.));
#11385=CARTESIAN_POINT('Ctrl Pts',(5.4665757343173,68.6108463257551,4.5));
#11386=CARTESIAN_POINT('Ctrl Pts',(5.4665757343173,68.6108463257551,5.));
#11387=CARTESIAN_POINT('',(6.12312387675047,69.1599600762129,4.5));
#11388=CARTESIAN_POINT('Ctrl Pts',(6.12312387675047,69.1599600762129,4.5));
#11389=CARTESIAN_POINT('Ctrl Pts',(5.89461099356413,68.806958720088,4.5));
#11390=CARTESIAN_POINT('Ctrl Pts',(5.4665757343173,68.6108463257551,4.5));
#11391=CARTESIAN_POINT('',(6.12312387675047,69.1599600762129,5.));
#11392=CARTESIAN_POINT('Ctrl Pts',(6.12312387675047,69.1599600762129,5.));
#11393=CARTESIAN_POINT('Ctrl Pts',(5.89461099356413,68.806958720088,5.));
#11394=CARTESIAN_POINT('Ctrl Pts',(5.4665757343173,68.6108463257551,5.));
#11395=CARTESIAN_POINT('',(6.12312387675047,69.1599600762129,4.5));
#11396=CARTESIAN_POINT('Ctrl Pts',(6.35163675993681,69.9120061844587,4.5));
#11397=CARTESIAN_POINT('Ctrl Pts',(6.35163675993681,69.9120061844587,5.));
#11398=CARTESIAN_POINT('Ctrl Pts',(6.35163675993681,69.5129614323378,4.5));
#11399=CARTESIAN_POINT('Ctrl Pts',(6.35163675993681,69.5129614323378,5.));
#11400=CARTESIAN_POINT('Ctrl Pts',(6.12312387675047,69.1599600762129,4.5));
#11401=CARTESIAN_POINT('Ctrl Pts',(6.12312387675047,69.1599600762129,5.));
#11402=CARTESIAN_POINT('',(6.35163675993681,69.9120061844587,4.5));
#11403=CARTESIAN_POINT('Ctrl Pts',(6.35163675993681,69.9120061844587,4.5));
#11404=CARTESIAN_POINT('Ctrl Pts',(6.35163675993681,69.5129614323378,4.5));
#11405=CARTESIAN_POINT('Ctrl Pts',(6.12312387675047,69.1599600762129,4.5));
#11406=CARTESIAN_POINT('',(6.35163675993681,69.9120061844587,5.));
#11407=CARTESIAN_POINT('Ctrl Pts',(6.35163675993681,69.9120061844587,5.));
#11408=CARTESIAN_POINT('Ctrl Pts',(6.35163675993681,69.5129614323378,5.));
#11409=CARTESIAN_POINT('Ctrl Pts',(6.12312387675047,69.1599600762129,5.));
#11410=CARTESIAN_POINT('',(6.35163675993681,69.9120061844587,4.5));
#11411=CARTESIAN_POINT('Ctrl Pts',(6.1435879394412,70.6231247633696,4.5));
#11412=CARTESIAN_POINT('Ctrl Pts',(6.1435879394412,70.6231247633696,5.));
#11413=CARTESIAN_POINT('Ctrl Pts',(6.35163675993681,70.3144615143538,4.5));
#11414=CARTESIAN_POINT('Ctrl Pts',(6.35163675993681,70.3144615143538,5.));
#11415=CARTESIAN_POINT('Ctrl Pts',(6.35163675993681,69.9120061844587,4.5));
#11416=CARTESIAN_POINT('Ctrl Pts',(6.35163675993681,69.9120061844587,5.));
#11417=CARTESIAN_POINT('',(6.1435879394412,70.6231247633696,4.5));
#11418=CARTESIAN_POINT('Ctrl Pts',(6.1435879394412,70.6231247633696,4.5));
#11419=CARTESIAN_POINT('Ctrl Pts',(6.35163675993681,70.3144615143538,4.5));
#11420=CARTESIAN_POINT('Ctrl Pts',(6.35163675993681,69.9120061844587,4.5));
#11421=CARTESIAN_POINT('',(6.1435879394412,70.6231247633696,5.));
#11422=CARTESIAN_POINT('Ctrl Pts',(6.1435879394412,70.6231247633696,5.));
#11423=CARTESIAN_POINT('Ctrl Pts',(6.35163675993681,70.3144615143538,5.));
#11424=CARTESIAN_POINT('Ctrl Pts',(6.35163675993681,69.9120061844587,5.));
#11425=CARTESIAN_POINT('',(6.1435879394412,70.6231247633696,4.5));
#11426=CARTESIAN_POINT('Ctrl Pts',(5.49897681921721,71.1330156773329,4.5));
#11427=CARTESIAN_POINT('Ctrl Pts',(5.49897681921721,71.1330156773329,5.));
#11428=CARTESIAN_POINT('Ctrl Pts',(5.93553852289915,70.9317874163389,4.5));
#11429=CARTESIAN_POINT('Ctrl Pts',(5.93553852289915,70.9317874163389,5.));
#11430=CARTESIAN_POINT('Ctrl Pts',(6.1435879394412,70.6231247633696,4.5));
#11431=CARTESIAN_POINT('Ctrl Pts',(6.1435879394412,70.6231247633696,5.));
#11432=CARTESIAN_POINT('',(5.49897681921721,71.1330156773329,4.5));
#11433=CARTESIAN_POINT('Ctrl Pts',(5.49897681921721,71.1330156773329,4.5));
#11434=CARTESIAN_POINT('Ctrl Pts',(5.93553852289915,70.9317874163389,4.5));
#11435=CARTESIAN_POINT('Ctrl Pts',(6.1435879394412,70.6231247633696,4.5));
#11436=CARTESIAN_POINT('',(5.49897681921721,71.1330156773329,5.));
#11437=CARTESIAN_POINT('Ctrl Pts',(5.49897681921721,71.1330156773329,5.));
#11438=CARTESIAN_POINT('Ctrl Pts',(5.93553852289915,70.9317874163389,5.));
#11439=CARTESIAN_POINT('Ctrl Pts',(6.1435879394412,70.6231247633696,5.));
#11440=CARTESIAN_POINT('',(5.49897681921721,71.1330156773329,4.5));
#11441=CARTESIAN_POINT('Ctrl Pts',(4.39222346991301,71.4519106596708,4.5));
#11442=CARTESIAN_POINT('Ctrl Pts',(4.39222346991301,71.4519106596708,5.));
#11443=CARTESIAN_POINT('Ctrl Pts',(5.19884001463652,71.2694411724806,4.5));
#11444=CARTESIAN_POINT('Ctrl Pts',(5.19884001463652,71.2694411724806,5.));
#11445=CARTESIAN_POINT('Ctrl Pts',(5.49897681921721,71.1330156773329,4.5));
#11446=CARTESIAN_POINT('Ctrl Pts',(5.49897681921721,71.1330156773329,5.));
#11447=CARTESIAN_POINT('',(4.39222346991301,71.4519106596708,4.5));
#11448=CARTESIAN_POINT('Ctrl Pts',(4.39222346991301,71.4519106596708,4.5));
#11449=CARTESIAN_POINT('Ctrl Pts',(5.19884001463652,71.2694411724806,4.5));
#11450=CARTESIAN_POINT('Ctrl Pts',(5.49897681921721,71.1330156773329,4.5));
#11451=CARTESIAN_POINT('',(4.39222346991301,71.4519106596708,5.));
#11452=CARTESIAN_POINT('Ctrl Pts',(4.39222346991301,71.4519106596708,5.));
#11453=CARTESIAN_POINT('Ctrl Pts',(5.19884001463652,71.2694411724806,5.));
#11454=CARTESIAN_POINT('Ctrl Pts',(5.49897681921721,71.1330156773329,5.));
#11455=CARTESIAN_POINT('',(4.39222346991301,71.4519106596708,4.5));
#11456=CARTESIAN_POINT('Ctrl Pts',(3.39461099356413,71.8083225935698,4.5));
#11457=CARTESIAN_POINT('Ctrl Pts',(3.39461099356413,71.8083225935698,5.));
#11458=CARTESIAN_POINT('Ctrl Pts',(3.5856069251895,71.6343798488379,4.5));
#11459=CARTESIAN_POINT('Ctrl Pts',(3.5856069251895,71.6343798488379,5.));
#11460=CARTESIAN_POINT('Ctrl Pts',(4.39222346991301,71.4519106596708,4.5));
#11461=CARTESIAN_POINT('Ctrl Pts',(4.39222346991301,71.4519106596708,5.));
#11462=CARTESIAN_POINT('',(3.39461099356413,71.8083225935698,4.5));
#11463=CARTESIAN_POINT('Ctrl Pts',(3.39461099356413,71.8083225935698,4.5));
#11464=CARTESIAN_POINT('Ctrl Pts',(3.5856069251895,71.6343798488379,4.5));
#11465=CARTESIAN_POINT('Ctrl Pts',(4.39222346991301,71.4519106596708,4.5));
#11466=CARTESIAN_POINT('',(3.39461099356413,71.8083225935698,5.));
#11467=CARTESIAN_POINT('Ctrl Pts',(3.39461099356413,71.8083225935698,5.));
#11468=CARTESIAN_POINT('Ctrl Pts',(3.5856069251895,71.6343798488379,5.));
#11469=CARTESIAN_POINT('Ctrl Pts',(4.39222346991301,71.4519106596708,5.));
#11470=CARTESIAN_POINT('',(3.39461099356413,71.8083225935698,4.5));
#11471=CARTESIAN_POINT('Ctrl Pts',(3.20020448416471,72.251705750823,4.5));
#11472=CARTESIAN_POINT('Ctrl Pts',(3.20020448416471,72.251705750823,5.));
#11473=CARTESIAN_POINT('Ctrl Pts',(3.20020448416471,71.9822653383017,4.5));
#11474=CARTESIAN_POINT('Ctrl Pts',(3.20020448416471,71.9822653383017,5.));
#11475=CARTESIAN_POINT('Ctrl Pts',(3.39461099356413,71.8083225935698,4.5));
#11476=CARTESIAN_POINT('Ctrl Pts',(3.39461099356413,71.8083225935698,5.));
#11477=CARTESIAN_POINT('',(3.20020448416471,72.251705750823,4.5));
#11478=CARTESIAN_POINT('Ctrl Pts',(3.20020448416471,72.251705750823,4.5));
#11479=CARTESIAN_POINT('Ctrl Pts',(3.20020448416471,71.9822653383017,4.5));
#11480=CARTESIAN_POINT('Ctrl Pts',(3.39461099356413,71.8083225935698,4.5));
#11481=CARTESIAN_POINT('',(3.20020448416471,72.251705750823,5.));
#11482=CARTESIAN_POINT('Ctrl Pts',(3.20020448416471,72.251705750823,5.));
#11483=CARTESIAN_POINT('Ctrl Pts',(3.20020448416471,71.9822653383017,5.));
#11484=CARTESIAN_POINT('Ctrl Pts',(3.39461099356413,71.8083225935698,5.));
#11485=CARTESIAN_POINT('',(3.20020448416471,72.251705750823,4.5));
#11486=CARTESIAN_POINT('Ctrl Pts',(3.47476076334715,72.7820604294538,4.5));
#11487=CARTESIAN_POINT('Ctrl Pts',(3.47476076334715,72.7820604294538,5.));
#11488=CARTESIAN_POINT('Ctrl Pts',(3.20020448416471,72.5620742887259,4.5));
#11489=CARTESIAN_POINT('Ctrl Pts',(3.20020448416471,72.5620742887259,5.));
#11490=CARTESIAN_POINT('Ctrl Pts',(3.20020448416471,72.251705750823,4.5));
#11491=CARTESIAN_POINT('Ctrl Pts',(3.20020448416471,72.251705750823,5.));
#11492=CARTESIAN_POINT('',(3.47476076334715,72.7820604294538,4.5));
#11493=CARTESIAN_POINT('Ctrl Pts',(3.47476076334715,72.7820604294538,4.5));
#11494=CARTESIAN_POINT('Ctrl Pts',(3.20020448416471,72.5620742887259,4.5));
#11495=CARTESIAN_POINT('Ctrl Pts',(3.20020448416471,72.251705750823,4.5));
#11496=CARTESIAN_POINT('',(3.47476076334715,72.7820604294538,5.));
#11497=CARTESIAN_POINT('Ctrl Pts',(3.47476076334715,72.7820604294538,5.));
#11498=CARTESIAN_POINT('Ctrl Pts',(3.20020448416471,72.5620742887259,5.));
#11499=CARTESIAN_POINT('Ctrl Pts',(3.20020448416471,72.251705750823,5.));
#11500=CARTESIAN_POINT('',(3.47476076334715,72.7820604294538,4.5));
#11501=CARTESIAN_POINT('Ctrl Pts',(4.34959035366774,73.0020468682051,4.5));
#11502=CARTESIAN_POINT('Ctrl Pts',(4.34959035366774,73.0020468682051,5.));
#11503=CARTESIAN_POINT('Ctrl Pts',(3.74931763857603,73.0020468682051,4.5));
#11504=CARTESIAN_POINT('Ctrl Pts',(3.74931763857603,73.0020468682051,5.));
#11505=CARTESIAN_POINT('Ctrl Pts',(3.47476076334715,72.7820604294538,4.5));
#11506=CARTESIAN_POINT('Ctrl Pts',(3.47476076334715,72.7820604294538,5.));
#11507=CARTESIAN_POINT('',(4.34959035366774,73.0020468682051,4.5));
#11508=CARTESIAN_POINT('Ctrl Pts',(4.34959035366774,73.0020468682051,4.5));
#11509=CARTESIAN_POINT('Ctrl Pts',(3.74931763857603,73.0020468682051,4.5));
#11510=CARTESIAN_POINT('Ctrl Pts',(3.47476076334715,72.7820604294538,4.5));
#11511=CARTESIAN_POINT('',(4.34959035366774,73.0020468682051,5.));
#11512=CARTESIAN_POINT('Ctrl Pts',(4.34959035366774,73.0020468682051,5.));
#11513=CARTESIAN_POINT('Ctrl Pts',(3.74931763857603,73.0020468682051,5.));
#11514=CARTESIAN_POINT('Ctrl Pts',(3.47476076334715,72.7820604294538,5.));
#11515=CARTESIAN_POINT('',(4.34959035366774,73.0020468682051,4.5));
#11516=CARTESIAN_POINT('Ctrl Pts',(5.22100936621428,72.7598913758993,4.5));
#11517=CARTESIAN_POINT('Ctrl Pts',(5.22100936621428,72.7598913758993,5.));
#11518=CARTESIAN_POINT('Ctrl Pts',(4.92598902434111,73.0020468682051,4.5));
#11519=CARTESIAN_POINT('Ctrl Pts',(4.92598902434111,73.0020468682051,5.));
#11520=CARTESIAN_POINT('Ctrl Pts',(4.34959035366774,73.0020468682051,4.5));
#11521=CARTESIAN_POINT('Ctrl Pts',(4.34959035366774,73.0020468682051,5.));
#11522=CARTESIAN_POINT('',(5.22100936621428,72.7598913758993,4.5));
#11523=CARTESIAN_POINT('Ctrl Pts',(5.22100936621428,72.7598913758993,4.5));
#11524=CARTESIAN_POINT('Ctrl Pts',(4.92598902434111,73.0020468682051,4.5));
#11525=CARTESIAN_POINT('Ctrl Pts',(4.34959035366774,73.0020468682051,4.5));
#11526=CARTESIAN_POINT('',(5.22100936621428,72.7598913758993,5.));
#11527=CARTESIAN_POINT('Ctrl Pts',(5.22100936621428,72.7598913758993,5.));
#11528=CARTESIAN_POINT('Ctrl Pts',(4.92598902434111,73.0020468682051,5.));
#11529=CARTESIAN_POINT('Ctrl Pts',(4.34959035366774,73.0020468682051,5.));
#11530=CARTESIAN_POINT('',(5.22100936621428,72.7598913758993,4.5));
#11531=CARTESIAN_POINT('Ctrl Pts',(5.56718956679106,72.0436566323042,4.5));
#11532=CARTESIAN_POINT('Ctrl Pts',(5.56718956679106,72.0436566323042,5.));
#11533=CARTESIAN_POINT('Ctrl Pts',(5.51602970808744,72.5177358835936,4.5));
#11534=CARTESIAN_POINT('Ctrl Pts',(5.51602970808744,72.5177358835936,5.));
#11535=CARTESIAN_POINT('Ctrl Pts',(5.22100936621428,72.7598913758993,4.5));
#11536=CARTESIAN_POINT('Ctrl Pts',(5.22100936621428,72.7598913758993,5.));
#11537=CARTESIAN_POINT('',(5.56718956679106,72.0436566323042,4.5));
#11538=CARTESIAN_POINT('Ctrl Pts',(5.56718956679106,72.0436566323042,4.5));
#11539=CARTESIAN_POINT('Ctrl Pts',(5.51602970808744,72.5177358835936,4.5));
#11540=CARTESIAN_POINT('Ctrl Pts',(5.22100936621428,72.7598913758993,4.5));
#11541=CARTESIAN_POINT('',(5.56718956679106,72.0436566323042,5.));
#11542=CARTESIAN_POINT('Ctrl Pts',(5.56718956679106,72.0436566323042,5.));
#11543=CARTESIAN_POINT('Ctrl Pts',(5.51602970808744,72.5177358835936,5.));
#11544=CARTESIAN_POINT('Ctrl Pts',(5.22100936621428,72.7598913758993,5.));
#11545=CARTESIAN_POINT('',(5.56718956679106,72.0436566323042,4.5));
#11546=CARTESIAN_POINT('Origin',(6.20156895369291,72.0914056152105,4.5));
#11547=CARTESIAN_POINT('',(6.20156895369291,72.0914056152105,4.5));
#11548=CARTESIAN_POINT('',(6.20156895369291,72.0914056152105,4.5));
#11549=CARTESIAN_POINT('',(6.20156895369291,72.0914056152105,5.));
#11550=CARTESIAN_POINT('',(6.20156895369291,72.0914056152105,5.));
#11551=CARTESIAN_POINT('',(6.20156895369291,72.0914056152105,4.5));
#11552=CARTESIAN_POINT('Ctrl Pts',(5.95600258558989,72.8792636841536,4.5));
#11553=CARTESIAN_POINT('Ctrl Pts',(5.95600258558989,72.8792636841536,5.));
#11554=CARTESIAN_POINT('Ctrl Pts',(6.18451546877623,72.531378492713,4.5));
#11555=CARTESIAN_POINT('Ctrl Pts',(6.18451546877623,72.531378492713,5.));
#11556=CARTESIAN_POINT('Ctrl Pts',(6.20156895369291,72.0914056152105,4.5));
#11557=CARTESIAN_POINT('Ctrl Pts',(6.20156895369291,72.0914056152105,5.));
#11558=CARTESIAN_POINT('',(5.95600258558989,72.8792636841536,4.5));
#11559=CARTESIAN_POINT('Ctrl Pts',(5.95600258558989,72.8792636841536,4.5));
#11560=CARTESIAN_POINT('Ctrl Pts',(6.18451546877623,72.531378492713,4.5));
#11561=CARTESIAN_POINT('Ctrl Pts',(6.20156895369291,72.0914056152105,4.5));
#11562=CARTESIAN_POINT('',(5.95600258558989,72.8792636841536,5.));
#11563=CARTESIAN_POINT('Ctrl Pts',(5.95600258558989,72.8792636841536,5.));
#11564=CARTESIAN_POINT('Ctrl Pts',(6.18451546877623,72.531378492713,5.));
#11565=CARTESIAN_POINT('Ctrl Pts',(6.20156895369291,72.0914056152105,5.));
#11566=CARTESIAN_POINT('',(5.95600258558989,72.8792636841536,4.5));
#11567=CARTESIAN_POINT('Ctrl Pts',(5.30286442488432,73.4062077850103,4.5));
#11568=CARTESIAN_POINT('Ctrl Pts',(5.30286442488432,73.4062077850103,5.));
#11569=CARTESIAN_POINT('Ctrl Pts',(5.7274891063571,73.2271491736174,4.5));
#11570=CARTESIAN_POINT('Ctrl Pts',(5.7274891063571,73.2271491736174,5.));
#11571=CARTESIAN_POINT('Ctrl Pts',(5.95600258558989,72.8792636841536,4.5));
#11572=CARTESIAN_POINT('Ctrl Pts',(5.95600258558989,72.8792636841536,5.));
#11573=CARTESIAN_POINT('',(5.30286442488432,73.4062077850103,4.5));
#11574=CARTESIAN_POINT('Ctrl Pts',(5.30286442488432,73.4062077850103,4.5));
#11575=CARTESIAN_POINT('Ctrl Pts',(5.7274891063571,73.2271491736174,4.5));
#11576=CARTESIAN_POINT('Ctrl Pts',(5.95600258558989,72.8792636841536,4.5));
#11577=CARTESIAN_POINT('',(5.30286442488432,73.4062077850103,5.));
#11578=CARTESIAN_POINT('Ctrl Pts',(5.30286442488432,73.4062077850103,5.));
#11579=CARTESIAN_POINT('Ctrl Pts',(5.7274891063571,73.2271491736174,5.));
#11580=CARTESIAN_POINT('Ctrl Pts',(5.95600258558989,72.8792636841536,5.));
#11581=CARTESIAN_POINT('',(5.30286442488432,73.4062077850103,4.5));
#11582=CARTESIAN_POINT('Ctrl Pts',(4.32230543345213,73.5852663964033,4.5));
#11583=CARTESIAN_POINT('Ctrl Pts',(4.32230543345213,73.5852663964033,5.));
#11584=CARTESIAN_POINT('Ctrl Pts',(4.87823974341154,73.5852663964033,4.5));
#11585=CARTESIAN_POINT('Ctrl Pts',(4.87823974341154,73.5852663964033,5.));
#11586=CARTESIAN_POINT('Ctrl Pts',(5.30286442488432,73.4062077850103,4.5));
#11587=CARTESIAN_POINT('Ctrl Pts',(5.30286442488432,73.4062077850103,5.));
#11588=CARTESIAN_POINT('',(4.32230543345213,73.5852663964033,4.5));
#11589=CARTESIAN_POINT('Ctrl Pts',(4.32230543345213,73.5852663964033,4.5));
#11590=CARTESIAN_POINT('Ctrl Pts',(4.87823974341154,73.5852663964033,4.5));
#11591=CARTESIAN_POINT('Ctrl Pts',(5.30286442488432,73.4062077850103,4.5));
#11592=CARTESIAN_POINT('',(4.32230543345213,73.5852663964033,5.));
#11593=CARTESIAN_POINT('Ctrl Pts',(4.32230543345213,73.5852663964033,5.));
#11594=CARTESIAN_POINT('Ctrl Pts',(4.87823974341154,73.5852663964033,5.));
#11595=CARTESIAN_POINT('Ctrl Pts',(5.30286442488432,73.4062077850103,5.));
#11596=CARTESIAN_POINT('',(4.32230543345213,73.5852663964033,4.5));
#11597=CARTESIAN_POINT('Ctrl Pts',(3.40484272688627,73.4147345274687,4.5));
#11598=CARTESIAN_POINT('Ctrl Pts',(3.40484272688627,73.4147345274687,5.));
#11599=CARTESIAN_POINT('Ctrl Pts',(3.81753038614988,73.5852663964033,4.5));
#11600=CARTESIAN_POINT('Ctrl Pts',(3.81753038614988,73.5852663964033,5.));
#11601=CARTESIAN_POINT('Ctrl Pts',(4.32230543345213,73.5852663964033,4.5));
#11602=CARTESIAN_POINT('Ctrl Pts',(4.32230543345213,73.5852663964033,5.));
#11603=CARTESIAN_POINT('',(3.40484272688627,73.4147345274687,4.5));
#11604=CARTESIAN_POINT('Ctrl Pts',(3.40484272688627,73.4147345274687,4.5));
#11605=CARTESIAN_POINT('Ctrl Pts',(3.81753038614988,73.5852663964033,4.5));
#11606=CARTESIAN_POINT('Ctrl Pts',(4.32230543345213,73.5852663964033,4.5));
#11607=CARTESIAN_POINT('',(3.40484272688627,73.4147345274687,5.));
#11608=CARTESIAN_POINT('Ctrl Pts',(3.40484272688627,73.4147345274687,5.));
#11609=CARTESIAN_POINT('Ctrl Pts',(3.81753038614988,73.5852663964033,5.));
#11610=CARTESIAN_POINT('Ctrl Pts',(4.32230543345213,73.5852663964033,5.));
#11611=CARTESIAN_POINT('',(3.40484272688627,73.4147345274687,4.5));
#11612=CARTESIAN_POINT('Ctrl Pts',(2.77728479355574,72.9150756448507,4.5));
#11613=CARTESIAN_POINT('Ctrl Pts',(2.77728479355574,72.9150756448507,5.));
#11614=CARTESIAN_POINT('Ctrl Pts',(2.99215506762266,73.2442023605108,4.5));
#11615=CARTESIAN_POINT('Ctrl Pts',(2.99215506762266,73.2442023605108,5.));
#11616=CARTESIAN_POINT('Ctrl Pts',(3.40484272688627,73.4147345274687,4.5));
#11617=CARTESIAN_POINT('Ctrl Pts',(3.40484272688627,73.4147345274687,5.));
#11618=CARTESIAN_POINT('',(2.77728479355574,72.9150756448507,4.5));
#11619=CARTESIAN_POINT('Ctrl Pts',(2.77728479355574,72.9150756448507,4.5));
#11620=CARTESIAN_POINT('Ctrl Pts',(2.99215506762266,73.2442023605108,4.5));
#11621=CARTESIAN_POINT('Ctrl Pts',(3.40484272688627,73.4147345274687,4.5));
#11622=CARTESIAN_POINT('',(2.77728479355574,72.9150756448507,5.));
#11623=CARTESIAN_POINT('Ctrl Pts',(2.77728479355574,72.9150756448507,5.));
#11624=CARTESIAN_POINT('Ctrl Pts',(2.99215506762266,73.2442023605108,5.));
#11625=CARTESIAN_POINT('Ctrl Pts',(3.40484272688627,73.4147345274687,5.));
#11626=CARTESIAN_POINT('',(2.77728479355574,72.9150756448507,4.5));
#11627=CARTESIAN_POINT('Ctrl Pts',(2.56241451948881,72.207367643714,4.5));
#11628=CARTESIAN_POINT('Ctrl Pts',(2.56241451948881,72.207367643714,5.));
#11629=CARTESIAN_POINT('Ctrl Pts',(2.56241451948881,72.5859486311674,4.5));
#11630=CARTESIAN_POINT('Ctrl Pts',(2.56241451948881,72.5859486311674,5.));
#11631=CARTESIAN_POINT('Ctrl Pts',(2.77728479355574,72.9150756448507,4.5));
#11632=CARTESIAN_POINT('Ctrl Pts',(2.77728479355574,72.9150756448507,5.));
#11633=CARTESIAN_POINT('',(2.56241451948881,72.207367643714,4.5));
#11634=CARTESIAN_POINT('Ctrl Pts',(2.56241451948881,72.207367643714,4.5));
#11635=CARTESIAN_POINT('Ctrl Pts',(2.56241451948881,72.5859486311674,4.5));
#11636=CARTESIAN_POINT('Ctrl Pts',(2.77728479355574,72.9150756448507,4.5));
#11637=CARTESIAN_POINT('',(2.56241451948881,72.207367643714,5.));
#11638=CARTESIAN_POINT('Ctrl Pts',(2.56241451948881,72.207367643714,5.));
#11639=CARTESIAN_POINT('Ctrl Pts',(2.56241451948881,72.5859486311674,5.));
#11640=CARTESIAN_POINT('Ctrl Pts',(2.77728479355574,72.9150756448507,5.));
#11641=CARTESIAN_POINT('',(2.56241451948881,72.207367643714,4.5));
#11642=CARTESIAN_POINT('Ctrl Pts',(2.73806225508451,71.5849255770445,4.5));
#11643=CARTESIAN_POINT('Ctrl Pts',(2.73806225508451,71.5849255770445,5.));
#11644=CARTESIAN_POINT('Ctrl Pts',(2.56241451948881,71.8628927320242,4.5));
#11645=CARTESIAN_POINT('Ctrl Pts',(2.56241451948881,71.8628927320242,5.));
#11646=CARTESIAN_POINT('Ctrl Pts',(2.56241451948881,72.207367643714,4.5));
#11647=CARTESIAN_POINT('Ctrl Pts',(2.56241451948881,72.207367643714,5.));
#11648=CARTESIAN_POINT('',(2.73806225508451,71.5849255770445,4.5));
#11649=CARTESIAN_POINT('Ctrl Pts',(2.73806225508451,71.5849255770445,4.5));
#11650=CARTESIAN_POINT('Ctrl Pts',(2.56241451948881,71.8628927320242,4.5));
#11651=CARTESIAN_POINT('Ctrl Pts',(2.56241451948881,72.207367643714,4.5));
#11652=CARTESIAN_POINT('',(2.73806225508451,71.5849255770445,5.));
#11653=CARTESIAN_POINT('Ctrl Pts',(2.73806225508451,71.5849255770445,5.));
#11654=CARTESIAN_POINT('Ctrl Pts',(2.56241451948881,71.8628927320242,5.));
#11655=CARTESIAN_POINT('Ctrl Pts',(2.56241451948881,72.207367643714,5.));
#11656=CARTESIAN_POINT('',(2.73806225508451,71.5849255770445,4.5));
#11657=CARTESIAN_POINT('Ctrl Pts',(3.27182780951262,71.1193733662367,4.5));
#11658=CARTESIAN_POINT('Ctrl Pts',(3.27182780951262,71.1193733662367,5.));
#11659=CARTESIAN_POINT('Ctrl Pts',(2.91371058672667,71.306958720088,4.5));
#11660=CARTESIAN_POINT('Ctrl Pts',(2.91371058672667,71.306958720088,5.));
#11661=CARTESIAN_POINT('Ctrl Pts',(2.73806225508451,71.5849255770445,4.5));
#11662=CARTESIAN_POINT('Ctrl Pts',(2.73806225508451,71.5849255770445,5.));
#11663=CARTESIAN_POINT('',(3.27182780951262,71.1193733662367,4.5));
#11664=CARTESIAN_POINT('Ctrl Pts',(3.27182780951262,71.1193733662367,4.5));
#11665=CARTESIAN_POINT('Ctrl Pts',(2.91371058672667,71.306958720088,4.5));
#11666=CARTESIAN_POINT('Ctrl Pts',(2.73806225508451,71.5849255770445,4.5));
#11667=CARTESIAN_POINT('',(3.27182780951262,71.1193733662367,5.));
#11668=CARTESIAN_POINT('Ctrl Pts',(3.27182780951262,71.1193733662367,5.));
#11669=CARTESIAN_POINT('Ctrl Pts',(2.91371058672667,71.306958720088,5.));
#11670=CARTESIAN_POINT('Ctrl Pts',(2.73806225508451,71.5849255770445,5.));
#11671=CARTESIAN_POINT('',(3.27182780951262,71.1193733662367,4.5));
#11672=CARTESIAN_POINT('Ctrl Pts',(4.23703920096159,70.8072989434004,4.5));
#11673=CARTESIAN_POINT('Ctrl Pts',(4.23703920096159,70.8072989434004,5.));
#11674=CARTESIAN_POINT('Ctrl Pts',(3.5480896756053,70.9727155417204,4.5));
#11675=CARTESIAN_POINT('Ctrl Pts',(3.5480896756053,70.9727155417204,5.));
#11676=CARTESIAN_POINT('Ctrl Pts',(3.27182780951262,71.1193733662367,4.5));
#11677=CARTESIAN_POINT('Ctrl Pts',(3.27182780951262,71.1193733662367,5.));
#11678=CARTESIAN_POINT('',(4.23703920096159,70.8072989434004,4.5));
#11679=CARTESIAN_POINT('Ctrl Pts',(4.23703920096159,70.8072989434004,4.5));
#11680=CARTESIAN_POINT('Ctrl Pts',(3.5480896756053,70.9727155417204,4.5));
#11681=CARTESIAN_POINT('Ctrl Pts',(3.27182780951262,71.1193733662367,4.5));
#11682=CARTESIAN_POINT('',(4.23703920096159,70.8072989434004,5.));
#11683=CARTESIAN_POINT('Ctrl Pts',(4.23703920096159,70.8072989434004,5.));
#11684=CARTESIAN_POINT('Ctrl Pts',(3.5480896756053,70.9727155417204,5.));
#11685=CARTESIAN_POINT('Ctrl Pts',(3.27182780951262,71.1193733662367,5.));
#11686=CARTESIAN_POINT('',(4.23703920096159,70.8072989434004,4.5));
#11687=CARTESIAN_POINT('Ctrl Pts',(5.12721668928862,70.5634384602308,4.5));
#11688=CARTESIAN_POINT('Ctrl Pts',(5.12721668928862,70.5634384602308,5.));
#11689=CARTESIAN_POINT('Ctrl Pts',(4.92598902434111,70.6418829411268,4.5));
#11690=CARTESIAN_POINT('Ctrl Pts',(4.92598902434111,70.6418829411268,5.));
#11691=CARTESIAN_POINT('Ctrl Pts',(4.23703920096159,70.8072989434004,4.5));
#11692=CARTESIAN_POINT('Ctrl Pts',(4.23703920096159,70.8072989434004,5.));
#11693=CARTESIAN_POINT('',(5.12721668928862,70.5634384602308,4.5));
#11694=CARTESIAN_POINT('Ctrl Pts',(5.12721668928862,70.5634384602308,4.5));
#11695=CARTESIAN_POINT('Ctrl Pts',(4.92598902434111,70.6418829411268,4.5));
#11696=CARTESIAN_POINT('Ctrl Pts',(4.23703920096159,70.8072989434004,4.5));
#11697=CARTESIAN_POINT('',(5.12721668928862,70.5634384602308,5.));
#11698=CARTESIAN_POINT('Ctrl Pts',(5.12721668928862,70.5634384602308,5.));
#11699=CARTESIAN_POINT('Ctrl Pts',(4.92598902434111,70.6418829411268,5.));
#11700=CARTESIAN_POINT('Ctrl Pts',(4.23703920096159,70.8072989434004,5.));
#11701=CARTESIAN_POINT('',(5.12721668928862,70.5634384602308,4.5));
#11702=CARTESIAN_POINT('Ctrl Pts',(5.5774213001132,70.2684181183577,4.5));
#11703=CARTESIAN_POINT('Ctrl Pts',(5.5774213001132,70.2684181183577,5.));
#11704=CARTESIAN_POINT('Ctrl Pts',(5.4409958049655,70.4440658539534,4.5));
#11705=CARTESIAN_POINT('Ctrl Pts',(5.4409958049655,70.4440658539534,5.));
#11706=CARTESIAN_POINT('Ctrl Pts',(5.12721668928862,70.5634384602308,4.5));
#11707=CARTESIAN_POINT('Ctrl Pts',(5.12721668928862,70.5634384602308,5.));
#11708=CARTESIAN_POINT('',(5.5774213001132,70.2684181183577,4.5));
#11709=CARTESIAN_POINT('Ctrl Pts',(5.5774213001132,70.2684181183577,4.5));
#11710=CARTESIAN_POINT('Ctrl Pts',(5.4409958049655,70.4440658539534,4.5));
#11711=CARTESIAN_POINT('Ctrl Pts',(5.12721668928862,70.5634384602308,4.5));
#11712=CARTESIAN_POINT('',(5.5774213001132,70.2684181183577,5.));
#11713=CARTESIAN_POINT('Ctrl Pts',(5.5774213001132,70.2684181183577,5.));
#11714=CARTESIAN_POINT('Ctrl Pts',(5.4409958049655,70.4440658539534,5.));
#11715=CARTESIAN_POINT('Ctrl Pts',(5.12721668928862,70.5634384602308,5.));
#11716=CARTESIAN_POINT('',(5.5774213001132,70.2684181183577,4.5));
#11717=CARTESIAN_POINT('Ctrl Pts',(5.71384679526091,69.8574357479811,4.5));
#11718=CARTESIAN_POINT('Ctrl Pts',(5.71384679526091,69.8574357479811,5.));
#11719=CARTESIAN_POINT('Ctrl Pts',(5.71384679526091,70.092770382762,4.5));
#11720=CARTESIAN_POINT('Ctrl Pts',(5.71384679526091,70.092770382762,5.));
#11721=CARTESIAN_POINT('Ctrl Pts',(5.5774213001132,70.2684181183577,4.5));
#11722=CARTESIAN_POINT('Ctrl Pts',(5.5774213001132,70.2684181183577,5.));
#11723=CARTESIAN_POINT('',(5.71384679526091,69.8574357479811,4.5));
#11724=CARTESIAN_POINT('Ctrl Pts',(5.71384679526091,69.8574357479811,4.5));
#11725=CARTESIAN_POINT('Ctrl Pts',(5.71384679526091,70.092770382762,4.5));
#11726=CARTESIAN_POINT('Ctrl Pts',(5.5774213001132,70.2684181183577,4.5));
#11727=CARTESIAN_POINT('',(5.71384679526091,69.8574357479811,5.));
#11728=CARTESIAN_POINT('Ctrl Pts',(5.71384679526091,69.8574357479811,5.));
#11729=CARTESIAN_POINT('Ctrl Pts',(5.71384679526091,70.092770382762,5.));
#11730=CARTESIAN_POINT('Ctrl Pts',(5.5774213001132,70.2684181183577,5.));
#11731=CARTESIAN_POINT('',(5.71384679526091,69.8574357479811,4.5));
#11732=CARTESIAN_POINT('Ctrl Pts',(5.57230543345213,69.4294004887342,4.5));
#11733=CARTESIAN_POINT('Ctrl Pts',(5.57230543345213,69.4294004887342,5.));
#11734=CARTESIAN_POINT('Ctrl Pts',(5.71384679526091,69.6255122870207,4.5));
#11735=CARTESIAN_POINT('Ctrl Pts',(5.71384679526091,69.6255122870207,5.));
#11736=CARTESIAN_POINT('Ctrl Pts',(5.71384679526091,69.8574357479811,4.5));
#11737=CARTESIAN_POINT('Ctrl Pts',(5.71384679526091,69.8574357479811,5.));
#11738=CARTESIAN_POINT('',(5.57230543345213,69.4294004887342,4.5));
#11739=CARTESIAN_POINT('Ctrl Pts',(5.57230543345213,69.4294004887342,4.5));
#11740=CARTESIAN_POINT('Ctrl Pts',(5.71384679526091,69.6255122870207,4.5));
#11741=CARTESIAN_POINT('Ctrl Pts',(5.71384679526091,69.8574357479811,4.5));
#11742=CARTESIAN_POINT('',(5.57230543345213,69.4294004887342,5.));
#11743=CARTESIAN_POINT('Ctrl Pts',(5.57230543345213,69.4294004887342,5.));
#11744=CARTESIAN_POINT('Ctrl Pts',(5.71384679526091,69.6255122870207,5.));
#11745=CARTESIAN_POINT('Ctrl Pts',(5.71384679526091,69.8574357479811,5.));
#11746=CARTESIAN_POINT('',(5.57230543345213,69.4294004887342,4.5));
#11747=CARTESIAN_POINT('Ctrl Pts',(5.14085900038481,69.1207372397184,4.5));
#11748=CARTESIAN_POINT('Ctrl Pts',(5.14085900038481,69.1207372397184,5.));
#11749=CARTESIAN_POINT('Ctrl Pts',(5.43076407164335,69.2332886904478,4.5));
#11750=CARTESIAN_POINT('Ctrl Pts',(5.43076407164335,69.2332886904478,5.));
#11751=CARTESIAN_POINT('Ctrl Pts',(5.57230543345213,69.4294004887342,4.5));
#11752=CARTESIAN_POINT('Ctrl Pts',(5.57230543345213,69.4294004887342,5.));
#11753=CARTESIAN_POINT('',(5.14085900038481,69.1207372397184,4.5));
#11754=CARTESIAN_POINT('Ctrl Pts',(5.14085900038481,69.1207372397184,4.5));
#11755=CARTESIAN_POINT('Ctrl Pts',(5.43076407164335,69.2332886904478,4.5));
#11756=CARTESIAN_POINT('Ctrl Pts',(5.57230543345213,69.4294004887342,4.5));
#11757=CARTESIAN_POINT('',(5.14085900038481,69.1207372397184,5.));
#11758=CARTESIAN_POINT('Ctrl Pts',(5.14085900038481,69.1207372397184,5.));
#11759=CARTESIAN_POINT('Ctrl Pts',(5.43076407164335,69.2332886904478,5.));
#11760=CARTESIAN_POINT('Ctrl Pts',(5.57230543345213,69.4294004887342,5.));
#11761=CARTESIAN_POINT('',(5.14085900038481,69.1207372397184,4.5));
#11762=CARTESIAN_POINT('Ctrl Pts',(4.47237323969603,69.0081863850355,4.5));
#11763=CARTESIAN_POINT('Ctrl Pts',(4.47237323969603,69.0081863850355,5.));
#11764=CARTESIAN_POINT('Ctrl Pts',(4.85095512121916,69.0081863850355,4.5));
#11765=CARTESIAN_POINT('Ctrl Pts',(4.85095512121916,69.0081863850355,5.));
#11766=CARTESIAN_POINT('Ctrl Pts',(5.14085900038481,69.1207372397184,4.5));
#11767=CARTESIAN_POINT('Ctrl Pts',(5.14085900038481,69.1207372397184,5.));
#11768=CARTESIAN_POINT('',(4.47237323969603,69.0081863850355,4.5));
#11769=CARTESIAN_POINT('Ctrl Pts',(4.47237323969603,69.0081863850355,4.5));
#11770=CARTESIAN_POINT('Ctrl Pts',(4.85095512121916,69.0081863850355,4.5));
#11771=CARTESIAN_POINT('Ctrl Pts',(5.14085900038481,69.1207372397184,4.5));
#11772=CARTESIAN_POINT('',(4.47237323969603,69.0081863850355,5.));
#11773=CARTESIAN_POINT('Ctrl Pts',(4.47237323969603,69.0081863850355,5.));
#11774=CARTESIAN_POINT('Ctrl Pts',(4.85095512121916,69.0081863850355,5.));
#11775=CARTESIAN_POINT('Ctrl Pts',(5.14085900038481,69.1207372397184,5.));
#11776=CARTESIAN_POINT('',(4.47237323969603,69.0081863850355,4.5));
#11777=CARTESIAN_POINT('Ctrl Pts',(3.70497893542051,69.1565489023924,4.5));
#11778=CARTESIAN_POINT('Ctrl Pts',(3.70497893542051,69.1565489023924,5.));
#11779=CARTESIAN_POINT('Ctrl Pts',(4.04604326933622,69.0081863850355,4.5));
#11780=CARTESIAN_POINT('Ctrl Pts',(4.04604326933622,69.0081863850355,5.));
#11781=CARTESIAN_POINT('Ctrl Pts',(4.47237323969603,69.0081863850355,4.5));
#11782=CARTESIAN_POINT('Ctrl Pts',(4.47237323969603,69.0081863850355,5.));
#11783=CARTESIAN_POINT('',(3.70497893542051,69.1565489023924,4.5));
#11784=CARTESIAN_POINT('Ctrl Pts',(3.70497893542051,69.1565489023924,4.5));
#11785=CARTESIAN_POINT('Ctrl Pts',(4.04604326933622,69.0081863850355,4.5));
#11786=CARTESIAN_POINT('Ctrl Pts',(4.47237323969603,69.0081863850355,4.5));
#11787=CARTESIAN_POINT('',(3.70497893542051,69.1565489023924,5.));
#11788=CARTESIAN_POINT('Ctrl Pts',(3.70497893542051,69.1565489023924,5.));
#11789=CARTESIAN_POINT('Ctrl Pts',(4.04604326933622,69.0081863850355,5.));
#11790=CARTESIAN_POINT('Ctrl Pts',(4.47237323969603,69.0081863850355,5.));
#11791=CARTESIAN_POINT('',(3.70497893542051,69.1565489023924,4.5));
#11792=CARTESIAN_POINT('Ctrl Pts',(3.20190977305174,69.5453625172377,4.5));
#11793=CARTESIAN_POINT('Ctrl Pts',(3.20190977305174,69.5453625172377,5.));
#11794=CARTESIAN_POINT('Ctrl Pts',(3.36391519755125,69.3049120157957,4.5));
#11795=CARTESIAN_POINT('Ctrl Pts',(3.36391519755125,69.3049120157957,5.));
#11796=CARTESIAN_POINT('Ctrl Pts',(3.70497893542051,69.1565489023924,4.5));
#11797=CARTESIAN_POINT('Ctrl Pts',(3.70497893542051,69.1565489023924,5.));
#11798=CARTESIAN_POINT('',(3.20190977305174,69.5453625172377,4.5));
#11799=CARTESIAN_POINT('Ctrl Pts',(3.20190977305174,69.5453625172377,4.5));
#11800=CARTESIAN_POINT('Ctrl Pts',(3.36391519755125,69.3049120157957,4.5));
#11801=CARTESIAN_POINT('Ctrl Pts',(3.70497893542051,69.1565489023924,4.5));
#11802=CARTESIAN_POINT('',(3.20190977305174,69.5453625172377,5.));
#11803=CARTESIAN_POINT('Ctrl Pts',(3.20190977305174,69.5453625172377,5.));
#11804=CARTESIAN_POINT('Ctrl Pts',(3.36391519755125,69.3049120157957,5.));
#11805=CARTESIAN_POINT('Ctrl Pts',(3.70497893542051,69.1565489023924,5.));
#11806=CARTESIAN_POINT('',(3.20190977305174,69.5453625172377,4.5));
#11807=CARTESIAN_POINT('Ctrl Pts',(2.99556564539671,70.1609831303358,4.5));
#11808=CARTESIAN_POINT('Ctrl Pts',(2.99556564539671,70.1609831303358,5.));
#11809=CARTESIAN_POINT('Ctrl Pts',(3.03990434855223,69.7858124226332,4.5));
#11810=CARTESIAN_POINT('Ctrl Pts',(3.03990434855223,69.7858124226332,5.));
#11811=CARTESIAN_POINT('Ctrl Pts',(3.20190977305174,69.5453625172377,4.5));
#11812=CARTESIAN_POINT('Ctrl Pts',(3.20190977305174,69.5453625172377,5.));
#11813=CARTESIAN_POINT('',(2.99556564539671,70.1609831303358,4.5));
#11814=CARTESIAN_POINT('Ctrl Pts',(2.99556564539671,70.1609831303358,4.5));
#11815=CARTESIAN_POINT('Ctrl Pts',(3.03990434855223,69.7858124226332,4.5));
#11816=CARTESIAN_POINT('Ctrl Pts',(3.20190977305174,69.5453625172377,4.5));
#11817=CARTESIAN_POINT('',(2.99556564539671,70.1609831303358,5.));
#11818=CARTESIAN_POINT('Ctrl Pts',(2.99556564539671,70.1609831303358,5.));
#11819=CARTESIAN_POINT('Ctrl Pts',(3.03990434855223,69.7858124226332,5.));
#11820=CARTESIAN_POINT('Ctrl Pts',(3.20190977305174,69.5453625172377,5.));
#11821=CARTESIAN_POINT('',(2.99556564539671,70.1609831303358,4.5));
#11822=CARTESIAN_POINT('Origin',(2.37141858786345,70.1064126938581,4.5));
#11823=CARTESIAN_POINT('',(2.37141858786345,70.1064126938581,4.5));
#11824=CARTESIAN_POINT('',(2.37141858786345,70.1064126938581,4.5));
#11825=CARTESIAN_POINT('',(2.37141858786345,70.1064126938581,5.));
#11826=CARTESIAN_POINT('',(2.37141858786345,70.1064126938581,5.));
#11827=CARTESIAN_POINT('',(2.37141858786345,70.1064126938581,4.5));
#11828=CARTESIAN_POINT('Ctrl Pts',(2.6459751650691,69.207708761096,4.5));
#11829=CARTESIAN_POINT('Ctrl Pts',(2.6459751650691,69.207708761096,5.));
#11830=CARTESIAN_POINT('Ctrl Pts',(2.38506089895964,69.6050482243299,4.5));
#11831=CARTESIAN_POINT('Ctrl Pts',(2.38506089895964,69.6050482243299,5.));
#11832=CARTESIAN_POINT('Ctrl Pts',(2.37141858786345,70.1064126938581,4.5));
#11833=CARTESIAN_POINT('Ctrl Pts',(2.37141858786345,70.1064126938581,5.));
#11834=CARTESIAN_POINT('',(2.6459751650691,69.207708761096,4.5));
#11835=CARTESIAN_POINT('Ctrl Pts',(2.6459751650691,69.207708761096,4.5));
#11836=CARTESIAN_POINT('Ctrl Pts',(2.38506089895964,69.6050482243299,4.5));
#11837=CARTESIAN_POINT('Ctrl Pts',(2.37141858786345,70.1064126938581,4.5));
#11838=CARTESIAN_POINT('',(2.6459751650691,69.207708761096,5.));
#11839=CARTESIAN_POINT('Ctrl Pts',(2.6459751650691,69.207708761096,5.));
#11840=CARTESIAN_POINT('Ctrl Pts',(2.38506089895964,69.6050482243299,5.));
#11841=CARTESIAN_POINT('Ctrl Pts',(2.37141858786345,70.1064126938581,5.));
#11842=CARTESIAN_POINT('',(2.6459751650691,69.207708761096,4.5));
#11843=CARTESIAN_POINT('Ctrl Pts',(3.36562048643827,68.6125522106886,4.5));
#11844=CARTESIAN_POINT('Ctrl Pts',(3.36562048643827,68.6125522106886,5.));
#11845=CARTESIAN_POINT('Ctrl Pts',(2.90688913315535,68.8103692978621,4.5));
#11846=CARTESIAN_POINT('Ctrl Pts',(2.90688913315535,68.8103692978621,5.));
#11847=CARTESIAN_POINT('Ctrl Pts',(2.6459751650691,69.207708761096,4.5));
#11848=CARTESIAN_POINT('Ctrl Pts',(2.6459751650691,69.207708761096,5.));
#11849=CARTESIAN_POINT('Ctrl Pts',(3.36562048643827,68.6125522106886,4.5));
#11850=CARTESIAN_POINT('Ctrl Pts',(2.90688913315535,68.8103692978621,4.5));
#11851=CARTESIAN_POINT('Ctrl Pts',(2.6459751650691,69.207708761096,4.5));
#11852=CARTESIAN_POINT('Ctrl Pts',(3.36562048643827,68.6125522106886,5.));
#11853=CARTESIAN_POINT('Ctrl Pts',(2.90688913315535,68.8103692978621,5.));
#11854=CARTESIAN_POINT('Ctrl Pts',(2.6459751650691,69.207708761096,5.));
#11855=CARTESIAN_POINT('Ctrl Pts',(5.06239595543837,72.5666511473701,4.5));
#11856=CARTESIAN_POINT('Ctrl Pts',(5.06239595543837,72.5666511473701,5.));
#11857=CARTESIAN_POINT('Ctrl Pts',(5.20271107495532,72.4514791676048,4.5));
#11858=CARTESIAN_POINT('Ctrl Pts',(5.20271107495532,72.4514791676048,5.));
#11859=CARTESIAN_POINT('Ctrl Pts',(5.28953883078574,72.2864354243103,4.5));
#11860=CARTESIAN_POINT('Ctrl Pts',(5.28953883078574,72.2864354243103,5.));
#11861=CARTESIAN_POINT('Ctrl Pts',(5.31863265778414,72.0168338251258,4.5));
#11862=CARTESIAN_POINT('Ctrl Pts',(5.31863265778414,72.0168338251258,5.));
#11863=CARTESIAN_POINT('Ctrl Pts',(5.3272887519357,71.9366210423222,4.5));
#11864=CARTESIAN_POINT('Ctrl Pts',(5.3272887519357,71.9366210423222,5.));
#11865=CARTESIAN_POINT('Ctrl Pts',(5.33594484608725,71.8564082595185,4.5));
#11866=CARTESIAN_POINT('Ctrl Pts',(5.33594484608725,71.8564082595185,5.));
#11867=CARTESIAN_POINT('Ctrl Pts',(5.34460094023881,71.7761954767148,4.5));
#11868=CARTESIAN_POINT('Ctrl Pts',(5.34460094023881,71.7761954767148,5.));
#11869=CARTESIAN_POINT('',(5.34460094023881,71.7761954767148,4.5));
#11870=CARTESIAN_POINT('',(5.06239595543837,72.5666511473701,4.5));
#11871=CARTESIAN_POINT('Ctrl Pts',(5.34460094023881,71.7761954767148,4.5));
#11872=CARTESIAN_POINT('Ctrl Pts',(5.33594484608726,71.8564082595185,4.5));
#11873=CARTESIAN_POINT('Ctrl Pts',(5.3272887519357,71.9366210423221,4.5));
#11874=CARTESIAN_POINT('Ctrl Pts',(5.31863265778414,72.0168338251258,4.5));
#11875=CARTESIAN_POINT('Ctrl Pts',(5.28953883078574,72.2864354243103,4.5));
#11876=CARTESIAN_POINT('Ctrl Pts',(5.20271107495532,72.4514791676048,4.5));
#11877=CARTESIAN_POINT('Ctrl Pts',(5.06239595543837,72.5666511473701,4.5));
#11878=CARTESIAN_POINT('',(5.34460094023881,71.7761954767148,5.));
#11879=CARTESIAN_POINT('',(5.34460094023881,71.7761954767148,4.5));
#11880=CARTESIAN_POINT('',(5.06239595543837,72.5666511473701,5.));
#11881=CARTESIAN_POINT('Ctrl Pts',(5.06239595543837,72.5666511473701,5.));
#11882=CARTESIAN_POINT('Ctrl Pts',(5.20271107495532,72.4514791676048,5.));
#11883=CARTESIAN_POINT('Ctrl Pts',(5.28953883078574,72.2864354243103,5.));
#11884=CARTESIAN_POINT('Ctrl Pts',(5.31863265778414,72.0168338251258,5.));
#11885=CARTESIAN_POINT('Ctrl Pts',(5.3272887519357,71.9366210423221,5.));
#11886=CARTESIAN_POINT('Ctrl Pts',(5.33594484608726,71.8564082595185,5.));
#11887=CARTESIAN_POINT('Ctrl Pts',(5.34460094023881,71.7761954767148,5.));
#11888=CARTESIAN_POINT('',(5.06239595543837,72.5666511473701,4.5));
#11889=CARTESIAN_POINT('Ctrl Pts',(4.34959035366774,72.7520468682051,4.5));
#11890=CARTESIAN_POINT('Ctrl Pts',(4.34959035366774,72.7520468682051,5.));
#11891=CARTESIAN_POINT('Ctrl Pts',(4.69884629563934,72.7520468682051,4.5));
#11892=CARTESIAN_POINT('Ctrl Pts',(4.69884629563934,72.7520468682051,5.));
#11893=CARTESIAN_POINT('Ctrl Pts',(4.92743271590561,72.6774302533284,4.5));
#11894=CARTESIAN_POINT('Ctrl Pts',(4.92743271590561,72.6774302533284,5.));
#11895=CARTESIAN_POINT('Ctrl Pts',(5.06239595543837,72.5666511473701,4.5));
#11896=CARTESIAN_POINT('Ctrl Pts',(5.06239595543837,72.5666511473701,5.));
#11897=CARTESIAN_POINT('',(4.34959035366774,72.7520468682051,4.5));
#11898=CARTESIAN_POINT('Ctrl Pts',(5.06239595543837,72.5666511473701,4.5));
#11899=CARTESIAN_POINT('Ctrl Pts',(4.92743271590561,72.6774302533284,4.5));
#11900=CARTESIAN_POINT('Ctrl Pts',(4.69884629563934,72.7520468682051,4.5));
#11901=CARTESIAN_POINT('Ctrl Pts',(4.34959035366774,72.7520468682051,4.5));
#11902=CARTESIAN_POINT('',(4.34959035366774,72.7520468682051,5.));
#11903=CARTESIAN_POINT('Ctrl Pts',(4.34959035366774,72.7520468682051,5.));
#11904=CARTESIAN_POINT('Ctrl Pts',(4.69884629563934,72.7520468682051,5.));
#11905=CARTESIAN_POINT('Ctrl Pts',(4.92743271590561,72.6774302533284,5.));
#11906=CARTESIAN_POINT('Ctrl Pts',(5.06239595543837,72.5666511473701,5.));
#11907=CARTESIAN_POINT('',(4.34959035366774,72.7520468682051,4.5));
#11908=CARTESIAN_POINT('Ctrl Pts',(3.63108220583755,72.58696146324,4.5));
#11909=CARTESIAN_POINT('Ctrl Pts',(3.63108220583755,72.58696146324,5.));
#11910=CARTESIAN_POINT('Ctrl Pts',(3.74473865249743,72.6780277565935,4.5));
#11911=CARTESIAN_POINT('Ctrl Pts',(3.74473865249743,72.6780277565935,5.));
#11912=CARTESIAN_POINT('Ctrl Pts',(3.97994833455223,72.7520468682051,4.5));
#11913=CARTESIAN_POINT('Ctrl Pts',(3.97994833455223,72.7520468682051,5.));
#11914=CARTESIAN_POINT('Ctrl Pts',(4.34959035366774,72.7520468682051,4.5));
#11915=CARTESIAN_POINT('Ctrl Pts',(4.34959035366774,72.7520468682051,5.));
#11916=CARTESIAN_POINT('',(3.63108220583757,72.58696146324,4.5));
#11917=CARTESIAN_POINT('Ctrl Pts',(4.34959035366774,72.7520468682051,4.5));
#11918=CARTESIAN_POINT('Ctrl Pts',(3.97994833455223,72.7520468682051,4.5));
#11919=CARTESIAN_POINT('Ctrl Pts',(3.74473865249743,72.6780277565935,4.5));
#11920=CARTESIAN_POINT('Ctrl Pts',(3.63108220583755,72.58696146324,4.5));
#11921=CARTESIAN_POINT('',(3.63108220583757,72.58696146324,5.));
#11922=CARTESIAN_POINT('Ctrl Pts',(3.63108220583755,72.58696146324,5.));
#11923=CARTESIAN_POINT('Ctrl Pts',(3.74473865249743,72.6780277565935,5.));
#11924=CARTESIAN_POINT('Ctrl Pts',(3.97994833455223,72.7520468682051,5.));
#11925=CARTESIAN_POINT('Ctrl Pts',(4.34959035366774,72.7520468682051,5.));
#11926=CARTESIAN_POINT('',(3.63108220583757,72.58696146324,4.5));
#11927=CARTESIAN_POINT('Ctrl Pts',(3.45020448416471,72.251705750823,4.5));
#11928=CARTESIAN_POINT('Ctrl Pts',(3.45020448416471,72.251705750823,5.));
#11929=CARTESIAN_POINT('Ctrl Pts',(3.45020448416471,72.3849002961231,4.5));
#11930=CARTESIAN_POINT('Ctrl Pts',(3.45020448416471,72.3849002961231,5.));
#11931=CARTESIAN_POINT('Ctrl Pts',(3.49281701317348,72.4761774947916,4.5));
#11932=CARTESIAN_POINT('Ctrl Pts',(3.49281701317348,72.4761774947916,5.));
#11933=CARTESIAN_POINT('Ctrl Pts',(3.63108220583757,72.58696146324,4.5));
#11934=CARTESIAN_POINT('Ctrl Pts',(3.63108220583757,72.58696146324,5.));
#11935=CARTESIAN_POINT('',(3.45020448416471,72.251705750823,4.5));
#11936=CARTESIAN_POINT('Ctrl Pts',(3.63108220583758,72.58696146324,4.5));
#11937=CARTESIAN_POINT('Ctrl Pts',(3.49281701317349,72.4761774947916,4.5));
#11938=CARTESIAN_POINT('Ctrl Pts',(3.45020448416471,72.3849002961231,4.5));
#11939=CARTESIAN_POINT('Ctrl Pts',(3.45020448416471,72.251705750823,4.5));
#11940=CARTESIAN_POINT('',(3.45020448416471,72.251705750823,5.));
#11941=CARTESIAN_POINT('Ctrl Pts',(3.45020448416471,72.251705750823,5.));
#11942=CARTESIAN_POINT('Ctrl Pts',(3.45020448416471,72.3849002961231,5.));
#11943=CARTESIAN_POINT('Ctrl Pts',(3.49281701317349,72.4761774947916,5.));
#11944=CARTESIAN_POINT('Ctrl Pts',(3.63108220583758,72.58696146324,5.));
#11945=CARTESIAN_POINT('',(3.45020448416471,72.251705750823,4.5));
#11946=CARTESIAN_POINT('Ctrl Pts',(3.56294988148004,71.9931653980355,4.5));
#11947=CARTESIAN_POINT('Ctrl Pts',(3.56294988148004,71.9931653980355,5.));
#11948=CARTESIAN_POINT('Ctrl Pts',(3.56240317104492,71.9936545602243,4.5));
#11949=CARTESIAN_POINT('Ctrl Pts',(3.56240317104492,71.9936545602243,5.));
#11950=CARTESIAN_POINT('Ctrl Pts',(3.56185646060996,71.994143722413,4.5));
#11951=CARTESIAN_POINT('Ctrl Pts',(3.56185646060996,71.994143722413,5.));
#11952=CARTESIAN_POINT('Ctrl Pts',(3.56130975017484,71.9946328846018,4.5));
#11953=CARTESIAN_POINT('Ctrl Pts',(3.56130975017484,71.9946328846018,5.));
#11954=CARTESIAN_POINT('Ctrl Pts',(3.47950907542281,72.0678229950114,4.5));
#11955=CARTESIAN_POINT('Ctrl Pts',(3.47950907542281,72.0678229950114,5.));
#11956=CARTESIAN_POINT('Ctrl Pts',(3.45020448416471,72.1322054334237,4.5));
#11957=CARTESIAN_POINT('Ctrl Pts',(3.45020448416471,72.1322054334237,5.));
#11958=CARTESIAN_POINT('Ctrl Pts',(3.45020448416471,72.251705750823,4.5));
#11959=CARTESIAN_POINT('Ctrl Pts',(3.45020448416471,72.251705750823,5.));
#11960=CARTESIAN_POINT('',(3.56294342203676,71.9931581786839,4.5));
#11961=CARTESIAN_POINT('Ctrl Pts',(3.45020448416471,72.251705750823,4.5));
#11962=CARTESIAN_POINT('Ctrl Pts',(3.45020448416471,72.1322054334237,4.5));
#11963=CARTESIAN_POINT('Ctrl Pts',(3.47950907542281,72.0678229950114,4.5));
#11964=CARTESIAN_POINT('Ctrl Pts',(3.56130975017484,71.9946328846018,4.5));
#11965=CARTESIAN_POINT('Ctrl Pts',(3.5618564606099,71.994143722413,4.5));
#11966=CARTESIAN_POINT('Ctrl Pts',(3.5624031710448,71.9936545602244,4.5));
#11967=CARTESIAN_POINT('Ctrl Pts',(3.56294988147987,71.9931653980356,4.5));
#11968=CARTESIAN_POINT('',(3.56294342203676,71.9931581786839,5.));
#11969=CARTESIAN_POINT('Ctrl Pts',(3.56294988147987,71.9931653980356,5.));
#11970=CARTESIAN_POINT('Ctrl Pts',(3.5624031710448,71.9936545602244,5.));
#11971=CARTESIAN_POINT('Ctrl Pts',(3.5618564606099,71.994143722413,5.));
#11972=CARTESIAN_POINT('Ctrl Pts',(3.56130975017484,71.9946328846018,5.));
#11973=CARTESIAN_POINT('Ctrl Pts',(3.47950907542281,72.0678229950114,5.));
#11974=CARTESIAN_POINT('Ctrl Pts',(3.45020448416471,72.1322054334237,5.));
#11975=CARTESIAN_POINT('Ctrl Pts',(3.45020448416471,72.251705750823,5.));
#11976=CARTESIAN_POINT('',(3.56294342203676,71.9931581786839,4.5));
#11977=CARTESIAN_POINT('Ctrl Pts',(4.44738359346643,71.6957494604585,4.5));
#11978=CARTESIAN_POINT('Ctrl Pts',(4.44738359346643,71.6957494604585,5.));
#11979=CARTESIAN_POINT('Ctrl Pts',(4.3527195021098,71.7171639480562,4.5));
#11980=CARTESIAN_POINT('Ctrl Pts',(4.3527195021098,71.7171639480562,5.));
#11981=CARTESIAN_POINT('Ctrl Pts',(4.26500562361174,71.7383913484972,4.5));
#11982=CARTESIAN_POINT('Ctrl Pts',(4.26500562361174,71.7383913484972,5.));
#11983=CARTESIAN_POINT('Ctrl Pts',(4.18438243541136,71.759360506364,4.5));
#11984=CARTESIAN_POINT('Ctrl Pts',(4.18438243541136,71.759360506364,5.));
#11985=CARTESIAN_POINT('Ctrl Pts',(3.8176949677186,71.854731671527,4.5));
#11986=CARTESIAN_POINT('Ctrl Pts',(3.8176949677186,71.854731671527,5.));
#11987=CARTESIAN_POINT('Ctrl Pts',(3.5875138594401,71.970781527596,4.5));
#11988=CARTESIAN_POINT('Ctrl Pts',(3.5875138594401,71.970781527596,5.));
#11989=CARTESIAN_POINT('Ctrl Pts',(3.56294342203675,71.993158178684,4.5));
#11990=CARTESIAN_POINT('Ctrl Pts',(3.56294342203675,71.993158178684,5.));
#11991=CARTESIAN_POINT('',(4.44738367917246,71.6957494410705,4.5));
#11992=CARTESIAN_POINT('Ctrl Pts',(3.56294342203675,71.993158178684,4.5));
#11993=CARTESIAN_POINT('Ctrl Pts',(3.5875138594401,71.970781527596,4.5));
#11994=CARTESIAN_POINT('Ctrl Pts',(3.8176949677186,71.854731671527,4.5));
#11995=CARTESIAN_POINT('Ctrl Pts',(4.18438243541136,71.759360506364,4.5));
#11996=CARTESIAN_POINT('Ctrl Pts',(4.26500562361174,71.7383913484972,4.5));
#11997=CARTESIAN_POINT('Ctrl Pts',(4.3527195021098,71.7171639480562,4.5));
#11998=CARTESIAN_POINT('Ctrl Pts',(4.44738359346643,71.6957494604585,4.5));
#11999=CARTESIAN_POINT('',(4.44738367917246,71.6957494410705,5.));
#12000=CARTESIAN_POINT('Ctrl Pts',(4.44738359346643,71.6957494604585,5.));
#12001=CARTESIAN_POINT('Ctrl Pts',(4.3527195021098,71.7171639480562,5.));
#12002=CARTESIAN_POINT('Ctrl Pts',(4.26500562361174,71.7383913484972,5.));
#12003=CARTESIAN_POINT('Ctrl Pts',(4.18438243541136,71.759360506364,5.));
#12004=CARTESIAN_POINT('Ctrl Pts',(3.8176949677186,71.854731671527,5.));
#12005=CARTESIAN_POINT('Ctrl Pts',(3.5875138594401,71.970781527596,5.));
#12006=CARTESIAN_POINT('Ctrl Pts',(3.56294342203675,71.993158178684,5.));
#12007=CARTESIAN_POINT('',(4.44738367917246,71.6957494410705,4.5));
#12008=CARTESIAN_POINT('Ctrl Pts',(5.60302896125706,71.3603339310026,4.5));
#12009=CARTESIAN_POINT('Ctrl Pts',(5.60302896125706,71.3603339310026,5.));
#12010=CARTESIAN_POINT('Ctrl Pts',(5.60282842449712,71.3604250838581,4.5));
#12011=CARTESIAN_POINT('Ctrl Pts',(5.60282842449712,71.3604250838581,5.));
#12012=CARTESIAN_POINT('Ctrl Pts',(5.60262788773349,71.3605162367152,4.5));
#12013=CARTESIAN_POINT('Ctrl Pts',(5.60262788773349,71.3605162367152,5.));
#12014=CARTESIAN_POINT('Ctrl Pts',(5.60242735097364,71.3606073895706,4.5));
#12015=CARTESIAN_POINT('Ctrl Pts',(5.60242735097364,71.3606073895706,5.));
#12016=CARTESIAN_POINT('Ctrl Pts',(5.36375492418551,71.4690945977561,4.5));
#12017=CARTESIAN_POINT('Ctrl Pts',(5.36375492418551,71.4690945977561,5.));
#12018=CARTESIAN_POINT('Ctrl Pts',(4.99169734488227,71.5726170355893,4.5));
#12019=CARTESIAN_POINT('Ctrl Pts',(4.99169734488227,71.5726170355893,5.));
#12020=CARTESIAN_POINT('Ctrl Pts',(4.44738367917246,71.6957494410705,4.5));
#12021=CARTESIAN_POINT('Ctrl Pts',(4.44738367917246,71.6957494410705,5.));
#12022=CARTESIAN_POINT('',(5.60302896126403,71.3603339310262,4.5));
#12023=CARTESIAN_POINT('Ctrl Pts',(4.44738367917246,71.6957494410705,4.5));
#12024=CARTESIAN_POINT('Ctrl Pts',(4.99169734488227,71.5726170355893,4.5));
#12025=CARTESIAN_POINT('Ctrl Pts',(5.36375492418551,71.4690945977561,4.5));
#12026=CARTESIAN_POINT('Ctrl Pts',(5.60242735097364,71.3606073895706,4.5));
#12027=CARTESIAN_POINT('Ctrl Pts',(5.60262788773473,71.3605162367146,4.5));
#12028=CARTESIAN_POINT('Ctrl Pts',(5.6028284244996,71.360425083857,4.5));
#12029=CARTESIAN_POINT('Ctrl Pts',(5.60302896126078,71.3603339310009,4.5));
#12030=CARTESIAN_POINT('',(5.60302896126403,71.3603339310262,5.));
#12031=CARTESIAN_POINT('Ctrl Pts',(5.60302896126078,71.3603339310009,5.));
#12032=CARTESIAN_POINT('Ctrl Pts',(5.6028284244996,71.360425083857,5.));
#12033=CARTESIAN_POINT('Ctrl Pts',(5.60262788773473,71.3605162367146,5.));
#12034=CARTESIAN_POINT('Ctrl Pts',(5.60242735097364,71.3606073895706,5.));
#12035=CARTESIAN_POINT('Ctrl Pts',(5.36375492418551,71.4690945977561,5.));
#12036=CARTESIAN_POINT('Ctrl Pts',(4.99169734488227,71.5726170355893,5.));
#12037=CARTESIAN_POINT('Ctrl Pts',(4.44738367917246,71.6957494410705,5.));
#12038=CARTESIAN_POINT('',(5.60302896126403,71.3603339310262,4.5));
#12039=CARTESIAN_POINT('Ctrl Pts',(6.35089283346706,70.7628555077064,4.5));
#12040=CARTESIAN_POINT('Ctrl Pts',(6.35089283346706,70.7628555077064,5.));
#12041=CARTESIAN_POINT('Ctrl Pts',(6.18096935999198,71.0149544128431,4.5));
#12042=CARTESIAN_POINT('Ctrl Pts',(6.18096935999198,71.0149544128431,5.));
#12043=CARTESIAN_POINT('Ctrl Pts',(5.92509093615856,71.2118830463203,4.5));
#12044=CARTESIAN_POINT('Ctrl Pts',(5.92509093615856,71.2118830463203,5.));
#12045=CARTESIAN_POINT('Ctrl Pts',(5.60362912581668,71.3600572918519,4.5));
#12046=CARTESIAN_POINT('Ctrl Pts',(5.60362912581668,71.3600572918519,5.));
#12047=CARTESIAN_POINT('Ctrl Pts',(5.60342907096579,71.36014950491,4.5));
#12048=CARTESIAN_POINT('Ctrl Pts',(5.60342907096579,71.36014950491,5.));
#12049=CARTESIAN_POINT('Ctrl Pts',(5.60322901611445,71.3602417179683,4.5));
#12050=CARTESIAN_POINT('Ctrl Pts',(5.60322901611445,71.3602417179683,5.));
#12051=CARTESIAN_POINT('Ctrl Pts',(5.60302896126357,71.3603339310264,4.5));
#12052=CARTESIAN_POINT('Ctrl Pts',(5.60302896126357,71.3603339310264,5.));
#12053=CARTESIAN_POINT('',(6.35089314405938,70.7628550469097,4.5));
#12054=CARTESIAN_POINT('Ctrl Pts',(5.60302896126311,71.3603339310266,4.5));
#12055=CARTESIAN_POINT('Ctrl Pts',(5.60322901611414,71.3602417179685,4.5));
#12056=CARTESIAN_POINT('Ctrl Pts',(5.60342907096564,71.3601495049101,4.5));
#12057=CARTESIAN_POINT('Ctrl Pts',(5.60362912581668,71.3600572918519,4.5));
#12058=CARTESIAN_POINT('Ctrl Pts',(5.92509093615856,71.2118830463203,4.5));
#12059=CARTESIAN_POINT('Ctrl Pts',(6.18096935999198,71.0149544128431,4.5));
#12060=CARTESIAN_POINT('Ctrl Pts',(6.35089283346706,70.7628555077064,4.5));
#12061=CARTESIAN_POINT('',(6.35089314405938,70.7628550469097,5.));
#12062=CARTESIAN_POINT('Ctrl Pts',(6.35089283346706,70.7628555077064,5.));
#12063=CARTESIAN_POINT('Ctrl Pts',(6.18096935999198,71.0149544128431,5.));
#12064=CARTESIAN_POINT('Ctrl Pts',(5.92509093615856,71.2118830463203,5.));
#12065=CARTESIAN_POINT('Ctrl Pts',(5.60362912581668,71.3600572918519,5.));
#12066=CARTESIAN_POINT('Ctrl Pts',(5.60342907096564,71.3601495049101,5.));
#12067=CARTESIAN_POINT('Ctrl Pts',(5.60322901611414,71.3602417179685,5.));
#12068=CARTESIAN_POINT('Ctrl Pts',(5.60302896126311,71.3603339310266,5.));
#12069=CARTESIAN_POINT('',(6.35089314405938,70.7628550469097,4.5));
#12070=CARTESIAN_POINT('Ctrl Pts',(6.60163675993681,69.9120061844587,4.5));
#12071=CARTESIAN_POINT('Ctrl Pts',(6.60163675993681,69.9120061844587,5.));
#12072=CARTESIAN_POINT('Ctrl Pts',(6.60163675993681,70.2233888086651,4.5));
#12073=CARTESIAN_POINT('Ctrl Pts',(6.60163675993681,70.2233888086651,5.));
#12074=CARTESIAN_POINT('Ctrl Pts',(6.51773875247061,70.5153212831828,4.5));
#12075=CARTESIAN_POINT('Ctrl Pts',(6.51773875247061,70.5153212831828,5.));
#12076=CARTESIAN_POINT('Ctrl Pts',(6.35089314405938,70.7628550469097,4.5));
#12077=CARTESIAN_POINT('Ctrl Pts',(6.35089314405938,70.7628550469097,5.));
#12078=CARTESIAN_POINT('',(6.60163675993681,69.9120061844587,4.5));
#12079=CARTESIAN_POINT('Ctrl Pts',(6.35089314405938,70.7628550469097,4.5));
#12080=CARTESIAN_POINT('Ctrl Pts',(6.51773875247061,70.5153212831828,4.5));
#12081=CARTESIAN_POINT('Ctrl Pts',(6.60163675993681,70.2233888086651,4.5));
#12082=CARTESIAN_POINT('Ctrl Pts',(6.60163675993681,69.9120061844587,4.5));
#12083=CARTESIAN_POINT('',(6.60163675993681,69.9120061844587,5.));
#12084=CARTESIAN_POINT('Ctrl Pts',(6.60163675993681,69.9120061844587,5.));
#12085=CARTESIAN_POINT('Ctrl Pts',(6.60163675993681,70.2233888086651,5.));
#12086=CARTESIAN_POINT('Ctrl Pts',(6.51773875247061,70.5153212831828,5.));
#12087=CARTESIAN_POINT('Ctrl Pts',(6.35089314405938,70.7628550469097,5.));
#12088=CARTESIAN_POINT('',(6.60163675993681,69.9120061844587,4.5));
#12089=CARTESIAN_POINT('Ctrl Pts',(6.33298923070777,69.024105252197,4.5));
#12090=CARTESIAN_POINT('Ctrl Pts',(6.33298923070777,69.024105252197,5.));
#12091=CARTESIAN_POINT('Ctrl Pts',(6.50868373099711,69.2955140060538,4.5));
#12092=CARTESIAN_POINT('Ctrl Pts',(6.50868373099711,69.2955140060538,5.));
#12093=CARTESIAN_POINT('Ctrl Pts',(6.60163675993681,69.5982555360325,4.5));
#12094=CARTESIAN_POINT('Ctrl Pts',(6.60163675993681,69.5982555360325,5.));
#12095=CARTESIAN_POINT('Ctrl Pts',(6.60163675993681,69.9120061844587,4.5));
#12096=CARTESIAN_POINT('Ctrl Pts',(6.60163675993681,69.9120061844587,5.));
#12097=CARTESIAN_POINT('',(6.33298923070777,69.024105252197,4.5));
#12098=CARTESIAN_POINT('Ctrl Pts',(6.60163675993681,69.9120061844587,4.5));
#12099=CARTESIAN_POINT('Ctrl Pts',(6.60163675993681,69.5982555360325,4.5));
#12100=CARTESIAN_POINT('Ctrl Pts',(6.50868373099711,69.2955140060538,4.5));
#12101=CARTESIAN_POINT('Ctrl Pts',(6.33298923070777,69.024105252197,4.5));
#12102=CARTESIAN_POINT('',(6.33298923070777,69.024105252197,5.));
#12103=CARTESIAN_POINT('Ctrl Pts',(6.33298923070777,69.024105252197,5.));
#12104=CARTESIAN_POINT('Ctrl Pts',(6.50868373099711,69.2955140060538,5.));
#12105=CARTESIAN_POINT('Ctrl Pts',(6.60163675993681,69.5982555360325,5.));
#12106=CARTESIAN_POINT('Ctrl Pts',(6.60163675993681,69.9120061844587,5.));
#12107=CARTESIAN_POINT('',(6.33298923070777,69.024105252197,4.5));
#12108=CARTESIAN_POINT('Ctrl Pts',(5.57070850466612,68.3835659567404,4.5));
#12109=CARTESIAN_POINT('Ctrl Pts',(5.57070850466612,68.3835659567404,5.));
#12110=CARTESIAN_POINT('Ctrl Pts',(5.8923889100764,68.530949876995,4.5));
#12111=CARTESIAN_POINT('Ctrl Pts',(5.8923889100764,68.530949876995,5.));
#12112=CARTESIAN_POINT('Ctrl Pts',(6.15342871988856,68.746724375715,4.5));
#12113=CARTESIAN_POINT('Ctrl Pts',(6.15342871988856,68.746724375715,5.));
#12114=CARTESIAN_POINT('Ctrl Pts',(6.33298923070777,69.024105252197,4.5));
#12115=CARTESIAN_POINT('Ctrl Pts',(6.33298923070777,69.024105252197,5.));
#12116=CARTESIAN_POINT('',(5.57070812323685,68.3835657819818,4.5));
#12117=CARTESIAN_POINT('Ctrl Pts',(6.33298923070777,69.024105252197,4.5));
#12118=CARTESIAN_POINT('Ctrl Pts',(6.15342871988856,68.746724375715,4.5));
#12119=CARTESIAN_POINT('Ctrl Pts',(5.8923889100764,68.530949876995,4.5));
#12120=CARTESIAN_POINT('Ctrl Pts',(5.57070850466612,68.3835659567404,4.5));
#12121=CARTESIAN_POINT('',(5.57070812323685,68.3835657819818,5.));
#12122=CARTESIAN_POINT('Ctrl Pts',(5.57070850466612,68.3835659567404,5.));
#12123=CARTESIAN_POINT('Ctrl Pts',(5.8923889100764,68.530949876995,5.));
#12124=CARTESIAN_POINT('Ctrl Pts',(6.15342871988856,68.746724375715,5.));
#12125=CARTESIAN_POINT('Ctrl Pts',(6.33298923070777,69.024105252197,5.));
#12126=CARTESIAN_POINT('',(5.57070812323685,68.3835657819818,4.5));
#12127=CARTESIAN_POINT('Ctrl Pts',(4.5030690357089,68.1647345274687,4.5));
#12128=CARTESIAN_POINT('Ctrl Pts',(4.5030690357089,68.1647345274687,5.));
#12129=CARTESIAN_POINT('Ctrl Pts',(4.89056974679586,68.1647345274687,4.5));
#12130=CARTESIAN_POINT('Ctrl Pts',(4.89056974679586,68.1647345274687,5.));
#12131=CARTESIAN_POINT('Ctrl Pts',(5.24946160541428,68.2363813077739,4.5));
#12132=CARTESIAN_POINT('Ctrl Pts',(5.24946160541428,68.2363813077739,5.));
#12133=CARTESIAN_POINT('Ctrl Pts',(5.57070812323685,68.3835657819818,4.5));
#12134=CARTESIAN_POINT('Ctrl Pts',(5.57070812323685,68.3835657819818,5.));
#12135=CARTESIAN_POINT('',(4.5030690357089,68.1647345274687,4.5));
#12136=CARTESIAN_POINT('Ctrl Pts',(5.57070812323685,68.3835657819818,4.5));
#12137=CARTESIAN_POINT('Ctrl Pts',(5.24946160541428,68.2363813077739,4.5));
#12138=CARTESIAN_POINT('Ctrl Pts',(4.89056974679586,68.1647345274687,4.5));
#12139=CARTESIAN_POINT('Ctrl Pts',(4.5030690357089,68.1647345274687,4.5));
#12140=CARTESIAN_POINT('',(4.5030690357089,68.1647345274687,5.));
#12141=CARTESIAN_POINT('Ctrl Pts',(4.5030690357089,68.1647345274687,5.));
#12142=CARTESIAN_POINT('Ctrl Pts',(4.89056974679586,68.1647345274687,5.));
#12143=CARTESIAN_POINT('Ctrl Pts',(5.24946160541428,68.2363813077739,5.));
#12144=CARTESIAN_POINT('Ctrl Pts',(5.57070812323685,68.3835657819818,5.));
#12145=CARTESIAN_POINT('',(4.5030690357089,68.1647345274687,4.5));
#12146=CARTESIAN_POINT('Ctrl Pts',(3.26662568335416,68.3829873419427,4.5));
#12147=CARTESIAN_POINT('Ctrl Pts',(3.26662568335416,68.3829873419427,5.));
#12148=CARTESIAN_POINT('Ctrl Pts',(3.61361373377197,68.2333563730958,4.5));
#12149=CARTESIAN_POINT('Ctrl Pts',(3.61361373377197,68.2333563730958,5.));
#12150=CARTESIAN_POINT('Ctrl Pts',(4.02630253480876,68.1647345274687,4.5));
#12151=CARTESIAN_POINT('Ctrl Pts',(4.02630253480876,68.1647345274687,5.));
#12152=CARTESIAN_POINT('Ctrl Pts',(4.5030690357089,68.1647345274687,4.5));
#12153=CARTESIAN_POINT('Ctrl Pts',(4.5030690357089,68.1647345274687,5.));
#12154=CARTESIAN_POINT('',(3.26662568335409,68.3829873419425,4.5));
#12155=CARTESIAN_POINT('Ctrl Pts',(4.5030690357089,68.1647345274687,4.5));
#12156=CARTESIAN_POINT('Ctrl Pts',(4.02630253480876,68.1647345274687,4.5));
#12157=CARTESIAN_POINT('Ctrl Pts',(3.61361373377197,68.2333563730958,4.5));
#12158=CARTESIAN_POINT('Ctrl Pts',(3.26662568335416,68.3829873419427,4.5));
#12159=CARTESIAN_POINT('',(3.26662568335409,68.3829873419425,5.));
#12160=CARTESIAN_POINT('Ctrl Pts',(3.26662568335416,68.3829873419427,5.));
#12161=CARTESIAN_POINT('Ctrl Pts',(3.61361373377197,68.2333563730958,5.));
#12162=CARTESIAN_POINT('Ctrl Pts',(4.02630253480876,68.1647345274687,5.));
#12163=CARTESIAN_POINT('Ctrl Pts',(4.5030690357089,68.1647345274687,5.));
#12164=CARTESIAN_POINT('',(3.26662568335409,68.3829873419425,4.5));
#12165=CARTESIAN_POINT('Ctrl Pts',(2.43700178187455,69.0704858580651,4.5));
#12166=CARTESIAN_POINT('Ctrl Pts',(2.43700178187455,69.0704858580651,5.));
#12167=CARTESIAN_POINT('Ctrl Pts',(2.63739424215205,68.7653131101788,4.5));
#12168=CARTESIAN_POINT('Ctrl Pts',(2.63739424215205,68.7653131101788,5.));
#12169=CARTESIAN_POINT('Ctrl Pts',(2.92074233906967,68.5321414475126,4.5));
#12170=CARTESIAN_POINT('Ctrl Pts',(2.92074233906967,68.5321414475126,5.));
#12171=CARTESIAN_POINT('Ctrl Pts',(3.26662568335409,68.3829873419425,4.5));
#12172=CARTESIAN_POINT('Ctrl Pts',(3.26662568335409,68.3829873419425,5.));
#12173=CARTESIAN_POINT('',(2.43700178187453,69.0704858580651,4.5));
#12174=CARTESIAN_POINT('Ctrl Pts',(3.26662568335409,68.3829873419425,4.5));
#12175=CARTESIAN_POINT('Ctrl Pts',(2.92074233906967,68.5321414475126,4.5));
#12176=CARTESIAN_POINT('Ctrl Pts',(2.63739424215205,68.7653131101788,4.5));
#12177=CARTESIAN_POINT('Ctrl Pts',(2.43700178187455,69.0704858580651,4.5));
#12178=CARTESIAN_POINT('',(2.43700178187453,69.0704858580651,5.));
#12179=CARTESIAN_POINT('Ctrl Pts',(2.43700178187455,69.0704858580651,5.));
#12180=CARTESIAN_POINT('Ctrl Pts',(2.63739424215205,68.7653131101788,5.));
#12181=CARTESIAN_POINT('Ctrl Pts',(2.92074233906967,68.5321414475126,5.));
#12182=CARTESIAN_POINT('Ctrl Pts',(3.26662568335409,68.3829873419425,5.));
#12183=CARTESIAN_POINT('',(2.43700178187453,69.0704858580651,4.5));
#12184=CARTESIAN_POINT('Ctrl Pts',(2.11510729082256,70.3349566055677,4.5));
#12185=CARTESIAN_POINT('Ctrl Pts',(2.11510729082256,70.3349566055677,5.));
#12186=CARTESIAN_POINT('Ctrl Pts',(2.11724188955136,70.2565086100798,4.5));
#12187=CARTESIAN_POINT('Ctrl Pts',(2.11724188955136,70.2565086100798,5.));
#12188=CARTESIAN_POINT('Ctrl Pts',(2.11937648828016,70.1780606145918,4.5));
#12189=CARTESIAN_POINT('Ctrl Pts',(2.11937648828016,70.1780606145918,5.));
#12190=CARTESIAN_POINT('Ctrl Pts',(2.12151108700896,70.0996126191039,4.5));
#12191=CARTESIAN_POINT('Ctrl Pts',(2.12151108700896,70.0996126191039,5.));
#12192=CARTESIAN_POINT('Ctrl Pts',(2.13173584934577,69.7238454555416,4.5));
#12193=CARTESIAN_POINT('Ctrl Pts',(2.13173584934577,69.7238454555416,5.));
#12194=CARTESIAN_POINT('Ctrl Pts',(2.23767522251872,69.3740350690919,4.5));
#12195=CARTESIAN_POINT('Ctrl Pts',(2.23767522251872,69.3740350690919,5.));
#12196=CARTESIAN_POINT('Ctrl Pts',(2.43700178187453,69.0704858580651,4.5));
#12197=CARTESIAN_POINT('Ctrl Pts',(2.43700178187453,69.0704858580651,5.));
#12198=CARTESIAN_POINT('',(2.11510729082256,70.3349566055677,4.5));
#12199=CARTESIAN_POINT('Ctrl Pts',(2.43700178187453,69.0704858580651,4.5));
#12200=CARTESIAN_POINT('Ctrl Pts',(2.23767522251873,69.3740350690919,4.5));
#12201=CARTESIAN_POINT('Ctrl Pts',(2.13173584934577,69.7238454555416,4.5));
#12202=CARTESIAN_POINT('Ctrl Pts',(2.12151108700896,70.0996126191039,4.5));
#12203=CARTESIAN_POINT('Ctrl Pts',(2.11937648828016,70.1780606145918,4.5));
#12204=CARTESIAN_POINT('Ctrl Pts',(2.11724188955136,70.2565086100797,4.5));
#12205=CARTESIAN_POINT('Ctrl Pts',(2.11510729082256,70.3349566055677,4.5));
#12206=CARTESIAN_POINT('',(2.11510729082256,70.3349566055677,5.));
#12207=CARTESIAN_POINT('Ctrl Pts',(2.11510729082256,70.3349566055677,5.));
#12208=CARTESIAN_POINT('Ctrl Pts',(2.11724188955136,70.2565086100797,5.));
#12209=CARTESIAN_POINT('Ctrl Pts',(2.11937648828016,70.1780606145918,5.));
#12210=CARTESIAN_POINT('Ctrl Pts',(2.12151108700896,70.0996126191039,5.));
#12211=CARTESIAN_POINT('Ctrl Pts',(2.13173584934577,69.7238454555416,5.));
#12212=CARTESIAN_POINT('Ctrl Pts',(2.23767522251873,69.3740350690919,5.));
#12213=CARTESIAN_POINT('Ctrl Pts',(2.43700178187453,69.0704858580651,5.));
#12214=CARTESIAN_POINT('',(2.11510729082256,70.3349566055677,4.5));
#12215=CARTESIAN_POINT('Origin',(3.21537579829599,70.4311553010046,4.5));
#12216=CARTESIAN_POINT('',(3.21537579829599,70.4311553010046,4.5));
#12217=CARTESIAN_POINT('',(2.11510729082256,70.3349566055677,4.5));
#12218=CARTESIAN_POINT('',(3.21537579829599,70.4311553010046,5.));
#12219=CARTESIAN_POINT('',(2.11510729082256,70.3349566055677,5.));
#12220=CARTESIAN_POINT('',(3.21537579829599,70.4311553010046,4.5));
#12221=CARTESIAN_POINT('Ctrl Pts',(3.4092411254883,69.685053999787,4.5));
#12222=CARTESIAN_POINT('Ctrl Pts',(3.4092411254883,69.685053999787,5.));
#12223=CARTESIAN_POINT('Ctrl Pts',(3.32899927264374,69.8041496781252,4.5));
#12224=CARTESIAN_POINT('Ctrl Pts',(3.32899927264374,69.8041496781252,5.));
#12225=CARTESIAN_POINT('Ctrl Pts',(3.26996235938479,69.9692726274653,4.5));
#12226=CARTESIAN_POINT('Ctrl Pts',(3.26996235938479,69.9692726274653,5.));
#12227=CARTESIAN_POINT('Ctrl Pts',(3.24383782891458,70.1903246178794,4.5));
#12228=CARTESIAN_POINT('Ctrl Pts',(3.24383782891458,70.1903246178794,5.));
#12229=CARTESIAN_POINT('Ctrl Pts',(3.23435048537505,70.2706015122544,4.5));
#12230=CARTESIAN_POINT('Ctrl Pts',(3.23435048537505,70.2706015122544,5.));
#12231=CARTESIAN_POINT('Ctrl Pts',(3.22486314183553,70.3508784066295,4.5));
#12232=CARTESIAN_POINT('Ctrl Pts',(3.22486314183553,70.3508784066295,5.));
#12233=CARTESIAN_POINT('Ctrl Pts',(3.215375798296,70.4311553010045,4.5));
#12234=CARTESIAN_POINT('Ctrl Pts',(3.215375798296,70.4311553010045,5.));
#12235=CARTESIAN_POINT('',(3.40924128595288,69.6850537616237,4.5));
#12236=CARTESIAN_POINT('Ctrl Pts',(3.215375798296,70.4311553010045,4.5));
#12237=CARTESIAN_POINT('Ctrl Pts',(3.22486314183553,70.3508784066294,4.5));
#12238=CARTESIAN_POINT('Ctrl Pts',(3.23435048537505,70.2706015122544,4.5));
#12239=CARTESIAN_POINT('Ctrl Pts',(3.24383782891458,70.1903246178794,4.5));
#12240=CARTESIAN_POINT('Ctrl Pts',(3.26996235938479,69.9692726274653,4.5));
#12241=CARTESIAN_POINT('Ctrl Pts',(3.32899927264374,69.8041496781252,4.5));
#12242=CARTESIAN_POINT('Ctrl Pts',(3.4092411254883,69.685053999787,4.5));
#12243=CARTESIAN_POINT('',(3.40924128595288,69.6850537616237,5.));
#12244=CARTESIAN_POINT('Ctrl Pts',(3.4092411254883,69.685053999787,5.));
#12245=CARTESIAN_POINT('Ctrl Pts',(3.32899927264374,69.8041496781252,5.));
#12246=CARTESIAN_POINT('Ctrl Pts',(3.26996235938479,69.9692726274653,5.));
#12247=CARTESIAN_POINT('Ctrl Pts',(3.24383782891458,70.1903246178794,5.));
#12248=CARTESIAN_POINT('Ctrl Pts',(3.23435048537505,70.2706015122544,5.));
#12249=CARTESIAN_POINT('Ctrl Pts',(3.22486314183553,70.3508784066294,5.));
#12250=CARTESIAN_POINT('Ctrl Pts',(3.215375798296,70.4311553010045,5.));
#12251=CARTESIAN_POINT('',(3.40924128595288,69.6850537616237,4.5));
#12252=CARTESIAN_POINT('Ctrl Pts',(3.80470259420855,69.3857980940549,4.5));
#12253=CARTESIAN_POINT('Ctrl Pts',(3.80470259420855,69.3857980940549,5.));
#12254=CARTESIAN_POINT('Ctrl Pts',(3.60935103806991,69.4707762428842,4.5));
#12255=CARTESIAN_POINT('Ctrl Pts',(3.60935103806991,69.4707762428842,5.));
#12256=CARTESIAN_POINT('Ctrl Pts',(3.48513231278315,69.5724153390977,4.5));
#12257=CARTESIAN_POINT('Ctrl Pts',(3.48513231278315,69.5724153390977,5.));
#12258=CARTESIAN_POINT('Ctrl Pts',(3.40924128595288,69.6850537616237,4.5));
#12259=CARTESIAN_POINT('Ctrl Pts',(3.40924128595288,69.6850537616237,5.));
#12260=CARTESIAN_POINT('',(3.80470259420883,69.3857980940555,4.5));
#12261=CARTESIAN_POINT('Ctrl Pts',(3.40924128595288,69.6850537616237,4.5));
#12262=CARTESIAN_POINT('Ctrl Pts',(3.48513231278315,69.5724153390977,4.5));
#12263=CARTESIAN_POINT('Ctrl Pts',(3.60935103806991,69.4707762428842,4.5));
#12264=CARTESIAN_POINT('Ctrl Pts',(3.80470259420855,69.3857980940549,4.5));
#12265=CARTESIAN_POINT('',(3.80470259420883,69.3857980940555,5.));
#12266=CARTESIAN_POINT('Ctrl Pts',(3.80470259420855,69.3857980940549,5.));
#12267=CARTESIAN_POINT('Ctrl Pts',(3.60935103806991,69.4707762428842,5.));
#12268=CARTESIAN_POINT('Ctrl Pts',(3.48513231278315,69.5724153390977,5.));
#12269=CARTESIAN_POINT('Ctrl Pts',(3.40924128595288,69.6850537616237,5.));
#12270=CARTESIAN_POINT('',(3.80470259420883,69.3857980940555,4.5));
#12271=CARTESIAN_POINT('Ctrl Pts',(4.47237323969603,69.2581863850355,4.5));
#12272=CARTESIAN_POINT('Ctrl Pts',(4.47237323969603,69.2581863850355,5.));
#12273=CARTESIAN_POINT('Ctrl Pts',(4.21715319840635,69.2581863850355,4.5));
#12274=CARTESIAN_POINT('Ctrl Pts',(4.21715319840635,69.2581863850355,5.));
#12275=CARTESIAN_POINT('Ctrl Pts',(3.99713901730328,69.3020886016301,4.5));
#12276=CARTESIAN_POINT('Ctrl Pts',(3.99713901730328,69.3020886016301,5.));
#12277=CARTESIAN_POINT('Ctrl Pts',(3.80470259420885,69.3857980940555,4.5));
#12278=CARTESIAN_POINT('Ctrl Pts',(3.80470259420885,69.3857980940555,5.));
#12279=CARTESIAN_POINT('',(4.47237323969603,69.2581863850355,4.5));
#12280=CARTESIAN_POINT('Ctrl Pts',(3.80470259420887,69.3857980940555,4.5));
#12281=CARTESIAN_POINT('Ctrl Pts',(3.99713901730329,69.3020886016301,4.5));
#12282=CARTESIAN_POINT('Ctrl Pts',(4.21715319840636,69.2581863850355,4.5));
#12283=CARTESIAN_POINT('Ctrl Pts',(4.47237323969603,69.2581863850355,4.5));
#12284=CARTESIAN_POINT('',(4.47237323969603,69.2581863850355,5.));
#12285=CARTESIAN_POINT('Ctrl Pts',(4.47237323969603,69.2581863850355,5.));
#12286=CARTESIAN_POINT('Ctrl Pts',(4.21715319840636,69.2581863850355,5.));
#12287=CARTESIAN_POINT('Ctrl Pts',(3.99713901730329,69.3020886016301,5.));
#12288=CARTESIAN_POINT('Ctrl Pts',(3.80470259420887,69.3857980940555,5.));
#12289=CARTESIAN_POINT('',(4.47237323969603,69.2581863850355,4.5));
#12290=CARTESIAN_POINT('Ctrl Pts',(5.05037980562336,69.3537898417535,4.5));
#12291=CARTESIAN_POINT('Ctrl Pts',(5.05037980562336,69.3537898417535,5.));
#12292=CARTESIAN_POINT('Ctrl Pts',(4.89133694845336,69.2920438259457,4.5));
#12293=CARTESIAN_POINT('Ctrl Pts',(4.89133694845336,69.2920438259457,5.));
#12294=CARTESIAN_POINT('Ctrl Pts',(4.6999864994083,69.2581863850355,4.5));
#12295=CARTESIAN_POINT('Ctrl Pts',(4.6999864994083,69.2581863850355,5.));
#12296=CARTESIAN_POINT('Ctrl Pts',(4.47237323969603,69.2581863850355,4.5));
#12297=CARTESIAN_POINT('Ctrl Pts',(4.47237323969603,69.2581863850355,5.));
#12298=CARTESIAN_POINT('',(5.05037980562335,69.3537898417535,4.5));
#12299=CARTESIAN_POINT('Ctrl Pts',(4.47237323969603,69.2581863850355,4.5));
#12300=CARTESIAN_POINT('Ctrl Pts',(4.6999864994083,69.2581863850355,4.5));
#12301=CARTESIAN_POINT('Ctrl Pts',(4.89133694845336,69.2920438259457,4.5));
#12302=CARTESIAN_POINT('Ctrl Pts',(5.05037980562336,69.3537898417535,4.5));
#12303=CARTESIAN_POINT('',(5.05037980562335,69.3537898417535,5.));
#12304=CARTESIAN_POINT('Ctrl Pts',(5.05037980562336,69.3537898417535,5.));
#12305=CARTESIAN_POINT('Ctrl Pts',(4.89133694845336,69.2920438259457,5.));
#12306=CARTESIAN_POINT('Ctrl Pts',(4.6999864994083,69.2581863850355,5.));
#12307=CARTESIAN_POINT('Ctrl Pts',(4.47237323969603,69.2581863850355,5.));
#12308=CARTESIAN_POINT('',(5.05037980562335,69.3537898417535,4.5));
#12309=CARTESIAN_POINT('Ctrl Pts',(5.36958905770171,69.5757086259058,4.5));
#12310=CARTESIAN_POINT('Ctrl Pts',(5.36958905770171,69.5757086259058,5.));
#12311=CARTESIAN_POINT('Ctrl Pts',(5.30934792494048,69.4922418800328,4.5));
#12312=CARTESIAN_POINT('Ctrl Pts',(5.30934792494048,69.4922418800328,5.));
#12313=CARTESIAN_POINT('Ctrl Pts',(5.21077850119801,69.4160623304107,4.5));
#12314=CARTESIAN_POINT('Ctrl Pts',(5.21077850119801,69.4160623304107,5.));
#12315=CARTESIAN_POINT('Ctrl Pts',(5.05037980562335,69.3537898417535,4.5));
#12316=CARTESIAN_POINT('Ctrl Pts',(5.05037980562335,69.3537898417535,5.));
#12317=CARTESIAN_POINT('',(5.36958905770171,69.5757086259058,4.5));
#12318=CARTESIAN_POINT('Ctrl Pts',(5.05037980562334,69.3537898417535,4.5));
#12319=CARTESIAN_POINT('Ctrl Pts',(5.210778501198,69.4160623304107,4.5));
#12320=CARTESIAN_POINT('Ctrl Pts',(5.30934792494048,69.4922418800328,4.5));
#12321=CARTESIAN_POINT('Ctrl Pts',(5.36958905770171,69.5757086259058,4.5));
#12322=CARTESIAN_POINT('',(5.36958905770171,69.5757086259058,5.));
#12323=CARTESIAN_POINT('Ctrl Pts',(5.36958905770171,69.5757086259058,5.));
#12324=CARTESIAN_POINT('Ctrl Pts',(5.30934792494048,69.4922418800328,5.));
#12325=CARTESIAN_POINT('Ctrl Pts',(5.210778501198,69.4160623304107,5.));
#12326=CARTESIAN_POINT('Ctrl Pts',(5.05037980562334,69.3537898417535,5.));
#12327=CARTESIAN_POINT('',(5.36958905770171,69.5757086259058,4.5));
#12328=CARTESIAN_POINT('Ctrl Pts',(5.46384679526091,69.8574357479811,4.5));
#12329=CARTESIAN_POINT('Ctrl Pts',(5.46384679526091,69.8574357479811,5.));
#12330=CARTESIAN_POINT('Ctrl Pts',(5.46384679526091,69.7536778922118,4.5));
#12331=CARTESIAN_POINT('Ctrl Pts',(5.46384679526091,69.7536778922118,5.));
#12332=CARTESIAN_POINT('Ctrl Pts',(5.43658055252044,69.6685282960779,4.5));
#12333=CARTESIAN_POINT('Ctrl Pts',(5.43658055252044,69.6685282960779,5.));
#12334=CARTESIAN_POINT('Ctrl Pts',(5.36958905770171,69.5757086259058,4.5));
#12335=CARTESIAN_POINT('Ctrl Pts',(5.36958905770171,69.5757086259058,5.));
#12336=CARTESIAN_POINT('',(5.46384679526091,69.8574357479811,4.5));
#12337=CARTESIAN_POINT('Ctrl Pts',(5.36958905770171,69.5757086259058,4.5));
#12338=CARTESIAN_POINT('Ctrl Pts',(5.43658055252044,69.6685282960779,4.5));
#12339=CARTESIAN_POINT('Ctrl Pts',(5.46384679526091,69.7536778922118,4.5));
#12340=CARTESIAN_POINT('Ctrl Pts',(5.46384679526091,69.8574357479811,4.5));
#12341=CARTESIAN_POINT('',(5.46384679526091,69.8574357479811,5.));
#12342=CARTESIAN_POINT('Ctrl Pts',(5.46384679526091,69.8574357479811,5.));
#12343=CARTESIAN_POINT('Ctrl Pts',(5.46384679526091,69.7536778922118,5.));
#12344=CARTESIAN_POINT('Ctrl Pts',(5.43658055252044,69.6685282960779,5.));
#12345=CARTESIAN_POINT('Ctrl Pts',(5.36958905770171,69.5757086259058,5.));
#12346=CARTESIAN_POINT('',(5.46384679526091,69.8574357479811,4.5));
#12347=CARTESIAN_POINT('Ctrl Pts',(5.37998011023927,70.1150656598147,4.5));
#12348=CARTESIAN_POINT('Ctrl Pts',(5.37998011023927,70.1150656598147,5.));
#12349=CARTESIAN_POINT('Ctrl Pts',(5.43775159513546,70.0406849108716,4.5));
#12350=CARTESIAN_POINT('Ctrl Pts',(5.43775159513546,70.0406849108716,5.));
#12351=CARTESIAN_POINT('Ctrl Pts',(5.46384679526091,69.9660164603489,4.5));
#12352=CARTESIAN_POINT('Ctrl Pts',(5.46384679526091,69.9660164603489,5.));
#12353=CARTESIAN_POINT('Ctrl Pts',(5.46384679526091,69.8574357479811,4.5));
#12354=CARTESIAN_POINT('Ctrl Pts',(5.46384679526091,69.8574357479811,5.));
#12355=CARTESIAN_POINT('',(5.37998011023927,70.1150656598147,4.5));
#12356=CARTESIAN_POINT('Ctrl Pts',(5.46384679526091,69.8574357479811,4.5));
#12357=CARTESIAN_POINT('Ctrl Pts',(5.46384679526091,69.9660164603489,4.5));
#12358=CARTESIAN_POINT('Ctrl Pts',(5.43775159513546,70.0406849108716,4.5));
#12359=CARTESIAN_POINT('Ctrl Pts',(5.37998011023927,70.1150656598147,4.5));
#12360=CARTESIAN_POINT('',(5.37998011023927,70.1150656598147,5.));
#12361=CARTESIAN_POINT('Ctrl Pts',(5.37998011023927,70.1150656598147,5.));
#12362=CARTESIAN_POINT('Ctrl Pts',(5.43775159513546,70.0406849108716,5.));
#12363=CARTESIAN_POINT('Ctrl Pts',(5.46384679526091,69.9660164603489,5.));
#12364=CARTESIAN_POINT('Ctrl Pts',(5.46384679526091,69.8574357479811,5.));
#12365=CARTESIAN_POINT('',(5.37998011023927,70.1150656598147,4.5));
#12366=CARTESIAN_POINT('Ctrl Pts',(5.03736762254778,70.3301399584282,4.5));
#12367=CARTESIAN_POINT('Ctrl Pts',(5.03736762254778,70.3301399584282,5.));
#12368=CARTESIAN_POINT('Ctrl Pts',(5.03768621713673,70.3300187538466,4.5));
#12369=CARTESIAN_POINT('Ctrl Pts',(5.03768621713673,70.3300187538466,5.));
#12370=CARTESIAN_POINT('Ctrl Pts',(5.03800481172565,70.329897549265,4.5));
#12371=CARTESIAN_POINT('Ctrl Pts',(5.03800481172565,70.329897549265,5.));
#12372=CARTESIAN_POINT('Ctrl Pts',(5.03832340631459,70.3297763446834,4.5));
#12373=CARTESIAN_POINT('Ctrl Pts',(5.03832340631459,70.3297763446834,5.));
#12374=CARTESIAN_POINT('Ctrl Pts',(5.22067624021358,70.2604029161885,4.5));
#12375=CARTESIAN_POINT('Ctrl Pts',(5.22067624021358,70.2604029161885,5.));
#12376=CARTESIAN_POINT('Ctrl Pts',(5.32915685247288,70.1805005708817,4.5));
#12377=CARTESIAN_POINT('Ctrl Pts',(5.32915685247288,70.1805005708817,5.));
#12378=CARTESIAN_POINT('Ctrl Pts',(5.37998011023927,70.1150656598147,4.5));
#12379=CARTESIAN_POINT('Ctrl Pts',(5.37998011023927,70.1150656598147,5.));
#12380=CARTESIAN_POINT('',(5.03736762254134,70.3301399584113,4.5));
#12381=CARTESIAN_POINT('Ctrl Pts',(5.37998011023927,70.1150656598147,4.5));
#12382=CARTESIAN_POINT('Ctrl Pts',(5.32915685247288,70.1805005708817,4.5));
#12383=CARTESIAN_POINT('Ctrl Pts',(5.22067624021358,70.2604029161885,4.5));
#12384=CARTESIAN_POINT('Ctrl Pts',(5.03832340631459,70.3297763446834,4.5));
#12385=CARTESIAN_POINT('Ctrl Pts',(5.03800481172566,70.329897549265,4.5));
#12386=CARTESIAN_POINT('Ctrl Pts',(5.03768621713676,70.3300187538466,4.5));
#12387=CARTESIAN_POINT('Ctrl Pts',(5.03736762254782,70.3301399584281,4.5));
#12388=CARTESIAN_POINT('',(5.03736762254134,70.3301399584113,5.));
#12389=CARTESIAN_POINT('Ctrl Pts',(5.03736762254782,70.3301399584281,5.));
#12390=CARTESIAN_POINT('Ctrl Pts',(5.03768621713676,70.3300187538466,5.));
#12391=CARTESIAN_POINT('Ctrl Pts',(5.03800481172566,70.329897549265,5.));
#12392=CARTESIAN_POINT('Ctrl Pts',(5.03832340631459,70.3297763446834,5.));
#12393=CARTESIAN_POINT('Ctrl Pts',(5.22067624021358,70.2604029161885,5.));
#12394=CARTESIAN_POINT('Ctrl Pts',(5.32915685247288,70.1805005708817,5.));
#12395=CARTESIAN_POINT('Ctrl Pts',(5.37998011023927,70.1150656598147,5.));
#12396=CARTESIAN_POINT('',(5.03736762254134,70.3301399584113,4.5));
#12397=CARTESIAN_POINT('Ctrl Pts',(4.17867326159575,70.5642075673256,4.5));
#12398=CARTESIAN_POINT('Ctrl Pts',(4.17867326159575,70.5642075673256,5.));
#12399=CARTESIAN_POINT('Ctrl Pts',(4.63462257577793,70.454734699735,4.5));
#12400=CARTESIAN_POINT('Ctrl Pts',(4.63462257577793,70.454734699735,5.));
#12401=CARTESIAN_POINT('Ctrl Pts',(4.93681477459813,70.36933842529,4.5));
#12402=CARTESIAN_POINT('Ctrl Pts',(4.93681477459813,70.36933842529,5.));
#12403=CARTESIAN_POINT('Ctrl Pts',(5.03641484129741,70.3305113806514,4.5));
#12404=CARTESIAN_POINT('Ctrl Pts',(5.03641484129741,70.3305113806514,5.));
#12405=CARTESIAN_POINT('Ctrl Pts',(5.03673243504529,70.3303875732381,4.5));
#12406=CARTESIAN_POINT('Ctrl Pts',(5.03673243504529,70.3303875732381,5.));
#12407=CARTESIAN_POINT('Ctrl Pts',(5.03705002879346,70.3302637658247,4.5));
#12408=CARTESIAN_POINT('Ctrl Pts',(5.03705002879346,70.3302637658247,5.));
#12409=CARTESIAN_POINT('Ctrl Pts',(5.03736762254134,70.3301399584113,4.5));
#12410=CARTESIAN_POINT('Ctrl Pts',(5.03736762254134,70.3301399584113,5.));
#12411=CARTESIAN_POINT('',(4.17867303887619,70.5642076208004,4.5));
#12412=CARTESIAN_POINT('Ctrl Pts',(5.03736762254163,70.3301399584112,4.5));
#12413=CARTESIAN_POINT('Ctrl Pts',(5.03705002879365,70.3302637658246,4.5));
#12414=CARTESIAN_POINT('Ctrl Pts',(5.03673243504539,70.3303875732381,4.5));
#12415=CARTESIAN_POINT('Ctrl Pts',(5.03641484129741,70.3305113806514,4.5));
#12416=CARTESIAN_POINT('Ctrl Pts',(4.93681477459813,70.36933842529,4.5));
#12417=CARTESIAN_POINT('Ctrl Pts',(4.63462257577793,70.454734699735,4.5));
#12418=CARTESIAN_POINT('Ctrl Pts',(4.17867326159575,70.5642075673256,4.5));
#12419=CARTESIAN_POINT('',(4.17867303887619,70.5642076208004,5.));
#12420=CARTESIAN_POINT('Ctrl Pts',(4.17867326159575,70.5642075673256,5.));
#12421=CARTESIAN_POINT('Ctrl Pts',(4.63462257577793,70.454734699735,5.));
#12422=CARTESIAN_POINT('Ctrl Pts',(4.93681477459813,70.36933842529,5.));
#12423=CARTESIAN_POINT('Ctrl Pts',(5.03641484129741,70.3305113806514,5.));
#12424=CARTESIAN_POINT('Ctrl Pts',(5.03673243504539,70.3303875732381,5.));
#12425=CARTESIAN_POINT('Ctrl Pts',(5.03705002879365,70.3302637658246,5.));
#12426=CARTESIAN_POINT('Ctrl Pts',(5.03736762254163,70.3301399584112,5.));
#12427=CARTESIAN_POINT('',(4.17867303887619,70.5642076208004,4.5));
#12428=CARTESIAN_POINT('Ctrl Pts',(3.15582453746815,70.8979127718708,4.5));
#12429=CARTESIAN_POINT('Ctrl Pts',(3.15582453746815,70.8979127718708,5.));
#12430=CARTESIAN_POINT('Ctrl Pts',(3.38161801564966,70.7783405315761,4.5));
#12431=CARTESIAN_POINT('Ctrl Pts',(3.38161801564966,70.7783405315761,5.));
#12432=CARTESIAN_POINT('Ctrl Pts',(3.71128265400225,70.6764279282508,4.5));
#12433=CARTESIAN_POINT('Ctrl Pts',(3.71128265400225,70.6764279282508,5.));
#12434=CARTESIAN_POINT('Ctrl Pts',(4.17867303887619,70.5642076208004,4.5));
#12435=CARTESIAN_POINT('Ctrl Pts',(4.17867303887619,70.5642076208004,5.));
#12436=CARTESIAN_POINT('',(3.15582599197992,70.8979155184888,4.5));
#12437=CARTESIAN_POINT('Ctrl Pts',(4.17867303887619,70.5642076208004,4.5));
#12438=CARTESIAN_POINT('Ctrl Pts',(3.71128265400226,70.6764279282508,4.5));
#12439=CARTESIAN_POINT('Ctrl Pts',(3.38161801564968,70.7783405315761,4.5));
#12440=CARTESIAN_POINT('Ctrl Pts',(3.15582453746817,70.8979127718708,4.5));
#12441=CARTESIAN_POINT('',(3.15582599197992,70.8979155184888,5.));
#12442=CARTESIAN_POINT('Ctrl Pts',(3.15582453746817,70.8979127718708,5.));
#12443=CARTESIAN_POINT('Ctrl Pts',(3.38161801564968,70.7783405315761,5.));
#12444=CARTESIAN_POINT('Ctrl Pts',(3.71128265400226,70.6764279282508,5.));
#12445=CARTESIAN_POINT('Ctrl Pts',(4.17867303887619,70.5642076208004,5.));
#12446=CARTESIAN_POINT('',(3.15582599197992,70.8979155184888,4.5));
#12447=CARTESIAN_POINT('Ctrl Pts',(2.5267210379628,71.4513782448154,4.5));
#12448=CARTESIAN_POINT('Ctrl Pts',(2.5267210379628,71.4513782448154,5.));
#12449=CARTESIAN_POINT('Ctrl Pts',(2.67123959905458,71.2226748473906,4.5));
#12450=CARTESIAN_POINT('Ctrl Pts',(2.67123959905458,71.2226748473906,5.));
#12451=CARTESIAN_POINT('Ctrl Pts',(2.88700189287972,71.0387282483575,4.5));
#12452=CARTESIAN_POINT('Ctrl Pts',(2.88700189287972,71.0387282483575,5.));
#12453=CARTESIAN_POINT('Ctrl Pts',(3.15582599197992,70.8979155184888,4.5));
#12454=CARTESIAN_POINT('Ctrl Pts',(3.15582599197992,70.8979155184888,5.));
#12455=CARTESIAN_POINT('',(2.52672076865427,71.4513786710022,4.5));
#12456=CARTESIAN_POINT('Ctrl Pts',(3.15582599197992,70.8979155184888,4.5));
#12457=CARTESIAN_POINT('Ctrl Pts',(2.88700189287972,71.0387282483575,4.5));
#12458=CARTESIAN_POINT('Ctrl Pts',(2.67123959905458,71.2226748473906,4.5));
#12459=CARTESIAN_POINT('Ctrl Pts',(2.5267210379628,71.4513782448154,4.5));
#12460=CARTESIAN_POINT('',(2.52672076865427,71.4513786710022,5.));
#12461=CARTESIAN_POINT('Ctrl Pts',(2.5267210379628,71.4513782448154,5.));
#12462=CARTESIAN_POINT('Ctrl Pts',(2.67123959905458,71.2226748473906,5.));
#12463=CARTESIAN_POINT('Ctrl Pts',(2.88700189287972,71.0387282483575,5.));
#12464=CARTESIAN_POINT('Ctrl Pts',(3.15582599197992,70.8979155184888,5.));
#12465=CARTESIAN_POINT('',(2.52672076865427,71.4513786710022,4.5));
#12466=CARTESIAN_POINT('Ctrl Pts',(2.31241451948881,72.207367643714,4.5));
#12467=CARTESIAN_POINT('Ctrl Pts',(2.31241451948881,72.207367643714,5.));
#12468=CARTESIAN_POINT('Ctrl Pts',(2.31241451948881,71.9352260412126,4.5));
#12469=CARTESIAN_POINT('Ctrl Pts',(2.31241451948881,71.9352260412126,5.));
#12470=CARTESIAN_POINT('Ctrl Pts',(2.38470989578704,71.6761146072397,4.5));
#12471=CARTESIAN_POINT('Ctrl Pts',(2.38470989578704,71.6761146072397,5.));
#12472=CARTESIAN_POINT('Ctrl Pts',(2.52672076865427,71.4513786710022,4.5));
#12473=CARTESIAN_POINT('Ctrl Pts',(2.52672076865427,71.4513786710022,5.));
#12474=CARTESIAN_POINT('',(2.31241451948881,72.207367643714,4.5));
#12475=CARTESIAN_POINT('Ctrl Pts',(2.52672076865427,71.4513786710022,4.5));
#12476=CARTESIAN_POINT('Ctrl Pts',(2.38470989578704,71.6761146072397,4.5));
#12477=CARTESIAN_POINT('Ctrl Pts',(2.31241451948881,71.9352260412126,4.5));
#12478=CARTESIAN_POINT('Ctrl Pts',(2.31241451948881,72.207367643714,4.5));
#12479=CARTESIAN_POINT('',(2.31241451948881,72.207367643714,5.));
#12480=CARTESIAN_POINT('Ctrl Pts',(2.31241451948881,72.207367643714,5.));
#12481=CARTESIAN_POINT('Ctrl Pts',(2.31241451948881,71.9352260412126,5.));
#12482=CARTESIAN_POINT('Ctrl Pts',(2.38470989578704,71.6761146072397,5.));
#12483=CARTESIAN_POINT('Ctrl Pts',(2.52672076865427,71.4513786710022,5.));
#12484=CARTESIAN_POINT('',(2.31241451948881,72.207367643714,4.5));
#12485=CARTESIAN_POINT('Ctrl Pts',(2.56794684016841,73.0517417389326,4.5));
#12486=CARTESIAN_POINT('Ctrl Pts',(2.56794684016841,73.0517417389326,5.));
#12487=CARTESIAN_POINT('Ctrl Pts',(2.40071367554466,72.7955827504432,4.5));
#12488=CARTESIAN_POINT('Ctrl Pts',(2.40071367554466,72.7955827504432,5.));
#12489=CARTESIAN_POINT('Ctrl Pts',(2.31241451948881,72.5070522624342,4.5));
#12490=CARTESIAN_POINT('Ctrl Pts',(2.31241451948881,72.5070522624342,5.));
#12491=CARTESIAN_POINT('Ctrl Pts',(2.31241451948881,72.207367643714,4.5));
#12492=CARTESIAN_POINT('Ctrl Pts',(2.31241451948881,72.207367643714,5.));
#12493=CARTESIAN_POINT('',(2.56794689681536,73.0517418257014,4.5));
#12494=CARTESIAN_POINT('Ctrl Pts',(2.31241451948881,72.207367643714,4.5));
#12495=CARTESIAN_POINT('Ctrl Pts',(2.31241451948881,72.5070522624342,4.5));
#12496=CARTESIAN_POINT('Ctrl Pts',(2.40071367554466,72.7955827504432,4.5));
#12497=CARTESIAN_POINT('Ctrl Pts',(2.56794684016841,73.0517417389326,4.5));
#12498=CARTESIAN_POINT('',(2.56794689681536,73.0517418257014,5.));
#12499=CARTESIAN_POINT('Ctrl Pts',(2.56794684016841,73.0517417389326,5.));
#12500=CARTESIAN_POINT('Ctrl Pts',(2.40071367554466,72.7955827504432,5.));
#12501=CARTESIAN_POINT('Ctrl Pts',(2.31241451948881,72.5070522624342,5.));
#12502=CARTESIAN_POINT('Ctrl Pts',(2.31241451948881,72.207367643714,5.));
#12503=CARTESIAN_POINT('',(2.56794689681536,73.0517418257014,4.5));
#12504=CARTESIAN_POINT('Ctrl Pts',(3.3093671916655,73.6457852192536,4.5));
#12505=CARTESIAN_POINT('Ctrl Pts',(3.3093671916655,73.6457852192536,5.));
#12506=CARTESIAN_POINT('Ctrl Pts',(2.99593137071678,73.5162662269873,4.5));
#12507=CARTESIAN_POINT('Ctrl Pts',(2.99593137071678,73.5162662269873,5.));
#12508=CARTESIAN_POINT('Ctrl Pts',(2.74044011139421,73.3159576435223,4.5));
#12509=CARTESIAN_POINT('Ctrl Pts',(2.74044011139421,73.3159576435223,5.));
#12510=CARTESIAN_POINT('Ctrl Pts',(2.56794689681536,73.0517418257014,4.5));
#12511=CARTESIAN_POINT('Ctrl Pts',(2.56794689681536,73.0517418257014,5.));
#12512=CARTESIAN_POINT('',(3.30936733418379,73.6457852781455,4.5));
#12513=CARTESIAN_POINT('Ctrl Pts',(2.56794689681536,73.0517418257014,4.5));
#12514=CARTESIAN_POINT('Ctrl Pts',(2.74044011139421,73.3159576435223,4.5));
#12515=CARTESIAN_POINT('Ctrl Pts',(2.99593137071678,73.5162662269873,4.5));
#12516=CARTESIAN_POINT('Ctrl Pts',(3.3093671916655,73.6457852192536,4.5));
#12517=CARTESIAN_POINT('',(3.30936733418379,73.6457852781455,5.));
#12518=CARTESIAN_POINT('Ctrl Pts',(3.3093671916655,73.6457852192536,5.));
#12519=CARTESIAN_POINT('Ctrl Pts',(2.99593137071678,73.5162662269873,5.));
#12520=CARTESIAN_POINT('Ctrl Pts',(2.74044011139421,73.3159576435223,5.));
#12521=CARTESIAN_POINT('Ctrl Pts',(2.56794689681536,73.0517418257014,5.));
#12522=CARTESIAN_POINT('',(3.30936733418379,73.6457852781455,4.5));
#12523=CARTESIAN_POINT('Ctrl Pts',(4.32230543345213,73.8352663964033,4.5));
#12524=CARTESIAN_POINT('Ctrl Pts',(4.32230543345213,73.8352663964033,5.));
#12525=CARTESIAN_POINT('Ctrl Pts',(3.95763562198991,73.8352663964033,4.5));
#12526=CARTESIAN_POINT('Ctrl Pts',(3.95763562198991,73.8352663964033,5.));
#12527=CARTESIAN_POINT('Ctrl Pts',(3.6177416514331,73.773212516328,4.5));
#12528=CARTESIAN_POINT('Ctrl Pts',(3.6177416514331,73.773212516328,5.));
#12529=CARTESIAN_POINT('Ctrl Pts',(3.30936733418379,73.6457852781455,4.5));
#12530=CARTESIAN_POINT('Ctrl Pts',(3.30936733418379,73.6457852781455,5.));
#12531=CARTESIAN_POINT('',(4.32230543345213,73.8352663964033,4.5));
#12532=CARTESIAN_POINT('Ctrl Pts',(3.30936733418379,73.6457852781455,4.5));
#12533=CARTESIAN_POINT('Ctrl Pts',(3.6177416514331,73.773212516328,4.5));
#12534=CARTESIAN_POINT('Ctrl Pts',(3.95763562198991,73.8352663964033,4.5));
#12535=CARTESIAN_POINT('Ctrl Pts',(4.32230543345213,73.8352663964033,4.5));
#12536=CARTESIAN_POINT('',(4.32230543345213,73.8352663964033,5.));
#12537=CARTESIAN_POINT('Ctrl Pts',(4.32230543345213,73.8352663964033,5.));
#12538=CARTESIAN_POINT('Ctrl Pts',(3.95763562198991,73.8352663964033,5.));
#12539=CARTESIAN_POINT('Ctrl Pts',(3.6177416514331,73.773212516328,5.));
#12540=CARTESIAN_POINT('Ctrl Pts',(3.30936733418379,73.6457852781455,5.));
#12541=CARTESIAN_POINT('',(4.32230543345213,73.8352663964033,4.5));
#12542=CARTESIAN_POINT('Ctrl Pts',(5.40000274162076,73.6365643508417,4.5));
#12543=CARTESIAN_POINT('Ctrl Pts',(5.40000274162076,73.6365643508417,5.));
#12544=CARTESIAN_POINT('Ctrl Pts',(5.08092739225553,73.7711142050539,4.5));
#12545=CARTESIAN_POINT('Ctrl Pts',(5.08092739225553,73.7711142050539,5.));
#12546=CARTESIAN_POINT('Ctrl Pts',(4.71976879974849,73.8352663964033,4.5));
#12547=CARTESIAN_POINT('Ctrl Pts',(4.71976879974849,73.8352663964033,5.));
#12548=CARTESIAN_POINT('Ctrl Pts',(4.32230543345213,73.8352663964033,4.5));
#12549=CARTESIAN_POINT('Ctrl Pts',(4.32230543345213,73.8352663964033,5.));
#12550=CARTESIAN_POINT('',(5.40000274162076,73.6365643508417,4.5));
#12551=CARTESIAN_POINT('Ctrl Pts',(4.32230543345213,73.8352663964033,4.5));
#12552=CARTESIAN_POINT('Ctrl Pts',(4.71976879974849,73.8352663964033,4.5));
#12553=CARTESIAN_POINT('Ctrl Pts',(5.08092739225553,73.7711142050539,4.5));
#12554=CARTESIAN_POINT('Ctrl Pts',(5.40000274162076,73.6365643508417,4.5));
#12555=CARTESIAN_POINT('',(5.40000274162076,73.6365643508417,5.));
#12556=CARTESIAN_POINT('Ctrl Pts',(5.40000274162076,73.6365643508417,5.));
#12557=CARTESIAN_POINT('Ctrl Pts',(5.08092739225553,73.7711142050539,5.));
#12558=CARTESIAN_POINT('Ctrl Pts',(4.71976879974849,73.8352663964033,5.));
#12559=CARTESIAN_POINT('Ctrl Pts',(4.32230543345213,73.8352663964033,5.));
#12560=CARTESIAN_POINT('',(5.40000274162076,73.6365643508417,4.5));
#12561=CARTESIAN_POINT('Ctrl Pts',(6.16495568682474,73.0165174691081,4.5));
#12562=CARTESIAN_POINT('Ctrl Pts',(6.16495568682474,73.0165174691081,5.));
#12563=CARTESIAN_POINT('Ctrl Pts',(5.98440789422683,73.2913807174836,4.5));
#12564=CARTESIAN_POINT('Ctrl Pts',(5.98440789422683,73.2913807174836,5.));
#12565=CARTESIAN_POINT('Ctrl Pts',(5.72170258087122,73.5009077839607,4.5));
#12566=CARTESIAN_POINT('Ctrl Pts',(5.72170258087122,73.5009077839607,5.));
#12567=CARTESIAN_POINT('Ctrl Pts',(5.40000274162076,73.6365643508417,4.5));
#12568=CARTESIAN_POINT('Ctrl Pts',(5.40000274162076,73.6365643508417,5.));
#12569=CARTESIAN_POINT('',(6.16495579715028,73.01651730115,4.5));
#12570=CARTESIAN_POINT('Ctrl Pts',(5.40000274162076,73.6365643508417,4.5));
#12571=CARTESIAN_POINT('Ctrl Pts',(5.72170258087122,73.5009077839607,4.5));
#12572=CARTESIAN_POINT('Ctrl Pts',(5.98440789422683,73.2913807174836,4.5));
#12573=CARTESIAN_POINT('Ctrl Pts',(6.16495568682474,73.0165174691081,4.5));
#12574=CARTESIAN_POINT('',(6.16495579715028,73.01651730115,5.));
#12575=CARTESIAN_POINT('Ctrl Pts',(6.16495568682474,73.0165174691081,5.));
#12576=CARTESIAN_POINT('Ctrl Pts',(5.98440789422683,73.2913807174836,5.));
#12577=CARTESIAN_POINT('Ctrl Pts',(5.72170258087122,73.5009077839607,5.));
#12578=CARTESIAN_POINT('Ctrl Pts',(5.40000274162076,73.6365643508417,5.));
#12579=CARTESIAN_POINT('',(6.16495579715028,73.01651730115,4.5));
#12580=CARTESIAN_POINT('Ctrl Pts',(6.46071811331843,71.8602042905559,4.5));
#12581=CARTESIAN_POINT('Ctrl Pts',(6.46071811331843,71.8602042905559,5.));
#12582=CARTESIAN_POINT('Ctrl Pts',(6.45760586548936,71.9404990009654,4.5));
#12583=CARTESIAN_POINT('Ctrl Pts',(6.45760586548936,71.9404990009654,5.));
#12584=CARTESIAN_POINT('Ctrl Pts',(6.45449361766028,72.0207937113749,4.5));
#12585=CARTESIAN_POINT('Ctrl Pts',(6.45449361766028,72.0207937113749,5.));
#12586=CARTESIAN_POINT('Ctrl Pts',(6.45138136983121,72.1010884217844,4.5));
#12587=CARTESIAN_POINT('Ctrl Pts',(6.45138136983121,72.1010884217844,5.));
#12588=CARTESIAN_POINT('Ctrl Pts',(6.4384373143093,72.4350397157486,4.5));
#12589=CARTESIAN_POINT('Ctrl Pts',(6.4384373143093,72.4350397157486,5.));
#12590=CARTESIAN_POINT('Ctrl Pts',(6.34228224837304,72.7465577016258,4.5));
#12591=CARTESIAN_POINT('Ctrl Pts',(6.34228224837304,72.7465577016258,5.));
#12592=CARTESIAN_POINT('Ctrl Pts',(6.16495579715028,73.01651730115,4.5));
#12593=CARTESIAN_POINT('Ctrl Pts',(6.16495579715028,73.01651730115,5.));
#12594=CARTESIAN_POINT('',(6.46071811331843,71.8602042905559,4.5));
#12595=CARTESIAN_POINT('Ctrl Pts',(6.16495579715028,73.01651730115,4.5));
#12596=CARTESIAN_POINT('Ctrl Pts',(6.34228224837304,72.7465577016258,4.5));
#12597=CARTESIAN_POINT('Ctrl Pts',(6.4384373143093,72.4350397157486,4.5));
#12598=CARTESIAN_POINT('Ctrl Pts',(6.45138136983121,72.1010884217844,4.5));
#12599=CARTESIAN_POINT('Ctrl Pts',(6.45449361766028,72.0207937113749,4.5));
#12600=CARTESIAN_POINT('Ctrl Pts',(6.45760586548936,71.9404990009654,4.5));
#12601=CARTESIAN_POINT('Ctrl Pts',(6.46071811331843,71.8602042905559,4.5));
#12602=CARTESIAN_POINT('',(6.46071811331843,71.8602042905559,5.));
#12603=CARTESIAN_POINT('Ctrl Pts',(6.46071811331843,71.8602042905559,5.));
#12604=CARTESIAN_POINT('Ctrl Pts',(6.45760586548936,71.9404990009654,5.));
#12605=CARTESIAN_POINT('Ctrl Pts',(6.45449361766028,72.0207937113749,5.));
#12606=CARTESIAN_POINT('Ctrl Pts',(6.45138136983121,72.1010884217844,5.));
#12607=CARTESIAN_POINT('Ctrl Pts',(6.4384373143093,72.4350397157486,5.));
#12608=CARTESIAN_POINT('Ctrl Pts',(6.34228224837304,72.7465577016258,5.));
#12609=CARTESIAN_POINT('Ctrl Pts',(6.16495579715028,73.01651730115,5.));
#12610=CARTESIAN_POINT('',(6.46071811331843,71.8602042905559,4.5));
#12611=CARTESIAN_POINT('Origin',(5.34460094023881,71.7761954767148,4.5));
#12612=CARTESIAN_POINT('',(6.46071811331843,71.8602042905559,4.5));
#12613=CARTESIAN_POINT('',(6.46071811331843,71.8602042905559,5.));
#12614=CARTESIAN_POINT('Origin',(4.35846926695957,70.9999384869213,5.));
#12615=CARTESIAN_POINT('Origin',(4.35846926695957,70.9999384869213,4.5));
#12616=CARTESIAN_POINT('Origin',(12.6169849559665,72.1221017092466,4.5));
#12617=CARTESIAN_POINT('',(12.6169849559665,72.1221017092466,4.5));
#12618=CARTESIAN_POINT('',(13.230900876224,72.1221017092466,4.5));
#12619=CARTESIAN_POINT('',(12.6169849559665,72.1221017092466,4.5));
#12620=CARTESIAN_POINT('',(13.230900876224,72.1221017092466,5.));
#12621=CARTESIAN_POINT('',(13.230900876224,72.1221017092466,4.5));
#12622=CARTESIAN_POINT('',(12.6169849559665,72.1221017092466,5.));
#12623=CARTESIAN_POINT('',(12.6169849559665,72.1221017092466,5.));
#12624=CARTESIAN_POINT('',(12.6169849559665,72.1221017092466,4.5));
#12625=CARTESIAN_POINT('Origin',(12.6169849559665,68.5000007599592,4.5));
#12626=CARTESIAN_POINT('',(12.6169849559665,68.5000007599592,4.5));
#12627=CARTESIAN_POINT('',(12.6169849559665,68.5000007599592,4.5));
#12628=CARTESIAN_POINT('',(12.6169849559665,68.5000007599592,5.));
#12629=CARTESIAN_POINT('',(12.6169849559665,68.5000007599592,5.));
#12630=CARTESIAN_POINT('',(12.6169849559665,68.5000007599592,4.5));
#12631=CARTESIAN_POINT('Origin',(13.230900876224,68.5000007599592,4.5));
#12632=CARTESIAN_POINT('',(13.230900876224,68.5000007599592,4.5));
#12633=CARTESIAN_POINT('',(13.230900876224,68.5000007599592,4.5));
#12634=CARTESIAN_POINT('',(13.230900876224,68.5000007599592,5.));
#12635=CARTESIAN_POINT('',(13.230900876224,68.5000007599592,5.));
#12636=CARTESIAN_POINT('',(13.230900876224,68.5000007599592,4.5));
#12637=CARTESIAN_POINT('Origin',(13.230900876224,72.1221017092466,4.5));
#12638=CARTESIAN_POINT('',(13.230900876224,72.1221017092466,4.5));
#12639=CARTESIAN_POINT('',(13.230900876224,72.1221017092466,5.));
#12640=CARTESIAN_POINT('Origin',(12.3669849559665,68.2500007599592,4.5));
#12641=CARTESIAN_POINT('',(13.480900876224,68.2500007599592,4.5));
#12642=CARTESIAN_POINT('',(12.3669849559665,68.2500007599592,4.5));
#12643=CARTESIAN_POINT('',(13.480900876224,68.2500007599592,4.5));
#12644=CARTESIAN_POINT('',(13.480900876224,68.2500007599592,5.));
#12645=CARTESIAN_POINT('',(13.480900876224,68.2500007599592,4.5));
#12646=CARTESIAN_POINT('',(12.3669849559665,68.2500007599592,5.));
#12647=CARTESIAN_POINT('',(13.480900876224,68.2500007599592,5.));
#12648=CARTESIAN_POINT('',(12.3669849559665,68.2500007599592,4.5));
#12649=CARTESIAN_POINT('Origin',(12.3669849559665,72.3721017092466,4.5));
#12650=CARTESIAN_POINT('',(12.3669849559665,72.3721017092466,4.5));
#12651=CARTESIAN_POINT('',(12.3669849559665,68.2500007599592,4.5));
#12652=CARTESIAN_POINT('',(12.3669849559665,72.3721017092466,5.));
#12653=CARTESIAN_POINT('',(12.3669849559665,68.2500007599592,5.));
#12654=CARTESIAN_POINT('',(12.3669849559665,72.3721017092466,4.5));
#12655=CARTESIAN_POINT('Origin',(13.480900876224,72.3721017092466,4.5));
#12656=CARTESIAN_POINT('',(13.480900876224,72.3721017092466,4.5));
#12657=CARTESIAN_POINT('',(12.3669849559665,72.3721017092466,4.5));
#12658=CARTESIAN_POINT('',(13.480900876224,72.3721017092466,5.));
#12659=CARTESIAN_POINT('',(12.3669849559665,72.3721017092466,5.));
#12660=CARTESIAN_POINT('',(13.480900876224,72.3721017092466,4.5));
#12661=CARTESIAN_POINT('Origin',(13.480900876224,68.2500007599592,4.5));
#12662=CARTESIAN_POINT('',(13.480900876224,72.3721017092466,4.5));
#12663=CARTESIAN_POINT('',(13.480900876224,72.3721017092466,5.));
#12664=CARTESIAN_POINT('Origin',(12.9239429160953,70.3110512346029,5.));
#12665=CARTESIAN_POINT('Origin',(12.9239429160953,70.3110512346029,4.5));
#12666=CARTESIAN_POINT('Ctrl Pts',(18.9062071964145,67.6166444271803,4.5));
#12667=CARTESIAN_POINT('Ctrl Pts',(18.9062071964145,67.6166444271803,5.));
#12668=CARTESIAN_POINT('Ctrl Pts',(18.7424958869815,67.313097640872,4.5));
#12669=CARTESIAN_POINT('Ctrl Pts',(18.7424958869815,67.313097640872,5.));
#12670=CARTESIAN_POINT('Ctrl Pts',(18.5310364887118,67.1715562790632,4.5));
#12671=CARTESIAN_POINT('Ctrl Pts',(18.5310364887118,67.1715562790632,5.));
#12672=CARTESIAN_POINT('',(18.9062071964145,67.6166444271803,4.5));
#12673=CARTESIAN_POINT('',(18.5310364887118,67.1715562790632,4.5));
#12674=CARTESIAN_POINT('Ctrl Pts',(18.9062071964145,67.6166444271803,4.5));
#12675=CARTESIAN_POINT('Ctrl Pts',(18.7424958869815,67.313097640872,4.5));
#12676=CARTESIAN_POINT('Ctrl Pts',(18.5310364887118,67.1715562790632,4.5));
#12677=CARTESIAN_POINT('',(18.5310364887118,67.1715562790632,5.));
#12678=CARTESIAN_POINT('',(18.5310364887118,67.1715562790632,4.5));
#12679=CARTESIAN_POINT('',(18.9062071964145,67.6166444271803,5.));
#12680=CARTESIAN_POINT('Ctrl Pts',(18.9062071964145,67.6166444271803,5.));
#12681=CARTESIAN_POINT('Ctrl Pts',(18.7424958869815,67.313097640872,5.));
#12682=CARTESIAN_POINT('Ctrl Pts',(18.5310364887118,67.1715562790632,5.));
#12683=CARTESIAN_POINT('',(18.9062071964145,67.6166444271803,4.5));
#12684=CARTESIAN_POINT('Ctrl Pts',(19.2506815120578,68.4386091679335,4.5));
#12685=CARTESIAN_POINT('Ctrl Pts',(19.2506815120578,68.4386091679335,5.));
#12686=CARTESIAN_POINT('Ctrl Pts',(19.028990380466,67.8417467325926,4.5));
#12687=CARTESIAN_POINT('Ctrl Pts',(19.028990380466,67.8417467325926,5.));
#12688=CARTESIAN_POINT('Ctrl Pts',(18.9062071964145,67.6166444271803,4.5));
#12689=CARTESIAN_POINT('Ctrl Pts',(18.9062071964145,67.6166444271803,5.));
#12690=CARTESIAN_POINT('',(19.2506815120578,68.4386091679335,4.5));
#12691=CARTESIAN_POINT('Ctrl Pts',(19.2506815120578,68.4386091679335,4.5));
#12692=CARTESIAN_POINT('Ctrl Pts',(19.028990380466,67.8417467325926,4.5));
#12693=CARTESIAN_POINT('Ctrl Pts',(18.9062071964145,67.6166444271803,4.5));
#12694=CARTESIAN_POINT('',(19.2506815120578,68.4386091679335,5.));
#12695=CARTESIAN_POINT('Ctrl Pts',(19.2506815120578,68.4386091679335,5.));
#12696=CARTESIAN_POINT('Ctrl Pts',(19.028990380466,67.8417467325926,5.));
#12697=CARTESIAN_POINT('Ctrl Pts',(18.9062071964145,67.6166444271803,5.));
#12698=CARTESIAN_POINT('',(19.2506815120578,68.4386091679335,4.5));
#12699=CARTESIAN_POINT('Origin',(20.6285799667239,72.1221017092466,4.5));
#12700=CARTESIAN_POINT('',(20.6285799667239,72.1221017092466,4.5));
#12701=CARTESIAN_POINT('',(20.6285799667239,72.1221017092466,4.5));
#12702=CARTESIAN_POINT('',(20.6285799667239,72.1221017092466,5.));
#12703=CARTESIAN_POINT('',(20.6285799667239,72.1221017092466,5.));
#12704=CARTESIAN_POINT('',(20.6285799667239,72.1221017092466,4.5));
#12705=CARTESIAN_POINT('Origin',(20.0146664306521,72.1221017092466,4.5));
#12706=CARTESIAN_POINT('',(20.0146664306521,72.1221017092466,4.5));
#12707=CARTESIAN_POINT('',(20.0146664306521,72.1221017092466,4.5));
#12708=CARTESIAN_POINT('',(20.0146664306521,72.1221017092466,5.));
#12709=CARTESIAN_POINT('',(20.0146664306521,72.1221017092466,5.));
#12710=CARTESIAN_POINT('',(20.0146664306521,72.1221017092466,4.5));
#12711=CARTESIAN_POINT('Origin',(19.2404497787356,70.0109147280455,4.5));
#12712=CARTESIAN_POINT('',(19.2404497787356,70.0109147280455,4.5));
#12713=CARTESIAN_POINT('',(19.2404497787356,70.0109147280455,4.5));
#12714=CARTESIAN_POINT('',(19.2404497787356,70.0109147280455,5.));
#12715=CARTESIAN_POINT('',(19.2404497787356,70.0109147280455,5.));
#12716=CARTESIAN_POINT('',(19.2404497787356,70.0109147280455,4.5));
#12717=CARTESIAN_POINT('Ctrl Pts',(18.9880622550845,69.1855394095182,4.5));
#12718=CARTESIAN_POINT('Ctrl Pts',(18.9880622550845,69.1855394095182,5.));
#12719=CARTESIAN_POINT('Ctrl Pts',(19.0937925502658,69.608458802104,4.5));
#12720=CARTESIAN_POINT('Ctrl Pts',(19.0937925502658,69.608458802104,5.));
#12721=CARTESIAN_POINT('Ctrl Pts',(19.2404497787356,70.0109147280455,4.5));
#12722=CARTESIAN_POINT('Ctrl Pts',(19.2404497787356,70.0109147280455,5.));
#12723=CARTESIAN_POINT('',(18.9880622550845,69.1855394095182,4.5));
#12724=CARTESIAN_POINT('Ctrl Pts',(18.9880622550845,69.1855394095182,4.5));
#12725=CARTESIAN_POINT('Ctrl Pts',(19.0937925502658,69.608458802104,4.5));
#12726=CARTESIAN_POINT('Ctrl Pts',(19.2404497787356,70.0109147280455,4.5));
#12727=CARTESIAN_POINT('',(18.9880622550845,69.1855394095182,5.));
#12728=CARTESIAN_POINT('Ctrl Pts',(18.9880622550845,69.1855394095182,5.));
#12729=CARTESIAN_POINT('Ctrl Pts',(19.0937925502658,69.608458802104,5.));
#12730=CARTESIAN_POINT('Ctrl Pts',(19.2404497787356,70.0109147280455,5.));
#12731=CARTESIAN_POINT('',(18.9880622550845,69.1855394095182,4.5));
#12732=CARTESIAN_POINT('Ctrl Pts',(18.7254429981112,70.0245576351881,4.5));
#12733=CARTESIAN_POINT('Ctrl Pts',(18.7254429981112,70.0245576351881,5.));
#12734=CARTESIAN_POINT('Ctrl Pts',(18.8721002265811,69.6255122870207,4.5));
#12735=CARTESIAN_POINT('Ctrl Pts',(18.8721002265811,69.6255122870207,5.));
#12736=CARTESIAN_POINT('Ctrl Pts',(18.9880622550845,69.1855394095182,4.5));
#12737=CARTESIAN_POINT('Ctrl Pts',(18.9880622550845,69.1855394095182,5.));
#12738=CARTESIAN_POINT('',(18.7254429981112,70.0245576351881,4.5));
#12739=CARTESIAN_POINT('Ctrl Pts',(18.7254429981112,70.0245576351881,4.5));
#12740=CARTESIAN_POINT('Ctrl Pts',(18.8721002265811,69.6255122870207,4.5));
#12741=CARTESIAN_POINT('Ctrl Pts',(18.9880622550845,69.1855394095182,4.5));
#12742=CARTESIAN_POINT('',(18.7254429981112,70.0245576351881,5.));
#12743=CARTESIAN_POINT('Ctrl Pts',(18.7254429981112,70.0245576351881,5.));
#12744=CARTESIAN_POINT('Ctrl Pts',(18.8721002265811,69.6255122870207,5.));
#12745=CARTESIAN_POINT('Ctrl Pts',(18.9880622550845,69.1855394095182,5.));
#12746=CARTESIAN_POINT('',(18.7254429981112,70.0245576351881,4.5));
#12747=CARTESIAN_POINT('Origin',(17.9716910049319,72.1221017092466,4.5));
#12748=CARTESIAN_POINT('',(17.9716910049319,72.1221017092466,4.5));
#12749=CARTESIAN_POINT('',(17.9716910049319,72.1221017092466,4.5));
#12750=CARTESIAN_POINT('',(17.9716910049319,72.1221017092466,5.));
#12751=CARTESIAN_POINT('',(17.9716910049319,72.1221017092466,5.));
#12752=CARTESIAN_POINT('',(17.9716910049319,72.1221017092466,4.5));
#12753=CARTESIAN_POINT('Origin',(17.3100269958377,72.1221017092466,4.5));
#12754=CARTESIAN_POINT('',(17.3100269958377,72.1221017092466,4.5));
#12755=CARTESIAN_POINT('',(17.3100269958377,72.1221017092466,4.5));
#12756=CARTESIAN_POINT('',(17.3100269958377,72.1221017092466,5.));
#12757=CARTESIAN_POINT('',(17.3100269958377,72.1221017092466,5.));
#12758=CARTESIAN_POINT('',(17.3100269958377,72.1221017092466,4.5));
#12759=CARTESIAN_POINT('Origin',(18.6845148727298,68.4931796044111,4.5));
#12760=CARTESIAN_POINT('',(18.6845148727298,68.4931796044111,4.5));
#12761=CARTESIAN_POINT('',(18.6845148727298,68.4931796044111,4.5));
#12762=CARTESIAN_POINT('',(18.6845148727298,68.4931796044111,5.));
#12763=CARTESIAN_POINT('',(18.6845148727298,68.4931796044111,5.));
#12764=CARTESIAN_POINT('',(18.6845148727298,68.4931796044111,4.5));
#12765=CARTESIAN_POINT('Ctrl Pts',(18.629945628345,68.3431112021208,4.5));
#12766=CARTESIAN_POINT('Ctrl Pts',(18.629945628345,68.3431112021208,5.));
#12767=CARTESIAN_POINT('Ctrl Pts',(18.6469985172153,68.3942704647779,4.5));
#12768=CARTESIAN_POINT('Ctrl Pts',(18.6469985172153,68.3942704647779,5.));
#12769=CARTESIAN_POINT('Ctrl Pts',(18.6845148727298,68.4931796044111,4.5));
#12770=CARTESIAN_POINT('Ctrl Pts',(18.6845148727298,68.4931796044111,5.));
#12771=CARTESIAN_POINT('',(18.629945628345,68.3431112021208,4.5));
#12772=CARTESIAN_POINT('Ctrl Pts',(18.629945628345,68.3431112021208,4.5));
#12773=CARTESIAN_POINT('Ctrl Pts',(18.6469985172153,68.3942704647779,4.5));
#12774=CARTESIAN_POINT('Ctrl Pts',(18.6845148727298,68.4931796044111,4.5));
#12775=CARTESIAN_POINT('',(18.629945628345,68.3431112021208,5.));
#12776=CARTESIAN_POINT('Ctrl Pts',(18.629945628345,68.3431112021208,5.));
#12777=CARTESIAN_POINT('Ctrl Pts',(18.6469985172153,68.3942704647779,5.));
#12778=CARTESIAN_POINT('Ctrl Pts',(18.6845148727298,68.4931796044111,5.));
#12779=CARTESIAN_POINT('',(18.629945628345,68.3431112021208,4.5));
#12780=CARTESIAN_POINT('Ctrl Pts',(18.4423602744937,67.8860854357481,4.5));
#12781=CARTESIAN_POINT('Ctrl Pts',(18.4423602744937,67.8860854357481,5.));
#12782=CARTESIAN_POINT('Ctrl Pts',(18.5003412887454,67.9781728237867,4.5));
#12783=CARTESIAN_POINT('Ctrl Pts',(18.5003412887454,67.9781728237867,5.));
#12784=CARTESIAN_POINT('Ctrl Pts',(18.629945628345,68.3431112021208,4.5));
#12785=CARTESIAN_POINT('Ctrl Pts',(18.629945628345,68.3431112021208,5.));
#12786=CARTESIAN_POINT('',(18.4423602744937,67.8860854357481,4.5));
#12787=CARTESIAN_POINT('Ctrl Pts',(18.4423602744937,67.8860854357481,4.5));
#12788=CARTESIAN_POINT('Ctrl Pts',(18.5003412887454,67.9781728237867,4.5));
#12789=CARTESIAN_POINT('Ctrl Pts',(18.629945628345,68.3431112021208,4.5));
#12790=CARTESIAN_POINT('',(18.4423602744937,67.8860854357481,5.));
#12791=CARTESIAN_POINT('Ctrl Pts',(18.4423602744937,67.8860854357481,5.));
#12792=CARTESIAN_POINT('Ctrl Pts',(18.5003412887454,67.9781728237867,5.));
#12793=CARTESIAN_POINT('Ctrl Pts',(18.629945628345,68.3431112021208,5.));
#12794=CARTESIAN_POINT('',(18.4423602744937,67.8860854357481,4.5));
#12795=CARTESIAN_POINT('Ctrl Pts',(18.2411326095462,67.6950895041227,4.5));
#12796=CARTESIAN_POINT('Ctrl Pts',(18.2411326095462,67.6950895041227,5.));
#12797=CARTESIAN_POINT('Ctrl Pts',(18.3639146015048,67.7633022516966,4.5));
#12798=CARTESIAN_POINT('Ctrl Pts',(18.3639146015048,67.7633022516966,5.));
#12799=CARTESIAN_POINT('Ctrl Pts',(18.4423602744937,67.8860854357481,4.5));
#12800=CARTESIAN_POINT('Ctrl Pts',(18.4423602744937,67.8860854357481,5.));
#12801=CARTESIAN_POINT('',(18.2411326095462,67.6950895041227,4.5));
#12802=CARTESIAN_POINT('Ctrl Pts',(18.2411326095462,67.6950895041227,4.5));
#12803=CARTESIAN_POINT('Ctrl Pts',(18.3639146015048,67.7633022516966,4.5));
#12804=CARTESIAN_POINT('Ctrl Pts',(18.4423602744937,67.8860854357481,4.5));
#12805=CARTESIAN_POINT('',(18.2411326095462,67.6950895041227,5.));
#12806=CARTESIAN_POINT('Ctrl Pts',(18.2411326095462,67.6950895041227,5.));
#12807=CARTESIAN_POINT('Ctrl Pts',(18.3639146015048,67.7633022516966,5.));
#12808=CARTESIAN_POINT('Ctrl Pts',(18.4423602744937,67.8860854357481,5.));
#12809=CARTESIAN_POINT('',(18.2411326095462,67.6950895041227,4.5));
#12810=CARTESIAN_POINT('Ctrl Pts',(17.9137099906802,67.6268767565489,4.5));
#12811=CARTESIAN_POINT('Ctrl Pts',(17.9137099906802,67.6268767565489,5.));
#12812=CARTESIAN_POINT('Ctrl Pts',(18.1183494254947,67.6268767565489,4.5));
#12813=CARTESIAN_POINT('Ctrl Pts',(18.1183494254947,67.6268767565489,5.));
#12814=CARTESIAN_POINT('Ctrl Pts',(18.2411326095462,67.6950895041227,4.5));
#12815=CARTESIAN_POINT('Ctrl Pts',(18.2411326095462,67.6950895041227,5.));
#12816=CARTESIAN_POINT('',(17.9137099906802,67.6268767565489,4.5));
#12817=CARTESIAN_POINT('Ctrl Pts',(17.9137099906802,67.6268767565489,4.5));
#12818=CARTESIAN_POINT('Ctrl Pts',(18.1183494254947,67.6268767565489,4.5));
#12819=CARTESIAN_POINT('Ctrl Pts',(18.2411326095462,67.6950895041227,4.5));
#12820=CARTESIAN_POINT('',(17.9137099906802,67.6268767565489,5.));
#12821=CARTESIAN_POINT('Ctrl Pts',(17.9137099906802,67.6268767565489,5.));
#12822=CARTESIAN_POINT('Ctrl Pts',(18.1183494254947,67.6268767565489,5.));
#12823=CARTESIAN_POINT('Ctrl Pts',(18.2411326095462,67.6950895041227,5.));
#12824=CARTESIAN_POINT('',(17.9137099906802,67.6268767565489,4.5));
#12825=CARTESIAN_POINT('Ctrl Pts',(17.5624145194888,67.6814465969801,4.5));
#12826=CARTESIAN_POINT('Ctrl Pts',(17.5624145194888,67.6814465969801,5.));
#12827=CARTESIAN_POINT('Ctrl Pts',(17.7636421844363,67.6268767565489,4.5));
#12828=CARTESIAN_POINT('Ctrl Pts',(17.7636421844363,67.6268767565489,5.));
#12829=CARTESIAN_POINT('Ctrl Pts',(17.9137099906802,67.6268767565489,4.5));
#12830=CARTESIAN_POINT('Ctrl Pts',(17.9137099906802,67.6268767565489,5.));
#12831=CARTESIAN_POINT('',(17.5624145194888,67.6814465969801,4.5));
#12832=CARTESIAN_POINT('Ctrl Pts',(17.5624145194888,67.6814465969801,4.5));
#12833=CARTESIAN_POINT('Ctrl Pts',(17.7636421844363,67.6268767565489,4.5));
#12834=CARTESIAN_POINT('Ctrl Pts',(17.9137099906802,67.6268767565489,4.5));
#12835=CARTESIAN_POINT('',(17.5624145194888,67.6814465969801,5.));
#12836=CARTESIAN_POINT('Ctrl Pts',(17.5624145194888,67.6814465969801,5.));
#12837=CARTESIAN_POINT('Ctrl Pts',(17.7636421844363,67.6268767565489,5.));
#12838=CARTESIAN_POINT('Ctrl Pts',(17.9137099906802,67.6268767565489,5.));
#12839=CARTESIAN_POINT('',(17.5624145194888,67.6814465969801,4.5));
#12840=CARTESIAN_POINT('Origin',(17.6306272670627,67.1050482243299,4.5));
#12841=CARTESIAN_POINT('',(17.6306272670627,67.1050482243299,4.5));
#12842=CARTESIAN_POINT('',(17.6306272670627,67.1050482243299,4.5));
#12843=CARTESIAN_POINT('',(17.6306272670627,67.1050482243299,5.));
#12844=CARTESIAN_POINT('',(17.6306272670627,67.1050482243299,5.));
#12845=CARTESIAN_POINT('',(17.6306272670627,67.1050482243299,4.5));
#12846=CARTESIAN_POINT('Ctrl Pts',(18.0262614414096,67.030014321208,4.5));
#12847=CARTESIAN_POINT('Ctrl Pts',(18.0262614414096,67.030014321208,5.));
#12848=CARTESIAN_POINT('Ctrl Pts',(17.8489078208804,67.030014321208,4.5));
#12849=CARTESIAN_POINT('Ctrl Pts',(17.8489078208804,67.030014321208,5.));
#12850=CARTESIAN_POINT('Ctrl Pts',(17.6306272670627,67.1050482243299,4.5));
#12851=CARTESIAN_POINT('Ctrl Pts',(17.6306272670627,67.1050482243299,5.));
#12852=CARTESIAN_POINT('',(18.0262614414096,67.030014321208,4.5));
#12853=CARTESIAN_POINT('Ctrl Pts',(18.0262614414096,67.030014321208,4.5));
#12854=CARTESIAN_POINT('Ctrl Pts',(17.8489078208804,67.030014321208,4.5));
#12855=CARTESIAN_POINT('Ctrl Pts',(17.6306272670627,67.1050482243299,4.5));
#12856=CARTESIAN_POINT('',(18.0262614414096,67.030014321208,5.));
#12857=CARTESIAN_POINT('Ctrl Pts',(18.0262614414096,67.030014321208,5.));
#12858=CARTESIAN_POINT('Ctrl Pts',(17.8489078208804,67.030014321208,5.));
#12859=CARTESIAN_POINT('Ctrl Pts',(17.6306272670627,67.1050482243299,5.));
#12860=CARTESIAN_POINT('',(18.0262614414096,67.030014321208,4.5));
#12861=CARTESIAN_POINT('Ctrl Pts',(18.5310364887118,67.1715562790632,4.5));
#12862=CARTESIAN_POINT('Ctrl Pts',(18.5310364887118,67.1715562790632,5.));
#12863=CARTESIAN_POINT('Ctrl Pts',(18.3195770904422,67.030014321208,4.5));
#12864=CARTESIAN_POINT('Ctrl Pts',(18.3195770904422,67.030014321208,5.));
#12865=CARTESIAN_POINT('Ctrl Pts',(18.0262614414096,67.030014321208,4.5));
#12866=CARTESIAN_POINT('Ctrl Pts',(18.0262614414096,67.030014321208,5.));
#12867=CARTESIAN_POINT('Ctrl Pts',(18.5310364887118,67.1715562790632,4.5));
#12868=CARTESIAN_POINT('Ctrl Pts',(18.3195770904422,67.030014321208,4.5));
#12869=CARTESIAN_POINT('Ctrl Pts',(18.0262614414096,67.030014321208,4.5));
#12870=CARTESIAN_POINT('Ctrl Pts',(18.5310364887118,67.1715562790632,5.));
#12871=CARTESIAN_POINT('Ctrl Pts',(18.3195770904422,67.030014321208,5.));
#12872=CARTESIAN_POINT('Ctrl Pts',(18.0262614414096,67.030014321208,5.));
#12873=CARTESIAN_POINT('Ctrl Pts',(18.6422856429386,67.0053527120623,4.5));
#12874=CARTESIAN_POINT('Ctrl Pts',(18.6422856429386,67.0053527120623,5.));
#12875=CARTESIAN_POINT('Ctrl Pts',(18.8183529916666,67.1232042358676,4.5));
#12876=CARTESIAN_POINT('Ctrl Pts',(18.8183529916666,67.1232042358676,5.));
#12877=CARTESIAN_POINT('Ctrl Pts',(18.9621840195822,67.2991076236304,4.5));
#12878=CARTESIAN_POINT('Ctrl Pts',(18.9621840195822,67.2991076236304,5.));
#12879=CARTESIAN_POINT('Ctrl Pts',(19.0822377017162,67.5217062304246,4.5));
#12880=CARTESIAN_POINT('Ctrl Pts',(19.0822377017162,67.5217062304246,5.));
#12881=CARTESIAN_POINT('',(19.0822377017162,67.5217062304246,4.5));
#12882=CARTESIAN_POINT('',(18.6422856429386,67.0053527120623,4.5));
#12883=CARTESIAN_POINT('Ctrl Pts',(19.0822377017162,67.5217062304246,4.5));
#12884=CARTESIAN_POINT('Ctrl Pts',(18.9621840195822,67.2991076236304,4.5));
#12885=CARTESIAN_POINT('Ctrl Pts',(18.8183529916666,67.1232042358676,4.5));
#12886=CARTESIAN_POINT('Ctrl Pts',(18.6422856429386,67.0053527120623,4.5));
#12887=CARTESIAN_POINT('',(19.0822377017162,67.5217062304246,5.));
#12888=CARTESIAN_POINT('',(19.0822377017162,67.5217062304246,4.5));
#12889=CARTESIAN_POINT('',(18.6422856429386,67.0053527120623,5.));
#12890=CARTESIAN_POINT('Ctrl Pts',(18.6422856429386,67.0053527120623,5.));
#12891=CARTESIAN_POINT('Ctrl Pts',(18.8183529916666,67.1232042358676,5.));
#12892=CARTESIAN_POINT('Ctrl Pts',(18.9621840195822,67.2991076236304,5.));
#12893=CARTESIAN_POINT('Ctrl Pts',(19.0822377017162,67.5217062304246,5.));
#12894=CARTESIAN_POINT('',(18.6422856429386,67.0053527120623,4.5));
#12895=CARTESIAN_POINT('Ctrl Pts',(18.0262614414096,66.830014321208,4.5));
#12896=CARTESIAN_POINT('Ctrl Pts',(18.0262614414096,66.830014321208,5.));
#12897=CARTESIAN_POINT('Ctrl Pts',(18.253975773696,66.830014321208,4.5));
#12898=CARTESIAN_POINT('Ctrl Pts',(18.253975773696,66.830014321208,5.));
#12899=CARTESIAN_POINT('Ctrl Pts',(18.4657900824539,66.8872141653005,4.5));
#12900=CARTESIAN_POINT('Ctrl Pts',(18.4657900824539,66.8872141653005,5.));
#12901=CARTESIAN_POINT('Ctrl Pts',(18.6422856429387,67.005352712062,4.5));
#12902=CARTESIAN_POINT('Ctrl Pts',(18.6422856429387,67.005352712062,5.));
#12903=CARTESIAN_POINT('',(18.0262614414096,66.830014321208,4.5));
#12904=CARTESIAN_POINT('Ctrl Pts',(18.6422856429387,67.005352712062,4.5));
#12905=CARTESIAN_POINT('Ctrl Pts',(18.4657900824539,66.8872141653005,4.5));
#12906=CARTESIAN_POINT('Ctrl Pts',(18.253975773696,66.830014321208,4.5));
#12907=CARTESIAN_POINT('Ctrl Pts',(18.0262614414096,66.830014321208,4.5));
#12908=CARTESIAN_POINT('',(18.0262614414096,66.830014321208,5.));
#12909=CARTESIAN_POINT('Ctrl Pts',(18.0262614414096,66.830014321208,5.));
#12910=CARTESIAN_POINT('Ctrl Pts',(18.253975773696,66.830014321208,5.));
#12911=CARTESIAN_POINT('Ctrl Pts',(18.4657900824539,66.8872141653005,5.));
#12912=CARTESIAN_POINT('Ctrl Pts',(18.6422856429387,67.005352712062,5.));
#12913=CARTESIAN_POINT('',(18.0262614414096,66.830014321208,4.5));
#12914=CARTESIAN_POINT('Ctrl Pts',(17.4467806376548,66.9567589289625,4.5));
#12915=CARTESIAN_POINT('Ctrl Pts',(17.4467806376548,66.9567589289625,5.));
#12916=CARTESIAN_POINT('Ctrl Pts',(17.4863908725127,66.9431429174902,4.5));
#12917=CARTESIAN_POINT('Ctrl Pts',(17.4863908725127,66.9431429174902,5.));
#12918=CARTESIAN_POINT('Ctrl Pts',(17.5260011073706,66.9295269060179,4.5));
#12919=CARTESIAN_POINT('Ctrl Pts',(17.5260011073706,66.9295269060179,5.));
#12920=CARTESIAN_POINT('Ctrl Pts',(17.5656113422285,66.9159108945456,4.5));
#12921=CARTESIAN_POINT('Ctrl Pts',(17.5656113422285,66.9159108945456,5.));
#12922=CARTESIAN_POINT('Ctrl Pts',(17.7268794435099,66.860475012253,4.5));
#12923=CARTESIAN_POINT('Ctrl Pts',(17.7268794435099,66.860475012253,5.));
#12924=CARTESIAN_POINT('Ctrl Pts',(17.8798206868284,66.830014321208,4.5));
#12925=CARTESIAN_POINT('Ctrl Pts',(17.8798206868284,66.830014321208,5.));
#12926=CARTESIAN_POINT('Ctrl Pts',(18.0262614414096,66.830014321208,4.5));
#12927=CARTESIAN_POINT('Ctrl Pts',(18.0262614414096,66.830014321208,5.));
#12928=CARTESIAN_POINT('',(17.4467806376548,66.9567589289626,4.5));
#12929=CARTESIAN_POINT('Ctrl Pts',(18.0262614414096,66.830014321208,4.5));
#12930=CARTESIAN_POINT('Ctrl Pts',(17.8798206868284,66.830014321208,4.5));
#12931=CARTESIAN_POINT('Ctrl Pts',(17.7268794435099,66.860475012253,4.5));
#12932=CARTESIAN_POINT('Ctrl Pts',(17.5656113422285,66.9159108945456,4.5));
#12933=CARTESIAN_POINT('Ctrl Pts',(17.5260011073706,66.9295269060179,4.5));
#12934=CARTESIAN_POINT('Ctrl Pts',(17.4863908725127,66.9431429174902,4.5));
#12935=CARTESIAN_POINT('Ctrl Pts',(17.4467806376548,66.9567589289625,4.5));
#12936=CARTESIAN_POINT('',(17.4467806376548,66.9567589289626,5.));
#12937=CARTESIAN_POINT('Ctrl Pts',(17.4467806376548,66.9567589289625,5.));
#12938=CARTESIAN_POINT('Ctrl Pts',(17.4863908725127,66.9431429174902,5.));
#12939=CARTESIAN_POINT('Ctrl Pts',(17.5260011073706,66.9295269060179,5.));
#12940=CARTESIAN_POINT('Ctrl Pts',(17.5656113422285,66.9159108945456,5.));
#12941=CARTESIAN_POINT('Ctrl Pts',(17.7268794435099,66.860475012253,5.));
#12942=CARTESIAN_POINT('Ctrl Pts',(17.8798206868284,66.830014321208,5.));
#12943=CARTESIAN_POINT('Ctrl Pts',(18.0262614414096,66.830014321208,5.));
#12944=CARTESIAN_POINT('',(17.4467806376548,66.9567589289626,4.5));
#12945=CARTESIAN_POINT('Origin',(17.329004619032,67.951967418371,4.5));
#12946=CARTESIAN_POINT('',(17.329004619032,67.951967418371,4.5));
#12947=CARTESIAN_POINT('',(17.4467806376548,66.9567589289626,4.5));
#12948=CARTESIAN_POINT('',(17.329004619032,67.951967418371,5.));
#12949=CARTESIAN_POINT('',(17.4467806376548,66.9567589289626,5.));
#12950=CARTESIAN_POINT('',(17.329004619032,67.951967418371,4.5));
#12951=CARTESIAN_POINT('Ctrl Pts',(17.9137099906802,67.8268767565489,4.5));
#12952=CARTESIAN_POINT('Ctrl Pts',(17.9137099906802,67.8268767565489,5.));
#12953=CARTESIAN_POINT('Ctrl Pts',(17.837907090401,67.8268767565489,4.5));
#12954=CARTESIAN_POINT('Ctrl Pts',(17.837907090401,67.8268767565489,5.));
#12955=CARTESIAN_POINT('Ctrl Pts',(17.7367913571278,67.8413819417982,4.5));
#12956=CARTESIAN_POINT('Ctrl Pts',(17.7367913571278,67.8413819417982,5.));
#12957=CARTESIAN_POINT('Ctrl Pts',(17.6147607795394,67.8744747531095,4.5));
#12958=CARTESIAN_POINT('Ctrl Pts',(17.6147607795394,67.8744747531095,5.));
#12959=CARTESIAN_POINT('Ctrl Pts',(17.5195087260369,67.90030564153,4.5));
#12960=CARTESIAN_POINT('Ctrl Pts',(17.5195087260369,67.90030564153,5.));
#12961=CARTESIAN_POINT('Ctrl Pts',(17.4242566725345,67.9261365299505,4.5));
#12962=CARTESIAN_POINT('Ctrl Pts',(17.4242566725345,67.9261365299505,5.));
#12963=CARTESIAN_POINT('Ctrl Pts',(17.329004619032,67.9519674183709,4.5));
#12964=CARTESIAN_POINT('Ctrl Pts',(17.329004619032,67.9519674183709,5.));
#12965=CARTESIAN_POINT('',(17.9137099906802,67.8268767565489,4.5));
#12966=CARTESIAN_POINT('Ctrl Pts',(17.3290046190321,67.9519674183709,4.5));
#12967=CARTESIAN_POINT('Ctrl Pts',(17.4242566725345,67.9261365299504,4.5));
#12968=CARTESIAN_POINT('Ctrl Pts',(17.5195087260369,67.90030564153,4.5));
#12969=CARTESIAN_POINT('Ctrl Pts',(17.6147607795394,67.8744747531095,4.5));
#12970=CARTESIAN_POINT('Ctrl Pts',(17.7367913571278,67.8413819417982,4.5));
#12971=CARTESIAN_POINT('Ctrl Pts',(17.837907090401,67.8268767565489,4.5));
#12972=CARTESIAN_POINT('Ctrl Pts',(17.9137099906802,67.8268767565489,4.5));
#12973=CARTESIAN_POINT('',(17.9137099906802,67.8268767565489,5.));
#12974=CARTESIAN_POINT('Ctrl Pts',(17.9137099906802,67.8268767565489,5.));
#12975=CARTESIAN_POINT('Ctrl Pts',(17.837907090401,67.8268767565489,5.));
#12976=CARTESIAN_POINT('Ctrl Pts',(17.7367913571278,67.8413819417982,5.));
#12977=CARTESIAN_POINT('Ctrl Pts',(17.6147607795394,67.8744747531095,5.));
#12978=CARTESIAN_POINT('Ctrl Pts',(17.5195087260369,67.90030564153,5.));
#12979=CARTESIAN_POINT('Ctrl Pts',(17.4242566725345,67.9261365299504,5.));
#12980=CARTESIAN_POINT('Ctrl Pts',(17.3290046190321,67.9519674183709,5.));
#12981=CARTESIAN_POINT('',(17.9137099906802,67.8268767565489,4.5));
#12982=CARTESIAN_POINT('Ctrl Pts',(18.1440041674316,67.8699210394143,4.5));
#12983=CARTESIAN_POINT('Ctrl Pts',(18.1440041674316,67.8699210394143,5.));
#12984=CARTESIAN_POINT('Ctrl Pts',(18.103382681895,67.8473535912707,4.5));
#12985=CARTESIAN_POINT('Ctrl Pts',(18.103382681895,67.8473535912707,5.));
#12986=CARTESIAN_POINT('Ctrl Pts',(18.0279141877861,67.8268767565489,4.5));
#12987=CARTESIAN_POINT('Ctrl Pts',(18.0279141877861,67.8268767565489,5.));
#12988=CARTESIAN_POINT('Ctrl Pts',(17.9137099906802,67.8268767565489,4.5));
#12989=CARTESIAN_POINT('Ctrl Pts',(17.9137099906802,67.8268767565489,5.));
#12990=CARTESIAN_POINT('',(18.14400416743,67.8699210394164,4.5));
#12991=CARTESIAN_POINT('Ctrl Pts',(17.9137099906802,67.8268767565489,4.5));
#12992=CARTESIAN_POINT('Ctrl Pts',(18.0279141877861,67.8268767565489,4.5));
#12993=CARTESIAN_POINT('Ctrl Pts',(18.103382681895,67.8473535912707,4.5));
#12994=CARTESIAN_POINT('Ctrl Pts',(18.1440041674316,67.8699210394143,4.5));
#12995=CARTESIAN_POINT('',(18.14400416743,67.8699210394164,5.));
#12996=CARTESIAN_POINT('Ctrl Pts',(18.1440041674316,67.8699210394143,5.));
#12997=CARTESIAN_POINT('Ctrl Pts',(18.103382681895,67.8473535912707,5.));
#12998=CARTESIAN_POINT('Ctrl Pts',(18.0279141877861,67.8268767565489,5.));
#12999=CARTESIAN_POINT('Ctrl Pts',(17.9137099906802,67.8268767565489,5.));
#13000=CARTESIAN_POINT('',(18.14400416743,67.8699210394164,4.5));
#13001=CARTESIAN_POINT('Ctrl Pts',(18.2731084032995,67.9926516230449,4.5));
#13002=CARTESIAN_POINT('Ctrl Pts',(18.2731084032995,67.9926516230449,5.));
#13003=CARTESIAN_POINT('Ctrl Pts',(18.2374090333499,67.9371471509267,4.5));
#13004=CARTESIAN_POINT('Ctrl Pts',(18.2374090333499,67.9371471509267,5.));
#13005=CARTESIAN_POINT('Ctrl Pts',(18.1967808800944,67.8992418169985,4.5));
#13006=CARTESIAN_POINT('Ctrl Pts',(18.1967808800944,67.8992418169985,5.));
#13007=CARTESIAN_POINT('Ctrl Pts',(18.14400416743,67.8699210394164,4.5));
#13008=CARTESIAN_POINT('Ctrl Pts',(18.14400416743,67.8699210394164,5.));
#13009=CARTESIAN_POINT('',(18.2731137940993,67.9926482288521,4.5));
#13010=CARTESIAN_POINT('Ctrl Pts',(18.1440041674296,67.8699210394162,4.5));
#13011=CARTESIAN_POINT('Ctrl Pts',(18.1967808800943,67.8992418169983,4.5));
#13012=CARTESIAN_POINT('Ctrl Pts',(18.2374090333499,67.9371471509266,4.5));
#13013=CARTESIAN_POINT('Ctrl Pts',(18.2731084032995,67.9926516230449,4.5));
#13014=CARTESIAN_POINT('',(18.2731137940993,67.9926482288521,5.));
#13015=CARTESIAN_POINT('Ctrl Pts',(18.2731084032995,67.9926516230449,5.));
#13016=CARTESIAN_POINT('Ctrl Pts',(18.2374090333499,67.9371471509266,5.));
#13017=CARTESIAN_POINT('Ctrl Pts',(18.1967808800943,67.8992418169983,5.));
#13018=CARTESIAN_POINT('Ctrl Pts',(18.1440041674296,67.8699210394162,5.));
#13019=CARTESIAN_POINT('',(18.2731137940993,67.9926482288521,4.5));
#13020=CARTESIAN_POINT('Ctrl Pts',(18.4408501104608,68.4082760746075,4.5));
#13021=CARTESIAN_POINT('Ctrl Pts',(18.4408501104608,68.4082760746075,5.));
#13022=CARTESIAN_POINT('Ctrl Pts',(18.3561221524074,68.1698148546063,4.5));
#13023=CARTESIAN_POINT('Ctrl Pts',(18.3561221524074,68.1698148546063,5.));
#13024=CARTESIAN_POINT('Ctrl Pts',(18.2840707110812,68.010050401114,4.5));
#13025=CARTESIAN_POINT('Ctrl Pts',(18.2840707110812,68.010050401114,5.));
#13026=CARTESIAN_POINT('Ctrl Pts',(18.2731137940993,67.9926482288521,4.5));
#13027=CARTESIAN_POINT('Ctrl Pts',(18.2731137940993,67.9926482288521,5.));
#13028=CARTESIAN_POINT('',(18.4408501104605,68.4082760746076,4.5));
#13029=CARTESIAN_POINT('Ctrl Pts',(18.2731137940993,67.9926482288521,4.5));
#13030=CARTESIAN_POINT('Ctrl Pts',(18.2840707110812,68.010050401114,4.5));
#13031=CARTESIAN_POINT('Ctrl Pts',(18.3561221524074,68.1698148546063,4.5));
#13032=CARTESIAN_POINT('Ctrl Pts',(18.4408501104608,68.4082760746075,4.5));
#13033=CARTESIAN_POINT('',(18.4408501104605,68.4082760746076,5.));
#13034=CARTESIAN_POINT('Ctrl Pts',(18.4408501104608,68.4082760746075,5.));
#13035=CARTESIAN_POINT('Ctrl Pts',(18.3561221524074,68.1698148546063,5.));
#13036=CARTESIAN_POINT('Ctrl Pts',(18.2840707110812,68.010050401114,5.));
#13037=CARTESIAN_POINT('Ctrl Pts',(18.2731137940993,67.9926482288521,5.));
#13038=CARTESIAN_POINT('',(18.4408501104605,68.4082760746076,4.5));
#13039=CARTESIAN_POINT('Ctrl Pts',(18.4708122282384,68.4927503049224,4.5));
#13040=CARTESIAN_POINT('Ctrl Pts',(18.4708122282384,68.4927503049224,5.));
#13041=CARTESIAN_POINT('Ctrl Pts',(18.4586408513413,68.4596727211877,4.5));
#13042=CARTESIAN_POINT('Ctrl Pts',(18.4586408513413,68.4596727211877,5.));
#13043=CARTESIAN_POINT('Ctrl Pts',(18.4487454550126,68.431861618259,4.5));
#13044=CARTESIAN_POINT('Ctrl Pts',(18.4487454550126,68.431861618259,5.));
#13045=CARTESIAN_POINT('Ctrl Pts',(18.4408501104605,68.4082760746076,4.5));
#13046=CARTESIAN_POINT('Ctrl Pts',(18.4408501104605,68.4082760746076,5.));
#13047=CARTESIAN_POINT('',(18.4708122282384,68.4927503049224,4.5));
#13048=CARTESIAN_POINT('Ctrl Pts',(18.4408501104605,68.4082760746076,4.5));
#13049=CARTESIAN_POINT('Ctrl Pts',(18.4487454550126,68.431861618259,4.5));
#13050=CARTESIAN_POINT('Ctrl Pts',(18.4586408513413,68.4596727211877,4.5));
#13051=CARTESIAN_POINT('Ctrl Pts',(18.4708122282384,68.4927503049224,4.5));
#13052=CARTESIAN_POINT('',(18.4708122282384,68.4927503049224,5.));
#13053=CARTESIAN_POINT('Ctrl Pts',(18.4708122282384,68.4927503049224,5.));
#13054=CARTESIAN_POINT('Ctrl Pts',(18.4586408513413,68.4596727211877,5.));
#13055=CARTESIAN_POINT('Ctrl Pts',(18.4487454550126,68.431861618259,5.));
#13056=CARTESIAN_POINT('Ctrl Pts',(18.4408501104605,68.4082760746076,5.));
#13057=CARTESIAN_POINT('',(18.4708122282384,68.4927503049224,4.5));
#13058=CARTESIAN_POINT('Origin',(17.020409896761,72.3221017092466,4.5));
#13059=CARTESIAN_POINT('',(17.020409896761,72.3221017092466,4.5));
#13060=CARTESIAN_POINT('',(18.4708122282384,68.4927503049224,4.5));
#13061=CARTESIAN_POINT('',(17.020409896761,72.3221017092466,5.));
#13062=CARTESIAN_POINT('',(18.4708122282384,68.4927503049224,5.));
#13063=CARTESIAN_POINT('',(17.020409896761,72.3221017092466,4.5));
#13064=CARTESIAN_POINT('Origin',(18.112342320338,72.3221017092466,4.5));
#13065=CARTESIAN_POINT('',(18.112342320338,72.3221017092466,4.5));
#13066=CARTESIAN_POINT('',(17.020409896761,72.3221017092466,4.5));
#13067=CARTESIAN_POINT('',(18.112342320338,72.3221017092466,5.));
#13068=CARTESIAN_POINT('',(17.020409896761,72.3221017092466,5.));
#13069=CARTESIAN_POINT('',(18.112342320338,72.3221017092466,4.5));
#13070=CARTESIAN_POINT('Origin',(18.9131664200573,70.0935497858495,4.5));
#13071=CARTESIAN_POINT('',(18.9131664200573,70.0935497858495,4.5));
#13072=CARTESIAN_POINT('',(18.112342320338,72.3221017092466,4.5));
#13073=CARTESIAN_POINT('',(18.9131664200573,70.0935497858495,5.));
#13074=CARTESIAN_POINT('',(18.112342320338,72.3221017092466,5.));
#13075=CARTESIAN_POINT('',(18.9131664200573,70.0935497858495,4.5));
#13076=CARTESIAN_POINT('Ctrl Pts',(18.9856251361153,69.8885725318762,4.5));
#13077=CARTESIAN_POINT('Ctrl Pts',(18.9856251361153,69.8885725318762,5.));
#13078=CARTESIAN_POINT('Ctrl Pts',(18.9621286257286,69.9577175103345,4.5));
#13079=CARTESIAN_POINT('Ctrl Pts',(18.9621286257286,69.9577175103345,5.));
#13080=CARTESIAN_POINT('Ctrl Pts',(18.9379762703958,70.0260437006083,4.5));
#13081=CARTESIAN_POINT('Ctrl Pts',(18.9379762703958,70.0260437006083,5.));
#13082=CARTESIAN_POINT('Ctrl Pts',(18.9131664200573,70.0935497858495,4.5));
#13083=CARTESIAN_POINT('Ctrl Pts',(18.9131664200573,70.0935497858495,5.));
#13084=CARTESIAN_POINT('',(18.9856251361153,69.8885725318762,4.5));
#13085=CARTESIAN_POINT('Ctrl Pts',(18.9131664200573,70.0935497858495,4.5));
#13086=CARTESIAN_POINT('Ctrl Pts',(18.9379762703958,70.0260437006083,4.5));
#13087=CARTESIAN_POINT('Ctrl Pts',(18.9621286257286,69.9577175103345,4.5));
#13088=CARTESIAN_POINT('Ctrl Pts',(18.9856251361153,69.8885725318762,4.5));
#13089=CARTESIAN_POINT('',(18.9856251361153,69.8885725318762,5.));
#13090=CARTESIAN_POINT('Ctrl Pts',(18.9856251361153,69.8885725318762,5.));
#13091=CARTESIAN_POINT('Ctrl Pts',(18.9621286257286,69.9577175103345,5.));
#13092=CARTESIAN_POINT('Ctrl Pts',(18.9379762703958,70.0260437006083,5.));
#13093=CARTESIAN_POINT('Ctrl Pts',(18.9131664200573,70.0935497858495,5.));
#13094=CARTESIAN_POINT('',(18.9856251361153,69.8885725318762,4.5));
#13095=CARTESIAN_POINT('Ctrl Pts',(19.0526074949897,70.079582902267,4.5));
#13096=CARTESIAN_POINT('Ctrl Pts',(19.0526074949897,70.079582902267,5.));
#13097=CARTESIAN_POINT('Ctrl Pts',(19.0525841857149,70.0795189370887,4.5));
#13098=CARTESIAN_POINT('Ctrl Pts',(19.0525841857149,70.0795189370887,5.));
#13099=CARTESIAN_POINT('Ctrl Pts',(19.0525608764407,70.079454971912,4.5));
#13100=CARTESIAN_POINT('Ctrl Pts',(19.0525608764407,70.079454971912,5.));
#13101=CARTESIAN_POINT('Ctrl Pts',(19.0525375671659,70.0793910067336,4.5));
#13102=CARTESIAN_POINT('Ctrl Pts',(19.0525375671659,70.0793910067336,5.));
#13103=CARTESIAN_POINT('Ctrl Pts',(19.029491374405,70.0161477766262,4.5));
#13104=CARTESIAN_POINT('Ctrl Pts',(19.029491374405,70.0161477766262,5.));
#13105=CARTESIAN_POINT('Ctrl Pts',(19.0071871637799,69.9525410552384,4.5));
#13106=CARTESIAN_POINT('Ctrl Pts',(19.0071871637799,69.9525410552384,5.));
#13107=CARTESIAN_POINT('Ctrl Pts',(18.9856251361153,69.8885725318762,4.5));
#13108=CARTESIAN_POINT('Ctrl Pts',(18.9856251361153,69.8885725318762,5.));
#13109=CARTESIAN_POINT('',(19.0526074949904,70.0795829022687,4.5));
#13110=CARTESIAN_POINT('Ctrl Pts',(18.9856251361153,69.8885725318762,4.5));
#13111=CARTESIAN_POINT('Ctrl Pts',(19.0071871637799,69.9525410552384,4.5));
#13112=CARTESIAN_POINT('Ctrl Pts',(19.029491374405,70.0161477766262,4.5));
#13113=CARTESIAN_POINT('Ctrl Pts',(19.0525375671659,70.0793910067336,4.5));
#13114=CARTESIAN_POINT('Ctrl Pts',(19.0525608764405,70.0794549719114,4.5));
#13115=CARTESIAN_POINT('Ctrl Pts',(19.0525841857145,70.0795189370875,4.5));
#13116=CARTESIAN_POINT('Ctrl Pts',(19.0526074949891,70.0795829022653,4.5));
#13117=CARTESIAN_POINT('',(19.0526074949904,70.0795829022687,5.));
#13118=CARTESIAN_POINT('Ctrl Pts',(19.0526074949891,70.0795829022653,5.));
#13119=CARTESIAN_POINT('Ctrl Pts',(19.0525841857145,70.0795189370875,5.));
#13120=CARTESIAN_POINT('Ctrl Pts',(19.0525608764405,70.0794549719114,5.));
#13121=CARTESIAN_POINT('Ctrl Pts',(19.0525375671659,70.0793910067336,5.));
#13122=CARTESIAN_POINT('Ctrl Pts',(19.029491374405,70.0161477766262,5.));
#13123=CARTESIAN_POINT('Ctrl Pts',(19.0071871637799,69.9525410552384,5.));
#13124=CARTESIAN_POINT('Ctrl Pts',(18.9856251361153,69.8885725318762,5.));
#13125=CARTESIAN_POINT('',(19.0526074949904,70.0795829022687,4.5));
#13126=CARTESIAN_POINT('Origin',(19.8749862885586,72.3221017092466,4.5));
#13127=CARTESIAN_POINT('',(19.8749862885586,72.3221017092466,4.5));
#13128=CARTESIAN_POINT('',(19.0526074949904,70.0795829022687,4.5));
#13129=CARTESIAN_POINT('',(19.8749862885586,72.3221017092466,5.));
#13130=CARTESIAN_POINT('',(19.0526074949904,70.0795829022687,5.));
#13131=CARTESIAN_POINT('',(19.8749862885586,72.3221017092466,4.5));
#13132=CARTESIAN_POINT('Origin',(20.9169298782005,72.3221017092466,4.5));
#13133=CARTESIAN_POINT('',(20.9169298782005,72.3221017092466,4.5));
#13134=CARTESIAN_POINT('',(19.8749862885586,72.3221017092466,4.5));
#13135=CARTESIAN_POINT('',(20.9169298782005,72.3221017092466,5.));
#13136=CARTESIAN_POINT('',(19.8749862885586,72.3221017092466,5.));
#13137=CARTESIAN_POINT('',(20.9169298782005,72.3221017092466,4.5));
#13138=CARTESIAN_POINT('Origin',(19.438166631063,68.3689720359448,4.5));
#13139=CARTESIAN_POINT('',(19.438166631063,68.3689720359448,4.5));
#13140=CARTESIAN_POINT('',(20.9169298782005,72.3221017092466,4.5));
#13141=CARTESIAN_POINT('',(19.438166631063,68.3689720359448,5.));
#13142=CARTESIAN_POINT('',(20.9169298782005,72.3221017092466,5.));
#13143=CARTESIAN_POINT('',(19.438166631063,68.3689720359448,4.5));
#13144=CARTESIAN_POINT('Ctrl Pts',(19.082239430683,67.5217052886401,4.5));
#13145=CARTESIAN_POINT('Ctrl Pts',(19.082239430683,67.5217052886401,5.));
#13146=CARTESIAN_POINT('Ctrl Pts',(19.1753566085251,67.6926536495978,4.5));
#13147=CARTESIAN_POINT('Ctrl Pts',(19.1753566085251,67.6926536495978,5.));
#13148=CARTESIAN_POINT('Ctrl Pts',(19.2892753441653,67.9681097395566,4.5));
#13149=CARTESIAN_POINT('Ctrl Pts',(19.2892753441653,67.9681097395566,5.));
#13150=CARTESIAN_POINT('Ctrl Pts',(19.438166631063,68.3689720359448,4.5));
#13151=CARTESIAN_POINT('Ctrl Pts',(19.438166631063,68.3689720359448,5.));
#13152=CARTESIAN_POINT('Ctrl Pts',(19.438166631063,68.3689720359448,4.5));
#13153=CARTESIAN_POINT('Ctrl Pts',(19.2892753441653,67.9681097395566,4.5));
#13154=CARTESIAN_POINT('Ctrl Pts',(19.1753566085251,67.6926536495978,4.5));
#13155=CARTESIAN_POINT('Ctrl Pts',(19.082239430683,67.5217052886401,4.5));
#13156=CARTESIAN_POINT('Ctrl Pts',(19.082239430683,67.5217052886401,5.));
#13157=CARTESIAN_POINT('Ctrl Pts',(19.1753566085251,67.6926536495978,5.));
#13158=CARTESIAN_POINT('Ctrl Pts',(19.2892753441653,67.9681097395566,5.));
#13159=CARTESIAN_POINT('Ctrl Pts',(19.438166631063,68.3689720359448,5.));
#13160=CARTESIAN_POINT('Origin',(18.9686698874807,69.5756999289802,5.));
#13161=CARTESIAN_POINT('Origin',(18.9686698874807,69.5756999289802,4.5));
#13162=UNCERTAINTY_MEASURE_WITH_UNIT(LENGTH_MEASURE(0.01),#13166,
'DISTANCE_ACCURACY_VALUE',
'Maximum model space distance between geometric entities at asserted c
onnectivities');
#13163=UNCERTAINTY_MEASURE_WITH_UNIT(LENGTH_MEASURE(0.01),#13166,
'DISTANCE_ACCURACY_VALUE',
'Maximum model space distance between geometric entities at asserted c
onnectivities');
#13164=(
GEOMETRIC_REPRESENTATION_CONTEXT(3)
GLOBAL_UNCERTAINTY_ASSIGNED_CONTEXT((#13162))
GLOBAL_UNIT_ASSIGNED_CONTEXT((#13166,#13168,#13169))
REPRESENTATION_CONTEXT('','3D')
);
#13165=(
GEOMETRIC_REPRESENTATION_CONTEXT(3)
GLOBAL_UNCERTAINTY_ASSIGNED_CONTEXT((#13163))
GLOBAL_UNIT_ASSIGNED_CONTEXT((#13166,#13168,#13169))
REPRESENTATION_CONTEXT('','3D')
);
#13166=(
LENGTH_UNIT()
NAMED_UNIT(*)
SI_UNIT(.MILLI.,.METRE.)
);
#13167=(
LENGTH_UNIT()
NAMED_UNIT(*)
SI_UNIT($,.METRE.)
);
#13168=(
NAMED_UNIT(*)
PLANE_ANGLE_UNIT()
SI_UNIT($,.RADIAN.)
);
#13169=(
NAMED_UNIT(*)
SI_UNIT($,.STERADIAN.)
SOLID_ANGLE_UNIT()
);
#13170=SHAPE_DEFINITION_REPRESENTATION(#13171,#13172);
#13171=PRODUCT_DEFINITION_SHAPE('',$,#13174);
#13172=SHAPE_REPRESENTATION('',(#7414),#13164);
#13173=PRODUCT_DEFINITION_CONTEXT('part definition',#13178,'design');
#13174=PRODUCT_DEFINITION('2026-07-29-09-46-28-380','Pad_top_cover',#13175,
#13173);
#13175=PRODUCT_DEFINITION_FORMATION('',$,#13180);
#13176=PRODUCT_RELATED_PRODUCT_CATEGORY('Pad_top_cover','Pad_top_cover',
(#13180));
#13177=APPLICATION_PROTOCOL_DEFINITION('international standard',
'automotive_design',2009,#13178);
#13178=APPLICATION_CONTEXT(
'Core Data for Automotive Mechanical Design Process');
#13179=PRODUCT_CONTEXT('part definition',#13178,'mechanical');
#13180=PRODUCT('2026-07-29-09-46-28-380','Pad_top_cover',$,(#13179));
#13181=PRESENTATION_STYLE_ASSIGNMENT((#13184));
#13182=PRESENTATION_STYLE_ASSIGNMENT((#13185));
#13183=PRESENTATION_STYLE_ASSIGNMENT((#13186));
#13184=SURFACE_STYLE_USAGE(.BOTH.,#13187);
#13185=SURFACE_STYLE_USAGE(.BOTH.,#13188);
#13186=SURFACE_STYLE_USAGE(.BOTH.,#13189);
#13187=SURFACE_SIDE_STYLE('',(#13190));
#13188=SURFACE_SIDE_STYLE('',(#13191));
#13189=SURFACE_SIDE_STYLE('',(#13192));
#13190=SURFACE_STYLE_FILL_AREA(#13193);
#13191=SURFACE_STYLE_FILL_AREA(#13194);
#13192=SURFACE_STYLE_FILL_AREA(#13195);
#13193=FILL_AREA_STYLE('Steel - Satin',(#13196));
#13194=FILL_AREA_STYLE('Plastic - Glossy (White)',(#13197));
#13195=FILL_AREA_STYLE('Plastic - Glossy (Red)',(#13198));
#13196=FILL_AREA_STYLE_COLOUR('Steel - Satin',#13199);
#13197=FILL_AREA_STYLE_COLOUR('Plastic - Glossy (White)',#13200);
#13198=FILL_AREA_STYLE_COLOUR('Plastic - Glossy (Red)',#13201);
#13199=COLOUR_RGB('Steel - Satin',0.627450980392157,0.627450980392157,0.627450980392157);
#13200=COLOUR_RGB('Plastic - Glossy (White)',0.964705882352941,0.964705882352941,
0.952941176470588);
#13201=COLOUR_RGB('Plastic - Glossy (Red)',0.768627450980392,0.207843137254902,
0.152941176470588);
ENDSEC;
END-ISO-10303-21;
