ISO-10303-21;
HEADER;
/* Generated by software containing ST-Developer
 * from STEP Tools, Inc. (www.steptools.com) 
 */

FILE_DESCRIPTION(
/* description */ (''),
/* implementation_level */ '2;1');

FILE_NAME(
/* name */ 'Plate.step',
/* time_stamp */ '2026-07-17T04:24:16+03:00',
/* author */ (''),
/* organization */ (''),
/* preprocessor_version */ 'ST-DEVELOPER v20.1',
/* originating_system */ 'Autodesk Translation Framework v15.8.0.0',
/* authorisation */ '');

FILE_SCHEMA (('AUTOMOTIVE_DESIGN { 1 0 10303 214 3 1 1 }'));
ENDSEC;

DATA;
#10=MECHANICAL_DESIGN_GEOMETRIC_PRESENTATION_REPRESENTATION('',(#13),#16998);
#11=SHAPE_REPRESENTATION_RELATIONSHIP('SRR','None',#17005,#12);
#12=ADVANCED_BREP_SHAPE_REPRESENTATION('',(#14),#16997);
#13=STYLED_ITEM('',(#17014),#14);
#14=MANIFOLD_SOLID_BREP('Body1',#9441);
#15=CYLINDRICAL_SURFACE('',#9594,2.75);
#16=CYLINDRICAL_SURFACE('',#9597,2.75);
#17=CYLINDRICAL_SURFACE('',#9600,1.59999999999999);
#18=CYLINDRICAL_SURFACE('',#9602,1.6);
#19=CYLINDRICAL_SURFACE('',#9604,1.6);
#20=CYLINDRICAL_SURFACE('',#9606,1.6);
#21=CYLINDRICAL_SURFACE('',#9609,8.);
#22=CYLINDRICAL_SURFACE('',#9612,8.);
#23=CYLINDRICAL_SURFACE('',#9614,7.99999999999999);
#24=CYLINDRICAL_SURFACE('',#9617,7.99999999999986);
#25=CYLINDRICAL_SURFACE('',#9621,8.00000000000002);
#26=CYLINDRICAL_SURFACE('',#9626,8.);
#27=CYLINDRICAL_SURFACE('',#9630,8.00000000000001);
#28=CYLINDRICAL_SURFACE('',#9721,1.);
#29=CIRCLE('',#9580,7.99999999999999);
#30=CIRCLE('',#9581,7.99999999999986);
#31=CIRCLE('',#9582,8.00000000000002);
#32=CIRCLE('',#9583,8.);
#33=CIRCLE('',#9584,8.00000000000001);
#34=CIRCLE('',#9585,8.);
#35=CIRCLE('',#9586,8.);
#36=CIRCLE('',#9587,2.75);
#37=CIRCLE('',#9588,2.75);
#38=CIRCLE('',#9589,1.59999999999999);
#39=CIRCLE('',#9590,1.6);
#40=CIRCLE('',#9591,1.6);
#41=CIRCLE('',#9592,1.6);
#42=CIRCLE('',#9593,1.);
#43=CIRCLE('',#9595,2.75);
#44=CIRCLE('',#9598,2.75);
#45=CIRCLE('',#9601,1.59999999999999);
#46=CIRCLE('',#9603,1.6);
#47=CIRCLE('',#9605,1.6);
#48=CIRCLE('',#9607,1.6);
#49=CIRCLE('',#9610,8.);
#50=CIRCLE('',#9613,8.);
#51=CIRCLE('',#9615,7.99999999999999);
#52=CIRCLE('',#9618,7.99999999999986);
#53=CIRCLE('',#9622,8.00000000000002);
#54=CIRCLE('',#9627,8.);
#55=CIRCLE('',#9631,8.00000000000001);
#56=CIRCLE('',#9722,1.);
#57=FACE_BOUND('',#1482,.T.);
#58=FACE_BOUND('',#1520,.T.);
#59=FACE_BOUND('',#1540,.T.);
#60=FACE_BOUND('',#1578,.T.);
#61=FACE_BOUND('',#1626,.T.);
#62=FACE_BOUND('',#1650,.T.);
#63=FACE_BOUND('',#1712,.T.);
#64=FACE_BOUND('',#1766,.T.);
#65=FACE_BOUND('',#1814,.T.);
#66=FACE_BOUND('',#1815,.T.);
#67=FACE_BOUND('',#1816,.T.);
#68=FACE_BOUND('',#1817,.T.);
#69=FACE_BOUND('',#1818,.T.);
#70=FACE_BOUND('',#1819,.T.);
#71=FACE_BOUND('',#1820,.T.);
#72=FACE_BOUND('',#1821,.T.);
#73=FACE_BOUND('',#1822,.T.);
#74=FACE_BOUND('',#1823,.T.);
#75=FACE_BOUND('',#1824,.T.);
#76=FACE_BOUND('',#1825,.T.);
#77=FACE_BOUND('',#1826,.T.);
#78=FACE_BOUND('',#1827,.T.);
#79=FACE_BOUND('',#1828,.T.);
#80=FACE_BOUND('',#1829,.T.);
#81=FACE_BOUND('',#1830,.T.);
#82=FACE_BOUND('',#1831,.T.);
#83=FACE_BOUND('',#1832,.T.);
#84=FACE_BOUND('',#1833,.T.);
#85=FACE_BOUND('',#1834,.T.);
#86=FACE_BOUND('',#1835,.T.);
#87=FACE_BOUND('',#1836,.T.);
#88=FACE_BOUND('',#1837,.T.);
#89=FACE_BOUND('',#1838,.T.);
#90=FACE_BOUND('',#1839,.T.);
#91=FACE_BOUND('',#1840,.T.);
#92=FACE_BOUND('',#1841,.T.);
#93=FACE_BOUND('',#1959,.T.);
#94=FACE_BOUND('',#1960,.T.);
#95=FACE_BOUND('',#1961,.T.);
#96=FACE_BOUND('',#1962,.T.);
#97=FACE_BOUND('',#1963,.T.);
#98=FACE_BOUND('',#1964,.T.);
#99=FACE_BOUND('',#1965,.T.);
#100=FACE_BOUND('',#1966,.T.);
#101=FACE_BOUND('',#1967,.T.);
#102=FACE_BOUND('',#1968,.T.);
#103=FACE_BOUND('',#1969,.T.);
#104=FACE_BOUND('',#1970,.T.);
#105=FACE_BOUND('',#1971,.T.);
#106=FACE_BOUND('',#1972,.T.);
#107=FACE_BOUND('',#1973,.T.);
#108=FACE_BOUND('',#1974,.T.);
#109=FACE_BOUND('',#1975,.T.);
#110=FACE_BOUND('',#1976,.T.);
#111=FACE_BOUND('',#1977,.T.);
#112=FACE_BOUND('',#1978,.T.);
#113=FACE_BOUND('',#1979,.T.);
#114=FACE_BOUND('',#1980,.T.);
#115=FACE_BOUND('',#1981,.T.);
#116=FACE_BOUND('',#1982,.T.);
#117=FACE_BOUND('',#1983,.T.);
#118=FACE_BOUND('',#1984,.T.);
#119=FACE_BOUND('',#1985,.T.);
#120=FACE_BOUND('',#1986,.T.);
#121=FACE_BOUND('',#1987,.T.);
#122=FACE_BOUND('',#1988,.T.);
#123=FACE_BOUND('',#1989,.T.);
#124=FACE_BOUND('',#1990,.T.);
#125=FACE_BOUND('',#1991,.T.);
#126=FACE_BOUND('',#1992,.T.);
#127=FACE_BOUND('',#1993,.T.);
#128=FACE_BOUND('',#1994,.T.);
#129=FACE_BOUND('',#1995,.T.);
#130=FACE_BOUND('',#1996,.T.);
#131=FACE_BOUND('',#1997,.T.);
#132=FACE_BOUND('',#1998,.T.);
#133=FACE_BOUND('',#1999,.T.);
#134=FACE_BOUND('',#2000,.T.);
#135=FACE_BOUND('',#2001,.T.);
#136=B_SPLINE_CURVE_WITH_KNOTS('',2,(#11092,#11093,#11094),
 .UNSPECIFIED.,.F.,.F.,(3,3),(0.,1.),.UNSPECIFIED.);
#137=B_SPLINE_CURVE_WITH_KNOTS('',2,(#11097,#11098,#11099),
 .UNSPECIFIED.,.F.,.F.,(3,3),(0.,1.),.UNSPECIFIED.);
#138=B_SPLINE_CURVE_WITH_KNOTS('',2,(#11107,#11108,#11109),
 .UNSPECIFIED.,.F.,.F.,(3,3),(0.,1.),.UNSPECIFIED.);
#139=B_SPLINE_CURVE_WITH_KNOTS('',2,(#11112,#11113,#11114),
 .UNSPECIFIED.,.F.,.F.,(3,3),(0.,1.),.UNSPECIFIED.);
#140=B_SPLINE_CURVE_WITH_KNOTS('',2,(#11122,#11123,#11124),
 .UNSPECIFIED.,.F.,.F.,(3,3),(0.,1.),.UNSPECIFIED.);
#141=B_SPLINE_CURVE_WITH_KNOTS('',2,(#11127,#11128,#11129),
 .UNSPECIFIED.,.F.,.F.,(3,3),(0.,1.),.UNSPECIFIED.);
#142=B_SPLINE_CURVE_WITH_KNOTS('',2,(#11143,#11144,#11145),
 .UNSPECIFIED.,.F.,.F.,(3,3),(0.,1.),.UNSPECIFIED.);
#143=B_SPLINE_CURVE_WITH_KNOTS('',2,(#11148,#11149,#11150),
 .UNSPECIFIED.,.F.,.F.,(3,3),(0.,1.),.UNSPECIFIED.);
#144=B_SPLINE_CURVE_WITH_KNOTS('',2,(#11158,#11159,#11160),
 .UNSPECIFIED.,.F.,.F.,(3,3),(0.,1.),.UNSPECIFIED.);
#145=B_SPLINE_CURVE_WITH_KNOTS('',2,(#11163,#11164,#11165),
 .UNSPECIFIED.,.F.,.F.,(3,3),(0.,1.),.UNSPECIFIED.);
#146=B_SPLINE_CURVE_WITH_KNOTS('',2,(#11173,#11174,#11175),
 .UNSPECIFIED.,.F.,.F.,(3,3),(0.,1.),.UNSPECIFIED.);
#147=B_SPLINE_CURVE_WITH_KNOTS('',2,(#11178,#11179,#11180),
 .UNSPECIFIED.,.F.,.F.,(3,3),(0.,1.),.UNSPECIFIED.);
#148=B_SPLINE_CURVE_WITH_KNOTS('',2,(#11211,#11212,#11213),
 .UNSPECIFIED.,.F.,.F.,(3,3),(0.,1.),.UNSPECIFIED.);
#149=B_SPLINE_CURVE_WITH_KNOTS('',2,(#11217,#11218,#11219),
 .UNSPECIFIED.,.F.,.F.,(3,3),(0.,1.),.UNSPECIFIED.);
#150=B_SPLINE_CURVE_WITH_KNOTS('',2,(#11228,#11229,#11230),
 .UNSPECIFIED.,.F.,.F.,(3,3),(0.,1.),.UNSPECIFIED.);
#151=B_SPLINE_CURVE_WITH_KNOTS('',2,(#11233,#11234,#11235),
 .UNSPECIFIED.,.F.,.F.,(3,3),(0.,1.),.UNSPECIFIED.);
#152=B_SPLINE_CURVE_WITH_KNOTS('',2,(#11243,#11244,#11245),
 .UNSPECIFIED.,.F.,.F.,(3,3),(0.,1.),.UNSPECIFIED.);
#153=B_SPLINE_CURVE_WITH_KNOTS('',2,(#11248,#11249,#11250),
 .UNSPECIFIED.,.F.,.F.,(3,3),(0.,1.),.UNSPECIFIED.);
#154=B_SPLINE_CURVE_WITH_KNOTS('',2,(#11258,#11259,#11260),
 .UNSPECIFIED.,.F.,.F.,(3,3),(0.,1.),.UNSPECIFIED.);
#155=B_SPLINE_CURVE_WITH_KNOTS('',2,(#11263,#11264,#11265),
 .UNSPECIFIED.,.F.,.F.,(3,3),(0.,1.),.UNSPECIFIED.);
#156=B_SPLINE_CURVE_WITH_KNOTS('',2,(#11273,#11274,#11275),
 .UNSPECIFIED.,.F.,.F.,(3,3),(0.,1.),.UNSPECIFIED.);
#157=B_SPLINE_CURVE_WITH_KNOTS('',2,(#11278,#11279,#11280),
 .UNSPECIFIED.,.F.,.F.,(3,3),(0.,1.),.UNSPECIFIED.);
#158=B_SPLINE_CURVE_WITH_KNOTS('',2,(#11288,#11289,#11290),
 .UNSPECIFIED.,.F.,.F.,(3,3),(0.,1.),.UNSPECIFIED.);
#159=B_SPLINE_CURVE_WITH_KNOTS('',2,(#11293,#11294,#11295),
 .UNSPECIFIED.,.F.,.F.,(3,3),(0.,1.),.UNSPECIFIED.);
#160=B_SPLINE_CURVE_WITH_KNOTS('',2,(#11303,#11304,#11305),
 .UNSPECIFIED.,.F.,.F.,(3,3),(0.,1.),.UNSPECIFIED.);
#161=B_SPLINE_CURVE_WITH_KNOTS('',2,(#11308,#11309,#11310),
 .UNSPECIFIED.,.F.,.F.,(3,3),(0.,1.),.UNSPECIFIED.);
#162=B_SPLINE_CURVE_WITH_KNOTS('',2,(#11318,#11319,#11320),
 .UNSPECIFIED.,.F.,.F.,(3,3),(0.,1.),.UNSPECIFIED.);
#163=B_SPLINE_CURVE_WITH_KNOTS('',2,(#11323,#11324,#11325),
 .UNSPECIFIED.,.F.,.F.,(3,3),(0.,1.),.UNSPECIFIED.);
#164=B_SPLINE_CURVE_WITH_KNOTS('',2,(#11337,#11338,#11339),
 .UNSPECIFIED.,.F.,.F.,(3,3),(0.,1.),.UNSPECIFIED.);
#165=B_SPLINE_CURVE_WITH_KNOTS('',2,(#11343,#11344,#11345),
 .UNSPECIFIED.,.F.,.F.,(3,3),(0.,1.),.UNSPECIFIED.);
#166=B_SPLINE_CURVE_WITH_KNOTS('',2,(#11354,#11355,#11356),
 .UNSPECIFIED.,.F.,.F.,(3,3),(0.,1.),.UNSPECIFIED.);
#167=B_SPLINE_CURVE_WITH_KNOTS('',2,(#11359,#11360,#11361),
 .UNSPECIFIED.,.F.,.F.,(3,3),(0.,1.),.UNSPECIFIED.);
#168=B_SPLINE_CURVE_WITH_KNOTS('',2,(#11369,#11370,#11371),
 .UNSPECIFIED.,.F.,.F.,(3,3),(0.,1.),.UNSPECIFIED.);
#169=B_SPLINE_CURVE_WITH_KNOTS('',2,(#11374,#11375,#11376),
 .UNSPECIFIED.,.F.,.F.,(3,3),(0.,1.),.UNSPECIFIED.);
#170=B_SPLINE_CURVE_WITH_KNOTS('',2,(#11384,#11385,#11386),
 .UNSPECIFIED.,.F.,.F.,(3,3),(0.,1.),.UNSPECIFIED.);
#171=B_SPLINE_CURVE_WITH_KNOTS('',2,(#11389,#11390,#11391),
 .UNSPECIFIED.,.F.,.F.,(3,3),(0.,1.),.UNSPECIFIED.);
#172=B_SPLINE_CURVE_WITH_KNOTS('',2,(#11399,#11400,#11401),
 .UNSPECIFIED.,.F.,.F.,(3,3),(0.,1.),.UNSPECIFIED.);
#173=B_SPLINE_CURVE_WITH_KNOTS('',2,(#11404,#11405,#11406),
 .UNSPECIFIED.,.F.,.F.,(3,3),(0.,1.),.UNSPECIFIED.);
#174=B_SPLINE_CURVE_WITH_KNOTS('',2,(#11414,#11415,#11416),
 .UNSPECIFIED.,.F.,.F.,(3,3),(0.,1.),.UNSPECIFIED.);
#175=B_SPLINE_CURVE_WITH_KNOTS('',2,(#11419,#11420,#11421),
 .UNSPECIFIED.,.F.,.F.,(3,3),(0.,1.),.UNSPECIFIED.);
#176=B_SPLINE_CURVE_WITH_KNOTS('',2,(#11429,#11430,#11431),
 .UNSPECIFIED.,.F.,.F.,(3,3),(0.,1.),.UNSPECIFIED.);
#177=B_SPLINE_CURVE_WITH_KNOTS('',2,(#11434,#11435,#11436),
 .UNSPECIFIED.,.F.,.F.,(3,3),(0.,1.),.UNSPECIFIED.);
#178=B_SPLINE_CURVE_WITH_KNOTS('',2,(#11444,#11445,#11446),
 .UNSPECIFIED.,.F.,.F.,(3,3),(0.,1.),.UNSPECIFIED.);
#179=B_SPLINE_CURVE_WITH_KNOTS('',2,(#11449,#11450,#11451),
 .UNSPECIFIED.,.F.,.F.,(3,3),(0.,1.),.UNSPECIFIED.);
#180=B_SPLINE_CURVE_WITH_KNOTS('',2,(#11459,#11460,#11461),
 .UNSPECIFIED.,.F.,.F.,(3,3),(0.,1.),.UNSPECIFIED.);
#181=B_SPLINE_CURVE_WITH_KNOTS('',2,(#11464,#11465,#11466),
 .UNSPECIFIED.,.F.,.F.,(3,3),(0.,1.),.UNSPECIFIED.);
#182=B_SPLINE_CURVE_WITH_KNOTS('',2,(#11474,#11475,#11476),
 .UNSPECIFIED.,.F.,.F.,(3,3),(0.,1.),.UNSPECIFIED.);
#183=B_SPLINE_CURVE_WITH_KNOTS('',2,(#11479,#11480,#11481),
 .UNSPECIFIED.,.F.,.F.,(3,3),(0.,1.),.UNSPECIFIED.);
#184=B_SPLINE_CURVE_WITH_KNOTS('',2,(#11489,#11490,#11491),
 .UNSPECIFIED.,.F.,.F.,(3,3),(0.,1.),.UNSPECIFIED.);
#185=B_SPLINE_CURVE_WITH_KNOTS('',2,(#11494,#11495,#11496),
 .UNSPECIFIED.,.F.,.F.,(3,3),(0.,1.),.UNSPECIFIED.);
#186=B_SPLINE_CURVE_WITH_KNOTS('',2,(#11504,#11505,#11506),
 .UNSPECIFIED.,.F.,.F.,(3,3),(0.,1.),.UNSPECIFIED.);
#187=B_SPLINE_CURVE_WITH_KNOTS('',2,(#11509,#11510,#11511),
 .UNSPECIFIED.,.F.,.F.,(3,3),(0.,1.),.UNSPECIFIED.);
#188=B_SPLINE_CURVE_WITH_KNOTS('',2,(#11525,#11526,#11527),
 .UNSPECIFIED.,.F.,.F.,(3,3),(0.,1.),.UNSPECIFIED.);
#189=B_SPLINE_CURVE_WITH_KNOTS('',2,(#11530,#11531,#11532),
 .UNSPECIFIED.,.F.,.F.,(3,3),(0.,1.),.UNSPECIFIED.);
#190=B_SPLINE_CURVE_WITH_KNOTS('',2,(#11540,#11541,#11542),
 .UNSPECIFIED.,.F.,.F.,(3,3),(0.,1.),.UNSPECIFIED.);
#191=B_SPLINE_CURVE_WITH_KNOTS('',2,(#11545,#11546,#11547),
 .UNSPECIFIED.,.F.,.F.,(3,3),(0.,1.),.UNSPECIFIED.);
#192=B_SPLINE_CURVE_WITH_KNOTS('',2,(#11561,#11562,#11563),
 .UNSPECIFIED.,.F.,.F.,(3,3),(0.,1.),.UNSPECIFIED.);
#193=B_SPLINE_CURVE_WITH_KNOTS('',2,(#11566,#11567,#11568),
 .UNSPECIFIED.,.F.,.F.,(3,3),(0.,1.),.UNSPECIFIED.);
#194=B_SPLINE_CURVE_WITH_KNOTS('',2,(#11576,#11577,#11578),
 .UNSPECIFIED.,.F.,.F.,(3,3),(0.,1.),.UNSPECIFIED.);
#195=B_SPLINE_CURVE_WITH_KNOTS('',2,(#11581,#11582,#11583),
 .UNSPECIFIED.,.F.,.F.,(3,3),(0.,1.),.UNSPECIFIED.);
#196=B_SPLINE_CURVE_WITH_KNOTS('',2,(#11591,#11592,#11593),
 .UNSPECIFIED.,.F.,.F.,(3,3),(0.,1.),.UNSPECIFIED.);
#197=B_SPLINE_CURVE_WITH_KNOTS('',2,(#11596,#11597,#11598),
 .UNSPECIFIED.,.F.,.F.,(3,3),(0.,1.),.UNSPECIFIED.);
#198=B_SPLINE_CURVE_WITH_KNOTS('',2,(#11606,#11607,#11608),
 .UNSPECIFIED.,.F.,.F.,(3,3),(0.,1.),.UNSPECIFIED.);
#199=B_SPLINE_CURVE_WITH_KNOTS('',2,(#11611,#11612,#11613),
 .UNSPECIFIED.,.F.,.F.,(3,3),(0.,1.),.UNSPECIFIED.);
#200=B_SPLINE_CURVE_WITH_KNOTS('',2,(#11621,#11622,#11623),
 .UNSPECIFIED.,.F.,.F.,(3,3),(0.,1.),.UNSPECIFIED.);
#201=B_SPLINE_CURVE_WITH_KNOTS('',2,(#11626,#11627,#11628),
 .UNSPECIFIED.,.F.,.F.,(3,3),(0.,1.),.UNSPECIFIED.);
#202=B_SPLINE_CURVE_WITH_KNOTS('',2,(#11636,#11637,#11638),
 .UNSPECIFIED.,.F.,.F.,(3,3),(0.,1.),.UNSPECIFIED.);
#203=B_SPLINE_CURVE_WITH_KNOTS('',2,(#11641,#11642,#11643),
 .UNSPECIFIED.,.F.,.F.,(3,3),(0.,1.),.UNSPECIFIED.);
#204=B_SPLINE_CURVE_WITH_KNOTS('',2,(#11651,#11652,#11653),
 .UNSPECIFIED.,.F.,.F.,(3,3),(0.,1.),.UNSPECIFIED.);
#205=B_SPLINE_CURVE_WITH_KNOTS('',2,(#11656,#11657,#11658),
 .UNSPECIFIED.,.F.,.F.,(3,3),(0.,1.),.UNSPECIFIED.);
#206=B_SPLINE_CURVE_WITH_KNOTS('',2,(#11666,#11667,#11668),
 .UNSPECIFIED.,.F.,.F.,(3,3),(0.,1.),.UNSPECIFIED.);
#207=B_SPLINE_CURVE_WITH_KNOTS('',2,(#11671,#11672,#11673),
 .UNSPECIFIED.,.F.,.F.,(3,3),(0.,1.),.UNSPECIFIED.);
#208=B_SPLINE_CURVE_WITH_KNOTS('',2,(#11687,#11688,#11689),
 .UNSPECIFIED.,.F.,.F.,(3,3),(0.,1.),.UNSPECIFIED.);
#209=B_SPLINE_CURVE_WITH_KNOTS('',2,(#11692,#11693,#11694),
 .UNSPECIFIED.,.F.,.F.,(3,3),(0.,1.),.UNSPECIFIED.);
#210=B_SPLINE_CURVE_WITH_KNOTS('',2,(#11701,#11702,#11703),
 .UNSPECIFIED.,.F.,.F.,(3,3),(0.,1.),.UNSPECIFIED.);
#211=B_SPLINE_CURVE_WITH_KNOTS('',2,(#11704,#11705,#11706),
 .UNSPECIFIED.,.F.,.F.,(3,3),(0.,1.),.UNSPECIFIED.);
#212=B_SPLINE_CURVE_WITH_KNOTS('',2,(#11716,#11717,#11718),
 .UNSPECIFIED.,.F.,.F.,(3,3),(0.,1.),.UNSPECIFIED.);
#213=B_SPLINE_CURVE_WITH_KNOTS('',2,(#11722,#11723,#11724),
 .UNSPECIFIED.,.F.,.F.,(3,3),(0.,1.),.UNSPECIFIED.);
#214=B_SPLINE_CURVE_WITH_KNOTS('',2,(#11733,#11734,#11735),
 .UNSPECIFIED.,.F.,.F.,(3,3),(0.,1.),.UNSPECIFIED.);
#215=B_SPLINE_CURVE_WITH_KNOTS('',2,(#11738,#11739,#11740),
 .UNSPECIFIED.,.F.,.F.,(3,3),(0.,1.),.UNSPECIFIED.);
#216=B_SPLINE_CURVE_WITH_KNOTS('',2,(#11748,#11749,#11750),
 .UNSPECIFIED.,.F.,.F.,(3,3),(0.,1.),.UNSPECIFIED.);
#217=B_SPLINE_CURVE_WITH_KNOTS('',2,(#11753,#11754,#11755),
 .UNSPECIFIED.,.F.,.F.,(3,3),(0.,1.),.UNSPECIFIED.);
#218=B_SPLINE_CURVE_WITH_KNOTS('',2,(#11763,#11764,#11765),
 .UNSPECIFIED.,.F.,.F.,(3,3),(0.,1.),.UNSPECIFIED.);
#219=B_SPLINE_CURVE_WITH_KNOTS('',2,(#11768,#11769,#11770),
 .UNSPECIFIED.,.F.,.F.,(3,3),(0.,1.),.UNSPECIFIED.);
#220=B_SPLINE_CURVE_WITH_KNOTS('',2,(#11778,#11779,#11780),
 .UNSPECIFIED.,.F.,.F.,(3,3),(0.,1.),.UNSPECIFIED.);
#221=B_SPLINE_CURVE_WITH_KNOTS('',2,(#11783,#11784,#11785),
 .UNSPECIFIED.,.F.,.F.,(3,3),(0.,1.),.UNSPECIFIED.);
#222=B_SPLINE_CURVE_WITH_KNOTS('',2,(#11793,#11794,#11795),
 .UNSPECIFIED.,.F.,.F.,(3,3),(0.,1.),.UNSPECIFIED.);
#223=B_SPLINE_CURVE_WITH_KNOTS('',2,(#11798,#11799,#11800),
 .UNSPECIFIED.,.F.,.F.,(3,3),(0.,1.),.UNSPECIFIED.);
#224=B_SPLINE_CURVE_WITH_KNOTS('',2,(#11808,#11809,#11810),
 .UNSPECIFIED.,.F.,.F.,(3,3),(0.,1.),.UNSPECIFIED.);
#225=B_SPLINE_CURVE_WITH_KNOTS('',2,(#11813,#11814,#11815),
 .UNSPECIFIED.,.F.,.F.,(3,3),(0.,1.),.UNSPECIFIED.);
#226=B_SPLINE_CURVE_WITH_KNOTS('',2,(#11823,#11824,#11825),
 .UNSPECIFIED.,.F.,.F.,(3,3),(0.,1.),.UNSPECIFIED.);
#227=B_SPLINE_CURVE_WITH_KNOTS('',2,(#11828,#11829,#11830),
 .UNSPECIFIED.,.F.,.F.,(3,3),(0.,1.),.UNSPECIFIED.);
#228=B_SPLINE_CURVE_WITH_KNOTS('',2,(#11842,#11843,#11844),
 .UNSPECIFIED.,.F.,.F.,(3,3),(0.,1.),.UNSPECIFIED.);
#229=B_SPLINE_CURVE_WITH_KNOTS('',2,(#11848,#11849,#11850),
 .UNSPECIFIED.,.F.,.F.,(3,3),(0.,1.),.UNSPECIFIED.);
#230=B_SPLINE_CURVE_WITH_KNOTS('',2,(#11859,#11860,#11861),
 .UNSPECIFIED.,.F.,.F.,(3,3),(0.,1.),.UNSPECIFIED.);
#231=B_SPLINE_CURVE_WITH_KNOTS('',2,(#11864,#11865,#11866),
 .UNSPECIFIED.,.F.,.F.,(3,3),(0.,1.),.UNSPECIFIED.);
#232=B_SPLINE_CURVE_WITH_KNOTS('',2,(#11874,#11875,#11876),
 .UNSPECIFIED.,.F.,.F.,(3,3),(0.,1.),.UNSPECIFIED.);
#233=B_SPLINE_CURVE_WITH_KNOTS('',2,(#11879,#11880,#11881),
 .UNSPECIFIED.,.F.,.F.,(3,3),(0.,1.),.UNSPECIFIED.);
#234=B_SPLINE_CURVE_WITH_KNOTS('',2,(#11889,#11890,#11891),
 .UNSPECIFIED.,.F.,.F.,(3,3),(0.,1.),.UNSPECIFIED.);
#235=B_SPLINE_CURVE_WITH_KNOTS('',2,(#11894,#11895,#11896),
 .UNSPECIFIED.,.F.,.F.,(3,3),(0.,1.),.UNSPECIFIED.);
#236=B_SPLINE_CURVE_WITH_KNOTS('',2,(#11904,#11905,#11906),
 .UNSPECIFIED.,.F.,.F.,(3,3),(0.,1.),.UNSPECIFIED.);
#237=B_SPLINE_CURVE_WITH_KNOTS('',2,(#11909,#11910,#11911),
 .UNSPECIFIED.,.F.,.F.,(3,3),(0.,1.),.UNSPECIFIED.);
#238=B_SPLINE_CURVE_WITH_KNOTS('',2,(#11919,#11920,#11921),
 .UNSPECIFIED.,.F.,.F.,(3,3),(0.,1.),.UNSPECIFIED.);
#239=B_SPLINE_CURVE_WITH_KNOTS('',2,(#11924,#11925,#11926),
 .UNSPECIFIED.,.F.,.F.,(3,3),(0.,1.),.UNSPECIFIED.);
#240=B_SPLINE_CURVE_WITH_KNOTS('',2,(#11934,#11935,#11936),
 .UNSPECIFIED.,.F.,.F.,(3,3),(0.,1.),.UNSPECIFIED.);
#241=B_SPLINE_CURVE_WITH_KNOTS('',2,(#11939,#11940,#11941),
 .UNSPECIFIED.,.F.,.F.,(3,3),(0.,1.),.UNSPECIFIED.);
#242=B_SPLINE_CURVE_WITH_KNOTS('',2,(#11949,#11950,#11951),
 .UNSPECIFIED.,.F.,.F.,(3,3),(0.,1.),.UNSPECIFIED.);
#243=B_SPLINE_CURVE_WITH_KNOTS('',2,(#11954,#11955,#11956),
 .UNSPECIFIED.,.F.,.F.,(3,3),(0.,1.),.UNSPECIFIED.);
#244=B_SPLINE_CURVE_WITH_KNOTS('',2,(#11964,#11965,#11966),
 .UNSPECIFIED.,.F.,.F.,(3,3),(0.,1.),.UNSPECIFIED.);
#245=B_SPLINE_CURVE_WITH_KNOTS('',2,(#11969,#11970,#11971),
 .UNSPECIFIED.,.F.,.F.,(3,3),(0.,1.),.UNSPECIFIED.);
#246=B_SPLINE_CURVE_WITH_KNOTS('',2,(#11979,#11980,#11981),
 .UNSPECIFIED.,.F.,.F.,(3,3),(0.,1.),.UNSPECIFIED.);
#247=B_SPLINE_CURVE_WITH_KNOTS('',2,(#11984,#11985,#11986),
 .UNSPECIFIED.,.F.,.F.,(3,3),(0.,1.),.UNSPECIFIED.);
#248=B_SPLINE_CURVE_WITH_KNOTS('',2,(#11994,#11995,#11996),
 .UNSPECIFIED.,.F.,.F.,(3,3),(0.,1.),.UNSPECIFIED.);
#249=B_SPLINE_CURVE_WITH_KNOTS('',2,(#11999,#12000,#12001),
 .UNSPECIFIED.,.F.,.F.,(3,3),(0.,1.),.UNSPECIFIED.);
#250=B_SPLINE_CURVE_WITH_KNOTS('',2,(#12009,#12010,#12011),
 .UNSPECIFIED.,.F.,.F.,(3,3),(0.,1.),.UNSPECIFIED.);
#251=B_SPLINE_CURVE_WITH_KNOTS('',2,(#12014,#12015,#12016),
 .UNSPECIFIED.,.F.,.F.,(3,3),(0.,1.),.UNSPECIFIED.);
#252=B_SPLINE_CURVE_WITH_KNOTS('',2,(#12030,#12031,#12032),
 .UNSPECIFIED.,.F.,.F.,(3,3),(0.,1.),.UNSPECIFIED.);
#253=B_SPLINE_CURVE_WITH_KNOTS('',2,(#12035,#12036,#12037),
 .UNSPECIFIED.,.F.,.F.,(3,3),(0.,1.),.UNSPECIFIED.);
#254=B_SPLINE_CURVE_WITH_KNOTS('',2,(#12045,#12046,#12047),
 .UNSPECIFIED.,.F.,.F.,(3,3),(0.,1.),.UNSPECIFIED.);
#255=B_SPLINE_CURVE_WITH_KNOTS('',2,(#12050,#12051,#12052),
 .UNSPECIFIED.,.F.,.F.,(3,3),(0.,1.),.UNSPECIFIED.);
#256=B_SPLINE_CURVE_WITH_KNOTS('',2,(#12066,#12067,#12068),
 .UNSPECIFIED.,.F.,.F.,(3,3),(0.,1.),.UNSPECIFIED.);
#257=B_SPLINE_CURVE_WITH_KNOTS('',2,(#12071,#12072,#12073),
 .UNSPECIFIED.,.F.,.F.,(3,3),(0.,1.),.UNSPECIFIED.);
#258=B_SPLINE_CURVE_WITH_KNOTS('',2,(#12081,#12082,#12083),
 .UNSPECIFIED.,.F.,.F.,(3,3),(0.,1.),.UNSPECIFIED.);
#259=B_SPLINE_CURVE_WITH_KNOTS('',2,(#12086,#12087,#12088),
 .UNSPECIFIED.,.F.,.F.,(3,3),(0.,1.),.UNSPECIFIED.);
#260=B_SPLINE_CURVE_WITH_KNOTS('',2,(#12096,#12097,#12098),
 .UNSPECIFIED.,.F.,.F.,(3,3),(0.,1.),.UNSPECIFIED.);
#261=B_SPLINE_CURVE_WITH_KNOTS('',2,(#12101,#12102,#12103),
 .UNSPECIFIED.,.F.,.F.,(3,3),(0.,1.),.UNSPECIFIED.);
#262=B_SPLINE_CURVE_WITH_KNOTS('',2,(#12111,#12112,#12113),
 .UNSPECIFIED.,.F.,.F.,(3,3),(0.,1.),.UNSPECIFIED.);
#263=B_SPLINE_CURVE_WITH_KNOTS('',2,(#12116,#12117,#12118),
 .UNSPECIFIED.,.F.,.F.,(3,3),(0.,1.),.UNSPECIFIED.);
#264=B_SPLINE_CURVE_WITH_KNOTS('',2,(#12126,#12127,#12128),
 .UNSPECIFIED.,.F.,.F.,(3,3),(0.,1.),.UNSPECIFIED.);
#265=B_SPLINE_CURVE_WITH_KNOTS('',2,(#12131,#12132,#12133),
 .UNSPECIFIED.,.F.,.F.,(3,3),(0.,1.),.UNSPECIFIED.);
#266=B_SPLINE_CURVE_WITH_KNOTS('',2,(#12141,#12142,#12143),
 .UNSPECIFIED.,.F.,.F.,(3,3),(0.,1.),.UNSPECIFIED.);
#267=B_SPLINE_CURVE_WITH_KNOTS('',2,(#12146,#12147,#12148),
 .UNSPECIFIED.,.F.,.F.,(3,3),(0.,1.),.UNSPECIFIED.);
#268=B_SPLINE_CURVE_WITH_KNOTS('',2,(#12156,#12157,#12158),
 .UNSPECIFIED.,.F.,.F.,(3,3),(0.,1.),.UNSPECIFIED.);
#269=B_SPLINE_CURVE_WITH_KNOTS('',2,(#12161,#12162,#12163),
 .UNSPECIFIED.,.F.,.F.,(3,3),(0.,1.),.UNSPECIFIED.);
#270=B_SPLINE_CURVE_WITH_KNOTS('',2,(#12171,#12172,#12173),
 .UNSPECIFIED.,.F.,.F.,(3,3),(0.,1.),.UNSPECIFIED.);
#271=B_SPLINE_CURVE_WITH_KNOTS('',2,(#12176,#12177,#12178),
 .UNSPECIFIED.,.F.,.F.,(3,3),(0.,1.),.UNSPECIFIED.);
#272=B_SPLINE_CURVE_WITH_KNOTS('',2,(#12192,#12193,#12194),
 .UNSPECIFIED.,.F.,.F.,(3,3),(0.,1.),.UNSPECIFIED.);
#273=B_SPLINE_CURVE_WITH_KNOTS('',2,(#12197,#12198,#12199),
 .UNSPECIFIED.,.F.,.F.,(3,3),(0.,1.),.UNSPECIFIED.);
#274=B_SPLINE_CURVE_WITH_KNOTS('',2,(#12206,#12207,#12208),
 .UNSPECIFIED.,.F.,.F.,(3,3),(0.,1.),.UNSPECIFIED.);
#275=B_SPLINE_CURVE_WITH_KNOTS('',2,(#12209,#12210,#12211),
 .UNSPECIFIED.,.F.,.F.,(3,3),(0.,1.),.UNSPECIFIED.);
#276=B_SPLINE_CURVE_WITH_KNOTS('',2,(#12223,#12224,#12225),
 .UNSPECIFIED.,.F.,.F.,(3,3),(0.,1.),.UNSPECIFIED.);
#277=B_SPLINE_CURVE_WITH_KNOTS('',2,(#12229,#12230,#12231),
 .UNSPECIFIED.,.F.,.F.,(3,3),(0.,1.),.UNSPECIFIED.);
#278=B_SPLINE_CURVE_WITH_KNOTS('',2,(#12240,#12241,#12242),
 .UNSPECIFIED.,.F.,.F.,(3,3),(0.,1.),.UNSPECIFIED.);
#279=B_SPLINE_CURVE_WITH_KNOTS('',2,(#12245,#12246,#12247),
 .UNSPECIFIED.,.F.,.F.,(3,3),(0.,1.),.UNSPECIFIED.);
#280=B_SPLINE_CURVE_WITH_KNOTS('',2,(#12255,#12256,#12257),
 .UNSPECIFIED.,.F.,.F.,(3,3),(0.,1.),.UNSPECIFIED.);
#281=B_SPLINE_CURVE_WITH_KNOTS('',2,(#12260,#12261,#12262),
 .UNSPECIFIED.,.F.,.F.,(3,3),(0.,1.),.UNSPECIFIED.);
#282=B_SPLINE_CURVE_WITH_KNOTS('',2,(#12270,#12271,#12272),
 .UNSPECIFIED.,.F.,.F.,(3,3),(0.,1.),.UNSPECIFIED.);
#283=B_SPLINE_CURVE_WITH_KNOTS('',2,(#12275,#12276,#12277),
 .UNSPECIFIED.,.F.,.F.,(3,3),(0.,1.),.UNSPECIFIED.);
#284=B_SPLINE_CURVE_WITH_KNOTS('',2,(#12285,#12286,#12287),
 .UNSPECIFIED.,.F.,.F.,(3,3),(0.,1.),.UNSPECIFIED.);
#285=B_SPLINE_CURVE_WITH_KNOTS('',2,(#12290,#12291,#12292),
 .UNSPECIFIED.,.F.,.F.,(3,3),(0.,1.),.UNSPECIFIED.);
#286=B_SPLINE_CURVE_WITH_KNOTS('',2,(#12300,#12301,#12302),
 .UNSPECIFIED.,.F.,.F.,(3,3),(0.,1.),.UNSPECIFIED.);
#287=B_SPLINE_CURVE_WITH_KNOTS('',2,(#12305,#12306,#12307),
 .UNSPECIFIED.,.F.,.F.,(3,3),(0.,1.),.UNSPECIFIED.);
#288=B_SPLINE_CURVE_WITH_KNOTS('',2,(#12315,#12316,#12317),
 .UNSPECIFIED.,.F.,.F.,(3,3),(0.,1.),.UNSPECIFIED.);
#289=B_SPLINE_CURVE_WITH_KNOTS('',2,(#12320,#12321,#12322),
 .UNSPECIFIED.,.F.,.F.,(3,3),(0.,1.),.UNSPECIFIED.);
#290=B_SPLINE_CURVE_WITH_KNOTS('',2,(#12329,#12330,#12331),
 .UNSPECIFIED.,.F.,.F.,(3,3),(0.,1.),.UNSPECIFIED.);
#291=B_SPLINE_CURVE_WITH_KNOTS('',2,(#12332,#12333,#12334),
 .UNSPECIFIED.,.F.,.F.,(3,3),(0.,1.),.UNSPECIFIED.);
#292=B_SPLINE_CURVE_WITH_KNOTS('',2,(#12343,#12344,#12345),
 .UNSPECIFIED.,.F.,.F.,(3,3),(0.,1.),.UNSPECIFIED.);
#293=B_SPLINE_CURVE_WITH_KNOTS('',2,(#12349,#12350,#12351),
 .UNSPECIFIED.,.F.,.F.,(3,3),(0.,1.),.UNSPECIFIED.);
#294=B_SPLINE_CURVE_WITH_KNOTS('',2,(#12360,#12361,#12362),
 .UNSPECIFIED.,.F.,.F.,(3,3),(0.,1.),.UNSPECIFIED.);
#295=B_SPLINE_CURVE_WITH_KNOTS('',2,(#12365,#12366,#12367),
 .UNSPECIFIED.,.F.,.F.,(3,3),(0.,1.),.UNSPECIFIED.);
#296=B_SPLINE_CURVE_WITH_KNOTS('',2,(#12375,#12376,#12377),
 .UNSPECIFIED.,.F.,.F.,(3,3),(0.,1.),.UNSPECIFIED.);
#297=B_SPLINE_CURVE_WITH_KNOTS('',2,(#12380,#12381,#12382),
 .UNSPECIFIED.,.F.,.F.,(3,3),(0.,1.),.UNSPECIFIED.);
#298=B_SPLINE_CURVE_WITH_KNOTS('',2,(#12390,#12391,#12392),
 .UNSPECIFIED.,.F.,.F.,(3,3),(0.,1.),.UNSPECIFIED.);
#299=B_SPLINE_CURVE_WITH_KNOTS('',2,(#12395,#12396,#12397),
 .UNSPECIFIED.,.F.,.F.,(3,3),(0.,1.),.UNSPECIFIED.);
#300=B_SPLINE_CURVE_WITH_KNOTS('',2,(#12405,#12406,#12407),
 .UNSPECIFIED.,.F.,.F.,(3,3),(0.,1.),.UNSPECIFIED.);
#301=B_SPLINE_CURVE_WITH_KNOTS('',2,(#12410,#12411,#12412),
 .UNSPECIFIED.,.F.,.F.,(3,3),(0.,1.),.UNSPECIFIED.);
#302=B_SPLINE_CURVE_WITH_KNOTS('',2,(#12420,#12421,#12422),
 .UNSPECIFIED.,.F.,.F.,(3,3),(0.,1.),.UNSPECIFIED.);
#303=B_SPLINE_CURVE_WITH_KNOTS('',2,(#12425,#12426,#12427),
 .UNSPECIFIED.,.F.,.F.,(3,3),(0.,1.),.UNSPECIFIED.);
#304=B_SPLINE_CURVE_WITH_KNOTS('',2,(#12435,#12436,#12437),
 .UNSPECIFIED.,.F.,.F.,(3,3),(0.,1.),.UNSPECIFIED.);
#305=B_SPLINE_CURVE_WITH_KNOTS('',2,(#12440,#12441,#12442),
 .UNSPECIFIED.,.F.,.F.,(3,3),(0.,1.),.UNSPECIFIED.);
#306=B_SPLINE_CURVE_WITH_KNOTS('',2,(#12449,#12450,#12451),
 .UNSPECIFIED.,.F.,.F.,(3,3),(0.,1.),.UNSPECIFIED.);
#307=B_SPLINE_CURVE_WITH_KNOTS('',2,(#12452,#12453,#12454),
 .UNSPECIFIED.,.F.,.F.,(3,3),(0.,1.),.UNSPECIFIED.);
#308=B_SPLINE_CURVE_WITH_KNOTS('',2,(#12464,#12465,#12466),
 .UNSPECIFIED.,.F.,.F.,(3,3),(0.,1.),.UNSPECIFIED.);
#309=B_SPLINE_CURVE_WITH_KNOTS('',2,(#12470,#12471,#12472),
 .UNSPECIFIED.,.F.,.F.,(3,3),(0.,1.),.UNSPECIFIED.);
#310=B_SPLINE_CURVE_WITH_KNOTS('',2,(#12481,#12482,#12483),
 .UNSPECIFIED.,.F.,.F.,(3,3),(0.,1.),.UNSPECIFIED.);
#311=B_SPLINE_CURVE_WITH_KNOTS('',2,(#12486,#12487,#12488),
 .UNSPECIFIED.,.F.,.F.,(3,3),(0.,1.),.UNSPECIFIED.);
#312=B_SPLINE_CURVE_WITH_KNOTS('',2,(#12496,#12497,#12498),
 .UNSPECIFIED.,.F.,.F.,(3,3),(0.,1.),.UNSPECIFIED.);
#313=B_SPLINE_CURVE_WITH_KNOTS('',2,(#12501,#12502,#12503),
 .UNSPECIFIED.,.F.,.F.,(3,3),(0.,1.),.UNSPECIFIED.);
#314=B_SPLINE_CURVE_WITH_KNOTS('',2,(#12511,#12512,#12513),
 .UNSPECIFIED.,.F.,.F.,(3,3),(0.,1.),.UNSPECIFIED.);
#315=B_SPLINE_CURVE_WITH_KNOTS('',2,(#12516,#12517,#12518),
 .UNSPECIFIED.,.F.,.F.,(3,3),(0.,1.),.UNSPECIFIED.);
#316=B_SPLINE_CURVE_WITH_KNOTS('',2,(#12526,#12527,#12528),
 .UNSPECIFIED.,.F.,.F.,(3,3),(0.,1.),.UNSPECIFIED.);
#317=B_SPLINE_CURVE_WITH_KNOTS('',2,(#12531,#12532,#12533),
 .UNSPECIFIED.,.F.,.F.,(3,3),(0.,1.),.UNSPECIFIED.);
#318=B_SPLINE_CURVE_WITH_KNOTS('',2,(#12541,#12542,#12543),
 .UNSPECIFIED.,.F.,.F.,(3,3),(0.,1.),.UNSPECIFIED.);
#319=B_SPLINE_CURVE_WITH_KNOTS('',2,(#12546,#12547,#12548),
 .UNSPECIFIED.,.F.,.F.,(3,3),(0.,1.),.UNSPECIFIED.);
#320=B_SPLINE_CURVE_WITH_KNOTS('',2,(#12556,#12557,#12558),
 .UNSPECIFIED.,.F.,.F.,(3,3),(0.,1.),.UNSPECIFIED.);
#321=B_SPLINE_CURVE_WITH_KNOTS('',2,(#12561,#12562,#12563),
 .UNSPECIFIED.,.F.,.F.,(3,3),(0.,1.),.UNSPECIFIED.);
#322=B_SPLINE_CURVE_WITH_KNOTS('',2,(#12571,#12572,#12573),
 .UNSPECIFIED.,.F.,.F.,(3,3),(0.,1.),.UNSPECIFIED.);
#323=B_SPLINE_CURVE_WITH_KNOTS('',2,(#12576,#12577,#12578),
 .UNSPECIFIED.,.F.,.F.,(3,3),(0.,1.),.UNSPECIFIED.);
#324=B_SPLINE_CURVE_WITH_KNOTS('',2,(#12590,#12591,#12592),
 .UNSPECIFIED.,.F.,.F.,(3,3),(0.,1.),.UNSPECIFIED.);
#325=B_SPLINE_CURVE_WITH_KNOTS('',2,(#12596,#12597,#12598),
 .UNSPECIFIED.,.F.,.F.,(3,3),(0.,1.),.UNSPECIFIED.);
#326=B_SPLINE_CURVE_WITH_KNOTS('',2,(#12607,#12608,#12609),
 .UNSPECIFIED.,.F.,.F.,(3,3),(0.,1.),.UNSPECIFIED.);
#327=B_SPLINE_CURVE_WITH_KNOTS('',2,(#12612,#12613,#12614),
 .UNSPECIFIED.,.F.,.F.,(3,3),(0.,1.),.UNSPECIFIED.);
#328=B_SPLINE_CURVE_WITH_KNOTS('',2,(#12622,#12623,#12624),
 .UNSPECIFIED.,.F.,.F.,(3,3),(0.,1.),.UNSPECIFIED.);
#329=B_SPLINE_CURVE_WITH_KNOTS('',2,(#12627,#12628,#12629),
 .UNSPECIFIED.,.F.,.F.,(3,3),(0.,1.),.UNSPECIFIED.);
#330=B_SPLINE_CURVE_WITH_KNOTS('',2,(#12637,#12638,#12639),
 .UNSPECIFIED.,.F.,.F.,(3,3),(0.,1.),.UNSPECIFIED.);
#331=B_SPLINE_CURVE_WITH_KNOTS('',2,(#12642,#12643,#12644),
 .UNSPECIFIED.,.F.,.F.,(3,3),(0.,1.),.UNSPECIFIED.);
#332=B_SPLINE_CURVE_WITH_KNOTS('',2,(#12652,#12653,#12654),
 .UNSPECIFIED.,.F.,.F.,(3,3),(0.,1.),.UNSPECIFIED.);
#333=B_SPLINE_CURVE_WITH_KNOTS('',2,(#12657,#12658,#12659),
 .UNSPECIFIED.,.F.,.F.,(3,3),(0.,1.),.UNSPECIFIED.);
#334=B_SPLINE_CURVE_WITH_KNOTS('',2,(#12667,#12668,#12669),
 .UNSPECIFIED.,.F.,.F.,(3,3),(0.,1.),.UNSPECIFIED.);
#335=B_SPLINE_CURVE_WITH_KNOTS('',2,(#12672,#12673,#12674),
 .UNSPECIFIED.,.F.,.F.,(3,3),(0.,1.),.UNSPECIFIED.);
#336=B_SPLINE_CURVE_WITH_KNOTS('',2,(#12682,#12683,#12684),
 .UNSPECIFIED.,.F.,.F.,(3,3),(0.,1.),.UNSPECIFIED.);
#337=B_SPLINE_CURVE_WITH_KNOTS('',2,(#12687,#12688,#12689),
 .UNSPECIFIED.,.F.,.F.,(3,3),(0.,1.),.UNSPECIFIED.);
#338=B_SPLINE_CURVE_WITH_KNOTS('',2,(#12697,#12698,#12699),
 .UNSPECIFIED.,.F.,.F.,(3,3),(0.,1.),.UNSPECIFIED.);
#339=B_SPLINE_CURVE_WITH_KNOTS('',2,(#12702,#12703,#12704),
 .UNSPECIFIED.,.F.,.F.,(3,3),(0.,1.),.UNSPECIFIED.);
#340=B_SPLINE_CURVE_WITH_KNOTS('',2,(#12712,#12713,#12714),
 .UNSPECIFIED.,.F.,.F.,(3,3),(0.,1.),.UNSPECIFIED.);
#341=B_SPLINE_CURVE_WITH_KNOTS('',2,(#12717,#12718,#12719),
 .UNSPECIFIED.,.F.,.F.,(3,3),(0.,1.),.UNSPECIFIED.);
#342=B_SPLINE_CURVE_WITH_KNOTS('',2,(#12727,#12728,#12729),
 .UNSPECIFIED.,.F.,.F.,(3,3),(0.,1.),.UNSPECIFIED.);
#343=B_SPLINE_CURVE_WITH_KNOTS('',2,(#12732,#12733,#12734),
 .UNSPECIFIED.,.F.,.F.,(3,3),(0.,1.),.UNSPECIFIED.);
#344=B_SPLINE_CURVE_WITH_KNOTS('',2,(#12742,#12743,#12744),
 .UNSPECIFIED.,.F.,.F.,(3,3),(0.,1.),.UNSPECIFIED.);
#345=B_SPLINE_CURVE_WITH_KNOTS('',2,(#12747,#12748,#12749),
 .UNSPECIFIED.,.F.,.F.,(3,3),(0.,1.),.UNSPECIFIED.);
#346=B_SPLINE_CURVE_WITH_KNOTS('',2,(#12757,#12758,#12759),
 .UNSPECIFIED.,.F.,.F.,(3,3),(0.,1.),.UNSPECIFIED.);
#347=B_SPLINE_CURVE_WITH_KNOTS('',2,(#12762,#12763,#12764),
 .UNSPECIFIED.,.F.,.F.,(3,3),(0.,1.),.UNSPECIFIED.);
#348=B_SPLINE_CURVE_WITH_KNOTS('',2,(#12778,#12779,#12780),
 .UNSPECIFIED.,.F.,.F.,(3,3),(0.,1.),.UNSPECIFIED.);
#349=B_SPLINE_CURVE_WITH_KNOTS('',2,(#12783,#12784,#12785),
 .UNSPECIFIED.,.F.,.F.,(3,3),(0.,1.),.UNSPECIFIED.);
#350=B_SPLINE_CURVE_WITH_KNOTS('',2,(#12793,#12794,#12795),
 .UNSPECIFIED.,.F.,.F.,(3,3),(0.,1.),.UNSPECIFIED.);
#351=B_SPLINE_CURVE_WITH_KNOTS('',2,(#12798,#12799,#12800),
 .UNSPECIFIED.,.F.,.F.,(3,3),(0.,1.),.UNSPECIFIED.);
#352=B_SPLINE_CURVE_WITH_KNOTS('',2,(#12814,#12815,#12816),
 .UNSPECIFIED.,.F.,.F.,(3,3),(0.,1.),.UNSPECIFIED.);
#353=B_SPLINE_CURVE_WITH_KNOTS('',2,(#12819,#12820,#12821),
 .UNSPECIFIED.,.F.,.F.,(3,3),(0.,1.),.UNSPECIFIED.);
#354=B_SPLINE_CURVE_WITH_KNOTS('',2,(#12829,#12830,#12831),
 .UNSPECIFIED.,.F.,.F.,(3,3),(0.,1.),.UNSPECIFIED.);
#355=B_SPLINE_CURVE_WITH_KNOTS('',2,(#12834,#12835,#12836),
 .UNSPECIFIED.,.F.,.F.,(3,3),(0.,1.),.UNSPECIFIED.);
#356=B_SPLINE_CURVE_WITH_KNOTS('',2,(#12844,#12845,#12846),
 .UNSPECIFIED.,.F.,.F.,(3,3),(0.,1.),.UNSPECIFIED.);
#357=B_SPLINE_CURVE_WITH_KNOTS('',2,(#12849,#12850,#12851),
 .UNSPECIFIED.,.F.,.F.,(3,3),(0.,1.),.UNSPECIFIED.);
#358=B_SPLINE_CURVE_WITH_KNOTS('',2,(#12859,#12860,#12861),
 .UNSPECIFIED.,.F.,.F.,(3,3),(0.,1.),.UNSPECIFIED.);
#359=B_SPLINE_CURVE_WITH_KNOTS('',2,(#12864,#12865,#12866),
 .UNSPECIFIED.,.F.,.F.,(3,3),(0.,1.),.UNSPECIFIED.);
#360=B_SPLINE_CURVE_WITH_KNOTS('',2,(#12874,#12875,#12876),
 .UNSPECIFIED.,.F.,.F.,(3,3),(0.,1.),.UNSPECIFIED.);
#361=B_SPLINE_CURVE_WITH_KNOTS('',2,(#12879,#12880,#12881),
 .UNSPECIFIED.,.F.,.F.,(3,3),(0.,1.),.UNSPECIFIED.);
#362=B_SPLINE_CURVE_WITH_KNOTS('',2,(#12889,#12890,#12891),
 .UNSPECIFIED.,.F.,.F.,(3,3),(0.,1.),.UNSPECIFIED.);
#363=B_SPLINE_CURVE_WITH_KNOTS('',2,(#12894,#12895,#12896),
 .UNSPECIFIED.,.F.,.F.,(3,3),(0.,1.),.UNSPECIFIED.);
#364=B_SPLINE_CURVE_WITH_KNOTS('',2,(#12904,#12905,#12906),
 .UNSPECIFIED.,.F.,.F.,(3,3),(0.,1.),.UNSPECIFIED.);
#365=B_SPLINE_CURVE_WITH_KNOTS('',2,(#12909,#12910,#12911),
 .UNSPECIFIED.,.F.,.F.,(3,3),(0.,1.),.UNSPECIFIED.);
#366=B_SPLINE_CURVE_WITH_KNOTS('',2,(#12919,#12920,#12921),
 .UNSPECIFIED.,.F.,.F.,(3,3),(0.,1.),.UNSPECIFIED.);
#367=B_SPLINE_CURVE_WITH_KNOTS('',2,(#12924,#12925,#12926),
 .UNSPECIFIED.,.F.,.F.,(3,3),(0.,1.),.UNSPECIFIED.);
#368=B_SPLINE_CURVE_WITH_KNOTS('',2,(#12940,#12941,#12942),
 .UNSPECIFIED.,.F.,.F.,(3,3),(0.,1.),.UNSPECIFIED.);
#369=B_SPLINE_CURVE_WITH_KNOTS('',2,(#12945,#12946,#12947),
 .UNSPECIFIED.,.F.,.F.,(3,3),(0.,1.),.UNSPECIFIED.);
#370=B_SPLINE_CURVE_WITH_KNOTS('',2,(#12954,#12955,#12956),
 .UNSPECIFIED.,.F.,.F.,(3,3),(0.,1.),.UNSPECIFIED.);
#371=B_SPLINE_CURVE_WITH_KNOTS('',2,(#12957,#12958,#12959),
 .UNSPECIFIED.,.F.,.F.,(3,3),(0.,1.),.UNSPECIFIED.);
#372=B_SPLINE_CURVE_WITH_KNOTS('',2,(#12977,#12978,#12979),
 .UNSPECIFIED.,.F.,.F.,(3,3),(0.,1.),.UNSPECIFIED.);
#373=B_SPLINE_CURVE_WITH_KNOTS('',2,(#12982,#12983,#12984),
 .UNSPECIFIED.,.F.,.F.,(3,3),(0.,1.),.UNSPECIFIED.);
#374=B_SPLINE_CURVE_WITH_KNOTS('',2,(#12992,#12993,#12994),
 .UNSPECIFIED.,.F.,.F.,(3,3),(0.,1.),.UNSPECIFIED.);
#375=B_SPLINE_CURVE_WITH_KNOTS('',2,(#12997,#12998,#12999),
 .UNSPECIFIED.,.F.,.F.,(3,3),(0.,1.),.UNSPECIFIED.);
#376=B_SPLINE_CURVE_WITH_KNOTS('',2,(#13007,#13008,#13009),
 .UNSPECIFIED.,.F.,.F.,(3,3),(0.,1.),.UNSPECIFIED.);
#377=B_SPLINE_CURVE_WITH_KNOTS('',2,(#13012,#13013,#13014),
 .UNSPECIFIED.,.F.,.F.,(3,3),(0.,1.),.UNSPECIFIED.);
#378=B_SPLINE_CURVE_WITH_KNOTS('',2,(#13028,#13029,#13030),
 .UNSPECIFIED.,.F.,.F.,(3,3),(0.,1.),.UNSPECIFIED.);
#379=B_SPLINE_CURVE_WITH_KNOTS('',2,(#13033,#13034,#13035),
 .UNSPECIFIED.,.F.,.F.,(3,3),(0.,1.),.UNSPECIFIED.);
#380=B_SPLINE_CURVE_WITH_KNOTS('',2,(#13043,#13044,#13045),
 .UNSPECIFIED.,.F.,.F.,(3,3),(0.,1.),.UNSPECIFIED.);
#381=B_SPLINE_CURVE_WITH_KNOTS('',2,(#13048,#13049,#13050),
 .UNSPECIFIED.,.F.,.F.,(3,3),(0.,1.),.UNSPECIFIED.);
#382=B_SPLINE_CURVE_WITH_KNOTS('',2,(#13058,#13059,#13060),
 .UNSPECIFIED.,.F.,.F.,(3,3),(0.,1.),.UNSPECIFIED.);
#383=B_SPLINE_CURVE_WITH_KNOTS('',2,(#13063,#13064,#13065),
 .UNSPECIFIED.,.F.,.F.,(3,3),(0.,1.),.UNSPECIFIED.);
#384=B_SPLINE_CURVE_WITH_KNOTS('',2,(#13096,#13097,#13098),
 .UNSPECIFIED.,.F.,.F.,(3,3),(0.,1.),.UNSPECIFIED.);
#385=B_SPLINE_CURVE_WITH_KNOTS('',2,(#13102,#13103,#13104),
 .UNSPECIFIED.,.F.,.F.,(3,3),(0.,1.),.UNSPECIFIED.);
#386=B_SPLINE_CURVE_WITH_KNOTS('',2,(#13113,#13114,#13115),
 .UNSPECIFIED.,.F.,.F.,(3,3),(0.,1.),.UNSPECIFIED.);
#387=B_SPLINE_CURVE_WITH_KNOTS('',2,(#13118,#13119,#13120),
 .UNSPECIFIED.,.F.,.F.,(3,3),(0.,1.),.UNSPECIFIED.);
#388=B_SPLINE_CURVE_WITH_KNOTS('',2,(#13128,#13129,#13130),
 .UNSPECIFIED.,.F.,.F.,(3,3),(0.,1.),.UNSPECIFIED.);
#389=B_SPLINE_CURVE_WITH_KNOTS('',2,(#13133,#13134,#13135),
 .UNSPECIFIED.,.F.,.F.,(3,3),(0.,1.),.UNSPECIFIED.);
#390=B_SPLINE_CURVE_WITH_KNOTS('',2,(#13143,#13144,#13145),
 .UNSPECIFIED.,.F.,.F.,(3,3),(0.,1.),.UNSPECIFIED.);
#391=B_SPLINE_CURVE_WITH_KNOTS('',2,(#13148,#13149,#13150),
 .UNSPECIFIED.,.F.,.F.,(3,3),(0.,1.),.UNSPECIFIED.);
#392=B_SPLINE_CURVE_WITH_KNOTS('',2,(#13158,#13159,#13160),
 .UNSPECIFIED.,.F.,.F.,(3,3),(0.,1.),.UNSPECIFIED.);
#393=B_SPLINE_CURVE_WITH_KNOTS('',2,(#13163,#13164,#13165),
 .UNSPECIFIED.,.F.,.F.,(3,3),(0.,1.),.UNSPECIFIED.);
#394=B_SPLINE_CURVE_WITH_KNOTS('',2,(#13173,#13174,#13175),
 .UNSPECIFIED.,.F.,.F.,(3,3),(0.,1.),.UNSPECIFIED.);
#395=B_SPLINE_CURVE_WITH_KNOTS('',2,(#13178,#13179,#13180),
 .UNSPECIFIED.,.F.,.F.,(3,3),(0.,1.),.UNSPECIFIED.);
#396=B_SPLINE_CURVE_WITH_KNOTS('',2,(#13188,#13189,#13190),
 .UNSPECIFIED.,.F.,.F.,(3,3),(0.,1.),.UNSPECIFIED.);
#397=B_SPLINE_CURVE_WITH_KNOTS('',2,(#13193,#13194,#13195),
 .UNSPECIFIED.,.F.,.F.,(3,3),(0.,1.),.UNSPECIFIED.);
#398=B_SPLINE_CURVE_WITH_KNOTS('',2,(#13202,#13203,#13204),
 .UNSPECIFIED.,.F.,.F.,(3,3),(0.,1.),.UNSPECIFIED.);
#399=B_SPLINE_CURVE_WITH_KNOTS('',2,(#13205,#13206,#13207),
 .UNSPECIFIED.,.F.,.F.,(3,3),(0.,1.),.UNSPECIFIED.);
#400=B_SPLINE_CURVE_WITH_KNOTS('',2,(#13216,#13217,#13218),
 .UNSPECIFIED.,.F.,.F.,(3,3),(0.,1.),.UNSPECIFIED.);
#401=B_SPLINE_CURVE_WITH_KNOTS('',2,(#13222,#13223,#13224),
 .UNSPECIFIED.,.F.,.F.,(3,3),(0.,1.),.UNSPECIFIED.);
#402=B_SPLINE_CURVE_WITH_KNOTS('',2,(#13233,#13234,#13235),
 .UNSPECIFIED.,.F.,.F.,(3,3),(0.,1.),.UNSPECIFIED.);
#403=B_SPLINE_CURVE_WITH_KNOTS('',2,(#13238,#13239,#13240),
 .UNSPECIFIED.,.F.,.F.,(3,3),(0.,1.),.UNSPECIFIED.);
#404=B_SPLINE_CURVE_WITH_KNOTS('',2,(#13248,#13249,#13250),
 .UNSPECIFIED.,.F.,.F.,(3,3),(0.,1.),.UNSPECIFIED.);
#405=B_SPLINE_CURVE_WITH_KNOTS('',2,(#13253,#13254,#13255),
 .UNSPECIFIED.,.F.,.F.,(3,3),(0.,1.),.UNSPECIFIED.);
#406=B_SPLINE_CURVE_WITH_KNOTS('',2,(#13263,#13264,#13265),
 .UNSPECIFIED.,.F.,.F.,(3,3),(0.,1.),.UNSPECIFIED.);
#407=B_SPLINE_CURVE_WITH_KNOTS('',2,(#13268,#13269,#13270),
 .UNSPECIFIED.,.F.,.F.,(3,3),(0.,1.),.UNSPECIFIED.);
#408=B_SPLINE_CURVE_WITH_KNOTS('',2,(#13278,#13279,#13280),
 .UNSPECIFIED.,.F.,.F.,(3,3),(0.,1.),.UNSPECIFIED.);
#409=B_SPLINE_CURVE_WITH_KNOTS('',2,(#13283,#13284,#13285),
 .UNSPECIFIED.,.F.,.F.,(3,3),(0.,1.),.UNSPECIFIED.);
#410=B_SPLINE_CURVE_WITH_KNOTS('',2,(#13293,#13294,#13295),
 .UNSPECIFIED.,.F.,.F.,(3,3),(0.,1.),.UNSPECIFIED.);
#411=B_SPLINE_CURVE_WITH_KNOTS('',2,(#13298,#13299,#13300),
 .UNSPECIFIED.,.F.,.F.,(3,3),(0.,1.),.UNSPECIFIED.);
#412=B_SPLINE_CURVE_WITH_KNOTS('',2,(#13308,#13309,#13310),
 .UNSPECIFIED.,.F.,.F.,(3,3),(0.,1.),.UNSPECIFIED.);
#413=B_SPLINE_CURVE_WITH_KNOTS('',2,(#13313,#13314,#13315),
 .UNSPECIFIED.,.F.,.F.,(3,3),(0.,1.),.UNSPECIFIED.);
#414=B_SPLINE_CURVE_WITH_KNOTS('',2,(#13329,#13330,#13331),
 .UNSPECIFIED.,.F.,.F.,(3,3),(0.,1.),.UNSPECIFIED.);
#415=B_SPLINE_CURVE_WITH_KNOTS('',2,(#13334,#13335,#13336),
 .UNSPECIFIED.,.F.,.F.,(3,3),(0.,1.),.UNSPECIFIED.);
#416=B_SPLINE_CURVE_WITH_KNOTS('',2,(#13344,#13345,#13346),
 .UNSPECIFIED.,.F.,.F.,(3,3),(0.,1.),.UNSPECIFIED.);
#417=B_SPLINE_CURVE_WITH_KNOTS('',2,(#13349,#13350,#13351),
 .UNSPECIFIED.,.F.,.F.,(3,3),(0.,1.),.UNSPECIFIED.);
#418=B_SPLINE_CURVE_WITH_KNOTS('',2,(#13359,#13360,#13361),
 .UNSPECIFIED.,.F.,.F.,(3,3),(0.,1.),.UNSPECIFIED.);
#419=B_SPLINE_CURVE_WITH_KNOTS('',2,(#13364,#13365,#13366),
 .UNSPECIFIED.,.F.,.F.,(3,3),(0.,1.),.UNSPECIFIED.);
#420=B_SPLINE_CURVE_WITH_KNOTS('',2,(#13374,#13375,#13376),
 .UNSPECIFIED.,.F.,.F.,(3,3),(0.,1.),.UNSPECIFIED.);
#421=B_SPLINE_CURVE_WITH_KNOTS('',2,(#13379,#13380,#13381),
 .UNSPECIFIED.,.F.,.F.,(3,3),(0.,1.),.UNSPECIFIED.);
#422=B_SPLINE_CURVE_WITH_KNOTS('',2,(#13395,#13396,#13397),
 .UNSPECIFIED.,.F.,.F.,(3,3),(0.,1.),.UNSPECIFIED.);
#423=B_SPLINE_CURVE_WITH_KNOTS('',2,(#13400,#13401,#13402),
 .UNSPECIFIED.,.F.,.F.,(3,3),(0.,1.),.UNSPECIFIED.);
#424=B_SPLINE_CURVE_WITH_KNOTS('',2,(#13410,#13411,#13412),
 .UNSPECIFIED.,.F.,.F.,(3,3),(0.,1.),.UNSPECIFIED.);
#425=B_SPLINE_CURVE_WITH_KNOTS('',2,(#13415,#13416,#13417),
 .UNSPECIFIED.,.F.,.F.,(3,3),(0.,1.),.UNSPECIFIED.);
#426=B_SPLINE_CURVE_WITH_KNOTS('',2,(#13425,#13426,#13427),
 .UNSPECIFIED.,.F.,.F.,(3,3),(0.,1.),.UNSPECIFIED.);
#427=B_SPLINE_CURVE_WITH_KNOTS('',2,(#13430,#13431,#13432),
 .UNSPECIFIED.,.F.,.F.,(3,3),(0.,1.),.UNSPECIFIED.);
#428=B_SPLINE_CURVE_WITH_KNOTS('',2,(#13440,#13441,#13442),
 .UNSPECIFIED.,.F.,.F.,(3,3),(0.,1.),.UNSPECIFIED.);
#429=B_SPLINE_CURVE_WITH_KNOTS('',2,(#13445,#13446,#13447),
 .UNSPECIFIED.,.F.,.F.,(3,3),(0.,1.),.UNSPECIFIED.);
#430=B_SPLINE_CURVE_WITH_KNOTS('',2,(#13455,#13456,#13457),
 .UNSPECIFIED.,.F.,.F.,(3,3),(0.,1.),.UNSPECIFIED.);
#431=B_SPLINE_CURVE_WITH_KNOTS('',2,(#13460,#13461,#13462),
 .UNSPECIFIED.,.F.,.F.,(3,3),(0.,1.),.UNSPECIFIED.);
#432=B_SPLINE_CURVE_WITH_KNOTS('',2,(#13470,#13471,#13472),
 .UNSPECIFIED.,.F.,.F.,(3,3),(0.,1.),.UNSPECIFIED.);
#433=B_SPLINE_CURVE_WITH_KNOTS('',2,(#13475,#13476,#13477),
 .UNSPECIFIED.,.F.,.F.,(3,3),(0.,1.),.UNSPECIFIED.);
#434=B_SPLINE_CURVE_WITH_KNOTS('',2,(#13485,#13486,#13487),
 .UNSPECIFIED.,.F.,.F.,(3,3),(0.,1.),.UNSPECIFIED.);
#435=B_SPLINE_CURVE_WITH_KNOTS('',2,(#13490,#13491,#13492),
 .UNSPECIFIED.,.F.,.F.,(3,3),(0.,1.),.UNSPECIFIED.);
#436=B_SPLINE_CURVE_WITH_KNOTS('',2,(#13523,#13524,#13525),
 .UNSPECIFIED.,.F.,.F.,(3,3),(0.,1.),.UNSPECIFIED.);
#437=B_SPLINE_CURVE_WITH_KNOTS('',2,(#13526,#13527,#13528),
 .UNSPECIFIED.,.F.,.F.,(3,3),(0.,1.),.UNSPECIFIED.);
#438=B_SPLINE_CURVE_WITH_KNOTS('',2,(#13538,#13539,#13540),
 .UNSPECIFIED.,.F.,.F.,(3,3),(0.,1.),.UNSPECIFIED.);
#439=B_SPLINE_CURVE_WITH_KNOTS('',2,(#13544,#13545,#13546),
 .UNSPECIFIED.,.F.,.F.,(3,3),(0.,1.),.UNSPECIFIED.);
#440=B_SPLINE_CURVE_WITH_KNOTS('',2,(#13555,#13556,#13557),
 .UNSPECIFIED.,.F.,.F.,(3,3),(0.,1.),.UNSPECIFIED.);
#441=B_SPLINE_CURVE_WITH_KNOTS('',2,(#13560,#13561,#13562),
 .UNSPECIFIED.,.F.,.F.,(3,3),(0.,1.),.UNSPECIFIED.);
#442=B_SPLINE_CURVE_WITH_KNOTS('',2,(#13570,#13571,#13572),
 .UNSPECIFIED.,.F.,.F.,(3,3),(0.,1.),.UNSPECIFIED.);
#443=B_SPLINE_CURVE_WITH_KNOTS('',2,(#13575,#13576,#13577),
 .UNSPECIFIED.,.F.,.F.,(3,3),(0.,1.),.UNSPECIFIED.);
#444=B_SPLINE_CURVE_WITH_KNOTS('',2,(#13585,#13586,#13587),
 .UNSPECIFIED.,.F.,.F.,(3,3),(0.,1.),.UNSPECIFIED.);
#445=B_SPLINE_CURVE_WITH_KNOTS('',2,(#13590,#13591,#13592),
 .UNSPECIFIED.,.F.,.F.,(3,3),(0.,1.),.UNSPECIFIED.);
#446=B_SPLINE_CURVE_WITH_KNOTS('',2,(#13604,#13605,#13606),
 .UNSPECIFIED.,.F.,.F.,(3,3),(0.,1.),.UNSPECIFIED.);
#447=B_SPLINE_CURVE_WITH_KNOTS('',2,(#13610,#13611,#13612),
 .UNSPECIFIED.,.F.,.F.,(3,3),(0.,1.),.UNSPECIFIED.);
#448=B_SPLINE_CURVE_WITH_KNOTS('',2,(#13621,#13622,#13623),
 .UNSPECIFIED.,.F.,.F.,(3,3),(0.,1.),.UNSPECIFIED.);
#449=B_SPLINE_CURVE_WITH_KNOTS('',2,(#13626,#13627,#13628),
 .UNSPECIFIED.,.F.,.F.,(3,3),(0.,1.),.UNSPECIFIED.);
#450=B_SPLINE_CURVE_WITH_KNOTS('',2,(#13636,#13637,#13638),
 .UNSPECIFIED.,.F.,.F.,(3,3),(0.,1.),.UNSPECIFIED.);
#451=B_SPLINE_CURVE_WITH_KNOTS('',2,(#13641,#13642,#13643),
 .UNSPECIFIED.,.F.,.F.,(3,3),(0.,1.),.UNSPECIFIED.);
#452=B_SPLINE_CURVE_WITH_KNOTS('',2,(#13651,#13652,#13653),
 .UNSPECIFIED.,.F.,.F.,(3,3),(0.,1.),.UNSPECIFIED.);
#453=B_SPLINE_CURVE_WITH_KNOTS('',2,(#13656,#13657,#13658),
 .UNSPECIFIED.,.F.,.F.,(3,3),(0.,1.),.UNSPECIFIED.);
#454=B_SPLINE_CURVE_WITH_KNOTS('',2,(#13666,#13667,#13668),
 .UNSPECIFIED.,.F.,.F.,(3,3),(0.,1.),.UNSPECIFIED.);
#455=B_SPLINE_CURVE_WITH_KNOTS('',2,(#13671,#13672,#13673),
 .UNSPECIFIED.,.F.,.F.,(3,3),(0.,1.),.UNSPECIFIED.);
#456=B_SPLINE_CURVE_WITH_KNOTS('',2,(#13681,#13682,#13683),
 .UNSPECIFIED.,.F.,.F.,(3,3),(0.,1.),.UNSPECIFIED.);
#457=B_SPLINE_CURVE_WITH_KNOTS('',2,(#13686,#13687,#13688),
 .UNSPECIFIED.,.F.,.F.,(3,3),(0.,1.),.UNSPECIFIED.);
#458=B_SPLINE_CURVE_WITH_KNOTS('',2,(#13696,#13697,#13698),
 .UNSPECIFIED.,.F.,.F.,(3,3),(0.,1.),.UNSPECIFIED.);
#459=B_SPLINE_CURVE_WITH_KNOTS('',2,(#13701,#13702,#13703),
 .UNSPECIFIED.,.F.,.F.,(3,3),(0.,1.),.UNSPECIFIED.);
#460=B_SPLINE_CURVE_WITH_KNOTS('',2,(#13711,#13712,#13713),
 .UNSPECIFIED.,.F.,.F.,(3,3),(0.,1.),.UNSPECIFIED.);
#461=B_SPLINE_CURVE_WITH_KNOTS('',2,(#13716,#13717,#13718),
 .UNSPECIFIED.,.F.,.F.,(3,3),(0.,1.),.UNSPECIFIED.);
#462=B_SPLINE_CURVE_WITH_KNOTS('',2,(#13726,#13727,#13728),
 .UNSPECIFIED.,.F.,.F.,(3,3),(0.,1.),.UNSPECIFIED.);
#463=B_SPLINE_CURVE_WITH_KNOTS('',2,(#13731,#13732,#13733),
 .UNSPECIFIED.,.F.,.F.,(3,3),(0.,1.),.UNSPECIFIED.);
#464=B_SPLINE_CURVE_WITH_KNOTS('',2,(#13747,#13748,#13749),
 .UNSPECIFIED.,.F.,.F.,(3,3),(0.,1.),.UNSPECIFIED.);
#465=B_SPLINE_CURVE_WITH_KNOTS('',2,(#13752,#13753,#13754),
 .UNSPECIFIED.,.F.,.F.,(3,3),(0.,1.),.UNSPECIFIED.);
#466=B_SPLINE_CURVE_WITH_KNOTS('',2,(#13762,#13763,#13764),
 .UNSPECIFIED.,.F.,.F.,(3,3),(0.,1.),.UNSPECIFIED.);
#467=B_SPLINE_CURVE_WITH_KNOTS('',2,(#13767,#13768,#13769),
 .UNSPECIFIED.,.F.,.F.,(3,3),(0.,1.),.UNSPECIFIED.);
#468=B_SPLINE_CURVE_WITH_KNOTS('',2,(#13777,#13778,#13779),
 .UNSPECIFIED.,.F.,.F.,(3,3),(0.,1.),.UNSPECIFIED.);
#469=B_SPLINE_CURVE_WITH_KNOTS('',2,(#13782,#13783,#13784),
 .UNSPECIFIED.,.F.,.F.,(3,3),(0.,1.),.UNSPECIFIED.);
#470=B_SPLINE_CURVE_WITH_KNOTS('',2,(#13792,#13793,#13794),
 .UNSPECIFIED.,.F.,.F.,(3,3),(0.,1.),.UNSPECIFIED.);
#471=B_SPLINE_CURVE_WITH_KNOTS('',2,(#13797,#13798,#13799),
 .UNSPECIFIED.,.F.,.F.,(3,3),(0.,1.),.UNSPECIFIED.);
#472=B_SPLINE_CURVE_WITH_KNOTS('',2,(#13818,#13819,#13820),
 .UNSPECIFIED.,.F.,.F.,(3,3),(0.,1.),.UNSPECIFIED.);
#473=B_SPLINE_CURVE_WITH_KNOTS('',2,(#13821,#13822,#13823),
 .UNSPECIFIED.,.F.,.F.,(3,3),(0.,1.),.UNSPECIFIED.);
#474=B_SPLINE_CURVE_WITH_KNOTS('',2,(#13837,#13838,#13839),
 .UNSPECIFIED.,.F.,.F.,(3,3),(0.,1.),.UNSPECIFIED.);
#475=B_SPLINE_CURVE_WITH_KNOTS('',2,(#13843,#13844,#13845),
 .UNSPECIFIED.,.F.,.F.,(3,3),(0.,1.),.UNSPECIFIED.);
#476=B_SPLINE_CURVE_WITH_KNOTS('',2,(#13854,#13855,#13856),
 .UNSPECIFIED.,.F.,.F.,(3,3),(0.,1.),.UNSPECIFIED.);
#477=B_SPLINE_CURVE_WITH_KNOTS('',2,(#13859,#13860,#13861),
 .UNSPECIFIED.,.F.,.F.,(3,3),(0.,1.),.UNSPECIFIED.);
#478=B_SPLINE_CURVE_WITH_KNOTS('',2,(#13869,#13870,#13871),
 .UNSPECIFIED.,.F.,.F.,(3,3),(0.,1.),.UNSPECIFIED.);
#479=B_SPLINE_CURVE_WITH_KNOTS('',2,(#13874,#13875,#13876),
 .UNSPECIFIED.,.F.,.F.,(3,3),(0.,1.),.UNSPECIFIED.);
#480=B_SPLINE_CURVE_WITH_KNOTS('',2,(#13884,#13885,#13886),
 .UNSPECIFIED.,.F.,.F.,(3,3),(0.,1.),.UNSPECIFIED.);
#481=B_SPLINE_CURVE_WITH_KNOTS('',2,(#13889,#13890,#13891),
 .UNSPECIFIED.,.F.,.F.,(3,3),(0.,1.),.UNSPECIFIED.);
#482=B_SPLINE_CURVE_WITH_KNOTS('',2,(#13899,#13900,#13901),
 .UNSPECIFIED.,.F.,.F.,(3,3),(0.,1.),.UNSPECIFIED.);
#483=B_SPLINE_CURVE_WITH_KNOTS('',2,(#13904,#13905,#13906),
 .UNSPECIFIED.,.F.,.F.,(3,3),(0.,1.),.UNSPECIFIED.);
#484=B_SPLINE_CURVE_WITH_KNOTS('',2,(#13914,#13915,#13916),
 .UNSPECIFIED.,.F.,.F.,(3,3),(0.,1.),.UNSPECIFIED.);
#485=B_SPLINE_CURVE_WITH_KNOTS('',2,(#13919,#13920,#13921),
 .UNSPECIFIED.,.F.,.F.,(3,3),(0.,1.),.UNSPECIFIED.);
#486=B_SPLINE_CURVE_WITH_KNOTS('',2,(#13929,#13930,#13931),
 .UNSPECIFIED.,.F.,.F.,(3,3),(0.,1.),.UNSPECIFIED.);
#487=B_SPLINE_CURVE_WITH_KNOTS('',2,(#13934,#13935,#13936),
 .UNSPECIFIED.,.F.,.F.,(3,3),(0.,1.),.UNSPECIFIED.);
#488=B_SPLINE_CURVE_WITH_KNOTS('',2,(#13944,#13945,#13946),
 .UNSPECIFIED.,.F.,.F.,(3,3),(0.,1.),.UNSPECIFIED.);
#489=B_SPLINE_CURVE_WITH_KNOTS('',2,(#13949,#13950,#13951),
 .UNSPECIFIED.,.F.,.F.,(3,3),(0.,1.),.UNSPECIFIED.);
#490=B_SPLINE_CURVE_WITH_KNOTS('',2,(#13959,#13960,#13961),
 .UNSPECIFIED.,.F.,.F.,(3,3),(0.,1.),.UNSPECIFIED.);
#491=B_SPLINE_CURVE_WITH_KNOTS('',2,(#13964,#13965,#13966),
 .UNSPECIFIED.,.F.,.F.,(3,3),(0.,1.),.UNSPECIFIED.);
#492=B_SPLINE_CURVE_WITH_KNOTS('',2,(#13974,#13975,#13976),
 .UNSPECIFIED.,.F.,.F.,(3,3),(0.,1.),.UNSPECIFIED.);
#493=B_SPLINE_CURVE_WITH_KNOTS('',2,(#13979,#13980,#13981),
 .UNSPECIFIED.,.F.,.F.,(3,3),(0.,1.),.UNSPECIFIED.);
#494=B_SPLINE_CURVE_WITH_KNOTS('',2,(#13989,#13990,#13991),
 .UNSPECIFIED.,.F.,.F.,(3,3),(0.,1.),.UNSPECIFIED.);
#495=B_SPLINE_CURVE_WITH_KNOTS('',2,(#13994,#13995,#13996),
 .UNSPECIFIED.,.F.,.F.,(3,3),(0.,1.),.UNSPECIFIED.);
#496=B_SPLINE_CURVE_WITH_KNOTS('',2,(#14004,#14005,#14006),
 .UNSPECIFIED.,.F.,.F.,(3,3),(0.,1.),.UNSPECIFIED.);
#497=B_SPLINE_CURVE_WITH_KNOTS('',2,(#14009,#14010,#14011),
 .UNSPECIFIED.,.F.,.F.,(3,3),(0.,1.),.UNSPECIFIED.);
#498=B_SPLINE_CURVE_WITH_KNOTS('',2,(#14025,#14026,#14027),
 .UNSPECIFIED.,.F.,.F.,(3,3),(0.,1.),.UNSPECIFIED.);
#499=B_SPLINE_CURVE_WITH_KNOTS('',2,(#14030,#14031,#14032),
 .UNSPECIFIED.,.F.,.F.,(3,3),(0.,1.),.UNSPECIFIED.);
#500=B_SPLINE_CURVE_WITH_KNOTS('',2,(#14040,#14041,#14042),
 .UNSPECIFIED.,.F.,.F.,(3,3),(0.,1.),.UNSPECIFIED.);
#501=B_SPLINE_CURVE_WITH_KNOTS('',2,(#14045,#14046,#14047),
 .UNSPECIFIED.,.F.,.F.,(3,3),(0.,1.),.UNSPECIFIED.);
#502=B_SPLINE_CURVE_WITH_KNOTS('',2,(#14055,#14056,#14057),
 .UNSPECIFIED.,.F.,.F.,(3,3),(0.,1.),.UNSPECIFIED.);
#503=B_SPLINE_CURVE_WITH_KNOTS('',2,(#14060,#14061,#14062),
 .UNSPECIFIED.,.F.,.F.,(3,3),(0.,1.),.UNSPECIFIED.);
#504=B_SPLINE_CURVE_WITH_KNOTS('',2,(#14070,#14071,#14072),
 .UNSPECIFIED.,.F.,.F.,(3,3),(0.,1.),.UNSPECIFIED.);
#505=B_SPLINE_CURVE_WITH_KNOTS('',2,(#14075,#14076,#14077),
 .UNSPECIFIED.,.F.,.F.,(3,3),(0.,1.),.UNSPECIFIED.);
#506=B_SPLINE_CURVE_WITH_KNOTS('',2,(#14085,#14086,#14087),
 .UNSPECIFIED.,.F.,.F.,(3,3),(0.,1.),.UNSPECIFIED.);
#507=B_SPLINE_CURVE_WITH_KNOTS('',2,(#14090,#14091,#14092),
 .UNSPECIFIED.,.F.,.F.,(3,3),(0.,1.),.UNSPECIFIED.);
#508=B_SPLINE_CURVE_WITH_KNOTS('',2,(#14100,#14101,#14102),
 .UNSPECIFIED.,.F.,.F.,(3,3),(0.,1.),.UNSPECIFIED.);
#509=B_SPLINE_CURVE_WITH_KNOTS('',2,(#14105,#14106,#14107),
 .UNSPECIFIED.,.F.,.F.,(3,3),(0.,1.),.UNSPECIFIED.);
#510=B_SPLINE_CURVE_WITH_KNOTS('',2,(#14115,#14116,#14117),
 .UNSPECIFIED.,.F.,.F.,(3,3),(0.,1.),.UNSPECIFIED.);
#511=B_SPLINE_CURVE_WITH_KNOTS('',2,(#14120,#14121,#14122),
 .UNSPECIFIED.,.F.,.F.,(3,3),(0.,1.),.UNSPECIFIED.);
#512=B_SPLINE_CURVE_WITH_KNOTS('',2,(#14130,#14131,#14132),
 .UNSPECIFIED.,.F.,.F.,(3,3),(0.,1.),.UNSPECIFIED.);
#513=B_SPLINE_CURVE_WITH_KNOTS('',2,(#14135,#14136,#14137),
 .UNSPECIFIED.,.F.,.F.,(3,3),(0.,1.),.UNSPECIFIED.);
#514=B_SPLINE_CURVE_WITH_KNOTS('',2,(#14145,#14146,#14147),
 .UNSPECIFIED.,.F.,.F.,(3,3),(0.,1.),.UNSPECIFIED.);
#515=B_SPLINE_CURVE_WITH_KNOTS('',2,(#14150,#14151,#14152),
 .UNSPECIFIED.,.F.,.F.,(3,3),(0.,1.),.UNSPECIFIED.);
#516=B_SPLINE_CURVE_WITH_KNOTS('',2,(#14160,#14161,#14162),
 .UNSPECIFIED.,.F.,.F.,(3,3),(0.,1.),.UNSPECIFIED.);
#517=B_SPLINE_CURVE_WITH_KNOTS('',2,(#14165,#14166,#14167),
 .UNSPECIFIED.,.F.,.F.,(3,3),(0.,1.),.UNSPECIFIED.);
#518=B_SPLINE_CURVE_WITH_KNOTS('',2,(#14175,#14176,#14177),
 .UNSPECIFIED.,.F.,.F.,(3,3),(0.,1.),.UNSPECIFIED.);
#519=B_SPLINE_CURVE_WITH_KNOTS('',2,(#14180,#14181,#14182),
 .UNSPECIFIED.,.F.,.F.,(3,3),(0.,1.),.UNSPECIFIED.);
#520=B_SPLINE_CURVE_WITH_KNOTS('',2,(#14190,#14191,#14192),
 .UNSPECIFIED.,.F.,.F.,(3,3),(0.,1.),.UNSPECIFIED.);
#521=B_SPLINE_CURVE_WITH_KNOTS('',2,(#14195,#14196,#14197),
 .UNSPECIFIED.,.F.,.F.,(3,3),(0.,1.),.UNSPECIFIED.);
#522=B_SPLINE_CURVE_WITH_KNOTS('',2,(#14205,#14206,#14207),
 .UNSPECIFIED.,.F.,.F.,(3,3),(0.,1.),.UNSPECIFIED.);
#523=B_SPLINE_CURVE_WITH_KNOTS('',2,(#14210,#14211,#14212),
 .UNSPECIFIED.,.F.,.F.,(3,3),(0.,1.),.UNSPECIFIED.);
#524=B_SPLINE_CURVE_WITH_KNOTS('',2,(#14226,#14227,#14228),
 .UNSPECIFIED.,.F.,.F.,(3,3),(0.,1.),.UNSPECIFIED.);
#525=B_SPLINE_CURVE_WITH_KNOTS('',2,(#14231,#14232,#14233),
 .UNSPECIFIED.,.F.,.F.,(3,3),(0.,1.),.UNSPECIFIED.);
#526=B_SPLINE_CURVE_WITH_KNOTS('',2,(#14240,#14241,#14242),
 .UNSPECIFIED.,.F.,.F.,(3,3),(0.,1.),.UNSPECIFIED.);
#527=B_SPLINE_CURVE_WITH_KNOTS('',2,(#14243,#14244,#14245),
 .UNSPECIFIED.,.F.,.F.,(3,3),(0.,1.),.UNSPECIFIED.);
#528=B_SPLINE_CURVE_WITH_KNOTS('',3,(#14290,#14291,#14292,#14293),
 .UNSPECIFIED.,.F.,.F.,(4,4),(0.,1.),.UNSPECIFIED.);
#529=B_SPLINE_CURVE_WITH_KNOTS('',3,(#14295,#14296,#14297,#14298),
 .UNSPECIFIED.,.F.,.F.,(4,4),(0.,0.05),.UNSPECIFIED.);
#530=B_SPLINE_CURVE_WITH_KNOTS('',3,(#14300,#14301,#14302,#14303),
 .UNSPECIFIED.,.F.,.F.,(4,4),(0.,1.),.UNSPECIFIED.);
#531=B_SPLINE_CURVE_WITH_KNOTS('',3,(#14304,#14305,#14306,#14307),
 .UNSPECIFIED.,.F.,.F.,(4,4),(0.,0.05),.UNSPECIFIED.);
#532=B_SPLINE_CURVE_WITH_KNOTS('',3,(#14325,#14326,#14327,#14328),
 .UNSPECIFIED.,.F.,.F.,(4,4),(0.,1.),.UNSPECIFIED.);
#533=B_SPLINE_CURVE_WITH_KNOTS('',3,(#14330,#14331,#14332,#14333),
 .UNSPECIFIED.,.F.,.F.,(4,4),(0.,0.05),.UNSPECIFIED.);
#534=B_SPLINE_CURVE_WITH_KNOTS('',3,(#14334,#14335,#14336,#14337),
 .UNSPECIFIED.,.F.,.F.,(4,4),(0.,1.),.UNSPECIFIED.);
#535=B_SPLINE_CURVE_WITH_KNOTS('',3,(#14355,#14356,#14357,#14358),
 .UNSPECIFIED.,.F.,.F.,(4,4),(0.,0.999999980110519),.UNSPECIFIED.);
#536=B_SPLINE_CURVE_WITH_KNOTS('',3,(#14360,#14361,#14362,#14363),
 .UNSPECIFIED.,.F.,.F.,(4,4),(0.,0.05),.UNSPECIFIED.);
#537=B_SPLINE_CURVE_WITH_KNOTS('',3,(#14364,#14365,#14366,#14367),
 .UNSPECIFIED.,.F.,.F.,(4,4),(0.,1.),.UNSPECIFIED.);
#538=B_SPLINE_CURVE_WITH_KNOTS('',3,(#14385,#14386,#14387,#14388),
 .UNSPECIFIED.,.F.,.F.,(4,4),(0.,1.),.UNSPECIFIED.);
#539=B_SPLINE_CURVE_WITH_KNOTS('',3,(#14390,#14391,#14392,#14393),
 .UNSPECIFIED.,.F.,.F.,(4,4),(0.,0.05),.UNSPECIFIED.);
#540=B_SPLINE_CURVE_WITH_KNOTS('',3,(#14394,#14395,#14396,#14397),
 .UNSPECIFIED.,.F.,.F.,(4,4),(0.,1.),.UNSPECIFIED.);
#541=B_SPLINE_CURVE_WITH_KNOTS('',3,(#14415,#14416,#14417,#14418),
 .UNSPECIFIED.,.F.,.F.,(4,4),(0.,1.),.UNSPECIFIED.);
#542=B_SPLINE_CURVE_WITH_KNOTS('',3,(#14420,#14421,#14422,#14423),
 .UNSPECIFIED.,.F.,.F.,(4,4),(0.,0.05),.UNSPECIFIED.);
#543=B_SPLINE_CURVE_WITH_KNOTS('',3,(#14424,#14425,#14426,#14427),
 .UNSPECIFIED.,.F.,.F.,(4,4),(0.,1.),.UNSPECIFIED.);
#544=B_SPLINE_CURVE_WITH_KNOTS('',3,(#14445,#14446,#14447,#14448),
 .UNSPECIFIED.,.F.,.F.,(4,4),(0.,1.),.UNSPECIFIED.);
#545=B_SPLINE_CURVE_WITH_KNOTS('',3,(#14450,#14451,#14452,#14453),
 .UNSPECIFIED.,.F.,.F.,(4,4),(0.,0.05),.UNSPECIFIED.);
#546=B_SPLINE_CURVE_WITH_KNOTS('',3,(#14454,#14455,#14456,#14457),
 .UNSPECIFIED.,.F.,.F.,(4,4),(0.,1.),.UNSPECIFIED.);
#547=B_SPLINE_CURVE_WITH_KNOTS('',3,(#14475,#14476,#14477,#14478),
 .UNSPECIFIED.,.F.,.F.,(4,4),(0.,1.),.UNSPECIFIED.);
#548=B_SPLINE_CURVE_WITH_KNOTS('',3,(#14480,#14481,#14482,#14483),
 .UNSPECIFIED.,.F.,.F.,(4,4),(0.,0.05),.UNSPECIFIED.);
#549=B_SPLINE_CURVE_WITH_KNOTS('',3,(#14484,#14485,#14486,#14487),
 .UNSPECIFIED.,.F.,.F.,(4,4),(0.,1.),.UNSPECIFIED.);
#550=B_SPLINE_CURVE_WITH_KNOTS('',3,(#14504,#14505,#14506,#14507),
 .UNSPECIFIED.,.F.,.F.,(4,4),(0.,0.999999510256418),.UNSPECIFIED.);
#551=B_SPLINE_CURVE_WITH_KNOTS('',3,(#14508,#14509,#14510,#14511),
 .UNSPECIFIED.,.F.,.F.,(4,4),(0.,1.),.UNSPECIFIED.);
#552=B_SPLINE_CURVE_WITH_KNOTS('',3,(#14530,#14531,#14532,#14533),
 .UNSPECIFIED.,.F.,.F.,(4,4),(-0.975499675222034,0.),.UNSPECIFIED.);
#553=B_SPLINE_CURVE_WITH_KNOTS('',3,(#14535,#14536,#14537,#14538,#14539,
#14540),.UNSPECIFIED.,.F.,.F.,(4,2,4),(-0.0500096793742523,-0.0249900211817043,
0.),.UNSPECIFIED.);
#554=B_SPLINE_CURVE_WITH_KNOTS('',3,(#14542,#14543,#14544,#14545),
 .UNSPECIFIED.,.F.,.F.,(4,4),(0.,1.),.UNSPECIFIED.);
#555=B_SPLINE_CURVE_WITH_KNOTS('',3,(#14546,#14547,#14548,#14549),
 .UNSPECIFIED.,.F.,.F.,(4,4),(0.,0.05),.UNSPECIFIED.);
#556=B_SPLINE_CURVE_WITH_KNOTS('',3,(#14567,#14568,#14569,#14570),
 .UNSPECIFIED.,.F.,.F.,(4,4),(-1.,0.),.UNSPECIFIED.);
#557=B_SPLINE_CURVE_WITH_KNOTS('',3,(#14572,#14573,#14574,#14575),
 .UNSPECIFIED.,.F.,.F.,(4,4),(0.,1.),.UNSPECIFIED.);
#558=B_SPLINE_CURVE_WITH_KNOTS('',3,(#14576,#14577,#14578,#14579),
 .UNSPECIFIED.,.F.,.F.,(4,4),(0.,0.05),.UNSPECIFIED.);
#559=B_SPLINE_CURVE_WITH_KNOTS('',3,(#14597,#14598,#14599,#14600),
 .UNSPECIFIED.,.F.,.F.,(4,4),(-1.,0.),.UNSPECIFIED.);
#560=B_SPLINE_CURVE_WITH_KNOTS('',3,(#14602,#14603,#14604,#14605),
 .UNSPECIFIED.,.F.,.F.,(4,4),(0.,1.),.UNSPECIFIED.);
#561=B_SPLINE_CURVE_WITH_KNOTS('',3,(#14606,#14607,#14608,#14609),
 .UNSPECIFIED.,.F.,.F.,(4,4),(0.,0.05),.UNSPECIFIED.);
#562=B_SPLINE_CURVE_WITH_KNOTS('',3,(#14627,#14628,#14629,#14630),
 .UNSPECIFIED.,.F.,.F.,(4,4),(-1.,0.),.UNSPECIFIED.);
#563=B_SPLINE_CURVE_WITH_KNOTS('',3,(#14632,#14633,#14634,#14635),
 .UNSPECIFIED.,.F.,.F.,(4,4),(0.,1.),.UNSPECIFIED.);
#564=B_SPLINE_CURVE_WITH_KNOTS('',3,(#14636,#14637,#14638,#14639),
 .UNSPECIFIED.,.F.,.F.,(4,4),(0.,0.05),.UNSPECIFIED.);
#565=B_SPLINE_CURVE_WITH_KNOTS('',3,(#14657,#14658,#14659,#14660),
 .UNSPECIFIED.,.F.,.F.,(4,4),(-1.,0.),.UNSPECIFIED.);
#566=B_SPLINE_CURVE_WITH_KNOTS('',3,(#14662,#14663,#14664,#14665),
 .UNSPECIFIED.,.F.,.F.,(4,4),(0.,1.),.UNSPECIFIED.);
#567=B_SPLINE_CURVE_WITH_KNOTS('',3,(#14666,#14667,#14668,#14669),
 .UNSPECIFIED.,.F.,.F.,(4,4),(0.,0.05),.UNSPECIFIED.);
#568=B_SPLINE_CURVE_WITH_KNOTS('',3,(#14687,#14688,#14689,#14690),
 .UNSPECIFIED.,.F.,.F.,(4,4),(-1.,0.),.UNSPECIFIED.);
#569=B_SPLINE_CURVE_WITH_KNOTS('',3,(#14692,#14693,#14694,#14695),
 .UNSPECIFIED.,.F.,.F.,(4,4),(0.,1.),.UNSPECIFIED.);
#570=B_SPLINE_CURVE_WITH_KNOTS('',3,(#14696,#14697,#14698,#14699),
 .UNSPECIFIED.,.F.,.F.,(4,4),(0.,0.05),.UNSPECIFIED.);
#571=B_SPLINE_CURVE_WITH_KNOTS('',3,(#14717,#14718,#14719,#14720),
 .UNSPECIFIED.,.F.,.F.,(4,4),(-1.,0.),.UNSPECIFIED.);
#572=B_SPLINE_CURVE_WITH_KNOTS('',3,(#14722,#14723,#14724,#14725),
 .UNSPECIFIED.,.F.,.F.,(4,4),(0.,1.),.UNSPECIFIED.);
#573=B_SPLINE_CURVE_WITH_KNOTS('',3,(#14726,#14727,#14728,#14729),
 .UNSPECIFIED.,.F.,.F.,(4,4),(0.,0.05),.UNSPECIFIED.);
#574=B_SPLINE_CURVE_WITH_KNOTS('',3,(#14747,#14748,#14749,#14750),
 .UNSPECIFIED.,.F.,.F.,(4,4),(-1.,-0.0218888280090347),.UNSPECIFIED.);
#575=B_SPLINE_CURVE_WITH_KNOTS('',3,(#14752,#14753,#14754,#14755),
 .UNSPECIFIED.,.F.,.F.,(4,4),(0.,1.),.UNSPECIFIED.);
#576=B_SPLINE_CURVE_WITH_KNOTS('',3,(#14756,#14757,#14758,#14759,#14760,
#14761),.UNSPECIFIED.,.F.,.F.,(4,2,4),(0.,0.0250022708318924,0.0500283730663109),
 .UNSPECIFIED.);
#577=B_SPLINE_CURVE_WITH_KNOTS('',3,(#14808,#14809,#14810,#14811),
 .UNSPECIFIED.,.F.,.F.,(4,4),(-1.,-1.37556267274023E-7),.UNSPECIFIED.);
#578=B_SPLINE_CURVE_WITH_KNOTS('',3,(#14813,#14814,#14815,#14816),
 .UNSPECIFIED.,.F.,.F.,(4,4),(0.,0.05),.UNSPECIFIED.);
#579=B_SPLINE_CURVE_WITH_KNOTS('',3,(#14818,#14819,#14820,#14821),
 .UNSPECIFIED.,.F.,.F.,(4,4),(0.,1.),.UNSPECIFIED.);
#580=B_SPLINE_CURVE_WITH_KNOTS('',3,(#14822,#14823,#14824,#14825),
 .UNSPECIFIED.,.F.,.F.,(4,4),(0.,0.05),.UNSPECIFIED.);
#581=B_SPLINE_CURVE_WITH_KNOTS('',3,(#14843,#14844,#14845,#14846),
 .UNSPECIFIED.,.F.,.F.,(4,4),(-1.,-2.4541222096817E-7),.UNSPECIFIED.);
#582=B_SPLINE_CURVE_WITH_KNOTS('',3,(#14848,#14849,#14850,#14851),
 .UNSPECIFIED.,.F.,.F.,(4,4),(0.,1.),.UNSPECIFIED.);
#583=B_SPLINE_CURVE_WITH_KNOTS('',3,(#14852,#14853,#14854,#14855),
 .UNSPECIFIED.,.F.,.F.,(4,4),(0.,0.05),.UNSPECIFIED.);
#584=B_SPLINE_CURVE_WITH_KNOTS('',3,(#14873,#14874,#14875,#14876),
 .UNSPECIFIED.,.F.,.F.,(4,4),(-1.,-4.20557439984037E-8),.UNSPECIFIED.);
#585=B_SPLINE_CURVE_WITH_KNOTS('',3,(#14878,#14879,#14880,#14881),
 .UNSPECIFIED.,.F.,.F.,(4,4),(0.,1.),.UNSPECIFIED.);
#586=B_SPLINE_CURVE_WITH_KNOTS('',3,(#14882,#14883,#14884,#14885),
 .UNSPECIFIED.,.F.,.F.,(4,4),(0.,0.05),.UNSPECIFIED.);
#587=B_SPLINE_CURVE_WITH_KNOTS('',3,(#14903,#14904,#14905,#14906),
 .UNSPECIFIED.,.F.,.F.,(4,4),(-1.,0.),.UNSPECIFIED.);
#588=B_SPLINE_CURVE_WITH_KNOTS('',3,(#14908,#14909,#14910,#14911),
 .UNSPECIFIED.,.F.,.F.,(4,4),(0.,1.),.UNSPECIFIED.);
#589=B_SPLINE_CURVE_WITH_KNOTS('',3,(#14912,#14913,#14914,#14915),
 .UNSPECIFIED.,.F.,.F.,(4,4),(0.,0.05),.UNSPECIFIED.);
#590=B_SPLINE_CURVE_WITH_KNOTS('',3,(#14933,#14934,#14935,#14936),
 .UNSPECIFIED.,.F.,.F.,(4,4),(-1.,0.),.UNSPECIFIED.);
#591=B_SPLINE_CURVE_WITH_KNOTS('',3,(#14938,#14939,#14940,#14941),
 .UNSPECIFIED.,.F.,.F.,(4,4),(0.,1.),.UNSPECIFIED.);
#592=B_SPLINE_CURVE_WITH_KNOTS('',3,(#14942,#14943,#14944,#14945),
 .UNSPECIFIED.,.F.,.F.,(4,4),(0.,0.05),.UNSPECIFIED.);
#593=B_SPLINE_CURVE_WITH_KNOTS('',3,(#14971,#14972,#14973,#14974,#14975,
#14976),.UNSPECIFIED.,.F.,.F.,(4,2,4),(-1.,0.,0.0157438452349186),
 .UNSPECIFIED.);
#594=B_SPLINE_CURVE_WITH_KNOTS('',2,(#14978,#14979,#14980),
 .UNSPECIFIED.,.F.,.F.,(3,3),(0.,1.),.UNSPECIFIED.);
#595=B_SPLINE_CURVE_WITH_KNOTS('',3,(#14981,#14982,#14983,#14984,#14985,
#14986,#14987),.UNSPECIFIED.,.F.,.F.,(4,3,4),(-0.0500047617437486,-0.0107173436629179,
0.),.UNSPECIFIED.);
#596=B_SPLINE_CURVE_WITH_KNOTS('',3,(#14993,#14994,#14995,#14996,#14997,
#14998),.UNSPECIFIED.,.F.,.F.,(4,2,4),(0.,0.0250012122210165,0.0500032865465748),
 .UNSPECIFIED.);
#597=B_SPLINE_CURVE_WITH_KNOTS('',3,(#15024,#15025,#15026,#15027,#15028,
#15029),.UNSPECIFIED.,.F.,.F.,(4,2,4),(-1.0041695721465,-1.,-5.23411733054846E-8),
 .UNSPECIFIED.);
#598=B_SPLINE_CURVE_WITH_KNOTS('',2,(#15031,#15032,#15033),
 .UNSPECIFIED.,.F.,.F.,(3,3),(0.,1.),.UNSPECIFIED.);
#599=B_SPLINE_CURVE_WITH_KNOTS('',3,(#15034,#15035,#15036,#15037),
 .UNSPECIFIED.,.F.,.F.,(4,4),(0.,0.05),.UNSPECIFIED.);
#600=B_SPLINE_CURVE_WITH_KNOTS('',3,(#15055,#15056,#15057,#15058),
 .UNSPECIFIED.,.F.,.F.,(4,4),(-1.,0.),.UNSPECIFIED.);
#601=B_SPLINE_CURVE_WITH_KNOTS('',3,(#15060,#15061,#15062,#15063),
 .UNSPECIFIED.,.F.,.F.,(4,4),(0.,1.),.UNSPECIFIED.);
#602=B_SPLINE_CURVE_WITH_KNOTS('',3,(#15064,#15065,#15066,#15067),
 .UNSPECIFIED.,.F.,.F.,(4,4),(0.,0.05),.UNSPECIFIED.);
#603=B_SPLINE_CURVE_WITH_KNOTS('',3,(#15085,#15086,#15087,#15088),
 .UNSPECIFIED.,.F.,.F.,(4,4),(-1.,0.),.UNSPECIFIED.);
#604=B_SPLINE_CURVE_WITH_KNOTS('',3,(#15090,#15091,#15092,#15093),
 .UNSPECIFIED.,.F.,.F.,(4,4),(0.,1.),.UNSPECIFIED.);
#605=B_SPLINE_CURVE_WITH_KNOTS('',3,(#15094,#15095,#15096,#15097),
 .UNSPECIFIED.,.F.,.F.,(4,4),(0.,0.05),.UNSPECIFIED.);
#606=B_SPLINE_CURVE_WITH_KNOTS('',3,(#15115,#15116,#15117,#15118),
 .UNSPECIFIED.,.F.,.F.,(4,4),(-1.,0.),.UNSPECIFIED.);
#607=B_SPLINE_CURVE_WITH_KNOTS('',3,(#15120,#15121,#15122,#15123),
 .UNSPECIFIED.,.F.,.F.,(4,4),(0.,1.),.UNSPECIFIED.);
#608=B_SPLINE_CURVE_WITH_KNOTS('',3,(#15124,#15125,#15126,#15127),
 .UNSPECIFIED.,.F.,.F.,(4,4),(0.,0.05),.UNSPECIFIED.);
#609=B_SPLINE_CURVE_WITH_KNOTS('',3,(#15145,#15146,#15147,#15148),
 .UNSPECIFIED.,.F.,.F.,(4,4),(-1.,-6.30050009475802E-6),.UNSPECIFIED.);
#610=B_SPLINE_CURVE_WITH_KNOTS('',3,(#15150,#15151,#15152,#15153),
 .UNSPECIFIED.,.F.,.F.,(4,4),(0.,1.),.UNSPECIFIED.);
#611=B_SPLINE_CURVE_WITH_KNOTS('',3,(#15154,#15155,#15156,#15157),
 .UNSPECIFIED.,.F.,.F.,(4,4),(0.,0.05),.UNSPECIFIED.);
#612=B_SPLINE_CURVE_WITH_KNOTS('',3,(#15175,#15176,#15177,#15178),
 .UNSPECIFIED.,.F.,.F.,(4,4),(-1.,0.),.UNSPECIFIED.);
#613=B_SPLINE_CURVE_WITH_KNOTS('',3,(#15180,#15181,#15182,#15183),
 .UNSPECIFIED.,.F.,.F.,(4,4),(0.,1.),.UNSPECIFIED.);
#614=B_SPLINE_CURVE_WITH_KNOTS('',3,(#15184,#15185,#15186,#15187),
 .UNSPECIFIED.,.F.,.F.,(4,4),(0.,0.05),.UNSPECIFIED.);
#615=B_SPLINE_CURVE_WITH_KNOTS('',3,(#15205,#15206,#15207,#15208),
 .UNSPECIFIED.,.F.,.F.,(4,4),(-1.,0.),.UNSPECIFIED.);
#616=B_SPLINE_CURVE_WITH_KNOTS('',3,(#15210,#15211,#15212,#15213),
 .UNSPECIFIED.,.F.,.F.,(4,4),(0.,1.),.UNSPECIFIED.);
#617=B_SPLINE_CURVE_WITH_KNOTS('',3,(#15214,#15215,#15216,#15217),
 .UNSPECIFIED.,.F.,.F.,(4,4),(0.,0.05),.UNSPECIFIED.);
#618=B_SPLINE_CURVE_WITH_KNOTS('',3,(#15235,#15236,#15237,#15238),
 .UNSPECIFIED.,.F.,.F.,(4,4),(-1.,0.),.UNSPECIFIED.);
#619=B_SPLINE_CURVE_WITH_KNOTS('',3,(#15240,#15241,#15242,#15243),
 .UNSPECIFIED.,.F.,.F.,(4,4),(0.,1.),.UNSPECIFIED.);
#620=B_SPLINE_CURVE_WITH_KNOTS('',3,(#15244,#15245,#15246,#15247),
 .UNSPECIFIED.,.F.,.F.,(4,4),(0.,0.05),.UNSPECIFIED.);
#621=B_SPLINE_CURVE_WITH_KNOTS('',3,(#15265,#15266,#15267,#15268),
 .UNSPECIFIED.,.F.,.F.,(4,4),(-1.,0.),.UNSPECIFIED.);
#622=B_SPLINE_CURVE_WITH_KNOTS('',3,(#15270,#15271,#15272,#15273),
 .UNSPECIFIED.,.F.,.F.,(4,4),(0.,1.),.UNSPECIFIED.);
#623=B_SPLINE_CURVE_WITH_KNOTS('',3,(#15274,#15275,#15276,#15277),
 .UNSPECIFIED.,.F.,.F.,(4,4),(0.,0.05),.UNSPECIFIED.);
#624=B_SPLINE_CURVE_WITH_KNOTS('',3,(#15295,#15296,#15297,#15298),
 .UNSPECIFIED.,.F.,.F.,(4,4),(-1.,0.),.UNSPECIFIED.);
#625=B_SPLINE_CURVE_WITH_KNOTS('',3,(#15300,#15301,#15302,#15303),
 .UNSPECIFIED.,.F.,.F.,(4,4),(0.,1.),.UNSPECIFIED.);
#626=B_SPLINE_CURVE_WITH_KNOTS('',3,(#15304,#15305,#15306,#15307),
 .UNSPECIFIED.,.F.,.F.,(4,4),(0.,0.05),.UNSPECIFIED.);
#627=B_SPLINE_CURVE_WITH_KNOTS('',3,(#15325,#15326,#15327,#15328),
 .UNSPECIFIED.,.F.,.F.,(4,4),(-1.,0.),.UNSPECIFIED.);
#628=B_SPLINE_CURVE_WITH_KNOTS('',3,(#15330,#15331,#15332,#15333),
 .UNSPECIFIED.,.F.,.F.,(4,4),(0.,1.),.UNSPECIFIED.);
#629=B_SPLINE_CURVE_WITH_KNOTS('',3,(#15334,#15335,#15336,#15337),
 .UNSPECIFIED.,.F.,.F.,(4,4),(0.,0.05),.UNSPECIFIED.);
#630=B_SPLINE_CURVE_WITH_KNOTS('',3,(#15355,#15356,#15357,#15358),
 .UNSPECIFIED.,.F.,.F.,(4,4),(-1.,0.),.UNSPECIFIED.);
#631=B_SPLINE_CURVE_WITH_KNOTS('',3,(#15360,#15361,#15362,#15363),
 .UNSPECIFIED.,.F.,.F.,(4,4),(0.,1.),.UNSPECIFIED.);
#632=B_SPLINE_CURVE_WITH_KNOTS('',3,(#15364,#15365,#15366,#15367),
 .UNSPECIFIED.,.F.,.F.,(4,4),(0.,0.05),.UNSPECIFIED.);
#633=B_SPLINE_CURVE_WITH_KNOTS('',3,(#15393,#15394,#15395,#15396,#15397,
#15398),.UNSPECIFIED.,.F.,.F.,(4,2,4),(-1.,0.,0.00961772702004071),
 .UNSPECIFIED.);
#634=B_SPLINE_CURVE_WITH_KNOTS('',2,(#15400,#15401,#15402),
 .UNSPECIFIED.,.F.,.F.,(3,3),(0.,1.),.UNSPECIFIED.);
#635=B_SPLINE_CURVE_WITH_KNOTS('',3,(#15403,#15404,#15405,#15406,#15407,
#15408,#15409,#15410,#15411,#15412),.UNSPECIFIED.,.F.,.F.,(4,3,3,4),(-0.0500064881096653,
-0.0250032440548327,-0.0246703035154549,0.),.UNSPECIFIED.);
#636=B_SPLINE_CURVE_WITH_KNOTS('',3,(#15418,#15419,#15420,#15421,#15422,
#15423),.UNSPECIFIED.,.F.,.F.,(4,2,4),(0.,0.0250006147266367,0.0500026306561862),
 .UNSPECIFIED.);
#637=B_SPLINE_CURVE_WITH_KNOTS('',3,(#15449,#15450,#15451,#15452,#15453,
#15454),.UNSPECIFIED.,.F.,.F.,(4,2,4),(-1.00532188284831,-1.,0.),
 .UNSPECIFIED.);
#638=B_SPLINE_CURVE_WITH_KNOTS('',2,(#15456,#15457,#15458),
 .UNSPECIFIED.,.F.,.F.,(3,3),(0.,1.),.UNSPECIFIED.);
#639=B_SPLINE_CURVE_WITH_KNOTS('',3,(#15459,#15460,#15461,#15462),
 .UNSPECIFIED.,.F.,.F.,(4,4),(0.,0.05),.UNSPECIFIED.);
#640=B_SPLINE_CURVE_WITH_KNOTS('',3,(#15479,#15480,#15481,#15482),
 .UNSPECIFIED.,.F.,.F.,(4,4),(-1.,0.),.UNSPECIFIED.);
#641=B_SPLINE_CURVE_WITH_KNOTS('',3,(#15483,#15484,#15485,#15486),
 .UNSPECIFIED.,.F.,.F.,(4,4),(0.,1.),.UNSPECIFIED.);
#642=B_SPLINE_CURVE_WITH_KNOTS('',3,(#15496,#15497,#15498,#15499),
 .UNSPECIFIED.,.F.,.F.,(4,4),(0.,0.05),.UNSPECIFIED.);
#643=B_SPLINE_CURVE_WITH_KNOTS('',3,(#15517,#15518,#15519,#15520),
 .UNSPECIFIED.,.F.,.F.,(4,4),(-1.,0.),.UNSPECIFIED.);
#644=B_SPLINE_CURVE_WITH_KNOTS('',3,(#15522,#15523,#15524,#15525),
 .UNSPECIFIED.,.F.,.F.,(4,4),(0.,1.),.UNSPECIFIED.);
#645=B_SPLINE_CURVE_WITH_KNOTS('',3,(#15526,#15527,#15528,#15529),
 .UNSPECIFIED.,.F.,.F.,(4,4),(0.,0.05),.UNSPECIFIED.);
#646=B_SPLINE_CURVE_WITH_KNOTS('',3,(#15547,#15548,#15549,#15550),
 .UNSPECIFIED.,.F.,.F.,(4,4),(-1.,0.),.UNSPECIFIED.);
#647=B_SPLINE_CURVE_WITH_KNOTS('',3,(#15552,#15553,#15554,#15555),
 .UNSPECIFIED.,.F.,.F.,(4,4),(0.,1.),.UNSPECIFIED.);
#648=B_SPLINE_CURVE_WITH_KNOTS('',3,(#15556,#15557,#15558,#15559),
 .UNSPECIFIED.,.F.,.F.,(4,4),(0.,0.05),.UNSPECIFIED.);
#649=B_SPLINE_CURVE_WITH_KNOTS('',3,(#15577,#15578,#15579,#15580),
 .UNSPECIFIED.,.F.,.F.,(4,4),(-1.,0.),.UNSPECIFIED.);
#650=B_SPLINE_CURVE_WITH_KNOTS('',3,(#15582,#15583,#15584,#15585),
 .UNSPECIFIED.,.F.,.F.,(4,4),(0.,1.),.UNSPECIFIED.);
#651=B_SPLINE_CURVE_WITH_KNOTS('',3,(#15586,#15587,#15588,#15589),
 .UNSPECIFIED.,.F.,.F.,(4,4),(0.,0.05),.UNSPECIFIED.);
#652=B_SPLINE_CURVE_WITH_KNOTS('',3,(#15607,#15608,#15609,#15610),
 .UNSPECIFIED.,.F.,.F.,(4,4),(-1.,0.),.UNSPECIFIED.);
#653=B_SPLINE_CURVE_WITH_KNOTS('',3,(#15612,#15613,#15614,#15615),
 .UNSPECIFIED.,.F.,.F.,(4,4),(0.,1.),.UNSPECIFIED.);
#654=B_SPLINE_CURVE_WITH_KNOTS('',3,(#15634,#15635,#15636,#15637),
 .UNSPECIFIED.,.F.,.F.,(4,4),(0.,0.05),.UNSPECIFIED.);
#655=B_SPLINE_CURVE_WITH_KNOTS('',3,(#15655,#15656,#15657,#15658),
 .UNSPECIFIED.,.F.,.F.,(4,4),(-1.,0.),.UNSPECIFIED.);
#656=B_SPLINE_CURVE_WITH_KNOTS('',3,(#15660,#15661,#15662,#15663),
 .UNSPECIFIED.,.F.,.F.,(4,4),(0.,1.),.UNSPECIFIED.);
#657=B_SPLINE_CURVE_WITH_KNOTS('',3,(#15664,#15665,#15666,#15667),
 .UNSPECIFIED.,.F.,.F.,(4,4),(0.,0.05),.UNSPECIFIED.);
#658=B_SPLINE_CURVE_WITH_KNOTS('',3,(#15685,#15686,#15687,#15688),
 .UNSPECIFIED.,.F.,.F.,(4,4),(-1.,0.),.UNSPECIFIED.);
#659=B_SPLINE_CURVE_WITH_KNOTS('',3,(#15690,#15691,#15692,#15693),
 .UNSPECIFIED.,.F.,.F.,(4,4),(0.,1.),.UNSPECIFIED.);
#660=B_SPLINE_CURVE_WITH_KNOTS('',3,(#15694,#15695,#15696,#15697),
 .UNSPECIFIED.,.F.,.F.,(4,4),(0.,0.05),.UNSPECIFIED.);
#661=B_SPLINE_CURVE_WITH_KNOTS('',3,(#15715,#15716,#15717,#15718),
 .UNSPECIFIED.,.F.,.F.,(4,4),(-1.,-1.00385350805228E-7),.UNSPECIFIED.);
#662=B_SPLINE_CURVE_WITH_KNOTS('',3,(#15720,#15721,#15722,#15723),
 .UNSPECIFIED.,.F.,.F.,(4,4),(0.,1.),.UNSPECIFIED.);
#663=B_SPLINE_CURVE_WITH_KNOTS('',3,(#15724,#15725,#15726,#15727),
 .UNSPECIFIED.,.F.,.F.,(4,4),(0.,0.05),.UNSPECIFIED.);
#664=B_SPLINE_CURVE_WITH_KNOTS('',3,(#15745,#15746,#15747,#15748),
 .UNSPECIFIED.,.F.,.F.,(4,4),(-1.,-0.0202904651812723),.UNSPECIFIED.);
#665=B_SPLINE_CURVE_WITH_KNOTS('',3,(#15750,#15751,#15752,#15753),
 .UNSPECIFIED.,.F.,.F.,(4,4),(0.,1.),.UNSPECIFIED.);
#666=B_SPLINE_CURVE_WITH_KNOTS('',3,(#15754,#15755,#15756,#15757,#15758,
#15759),.UNSPECIFIED.,.F.,.F.,(4,2,4),(0.,0.0250038317302234,0.0500281838827396),
 .UNSPECIFIED.);
#667=B_SPLINE_CURVE_WITH_KNOTS('',3,(#15882,#15883,#15884,#15885),
 .UNSPECIFIED.,.F.,.F.,(4,4),(0.,0.05),.UNSPECIFIED.);
#668=B_SPLINE_CURVE_WITH_KNOTS('',3,(#15903,#15904,#15905,#15906),
 .UNSPECIFIED.,.F.,.F.,(4,4),(-1.,-2.96518441569062E-8),.UNSPECIFIED.);
#669=B_SPLINE_CURVE_WITH_KNOTS('',3,(#15908,#15909,#15910,#15911),
 .UNSPECIFIED.,.F.,.F.,(4,4),(0.,1.),.UNSPECIFIED.);
#670=B_SPLINE_CURVE_WITH_KNOTS('',3,(#15912,#15913,#15914,#15915),
 .UNSPECIFIED.,.F.,.F.,(4,4),(0.,0.05),.UNSPECIFIED.);
#671=B_SPLINE_CURVE_WITH_KNOTS('',3,(#15933,#15934,#15935,#15936),
 .UNSPECIFIED.,.F.,.F.,(4,4),(-1.,0.),.UNSPECIFIED.);
#672=B_SPLINE_CURVE_WITH_KNOTS('',3,(#15938,#15939,#15940,#15941),
 .UNSPECIFIED.,.F.,.F.,(4,4),(0.,1.),.UNSPECIFIED.);
#673=B_SPLINE_CURVE_WITH_KNOTS('',3,(#15942,#15943,#15944,#15945),
 .UNSPECIFIED.,.F.,.F.,(4,4),(0.,0.05),.UNSPECIFIED.);
#674=B_SPLINE_CURVE_WITH_KNOTS('',3,(#15963,#15964,#15965,#15966),
 .UNSPECIFIED.,.F.,.F.,(4,4),(-1.,0.),.UNSPECIFIED.);
#675=B_SPLINE_CURVE_WITH_KNOTS('',3,(#15968,#15969,#15970,#15971),
 .UNSPECIFIED.,.F.,.F.,(4,4),(0.,1.),.UNSPECIFIED.);
#676=B_SPLINE_CURVE_WITH_KNOTS('',3,(#15972,#15973,#15974,#15975),
 .UNSPECIFIED.,.F.,.F.,(4,4),(0.,0.05),.UNSPECIFIED.);
#677=B_SPLINE_CURVE_WITH_KNOTS('',3,(#15993,#15994,#15995,#15996),
 .UNSPECIFIED.,.F.,.F.,(4,4),(-1.,0.),.UNSPECIFIED.);
#678=B_SPLINE_CURVE_WITH_KNOTS('',3,(#15998,#15999,#16000,#16001),
 .UNSPECIFIED.,.F.,.F.,(4,4),(0.,1.),.UNSPECIFIED.);
#679=B_SPLINE_CURVE_WITH_KNOTS('',3,(#16020,#16021,#16022,#16023),
 .UNSPECIFIED.,.F.,.F.,(4,4),(0.,0.05),.UNSPECIFIED.);
#680=B_SPLINE_CURVE_WITH_KNOTS('',3,(#16041,#16042,#16043,#16044),
 .UNSPECIFIED.,.F.,.F.,(4,4),(-1.,0.),.UNSPECIFIED.);
#681=B_SPLINE_CURVE_WITH_KNOTS('',3,(#16046,#16047,#16048,#16049),
 .UNSPECIFIED.,.F.,.F.,(4,4),(0.,1.),.UNSPECIFIED.);
#682=B_SPLINE_CURVE_WITH_KNOTS('',3,(#16050,#16051,#16052,#16053),
 .UNSPECIFIED.,.F.,.F.,(4,4),(0.,0.05),.UNSPECIFIED.);
#683=B_SPLINE_CURVE_WITH_KNOTS('',3,(#16071,#16072,#16073,#16074),
 .UNSPECIFIED.,.F.,.F.,(4,4),(-1.,0.),.UNSPECIFIED.);
#684=B_SPLINE_CURVE_WITH_KNOTS('',3,(#16076,#16077,#16078,#16079),
 .UNSPECIFIED.,.F.,.F.,(4,4),(0.,1.),.UNSPECIFIED.);
#685=B_SPLINE_CURVE_WITH_KNOTS('',3,(#16080,#16081,#16082,#16083),
 .UNSPECIFIED.,.F.,.F.,(4,4),(0.,0.05),.UNSPECIFIED.);
#686=B_SPLINE_CURVE_WITH_KNOTS('',3,(#16101,#16102,#16103,#16104),
 .UNSPECIFIED.,.F.,.F.,(4,4),(-1.,0.),.UNSPECIFIED.);
#687=B_SPLINE_CURVE_WITH_KNOTS('',3,(#16106,#16107,#16108,#16109),
 .UNSPECIFIED.,.F.,.F.,(4,4),(0.,1.),.UNSPECIFIED.);
#688=B_SPLINE_CURVE_WITH_KNOTS('',3,(#16110,#16111,#16112,#16113),
 .UNSPECIFIED.,.F.,.F.,(4,4),(0.,0.05),.UNSPECIFIED.);
#689=B_SPLINE_CURVE_WITH_KNOTS('',3,(#16131,#16132,#16133,#16134),
 .UNSPECIFIED.,.F.,.F.,(4,4),(-1.,-0.0202908782774369),.UNSPECIFIED.);
#690=B_SPLINE_CURVE_WITH_KNOTS('',3,(#16136,#16137,#16138,#16139),
 .UNSPECIFIED.,.F.,.F.,(4,4),(0.,1.),.UNSPECIFIED.);
#691=B_SPLINE_CURVE_WITH_KNOTS('',3,(#16140,#16141,#16142,#16143,#16144,
#16145),.UNSPECIFIED.,.F.,.F.,(4,2,4),(0.,0.0250038316563613,0.0500281845111037),
 .UNSPECIFIED.);
#692=B_SPLINE_SURFACE_WITH_KNOTS('',2,1,((#11085,#11086),(#11087,#11088),
(#11089,#11090)),.UNSPECIFIED.,.F.,.F.,.F.,(3,3),(2,2),(0.,1.),(0.,0.05),
 .UNSPECIFIED.);
#693=B_SPLINE_SURFACE_WITH_KNOTS('',2,1,((#11100,#11101),(#11102,#11103),
(#11104,#11105)),.UNSPECIFIED.,.F.,.F.,.F.,(3,3),(2,2),(0.,1.),(0.,0.05),
 .UNSPECIFIED.);
#694=B_SPLINE_SURFACE_WITH_KNOTS('',2,1,((#11115,#11116),(#11117,#11118),
(#11119,#11120)),.UNSPECIFIED.,.F.,.F.,.F.,(3,3),(2,2),(0.,1.),(0.,0.05),
 .UNSPECIFIED.);
#695=B_SPLINE_SURFACE_WITH_KNOTS('',2,1,((#11136,#11137),(#11138,#11139),
(#11140,#11141)),.UNSPECIFIED.,.F.,.F.,.F.,(3,3),(2,2),(0.,1.),(0.,0.05),
 .UNSPECIFIED.);
#696=B_SPLINE_SURFACE_WITH_KNOTS('',2,1,((#11151,#11152),(#11153,#11154),
(#11155,#11156)),.UNSPECIFIED.,.F.,.F.,.F.,(3,3),(2,2),(0.,1.),(0.,0.05),
 .UNSPECIFIED.);
#697=B_SPLINE_SURFACE_WITH_KNOTS('',2,1,((#11166,#11167),(#11168,#11169),
(#11170,#11171)),.UNSPECIFIED.,.F.,.F.,.F.,(3,3),(2,2),(0.,1.),(0.,0.05),
 .UNSPECIFIED.);
#698=B_SPLINE_SURFACE_WITH_KNOTS('',2,1,((#11203,#11204),(#11205,#11206),
(#11207,#11208)),.UNSPECIFIED.,.F.,.F.,.F.,(3,3),(2,2),(0.,1.),(0.,0.05),
 .UNSPECIFIED.);
#699=B_SPLINE_SURFACE_WITH_KNOTS('',2,1,((#11221,#11222),(#11223,#11224),
(#11225,#11226)),.UNSPECIFIED.,.F.,.F.,.F.,(3,3),(2,2),(0.,1.),(0.,0.05),
 .UNSPECIFIED.);
#700=B_SPLINE_SURFACE_WITH_KNOTS('',2,1,((#11236,#11237),(#11238,#11239),
(#11240,#11241)),.UNSPECIFIED.,.F.,.F.,.F.,(3,3),(2,2),(0.,1.),(0.,0.05),
 .UNSPECIFIED.);
#701=B_SPLINE_SURFACE_WITH_KNOTS('',2,1,((#11251,#11252),(#11253,#11254),
(#11255,#11256)),.UNSPECIFIED.,.F.,.F.,.F.,(3,3),(2,2),(0.,1.),(0.,0.05),
 .UNSPECIFIED.);
#702=B_SPLINE_SURFACE_WITH_KNOTS('',2,1,((#11266,#11267),(#11268,#11269),
(#11270,#11271)),.UNSPECIFIED.,.F.,.F.,.F.,(3,3),(2,2),(0.,1.),(0.,0.05),
 .UNSPECIFIED.);
#703=B_SPLINE_SURFACE_WITH_KNOTS('',2,1,((#11281,#11282),(#11283,#11284),
(#11285,#11286)),.UNSPECIFIED.,.F.,.F.,.F.,(3,3),(2,2),(0.,1.),(0.,0.05),
 .UNSPECIFIED.);
#704=B_SPLINE_SURFACE_WITH_KNOTS('',2,1,((#11296,#11297),(#11298,#11299),
(#11300,#11301)),.UNSPECIFIED.,.F.,.F.,.F.,(3,3),(2,2),(0.,1.),(0.,0.05),
 .UNSPECIFIED.);
#705=B_SPLINE_SURFACE_WITH_KNOTS('',2,1,((#11311,#11312),(#11313,#11314),
(#11315,#11316)),.UNSPECIFIED.,.F.,.F.,.F.,(3,3),(2,2),(0.,1.),(0.,0.05),
 .UNSPECIFIED.);
#706=B_SPLINE_SURFACE_WITH_KNOTS('',2,1,((#11329,#11330),(#11331,#11332),
(#11333,#11334)),.UNSPECIFIED.,.F.,.F.,.F.,(3,3),(2,2),(0.,1.),(0.,0.05),
 .UNSPECIFIED.);
#707=B_SPLINE_SURFACE_WITH_KNOTS('',2,1,((#11347,#11348),(#11349,#11350),
(#11351,#11352)),.UNSPECIFIED.,.F.,.F.,.F.,(3,3),(2,2),(0.,1.),(0.,0.05),
 .UNSPECIFIED.);
#708=B_SPLINE_SURFACE_WITH_KNOTS('',2,1,((#11362,#11363),(#11364,#11365),
(#11366,#11367)),.UNSPECIFIED.,.F.,.F.,.F.,(3,3),(2,2),(0.,1.),(0.,0.05),
 .UNSPECIFIED.);
#709=B_SPLINE_SURFACE_WITH_KNOTS('',2,1,((#11377,#11378),(#11379,#11380),
(#11381,#11382)),.UNSPECIFIED.,.F.,.F.,.F.,(3,3),(2,2),(0.,1.),(0.,0.05),
 .UNSPECIFIED.);
#710=B_SPLINE_SURFACE_WITH_KNOTS('',2,1,((#11392,#11393),(#11394,#11395),
(#11396,#11397)),.UNSPECIFIED.,.F.,.F.,.F.,(3,3),(2,2),(0.,1.),(0.,0.05),
 .UNSPECIFIED.);
#711=B_SPLINE_SURFACE_WITH_KNOTS('',2,1,((#11407,#11408),(#11409,#11410),
(#11411,#11412)),.UNSPECIFIED.,.F.,.F.,.F.,(3,3),(2,2),(0.,1.),(0.,0.05),
 .UNSPECIFIED.);
#712=B_SPLINE_SURFACE_WITH_KNOTS('',2,1,((#11422,#11423),(#11424,#11425),
(#11426,#11427)),.UNSPECIFIED.,.F.,.F.,.F.,(3,3),(2,2),(0.,1.),(0.,0.05),
 .UNSPECIFIED.);
#713=B_SPLINE_SURFACE_WITH_KNOTS('',2,1,((#11437,#11438),(#11439,#11440),
(#11441,#11442)),.UNSPECIFIED.,.F.,.F.,.F.,(3,3),(2,2),(0.,1.),(0.,0.05),
 .UNSPECIFIED.);
#714=B_SPLINE_SURFACE_WITH_KNOTS('',2,1,((#11452,#11453),(#11454,#11455),
(#11456,#11457)),.UNSPECIFIED.,.F.,.F.,.F.,(3,3),(2,2),(0.,1.),(0.,0.05),
 .UNSPECIFIED.);
#715=B_SPLINE_SURFACE_WITH_KNOTS('',2,1,((#11467,#11468),(#11469,#11470),
(#11471,#11472)),.UNSPECIFIED.,.F.,.F.,.F.,(3,3),(2,2),(0.,1.),(0.,0.05),
 .UNSPECIFIED.);
#716=B_SPLINE_SURFACE_WITH_KNOTS('',2,1,((#11482,#11483),(#11484,#11485),
(#11486,#11487)),.UNSPECIFIED.,.F.,.F.,.F.,(3,3),(2,2),(0.,1.),(0.,0.05),
 .UNSPECIFIED.);
#717=B_SPLINE_SURFACE_WITH_KNOTS('',2,1,((#11497,#11498),(#11499,#11500),
(#11501,#11502)),.UNSPECIFIED.,.F.,.F.,.F.,(3,3),(2,2),(0.,1.),(0.,0.05),
 .UNSPECIFIED.);
#718=B_SPLINE_SURFACE_WITH_KNOTS('',2,1,((#11518,#11519),(#11520,#11521),
(#11522,#11523)),.UNSPECIFIED.,.F.,.F.,.F.,(3,3),(2,2),(0.,1.),(0.,0.05),
 .UNSPECIFIED.);
#719=B_SPLINE_SURFACE_WITH_KNOTS('',2,1,((#11533,#11534),(#11535,#11536),
(#11537,#11538)),.UNSPECIFIED.,.F.,.F.,.F.,(3,3),(2,2),(0.,1.),(0.,0.05),
 .UNSPECIFIED.);
#720=B_SPLINE_SURFACE_WITH_KNOTS('',2,1,((#11554,#11555),(#11556,#11557),
(#11558,#11559)),.UNSPECIFIED.,.F.,.F.,.F.,(3,3),(2,2),(0.,1.),(0.,0.05),
 .UNSPECIFIED.);
#721=B_SPLINE_SURFACE_WITH_KNOTS('',2,1,((#11569,#11570),(#11571,#11572),
(#11573,#11574)),.UNSPECIFIED.,.F.,.F.,.F.,(3,3),(2,2),(0.,1.),(0.,0.05),
 .UNSPECIFIED.);
#722=B_SPLINE_SURFACE_WITH_KNOTS('',2,1,((#11584,#11585),(#11586,#11587),
(#11588,#11589)),.UNSPECIFIED.,.F.,.F.,.F.,(3,3),(2,2),(0.,1.),(0.,0.05),
 .UNSPECIFIED.);
#723=B_SPLINE_SURFACE_WITH_KNOTS('',2,1,((#11599,#11600),(#11601,#11602),
(#11603,#11604)),.UNSPECIFIED.,.F.,.F.,.F.,(3,3),(2,2),(0.,1.),(0.,0.05),
 .UNSPECIFIED.);
#724=B_SPLINE_SURFACE_WITH_KNOTS('',2,1,((#11614,#11615),(#11616,#11617),
(#11618,#11619)),.UNSPECIFIED.,.F.,.F.,.F.,(3,3),(2,2),(0.,1.),(0.,0.05),
 .UNSPECIFIED.);
#725=B_SPLINE_SURFACE_WITH_KNOTS('',2,1,((#11629,#11630),(#11631,#11632),
(#11633,#11634)),.UNSPECIFIED.,.F.,.F.,.F.,(3,3),(2,2),(0.,1.),(0.,0.05),
 .UNSPECIFIED.);
#726=B_SPLINE_SURFACE_WITH_KNOTS('',2,1,((#11644,#11645),(#11646,#11647),
(#11648,#11649)),.UNSPECIFIED.,.F.,.F.,.F.,(3,3),(2,2),(0.,1.),(0.,0.05),
 .UNSPECIFIED.);
#727=B_SPLINE_SURFACE_WITH_KNOTS('',2,1,((#11659,#11660),(#11661,#11662),
(#11663,#11664)),.UNSPECIFIED.,.F.,.F.,.F.,(3,3),(2,2),(0.,1.),(0.,0.05),
 .UNSPECIFIED.);
#728=B_SPLINE_SURFACE_WITH_KNOTS('',2,1,((#11680,#11681),(#11682,#11683),
(#11684,#11685)),.UNSPECIFIED.,.F.,.F.,.F.,(3,3),(2,2),(0.,1.),(0.,0.05),
 .UNSPECIFIED.);
#729=B_SPLINE_SURFACE_WITH_KNOTS('',2,1,((#11695,#11696),(#11697,#11698),
(#11699,#11700)),.UNSPECIFIED.,.F.,.F.,.F.,(3,3),(2,2),(0.,1.),(0.,0.05),
 .UNSPECIFIED.);
#730=B_SPLINE_SURFACE_WITH_KNOTS('',2,1,((#11708,#11709),(#11710,#11711),
(#11712,#11713)),.UNSPECIFIED.,.F.,.F.,.F.,(3,3),(2,2),(0.,1.),(0.,0.05),
 .UNSPECIFIED.);
#731=B_SPLINE_SURFACE_WITH_KNOTS('',2,1,((#11726,#11727),(#11728,#11729),
(#11730,#11731)),.UNSPECIFIED.,.F.,.F.,.F.,(3,3),(2,2),(0.,1.),(0.,0.05),
 .UNSPECIFIED.);
#732=B_SPLINE_SURFACE_WITH_KNOTS('',2,1,((#11741,#11742),(#11743,#11744),
(#11745,#11746)),.UNSPECIFIED.,.F.,.F.,.F.,(3,3),(2,2),(0.,1.),(0.,0.05),
 .UNSPECIFIED.);
#733=B_SPLINE_SURFACE_WITH_KNOTS('',2,1,((#11756,#11757),(#11758,#11759),
(#11760,#11761)),.UNSPECIFIED.,.F.,.F.,.F.,(3,3),(2,2),(0.,1.),(0.,0.05),
 .UNSPECIFIED.);
#734=B_SPLINE_SURFACE_WITH_KNOTS('',2,1,((#11771,#11772),(#11773,#11774),
(#11775,#11776)),.UNSPECIFIED.,.F.,.F.,.F.,(3,3),(2,2),(0.,1.),(0.,0.05),
 .UNSPECIFIED.);
#735=B_SPLINE_SURFACE_WITH_KNOTS('',2,1,((#11786,#11787),(#11788,#11789),
(#11790,#11791)),.UNSPECIFIED.,.F.,.F.,.F.,(3,3),(2,2),(0.,1.),(0.,0.05),
 .UNSPECIFIED.);
#736=B_SPLINE_SURFACE_WITH_KNOTS('',2,1,((#11801,#11802),(#11803,#11804),
(#11805,#11806)),.UNSPECIFIED.,.F.,.F.,.F.,(3,3),(2,2),(0.,1.),(0.,0.05),
 .UNSPECIFIED.);
#737=B_SPLINE_SURFACE_WITH_KNOTS('',2,1,((#11816,#11817),(#11818,#11819),
(#11820,#11821)),.UNSPECIFIED.,.F.,.F.,.F.,(3,3),(2,2),(0.,1.),(0.,0.05),
 .UNSPECIFIED.);
#738=B_SPLINE_SURFACE_WITH_KNOTS('',2,1,((#11834,#11835),(#11836,#11837),
(#11838,#11839)),.UNSPECIFIED.,.F.,.F.,.F.,(3,3),(2,2),(0.,1.),(0.,0.05),
 .UNSPECIFIED.);
#739=B_SPLINE_SURFACE_WITH_KNOTS('',2,1,((#11852,#11853),(#11854,#11855),
(#11856,#11857)),.UNSPECIFIED.,.F.,.F.,.F.,(3,3),(2,2),(0.,1.),(0.,0.05),
 .UNSPECIFIED.);
#740=B_SPLINE_SURFACE_WITH_KNOTS('',2,1,((#11867,#11868),(#11869,#11870),
(#11871,#11872)),.UNSPECIFIED.,.F.,.F.,.F.,(3,3),(2,2),(0.,1.),(0.,0.05),
 .UNSPECIFIED.);
#741=B_SPLINE_SURFACE_WITH_KNOTS('',2,1,((#11882,#11883),(#11884,#11885),
(#11886,#11887)),.UNSPECIFIED.,.F.,.F.,.F.,(3,3),(2,2),(0.,1.),(0.,0.05),
 .UNSPECIFIED.);
#742=B_SPLINE_SURFACE_WITH_KNOTS('',2,1,((#11897,#11898),(#11899,#11900),
(#11901,#11902)),.UNSPECIFIED.,.F.,.F.,.F.,(3,3),(2,2),(0.,1.),(0.,0.05),
 .UNSPECIFIED.);
#743=B_SPLINE_SURFACE_WITH_KNOTS('',2,1,((#11912,#11913),(#11914,#11915),
(#11916,#11917)),.UNSPECIFIED.,.F.,.F.,.F.,(3,3),(2,2),(0.,1.),(0.,0.05),
 .UNSPECIFIED.);
#744=B_SPLINE_SURFACE_WITH_KNOTS('',2,1,((#11927,#11928),(#11929,#11930),
(#11931,#11932)),.UNSPECIFIED.,.F.,.F.,.F.,(3,3),(2,2),(0.,1.),(0.,0.05),
 .UNSPECIFIED.);
#745=B_SPLINE_SURFACE_WITH_KNOTS('',2,1,((#11942,#11943),(#11944,#11945),
(#11946,#11947)),.UNSPECIFIED.,.F.,.F.,.F.,(3,3),(2,2),(0.,1.),(0.,0.05),
 .UNSPECIFIED.);
#746=B_SPLINE_SURFACE_WITH_KNOTS('',2,1,((#11957,#11958),(#11959,#11960),
(#11961,#11962)),.UNSPECIFIED.,.F.,.F.,.F.,(3,3),(2,2),(0.,1.),(0.,0.05),
 .UNSPECIFIED.);
#747=B_SPLINE_SURFACE_WITH_KNOTS('',2,1,((#11972,#11973),(#11974,#11975),
(#11976,#11977)),.UNSPECIFIED.,.F.,.F.,.F.,(3,3),(2,2),(0.,1.),(0.,0.05),
 .UNSPECIFIED.);
#748=B_SPLINE_SURFACE_WITH_KNOTS('',2,1,((#11987,#11988),(#11989,#11990),
(#11991,#11992)),.UNSPECIFIED.,.F.,.F.,.F.,(3,3),(2,2),(0.,1.),(0.,0.05),
 .UNSPECIFIED.);
#749=B_SPLINE_SURFACE_WITH_KNOTS('',2,1,((#12002,#12003),(#12004,#12005),
(#12006,#12007)),.UNSPECIFIED.,.F.,.F.,.F.,(3,3),(2,2),(0.,1.),(0.,0.05),
 .UNSPECIFIED.);
#750=B_SPLINE_SURFACE_WITH_KNOTS('',2,1,((#12023,#12024),(#12025,#12026),
(#12027,#12028)),.UNSPECIFIED.,.F.,.F.,.F.,(3,3),(2,2),(0.,1.),(0.,0.05),
 .UNSPECIFIED.);
#751=B_SPLINE_SURFACE_WITH_KNOTS('',2,1,((#12038,#12039),(#12040,#12041),
(#12042,#12043)),.UNSPECIFIED.,.F.,.F.,.F.,(3,3),(2,2),(0.,1.),(0.,0.05),
 .UNSPECIFIED.);
#752=B_SPLINE_SURFACE_WITH_KNOTS('',2,1,((#12059,#12060),(#12061,#12062),
(#12063,#12064)),.UNSPECIFIED.,.F.,.F.,.F.,(3,3),(2,2),(0.,1.),(0.,0.05),
 .UNSPECIFIED.);
#753=B_SPLINE_SURFACE_WITH_KNOTS('',2,1,((#12074,#12075),(#12076,#12077),
(#12078,#12079)),.UNSPECIFIED.,.F.,.F.,.F.,(3,3),(2,2),(0.,1.),(0.,0.05),
 .UNSPECIFIED.);
#754=B_SPLINE_SURFACE_WITH_KNOTS('',2,1,((#12089,#12090),(#12091,#12092),
(#12093,#12094)),.UNSPECIFIED.,.F.,.F.,.F.,(3,3),(2,2),(0.,1.),(0.,0.05),
 .UNSPECIFIED.);
#755=B_SPLINE_SURFACE_WITH_KNOTS('',2,1,((#12104,#12105),(#12106,#12107),
(#12108,#12109)),.UNSPECIFIED.,.F.,.F.,.F.,(3,3),(2,2),(0.,1.),(0.,0.05),
 .UNSPECIFIED.);
#756=B_SPLINE_SURFACE_WITH_KNOTS('',2,1,((#12119,#12120),(#12121,#12122),
(#12123,#12124)),.UNSPECIFIED.,.F.,.F.,.F.,(3,3),(2,2),(0.,1.),(0.,0.05),
 .UNSPECIFIED.);
#757=B_SPLINE_SURFACE_WITH_KNOTS('',2,1,((#12134,#12135),(#12136,#12137),
(#12138,#12139)),.UNSPECIFIED.,.F.,.F.,.F.,(3,3),(2,2),(0.,1.),(0.,0.05),
 .UNSPECIFIED.);
#758=B_SPLINE_SURFACE_WITH_KNOTS('',2,1,((#12149,#12150),(#12151,#12152),
(#12153,#12154)),.UNSPECIFIED.,.F.,.F.,.F.,(3,3),(2,2),(0.,1.),(0.,0.05),
 .UNSPECIFIED.);
#759=B_SPLINE_SURFACE_WITH_KNOTS('',2,1,((#12164,#12165),(#12166,#12167),
(#12168,#12169)),.UNSPECIFIED.,.F.,.F.,.F.,(3,3),(2,2),(0.,1.),(0.,0.05),
 .UNSPECIFIED.);
#760=B_SPLINE_SURFACE_WITH_KNOTS('',2,1,((#12185,#12186),(#12187,#12188),
(#12189,#12190)),.UNSPECIFIED.,.F.,.F.,.F.,(3,3),(2,2),(0.,1.),(0.,0.05),
 .UNSPECIFIED.);
#761=B_SPLINE_SURFACE_WITH_KNOTS('',2,1,((#12200,#12201),(#12202,#12203),
(#12204,#12205)),.UNSPECIFIED.,.F.,.F.,.F.,(3,3),(2,2),(0.,1.),(0.,0.05),
 .UNSPECIFIED.);
#762=B_SPLINE_SURFACE_WITH_KNOTS('',2,1,((#12215,#12216),(#12217,#12218),
(#12219,#12220)),.UNSPECIFIED.,.F.,.F.,.F.,(3,3),(2,2),(0.,1.),(0.,0.05),
 .UNSPECIFIED.);
#763=B_SPLINE_SURFACE_WITH_KNOTS('',2,1,((#12233,#12234),(#12235,#12236),
(#12237,#12238)),.UNSPECIFIED.,.F.,.F.,.F.,(3,3),(2,2),(0.,1.),(0.,0.05),
 .UNSPECIFIED.);
#764=B_SPLINE_SURFACE_WITH_KNOTS('',2,1,((#12248,#12249),(#12250,#12251),
(#12252,#12253)),.UNSPECIFIED.,.F.,.F.,.F.,(3,3),(2,2),(0.,1.),(0.,0.05),
 .UNSPECIFIED.);
#765=B_SPLINE_SURFACE_WITH_KNOTS('',2,1,((#12263,#12264),(#12265,#12266),
(#12267,#12268)),.UNSPECIFIED.,.F.,.F.,.F.,(3,3),(2,2),(0.,1.),(0.,0.05),
 .UNSPECIFIED.);
#766=B_SPLINE_SURFACE_WITH_KNOTS('',2,1,((#12278,#12279),(#12280,#12281),
(#12282,#12283)),.UNSPECIFIED.,.F.,.F.,.F.,(3,3),(2,2),(0.,1.),(0.,0.05),
 .UNSPECIFIED.);
#767=B_SPLINE_SURFACE_WITH_KNOTS('',2,1,((#12293,#12294),(#12295,#12296),
(#12297,#12298)),.UNSPECIFIED.,.F.,.F.,.F.,(3,3),(2,2),(0.,1.),(0.,0.05),
 .UNSPECIFIED.);
#768=B_SPLINE_SURFACE_WITH_KNOTS('',2,1,((#12308,#12309),(#12310,#12311),
(#12312,#12313)),.UNSPECIFIED.,.F.,.F.,.F.,(3,3),(2,2),(0.,1.),(0.,0.05),
 .UNSPECIFIED.);
#769=B_SPLINE_SURFACE_WITH_KNOTS('',2,1,((#12323,#12324),(#12325,#12326),
(#12327,#12328)),.UNSPECIFIED.,.F.,.F.,.F.,(3,3),(2,2),(0.,1.),(0.,0.05),
 .UNSPECIFIED.);
#770=B_SPLINE_SURFACE_WITH_KNOTS('',2,1,((#12335,#12336),(#12337,#12338),
(#12339,#12340)),.UNSPECIFIED.,.F.,.F.,.F.,(3,3),(2,2),(0.,1.),(0.,0.05),
 .UNSPECIFIED.);
#771=B_SPLINE_SURFACE_WITH_KNOTS('',2,1,((#12353,#12354),(#12355,#12356),
(#12357,#12358)),.UNSPECIFIED.,.F.,.F.,.F.,(3,3),(2,2),(0.,1.),(0.,0.05),
 .UNSPECIFIED.);
#772=B_SPLINE_SURFACE_WITH_KNOTS('',2,1,((#12368,#12369),(#12370,#12371),
(#12372,#12373)),.UNSPECIFIED.,.F.,.F.,.F.,(3,3),(2,2),(0.,1.),(0.,0.05),
 .UNSPECIFIED.);
#773=B_SPLINE_SURFACE_WITH_KNOTS('',2,1,((#12383,#12384),(#12385,#12386),
(#12387,#12388)),.UNSPECIFIED.,.F.,.F.,.F.,(3,3),(2,2),(0.,1.),(0.,0.05),
 .UNSPECIFIED.);
#774=B_SPLINE_SURFACE_WITH_KNOTS('',2,1,((#12398,#12399),(#12400,#12401),
(#12402,#12403)),.UNSPECIFIED.,.F.,.F.,.F.,(3,3),(2,2),(0.,1.),(0.,0.05),
 .UNSPECIFIED.);
#775=B_SPLINE_SURFACE_WITH_KNOTS('',2,1,((#12413,#12414),(#12415,#12416),
(#12417,#12418)),.UNSPECIFIED.,.F.,.F.,.F.,(3,3),(2,2),(0.,1.),(0.,0.05),
 .UNSPECIFIED.);
#776=B_SPLINE_SURFACE_WITH_KNOTS('',2,1,((#12428,#12429),(#12430,#12431),
(#12432,#12433)),.UNSPECIFIED.,.F.,.F.,.F.,(3,3),(2,2),(0.,1.),(0.,0.05),
 .UNSPECIFIED.);
#777=B_SPLINE_SURFACE_WITH_KNOTS('',2,1,((#12443,#12444),(#12445,#12446),
(#12447,#12448)),.UNSPECIFIED.,.F.,.F.,.F.,(3,3),(2,2),(0.,1.),(0.,0.05),
 .UNSPECIFIED.);
#778=B_SPLINE_SURFACE_WITH_KNOTS('',2,1,((#12456,#12457),(#12458,#12459),
(#12460,#12461)),.UNSPECIFIED.,.F.,.F.,.F.,(3,3),(2,2),(0.,1.),(0.,0.05),
 .UNSPECIFIED.);
#779=B_SPLINE_SURFACE_WITH_KNOTS('',2,1,((#12474,#12475),(#12476,#12477),
(#12478,#12479)),.UNSPECIFIED.,.F.,.F.,.F.,(3,3),(2,2),(0.,1.),(0.,0.05),
 .UNSPECIFIED.);
#780=B_SPLINE_SURFACE_WITH_KNOTS('',2,1,((#12489,#12490),(#12491,#12492),
(#12493,#12494)),.UNSPECIFIED.,.F.,.F.,.F.,(3,3),(2,2),(0.,1.),(0.,0.05),
 .UNSPECIFIED.);
#781=B_SPLINE_SURFACE_WITH_KNOTS('',2,1,((#12504,#12505),(#12506,#12507),
(#12508,#12509)),.UNSPECIFIED.,.F.,.F.,.F.,(3,3),(2,2),(0.,1.),(0.,0.05),
 .UNSPECIFIED.);
#782=B_SPLINE_SURFACE_WITH_KNOTS('',2,1,((#12519,#12520),(#12521,#12522),
(#12523,#12524)),.UNSPECIFIED.,.F.,.F.,.F.,(3,3),(2,2),(0.,1.),(0.,0.05),
 .UNSPECIFIED.);
#783=B_SPLINE_SURFACE_WITH_KNOTS('',2,1,((#12534,#12535),(#12536,#12537),
(#12538,#12539)),.UNSPECIFIED.,.F.,.F.,.F.,(3,3),(2,2),(0.,1.),(0.,0.05),
 .UNSPECIFIED.);
#784=B_SPLINE_SURFACE_WITH_KNOTS('',2,1,((#12549,#12550),(#12551,#12552),
(#12553,#12554)),.UNSPECIFIED.,.F.,.F.,.F.,(3,3),(2,2),(0.,1.),(0.,0.05),
 .UNSPECIFIED.);
#785=B_SPLINE_SURFACE_WITH_KNOTS('',2,1,((#12564,#12565),(#12566,#12567),
(#12568,#12569)),.UNSPECIFIED.,.F.,.F.,.F.,(3,3),(2,2),(0.,1.),(0.,0.05),
 .UNSPECIFIED.);
#786=B_SPLINE_SURFACE_WITH_KNOTS('',2,1,((#12582,#12583),(#12584,#12585),
(#12586,#12587)),.UNSPECIFIED.,.F.,.F.,.F.,(3,3),(2,2),(0.,1.),(0.,0.05),
 .UNSPECIFIED.);
#787=B_SPLINE_SURFACE_WITH_KNOTS('',2,1,((#12600,#12601),(#12602,#12603),
(#12604,#12605)),.UNSPECIFIED.,.F.,.F.,.F.,(3,3),(2,2),(0.,1.),(0.,0.05),
 .UNSPECIFIED.);
#788=B_SPLINE_SURFACE_WITH_KNOTS('',2,1,((#12615,#12616),(#12617,#12618),
(#12619,#12620)),.UNSPECIFIED.,.F.,.F.,.F.,(3,3),(2,2),(0.,1.),(0.,0.05),
 .UNSPECIFIED.);
#789=B_SPLINE_SURFACE_WITH_KNOTS('',2,1,((#12630,#12631),(#12632,#12633),
(#12634,#12635)),.UNSPECIFIED.,.F.,.F.,.F.,(3,3),(2,2),(0.,1.),(0.,0.05),
 .UNSPECIFIED.);
#790=B_SPLINE_SURFACE_WITH_KNOTS('',2,1,((#12645,#12646),(#12647,#12648),
(#12649,#12650)),.UNSPECIFIED.,.F.,.F.,.F.,(3,3),(2,2),(0.,1.),(0.,0.05),
 .UNSPECIFIED.);
#791=B_SPLINE_SURFACE_WITH_KNOTS('',2,1,((#12660,#12661),(#12662,#12663),
(#12664,#12665)),.UNSPECIFIED.,.F.,.F.,.F.,(3,3),(2,2),(0.,1.),(0.,0.05),
 .UNSPECIFIED.);
#792=B_SPLINE_SURFACE_WITH_KNOTS('',2,1,((#12675,#12676),(#12677,#12678),
(#12679,#12680)),.UNSPECIFIED.,.F.,.F.,.F.,(3,3),(2,2),(0.,1.),(0.,0.05),
 .UNSPECIFIED.);
#793=B_SPLINE_SURFACE_WITH_KNOTS('',2,1,((#12690,#12691),(#12692,#12693),
(#12694,#12695)),.UNSPECIFIED.,.F.,.F.,.F.,(3,3),(2,2),(0.,1.),(0.,0.05),
 .UNSPECIFIED.);
#794=B_SPLINE_SURFACE_WITH_KNOTS('',2,1,((#12705,#12706),(#12707,#12708),
(#12709,#12710)),.UNSPECIFIED.,.F.,.F.,.F.,(3,3),(2,2),(0.,1.),(0.,0.05),
 .UNSPECIFIED.);
#795=B_SPLINE_SURFACE_WITH_KNOTS('',2,1,((#12720,#12721),(#12722,#12723),
(#12724,#12725)),.UNSPECIFIED.,.F.,.F.,.F.,(3,3),(2,2),(0.,1.),(0.,0.05),
 .UNSPECIFIED.);
#796=B_SPLINE_SURFACE_WITH_KNOTS('',2,1,((#12735,#12736),(#12737,#12738),
(#12739,#12740)),.UNSPECIFIED.,.F.,.F.,.F.,(3,3),(2,2),(0.,1.),(0.,0.05),
 .UNSPECIFIED.);
#797=B_SPLINE_SURFACE_WITH_KNOTS('',2,1,((#12750,#12751),(#12752,#12753),
(#12754,#12755)),.UNSPECIFIED.,.F.,.F.,.F.,(3,3),(2,2),(0.,1.),(0.,0.05),
 .UNSPECIFIED.);
#798=B_SPLINE_SURFACE_WITH_KNOTS('',2,1,((#12771,#12772),(#12773,#12774),
(#12775,#12776)),.UNSPECIFIED.,.F.,.F.,.F.,(3,3),(2,2),(0.,1.),(0.,0.05),
 .UNSPECIFIED.);
#799=B_SPLINE_SURFACE_WITH_KNOTS('',2,1,((#12786,#12787),(#12788,#12789),
(#12790,#12791)),.UNSPECIFIED.,.F.,.F.,.F.,(3,3),(2,2),(0.,1.),(0.,0.05),
 .UNSPECIFIED.);
#800=B_SPLINE_SURFACE_WITH_KNOTS('',2,1,((#12807,#12808),(#12809,#12810),
(#12811,#12812)),.UNSPECIFIED.,.F.,.F.,.F.,(3,3),(2,2),(0.,1.),(0.,0.05),
 .UNSPECIFIED.);
#801=B_SPLINE_SURFACE_WITH_KNOTS('',2,1,((#12822,#12823),(#12824,#12825),
(#12826,#12827)),.UNSPECIFIED.,.F.,.F.,.F.,(3,3),(2,2),(0.,1.),(0.,0.05),
 .UNSPECIFIED.);
#802=B_SPLINE_SURFACE_WITH_KNOTS('',2,1,((#12837,#12838),(#12839,#12840),
(#12841,#12842)),.UNSPECIFIED.,.F.,.F.,.F.,(3,3),(2,2),(0.,1.),(0.,0.05),
 .UNSPECIFIED.);
#803=B_SPLINE_SURFACE_WITH_KNOTS('',2,1,((#12852,#12853),(#12854,#12855),
(#12856,#12857)),.UNSPECIFIED.,.F.,.F.,.F.,(3,3),(2,2),(0.,1.),(0.,0.05),
 .UNSPECIFIED.);
#804=B_SPLINE_SURFACE_WITH_KNOTS('',2,1,((#12867,#12868),(#12869,#12870),
(#12871,#12872)),.UNSPECIFIED.,.F.,.F.,.F.,(3,3),(2,2),(0.,1.),(0.,0.05),
 .UNSPECIFIED.);
#805=B_SPLINE_SURFACE_WITH_KNOTS('',2,1,((#12882,#12883),(#12884,#12885),
(#12886,#12887)),.UNSPECIFIED.,.F.,.F.,.F.,(3,3),(2,2),(0.,1.),(0.,0.05),
 .UNSPECIFIED.);
#806=B_SPLINE_SURFACE_WITH_KNOTS('',2,1,((#12897,#12898),(#12899,#12900),
(#12901,#12902)),.UNSPECIFIED.,.F.,.F.,.F.,(3,3),(2,2),(0.,1.),(0.,0.05),
 .UNSPECIFIED.);
#807=B_SPLINE_SURFACE_WITH_KNOTS('',2,1,((#12912,#12913),(#12914,#12915),
(#12916,#12917)),.UNSPECIFIED.,.F.,.F.,.F.,(3,3),(2,2),(0.,1.),(0.,0.05),
 .UNSPECIFIED.);
#808=B_SPLINE_SURFACE_WITH_KNOTS('',2,1,((#12933,#12934),(#12935,#12936),
(#12937,#12938)),.UNSPECIFIED.,.F.,.F.,.F.,(3,3),(2,2),(0.,1.),(0.,0.05),
 .UNSPECIFIED.);
#809=B_SPLINE_SURFACE_WITH_KNOTS('',2,1,((#12948,#12949),(#12950,#12951),
(#12952,#12953)),.UNSPECIFIED.,.F.,.F.,.F.,(3,3),(2,2),(0.,1.),(0.,0.05),
 .UNSPECIFIED.);
#810=B_SPLINE_SURFACE_WITH_KNOTS('',2,1,((#12970,#12971),(#12972,#12973),
(#12974,#12975)),.UNSPECIFIED.,.F.,.F.,.F.,(3,3),(2,2),(0.,1.),(0.,0.05),
 .UNSPECIFIED.);
#811=B_SPLINE_SURFACE_WITH_KNOTS('',2,1,((#12985,#12986),(#12987,#12988),
(#12989,#12990)),.UNSPECIFIED.,.F.,.F.,.F.,(3,3),(2,2),(0.,1.),(0.,0.05),
 .UNSPECIFIED.);
#812=B_SPLINE_SURFACE_WITH_KNOTS('',2,1,((#13000,#13001),(#13002,#13003),
(#13004,#13005)),.UNSPECIFIED.,.F.,.F.,.F.,(3,3),(2,2),(0.,1.),(0.,0.05),
 .UNSPECIFIED.);
#813=B_SPLINE_SURFACE_WITH_KNOTS('',2,1,((#13021,#13022),(#13023,#13024),
(#13025,#13026)),.UNSPECIFIED.,.F.,.F.,.F.,(3,3),(2,2),(0.,1.),(0.,0.05),
 .UNSPECIFIED.);
#814=B_SPLINE_SURFACE_WITH_KNOTS('',2,1,((#13036,#13037),(#13038,#13039),
(#13040,#13041)),.UNSPECIFIED.,.F.,.F.,.F.,(3,3),(2,2),(0.,1.),(0.,0.05),
 .UNSPECIFIED.);
#815=B_SPLINE_SURFACE_WITH_KNOTS('',2,1,((#13051,#13052),(#13053,#13054),
(#13055,#13056)),.UNSPECIFIED.,.F.,.F.,.F.,(3,3),(2,2),(0.,1.),(0.,0.05),
 .UNSPECIFIED.);
#816=B_SPLINE_SURFACE_WITH_KNOTS('',2,1,((#13088,#13089),(#13090,#13091),
(#13092,#13093)),.UNSPECIFIED.,.F.,.F.,.F.,(3,3),(2,2),(0.,1.),(0.,0.05),
 .UNSPECIFIED.);
#817=B_SPLINE_SURFACE_WITH_KNOTS('',2,1,((#13106,#13107),(#13108,#13109),
(#13110,#13111)),.UNSPECIFIED.,.F.,.F.,.F.,(3,3),(2,2),(0.,1.),(0.,0.05),
 .UNSPECIFIED.);
#818=B_SPLINE_SURFACE_WITH_KNOTS('',2,1,((#13121,#13122),(#13123,#13124),
(#13125,#13126)),.UNSPECIFIED.,.F.,.F.,.F.,(3,3),(2,2),(0.,1.),(0.,0.05),
 .UNSPECIFIED.);
#819=B_SPLINE_SURFACE_WITH_KNOTS('',2,1,((#13136,#13137),(#13138,#13139),
(#13140,#13141)),.UNSPECIFIED.,.F.,.F.,.F.,(3,3),(2,2),(0.,1.),(0.,0.05),
 .UNSPECIFIED.);
#820=B_SPLINE_SURFACE_WITH_KNOTS('',2,1,((#13151,#13152),(#13153,#13154),
(#13155,#13156)),.UNSPECIFIED.,.F.,.F.,.F.,(3,3),(2,2),(0.,1.),(0.,0.05),
 .UNSPECIFIED.);
#821=B_SPLINE_SURFACE_WITH_KNOTS('',2,1,((#13166,#13167),(#13168,#13169),
(#13170,#13171)),.UNSPECIFIED.,.F.,.F.,.F.,(3,3),(2,2),(0.,1.),(0.,0.05),
 .UNSPECIFIED.);
#822=B_SPLINE_SURFACE_WITH_KNOTS('',2,1,((#13181,#13182),(#13183,#13184),
(#13185,#13186)),.UNSPECIFIED.,.F.,.F.,.F.,(3,3),(2,2),(0.,1.),(0.,0.05),
 .UNSPECIFIED.);
#823=B_SPLINE_SURFACE_WITH_KNOTS('',2,1,((#13196,#13197),(#13198,#13199),
(#13200,#13201)),.UNSPECIFIED.,.F.,.F.,.F.,(3,3),(2,2),(0.,1.),(0.,0.05),
 .UNSPECIFIED.);
#824=B_SPLINE_SURFACE_WITH_KNOTS('',2,1,((#13208,#13209),(#13210,#13211),
(#13212,#13213)),.UNSPECIFIED.,.F.,.F.,.F.,(3,3),(2,2),(0.,1.),(0.,0.05),
 .UNSPECIFIED.);
#825=B_SPLINE_SURFACE_WITH_KNOTS('',2,1,((#13226,#13227),(#13228,#13229),
(#13230,#13231)),.UNSPECIFIED.,.F.,.F.,.F.,(3,3),(2,2),(0.,1.),(0.,0.05),
 .UNSPECIFIED.);
#826=B_SPLINE_SURFACE_WITH_KNOTS('',2,1,((#13241,#13242),(#13243,#13244),
(#13245,#13246)),.UNSPECIFIED.,.F.,.F.,.F.,(3,3),(2,2),(0.,1.),(0.,0.05),
 .UNSPECIFIED.);
#827=B_SPLINE_SURFACE_WITH_KNOTS('',2,1,((#13256,#13257),(#13258,#13259),
(#13260,#13261)),.UNSPECIFIED.,.F.,.F.,.F.,(3,3),(2,2),(0.,1.),(0.,0.05),
 .UNSPECIFIED.);
#828=B_SPLINE_SURFACE_WITH_KNOTS('',2,1,((#13271,#13272),(#13273,#13274),
(#13275,#13276)),.UNSPECIFIED.,.F.,.F.,.F.,(3,3),(2,2),(0.,1.),(0.,0.05),
 .UNSPECIFIED.);
#829=B_SPLINE_SURFACE_WITH_KNOTS('',2,1,((#13286,#13287),(#13288,#13289),
(#13290,#13291)),.UNSPECIFIED.,.F.,.F.,.F.,(3,3),(2,2),(0.,1.),(0.,0.05),
 .UNSPECIFIED.);
#830=B_SPLINE_SURFACE_WITH_KNOTS('',2,1,((#13301,#13302),(#13303,#13304),
(#13305,#13306)),.UNSPECIFIED.,.F.,.F.,.F.,(3,3),(2,2),(0.,1.),(0.,0.05),
 .UNSPECIFIED.);
#831=B_SPLINE_SURFACE_WITH_KNOTS('',2,1,((#13322,#13323),(#13324,#13325),
(#13326,#13327)),.UNSPECIFIED.,.F.,.F.,.F.,(3,3),(2,2),(0.,1.),(0.,0.05),
 .UNSPECIFIED.);
#832=B_SPLINE_SURFACE_WITH_KNOTS('',2,1,((#13337,#13338),(#13339,#13340),
(#13341,#13342)),.UNSPECIFIED.,.F.,.F.,.F.,(3,3),(2,2),(0.,1.),(0.,0.05),
 .UNSPECIFIED.);
#833=B_SPLINE_SURFACE_WITH_KNOTS('',2,1,((#13352,#13353),(#13354,#13355),
(#13356,#13357)),.UNSPECIFIED.,.F.,.F.,.F.,(3,3),(2,2),(0.,1.),(0.,0.05),
 .UNSPECIFIED.);
#834=B_SPLINE_SURFACE_WITH_KNOTS('',2,1,((#13367,#13368),(#13369,#13370),
(#13371,#13372)),.UNSPECIFIED.,.F.,.F.,.F.,(3,3),(2,2),(0.,1.),(0.,0.05),
 .UNSPECIFIED.);
#835=B_SPLINE_SURFACE_WITH_KNOTS('',2,1,((#13388,#13389),(#13390,#13391),
(#13392,#13393)),.UNSPECIFIED.,.F.,.F.,.F.,(3,3),(2,2),(0.,1.),(0.,0.05),
 .UNSPECIFIED.);
#836=B_SPLINE_SURFACE_WITH_KNOTS('',2,1,((#13403,#13404),(#13405,#13406),
(#13407,#13408)),.UNSPECIFIED.,.F.,.F.,.F.,(3,3),(2,2),(0.,1.),(0.,0.05),
 .UNSPECIFIED.);
#837=B_SPLINE_SURFACE_WITH_KNOTS('',2,1,((#13418,#13419),(#13420,#13421),
(#13422,#13423)),.UNSPECIFIED.,.F.,.F.,.F.,(3,3),(2,2),(0.,1.),(0.,0.05),
 .UNSPECIFIED.);
#838=B_SPLINE_SURFACE_WITH_KNOTS('',2,1,((#13433,#13434),(#13435,#13436),
(#13437,#13438)),.UNSPECIFIED.,.F.,.F.,.F.,(3,3),(2,2),(0.,1.),(0.,0.05),
 .UNSPECIFIED.);
#839=B_SPLINE_SURFACE_WITH_KNOTS('',2,1,((#13448,#13449),(#13450,#13451),
(#13452,#13453)),.UNSPECIFIED.,.F.,.F.,.F.,(3,3),(2,2),(0.,1.),(0.,0.05),
 .UNSPECIFIED.);
#840=B_SPLINE_SURFACE_WITH_KNOTS('',2,1,((#13463,#13464),(#13465,#13466),
(#13467,#13468)),.UNSPECIFIED.,.F.,.F.,.F.,(3,3),(2,2),(0.,1.),(0.,0.05),
 .UNSPECIFIED.);
#841=B_SPLINE_SURFACE_WITH_KNOTS('',2,1,((#13478,#13479),(#13480,#13481),
(#13482,#13483)),.UNSPECIFIED.,.F.,.F.,.F.,(3,3),(2,2),(0.,1.),(0.,0.05),
 .UNSPECIFIED.);
#842=B_SPLINE_SURFACE_WITH_KNOTS('',2,1,((#13517,#13518),(#13519,#13520),
(#13521,#13522)),.UNSPECIFIED.,.F.,.F.,.F.,(3,3),(2,2),(0.,1.),(0.,0.05),
 .UNSPECIFIED.);
#843=B_SPLINE_SURFACE_WITH_KNOTS('',2,1,((#13530,#13531),(#13532,#13533),
(#13534,#13535)),.UNSPECIFIED.,.F.,.F.,.F.,(3,3),(2,2),(0.,1.),(0.,0.05),
 .UNSPECIFIED.);
#844=B_SPLINE_SURFACE_WITH_KNOTS('',2,1,((#13548,#13549),(#13550,#13551),
(#13552,#13553)),.UNSPECIFIED.,.F.,.F.,.F.,(3,3),(2,2),(0.,1.),(0.,0.05),
 .UNSPECIFIED.);
#845=B_SPLINE_SURFACE_WITH_KNOTS('',2,1,((#13563,#13564),(#13565,#13566),
(#13567,#13568)),.UNSPECIFIED.,.F.,.F.,.F.,(3,3),(2,2),(0.,1.),(0.,0.05),
 .UNSPECIFIED.);
#846=B_SPLINE_SURFACE_WITH_KNOTS('',2,1,((#13578,#13579),(#13580,#13581),
(#13582,#13583)),.UNSPECIFIED.,.F.,.F.,.F.,(3,3),(2,2),(0.,1.),(0.,0.05),
 .UNSPECIFIED.);
#847=B_SPLINE_SURFACE_WITH_KNOTS('',2,1,((#13596,#13597),(#13598,#13599),
(#13600,#13601)),.UNSPECIFIED.,.F.,.F.,.F.,(3,3),(2,2),(0.,1.),(0.,0.05),
 .UNSPECIFIED.);
#848=B_SPLINE_SURFACE_WITH_KNOTS('',2,1,((#13614,#13615),(#13616,#13617),
(#13618,#13619)),.UNSPECIFIED.,.F.,.F.,.F.,(3,3),(2,2),(0.,1.),(0.,0.05),
 .UNSPECIFIED.);
#849=B_SPLINE_SURFACE_WITH_KNOTS('',2,1,((#13629,#13630),(#13631,#13632),
(#13633,#13634)),.UNSPECIFIED.,.F.,.F.,.F.,(3,3),(2,2),(0.,1.),(0.,0.05),
 .UNSPECIFIED.);
#850=B_SPLINE_SURFACE_WITH_KNOTS('',2,1,((#13644,#13645),(#13646,#13647),
(#13648,#13649)),.UNSPECIFIED.,.F.,.F.,.F.,(3,3),(2,2),(0.,1.),(0.,0.05),
 .UNSPECIFIED.);
#851=B_SPLINE_SURFACE_WITH_KNOTS('',2,1,((#13659,#13660),(#13661,#13662),
(#13663,#13664)),.UNSPECIFIED.,.F.,.F.,.F.,(3,3),(2,2),(0.,1.),(0.,0.05),
 .UNSPECIFIED.);
#852=B_SPLINE_SURFACE_WITH_KNOTS('',2,1,((#13674,#13675),(#13676,#13677),
(#13678,#13679)),.UNSPECIFIED.,.F.,.F.,.F.,(3,3),(2,2),(0.,1.),(0.,0.05),
 .UNSPECIFIED.);
#853=B_SPLINE_SURFACE_WITH_KNOTS('',2,1,((#13689,#13690),(#13691,#13692),
(#13693,#13694)),.UNSPECIFIED.,.F.,.F.,.F.,(3,3),(2,2),(0.,1.),(0.,0.05),
 .UNSPECIFIED.);
#854=B_SPLINE_SURFACE_WITH_KNOTS('',2,1,((#13704,#13705),(#13706,#13707),
(#13708,#13709)),.UNSPECIFIED.,.F.,.F.,.F.,(3,3),(2,2),(0.,1.),(0.,0.05),
 .UNSPECIFIED.);
#855=B_SPLINE_SURFACE_WITH_KNOTS('',2,1,((#13719,#13720),(#13721,#13722),
(#13723,#13724)),.UNSPECIFIED.,.F.,.F.,.F.,(3,3),(2,2),(0.,1.),(0.,0.05),
 .UNSPECIFIED.);
#856=B_SPLINE_SURFACE_WITH_KNOTS('',2,1,((#13740,#13741),(#13742,#13743),
(#13744,#13745)),.UNSPECIFIED.,.F.,.F.,.F.,(3,3),(2,2),(0.,1.),(0.,0.05),
 .UNSPECIFIED.);
#857=B_SPLINE_SURFACE_WITH_KNOTS('',2,1,((#13755,#13756),(#13757,#13758),
(#13759,#13760)),.UNSPECIFIED.,.F.,.F.,.F.,(3,3),(2,2),(0.,1.),(0.,0.05),
 .UNSPECIFIED.);
#858=B_SPLINE_SURFACE_WITH_KNOTS('',2,1,((#13770,#13771),(#13772,#13773),
(#13774,#13775)),.UNSPECIFIED.,.F.,.F.,.F.,(3,3),(2,2),(0.,1.),(0.,0.05),
 .UNSPECIFIED.);
#859=B_SPLINE_SURFACE_WITH_KNOTS('',2,1,((#13785,#13786),(#13787,#13788),
(#13789,#13790)),.UNSPECIFIED.,.F.,.F.,.F.,(3,3),(2,2),(0.,1.),(0.,0.05),
 .UNSPECIFIED.);
#860=B_SPLINE_SURFACE_WITH_KNOTS('',2,1,((#13812,#13813),(#13814,#13815),
(#13816,#13817)),.UNSPECIFIED.,.F.,.F.,.F.,(3,3),(2,2),(0.,1.),(0.,0.05),
 .UNSPECIFIED.);
#861=B_SPLINE_SURFACE_WITH_KNOTS('',2,1,((#13829,#13830),(#13831,#13832),
(#13833,#13834)),.UNSPECIFIED.,.F.,.F.,.F.,(3,3),(2,2),(0.,1.),(0.,0.05),
 .UNSPECIFIED.);
#862=B_SPLINE_SURFACE_WITH_KNOTS('',2,1,((#13847,#13848),(#13849,#13850),
(#13851,#13852)),.UNSPECIFIED.,.F.,.F.,.F.,(3,3),(2,2),(0.,1.),(0.,0.05),
 .UNSPECIFIED.);
#863=B_SPLINE_SURFACE_WITH_KNOTS('',2,1,((#13862,#13863),(#13864,#13865),
(#13866,#13867)),.UNSPECIFIED.,.F.,.F.,.F.,(3,3),(2,2),(0.,1.),(0.,0.05),
 .UNSPECIFIED.);
#864=B_SPLINE_SURFACE_WITH_KNOTS('',2,1,((#13877,#13878),(#13879,#13880),
(#13881,#13882)),.UNSPECIFIED.,.F.,.F.,.F.,(3,3),(2,2),(0.,1.),(0.,0.05),
 .UNSPECIFIED.);
#865=B_SPLINE_SURFACE_WITH_KNOTS('',2,1,((#13892,#13893),(#13894,#13895),
(#13896,#13897)),.UNSPECIFIED.,.F.,.F.,.F.,(3,3),(2,2),(0.,1.),(0.,0.05),
 .UNSPECIFIED.);
#866=B_SPLINE_SURFACE_WITH_KNOTS('',2,1,((#13907,#13908),(#13909,#13910),
(#13911,#13912)),.UNSPECIFIED.,.F.,.F.,.F.,(3,3),(2,2),(0.,1.),(0.,0.05),
 .UNSPECIFIED.);
#867=B_SPLINE_SURFACE_WITH_KNOTS('',2,1,((#13922,#13923),(#13924,#13925),
(#13926,#13927)),.UNSPECIFIED.,.F.,.F.,.F.,(3,3),(2,2),(0.,1.),(0.,0.05),
 .UNSPECIFIED.);
#868=B_SPLINE_SURFACE_WITH_KNOTS('',2,1,((#13937,#13938),(#13939,#13940),
(#13941,#13942)),.UNSPECIFIED.,.F.,.F.,.F.,(3,3),(2,2),(0.,1.),(0.,0.05),
 .UNSPECIFIED.);
#869=B_SPLINE_SURFACE_WITH_KNOTS('',2,1,((#13952,#13953),(#13954,#13955),
(#13956,#13957)),.UNSPECIFIED.,.F.,.F.,.F.,(3,3),(2,2),(0.,1.),(0.,0.05),
 .UNSPECIFIED.);
#870=B_SPLINE_SURFACE_WITH_KNOTS('',2,1,((#13967,#13968),(#13969,#13970),
(#13971,#13972)),.UNSPECIFIED.,.F.,.F.,.F.,(3,3),(2,2),(0.,1.),(0.,0.05),
 .UNSPECIFIED.);
#871=B_SPLINE_SURFACE_WITH_KNOTS('',2,1,((#13982,#13983),(#13984,#13985),
(#13986,#13987)),.UNSPECIFIED.,.F.,.F.,.F.,(3,3),(2,2),(0.,1.),(0.,0.05),
 .UNSPECIFIED.);
#872=B_SPLINE_SURFACE_WITH_KNOTS('',2,1,((#13997,#13998),(#13999,#14000),
(#14001,#14002)),.UNSPECIFIED.,.F.,.F.,.F.,(3,3),(2,2),(0.,1.),(0.,0.05),
 .UNSPECIFIED.);
#873=B_SPLINE_SURFACE_WITH_KNOTS('',2,1,((#14018,#14019),(#14020,#14021),
(#14022,#14023)),.UNSPECIFIED.,.F.,.F.,.F.,(3,3),(2,2),(0.,1.),(0.,0.05),
 .UNSPECIFIED.);
#874=B_SPLINE_SURFACE_WITH_KNOTS('',2,1,((#14033,#14034),(#14035,#14036),
(#14037,#14038)),.UNSPECIFIED.,.F.,.F.,.F.,(3,3),(2,2),(0.,1.),(0.,0.05),
 .UNSPECIFIED.);
#875=B_SPLINE_SURFACE_WITH_KNOTS('',2,1,((#14048,#14049),(#14050,#14051),
(#14052,#14053)),.UNSPECIFIED.,.F.,.F.,.F.,(3,3),(2,2),(0.,1.),(0.,0.05),
 .UNSPECIFIED.);
#876=B_SPLINE_SURFACE_WITH_KNOTS('',2,1,((#14063,#14064),(#14065,#14066),
(#14067,#14068)),.UNSPECIFIED.,.F.,.F.,.F.,(3,3),(2,2),(0.,1.),(0.,0.05),
 .UNSPECIFIED.);
#877=B_SPLINE_SURFACE_WITH_KNOTS('',2,1,((#14078,#14079),(#14080,#14081),
(#14082,#14083)),.UNSPECIFIED.,.F.,.F.,.F.,(3,3),(2,2),(0.,1.),(0.,0.05),
 .UNSPECIFIED.);
#878=B_SPLINE_SURFACE_WITH_KNOTS('',2,1,((#14093,#14094),(#14095,#14096),
(#14097,#14098)),.UNSPECIFIED.,.F.,.F.,.F.,(3,3),(2,2),(0.,1.),(0.,0.05),
 .UNSPECIFIED.);
#879=B_SPLINE_SURFACE_WITH_KNOTS('',2,1,((#14108,#14109),(#14110,#14111),
(#14112,#14113)),.UNSPECIFIED.,.F.,.F.,.F.,(3,3),(2,2),(0.,1.),(0.,0.05),
 .UNSPECIFIED.);
#880=B_SPLINE_SURFACE_WITH_KNOTS('',2,1,((#14123,#14124),(#14125,#14126),
(#14127,#14128)),.UNSPECIFIED.,.F.,.F.,.F.,(3,3),(2,2),(0.,1.),(0.,0.05),
 .UNSPECIFIED.);
#881=B_SPLINE_SURFACE_WITH_KNOTS('',2,1,((#14138,#14139),(#14140,#14141),
(#14142,#14143)),.UNSPECIFIED.,.F.,.F.,.F.,(3,3),(2,2),(0.,1.),(0.,0.05),
 .UNSPECIFIED.);
#882=B_SPLINE_SURFACE_WITH_KNOTS('',2,1,((#14153,#14154),(#14155,#14156),
(#14157,#14158)),.UNSPECIFIED.,.F.,.F.,.F.,(3,3),(2,2),(0.,1.),(0.,0.05),
 .UNSPECIFIED.);
#883=B_SPLINE_SURFACE_WITH_KNOTS('',2,1,((#14168,#14169),(#14170,#14171),
(#14172,#14173)),.UNSPECIFIED.,.F.,.F.,.F.,(3,3),(2,2),(0.,1.),(0.,0.05),
 .UNSPECIFIED.);
#884=B_SPLINE_SURFACE_WITH_KNOTS('',2,1,((#14183,#14184),(#14185,#14186),
(#14187,#14188)),.UNSPECIFIED.,.F.,.F.,.F.,(3,3),(2,2),(0.,1.),(0.,0.05),
 .UNSPECIFIED.);
#885=B_SPLINE_SURFACE_WITH_KNOTS('',2,1,((#14198,#14199),(#14200,#14201),
(#14202,#14203)),.UNSPECIFIED.,.F.,.F.,.F.,(3,3),(2,2),(0.,1.),(0.,0.05),
 .UNSPECIFIED.);
#886=B_SPLINE_SURFACE_WITH_KNOTS('',2,1,((#14219,#14220),(#14221,#14222),
(#14223,#14224)),.UNSPECIFIED.,.F.,.F.,.F.,(3,3),(2,2),(0.,1.),(0.,0.05),
 .UNSPECIFIED.);
#887=B_SPLINE_SURFACE_WITH_KNOTS('',2,1,((#14234,#14235),(#14236,#14237),
(#14238,#14239)),.UNSPECIFIED.,.F.,.F.,.F.,(3,3),(2,2),(0.,1.),(0.,0.05),
 .UNSPECIFIED.);
#888=B_SPLINE_SURFACE_WITH_KNOTS('',3,3,((#14272,#14273,#14274,#14275),
(#14276,#14277,#14278,#14279),(#14280,#14281,#14282,#14283),(#14284,#14285,
#14286,#14287)),.UNSPECIFIED.,.F.,.F.,.F.,(4,4),(4,4),(-1.,0.),(0.,0.05),
 .UNSPECIFIED.);
#889=B_SPLINE_SURFACE_WITH_KNOTS('',3,3,((#14308,#14309,#14310,#14311),
(#14312,#14313,#14314,#14315),(#14316,#14317,#14318,#14319),(#14320,#14321,
#14322,#14323)),.UNSPECIFIED.,.F.,.F.,.F.,(4,4),(4,4),(-1.,0.),(0.,0.05),
 .UNSPECIFIED.);
#890=B_SPLINE_SURFACE_WITH_KNOTS('',3,3,((#14338,#14339,#14340,#14341),
(#14342,#14343,#14344,#14345),(#14346,#14347,#14348,#14349),(#14350,#14351,
#14352,#14353)),.UNSPECIFIED.,.F.,.F.,.F.,(4,4),(4,4),(-1.,0.),(0.,0.05),
 .UNSPECIFIED.);
#891=B_SPLINE_SURFACE_WITH_KNOTS('',3,3,((#14368,#14369,#14370,#14371),
(#14372,#14373,#14374,#14375),(#14376,#14377,#14378,#14379),(#14380,#14381,
#14382,#14383)),.UNSPECIFIED.,.F.,.F.,.F.,(4,4),(4,4),(-1.,0.),(0.,0.05),
 .UNSPECIFIED.);
#892=B_SPLINE_SURFACE_WITH_KNOTS('',3,3,((#14398,#14399,#14400,#14401),
(#14402,#14403,#14404,#14405),(#14406,#14407,#14408,#14409),(#14410,#14411,
#14412,#14413)),.UNSPECIFIED.,.F.,.F.,.F.,(4,4),(4,4),(-1.,0.),(0.,0.05),
 .UNSPECIFIED.);
#893=B_SPLINE_SURFACE_WITH_KNOTS('',3,3,((#14428,#14429,#14430,#14431),
(#14432,#14433,#14434,#14435),(#14436,#14437,#14438,#14439),(#14440,#14441,
#14442,#14443)),.UNSPECIFIED.,.F.,.F.,.F.,(4,4),(4,4),(-1.,0.),(0.,0.05),
 .UNSPECIFIED.);
#894=B_SPLINE_SURFACE_WITH_KNOTS('',3,3,((#14458,#14459,#14460,#14461),
(#14462,#14463,#14464,#14465),(#14466,#14467,#14468,#14469),(#14470,#14471,
#14472,#14473)),.UNSPECIFIED.,.F.,.F.,.F.,(4,4),(4,4),(-1.,0.),(0.,0.05),
 .UNSPECIFIED.);
#895=B_SPLINE_SURFACE_WITH_KNOTS('',3,3,((#14488,#14489,#14490,#14491),
(#14492,#14493,#14494,#14495),(#14496,#14497,#14498,#14499),(#14500,#14501,
#14502,#14503)),.UNSPECIFIED.,.F.,.F.,.F.,(4,4),(4,4),(-1.,0.),(0.,0.05),
 .UNSPECIFIED.);
#896=B_SPLINE_SURFACE_WITH_KNOTS('',3,3,((#14512,#14513,#14514,#14515),
(#14516,#14517,#14518,#14519),(#14520,#14521,#14522,#14523),(#14524,#14525,
#14526,#14527)),.UNSPECIFIED.,.F.,.F.,.F.,(4,4),(4,4),(0.,1.),(0.,0.05),
 .UNSPECIFIED.);
#897=B_SPLINE_SURFACE_WITH_KNOTS('',3,3,((#14550,#14551,#14552,#14553),
(#14554,#14555,#14556,#14557),(#14558,#14559,#14560,#14561),(#14562,#14563,
#14564,#14565)),.UNSPECIFIED.,.F.,.F.,.F.,(4,4),(4,4),(0.,1.),(0.,0.05),
 .UNSPECIFIED.);
#898=B_SPLINE_SURFACE_WITH_KNOTS('',3,3,((#14580,#14581,#14582,#14583),
(#14584,#14585,#14586,#14587),(#14588,#14589,#14590,#14591),(#14592,#14593,
#14594,#14595)),.UNSPECIFIED.,.F.,.F.,.F.,(4,4),(4,4),(0.,1.),(0.,0.05),
 .UNSPECIFIED.);
#899=B_SPLINE_SURFACE_WITH_KNOTS('',3,3,((#14610,#14611,#14612,#14613),
(#14614,#14615,#14616,#14617),(#14618,#14619,#14620,#14621),(#14622,#14623,
#14624,#14625)),.UNSPECIFIED.,.F.,.F.,.F.,(4,4),(4,4),(0.,1.),(0.,0.05),
 .UNSPECIFIED.);
#900=B_SPLINE_SURFACE_WITH_KNOTS('',3,3,((#14640,#14641,#14642,#14643),
(#14644,#14645,#14646,#14647),(#14648,#14649,#14650,#14651),(#14652,#14653,
#14654,#14655)),.UNSPECIFIED.,.F.,.F.,.F.,(4,4),(4,4),(0.,1.),(0.,0.05),
 .UNSPECIFIED.);
#901=B_SPLINE_SURFACE_WITH_KNOTS('',3,3,((#14670,#14671,#14672,#14673),
(#14674,#14675,#14676,#14677),(#14678,#14679,#14680,#14681),(#14682,#14683,
#14684,#14685)),.UNSPECIFIED.,.F.,.F.,.F.,(4,4),(4,4),(0.,1.),(0.,0.05),
 .UNSPECIFIED.);
#902=B_SPLINE_SURFACE_WITH_KNOTS('',3,3,((#14700,#14701,#14702,#14703),
(#14704,#14705,#14706,#14707),(#14708,#14709,#14710,#14711),(#14712,#14713,
#14714,#14715)),.UNSPECIFIED.,.F.,.F.,.F.,(4,4),(4,4),(0.,1.),(0.,0.05),
 .UNSPECIFIED.);
#903=B_SPLINE_SURFACE_WITH_KNOTS('',3,3,((#14730,#14731,#14732,#14733),
(#14734,#14735,#14736,#14737),(#14738,#14739,#14740,#14741),(#14742,#14743,
#14744,#14745)),.UNSPECIFIED.,.F.,.F.,.F.,(4,4),(4,4),(0.,1.),(0.,0.05),
 .UNSPECIFIED.);
#904=B_SPLINE_SURFACE_WITH_KNOTS('',3,3,((#14790,#14791,#14792,#14793),
(#14794,#14795,#14796,#14797),(#14798,#14799,#14800,#14801),(#14802,#14803,
#14804,#14805)),.UNSPECIFIED.,.F.,.F.,.F.,(4,4),(4,4),(0.,1.),(0.,0.05),
 .UNSPECIFIED.);
#905=B_SPLINE_SURFACE_WITH_KNOTS('',3,3,((#14826,#14827,#14828,#14829),
(#14830,#14831,#14832,#14833),(#14834,#14835,#14836,#14837),(#14838,#14839,
#14840,#14841)),.UNSPECIFIED.,.F.,.F.,.F.,(4,4),(4,4),(0.,1.),(0.,0.05),
 .UNSPECIFIED.);
#906=B_SPLINE_SURFACE_WITH_KNOTS('',3,3,((#14856,#14857,#14858,#14859),
(#14860,#14861,#14862,#14863),(#14864,#14865,#14866,#14867),(#14868,#14869,
#14870,#14871)),.UNSPECIFIED.,.F.,.F.,.F.,(4,4),(4,4),(0.,1.),(0.,0.05),
 .UNSPECIFIED.);
#907=B_SPLINE_SURFACE_WITH_KNOTS('',3,3,((#14886,#14887,#14888,#14889),
(#14890,#14891,#14892,#14893),(#14894,#14895,#14896,#14897),(#14898,#14899,
#14900,#14901)),.UNSPECIFIED.,.F.,.F.,.F.,(4,4),(4,4),(0.,1.),(0.,0.05),
 .UNSPECIFIED.);
#908=B_SPLINE_SURFACE_WITH_KNOTS('',3,3,((#14916,#14917,#14918,#14919),
(#14920,#14921,#14922,#14923),(#14924,#14925,#14926,#14927),(#14928,#14929,
#14930,#14931)),.UNSPECIFIED.,.F.,.F.,.F.,(4,4),(4,4),(0.,1.),(0.,0.05),
 .UNSPECIFIED.);
#909=B_SPLINE_SURFACE_WITH_KNOTS('',3,3,((#14946,#14947,#14948,#14949),
(#14950,#14951,#14952,#14953),(#14954,#14955,#14956,#14957),(#14958,#14959,
#14960,#14961),(#14962,#14963,#14964,#14965),(#14966,#14967,#14968,#14969)),
 .UNSPECIFIED.,.F.,.F.,.F.,(4,2,4),(4,4),(-0.0157438452349186,0.,1.),(0.,
0.05),.UNSPECIFIED.);
#910=B_SPLINE_SURFACE_WITH_KNOTS('',3,3,((#14999,#15000,#15001,#15002),
(#15003,#15004,#15005,#15006),(#15007,#15008,#15009,#15010),(#15011,#15012,
#15013,#15014),(#15015,#15016,#15017,#15018),(#15019,#15020,#15021,#15022)),
 .UNSPECIFIED.,.F.,.F.,.F.,(4,2,4),(4,4),(0.,1.,1.0041695721465),(0.,0.05),
 .UNSPECIFIED.);
#911=B_SPLINE_SURFACE_WITH_KNOTS('',3,3,((#15038,#15039,#15040,#15041),
(#15042,#15043,#15044,#15045),(#15046,#15047,#15048,#15049),(#15050,#15051,
#15052,#15053)),.UNSPECIFIED.,.F.,.F.,.F.,(4,4),(4,4),(0.,1.),(0.,0.05),
 .UNSPECIFIED.);
#912=B_SPLINE_SURFACE_WITH_KNOTS('',3,3,((#15068,#15069,#15070,#15071),
(#15072,#15073,#15074,#15075),(#15076,#15077,#15078,#15079),(#15080,#15081,
#15082,#15083)),.UNSPECIFIED.,.F.,.F.,.F.,(4,4),(4,4),(0.,1.),(0.,0.05),
 .UNSPECIFIED.);
#913=B_SPLINE_SURFACE_WITH_KNOTS('',3,3,((#15098,#15099,#15100,#15101),
(#15102,#15103,#15104,#15105),(#15106,#15107,#15108,#15109),(#15110,#15111,
#15112,#15113)),.UNSPECIFIED.,.F.,.F.,.F.,(4,4),(4,4),(0.,1.),(0.,0.05),
 .UNSPECIFIED.);
#914=B_SPLINE_SURFACE_WITH_KNOTS('',3,3,((#15128,#15129,#15130,#15131),
(#15132,#15133,#15134,#15135),(#15136,#15137,#15138,#15139),(#15140,#15141,
#15142,#15143)),.UNSPECIFIED.,.F.,.F.,.F.,(4,4),(4,4),(0.,1.),(0.,0.05),
 .UNSPECIFIED.);
#915=B_SPLINE_SURFACE_WITH_KNOTS('',3,3,((#15158,#15159,#15160,#15161),
(#15162,#15163,#15164,#15165),(#15166,#15167,#15168,#15169),(#15170,#15171,
#15172,#15173)),.UNSPECIFIED.,.F.,.F.,.F.,(4,4),(4,4),(0.,1.),(0.,0.05),
 .UNSPECIFIED.);
#916=B_SPLINE_SURFACE_WITH_KNOTS('',3,3,((#15188,#15189,#15190,#15191),
(#15192,#15193,#15194,#15195),(#15196,#15197,#15198,#15199),(#15200,#15201,
#15202,#15203)),.UNSPECIFIED.,.F.,.F.,.F.,(4,4),(4,4),(0.,1.),(0.,0.05),
 .UNSPECIFIED.);
#917=B_SPLINE_SURFACE_WITH_KNOTS('',3,3,((#15218,#15219,#15220,#15221),
(#15222,#15223,#15224,#15225),(#15226,#15227,#15228,#15229),(#15230,#15231,
#15232,#15233)),.UNSPECIFIED.,.F.,.F.,.F.,(4,4),(4,4),(0.,1.),(0.,0.05),
 .UNSPECIFIED.);
#918=B_SPLINE_SURFACE_WITH_KNOTS('',3,3,((#15248,#15249,#15250,#15251),
(#15252,#15253,#15254,#15255),(#15256,#15257,#15258,#15259),(#15260,#15261,
#15262,#15263)),.UNSPECIFIED.,.F.,.F.,.F.,(4,4),(4,4),(0.,1.),(0.,0.05),
 .UNSPECIFIED.);
#919=B_SPLINE_SURFACE_WITH_KNOTS('',3,3,((#15278,#15279,#15280,#15281),
(#15282,#15283,#15284,#15285),(#15286,#15287,#15288,#15289),(#15290,#15291,
#15292,#15293)),.UNSPECIFIED.,.F.,.F.,.F.,(4,4),(4,4),(0.,1.),(0.,0.05),
 .UNSPECIFIED.);
#920=B_SPLINE_SURFACE_WITH_KNOTS('',3,3,((#15308,#15309,#15310,#15311),
(#15312,#15313,#15314,#15315),(#15316,#15317,#15318,#15319),(#15320,#15321,
#15322,#15323)),.UNSPECIFIED.,.F.,.F.,.F.,(4,4),(4,4),(0.,1.),(0.,0.05),
 .UNSPECIFIED.);
#921=B_SPLINE_SURFACE_WITH_KNOTS('',3,3,((#15338,#15339,#15340,#15341),
(#15342,#15343,#15344,#15345),(#15346,#15347,#15348,#15349),(#15350,#15351,
#15352,#15353)),.UNSPECIFIED.,.F.,.F.,.F.,(4,4),(4,4),(0.,1.),(0.,0.05),
 .UNSPECIFIED.);
#922=B_SPLINE_SURFACE_WITH_KNOTS('',3,3,((#15368,#15369,#15370,#15371),
(#15372,#15373,#15374,#15375),(#15376,#15377,#15378,#15379),(#15380,#15381,
#15382,#15383),(#15384,#15385,#15386,#15387),(#15388,#15389,#15390,#15391)),
 .UNSPECIFIED.,.F.,.F.,.F.,(4,2,4),(4,4),(-0.00961772702004071,0.,1.),(0.,
0.05),.UNSPECIFIED.);
#923=B_SPLINE_SURFACE_WITH_KNOTS('',3,3,((#15424,#15425,#15426,#15427),
(#15428,#15429,#15430,#15431),(#15432,#15433,#15434,#15435),(#15436,#15437,
#15438,#15439),(#15440,#15441,#15442,#15443),(#15444,#15445,#15446,#15447)),
 .UNSPECIFIED.,.F.,.F.,.F.,(4,2,4),(4,4),(0.,1.,1.00532188284831),(0.,0.05),
 .UNSPECIFIED.);
#924=B_SPLINE_SURFACE_WITH_KNOTS('',3,3,((#15463,#15464,#15465,#15466),
(#15467,#15468,#15469,#15470),(#15471,#15472,#15473,#15474),(#15475,#15476,
#15477,#15478)),.UNSPECIFIED.,.F.,.F.,.F.,(4,4),(4,4),(0.,1.),(0.,0.05),
 .UNSPECIFIED.);
#925=B_SPLINE_SURFACE_WITH_KNOTS('',3,3,((#15500,#15501,#15502,#15503),
(#15504,#15505,#15506,#15507),(#15508,#15509,#15510,#15511),(#15512,#15513,
#15514,#15515)),.UNSPECIFIED.,.F.,.F.,.F.,(4,4),(4,4),(0.,1.),(0.,0.05),
 .UNSPECIFIED.);
#926=B_SPLINE_SURFACE_WITH_KNOTS('',3,3,((#15530,#15531,#15532,#15533),
(#15534,#15535,#15536,#15537),(#15538,#15539,#15540,#15541),(#15542,#15543,
#15544,#15545)),.UNSPECIFIED.,.F.,.F.,.F.,(4,4),(4,4),(0.,1.),(0.,0.05),
 .UNSPECIFIED.);
#927=B_SPLINE_SURFACE_WITH_KNOTS('',3,3,((#15560,#15561,#15562,#15563),
(#15564,#15565,#15566,#15567),(#15568,#15569,#15570,#15571),(#15572,#15573,
#15574,#15575)),.UNSPECIFIED.,.F.,.F.,.F.,(4,4),(4,4),(0.,1.),(0.,0.05),
 .UNSPECIFIED.);
#928=B_SPLINE_SURFACE_WITH_KNOTS('',3,3,((#15590,#15591,#15592,#15593),
(#15594,#15595,#15596,#15597),(#15598,#15599,#15600,#15601),(#15602,#15603,
#15604,#15605)),.UNSPECIFIED.,.F.,.F.,.F.,(4,4),(4,4),(0.,1.),(0.,0.05),
 .UNSPECIFIED.);
#929=B_SPLINE_SURFACE_WITH_KNOTS('',3,3,((#15638,#15639,#15640,#15641),
(#15642,#15643,#15644,#15645),(#15646,#15647,#15648,#15649),(#15650,#15651,
#15652,#15653)),.UNSPECIFIED.,.F.,.F.,.F.,(4,4),(4,4),(0.,1.),(0.,0.05),
 .UNSPECIFIED.);
#930=B_SPLINE_SURFACE_WITH_KNOTS('',3,3,((#15668,#15669,#15670,#15671),
(#15672,#15673,#15674,#15675),(#15676,#15677,#15678,#15679),(#15680,#15681,
#15682,#15683)),.UNSPECIFIED.,.F.,.F.,.F.,(4,4),(4,4),(0.,1.),(0.,0.05),
 .UNSPECIFIED.);
#931=B_SPLINE_SURFACE_WITH_KNOTS('',3,3,((#15698,#15699,#15700,#15701),
(#15702,#15703,#15704,#15705),(#15706,#15707,#15708,#15709),(#15710,#15711,
#15712,#15713)),.UNSPECIFIED.,.F.,.F.,.F.,(4,4),(4,4),(0.,1.),(0.,0.05),
 .UNSPECIFIED.);
#932=B_SPLINE_SURFACE_WITH_KNOTS('',3,3,((#15728,#15729,#15730,#15731),
(#15732,#15733,#15734,#15735),(#15736,#15737,#15738,#15739),(#15740,#15741,
#15742,#15743)),.UNSPECIFIED.,.F.,.F.,.F.,(4,4),(4,4),(0.,1.),(0.,0.05),
 .UNSPECIFIED.);
#933=B_SPLINE_SURFACE_WITH_KNOTS('',3,3,((#15886,#15887,#15888,#15889),
(#15890,#15891,#15892,#15893),(#15894,#15895,#15896,#15897),(#15898,#15899,
#15900,#15901)),.UNSPECIFIED.,.F.,.F.,.F.,(4,4),(4,4),(0.,1.),(0.,0.05),
 .UNSPECIFIED.);
#934=B_SPLINE_SURFACE_WITH_KNOTS('',3,3,((#15916,#15917,#15918,#15919),
(#15920,#15921,#15922,#15923),(#15924,#15925,#15926,#15927),(#15928,#15929,
#15930,#15931)),.UNSPECIFIED.,.F.,.F.,.F.,(4,4),(4,4),(0.,1.),(0.,0.05),
 .UNSPECIFIED.);
#935=B_SPLINE_SURFACE_WITH_KNOTS('',3,3,((#15946,#15947,#15948,#15949),
(#15950,#15951,#15952,#15953),(#15954,#15955,#15956,#15957),(#15958,#15959,
#15960,#15961)),.UNSPECIFIED.,.F.,.F.,.F.,(4,4),(4,4),(0.,1.),(0.,0.05),
 .UNSPECIFIED.);
#936=B_SPLINE_SURFACE_WITH_KNOTS('',3,3,((#15976,#15977,#15978,#15979),
(#15980,#15981,#15982,#15983),(#15984,#15985,#15986,#15987),(#15988,#15989,
#15990,#15991)),.UNSPECIFIED.,.F.,.F.,.F.,(4,4),(4,4),(0.,1.),(0.,0.05),
 .UNSPECIFIED.);
#937=B_SPLINE_SURFACE_WITH_KNOTS('',3,3,((#16024,#16025,#16026,#16027),
(#16028,#16029,#16030,#16031),(#16032,#16033,#16034,#16035),(#16036,#16037,
#16038,#16039)),.UNSPECIFIED.,.F.,.F.,.F.,(4,4),(4,4),(0.,1.),(0.,0.05),
 .UNSPECIFIED.);
#938=B_SPLINE_SURFACE_WITH_KNOTS('',3,3,((#16054,#16055,#16056,#16057),
(#16058,#16059,#16060,#16061),(#16062,#16063,#16064,#16065),(#16066,#16067,
#16068,#16069)),.UNSPECIFIED.,.F.,.F.,.F.,(4,4),(4,4),(0.,1.),(0.,0.05),
 .UNSPECIFIED.);
#939=B_SPLINE_SURFACE_WITH_KNOTS('',3,3,((#16084,#16085,#16086,#16087),
(#16088,#16089,#16090,#16091),(#16092,#16093,#16094,#16095),(#16096,#16097,
#16098,#16099)),.UNSPECIFIED.,.F.,.F.,.F.,(4,4),(4,4),(0.,1.),(0.,0.05),
 .UNSPECIFIED.);
#940=B_SPLINE_SURFACE_WITH_KNOTS('',3,3,((#16114,#16115,#16116,#16117),
(#16118,#16119,#16120,#16121),(#16122,#16123,#16124,#16125),(#16126,#16127,
#16128,#16129)),.UNSPECIFIED.,.F.,.F.,.F.,(4,4),(4,4),(0.,1.),(0.,0.05),
 .UNSPECIFIED.);
#941=FACE_OUTER_BOUND('',#1432,.T.);
#942=FACE_OUTER_BOUND('',#1433,.T.);
#943=FACE_OUTER_BOUND('',#1434,.T.);
#944=FACE_OUTER_BOUND('',#1435,.T.);
#945=FACE_OUTER_BOUND('',#1436,.T.);
#946=FACE_OUTER_BOUND('',#1437,.T.);
#947=FACE_OUTER_BOUND('',#1438,.T.);
#948=FACE_OUTER_BOUND('',#1439,.T.);
#949=FACE_OUTER_BOUND('',#1440,.T.);
#950=FACE_OUTER_BOUND('',#1441,.T.);
#951=FACE_OUTER_BOUND('',#1442,.T.);
#952=FACE_OUTER_BOUND('',#1443,.T.);
#953=FACE_OUTER_BOUND('',#1444,.T.);
#954=FACE_OUTER_BOUND('',#1445,.T.);
#955=FACE_OUTER_BOUND('',#1446,.T.);
#956=FACE_OUTER_BOUND('',#1447,.T.);
#957=FACE_OUTER_BOUND('',#1448,.T.);
#958=FACE_OUTER_BOUND('',#1449,.T.);
#959=FACE_OUTER_BOUND('',#1450,.T.);
#960=FACE_OUTER_BOUND('',#1451,.T.);
#961=FACE_OUTER_BOUND('',#1452,.T.);
#962=FACE_OUTER_BOUND('',#1453,.T.);
#963=FACE_OUTER_BOUND('',#1454,.T.);
#964=FACE_OUTER_BOUND('',#1455,.T.);
#965=FACE_OUTER_BOUND('',#1456,.T.);
#966=FACE_OUTER_BOUND('',#1457,.T.);
#967=FACE_OUTER_BOUND('',#1458,.T.);
#968=FACE_OUTER_BOUND('',#1459,.T.);
#969=FACE_OUTER_BOUND('',#1460,.T.);
#970=FACE_OUTER_BOUND('',#1461,.T.);
#971=FACE_OUTER_BOUND('',#1462,.T.);
#972=FACE_OUTER_BOUND('',#1463,.T.);
#973=FACE_OUTER_BOUND('',#1464,.T.);
#974=FACE_OUTER_BOUND('',#1465,.T.);
#975=FACE_OUTER_BOUND('',#1466,.T.);
#976=FACE_OUTER_BOUND('',#1467,.T.);
#977=FACE_OUTER_BOUND('',#1468,.T.);
#978=FACE_OUTER_BOUND('',#1469,.T.);
#979=FACE_OUTER_BOUND('',#1470,.T.);
#980=FACE_OUTER_BOUND('',#1471,.T.);
#981=FACE_OUTER_BOUND('',#1472,.T.);
#982=FACE_OUTER_BOUND('',#1473,.T.);
#983=FACE_OUTER_BOUND('',#1474,.T.);
#984=FACE_OUTER_BOUND('',#1475,.T.);
#985=FACE_OUTER_BOUND('',#1476,.T.);
#986=FACE_OUTER_BOUND('',#1477,.T.);
#987=FACE_OUTER_BOUND('',#1478,.T.);
#988=FACE_OUTER_BOUND('',#1479,.T.);
#989=FACE_OUTER_BOUND('',#1480,.T.);
#990=FACE_OUTER_BOUND('',#1481,.T.);
#991=FACE_OUTER_BOUND('',#1483,.T.);
#992=FACE_OUTER_BOUND('',#1484,.T.);
#993=FACE_OUTER_BOUND('',#1485,.T.);
#994=FACE_OUTER_BOUND('',#1486,.T.);
#995=FACE_OUTER_BOUND('',#1487,.T.);
#996=FACE_OUTER_BOUND('',#1488,.T.);
#997=FACE_OUTER_BOUND('',#1489,.T.);
#998=FACE_OUTER_BOUND('',#1490,.T.);
#999=FACE_OUTER_BOUND('',#1491,.T.);
#1000=FACE_OUTER_BOUND('',#1492,.T.);
#1001=FACE_OUTER_BOUND('',#1493,.T.);
#1002=FACE_OUTER_BOUND('',#1494,.T.);
#1003=FACE_OUTER_BOUND('',#1495,.T.);
#1004=FACE_OUTER_BOUND('',#1496,.T.);
#1005=FACE_OUTER_BOUND('',#1497,.T.);
#1006=FACE_OUTER_BOUND('',#1498,.T.);
#1007=FACE_OUTER_BOUND('',#1499,.T.);
#1008=FACE_OUTER_BOUND('',#1500,.T.);
#1009=FACE_OUTER_BOUND('',#1501,.T.);
#1010=FACE_OUTER_BOUND('',#1502,.T.);
#1011=FACE_OUTER_BOUND('',#1503,.T.);
#1012=FACE_OUTER_BOUND('',#1504,.T.);
#1013=FACE_OUTER_BOUND('',#1505,.T.);
#1014=FACE_OUTER_BOUND('',#1506,.T.);
#1015=FACE_OUTER_BOUND('',#1507,.T.);
#1016=FACE_OUTER_BOUND('',#1508,.T.);
#1017=FACE_OUTER_BOUND('',#1509,.T.);
#1018=FACE_OUTER_BOUND('',#1510,.T.);
#1019=FACE_OUTER_BOUND('',#1511,.T.);
#1020=FACE_OUTER_BOUND('',#1512,.T.);
#1021=FACE_OUTER_BOUND('',#1513,.T.);
#1022=FACE_OUTER_BOUND('',#1514,.T.);
#1023=FACE_OUTER_BOUND('',#1515,.T.);
#1024=FACE_OUTER_BOUND('',#1516,.T.);
#1025=FACE_OUTER_BOUND('',#1517,.T.);
#1026=FACE_OUTER_BOUND('',#1518,.T.);
#1027=FACE_OUTER_BOUND('',#1519,.T.);
#1028=FACE_OUTER_BOUND('',#1521,.T.);
#1029=FACE_OUTER_BOUND('',#1522,.T.);
#1030=FACE_OUTER_BOUND('',#1523,.T.);
#1031=FACE_OUTER_BOUND('',#1524,.T.);
#1032=FACE_OUTER_BOUND('',#1525,.T.);
#1033=FACE_OUTER_BOUND('',#1526,.T.);
#1034=FACE_OUTER_BOUND('',#1527,.T.);
#1035=FACE_OUTER_BOUND('',#1528,.T.);
#1036=FACE_OUTER_BOUND('',#1529,.T.);
#1037=FACE_OUTER_BOUND('',#1530,.T.);
#1038=FACE_OUTER_BOUND('',#1531,.T.);
#1039=FACE_OUTER_BOUND('',#1532,.T.);
#1040=FACE_OUTER_BOUND('',#1533,.T.);
#1041=FACE_OUTER_BOUND('',#1534,.T.);
#1042=FACE_OUTER_BOUND('',#1535,.T.);
#1043=FACE_OUTER_BOUND('',#1536,.T.);
#1044=FACE_OUTER_BOUND('',#1537,.T.);
#1045=FACE_OUTER_BOUND('',#1538,.T.);
#1046=FACE_OUTER_BOUND('',#1539,.T.);
#1047=FACE_OUTER_BOUND('',#1541,.T.);
#1048=FACE_OUTER_BOUND('',#1542,.T.);
#1049=FACE_OUTER_BOUND('',#1543,.T.);
#1050=FACE_OUTER_BOUND('',#1544,.T.);
#1051=FACE_OUTER_BOUND('',#1545,.T.);
#1052=FACE_OUTER_BOUND('',#1546,.T.);
#1053=FACE_OUTER_BOUND('',#1547,.T.);
#1054=FACE_OUTER_BOUND('',#1548,.T.);
#1055=FACE_OUTER_BOUND('',#1549,.T.);
#1056=FACE_OUTER_BOUND('',#1550,.T.);
#1057=FACE_OUTER_BOUND('',#1551,.T.);
#1058=FACE_OUTER_BOUND('',#1552,.T.);
#1059=FACE_OUTER_BOUND('',#1553,.T.);
#1060=FACE_OUTER_BOUND('',#1554,.T.);
#1061=FACE_OUTER_BOUND('',#1555,.T.);
#1062=FACE_OUTER_BOUND('',#1556,.T.);
#1063=FACE_OUTER_BOUND('',#1557,.T.);
#1064=FACE_OUTER_BOUND('',#1558,.T.);
#1065=FACE_OUTER_BOUND('',#1559,.T.);
#1066=FACE_OUTER_BOUND('',#1560,.T.);
#1067=FACE_OUTER_BOUND('',#1561,.T.);
#1068=FACE_OUTER_BOUND('',#1562,.T.);
#1069=FACE_OUTER_BOUND('',#1563,.T.);
#1070=FACE_OUTER_BOUND('',#1564,.T.);
#1071=FACE_OUTER_BOUND('',#1565,.T.);
#1072=FACE_OUTER_BOUND('',#1566,.T.);
#1073=FACE_OUTER_BOUND('',#1567,.T.);
#1074=FACE_OUTER_BOUND('',#1568,.T.);
#1075=FACE_OUTER_BOUND('',#1569,.T.);
#1076=FACE_OUTER_BOUND('',#1570,.T.);
#1077=FACE_OUTER_BOUND('',#1571,.T.);
#1078=FACE_OUTER_BOUND('',#1572,.T.);
#1079=FACE_OUTER_BOUND('',#1573,.T.);
#1080=FACE_OUTER_BOUND('',#1574,.T.);
#1081=FACE_OUTER_BOUND('',#1575,.T.);
#1082=FACE_OUTER_BOUND('',#1576,.T.);
#1083=FACE_OUTER_BOUND('',#1577,.T.);
#1084=FACE_OUTER_BOUND('',#1579,.T.);
#1085=FACE_OUTER_BOUND('',#1580,.T.);
#1086=FACE_OUTER_BOUND('',#1581,.T.);
#1087=FACE_OUTER_BOUND('',#1582,.T.);
#1088=FACE_OUTER_BOUND('',#1583,.T.);
#1089=FACE_OUTER_BOUND('',#1584,.T.);
#1090=FACE_OUTER_BOUND('',#1585,.T.);
#1091=FACE_OUTER_BOUND('',#1586,.T.);
#1092=FACE_OUTER_BOUND('',#1587,.T.);
#1093=FACE_OUTER_BOUND('',#1588,.T.);
#1094=FACE_OUTER_BOUND('',#1589,.T.);
#1095=FACE_OUTER_BOUND('',#1590,.T.);
#1096=FACE_OUTER_BOUND('',#1591,.T.);
#1097=FACE_OUTER_BOUND('',#1592,.T.);
#1098=FACE_OUTER_BOUND('',#1593,.T.);
#1099=FACE_OUTER_BOUND('',#1594,.T.);
#1100=FACE_OUTER_BOUND('',#1595,.T.);
#1101=FACE_OUTER_BOUND('',#1596,.T.);
#1102=FACE_OUTER_BOUND('',#1597,.T.);
#1103=FACE_OUTER_BOUND('',#1598,.T.);
#1104=FACE_OUTER_BOUND('',#1599,.T.);
#1105=FACE_OUTER_BOUND('',#1600,.T.);
#1106=FACE_OUTER_BOUND('',#1601,.T.);
#1107=FACE_OUTER_BOUND('',#1602,.T.);
#1108=FACE_OUTER_BOUND('',#1603,.T.);
#1109=FACE_OUTER_BOUND('',#1604,.T.);
#1110=FACE_OUTER_BOUND('',#1605,.T.);
#1111=FACE_OUTER_BOUND('',#1606,.T.);
#1112=FACE_OUTER_BOUND('',#1607,.T.);
#1113=FACE_OUTER_BOUND('',#1608,.T.);
#1114=FACE_OUTER_BOUND('',#1609,.T.);
#1115=FACE_OUTER_BOUND('',#1610,.T.);
#1116=FACE_OUTER_BOUND('',#1611,.T.);
#1117=FACE_OUTER_BOUND('',#1612,.T.);
#1118=FACE_OUTER_BOUND('',#1613,.T.);
#1119=FACE_OUTER_BOUND('',#1614,.T.);
#1120=FACE_OUTER_BOUND('',#1615,.T.);
#1121=FACE_OUTER_BOUND('',#1616,.T.);
#1122=FACE_OUTER_BOUND('',#1617,.T.);
#1123=FACE_OUTER_BOUND('',#1618,.T.);
#1124=FACE_OUTER_BOUND('',#1619,.T.);
#1125=FACE_OUTER_BOUND('',#1620,.T.);
#1126=FACE_OUTER_BOUND('',#1621,.T.);
#1127=FACE_OUTER_BOUND('',#1622,.T.);
#1128=FACE_OUTER_BOUND('',#1623,.T.);
#1129=FACE_OUTER_BOUND('',#1624,.T.);
#1130=FACE_OUTER_BOUND('',#1625,.T.);
#1131=FACE_OUTER_BOUND('',#1627,.T.);
#1132=FACE_OUTER_BOUND('',#1628,.T.);
#1133=FACE_OUTER_BOUND('',#1629,.T.);
#1134=FACE_OUTER_BOUND('',#1630,.T.);
#1135=FACE_OUTER_BOUND('',#1631,.T.);
#1136=FACE_OUTER_BOUND('',#1632,.T.);
#1137=FACE_OUTER_BOUND('',#1633,.T.);
#1138=FACE_OUTER_BOUND('',#1634,.T.);
#1139=FACE_OUTER_BOUND('',#1635,.T.);
#1140=FACE_OUTER_BOUND('',#1636,.T.);
#1141=FACE_OUTER_BOUND('',#1637,.T.);
#1142=FACE_OUTER_BOUND('',#1638,.T.);
#1143=FACE_OUTER_BOUND('',#1639,.T.);
#1144=FACE_OUTER_BOUND('',#1640,.T.);
#1145=FACE_OUTER_BOUND('',#1641,.T.);
#1146=FACE_OUTER_BOUND('',#1642,.T.);
#1147=FACE_OUTER_BOUND('',#1643,.T.);
#1148=FACE_OUTER_BOUND('',#1644,.T.);
#1149=FACE_OUTER_BOUND('',#1645,.T.);
#1150=FACE_OUTER_BOUND('',#1646,.T.);
#1151=FACE_OUTER_BOUND('',#1647,.T.);
#1152=FACE_OUTER_BOUND('',#1648,.T.);
#1153=FACE_OUTER_BOUND('',#1649,.T.);
#1154=FACE_OUTER_BOUND('',#1651,.T.);
#1155=FACE_OUTER_BOUND('',#1652,.T.);
#1156=FACE_OUTER_BOUND('',#1653,.T.);
#1157=FACE_OUTER_BOUND('',#1654,.T.);
#1158=FACE_OUTER_BOUND('',#1655,.T.);
#1159=FACE_OUTER_BOUND('',#1656,.T.);
#1160=FACE_OUTER_BOUND('',#1657,.T.);
#1161=FACE_OUTER_BOUND('',#1658,.T.);
#1162=FACE_OUTER_BOUND('',#1659,.T.);
#1163=FACE_OUTER_BOUND('',#1660,.T.);
#1164=FACE_OUTER_BOUND('',#1661,.T.);
#1165=FACE_OUTER_BOUND('',#1662,.T.);
#1166=FACE_OUTER_BOUND('',#1663,.T.);
#1167=FACE_OUTER_BOUND('',#1664,.T.);
#1168=FACE_OUTER_BOUND('',#1665,.T.);
#1169=FACE_OUTER_BOUND('',#1666,.T.);
#1170=FACE_OUTER_BOUND('',#1667,.T.);
#1171=FACE_OUTER_BOUND('',#1668,.T.);
#1172=FACE_OUTER_BOUND('',#1669,.T.);
#1173=FACE_OUTER_BOUND('',#1670,.T.);
#1174=FACE_OUTER_BOUND('',#1671,.T.);
#1175=FACE_OUTER_BOUND('',#1672,.T.);
#1176=FACE_OUTER_BOUND('',#1673,.T.);
#1177=FACE_OUTER_BOUND('',#1674,.T.);
#1178=FACE_OUTER_BOUND('',#1675,.T.);
#1179=FACE_OUTER_BOUND('',#1676,.T.);
#1180=FACE_OUTER_BOUND('',#1677,.T.);
#1181=FACE_OUTER_BOUND('',#1678,.T.);
#1182=FACE_OUTER_BOUND('',#1679,.T.);
#1183=FACE_OUTER_BOUND('',#1680,.T.);
#1184=FACE_OUTER_BOUND('',#1681,.T.);
#1185=FACE_OUTER_BOUND('',#1682,.T.);
#1186=FACE_OUTER_BOUND('',#1683,.T.);
#1187=FACE_OUTER_BOUND('',#1684,.T.);
#1188=FACE_OUTER_BOUND('',#1685,.T.);
#1189=FACE_OUTER_BOUND('',#1686,.T.);
#1190=FACE_OUTER_BOUND('',#1687,.T.);
#1191=FACE_OUTER_BOUND('',#1688,.T.);
#1192=FACE_OUTER_BOUND('',#1689,.T.);
#1193=FACE_OUTER_BOUND('',#1690,.T.);
#1194=FACE_OUTER_BOUND('',#1691,.T.);
#1195=FACE_OUTER_BOUND('',#1692,.T.);
#1196=FACE_OUTER_BOUND('',#1693,.T.);
#1197=FACE_OUTER_BOUND('',#1694,.T.);
#1198=FACE_OUTER_BOUND('',#1695,.T.);
#1199=FACE_OUTER_BOUND('',#1696,.T.);
#1200=FACE_OUTER_BOUND('',#1697,.T.);
#1201=FACE_OUTER_BOUND('',#1698,.T.);
#1202=FACE_OUTER_BOUND('',#1699,.T.);
#1203=FACE_OUTER_BOUND('',#1700,.T.);
#1204=FACE_OUTER_BOUND('',#1701,.T.);
#1205=FACE_OUTER_BOUND('',#1702,.T.);
#1206=FACE_OUTER_BOUND('',#1703,.T.);
#1207=FACE_OUTER_BOUND('',#1704,.T.);
#1208=FACE_OUTER_BOUND('',#1705,.T.);
#1209=FACE_OUTER_BOUND('',#1706,.T.);
#1210=FACE_OUTER_BOUND('',#1707,.T.);
#1211=FACE_OUTER_BOUND('',#1708,.T.);
#1212=FACE_OUTER_BOUND('',#1709,.T.);
#1213=FACE_OUTER_BOUND('',#1710,.T.);
#1214=FACE_OUTER_BOUND('',#1711,.T.);
#1215=FACE_OUTER_BOUND('',#1713,.T.);
#1216=FACE_OUTER_BOUND('',#1714,.T.);
#1217=FACE_OUTER_BOUND('',#1715,.T.);
#1218=FACE_OUTER_BOUND('',#1716,.T.);
#1219=FACE_OUTER_BOUND('',#1717,.T.);
#1220=FACE_OUTER_BOUND('',#1718,.T.);
#1221=FACE_OUTER_BOUND('',#1719,.T.);
#1222=FACE_OUTER_BOUND('',#1720,.T.);
#1223=FACE_OUTER_BOUND('',#1721,.T.);
#1224=FACE_OUTER_BOUND('',#1722,.T.);
#1225=FACE_OUTER_BOUND('',#1723,.T.);
#1226=FACE_OUTER_BOUND('',#1724,.T.);
#1227=FACE_OUTER_BOUND('',#1725,.T.);
#1228=FACE_OUTER_BOUND('',#1726,.T.);
#1229=FACE_OUTER_BOUND('',#1727,.T.);
#1230=FACE_OUTER_BOUND('',#1728,.T.);
#1231=FACE_OUTER_BOUND('',#1729,.T.);
#1232=FACE_OUTER_BOUND('',#1730,.T.);
#1233=FACE_OUTER_BOUND('',#1731,.T.);
#1234=FACE_OUTER_BOUND('',#1732,.T.);
#1235=FACE_OUTER_BOUND('',#1733,.T.);
#1236=FACE_OUTER_BOUND('',#1734,.T.);
#1237=FACE_OUTER_BOUND('',#1735,.T.);
#1238=FACE_OUTER_BOUND('',#1736,.T.);
#1239=FACE_OUTER_BOUND('',#1737,.T.);
#1240=FACE_OUTER_BOUND('',#1738,.T.);
#1241=FACE_OUTER_BOUND('',#1739,.T.);
#1242=FACE_OUTER_BOUND('',#1740,.T.);
#1243=FACE_OUTER_BOUND('',#1741,.T.);
#1244=FACE_OUTER_BOUND('',#1742,.T.);
#1245=FACE_OUTER_BOUND('',#1743,.T.);
#1246=FACE_OUTER_BOUND('',#1744,.T.);
#1247=FACE_OUTER_BOUND('',#1745,.T.);
#1248=FACE_OUTER_BOUND('',#1746,.T.);
#1249=FACE_OUTER_BOUND('',#1747,.T.);
#1250=FACE_OUTER_BOUND('',#1748,.T.);
#1251=FACE_OUTER_BOUND('',#1749,.T.);
#1252=FACE_OUTER_BOUND('',#1750,.T.);
#1253=FACE_OUTER_BOUND('',#1751,.T.);
#1254=FACE_OUTER_BOUND('',#1752,.T.);
#1255=FACE_OUTER_BOUND('',#1753,.T.);
#1256=FACE_OUTER_BOUND('',#1754,.T.);
#1257=FACE_OUTER_BOUND('',#1755,.T.);
#1258=FACE_OUTER_BOUND('',#1756,.T.);
#1259=FACE_OUTER_BOUND('',#1757,.T.);
#1260=FACE_OUTER_BOUND('',#1758,.T.);
#1261=FACE_OUTER_BOUND('',#1759,.T.);
#1262=FACE_OUTER_BOUND('',#1760,.T.);
#1263=FACE_OUTER_BOUND('',#1761,.T.);
#1264=FACE_OUTER_BOUND('',#1762,.T.);
#1265=FACE_OUTER_BOUND('',#1763,.T.);
#1266=FACE_OUTER_BOUND('',#1764,.T.);
#1267=FACE_OUTER_BOUND('',#1765,.T.);
#1268=FACE_OUTER_BOUND('',#1767,.T.);
#1269=FACE_OUTER_BOUND('',#1768,.T.);
#1270=FACE_OUTER_BOUND('',#1769,.T.);
#1271=FACE_OUTER_BOUND('',#1770,.T.);
#1272=FACE_OUTER_BOUND('',#1771,.T.);
#1273=FACE_OUTER_BOUND('',#1772,.T.);
#1274=FACE_OUTER_BOUND('',#1773,.T.);
#1275=FACE_OUTER_BOUND('',#1774,.T.);
#1276=FACE_OUTER_BOUND('',#1775,.T.);
#1277=FACE_OUTER_BOUND('',#1776,.T.);
#1278=FACE_OUTER_BOUND('',#1777,.T.);
#1279=FACE_OUTER_BOUND('',#1778,.T.);
#1280=FACE_OUTER_BOUND('',#1779,.T.);
#1281=FACE_OUTER_BOUND('',#1780,.T.);
#1282=FACE_OUTER_BOUND('',#1781,.T.);
#1283=FACE_OUTER_BOUND('',#1782,.T.);
#1284=FACE_OUTER_BOUND('',#1783,.T.);
#1285=FACE_OUTER_BOUND('',#1784,.T.);
#1286=FACE_OUTER_BOUND('',#1785,.T.);
#1287=FACE_OUTER_BOUND('',#1786,.T.);
#1288=FACE_OUTER_BOUND('',#1787,.T.);
#1289=FACE_OUTER_BOUND('',#1788,.T.);
#1290=FACE_OUTER_BOUND('',#1789,.T.);
#1291=FACE_OUTER_BOUND('',#1790,.T.);
#1292=FACE_OUTER_BOUND('',#1791,.T.);
#1293=FACE_OUTER_BOUND('',#1792,.T.);
#1294=FACE_OUTER_BOUND('',#1793,.T.);
#1295=FACE_OUTER_BOUND('',#1794,.T.);
#1296=FACE_OUTER_BOUND('',#1795,.T.);
#1297=FACE_OUTER_BOUND('',#1796,.T.);
#1298=FACE_OUTER_BOUND('',#1797,.T.);
#1299=FACE_OUTER_BOUND('',#1798,.T.);
#1300=FACE_OUTER_BOUND('',#1799,.T.);
#1301=FACE_OUTER_BOUND('',#1800,.T.);
#1302=FACE_OUTER_BOUND('',#1801,.T.);
#1303=FACE_OUTER_BOUND('',#1802,.T.);
#1304=FACE_OUTER_BOUND('',#1803,.T.);
#1305=FACE_OUTER_BOUND('',#1804,.T.);
#1306=FACE_OUTER_BOUND('',#1805,.T.);
#1307=FACE_OUTER_BOUND('',#1806,.T.);
#1308=FACE_OUTER_BOUND('',#1807,.T.);
#1309=FACE_OUTER_BOUND('',#1808,.T.);
#1310=FACE_OUTER_BOUND('',#1809,.T.);
#1311=FACE_OUTER_BOUND('',#1810,.T.);
#1312=FACE_OUTER_BOUND('',#1811,.T.);
#1313=FACE_OUTER_BOUND('',#1812,.T.);
#1314=FACE_OUTER_BOUND('',#1813,.T.);
#1315=FACE_OUTER_BOUND('',#1842,.T.);
#1316=FACE_OUTER_BOUND('',#1843,.T.);
#1317=FACE_OUTER_BOUND('',#1844,.T.);
#1318=FACE_OUTER_BOUND('',#1845,.T.);
#1319=FACE_OUTER_BOUND('',#1846,.T.);
#1320=FACE_OUTER_BOUND('',#1847,.T.);
#1321=FACE_OUTER_BOUND('',#1848,.T.);
#1322=FACE_OUTER_BOUND('',#1849,.T.);
#1323=FACE_OUTER_BOUND('',#1850,.T.);
#1324=FACE_OUTER_BOUND('',#1851,.T.);
#1325=FACE_OUTER_BOUND('',#1852,.T.);
#1326=FACE_OUTER_BOUND('',#1853,.T.);
#1327=FACE_OUTER_BOUND('',#1854,.T.);
#1328=FACE_OUTER_BOUND('',#1855,.T.);
#1329=FACE_OUTER_BOUND('',#1856,.T.);
#1330=FACE_OUTER_BOUND('',#1857,.T.);
#1331=FACE_OUTER_BOUND('',#1858,.T.);
#1332=FACE_OUTER_BOUND('',#1859,.T.);
#1333=FACE_OUTER_BOUND('',#1860,.T.);
#1334=FACE_OUTER_BOUND('',#1861,.T.);
#1335=FACE_OUTER_BOUND('',#1862,.T.);
#1336=FACE_OUTER_BOUND('',#1863,.T.);
#1337=FACE_OUTER_BOUND('',#1864,.T.);
#1338=FACE_OUTER_BOUND('',#1865,.T.);
#1339=FACE_OUTER_BOUND('',#1866,.T.);
#1340=FACE_OUTER_BOUND('',#1867,.T.);
#1341=FACE_OUTER_BOUND('',#1868,.T.);
#1342=FACE_OUTER_BOUND('',#1869,.T.);
#1343=FACE_OUTER_BOUND('',#1870,.T.);
#1344=FACE_OUTER_BOUND('',#1871,.T.);
#1345=FACE_OUTER_BOUND('',#1872,.T.);
#1346=FACE_OUTER_BOUND('',#1873,.T.);
#1347=FACE_OUTER_BOUND('',#1874,.T.);
#1348=FACE_OUTER_BOUND('',#1875,.T.);
#1349=FACE_OUTER_BOUND('',#1876,.T.);
#1350=FACE_OUTER_BOUND('',#1877,.T.);
#1351=FACE_OUTER_BOUND('',#1878,.T.);
#1352=FACE_OUTER_BOUND('',#1879,.T.);
#1353=FACE_OUTER_BOUND('',#1880,.T.);
#1354=FACE_OUTER_BOUND('',#1881,.T.);
#1355=FACE_OUTER_BOUND('',#1882,.T.);
#1356=FACE_OUTER_BOUND('',#1883,.T.);
#1357=FACE_OUTER_BOUND('',#1884,.T.);
#1358=FACE_OUTER_BOUND('',#1885,.T.);
#1359=FACE_OUTER_BOUND('',#1886,.T.);
#1360=FACE_OUTER_BOUND('',#1887,.T.);
#1361=FACE_OUTER_BOUND('',#1888,.T.);
#1362=FACE_OUTER_BOUND('',#1889,.T.);
#1363=FACE_OUTER_BOUND('',#1890,.T.);
#1364=FACE_OUTER_BOUND('',#1891,.T.);
#1365=FACE_OUTER_BOUND('',#1892,.T.);
#1366=FACE_OUTER_BOUND('',#1893,.T.);
#1367=FACE_OUTER_BOUND('',#1894,.T.);
#1368=FACE_OUTER_BOUND('',#1895,.T.);
#1369=FACE_OUTER_BOUND('',#1896,.T.);
#1370=FACE_OUTER_BOUND('',#1897,.T.);
#1371=FACE_OUTER_BOUND('',#1898,.T.);
#1372=FACE_OUTER_BOUND('',#1899,.T.);
#1373=FACE_OUTER_BOUND('',#1900,.T.);
#1374=FACE_OUTER_BOUND('',#1901,.T.);
#1375=FACE_OUTER_BOUND('',#1902,.T.);
#1376=FACE_OUTER_BOUND('',#1903,.T.);
#1377=FACE_OUTER_BOUND('',#1904,.T.);
#1378=FACE_OUTER_BOUND('',#1905,.T.);
#1379=FACE_OUTER_BOUND('',#1906,.T.);
#1380=FACE_OUTER_BOUND('',#1907,.T.);
#1381=FACE_OUTER_BOUND('',#1908,.T.);
#1382=FACE_OUTER_BOUND('',#1909,.T.);
#1383=FACE_OUTER_BOUND('',#1910,.T.);
#1384=FACE_OUTER_BOUND('',#1911,.T.);
#1385=FACE_OUTER_BOUND('',#1912,.T.);
#1386=FACE_OUTER_BOUND('',#1913,.T.);
#1387=FACE_OUTER_BOUND('',#1914,.T.);
#1388=FACE_OUTER_BOUND('',#1915,.T.);
#1389=FACE_OUTER_BOUND('',#1916,.T.);
#1390=FACE_OUTER_BOUND('',#1917,.T.);
#1391=FACE_OUTER_BOUND('',#1918,.T.);
#1392=FACE_OUTER_BOUND('',#1919,.T.);
#1393=FACE_OUTER_BOUND('',#1920,.T.);
#1394=FACE_OUTER_BOUND('',#1921,.T.);
#1395=FACE_OUTER_BOUND('',#1922,.T.);
#1396=FACE_OUTER_BOUND('',#1923,.T.);
#1397=FACE_OUTER_BOUND('',#1924,.T.);
#1398=FACE_OUTER_BOUND('',#1925,.T.);
#1399=FACE_OUTER_BOUND('',#1926,.T.);
#1400=FACE_OUTER_BOUND('',#1927,.T.);
#1401=FACE_OUTER_BOUND('',#1928,.T.);
#1402=FACE_OUTER_BOUND('',#1929,.T.);
#1403=FACE_OUTER_BOUND('',#1930,.T.);
#1404=FACE_OUTER_BOUND('',#1931,.T.);
#1405=FACE_OUTER_BOUND('',#1932,.T.);
#1406=FACE_OUTER_BOUND('',#1933,.T.);
#1407=FACE_OUTER_BOUND('',#1934,.T.);
#1408=FACE_OUTER_BOUND('',#1935,.T.);
#1409=FACE_OUTER_BOUND('',#1936,.T.);
#1410=FACE_OUTER_BOUND('',#1937,.T.);
#1411=FACE_OUTER_BOUND('',#1938,.T.);
#1412=FACE_OUTER_BOUND('',#1939,.T.);
#1413=FACE_OUTER_BOUND('',#1940,.T.);
#1414=FACE_OUTER_BOUND('',#1941,.T.);
#1415=FACE_OUTER_BOUND('',#1942,.T.);
#1416=FACE_OUTER_BOUND('',#1943,.T.);
#1417=FACE_OUTER_BOUND('',#1944,.T.);
#1418=FACE_OUTER_BOUND('',#1945,.T.);
#1419=FACE_OUTER_BOUND('',#1946,.T.);
#1420=FACE_OUTER_BOUND('',#1947,.T.);
#1421=FACE_OUTER_BOUND('',#1948,.T.);
#1422=FACE_OUTER_BOUND('',#1949,.T.);
#1423=FACE_OUTER_BOUND('',#1950,.T.);
#1424=FACE_OUTER_BOUND('',#1951,.T.);
#1425=FACE_OUTER_BOUND('',#1952,.T.);
#1426=FACE_OUTER_BOUND('',#1953,.T.);
#1427=FACE_OUTER_BOUND('',#1954,.T.);
#1428=FACE_OUTER_BOUND('',#1955,.T.);
#1429=FACE_OUTER_BOUND('',#1956,.T.);
#1430=FACE_OUTER_BOUND('',#1957,.T.);
#1431=FACE_OUTER_BOUND('',#1958,.T.);
#1432=EDGE_LOOP('',(#5938,#5939,#5940,#5941));
#1433=EDGE_LOOP('',(#5942,#5943,#5944,#5945));
#1434=EDGE_LOOP('',(#5946,#5947,#5948,#5949));
#1435=EDGE_LOOP('',(#5950,#5951,#5952,#5953));
#1436=EDGE_LOOP('',(#5954,#5955,#5956,#5957));
#1437=EDGE_LOOP('',(#5958,#5959,#5960,#5961));
#1438=EDGE_LOOP('',(#5962,#5963,#5964,#5965));
#1439=EDGE_LOOP('',(#5966,#5967,#5968,#5969));
#1440=EDGE_LOOP('',(#5970,#5971,#5972,#5973));
#1441=EDGE_LOOP('',(#5974,#5975,#5976,#5977));
#1442=EDGE_LOOP('',(#5978,#5979,#5980,#5981));
#1443=EDGE_LOOP('',(#5982,#5983,#5984,#5985));
#1444=EDGE_LOOP('',(#5986,#5987,#5988,#5989,#5990,#5991,#5992,#5993,#5994,
#5995,#5996,#5997));
#1445=EDGE_LOOP('',(#5998,#5999,#6000,#6001));
#1446=EDGE_LOOP('',(#6002,#6003,#6004,#6005));
#1447=EDGE_LOOP('',(#6006,#6007,#6008,#6009));
#1448=EDGE_LOOP('',(#6010,#6011,#6012,#6013));
#1449=EDGE_LOOP('',(#6014,#6015,#6016,#6017));
#1450=EDGE_LOOP('',(#6018,#6019,#6020,#6021));
#1451=EDGE_LOOP('',(#6022,#6023,#6024,#6025));
#1452=EDGE_LOOP('',(#6026,#6027,#6028,#6029));
#1453=EDGE_LOOP('',(#6030,#6031,#6032,#6033));
#1454=EDGE_LOOP('',(#6034,#6035,#6036,#6037));
#1455=EDGE_LOOP('',(#6038,#6039,#6040,#6041));
#1456=EDGE_LOOP('',(#6042,#6043,#6044,#6045));
#1457=EDGE_LOOP('',(#6046,#6047,#6048,#6049));
#1458=EDGE_LOOP('',(#6050,#6051,#6052,#6053));
#1459=EDGE_LOOP('',(#6054,#6055,#6056,#6057));
#1460=EDGE_LOOP('',(#6058,#6059,#6060,#6061));
#1461=EDGE_LOOP('',(#6062,#6063,#6064,#6065));
#1462=EDGE_LOOP('',(#6066,#6067,#6068,#6069));
#1463=EDGE_LOOP('',(#6070,#6071,#6072,#6073));
#1464=EDGE_LOOP('',(#6074,#6075,#6076,#6077));
#1465=EDGE_LOOP('',(#6078,#6079,#6080,#6081));
#1466=EDGE_LOOP('',(#6082,#6083,#6084,#6085));
#1467=EDGE_LOOP('',(#6086,#6087,#6088,#6089));
#1468=EDGE_LOOP('',(#6090,#6091,#6092,#6093));
#1469=EDGE_LOOP('',(#6094,#6095,#6096,#6097));
#1470=EDGE_LOOP('',(#6098,#6099,#6100,#6101));
#1471=EDGE_LOOP('',(#6102,#6103,#6104,#6105));
#1472=EDGE_LOOP('',(#6106,#6107,#6108,#6109));
#1473=EDGE_LOOP('',(#6110,#6111,#6112,#6113));
#1474=EDGE_LOOP('',(#6114,#6115,#6116,#6117));
#1475=EDGE_LOOP('',(#6118,#6119,#6120,#6121));
#1476=EDGE_LOOP('',(#6122,#6123,#6124,#6125));
#1477=EDGE_LOOP('',(#6126,#6127,#6128,#6129));
#1478=EDGE_LOOP('',(#6130,#6131,#6132,#6133));
#1479=EDGE_LOOP('',(#6134,#6135,#6136,#6137));
#1480=EDGE_LOOP('',(#6138,#6139,#6140,#6141));
#1481=EDGE_LOOP('',(#6142,#6143,#6144,#6145,#6146,#6147,#6148,#6149,#6150,
#6151,#6152,#6153,#6154,#6155,#6156,#6157,#6158,#6159,#6160,#6161,#6162,
#6163,#6164,#6165,#6166,#6167,#6168));
#1482=EDGE_LOOP('',(#6169,#6170,#6171,#6172,#6173,#6174,#6175,#6176,#6177));
#1483=EDGE_LOOP('',(#6178,#6179,#6180,#6181));
#1484=EDGE_LOOP('',(#6182,#6183,#6184,#6185));
#1485=EDGE_LOOP('',(#6186,#6187,#6188,#6189));
#1486=EDGE_LOOP('',(#6190,#6191,#6192,#6193));
#1487=EDGE_LOOP('',(#6194,#6195,#6196,#6197));
#1488=EDGE_LOOP('',(#6198,#6199,#6200,#6201));
#1489=EDGE_LOOP('',(#6202,#6203,#6204,#6205));
#1490=EDGE_LOOP('',(#6206,#6207,#6208,#6209));
#1491=EDGE_LOOP('',(#6210,#6211,#6212,#6213));
#1492=EDGE_LOOP('',(#6214,#6215,#6216,#6217));
#1493=EDGE_LOOP('',(#6218,#6219,#6220,#6221));
#1494=EDGE_LOOP('',(#6222,#6223,#6224,#6225));
#1495=EDGE_LOOP('',(#6226,#6227,#6228,#6229));
#1496=EDGE_LOOP('',(#6230,#6231,#6232,#6233));
#1497=EDGE_LOOP('',(#6234,#6235,#6236,#6237));
#1498=EDGE_LOOP('',(#6238,#6239,#6240,#6241));
#1499=EDGE_LOOP('',(#6242,#6243,#6244,#6245));
#1500=EDGE_LOOP('',(#6246,#6247,#6248,#6249));
#1501=EDGE_LOOP('',(#6250,#6251,#6252,#6253));
#1502=EDGE_LOOP('',(#6254,#6255,#6256,#6257));
#1503=EDGE_LOOP('',(#6258,#6259,#6260,#6261));
#1504=EDGE_LOOP('',(#6262,#6263,#6264,#6265));
#1505=EDGE_LOOP('',(#6266,#6267,#6268,#6269));
#1506=EDGE_LOOP('',(#6270,#6271,#6272,#6273));
#1507=EDGE_LOOP('',(#6274,#6275,#6276,#6277));
#1508=EDGE_LOOP('',(#6278,#6279,#6280,#6281));
#1509=EDGE_LOOP('',(#6282,#6283,#6284,#6285));
#1510=EDGE_LOOP('',(#6286,#6287,#6288,#6289));
#1511=EDGE_LOOP('',(#6290,#6291,#6292,#6293));
#1512=EDGE_LOOP('',(#6294,#6295,#6296,#6297));
#1513=EDGE_LOOP('',(#6298,#6299,#6300,#6301));
#1514=EDGE_LOOP('',(#6302,#6303,#6304,#6305));
#1515=EDGE_LOOP('',(#6306,#6307,#6308,#6309));
#1516=EDGE_LOOP('',(#6310,#6311,#6312,#6313));
#1517=EDGE_LOOP('',(#6314,#6315,#6316,#6317));
#1518=EDGE_LOOP('',(#6318,#6319,#6320,#6321));
#1519=EDGE_LOOP('',(#6322,#6323,#6324,#6325,#6326,#6327,#6328,#6329,#6330,
#6331,#6332,#6333,#6334,#6335,#6336,#6337,#6338,#6339,#6340,#6341,#6342,
#6343,#6344,#6345,#6346,#6347,#6348));
#1520=EDGE_LOOP('',(#6349,#6350,#6351,#6352,#6353,#6354,#6355,#6356,#6357));
#1521=EDGE_LOOP('',(#6358,#6359,#6360,#6361,#6362,#6363,#6364,#6365,#6366));
#1522=EDGE_LOOP('',(#6367,#6368,#6369,#6370,#6371,#6372,#6373,#6374,#6375));
#1523=EDGE_LOOP('',(#6376,#6377,#6378,#6379));
#1524=EDGE_LOOP('',(#6380,#6381,#6382,#6383));
#1525=EDGE_LOOP('',(#6384,#6385,#6386,#6387));
#1526=EDGE_LOOP('',(#6388,#6389,#6390,#6391));
#1527=EDGE_LOOP('',(#6392,#6393,#6394,#6395));
#1528=EDGE_LOOP('',(#6396,#6397,#6398,#6399));
#1529=EDGE_LOOP('',(#6400,#6401,#6402,#6403));
#1530=EDGE_LOOP('',(#6404,#6405,#6406,#6407));
#1531=EDGE_LOOP('',(#6408,#6409,#6410,#6411));
#1532=EDGE_LOOP('',(#6412,#6413,#6414,#6415));
#1533=EDGE_LOOP('',(#6416,#6417,#6418,#6419));
#1534=EDGE_LOOP('',(#6420,#6421,#6422,#6423));
#1535=EDGE_LOOP('',(#6424,#6425,#6426,#6427));
#1536=EDGE_LOOP('',(#6428,#6429,#6430,#6431));
#1537=EDGE_LOOP('',(#6432,#6433,#6434,#6435));
#1538=EDGE_LOOP('',(#6436,#6437,#6438,#6439));
#1539=EDGE_LOOP('',(#6440,#6441,#6442,#6443,#6444,#6445,#6446,#6447));
#1540=EDGE_LOOP('',(#6448,#6449,#6450,#6451,#6452,#6453,#6454,#6455));
#1541=EDGE_LOOP('',(#6456,#6457,#6458,#6459));
#1542=EDGE_LOOP('',(#6460,#6461,#6462,#6463));
#1543=EDGE_LOOP('',(#6464,#6465,#6466,#6467));
#1544=EDGE_LOOP('',(#6468,#6469,#6470,#6471));
#1545=EDGE_LOOP('',(#6472,#6473,#6474,#6475));
#1546=EDGE_LOOP('',(#6476,#6477,#6478,#6479));
#1547=EDGE_LOOP('',(#6480,#6481,#6482,#6483));
#1548=EDGE_LOOP('',(#6484,#6485,#6486,#6487));
#1549=EDGE_LOOP('',(#6488,#6489,#6490,#6491));
#1550=EDGE_LOOP('',(#6492,#6493,#6494,#6495));
#1551=EDGE_LOOP('',(#6496,#6497,#6498,#6499));
#1552=EDGE_LOOP('',(#6500,#6501,#6502,#6503));
#1553=EDGE_LOOP('',(#6504,#6505,#6506,#6507));
#1554=EDGE_LOOP('',(#6508,#6509,#6510,#6511));
#1555=EDGE_LOOP('',(#6512,#6513,#6514,#6515));
#1556=EDGE_LOOP('',(#6516,#6517,#6518,#6519));
#1557=EDGE_LOOP('',(#6520,#6521,#6522,#6523));
#1558=EDGE_LOOP('',(#6524,#6525,#6526,#6527));
#1559=EDGE_LOOP('',(#6528,#6529,#6530,#6531));
#1560=EDGE_LOOP('',(#6532,#6533,#6534,#6535));
#1561=EDGE_LOOP('',(#6536,#6537,#6538,#6539));
#1562=EDGE_LOOP('',(#6540,#6541,#6542,#6543));
#1563=EDGE_LOOP('',(#6544,#6545,#6546,#6547));
#1564=EDGE_LOOP('',(#6548,#6549,#6550,#6551));
#1565=EDGE_LOOP('',(#6552,#6553,#6554,#6555));
#1566=EDGE_LOOP('',(#6556,#6557,#6558,#6559));
#1567=EDGE_LOOP('',(#6560,#6561,#6562,#6563));
#1568=EDGE_LOOP('',(#6564,#6565,#6566,#6567));
#1569=EDGE_LOOP('',(#6568,#6569,#6570,#6571));
#1570=EDGE_LOOP('',(#6572,#6573,#6574,#6575));
#1571=EDGE_LOOP('',(#6576,#6577,#6578,#6579));
#1572=EDGE_LOOP('',(#6580,#6581,#6582,#6583));
#1573=EDGE_LOOP('',(#6584,#6585,#6586,#6587));
#1574=EDGE_LOOP('',(#6588,#6589,#6590,#6591));
#1575=EDGE_LOOP('',(#6592,#6593,#6594,#6595));
#1576=EDGE_LOOP('',(#6596,#6597,#6598,#6599));
#1577=EDGE_LOOP('',(#6600,#6601,#6602,#6603,#6604,#6605,#6606,#6607,#6608,
#6609,#6610,#6611,#6612,#6613,#6614,#6615,#6616,#6617,#6618,#6619,#6620,
#6621,#6622,#6623,#6624,#6625,#6626));
#1578=EDGE_LOOP('',(#6627,#6628,#6629,#6630,#6631,#6632,#6633,#6634,#6635));
#1579=EDGE_LOOP('',(#6636,#6637,#6638,#6639));
#1580=EDGE_LOOP('',(#6640,#6641,#6642,#6643));
#1581=EDGE_LOOP('',(#6644,#6645,#6646,#6647));
#1582=EDGE_LOOP('',(#6648,#6649,#6650,#6651));
#1583=EDGE_LOOP('',(#6652,#6653,#6654,#6655));
#1584=EDGE_LOOP('',(#6656,#6657,#6658,#6659));
#1585=EDGE_LOOP('',(#6660,#6661,#6662,#6663));
#1586=EDGE_LOOP('',(#6664,#6665,#6666,#6667));
#1587=EDGE_LOOP('',(#6668,#6669,#6670,#6671));
#1588=EDGE_LOOP('',(#6672,#6673,#6674,#6675));
#1589=EDGE_LOOP('',(#6676,#6677,#6678,#6679));
#1590=EDGE_LOOP('',(#6680,#6681,#6682,#6683));
#1591=EDGE_LOOP('',(#6684,#6685,#6686,#6687,#6688,#6689,#6690,#6691,#6692,
#6693,#6694,#6695));
#1592=EDGE_LOOP('',(#6696,#6697,#6698,#6699));
#1593=EDGE_LOOP('',(#6700,#6701,#6702,#6703));
#1594=EDGE_LOOP('',(#6704,#6705,#6706,#6707));
#1595=EDGE_LOOP('',(#6708,#6709,#6710,#6711));
#1596=EDGE_LOOP('',(#6712,#6713,#6714,#6715));
#1597=EDGE_LOOP('',(#6716,#6717,#6718,#6719));
#1598=EDGE_LOOP('',(#6720,#6721,#6722,#6723));
#1599=EDGE_LOOP('',(#6724,#6725,#6726,#6727));
#1600=EDGE_LOOP('',(#6728,#6729,#6730,#6731));
#1601=EDGE_LOOP('',(#6732,#6733,#6734,#6735));
#1602=EDGE_LOOP('',(#6736,#6737,#6738,#6739));
#1603=EDGE_LOOP('',(#6740,#6741,#6742,#6743));
#1604=EDGE_LOOP('',(#6744,#6745,#6746,#6747));
#1605=EDGE_LOOP('',(#6748,#6749,#6750,#6751));
#1606=EDGE_LOOP('',(#6752,#6753,#6754,#6755));
#1607=EDGE_LOOP('',(#6756,#6757,#6758,#6759));
#1608=EDGE_LOOP('',(#6760,#6761,#6762,#6763));
#1609=EDGE_LOOP('',(#6764,#6765,#6766,#6767));
#1610=EDGE_LOOP('',(#6768,#6769,#6770,#6771));
#1611=EDGE_LOOP('',(#6772,#6773,#6774,#6775));
#1612=EDGE_LOOP('',(#6776,#6777,#6778,#6779));
#1613=EDGE_LOOP('',(#6780,#6781,#6782,#6783));
#1614=EDGE_LOOP('',(#6784,#6785,#6786,#6787));
#1615=EDGE_LOOP('',(#6788,#6789,#6790,#6791));
#1616=EDGE_LOOP('',(#6792,#6793,#6794,#6795));
#1617=EDGE_LOOP('',(#6796,#6797,#6798,#6799));
#1618=EDGE_LOOP('',(#6800,#6801,#6802,#6803));
#1619=EDGE_LOOP('',(#6804,#6805,#6806,#6807));
#1620=EDGE_LOOP('',(#6808,#6809,#6810,#6811));
#1621=EDGE_LOOP('',(#6812,#6813,#6814,#6815));
#1622=EDGE_LOOP('',(#6816,#6817,#6818,#6819));
#1623=EDGE_LOOP('',(#6820,#6821,#6822,#6823));
#1624=EDGE_LOOP('',(#6824,#6825,#6826,#6827));
#1625=EDGE_LOOP('',(#6828,#6829,#6830,#6831,#6832,#6833,#6834,#6835,#6836,
#6837,#6838,#6839,#6840,#6841,#6842,#6843,#6844,#6845,#6846,#6847,#6848,
#6849,#6850,#6851,#6852));
#1626=EDGE_LOOP('',(#6853,#6854,#6855,#6856,#6857,#6858,#6859,#6860));
#1627=EDGE_LOOP('',(#6861,#6862,#6863,#6864));
#1628=EDGE_LOOP('',(#6865,#6866,#6867,#6868));
#1629=EDGE_LOOP('',(#6869,#6870,#6871,#6872));
#1630=EDGE_LOOP('',(#6873,#6874,#6875,#6876));
#1631=EDGE_LOOP('',(#6877,#6878,#6879,#6880));
#1632=EDGE_LOOP('',(#6881,#6882,#6883,#6884));
#1633=EDGE_LOOP('',(#6885,#6886,#6887,#6888));
#1634=EDGE_LOOP('',(#6889,#6890,#6891,#6892));
#1635=EDGE_LOOP('',(#6893,#6894,#6895,#6896));
#1636=EDGE_LOOP('',(#6897,#6898,#6899,#6900));
#1637=EDGE_LOOP('',(#6901,#6902,#6903,#6904));
#1638=EDGE_LOOP('',(#6905,#6906,#6907,#6908));
#1639=EDGE_LOOP('',(#6909,#6910,#6911,#6912));
#1640=EDGE_LOOP('',(#6913,#6914,#6915,#6916));
#1641=EDGE_LOOP('',(#6917,#6918,#6919,#6920));
#1642=EDGE_LOOP('',(#6921,#6922,#6923,#6924));
#1643=EDGE_LOOP('',(#6925,#6926,#6927,#6928));
#1644=EDGE_LOOP('',(#6929,#6930,#6931,#6932));
#1645=EDGE_LOOP('',(#6933,#6934,#6935,#6936));
#1646=EDGE_LOOP('',(#6937,#6938,#6939,#6940));
#1647=EDGE_LOOP('',(#6941,#6942,#6943,#6944));
#1648=EDGE_LOOP('',(#6945,#6946,#6947,#6948));
#1649=EDGE_LOOP('',(#6949,#6950,#6951,#6952,#6953,#6954,#6955,#6956,#6957,
#6958,#6959,#6960,#6961,#6962,#6963,#6964,#6965));
#1650=EDGE_LOOP('',(#6966,#6967,#6968,#6969,#6970));
#1651=EDGE_LOOP('',(#6971,#6972,#6973,#6974,#6975));
#1652=EDGE_LOOP('',(#6976,#6977,#6978,#6979,#6980,#6981,#6982,#6983));
#1653=EDGE_LOOP('',(#6984,#6985,#6986,#6987,#6988,#6989,#6990,#6991,#6992));
#1654=EDGE_LOOP('',(#6993,#6994,#6995,#6996,#6997,#6998,#6999,#7000));
#1655=EDGE_LOOP('',(#7001,#7002,#7003,#7004));
#1656=EDGE_LOOP('',(#7005,#7006,#7007,#7008));
#1657=EDGE_LOOP('',(#7009,#7010,#7011,#7012));
#1658=EDGE_LOOP('',(#7013,#7014,#7015,#7016));
#1659=EDGE_LOOP('',(#7017,#7018,#7019,#7020));
#1660=EDGE_LOOP('',(#7021,#7022,#7023,#7024));
#1661=EDGE_LOOP('',(#7025,#7026,#7027,#7028));
#1662=EDGE_LOOP('',(#7029,#7030,#7031,#7032));
#1663=EDGE_LOOP('',(#7033,#7034,#7035,#7036));
#1664=EDGE_LOOP('',(#7037,#7038,#7039,#7040));
#1665=EDGE_LOOP('',(#7041,#7042,#7043,#7044));
#1666=EDGE_LOOP('',(#7045,#7046,#7047,#7048));
#1667=EDGE_LOOP('',(#7049,#7050,#7051,#7052));
#1668=EDGE_LOOP('',(#7053,#7054,#7055,#7056));
#1669=EDGE_LOOP('',(#7057,#7058,#7059,#7060));
#1670=EDGE_LOOP('',(#7061,#7062,#7063,#7064));
#1671=EDGE_LOOP('',(#7065,#7066,#7067,#7068));
#1672=EDGE_LOOP('',(#7069,#7070,#7071,#7072));
#1673=EDGE_LOOP('',(#7073,#7074,#7075,#7076));
#1674=EDGE_LOOP('',(#7077,#7078,#7079,#7080));
#1675=EDGE_LOOP('',(#7081,#7082,#7083,#7084));
#1676=EDGE_LOOP('',(#7085,#7086,#7087,#7088));
#1677=EDGE_LOOP('',(#7089,#7090,#7091,#7092));
#1678=EDGE_LOOP('',(#7093,#7094,#7095,#7096));
#1679=EDGE_LOOP('',(#7097,#7098,#7099,#7100));
#1680=EDGE_LOOP('',(#7101,#7102,#7103,#7104));
#1681=EDGE_LOOP('',(#7105,#7106,#7107,#7108));
#1682=EDGE_LOOP('',(#7109,#7110,#7111,#7112));
#1683=EDGE_LOOP('',(#7113,#7114,#7115,#7116));
#1684=EDGE_LOOP('',(#7117,#7118,#7119,#7120,#7121,#7122,#7123,#7124,#7125,
#7126,#7127,#7128,#7129,#7130,#7131,#7132,#7133,#7134,#7135,#7136,#7137,
#7138,#7139,#7140,#7141,#7142,#7143,#7144,#7145));
#1685=EDGE_LOOP('',(#7146,#7147,#7148,#7149));
#1686=EDGE_LOOP('',(#7150,#7151,#7152,#7153));
#1687=EDGE_LOOP('',(#7154,#7155,#7156,#7157));
#1688=EDGE_LOOP('',(#7158,#7159,#7160,#7161));
#1689=EDGE_LOOP('',(#7162,#7163,#7164,#7165));
#1690=EDGE_LOOP('',(#7166,#7167,#7168,#7169));
#1691=EDGE_LOOP('',(#7170,#7171,#7172,#7173));
#1692=EDGE_LOOP('',(#7174,#7175,#7176,#7177));
#1693=EDGE_LOOP('',(#7178,#7179,#7180,#7181));
#1694=EDGE_LOOP('',(#7182,#7183,#7184,#7185));
#1695=EDGE_LOOP('',(#7186,#7187,#7188,#7189));
#1696=EDGE_LOOP('',(#7190,#7191,#7192,#7193));
#1697=EDGE_LOOP('',(#7194,#7195,#7196,#7197));
#1698=EDGE_LOOP('',(#7198,#7199,#7200,#7201));
#1699=EDGE_LOOP('',(#7202,#7203,#7204,#7205));
#1700=EDGE_LOOP('',(#7206,#7207,#7208,#7209));
#1701=EDGE_LOOP('',(#7210,#7211,#7212,#7213));
#1702=EDGE_LOOP('',(#7214,#7215,#7216,#7217));
#1703=EDGE_LOOP('',(#7218,#7219,#7220,#7221));
#1704=EDGE_LOOP('',(#7222,#7223,#7224,#7225));
#1705=EDGE_LOOP('',(#7226,#7227,#7228,#7229));
#1706=EDGE_LOOP('',(#7230,#7231,#7232,#7233));
#1707=EDGE_LOOP('',(#7234,#7235,#7236,#7237));
#1708=EDGE_LOOP('',(#7238,#7239,#7240,#7241));
#1709=EDGE_LOOP('',(#7242,#7243,#7244,#7245));
#1710=EDGE_LOOP('',(#7246,#7247,#7248,#7249));
#1711=EDGE_LOOP('',(#7250,#7251,#7252,#7253,#7254,#7255,#7256,#7257,#7258,
#7259,#7260,#7261,#7262));
#1712=EDGE_LOOP('',(#7263,#7264,#7265,#7266,#7267,#7268,#7269,#7270));
#1713=EDGE_LOOP('',(#7271,#7272,#7273,#7274));
#1714=EDGE_LOOP('',(#7275,#7276,#7277,#7278));
#1715=EDGE_LOOP('',(#7279,#7280,#7281,#7282));
#1716=EDGE_LOOP('',(#7283,#7284,#7285,#7286));
#1717=EDGE_LOOP('',(#7287,#7288,#7289,#7290));
#1718=EDGE_LOOP('',(#7291,#7292,#7293,#7294));
#1719=EDGE_LOOP('',(#7295,#7296,#7297,#7298));
#1720=EDGE_LOOP('',(#7299,#7300,#7301,#7302));
#1721=EDGE_LOOP('',(#7303,#7304,#7305,#7306));
#1722=EDGE_LOOP('',(#7307,#7308,#7309,#7310));
#1723=EDGE_LOOP('',(#7311,#7312,#7313,#7314));
#1724=EDGE_LOOP('',(#7315,#7316,#7317,#7318));
#1725=EDGE_LOOP('',(#7319,#7320,#7321,#7322));
#1726=EDGE_LOOP('',(#7323,#7324,#7325,#7326));
#1727=EDGE_LOOP('',(#7327,#7328,#7329,#7330));
#1728=EDGE_LOOP('',(#7331,#7332,#7333,#7334));
#1729=EDGE_LOOP('',(#7335,#7336,#7337,#7338));
#1730=EDGE_LOOP('',(#7339,#7340,#7341,#7342));
#1731=EDGE_LOOP('',(#7343,#7344,#7345,#7346));
#1732=EDGE_LOOP('',(#7347,#7348,#7349,#7350));
#1733=EDGE_LOOP('',(#7351,#7352,#7353,#7354));
#1734=EDGE_LOOP('',(#7355,#7356,#7357,#7358));
#1735=EDGE_LOOP('',(#7359,#7360,#7361,#7362));
#1736=EDGE_LOOP('',(#7363,#7364,#7365,#7366,#7367,#7368,#7369,#7370,#7371,
#7372,#7373,#7374,#7375,#7376,#7377,#7378,#7379,#7380,#7381,#7382,#7383,
#7384,#7385));
#1737=EDGE_LOOP('',(#7386,#7387,#7388,#7389));
#1738=EDGE_LOOP('',(#7390,#7391,#7392,#7393));
#1739=EDGE_LOOP('',(#7394,#7395,#7396,#7397));
#1740=EDGE_LOOP('',(#7398,#7399,#7400,#7401));
#1741=EDGE_LOOP('',(#7402,#7403,#7404,#7405));
#1742=EDGE_LOOP('',(#7406,#7407,#7408,#7409));
#1743=EDGE_LOOP('',(#7410,#7411,#7412,#7413));
#1744=EDGE_LOOP('',(#7414,#7415,#7416,#7417));
#1745=EDGE_LOOP('',(#7418,#7419,#7420,#7421));
#1746=EDGE_LOOP('',(#7422,#7423,#7424,#7425));
#1747=EDGE_LOOP('',(#7426,#7427,#7428,#7429));
#1748=EDGE_LOOP('',(#7430,#7431,#7432,#7433));
#1749=EDGE_LOOP('',(#7434,#7435,#7436,#7437));
#1750=EDGE_LOOP('',(#7438,#7439,#7440,#7441));
#1751=EDGE_LOOP('',(#7442,#7443,#7444,#7445));
#1752=EDGE_LOOP('',(#7446,#7447,#7448,#7449));
#1753=EDGE_LOOP('',(#7450,#7451,#7452,#7453,#7454,#7455,#7456,#7457,#7458,
#7459,#7460,#7461,#7462,#7463,#7464,#7465));
#1754=EDGE_LOOP('',(#7466,#7467,#7468,#7469));
#1755=EDGE_LOOP('',(#7470,#7471,#7472,#7473));
#1756=EDGE_LOOP('',(#7474,#7475,#7476,#7477));
#1757=EDGE_LOOP('',(#7478,#7479,#7480,#7481));
#1758=EDGE_LOOP('',(#7482,#7483,#7484,#7485));
#1759=EDGE_LOOP('',(#7486,#7487,#7488,#7489));
#1760=EDGE_LOOP('',(#7490,#7491,#7492,#7493));
#1761=EDGE_LOOP('',(#7494,#7495,#7496,#7497));
#1762=EDGE_LOOP('',(#7498,#7499,#7500,#7501));
#1763=EDGE_LOOP('',(#7502,#7503,#7504,#7505));
#1764=EDGE_LOOP('',(#7506,#7507,#7508,#7509));
#1765=EDGE_LOOP('',(#7510,#7511,#7512,#7513,#7514,#7515,#7516,#7517));
#1766=EDGE_LOOP('',(#7518,#7519,#7520));
#1767=EDGE_LOOP('',(#7521,#7522,#7523,#7524));
#1768=EDGE_LOOP('',(#7525,#7526,#7527,#7528));
#1769=EDGE_LOOP('',(#7529,#7530,#7531,#7532));
#1770=EDGE_LOOP('',(#7533,#7534,#7535,#7536));
#1771=EDGE_LOOP('',(#7537,#7538,#7539,#7540));
#1772=EDGE_LOOP('',(#7541,#7542,#7543,#7544));
#1773=EDGE_LOOP('',(#7545,#7546,#7547,#7548));
#1774=EDGE_LOOP('',(#7549,#7550,#7551,#7552));
#1775=EDGE_LOOP('',(#7553,#7554,#7555,#7556));
#1776=EDGE_LOOP('',(#7557,#7558,#7559,#7560));
#1777=EDGE_LOOP('',(#7561,#7562,#7563,#7564));
#1778=EDGE_LOOP('',(#7565,#7566,#7567,#7568));
#1779=EDGE_LOOP('',(#7569,#7570,#7571,#7572));
#1780=EDGE_LOOP('',(#7573,#7574,#7575,#7576));
#1781=EDGE_LOOP('',(#7577,#7578,#7579,#7580));
#1782=EDGE_LOOP('',(#7581,#7582,#7583,#7584));
#1783=EDGE_LOOP('',(#7585,#7586,#7587,#7588));
#1784=EDGE_LOOP('',(#7589,#7590,#7591,#7592));
#1785=EDGE_LOOP('',(#7593,#7594,#7595,#7596));
#1786=EDGE_LOOP('',(#7597,#7598,#7599,#7600));
#1787=EDGE_LOOP('',(#7601,#7602,#7603,#7604));
#1788=EDGE_LOOP('',(#7605,#7606,#7607,#7608,#7609,#7610,#7611,#7612,#7613,
#7614,#7615,#7616,#7617,#7618,#7619,#7620));
#1789=EDGE_LOOP('',(#7621,#7622,#7623));
#1790=EDGE_LOOP('',(#7624,#7625,#7626,#7627,#7628,#7629,#7630,#7631));
#1791=EDGE_LOOP('',(#7632,#7633,#7634,#7635));
#1792=EDGE_LOOP('',(#7636,#7637,#7638,#7639));
#1793=EDGE_LOOP('',(#7640,#7641,#7642,#7643));
#1794=EDGE_LOOP('',(#7644,#7645,#7646,#7647));
#1795=EDGE_LOOP('',(#7648,#7649,#7650,#7651));
#1796=EDGE_LOOP('',(#7652,#7653,#7654,#7655));
#1797=EDGE_LOOP('',(#7656,#7657,#7658,#7659));
#1798=EDGE_LOOP('',(#7660,#7661,#7662,#7663));
#1799=EDGE_LOOP('',(#7664,#7665,#7666,#7667));
#1800=EDGE_LOOP('',(#7668,#7669,#7670,#7671));
#1801=EDGE_LOOP('',(#7672,#7673,#7674,#7675));
#1802=EDGE_LOOP('',(#7676,#7677,#7678,#7679));
#1803=EDGE_LOOP('',(#7680,#7681,#7682,#7683));
#1804=EDGE_LOOP('',(#7684,#7685,#7686,#7687));
#1805=EDGE_LOOP('',(#7688,#7689,#7690,#7691));
#1806=EDGE_LOOP('',(#7692,#7693,#7694,#7695));
#1807=EDGE_LOOP('',(#7696,#7697,#7698,#7699));
#1808=EDGE_LOOP('',(#7700,#7701,#7702,#7703));
#1809=EDGE_LOOP('',(#7704,#7705,#7706,#7707));
#1810=EDGE_LOOP('',(#7708,#7709,#7710,#7711));
#1811=EDGE_LOOP('',(#7712,#7713,#7714,#7715));
#1812=EDGE_LOOP('',(#7716,#7717,#7718,#7719,#7720,#7721,#7722,#7723,#7724,
#7725,#7726,#7727,#7728,#7729,#7730,#7731,#7732,#7733,#7734,#7735,#7736,
#7737,#7738,#7739,#7740,#7741));
#1813=EDGE_LOOP('',(#7742,#7743,#7744,#7745,#7746,#7747,#7748,#7749,#7750,
#7751,#7752,#7753,#7754,#7755,#7756,#7757,#7758,#7759,#7760,#7761,#7762,
#7763,#7764,#7765,#7766,#7767));
#1814=EDGE_LOOP('',(#7768));
#1815=EDGE_LOOP('',(#7769));
#1816=EDGE_LOOP('',(#7770));
#1817=EDGE_LOOP('',(#7771));
#1818=EDGE_LOOP('',(#7772));
#1819=EDGE_LOOP('',(#7773));
#1820=EDGE_LOOP('',(#7774,#7775,#7776,#7777));
#1821=EDGE_LOOP('',(#7778,#7779,#7780,#7781));
#1822=EDGE_LOOP('',(#7782,#7783,#7784,#7785));
#1823=EDGE_LOOP('',(#7786,#7787,#7788,#7789));
#1824=EDGE_LOOP('',(#7790,#7791,#7792,#7793));
#1825=EDGE_LOOP('',(#7794,#7795,#7796,#7797));
#1826=EDGE_LOOP('',(#7798,#7799,#7800,#7801));
#1827=EDGE_LOOP('',(#7802,#7803,#7804,#7805));
#1828=EDGE_LOOP('',(#7806,#7807,#7808));
#1829=EDGE_LOOP('',(#7809,#7810,#7811,#7812));
#1830=EDGE_LOOP('',(#7813,#7814,#7815,#7816));
#1831=EDGE_LOOP('',(#7817,#7818,#7819,#7820));
#1832=EDGE_LOOP('',(#7821,#7822,#7823,#7824));
#1833=EDGE_LOOP('',(#7825,#7826,#7827,#7828));
#1834=EDGE_LOOP('',(#7829,#7830,#7831,#7832));
#1835=EDGE_LOOP('',(#7833,#7834,#7835,#7836));
#1836=EDGE_LOOP('',(#7837,#7838,#7839,#7840));
#1837=EDGE_LOOP('',(#7841,#7842,#7843,#7844));
#1838=EDGE_LOOP('',(#7845,#7846,#7847,#7848));
#1839=EDGE_LOOP('',(#7849,#7850,#7851,#7852));
#1840=EDGE_LOOP('',(#7853,#7854,#7855,#7856));
#1841=EDGE_LOOP('',(#7857,#7858,#7859,#7860));
#1842=EDGE_LOOP('',(#7861,#7862,#7863,#7864));
#1843=EDGE_LOOP('',(#7865));
#1844=EDGE_LOOP('',(#7866,#7867,#7868,#7869));
#1845=EDGE_LOOP('',(#7870));
#1846=EDGE_LOOP('',(#7871,#7872,#7873,#7874));
#1847=EDGE_LOOP('',(#7875,#7876,#7877,#7878));
#1848=EDGE_LOOP('',(#7879,#7880,#7881,#7882));
#1849=EDGE_LOOP('',(#7883,#7884,#7885,#7886));
#1850=EDGE_LOOP('',(#7887,#7888,#7889,#7890));
#1851=EDGE_LOOP('',(#7891,#7892,#7893,#7894));
#1852=EDGE_LOOP('',(#7895,#7896,#7897,#7898));
#1853=EDGE_LOOP('',(#7899,#7900,#7901,#7902));
#1854=EDGE_LOOP('',(#7903,#7904,#7905,#7906));
#1855=EDGE_LOOP('',(#7907,#7908,#7909,#7910));
#1856=EDGE_LOOP('',(#7911,#7912,#7913,#7914));
#1857=EDGE_LOOP('',(#7915,#7916,#7917,#7918));
#1858=EDGE_LOOP('',(#7919,#7920,#7921,#7922));
#1859=EDGE_LOOP('',(#7923,#7924,#7925,#7926));
#1860=EDGE_LOOP('',(#7927,#7928,#7929,#7930));
#1861=EDGE_LOOP('',(#7931,#7932,#7933,#7934));
#1862=EDGE_LOOP('',(#7935,#7936,#7937,#7938));
#1863=EDGE_LOOP('',(#7939,#7940,#7941,#7942));
#1864=EDGE_LOOP('',(#7943,#7944,#7945,#7946));
#1865=EDGE_LOOP('',(#7947,#7948,#7949,#7950));
#1866=EDGE_LOOP('',(#7951,#7952,#7953,#7954));
#1867=EDGE_LOOP('',(#7955,#7956,#7957,#7958));
#1868=EDGE_LOOP('',(#7959,#7960,#7961,#7962,#7963,#7964,#7965,#7966,#7967,
#7968,#7969,#7970,#7971,#7972,#7973,#7974,#7975,#7976,#7977,#7978,#7979,
#7980,#7981,#7982,#7983,#7984));
#1869=EDGE_LOOP('',(#7985,#7986,#7987,#7988));
#1870=EDGE_LOOP('',(#7989,#7990,#7991,#7992));
#1871=EDGE_LOOP('',(#7993,#7994,#7995,#7996));
#1872=EDGE_LOOP('',(#7997,#7998,#7999,#8000));
#1873=EDGE_LOOP('',(#8001,#8002,#8003,#8004));
#1874=EDGE_LOOP('',(#8005,#8006,#8007,#8008));
#1875=EDGE_LOOP('',(#8009,#8010,#8011,#8012));
#1876=EDGE_LOOP('',(#8013,#8014,#8015,#8016));
#1877=EDGE_LOOP('',(#8017,#8018,#8019,#8020));
#1878=EDGE_LOOP('',(#8021,#8022,#8023,#8024));
#1879=EDGE_LOOP('',(#8025,#8026,#8027,#8028));
#1880=EDGE_LOOP('',(#8029,#8030,#8031,#8032));
#1881=EDGE_LOOP('',(#8033,#8034,#8035,#8036));
#1882=EDGE_LOOP('',(#8037,#8038,#8039,#8040));
#1883=EDGE_LOOP('',(#8041,#8042,#8043,#8044));
#1884=EDGE_LOOP('',(#8045,#8046,#8047,#8048));
#1885=EDGE_LOOP('',(#8049,#8050,#8051,#8052));
#1886=EDGE_LOOP('',(#8053,#8054,#8055,#8056));
#1887=EDGE_LOOP('',(#8057,#8058,#8059,#8060));
#1888=EDGE_LOOP('',(#8061,#8062,#8063,#8064));
#1889=EDGE_LOOP('',(#8065,#8066,#8067,#8068));
#1890=EDGE_LOOP('',(#8069,#8070,#8071,#8072));
#1891=EDGE_LOOP('',(#8073,#8074,#8075,#8076));
#1892=EDGE_LOOP('',(#8077,#8078,#8079,#8080));
#1893=EDGE_LOOP('',(#8081,#8082,#8083,#8084));
#1894=EDGE_LOOP('',(#8085,#8086,#8087,#8088));
#1895=EDGE_LOOP('',(#8089,#8090,#8091,#8092));
#1896=EDGE_LOOP('',(#8093,#8094,#8095,#8096));
#1897=EDGE_LOOP('',(#8097,#8098,#8099,#8100));
#1898=EDGE_LOOP('',(#8101,#8102,#8103,#8104));
#1899=EDGE_LOOP('',(#8105,#8106,#8107,#8108));
#1900=EDGE_LOOP('',(#8109,#8110,#8111,#8112));
#1901=EDGE_LOOP('',(#8113,#8114,#8115,#8116));
#1902=EDGE_LOOP('',(#8117,#8118,#8119,#8120));
#1903=EDGE_LOOP('',(#8121,#8122,#8123,#8124));
#1904=EDGE_LOOP('',(#8125,#8126,#8127,#8128));
#1905=EDGE_LOOP('',(#8129,#8130,#8131,#8132));
#1906=EDGE_LOOP('',(#8133,#8134,#8135,#8136));
#1907=EDGE_LOOP('',(#8137,#8138,#8139,#8140));
#1908=EDGE_LOOP('',(#8141,#8142,#8143,#8144));
#1909=EDGE_LOOP('',(#8145,#8146,#8147,#8148));
#1910=EDGE_LOOP('',(#8149,#8150,#8151,#8152));
#1911=EDGE_LOOP('',(#8153,#8154,#8155,#8156));
#1912=EDGE_LOOP('',(#8157,#8158,#8159,#8160));
#1913=EDGE_LOOP('',(#8161,#8162,#8163,#8164));
#1914=EDGE_LOOP('',(#8165,#8166,#8167,#8168));
#1915=EDGE_LOOP('',(#8169,#8170,#8171,#8172));
#1916=EDGE_LOOP('',(#8173,#8174,#8175,#8176));
#1917=EDGE_LOOP('',(#8177,#8178,#8179,#8180));
#1918=EDGE_LOOP('',(#8181,#8182,#8183,#8184));
#1919=EDGE_LOOP('',(#8185,#8186,#8187,#8188));
#1920=EDGE_LOOP('',(#8189,#8190,#8191,#8192));
#1921=EDGE_LOOP('',(#8193,#8194,#8195,#8196));
#1922=EDGE_LOOP('',(#8197,#8198,#8199,#8200));
#1923=EDGE_LOOP('',(#8201,#8202,#8203,#8204));
#1924=EDGE_LOOP('',(#8205,#8206,#8207,#8208));
#1925=EDGE_LOOP('',(#8209,#8210,#8211,#8212));
#1926=EDGE_LOOP('',(#8213,#8214,#8215,#8216));
#1927=EDGE_LOOP('',(#8217,#8218,#8219,#8220));
#1928=EDGE_LOOP('',(#8221,#8222,#8223,#8224));
#1929=EDGE_LOOP('',(#8225,#8226,#8227,#8228));
#1930=EDGE_LOOP('',(#8229,#8230,#8231,#8232));
#1931=EDGE_LOOP('',(#8233,#8234,#8235,#8236));
#1932=EDGE_LOOP('',(#8237,#8238,#8239,#8240));
#1933=EDGE_LOOP('',(#8241,#8242,#8243,#8244));
#1934=EDGE_LOOP('',(#8245,#8246,#8247,#8248));
#1935=EDGE_LOOP('',(#8249,#8250,#8251,#8252));
#1936=EDGE_LOOP('',(#8253,#8254,#8255,#8256));
#1937=EDGE_LOOP('',(#8257,#8258,#8259,#8260));
#1938=EDGE_LOOP('',(#8261,#8262,#8263,#8264));
#1939=EDGE_LOOP('',(#8265,#8266,#8267,#8268));
#1940=EDGE_LOOP('',(#8269,#8270,#8271,#8272));
#1941=EDGE_LOOP('',(#8273,#8274,#8275,#8276));
#1942=EDGE_LOOP('',(#8277,#8278,#8279,#8280));
#1943=EDGE_LOOP('',(#8281,#8282,#8283,#8284));
#1944=EDGE_LOOP('',(#8285,#8286,#8287,#8288));
#1945=EDGE_LOOP('',(#8289,#8290,#8291,#8292));
#1946=EDGE_LOOP('',(#8293,#8294,#8295,#8296));
#1947=EDGE_LOOP('',(#8297,#8298,#8299,#8300));
#1948=EDGE_LOOP('',(#8301,#8302,#8303,#8304));
#1949=EDGE_LOOP('',(#8305,#8306,#8307,#8308));
#1950=EDGE_LOOP('',(#8309,#8310,#8311,#8312));
#1951=EDGE_LOOP('',(#8313,#8314,#8315,#8316));
#1952=EDGE_LOOP('',(#8317,#8318,#8319,#8320));
#1953=EDGE_LOOP('',(#8321,#8322,#8323,#8324));
#1954=EDGE_LOOP('',(#8325,#8326,#8327,#8328));
#1955=EDGE_LOOP('',(#8329,#8330,#8331,#8332));
#1956=EDGE_LOOP('',(#8333,#8334,#8335,#8336));
#1957=EDGE_LOOP('',(#8337,#8338,#8339,#8340));
#1958=EDGE_LOOP('',(#8341,#8342,#8343,#8344,#8345,#8346,#8347,#8348,#8349,
#8350,#8351,#8352,#8353,#8354,#8355,#8356,#8357,#8358));
#1959=EDGE_LOOP('',(#8359,#8360,#8361,#8362,#8363,#8364,#8365,#8366));
#1960=EDGE_LOOP('',(#8367,#8368,#8369,#8370,#8371,#8372,#8373,#8374,#8375,
#8376,#8377,#8378,#8379,#8380,#8381,#8382,#8383,#8384,#8385,#8386,#8387,
#8388,#8389,#8390,#8391,#8392,#8393));
#1961=EDGE_LOOP('',(#8394,#8395,#8396,#8397,#8398,#8399,#8400,#8401,#8402,
#8403,#8404,#8405));
#1962=EDGE_LOOP('',(#8406,#8407,#8408,#8409,#8410,#8411,#8412,#8413,#8414,
#8415,#8416,#8417,#8418,#8419,#8420,#8421,#8422,#8423,#8424,#8425,#8426,
#8427,#8428,#8429,#8430));
#1963=EDGE_LOOP('',(#8431,#8432,#8433,#8434,#8435,#8436,#8437,#8438,#8439,
#8440,#8441,#8442,#8443,#8444,#8445,#8446,#8447));
#1964=EDGE_LOOP('',(#8448,#8449,#8450,#8451));
#1965=EDGE_LOOP('',(#8452,#8453,#8454,#8455,#8456,#8457,#8458,#8459,#8460,
#8461,#8462,#8463,#8464));
#1966=EDGE_LOOP('',(#8465,#8466,#8467,#8468,#8469,#8470,#8471,#8472,#8473,
#8474,#8475,#8476,#8477,#8478,#8479,#8480,#8481,#8482,#8483,#8484,#8485,
#8486,#8487));
#1967=EDGE_LOOP('',(#8488,#8489,#8490,#8491,#8492,#8493,#8494,#8495,#8496,
#8497,#8498,#8499,#8500,#8501,#8502,#8503));
#1968=EDGE_LOOP('',(#8504,#8505,#8506,#8507,#8508,#8509,#8510,#8511));
#1969=EDGE_LOOP('',(#8512,#8513,#8514,#8515));
#1970=EDGE_LOOP('',(#8516,#8517,#8518,#8519,#8520,#8521,#8522,#8523,#8524,
#8525,#8526,#8527,#8528,#8529,#8530,#8531));
#1971=EDGE_LOOP('',(#8532,#8533,#8534));
#1972=EDGE_LOOP('',(#8535));
#1973=EDGE_LOOP('',(#8536));
#1974=EDGE_LOOP('',(#8537));
#1975=EDGE_LOOP('',(#8538));
#1976=EDGE_LOOP('',(#8539,#8540,#8541,#8542));
#1977=EDGE_LOOP('',(#8543,#8544,#8545,#8546));
#1978=EDGE_LOOP('',(#8547,#8548,#8549,#8550));
#1979=EDGE_LOOP('',(#8551,#8552,#8553,#8554));
#1980=EDGE_LOOP('',(#8555,#8556,#8557,#8558));
#1981=EDGE_LOOP('',(#8559,#8560,#8561,#8562));
#1982=EDGE_LOOP('',(#8563,#8564,#8565,#8566));
#1983=EDGE_LOOP('',(#8567,#8568,#8569,#8570));
#1984=EDGE_LOOP('',(#8571,#8572,#8573,#8574));
#1985=EDGE_LOOP('',(#8575,#8576,#8577,#8578));
#1986=EDGE_LOOP('',(#8579,#8580,#8581,#8582));
#1987=EDGE_LOOP('',(#8583,#8584,#8585,#8586));
#1988=EDGE_LOOP('',(#8587,#8588,#8589,#8590));
#1989=EDGE_LOOP('',(#8591,#8592,#8593,#8594));
#1990=EDGE_LOOP('',(#8595,#8596,#8597,#8598));
#1991=EDGE_LOOP('',(#8599,#8600,#8601,#8602));
#1992=EDGE_LOOP('',(#8603,#8604,#8605,#8606));
#1993=EDGE_LOOP('',(#8607,#8608,#8609,#8610));
#1994=EDGE_LOOP('',(#8611,#8612,#8613,#8614));
#1995=EDGE_LOOP('',(#8615,#8616,#8617,#8618));
#1996=EDGE_LOOP('',(#8619,#8620,#8621,#8622));
#1997=EDGE_LOOP('',(#8623,#8624,#8625,#8626));
#1998=EDGE_LOOP('',(#8627,#8628,#8629,#8630,#8631,#8632,#8633,#8634,#8635,
#8636,#8637,#8638,#8639,#8640,#8641,#8642,#8643,#8644,#8645,#8646,#8647,
#8648,#8649,#8650,#8651,#8652,#8653,#8654,#8655));
#1999=EDGE_LOOP('',(#8656,#8657,#8658,#8659,#8660,#8661,#8662,#8663,#8664,
#8665,#8666,#8667,#8668,#8669,#8670,#8671,#8672,#8673,#8674,#8675,#8676,
#8677,#8678,#8679,#8680,#8681,#8682));
#2000=EDGE_LOOP('',(#8683,#8684,#8685,#8686,#8687,#8688,#8689,#8690,#8691,
#8692,#8693,#8694,#8695,#8696,#8697,#8698,#8699,#8700,#8701,#8702,#8703,
#8704,#8705,#8706,#8707,#8708,#8709));
#2001=EDGE_LOOP('',(#8710,#8711,#8712,#8713,#8714,#8715,#8716,#8717,#8718,
#8719,#8720,#8721));
#2002=LINE('',#11079,#2810);
#2003=LINE('',#11081,#2811);
#2004=LINE('',#11083,#2812);
#2005=LINE('',#11084,#2813);
#2006=LINE('',#11096,#2814);
#2007=LINE('',#11111,#2815);
#2008=LINE('',#11126,#2816);
#2009=LINE('',#11132,#2817);
#2010=LINE('',#11134,#2818);
#2011=LINE('',#11135,#2819);
#2012=LINE('',#11147,#2820);
#2013=LINE('',#11162,#2821);
#2014=LINE('',#11177,#2822);
#2015=LINE('',#11183,#2823);
#2016=LINE('',#11185,#2824);
#2017=LINE('',#11186,#2825);
#2018=LINE('',#11189,#2826);
#2019=LINE('',#11191,#2827);
#2020=LINE('',#11192,#2828);
#2021=LINE('',#11195,#2829);
#2022=LINE('',#11197,#2830);
#2023=LINE('',#11198,#2831);
#2024=LINE('',#11200,#2832);
#2025=LINE('',#11201,#2833);
#2026=LINE('',#11215,#2834);
#2027=LINE('',#11220,#2835);
#2028=LINE('',#11232,#2836);
#2029=LINE('',#11247,#2837);
#2030=LINE('',#11262,#2838);
#2031=LINE('',#11277,#2839);
#2032=LINE('',#11292,#2840);
#2033=LINE('',#11307,#2841);
#2034=LINE('',#11322,#2842);
#2035=LINE('',#11327,#2843);
#2036=LINE('',#11328,#2844);
#2037=LINE('',#11341,#2845);
#2038=LINE('',#11346,#2846);
#2039=LINE('',#11358,#2847);
#2040=LINE('',#11373,#2848);
#2041=LINE('',#11388,#2849);
#2042=LINE('',#11403,#2850);
#2043=LINE('',#11418,#2851);
#2044=LINE('',#11433,#2852);
#2045=LINE('',#11448,#2853);
#2046=LINE('',#11463,#2854);
#2047=LINE('',#11478,#2855);
#2048=LINE('',#11493,#2856);
#2049=LINE('',#11508,#2857);
#2050=LINE('',#11514,#2858);
#2051=LINE('',#11516,#2859);
#2052=LINE('',#11517,#2860);
#2053=LINE('',#11529,#2861);
#2054=LINE('',#11544,#2862);
#2055=LINE('',#11550,#2863);
#2056=LINE('',#11552,#2864);
#2057=LINE('',#11553,#2865);
#2058=LINE('',#11565,#2866);
#2059=LINE('',#11580,#2867);
#2060=LINE('',#11595,#2868);
#2061=LINE('',#11610,#2869);
#2062=LINE('',#11625,#2870);
#2063=LINE('',#11640,#2871);
#2064=LINE('',#11655,#2872);
#2065=LINE('',#11670,#2873);
#2066=LINE('',#11676,#2874);
#2067=LINE('',#11678,#2875);
#2068=LINE('',#11679,#2876);
#2069=LINE('',#11691,#2877);
#2070=LINE('',#11720,#2878);
#2071=LINE('',#11725,#2879);
#2072=LINE('',#11737,#2880);
#2073=LINE('',#11752,#2881);
#2074=LINE('',#11767,#2882);
#2075=LINE('',#11782,#2883);
#2076=LINE('',#11797,#2884);
#2077=LINE('',#11812,#2885);
#2078=LINE('',#11827,#2886);
#2079=LINE('',#11832,#2887);
#2080=LINE('',#11833,#2888);
#2081=LINE('',#11846,#2889);
#2082=LINE('',#11851,#2890);
#2083=LINE('',#11863,#2891);
#2084=LINE('',#11878,#2892);
#2085=LINE('',#11893,#2893);
#2086=LINE('',#11908,#2894);
#2087=LINE('',#11923,#2895);
#2088=LINE('',#11938,#2896);
#2089=LINE('',#11953,#2897);
#2090=LINE('',#11968,#2898);
#2091=LINE('',#11983,#2899);
#2092=LINE('',#11998,#2900);
#2093=LINE('',#12013,#2901);
#2094=LINE('',#12019,#2902);
#2095=LINE('',#12021,#2903);
#2096=LINE('',#12022,#2904);
#2097=LINE('',#12034,#2905);
#2098=LINE('',#12049,#2906);
#2099=LINE('',#12055,#2907);
#2100=LINE('',#12057,#2908);
#2101=LINE('',#12058,#2909);
#2102=LINE('',#12070,#2910);
#2103=LINE('',#12085,#2911);
#2104=LINE('',#12100,#2912);
#2105=LINE('',#12115,#2913);
#2106=LINE('',#12130,#2914);
#2107=LINE('',#12145,#2915);
#2108=LINE('',#12160,#2916);
#2109=LINE('',#12175,#2917);
#2110=LINE('',#12181,#2918);
#2111=LINE('',#12183,#2919);
#2112=LINE('',#12184,#2920);
#2113=LINE('',#12196,#2921);
#2114=LINE('',#12227,#2922);
#2115=LINE('',#12232,#2923);
#2116=LINE('',#12244,#2924);
#2117=LINE('',#12259,#2925);
#2118=LINE('',#12274,#2926);
#2119=LINE('',#12289,#2927);
#2120=LINE('',#12304,#2928);
#2121=LINE('',#12319,#2929);
#2122=LINE('',#12347,#2930);
#2123=LINE('',#12352,#2931);
#2124=LINE('',#12364,#2932);
#2125=LINE('',#12379,#2933);
#2126=LINE('',#12394,#2934);
#2127=LINE('',#12409,#2935);
#2128=LINE('',#12424,#2936);
#2129=LINE('',#12439,#2937);
#2130=LINE('',#12468,#2938);
#2131=LINE('',#12473,#2939);
#2132=LINE('',#12485,#2940);
#2133=LINE('',#12500,#2941);
#2134=LINE('',#12515,#2942);
#2135=LINE('',#12530,#2943);
#2136=LINE('',#12545,#2944);
#2137=LINE('',#12560,#2945);
#2138=LINE('',#12575,#2946);
#2139=LINE('',#12580,#2947);
#2140=LINE('',#12581,#2948);
#2141=LINE('',#12594,#2949);
#2142=LINE('',#12599,#2950);
#2143=LINE('',#12611,#2951);
#2144=LINE('',#12626,#2952);
#2145=LINE('',#12641,#2953);
#2146=LINE('',#12656,#2954);
#2147=LINE('',#12671,#2955);
#2148=LINE('',#12686,#2956);
#2149=LINE('',#12701,#2957);
#2150=LINE('',#12716,#2958);
#2151=LINE('',#12731,#2959);
#2152=LINE('',#12746,#2960);
#2153=LINE('',#12761,#2961);
#2154=LINE('',#12767,#2962);
#2155=LINE('',#12769,#2963);
#2156=LINE('',#12770,#2964);
#2157=LINE('',#12782,#2965);
#2158=LINE('',#12797,#2966);
#2159=LINE('',#12803,#2967);
#2160=LINE('',#12805,#2968);
#2161=LINE('',#12806,#2969);
#2162=LINE('',#12818,#2970);
#2163=LINE('',#12833,#2971);
#2164=LINE('',#12848,#2972);
#2165=LINE('',#12863,#2973);
#2166=LINE('',#12878,#2974);
#2167=LINE('',#12893,#2975);
#2168=LINE('',#12908,#2976);
#2169=LINE('',#12923,#2977);
#2170=LINE('',#12929,#2978);
#2171=LINE('',#12931,#2979);
#2172=LINE('',#12932,#2980);
#2173=LINE('',#12944,#2981);
#2174=LINE('',#12964,#2982);
#2175=LINE('',#12966,#2983);
#2176=LINE('',#12968,#2984);
#2177=LINE('',#12969,#2985);
#2178=LINE('',#12981,#2986);
#2179=LINE('',#12996,#2987);
#2180=LINE('',#13011,#2988);
#2181=LINE('',#13017,#2989);
#2182=LINE('',#13019,#2990);
#2183=LINE('',#13020,#2991);
#2184=LINE('',#13032,#2992);
#2185=LINE('',#13047,#2993);
#2186=LINE('',#13062,#2994);
#2187=LINE('',#13068,#2995);
#2188=LINE('',#13070,#2996);
#2189=LINE('',#13071,#2997);
#2190=LINE('',#13074,#2998);
#2191=LINE('',#13076,#2999);
#2192=LINE('',#13077,#3000);
#2193=LINE('',#13080,#3001);
#2194=LINE('',#13082,#3002);
#2195=LINE('',#13083,#3003);
#2196=LINE('',#13085,#3004);
#2197=LINE('',#13086,#3005);
#2198=LINE('',#13100,#3006);
#2199=LINE('',#13105,#3007);
#2200=LINE('',#13117,#3008);
#2201=LINE('',#13132,#3009);
#2202=LINE('',#13147,#3010);
#2203=LINE('',#13162,#3011);
#2204=LINE('',#13177,#3012);
#2205=LINE('',#13192,#3013);
#2206=LINE('',#13220,#3014);
#2207=LINE('',#13225,#3015);
#2208=LINE('',#13237,#3016);
#2209=LINE('',#13252,#3017);
#2210=LINE('',#13267,#3018);
#2211=LINE('',#13282,#3019);
#2212=LINE('',#13297,#3020);
#2213=LINE('',#13312,#3021);
#2214=LINE('',#13318,#3022);
#2215=LINE('',#13320,#3023);
#2216=LINE('',#13321,#3024);
#2217=LINE('',#13333,#3025);
#2218=LINE('',#13348,#3026);
#2219=LINE('',#13363,#3027);
#2220=LINE('',#13378,#3028);
#2221=LINE('',#13384,#3029);
#2222=LINE('',#13386,#3030);
#2223=LINE('',#13387,#3031);
#2224=LINE('',#13399,#3032);
#2225=LINE('',#13414,#3033);
#2226=LINE('',#13429,#3034);
#2227=LINE('',#13444,#3035);
#2228=LINE('',#13459,#3036);
#2229=LINE('',#13474,#3037);
#2230=LINE('',#13489,#3038);
#2231=LINE('',#13495,#3039);
#2232=LINE('',#13497,#3040);
#2233=LINE('',#13498,#3041);
#2234=LINE('',#13501,#3042);
#2235=LINE('',#13503,#3043);
#2236=LINE('',#13504,#3044);
#2237=LINE('',#13507,#3045);
#2238=LINE('',#13509,#3046);
#2239=LINE('',#13510,#3047);
#2240=LINE('',#13513,#3048);
#2241=LINE('',#13515,#3049);
#2242=LINE('',#13516,#3050);
#2243=LINE('',#13542,#3051);
#2244=LINE('',#13547,#3052);
#2245=LINE('',#13559,#3053);
#2246=LINE('',#13574,#3054);
#2247=LINE('',#13589,#3055);
#2248=LINE('',#13594,#3056);
#2249=LINE('',#13595,#3057);
#2250=LINE('',#13608,#3058);
#2251=LINE('',#13613,#3059);
#2252=LINE('',#13625,#3060);
#2253=LINE('',#13640,#3061);
#2254=LINE('',#13655,#3062);
#2255=LINE('',#13670,#3063);
#2256=LINE('',#13685,#3064);
#2257=LINE('',#13700,#3065);
#2258=LINE('',#13715,#3066);
#2259=LINE('',#13730,#3067);
#2260=LINE('',#13736,#3068);
#2261=LINE('',#13738,#3069);
#2262=LINE('',#13739,#3070);
#2263=LINE('',#13751,#3071);
#2264=LINE('',#13766,#3072);
#2265=LINE('',#13781,#3073);
#2266=LINE('',#13796,#3074);
#2267=LINE('',#13802,#3075);
#2268=LINE('',#13804,#3076);
#2269=LINE('',#13805,#3077);
#2270=LINE('',#13808,#3078);
#2271=LINE('',#13810,#3079);
#2272=LINE('',#13811,#3080);
#2273=LINE('',#13841,#3081);
#2274=LINE('',#13846,#3082);
#2275=LINE('',#13858,#3083);
#2276=LINE('',#13873,#3084);
#2277=LINE('',#13888,#3085);
#2278=LINE('',#13903,#3086);
#2279=LINE('',#13918,#3087);
#2280=LINE('',#13933,#3088);
#2281=LINE('',#13948,#3089);
#2282=LINE('',#13963,#3090);
#2283=LINE('',#13978,#3091);
#2284=LINE('',#13993,#3092);
#2285=LINE('',#14008,#3093);
#2286=LINE('',#14014,#3094);
#2287=LINE('',#14016,#3095);
#2288=LINE('',#14017,#3096);
#2289=LINE('',#14029,#3097);
#2290=LINE('',#14044,#3098);
#2291=LINE('',#14059,#3099);
#2292=LINE('',#14074,#3100);
#2293=LINE('',#14089,#3101);
#2294=LINE('',#14104,#3102);
#2295=LINE('',#14119,#3103);
#2296=LINE('',#14134,#3104);
#2297=LINE('',#14149,#3105);
#2298=LINE('',#14164,#3106);
#2299=LINE('',#14179,#3107);
#2300=LINE('',#14194,#3108);
#2301=LINE('',#14209,#3109);
#2302=LINE('',#14215,#3110);
#2303=LINE('',#14217,#3111);
#2304=LINE('',#14218,#3112);
#2305=LINE('',#14230,#3113);
#2306=LINE('',#14250,#3114);
#2307=LINE('',#14252,#3115);
#2308=LINE('',#14254,#3116);
#2309=LINE('',#14255,#3117);
#2310=LINE('',#14258,#3118);
#2311=LINE('',#14260,#3119);
#2312=LINE('',#14261,#3120);
#2313=LINE('',#14264,#3121);
#2314=LINE('',#14266,#3122);
#2315=LINE('',#14267,#3123);
#2316=LINE('',#14269,#3124);
#2317=LINE('',#14270,#3125);
#2318=LINE('',#14764,#3126);
#2319=LINE('',#14766,#3127);
#2320=LINE('',#14767,#3128);
#2321=LINE('',#14770,#3129);
#2322=LINE('',#14772,#3130);
#2323=LINE('',#14773,#3131);
#2324=LINE('',#14776,#3132);
#2325=LINE('',#14778,#3133);
#2326=LINE('',#14779,#3134);
#2327=LINE('',#14782,#3135);
#2328=LINE('',#14784,#3136);
#2329=LINE('',#14785,#3137);
#2330=LINE('',#14787,#3138);
#2331=LINE('',#14788,#3139);
#2332=LINE('',#14990,#3140);
#2333=LINE('',#14992,#3141);
#2334=LINE('',#15415,#3142);
#2335=LINE('',#15417,#3143);
#2336=LINE('',#15491,#3144);
#2337=LINE('',#15493,#3145);
#2338=LINE('',#15495,#3146);
#2339=LINE('',#15616,#3147);
#2340=LINE('',#15619,#3148);
#2341=LINE('',#15621,#3149);
#2342=LINE('',#15622,#3150);
#2343=LINE('',#15625,#3151);
#2344=LINE('',#15627,#3152);
#2345=LINE('',#15628,#3153);
#2346=LINE('',#15631,#3154);
#2347=LINE('',#15633,#3155);
#2348=LINE('',#15762,#3156);
#2349=LINE('',#15764,#3157);
#2350=LINE('',#15765,#3158);
#2351=LINE('',#15768,#3159);
#2352=LINE('',#15770,#3160);
#2353=LINE('',#15771,#3161);
#2354=LINE('',#15774,#3162);
#2355=LINE('',#15776,#3163);
#2356=LINE('',#15777,#3164);
#2357=LINE('',#15779,#3165);
#2358=LINE('',#15780,#3166);
#2359=LINE('',#15785,#3167);
#2360=LINE('',#15787,#3168);
#2361=LINE('',#15789,#3169);
#2362=LINE('',#15790,#3170);
#2363=LINE('',#15793,#3171);
#2364=LINE('',#15795,#3172);
#2365=LINE('',#15796,#3173);
#2366=LINE('',#15798,#3174);
#2367=LINE('',#15799,#3175);
#2368=LINE('',#15803,#3176);
#2369=LINE('',#15805,#3177);
#2370=LINE('',#15807,#3178);
#2371=LINE('',#15808,#3179);
#2372=LINE('',#15811,#3180);
#2373=LINE('',#15813,#3181);
#2374=LINE('',#15814,#3182);
#2375=LINE('',#15817,#3183);
#2376=LINE('',#15819,#3184);
#2377=LINE('',#15820,#3185);
#2378=LINE('',#15823,#3186);
#2379=LINE('',#15825,#3187);
#2380=LINE('',#15826,#3188);
#2381=LINE('',#15829,#3189);
#2382=LINE('',#15831,#3190);
#2383=LINE('',#15832,#3191);
#2384=LINE('',#15835,#3192);
#2385=LINE('',#15837,#3193);
#2386=LINE('',#15838,#3194);
#2387=LINE('',#15841,#3195);
#2388=LINE('',#15843,#3196);
#2389=LINE('',#15844,#3197);
#2390=LINE('',#15846,#3198);
#2391=LINE('',#15847,#3199);
#2392=LINE('',#15852,#3200);
#2393=LINE('',#15854,#3201);
#2394=LINE('',#15856,#3202);
#2395=LINE('',#15857,#3203);
#2396=LINE('',#15860,#3204);
#2397=LINE('',#15862,#3205);
#2398=LINE('',#15863,#3206);
#2399=LINE('',#15866,#3207);
#2400=LINE('',#15868,#3208);
#2401=LINE('',#15869,#3209);
#2402=LINE('',#15871,#3210);
#2403=LINE('',#15872,#3211);
#2404=LINE('',#15877,#3212);
#2405=LINE('',#15879,#3213);
#2406=LINE('',#15881,#3214);
#2407=LINE('',#16002,#3215);
#2408=LINE('',#16005,#3216);
#2409=LINE('',#16007,#3217);
#2410=LINE('',#16008,#3218);
#2411=LINE('',#16011,#3219);
#2412=LINE('',#16013,#3220);
#2413=LINE('',#16014,#3221);
#2414=LINE('',#16017,#3222);
#2415=LINE('',#16019,#3223);
#2416=LINE('',#16148,#3224);
#2417=LINE('',#16150,#3225);
#2418=LINE('',#16151,#3226);
#2419=LINE('',#16154,#3227);
#2420=LINE('',#16156,#3228);
#2421=LINE('',#16157,#3229);
#2422=LINE('',#16160,#3230);
#2423=LINE('',#16162,#3231);
#2424=LINE('',#16163,#3232);
#2425=LINE('',#16165,#3233);
#2426=LINE('',#16166,#3234);
#2427=LINE('',#16173,#3235);
#2428=LINE('',#16175,#3236);
#2429=LINE('',#16177,#3237);
#2430=LINE('',#16178,#3238);
#2431=LINE('',#16181,#3239);
#2432=LINE('',#16183,#3240);
#2433=LINE('',#16184,#3241);
#2434=LINE('',#16187,#3242);
#2435=LINE('',#16189,#3243);
#2436=LINE('',#16190,#3244);
#2437=LINE('',#16193,#3245);
#2438=LINE('',#16195,#3246);
#2439=LINE('',#16196,#3247);
#2440=LINE('',#16199,#3248);
#2441=LINE('',#16201,#3249);
#2442=LINE('',#16202,#3250);
#2443=LINE('',#16205,#3251);
#2444=LINE('',#16207,#3252);
#2445=LINE('',#16208,#3253);
#2446=LINE('',#16211,#3254);
#2447=LINE('',#16213,#3255);
#2448=LINE('',#16214,#3256);
#2449=LINE('',#16217,#3257);
#2450=LINE('',#16219,#3258);
#2451=LINE('',#16220,#3259);
#2452=LINE('',#16223,#3260);
#2453=LINE('',#16225,#3261);
#2454=LINE('',#16226,#3262);
#2455=LINE('',#16230,#3263);
#2456=LINE('',#16232,#3264);
#2457=LINE('',#16234,#3265);
#2458=LINE('',#16235,#3266);
#2459=LINE('',#16239,#3267);
#2460=LINE('',#16241,#3268);
#2461=LINE('',#16243,#3269);
#2462=LINE('',#16244,#3270);
#2463=LINE('',#16247,#3271);
#2464=LINE('',#16249,#3272);
#2465=LINE('',#16250,#3273);
#2466=LINE('',#16253,#3274);
#2467=LINE('',#16255,#3275);
#2468=LINE('',#16256,#3276);
#2469=LINE('',#16259,#3277);
#2470=LINE('',#16261,#3278);
#2471=LINE('',#16262,#3279);
#2472=LINE('',#16265,#3280);
#2473=LINE('',#16267,#3281);
#2474=LINE('',#16268,#3282);
#2475=LINE('',#16271,#3283);
#2476=LINE('',#16273,#3284);
#2477=LINE('',#16274,#3285);
#2478=LINE('',#16277,#3286);
#2479=LINE('',#16279,#3287);
#2480=LINE('',#16280,#3288);
#2481=LINE('',#16283,#3289);
#2482=LINE('',#16285,#3290);
#2483=LINE('',#16286,#3291);
#2484=LINE('',#16288,#3292);
#2485=LINE('',#16289,#3293);
#2486=LINE('',#16292,#3294);
#2487=LINE('',#16294,#3295);
#2488=LINE('',#16295,#3296);
#2489=LINE('',#16297,#3297);
#2490=LINE('',#16298,#3298);
#2491=LINE('',#16301,#3299);
#2492=LINE('',#16303,#3300);
#2493=LINE('',#16305,#3301);
#2494=LINE('',#16307,#3302);
#2495=LINE('',#16308,#3303);
#2496=LINE('',#16313,#3304);
#2497=LINE('',#16317,#3305);
#2498=LINE('',#16319,#3306);
#2499=LINE('',#16323,#3307);
#2500=LINE('',#16325,#3308);
#2501=LINE('',#16327,#3309);
#2502=LINE('',#16331,#3310);
#2503=LINE('',#16333,#3311);
#2504=LINE('',#16337,#3312);
#2505=LINE('',#16341,#3313);
#2506=LINE('',#16344,#3314);
#2507=LINE('',#16346,#3315);
#2508=LINE('',#16348,#3316);
#2509=LINE('',#16350,#3317);
#2510=LINE('',#16351,#3318);
#2511=LINE('',#16366,#3319);
#2512=LINE('',#16368,#3320);
#2513=LINE('',#16370,#3321);
#2514=LINE('',#16371,#3322);
#2515=LINE('',#16374,#3323);
#2516=LINE('',#16376,#3324);
#2517=LINE('',#16378,#3325);
#2518=LINE('',#16379,#3326);
#2519=LINE('',#16382,#3327);
#2520=LINE('',#16384,#3328);
#2521=LINE('',#16386,#3329);
#2522=LINE('',#16387,#3330);
#2523=LINE('',#16390,#3331);
#2524=LINE('',#16392,#3332);
#2525=LINE('',#16394,#3333);
#2526=LINE('',#16395,#3334);
#2527=LINE('',#16398,#3335);
#2528=LINE('',#16400,#3336);
#2529=LINE('',#16402,#3337);
#2530=LINE('',#16403,#3338);
#2531=LINE('',#16406,#3339);
#2532=LINE('',#16408,#3340);
#2533=LINE('',#16410,#3341);
#2534=LINE('',#16411,#3342);
#2535=LINE('',#16414,#3343);
#2536=LINE('',#16416,#3344);
#2537=LINE('',#16418,#3345);
#2538=LINE('',#16419,#3346);
#2539=LINE('',#16422,#3347);
#2540=LINE('',#16424,#3348);
#2541=LINE('',#16426,#3349);
#2542=LINE('',#16427,#3350);
#2543=LINE('',#16430,#3351);
#2544=LINE('',#16432,#3352);
#2545=LINE('',#16436,#3353);
#2546=LINE('',#16438,#3354);
#2547=LINE('',#16440,#3355);
#2548=LINE('',#16441,#3356);
#2549=LINE('',#16444,#3357);
#2550=LINE('',#16446,#3358);
#2551=LINE('',#16448,#3359);
#2552=LINE('',#16449,#3360);
#2553=LINE('',#16452,#3361);
#2554=LINE('',#16454,#3362);
#2555=LINE('',#16456,#3363);
#2556=LINE('',#16457,#3364);
#2557=LINE('',#16460,#3365);
#2558=LINE('',#16462,#3366);
#2559=LINE('',#16464,#3367);
#2560=LINE('',#16465,#3368);
#2561=LINE('',#16468,#3369);
#2562=LINE('',#16470,#3370);
#2563=LINE('',#16472,#3371);
#2564=LINE('',#16473,#3372);
#2565=LINE('',#16476,#3373);
#2566=LINE('',#16478,#3374);
#2567=LINE('',#16480,#3375);
#2568=LINE('',#16481,#3376);
#2569=LINE('',#16484,#3377);
#2570=LINE('',#16486,#3378);
#2571=LINE('',#16488,#3379);
#2572=LINE('',#16489,#3380);
#2573=LINE('',#16492,#3381);
#2574=LINE('',#16494,#3382);
#2575=LINE('',#16496,#3383);
#2576=LINE('',#16497,#3384);
#2577=LINE('',#16500,#3385);
#2578=LINE('',#16502,#3386);
#2579=LINE('',#16504,#3387);
#2580=LINE('',#16505,#3388);
#2581=LINE('',#16508,#3389);
#2582=LINE('',#16510,#3390);
#2583=LINE('',#16512,#3391);
#2584=LINE('',#16513,#3392);
#2585=LINE('',#16516,#3393);
#2586=LINE('',#16518,#3394);
#2587=LINE('',#16520,#3395);
#2588=LINE('',#16521,#3396);
#2589=LINE('',#16524,#3397);
#2590=LINE('',#16526,#3398);
#2591=LINE('',#16528,#3399);
#2592=LINE('',#16529,#3400);
#2593=LINE('',#16532,#3401);
#2594=LINE('',#16534,#3402);
#2595=LINE('',#16536,#3403);
#2596=LINE('',#16537,#3404);
#2597=LINE('',#16540,#3405);
#2598=LINE('',#16545,#3406);
#2599=LINE('',#16551,#3407);
#2600=LINE('',#16555,#3408);
#2601=LINE('',#16559,#3409);
#2602=LINE('',#16563,#3410);
#2603=LINE('',#16566,#3411);
#2604=LINE('',#16568,#3412);
#2605=LINE('',#16569,#3413);
#2606=LINE('',#16573,#3414);
#2607=LINE('',#16576,#3415);
#2608=LINE('',#16577,#3416);
#2609=LINE('',#16583,#3417);
#2610=LINE('',#16586,#3418);
#2611=LINE('',#16587,#3419);
#2612=LINE('',#16591,#3420);
#2613=LINE('',#16594,#3421);
#2614=LINE('',#16595,#3422);
#2615=LINE('',#16598,#3423);
#2616=LINE('',#16599,#3424);
#2617=LINE('',#16603,#3425);
#2618=LINE('',#16606,#3426);
#2619=LINE('',#16607,#3427);
#2620=LINE('',#16610,#3428);
#2621=LINE('',#16611,#3429);
#2622=LINE('',#16614,#3430);
#2623=LINE('',#16615,#3431);
#2624=LINE('',#16619,#3432);
#2625=LINE('',#16622,#3433);
#2626=LINE('',#16623,#3434);
#2627=LINE('',#16626,#3435);
#2628=LINE('',#16627,#3436);
#2629=LINE('',#16633,#3437);
#2630=LINE('',#16634,#3438);
#2631=LINE('',#16635,#3439);
#2632=LINE('',#16638,#3440);
#2633=LINE('',#16639,#3441);
#2634=LINE('',#16642,#3442);
#2635=LINE('',#16643,#3443);
#2636=LINE('',#16645,#3444);
#2637=LINE('',#16649,#3445);
#2638=LINE('',#16650,#3446);
#2639=LINE('',#16651,#3447);
#2640=LINE('',#16654,#3448);
#2641=LINE('',#16655,#3449);
#2642=LINE('',#16658,#3450);
#2643=LINE('',#16659,#3451);
#2644=LINE('',#16661,#3452);
#2645=LINE('',#16665,#3453);
#2646=LINE('',#16666,#3454);
#2647=LINE('',#16667,#3455);
#2648=LINE('',#16670,#3456);
#2649=LINE('',#16671,#3457);
#2650=LINE('',#16674,#3458);
#2651=LINE('',#16675,#3459);
#2652=LINE('',#16677,#3460);
#2653=LINE('',#16681,#3461);
#2654=LINE('',#16682,#3462);
#2655=LINE('',#16683,#3463);
#2656=LINE('',#16686,#3464);
#2657=LINE('',#16687,#3465);
#2658=LINE('',#16690,#3466);
#2659=LINE('',#16691,#3467);
#2660=LINE('',#16693,#3468);
#2661=LINE('',#16697,#3469);
#2662=LINE('',#16698,#3470);
#2663=LINE('',#16699,#3471);
#2664=LINE('',#16702,#3472);
#2665=LINE('',#16703,#3473);
#2666=LINE('',#16706,#3474);
#2667=LINE('',#16707,#3475);
#2668=LINE('',#16709,#3476);
#2669=LINE('',#16713,#3477);
#2670=LINE('',#16714,#3478);
#2671=LINE('',#16715,#3479);
#2672=LINE('',#16718,#3480);
#2673=LINE('',#16719,#3481);
#2674=LINE('',#16722,#3482);
#2675=LINE('',#16723,#3483);
#2676=LINE('',#16725,#3484);
#2677=LINE('',#16729,#3485);
#2678=LINE('',#16730,#3486);
#2679=LINE('',#16731,#3487);
#2680=LINE('',#16734,#3488);
#2681=LINE('',#16735,#3489);
#2682=LINE('',#16738,#3490);
#2683=LINE('',#16739,#3491);
#2684=LINE('',#16741,#3492);
#2685=LINE('',#16745,#3493);
#2686=LINE('',#16746,#3494);
#2687=LINE('',#16747,#3495);
#2688=LINE('',#16750,#3496);
#2689=LINE('',#16751,#3497);
#2690=LINE('',#16754,#3498);
#2691=LINE('',#16755,#3499);
#2692=LINE('',#16757,#3500);
#2693=LINE('',#16761,#3501);
#2694=LINE('',#16762,#3502);
#2695=LINE('',#16763,#3503);
#2696=LINE('',#16766,#3504);
#2697=LINE('',#16767,#3505);
#2698=LINE('',#16770,#3506);
#2699=LINE('',#16771,#3507);
#2700=LINE('',#16773,#3508);
#2701=LINE('',#16777,#3509);
#2702=LINE('',#16778,#3510);
#2703=LINE('',#16779,#3511);
#2704=LINE('',#16782,#3512);
#2705=LINE('',#16783,#3513);
#2706=LINE('',#16786,#3514);
#2707=LINE('',#16787,#3515);
#2708=LINE('',#16789,#3516);
#2709=LINE('',#16793,#3517);
#2710=LINE('',#16794,#3518);
#2711=LINE('',#16795,#3519);
#2712=LINE('',#16798,#3520);
#2713=LINE('',#16799,#3521);
#2714=LINE('',#16802,#3522);
#2715=LINE('',#16803,#3523);
#2716=LINE('',#16805,#3524);
#2717=LINE('',#16809,#3525);
#2718=LINE('',#16810,#3526);
#2719=LINE('',#16811,#3527);
#2720=LINE('',#16814,#3528);
#2721=LINE('',#16815,#3529);
#2722=LINE('',#16818,#3530);
#2723=LINE('',#16819,#3531);
#2724=LINE('',#16821,#3532);
#2725=LINE('',#16825,#3533);
#2726=LINE('',#16826,#3534);
#2727=LINE('',#16827,#3535);
#2728=LINE('',#16830,#3536);
#2729=LINE('',#16831,#3537);
#2730=LINE('',#16834,#3538);
#2731=LINE('',#16835,#3539);
#2732=LINE('',#16837,#3540);
#2733=LINE('',#16841,#3541);
#2734=LINE('',#16842,#3542);
#2735=LINE('',#16843,#3543);
#2736=LINE('',#16846,#3544);
#2737=LINE('',#16847,#3545);
#2738=LINE('',#16850,#3546);
#2739=LINE('',#16851,#3547);
#2740=LINE('',#16853,#3548);
#2741=LINE('',#16857,#3549);
#2742=LINE('',#16858,#3550);
#2743=LINE('',#16859,#3551);
#2744=LINE('',#16862,#3552);
#2745=LINE('',#16863,#3553);
#2746=LINE('',#16866,#3554);
#2747=LINE('',#16867,#3555);
#2748=LINE('',#16869,#3556);
#2749=LINE('',#16873,#3557);
#2750=LINE('',#16874,#3558);
#2751=LINE('',#16875,#3559);
#2752=LINE('',#16878,#3560);
#2753=LINE('',#16879,#3561);
#2754=LINE('',#16882,#3562);
#2755=LINE('',#16883,#3563);
#2756=LINE('',#16885,#3564);
#2757=LINE('',#16889,#3565);
#2758=LINE('',#16890,#3566);
#2759=LINE('',#16891,#3567);
#2760=LINE('',#16894,#3568);
#2761=LINE('',#16895,#3569);
#2762=LINE('',#16898,#3570);
#2763=LINE('',#16899,#3571);
#2764=LINE('',#16901,#3572);
#2765=LINE('',#16905,#3573);
#2766=LINE('',#16906,#3574);
#2767=LINE('',#16907,#3575);
#2768=LINE('',#16910,#3576);
#2769=LINE('',#16911,#3577);
#2770=LINE('',#16914,#3578);
#2771=LINE('',#16915,#3579);
#2772=LINE('',#16917,#3580);
#2773=LINE('',#16921,#3581);
#2774=LINE('',#16922,#3582);
#2775=LINE('',#16923,#3583);
#2776=LINE('',#16926,#3584);
#2777=LINE('',#16927,#3585);
#2778=LINE('',#16930,#3586);
#2779=LINE('',#16931,#3587);
#2780=LINE('',#16933,#3588);
#2781=LINE('',#16937,#3589);
#2782=LINE('',#16938,#3590);
#2783=LINE('',#16939,#3591);
#2784=LINE('',#16942,#3592);
#2785=LINE('',#16943,#3593);
#2786=LINE('',#16946,#3594);
#2787=LINE('',#16947,#3595);
#2788=LINE('',#16949,#3596);
#2789=LINE('',#16953,#3597);
#2790=LINE('',#16954,#3598);
#2791=LINE('',#16955,#3599);
#2792=LINE('',#16958,#3600);
#2793=LINE('',#16959,#3601);
#2794=LINE('',#16962,#3602);
#2795=LINE('',#16963,#3603);
#2796=LINE('',#16965,#3604);
#2797=LINE('',#16969,#3605);
#2798=LINE('',#16970,#3606);
#2799=LINE('',#16971,#3607);
#2800=LINE('',#16974,#3608);
#2801=LINE('',#16975,#3609);
#2802=LINE('',#16978,#3610);
#2803=LINE('',#16979,#3611);
#2804=LINE('',#16981,#3612);
#2805=LINE('',#16984,#3613);
#2806=LINE('',#16986,#3614);
#2807=LINE('',#16987,#3615);
#2808=LINE('',#16991,#3616);
#2809=LINE('',#16993,#3617);
#2810=VECTOR('',#9729,10.);
#2811=VECTOR('',#9730,10.);
#2812=VECTOR('',#9731,10.);
#2813=VECTOR('',#9732,10.);
#2814=VECTOR('',#9733,10.);
#2815=VECTOR('',#9734,10.);
#2816=VECTOR('',#9735,10.);
#2817=VECTOR('',#9738,10.);
#2818=VECTOR('',#9739,10.);
#2819=VECTOR('',#9740,10.);
#2820=VECTOR('',#9741,10.);
#2821=VECTOR('',#9742,10.);
#2822=VECTOR('',#9743,10.);
#2823=VECTOR('',#9746,10.);
#2824=VECTOR('',#9747,10.);
#2825=VECTOR('',#9748,10.);
#2826=VECTOR('',#9751,10.);
#2827=VECTOR('',#9752,10.);
#2828=VECTOR('',#9753,10.);
#2829=VECTOR('',#9756,10.);
#2830=VECTOR('',#9757,10.);
#2831=VECTOR('',#9758,10.);
#2832=VECTOR('',#9761,10.);
#2833=VECTOR('',#9762,10.);
#2834=VECTOR('',#9765,10.);
#2835=VECTOR('',#9766,10.);
#2836=VECTOR('',#9767,10.);
#2837=VECTOR('',#9768,10.);
#2838=VECTOR('',#9769,10.);
#2839=VECTOR('',#9770,10.);
#2840=VECTOR('',#9771,10.);
#2841=VECTOR('',#9772,10.);
#2842=VECTOR('',#9773,10.);
#2843=VECTOR('',#9776,10.);
#2844=VECTOR('',#9777,10.);
#2845=VECTOR('',#9778,10.);
#2846=VECTOR('',#9779,10.);
#2847=VECTOR('',#9780,10.);
#2848=VECTOR('',#9781,10.);
#2849=VECTOR('',#9782,10.);
#2850=VECTOR('',#9783,10.);
#2851=VECTOR('',#9784,10.);
#2852=VECTOR('',#9785,10.);
#2853=VECTOR('',#9786,10.);
#2854=VECTOR('',#9787,10.);
#2855=VECTOR('',#9788,10.);
#2856=VECTOR('',#9789,10.);
#2857=VECTOR('',#9790,10.);
#2858=VECTOR('',#9793,10.);
#2859=VECTOR('',#9794,10.);
#2860=VECTOR('',#9795,10.);
#2861=VECTOR('',#9796,10.);
#2862=VECTOR('',#9797,10.);
#2863=VECTOR('',#9800,10.);
#2864=VECTOR('',#9801,10.);
#2865=VECTOR('',#9802,10.);
#2866=VECTOR('',#9803,10.);
#2867=VECTOR('',#9804,10.);
#2868=VECTOR('',#9805,10.);
#2869=VECTOR('',#9806,10.);
#2870=VECTOR('',#9807,10.);
#2871=VECTOR('',#9808,10.);
#2872=VECTOR('',#9809,10.);
#2873=VECTOR('',#9810,10.);
#2874=VECTOR('',#9813,10.);
#2875=VECTOR('',#9814,10.);
#2876=VECTOR('',#9815,10.);
#2877=VECTOR('',#9816,10.);
#2878=VECTOR('',#9819,10.);
#2879=VECTOR('',#9820,10.);
#2880=VECTOR('',#9821,10.);
#2881=VECTOR('',#9822,10.);
#2882=VECTOR('',#9823,10.);
#2883=VECTOR('',#9824,10.);
#2884=VECTOR('',#9825,10.);
#2885=VECTOR('',#9826,10.);
#2886=VECTOR('',#9827,10.);
#2887=VECTOR('',#9830,10.);
#2888=VECTOR('',#9831,10.);
#2889=VECTOR('',#9832,10.);
#2890=VECTOR('',#9833,10.);
#2891=VECTOR('',#9834,10.);
#2892=VECTOR('',#9835,10.);
#2893=VECTOR('',#9836,10.);
#2894=VECTOR('',#9837,10.);
#2895=VECTOR('',#9838,10.);
#2896=VECTOR('',#9839,10.);
#2897=VECTOR('',#9840,10.);
#2898=VECTOR('',#9841,10.);
#2899=VECTOR('',#9842,10.);
#2900=VECTOR('',#9843,10.);
#2901=VECTOR('',#9844,10.);
#2902=VECTOR('',#9847,10.);
#2903=VECTOR('',#9848,10.);
#2904=VECTOR('',#9849,10.);
#2905=VECTOR('',#9850,10.);
#2906=VECTOR('',#9851,10.);
#2907=VECTOR('',#9854,10.);
#2908=VECTOR('',#9855,10.);
#2909=VECTOR('',#9856,10.);
#2910=VECTOR('',#9857,10.);
#2911=VECTOR('',#9858,10.);
#2912=VECTOR('',#9859,10.);
#2913=VECTOR('',#9860,10.);
#2914=VECTOR('',#9861,10.);
#2915=VECTOR('',#9862,10.);
#2916=VECTOR('',#9863,10.);
#2917=VECTOR('',#9864,10.);
#2918=VECTOR('',#9867,10.);
#2919=VECTOR('',#9868,10.);
#2920=VECTOR('',#9869,10.);
#2921=VECTOR('',#9870,10.);
#2922=VECTOR('',#9877,10.);
#2923=VECTOR('',#9878,10.);
#2924=VECTOR('',#9879,10.);
#2925=VECTOR('',#9880,10.);
#2926=VECTOR('',#9881,10.);
#2927=VECTOR('',#9882,10.);
#2928=VECTOR('',#9883,10.);
#2929=VECTOR('',#9884,10.);
#2930=VECTOR('',#9885,10.);
#2931=VECTOR('',#9886,10.);
#2932=VECTOR('',#9887,10.);
#2933=VECTOR('',#9888,10.);
#2934=VECTOR('',#9889,10.);
#2935=VECTOR('',#9890,10.);
#2936=VECTOR('',#9891,10.);
#2937=VECTOR('',#9892,10.);
#2938=VECTOR('',#9895,10.);
#2939=VECTOR('',#9896,10.);
#2940=VECTOR('',#9897,10.);
#2941=VECTOR('',#9898,10.);
#2942=VECTOR('',#9899,10.);
#2943=VECTOR('',#9900,10.);
#2944=VECTOR('',#9901,10.);
#2945=VECTOR('',#9902,10.);
#2946=VECTOR('',#9903,10.);
#2947=VECTOR('',#9906,10.);
#2948=VECTOR('',#9907,10.);
#2949=VECTOR('',#9908,10.);
#2950=VECTOR('',#9909,10.);
#2951=VECTOR('',#9910,10.);
#2952=VECTOR('',#9911,10.);
#2953=VECTOR('',#9912,10.);
#2954=VECTOR('',#9913,10.);
#2955=VECTOR('',#9914,10.);
#2956=VECTOR('',#9915,10.);
#2957=VECTOR('',#9916,10.);
#2958=VECTOR('',#9917,10.);
#2959=VECTOR('',#9918,10.);
#2960=VECTOR('',#9919,10.);
#2961=VECTOR('',#9920,10.);
#2962=VECTOR('',#9923,10.);
#2963=VECTOR('',#9924,10.);
#2964=VECTOR('',#9925,10.);
#2965=VECTOR('',#9926,10.);
#2966=VECTOR('',#9927,10.);
#2967=VECTOR('',#9930,10.);
#2968=VECTOR('',#9931,10.);
#2969=VECTOR('',#9932,10.);
#2970=VECTOR('',#9933,10.);
#2971=VECTOR('',#9934,10.);
#2972=VECTOR('',#9935,10.);
#2973=VECTOR('',#9936,10.);
#2974=VECTOR('',#9937,10.);
#2975=VECTOR('',#9938,10.);
#2976=VECTOR('',#9939,10.);
#2977=VECTOR('',#9940,10.);
#2978=VECTOR('',#9943,10.);
#2979=VECTOR('',#9944,10.);
#2980=VECTOR('',#9945,10.);
#2981=VECTOR('',#9946,10.);
#2982=VECTOR('',#9951,10.);
#2983=VECTOR('',#9952,10.);
#2984=VECTOR('',#9953,10.);
#2985=VECTOR('',#9954,10.);
#2986=VECTOR('',#9955,10.);
#2987=VECTOR('',#9956,10.);
#2988=VECTOR('',#9957,10.);
#2989=VECTOR('',#9960,10.);
#2990=VECTOR('',#9961,10.);
#2991=VECTOR('',#9962,10.);
#2992=VECTOR('',#9963,10.);
#2993=VECTOR('',#9964,10.);
#2994=VECTOR('',#9965,10.);
#2995=VECTOR('',#9968,10.);
#2996=VECTOR('',#9969,10.);
#2997=VECTOR('',#9970,10.);
#2998=VECTOR('',#9973,10.);
#2999=VECTOR('',#9974,10.);
#3000=VECTOR('',#9975,10.);
#3001=VECTOR('',#9978,10.);
#3002=VECTOR('',#9979,10.);
#3003=VECTOR('',#9980,10.);
#3004=VECTOR('',#9983,10.);
#3005=VECTOR('',#9984,10.);
#3006=VECTOR('',#9987,10.);
#3007=VECTOR('',#9988,10.);
#3008=VECTOR('',#9989,10.);
#3009=VECTOR('',#9990,10.);
#3010=VECTOR('',#9991,10.);
#3011=VECTOR('',#9992,10.);
#3012=VECTOR('',#9993,10.);
#3013=VECTOR('',#9994,10.);
#3014=VECTOR('',#9995,10.);
#3015=VECTOR('',#9996,10.);
#3016=VECTOR('',#9997,10.);
#3017=VECTOR('',#9998,10.);
#3018=VECTOR('',#9999,10.);
#3019=VECTOR('',#10000,10.);
#3020=VECTOR('',#10001,10.);
#3021=VECTOR('',#10002,10.);
#3022=VECTOR('',#10005,10.);
#3023=VECTOR('',#10006,10.);
#3024=VECTOR('',#10007,10.);
#3025=VECTOR('',#10008,10.);
#3026=VECTOR('',#10009,10.);
#3027=VECTOR('',#10010,10.);
#3028=VECTOR('',#10011,10.);
#3029=VECTOR('',#10014,10.);
#3030=VECTOR('',#10015,10.);
#3031=VECTOR('',#10016,10.);
#3032=VECTOR('',#10017,10.);
#3033=VECTOR('',#10018,10.);
#3034=VECTOR('',#10019,10.);
#3035=VECTOR('',#10020,10.);
#3036=VECTOR('',#10021,10.);
#3037=VECTOR('',#10022,10.);
#3038=VECTOR('',#10023,10.);
#3039=VECTOR('',#10026,10.);
#3040=VECTOR('',#10027,10.);
#3041=VECTOR('',#10028,10.);
#3042=VECTOR('',#10031,10.);
#3043=VECTOR('',#10032,10.);
#3044=VECTOR('',#10033,10.);
#3045=VECTOR('',#10036,10.);
#3046=VECTOR('',#10037,10.);
#3047=VECTOR('',#10038,10.);
#3048=VECTOR('',#10041,10.);
#3049=VECTOR('',#10042,10.);
#3050=VECTOR('',#10043,10.);
#3051=VECTOR('',#10046,10.);
#3052=VECTOR('',#10047,10.);
#3053=VECTOR('',#10048,10.);
#3054=VECTOR('',#10049,10.);
#3055=VECTOR('',#10050,10.);
#3056=VECTOR('',#10053,10.);
#3057=VECTOR('',#10054,10.);
#3058=VECTOR('',#10055,10.);
#3059=VECTOR('',#10056,10.);
#3060=VECTOR('',#10057,10.);
#3061=VECTOR('',#10058,10.);
#3062=VECTOR('',#10059,10.);
#3063=VECTOR('',#10060,10.);
#3064=VECTOR('',#10061,10.);
#3065=VECTOR('',#10062,10.);
#3066=VECTOR('',#10063,10.);
#3067=VECTOR('',#10064,10.);
#3068=VECTOR('',#10067,10.);
#3069=VECTOR('',#10068,10.);
#3070=VECTOR('',#10069,10.);
#3071=VECTOR('',#10070,10.);
#3072=VECTOR('',#10071,10.);
#3073=VECTOR('',#10072,10.);
#3074=VECTOR('',#10073,10.);
#3075=VECTOR('',#10076,10.);
#3076=VECTOR('',#10077,10.);
#3077=VECTOR('',#10078,10.);
#3078=VECTOR('',#10081,10.);
#3079=VECTOR('',#10082,10.);
#3080=VECTOR('',#10083,10.);
#3081=VECTOR('',#10094,10.);
#3082=VECTOR('',#10095,10.);
#3083=VECTOR('',#10096,10.);
#3084=VECTOR('',#10097,10.);
#3085=VECTOR('',#10098,10.);
#3086=VECTOR('',#10099,10.);
#3087=VECTOR('',#10100,10.);
#3088=VECTOR('',#10101,10.);
#3089=VECTOR('',#10102,10.);
#3090=VECTOR('',#10103,10.);
#3091=VECTOR('',#10104,10.);
#3092=VECTOR('',#10105,10.);
#3093=VECTOR('',#10106,10.);
#3094=VECTOR('',#10109,10.);
#3095=VECTOR('',#10110,10.);
#3096=VECTOR('',#10111,10.);
#3097=VECTOR('',#10112,10.);
#3098=VECTOR('',#10113,10.);
#3099=VECTOR('',#10114,10.);
#3100=VECTOR('',#10115,10.);
#3101=VECTOR('',#10116,10.);
#3102=VECTOR('',#10117,10.);
#3103=VECTOR('',#10118,10.);
#3104=VECTOR('',#10119,10.);
#3105=VECTOR('',#10120,10.);
#3106=VECTOR('',#10121,10.);
#3107=VECTOR('',#10122,10.);
#3108=VECTOR('',#10123,10.);
#3109=VECTOR('',#10124,10.);
#3110=VECTOR('',#10127,10.);
#3111=VECTOR('',#10128,10.);
#3112=VECTOR('',#10129,10.);
#3113=VECTOR('',#10130,10.);
#3114=VECTOR('',#10135,10.);
#3115=VECTOR('',#10136,10.);
#3116=VECTOR('',#10137,10.);
#3117=VECTOR('',#10138,10.);
#3118=VECTOR('',#10141,10.);
#3119=VECTOR('',#10142,10.);
#3120=VECTOR('',#10143,10.);
#3121=VECTOR('',#10146,10.);
#3122=VECTOR('',#10147,10.);
#3123=VECTOR('',#10148,10.);
#3124=VECTOR('',#10151,10.);
#3125=VECTOR('',#10152,10.);
#3126=VECTOR('',#10157,10.);
#3127=VECTOR('',#10158,10.);
#3128=VECTOR('',#10159,10.);
#3129=VECTOR('',#10162,10.);
#3130=VECTOR('',#10163,10.);
#3131=VECTOR('',#10164,10.);
#3132=VECTOR('',#10167,10.);
#3133=VECTOR('',#10168,10.);
#3134=VECTOR('',#10169,10.);
#3135=VECTOR('',#10172,10.);
#3136=VECTOR('',#10173,10.);
#3137=VECTOR('',#10174,10.);
#3138=VECTOR('',#10177,10.);
#3139=VECTOR('',#10178,10.);
#3140=VECTOR('',#10183,10.);
#3141=VECTOR('',#10184,10.);
#3142=VECTOR('',#10187,10.);
#3143=VECTOR('',#10188,10.);
#3144=VECTOR('',#10193,10.);
#3145=VECTOR('',#10194,10.);
#3146=VECTOR('',#10195,10.);
#3147=VECTOR('',#10196,10.);
#3148=VECTOR('',#10199,10.);
#3149=VECTOR('',#10200,10.);
#3150=VECTOR('',#10201,10.);
#3151=VECTOR('',#10204,10.);
#3152=VECTOR('',#10205,10.);
#3153=VECTOR('',#10206,10.);
#3154=VECTOR('',#10209,10.);
#3155=VECTOR('',#10210,10.);
#3156=VECTOR('',#10213,10.);
#3157=VECTOR('',#10214,10.);
#3158=VECTOR('',#10215,10.);
#3159=VECTOR('',#10218,10.);
#3160=VECTOR('',#10219,10.);
#3161=VECTOR('',#10220,10.);
#3162=VECTOR('',#10223,10.);
#3163=VECTOR('',#10224,10.);
#3164=VECTOR('',#10225,10.);
#3165=VECTOR('',#10228,10.);
#3166=VECTOR('',#10229,10.);
#3167=VECTOR('',#10234,10.);
#3168=VECTOR('',#10235,10.);
#3169=VECTOR('',#10236,10.);
#3170=VECTOR('',#10237,10.);
#3171=VECTOR('',#10240,10.);
#3172=VECTOR('',#10241,10.);
#3173=VECTOR('',#10242,10.);
#3174=VECTOR('',#10245,10.);
#3175=VECTOR('',#10246,10.);
#3176=VECTOR('',#10249,10.);
#3177=VECTOR('',#10250,10.);
#3178=VECTOR('',#10251,10.);
#3179=VECTOR('',#10252,10.);
#3180=VECTOR('',#10255,10.);
#3181=VECTOR('',#10256,10.);
#3182=VECTOR('',#10257,10.);
#3183=VECTOR('',#10260,10.);
#3184=VECTOR('',#10261,10.);
#3185=VECTOR('',#10262,10.);
#3186=VECTOR('',#10265,10.);
#3187=VECTOR('',#10266,10.);
#3188=VECTOR('',#10267,10.);
#3189=VECTOR('',#10270,10.);
#3190=VECTOR('',#10271,10.);
#3191=VECTOR('',#10272,10.);
#3192=VECTOR('',#10275,10.);
#3193=VECTOR('',#10276,10.);
#3194=VECTOR('',#10277,10.);
#3195=VECTOR('',#10280,10.);
#3196=VECTOR('',#10281,10.);
#3197=VECTOR('',#10282,10.);
#3198=VECTOR('',#10285,10.);
#3199=VECTOR('',#10286,10.);
#3200=VECTOR('',#10291,10.);
#3201=VECTOR('',#10292,10.);
#3202=VECTOR('',#10293,10.);
#3203=VECTOR('',#10294,10.);
#3204=VECTOR('',#10297,10.);
#3205=VECTOR('',#10298,10.);
#3206=VECTOR('',#10299,10.);
#3207=VECTOR('',#10302,10.);
#3208=VECTOR('',#10303,10.);
#3209=VECTOR('',#10304,10.);
#3210=VECTOR('',#10307,10.);
#3211=VECTOR('',#10308,10.);
#3212=VECTOR('',#10313,10.);
#3213=VECTOR('',#10314,10.);
#3214=VECTOR('',#10315,10.);
#3215=VECTOR('',#10316,10.);
#3216=VECTOR('',#10319,10.);
#3217=VECTOR('',#10320,10.);
#3218=VECTOR('',#10321,10.);
#3219=VECTOR('',#10324,10.);
#3220=VECTOR('',#10325,10.);
#3221=VECTOR('',#10326,10.);
#3222=VECTOR('',#10329,10.);
#3223=VECTOR('',#10330,10.);
#3224=VECTOR('',#10333,10.);
#3225=VECTOR('',#10334,10.);
#3226=VECTOR('',#10335,10.);
#3227=VECTOR('',#10338,10.);
#3228=VECTOR('',#10339,10.);
#3229=VECTOR('',#10340,10.);
#3230=VECTOR('',#10343,10.);
#3231=VECTOR('',#10344,10.);
#3232=VECTOR('',#10345,10.);
#3233=VECTOR('',#10348,10.);
#3234=VECTOR('',#10349,10.);
#3235=VECTOR('',#10358,10.);
#3236=VECTOR('',#10359,10.);
#3237=VECTOR('',#10360,10.);
#3238=VECTOR('',#10361,10.);
#3239=VECTOR('',#10364,10.);
#3240=VECTOR('',#10365,10.);
#3241=VECTOR('',#10366,10.);
#3242=VECTOR('',#10369,10.);
#3243=VECTOR('',#10370,10.);
#3244=VECTOR('',#10371,10.);
#3245=VECTOR('',#10374,10.);
#3246=VECTOR('',#10375,10.);
#3247=VECTOR('',#10376,10.);
#3248=VECTOR('',#10379,10.);
#3249=VECTOR('',#10380,10.);
#3250=VECTOR('',#10381,10.);
#3251=VECTOR('',#10384,10.);
#3252=VECTOR('',#10385,10.);
#3253=VECTOR('',#10386,10.);
#3254=VECTOR('',#10389,10.);
#3255=VECTOR('',#10390,10.);
#3256=VECTOR('',#10391,10.);
#3257=VECTOR('',#10394,10.);
#3258=VECTOR('',#10395,10.);
#3259=VECTOR('',#10396,10.);
#3260=VECTOR('',#10399,10.);
#3261=VECTOR('',#10400,10.);
#3262=VECTOR('',#10401,10.);
#3263=VECTOR('',#10404,10.);
#3264=VECTOR('',#10405,10.);
#3265=VECTOR('',#10406,10.);
#3266=VECTOR('',#10407,10.);
#3267=VECTOR('',#10410,10.);
#3268=VECTOR('',#10411,10.);
#3269=VECTOR('',#10412,10.);
#3270=VECTOR('',#10413,10.);
#3271=VECTOR('',#10416,10.);
#3272=VECTOR('',#10417,10.);
#3273=VECTOR('',#10418,10.);
#3274=VECTOR('',#10421,10.);
#3275=VECTOR('',#10422,10.);
#3276=VECTOR('',#10423,10.);
#3277=VECTOR('',#10426,10.);
#3278=VECTOR('',#10427,10.);
#3279=VECTOR('',#10428,10.);
#3280=VECTOR('',#10431,10.);
#3281=VECTOR('',#10432,10.);
#3282=VECTOR('',#10433,10.);
#3283=VECTOR('',#10436,10.);
#3284=VECTOR('',#10437,10.);
#3285=VECTOR('',#10438,10.);
#3286=VECTOR('',#10441,10.);
#3287=VECTOR('',#10442,10.);
#3288=VECTOR('',#10443,10.);
#3289=VECTOR('',#10446,10.);
#3290=VECTOR('',#10447,10.);
#3291=VECTOR('',#10448,10.);
#3292=VECTOR('',#10451,10.);
#3293=VECTOR('',#10452,10.);
#3294=VECTOR('',#10455,10.);
#3295=VECTOR('',#10456,10.);
#3296=VECTOR('',#10457,10.);
#3297=VECTOR('',#10460,10.);
#3298=VECTOR('',#10461,10.);
#3299=VECTOR('',#10464,10.);
#3300=VECTOR('',#10465,10.);
#3301=VECTOR('',#10466,10.);
#3302=VECTOR('',#10467,10.);
#3303=VECTOR('',#10468,10.);
#3304=VECTOR('',#10473,10.);
#3305=VECTOR('',#10476,10.);
#3306=VECTOR('',#10477,10.);
#3307=VECTOR('',#10480,10.);
#3308=VECTOR('',#10481,10.);
#3309=VECTOR('',#10482,10.);
#3310=VECTOR('',#10485,10.);
#3311=VECTOR('',#10486,10.);
#3312=VECTOR('',#10489,10.);
#3313=VECTOR('',#10492,10.);
#3314=VECTOR('',#10495,10.);
#3315=VECTOR('',#10496,10.);
#3316=VECTOR('',#10497,10.);
#3317=VECTOR('',#10498,10.);
#3318=VECTOR('',#10499,10.);
#3319=VECTOR('',#10512,10.);
#3320=VECTOR('',#10513,10.);
#3321=VECTOR('',#10514,10.);
#3322=VECTOR('',#10515,10.);
#3323=VECTOR('',#10516,10.);
#3324=VECTOR('',#10517,10.);
#3325=VECTOR('',#10518,10.);
#3326=VECTOR('',#10519,10.);
#3327=VECTOR('',#10520,10.);
#3328=VECTOR('',#10521,10.);
#3329=VECTOR('',#10522,10.);
#3330=VECTOR('',#10523,10.);
#3331=VECTOR('',#10524,10.);
#3332=VECTOR('',#10525,10.);
#3333=VECTOR('',#10526,10.);
#3334=VECTOR('',#10527,10.);
#3335=VECTOR('',#10528,10.);
#3336=VECTOR('',#10529,10.);
#3337=VECTOR('',#10530,10.);
#3338=VECTOR('',#10531,10.);
#3339=VECTOR('',#10532,10.);
#3340=VECTOR('',#10533,10.);
#3341=VECTOR('',#10534,10.);
#3342=VECTOR('',#10535,10.);
#3343=VECTOR('',#10536,10.);
#3344=VECTOR('',#10537,10.);
#3345=VECTOR('',#10538,10.);
#3346=VECTOR('',#10539,10.);
#3347=VECTOR('',#10540,10.);
#3348=VECTOR('',#10541,10.);
#3349=VECTOR('',#10542,10.);
#3350=VECTOR('',#10543,10.);
#3351=VECTOR('',#10544,10.);
#3352=VECTOR('',#10545,10.);
#3353=VECTOR('',#10548,10.);
#3354=VECTOR('',#10549,10.);
#3355=VECTOR('',#10550,10.);
#3356=VECTOR('',#10551,10.);
#3357=VECTOR('',#10552,10.);
#3358=VECTOR('',#10553,10.);
#3359=VECTOR('',#10554,10.);
#3360=VECTOR('',#10555,10.);
#3361=VECTOR('',#10556,10.);
#3362=VECTOR('',#10557,10.);
#3363=VECTOR('',#10558,10.);
#3364=VECTOR('',#10559,10.);
#3365=VECTOR('',#10560,10.);
#3366=VECTOR('',#10561,10.);
#3367=VECTOR('',#10562,10.);
#3368=VECTOR('',#10563,10.);
#3369=VECTOR('',#10564,10.);
#3370=VECTOR('',#10565,10.);
#3371=VECTOR('',#10566,10.);
#3372=VECTOR('',#10567,10.);
#3373=VECTOR('',#10568,10.);
#3374=VECTOR('',#10569,10.);
#3375=VECTOR('',#10570,10.);
#3376=VECTOR('',#10571,10.);
#3377=VECTOR('',#10572,10.);
#3378=VECTOR('',#10573,10.);
#3379=VECTOR('',#10574,10.);
#3380=VECTOR('',#10575,10.);
#3381=VECTOR('',#10576,10.);
#3382=VECTOR('',#10577,10.);
#3383=VECTOR('',#10578,10.);
#3384=VECTOR('',#10579,10.);
#3385=VECTOR('',#10580,10.);
#3386=VECTOR('',#10581,10.);
#3387=VECTOR('',#10582,10.);
#3388=VECTOR('',#10583,10.);
#3389=VECTOR('',#10584,10.);
#3390=VECTOR('',#10585,10.);
#3391=VECTOR('',#10586,10.);
#3392=VECTOR('',#10587,10.);
#3393=VECTOR('',#10588,10.);
#3394=VECTOR('',#10589,10.);
#3395=VECTOR('',#10590,10.);
#3396=VECTOR('',#10591,10.);
#3397=VECTOR('',#10592,10.);
#3398=VECTOR('',#10593,10.);
#3399=VECTOR('',#10594,10.);
#3400=VECTOR('',#10595,10.);
#3401=VECTOR('',#10596,10.);
#3402=VECTOR('',#10597,10.);
#3403=VECTOR('',#10598,10.);
#3404=VECTOR('',#10599,10.);
#3405=VECTOR('',#10602,2.75);
#3406=VECTOR('',#10609,2.75);
#3407=VECTOR('',#10618,1.59999999999999);
#3408=VECTOR('',#10623,1.6);
#3409=VECTOR('',#10628,1.6);
#3410=VECTOR('',#10633,1.6);
#3411=VECTOR('',#10636,10.);
#3412=VECTOR('',#10637,10.);
#3413=VECTOR('',#10638,10.);
#3414=VECTOR('',#10643,10.);
#3415=VECTOR('',#10646,10.);
#3416=VECTOR('',#10647,10.);
#3417=VECTOR('',#10656,10.);
#3418=VECTOR('',#10659,10.);
#3419=VECTOR('',#10660,10.);
#3420=VECTOR('',#10665,10.);
#3421=VECTOR('',#10668,10.);
#3422=VECTOR('',#10669,10.);
#3423=VECTOR('',#10672,10.);
#3424=VECTOR('',#10673,10.);
#3425=VECTOR('',#10678,10.);
#3426=VECTOR('',#10681,10.);
#3427=VECTOR('',#10682,10.);
#3428=VECTOR('',#10685,10.);
#3429=VECTOR('',#10686,10.);
#3430=VECTOR('',#10689,10.);
#3431=VECTOR('',#10690,10.);
#3432=VECTOR('',#10695,10.);
#3433=VECTOR('',#10698,10.);
#3434=VECTOR('',#10699,10.);
#3435=VECTOR('',#10702,10.);
#3436=VECTOR('',#10703,10.);
#3437=VECTOR('',#10710,10.);
#3438=VECTOR('',#10711,10.);
#3439=VECTOR('',#10712,10.);
#3440=VECTOR('',#10715,10.);
#3441=VECTOR('',#10716,10.);
#3442=VECTOR('',#10719,10.);
#3443=VECTOR('',#10720,10.);
#3444=VECTOR('',#10723,10.);
#3445=VECTOR('',#10726,10.);
#3446=VECTOR('',#10727,10.);
#3447=VECTOR('',#10728,10.);
#3448=VECTOR('',#10731,10.);
#3449=VECTOR('',#10732,10.);
#3450=VECTOR('',#10735,10.);
#3451=VECTOR('',#10736,10.);
#3452=VECTOR('',#10739,10.);
#3453=VECTOR('',#10742,10.);
#3454=VECTOR('',#10743,10.);
#3455=VECTOR('',#10744,10.);
#3456=VECTOR('',#10747,10.);
#3457=VECTOR('',#10748,10.);
#3458=VECTOR('',#10751,10.);
#3459=VECTOR('',#10752,10.);
#3460=VECTOR('',#10755,10.);
#3461=VECTOR('',#10758,10.);
#3462=VECTOR('',#10759,10.);
#3463=VECTOR('',#10760,10.);
#3464=VECTOR('',#10763,10.);
#3465=VECTOR('',#10764,10.);
#3466=VECTOR('',#10767,10.);
#3467=VECTOR('',#10768,10.);
#3468=VECTOR('',#10771,10.);
#3469=VECTOR('',#10774,10.);
#3470=VECTOR('',#10775,10.);
#3471=VECTOR('',#10776,10.);
#3472=VECTOR('',#10779,10.);
#3473=VECTOR('',#10780,10.);
#3474=VECTOR('',#10783,10.);
#3475=VECTOR('',#10784,10.);
#3476=VECTOR('',#10787,10.);
#3477=VECTOR('',#10790,10.);
#3478=VECTOR('',#10791,10.);
#3479=VECTOR('',#10792,10.);
#3480=VECTOR('',#10795,10.);
#3481=VECTOR('',#10796,10.);
#3482=VECTOR('',#10799,10.);
#3483=VECTOR('',#10800,10.);
#3484=VECTOR('',#10803,10.);
#3485=VECTOR('',#10806,10.);
#3486=VECTOR('',#10807,10.);
#3487=VECTOR('',#10808,10.);
#3488=VECTOR('',#10811,10.);
#3489=VECTOR('',#10812,10.);
#3490=VECTOR('',#10815,10.);
#3491=VECTOR('',#10816,10.);
#3492=VECTOR('',#10819,10.);
#3493=VECTOR('',#10822,10.);
#3494=VECTOR('',#10823,10.);
#3495=VECTOR('',#10824,10.);
#3496=VECTOR('',#10827,10.);
#3497=VECTOR('',#10828,10.);
#3498=VECTOR('',#10831,10.);
#3499=VECTOR('',#10832,10.);
#3500=VECTOR('',#10835,10.);
#3501=VECTOR('',#10838,10.);
#3502=VECTOR('',#10839,10.);
#3503=VECTOR('',#10840,10.);
#3504=VECTOR('',#10843,10.);
#3505=VECTOR('',#10844,10.);
#3506=VECTOR('',#10847,10.);
#3507=VECTOR('',#10848,10.);
#3508=VECTOR('',#10851,10.);
#3509=VECTOR('',#10854,10.);
#3510=VECTOR('',#10855,10.);
#3511=VECTOR('',#10856,10.);
#3512=VECTOR('',#10859,10.);
#3513=VECTOR('',#10860,10.);
#3514=VECTOR('',#10863,10.);
#3515=VECTOR('',#10864,10.);
#3516=VECTOR('',#10867,10.);
#3517=VECTOR('',#10870,10.);
#3518=VECTOR('',#10871,10.);
#3519=VECTOR('',#10872,10.);
#3520=VECTOR('',#10875,10.);
#3521=VECTOR('',#10876,10.);
#3522=VECTOR('',#10879,10.);
#3523=VECTOR('',#10880,10.);
#3524=VECTOR('',#10883,10.);
#3525=VECTOR('',#10886,10.);
#3526=VECTOR('',#10887,10.);
#3527=VECTOR('',#10888,10.);
#3528=VECTOR('',#10891,10.);
#3529=VECTOR('',#10892,10.);
#3530=VECTOR('',#10895,10.);
#3531=VECTOR('',#10896,10.);
#3532=VECTOR('',#10899,10.);
#3533=VECTOR('',#10902,10.);
#3534=VECTOR('',#10903,10.);
#3535=VECTOR('',#10904,10.);
#3536=VECTOR('',#10907,10.);
#3537=VECTOR('',#10908,10.);
#3538=VECTOR('',#10911,10.);
#3539=VECTOR('',#10912,10.);
#3540=VECTOR('',#10915,10.);
#3541=VECTOR('',#10918,10.);
#3542=VECTOR('',#10919,10.);
#3543=VECTOR('',#10920,10.);
#3544=VECTOR('',#10923,10.);
#3545=VECTOR('',#10924,10.);
#3546=VECTOR('',#10927,10.);
#3547=VECTOR('',#10928,10.);
#3548=VECTOR('',#10931,10.);
#3549=VECTOR('',#10934,10.);
#3550=VECTOR('',#10935,10.);
#3551=VECTOR('',#10936,10.);
#3552=VECTOR('',#10939,10.);
#3553=VECTOR('',#10940,10.);
#3554=VECTOR('',#10943,10.);
#3555=VECTOR('',#10944,10.);
#3556=VECTOR('',#10947,10.);
#3557=VECTOR('',#10950,10.);
#3558=VECTOR('',#10951,10.);
#3559=VECTOR('',#10952,10.);
#3560=VECTOR('',#10955,10.);
#3561=VECTOR('',#10956,10.);
#3562=VECTOR('',#10959,10.);
#3563=VECTOR('',#10960,10.);
#3564=VECTOR('',#10963,10.);
#3565=VECTOR('',#10966,10.);
#3566=VECTOR('',#10967,10.);
#3567=VECTOR('',#10968,10.);
#3568=VECTOR('',#10971,10.);
#3569=VECTOR('',#10972,10.);
#3570=VECTOR('',#10975,10.);
#3571=VECTOR('',#10976,10.);
#3572=VECTOR('',#10979,10.);
#3573=VECTOR('',#10982,10.);
#3574=VECTOR('',#10983,10.);
#3575=VECTOR('',#10984,10.);
#3576=VECTOR('',#10987,10.);
#3577=VECTOR('',#10988,10.);
#3578=VECTOR('',#10991,10.);
#3579=VECTOR('',#10992,10.);
#3580=VECTOR('',#10995,10.);
#3581=VECTOR('',#10998,10.);
#3582=VECTOR('',#10999,10.);
#3583=VECTOR('',#11000,10.);
#3584=VECTOR('',#11003,10.);
#3585=VECTOR('',#11004,10.);
#3586=VECTOR('',#11007,10.);
#3587=VECTOR('',#11008,10.);
#3588=VECTOR('',#11011,10.);
#3589=VECTOR('',#11014,10.);
#3590=VECTOR('',#11015,10.);
#3591=VECTOR('',#11016,10.);
#3592=VECTOR('',#11019,10.);
#3593=VECTOR('',#11020,10.);
#3594=VECTOR('',#11023,10.);
#3595=VECTOR('',#11024,10.);
#3596=VECTOR('',#11027,10.);
#3597=VECTOR('',#11030,10.);
#3598=VECTOR('',#11031,10.);
#3599=VECTOR('',#11032,10.);
#3600=VECTOR('',#11035,10.);
#3601=VECTOR('',#11036,10.);
#3602=VECTOR('',#11039,10.);
#3603=VECTOR('',#11040,10.);
#3604=VECTOR('',#11043,10.);
#3605=VECTOR('',#11046,10.);
#3606=VECTOR('',#11047,10.);
#3607=VECTOR('',#11048,10.);
#3608=VECTOR('',#11051,10.);
#3609=VECTOR('',#11052,10.);
#3610=VECTOR('',#11055,10.);
#3611=VECTOR('',#11056,10.);
#3612=VECTOR('',#11059,10.);
#3613=VECTOR('',#11062,10.);
#3614=VECTOR('',#11063,10.);
#3615=VECTOR('',#11064,10.);
#3616=VECTOR('',#11069,10.);
#3617=VECTOR('',#11072,10.);
#3618=VERTEX_POINT('',#11077);
#3619=VERTEX_POINT('',#11078);
#3620=VERTEX_POINT('',#11080);
#3621=VERTEX_POINT('',#11082);
#3622=VERTEX_POINT('',#11091);
#3623=VERTEX_POINT('',#11095);
#3624=VERTEX_POINT('',#11106);
#3625=VERTEX_POINT('',#11110);
#3626=VERTEX_POINT('',#11121);
#3627=VERTEX_POINT('',#11125);
#3628=VERTEX_POINT('',#11131);
#3629=VERTEX_POINT('',#11133);
#3630=VERTEX_POINT('',#11142);
#3631=VERTEX_POINT('',#11146);
#3632=VERTEX_POINT('',#11157);
#3633=VERTEX_POINT('',#11161);
#3634=VERTEX_POINT('',#11172);
#3635=VERTEX_POINT('',#11176);
#3636=VERTEX_POINT('',#11182);
#3637=VERTEX_POINT('',#11184);
#3638=VERTEX_POINT('',#11188);
#3639=VERTEX_POINT('',#11190);
#3640=VERTEX_POINT('',#11194);
#3641=VERTEX_POINT('',#11196);
#3642=VERTEX_POINT('',#11209);
#3643=VERTEX_POINT('',#11210);
#3644=VERTEX_POINT('',#11214);
#3645=VERTEX_POINT('',#11216);
#3646=VERTEX_POINT('',#11227);
#3647=VERTEX_POINT('',#11231);
#3648=VERTEX_POINT('',#11242);
#3649=VERTEX_POINT('',#11246);
#3650=VERTEX_POINT('',#11257);
#3651=VERTEX_POINT('',#11261);
#3652=VERTEX_POINT('',#11272);
#3653=VERTEX_POINT('',#11276);
#3654=VERTEX_POINT('',#11287);
#3655=VERTEX_POINT('',#11291);
#3656=VERTEX_POINT('',#11302);
#3657=VERTEX_POINT('',#11306);
#3658=VERTEX_POINT('',#11317);
#3659=VERTEX_POINT('',#11321);
#3660=VERTEX_POINT('',#11335);
#3661=VERTEX_POINT('',#11336);
#3662=VERTEX_POINT('',#11340);
#3663=VERTEX_POINT('',#11342);
#3664=VERTEX_POINT('',#11353);
#3665=VERTEX_POINT('',#11357);
#3666=VERTEX_POINT('',#11368);
#3667=VERTEX_POINT('',#11372);
#3668=VERTEX_POINT('',#11383);
#3669=VERTEX_POINT('',#11387);
#3670=VERTEX_POINT('',#11398);
#3671=VERTEX_POINT('',#11402);
#3672=VERTEX_POINT('',#11413);
#3673=VERTEX_POINT('',#11417);
#3674=VERTEX_POINT('',#11428);
#3675=VERTEX_POINT('',#11432);
#3676=VERTEX_POINT('',#11443);
#3677=VERTEX_POINT('',#11447);
#3678=VERTEX_POINT('',#11458);
#3679=VERTEX_POINT('',#11462);
#3680=VERTEX_POINT('',#11473);
#3681=VERTEX_POINT('',#11477);
#3682=VERTEX_POINT('',#11488);
#3683=VERTEX_POINT('',#11492);
#3684=VERTEX_POINT('',#11503);
#3685=VERTEX_POINT('',#11507);
#3686=VERTEX_POINT('',#11513);
#3687=VERTEX_POINT('',#11515);
#3688=VERTEX_POINT('',#11524);
#3689=VERTEX_POINT('',#11528);
#3690=VERTEX_POINT('',#11539);
#3691=VERTEX_POINT('',#11543);
#3692=VERTEX_POINT('',#11549);
#3693=VERTEX_POINT('',#11551);
#3694=VERTEX_POINT('',#11560);
#3695=VERTEX_POINT('',#11564);
#3696=VERTEX_POINT('',#11575);
#3697=VERTEX_POINT('',#11579);
#3698=VERTEX_POINT('',#11590);
#3699=VERTEX_POINT('',#11594);
#3700=VERTEX_POINT('',#11605);
#3701=VERTEX_POINT('',#11609);
#3702=VERTEX_POINT('',#11620);
#3703=VERTEX_POINT('',#11624);
#3704=VERTEX_POINT('',#11635);
#3705=VERTEX_POINT('',#11639);
#3706=VERTEX_POINT('',#11650);
#3707=VERTEX_POINT('',#11654);
#3708=VERTEX_POINT('',#11665);
#3709=VERTEX_POINT('',#11669);
#3710=VERTEX_POINT('',#11675);
#3711=VERTEX_POINT('',#11677);
#3712=VERTEX_POINT('',#11686);
#3713=VERTEX_POINT('',#11690);
#3714=VERTEX_POINT('',#11714);
#3715=VERTEX_POINT('',#11715);
#3716=VERTEX_POINT('',#11719);
#3717=VERTEX_POINT('',#11721);
#3718=VERTEX_POINT('',#11732);
#3719=VERTEX_POINT('',#11736);
#3720=VERTEX_POINT('',#11747);
#3721=VERTEX_POINT('',#11751);
#3722=VERTEX_POINT('',#11762);
#3723=VERTEX_POINT('',#11766);
#3724=VERTEX_POINT('',#11777);
#3725=VERTEX_POINT('',#11781);
#3726=VERTEX_POINT('',#11792);
#3727=VERTEX_POINT('',#11796);
#3728=VERTEX_POINT('',#11807);
#3729=VERTEX_POINT('',#11811);
#3730=VERTEX_POINT('',#11822);
#3731=VERTEX_POINT('',#11826);
#3732=VERTEX_POINT('',#11840);
#3733=VERTEX_POINT('',#11841);
#3734=VERTEX_POINT('',#11845);
#3735=VERTEX_POINT('',#11847);
#3736=VERTEX_POINT('',#11858);
#3737=VERTEX_POINT('',#11862);
#3738=VERTEX_POINT('',#11873);
#3739=VERTEX_POINT('',#11877);
#3740=VERTEX_POINT('',#11888);
#3741=VERTEX_POINT('',#11892);
#3742=VERTEX_POINT('',#11903);
#3743=VERTEX_POINT('',#11907);
#3744=VERTEX_POINT('',#11918);
#3745=VERTEX_POINT('',#11922);
#3746=VERTEX_POINT('',#11933);
#3747=VERTEX_POINT('',#11937);
#3748=VERTEX_POINT('',#11948);
#3749=VERTEX_POINT('',#11952);
#3750=VERTEX_POINT('',#11963);
#3751=VERTEX_POINT('',#11967);
#3752=VERTEX_POINT('',#11978);
#3753=VERTEX_POINT('',#11982);
#3754=VERTEX_POINT('',#11993);
#3755=VERTEX_POINT('',#11997);
#3756=VERTEX_POINT('',#12008);
#3757=VERTEX_POINT('',#12012);
#3758=VERTEX_POINT('',#12018);
#3759=VERTEX_POINT('',#12020);
#3760=VERTEX_POINT('',#12029);
#3761=VERTEX_POINT('',#12033);
#3762=VERTEX_POINT('',#12044);
#3763=VERTEX_POINT('',#12048);
#3764=VERTEX_POINT('',#12054);
#3765=VERTEX_POINT('',#12056);
#3766=VERTEX_POINT('',#12065);
#3767=VERTEX_POINT('',#12069);
#3768=VERTEX_POINT('',#12080);
#3769=VERTEX_POINT('',#12084);
#3770=VERTEX_POINT('',#12095);
#3771=VERTEX_POINT('',#12099);
#3772=VERTEX_POINT('',#12110);
#3773=VERTEX_POINT('',#12114);
#3774=VERTEX_POINT('',#12125);
#3775=VERTEX_POINT('',#12129);
#3776=VERTEX_POINT('',#12140);
#3777=VERTEX_POINT('',#12144);
#3778=VERTEX_POINT('',#12155);
#3779=VERTEX_POINT('',#12159);
#3780=VERTEX_POINT('',#12170);
#3781=VERTEX_POINT('',#12174);
#3782=VERTEX_POINT('',#12180);
#3783=VERTEX_POINT('',#12182);
#3784=VERTEX_POINT('',#12191);
#3785=VERTEX_POINT('',#12195);
#3786=VERTEX_POINT('',#12221);
#3787=VERTEX_POINT('',#12222);
#3788=VERTEX_POINT('',#12226);
#3789=VERTEX_POINT('',#12228);
#3790=VERTEX_POINT('',#12239);
#3791=VERTEX_POINT('',#12243);
#3792=VERTEX_POINT('',#12254);
#3793=VERTEX_POINT('',#12258);
#3794=VERTEX_POINT('',#12269);
#3795=VERTEX_POINT('',#12273);
#3796=VERTEX_POINT('',#12284);
#3797=VERTEX_POINT('',#12288);
#3798=VERTEX_POINT('',#12299);
#3799=VERTEX_POINT('',#12303);
#3800=VERTEX_POINT('',#12314);
#3801=VERTEX_POINT('',#12318);
#3802=VERTEX_POINT('',#12341);
#3803=VERTEX_POINT('',#12342);
#3804=VERTEX_POINT('',#12346);
#3805=VERTEX_POINT('',#12348);
#3806=VERTEX_POINT('',#12359);
#3807=VERTEX_POINT('',#12363);
#3808=VERTEX_POINT('',#12374);
#3809=VERTEX_POINT('',#12378);
#3810=VERTEX_POINT('',#12389);
#3811=VERTEX_POINT('',#12393);
#3812=VERTEX_POINT('',#12404);
#3813=VERTEX_POINT('',#12408);
#3814=VERTEX_POINT('',#12419);
#3815=VERTEX_POINT('',#12423);
#3816=VERTEX_POINT('',#12434);
#3817=VERTEX_POINT('',#12438);
#3818=VERTEX_POINT('',#12462);
#3819=VERTEX_POINT('',#12463);
#3820=VERTEX_POINT('',#12467);
#3821=VERTEX_POINT('',#12469);
#3822=VERTEX_POINT('',#12480);
#3823=VERTEX_POINT('',#12484);
#3824=VERTEX_POINT('',#12495);
#3825=VERTEX_POINT('',#12499);
#3826=VERTEX_POINT('',#12510);
#3827=VERTEX_POINT('',#12514);
#3828=VERTEX_POINT('',#12525);
#3829=VERTEX_POINT('',#12529);
#3830=VERTEX_POINT('',#12540);
#3831=VERTEX_POINT('',#12544);
#3832=VERTEX_POINT('',#12555);
#3833=VERTEX_POINT('',#12559);
#3834=VERTEX_POINT('',#12570);
#3835=VERTEX_POINT('',#12574);
#3836=VERTEX_POINT('',#12588);
#3837=VERTEX_POINT('',#12589);
#3838=VERTEX_POINT('',#12593);
#3839=VERTEX_POINT('',#12595);
#3840=VERTEX_POINT('',#12606);
#3841=VERTEX_POINT('',#12610);
#3842=VERTEX_POINT('',#12621);
#3843=VERTEX_POINT('',#12625);
#3844=VERTEX_POINT('',#12636);
#3845=VERTEX_POINT('',#12640);
#3846=VERTEX_POINT('',#12651);
#3847=VERTEX_POINT('',#12655);
#3848=VERTEX_POINT('',#12666);
#3849=VERTEX_POINT('',#12670);
#3850=VERTEX_POINT('',#12681);
#3851=VERTEX_POINT('',#12685);
#3852=VERTEX_POINT('',#12696);
#3853=VERTEX_POINT('',#12700);
#3854=VERTEX_POINT('',#12711);
#3855=VERTEX_POINT('',#12715);
#3856=VERTEX_POINT('',#12726);
#3857=VERTEX_POINT('',#12730);
#3858=VERTEX_POINT('',#12741);
#3859=VERTEX_POINT('',#12745);
#3860=VERTEX_POINT('',#12756);
#3861=VERTEX_POINT('',#12760);
#3862=VERTEX_POINT('',#12766);
#3863=VERTEX_POINT('',#12768);
#3864=VERTEX_POINT('',#12777);
#3865=VERTEX_POINT('',#12781);
#3866=VERTEX_POINT('',#12792);
#3867=VERTEX_POINT('',#12796);
#3868=VERTEX_POINT('',#12802);
#3869=VERTEX_POINT('',#12804);
#3870=VERTEX_POINT('',#12813);
#3871=VERTEX_POINT('',#12817);
#3872=VERTEX_POINT('',#12828);
#3873=VERTEX_POINT('',#12832);
#3874=VERTEX_POINT('',#12843);
#3875=VERTEX_POINT('',#12847);
#3876=VERTEX_POINT('',#12858);
#3877=VERTEX_POINT('',#12862);
#3878=VERTEX_POINT('',#12873);
#3879=VERTEX_POINT('',#12877);
#3880=VERTEX_POINT('',#12888);
#3881=VERTEX_POINT('',#12892);
#3882=VERTEX_POINT('',#12903);
#3883=VERTEX_POINT('',#12907);
#3884=VERTEX_POINT('',#12918);
#3885=VERTEX_POINT('',#12922);
#3886=VERTEX_POINT('',#12928);
#3887=VERTEX_POINT('',#12930);
#3888=VERTEX_POINT('',#12939);
#3889=VERTEX_POINT('',#12943);
#3890=VERTEX_POINT('',#12962);
#3891=VERTEX_POINT('',#12963);
#3892=VERTEX_POINT('',#12965);
#3893=VERTEX_POINT('',#12967);
#3894=VERTEX_POINT('',#12976);
#3895=VERTEX_POINT('',#12980);
#3896=VERTEX_POINT('',#12991);
#3897=VERTEX_POINT('',#12995);
#3898=VERTEX_POINT('',#13006);
#3899=VERTEX_POINT('',#13010);
#3900=VERTEX_POINT('',#13016);
#3901=VERTEX_POINT('',#13018);
#3902=VERTEX_POINT('',#13027);
#3903=VERTEX_POINT('',#13031);
#3904=VERTEX_POINT('',#13042);
#3905=VERTEX_POINT('',#13046);
#3906=VERTEX_POINT('',#13057);
#3907=VERTEX_POINT('',#13061);
#3908=VERTEX_POINT('',#13067);
#3909=VERTEX_POINT('',#13069);
#3910=VERTEX_POINT('',#13073);
#3911=VERTEX_POINT('',#13075);
#3912=VERTEX_POINT('',#13079);
#3913=VERTEX_POINT('',#13081);
#3914=VERTEX_POINT('',#13094);
#3915=VERTEX_POINT('',#13095);
#3916=VERTEX_POINT('',#13099);
#3917=VERTEX_POINT('',#13101);
#3918=VERTEX_POINT('',#13112);
#3919=VERTEX_POINT('',#13116);
#3920=VERTEX_POINT('',#13127);
#3921=VERTEX_POINT('',#13131);
#3922=VERTEX_POINT('',#13142);
#3923=VERTEX_POINT('',#13146);
#3924=VERTEX_POINT('',#13157);
#3925=VERTEX_POINT('',#13161);
#3926=VERTEX_POINT('',#13172);
#3927=VERTEX_POINT('',#13176);
#3928=VERTEX_POINT('',#13187);
#3929=VERTEX_POINT('',#13191);
#3930=VERTEX_POINT('',#13214);
#3931=VERTEX_POINT('',#13215);
#3932=VERTEX_POINT('',#13219);
#3933=VERTEX_POINT('',#13221);
#3934=VERTEX_POINT('',#13232);
#3935=VERTEX_POINT('',#13236);
#3936=VERTEX_POINT('',#13247);
#3937=VERTEX_POINT('',#13251);
#3938=VERTEX_POINT('',#13262);
#3939=VERTEX_POINT('',#13266);
#3940=VERTEX_POINT('',#13277);
#3941=VERTEX_POINT('',#13281);
#3942=VERTEX_POINT('',#13292);
#3943=VERTEX_POINT('',#13296);
#3944=VERTEX_POINT('',#13307);
#3945=VERTEX_POINT('',#13311);
#3946=VERTEX_POINT('',#13317);
#3947=VERTEX_POINT('',#13319);
#3948=VERTEX_POINT('',#13328);
#3949=VERTEX_POINT('',#13332);
#3950=VERTEX_POINT('',#13343);
#3951=VERTEX_POINT('',#13347);
#3952=VERTEX_POINT('',#13358);
#3953=VERTEX_POINT('',#13362);
#3954=VERTEX_POINT('',#13373);
#3955=VERTEX_POINT('',#13377);
#3956=VERTEX_POINT('',#13383);
#3957=VERTEX_POINT('',#13385);
#3958=VERTEX_POINT('',#13394);
#3959=VERTEX_POINT('',#13398);
#3960=VERTEX_POINT('',#13409);
#3961=VERTEX_POINT('',#13413);
#3962=VERTEX_POINT('',#13424);
#3963=VERTEX_POINT('',#13428);
#3964=VERTEX_POINT('',#13439);
#3965=VERTEX_POINT('',#13443);
#3966=VERTEX_POINT('',#13454);
#3967=VERTEX_POINT('',#13458);
#3968=VERTEX_POINT('',#13469);
#3969=VERTEX_POINT('',#13473);
#3970=VERTEX_POINT('',#13484);
#3971=VERTEX_POINT('',#13488);
#3972=VERTEX_POINT('',#13494);
#3973=VERTEX_POINT('',#13496);
#3974=VERTEX_POINT('',#13500);
#3975=VERTEX_POINT('',#13502);
#3976=VERTEX_POINT('',#13506);
#3977=VERTEX_POINT('',#13508);
#3978=VERTEX_POINT('',#13512);
#3979=VERTEX_POINT('',#13514);
#3980=VERTEX_POINT('',#13536);
#3981=VERTEX_POINT('',#13537);
#3982=VERTEX_POINT('',#13541);
#3983=VERTEX_POINT('',#13543);
#3984=VERTEX_POINT('',#13554);
#3985=VERTEX_POINT('',#13558);
#3986=VERTEX_POINT('',#13569);
#3987=VERTEX_POINT('',#13573);
#3988=VERTEX_POINT('',#13584);
#3989=VERTEX_POINT('',#13588);
#3990=VERTEX_POINT('',#13602);
#3991=VERTEX_POINT('',#13603);
#3992=VERTEX_POINT('',#13607);
#3993=VERTEX_POINT('',#13609);
#3994=VERTEX_POINT('',#13620);
#3995=VERTEX_POINT('',#13624);
#3996=VERTEX_POINT('',#13635);
#3997=VERTEX_POINT('',#13639);
#3998=VERTEX_POINT('',#13650);
#3999=VERTEX_POINT('',#13654);
#4000=VERTEX_POINT('',#13665);
#4001=VERTEX_POINT('',#13669);
#4002=VERTEX_POINT('',#13680);
#4003=VERTEX_POINT('',#13684);
#4004=VERTEX_POINT('',#13695);
#4005=VERTEX_POINT('',#13699);
#4006=VERTEX_POINT('',#13710);
#4007=VERTEX_POINT('',#13714);
#4008=VERTEX_POINT('',#13725);
#4009=VERTEX_POINT('',#13729);
#4010=VERTEX_POINT('',#13735);
#4011=VERTEX_POINT('',#13737);
#4012=VERTEX_POINT('',#13746);
#4013=VERTEX_POINT('',#13750);
#4014=VERTEX_POINT('',#13761);
#4015=VERTEX_POINT('',#13765);
#4016=VERTEX_POINT('',#13776);
#4017=VERTEX_POINT('',#13780);
#4018=VERTEX_POINT('',#13791);
#4019=VERTEX_POINT('',#13795);
#4020=VERTEX_POINT('',#13801);
#4021=VERTEX_POINT('',#13803);
#4022=VERTEX_POINT('',#13807);
#4023=VERTEX_POINT('',#13809);
#4024=VERTEX_POINT('',#13835);
#4025=VERTEX_POINT('',#13836);
#4026=VERTEX_POINT('',#13840);
#4027=VERTEX_POINT('',#13842);
#4028=VERTEX_POINT('',#13853);
#4029=VERTEX_POINT('',#13857);
#4030=VERTEX_POINT('',#13868);
#4031=VERTEX_POINT('',#13872);
#4032=VERTEX_POINT('',#13883);
#4033=VERTEX_POINT('',#13887);
#4034=VERTEX_POINT('',#13898);
#4035=VERTEX_POINT('',#13902);
#4036=VERTEX_POINT('',#13913);
#4037=VERTEX_POINT('',#13917);
#4038=VERTEX_POINT('',#13928);
#4039=VERTEX_POINT('',#13932);
#4040=VERTEX_POINT('',#13943);
#4041=VERTEX_POINT('',#13947);
#4042=VERTEX_POINT('',#13958);
#4043=VERTEX_POINT('',#13962);
#4044=VERTEX_POINT('',#13973);
#4045=VERTEX_POINT('',#13977);
#4046=VERTEX_POINT('',#13988);
#4047=VERTEX_POINT('',#13992);
#4048=VERTEX_POINT('',#14003);
#4049=VERTEX_POINT('',#14007);
#4050=VERTEX_POINT('',#14013);
#4051=VERTEX_POINT('',#14015);
#4052=VERTEX_POINT('',#14024);
#4053=VERTEX_POINT('',#14028);
#4054=VERTEX_POINT('',#14039);
#4055=VERTEX_POINT('',#14043);
#4056=VERTEX_POINT('',#14054);
#4057=VERTEX_POINT('',#14058);
#4058=VERTEX_POINT('',#14069);
#4059=VERTEX_POINT('',#14073);
#4060=VERTEX_POINT('',#14084);
#4061=VERTEX_POINT('',#14088);
#4062=VERTEX_POINT('',#14099);
#4063=VERTEX_POINT('',#14103);
#4064=VERTEX_POINT('',#14114);
#4065=VERTEX_POINT('',#14118);
#4066=VERTEX_POINT('',#14129);
#4067=VERTEX_POINT('',#14133);
#4068=VERTEX_POINT('',#14144);
#4069=VERTEX_POINT('',#14148);
#4070=VERTEX_POINT('',#14159);
#4071=VERTEX_POINT('',#14163);
#4072=VERTEX_POINT('',#14174);
#4073=VERTEX_POINT('',#14178);
#4074=VERTEX_POINT('',#14189);
#4075=VERTEX_POINT('',#14193);
#4076=VERTEX_POINT('',#14204);
#4077=VERTEX_POINT('',#14208);
#4078=VERTEX_POINT('',#14214);
#4079=VERTEX_POINT('',#14216);
#4080=VERTEX_POINT('',#14225);
#4081=VERTEX_POINT('',#14229);
#4082=VERTEX_POINT('',#14248);
#4083=VERTEX_POINT('',#14249);
#4084=VERTEX_POINT('',#14251);
#4085=VERTEX_POINT('',#14253);
#4086=VERTEX_POINT('',#14257);
#4087=VERTEX_POINT('',#14259);
#4088=VERTEX_POINT('',#14263);
#4089=VERTEX_POINT('',#14265);
#4090=VERTEX_POINT('',#14288);
#4091=VERTEX_POINT('',#14289);
#4092=VERTEX_POINT('',#14294);
#4093=VERTEX_POINT('',#14299);
#4094=VERTEX_POINT('',#14324);
#4095=VERTEX_POINT('',#14329);
#4096=VERTEX_POINT('',#14354);
#4097=VERTEX_POINT('',#14359);
#4098=VERTEX_POINT('',#14384);
#4099=VERTEX_POINT('',#14389);
#4100=VERTEX_POINT('',#14414);
#4101=VERTEX_POINT('',#14419);
#4102=VERTEX_POINT('',#14444);
#4103=VERTEX_POINT('',#14449);
#4104=VERTEX_POINT('',#14474);
#4105=VERTEX_POINT('',#14479);
#4106=VERTEX_POINT('',#14528);
#4107=VERTEX_POINT('',#14529);
#4108=VERTEX_POINT('',#14534);
#4109=VERTEX_POINT('',#14541);
#4110=VERTEX_POINT('',#14566);
#4111=VERTEX_POINT('',#14571);
#4112=VERTEX_POINT('',#14596);
#4113=VERTEX_POINT('',#14601);
#4114=VERTEX_POINT('',#14626);
#4115=VERTEX_POINT('',#14631);
#4116=VERTEX_POINT('',#14656);
#4117=VERTEX_POINT('',#14661);
#4118=VERTEX_POINT('',#14686);
#4119=VERTEX_POINT('',#14691);
#4120=VERTEX_POINT('',#14716);
#4121=VERTEX_POINT('',#14721);
#4122=VERTEX_POINT('',#14746);
#4123=VERTEX_POINT('',#14751);
#4124=VERTEX_POINT('',#14763);
#4125=VERTEX_POINT('',#14765);
#4126=VERTEX_POINT('',#14769);
#4127=VERTEX_POINT('',#14771);
#4128=VERTEX_POINT('',#14775);
#4129=VERTEX_POINT('',#14777);
#4130=VERTEX_POINT('',#14781);
#4131=VERTEX_POINT('',#14783);
#4132=VERTEX_POINT('',#14806);
#4133=VERTEX_POINT('',#14807);
#4134=VERTEX_POINT('',#14812);
#4135=VERTEX_POINT('',#14817);
#4136=VERTEX_POINT('',#14842);
#4137=VERTEX_POINT('',#14847);
#4138=VERTEX_POINT('',#14872);
#4139=VERTEX_POINT('',#14877);
#4140=VERTEX_POINT('',#14902);
#4141=VERTEX_POINT('',#14907);
#4142=VERTEX_POINT('',#14932);
#4143=VERTEX_POINT('',#14937);
#4144=VERTEX_POINT('',#14970);
#4145=VERTEX_POINT('',#14977);
#4146=VERTEX_POINT('',#14989);
#4147=VERTEX_POINT('',#14991);
#4148=VERTEX_POINT('',#15023);
#4149=VERTEX_POINT('',#15030);
#4150=VERTEX_POINT('',#15054);
#4151=VERTEX_POINT('',#15059);
#4152=VERTEX_POINT('',#15084);
#4153=VERTEX_POINT('',#15089);
#4154=VERTEX_POINT('',#15114);
#4155=VERTEX_POINT('',#15119);
#4156=VERTEX_POINT('',#15144);
#4157=VERTEX_POINT('',#15149);
#4158=VERTEX_POINT('',#15174);
#4159=VERTEX_POINT('',#15179);
#4160=VERTEX_POINT('',#15204);
#4161=VERTEX_POINT('',#15209);
#4162=VERTEX_POINT('',#15234);
#4163=VERTEX_POINT('',#15239);
#4164=VERTEX_POINT('',#15264);
#4165=VERTEX_POINT('',#15269);
#4166=VERTEX_POINT('',#15294);
#4167=VERTEX_POINT('',#15299);
#4168=VERTEX_POINT('',#15324);
#4169=VERTEX_POINT('',#15329);
#4170=VERTEX_POINT('',#15354);
#4171=VERTEX_POINT('',#15359);
#4172=VERTEX_POINT('',#15392);
#4173=VERTEX_POINT('',#15399);
#4174=VERTEX_POINT('',#15414);
#4175=VERTEX_POINT('',#15416);
#4176=VERTEX_POINT('',#15448);
#4177=VERTEX_POINT('',#15455);
#4178=VERTEX_POINT('',#15489);
#4179=VERTEX_POINT('',#15490);
#4180=VERTEX_POINT('',#15492);
#4181=VERTEX_POINT('',#15494);
#4182=VERTEX_POINT('',#15516);
#4183=VERTEX_POINT('',#15521);
#4184=VERTEX_POINT('',#15546);
#4185=VERTEX_POINT('',#15551);
#4186=VERTEX_POINT('',#15576);
#4187=VERTEX_POINT('',#15581);
#4188=VERTEX_POINT('',#15606);
#4189=VERTEX_POINT('',#15611);
#4190=VERTEX_POINT('',#15618);
#4191=VERTEX_POINT('',#15620);
#4192=VERTEX_POINT('',#15624);
#4193=VERTEX_POINT('',#15626);
#4194=VERTEX_POINT('',#15630);
#4195=VERTEX_POINT('',#15632);
#4196=VERTEX_POINT('',#15654);
#4197=VERTEX_POINT('',#15659);
#4198=VERTEX_POINT('',#15684);
#4199=VERTEX_POINT('',#15689);
#4200=VERTEX_POINT('',#15714);
#4201=VERTEX_POINT('',#15719);
#4202=VERTEX_POINT('',#15744);
#4203=VERTEX_POINT('',#15749);
#4204=VERTEX_POINT('',#15761);
#4205=VERTEX_POINT('',#15763);
#4206=VERTEX_POINT('',#15767);
#4207=VERTEX_POINT('',#15769);
#4208=VERTEX_POINT('',#15773);
#4209=VERTEX_POINT('',#15775);
#4210=VERTEX_POINT('',#15783);
#4211=VERTEX_POINT('',#15784);
#4212=VERTEX_POINT('',#15786);
#4213=VERTEX_POINT('',#15788);
#4214=VERTEX_POINT('',#15792);
#4215=VERTEX_POINT('',#15794);
#4216=VERTEX_POINT('',#15801);
#4217=VERTEX_POINT('',#15802);
#4218=VERTEX_POINT('',#15804);
#4219=VERTEX_POINT('',#15806);
#4220=VERTEX_POINT('',#15810);
#4221=VERTEX_POINT('',#15812);
#4222=VERTEX_POINT('',#15816);
#4223=VERTEX_POINT('',#15818);
#4224=VERTEX_POINT('',#15822);
#4225=VERTEX_POINT('',#15824);
#4226=VERTEX_POINT('',#15828);
#4227=VERTEX_POINT('',#15830);
#4228=VERTEX_POINT('',#15834);
#4229=VERTEX_POINT('',#15836);
#4230=VERTEX_POINT('',#15840);
#4231=VERTEX_POINT('',#15842);
#4232=VERTEX_POINT('',#15850);
#4233=VERTEX_POINT('',#15851);
#4234=VERTEX_POINT('',#15853);
#4235=VERTEX_POINT('',#15855);
#4236=VERTEX_POINT('',#15859);
#4237=VERTEX_POINT('',#15861);
#4238=VERTEX_POINT('',#15865);
#4239=VERTEX_POINT('',#15867);
#4240=VERTEX_POINT('',#15875);
#4241=VERTEX_POINT('',#15876);
#4242=VERTEX_POINT('',#15878);
#4243=VERTEX_POINT('',#15880);
#4244=VERTEX_POINT('',#15902);
#4245=VERTEX_POINT('',#15907);
#4246=VERTEX_POINT('',#15932);
#4247=VERTEX_POINT('',#15937);
#4248=VERTEX_POINT('',#15962);
#4249=VERTEX_POINT('',#15967);
#4250=VERTEX_POINT('',#15992);
#4251=VERTEX_POINT('',#15997);
#4252=VERTEX_POINT('',#16004);
#4253=VERTEX_POINT('',#16006);
#4254=VERTEX_POINT('',#16010);
#4255=VERTEX_POINT('',#16012);
#4256=VERTEX_POINT('',#16016);
#4257=VERTEX_POINT('',#16018);
#4258=VERTEX_POINT('',#16040);
#4259=VERTEX_POINT('',#16045);
#4260=VERTEX_POINT('',#16070);
#4261=VERTEX_POINT('',#16075);
#4262=VERTEX_POINT('',#16100);
#4263=VERTEX_POINT('',#16105);
#4264=VERTEX_POINT('',#16130);
#4265=VERTEX_POINT('',#16135);
#4266=VERTEX_POINT('',#16147);
#4267=VERTEX_POINT('',#16149);
#4268=VERTEX_POINT('',#16153);
#4269=VERTEX_POINT('',#16155);
#4270=VERTEX_POINT('',#16159);
#4271=VERTEX_POINT('',#16161);
#4272=VERTEX_POINT('',#16171);
#4273=VERTEX_POINT('',#16172);
#4274=VERTEX_POINT('',#16174);
#4275=VERTEX_POINT('',#16176);
#4276=VERTEX_POINT('',#16180);
#4277=VERTEX_POINT('',#16182);
#4278=VERTEX_POINT('',#16186);
#4279=VERTEX_POINT('',#16188);
#4280=VERTEX_POINT('',#16192);
#4281=VERTEX_POINT('',#16194);
#4282=VERTEX_POINT('',#16198);
#4283=VERTEX_POINT('',#16200);
#4284=VERTEX_POINT('',#16204);
#4285=VERTEX_POINT('',#16206);
#4286=VERTEX_POINT('',#16210);
#4287=VERTEX_POINT('',#16212);
#4288=VERTEX_POINT('',#16216);
#4289=VERTEX_POINT('',#16218);
#4290=VERTEX_POINT('',#16222);
#4291=VERTEX_POINT('',#16224);
#4292=VERTEX_POINT('',#16228);
#4293=VERTEX_POINT('',#16229);
#4294=VERTEX_POINT('',#16231);
#4295=VERTEX_POINT('',#16233);
#4296=VERTEX_POINT('',#16237);
#4297=VERTEX_POINT('',#16238);
#4298=VERTEX_POINT('',#16240);
#4299=VERTEX_POINT('',#16242);
#4300=VERTEX_POINT('',#16246);
#4301=VERTEX_POINT('',#16248);
#4302=VERTEX_POINT('',#16252);
#4303=VERTEX_POINT('',#16254);
#4304=VERTEX_POINT('',#16258);
#4305=VERTEX_POINT('',#16260);
#4306=VERTEX_POINT('',#16264);
#4307=VERTEX_POINT('',#16266);
#4308=VERTEX_POINT('',#16270);
#4309=VERTEX_POINT('',#16272);
#4310=VERTEX_POINT('',#16276);
#4311=VERTEX_POINT('',#16278);
#4312=VERTEX_POINT('',#16282);
#4313=VERTEX_POINT('',#16284);
#4314=VERTEX_POINT('',#16291);
#4315=VERTEX_POINT('',#16293);
#4316=VERTEX_POINT('',#16300);
#4317=VERTEX_POINT('',#16302);
#4318=VERTEX_POINT('',#16304);
#4319=VERTEX_POINT('',#16306);
#4320=VERTEX_POINT('',#16310);
#4321=VERTEX_POINT('',#16312);
#4322=VERTEX_POINT('',#16314);
#4323=VERTEX_POINT('',#16316);
#4324=VERTEX_POINT('',#16318);
#4325=VERTEX_POINT('',#16320);
#4326=VERTEX_POINT('',#16322);
#4327=VERTEX_POINT('',#16324);
#4328=VERTEX_POINT('',#16326);
#4329=VERTEX_POINT('',#16328);
#4330=VERTEX_POINT('',#16330);
#4331=VERTEX_POINT('',#16332);
#4332=VERTEX_POINT('',#16334);
#4333=VERTEX_POINT('',#16336);
#4334=VERTEX_POINT('',#16338);
#4335=VERTEX_POINT('',#16340);
#4336=VERTEX_POINT('',#16343);
#4337=VERTEX_POINT('',#16345);
#4338=VERTEX_POINT('',#16347);
#4339=VERTEX_POINT('',#16349);
#4340=VERTEX_POINT('',#16352);
#4341=VERTEX_POINT('',#16354);
#4342=VERTEX_POINT('',#16356);
#4343=VERTEX_POINT('',#16358);
#4344=VERTEX_POINT('',#16360);
#4345=VERTEX_POINT('',#16362);
#4346=VERTEX_POINT('',#16364);
#4347=VERTEX_POINT('',#16365);
#4348=VERTEX_POINT('',#16367);
#4349=VERTEX_POINT('',#16369);
#4350=VERTEX_POINT('',#16372);
#4351=VERTEX_POINT('',#16373);
#4352=VERTEX_POINT('',#16375);
#4353=VERTEX_POINT('',#16377);
#4354=VERTEX_POINT('',#16380);
#4355=VERTEX_POINT('',#16381);
#4356=VERTEX_POINT('',#16383);
#4357=VERTEX_POINT('',#16385);
#4358=VERTEX_POINT('',#16388);
#4359=VERTEX_POINT('',#16389);
#4360=VERTEX_POINT('',#16391);
#4361=VERTEX_POINT('',#16393);
#4362=VERTEX_POINT('',#16396);
#4363=VERTEX_POINT('',#16397);
#4364=VERTEX_POINT('',#16399);
#4365=VERTEX_POINT('',#16401);
#4366=VERTEX_POINT('',#16404);
#4367=VERTEX_POINT('',#16405);
#4368=VERTEX_POINT('',#16407);
#4369=VERTEX_POINT('',#16409);
#4370=VERTEX_POINT('',#16412);
#4371=VERTEX_POINT('',#16413);
#4372=VERTEX_POINT('',#16415);
#4373=VERTEX_POINT('',#16417);
#4374=VERTEX_POINT('',#16420);
#4375=VERTEX_POINT('',#16421);
#4376=VERTEX_POINT('',#16423);
#4377=VERTEX_POINT('',#16425);
#4378=VERTEX_POINT('',#16428);
#4379=VERTEX_POINT('',#16429);
#4380=VERTEX_POINT('',#16431);
#4381=VERTEX_POINT('',#16434);
#4382=VERTEX_POINT('',#16435);
#4383=VERTEX_POINT('',#16437);
#4384=VERTEX_POINT('',#16439);
#4385=VERTEX_POINT('',#16442);
#4386=VERTEX_POINT('',#16443);
#4387=VERTEX_POINT('',#16445);
#4388=VERTEX_POINT('',#16447);
#4389=VERTEX_POINT('',#16450);
#4390=VERTEX_POINT('',#16451);
#4391=VERTEX_POINT('',#16453);
#4392=VERTEX_POINT('',#16455);
#4393=VERTEX_POINT('',#16458);
#4394=VERTEX_POINT('',#16459);
#4395=VERTEX_POINT('',#16461);
#4396=VERTEX_POINT('',#16463);
#4397=VERTEX_POINT('',#16466);
#4398=VERTEX_POINT('',#16467);
#4399=VERTEX_POINT('',#16469);
#4400=VERTEX_POINT('',#16471);
#4401=VERTEX_POINT('',#16474);
#4402=VERTEX_POINT('',#16475);
#4403=VERTEX_POINT('',#16477);
#4404=VERTEX_POINT('',#16479);
#4405=VERTEX_POINT('',#16482);
#4406=VERTEX_POINT('',#16483);
#4407=VERTEX_POINT('',#16485);
#4408=VERTEX_POINT('',#16487);
#4409=VERTEX_POINT('',#16490);
#4410=VERTEX_POINT('',#16491);
#4411=VERTEX_POINT('',#16493);
#4412=VERTEX_POINT('',#16495);
#4413=VERTEX_POINT('',#16498);
#4414=VERTEX_POINT('',#16499);
#4415=VERTEX_POINT('',#16501);
#4416=VERTEX_POINT('',#16503);
#4417=VERTEX_POINT('',#16506);
#4418=VERTEX_POINT('',#16507);
#4419=VERTEX_POINT('',#16509);
#4420=VERTEX_POINT('',#16511);
#4421=VERTEX_POINT('',#16514);
#4422=VERTEX_POINT('',#16515);
#4423=VERTEX_POINT('',#16517);
#4424=VERTEX_POINT('',#16519);
#4425=VERTEX_POINT('',#16522);
#4426=VERTEX_POINT('',#16523);
#4427=VERTEX_POINT('',#16525);
#4428=VERTEX_POINT('',#16527);
#4429=VERTEX_POINT('',#16530);
#4430=VERTEX_POINT('',#16531);
#4431=VERTEX_POINT('',#16533);
#4432=VERTEX_POINT('',#16535);
#4433=VERTEX_POINT('',#16539);
#4434=VERTEX_POINT('',#16544);
#4435=VERTEX_POINT('',#16549);
#4436=VERTEX_POINT('',#16553);
#4437=VERTEX_POINT('',#16557);
#4438=VERTEX_POINT('',#16561);
#4439=VERTEX_POINT('',#16565);
#4440=VERTEX_POINT('',#16567);
#4441=VERTEX_POINT('',#16571);
#4442=VERTEX_POINT('',#16575);
#4443=VERTEX_POINT('',#16581);
#4444=VERTEX_POINT('',#16585);
#4445=VERTEX_POINT('',#16589);
#4446=VERTEX_POINT('',#16593);
#4447=VERTEX_POINT('',#16597);
#4448=VERTEX_POINT('',#16601);
#4449=VERTEX_POINT('',#16605);
#4450=VERTEX_POINT('',#16609);
#4451=VERTEX_POINT('',#16613);
#4452=VERTEX_POINT('',#16617);
#4453=VERTEX_POINT('',#16621);
#4454=VERTEX_POINT('',#16625);
#4455=VERTEX_POINT('',#16631);
#4456=VERTEX_POINT('',#16632);
#4457=VERTEX_POINT('',#16637);
#4458=VERTEX_POINT('',#16641);
#4459=VERTEX_POINT('',#16647);
#4460=VERTEX_POINT('',#16648);
#4461=VERTEX_POINT('',#16653);
#4462=VERTEX_POINT('',#16657);
#4463=VERTEX_POINT('',#16663);
#4464=VERTEX_POINT('',#16664);
#4465=VERTEX_POINT('',#16669);
#4466=VERTEX_POINT('',#16673);
#4467=VERTEX_POINT('',#16679);
#4468=VERTEX_POINT('',#16680);
#4469=VERTEX_POINT('',#16685);
#4470=VERTEX_POINT('',#16689);
#4471=VERTEX_POINT('',#16695);
#4472=VERTEX_POINT('',#16696);
#4473=VERTEX_POINT('',#16701);
#4474=VERTEX_POINT('',#16705);
#4475=VERTEX_POINT('',#16711);
#4476=VERTEX_POINT('',#16712);
#4477=VERTEX_POINT('',#16717);
#4478=VERTEX_POINT('',#16721);
#4479=VERTEX_POINT('',#16727);
#4480=VERTEX_POINT('',#16728);
#4481=VERTEX_POINT('',#16733);
#4482=VERTEX_POINT('',#16737);
#4483=VERTEX_POINT('',#16743);
#4484=VERTEX_POINT('',#16744);
#4485=VERTEX_POINT('',#16749);
#4486=VERTEX_POINT('',#16753);
#4487=VERTEX_POINT('',#16759);
#4488=VERTEX_POINT('',#16760);
#4489=VERTEX_POINT('',#16765);
#4490=VERTEX_POINT('',#16769);
#4491=VERTEX_POINT('',#16775);
#4492=VERTEX_POINT('',#16776);
#4493=VERTEX_POINT('',#16781);
#4494=VERTEX_POINT('',#16785);
#4495=VERTEX_POINT('',#16791);
#4496=VERTEX_POINT('',#16792);
#4497=VERTEX_POINT('',#16797);
#4498=VERTEX_POINT('',#16801);
#4499=VERTEX_POINT('',#16807);
#4500=VERTEX_POINT('',#16808);
#4501=VERTEX_POINT('',#16813);
#4502=VERTEX_POINT('',#16817);
#4503=VERTEX_POINT('',#16823);
#4504=VERTEX_POINT('',#16824);
#4505=VERTEX_POINT('',#16829);
#4506=VERTEX_POINT('',#16833);
#4507=VERTEX_POINT('',#16839);
#4508=VERTEX_POINT('',#16840);
#4509=VERTEX_POINT('',#16845);
#4510=VERTEX_POINT('',#16849);
#4511=VERTEX_POINT('',#16855);
#4512=VERTEX_POINT('',#16856);
#4513=VERTEX_POINT('',#16861);
#4514=VERTEX_POINT('',#16865);
#4515=VERTEX_POINT('',#16871);
#4516=VERTEX_POINT('',#16872);
#4517=VERTEX_POINT('',#16877);
#4518=VERTEX_POINT('',#16881);
#4519=VERTEX_POINT('',#16887);
#4520=VERTEX_POINT('',#16888);
#4521=VERTEX_POINT('',#16893);
#4522=VERTEX_POINT('',#16897);
#4523=VERTEX_POINT('',#16903);
#4524=VERTEX_POINT('',#16904);
#4525=VERTEX_POINT('',#16909);
#4526=VERTEX_POINT('',#16913);
#4527=VERTEX_POINT('',#16919);
#4528=VERTEX_POINT('',#16920);
#4529=VERTEX_POINT('',#16925);
#4530=VERTEX_POINT('',#16929);
#4531=VERTEX_POINT('',#16935);
#4532=VERTEX_POINT('',#16936);
#4533=VERTEX_POINT('',#16941);
#4534=VERTEX_POINT('',#16945);
#4535=VERTEX_POINT('',#16951);
#4536=VERTEX_POINT('',#16952);
#4537=VERTEX_POINT('',#16957);
#4538=VERTEX_POINT('',#16961);
#4539=VERTEX_POINT('',#16967);
#4540=VERTEX_POINT('',#16968);
#4541=VERTEX_POINT('',#16973);
#4542=VERTEX_POINT('',#16977);
#4543=VERTEX_POINT('',#16983);
#4544=VERTEX_POINT('',#16985);
#4545=VERTEX_POINT('',#16989);
#4546=EDGE_CURVE('',#3618,#3619,#2002,.T.);
#4547=EDGE_CURVE('',#3618,#3620,#2003,.T.);
#4548=EDGE_CURVE('',#3620,#3621,#2004,.T.);
#4549=EDGE_CURVE('',#3619,#3621,#2005,.T.);
#4550=EDGE_CURVE('',#3622,#3618,#136,.T.);
#4551=EDGE_CURVE('',#3622,#3623,#2006,.T.);
#4552=EDGE_CURVE('',#3623,#3620,#137,.T.);
#4553=EDGE_CURVE('',#3624,#3622,#138,.T.);
#4554=EDGE_CURVE('',#3624,#3625,#2007,.T.);
#4555=EDGE_CURVE('',#3625,#3623,#139,.T.);
#4556=EDGE_CURVE('',#3626,#3624,#140,.T.);
#4557=EDGE_CURVE('',#3626,#3627,#2008,.T.);
#4558=EDGE_CURVE('',#3627,#3625,#141,.T.);
#4559=EDGE_CURVE('',#3628,#3626,#2009,.T.);
#4560=EDGE_CURVE('',#3628,#3629,#2010,.T.);
#4561=EDGE_CURVE('',#3629,#3627,#2011,.T.);
#4562=EDGE_CURVE('',#3630,#3628,#142,.T.);
#4563=EDGE_CURVE('',#3630,#3631,#2012,.T.);
#4564=EDGE_CURVE('',#3631,#3629,#143,.T.);
#4565=EDGE_CURVE('',#3632,#3630,#144,.T.);
#4566=EDGE_CURVE('',#3632,#3633,#2013,.T.);
#4567=EDGE_CURVE('',#3633,#3631,#145,.T.);
#4568=EDGE_CURVE('',#3634,#3632,#146,.T.);
#4569=EDGE_CURVE('',#3634,#3635,#2014,.T.);
#4570=EDGE_CURVE('',#3635,#3633,#147,.T.);
#4571=EDGE_CURVE('',#3636,#3634,#2015,.T.);
#4572=EDGE_CURVE('',#3636,#3637,#2016,.T.);
#4573=EDGE_CURVE('',#3637,#3635,#2017,.T.);
#4574=EDGE_CURVE('',#3638,#3636,#2018,.T.);
#4575=EDGE_CURVE('',#3638,#3639,#2019,.T.);
#4576=EDGE_CURVE('',#3639,#3637,#2020,.T.);
#4577=EDGE_CURVE('',#3640,#3638,#2021,.T.);
#4578=EDGE_CURVE('',#3640,#3641,#2022,.T.);
#4579=EDGE_CURVE('',#3641,#3639,#2023,.T.);
#4580=EDGE_CURVE('',#3619,#3640,#2024,.T.);
#4581=EDGE_CURVE('',#3621,#3641,#2025,.T.);
#4582=EDGE_CURVE('',#3642,#3643,#148,.T.);
#4583=EDGE_CURVE('',#3642,#3644,#2026,.T.);
#4584=EDGE_CURVE('',#3644,#3645,#149,.T.);
#4585=EDGE_CURVE('',#3643,#3645,#2027,.T.);
#4586=EDGE_CURVE('',#3646,#3642,#150,.T.);
#4587=EDGE_CURVE('',#3646,#3647,#2028,.T.);
#4588=EDGE_CURVE('',#3647,#3644,#151,.T.);
#4589=EDGE_CURVE('',#3648,#3646,#152,.T.);
#4590=EDGE_CURVE('',#3648,#3649,#2029,.T.);
#4591=EDGE_CURVE('',#3649,#3647,#153,.T.);
#4592=EDGE_CURVE('',#3650,#3648,#154,.T.);
#4593=EDGE_CURVE('',#3650,#3651,#2030,.T.);
#4594=EDGE_CURVE('',#3651,#3649,#155,.T.);
#4595=EDGE_CURVE('',#3652,#3650,#156,.T.);
#4596=EDGE_CURVE('',#3652,#3653,#2031,.T.);
#4597=EDGE_CURVE('',#3653,#3651,#157,.T.);
#4598=EDGE_CURVE('',#3654,#3652,#158,.T.);
#4599=EDGE_CURVE('',#3654,#3655,#2032,.T.);
#4600=EDGE_CURVE('',#3655,#3653,#159,.T.);
#4601=EDGE_CURVE('',#3656,#3654,#160,.T.);
#4602=EDGE_CURVE('',#3656,#3657,#2033,.T.);
#4603=EDGE_CURVE('',#3657,#3655,#161,.T.);
#4604=EDGE_CURVE('',#3658,#3656,#162,.T.);
#4605=EDGE_CURVE('',#3658,#3659,#2034,.T.);
#4606=EDGE_CURVE('',#3659,#3657,#163,.T.);
#4607=EDGE_CURVE('',#3643,#3658,#2035,.T.);
#4608=EDGE_CURVE('',#3645,#3659,#2036,.T.);
#4609=EDGE_CURVE('',#3660,#3661,#164,.T.);
#4610=EDGE_CURVE('',#3660,#3662,#2037,.T.);
#4611=EDGE_CURVE('',#3662,#3663,#165,.T.);
#4612=EDGE_CURVE('',#3661,#3663,#2038,.T.);
#4613=EDGE_CURVE('',#3664,#3660,#166,.T.);
#4614=EDGE_CURVE('',#3664,#3665,#2039,.T.);
#4615=EDGE_CURVE('',#3665,#3662,#167,.T.);
#4616=EDGE_CURVE('',#3666,#3664,#168,.T.);
#4617=EDGE_CURVE('',#3666,#3667,#2040,.T.);
#4618=EDGE_CURVE('',#3667,#3665,#169,.T.);
#4619=EDGE_CURVE('',#3668,#3666,#170,.T.);
#4620=EDGE_CURVE('',#3668,#3669,#2041,.T.);
#4621=EDGE_CURVE('',#3669,#3667,#171,.T.);
#4622=EDGE_CURVE('',#3670,#3668,#172,.T.);
#4623=EDGE_CURVE('',#3670,#3671,#2042,.T.);
#4624=EDGE_CURVE('',#3671,#3669,#173,.T.);
#4625=EDGE_CURVE('',#3672,#3670,#174,.T.);
#4626=EDGE_CURVE('',#3672,#3673,#2043,.T.);
#4627=EDGE_CURVE('',#3673,#3671,#175,.T.);
#4628=EDGE_CURVE('',#3674,#3672,#176,.T.);
#4629=EDGE_CURVE('',#3674,#3675,#2044,.T.);
#4630=EDGE_CURVE('',#3675,#3673,#177,.T.);
#4631=EDGE_CURVE('',#3676,#3674,#178,.T.);
#4632=EDGE_CURVE('',#3676,#3677,#2045,.T.);
#4633=EDGE_CURVE('',#3677,#3675,#179,.T.);
#4634=EDGE_CURVE('',#3678,#3676,#180,.T.);
#4635=EDGE_CURVE('',#3678,#3679,#2046,.T.);
#4636=EDGE_CURVE('',#3679,#3677,#181,.T.);
#4637=EDGE_CURVE('',#3680,#3678,#182,.T.);
#4638=EDGE_CURVE('',#3680,#3681,#2047,.T.);
#4639=EDGE_CURVE('',#3681,#3679,#183,.T.);
#4640=EDGE_CURVE('',#3682,#3680,#184,.T.);
#4641=EDGE_CURVE('',#3682,#3683,#2048,.T.);
#4642=EDGE_CURVE('',#3683,#3681,#185,.T.);
#4643=EDGE_CURVE('',#3684,#3682,#186,.T.);
#4644=EDGE_CURVE('',#3684,#3685,#2049,.T.);
#4645=EDGE_CURVE('',#3685,#3683,#187,.T.);
#4646=EDGE_CURVE('',#3686,#3684,#2050,.T.);
#4647=EDGE_CURVE('',#3686,#3687,#2051,.T.);
#4648=EDGE_CURVE('',#3687,#3685,#2052,.T.);
#4649=EDGE_CURVE('',#3688,#3686,#188,.T.);
#4650=EDGE_CURVE('',#3688,#3689,#2053,.T.);
#4651=EDGE_CURVE('',#3689,#3687,#189,.T.);
#4652=EDGE_CURVE('',#3690,#3688,#190,.T.);
#4653=EDGE_CURVE('',#3690,#3691,#2054,.T.);
#4654=EDGE_CURVE('',#3691,#3689,#191,.T.);
#4655=EDGE_CURVE('',#3692,#3690,#2055,.T.);
#4656=EDGE_CURVE('',#3692,#3693,#2056,.T.);
#4657=EDGE_CURVE('',#3693,#3691,#2057,.T.);
#4658=EDGE_CURVE('',#3694,#3692,#192,.T.);
#4659=EDGE_CURVE('',#3694,#3695,#2058,.T.);
#4660=EDGE_CURVE('',#3695,#3693,#193,.T.);
#4661=EDGE_CURVE('',#3696,#3694,#194,.T.);
#4662=EDGE_CURVE('',#3696,#3697,#2059,.T.);
#4663=EDGE_CURVE('',#3697,#3695,#195,.T.);
#4664=EDGE_CURVE('',#3698,#3696,#196,.T.);
#4665=EDGE_CURVE('',#3698,#3699,#2060,.T.);
#4666=EDGE_CURVE('',#3699,#3697,#197,.T.);
#4667=EDGE_CURVE('',#3700,#3698,#198,.T.);
#4668=EDGE_CURVE('',#3700,#3701,#2061,.T.);
#4669=EDGE_CURVE('',#3701,#3699,#199,.T.);
#4670=EDGE_CURVE('',#3702,#3700,#200,.T.);
#4671=EDGE_CURVE('',#3702,#3703,#2062,.T.);
#4672=EDGE_CURVE('',#3703,#3701,#201,.T.);
#4673=EDGE_CURVE('',#3704,#3702,#202,.T.);
#4674=EDGE_CURVE('',#3704,#3705,#2063,.T.);
#4675=EDGE_CURVE('',#3705,#3703,#203,.T.);
#4676=EDGE_CURVE('',#3706,#3704,#204,.T.);
#4677=EDGE_CURVE('',#3706,#3707,#2064,.T.);
#4678=EDGE_CURVE('',#3707,#3705,#205,.T.);
#4679=EDGE_CURVE('',#3708,#3706,#206,.T.);
#4680=EDGE_CURVE('',#3708,#3709,#2065,.T.);
#4681=EDGE_CURVE('',#3709,#3707,#207,.T.);
#4682=EDGE_CURVE('',#3710,#3708,#2066,.T.);
#4683=EDGE_CURVE('',#3710,#3711,#2067,.T.);
#4684=EDGE_CURVE('',#3711,#3709,#2068,.T.);
#4685=EDGE_CURVE('',#3712,#3710,#208,.T.);
#4686=EDGE_CURVE('',#3712,#3713,#2069,.T.);
#4687=EDGE_CURVE('',#3713,#3711,#209,.T.);
#4688=EDGE_CURVE('',#3661,#3712,#210,.T.);
#4689=EDGE_CURVE('',#3663,#3713,#211,.T.);
#4690=EDGE_CURVE('',#3714,#3715,#212,.T.);
#4691=EDGE_CURVE('',#3714,#3716,#2070,.T.);
#4692=EDGE_CURVE('',#3716,#3717,#213,.T.);
#4693=EDGE_CURVE('',#3715,#3717,#2071,.T.);
#4694=EDGE_CURVE('',#3718,#3714,#214,.T.);
#4695=EDGE_CURVE('',#3718,#3719,#2072,.T.);
#4696=EDGE_CURVE('',#3719,#3716,#215,.T.);
#4697=EDGE_CURVE('',#3720,#3718,#216,.T.);
#4698=EDGE_CURVE('',#3720,#3721,#2073,.T.);
#4699=EDGE_CURVE('',#3721,#3719,#217,.T.);
#4700=EDGE_CURVE('',#3722,#3720,#218,.T.);
#4701=EDGE_CURVE('',#3722,#3723,#2074,.T.);
#4702=EDGE_CURVE('',#3723,#3721,#219,.T.);
#4703=EDGE_CURVE('',#3724,#3722,#220,.T.);
#4704=EDGE_CURVE('',#3724,#3725,#2075,.T.);
#4705=EDGE_CURVE('',#3725,#3723,#221,.T.);
#4706=EDGE_CURVE('',#3726,#3724,#222,.T.);
#4707=EDGE_CURVE('',#3726,#3727,#2076,.T.);
#4708=EDGE_CURVE('',#3727,#3725,#223,.T.);
#4709=EDGE_CURVE('',#3728,#3726,#224,.T.);
#4710=EDGE_CURVE('',#3728,#3729,#2077,.T.);
#4711=EDGE_CURVE('',#3729,#3727,#225,.T.);
#4712=EDGE_CURVE('',#3730,#3728,#226,.T.);
#4713=EDGE_CURVE('',#3730,#3731,#2078,.T.);
#4714=EDGE_CURVE('',#3731,#3729,#227,.T.);
#4715=EDGE_CURVE('',#3715,#3730,#2079,.T.);
#4716=EDGE_CURVE('',#3717,#3731,#2080,.T.);
#4717=EDGE_CURVE('',#3732,#3733,#228,.T.);
#4718=EDGE_CURVE('',#3732,#3734,#2081,.T.);
#4719=EDGE_CURVE('',#3734,#3735,#229,.T.);
#4720=EDGE_CURVE('',#3733,#3735,#2082,.T.);
#4721=EDGE_CURVE('',#3736,#3732,#230,.T.);
#4722=EDGE_CURVE('',#3736,#3737,#2083,.T.);
#4723=EDGE_CURVE('',#3737,#3734,#231,.T.);
#4724=EDGE_CURVE('',#3738,#3736,#232,.T.);
#4725=EDGE_CURVE('',#3738,#3739,#2084,.T.);
#4726=EDGE_CURVE('',#3739,#3737,#233,.T.);
#4727=EDGE_CURVE('',#3740,#3738,#234,.T.);
#4728=EDGE_CURVE('',#3740,#3741,#2085,.T.);
#4729=EDGE_CURVE('',#3741,#3739,#235,.T.);
#4730=EDGE_CURVE('',#3742,#3740,#236,.T.);
#4731=EDGE_CURVE('',#3742,#3743,#2086,.T.);
#4732=EDGE_CURVE('',#3743,#3741,#237,.T.);
#4733=EDGE_CURVE('',#3744,#3742,#238,.T.);
#4734=EDGE_CURVE('',#3744,#3745,#2087,.T.);
#4735=EDGE_CURVE('',#3745,#3743,#239,.T.);
#4736=EDGE_CURVE('',#3746,#3744,#240,.T.);
#4737=EDGE_CURVE('',#3746,#3747,#2088,.T.);
#4738=EDGE_CURVE('',#3747,#3745,#241,.T.);
#4739=EDGE_CURVE('',#3748,#3746,#242,.T.);
#4740=EDGE_CURVE('',#3748,#3749,#2089,.T.);
#4741=EDGE_CURVE('',#3749,#3747,#243,.T.);
#4742=EDGE_CURVE('',#3750,#3748,#244,.T.);
#4743=EDGE_CURVE('',#3750,#3751,#2090,.T.);
#4744=EDGE_CURVE('',#3751,#3749,#245,.T.);
#4745=EDGE_CURVE('',#3752,#3750,#246,.T.);
#4746=EDGE_CURVE('',#3752,#3753,#2091,.T.);
#4747=EDGE_CURVE('',#3753,#3751,#247,.T.);
#4748=EDGE_CURVE('',#3754,#3752,#248,.T.);
#4749=EDGE_CURVE('',#3754,#3755,#2092,.T.);
#4750=EDGE_CURVE('',#3755,#3753,#249,.T.);
#4751=EDGE_CURVE('',#3756,#3754,#250,.T.);
#4752=EDGE_CURVE('',#3756,#3757,#2093,.T.);
#4753=EDGE_CURVE('',#3757,#3755,#251,.T.);
#4754=EDGE_CURVE('',#3758,#3756,#2094,.T.);
#4755=EDGE_CURVE('',#3758,#3759,#2095,.T.);
#4756=EDGE_CURVE('',#3759,#3757,#2096,.T.);
#4757=EDGE_CURVE('',#3760,#3758,#252,.T.);
#4758=EDGE_CURVE('',#3760,#3761,#2097,.T.);
#4759=EDGE_CURVE('',#3761,#3759,#253,.T.);
#4760=EDGE_CURVE('',#3762,#3760,#254,.T.);
#4761=EDGE_CURVE('',#3762,#3763,#2098,.T.);
#4762=EDGE_CURVE('',#3763,#3761,#255,.T.);
#4763=EDGE_CURVE('',#3764,#3762,#2099,.T.);
#4764=EDGE_CURVE('',#3764,#3765,#2100,.T.);
#4765=EDGE_CURVE('',#3765,#3763,#2101,.T.);
#4766=EDGE_CURVE('',#3766,#3764,#256,.T.);
#4767=EDGE_CURVE('',#3766,#3767,#2102,.T.);
#4768=EDGE_CURVE('',#3767,#3765,#257,.T.);
#4769=EDGE_CURVE('',#3768,#3766,#258,.T.);
#4770=EDGE_CURVE('',#3768,#3769,#2103,.T.);
#4771=EDGE_CURVE('',#3769,#3767,#259,.T.);
#4772=EDGE_CURVE('',#3770,#3768,#260,.T.);
#4773=EDGE_CURVE('',#3770,#3771,#2104,.T.);
#4774=EDGE_CURVE('',#3771,#3769,#261,.T.);
#4775=EDGE_CURVE('',#3772,#3770,#262,.T.);
#4776=EDGE_CURVE('',#3772,#3773,#2105,.T.);
#4777=EDGE_CURVE('',#3773,#3771,#263,.T.);
#4778=EDGE_CURVE('',#3774,#3772,#264,.T.);
#4779=EDGE_CURVE('',#3774,#3775,#2106,.T.);
#4780=EDGE_CURVE('',#3775,#3773,#265,.T.);
#4781=EDGE_CURVE('',#3776,#3774,#266,.T.);
#4782=EDGE_CURVE('',#3776,#3777,#2107,.T.);
#4783=EDGE_CURVE('',#3777,#3775,#267,.T.);
#4784=EDGE_CURVE('',#3778,#3776,#268,.T.);
#4785=EDGE_CURVE('',#3778,#3779,#2108,.T.);
#4786=EDGE_CURVE('',#3779,#3777,#269,.T.);
#4787=EDGE_CURVE('',#3780,#3778,#270,.T.);
#4788=EDGE_CURVE('',#3780,#3781,#2109,.T.);
#4789=EDGE_CURVE('',#3781,#3779,#271,.T.);
#4790=EDGE_CURVE('',#3782,#3780,#2110,.T.);
#4791=EDGE_CURVE('',#3782,#3783,#2111,.T.);
#4792=EDGE_CURVE('',#3783,#3781,#2112,.T.);
#4793=EDGE_CURVE('',#3784,#3782,#272,.T.);
#4794=EDGE_CURVE('',#3784,#3785,#2113,.T.);
#4795=EDGE_CURVE('',#3785,#3783,#273,.T.);
#4796=EDGE_CURVE('',#3733,#3784,#274,.T.);
#4797=EDGE_CURVE('',#3735,#3785,#275,.T.);
#4798=EDGE_CURVE('',#3786,#3787,#276,.T.);
#4799=EDGE_CURVE('',#3786,#3788,#2114,.T.);
#4800=EDGE_CURVE('',#3788,#3789,#277,.T.);
#4801=EDGE_CURVE('',#3787,#3789,#2115,.T.);
#4802=EDGE_CURVE('',#3790,#3786,#278,.T.);
#4803=EDGE_CURVE('',#3790,#3791,#2116,.T.);
#4804=EDGE_CURVE('',#3791,#3788,#279,.T.);
#4805=EDGE_CURVE('',#3792,#3790,#280,.T.);
#4806=EDGE_CURVE('',#3792,#3793,#2117,.T.);
#4807=EDGE_CURVE('',#3793,#3791,#281,.T.);
#4808=EDGE_CURVE('',#3794,#3792,#282,.T.);
#4809=EDGE_CURVE('',#3794,#3795,#2118,.T.);
#4810=EDGE_CURVE('',#3795,#3793,#283,.T.);
#4811=EDGE_CURVE('',#3796,#3794,#284,.T.);
#4812=EDGE_CURVE('',#3796,#3797,#2119,.T.);
#4813=EDGE_CURVE('',#3797,#3795,#285,.T.);
#4814=EDGE_CURVE('',#3798,#3796,#286,.T.);
#4815=EDGE_CURVE('',#3798,#3799,#2120,.T.);
#4816=EDGE_CURVE('',#3799,#3797,#287,.T.);
#4817=EDGE_CURVE('',#3800,#3798,#288,.T.);
#4818=EDGE_CURVE('',#3800,#3801,#2121,.T.);
#4819=EDGE_CURVE('',#3801,#3799,#289,.T.);
#4820=EDGE_CURVE('',#3787,#3800,#290,.T.);
#4821=EDGE_CURVE('',#3789,#3801,#291,.T.);
#4822=EDGE_CURVE('',#3802,#3803,#292,.T.);
#4823=EDGE_CURVE('',#3802,#3804,#2122,.T.);
#4824=EDGE_CURVE('',#3804,#3805,#293,.T.);
#4825=EDGE_CURVE('',#3803,#3805,#2123,.T.);
#4826=EDGE_CURVE('',#3806,#3802,#294,.T.);
#4827=EDGE_CURVE('',#3806,#3807,#2124,.T.);
#4828=EDGE_CURVE('',#3807,#3804,#295,.T.);
#4829=EDGE_CURVE('',#3808,#3806,#296,.T.);
#4830=EDGE_CURVE('',#3808,#3809,#2125,.T.);
#4831=EDGE_CURVE('',#3809,#3807,#297,.T.);
#4832=EDGE_CURVE('',#3810,#3808,#298,.T.);
#4833=EDGE_CURVE('',#3810,#3811,#2126,.T.);
#4834=EDGE_CURVE('',#3811,#3809,#299,.T.);
#4835=EDGE_CURVE('',#3812,#3810,#300,.T.);
#4836=EDGE_CURVE('',#3812,#3813,#2127,.T.);
#4837=EDGE_CURVE('',#3813,#3811,#301,.T.);
#4838=EDGE_CURVE('',#3814,#3812,#302,.T.);
#4839=EDGE_CURVE('',#3814,#3815,#2128,.T.);
#4840=EDGE_CURVE('',#3815,#3813,#303,.T.);
#4841=EDGE_CURVE('',#3816,#3814,#304,.T.);
#4842=EDGE_CURVE('',#3816,#3817,#2129,.T.);
#4843=EDGE_CURVE('',#3817,#3815,#305,.T.);
#4844=EDGE_CURVE('',#3803,#3816,#306,.T.);
#4845=EDGE_CURVE('',#3805,#3817,#307,.T.);
#4846=EDGE_CURVE('',#3818,#3819,#308,.T.);
#4847=EDGE_CURVE('',#3818,#3820,#2130,.T.);
#4848=EDGE_CURVE('',#3820,#3821,#309,.T.);
#4849=EDGE_CURVE('',#3819,#3821,#2131,.T.);
#4850=EDGE_CURVE('',#3822,#3818,#310,.T.);
#4851=EDGE_CURVE('',#3822,#3823,#2132,.T.);
#4852=EDGE_CURVE('',#3823,#3820,#311,.T.);
#4853=EDGE_CURVE('',#3824,#3822,#312,.T.);
#4854=EDGE_CURVE('',#3824,#3825,#2133,.T.);
#4855=EDGE_CURVE('',#3825,#3823,#313,.T.);
#4856=EDGE_CURVE('',#3826,#3824,#314,.T.);
#4857=EDGE_CURVE('',#3826,#3827,#2134,.T.);
#4858=EDGE_CURVE('',#3827,#3825,#315,.T.);
#4859=EDGE_CURVE('',#3828,#3826,#316,.T.);
#4860=EDGE_CURVE('',#3828,#3829,#2135,.T.);
#4861=EDGE_CURVE('',#3829,#3827,#317,.T.);
#4862=EDGE_CURVE('',#3830,#3828,#318,.T.);
#4863=EDGE_CURVE('',#3830,#3831,#2136,.T.);
#4864=EDGE_CURVE('',#3831,#3829,#319,.T.);
#4865=EDGE_CURVE('',#3832,#3830,#320,.T.);
#4866=EDGE_CURVE('',#3832,#3833,#2137,.T.);
#4867=EDGE_CURVE('',#3833,#3831,#321,.T.);
#4868=EDGE_CURVE('',#3834,#3832,#322,.T.);
#4869=EDGE_CURVE('',#3834,#3835,#2138,.T.);
#4870=EDGE_CURVE('',#3835,#3833,#323,.T.);
#4871=EDGE_CURVE('',#3819,#3834,#2139,.T.);
#4872=EDGE_CURVE('',#3821,#3835,#2140,.T.);
#4873=EDGE_CURVE('',#3836,#3837,#324,.T.);
#4874=EDGE_CURVE('',#3836,#3838,#2141,.T.);
#4875=EDGE_CURVE('',#3838,#3839,#325,.T.);
#4876=EDGE_CURVE('',#3837,#3839,#2142,.T.);
#4877=EDGE_CURVE('',#3840,#3836,#326,.T.);
#4878=EDGE_CURVE('',#3840,#3841,#2143,.T.);
#4879=EDGE_CURVE('',#3841,#3838,#327,.T.);
#4880=EDGE_CURVE('',#3842,#3840,#328,.T.);
#4881=EDGE_CURVE('',#3842,#3843,#2144,.T.);
#4882=EDGE_CURVE('',#3843,#3841,#329,.T.);
#4883=EDGE_CURVE('',#3844,#3842,#330,.T.);
#4884=EDGE_CURVE('',#3844,#3845,#2145,.T.);
#4885=EDGE_CURVE('',#3845,#3843,#331,.T.);
#4886=EDGE_CURVE('',#3846,#3844,#332,.T.);
#4887=EDGE_CURVE('',#3846,#3847,#2146,.T.);
#4888=EDGE_CURVE('',#3847,#3845,#333,.T.);
#4889=EDGE_CURVE('',#3848,#3846,#334,.T.);
#4890=EDGE_CURVE('',#3848,#3849,#2147,.T.);
#4891=EDGE_CURVE('',#3849,#3847,#335,.T.);
#4892=EDGE_CURVE('',#3850,#3848,#336,.T.);
#4893=EDGE_CURVE('',#3850,#3851,#2148,.T.);
#4894=EDGE_CURVE('',#3851,#3849,#337,.T.);
#4895=EDGE_CURVE('',#3852,#3850,#338,.T.);
#4896=EDGE_CURVE('',#3852,#3853,#2149,.T.);
#4897=EDGE_CURVE('',#3853,#3851,#339,.T.);
#4898=EDGE_CURVE('',#3854,#3852,#340,.T.);
#4899=EDGE_CURVE('',#3854,#3855,#2150,.T.);
#4900=EDGE_CURVE('',#3855,#3853,#341,.T.);
#4901=EDGE_CURVE('',#3856,#3854,#342,.T.);
#4902=EDGE_CURVE('',#3856,#3857,#2151,.T.);
#4903=EDGE_CURVE('',#3857,#3855,#343,.T.);
#4904=EDGE_CURVE('',#3858,#3856,#344,.T.);
#4905=EDGE_CURVE('',#3858,#3859,#2152,.T.);
#4906=EDGE_CURVE('',#3859,#3857,#345,.T.);
#4907=EDGE_CURVE('',#3860,#3858,#346,.T.);
#4908=EDGE_CURVE('',#3860,#3861,#2153,.T.);
#4909=EDGE_CURVE('',#3861,#3859,#347,.T.);
#4910=EDGE_CURVE('',#3862,#3860,#2154,.T.);
#4911=EDGE_CURVE('',#3862,#3863,#2155,.T.);
#4912=EDGE_CURVE('',#3863,#3861,#2156,.T.);
#4913=EDGE_CURVE('',#3864,#3862,#348,.T.);
#4914=EDGE_CURVE('',#3864,#3865,#2157,.T.);
#4915=EDGE_CURVE('',#3865,#3863,#349,.T.);
#4916=EDGE_CURVE('',#3866,#3864,#350,.T.);
#4917=EDGE_CURVE('',#3866,#3867,#2158,.T.);
#4918=EDGE_CURVE('',#3867,#3865,#351,.T.);
#4919=EDGE_CURVE('',#3868,#3866,#2159,.T.);
#4920=EDGE_CURVE('',#3868,#3869,#2160,.T.);
#4921=EDGE_CURVE('',#3869,#3867,#2161,.T.);
#4922=EDGE_CURVE('',#3870,#3868,#352,.T.);
#4923=EDGE_CURVE('',#3870,#3871,#2162,.T.);
#4924=EDGE_CURVE('',#3871,#3869,#353,.T.);
#4925=EDGE_CURVE('',#3872,#3870,#354,.T.);
#4926=EDGE_CURVE('',#3872,#3873,#2163,.T.);
#4927=EDGE_CURVE('',#3873,#3871,#355,.T.);
#4928=EDGE_CURVE('',#3874,#3872,#356,.T.);
#4929=EDGE_CURVE('',#3874,#3875,#2164,.T.);
#4930=EDGE_CURVE('',#3875,#3873,#357,.T.);
#4931=EDGE_CURVE('',#3876,#3874,#358,.T.);
#4932=EDGE_CURVE('',#3876,#3877,#2165,.T.);
#4933=EDGE_CURVE('',#3877,#3875,#359,.T.);
#4934=EDGE_CURVE('',#3878,#3876,#360,.T.);
#4935=EDGE_CURVE('',#3878,#3879,#2166,.T.);
#4936=EDGE_CURVE('',#3879,#3877,#361,.T.);
#4937=EDGE_CURVE('',#3880,#3878,#362,.T.);
#4938=EDGE_CURVE('',#3880,#3881,#2167,.T.);
#4939=EDGE_CURVE('',#3881,#3879,#363,.T.);
#4940=EDGE_CURVE('',#3882,#3880,#364,.T.);
#4941=EDGE_CURVE('',#3882,#3883,#2168,.T.);
#4942=EDGE_CURVE('',#3883,#3881,#365,.T.);
#4943=EDGE_CURVE('',#3884,#3882,#366,.T.);
#4944=EDGE_CURVE('',#3884,#3885,#2169,.T.);
#4945=EDGE_CURVE('',#3885,#3883,#367,.T.);
#4946=EDGE_CURVE('',#3886,#3884,#2170,.T.);
#4947=EDGE_CURVE('',#3886,#3887,#2171,.T.);
#4948=EDGE_CURVE('',#3887,#3885,#2172,.T.);
#4949=EDGE_CURVE('',#3888,#3886,#368,.T.);
#4950=EDGE_CURVE('',#3888,#3889,#2173,.T.);
#4951=EDGE_CURVE('',#3889,#3887,#369,.T.);
#4952=EDGE_CURVE('',#3837,#3888,#370,.T.);
#4953=EDGE_CURVE('',#3839,#3889,#371,.T.);
#4954=EDGE_CURVE('',#3890,#3891,#2174,.T.);
#4955=EDGE_CURVE('',#3890,#3892,#2175,.T.);
#4956=EDGE_CURVE('',#3892,#3893,#2176,.T.);
#4957=EDGE_CURVE('',#3891,#3893,#2177,.T.);
#4958=EDGE_CURVE('',#3894,#3890,#372,.T.);
#4959=EDGE_CURVE('',#3894,#3895,#2178,.T.);
#4960=EDGE_CURVE('',#3895,#3892,#373,.T.);
#4961=EDGE_CURVE('',#3896,#3894,#374,.T.);
#4962=EDGE_CURVE('',#3896,#3897,#2179,.T.);
#4963=EDGE_CURVE('',#3897,#3895,#375,.T.);
#4964=EDGE_CURVE('',#3898,#3896,#376,.T.);
#4965=EDGE_CURVE('',#3898,#3899,#2180,.T.);
#4966=EDGE_CURVE('',#3899,#3897,#377,.T.);
#4967=EDGE_CURVE('',#3900,#3898,#2181,.T.);
#4968=EDGE_CURVE('',#3900,#3901,#2182,.T.);
#4969=EDGE_CURVE('',#3901,#3899,#2183,.T.);
#4970=EDGE_CURVE('',#3902,#3900,#378,.T.);
#4971=EDGE_CURVE('',#3902,#3903,#2184,.T.);
#4972=EDGE_CURVE('',#3903,#3901,#379,.T.);
#4973=EDGE_CURVE('',#3904,#3902,#380,.T.);
#4974=EDGE_CURVE('',#3904,#3905,#2185,.T.);
#4975=EDGE_CURVE('',#3905,#3903,#381,.T.);
#4976=EDGE_CURVE('',#3906,#3904,#382,.T.);
#4977=EDGE_CURVE('',#3906,#3907,#2186,.T.);
#4978=EDGE_CURVE('',#3907,#3905,#383,.T.);
#4979=EDGE_CURVE('',#3908,#3906,#2187,.T.);
#4980=EDGE_CURVE('',#3908,#3909,#2188,.T.);
#4981=EDGE_CURVE('',#3909,#3907,#2189,.T.);
#4982=EDGE_CURVE('',#3910,#3908,#2190,.T.);
#4983=EDGE_CURVE('',#3910,#3911,#2191,.T.);
#4984=EDGE_CURVE('',#3911,#3909,#2192,.T.);
#4985=EDGE_CURVE('',#3912,#3910,#2193,.T.);
#4986=EDGE_CURVE('',#3912,#3913,#2194,.T.);
#4987=EDGE_CURVE('',#3913,#3911,#2195,.T.);
#4988=EDGE_CURVE('',#3891,#3912,#2196,.T.);
#4989=EDGE_CURVE('',#3893,#3913,#2197,.T.);
#4990=EDGE_CURVE('',#3914,#3915,#384,.T.);
#4991=EDGE_CURVE('',#3914,#3916,#2198,.T.);
#4992=EDGE_CURVE('',#3916,#3917,#385,.T.);
#4993=EDGE_CURVE('',#3915,#3917,#2199,.T.);
#4994=EDGE_CURVE('',#3918,#3914,#386,.T.);
#4995=EDGE_CURVE('',#3918,#3919,#2200,.T.);
#4996=EDGE_CURVE('',#3919,#3916,#387,.T.);
#4997=EDGE_CURVE('',#3920,#3918,#388,.T.);
#4998=EDGE_CURVE('',#3920,#3921,#2201,.T.);
#4999=EDGE_CURVE('',#3921,#3919,#389,.T.);
#5000=EDGE_CURVE('',#3922,#3920,#390,.T.);
#5001=EDGE_CURVE('',#3922,#3923,#2202,.T.);
#5002=EDGE_CURVE('',#3923,#3921,#391,.T.);
#5003=EDGE_CURVE('',#3924,#3922,#392,.T.);
#5004=EDGE_CURVE('',#3924,#3925,#2203,.T.);
#5005=EDGE_CURVE('',#3925,#3923,#393,.T.);
#5006=EDGE_CURVE('',#3926,#3924,#394,.T.);
#5007=EDGE_CURVE('',#3926,#3927,#2204,.T.);
#5008=EDGE_CURVE('',#3927,#3925,#395,.T.);
#5009=EDGE_CURVE('',#3928,#3926,#396,.T.);
#5010=EDGE_CURVE('',#3928,#3929,#2205,.T.);
#5011=EDGE_CURVE('',#3929,#3927,#397,.T.);
#5012=EDGE_CURVE('',#3915,#3928,#398,.T.);
#5013=EDGE_CURVE('',#3917,#3929,#399,.T.);
#5014=EDGE_CURVE('',#3930,#3931,#400,.T.);
#5015=EDGE_CURVE('',#3930,#3932,#2206,.T.);
#5016=EDGE_CURVE('',#3932,#3933,#401,.T.);
#5017=EDGE_CURVE('',#3931,#3933,#2207,.T.);
#5018=EDGE_CURVE('',#3934,#3930,#402,.T.);
#5019=EDGE_CURVE('',#3934,#3935,#2208,.T.);
#5020=EDGE_CURVE('',#3935,#3932,#403,.T.);
#5021=EDGE_CURVE('',#3936,#3934,#404,.T.);
#5022=EDGE_CURVE('',#3936,#3937,#2209,.T.);
#5023=EDGE_CURVE('',#3937,#3935,#405,.T.);
#5024=EDGE_CURVE('',#3938,#3936,#406,.T.);
#5025=EDGE_CURVE('',#3938,#3939,#2210,.T.);
#5026=EDGE_CURVE('',#3939,#3937,#407,.T.);
#5027=EDGE_CURVE('',#3940,#3938,#408,.T.);
#5028=EDGE_CURVE('',#3940,#3941,#2211,.T.);
#5029=EDGE_CURVE('',#3941,#3939,#409,.T.);
#5030=EDGE_CURVE('',#3942,#3940,#410,.T.);
#5031=EDGE_CURVE('',#3942,#3943,#2212,.T.);
#5032=EDGE_CURVE('',#3943,#3941,#411,.T.);
#5033=EDGE_CURVE('',#3944,#3942,#412,.T.);
#5034=EDGE_CURVE('',#3944,#3945,#2213,.T.);
#5035=EDGE_CURVE('',#3945,#3943,#413,.T.);
#5036=EDGE_CURVE('',#3946,#3944,#2214,.T.);
#5037=EDGE_CURVE('',#3946,#3947,#2215,.T.);
#5038=EDGE_CURVE('',#3947,#3945,#2216,.T.);
#5039=EDGE_CURVE('',#3948,#3946,#414,.T.);
#5040=EDGE_CURVE('',#3948,#3949,#2217,.T.);
#5041=EDGE_CURVE('',#3949,#3947,#415,.T.);
#5042=EDGE_CURVE('',#3950,#3948,#416,.T.);
#5043=EDGE_CURVE('',#3950,#3951,#2218,.T.);
#5044=EDGE_CURVE('',#3951,#3949,#417,.T.);
#5045=EDGE_CURVE('',#3952,#3950,#418,.T.);
#5046=EDGE_CURVE('',#3952,#3953,#2219,.T.);
#5047=EDGE_CURVE('',#3953,#3951,#419,.T.);
#5048=EDGE_CURVE('',#3954,#3952,#420,.T.);
#5049=EDGE_CURVE('',#3954,#3955,#2220,.T.);
#5050=EDGE_CURVE('',#3955,#3953,#421,.T.);
#5051=EDGE_CURVE('',#3956,#3954,#2221,.T.);
#5052=EDGE_CURVE('',#3956,#3957,#2222,.T.);
#5053=EDGE_CURVE('',#3957,#3955,#2223,.T.);
#5054=EDGE_CURVE('',#3958,#3956,#422,.T.);
#5055=EDGE_CURVE('',#3958,#3959,#2224,.T.);
#5056=EDGE_CURVE('',#3959,#3957,#423,.T.);
#5057=EDGE_CURVE('',#3960,#3958,#424,.T.);
#5058=EDGE_CURVE('',#3960,#3961,#2225,.T.);
#5059=EDGE_CURVE('',#3961,#3959,#425,.T.);
#5060=EDGE_CURVE('',#3962,#3960,#426,.T.);
#5061=EDGE_CURVE('',#3962,#3963,#2226,.T.);
#5062=EDGE_CURVE('',#3963,#3961,#427,.T.);
#5063=EDGE_CURVE('',#3964,#3962,#428,.T.);
#5064=EDGE_CURVE('',#3964,#3965,#2227,.T.);
#5065=EDGE_CURVE('',#3965,#3963,#429,.T.);
#5066=EDGE_CURVE('',#3966,#3964,#430,.T.);
#5067=EDGE_CURVE('',#3966,#3967,#2228,.T.);
#5068=EDGE_CURVE('',#3967,#3965,#431,.T.);
#5069=EDGE_CURVE('',#3968,#3966,#432,.T.);
#5070=EDGE_CURVE('',#3968,#3969,#2229,.T.);
#5071=EDGE_CURVE('',#3969,#3967,#433,.T.);
#5072=EDGE_CURVE('',#3970,#3968,#434,.T.);
#5073=EDGE_CURVE('',#3970,#3971,#2230,.T.);
#5074=EDGE_CURVE('',#3971,#3969,#435,.T.);
#5075=EDGE_CURVE('',#3972,#3970,#2231,.T.);
#5076=EDGE_CURVE('',#3972,#3973,#2232,.T.);
#5077=EDGE_CURVE('',#3973,#3971,#2233,.T.);
#5078=EDGE_CURVE('',#3974,#3972,#2234,.T.);
#5079=EDGE_CURVE('',#3974,#3975,#2235,.T.);
#5080=EDGE_CURVE('',#3975,#3973,#2236,.T.);
#5081=EDGE_CURVE('',#3976,#3974,#2237,.T.);
#5082=EDGE_CURVE('',#3976,#3977,#2238,.T.);
#5083=EDGE_CURVE('',#3977,#3975,#2239,.T.);
#5084=EDGE_CURVE('',#3978,#3976,#2240,.T.);
#5085=EDGE_CURVE('',#3978,#3979,#2241,.T.);
#5086=EDGE_CURVE('',#3979,#3977,#2242,.T.);
#5087=EDGE_CURVE('',#3931,#3978,#436,.T.);
#5088=EDGE_CURVE('',#3933,#3979,#437,.T.);
#5089=EDGE_CURVE('',#3980,#3981,#438,.T.);
#5090=EDGE_CURVE('',#3980,#3982,#2243,.T.);
#5091=EDGE_CURVE('',#3982,#3983,#439,.T.);
#5092=EDGE_CURVE('',#3981,#3983,#2244,.T.);
#5093=EDGE_CURVE('',#3984,#3980,#440,.T.);
#5094=EDGE_CURVE('',#3984,#3985,#2245,.T.);
#5095=EDGE_CURVE('',#3985,#3982,#441,.T.);
#5096=EDGE_CURVE('',#3986,#3984,#442,.T.);
#5097=EDGE_CURVE('',#3986,#3987,#2246,.T.);
#5098=EDGE_CURVE('',#3987,#3985,#443,.T.);
#5099=EDGE_CURVE('',#3988,#3986,#444,.T.);
#5100=EDGE_CURVE('',#3988,#3989,#2247,.T.);
#5101=EDGE_CURVE('',#3989,#3987,#445,.T.);
#5102=EDGE_CURVE('',#3981,#3988,#2248,.T.);
#5103=EDGE_CURVE('',#3983,#3989,#2249,.T.);
#5104=EDGE_CURVE('',#3990,#3991,#446,.T.);
#5105=EDGE_CURVE('',#3990,#3992,#2250,.T.);
#5106=EDGE_CURVE('',#3992,#3993,#447,.T.);
#5107=EDGE_CURVE('',#3991,#3993,#2251,.T.);
#5108=EDGE_CURVE('',#3994,#3990,#448,.T.);
#5109=EDGE_CURVE('',#3994,#3995,#2252,.T.);
#5110=EDGE_CURVE('',#3995,#3992,#449,.T.);
#5111=EDGE_CURVE('',#3996,#3994,#450,.T.);
#5112=EDGE_CURVE('',#3996,#3997,#2253,.T.);
#5113=EDGE_CURVE('',#3997,#3995,#451,.T.);
#5114=EDGE_CURVE('',#3998,#3996,#452,.T.);
#5115=EDGE_CURVE('',#3998,#3999,#2254,.T.);
#5116=EDGE_CURVE('',#3999,#3997,#453,.T.);
#5117=EDGE_CURVE('',#4000,#3998,#454,.T.);
#5118=EDGE_CURVE('',#4000,#4001,#2255,.T.);
#5119=EDGE_CURVE('',#4001,#3999,#455,.T.);
#5120=EDGE_CURVE('',#4002,#4000,#456,.T.);
#5121=EDGE_CURVE('',#4002,#4003,#2256,.T.);
#5122=EDGE_CURVE('',#4003,#4001,#457,.T.);
#5123=EDGE_CURVE('',#4004,#4002,#458,.T.);
#5124=EDGE_CURVE('',#4004,#4005,#2257,.T.);
#5125=EDGE_CURVE('',#4005,#4003,#459,.T.);
#5126=EDGE_CURVE('',#4006,#4004,#460,.T.);
#5127=EDGE_CURVE('',#4006,#4007,#2258,.T.);
#5128=EDGE_CURVE('',#4007,#4005,#461,.T.);
#5129=EDGE_CURVE('',#4008,#4006,#462,.T.);
#5130=EDGE_CURVE('',#4008,#4009,#2259,.T.);
#5131=EDGE_CURVE('',#4009,#4007,#463,.T.);
#5132=EDGE_CURVE('',#4010,#4008,#2260,.T.);
#5133=EDGE_CURVE('',#4010,#4011,#2261,.T.);
#5134=EDGE_CURVE('',#4011,#4009,#2262,.T.);
#5135=EDGE_CURVE('',#4012,#4010,#464,.T.);
#5136=EDGE_CURVE('',#4012,#4013,#2263,.T.);
#5137=EDGE_CURVE('',#4013,#4011,#465,.T.);
#5138=EDGE_CURVE('',#4014,#4012,#466,.T.);
#5139=EDGE_CURVE('',#4014,#4015,#2264,.T.);
#5140=EDGE_CURVE('',#4015,#4013,#467,.T.);
#5141=EDGE_CURVE('',#4016,#4014,#468,.T.);
#5142=EDGE_CURVE('',#4016,#4017,#2265,.T.);
#5143=EDGE_CURVE('',#4017,#4015,#469,.T.);
#5144=EDGE_CURVE('',#4018,#4016,#470,.T.);
#5145=EDGE_CURVE('',#4018,#4019,#2266,.T.);
#5146=EDGE_CURVE('',#4019,#4017,#471,.T.);
#5147=EDGE_CURVE('',#4020,#4018,#2267,.T.);
#5148=EDGE_CURVE('',#4020,#4021,#2268,.T.);
#5149=EDGE_CURVE('',#4021,#4019,#2269,.T.);
#5150=EDGE_CURVE('',#4022,#4020,#2270,.T.);
#5151=EDGE_CURVE('',#4022,#4023,#2271,.T.);
#5152=EDGE_CURVE('',#4023,#4021,#2272,.T.);
#5153=EDGE_CURVE('',#3991,#4022,#472,.T.);
#5154=EDGE_CURVE('',#3993,#4023,#473,.T.);
#5155=EDGE_CURVE('',#4024,#4025,#474,.T.);
#5156=EDGE_CURVE('',#4024,#4026,#2273,.T.);
#5157=EDGE_CURVE('',#4026,#4027,#475,.T.);
#5158=EDGE_CURVE('',#4025,#4027,#2274,.T.);
#5159=EDGE_CURVE('',#4028,#4024,#476,.T.);
#5160=EDGE_CURVE('',#4028,#4029,#2275,.T.);
#5161=EDGE_CURVE('',#4029,#4026,#477,.T.);
#5162=EDGE_CURVE('',#4030,#4028,#478,.T.);
#5163=EDGE_CURVE('',#4030,#4031,#2276,.T.);
#5164=EDGE_CURVE('',#4031,#4029,#479,.T.);
#5165=EDGE_CURVE('',#4032,#4030,#480,.T.);
#5166=EDGE_CURVE('',#4032,#4033,#2277,.T.);
#5167=EDGE_CURVE('',#4033,#4031,#481,.T.);
#5168=EDGE_CURVE('',#4034,#4032,#482,.T.);
#5169=EDGE_CURVE('',#4034,#4035,#2278,.T.);
#5170=EDGE_CURVE('',#4035,#4033,#483,.T.);
#5171=EDGE_CURVE('',#4036,#4034,#484,.T.);
#5172=EDGE_CURVE('',#4036,#4037,#2279,.T.);
#5173=EDGE_CURVE('',#4037,#4035,#485,.T.);
#5174=EDGE_CURVE('',#4038,#4036,#486,.T.);
#5175=EDGE_CURVE('',#4038,#4039,#2280,.T.);
#5176=EDGE_CURVE('',#4039,#4037,#487,.T.);
#5177=EDGE_CURVE('',#4040,#4038,#488,.T.);
#5178=EDGE_CURVE('',#4040,#4041,#2281,.T.);
#5179=EDGE_CURVE('',#4041,#4039,#489,.T.);
#5180=EDGE_CURVE('',#4042,#4040,#490,.T.);
#5181=EDGE_CURVE('',#4042,#4043,#2282,.T.);
#5182=EDGE_CURVE('',#4043,#4041,#491,.T.);
#5183=EDGE_CURVE('',#4044,#4042,#492,.T.);
#5184=EDGE_CURVE('',#4044,#4045,#2283,.T.);
#5185=EDGE_CURVE('',#4045,#4043,#493,.T.);
#5186=EDGE_CURVE('',#4046,#4044,#494,.T.);
#5187=EDGE_CURVE('',#4046,#4047,#2284,.T.);
#5188=EDGE_CURVE('',#4047,#4045,#495,.T.);
#5189=EDGE_CURVE('',#4048,#4046,#496,.T.);
#5190=EDGE_CURVE('',#4048,#4049,#2285,.T.);
#5191=EDGE_CURVE('',#4049,#4047,#497,.T.);
#5192=EDGE_CURVE('',#4050,#4048,#2286,.T.);
#5193=EDGE_CURVE('',#4050,#4051,#2287,.T.);
#5194=EDGE_CURVE('',#4051,#4049,#2288,.T.);
#5195=EDGE_CURVE('',#4052,#4050,#498,.T.);
#5196=EDGE_CURVE('',#4052,#4053,#2289,.T.);
#5197=EDGE_CURVE('',#4053,#4051,#499,.T.);
#5198=EDGE_CURVE('',#4054,#4052,#500,.T.);
#5199=EDGE_CURVE('',#4054,#4055,#2290,.T.);
#5200=EDGE_CURVE('',#4055,#4053,#501,.T.);
#5201=EDGE_CURVE('',#4056,#4054,#502,.T.);
#5202=EDGE_CURVE('',#4056,#4057,#2291,.T.);
#5203=EDGE_CURVE('',#4057,#4055,#503,.T.);
#5204=EDGE_CURVE('',#4058,#4056,#504,.T.);
#5205=EDGE_CURVE('',#4058,#4059,#2292,.T.);
#5206=EDGE_CURVE('',#4059,#4057,#505,.T.);
#5207=EDGE_CURVE('',#4060,#4058,#506,.T.);
#5208=EDGE_CURVE('',#4060,#4061,#2293,.T.);
#5209=EDGE_CURVE('',#4061,#4059,#507,.T.);
#5210=EDGE_CURVE('',#4062,#4060,#508,.T.);
#5211=EDGE_CURVE('',#4062,#4063,#2294,.T.);
#5212=EDGE_CURVE('',#4063,#4061,#509,.T.);
#5213=EDGE_CURVE('',#4064,#4062,#510,.T.);
#5214=EDGE_CURVE('',#4064,#4065,#2295,.T.);
#5215=EDGE_CURVE('',#4065,#4063,#511,.T.);
#5216=EDGE_CURVE('',#4066,#4064,#512,.T.);
#5217=EDGE_CURVE('',#4066,#4067,#2296,.T.);
#5218=EDGE_CURVE('',#4067,#4065,#513,.T.);
#5219=EDGE_CURVE('',#4068,#4066,#514,.T.);
#5220=EDGE_CURVE('',#4068,#4069,#2297,.T.);
#5221=EDGE_CURVE('',#4069,#4067,#515,.T.);
#5222=EDGE_CURVE('',#4070,#4068,#516,.T.);
#5223=EDGE_CURVE('',#4070,#4071,#2298,.T.);
#5224=EDGE_CURVE('',#4071,#4069,#517,.T.);
#5225=EDGE_CURVE('',#4072,#4070,#518,.T.);
#5226=EDGE_CURVE('',#4072,#4073,#2299,.T.);
#5227=EDGE_CURVE('',#4073,#4071,#519,.T.);
#5228=EDGE_CURVE('',#4074,#4072,#520,.T.);
#5229=EDGE_CURVE('',#4074,#4075,#2300,.T.);
#5230=EDGE_CURVE('',#4075,#4073,#521,.T.);
#5231=EDGE_CURVE('',#4076,#4074,#522,.T.);
#5232=EDGE_CURVE('',#4076,#4077,#2301,.T.);
#5233=EDGE_CURVE('',#4077,#4075,#523,.T.);
#5234=EDGE_CURVE('',#4078,#4076,#2302,.T.);
#5235=EDGE_CURVE('',#4078,#4079,#2303,.T.);
#5236=EDGE_CURVE('',#4079,#4077,#2304,.T.);
#5237=EDGE_CURVE('',#4080,#4078,#524,.T.);
#5238=EDGE_CURVE('',#4080,#4081,#2305,.T.);
#5239=EDGE_CURVE('',#4081,#4079,#525,.T.);
#5240=EDGE_CURVE('',#4025,#4080,#526,.T.);
#5241=EDGE_CURVE('',#4027,#4081,#527,.T.);
#5242=EDGE_CURVE('',#4082,#4083,#2306,.T.);
#5243=EDGE_CURVE('',#4084,#4082,#2307,.T.);
#5244=EDGE_CURVE('',#4085,#4084,#2308,.T.);
#5245=EDGE_CURVE('',#4085,#4083,#2309,.T.);
#5246=EDGE_CURVE('',#4083,#4086,#2310,.T.);
#5247=EDGE_CURVE('',#4087,#4085,#2311,.T.);
#5248=EDGE_CURVE('',#4087,#4086,#2312,.T.);
#5249=EDGE_CURVE('',#4086,#4088,#2313,.T.);
#5250=EDGE_CURVE('',#4089,#4087,#2314,.T.);
#5251=EDGE_CURVE('',#4089,#4088,#2315,.T.);
#5252=EDGE_CURVE('',#4088,#4082,#2316,.T.);
#5253=EDGE_CURVE('',#4084,#4089,#2317,.T.);
#5254=EDGE_CURVE('',#4090,#4091,#528,.T.);
#5255=EDGE_CURVE('',#4092,#4091,#529,.T.);
#5256=EDGE_CURVE('',#4093,#4092,#530,.T.);
#5257=EDGE_CURVE('',#4093,#4090,#531,.T.);
#5258=EDGE_CURVE('',#4091,#4094,#532,.T.);
#5259=EDGE_CURVE('',#4095,#4094,#533,.T.);
#5260=EDGE_CURVE('',#4092,#4095,#534,.T.);
#5261=EDGE_CURVE('',#4094,#4096,#535,.T.);
#5262=EDGE_CURVE('',#4097,#4096,#536,.T.);
#5263=EDGE_CURVE('',#4095,#4097,#537,.T.);
#5264=EDGE_CURVE('',#4096,#4098,#538,.T.);
#5265=EDGE_CURVE('',#4099,#4098,#539,.T.);
#5266=EDGE_CURVE('',#4097,#4099,#540,.T.);
#5267=EDGE_CURVE('',#4098,#4100,#541,.T.);
#5268=EDGE_CURVE('',#4101,#4100,#542,.T.);
#5269=EDGE_CURVE('',#4099,#4101,#543,.T.);
#5270=EDGE_CURVE('',#4100,#4102,#544,.T.);
#5271=EDGE_CURVE('',#4103,#4102,#545,.T.);
#5272=EDGE_CURVE('',#4101,#4103,#546,.T.);
#5273=EDGE_CURVE('',#4102,#4104,#547,.T.);
#5274=EDGE_CURVE('',#4105,#4104,#548,.T.);
#5275=EDGE_CURVE('',#4103,#4105,#549,.T.);
#5276=EDGE_CURVE('',#4104,#4090,#550,.T.);
#5277=EDGE_CURVE('',#4105,#4093,#551,.T.);
#5278=EDGE_CURVE('',#4106,#4107,#552,.T.);
#5279=EDGE_CURVE('',#4108,#4106,#553,.T.);
#5280=EDGE_CURVE('',#4109,#4108,#554,.T.);
#5281=EDGE_CURVE('',#4109,#4107,#555,.T.);
#5282=EDGE_CURVE('',#4107,#4110,#556,.T.);
#5283=EDGE_CURVE('',#4111,#4109,#557,.T.);
#5284=EDGE_CURVE('',#4111,#4110,#558,.T.);
#5285=EDGE_CURVE('',#4110,#4112,#559,.T.);
#5286=EDGE_CURVE('',#4113,#4111,#560,.T.);
#5287=EDGE_CURVE('',#4113,#4112,#561,.T.);
#5288=EDGE_CURVE('',#4112,#4114,#562,.T.);
#5289=EDGE_CURVE('',#4115,#4113,#563,.T.);
#5290=EDGE_CURVE('',#4115,#4114,#564,.T.);
#5291=EDGE_CURVE('',#4114,#4116,#565,.T.);
#5292=EDGE_CURVE('',#4117,#4115,#566,.T.);
#5293=EDGE_CURVE('',#4117,#4116,#567,.T.);
#5294=EDGE_CURVE('',#4116,#4118,#568,.T.);
#5295=EDGE_CURVE('',#4119,#4117,#569,.T.);
#5296=EDGE_CURVE('',#4119,#4118,#570,.T.);
#5297=EDGE_CURVE('',#4118,#4120,#571,.T.);
#5298=EDGE_CURVE('',#4121,#4119,#572,.T.);
#5299=EDGE_CURVE('',#4121,#4120,#573,.T.);
#5300=EDGE_CURVE('',#4120,#4122,#574,.T.);
#5301=EDGE_CURVE('',#4123,#4121,#575,.T.);
#5302=EDGE_CURVE('',#4123,#4122,#576,.T.);
#5303=EDGE_CURVE('',#4122,#4124,#2318,.T.);
#5304=EDGE_CURVE('',#4125,#4123,#2319,.T.);
#5305=EDGE_CURVE('',#4125,#4124,#2320,.T.);
#5306=EDGE_CURVE('',#4124,#4126,#2321,.T.);
#5307=EDGE_CURVE('',#4127,#4125,#2322,.T.);
#5308=EDGE_CURVE('',#4127,#4126,#2323,.T.);
#5309=EDGE_CURVE('',#4126,#4128,#2324,.T.);
#5310=EDGE_CURVE('',#4129,#4127,#2325,.T.);
#5311=EDGE_CURVE('',#4129,#4128,#2326,.T.);
#5312=EDGE_CURVE('',#4128,#4130,#2327,.T.);
#5313=EDGE_CURVE('',#4131,#4129,#2328,.T.);
#5314=EDGE_CURVE('',#4131,#4130,#2329,.T.);
#5315=EDGE_CURVE('',#4130,#4106,#2330,.T.);
#5316=EDGE_CURVE('',#4108,#4131,#2331,.T.);
#5317=EDGE_CURVE('',#4132,#4133,#577,.T.);
#5318=EDGE_CURVE('',#4134,#4132,#578,.T.);
#5319=EDGE_CURVE('',#4135,#4134,#579,.T.);
#5320=EDGE_CURVE('',#4135,#4133,#580,.T.);
#5321=EDGE_CURVE('',#4133,#4136,#581,.T.);
#5322=EDGE_CURVE('',#4137,#4135,#582,.T.);
#5323=EDGE_CURVE('',#4137,#4136,#583,.T.);
#5324=EDGE_CURVE('',#4136,#4138,#584,.T.);
#5325=EDGE_CURVE('',#4139,#4137,#585,.T.);
#5326=EDGE_CURVE('',#4139,#4138,#586,.T.);
#5327=EDGE_CURVE('',#4138,#4140,#587,.T.);
#5328=EDGE_CURVE('',#4141,#4139,#588,.T.);
#5329=EDGE_CURVE('',#4141,#4140,#589,.T.);
#5330=EDGE_CURVE('',#4140,#4142,#590,.T.);
#5331=EDGE_CURVE('',#4143,#4141,#591,.T.);
#5332=EDGE_CURVE('',#4143,#4142,#592,.T.);
#5333=EDGE_CURVE('',#4142,#4144,#593,.T.);
#5334=EDGE_CURVE('',#4145,#4143,#594,.T.);
#5335=EDGE_CURVE('',#4145,#4144,#595,.T.);
#5336=EDGE_CURVE('',#4144,#4146,#2332,.T.);
#5337=EDGE_CURVE('',#4147,#4145,#2333,.T.);
#5338=EDGE_CURVE('',#4147,#4146,#596,.T.);
#5339=EDGE_CURVE('',#4146,#4148,#597,.T.);
#5340=EDGE_CURVE('',#4149,#4147,#598,.T.);
#5341=EDGE_CURVE('',#4149,#4148,#599,.T.);
#5342=EDGE_CURVE('',#4148,#4150,#600,.T.);
#5343=EDGE_CURVE('',#4151,#4149,#601,.T.);
#5344=EDGE_CURVE('',#4151,#4150,#602,.T.);
#5345=EDGE_CURVE('',#4150,#4152,#603,.T.);
#5346=EDGE_CURVE('',#4153,#4151,#604,.T.);
#5347=EDGE_CURVE('',#4153,#4152,#605,.T.);
#5348=EDGE_CURVE('',#4152,#4154,#606,.T.);
#5349=EDGE_CURVE('',#4155,#4153,#607,.T.);
#5350=EDGE_CURVE('',#4155,#4154,#608,.T.);
#5351=EDGE_CURVE('',#4154,#4156,#609,.T.);
#5352=EDGE_CURVE('',#4157,#4155,#610,.T.);
#5353=EDGE_CURVE('',#4157,#4156,#611,.T.);
#5354=EDGE_CURVE('',#4156,#4158,#612,.T.);
#5355=EDGE_CURVE('',#4159,#4157,#613,.T.);
#5356=EDGE_CURVE('',#4159,#4158,#614,.T.);
#5357=EDGE_CURVE('',#4158,#4160,#615,.T.);
#5358=EDGE_CURVE('',#4161,#4159,#616,.T.);
#5359=EDGE_CURVE('',#4161,#4160,#617,.T.);
#5360=EDGE_CURVE('',#4160,#4162,#618,.T.);
#5361=EDGE_CURVE('',#4163,#4161,#619,.T.);
#5362=EDGE_CURVE('',#4163,#4162,#620,.T.);
#5363=EDGE_CURVE('',#4162,#4164,#621,.T.);
#5364=EDGE_CURVE('',#4165,#4163,#622,.T.);
#5365=EDGE_CURVE('',#4165,#4164,#623,.T.);
#5366=EDGE_CURVE('',#4164,#4166,#624,.T.);
#5367=EDGE_CURVE('',#4167,#4165,#625,.T.);
#5368=EDGE_CURVE('',#4167,#4166,#626,.T.);
#5369=EDGE_CURVE('',#4166,#4168,#627,.T.);
#5370=EDGE_CURVE('',#4169,#4167,#628,.T.);
#5371=EDGE_CURVE('',#4169,#4168,#629,.T.);
#5372=EDGE_CURVE('',#4168,#4170,#630,.T.);
#5373=EDGE_CURVE('',#4171,#4169,#631,.T.);
#5374=EDGE_CURVE('',#4171,#4170,#632,.T.);
#5375=EDGE_CURVE('',#4170,#4172,#633,.T.);
#5376=EDGE_CURVE('',#4173,#4171,#634,.T.);
#5377=EDGE_CURVE('',#4173,#4172,#635,.T.);
#5378=EDGE_CURVE('',#4172,#4174,#2334,.T.);
#5379=EDGE_CURVE('',#4175,#4173,#2335,.T.);
#5380=EDGE_CURVE('',#4175,#4174,#636,.T.);
#5381=EDGE_CURVE('',#4174,#4176,#637,.T.);
#5382=EDGE_CURVE('',#4177,#4175,#638,.T.);
#5383=EDGE_CURVE('',#4177,#4176,#639,.T.);
#5384=EDGE_CURVE('',#4176,#4132,#640,.T.);
#5385=EDGE_CURVE('',#4134,#4177,#641,.T.);
#5386=EDGE_CURVE('',#4178,#4179,#2336,.T.);
#5387=EDGE_CURVE('',#4180,#4178,#2337,.T.);
#5388=EDGE_CURVE('',#4181,#4180,#2338,.T.);
#5389=EDGE_CURVE('',#4181,#4179,#642,.T.);
#5390=EDGE_CURVE('',#4179,#4182,#643,.T.);
#5391=EDGE_CURVE('',#4183,#4181,#644,.T.);
#5392=EDGE_CURVE('',#4183,#4182,#645,.T.);
#5393=EDGE_CURVE('',#4182,#4184,#646,.T.);
#5394=EDGE_CURVE('',#4185,#4183,#647,.T.);
#5395=EDGE_CURVE('',#4185,#4184,#648,.T.);
#5396=EDGE_CURVE('',#4184,#4186,#649,.T.);
#5397=EDGE_CURVE('',#4187,#4185,#650,.T.);
#5398=EDGE_CURVE('',#4187,#4186,#651,.T.);
#5399=EDGE_CURVE('',#4186,#4188,#652,.T.);
#5400=EDGE_CURVE('',#4189,#4187,#653,.T.);
#5401=EDGE_CURVE('',#4189,#4188,#2339,.T.);
#5402=EDGE_CURVE('',#4188,#4190,#2340,.T.);
#5403=EDGE_CURVE('',#4191,#4189,#2341,.T.);
#5404=EDGE_CURVE('',#4191,#4190,#2342,.T.);
#5405=EDGE_CURVE('',#4190,#4192,#2343,.T.);
#5406=EDGE_CURVE('',#4193,#4191,#2344,.T.);
#5407=EDGE_CURVE('',#4193,#4192,#2345,.T.);
#5408=EDGE_CURVE('',#4192,#4194,#2346,.T.);
#5409=EDGE_CURVE('',#4195,#4193,#2347,.T.);
#5410=EDGE_CURVE('',#4195,#4194,#654,.T.);
#5411=EDGE_CURVE('',#4194,#4196,#655,.T.);
#5412=EDGE_CURVE('',#4197,#4195,#656,.T.);
#5413=EDGE_CURVE('',#4197,#4196,#657,.T.);
#5414=EDGE_CURVE('',#4196,#4198,#658,.T.);
#5415=EDGE_CURVE('',#4199,#4197,#659,.T.);
#5416=EDGE_CURVE('',#4199,#4198,#660,.T.);
#5417=EDGE_CURVE('',#4198,#4200,#661,.T.);
#5418=EDGE_CURVE('',#4201,#4199,#662,.T.);
#5419=EDGE_CURVE('',#4201,#4200,#663,.T.);
#5420=EDGE_CURVE('',#4200,#4202,#664,.T.);
#5421=EDGE_CURVE('',#4203,#4201,#665,.T.);
#5422=EDGE_CURVE('',#4203,#4202,#666,.T.);
#5423=EDGE_CURVE('',#4202,#4204,#2348,.T.);
#5424=EDGE_CURVE('',#4205,#4203,#2349,.T.);
#5425=EDGE_CURVE('',#4205,#4204,#2350,.T.);
#5426=EDGE_CURVE('',#4204,#4206,#2351,.T.);
#5427=EDGE_CURVE('',#4207,#4205,#2352,.T.);
#5428=EDGE_CURVE('',#4207,#4206,#2353,.T.);
#5429=EDGE_CURVE('',#4206,#4208,#2354,.T.);
#5430=EDGE_CURVE('',#4209,#4207,#2355,.T.);
#5431=EDGE_CURVE('',#4209,#4208,#2356,.T.);
#5432=EDGE_CURVE('',#4208,#4178,#2357,.T.);
#5433=EDGE_CURVE('',#4180,#4209,#2358,.T.);
#5434=EDGE_CURVE('',#4210,#4211,#2359,.T.);
#5435=EDGE_CURVE('',#4212,#4211,#2360,.T.);
#5436=EDGE_CURVE('',#4213,#4212,#2361,.T.);
#5437=EDGE_CURVE('',#4213,#4210,#2362,.T.);
#5438=EDGE_CURVE('',#4211,#4214,#2363,.T.);
#5439=EDGE_CURVE('',#4215,#4214,#2364,.T.);
#5440=EDGE_CURVE('',#4212,#4215,#2365,.T.);
#5441=EDGE_CURVE('',#4214,#4210,#2366,.T.);
#5442=EDGE_CURVE('',#4215,#4213,#2367,.T.);
#5443=EDGE_CURVE('',#4216,#4217,#2368,.T.);
#5444=EDGE_CURVE('',#4218,#4216,#2369,.T.);
#5445=EDGE_CURVE('',#4219,#4218,#2370,.T.);
#5446=EDGE_CURVE('',#4219,#4217,#2371,.T.);
#5447=EDGE_CURVE('',#4217,#4220,#2372,.T.);
#5448=EDGE_CURVE('',#4221,#4219,#2373,.T.);
#5449=EDGE_CURVE('',#4221,#4220,#2374,.T.);
#5450=EDGE_CURVE('',#4220,#4222,#2375,.T.);
#5451=EDGE_CURVE('',#4223,#4221,#2376,.T.);
#5452=EDGE_CURVE('',#4223,#4222,#2377,.T.);
#5453=EDGE_CURVE('',#4222,#4224,#2378,.T.);
#5454=EDGE_CURVE('',#4225,#4223,#2379,.T.);
#5455=EDGE_CURVE('',#4225,#4224,#2380,.T.);
#5456=EDGE_CURVE('',#4224,#4226,#2381,.T.);
#5457=EDGE_CURVE('',#4227,#4225,#2382,.T.);
#5458=EDGE_CURVE('',#4227,#4226,#2383,.T.);
#5459=EDGE_CURVE('',#4226,#4228,#2384,.T.);
#5460=EDGE_CURVE('',#4229,#4227,#2385,.T.);
#5461=EDGE_CURVE('',#4229,#4228,#2386,.T.);
#5462=EDGE_CURVE('',#4228,#4230,#2387,.T.);
#5463=EDGE_CURVE('',#4231,#4229,#2388,.T.);
#5464=EDGE_CURVE('',#4231,#4230,#2389,.T.);
#5465=EDGE_CURVE('',#4230,#4216,#2390,.T.);
#5466=EDGE_CURVE('',#4218,#4231,#2391,.T.);
#5467=EDGE_CURVE('',#4232,#4233,#2392,.T.);
#5468=EDGE_CURVE('',#4234,#4232,#2393,.T.);
#5469=EDGE_CURVE('',#4235,#4234,#2394,.T.);
#5470=EDGE_CURVE('',#4235,#4233,#2395,.T.);
#5471=EDGE_CURVE('',#4233,#4236,#2396,.T.);
#5472=EDGE_CURVE('',#4237,#4235,#2397,.T.);
#5473=EDGE_CURVE('',#4237,#4236,#2398,.T.);
#5474=EDGE_CURVE('',#4236,#4238,#2399,.T.);
#5475=EDGE_CURVE('',#4239,#4237,#2400,.T.);
#5476=EDGE_CURVE('',#4239,#4238,#2401,.T.);
#5477=EDGE_CURVE('',#4238,#4232,#2402,.T.);
#5478=EDGE_CURVE('',#4234,#4239,#2403,.T.);
#5479=EDGE_CURVE('',#4240,#4241,#2404,.T.);
#5480=EDGE_CURVE('',#4242,#4240,#2405,.T.);
#5481=EDGE_CURVE('',#4243,#4242,#2406,.T.);
#5482=EDGE_CURVE('',#4243,#4241,#667,.T.);
#5483=EDGE_CURVE('',#4241,#4244,#668,.T.);
#5484=EDGE_CURVE('',#4245,#4243,#669,.T.);
#5485=EDGE_CURVE('',#4245,#4244,#670,.T.);
#5486=EDGE_CURVE('',#4244,#4246,#671,.T.);
#5487=EDGE_CURVE('',#4247,#4245,#672,.T.);
#5488=EDGE_CURVE('',#4247,#4246,#673,.T.);
#5489=EDGE_CURVE('',#4246,#4248,#674,.T.);
#5490=EDGE_CURVE('',#4249,#4247,#675,.T.);
#5491=EDGE_CURVE('',#4249,#4248,#676,.T.);
#5492=EDGE_CURVE('',#4248,#4250,#677,.T.);
#5493=EDGE_CURVE('',#4251,#4249,#678,.T.);
#5494=EDGE_CURVE('',#4251,#4250,#2407,.T.);
#5495=EDGE_CURVE('',#4250,#4252,#2408,.T.);
#5496=EDGE_CURVE('',#4253,#4251,#2409,.T.);
#5497=EDGE_CURVE('',#4253,#4252,#2410,.T.);
#5498=EDGE_CURVE('',#4252,#4254,#2411,.T.);
#5499=EDGE_CURVE('',#4255,#4253,#2412,.T.);
#5500=EDGE_CURVE('',#4255,#4254,#2413,.T.);
#5501=EDGE_CURVE('',#4254,#4256,#2414,.T.);
#5502=EDGE_CURVE('',#4257,#4255,#2415,.T.);
#5503=EDGE_CURVE('',#4257,#4256,#679,.T.);
#5504=EDGE_CURVE('',#4256,#4258,#680,.T.);
#5505=EDGE_CURVE('',#4259,#4257,#681,.T.);
#5506=EDGE_CURVE('',#4259,#4258,#682,.T.);
#5507=EDGE_CURVE('',#4258,#4260,#683,.T.);
#5508=EDGE_CURVE('',#4261,#4259,#684,.T.);
#5509=EDGE_CURVE('',#4261,#4260,#685,.T.);
#5510=EDGE_CURVE('',#4260,#4262,#686,.T.);
#5511=EDGE_CURVE('',#4263,#4261,#687,.T.);
#5512=EDGE_CURVE('',#4263,#4262,#688,.T.);
#5513=EDGE_CURVE('',#4262,#4264,#689,.T.);
#5514=EDGE_CURVE('',#4265,#4263,#690,.T.);
#5515=EDGE_CURVE('',#4265,#4264,#691,.T.);
#5516=EDGE_CURVE('',#4264,#4266,#2416,.T.);
#5517=EDGE_CURVE('',#4267,#4265,#2417,.T.);
#5518=EDGE_CURVE('',#4267,#4266,#2418,.T.);
#5519=EDGE_CURVE('',#4266,#4268,#2419,.T.);
#5520=EDGE_CURVE('',#4269,#4267,#2420,.T.);
#5521=EDGE_CURVE('',#4269,#4268,#2421,.T.);
#5522=EDGE_CURVE('',#4268,#4270,#2422,.T.);
#5523=EDGE_CURVE('',#4271,#4269,#2423,.T.);
#5524=EDGE_CURVE('',#4271,#4270,#2424,.T.);
#5525=EDGE_CURVE('',#4270,#4240,#2425,.T.);
#5526=EDGE_CURVE('',#4242,#4271,#2426,.T.);
#5527=EDGE_CURVE('',#4272,#4273,#2427,.T.);
#5528=EDGE_CURVE('',#4274,#4272,#2428,.T.);
#5529=EDGE_CURVE('',#4275,#4274,#2429,.T.);
#5530=EDGE_CURVE('',#4275,#4273,#2430,.T.);
#5531=EDGE_CURVE('',#4273,#4276,#2431,.T.);
#5532=EDGE_CURVE('',#4277,#4275,#2432,.T.);
#5533=EDGE_CURVE('',#4277,#4276,#2433,.T.);
#5534=EDGE_CURVE('',#4276,#4278,#2434,.T.);
#5535=EDGE_CURVE('',#4279,#4277,#2435,.T.);
#5536=EDGE_CURVE('',#4279,#4278,#2436,.T.);
#5537=EDGE_CURVE('',#4278,#4280,#2437,.T.);
#5538=EDGE_CURVE('',#4281,#4279,#2438,.T.);
#5539=EDGE_CURVE('',#4281,#4280,#2439,.T.);
#5540=EDGE_CURVE('',#4280,#4282,#2440,.T.);
#5541=EDGE_CURVE('',#4283,#4281,#2441,.T.);
#5542=EDGE_CURVE('',#4283,#4282,#2442,.T.);
#5543=EDGE_CURVE('',#4282,#4284,#2443,.T.);
#5544=EDGE_CURVE('',#4285,#4283,#2444,.T.);
#5545=EDGE_CURVE('',#4285,#4284,#2445,.T.);
#5546=EDGE_CURVE('',#4284,#4286,#2446,.T.);
#5547=EDGE_CURVE('',#4287,#4285,#2447,.T.);
#5548=EDGE_CURVE('',#4287,#4286,#2448,.T.);
#5549=EDGE_CURVE('',#4286,#4288,#2449,.T.);
#5550=EDGE_CURVE('',#4289,#4287,#2450,.T.);
#5551=EDGE_CURVE('',#4289,#4288,#2451,.T.);
#5552=EDGE_CURVE('',#4288,#4290,#2452,.T.);
#5553=EDGE_CURVE('',#4291,#4289,#2453,.T.);
#5554=EDGE_CURVE('',#4290,#4291,#2454,.T.);
#5555=EDGE_CURVE('',#4292,#4293,#2455,.T.);
#5556=EDGE_CURVE('',#4294,#4292,#2456,.T.);
#5557=EDGE_CURVE('',#4294,#4295,#2457,.T.);
#5558=EDGE_CURVE('',#4293,#4295,#2458,.T.);
#5559=EDGE_CURVE('',#4296,#4297,#2459,.T.);
#5560=EDGE_CURVE('',#4298,#4296,#2460,.T.);
#5561=EDGE_CURVE('',#4299,#4298,#2461,.T.);
#5562=EDGE_CURVE('',#4299,#4297,#2462,.T.);
#5563=EDGE_CURVE('',#4297,#4300,#2463,.T.);
#5564=EDGE_CURVE('',#4301,#4299,#2464,.T.);
#5565=EDGE_CURVE('',#4301,#4300,#2465,.T.);
#5566=EDGE_CURVE('',#4300,#4302,#2466,.T.);
#5567=EDGE_CURVE('',#4303,#4301,#2467,.T.);
#5568=EDGE_CURVE('',#4303,#4302,#2468,.T.);
#5569=EDGE_CURVE('',#4302,#4304,#2469,.T.);
#5570=EDGE_CURVE('',#4305,#4303,#2470,.T.);
#5571=EDGE_CURVE('',#4305,#4304,#2471,.T.);
#5572=EDGE_CURVE('',#4304,#4306,#2472,.T.);
#5573=EDGE_CURVE('',#4307,#4305,#2473,.T.);
#5574=EDGE_CURVE('',#4307,#4306,#2474,.T.);
#5575=EDGE_CURVE('',#4306,#4308,#2475,.T.);
#5576=EDGE_CURVE('',#4309,#4307,#2476,.T.);
#5577=EDGE_CURVE('',#4309,#4308,#2477,.T.);
#5578=EDGE_CURVE('',#4308,#4310,#2478,.T.);
#5579=EDGE_CURVE('',#4311,#4309,#2479,.T.);
#5580=EDGE_CURVE('',#4311,#4310,#2480,.T.);
#5581=EDGE_CURVE('',#4310,#4312,#2481,.T.);
#5582=EDGE_CURVE('',#4313,#4311,#2482,.T.);
#5583=EDGE_CURVE('',#4313,#4312,#2483,.T.);
#5584=EDGE_CURVE('',#4312,#4272,#2484,.T.);
#5585=EDGE_CURVE('',#4274,#4313,#2485,.T.);
#5586=EDGE_CURVE('',#4295,#4314,#2486,.T.);
#5587=EDGE_CURVE('',#4315,#4294,#2487,.T.);
#5588=EDGE_CURVE('',#4315,#4314,#2488,.T.);
#5589=EDGE_CURVE('',#4314,#4296,#2489,.T.);
#5590=EDGE_CURVE('',#4298,#4315,#2490,.T.);
#5591=EDGE_CURVE('',#4292,#4316,#2491,.T.);
#5592=EDGE_CURVE('',#4316,#4317,#2492,.T.);
#5593=EDGE_CURVE('',#4318,#4317,#2493,.T.);
#5594=EDGE_CURVE('',#4319,#4318,#2494,.T.);
#5595=EDGE_CURVE('',#4319,#4291,#2495,.T.);
#5596=EDGE_CURVE('',#4320,#4319,#29,.T.);
#5597=EDGE_CURVE('',#4321,#4320,#2496,.T.);
#5598=EDGE_CURVE('',#4322,#4321,#30,.T.);
#5599=EDGE_CURVE('',#4323,#4322,#2497,.T.);
#5600=EDGE_CURVE('',#4324,#4323,#2498,.T.);
#5601=EDGE_CURVE('',#4325,#4324,#31,.T.);
#5602=EDGE_CURVE('',#4326,#4325,#2499,.T.);
#5603=EDGE_CURVE('',#4327,#4326,#2500,.T.);
#5604=EDGE_CURVE('',#4328,#4327,#2501,.T.);
#5605=EDGE_CURVE('',#4329,#4328,#32,.T.);
#5606=EDGE_CURVE('',#4330,#4329,#2502,.T.);
#5607=EDGE_CURVE('',#4331,#4330,#2503,.T.);
#5608=EDGE_CURVE('',#4332,#4331,#33,.T.);
#5609=EDGE_CURVE('',#4333,#4332,#2504,.T.);
#5610=EDGE_CURVE('',#4334,#4333,#34,.T.);
#5611=EDGE_CURVE('',#4335,#4334,#2505,.T.);
#5612=EDGE_CURVE('',#4316,#4335,#35,.T.);
#5613=EDGE_CURVE('',#4293,#4336,#2506,.T.);
#5614=EDGE_CURVE('',#4336,#4337,#2507,.T.);
#5615=EDGE_CURVE('',#4337,#4338,#2508,.T.);
#5616=EDGE_CURVE('',#4338,#4339,#2509,.T.);
#5617=EDGE_CURVE('',#4339,#4290,#2510,.T.);
#5618=EDGE_CURVE('',#4340,#4340,#36,.T.);
#5619=EDGE_CURVE('',#4341,#4341,#37,.T.);
#5620=EDGE_CURVE('',#4342,#4342,#38,.T.);
#5621=EDGE_CURVE('',#4343,#4343,#39,.T.);
#5622=EDGE_CURVE('',#4344,#4344,#40,.T.);
#5623=EDGE_CURVE('',#4345,#4345,#41,.T.);
#5624=EDGE_CURVE('',#4346,#4347,#2511,.T.);
#5625=EDGE_CURVE('',#4347,#4348,#2512,.T.);
#5626=EDGE_CURVE('',#4348,#4349,#2513,.T.);
#5627=EDGE_CURVE('',#4349,#4346,#2514,.T.);
#5628=EDGE_CURVE('',#4350,#4351,#2515,.T.);
#5629=EDGE_CURVE('',#4351,#4352,#2516,.T.);
#5630=EDGE_CURVE('',#4352,#4353,#2517,.T.);
#5631=EDGE_CURVE('',#4353,#4350,#2518,.T.);
#5632=EDGE_CURVE('',#4354,#4355,#2519,.T.);
#5633=EDGE_CURVE('',#4355,#4356,#2520,.T.);
#5634=EDGE_CURVE('',#4356,#4357,#2521,.T.);
#5635=EDGE_CURVE('',#4357,#4354,#2522,.T.);
#5636=EDGE_CURVE('',#4358,#4359,#2523,.T.);
#5637=EDGE_CURVE('',#4359,#4360,#2524,.T.);
#5638=EDGE_CURVE('',#4360,#4361,#2525,.T.);
#5639=EDGE_CURVE('',#4361,#4358,#2526,.T.);
#5640=EDGE_CURVE('',#4362,#4363,#2527,.T.);
#5641=EDGE_CURVE('',#4363,#4364,#2528,.T.);
#5642=EDGE_CURVE('',#4364,#4365,#2529,.T.);
#5643=EDGE_CURVE('',#4365,#4362,#2530,.T.);
#5644=EDGE_CURVE('',#4366,#4367,#2531,.T.);
#5645=EDGE_CURVE('',#4367,#4368,#2532,.T.);
#5646=EDGE_CURVE('',#4368,#4369,#2533,.T.);
#5647=EDGE_CURVE('',#4369,#4366,#2534,.T.);
#5648=EDGE_CURVE('',#4370,#4371,#2535,.T.);
#5649=EDGE_CURVE('',#4371,#4372,#2536,.T.);
#5650=EDGE_CURVE('',#4372,#4373,#2537,.T.);
#5651=EDGE_CURVE('',#4373,#4370,#2538,.T.);
#5652=EDGE_CURVE('',#4374,#4375,#2539,.T.);
#5653=EDGE_CURVE('',#4375,#4376,#2540,.T.);
#5654=EDGE_CURVE('',#4376,#4377,#2541,.T.);
#5655=EDGE_CURVE('',#4377,#4374,#2542,.T.);
#5656=EDGE_CURVE('',#4378,#4379,#2543,.T.);
#5657=EDGE_CURVE('',#4379,#4380,#2544,.T.);
#5658=EDGE_CURVE('',#4378,#4380,#42,.T.);
#5659=EDGE_CURVE('',#4381,#4382,#2545,.T.);
#5660=EDGE_CURVE('',#4382,#4383,#2546,.T.);
#5661=EDGE_CURVE('',#4383,#4384,#2547,.T.);
#5662=EDGE_CURVE('',#4384,#4381,#2548,.T.);
#5663=EDGE_CURVE('',#4385,#4386,#2549,.T.);
#5664=EDGE_CURVE('',#4386,#4387,#2550,.T.);
#5665=EDGE_CURVE('',#4387,#4388,#2551,.T.);
#5666=EDGE_CURVE('',#4388,#4385,#2552,.T.);
#5667=EDGE_CURVE('',#4389,#4390,#2553,.T.);
#5668=EDGE_CURVE('',#4390,#4391,#2554,.T.);
#5669=EDGE_CURVE('',#4391,#4392,#2555,.T.);
#5670=EDGE_CURVE('',#4392,#4389,#2556,.T.);
#5671=EDGE_CURVE('',#4393,#4394,#2557,.T.);
#5672=EDGE_CURVE('',#4394,#4395,#2558,.T.);
#5673=EDGE_CURVE('',#4395,#4396,#2559,.T.);
#5674=EDGE_CURVE('',#4396,#4393,#2560,.T.);
#5675=EDGE_CURVE('',#4397,#4398,#2561,.T.);
#5676=EDGE_CURVE('',#4398,#4399,#2562,.T.);
#5677=EDGE_CURVE('',#4399,#4400,#2563,.T.);
#5678=EDGE_CURVE('',#4400,#4397,#2564,.T.);
#5679=EDGE_CURVE('',#4401,#4402,#2565,.T.);
#5680=EDGE_CURVE('',#4402,#4403,#2566,.T.);
#5681=EDGE_CURVE('',#4403,#4404,#2567,.T.);
#5682=EDGE_CURVE('',#4404,#4401,#2568,.T.);
#5683=EDGE_CURVE('',#4405,#4406,#2569,.T.);
#5684=EDGE_CURVE('',#4406,#4407,#2570,.T.);
#5685=EDGE_CURVE('',#4407,#4408,#2571,.T.);
#5686=EDGE_CURVE('',#4408,#4405,#2572,.T.);
#5687=EDGE_CURVE('',#4409,#4410,#2573,.T.);
#5688=EDGE_CURVE('',#4410,#4411,#2574,.T.);
#5689=EDGE_CURVE('',#4411,#4412,#2575,.T.);
#5690=EDGE_CURVE('',#4412,#4409,#2576,.T.);
#5691=EDGE_CURVE('',#4413,#4414,#2577,.T.);
#5692=EDGE_CURVE('',#4414,#4415,#2578,.T.);
#5693=EDGE_CURVE('',#4415,#4416,#2579,.T.);
#5694=EDGE_CURVE('',#4416,#4413,#2580,.T.);
#5695=EDGE_CURVE('',#4417,#4418,#2581,.T.);
#5696=EDGE_CURVE('',#4418,#4419,#2582,.T.);
#5697=EDGE_CURVE('',#4419,#4420,#2583,.T.);
#5698=EDGE_CURVE('',#4420,#4417,#2584,.T.);
#5699=EDGE_CURVE('',#4421,#4422,#2585,.T.);
#5700=EDGE_CURVE('',#4422,#4423,#2586,.T.);
#5701=EDGE_CURVE('',#4423,#4424,#2587,.T.);
#5702=EDGE_CURVE('',#4424,#4421,#2588,.T.);
#5703=EDGE_CURVE('',#4425,#4426,#2589,.T.);
#5704=EDGE_CURVE('',#4426,#4427,#2590,.T.);
#5705=EDGE_CURVE('',#4427,#4428,#2591,.T.);
#5706=EDGE_CURVE('',#4428,#4425,#2592,.T.);
#5707=EDGE_CURVE('',#4429,#4430,#2593,.T.);
#5708=EDGE_CURVE('',#4430,#4431,#2594,.T.);
#5709=EDGE_CURVE('',#4431,#4432,#2595,.T.);
#5710=EDGE_CURVE('',#4432,#4429,#2596,.T.);
#5711=EDGE_CURVE('',#4340,#4433,#2597,.T.);
#5712=EDGE_CURVE('',#4433,#4433,#43,.T.);
#5713=EDGE_CURVE('',#4341,#4434,#2598,.T.);
#5714=EDGE_CURVE('',#4434,#4434,#44,.T.);
#5715=EDGE_CURVE('',#4435,#4435,#45,.T.);
#5716=EDGE_CURVE('',#4435,#4342,#2599,.T.);
#5717=EDGE_CURVE('',#4436,#4436,#46,.T.);
#5718=EDGE_CURVE('',#4436,#4343,#2600,.T.);
#5719=EDGE_CURVE('',#4437,#4437,#47,.T.);
#5720=EDGE_CURVE('',#4437,#4344,#2601,.T.);
#5721=EDGE_CURVE('',#4438,#4438,#48,.T.);
#5722=EDGE_CURVE('',#4438,#4345,#2602,.T.);
#5723=EDGE_CURVE('',#4332,#4439,#2603,.T.);
#5724=EDGE_CURVE('',#4440,#4439,#2604,.T.);
#5725=EDGE_CURVE('',#4333,#4440,#2605,.T.);
#5726=EDGE_CURVE('',#4441,#4440,#49,.T.);
#5727=EDGE_CURVE('',#4334,#4441,#2606,.T.);
#5728=EDGE_CURVE('',#4442,#4441,#2607,.T.);
#5729=EDGE_CURVE('',#4335,#4442,#2608,.T.);
#5730=EDGE_CURVE('',#4317,#4442,#50,.T.);
#5731=EDGE_CURVE('',#4443,#4318,#51,.T.);
#5732=EDGE_CURVE('',#4320,#4443,#2609,.T.);
#5733=EDGE_CURVE('',#4444,#4443,#2610,.T.);
#5734=EDGE_CURVE('',#4321,#4444,#2611,.T.);
#5735=EDGE_CURVE('',#4445,#4444,#52,.T.);
#5736=EDGE_CURVE('',#4322,#4445,#2612,.T.);
#5737=EDGE_CURVE('',#4446,#4445,#2613,.T.);
#5738=EDGE_CURVE('',#4323,#4446,#2614,.T.);
#5739=EDGE_CURVE('',#4447,#4446,#2615,.T.);
#5740=EDGE_CURVE('',#4324,#4447,#2616,.T.);
#5741=EDGE_CURVE('',#4448,#4447,#53,.T.);
#5742=EDGE_CURVE('',#4325,#4448,#2617,.T.);
#5743=EDGE_CURVE('',#4449,#4448,#2618,.T.);
#5744=EDGE_CURVE('',#4326,#4449,#2619,.T.);
#5745=EDGE_CURVE('',#4450,#4449,#2620,.T.);
#5746=EDGE_CURVE('',#4327,#4450,#2621,.T.);
#5747=EDGE_CURVE('',#4451,#4450,#2622,.T.);
#5748=EDGE_CURVE('',#4328,#4451,#2623,.T.);
#5749=EDGE_CURVE('',#4452,#4451,#54,.T.);
#5750=EDGE_CURVE('',#4329,#4452,#2624,.T.);
#5751=EDGE_CURVE('',#4453,#4452,#2625,.T.);
#5752=EDGE_CURVE('',#4330,#4453,#2626,.T.);
#5753=EDGE_CURVE('',#4454,#4453,#2627,.T.);
#5754=EDGE_CURVE('',#4331,#4454,#2628,.T.);
#5755=EDGE_CURVE('',#4439,#4454,#55,.T.);
#5756=EDGE_CURVE('',#4455,#4456,#2629,.T.);
#5757=EDGE_CURVE('',#4455,#4339,#2630,.T.);
#5758=EDGE_CURVE('',#4456,#4338,#2631,.T.);
#5759=EDGE_CURVE('',#4457,#4455,#2632,.T.);
#5760=EDGE_CURVE('',#4457,#4336,#2633,.T.);
#5761=EDGE_CURVE('',#4458,#4457,#2634,.T.);
#5762=EDGE_CURVE('',#4458,#4337,#2635,.T.);
#5763=EDGE_CURVE('',#4456,#4458,#2636,.T.);
#5764=EDGE_CURVE('',#4459,#4460,#2637,.T.);
#5765=EDGE_CURVE('',#4459,#4347,#2638,.T.);
#5766=EDGE_CURVE('',#4460,#4346,#2639,.T.);
#5767=EDGE_CURVE('',#4461,#4459,#2640,.T.);
#5768=EDGE_CURVE('',#4461,#4348,#2641,.T.);
#5769=EDGE_CURVE('',#4462,#4461,#2642,.T.);
#5770=EDGE_CURVE('',#4462,#4349,#2643,.T.);
#5771=EDGE_CURVE('',#4460,#4462,#2644,.T.);
#5772=EDGE_CURVE('',#4463,#4464,#2645,.T.);
#5773=EDGE_CURVE('',#4463,#4351,#2646,.T.);
#5774=EDGE_CURVE('',#4464,#4350,#2647,.T.);
#5775=EDGE_CURVE('',#4465,#4463,#2648,.T.);
#5776=EDGE_CURVE('',#4465,#4352,#2649,.T.);
#5777=EDGE_CURVE('',#4466,#4465,#2650,.T.);
#5778=EDGE_CURVE('',#4466,#4353,#2651,.T.);
#5779=EDGE_CURVE('',#4464,#4466,#2652,.T.);
#5780=EDGE_CURVE('',#4467,#4468,#2653,.T.);
#5781=EDGE_CURVE('',#4467,#4430,#2654,.T.);
#5782=EDGE_CURVE('',#4468,#4429,#2655,.T.);
#5783=EDGE_CURVE('',#4469,#4467,#2656,.T.);
#5784=EDGE_CURVE('',#4469,#4431,#2657,.T.);
#5785=EDGE_CURVE('',#4470,#4469,#2658,.T.);
#5786=EDGE_CURVE('',#4470,#4432,#2659,.T.);
#5787=EDGE_CURVE('',#4468,#4470,#2660,.T.);
#5788=EDGE_CURVE('',#4471,#4472,#2661,.T.);
#5789=EDGE_CURVE('',#4471,#4426,#2662,.T.);
#5790=EDGE_CURVE('',#4472,#4425,#2663,.T.);
#5791=EDGE_CURVE('',#4473,#4471,#2664,.T.);
#5792=EDGE_CURVE('',#4473,#4427,#2665,.T.);
#5793=EDGE_CURVE('',#4474,#4473,#2666,.T.);
#5794=EDGE_CURVE('',#4474,#4428,#2667,.T.);
#5795=EDGE_CURVE('',#4472,#4474,#2668,.T.);
#5796=EDGE_CURVE('',#4475,#4476,#2669,.T.);
#5797=EDGE_CURVE('',#4475,#4422,#2670,.T.);
#5798=EDGE_CURVE('',#4476,#4421,#2671,.T.);
#5799=EDGE_CURVE('',#4477,#4475,#2672,.T.);
#5800=EDGE_CURVE('',#4477,#4423,#2673,.T.);
#5801=EDGE_CURVE('',#4478,#4477,#2674,.T.);
#5802=EDGE_CURVE('',#4478,#4424,#2675,.T.);
#5803=EDGE_CURVE('',#4476,#4478,#2676,.T.);
#5804=EDGE_CURVE('',#4479,#4480,#2677,.T.);
#5805=EDGE_CURVE('',#4479,#4418,#2678,.T.);
#5806=EDGE_CURVE('',#4480,#4417,#2679,.T.);
#5807=EDGE_CURVE('',#4481,#4479,#2680,.T.);
#5808=EDGE_CURVE('',#4481,#4419,#2681,.T.);
#5809=EDGE_CURVE('',#4482,#4481,#2682,.T.);
#5810=EDGE_CURVE('',#4482,#4420,#2683,.T.);
#5811=EDGE_CURVE('',#4480,#4482,#2684,.T.);
#5812=EDGE_CURVE('',#4483,#4484,#2685,.T.);
#5813=EDGE_CURVE('',#4483,#4414,#2686,.T.);
#5814=EDGE_CURVE('',#4484,#4413,#2687,.T.);
#5815=EDGE_CURVE('',#4485,#4483,#2688,.T.);
#5816=EDGE_CURVE('',#4485,#4415,#2689,.T.);
#5817=EDGE_CURVE('',#4486,#4485,#2690,.T.);
#5818=EDGE_CURVE('',#4486,#4416,#2691,.T.);
#5819=EDGE_CURVE('',#4484,#4486,#2692,.T.);
#5820=EDGE_CURVE('',#4487,#4488,#2693,.T.);
#5821=EDGE_CURVE('',#4487,#4410,#2694,.T.);
#5822=EDGE_CURVE('',#4488,#4409,#2695,.T.);
#5823=EDGE_CURVE('',#4489,#4487,#2696,.T.);
#5824=EDGE_CURVE('',#4489,#4411,#2697,.T.);
#5825=EDGE_CURVE('',#4490,#4489,#2698,.T.);
#5826=EDGE_CURVE('',#4490,#4412,#2699,.T.);
#5827=EDGE_CURVE('',#4488,#4490,#2700,.T.);
#5828=EDGE_CURVE('',#4491,#4492,#2701,.T.);
#5829=EDGE_CURVE('',#4491,#4406,#2702,.T.);
#5830=EDGE_CURVE('',#4492,#4405,#2703,.T.);
#5831=EDGE_CURVE('',#4493,#4491,#2704,.T.);
#5832=EDGE_CURVE('',#4493,#4407,#2705,.T.);
#5833=EDGE_CURVE('',#4494,#4493,#2706,.T.);
#5834=EDGE_CURVE('',#4494,#4408,#2707,.T.);
#5835=EDGE_CURVE('',#4492,#4494,#2708,.T.);
#5836=EDGE_CURVE('',#4495,#4496,#2709,.T.);
#5837=EDGE_CURVE('',#4495,#4402,#2710,.T.);
#5838=EDGE_CURVE('',#4496,#4401,#2711,.T.);
#5839=EDGE_CURVE('',#4497,#4495,#2712,.T.);
#5840=EDGE_CURVE('',#4497,#4403,#2713,.T.);
#5841=EDGE_CURVE('',#4498,#4497,#2714,.T.);
#5842=EDGE_CURVE('',#4498,#4404,#2715,.T.);
#5843=EDGE_CURVE('',#4496,#4498,#2716,.T.);
#5844=EDGE_CURVE('',#4499,#4500,#2717,.T.);
#5845=EDGE_CURVE('',#4499,#4398,#2718,.T.);
#5846=EDGE_CURVE('',#4500,#4397,#2719,.T.);
#5847=EDGE_CURVE('',#4501,#4499,#2720,.T.);
#5848=EDGE_CURVE('',#4501,#4399,#2721,.T.);
#5849=EDGE_CURVE('',#4502,#4501,#2722,.T.);
#5850=EDGE_CURVE('',#4502,#4400,#2723,.T.);
#5851=EDGE_CURVE('',#4500,#4502,#2724,.T.);
#5852=EDGE_CURVE('',#4503,#4504,#2725,.T.);
#5853=EDGE_CURVE('',#4503,#4394,#2726,.T.);
#5854=EDGE_CURVE('',#4504,#4393,#2727,.T.);
#5855=EDGE_CURVE('',#4505,#4503,#2728,.T.);
#5856=EDGE_CURVE('',#4505,#4395,#2729,.T.);
#5857=EDGE_CURVE('',#4506,#4505,#2730,.T.);
#5858=EDGE_CURVE('',#4506,#4396,#2731,.T.);
#5859=EDGE_CURVE('',#4504,#4506,#2732,.T.);
#5860=EDGE_CURVE('',#4507,#4508,#2733,.T.);
#5861=EDGE_CURVE('',#4507,#4390,#2734,.T.);
#5862=EDGE_CURVE('',#4508,#4389,#2735,.T.);
#5863=EDGE_CURVE('',#4509,#4507,#2736,.T.);
#5864=EDGE_CURVE('',#4509,#4391,#2737,.T.);
#5865=EDGE_CURVE('',#4510,#4509,#2738,.T.);
#5866=EDGE_CURVE('',#4510,#4392,#2739,.T.);
#5867=EDGE_CURVE('',#4508,#4510,#2740,.T.);
#5868=EDGE_CURVE('',#4511,#4512,#2741,.T.);
#5869=EDGE_CURVE('',#4511,#4386,#2742,.T.);
#5870=EDGE_CURVE('',#4512,#4385,#2743,.T.);
#5871=EDGE_CURVE('',#4513,#4511,#2744,.T.);
#5872=EDGE_CURVE('',#4513,#4387,#2745,.T.);
#5873=EDGE_CURVE('',#4514,#4513,#2746,.T.);
#5874=EDGE_CURVE('',#4514,#4388,#2747,.T.);
#5875=EDGE_CURVE('',#4512,#4514,#2748,.T.);
#5876=EDGE_CURVE('',#4515,#4516,#2749,.T.);
#5877=EDGE_CURVE('',#4515,#4382,#2750,.T.);
#5878=EDGE_CURVE('',#4516,#4381,#2751,.T.);
#5879=EDGE_CURVE('',#4517,#4515,#2752,.T.);
#5880=EDGE_CURVE('',#4517,#4383,#2753,.T.);
#5881=EDGE_CURVE('',#4518,#4517,#2754,.T.);
#5882=EDGE_CURVE('',#4518,#4384,#2755,.T.);
#5883=EDGE_CURVE('',#4516,#4518,#2756,.T.);
#5884=EDGE_CURVE('',#4519,#4520,#2757,.T.);
#5885=EDGE_CURVE('',#4519,#4355,#2758,.T.);
#5886=EDGE_CURVE('',#4520,#4354,#2759,.T.);
#5887=EDGE_CURVE('',#4521,#4519,#2760,.T.);
#5888=EDGE_CURVE('',#4521,#4356,#2761,.T.);
#5889=EDGE_CURVE('',#4522,#4521,#2762,.T.);
#5890=EDGE_CURVE('',#4522,#4357,#2763,.T.);
#5891=EDGE_CURVE('',#4520,#4522,#2764,.T.);
#5892=EDGE_CURVE('',#4523,#4524,#2765,.T.);
#5893=EDGE_CURVE('',#4523,#4359,#2766,.T.);
#5894=EDGE_CURVE('',#4524,#4358,#2767,.T.);
#5895=EDGE_CURVE('',#4525,#4523,#2768,.T.);
#5896=EDGE_CURVE('',#4525,#4360,#2769,.T.);
#5897=EDGE_CURVE('',#4526,#4525,#2770,.T.);
#5898=EDGE_CURVE('',#4526,#4361,#2771,.T.);
#5899=EDGE_CURVE('',#4524,#4526,#2772,.T.);
#5900=EDGE_CURVE('',#4527,#4528,#2773,.T.);
#5901=EDGE_CURVE('',#4527,#4363,#2774,.T.);
#5902=EDGE_CURVE('',#4528,#4362,#2775,.T.);
#5903=EDGE_CURVE('',#4529,#4527,#2776,.T.);
#5904=EDGE_CURVE('',#4529,#4364,#2777,.T.);
#5905=EDGE_CURVE('',#4530,#4529,#2778,.T.);
#5906=EDGE_CURVE('',#4530,#4365,#2779,.T.);
#5907=EDGE_CURVE('',#4528,#4530,#2780,.T.);
#5908=EDGE_CURVE('',#4531,#4532,#2781,.T.);
#5909=EDGE_CURVE('',#4531,#4367,#2782,.T.);
#5910=EDGE_CURVE('',#4532,#4366,#2783,.T.);
#5911=EDGE_CURVE('',#4533,#4531,#2784,.T.);
#5912=EDGE_CURVE('',#4533,#4368,#2785,.T.);
#5913=EDGE_CURVE('',#4534,#4533,#2786,.T.);
#5914=EDGE_CURVE('',#4534,#4369,#2787,.T.);
#5915=EDGE_CURVE('',#4532,#4534,#2788,.T.);
#5916=EDGE_CURVE('',#4535,#4536,#2789,.T.);
#5917=EDGE_CURVE('',#4535,#4371,#2790,.T.);
#5918=EDGE_CURVE('',#4536,#4370,#2791,.T.);
#5919=EDGE_CURVE('',#4537,#4535,#2792,.T.);
#5920=EDGE_CURVE('',#4537,#4372,#2793,.T.);
#5921=EDGE_CURVE('',#4538,#4537,#2794,.T.);
#5922=EDGE_CURVE('',#4538,#4373,#2795,.T.);
#5923=EDGE_CURVE('',#4536,#4538,#2796,.T.);
#5924=EDGE_CURVE('',#4539,#4540,#2797,.T.);
#5925=EDGE_CURVE('',#4539,#4375,#2798,.T.);
#5926=EDGE_CURVE('',#4540,#4374,#2799,.T.);
#5927=EDGE_CURVE('',#4541,#4539,#2800,.T.);
#5928=EDGE_CURVE('',#4541,#4376,#2801,.T.);
#5929=EDGE_CURVE('',#4542,#4541,#2802,.T.);
#5930=EDGE_CURVE('',#4542,#4377,#2803,.T.);
#5931=EDGE_CURVE('',#4540,#4542,#2804,.T.);
#5932=EDGE_CURVE('',#4379,#4543,#2805,.T.);
#5933=EDGE_CURVE('',#4544,#4543,#2806,.T.);
#5934=EDGE_CURVE('',#4380,#4544,#2807,.T.);
#5935=EDGE_CURVE('',#4545,#4544,#56,.T.);
#5936=EDGE_CURVE('',#4378,#4545,#2808,.T.);
#5937=EDGE_CURVE('',#4543,#4545,#2809,.T.);
#5938=ORIENTED_EDGE('',*,*,#4546,.F.);
#5939=ORIENTED_EDGE('',*,*,#4547,.T.);
#5940=ORIENTED_EDGE('',*,*,#4548,.T.);
#5941=ORIENTED_EDGE('',*,*,#4549,.F.);
#5942=ORIENTED_EDGE('',*,*,#4550,.F.);
#5943=ORIENTED_EDGE('',*,*,#4551,.T.);
#5944=ORIENTED_EDGE('',*,*,#4552,.T.);
#5945=ORIENTED_EDGE('',*,*,#4547,.F.);
#5946=ORIENTED_EDGE('',*,*,#4553,.F.);
#5947=ORIENTED_EDGE('',*,*,#4554,.T.);
#5948=ORIENTED_EDGE('',*,*,#4555,.T.);
#5949=ORIENTED_EDGE('',*,*,#4551,.F.);
#5950=ORIENTED_EDGE('',*,*,#4556,.F.);
#5951=ORIENTED_EDGE('',*,*,#4557,.T.);
#5952=ORIENTED_EDGE('',*,*,#4558,.T.);
#5953=ORIENTED_EDGE('',*,*,#4554,.F.);
#5954=ORIENTED_EDGE('',*,*,#4559,.F.);
#5955=ORIENTED_EDGE('',*,*,#4560,.T.);
#5956=ORIENTED_EDGE('',*,*,#4561,.T.);
#5957=ORIENTED_EDGE('',*,*,#4557,.F.);
#5958=ORIENTED_EDGE('',*,*,#4562,.F.);
#5959=ORIENTED_EDGE('',*,*,#4563,.T.);
#5960=ORIENTED_EDGE('',*,*,#4564,.T.);
#5961=ORIENTED_EDGE('',*,*,#4560,.F.);
#5962=ORIENTED_EDGE('',*,*,#4565,.F.);
#5963=ORIENTED_EDGE('',*,*,#4566,.T.);
#5964=ORIENTED_EDGE('',*,*,#4567,.T.);
#5965=ORIENTED_EDGE('',*,*,#4563,.F.);
#5966=ORIENTED_EDGE('',*,*,#4568,.F.);
#5967=ORIENTED_EDGE('',*,*,#4569,.T.);
#5968=ORIENTED_EDGE('',*,*,#4570,.T.);
#5969=ORIENTED_EDGE('',*,*,#4566,.F.);
#5970=ORIENTED_EDGE('',*,*,#4571,.F.);
#5971=ORIENTED_EDGE('',*,*,#4572,.T.);
#5972=ORIENTED_EDGE('',*,*,#4573,.T.);
#5973=ORIENTED_EDGE('',*,*,#4569,.F.);
#5974=ORIENTED_EDGE('',*,*,#4574,.F.);
#5975=ORIENTED_EDGE('',*,*,#4575,.T.);
#5976=ORIENTED_EDGE('',*,*,#4576,.T.);
#5977=ORIENTED_EDGE('',*,*,#4572,.F.);
#5978=ORIENTED_EDGE('',*,*,#4577,.F.);
#5979=ORIENTED_EDGE('',*,*,#4578,.T.);
#5980=ORIENTED_EDGE('',*,*,#4579,.T.);
#5981=ORIENTED_EDGE('',*,*,#4575,.F.);
#5982=ORIENTED_EDGE('',*,*,#4580,.F.);
#5983=ORIENTED_EDGE('',*,*,#4549,.T.);
#5984=ORIENTED_EDGE('',*,*,#4581,.T.);
#5985=ORIENTED_EDGE('',*,*,#4578,.F.);
#5986=ORIENTED_EDGE('',*,*,#4581,.F.);
#5987=ORIENTED_EDGE('',*,*,#4548,.F.);
#5988=ORIENTED_EDGE('',*,*,#4552,.F.);
#5989=ORIENTED_EDGE('',*,*,#4555,.F.);
#5990=ORIENTED_EDGE('',*,*,#4558,.F.);
#5991=ORIENTED_EDGE('',*,*,#4561,.F.);
#5992=ORIENTED_EDGE('',*,*,#4564,.F.);
#5993=ORIENTED_EDGE('',*,*,#4567,.F.);
#5994=ORIENTED_EDGE('',*,*,#4570,.F.);
#5995=ORIENTED_EDGE('',*,*,#4573,.F.);
#5996=ORIENTED_EDGE('',*,*,#4576,.F.);
#5997=ORIENTED_EDGE('',*,*,#4579,.F.);
#5998=ORIENTED_EDGE('',*,*,#4582,.F.);
#5999=ORIENTED_EDGE('',*,*,#4583,.T.);
#6000=ORIENTED_EDGE('',*,*,#4584,.T.);
#6001=ORIENTED_EDGE('',*,*,#4585,.F.);
#6002=ORIENTED_EDGE('',*,*,#4586,.F.);
#6003=ORIENTED_EDGE('',*,*,#4587,.T.);
#6004=ORIENTED_EDGE('',*,*,#4588,.T.);
#6005=ORIENTED_EDGE('',*,*,#4583,.F.);
#6006=ORIENTED_EDGE('',*,*,#4589,.F.);
#6007=ORIENTED_EDGE('',*,*,#4590,.T.);
#6008=ORIENTED_EDGE('',*,*,#4591,.T.);
#6009=ORIENTED_EDGE('',*,*,#4587,.F.);
#6010=ORIENTED_EDGE('',*,*,#4592,.F.);
#6011=ORIENTED_EDGE('',*,*,#4593,.T.);
#6012=ORIENTED_EDGE('',*,*,#4594,.T.);
#6013=ORIENTED_EDGE('',*,*,#4590,.F.);
#6014=ORIENTED_EDGE('',*,*,#4595,.F.);
#6015=ORIENTED_EDGE('',*,*,#4596,.T.);
#6016=ORIENTED_EDGE('',*,*,#4597,.T.);
#6017=ORIENTED_EDGE('',*,*,#4593,.F.);
#6018=ORIENTED_EDGE('',*,*,#4598,.F.);
#6019=ORIENTED_EDGE('',*,*,#4599,.T.);
#6020=ORIENTED_EDGE('',*,*,#4600,.T.);
#6021=ORIENTED_EDGE('',*,*,#4596,.F.);
#6022=ORIENTED_EDGE('',*,*,#4601,.F.);
#6023=ORIENTED_EDGE('',*,*,#4602,.T.);
#6024=ORIENTED_EDGE('',*,*,#4603,.T.);
#6025=ORIENTED_EDGE('',*,*,#4599,.F.);
#6026=ORIENTED_EDGE('',*,*,#4604,.F.);
#6027=ORIENTED_EDGE('',*,*,#4605,.T.);
#6028=ORIENTED_EDGE('',*,*,#4606,.T.);
#6029=ORIENTED_EDGE('',*,*,#4602,.F.);
#6030=ORIENTED_EDGE('',*,*,#4607,.F.);
#6031=ORIENTED_EDGE('',*,*,#4585,.T.);
#6032=ORIENTED_EDGE('',*,*,#4608,.T.);
#6033=ORIENTED_EDGE('',*,*,#4605,.F.);
#6034=ORIENTED_EDGE('',*,*,#4609,.F.);
#6035=ORIENTED_EDGE('',*,*,#4610,.T.);
#6036=ORIENTED_EDGE('',*,*,#4611,.T.);
#6037=ORIENTED_EDGE('',*,*,#4612,.F.);
#6038=ORIENTED_EDGE('',*,*,#4613,.F.);
#6039=ORIENTED_EDGE('',*,*,#4614,.T.);
#6040=ORIENTED_EDGE('',*,*,#4615,.T.);
#6041=ORIENTED_EDGE('',*,*,#4610,.F.);
#6042=ORIENTED_EDGE('',*,*,#4616,.F.);
#6043=ORIENTED_EDGE('',*,*,#4617,.T.);
#6044=ORIENTED_EDGE('',*,*,#4618,.T.);
#6045=ORIENTED_EDGE('',*,*,#4614,.F.);
#6046=ORIENTED_EDGE('',*,*,#4619,.F.);
#6047=ORIENTED_EDGE('',*,*,#4620,.T.);
#6048=ORIENTED_EDGE('',*,*,#4621,.T.);
#6049=ORIENTED_EDGE('',*,*,#4617,.F.);
#6050=ORIENTED_EDGE('',*,*,#4622,.F.);
#6051=ORIENTED_EDGE('',*,*,#4623,.T.);
#6052=ORIENTED_EDGE('',*,*,#4624,.T.);
#6053=ORIENTED_EDGE('',*,*,#4620,.F.);
#6054=ORIENTED_EDGE('',*,*,#4625,.F.);
#6055=ORIENTED_EDGE('',*,*,#4626,.T.);
#6056=ORIENTED_EDGE('',*,*,#4627,.T.);
#6057=ORIENTED_EDGE('',*,*,#4623,.F.);
#6058=ORIENTED_EDGE('',*,*,#4628,.F.);
#6059=ORIENTED_EDGE('',*,*,#4629,.T.);
#6060=ORIENTED_EDGE('',*,*,#4630,.T.);
#6061=ORIENTED_EDGE('',*,*,#4626,.F.);
#6062=ORIENTED_EDGE('',*,*,#4631,.F.);
#6063=ORIENTED_EDGE('',*,*,#4632,.T.);
#6064=ORIENTED_EDGE('',*,*,#4633,.T.);
#6065=ORIENTED_EDGE('',*,*,#4629,.F.);
#6066=ORIENTED_EDGE('',*,*,#4634,.F.);
#6067=ORIENTED_EDGE('',*,*,#4635,.T.);
#6068=ORIENTED_EDGE('',*,*,#4636,.T.);
#6069=ORIENTED_EDGE('',*,*,#4632,.F.);
#6070=ORIENTED_EDGE('',*,*,#4637,.F.);
#6071=ORIENTED_EDGE('',*,*,#4638,.T.);
#6072=ORIENTED_EDGE('',*,*,#4639,.T.);
#6073=ORIENTED_EDGE('',*,*,#4635,.F.);
#6074=ORIENTED_EDGE('',*,*,#4640,.F.);
#6075=ORIENTED_EDGE('',*,*,#4641,.T.);
#6076=ORIENTED_EDGE('',*,*,#4642,.T.);
#6077=ORIENTED_EDGE('',*,*,#4638,.F.);
#6078=ORIENTED_EDGE('',*,*,#4643,.F.);
#6079=ORIENTED_EDGE('',*,*,#4644,.T.);
#6080=ORIENTED_EDGE('',*,*,#4645,.T.);
#6081=ORIENTED_EDGE('',*,*,#4641,.F.);
#6082=ORIENTED_EDGE('',*,*,#4646,.F.);
#6083=ORIENTED_EDGE('',*,*,#4647,.T.);
#6084=ORIENTED_EDGE('',*,*,#4648,.T.);
#6085=ORIENTED_EDGE('',*,*,#4644,.F.);
#6086=ORIENTED_EDGE('',*,*,#4649,.F.);
#6087=ORIENTED_EDGE('',*,*,#4650,.T.);
#6088=ORIENTED_EDGE('',*,*,#4651,.T.);
#6089=ORIENTED_EDGE('',*,*,#4647,.F.);
#6090=ORIENTED_EDGE('',*,*,#4652,.F.);
#6091=ORIENTED_EDGE('',*,*,#4653,.T.);
#6092=ORIENTED_EDGE('',*,*,#4654,.T.);
#6093=ORIENTED_EDGE('',*,*,#4650,.F.);
#6094=ORIENTED_EDGE('',*,*,#4655,.F.);
#6095=ORIENTED_EDGE('',*,*,#4656,.T.);
#6096=ORIENTED_EDGE('',*,*,#4657,.T.);
#6097=ORIENTED_EDGE('',*,*,#4653,.F.);
#6098=ORIENTED_EDGE('',*,*,#4658,.F.);
#6099=ORIENTED_EDGE('',*,*,#4659,.T.);
#6100=ORIENTED_EDGE('',*,*,#4660,.T.);
#6101=ORIENTED_EDGE('',*,*,#4656,.F.);
#6102=ORIENTED_EDGE('',*,*,#4661,.F.);
#6103=ORIENTED_EDGE('',*,*,#4662,.T.);
#6104=ORIENTED_EDGE('',*,*,#4663,.T.);
#6105=ORIENTED_EDGE('',*,*,#4659,.F.);
#6106=ORIENTED_EDGE('',*,*,#4664,.F.);
#6107=ORIENTED_EDGE('',*,*,#4665,.T.);
#6108=ORIENTED_EDGE('',*,*,#4666,.T.);
#6109=ORIENTED_EDGE('',*,*,#4662,.F.);
#6110=ORIENTED_EDGE('',*,*,#4667,.F.);
#6111=ORIENTED_EDGE('',*,*,#4668,.T.);
#6112=ORIENTED_EDGE('',*,*,#4669,.T.);
#6113=ORIENTED_EDGE('',*,*,#4665,.F.);
#6114=ORIENTED_EDGE('',*,*,#4670,.F.);
#6115=ORIENTED_EDGE('',*,*,#4671,.T.);
#6116=ORIENTED_EDGE('',*,*,#4672,.T.);
#6117=ORIENTED_EDGE('',*,*,#4668,.F.);
#6118=ORIENTED_EDGE('',*,*,#4673,.F.);
#6119=ORIENTED_EDGE('',*,*,#4674,.T.);
#6120=ORIENTED_EDGE('',*,*,#4675,.T.);
#6121=ORIENTED_EDGE('',*,*,#4671,.F.);
#6122=ORIENTED_EDGE('',*,*,#4676,.F.);
#6123=ORIENTED_EDGE('',*,*,#4677,.T.);
#6124=ORIENTED_EDGE('',*,*,#4678,.T.);
#6125=ORIENTED_EDGE('',*,*,#4674,.F.);
#6126=ORIENTED_EDGE('',*,*,#4679,.F.);
#6127=ORIENTED_EDGE('',*,*,#4680,.T.);
#6128=ORIENTED_EDGE('',*,*,#4681,.T.);
#6129=ORIENTED_EDGE('',*,*,#4677,.F.);
#6130=ORIENTED_EDGE('',*,*,#4682,.F.);
#6131=ORIENTED_EDGE('',*,*,#4683,.T.);
#6132=ORIENTED_EDGE('',*,*,#4684,.T.);
#6133=ORIENTED_EDGE('',*,*,#4680,.F.);
#6134=ORIENTED_EDGE('',*,*,#4685,.F.);
#6135=ORIENTED_EDGE('',*,*,#4686,.T.);
#6136=ORIENTED_EDGE('',*,*,#4687,.T.);
#6137=ORIENTED_EDGE('',*,*,#4683,.F.);
#6138=ORIENTED_EDGE('',*,*,#4688,.F.);
#6139=ORIENTED_EDGE('',*,*,#4612,.T.);
#6140=ORIENTED_EDGE('',*,*,#4689,.T.);
#6141=ORIENTED_EDGE('',*,*,#4686,.F.);
#6142=ORIENTED_EDGE('',*,*,#4689,.F.);
#6143=ORIENTED_EDGE('',*,*,#4611,.F.);
#6144=ORIENTED_EDGE('',*,*,#4615,.F.);
#6145=ORIENTED_EDGE('',*,*,#4618,.F.);
#6146=ORIENTED_EDGE('',*,*,#4621,.F.);
#6147=ORIENTED_EDGE('',*,*,#4624,.F.);
#6148=ORIENTED_EDGE('',*,*,#4627,.F.);
#6149=ORIENTED_EDGE('',*,*,#4630,.F.);
#6150=ORIENTED_EDGE('',*,*,#4633,.F.);
#6151=ORIENTED_EDGE('',*,*,#4636,.F.);
#6152=ORIENTED_EDGE('',*,*,#4639,.F.);
#6153=ORIENTED_EDGE('',*,*,#4642,.F.);
#6154=ORIENTED_EDGE('',*,*,#4645,.F.);
#6155=ORIENTED_EDGE('',*,*,#4648,.F.);
#6156=ORIENTED_EDGE('',*,*,#4651,.F.);
#6157=ORIENTED_EDGE('',*,*,#4654,.F.);
#6158=ORIENTED_EDGE('',*,*,#4657,.F.);
#6159=ORIENTED_EDGE('',*,*,#4660,.F.);
#6160=ORIENTED_EDGE('',*,*,#4663,.F.);
#6161=ORIENTED_EDGE('',*,*,#4666,.F.);
#6162=ORIENTED_EDGE('',*,*,#4669,.F.);
#6163=ORIENTED_EDGE('',*,*,#4672,.F.);
#6164=ORIENTED_EDGE('',*,*,#4675,.F.);
#6165=ORIENTED_EDGE('',*,*,#4678,.F.);
#6166=ORIENTED_EDGE('',*,*,#4681,.F.);
#6167=ORIENTED_EDGE('',*,*,#4684,.F.);
#6168=ORIENTED_EDGE('',*,*,#4687,.F.);
#6169=ORIENTED_EDGE('',*,*,#4608,.F.);
#6170=ORIENTED_EDGE('',*,*,#4584,.F.);
#6171=ORIENTED_EDGE('',*,*,#4588,.F.);
#6172=ORIENTED_EDGE('',*,*,#4591,.F.);
#6173=ORIENTED_EDGE('',*,*,#4594,.F.);
#6174=ORIENTED_EDGE('',*,*,#4597,.F.);
#6175=ORIENTED_EDGE('',*,*,#4600,.F.);
#6176=ORIENTED_EDGE('',*,*,#4603,.F.);
#6177=ORIENTED_EDGE('',*,*,#4606,.F.);
#6178=ORIENTED_EDGE('',*,*,#4690,.F.);
#6179=ORIENTED_EDGE('',*,*,#4691,.T.);
#6180=ORIENTED_EDGE('',*,*,#4692,.T.);
#6181=ORIENTED_EDGE('',*,*,#4693,.F.);
#6182=ORIENTED_EDGE('',*,*,#4694,.F.);
#6183=ORIENTED_EDGE('',*,*,#4695,.T.);
#6184=ORIENTED_EDGE('',*,*,#4696,.T.);
#6185=ORIENTED_EDGE('',*,*,#4691,.F.);
#6186=ORIENTED_EDGE('',*,*,#4697,.F.);
#6187=ORIENTED_EDGE('',*,*,#4698,.T.);
#6188=ORIENTED_EDGE('',*,*,#4699,.T.);
#6189=ORIENTED_EDGE('',*,*,#4695,.F.);
#6190=ORIENTED_EDGE('',*,*,#4700,.F.);
#6191=ORIENTED_EDGE('',*,*,#4701,.T.);
#6192=ORIENTED_EDGE('',*,*,#4702,.T.);
#6193=ORIENTED_EDGE('',*,*,#4698,.F.);
#6194=ORIENTED_EDGE('',*,*,#4703,.F.);
#6195=ORIENTED_EDGE('',*,*,#4704,.T.);
#6196=ORIENTED_EDGE('',*,*,#4705,.T.);
#6197=ORIENTED_EDGE('',*,*,#4701,.F.);
#6198=ORIENTED_EDGE('',*,*,#4706,.F.);
#6199=ORIENTED_EDGE('',*,*,#4707,.T.);
#6200=ORIENTED_EDGE('',*,*,#4708,.T.);
#6201=ORIENTED_EDGE('',*,*,#4704,.F.);
#6202=ORIENTED_EDGE('',*,*,#4709,.F.);
#6203=ORIENTED_EDGE('',*,*,#4710,.T.);
#6204=ORIENTED_EDGE('',*,*,#4711,.T.);
#6205=ORIENTED_EDGE('',*,*,#4707,.F.);
#6206=ORIENTED_EDGE('',*,*,#4712,.F.);
#6207=ORIENTED_EDGE('',*,*,#4713,.T.);
#6208=ORIENTED_EDGE('',*,*,#4714,.T.);
#6209=ORIENTED_EDGE('',*,*,#4710,.F.);
#6210=ORIENTED_EDGE('',*,*,#4715,.F.);
#6211=ORIENTED_EDGE('',*,*,#4693,.T.);
#6212=ORIENTED_EDGE('',*,*,#4716,.T.);
#6213=ORIENTED_EDGE('',*,*,#4713,.F.);
#6214=ORIENTED_EDGE('',*,*,#4717,.F.);
#6215=ORIENTED_EDGE('',*,*,#4718,.T.);
#6216=ORIENTED_EDGE('',*,*,#4719,.T.);
#6217=ORIENTED_EDGE('',*,*,#4720,.F.);
#6218=ORIENTED_EDGE('',*,*,#4721,.F.);
#6219=ORIENTED_EDGE('',*,*,#4722,.T.);
#6220=ORIENTED_EDGE('',*,*,#4723,.T.);
#6221=ORIENTED_EDGE('',*,*,#4718,.F.);
#6222=ORIENTED_EDGE('',*,*,#4724,.F.);
#6223=ORIENTED_EDGE('',*,*,#4725,.T.);
#6224=ORIENTED_EDGE('',*,*,#4726,.T.);
#6225=ORIENTED_EDGE('',*,*,#4722,.F.);
#6226=ORIENTED_EDGE('',*,*,#4727,.F.);
#6227=ORIENTED_EDGE('',*,*,#4728,.T.);
#6228=ORIENTED_EDGE('',*,*,#4729,.T.);
#6229=ORIENTED_EDGE('',*,*,#4725,.F.);
#6230=ORIENTED_EDGE('',*,*,#4730,.F.);
#6231=ORIENTED_EDGE('',*,*,#4731,.T.);
#6232=ORIENTED_EDGE('',*,*,#4732,.T.);
#6233=ORIENTED_EDGE('',*,*,#4728,.F.);
#6234=ORIENTED_EDGE('',*,*,#4733,.F.);
#6235=ORIENTED_EDGE('',*,*,#4734,.T.);
#6236=ORIENTED_EDGE('',*,*,#4735,.T.);
#6237=ORIENTED_EDGE('',*,*,#4731,.F.);
#6238=ORIENTED_EDGE('',*,*,#4736,.F.);
#6239=ORIENTED_EDGE('',*,*,#4737,.T.);
#6240=ORIENTED_EDGE('',*,*,#4738,.T.);
#6241=ORIENTED_EDGE('',*,*,#4734,.F.);
#6242=ORIENTED_EDGE('',*,*,#4739,.F.);
#6243=ORIENTED_EDGE('',*,*,#4740,.T.);
#6244=ORIENTED_EDGE('',*,*,#4741,.T.);
#6245=ORIENTED_EDGE('',*,*,#4737,.F.);
#6246=ORIENTED_EDGE('',*,*,#4742,.F.);
#6247=ORIENTED_EDGE('',*,*,#4743,.T.);
#6248=ORIENTED_EDGE('',*,*,#4744,.T.);
#6249=ORIENTED_EDGE('',*,*,#4740,.F.);
#6250=ORIENTED_EDGE('',*,*,#4745,.F.);
#6251=ORIENTED_EDGE('',*,*,#4746,.T.);
#6252=ORIENTED_EDGE('',*,*,#4747,.T.);
#6253=ORIENTED_EDGE('',*,*,#4743,.F.);
#6254=ORIENTED_EDGE('',*,*,#4748,.F.);
#6255=ORIENTED_EDGE('',*,*,#4749,.T.);
#6256=ORIENTED_EDGE('',*,*,#4750,.T.);
#6257=ORIENTED_EDGE('',*,*,#4746,.F.);
#6258=ORIENTED_EDGE('',*,*,#4751,.F.);
#6259=ORIENTED_EDGE('',*,*,#4752,.T.);
#6260=ORIENTED_EDGE('',*,*,#4753,.T.);
#6261=ORIENTED_EDGE('',*,*,#4749,.F.);
#6262=ORIENTED_EDGE('',*,*,#4754,.F.);
#6263=ORIENTED_EDGE('',*,*,#4755,.T.);
#6264=ORIENTED_EDGE('',*,*,#4756,.T.);
#6265=ORIENTED_EDGE('',*,*,#4752,.F.);
#6266=ORIENTED_EDGE('',*,*,#4757,.F.);
#6267=ORIENTED_EDGE('',*,*,#4758,.T.);
#6268=ORIENTED_EDGE('',*,*,#4759,.T.);
#6269=ORIENTED_EDGE('',*,*,#4755,.F.);
#6270=ORIENTED_EDGE('',*,*,#4760,.F.);
#6271=ORIENTED_EDGE('',*,*,#4761,.T.);
#6272=ORIENTED_EDGE('',*,*,#4762,.T.);
#6273=ORIENTED_EDGE('',*,*,#4758,.F.);
#6274=ORIENTED_EDGE('',*,*,#4763,.F.);
#6275=ORIENTED_EDGE('',*,*,#4764,.T.);
#6276=ORIENTED_EDGE('',*,*,#4765,.T.);
#6277=ORIENTED_EDGE('',*,*,#4761,.F.);
#6278=ORIENTED_EDGE('',*,*,#4766,.F.);
#6279=ORIENTED_EDGE('',*,*,#4767,.T.);
#6280=ORIENTED_EDGE('',*,*,#4768,.T.);
#6281=ORIENTED_EDGE('',*,*,#4764,.F.);
#6282=ORIENTED_EDGE('',*,*,#4769,.F.);
#6283=ORIENTED_EDGE('',*,*,#4770,.T.);
#6284=ORIENTED_EDGE('',*,*,#4771,.T.);
#6285=ORIENTED_EDGE('',*,*,#4767,.F.);
#6286=ORIENTED_EDGE('',*,*,#4772,.F.);
#6287=ORIENTED_EDGE('',*,*,#4773,.T.);
#6288=ORIENTED_EDGE('',*,*,#4774,.T.);
#6289=ORIENTED_EDGE('',*,*,#4770,.F.);
#6290=ORIENTED_EDGE('',*,*,#4775,.F.);
#6291=ORIENTED_EDGE('',*,*,#4776,.T.);
#6292=ORIENTED_EDGE('',*,*,#4777,.T.);
#6293=ORIENTED_EDGE('',*,*,#4773,.F.);
#6294=ORIENTED_EDGE('',*,*,#4778,.F.);
#6295=ORIENTED_EDGE('',*,*,#4779,.T.);
#6296=ORIENTED_EDGE('',*,*,#4780,.T.);
#6297=ORIENTED_EDGE('',*,*,#4776,.F.);
#6298=ORIENTED_EDGE('',*,*,#4781,.F.);
#6299=ORIENTED_EDGE('',*,*,#4782,.T.);
#6300=ORIENTED_EDGE('',*,*,#4783,.T.);
#6301=ORIENTED_EDGE('',*,*,#4779,.F.);
#6302=ORIENTED_EDGE('',*,*,#4784,.F.);
#6303=ORIENTED_EDGE('',*,*,#4785,.T.);
#6304=ORIENTED_EDGE('',*,*,#4786,.T.);
#6305=ORIENTED_EDGE('',*,*,#4782,.F.);
#6306=ORIENTED_EDGE('',*,*,#4787,.F.);
#6307=ORIENTED_EDGE('',*,*,#4788,.T.);
#6308=ORIENTED_EDGE('',*,*,#4789,.T.);
#6309=ORIENTED_EDGE('',*,*,#4785,.F.);
#6310=ORIENTED_EDGE('',*,*,#4790,.F.);
#6311=ORIENTED_EDGE('',*,*,#4791,.T.);
#6312=ORIENTED_EDGE('',*,*,#4792,.T.);
#6313=ORIENTED_EDGE('',*,*,#4788,.F.);
#6314=ORIENTED_EDGE('',*,*,#4793,.F.);
#6315=ORIENTED_EDGE('',*,*,#4794,.T.);
#6316=ORIENTED_EDGE('',*,*,#4795,.T.);
#6317=ORIENTED_EDGE('',*,*,#4791,.F.);
#6318=ORIENTED_EDGE('',*,*,#4796,.F.);
#6319=ORIENTED_EDGE('',*,*,#4720,.T.);
#6320=ORIENTED_EDGE('',*,*,#4797,.T.);
#6321=ORIENTED_EDGE('',*,*,#4794,.F.);
#6322=ORIENTED_EDGE('',*,*,#4797,.F.);
#6323=ORIENTED_EDGE('',*,*,#4719,.F.);
#6324=ORIENTED_EDGE('',*,*,#4723,.F.);
#6325=ORIENTED_EDGE('',*,*,#4726,.F.);
#6326=ORIENTED_EDGE('',*,*,#4729,.F.);
#6327=ORIENTED_EDGE('',*,*,#4732,.F.);
#6328=ORIENTED_EDGE('',*,*,#4735,.F.);
#6329=ORIENTED_EDGE('',*,*,#4738,.F.);
#6330=ORIENTED_EDGE('',*,*,#4741,.F.);
#6331=ORIENTED_EDGE('',*,*,#4744,.F.);
#6332=ORIENTED_EDGE('',*,*,#4747,.F.);
#6333=ORIENTED_EDGE('',*,*,#4750,.F.);
#6334=ORIENTED_EDGE('',*,*,#4753,.F.);
#6335=ORIENTED_EDGE('',*,*,#4756,.F.);
#6336=ORIENTED_EDGE('',*,*,#4759,.F.);
#6337=ORIENTED_EDGE('',*,*,#4762,.F.);
#6338=ORIENTED_EDGE('',*,*,#4765,.F.);
#6339=ORIENTED_EDGE('',*,*,#4768,.F.);
#6340=ORIENTED_EDGE('',*,*,#4771,.F.);
#6341=ORIENTED_EDGE('',*,*,#4774,.F.);
#6342=ORIENTED_EDGE('',*,*,#4777,.F.);
#6343=ORIENTED_EDGE('',*,*,#4780,.F.);
#6344=ORIENTED_EDGE('',*,*,#4783,.F.);
#6345=ORIENTED_EDGE('',*,*,#4786,.F.);
#6346=ORIENTED_EDGE('',*,*,#4789,.F.);
#6347=ORIENTED_EDGE('',*,*,#4792,.F.);
#6348=ORIENTED_EDGE('',*,*,#4795,.F.);
#6349=ORIENTED_EDGE('',*,*,#4716,.F.);
#6350=ORIENTED_EDGE('',*,*,#4692,.F.);
#6351=ORIENTED_EDGE('',*,*,#4696,.F.);
#6352=ORIENTED_EDGE('',*,*,#4699,.F.);
#6353=ORIENTED_EDGE('',*,*,#4702,.F.);
#6354=ORIENTED_EDGE('',*,*,#4705,.F.);
#6355=ORIENTED_EDGE('',*,*,#4708,.F.);
#6356=ORIENTED_EDGE('',*,*,#4711,.F.);
#6357=ORIENTED_EDGE('',*,*,#4714,.F.);
#6358=ORIENTED_EDGE('',*,*,#4690,.T.);
#6359=ORIENTED_EDGE('',*,*,#4715,.T.);
#6360=ORIENTED_EDGE('',*,*,#4712,.T.);
#6361=ORIENTED_EDGE('',*,*,#4709,.T.);
#6362=ORIENTED_EDGE('',*,*,#4706,.T.);
#6363=ORIENTED_EDGE('',*,*,#4703,.T.);
#6364=ORIENTED_EDGE('',*,*,#4700,.T.);
#6365=ORIENTED_EDGE('',*,*,#4697,.T.);
#6366=ORIENTED_EDGE('',*,*,#4694,.T.);
#6367=ORIENTED_EDGE('',*,*,#4582,.T.);
#6368=ORIENTED_EDGE('',*,*,#4607,.T.);
#6369=ORIENTED_EDGE('',*,*,#4604,.T.);
#6370=ORIENTED_EDGE('',*,*,#4601,.T.);
#6371=ORIENTED_EDGE('',*,*,#4598,.T.);
#6372=ORIENTED_EDGE('',*,*,#4595,.T.);
#6373=ORIENTED_EDGE('',*,*,#4592,.T.);
#6374=ORIENTED_EDGE('',*,*,#4589,.T.);
#6375=ORIENTED_EDGE('',*,*,#4586,.T.);
#6376=ORIENTED_EDGE('',*,*,#4798,.F.);
#6377=ORIENTED_EDGE('',*,*,#4799,.T.);
#6378=ORIENTED_EDGE('',*,*,#4800,.T.);
#6379=ORIENTED_EDGE('',*,*,#4801,.F.);
#6380=ORIENTED_EDGE('',*,*,#4802,.F.);
#6381=ORIENTED_EDGE('',*,*,#4803,.T.);
#6382=ORIENTED_EDGE('',*,*,#4804,.T.);
#6383=ORIENTED_EDGE('',*,*,#4799,.F.);
#6384=ORIENTED_EDGE('',*,*,#4805,.F.);
#6385=ORIENTED_EDGE('',*,*,#4806,.T.);
#6386=ORIENTED_EDGE('',*,*,#4807,.T.);
#6387=ORIENTED_EDGE('',*,*,#4803,.F.);
#6388=ORIENTED_EDGE('',*,*,#4808,.F.);
#6389=ORIENTED_EDGE('',*,*,#4809,.T.);
#6390=ORIENTED_EDGE('',*,*,#4810,.T.);
#6391=ORIENTED_EDGE('',*,*,#4806,.F.);
#6392=ORIENTED_EDGE('',*,*,#4811,.F.);
#6393=ORIENTED_EDGE('',*,*,#4812,.T.);
#6394=ORIENTED_EDGE('',*,*,#4813,.T.);
#6395=ORIENTED_EDGE('',*,*,#4809,.F.);
#6396=ORIENTED_EDGE('',*,*,#4814,.F.);
#6397=ORIENTED_EDGE('',*,*,#4815,.T.);
#6398=ORIENTED_EDGE('',*,*,#4816,.T.);
#6399=ORIENTED_EDGE('',*,*,#4812,.F.);
#6400=ORIENTED_EDGE('',*,*,#4817,.F.);
#6401=ORIENTED_EDGE('',*,*,#4818,.T.);
#6402=ORIENTED_EDGE('',*,*,#4819,.T.);
#6403=ORIENTED_EDGE('',*,*,#4815,.F.);
#6404=ORIENTED_EDGE('',*,*,#4820,.F.);
#6405=ORIENTED_EDGE('',*,*,#4801,.T.);
#6406=ORIENTED_EDGE('',*,*,#4821,.T.);
#6407=ORIENTED_EDGE('',*,*,#4818,.F.);
#6408=ORIENTED_EDGE('',*,*,#4822,.F.);
#6409=ORIENTED_EDGE('',*,*,#4823,.T.);
#6410=ORIENTED_EDGE('',*,*,#4824,.T.);
#6411=ORIENTED_EDGE('',*,*,#4825,.F.);
#6412=ORIENTED_EDGE('',*,*,#4826,.F.);
#6413=ORIENTED_EDGE('',*,*,#4827,.T.);
#6414=ORIENTED_EDGE('',*,*,#4828,.T.);
#6415=ORIENTED_EDGE('',*,*,#4823,.F.);
#6416=ORIENTED_EDGE('',*,*,#4829,.F.);
#6417=ORIENTED_EDGE('',*,*,#4830,.T.);
#6418=ORIENTED_EDGE('',*,*,#4831,.T.);
#6419=ORIENTED_EDGE('',*,*,#4827,.F.);
#6420=ORIENTED_EDGE('',*,*,#4832,.F.);
#6421=ORIENTED_EDGE('',*,*,#4833,.T.);
#6422=ORIENTED_EDGE('',*,*,#4834,.T.);
#6423=ORIENTED_EDGE('',*,*,#4830,.F.);
#6424=ORIENTED_EDGE('',*,*,#4835,.F.);
#6425=ORIENTED_EDGE('',*,*,#4836,.T.);
#6426=ORIENTED_EDGE('',*,*,#4837,.T.);
#6427=ORIENTED_EDGE('',*,*,#4833,.F.);
#6428=ORIENTED_EDGE('',*,*,#4838,.F.);
#6429=ORIENTED_EDGE('',*,*,#4839,.T.);
#6430=ORIENTED_EDGE('',*,*,#4840,.T.);
#6431=ORIENTED_EDGE('',*,*,#4836,.F.);
#6432=ORIENTED_EDGE('',*,*,#4841,.F.);
#6433=ORIENTED_EDGE('',*,*,#4842,.T.);
#6434=ORIENTED_EDGE('',*,*,#4843,.T.);
#6435=ORIENTED_EDGE('',*,*,#4839,.F.);
#6436=ORIENTED_EDGE('',*,*,#4844,.F.);
#6437=ORIENTED_EDGE('',*,*,#4825,.T.);
#6438=ORIENTED_EDGE('',*,*,#4845,.T.);
#6439=ORIENTED_EDGE('',*,*,#4842,.F.);
#6440=ORIENTED_EDGE('',*,*,#4845,.F.);
#6441=ORIENTED_EDGE('',*,*,#4824,.F.);
#6442=ORIENTED_EDGE('',*,*,#4828,.F.);
#6443=ORIENTED_EDGE('',*,*,#4831,.F.);
#6444=ORIENTED_EDGE('',*,*,#4834,.F.);
#6445=ORIENTED_EDGE('',*,*,#4837,.F.);
#6446=ORIENTED_EDGE('',*,*,#4840,.F.);
#6447=ORIENTED_EDGE('',*,*,#4843,.F.);
#6448=ORIENTED_EDGE('',*,*,#4821,.F.);
#6449=ORIENTED_EDGE('',*,*,#4800,.F.);
#6450=ORIENTED_EDGE('',*,*,#4804,.F.);
#6451=ORIENTED_EDGE('',*,*,#4807,.F.);
#6452=ORIENTED_EDGE('',*,*,#4810,.F.);
#6453=ORIENTED_EDGE('',*,*,#4813,.F.);
#6454=ORIENTED_EDGE('',*,*,#4816,.F.);
#6455=ORIENTED_EDGE('',*,*,#4819,.F.);
#6456=ORIENTED_EDGE('',*,*,#4846,.F.);
#6457=ORIENTED_EDGE('',*,*,#4847,.T.);
#6458=ORIENTED_EDGE('',*,*,#4848,.T.);
#6459=ORIENTED_EDGE('',*,*,#4849,.F.);
#6460=ORIENTED_EDGE('',*,*,#4850,.F.);
#6461=ORIENTED_EDGE('',*,*,#4851,.T.);
#6462=ORIENTED_EDGE('',*,*,#4852,.T.);
#6463=ORIENTED_EDGE('',*,*,#4847,.F.);
#6464=ORIENTED_EDGE('',*,*,#4853,.F.);
#6465=ORIENTED_EDGE('',*,*,#4854,.T.);
#6466=ORIENTED_EDGE('',*,*,#4855,.T.);
#6467=ORIENTED_EDGE('',*,*,#4851,.F.);
#6468=ORIENTED_EDGE('',*,*,#4856,.F.);
#6469=ORIENTED_EDGE('',*,*,#4857,.T.);
#6470=ORIENTED_EDGE('',*,*,#4858,.T.);
#6471=ORIENTED_EDGE('',*,*,#4854,.F.);
#6472=ORIENTED_EDGE('',*,*,#4859,.F.);
#6473=ORIENTED_EDGE('',*,*,#4860,.T.);
#6474=ORIENTED_EDGE('',*,*,#4861,.T.);
#6475=ORIENTED_EDGE('',*,*,#4857,.F.);
#6476=ORIENTED_EDGE('',*,*,#4862,.F.);
#6477=ORIENTED_EDGE('',*,*,#4863,.T.);
#6478=ORIENTED_EDGE('',*,*,#4864,.T.);
#6479=ORIENTED_EDGE('',*,*,#4860,.F.);
#6480=ORIENTED_EDGE('',*,*,#4865,.F.);
#6481=ORIENTED_EDGE('',*,*,#4866,.T.);
#6482=ORIENTED_EDGE('',*,*,#4867,.T.);
#6483=ORIENTED_EDGE('',*,*,#4863,.F.);
#6484=ORIENTED_EDGE('',*,*,#4868,.F.);
#6485=ORIENTED_EDGE('',*,*,#4869,.T.);
#6486=ORIENTED_EDGE('',*,*,#4870,.T.);
#6487=ORIENTED_EDGE('',*,*,#4866,.F.);
#6488=ORIENTED_EDGE('',*,*,#4871,.F.);
#6489=ORIENTED_EDGE('',*,*,#4849,.T.);
#6490=ORIENTED_EDGE('',*,*,#4872,.T.);
#6491=ORIENTED_EDGE('',*,*,#4869,.F.);
#6492=ORIENTED_EDGE('',*,*,#4873,.F.);
#6493=ORIENTED_EDGE('',*,*,#4874,.T.);
#6494=ORIENTED_EDGE('',*,*,#4875,.T.);
#6495=ORIENTED_EDGE('',*,*,#4876,.F.);
#6496=ORIENTED_EDGE('',*,*,#4877,.F.);
#6497=ORIENTED_EDGE('',*,*,#4878,.T.);
#6498=ORIENTED_EDGE('',*,*,#4879,.T.);
#6499=ORIENTED_EDGE('',*,*,#4874,.F.);
#6500=ORIENTED_EDGE('',*,*,#4880,.F.);
#6501=ORIENTED_EDGE('',*,*,#4881,.T.);
#6502=ORIENTED_EDGE('',*,*,#4882,.T.);
#6503=ORIENTED_EDGE('',*,*,#4878,.F.);
#6504=ORIENTED_EDGE('',*,*,#4883,.F.);
#6505=ORIENTED_EDGE('',*,*,#4884,.T.);
#6506=ORIENTED_EDGE('',*,*,#4885,.T.);
#6507=ORIENTED_EDGE('',*,*,#4881,.F.);
#6508=ORIENTED_EDGE('',*,*,#4886,.F.);
#6509=ORIENTED_EDGE('',*,*,#4887,.T.);
#6510=ORIENTED_EDGE('',*,*,#4888,.T.);
#6511=ORIENTED_EDGE('',*,*,#4884,.F.);
#6512=ORIENTED_EDGE('',*,*,#4889,.F.);
#6513=ORIENTED_EDGE('',*,*,#4890,.T.);
#6514=ORIENTED_EDGE('',*,*,#4891,.T.);
#6515=ORIENTED_EDGE('',*,*,#4887,.F.);
#6516=ORIENTED_EDGE('',*,*,#4892,.F.);
#6517=ORIENTED_EDGE('',*,*,#4893,.T.);
#6518=ORIENTED_EDGE('',*,*,#4894,.T.);
#6519=ORIENTED_EDGE('',*,*,#4890,.F.);
#6520=ORIENTED_EDGE('',*,*,#4895,.F.);
#6521=ORIENTED_EDGE('',*,*,#4896,.T.);
#6522=ORIENTED_EDGE('',*,*,#4897,.T.);
#6523=ORIENTED_EDGE('',*,*,#4893,.F.);
#6524=ORIENTED_EDGE('',*,*,#4898,.F.);
#6525=ORIENTED_EDGE('',*,*,#4899,.T.);
#6526=ORIENTED_EDGE('',*,*,#4900,.T.);
#6527=ORIENTED_EDGE('',*,*,#4896,.F.);
#6528=ORIENTED_EDGE('',*,*,#4901,.F.);
#6529=ORIENTED_EDGE('',*,*,#4902,.T.);
#6530=ORIENTED_EDGE('',*,*,#4903,.T.);
#6531=ORIENTED_EDGE('',*,*,#4899,.F.);
#6532=ORIENTED_EDGE('',*,*,#4904,.F.);
#6533=ORIENTED_EDGE('',*,*,#4905,.T.);
#6534=ORIENTED_EDGE('',*,*,#4906,.T.);
#6535=ORIENTED_EDGE('',*,*,#4902,.F.);
#6536=ORIENTED_EDGE('',*,*,#4907,.F.);
#6537=ORIENTED_EDGE('',*,*,#4908,.T.);
#6538=ORIENTED_EDGE('',*,*,#4909,.T.);
#6539=ORIENTED_EDGE('',*,*,#4905,.F.);
#6540=ORIENTED_EDGE('',*,*,#4910,.F.);
#6541=ORIENTED_EDGE('',*,*,#4911,.T.);
#6542=ORIENTED_EDGE('',*,*,#4912,.T.);
#6543=ORIENTED_EDGE('',*,*,#4908,.F.);
#6544=ORIENTED_EDGE('',*,*,#4913,.F.);
#6545=ORIENTED_EDGE('',*,*,#4914,.T.);
#6546=ORIENTED_EDGE('',*,*,#4915,.T.);
#6547=ORIENTED_EDGE('',*,*,#4911,.F.);
#6548=ORIENTED_EDGE('',*,*,#4916,.F.);
#6549=ORIENTED_EDGE('',*,*,#4917,.T.);
#6550=ORIENTED_EDGE('',*,*,#4918,.T.);
#6551=ORIENTED_EDGE('',*,*,#4914,.F.);
#6552=ORIENTED_EDGE('',*,*,#4919,.F.);
#6553=ORIENTED_EDGE('',*,*,#4920,.T.);
#6554=ORIENTED_EDGE('',*,*,#4921,.T.);
#6555=ORIENTED_EDGE('',*,*,#4917,.F.);
#6556=ORIENTED_EDGE('',*,*,#4922,.F.);
#6557=ORIENTED_EDGE('',*,*,#4923,.T.);
#6558=ORIENTED_EDGE('',*,*,#4924,.T.);
#6559=ORIENTED_EDGE('',*,*,#4920,.F.);
#6560=ORIENTED_EDGE('',*,*,#4925,.F.);
#6561=ORIENTED_EDGE('',*,*,#4926,.T.);
#6562=ORIENTED_EDGE('',*,*,#4927,.T.);
#6563=ORIENTED_EDGE('',*,*,#4923,.F.);
#6564=ORIENTED_EDGE('',*,*,#4928,.F.);
#6565=ORIENTED_EDGE('',*,*,#4929,.T.);
#6566=ORIENTED_EDGE('',*,*,#4930,.T.);
#6567=ORIENTED_EDGE('',*,*,#4926,.F.);
#6568=ORIENTED_EDGE('',*,*,#4931,.F.);
#6569=ORIENTED_EDGE('',*,*,#4932,.T.);
#6570=ORIENTED_EDGE('',*,*,#4933,.T.);
#6571=ORIENTED_EDGE('',*,*,#4929,.F.);
#6572=ORIENTED_EDGE('',*,*,#4934,.F.);
#6573=ORIENTED_EDGE('',*,*,#4935,.T.);
#6574=ORIENTED_EDGE('',*,*,#4936,.T.);
#6575=ORIENTED_EDGE('',*,*,#4932,.F.);
#6576=ORIENTED_EDGE('',*,*,#4937,.F.);
#6577=ORIENTED_EDGE('',*,*,#4938,.T.);
#6578=ORIENTED_EDGE('',*,*,#4939,.T.);
#6579=ORIENTED_EDGE('',*,*,#4935,.F.);
#6580=ORIENTED_EDGE('',*,*,#4940,.F.);
#6581=ORIENTED_EDGE('',*,*,#4941,.T.);
#6582=ORIENTED_EDGE('',*,*,#4942,.T.);
#6583=ORIENTED_EDGE('',*,*,#4938,.F.);
#6584=ORIENTED_EDGE('',*,*,#4943,.F.);
#6585=ORIENTED_EDGE('',*,*,#4944,.T.);
#6586=ORIENTED_EDGE('',*,*,#4945,.T.);
#6587=ORIENTED_EDGE('',*,*,#4941,.F.);
#6588=ORIENTED_EDGE('',*,*,#4946,.F.);
#6589=ORIENTED_EDGE('',*,*,#4947,.T.);
#6590=ORIENTED_EDGE('',*,*,#4948,.T.);
#6591=ORIENTED_EDGE('',*,*,#4944,.F.);
#6592=ORIENTED_EDGE('',*,*,#4949,.F.);
#6593=ORIENTED_EDGE('',*,*,#4950,.T.);
#6594=ORIENTED_EDGE('',*,*,#4951,.T.);
#6595=ORIENTED_EDGE('',*,*,#4947,.F.);
#6596=ORIENTED_EDGE('',*,*,#4952,.F.);
#6597=ORIENTED_EDGE('',*,*,#4876,.T.);
#6598=ORIENTED_EDGE('',*,*,#4953,.T.);
#6599=ORIENTED_EDGE('',*,*,#4950,.F.);
#6600=ORIENTED_EDGE('',*,*,#4953,.F.);
#6601=ORIENTED_EDGE('',*,*,#4875,.F.);
#6602=ORIENTED_EDGE('',*,*,#4879,.F.);
#6603=ORIENTED_EDGE('',*,*,#4882,.F.);
#6604=ORIENTED_EDGE('',*,*,#4885,.F.);
#6605=ORIENTED_EDGE('',*,*,#4888,.F.);
#6606=ORIENTED_EDGE('',*,*,#4891,.F.);
#6607=ORIENTED_EDGE('',*,*,#4894,.F.);
#6608=ORIENTED_EDGE('',*,*,#4897,.F.);
#6609=ORIENTED_EDGE('',*,*,#4900,.F.);
#6610=ORIENTED_EDGE('',*,*,#4903,.F.);
#6611=ORIENTED_EDGE('',*,*,#4906,.F.);
#6612=ORIENTED_EDGE('',*,*,#4909,.F.);
#6613=ORIENTED_EDGE('',*,*,#4912,.F.);
#6614=ORIENTED_EDGE('',*,*,#4915,.F.);
#6615=ORIENTED_EDGE('',*,*,#4918,.F.);
#6616=ORIENTED_EDGE('',*,*,#4921,.F.);
#6617=ORIENTED_EDGE('',*,*,#4924,.F.);
#6618=ORIENTED_EDGE('',*,*,#4927,.F.);
#6619=ORIENTED_EDGE('',*,*,#4930,.F.);
#6620=ORIENTED_EDGE('',*,*,#4933,.F.);
#6621=ORIENTED_EDGE('',*,*,#4936,.F.);
#6622=ORIENTED_EDGE('',*,*,#4939,.F.);
#6623=ORIENTED_EDGE('',*,*,#4942,.F.);
#6624=ORIENTED_EDGE('',*,*,#4945,.F.);
#6625=ORIENTED_EDGE('',*,*,#4948,.F.);
#6626=ORIENTED_EDGE('',*,*,#4951,.F.);
#6627=ORIENTED_EDGE('',*,*,#4872,.F.);
#6628=ORIENTED_EDGE('',*,*,#4848,.F.);
#6629=ORIENTED_EDGE('',*,*,#4852,.F.);
#6630=ORIENTED_EDGE('',*,*,#4855,.F.);
#6631=ORIENTED_EDGE('',*,*,#4858,.F.);
#6632=ORIENTED_EDGE('',*,*,#4861,.F.);
#6633=ORIENTED_EDGE('',*,*,#4864,.F.);
#6634=ORIENTED_EDGE('',*,*,#4867,.F.);
#6635=ORIENTED_EDGE('',*,*,#4870,.F.);
#6636=ORIENTED_EDGE('',*,*,#4954,.F.);
#6637=ORIENTED_EDGE('',*,*,#4955,.T.);
#6638=ORIENTED_EDGE('',*,*,#4956,.T.);
#6639=ORIENTED_EDGE('',*,*,#4957,.F.);
#6640=ORIENTED_EDGE('',*,*,#4958,.F.);
#6641=ORIENTED_EDGE('',*,*,#4959,.T.);
#6642=ORIENTED_EDGE('',*,*,#4960,.T.);
#6643=ORIENTED_EDGE('',*,*,#4955,.F.);
#6644=ORIENTED_EDGE('',*,*,#4961,.F.);
#6645=ORIENTED_EDGE('',*,*,#4962,.T.);
#6646=ORIENTED_EDGE('',*,*,#4963,.T.);
#6647=ORIENTED_EDGE('',*,*,#4959,.F.);
#6648=ORIENTED_EDGE('',*,*,#4964,.F.);
#6649=ORIENTED_EDGE('',*,*,#4965,.T.);
#6650=ORIENTED_EDGE('',*,*,#4966,.T.);
#6651=ORIENTED_EDGE('',*,*,#4962,.F.);
#6652=ORIENTED_EDGE('',*,*,#4967,.F.);
#6653=ORIENTED_EDGE('',*,*,#4968,.T.);
#6654=ORIENTED_EDGE('',*,*,#4969,.T.);
#6655=ORIENTED_EDGE('',*,*,#4965,.F.);
#6656=ORIENTED_EDGE('',*,*,#4970,.F.);
#6657=ORIENTED_EDGE('',*,*,#4971,.T.);
#6658=ORIENTED_EDGE('',*,*,#4972,.T.);
#6659=ORIENTED_EDGE('',*,*,#4968,.F.);
#6660=ORIENTED_EDGE('',*,*,#4973,.F.);
#6661=ORIENTED_EDGE('',*,*,#4974,.T.);
#6662=ORIENTED_EDGE('',*,*,#4975,.T.);
#6663=ORIENTED_EDGE('',*,*,#4971,.F.);
#6664=ORIENTED_EDGE('',*,*,#4976,.F.);
#6665=ORIENTED_EDGE('',*,*,#4977,.T.);
#6666=ORIENTED_EDGE('',*,*,#4978,.T.);
#6667=ORIENTED_EDGE('',*,*,#4974,.F.);
#6668=ORIENTED_EDGE('',*,*,#4979,.F.);
#6669=ORIENTED_EDGE('',*,*,#4980,.T.);
#6670=ORIENTED_EDGE('',*,*,#4981,.T.);
#6671=ORIENTED_EDGE('',*,*,#4977,.F.);
#6672=ORIENTED_EDGE('',*,*,#4982,.F.);
#6673=ORIENTED_EDGE('',*,*,#4983,.T.);
#6674=ORIENTED_EDGE('',*,*,#4984,.T.);
#6675=ORIENTED_EDGE('',*,*,#4980,.F.);
#6676=ORIENTED_EDGE('',*,*,#4985,.F.);
#6677=ORIENTED_EDGE('',*,*,#4986,.T.);
#6678=ORIENTED_EDGE('',*,*,#4987,.T.);
#6679=ORIENTED_EDGE('',*,*,#4983,.F.);
#6680=ORIENTED_EDGE('',*,*,#4988,.F.);
#6681=ORIENTED_EDGE('',*,*,#4957,.T.);
#6682=ORIENTED_EDGE('',*,*,#4989,.T.);
#6683=ORIENTED_EDGE('',*,*,#4986,.F.);
#6684=ORIENTED_EDGE('',*,*,#4989,.F.);
#6685=ORIENTED_EDGE('',*,*,#4956,.F.);
#6686=ORIENTED_EDGE('',*,*,#4960,.F.);
#6687=ORIENTED_EDGE('',*,*,#4963,.F.);
#6688=ORIENTED_EDGE('',*,*,#4966,.F.);
#6689=ORIENTED_EDGE('',*,*,#4969,.F.);
#6690=ORIENTED_EDGE('',*,*,#4972,.F.);
#6691=ORIENTED_EDGE('',*,*,#4975,.F.);
#6692=ORIENTED_EDGE('',*,*,#4978,.F.);
#6693=ORIENTED_EDGE('',*,*,#4981,.F.);
#6694=ORIENTED_EDGE('',*,*,#4984,.F.);
#6695=ORIENTED_EDGE('',*,*,#4987,.F.);
#6696=ORIENTED_EDGE('',*,*,#4990,.F.);
#6697=ORIENTED_EDGE('',*,*,#4991,.T.);
#6698=ORIENTED_EDGE('',*,*,#4992,.T.);
#6699=ORIENTED_EDGE('',*,*,#4993,.F.);
#6700=ORIENTED_EDGE('',*,*,#4994,.F.);
#6701=ORIENTED_EDGE('',*,*,#4995,.T.);
#6702=ORIENTED_EDGE('',*,*,#4996,.T.);
#6703=ORIENTED_EDGE('',*,*,#4991,.F.);
#6704=ORIENTED_EDGE('',*,*,#4997,.F.);
#6705=ORIENTED_EDGE('',*,*,#4998,.T.);
#6706=ORIENTED_EDGE('',*,*,#4999,.T.);
#6707=ORIENTED_EDGE('',*,*,#4995,.F.);
#6708=ORIENTED_EDGE('',*,*,#5000,.F.);
#6709=ORIENTED_EDGE('',*,*,#5001,.T.);
#6710=ORIENTED_EDGE('',*,*,#5002,.T.);
#6711=ORIENTED_EDGE('',*,*,#4998,.F.);
#6712=ORIENTED_EDGE('',*,*,#5003,.F.);
#6713=ORIENTED_EDGE('',*,*,#5004,.T.);
#6714=ORIENTED_EDGE('',*,*,#5005,.T.);
#6715=ORIENTED_EDGE('',*,*,#5001,.F.);
#6716=ORIENTED_EDGE('',*,*,#5006,.F.);
#6717=ORIENTED_EDGE('',*,*,#5007,.T.);
#6718=ORIENTED_EDGE('',*,*,#5008,.T.);
#6719=ORIENTED_EDGE('',*,*,#5004,.F.);
#6720=ORIENTED_EDGE('',*,*,#5009,.F.);
#6721=ORIENTED_EDGE('',*,*,#5010,.T.);
#6722=ORIENTED_EDGE('',*,*,#5011,.T.);
#6723=ORIENTED_EDGE('',*,*,#5007,.F.);
#6724=ORIENTED_EDGE('',*,*,#5012,.F.);
#6725=ORIENTED_EDGE('',*,*,#4993,.T.);
#6726=ORIENTED_EDGE('',*,*,#5013,.T.);
#6727=ORIENTED_EDGE('',*,*,#5010,.F.);
#6728=ORIENTED_EDGE('',*,*,#5014,.F.);
#6729=ORIENTED_EDGE('',*,*,#5015,.T.);
#6730=ORIENTED_EDGE('',*,*,#5016,.T.);
#6731=ORIENTED_EDGE('',*,*,#5017,.F.);
#6732=ORIENTED_EDGE('',*,*,#5018,.F.);
#6733=ORIENTED_EDGE('',*,*,#5019,.T.);
#6734=ORIENTED_EDGE('',*,*,#5020,.T.);
#6735=ORIENTED_EDGE('',*,*,#5015,.F.);
#6736=ORIENTED_EDGE('',*,*,#5021,.F.);
#6737=ORIENTED_EDGE('',*,*,#5022,.T.);
#6738=ORIENTED_EDGE('',*,*,#5023,.T.);
#6739=ORIENTED_EDGE('',*,*,#5019,.F.);
#6740=ORIENTED_EDGE('',*,*,#5024,.F.);
#6741=ORIENTED_EDGE('',*,*,#5025,.T.);
#6742=ORIENTED_EDGE('',*,*,#5026,.T.);
#6743=ORIENTED_EDGE('',*,*,#5022,.F.);
#6744=ORIENTED_EDGE('',*,*,#5027,.F.);
#6745=ORIENTED_EDGE('',*,*,#5028,.T.);
#6746=ORIENTED_EDGE('',*,*,#5029,.T.);
#6747=ORIENTED_EDGE('',*,*,#5025,.F.);
#6748=ORIENTED_EDGE('',*,*,#5030,.F.);
#6749=ORIENTED_EDGE('',*,*,#5031,.T.);
#6750=ORIENTED_EDGE('',*,*,#5032,.T.);
#6751=ORIENTED_EDGE('',*,*,#5028,.F.);
#6752=ORIENTED_EDGE('',*,*,#5033,.F.);
#6753=ORIENTED_EDGE('',*,*,#5034,.T.);
#6754=ORIENTED_EDGE('',*,*,#5035,.T.);
#6755=ORIENTED_EDGE('',*,*,#5031,.F.);
#6756=ORIENTED_EDGE('',*,*,#5036,.F.);
#6757=ORIENTED_EDGE('',*,*,#5037,.T.);
#6758=ORIENTED_EDGE('',*,*,#5038,.T.);
#6759=ORIENTED_EDGE('',*,*,#5034,.F.);
#6760=ORIENTED_EDGE('',*,*,#5039,.F.);
#6761=ORIENTED_EDGE('',*,*,#5040,.T.);
#6762=ORIENTED_EDGE('',*,*,#5041,.T.);
#6763=ORIENTED_EDGE('',*,*,#5037,.F.);
#6764=ORIENTED_EDGE('',*,*,#5042,.F.);
#6765=ORIENTED_EDGE('',*,*,#5043,.T.);
#6766=ORIENTED_EDGE('',*,*,#5044,.T.);
#6767=ORIENTED_EDGE('',*,*,#5040,.F.);
#6768=ORIENTED_EDGE('',*,*,#5045,.F.);
#6769=ORIENTED_EDGE('',*,*,#5046,.T.);
#6770=ORIENTED_EDGE('',*,*,#5047,.T.);
#6771=ORIENTED_EDGE('',*,*,#5043,.F.);
#6772=ORIENTED_EDGE('',*,*,#5048,.F.);
#6773=ORIENTED_EDGE('',*,*,#5049,.T.);
#6774=ORIENTED_EDGE('',*,*,#5050,.T.);
#6775=ORIENTED_EDGE('',*,*,#5046,.F.);
#6776=ORIENTED_EDGE('',*,*,#5051,.F.);
#6777=ORIENTED_EDGE('',*,*,#5052,.T.);
#6778=ORIENTED_EDGE('',*,*,#5053,.T.);
#6779=ORIENTED_EDGE('',*,*,#5049,.F.);
#6780=ORIENTED_EDGE('',*,*,#5054,.F.);
#6781=ORIENTED_EDGE('',*,*,#5055,.T.);
#6782=ORIENTED_EDGE('',*,*,#5056,.T.);
#6783=ORIENTED_EDGE('',*,*,#5052,.F.);
#6784=ORIENTED_EDGE('',*,*,#5057,.F.);
#6785=ORIENTED_EDGE('',*,*,#5058,.T.);
#6786=ORIENTED_EDGE('',*,*,#5059,.T.);
#6787=ORIENTED_EDGE('',*,*,#5055,.F.);
#6788=ORIENTED_EDGE('',*,*,#5060,.F.);
#6789=ORIENTED_EDGE('',*,*,#5061,.T.);
#6790=ORIENTED_EDGE('',*,*,#5062,.T.);
#6791=ORIENTED_EDGE('',*,*,#5058,.F.);
#6792=ORIENTED_EDGE('',*,*,#5063,.F.);
#6793=ORIENTED_EDGE('',*,*,#5064,.T.);
#6794=ORIENTED_EDGE('',*,*,#5065,.T.);
#6795=ORIENTED_EDGE('',*,*,#5061,.F.);
#6796=ORIENTED_EDGE('',*,*,#5066,.F.);
#6797=ORIENTED_EDGE('',*,*,#5067,.T.);
#6798=ORIENTED_EDGE('',*,*,#5068,.T.);
#6799=ORIENTED_EDGE('',*,*,#5064,.F.);
#6800=ORIENTED_EDGE('',*,*,#5069,.F.);
#6801=ORIENTED_EDGE('',*,*,#5070,.T.);
#6802=ORIENTED_EDGE('',*,*,#5071,.T.);
#6803=ORIENTED_EDGE('',*,*,#5067,.F.);
#6804=ORIENTED_EDGE('',*,*,#5072,.F.);
#6805=ORIENTED_EDGE('',*,*,#5073,.T.);
#6806=ORIENTED_EDGE('',*,*,#5074,.T.);
#6807=ORIENTED_EDGE('',*,*,#5070,.F.);
#6808=ORIENTED_EDGE('',*,*,#5075,.F.);
#6809=ORIENTED_EDGE('',*,*,#5076,.T.);
#6810=ORIENTED_EDGE('',*,*,#5077,.T.);
#6811=ORIENTED_EDGE('',*,*,#5073,.F.);
#6812=ORIENTED_EDGE('',*,*,#5078,.F.);
#6813=ORIENTED_EDGE('',*,*,#5079,.T.);
#6814=ORIENTED_EDGE('',*,*,#5080,.T.);
#6815=ORIENTED_EDGE('',*,*,#5076,.F.);
#6816=ORIENTED_EDGE('',*,*,#5081,.F.);
#6817=ORIENTED_EDGE('',*,*,#5082,.T.);
#6818=ORIENTED_EDGE('',*,*,#5083,.T.);
#6819=ORIENTED_EDGE('',*,*,#5079,.F.);
#6820=ORIENTED_EDGE('',*,*,#5084,.F.);
#6821=ORIENTED_EDGE('',*,*,#5085,.T.);
#6822=ORIENTED_EDGE('',*,*,#5086,.T.);
#6823=ORIENTED_EDGE('',*,*,#5082,.F.);
#6824=ORIENTED_EDGE('',*,*,#5087,.F.);
#6825=ORIENTED_EDGE('',*,*,#5017,.T.);
#6826=ORIENTED_EDGE('',*,*,#5088,.T.);
#6827=ORIENTED_EDGE('',*,*,#5085,.F.);
#6828=ORIENTED_EDGE('',*,*,#5088,.F.);
#6829=ORIENTED_EDGE('',*,*,#5016,.F.);
#6830=ORIENTED_EDGE('',*,*,#5020,.F.);
#6831=ORIENTED_EDGE('',*,*,#5023,.F.);
#6832=ORIENTED_EDGE('',*,*,#5026,.F.);
#6833=ORIENTED_EDGE('',*,*,#5029,.F.);
#6834=ORIENTED_EDGE('',*,*,#5032,.F.);
#6835=ORIENTED_EDGE('',*,*,#5035,.F.);
#6836=ORIENTED_EDGE('',*,*,#5038,.F.);
#6837=ORIENTED_EDGE('',*,*,#5041,.F.);
#6838=ORIENTED_EDGE('',*,*,#5044,.F.);
#6839=ORIENTED_EDGE('',*,*,#5047,.F.);
#6840=ORIENTED_EDGE('',*,*,#5050,.F.);
#6841=ORIENTED_EDGE('',*,*,#5053,.F.);
#6842=ORIENTED_EDGE('',*,*,#5056,.F.);
#6843=ORIENTED_EDGE('',*,*,#5059,.F.);
#6844=ORIENTED_EDGE('',*,*,#5062,.F.);
#6845=ORIENTED_EDGE('',*,*,#5065,.F.);
#6846=ORIENTED_EDGE('',*,*,#5068,.F.);
#6847=ORIENTED_EDGE('',*,*,#5071,.F.);
#6848=ORIENTED_EDGE('',*,*,#5074,.F.);
#6849=ORIENTED_EDGE('',*,*,#5077,.F.);
#6850=ORIENTED_EDGE('',*,*,#5080,.F.);
#6851=ORIENTED_EDGE('',*,*,#5083,.F.);
#6852=ORIENTED_EDGE('',*,*,#5086,.F.);
#6853=ORIENTED_EDGE('',*,*,#5013,.F.);
#6854=ORIENTED_EDGE('',*,*,#4992,.F.);
#6855=ORIENTED_EDGE('',*,*,#4996,.F.);
#6856=ORIENTED_EDGE('',*,*,#4999,.F.);
#6857=ORIENTED_EDGE('',*,*,#5002,.F.);
#6858=ORIENTED_EDGE('',*,*,#5005,.F.);
#6859=ORIENTED_EDGE('',*,*,#5008,.F.);
#6860=ORIENTED_EDGE('',*,*,#5011,.F.);
#6861=ORIENTED_EDGE('',*,*,#5089,.F.);
#6862=ORIENTED_EDGE('',*,*,#5090,.T.);
#6863=ORIENTED_EDGE('',*,*,#5091,.T.);
#6864=ORIENTED_EDGE('',*,*,#5092,.F.);
#6865=ORIENTED_EDGE('',*,*,#5093,.F.);
#6866=ORIENTED_EDGE('',*,*,#5094,.T.);
#6867=ORIENTED_EDGE('',*,*,#5095,.T.);
#6868=ORIENTED_EDGE('',*,*,#5090,.F.);
#6869=ORIENTED_EDGE('',*,*,#5096,.F.);
#6870=ORIENTED_EDGE('',*,*,#5097,.T.);
#6871=ORIENTED_EDGE('',*,*,#5098,.T.);
#6872=ORIENTED_EDGE('',*,*,#5094,.F.);
#6873=ORIENTED_EDGE('',*,*,#5099,.F.);
#6874=ORIENTED_EDGE('',*,*,#5100,.T.);
#6875=ORIENTED_EDGE('',*,*,#5101,.T.);
#6876=ORIENTED_EDGE('',*,*,#5097,.F.);
#6877=ORIENTED_EDGE('',*,*,#5102,.F.);
#6878=ORIENTED_EDGE('',*,*,#5092,.T.);
#6879=ORIENTED_EDGE('',*,*,#5103,.T.);
#6880=ORIENTED_EDGE('',*,*,#5100,.F.);
#6881=ORIENTED_EDGE('',*,*,#5104,.F.);
#6882=ORIENTED_EDGE('',*,*,#5105,.T.);
#6883=ORIENTED_EDGE('',*,*,#5106,.T.);
#6884=ORIENTED_EDGE('',*,*,#5107,.F.);
#6885=ORIENTED_EDGE('',*,*,#5108,.F.);
#6886=ORIENTED_EDGE('',*,*,#5109,.T.);
#6887=ORIENTED_EDGE('',*,*,#5110,.T.);
#6888=ORIENTED_EDGE('',*,*,#5105,.F.);
#6889=ORIENTED_EDGE('',*,*,#5111,.F.);
#6890=ORIENTED_EDGE('',*,*,#5112,.T.);
#6891=ORIENTED_EDGE('',*,*,#5113,.T.);
#6892=ORIENTED_EDGE('',*,*,#5109,.F.);
#6893=ORIENTED_EDGE('',*,*,#5114,.F.);
#6894=ORIENTED_EDGE('',*,*,#5115,.T.);
#6895=ORIENTED_EDGE('',*,*,#5116,.T.);
#6896=ORIENTED_EDGE('',*,*,#5112,.F.);
#6897=ORIENTED_EDGE('',*,*,#5117,.F.);
#6898=ORIENTED_EDGE('',*,*,#5118,.T.);
#6899=ORIENTED_EDGE('',*,*,#5119,.T.);
#6900=ORIENTED_EDGE('',*,*,#5115,.F.);
#6901=ORIENTED_EDGE('',*,*,#5120,.F.);
#6902=ORIENTED_EDGE('',*,*,#5121,.T.);
#6903=ORIENTED_EDGE('',*,*,#5122,.T.);
#6904=ORIENTED_EDGE('',*,*,#5118,.F.);
#6905=ORIENTED_EDGE('',*,*,#5123,.F.);
#6906=ORIENTED_EDGE('',*,*,#5124,.T.);
#6907=ORIENTED_EDGE('',*,*,#5125,.T.);
#6908=ORIENTED_EDGE('',*,*,#5121,.F.);
#6909=ORIENTED_EDGE('',*,*,#5126,.F.);
#6910=ORIENTED_EDGE('',*,*,#5127,.T.);
#6911=ORIENTED_EDGE('',*,*,#5128,.T.);
#6912=ORIENTED_EDGE('',*,*,#5124,.F.);
#6913=ORIENTED_EDGE('',*,*,#5129,.F.);
#6914=ORIENTED_EDGE('',*,*,#5130,.T.);
#6915=ORIENTED_EDGE('',*,*,#5131,.T.);
#6916=ORIENTED_EDGE('',*,*,#5127,.F.);
#6917=ORIENTED_EDGE('',*,*,#5132,.F.);
#6918=ORIENTED_EDGE('',*,*,#5133,.T.);
#6919=ORIENTED_EDGE('',*,*,#5134,.T.);
#6920=ORIENTED_EDGE('',*,*,#5130,.F.);
#6921=ORIENTED_EDGE('',*,*,#5135,.F.);
#6922=ORIENTED_EDGE('',*,*,#5136,.T.);
#6923=ORIENTED_EDGE('',*,*,#5137,.T.);
#6924=ORIENTED_EDGE('',*,*,#5133,.F.);
#6925=ORIENTED_EDGE('',*,*,#5138,.F.);
#6926=ORIENTED_EDGE('',*,*,#5139,.T.);
#6927=ORIENTED_EDGE('',*,*,#5140,.T.);
#6928=ORIENTED_EDGE('',*,*,#5136,.F.);
#6929=ORIENTED_EDGE('',*,*,#5141,.F.);
#6930=ORIENTED_EDGE('',*,*,#5142,.T.);
#6931=ORIENTED_EDGE('',*,*,#5143,.T.);
#6932=ORIENTED_EDGE('',*,*,#5139,.F.);
#6933=ORIENTED_EDGE('',*,*,#5144,.F.);
#6934=ORIENTED_EDGE('',*,*,#5145,.T.);
#6935=ORIENTED_EDGE('',*,*,#5146,.T.);
#6936=ORIENTED_EDGE('',*,*,#5142,.F.);
#6937=ORIENTED_EDGE('',*,*,#5147,.F.);
#6938=ORIENTED_EDGE('',*,*,#5148,.T.);
#6939=ORIENTED_EDGE('',*,*,#5149,.T.);
#6940=ORIENTED_EDGE('',*,*,#5145,.F.);
#6941=ORIENTED_EDGE('',*,*,#5150,.F.);
#6942=ORIENTED_EDGE('',*,*,#5151,.T.);
#6943=ORIENTED_EDGE('',*,*,#5152,.T.);
#6944=ORIENTED_EDGE('',*,*,#5148,.F.);
#6945=ORIENTED_EDGE('',*,*,#5153,.F.);
#6946=ORIENTED_EDGE('',*,*,#5107,.T.);
#6947=ORIENTED_EDGE('',*,*,#5154,.T.);
#6948=ORIENTED_EDGE('',*,*,#5151,.F.);
#6949=ORIENTED_EDGE('',*,*,#5154,.F.);
#6950=ORIENTED_EDGE('',*,*,#5106,.F.);
#6951=ORIENTED_EDGE('',*,*,#5110,.F.);
#6952=ORIENTED_EDGE('',*,*,#5113,.F.);
#6953=ORIENTED_EDGE('',*,*,#5116,.F.);
#6954=ORIENTED_EDGE('',*,*,#5119,.F.);
#6955=ORIENTED_EDGE('',*,*,#5122,.F.);
#6956=ORIENTED_EDGE('',*,*,#5125,.F.);
#6957=ORIENTED_EDGE('',*,*,#5128,.F.);
#6958=ORIENTED_EDGE('',*,*,#5131,.F.);
#6959=ORIENTED_EDGE('',*,*,#5134,.F.);
#6960=ORIENTED_EDGE('',*,*,#5137,.F.);
#6961=ORIENTED_EDGE('',*,*,#5140,.F.);
#6962=ORIENTED_EDGE('',*,*,#5143,.F.);
#6963=ORIENTED_EDGE('',*,*,#5146,.F.);
#6964=ORIENTED_EDGE('',*,*,#5149,.F.);
#6965=ORIENTED_EDGE('',*,*,#5152,.F.);
#6966=ORIENTED_EDGE('',*,*,#5103,.F.);
#6967=ORIENTED_EDGE('',*,*,#5091,.F.);
#6968=ORIENTED_EDGE('',*,*,#5095,.F.);
#6969=ORIENTED_EDGE('',*,*,#5098,.F.);
#6970=ORIENTED_EDGE('',*,*,#5101,.F.);
#6971=ORIENTED_EDGE('',*,*,#5089,.T.);
#6972=ORIENTED_EDGE('',*,*,#5102,.T.);
#6973=ORIENTED_EDGE('',*,*,#5099,.T.);
#6974=ORIENTED_EDGE('',*,*,#5096,.T.);
#6975=ORIENTED_EDGE('',*,*,#5093,.T.);
#6976=ORIENTED_EDGE('',*,*,#4990,.T.);
#6977=ORIENTED_EDGE('',*,*,#5012,.T.);
#6978=ORIENTED_EDGE('',*,*,#5009,.T.);
#6979=ORIENTED_EDGE('',*,*,#5006,.T.);
#6980=ORIENTED_EDGE('',*,*,#5003,.T.);
#6981=ORIENTED_EDGE('',*,*,#5000,.T.);
#6982=ORIENTED_EDGE('',*,*,#4997,.T.);
#6983=ORIENTED_EDGE('',*,*,#4994,.T.);
#6984=ORIENTED_EDGE('',*,*,#4846,.T.);
#6985=ORIENTED_EDGE('',*,*,#4871,.T.);
#6986=ORIENTED_EDGE('',*,*,#4868,.T.);
#6987=ORIENTED_EDGE('',*,*,#4865,.T.);
#6988=ORIENTED_EDGE('',*,*,#4862,.T.);
#6989=ORIENTED_EDGE('',*,*,#4859,.T.);
#6990=ORIENTED_EDGE('',*,*,#4856,.T.);
#6991=ORIENTED_EDGE('',*,*,#4853,.T.);
#6992=ORIENTED_EDGE('',*,*,#4850,.T.);
#6993=ORIENTED_EDGE('',*,*,#4798,.T.);
#6994=ORIENTED_EDGE('',*,*,#4820,.T.);
#6995=ORIENTED_EDGE('',*,*,#4817,.T.);
#6996=ORIENTED_EDGE('',*,*,#4814,.T.);
#6997=ORIENTED_EDGE('',*,*,#4811,.T.);
#6998=ORIENTED_EDGE('',*,*,#4808,.T.);
#6999=ORIENTED_EDGE('',*,*,#4805,.T.);
#7000=ORIENTED_EDGE('',*,*,#4802,.T.);
#7001=ORIENTED_EDGE('',*,*,#5155,.F.);
#7002=ORIENTED_EDGE('',*,*,#5156,.T.);
#7003=ORIENTED_EDGE('',*,*,#5157,.T.);
#7004=ORIENTED_EDGE('',*,*,#5158,.F.);
#7005=ORIENTED_EDGE('',*,*,#5159,.F.);
#7006=ORIENTED_EDGE('',*,*,#5160,.T.);
#7007=ORIENTED_EDGE('',*,*,#5161,.T.);
#7008=ORIENTED_EDGE('',*,*,#5156,.F.);
#7009=ORIENTED_EDGE('',*,*,#5162,.F.);
#7010=ORIENTED_EDGE('',*,*,#5163,.T.);
#7011=ORIENTED_EDGE('',*,*,#5164,.T.);
#7012=ORIENTED_EDGE('',*,*,#5160,.F.);
#7013=ORIENTED_EDGE('',*,*,#5165,.F.);
#7014=ORIENTED_EDGE('',*,*,#5166,.T.);
#7015=ORIENTED_EDGE('',*,*,#5167,.T.);
#7016=ORIENTED_EDGE('',*,*,#5163,.F.);
#7017=ORIENTED_EDGE('',*,*,#5168,.F.);
#7018=ORIENTED_EDGE('',*,*,#5169,.T.);
#7019=ORIENTED_EDGE('',*,*,#5170,.T.);
#7020=ORIENTED_EDGE('',*,*,#5166,.F.);
#7021=ORIENTED_EDGE('',*,*,#5171,.F.);
#7022=ORIENTED_EDGE('',*,*,#5172,.T.);
#7023=ORIENTED_EDGE('',*,*,#5173,.T.);
#7024=ORIENTED_EDGE('',*,*,#5169,.F.);
#7025=ORIENTED_EDGE('',*,*,#5174,.F.);
#7026=ORIENTED_EDGE('',*,*,#5175,.T.);
#7027=ORIENTED_EDGE('',*,*,#5176,.T.);
#7028=ORIENTED_EDGE('',*,*,#5172,.F.);
#7029=ORIENTED_EDGE('',*,*,#5177,.F.);
#7030=ORIENTED_EDGE('',*,*,#5178,.T.);
#7031=ORIENTED_EDGE('',*,*,#5179,.T.);
#7032=ORIENTED_EDGE('',*,*,#5175,.F.);
#7033=ORIENTED_EDGE('',*,*,#5180,.F.);
#7034=ORIENTED_EDGE('',*,*,#5181,.T.);
#7035=ORIENTED_EDGE('',*,*,#5182,.T.);
#7036=ORIENTED_EDGE('',*,*,#5178,.F.);
#7037=ORIENTED_EDGE('',*,*,#5183,.F.);
#7038=ORIENTED_EDGE('',*,*,#5184,.T.);
#7039=ORIENTED_EDGE('',*,*,#5185,.T.);
#7040=ORIENTED_EDGE('',*,*,#5181,.F.);
#7041=ORIENTED_EDGE('',*,*,#5186,.F.);
#7042=ORIENTED_EDGE('',*,*,#5187,.T.);
#7043=ORIENTED_EDGE('',*,*,#5188,.T.);
#7044=ORIENTED_EDGE('',*,*,#5184,.F.);
#7045=ORIENTED_EDGE('',*,*,#5189,.F.);
#7046=ORIENTED_EDGE('',*,*,#5190,.T.);
#7047=ORIENTED_EDGE('',*,*,#5191,.T.);
#7048=ORIENTED_EDGE('',*,*,#5187,.F.);
#7049=ORIENTED_EDGE('',*,*,#5192,.F.);
#7050=ORIENTED_EDGE('',*,*,#5193,.T.);
#7051=ORIENTED_EDGE('',*,*,#5194,.T.);
#7052=ORIENTED_EDGE('',*,*,#5190,.F.);
#7053=ORIENTED_EDGE('',*,*,#5195,.F.);
#7054=ORIENTED_EDGE('',*,*,#5196,.T.);
#7055=ORIENTED_EDGE('',*,*,#5197,.T.);
#7056=ORIENTED_EDGE('',*,*,#5193,.F.);
#7057=ORIENTED_EDGE('',*,*,#5198,.F.);
#7058=ORIENTED_EDGE('',*,*,#5199,.T.);
#7059=ORIENTED_EDGE('',*,*,#5200,.T.);
#7060=ORIENTED_EDGE('',*,*,#5196,.F.);
#7061=ORIENTED_EDGE('',*,*,#5201,.F.);
#7062=ORIENTED_EDGE('',*,*,#5202,.T.);
#7063=ORIENTED_EDGE('',*,*,#5203,.T.);
#7064=ORIENTED_EDGE('',*,*,#5199,.F.);
#7065=ORIENTED_EDGE('',*,*,#5204,.F.);
#7066=ORIENTED_EDGE('',*,*,#5205,.T.);
#7067=ORIENTED_EDGE('',*,*,#5206,.T.);
#7068=ORIENTED_EDGE('',*,*,#5202,.F.);
#7069=ORIENTED_EDGE('',*,*,#5207,.F.);
#7070=ORIENTED_EDGE('',*,*,#5208,.T.);
#7071=ORIENTED_EDGE('',*,*,#5209,.T.);
#7072=ORIENTED_EDGE('',*,*,#5205,.F.);
#7073=ORIENTED_EDGE('',*,*,#5210,.F.);
#7074=ORIENTED_EDGE('',*,*,#5211,.T.);
#7075=ORIENTED_EDGE('',*,*,#5212,.T.);
#7076=ORIENTED_EDGE('',*,*,#5208,.F.);
#7077=ORIENTED_EDGE('',*,*,#5213,.F.);
#7078=ORIENTED_EDGE('',*,*,#5214,.T.);
#7079=ORIENTED_EDGE('',*,*,#5215,.T.);
#7080=ORIENTED_EDGE('',*,*,#5211,.F.);
#7081=ORIENTED_EDGE('',*,*,#5216,.F.);
#7082=ORIENTED_EDGE('',*,*,#5217,.T.);
#7083=ORIENTED_EDGE('',*,*,#5218,.T.);
#7084=ORIENTED_EDGE('',*,*,#5214,.F.);
#7085=ORIENTED_EDGE('',*,*,#5219,.F.);
#7086=ORIENTED_EDGE('',*,*,#5220,.T.);
#7087=ORIENTED_EDGE('',*,*,#5221,.T.);
#7088=ORIENTED_EDGE('',*,*,#5217,.F.);
#7089=ORIENTED_EDGE('',*,*,#5222,.F.);
#7090=ORIENTED_EDGE('',*,*,#5223,.T.);
#7091=ORIENTED_EDGE('',*,*,#5224,.T.);
#7092=ORIENTED_EDGE('',*,*,#5220,.F.);
#7093=ORIENTED_EDGE('',*,*,#5225,.F.);
#7094=ORIENTED_EDGE('',*,*,#5226,.T.);
#7095=ORIENTED_EDGE('',*,*,#5227,.T.);
#7096=ORIENTED_EDGE('',*,*,#5223,.F.);
#7097=ORIENTED_EDGE('',*,*,#5228,.F.);
#7098=ORIENTED_EDGE('',*,*,#5229,.T.);
#7099=ORIENTED_EDGE('',*,*,#5230,.T.);
#7100=ORIENTED_EDGE('',*,*,#5226,.F.);
#7101=ORIENTED_EDGE('',*,*,#5231,.F.);
#7102=ORIENTED_EDGE('',*,*,#5232,.T.);
#7103=ORIENTED_EDGE('',*,*,#5233,.T.);
#7104=ORIENTED_EDGE('',*,*,#5229,.F.);
#7105=ORIENTED_EDGE('',*,*,#5234,.F.);
#7106=ORIENTED_EDGE('',*,*,#5235,.T.);
#7107=ORIENTED_EDGE('',*,*,#5236,.T.);
#7108=ORIENTED_EDGE('',*,*,#5232,.F.);
#7109=ORIENTED_EDGE('',*,*,#5237,.F.);
#7110=ORIENTED_EDGE('',*,*,#5238,.T.);
#7111=ORIENTED_EDGE('',*,*,#5239,.T.);
#7112=ORIENTED_EDGE('',*,*,#5235,.F.);
#7113=ORIENTED_EDGE('',*,*,#5240,.F.);
#7114=ORIENTED_EDGE('',*,*,#5158,.T.);
#7115=ORIENTED_EDGE('',*,*,#5241,.T.);
#7116=ORIENTED_EDGE('',*,*,#5238,.F.);
#7117=ORIENTED_EDGE('',*,*,#5241,.F.);
#7118=ORIENTED_EDGE('',*,*,#5157,.F.);
#7119=ORIENTED_EDGE('',*,*,#5161,.F.);
#7120=ORIENTED_EDGE('',*,*,#5164,.F.);
#7121=ORIENTED_EDGE('',*,*,#5167,.F.);
#7122=ORIENTED_EDGE('',*,*,#5170,.F.);
#7123=ORIENTED_EDGE('',*,*,#5173,.F.);
#7124=ORIENTED_EDGE('',*,*,#5176,.F.);
#7125=ORIENTED_EDGE('',*,*,#5179,.F.);
#7126=ORIENTED_EDGE('',*,*,#5182,.F.);
#7127=ORIENTED_EDGE('',*,*,#5185,.F.);
#7128=ORIENTED_EDGE('',*,*,#5188,.F.);
#7129=ORIENTED_EDGE('',*,*,#5191,.F.);
#7130=ORIENTED_EDGE('',*,*,#5194,.F.);
#7131=ORIENTED_EDGE('',*,*,#5197,.F.);
#7132=ORIENTED_EDGE('',*,*,#5200,.F.);
#7133=ORIENTED_EDGE('',*,*,#5203,.F.);
#7134=ORIENTED_EDGE('',*,*,#5206,.F.);
#7135=ORIENTED_EDGE('',*,*,#5209,.F.);
#7136=ORIENTED_EDGE('',*,*,#5212,.F.);
#7137=ORIENTED_EDGE('',*,*,#5215,.F.);
#7138=ORIENTED_EDGE('',*,*,#5218,.F.);
#7139=ORIENTED_EDGE('',*,*,#5221,.F.);
#7140=ORIENTED_EDGE('',*,*,#5224,.F.);
#7141=ORIENTED_EDGE('',*,*,#5227,.F.);
#7142=ORIENTED_EDGE('',*,*,#5230,.F.);
#7143=ORIENTED_EDGE('',*,*,#5233,.F.);
#7144=ORIENTED_EDGE('',*,*,#5236,.F.);
#7145=ORIENTED_EDGE('',*,*,#5239,.F.);
#7146=ORIENTED_EDGE('',*,*,#5242,.F.);
#7147=ORIENTED_EDGE('',*,*,#5243,.F.);
#7148=ORIENTED_EDGE('',*,*,#5244,.F.);
#7149=ORIENTED_EDGE('',*,*,#5245,.T.);
#7150=ORIENTED_EDGE('',*,*,#5246,.F.);
#7151=ORIENTED_EDGE('',*,*,#5245,.F.);
#7152=ORIENTED_EDGE('',*,*,#5247,.F.);
#7153=ORIENTED_EDGE('',*,*,#5248,.T.);
#7154=ORIENTED_EDGE('',*,*,#5249,.F.);
#7155=ORIENTED_EDGE('',*,*,#5248,.F.);
#7156=ORIENTED_EDGE('',*,*,#5250,.F.);
#7157=ORIENTED_EDGE('',*,*,#5251,.T.);
#7158=ORIENTED_EDGE('',*,*,#5252,.F.);
#7159=ORIENTED_EDGE('',*,*,#5251,.F.);
#7160=ORIENTED_EDGE('',*,*,#5253,.F.);
#7161=ORIENTED_EDGE('',*,*,#5243,.T.);
#7162=ORIENTED_EDGE('',*,*,#5242,.T.);
#7163=ORIENTED_EDGE('',*,*,#5246,.T.);
#7164=ORIENTED_EDGE('',*,*,#5249,.T.);
#7165=ORIENTED_EDGE('',*,*,#5252,.T.);
#7166=ORIENTED_EDGE('',*,*,#5254,.T.);
#7167=ORIENTED_EDGE('',*,*,#5255,.F.);
#7168=ORIENTED_EDGE('',*,*,#5256,.F.);
#7169=ORIENTED_EDGE('',*,*,#5257,.T.);
#7170=ORIENTED_EDGE('',*,*,#5258,.T.);
#7171=ORIENTED_EDGE('',*,*,#5259,.F.);
#7172=ORIENTED_EDGE('',*,*,#5260,.F.);
#7173=ORIENTED_EDGE('',*,*,#5255,.T.);
#7174=ORIENTED_EDGE('',*,*,#5261,.T.);
#7175=ORIENTED_EDGE('',*,*,#5262,.F.);
#7176=ORIENTED_EDGE('',*,*,#5263,.F.);
#7177=ORIENTED_EDGE('',*,*,#5259,.T.);
#7178=ORIENTED_EDGE('',*,*,#5264,.T.);
#7179=ORIENTED_EDGE('',*,*,#5265,.F.);
#7180=ORIENTED_EDGE('',*,*,#5266,.F.);
#7181=ORIENTED_EDGE('',*,*,#5262,.T.);
#7182=ORIENTED_EDGE('',*,*,#5267,.T.);
#7183=ORIENTED_EDGE('',*,*,#5268,.F.);
#7184=ORIENTED_EDGE('',*,*,#5269,.F.);
#7185=ORIENTED_EDGE('',*,*,#5265,.T.);
#7186=ORIENTED_EDGE('',*,*,#5270,.T.);
#7187=ORIENTED_EDGE('',*,*,#5271,.F.);
#7188=ORIENTED_EDGE('',*,*,#5272,.F.);
#7189=ORIENTED_EDGE('',*,*,#5268,.T.);
#7190=ORIENTED_EDGE('',*,*,#5273,.T.);
#7191=ORIENTED_EDGE('',*,*,#5274,.F.);
#7192=ORIENTED_EDGE('',*,*,#5275,.F.);
#7193=ORIENTED_EDGE('',*,*,#5271,.T.);
#7194=ORIENTED_EDGE('',*,*,#5276,.T.);
#7195=ORIENTED_EDGE('',*,*,#5257,.F.);
#7196=ORIENTED_EDGE('',*,*,#5277,.F.);
#7197=ORIENTED_EDGE('',*,*,#5274,.T.);
#7198=ORIENTED_EDGE('',*,*,#5278,.F.);
#7199=ORIENTED_EDGE('',*,*,#5279,.F.);
#7200=ORIENTED_EDGE('',*,*,#5280,.F.);
#7201=ORIENTED_EDGE('',*,*,#5281,.T.);
#7202=ORIENTED_EDGE('',*,*,#5282,.F.);
#7203=ORIENTED_EDGE('',*,*,#5281,.F.);
#7204=ORIENTED_EDGE('',*,*,#5283,.F.);
#7205=ORIENTED_EDGE('',*,*,#5284,.T.);
#7206=ORIENTED_EDGE('',*,*,#5285,.F.);
#7207=ORIENTED_EDGE('',*,*,#5284,.F.);
#7208=ORIENTED_EDGE('',*,*,#5286,.F.);
#7209=ORIENTED_EDGE('',*,*,#5287,.T.);
#7210=ORIENTED_EDGE('',*,*,#5288,.F.);
#7211=ORIENTED_EDGE('',*,*,#5287,.F.);
#7212=ORIENTED_EDGE('',*,*,#5289,.F.);
#7213=ORIENTED_EDGE('',*,*,#5290,.T.);
#7214=ORIENTED_EDGE('',*,*,#5291,.F.);
#7215=ORIENTED_EDGE('',*,*,#5290,.F.);
#7216=ORIENTED_EDGE('',*,*,#5292,.F.);
#7217=ORIENTED_EDGE('',*,*,#5293,.T.);
#7218=ORIENTED_EDGE('',*,*,#5294,.F.);
#7219=ORIENTED_EDGE('',*,*,#5293,.F.);
#7220=ORIENTED_EDGE('',*,*,#5295,.F.);
#7221=ORIENTED_EDGE('',*,*,#5296,.T.);
#7222=ORIENTED_EDGE('',*,*,#5297,.F.);
#7223=ORIENTED_EDGE('',*,*,#5296,.F.);
#7224=ORIENTED_EDGE('',*,*,#5298,.F.);
#7225=ORIENTED_EDGE('',*,*,#5299,.T.);
#7226=ORIENTED_EDGE('',*,*,#5300,.F.);
#7227=ORIENTED_EDGE('',*,*,#5299,.F.);
#7228=ORIENTED_EDGE('',*,*,#5301,.F.);
#7229=ORIENTED_EDGE('',*,*,#5302,.T.);
#7230=ORIENTED_EDGE('',*,*,#5303,.F.);
#7231=ORIENTED_EDGE('',*,*,#5302,.F.);
#7232=ORIENTED_EDGE('',*,*,#5304,.F.);
#7233=ORIENTED_EDGE('',*,*,#5305,.T.);
#7234=ORIENTED_EDGE('',*,*,#5306,.F.);
#7235=ORIENTED_EDGE('',*,*,#5305,.F.);
#7236=ORIENTED_EDGE('',*,*,#5307,.F.);
#7237=ORIENTED_EDGE('',*,*,#5308,.T.);
#7238=ORIENTED_EDGE('',*,*,#5309,.F.);
#7239=ORIENTED_EDGE('',*,*,#5308,.F.);
#7240=ORIENTED_EDGE('',*,*,#5310,.F.);
#7241=ORIENTED_EDGE('',*,*,#5311,.T.);
#7242=ORIENTED_EDGE('',*,*,#5312,.F.);
#7243=ORIENTED_EDGE('',*,*,#5311,.F.);
#7244=ORIENTED_EDGE('',*,*,#5313,.F.);
#7245=ORIENTED_EDGE('',*,*,#5314,.T.);
#7246=ORIENTED_EDGE('',*,*,#5315,.F.);
#7247=ORIENTED_EDGE('',*,*,#5314,.F.);
#7248=ORIENTED_EDGE('',*,*,#5316,.F.);
#7249=ORIENTED_EDGE('',*,*,#5279,.T.);
#7250=ORIENTED_EDGE('',*,*,#5278,.T.);
#7251=ORIENTED_EDGE('',*,*,#5282,.T.);
#7252=ORIENTED_EDGE('',*,*,#5285,.T.);
#7253=ORIENTED_EDGE('',*,*,#5288,.T.);
#7254=ORIENTED_EDGE('',*,*,#5291,.T.);
#7255=ORIENTED_EDGE('',*,*,#5294,.T.);
#7256=ORIENTED_EDGE('',*,*,#5297,.T.);
#7257=ORIENTED_EDGE('',*,*,#5300,.T.);
#7258=ORIENTED_EDGE('',*,*,#5303,.T.);
#7259=ORIENTED_EDGE('',*,*,#5306,.T.);
#7260=ORIENTED_EDGE('',*,*,#5309,.T.);
#7261=ORIENTED_EDGE('',*,*,#5312,.T.);
#7262=ORIENTED_EDGE('',*,*,#5315,.T.);
#7263=ORIENTED_EDGE('',*,*,#5254,.F.);
#7264=ORIENTED_EDGE('',*,*,#5276,.F.);
#7265=ORIENTED_EDGE('',*,*,#5273,.F.);
#7266=ORIENTED_EDGE('',*,*,#5270,.F.);
#7267=ORIENTED_EDGE('',*,*,#5267,.F.);
#7268=ORIENTED_EDGE('',*,*,#5264,.F.);
#7269=ORIENTED_EDGE('',*,*,#5261,.F.);
#7270=ORIENTED_EDGE('',*,*,#5258,.F.);
#7271=ORIENTED_EDGE('',*,*,#5317,.F.);
#7272=ORIENTED_EDGE('',*,*,#5318,.F.);
#7273=ORIENTED_EDGE('',*,*,#5319,.F.);
#7274=ORIENTED_EDGE('',*,*,#5320,.T.);
#7275=ORIENTED_EDGE('',*,*,#5321,.F.);
#7276=ORIENTED_EDGE('',*,*,#5320,.F.);
#7277=ORIENTED_EDGE('',*,*,#5322,.F.);
#7278=ORIENTED_EDGE('',*,*,#5323,.T.);
#7279=ORIENTED_EDGE('',*,*,#5324,.F.);
#7280=ORIENTED_EDGE('',*,*,#5323,.F.);
#7281=ORIENTED_EDGE('',*,*,#5325,.F.);
#7282=ORIENTED_EDGE('',*,*,#5326,.T.);
#7283=ORIENTED_EDGE('',*,*,#5327,.F.);
#7284=ORIENTED_EDGE('',*,*,#5326,.F.);
#7285=ORIENTED_EDGE('',*,*,#5328,.F.);
#7286=ORIENTED_EDGE('',*,*,#5329,.T.);
#7287=ORIENTED_EDGE('',*,*,#5330,.F.);
#7288=ORIENTED_EDGE('',*,*,#5329,.F.);
#7289=ORIENTED_EDGE('',*,*,#5331,.F.);
#7290=ORIENTED_EDGE('',*,*,#5332,.T.);
#7291=ORIENTED_EDGE('',*,*,#5333,.F.);
#7292=ORIENTED_EDGE('',*,*,#5332,.F.);
#7293=ORIENTED_EDGE('',*,*,#5334,.F.);
#7294=ORIENTED_EDGE('',*,*,#5335,.T.);
#7295=ORIENTED_EDGE('',*,*,#5336,.F.);
#7296=ORIENTED_EDGE('',*,*,#5335,.F.);
#7297=ORIENTED_EDGE('',*,*,#5337,.F.);
#7298=ORIENTED_EDGE('',*,*,#5338,.T.);
#7299=ORIENTED_EDGE('',*,*,#5339,.F.);
#7300=ORIENTED_EDGE('',*,*,#5338,.F.);
#7301=ORIENTED_EDGE('',*,*,#5340,.F.);
#7302=ORIENTED_EDGE('',*,*,#5341,.T.);
#7303=ORIENTED_EDGE('',*,*,#5342,.F.);
#7304=ORIENTED_EDGE('',*,*,#5341,.F.);
#7305=ORIENTED_EDGE('',*,*,#5343,.F.);
#7306=ORIENTED_EDGE('',*,*,#5344,.T.);
#7307=ORIENTED_EDGE('',*,*,#5345,.F.);
#7308=ORIENTED_EDGE('',*,*,#5344,.F.);
#7309=ORIENTED_EDGE('',*,*,#5346,.F.);
#7310=ORIENTED_EDGE('',*,*,#5347,.T.);
#7311=ORIENTED_EDGE('',*,*,#5348,.F.);
#7312=ORIENTED_EDGE('',*,*,#5347,.F.);
#7313=ORIENTED_EDGE('',*,*,#5349,.F.);
#7314=ORIENTED_EDGE('',*,*,#5350,.T.);
#7315=ORIENTED_EDGE('',*,*,#5351,.F.);
#7316=ORIENTED_EDGE('',*,*,#5350,.F.);
#7317=ORIENTED_EDGE('',*,*,#5352,.F.);
#7318=ORIENTED_EDGE('',*,*,#5353,.T.);
#7319=ORIENTED_EDGE('',*,*,#5354,.F.);
#7320=ORIENTED_EDGE('',*,*,#5353,.F.);
#7321=ORIENTED_EDGE('',*,*,#5355,.F.);
#7322=ORIENTED_EDGE('',*,*,#5356,.T.);
#7323=ORIENTED_EDGE('',*,*,#5357,.F.);
#7324=ORIENTED_EDGE('',*,*,#5356,.F.);
#7325=ORIENTED_EDGE('',*,*,#5358,.F.);
#7326=ORIENTED_EDGE('',*,*,#5359,.T.);
#7327=ORIENTED_EDGE('',*,*,#5360,.F.);
#7328=ORIENTED_EDGE('',*,*,#5359,.F.);
#7329=ORIENTED_EDGE('',*,*,#5361,.F.);
#7330=ORIENTED_EDGE('',*,*,#5362,.T.);
#7331=ORIENTED_EDGE('',*,*,#5363,.F.);
#7332=ORIENTED_EDGE('',*,*,#5362,.F.);
#7333=ORIENTED_EDGE('',*,*,#5364,.F.);
#7334=ORIENTED_EDGE('',*,*,#5365,.T.);
#7335=ORIENTED_EDGE('',*,*,#5366,.F.);
#7336=ORIENTED_EDGE('',*,*,#5365,.F.);
#7337=ORIENTED_EDGE('',*,*,#5367,.F.);
#7338=ORIENTED_EDGE('',*,*,#5368,.T.);
#7339=ORIENTED_EDGE('',*,*,#5369,.F.);
#7340=ORIENTED_EDGE('',*,*,#5368,.F.);
#7341=ORIENTED_EDGE('',*,*,#5370,.F.);
#7342=ORIENTED_EDGE('',*,*,#5371,.T.);
#7343=ORIENTED_EDGE('',*,*,#5372,.F.);
#7344=ORIENTED_EDGE('',*,*,#5371,.F.);
#7345=ORIENTED_EDGE('',*,*,#5373,.F.);
#7346=ORIENTED_EDGE('',*,*,#5374,.T.);
#7347=ORIENTED_EDGE('',*,*,#5375,.F.);
#7348=ORIENTED_EDGE('',*,*,#5374,.F.);
#7349=ORIENTED_EDGE('',*,*,#5376,.F.);
#7350=ORIENTED_EDGE('',*,*,#5377,.T.);
#7351=ORIENTED_EDGE('',*,*,#5378,.F.);
#7352=ORIENTED_EDGE('',*,*,#5377,.F.);
#7353=ORIENTED_EDGE('',*,*,#5379,.F.);
#7354=ORIENTED_EDGE('',*,*,#5380,.T.);
#7355=ORIENTED_EDGE('',*,*,#5381,.F.);
#7356=ORIENTED_EDGE('',*,*,#5380,.F.);
#7357=ORIENTED_EDGE('',*,*,#5382,.F.);
#7358=ORIENTED_EDGE('',*,*,#5383,.T.);
#7359=ORIENTED_EDGE('',*,*,#5384,.F.);
#7360=ORIENTED_EDGE('',*,*,#5383,.F.);
#7361=ORIENTED_EDGE('',*,*,#5385,.F.);
#7362=ORIENTED_EDGE('',*,*,#5318,.T.);
#7363=ORIENTED_EDGE('',*,*,#5317,.T.);
#7364=ORIENTED_EDGE('',*,*,#5321,.T.);
#7365=ORIENTED_EDGE('',*,*,#5324,.T.);
#7366=ORIENTED_EDGE('',*,*,#5327,.T.);
#7367=ORIENTED_EDGE('',*,*,#5330,.T.);
#7368=ORIENTED_EDGE('',*,*,#5333,.T.);
#7369=ORIENTED_EDGE('',*,*,#5336,.T.);
#7370=ORIENTED_EDGE('',*,*,#5339,.T.);
#7371=ORIENTED_EDGE('',*,*,#5342,.T.);
#7372=ORIENTED_EDGE('',*,*,#5345,.T.);
#7373=ORIENTED_EDGE('',*,*,#5348,.T.);
#7374=ORIENTED_EDGE('',*,*,#5351,.T.);
#7375=ORIENTED_EDGE('',*,*,#5354,.T.);
#7376=ORIENTED_EDGE('',*,*,#5357,.T.);
#7377=ORIENTED_EDGE('',*,*,#5360,.T.);
#7378=ORIENTED_EDGE('',*,*,#5363,.T.);
#7379=ORIENTED_EDGE('',*,*,#5366,.T.);
#7380=ORIENTED_EDGE('',*,*,#5369,.T.);
#7381=ORIENTED_EDGE('',*,*,#5372,.T.);
#7382=ORIENTED_EDGE('',*,*,#5375,.T.);
#7383=ORIENTED_EDGE('',*,*,#5378,.T.);
#7384=ORIENTED_EDGE('',*,*,#5381,.T.);
#7385=ORIENTED_EDGE('',*,*,#5384,.T.);
#7386=ORIENTED_EDGE('',*,*,#5386,.F.);
#7387=ORIENTED_EDGE('',*,*,#5387,.F.);
#7388=ORIENTED_EDGE('',*,*,#5388,.F.);
#7389=ORIENTED_EDGE('',*,*,#5389,.T.);
#7390=ORIENTED_EDGE('',*,*,#5390,.F.);
#7391=ORIENTED_EDGE('',*,*,#5389,.F.);
#7392=ORIENTED_EDGE('',*,*,#5391,.F.);
#7393=ORIENTED_EDGE('',*,*,#5392,.T.);
#7394=ORIENTED_EDGE('',*,*,#5393,.F.);
#7395=ORIENTED_EDGE('',*,*,#5392,.F.);
#7396=ORIENTED_EDGE('',*,*,#5394,.F.);
#7397=ORIENTED_EDGE('',*,*,#5395,.T.);
#7398=ORIENTED_EDGE('',*,*,#5396,.F.);
#7399=ORIENTED_EDGE('',*,*,#5395,.F.);
#7400=ORIENTED_EDGE('',*,*,#5397,.F.);
#7401=ORIENTED_EDGE('',*,*,#5398,.T.);
#7402=ORIENTED_EDGE('',*,*,#5399,.F.);
#7403=ORIENTED_EDGE('',*,*,#5398,.F.);
#7404=ORIENTED_EDGE('',*,*,#5400,.F.);
#7405=ORIENTED_EDGE('',*,*,#5401,.T.);
#7406=ORIENTED_EDGE('',*,*,#5402,.F.);
#7407=ORIENTED_EDGE('',*,*,#5401,.F.);
#7408=ORIENTED_EDGE('',*,*,#5403,.F.);
#7409=ORIENTED_EDGE('',*,*,#5404,.T.);
#7410=ORIENTED_EDGE('',*,*,#5405,.F.);
#7411=ORIENTED_EDGE('',*,*,#5404,.F.);
#7412=ORIENTED_EDGE('',*,*,#5406,.F.);
#7413=ORIENTED_EDGE('',*,*,#5407,.T.);
#7414=ORIENTED_EDGE('',*,*,#5408,.F.);
#7415=ORIENTED_EDGE('',*,*,#5407,.F.);
#7416=ORIENTED_EDGE('',*,*,#5409,.F.);
#7417=ORIENTED_EDGE('',*,*,#5410,.T.);
#7418=ORIENTED_EDGE('',*,*,#5411,.F.);
#7419=ORIENTED_EDGE('',*,*,#5410,.F.);
#7420=ORIENTED_EDGE('',*,*,#5412,.F.);
#7421=ORIENTED_EDGE('',*,*,#5413,.T.);
#7422=ORIENTED_EDGE('',*,*,#5414,.F.);
#7423=ORIENTED_EDGE('',*,*,#5413,.F.);
#7424=ORIENTED_EDGE('',*,*,#5415,.F.);
#7425=ORIENTED_EDGE('',*,*,#5416,.T.);
#7426=ORIENTED_EDGE('',*,*,#5417,.F.);
#7427=ORIENTED_EDGE('',*,*,#5416,.F.);
#7428=ORIENTED_EDGE('',*,*,#5418,.F.);
#7429=ORIENTED_EDGE('',*,*,#5419,.T.);
#7430=ORIENTED_EDGE('',*,*,#5420,.F.);
#7431=ORIENTED_EDGE('',*,*,#5419,.F.);
#7432=ORIENTED_EDGE('',*,*,#5421,.F.);
#7433=ORIENTED_EDGE('',*,*,#5422,.T.);
#7434=ORIENTED_EDGE('',*,*,#5423,.F.);
#7435=ORIENTED_EDGE('',*,*,#5422,.F.);
#7436=ORIENTED_EDGE('',*,*,#5424,.F.);
#7437=ORIENTED_EDGE('',*,*,#5425,.T.);
#7438=ORIENTED_EDGE('',*,*,#5426,.F.);
#7439=ORIENTED_EDGE('',*,*,#5425,.F.);
#7440=ORIENTED_EDGE('',*,*,#5427,.F.);
#7441=ORIENTED_EDGE('',*,*,#5428,.T.);
#7442=ORIENTED_EDGE('',*,*,#5429,.F.);
#7443=ORIENTED_EDGE('',*,*,#5428,.F.);
#7444=ORIENTED_EDGE('',*,*,#5430,.F.);
#7445=ORIENTED_EDGE('',*,*,#5431,.T.);
#7446=ORIENTED_EDGE('',*,*,#5432,.F.);
#7447=ORIENTED_EDGE('',*,*,#5431,.F.);
#7448=ORIENTED_EDGE('',*,*,#5433,.F.);
#7449=ORIENTED_EDGE('',*,*,#5387,.T.);
#7450=ORIENTED_EDGE('',*,*,#5386,.T.);
#7451=ORIENTED_EDGE('',*,*,#5390,.T.);
#7452=ORIENTED_EDGE('',*,*,#5393,.T.);
#7453=ORIENTED_EDGE('',*,*,#5396,.T.);
#7454=ORIENTED_EDGE('',*,*,#5399,.T.);
#7455=ORIENTED_EDGE('',*,*,#5402,.T.);
#7456=ORIENTED_EDGE('',*,*,#5405,.T.);
#7457=ORIENTED_EDGE('',*,*,#5408,.T.);
#7458=ORIENTED_EDGE('',*,*,#5411,.T.);
#7459=ORIENTED_EDGE('',*,*,#5414,.T.);
#7460=ORIENTED_EDGE('',*,*,#5417,.T.);
#7461=ORIENTED_EDGE('',*,*,#5420,.T.);
#7462=ORIENTED_EDGE('',*,*,#5423,.T.);
#7463=ORIENTED_EDGE('',*,*,#5426,.T.);
#7464=ORIENTED_EDGE('',*,*,#5429,.T.);
#7465=ORIENTED_EDGE('',*,*,#5432,.T.);
#7466=ORIENTED_EDGE('',*,*,#5434,.T.);
#7467=ORIENTED_EDGE('',*,*,#5435,.F.);
#7468=ORIENTED_EDGE('',*,*,#5436,.F.);
#7469=ORIENTED_EDGE('',*,*,#5437,.T.);
#7470=ORIENTED_EDGE('',*,*,#5438,.T.);
#7471=ORIENTED_EDGE('',*,*,#5439,.F.);
#7472=ORIENTED_EDGE('',*,*,#5440,.F.);
#7473=ORIENTED_EDGE('',*,*,#5435,.T.);
#7474=ORIENTED_EDGE('',*,*,#5441,.T.);
#7475=ORIENTED_EDGE('',*,*,#5437,.F.);
#7476=ORIENTED_EDGE('',*,*,#5442,.F.);
#7477=ORIENTED_EDGE('',*,*,#5439,.T.);
#7478=ORIENTED_EDGE('',*,*,#5443,.F.);
#7479=ORIENTED_EDGE('',*,*,#5444,.F.);
#7480=ORIENTED_EDGE('',*,*,#5445,.F.);
#7481=ORIENTED_EDGE('',*,*,#5446,.T.);
#7482=ORIENTED_EDGE('',*,*,#5447,.F.);
#7483=ORIENTED_EDGE('',*,*,#5446,.F.);
#7484=ORIENTED_EDGE('',*,*,#5448,.F.);
#7485=ORIENTED_EDGE('',*,*,#5449,.T.);
#7486=ORIENTED_EDGE('',*,*,#5450,.F.);
#7487=ORIENTED_EDGE('',*,*,#5449,.F.);
#7488=ORIENTED_EDGE('',*,*,#5451,.F.);
#7489=ORIENTED_EDGE('',*,*,#5452,.T.);
#7490=ORIENTED_EDGE('',*,*,#5453,.F.);
#7491=ORIENTED_EDGE('',*,*,#5452,.F.);
#7492=ORIENTED_EDGE('',*,*,#5454,.F.);
#7493=ORIENTED_EDGE('',*,*,#5455,.T.);
#7494=ORIENTED_EDGE('',*,*,#5456,.F.);
#7495=ORIENTED_EDGE('',*,*,#5455,.F.);
#7496=ORIENTED_EDGE('',*,*,#5457,.F.);
#7497=ORIENTED_EDGE('',*,*,#5458,.T.);
#7498=ORIENTED_EDGE('',*,*,#5459,.F.);
#7499=ORIENTED_EDGE('',*,*,#5458,.F.);
#7500=ORIENTED_EDGE('',*,*,#5460,.F.);
#7501=ORIENTED_EDGE('',*,*,#5461,.T.);
#7502=ORIENTED_EDGE('',*,*,#5462,.F.);
#7503=ORIENTED_EDGE('',*,*,#5461,.F.);
#7504=ORIENTED_EDGE('',*,*,#5463,.F.);
#7505=ORIENTED_EDGE('',*,*,#5464,.T.);
#7506=ORIENTED_EDGE('',*,*,#5465,.F.);
#7507=ORIENTED_EDGE('',*,*,#5464,.F.);
#7508=ORIENTED_EDGE('',*,*,#5466,.F.);
#7509=ORIENTED_EDGE('',*,*,#5444,.T.);
#7510=ORIENTED_EDGE('',*,*,#5443,.T.);
#7511=ORIENTED_EDGE('',*,*,#5447,.T.);
#7512=ORIENTED_EDGE('',*,*,#5450,.T.);
#7513=ORIENTED_EDGE('',*,*,#5453,.T.);
#7514=ORIENTED_EDGE('',*,*,#5456,.T.);
#7515=ORIENTED_EDGE('',*,*,#5459,.T.);
#7516=ORIENTED_EDGE('',*,*,#5462,.T.);
#7517=ORIENTED_EDGE('',*,*,#5465,.T.);
#7518=ORIENTED_EDGE('',*,*,#5434,.F.);
#7519=ORIENTED_EDGE('',*,*,#5441,.F.);
#7520=ORIENTED_EDGE('',*,*,#5438,.F.);
#7521=ORIENTED_EDGE('',*,*,#5467,.F.);
#7522=ORIENTED_EDGE('',*,*,#5468,.F.);
#7523=ORIENTED_EDGE('',*,*,#5469,.F.);
#7524=ORIENTED_EDGE('',*,*,#5470,.T.);
#7525=ORIENTED_EDGE('',*,*,#5471,.F.);
#7526=ORIENTED_EDGE('',*,*,#5470,.F.);
#7527=ORIENTED_EDGE('',*,*,#5472,.F.);
#7528=ORIENTED_EDGE('',*,*,#5473,.T.);
#7529=ORIENTED_EDGE('',*,*,#5474,.F.);
#7530=ORIENTED_EDGE('',*,*,#5473,.F.);
#7531=ORIENTED_EDGE('',*,*,#5475,.F.);
#7532=ORIENTED_EDGE('',*,*,#5476,.T.);
#7533=ORIENTED_EDGE('',*,*,#5477,.F.);
#7534=ORIENTED_EDGE('',*,*,#5476,.F.);
#7535=ORIENTED_EDGE('',*,*,#5478,.F.);
#7536=ORIENTED_EDGE('',*,*,#5468,.T.);
#7537=ORIENTED_EDGE('',*,*,#5467,.T.);
#7538=ORIENTED_EDGE('',*,*,#5471,.T.);
#7539=ORIENTED_EDGE('',*,*,#5474,.T.);
#7540=ORIENTED_EDGE('',*,*,#5477,.T.);
#7541=ORIENTED_EDGE('',*,*,#5479,.F.);
#7542=ORIENTED_EDGE('',*,*,#5480,.F.);
#7543=ORIENTED_EDGE('',*,*,#5481,.F.);
#7544=ORIENTED_EDGE('',*,*,#5482,.T.);
#7545=ORIENTED_EDGE('',*,*,#5483,.F.);
#7546=ORIENTED_EDGE('',*,*,#5482,.F.);
#7547=ORIENTED_EDGE('',*,*,#5484,.F.);
#7548=ORIENTED_EDGE('',*,*,#5485,.T.);
#7549=ORIENTED_EDGE('',*,*,#5486,.F.);
#7550=ORIENTED_EDGE('',*,*,#5485,.F.);
#7551=ORIENTED_EDGE('',*,*,#5487,.F.);
#7552=ORIENTED_EDGE('',*,*,#5488,.T.);
#7553=ORIENTED_EDGE('',*,*,#5489,.F.);
#7554=ORIENTED_EDGE('',*,*,#5488,.F.);
#7555=ORIENTED_EDGE('',*,*,#5490,.F.);
#7556=ORIENTED_EDGE('',*,*,#5491,.T.);
#7557=ORIENTED_EDGE('',*,*,#5492,.F.);
#7558=ORIENTED_EDGE('',*,*,#5491,.F.);
#7559=ORIENTED_EDGE('',*,*,#5493,.F.);
#7560=ORIENTED_EDGE('',*,*,#5494,.T.);
#7561=ORIENTED_EDGE('',*,*,#5495,.F.);
#7562=ORIENTED_EDGE('',*,*,#5494,.F.);
#7563=ORIENTED_EDGE('',*,*,#5496,.F.);
#7564=ORIENTED_EDGE('',*,*,#5497,.T.);
#7565=ORIENTED_EDGE('',*,*,#5498,.F.);
#7566=ORIENTED_EDGE('',*,*,#5497,.F.);
#7567=ORIENTED_EDGE('',*,*,#5499,.F.);
#7568=ORIENTED_EDGE('',*,*,#5500,.T.);
#7569=ORIENTED_EDGE('',*,*,#5501,.F.);
#7570=ORIENTED_EDGE('',*,*,#5500,.F.);
#7571=ORIENTED_EDGE('',*,*,#5502,.F.);
#7572=ORIENTED_EDGE('',*,*,#5503,.T.);
#7573=ORIENTED_EDGE('',*,*,#5504,.F.);
#7574=ORIENTED_EDGE('',*,*,#5503,.F.);
#7575=ORIENTED_EDGE('',*,*,#5505,.F.);
#7576=ORIENTED_EDGE('',*,*,#5506,.T.);
#7577=ORIENTED_EDGE('',*,*,#5507,.F.);
#7578=ORIENTED_EDGE('',*,*,#5506,.F.);
#7579=ORIENTED_EDGE('',*,*,#5508,.F.);
#7580=ORIENTED_EDGE('',*,*,#5509,.T.);
#7581=ORIENTED_EDGE('',*,*,#5510,.F.);
#7582=ORIENTED_EDGE('',*,*,#5509,.F.);
#7583=ORIENTED_EDGE('',*,*,#5511,.F.);
#7584=ORIENTED_EDGE('',*,*,#5512,.T.);
#7585=ORIENTED_EDGE('',*,*,#5513,.F.);
#7586=ORIENTED_EDGE('',*,*,#5512,.F.);
#7587=ORIENTED_EDGE('',*,*,#5514,.F.);
#7588=ORIENTED_EDGE('',*,*,#5515,.T.);
#7589=ORIENTED_EDGE('',*,*,#5516,.F.);
#7590=ORIENTED_EDGE('',*,*,#5515,.F.);
#7591=ORIENTED_EDGE('',*,*,#5517,.F.);
#7592=ORIENTED_EDGE('',*,*,#5518,.T.);
#7593=ORIENTED_EDGE('',*,*,#5519,.F.);
#7594=ORIENTED_EDGE('',*,*,#5518,.F.);
#7595=ORIENTED_EDGE('',*,*,#5520,.F.);
#7596=ORIENTED_EDGE('',*,*,#5521,.T.);
#7597=ORIENTED_EDGE('',*,*,#5522,.F.);
#7598=ORIENTED_EDGE('',*,*,#5521,.F.);
#7599=ORIENTED_EDGE('',*,*,#5523,.F.);
#7600=ORIENTED_EDGE('',*,*,#5524,.T.);
#7601=ORIENTED_EDGE('',*,*,#5525,.F.);
#7602=ORIENTED_EDGE('',*,*,#5524,.F.);
#7603=ORIENTED_EDGE('',*,*,#5526,.F.);
#7604=ORIENTED_EDGE('',*,*,#5480,.T.);
#7605=ORIENTED_EDGE('',*,*,#5479,.T.);
#7606=ORIENTED_EDGE('',*,*,#5483,.T.);
#7607=ORIENTED_EDGE('',*,*,#5486,.T.);
#7608=ORIENTED_EDGE('',*,*,#5489,.T.);
#7609=ORIENTED_EDGE('',*,*,#5492,.T.);
#7610=ORIENTED_EDGE('',*,*,#5495,.T.);
#7611=ORIENTED_EDGE('',*,*,#5498,.T.);
#7612=ORIENTED_EDGE('',*,*,#5501,.T.);
#7613=ORIENTED_EDGE('',*,*,#5504,.T.);
#7614=ORIENTED_EDGE('',*,*,#5507,.T.);
#7615=ORIENTED_EDGE('',*,*,#5510,.T.);
#7616=ORIENTED_EDGE('',*,*,#5513,.T.);
#7617=ORIENTED_EDGE('',*,*,#5516,.T.);
#7618=ORIENTED_EDGE('',*,*,#5519,.T.);
#7619=ORIENTED_EDGE('',*,*,#5522,.T.);
#7620=ORIENTED_EDGE('',*,*,#5525,.T.);
#7621=ORIENTED_EDGE('',*,*,#5436,.T.);
#7622=ORIENTED_EDGE('',*,*,#5440,.T.);
#7623=ORIENTED_EDGE('',*,*,#5442,.T.);
#7624=ORIENTED_EDGE('',*,*,#5256,.T.);
#7625=ORIENTED_EDGE('',*,*,#5260,.T.);
#7626=ORIENTED_EDGE('',*,*,#5263,.T.);
#7627=ORIENTED_EDGE('',*,*,#5266,.T.);
#7628=ORIENTED_EDGE('',*,*,#5269,.T.);
#7629=ORIENTED_EDGE('',*,*,#5272,.T.);
#7630=ORIENTED_EDGE('',*,*,#5275,.T.);
#7631=ORIENTED_EDGE('',*,*,#5277,.T.);
#7632=ORIENTED_EDGE('',*,*,#5527,.F.);
#7633=ORIENTED_EDGE('',*,*,#5528,.F.);
#7634=ORIENTED_EDGE('',*,*,#5529,.F.);
#7635=ORIENTED_EDGE('',*,*,#5530,.T.);
#7636=ORIENTED_EDGE('',*,*,#5531,.F.);
#7637=ORIENTED_EDGE('',*,*,#5530,.F.);
#7638=ORIENTED_EDGE('',*,*,#5532,.F.);
#7639=ORIENTED_EDGE('',*,*,#5533,.T.);
#7640=ORIENTED_EDGE('',*,*,#5534,.F.);
#7641=ORIENTED_EDGE('',*,*,#5533,.F.);
#7642=ORIENTED_EDGE('',*,*,#5535,.F.);
#7643=ORIENTED_EDGE('',*,*,#5536,.T.);
#7644=ORIENTED_EDGE('',*,*,#5537,.F.);
#7645=ORIENTED_EDGE('',*,*,#5536,.F.);
#7646=ORIENTED_EDGE('',*,*,#5538,.F.);
#7647=ORIENTED_EDGE('',*,*,#5539,.T.);
#7648=ORIENTED_EDGE('',*,*,#5540,.F.);
#7649=ORIENTED_EDGE('',*,*,#5539,.F.);
#7650=ORIENTED_EDGE('',*,*,#5541,.F.);
#7651=ORIENTED_EDGE('',*,*,#5542,.T.);
#7652=ORIENTED_EDGE('',*,*,#5543,.F.);
#7653=ORIENTED_EDGE('',*,*,#5542,.F.);
#7654=ORIENTED_EDGE('',*,*,#5544,.F.);
#7655=ORIENTED_EDGE('',*,*,#5545,.T.);
#7656=ORIENTED_EDGE('',*,*,#5546,.F.);
#7657=ORIENTED_EDGE('',*,*,#5545,.F.);
#7658=ORIENTED_EDGE('',*,*,#5547,.F.);
#7659=ORIENTED_EDGE('',*,*,#5548,.T.);
#7660=ORIENTED_EDGE('',*,*,#5549,.F.);
#7661=ORIENTED_EDGE('',*,*,#5548,.F.);
#7662=ORIENTED_EDGE('',*,*,#5550,.F.);
#7663=ORIENTED_EDGE('',*,*,#5551,.T.);
#7664=ORIENTED_EDGE('',*,*,#5552,.F.);
#7665=ORIENTED_EDGE('',*,*,#5551,.F.);
#7666=ORIENTED_EDGE('',*,*,#5553,.F.);
#7667=ORIENTED_EDGE('',*,*,#5554,.F.);
#7668=ORIENTED_EDGE('',*,*,#5555,.F.);
#7669=ORIENTED_EDGE('',*,*,#5556,.F.);
#7670=ORIENTED_EDGE('',*,*,#5557,.T.);
#7671=ORIENTED_EDGE('',*,*,#5558,.F.);
#7672=ORIENTED_EDGE('',*,*,#5559,.F.);
#7673=ORIENTED_EDGE('',*,*,#5560,.F.);
#7674=ORIENTED_EDGE('',*,*,#5561,.F.);
#7675=ORIENTED_EDGE('',*,*,#5562,.T.);
#7676=ORIENTED_EDGE('',*,*,#5563,.F.);
#7677=ORIENTED_EDGE('',*,*,#5562,.F.);
#7678=ORIENTED_EDGE('',*,*,#5564,.F.);
#7679=ORIENTED_EDGE('',*,*,#5565,.T.);
#7680=ORIENTED_EDGE('',*,*,#5566,.F.);
#7681=ORIENTED_EDGE('',*,*,#5565,.F.);
#7682=ORIENTED_EDGE('',*,*,#5567,.F.);
#7683=ORIENTED_EDGE('',*,*,#5568,.T.);
#7684=ORIENTED_EDGE('',*,*,#5569,.F.);
#7685=ORIENTED_EDGE('',*,*,#5568,.F.);
#7686=ORIENTED_EDGE('',*,*,#5570,.F.);
#7687=ORIENTED_EDGE('',*,*,#5571,.T.);
#7688=ORIENTED_EDGE('',*,*,#5572,.F.);
#7689=ORIENTED_EDGE('',*,*,#5571,.F.);
#7690=ORIENTED_EDGE('',*,*,#5573,.F.);
#7691=ORIENTED_EDGE('',*,*,#5574,.T.);
#7692=ORIENTED_EDGE('',*,*,#5575,.F.);
#7693=ORIENTED_EDGE('',*,*,#5574,.F.);
#7694=ORIENTED_EDGE('',*,*,#5576,.F.);
#7695=ORIENTED_EDGE('',*,*,#5577,.T.);
#7696=ORIENTED_EDGE('',*,*,#5578,.F.);
#7697=ORIENTED_EDGE('',*,*,#5577,.F.);
#7698=ORIENTED_EDGE('',*,*,#5579,.F.);
#7699=ORIENTED_EDGE('',*,*,#5580,.T.);
#7700=ORIENTED_EDGE('',*,*,#5581,.F.);
#7701=ORIENTED_EDGE('',*,*,#5580,.F.);
#7702=ORIENTED_EDGE('',*,*,#5582,.F.);
#7703=ORIENTED_EDGE('',*,*,#5583,.T.);
#7704=ORIENTED_EDGE('',*,*,#5584,.F.);
#7705=ORIENTED_EDGE('',*,*,#5583,.F.);
#7706=ORIENTED_EDGE('',*,*,#5585,.F.);
#7707=ORIENTED_EDGE('',*,*,#5528,.T.);
#7708=ORIENTED_EDGE('',*,*,#5586,.F.);
#7709=ORIENTED_EDGE('',*,*,#5557,.F.);
#7710=ORIENTED_EDGE('',*,*,#5587,.F.);
#7711=ORIENTED_EDGE('',*,*,#5588,.T.);
#7712=ORIENTED_EDGE('',*,*,#5589,.F.);
#7713=ORIENTED_EDGE('',*,*,#5588,.F.);
#7714=ORIENTED_EDGE('',*,*,#5590,.F.);
#7715=ORIENTED_EDGE('',*,*,#5560,.T.);
#7716=ORIENTED_EDGE('',*,*,#5553,.T.);
#7717=ORIENTED_EDGE('',*,*,#5550,.T.);
#7718=ORIENTED_EDGE('',*,*,#5547,.T.);
#7719=ORIENTED_EDGE('',*,*,#5544,.T.);
#7720=ORIENTED_EDGE('',*,*,#5541,.T.);
#7721=ORIENTED_EDGE('',*,*,#5538,.T.);
#7722=ORIENTED_EDGE('',*,*,#5535,.T.);
#7723=ORIENTED_EDGE('',*,*,#5532,.T.);
#7724=ORIENTED_EDGE('',*,*,#5529,.T.);
#7725=ORIENTED_EDGE('',*,*,#5585,.T.);
#7726=ORIENTED_EDGE('',*,*,#5582,.T.);
#7727=ORIENTED_EDGE('',*,*,#5579,.T.);
#7728=ORIENTED_EDGE('',*,*,#5576,.T.);
#7729=ORIENTED_EDGE('',*,*,#5573,.T.);
#7730=ORIENTED_EDGE('',*,*,#5570,.T.);
#7731=ORIENTED_EDGE('',*,*,#5567,.T.);
#7732=ORIENTED_EDGE('',*,*,#5564,.T.);
#7733=ORIENTED_EDGE('',*,*,#5561,.T.);
#7734=ORIENTED_EDGE('',*,*,#5590,.T.);
#7735=ORIENTED_EDGE('',*,*,#5587,.T.);
#7736=ORIENTED_EDGE('',*,*,#5556,.T.);
#7737=ORIENTED_EDGE('',*,*,#5591,.T.);
#7738=ORIENTED_EDGE('',*,*,#5592,.T.);
#7739=ORIENTED_EDGE('',*,*,#5593,.F.);
#7740=ORIENTED_EDGE('',*,*,#5594,.F.);
#7741=ORIENTED_EDGE('',*,*,#5595,.T.);
#7742=ORIENTED_EDGE('',*,*,#5554,.T.);
#7743=ORIENTED_EDGE('',*,*,#5595,.F.);
#7744=ORIENTED_EDGE('',*,*,#5596,.F.);
#7745=ORIENTED_EDGE('',*,*,#5597,.F.);
#7746=ORIENTED_EDGE('',*,*,#5598,.F.);
#7747=ORIENTED_EDGE('',*,*,#5599,.F.);
#7748=ORIENTED_EDGE('',*,*,#5600,.F.);
#7749=ORIENTED_EDGE('',*,*,#5601,.F.);
#7750=ORIENTED_EDGE('',*,*,#5602,.F.);
#7751=ORIENTED_EDGE('',*,*,#5603,.F.);
#7752=ORIENTED_EDGE('',*,*,#5604,.F.);
#7753=ORIENTED_EDGE('',*,*,#5605,.F.);
#7754=ORIENTED_EDGE('',*,*,#5606,.F.);
#7755=ORIENTED_EDGE('',*,*,#5607,.F.);
#7756=ORIENTED_EDGE('',*,*,#5608,.F.);
#7757=ORIENTED_EDGE('',*,*,#5609,.F.);
#7758=ORIENTED_EDGE('',*,*,#5610,.F.);
#7759=ORIENTED_EDGE('',*,*,#5611,.F.);
#7760=ORIENTED_EDGE('',*,*,#5612,.F.);
#7761=ORIENTED_EDGE('',*,*,#5591,.F.);
#7762=ORIENTED_EDGE('',*,*,#5555,.T.);
#7763=ORIENTED_EDGE('',*,*,#5613,.T.);
#7764=ORIENTED_EDGE('',*,*,#5614,.T.);
#7765=ORIENTED_EDGE('',*,*,#5615,.T.);
#7766=ORIENTED_EDGE('',*,*,#5616,.T.);
#7767=ORIENTED_EDGE('',*,*,#5617,.T.);
#7768=ORIENTED_EDGE('',*,*,#5618,.T.);
#7769=ORIENTED_EDGE('',*,*,#5619,.T.);
#7770=ORIENTED_EDGE('',*,*,#5620,.F.);
#7771=ORIENTED_EDGE('',*,*,#5621,.F.);
#7772=ORIENTED_EDGE('',*,*,#5622,.F.);
#7773=ORIENTED_EDGE('',*,*,#5623,.F.);
#7774=ORIENTED_EDGE('',*,*,#5624,.T.);
#7775=ORIENTED_EDGE('',*,*,#5625,.T.);
#7776=ORIENTED_EDGE('',*,*,#5626,.T.);
#7777=ORIENTED_EDGE('',*,*,#5627,.T.);
#7778=ORIENTED_EDGE('',*,*,#5628,.T.);
#7779=ORIENTED_EDGE('',*,*,#5629,.T.);
#7780=ORIENTED_EDGE('',*,*,#5630,.T.);
#7781=ORIENTED_EDGE('',*,*,#5631,.T.);
#7782=ORIENTED_EDGE('',*,*,#5632,.T.);
#7783=ORIENTED_EDGE('',*,*,#5633,.T.);
#7784=ORIENTED_EDGE('',*,*,#5634,.T.);
#7785=ORIENTED_EDGE('',*,*,#5635,.T.);
#7786=ORIENTED_EDGE('',*,*,#5636,.T.);
#7787=ORIENTED_EDGE('',*,*,#5637,.T.);
#7788=ORIENTED_EDGE('',*,*,#5638,.T.);
#7789=ORIENTED_EDGE('',*,*,#5639,.T.);
#7790=ORIENTED_EDGE('',*,*,#5640,.T.);
#7791=ORIENTED_EDGE('',*,*,#5641,.T.);
#7792=ORIENTED_EDGE('',*,*,#5642,.T.);
#7793=ORIENTED_EDGE('',*,*,#5643,.T.);
#7794=ORIENTED_EDGE('',*,*,#5644,.T.);
#7795=ORIENTED_EDGE('',*,*,#5645,.T.);
#7796=ORIENTED_EDGE('',*,*,#5646,.T.);
#7797=ORIENTED_EDGE('',*,*,#5647,.T.);
#7798=ORIENTED_EDGE('',*,*,#5648,.T.);
#7799=ORIENTED_EDGE('',*,*,#5649,.T.);
#7800=ORIENTED_EDGE('',*,*,#5650,.T.);
#7801=ORIENTED_EDGE('',*,*,#5651,.T.);
#7802=ORIENTED_EDGE('',*,*,#5652,.T.);
#7803=ORIENTED_EDGE('',*,*,#5653,.T.);
#7804=ORIENTED_EDGE('',*,*,#5654,.T.);
#7805=ORIENTED_EDGE('',*,*,#5655,.T.);
#7806=ORIENTED_EDGE('',*,*,#5656,.T.);
#7807=ORIENTED_EDGE('',*,*,#5657,.T.);
#7808=ORIENTED_EDGE('',*,*,#5658,.F.);
#7809=ORIENTED_EDGE('',*,*,#5659,.T.);
#7810=ORIENTED_EDGE('',*,*,#5660,.T.);
#7811=ORIENTED_EDGE('',*,*,#5661,.T.);
#7812=ORIENTED_EDGE('',*,*,#5662,.T.);
#7813=ORIENTED_EDGE('',*,*,#5663,.T.);
#7814=ORIENTED_EDGE('',*,*,#5664,.T.);
#7815=ORIENTED_EDGE('',*,*,#5665,.T.);
#7816=ORIENTED_EDGE('',*,*,#5666,.T.);
#7817=ORIENTED_EDGE('',*,*,#5667,.T.);
#7818=ORIENTED_EDGE('',*,*,#5668,.T.);
#7819=ORIENTED_EDGE('',*,*,#5669,.T.);
#7820=ORIENTED_EDGE('',*,*,#5670,.T.);
#7821=ORIENTED_EDGE('',*,*,#5671,.T.);
#7822=ORIENTED_EDGE('',*,*,#5672,.T.);
#7823=ORIENTED_EDGE('',*,*,#5673,.T.);
#7824=ORIENTED_EDGE('',*,*,#5674,.T.);
#7825=ORIENTED_EDGE('',*,*,#5675,.T.);
#7826=ORIENTED_EDGE('',*,*,#5676,.T.);
#7827=ORIENTED_EDGE('',*,*,#5677,.T.);
#7828=ORIENTED_EDGE('',*,*,#5678,.T.);
#7829=ORIENTED_EDGE('',*,*,#5679,.T.);
#7830=ORIENTED_EDGE('',*,*,#5680,.T.);
#7831=ORIENTED_EDGE('',*,*,#5681,.T.);
#7832=ORIENTED_EDGE('',*,*,#5682,.T.);
#7833=ORIENTED_EDGE('',*,*,#5683,.T.);
#7834=ORIENTED_EDGE('',*,*,#5684,.T.);
#7835=ORIENTED_EDGE('',*,*,#5685,.T.);
#7836=ORIENTED_EDGE('',*,*,#5686,.T.);
#7837=ORIENTED_EDGE('',*,*,#5687,.T.);
#7838=ORIENTED_EDGE('',*,*,#5688,.T.);
#7839=ORIENTED_EDGE('',*,*,#5689,.T.);
#7840=ORIENTED_EDGE('',*,*,#5690,.T.);
#7841=ORIENTED_EDGE('',*,*,#5691,.T.);
#7842=ORIENTED_EDGE('',*,*,#5692,.T.);
#7843=ORIENTED_EDGE('',*,*,#5693,.T.);
#7844=ORIENTED_EDGE('',*,*,#5694,.T.);
#7845=ORIENTED_EDGE('',*,*,#5695,.T.);
#7846=ORIENTED_EDGE('',*,*,#5696,.T.);
#7847=ORIENTED_EDGE('',*,*,#5697,.T.);
#7848=ORIENTED_EDGE('',*,*,#5698,.T.);
#7849=ORIENTED_EDGE('',*,*,#5699,.T.);
#7850=ORIENTED_EDGE('',*,*,#5700,.T.);
#7851=ORIENTED_EDGE('',*,*,#5701,.T.);
#7852=ORIENTED_EDGE('',*,*,#5702,.T.);
#7853=ORIENTED_EDGE('',*,*,#5703,.T.);
#7854=ORIENTED_EDGE('',*,*,#5704,.T.);
#7855=ORIENTED_EDGE('',*,*,#5705,.T.);
#7856=ORIENTED_EDGE('',*,*,#5706,.T.);
#7857=ORIENTED_EDGE('',*,*,#5707,.T.);
#7858=ORIENTED_EDGE('',*,*,#5708,.T.);
#7859=ORIENTED_EDGE('',*,*,#5709,.T.);
#7860=ORIENTED_EDGE('',*,*,#5710,.T.);
#7861=ORIENTED_EDGE('',*,*,#5618,.F.);
#7862=ORIENTED_EDGE('',*,*,#5711,.T.);
#7863=ORIENTED_EDGE('',*,*,#5712,.T.);
#7864=ORIENTED_EDGE('',*,*,#5711,.F.);
#7865=ORIENTED_EDGE('',*,*,#5712,.F.);
#7866=ORIENTED_EDGE('',*,*,#5619,.F.);
#7867=ORIENTED_EDGE('',*,*,#5713,.T.);
#7868=ORIENTED_EDGE('',*,*,#5714,.T.);
#7869=ORIENTED_EDGE('',*,*,#5713,.F.);
#7870=ORIENTED_EDGE('',*,*,#5714,.F.);
#7871=ORIENTED_EDGE('',*,*,#5715,.F.);
#7872=ORIENTED_EDGE('',*,*,#5716,.T.);
#7873=ORIENTED_EDGE('',*,*,#5620,.T.);
#7874=ORIENTED_EDGE('',*,*,#5716,.F.);
#7875=ORIENTED_EDGE('',*,*,#5717,.F.);
#7876=ORIENTED_EDGE('',*,*,#5718,.T.);
#7877=ORIENTED_EDGE('',*,*,#5621,.T.);
#7878=ORIENTED_EDGE('',*,*,#5718,.F.);
#7879=ORIENTED_EDGE('',*,*,#5719,.F.);
#7880=ORIENTED_EDGE('',*,*,#5720,.T.);
#7881=ORIENTED_EDGE('',*,*,#5622,.T.);
#7882=ORIENTED_EDGE('',*,*,#5720,.F.);
#7883=ORIENTED_EDGE('',*,*,#5721,.F.);
#7884=ORIENTED_EDGE('',*,*,#5722,.T.);
#7885=ORIENTED_EDGE('',*,*,#5623,.T.);
#7886=ORIENTED_EDGE('',*,*,#5722,.F.);
#7887=ORIENTED_EDGE('',*,*,#5609,.T.);
#7888=ORIENTED_EDGE('',*,*,#5723,.T.);
#7889=ORIENTED_EDGE('',*,*,#5724,.F.);
#7890=ORIENTED_EDGE('',*,*,#5725,.F.);
#7891=ORIENTED_EDGE('',*,*,#5610,.T.);
#7892=ORIENTED_EDGE('',*,*,#5725,.T.);
#7893=ORIENTED_EDGE('',*,*,#5726,.F.);
#7894=ORIENTED_EDGE('',*,*,#5727,.F.);
#7895=ORIENTED_EDGE('',*,*,#5611,.T.);
#7896=ORIENTED_EDGE('',*,*,#5727,.T.);
#7897=ORIENTED_EDGE('',*,*,#5728,.F.);
#7898=ORIENTED_EDGE('',*,*,#5729,.F.);
#7899=ORIENTED_EDGE('',*,*,#5612,.T.);
#7900=ORIENTED_EDGE('',*,*,#5729,.T.);
#7901=ORIENTED_EDGE('',*,*,#5730,.F.);
#7902=ORIENTED_EDGE('',*,*,#5592,.F.);
#7903=ORIENTED_EDGE('',*,*,#5596,.T.);
#7904=ORIENTED_EDGE('',*,*,#5594,.T.);
#7905=ORIENTED_EDGE('',*,*,#5731,.F.);
#7906=ORIENTED_EDGE('',*,*,#5732,.F.);
#7907=ORIENTED_EDGE('',*,*,#5597,.T.);
#7908=ORIENTED_EDGE('',*,*,#5732,.T.);
#7909=ORIENTED_EDGE('',*,*,#5733,.F.);
#7910=ORIENTED_EDGE('',*,*,#5734,.F.);
#7911=ORIENTED_EDGE('',*,*,#5598,.T.);
#7912=ORIENTED_EDGE('',*,*,#5734,.T.);
#7913=ORIENTED_EDGE('',*,*,#5735,.F.);
#7914=ORIENTED_EDGE('',*,*,#5736,.F.);
#7915=ORIENTED_EDGE('',*,*,#5599,.T.);
#7916=ORIENTED_EDGE('',*,*,#5736,.T.);
#7917=ORIENTED_EDGE('',*,*,#5737,.F.);
#7918=ORIENTED_EDGE('',*,*,#5738,.F.);
#7919=ORIENTED_EDGE('',*,*,#5600,.T.);
#7920=ORIENTED_EDGE('',*,*,#5738,.T.);
#7921=ORIENTED_EDGE('',*,*,#5739,.F.);
#7922=ORIENTED_EDGE('',*,*,#5740,.F.);
#7923=ORIENTED_EDGE('',*,*,#5601,.T.);
#7924=ORIENTED_EDGE('',*,*,#5740,.T.);
#7925=ORIENTED_EDGE('',*,*,#5741,.F.);
#7926=ORIENTED_EDGE('',*,*,#5742,.F.);
#7927=ORIENTED_EDGE('',*,*,#5602,.T.);
#7928=ORIENTED_EDGE('',*,*,#5742,.T.);
#7929=ORIENTED_EDGE('',*,*,#5743,.F.);
#7930=ORIENTED_EDGE('',*,*,#5744,.F.);
#7931=ORIENTED_EDGE('',*,*,#5603,.T.);
#7932=ORIENTED_EDGE('',*,*,#5744,.T.);
#7933=ORIENTED_EDGE('',*,*,#5745,.F.);
#7934=ORIENTED_EDGE('',*,*,#5746,.F.);
#7935=ORIENTED_EDGE('',*,*,#5604,.T.);
#7936=ORIENTED_EDGE('',*,*,#5746,.T.);
#7937=ORIENTED_EDGE('',*,*,#5747,.F.);
#7938=ORIENTED_EDGE('',*,*,#5748,.F.);
#7939=ORIENTED_EDGE('',*,*,#5605,.T.);
#7940=ORIENTED_EDGE('',*,*,#5748,.T.);
#7941=ORIENTED_EDGE('',*,*,#5749,.F.);
#7942=ORIENTED_EDGE('',*,*,#5750,.F.);
#7943=ORIENTED_EDGE('',*,*,#5606,.T.);
#7944=ORIENTED_EDGE('',*,*,#5750,.T.);
#7945=ORIENTED_EDGE('',*,*,#5751,.F.);
#7946=ORIENTED_EDGE('',*,*,#5752,.F.);
#7947=ORIENTED_EDGE('',*,*,#5607,.T.);
#7948=ORIENTED_EDGE('',*,*,#5752,.T.);
#7949=ORIENTED_EDGE('',*,*,#5753,.F.);
#7950=ORIENTED_EDGE('',*,*,#5754,.F.);
#7951=ORIENTED_EDGE('',*,*,#5608,.T.);
#7952=ORIENTED_EDGE('',*,*,#5754,.T.);
#7953=ORIENTED_EDGE('',*,*,#5755,.F.);
#7954=ORIENTED_EDGE('',*,*,#5723,.F.);
#7955=ORIENTED_EDGE('',*,*,#5756,.F.);
#7956=ORIENTED_EDGE('',*,*,#5757,.T.);
#7957=ORIENTED_EDGE('',*,*,#5616,.F.);
#7958=ORIENTED_EDGE('',*,*,#5758,.F.);
#7959=ORIENTED_EDGE('',*,*,#5552,.T.);
#7960=ORIENTED_EDGE('',*,*,#5617,.F.);
#7961=ORIENTED_EDGE('',*,*,#5757,.F.);
#7962=ORIENTED_EDGE('',*,*,#5759,.F.);
#7963=ORIENTED_EDGE('',*,*,#5760,.T.);
#7964=ORIENTED_EDGE('',*,*,#5613,.F.);
#7965=ORIENTED_EDGE('',*,*,#5558,.T.);
#7966=ORIENTED_EDGE('',*,*,#5586,.T.);
#7967=ORIENTED_EDGE('',*,*,#5589,.T.);
#7968=ORIENTED_EDGE('',*,*,#5559,.T.);
#7969=ORIENTED_EDGE('',*,*,#5563,.T.);
#7970=ORIENTED_EDGE('',*,*,#5566,.T.);
#7971=ORIENTED_EDGE('',*,*,#5569,.T.);
#7972=ORIENTED_EDGE('',*,*,#5572,.T.);
#7973=ORIENTED_EDGE('',*,*,#5575,.T.);
#7974=ORIENTED_EDGE('',*,*,#5578,.T.);
#7975=ORIENTED_EDGE('',*,*,#5581,.T.);
#7976=ORIENTED_EDGE('',*,*,#5584,.T.);
#7977=ORIENTED_EDGE('',*,*,#5527,.T.);
#7978=ORIENTED_EDGE('',*,*,#5531,.T.);
#7979=ORIENTED_EDGE('',*,*,#5534,.T.);
#7980=ORIENTED_EDGE('',*,*,#5537,.T.);
#7981=ORIENTED_EDGE('',*,*,#5540,.T.);
#7982=ORIENTED_EDGE('',*,*,#5543,.T.);
#7983=ORIENTED_EDGE('',*,*,#5546,.T.);
#7984=ORIENTED_EDGE('',*,*,#5549,.T.);
#7985=ORIENTED_EDGE('',*,*,#5761,.F.);
#7986=ORIENTED_EDGE('',*,*,#5762,.T.);
#7987=ORIENTED_EDGE('',*,*,#5614,.F.);
#7988=ORIENTED_EDGE('',*,*,#5760,.F.);
#7989=ORIENTED_EDGE('',*,*,#5763,.F.);
#7990=ORIENTED_EDGE('',*,*,#5758,.T.);
#7991=ORIENTED_EDGE('',*,*,#5615,.F.);
#7992=ORIENTED_EDGE('',*,*,#5762,.F.);
#7993=ORIENTED_EDGE('',*,*,#5764,.F.);
#7994=ORIENTED_EDGE('',*,*,#5765,.T.);
#7995=ORIENTED_EDGE('',*,*,#5624,.F.);
#7996=ORIENTED_EDGE('',*,*,#5766,.F.);
#7997=ORIENTED_EDGE('',*,*,#5767,.F.);
#7998=ORIENTED_EDGE('',*,*,#5768,.T.);
#7999=ORIENTED_EDGE('',*,*,#5625,.F.);
#8000=ORIENTED_EDGE('',*,*,#5765,.F.);
#8001=ORIENTED_EDGE('',*,*,#5769,.F.);
#8002=ORIENTED_EDGE('',*,*,#5770,.T.);
#8003=ORIENTED_EDGE('',*,*,#5626,.F.);
#8004=ORIENTED_EDGE('',*,*,#5768,.F.);
#8005=ORIENTED_EDGE('',*,*,#5771,.F.);
#8006=ORIENTED_EDGE('',*,*,#5766,.T.);
#8007=ORIENTED_EDGE('',*,*,#5627,.F.);
#8008=ORIENTED_EDGE('',*,*,#5770,.F.);
#8009=ORIENTED_EDGE('',*,*,#5772,.F.);
#8010=ORIENTED_EDGE('',*,*,#5773,.T.);
#8011=ORIENTED_EDGE('',*,*,#5628,.F.);
#8012=ORIENTED_EDGE('',*,*,#5774,.F.);
#8013=ORIENTED_EDGE('',*,*,#5775,.F.);
#8014=ORIENTED_EDGE('',*,*,#5776,.T.);
#8015=ORIENTED_EDGE('',*,*,#5629,.F.);
#8016=ORIENTED_EDGE('',*,*,#5773,.F.);
#8017=ORIENTED_EDGE('',*,*,#5777,.F.);
#8018=ORIENTED_EDGE('',*,*,#5778,.T.);
#8019=ORIENTED_EDGE('',*,*,#5630,.F.);
#8020=ORIENTED_EDGE('',*,*,#5776,.F.);
#8021=ORIENTED_EDGE('',*,*,#5779,.F.);
#8022=ORIENTED_EDGE('',*,*,#5774,.T.);
#8023=ORIENTED_EDGE('',*,*,#5631,.F.);
#8024=ORIENTED_EDGE('',*,*,#5778,.F.);
#8025=ORIENTED_EDGE('',*,*,#5780,.F.);
#8026=ORIENTED_EDGE('',*,*,#5781,.T.);
#8027=ORIENTED_EDGE('',*,*,#5707,.F.);
#8028=ORIENTED_EDGE('',*,*,#5782,.F.);
#8029=ORIENTED_EDGE('',*,*,#5783,.F.);
#8030=ORIENTED_EDGE('',*,*,#5784,.T.);
#8031=ORIENTED_EDGE('',*,*,#5708,.F.);
#8032=ORIENTED_EDGE('',*,*,#5781,.F.);
#8033=ORIENTED_EDGE('',*,*,#5785,.F.);
#8034=ORIENTED_EDGE('',*,*,#5786,.T.);
#8035=ORIENTED_EDGE('',*,*,#5709,.F.);
#8036=ORIENTED_EDGE('',*,*,#5784,.F.);
#8037=ORIENTED_EDGE('',*,*,#5787,.F.);
#8038=ORIENTED_EDGE('',*,*,#5782,.T.);
#8039=ORIENTED_EDGE('',*,*,#5710,.F.);
#8040=ORIENTED_EDGE('',*,*,#5786,.F.);
#8041=ORIENTED_EDGE('',*,*,#5788,.F.);
#8042=ORIENTED_EDGE('',*,*,#5789,.T.);
#8043=ORIENTED_EDGE('',*,*,#5703,.F.);
#8044=ORIENTED_EDGE('',*,*,#5790,.F.);
#8045=ORIENTED_EDGE('',*,*,#5791,.F.);
#8046=ORIENTED_EDGE('',*,*,#5792,.T.);
#8047=ORIENTED_EDGE('',*,*,#5704,.F.);
#8048=ORIENTED_EDGE('',*,*,#5789,.F.);
#8049=ORIENTED_EDGE('',*,*,#5793,.F.);
#8050=ORIENTED_EDGE('',*,*,#5794,.T.);
#8051=ORIENTED_EDGE('',*,*,#5705,.F.);
#8052=ORIENTED_EDGE('',*,*,#5792,.F.);
#8053=ORIENTED_EDGE('',*,*,#5795,.F.);
#8054=ORIENTED_EDGE('',*,*,#5790,.T.);
#8055=ORIENTED_EDGE('',*,*,#5706,.F.);
#8056=ORIENTED_EDGE('',*,*,#5794,.F.);
#8057=ORIENTED_EDGE('',*,*,#5796,.F.);
#8058=ORIENTED_EDGE('',*,*,#5797,.T.);
#8059=ORIENTED_EDGE('',*,*,#5699,.F.);
#8060=ORIENTED_EDGE('',*,*,#5798,.F.);
#8061=ORIENTED_EDGE('',*,*,#5799,.F.);
#8062=ORIENTED_EDGE('',*,*,#5800,.T.);
#8063=ORIENTED_EDGE('',*,*,#5700,.F.);
#8064=ORIENTED_EDGE('',*,*,#5797,.F.);
#8065=ORIENTED_EDGE('',*,*,#5801,.F.);
#8066=ORIENTED_EDGE('',*,*,#5802,.T.);
#8067=ORIENTED_EDGE('',*,*,#5701,.F.);
#8068=ORIENTED_EDGE('',*,*,#5800,.F.);
#8069=ORIENTED_EDGE('',*,*,#5803,.F.);
#8070=ORIENTED_EDGE('',*,*,#5798,.T.);
#8071=ORIENTED_EDGE('',*,*,#5702,.F.);
#8072=ORIENTED_EDGE('',*,*,#5802,.F.);
#8073=ORIENTED_EDGE('',*,*,#5804,.F.);
#8074=ORIENTED_EDGE('',*,*,#5805,.T.);
#8075=ORIENTED_EDGE('',*,*,#5695,.F.);
#8076=ORIENTED_EDGE('',*,*,#5806,.F.);
#8077=ORIENTED_EDGE('',*,*,#5807,.F.);
#8078=ORIENTED_EDGE('',*,*,#5808,.T.);
#8079=ORIENTED_EDGE('',*,*,#5696,.F.);
#8080=ORIENTED_EDGE('',*,*,#5805,.F.);
#8081=ORIENTED_EDGE('',*,*,#5809,.F.);
#8082=ORIENTED_EDGE('',*,*,#5810,.T.);
#8083=ORIENTED_EDGE('',*,*,#5697,.F.);
#8084=ORIENTED_EDGE('',*,*,#5808,.F.);
#8085=ORIENTED_EDGE('',*,*,#5811,.F.);
#8086=ORIENTED_EDGE('',*,*,#5806,.T.);
#8087=ORIENTED_EDGE('',*,*,#5698,.F.);
#8088=ORIENTED_EDGE('',*,*,#5810,.F.);
#8089=ORIENTED_EDGE('',*,*,#5812,.F.);
#8090=ORIENTED_EDGE('',*,*,#5813,.T.);
#8091=ORIENTED_EDGE('',*,*,#5691,.F.);
#8092=ORIENTED_EDGE('',*,*,#5814,.F.);
#8093=ORIENTED_EDGE('',*,*,#5815,.F.);
#8094=ORIENTED_EDGE('',*,*,#5816,.T.);
#8095=ORIENTED_EDGE('',*,*,#5692,.F.);
#8096=ORIENTED_EDGE('',*,*,#5813,.F.);
#8097=ORIENTED_EDGE('',*,*,#5817,.F.);
#8098=ORIENTED_EDGE('',*,*,#5818,.T.);
#8099=ORIENTED_EDGE('',*,*,#5693,.F.);
#8100=ORIENTED_EDGE('',*,*,#5816,.F.);
#8101=ORIENTED_EDGE('',*,*,#5819,.F.);
#8102=ORIENTED_EDGE('',*,*,#5814,.T.);
#8103=ORIENTED_EDGE('',*,*,#5694,.F.);
#8104=ORIENTED_EDGE('',*,*,#5818,.F.);
#8105=ORIENTED_EDGE('',*,*,#5820,.F.);
#8106=ORIENTED_EDGE('',*,*,#5821,.T.);
#8107=ORIENTED_EDGE('',*,*,#5687,.F.);
#8108=ORIENTED_EDGE('',*,*,#5822,.F.);
#8109=ORIENTED_EDGE('',*,*,#5823,.F.);
#8110=ORIENTED_EDGE('',*,*,#5824,.T.);
#8111=ORIENTED_EDGE('',*,*,#5688,.F.);
#8112=ORIENTED_EDGE('',*,*,#5821,.F.);
#8113=ORIENTED_EDGE('',*,*,#5825,.F.);
#8114=ORIENTED_EDGE('',*,*,#5826,.T.);
#8115=ORIENTED_EDGE('',*,*,#5689,.F.);
#8116=ORIENTED_EDGE('',*,*,#5824,.F.);
#8117=ORIENTED_EDGE('',*,*,#5827,.F.);
#8118=ORIENTED_EDGE('',*,*,#5822,.T.);
#8119=ORIENTED_EDGE('',*,*,#5690,.F.);
#8120=ORIENTED_EDGE('',*,*,#5826,.F.);
#8121=ORIENTED_EDGE('',*,*,#5828,.F.);
#8122=ORIENTED_EDGE('',*,*,#5829,.T.);
#8123=ORIENTED_EDGE('',*,*,#5683,.F.);
#8124=ORIENTED_EDGE('',*,*,#5830,.F.);
#8125=ORIENTED_EDGE('',*,*,#5831,.F.);
#8126=ORIENTED_EDGE('',*,*,#5832,.T.);
#8127=ORIENTED_EDGE('',*,*,#5684,.F.);
#8128=ORIENTED_EDGE('',*,*,#5829,.F.);
#8129=ORIENTED_EDGE('',*,*,#5833,.F.);
#8130=ORIENTED_EDGE('',*,*,#5834,.T.);
#8131=ORIENTED_EDGE('',*,*,#5685,.F.);
#8132=ORIENTED_EDGE('',*,*,#5832,.F.);
#8133=ORIENTED_EDGE('',*,*,#5835,.F.);
#8134=ORIENTED_EDGE('',*,*,#5830,.T.);
#8135=ORIENTED_EDGE('',*,*,#5686,.F.);
#8136=ORIENTED_EDGE('',*,*,#5834,.F.);
#8137=ORIENTED_EDGE('',*,*,#5836,.F.);
#8138=ORIENTED_EDGE('',*,*,#5837,.T.);
#8139=ORIENTED_EDGE('',*,*,#5679,.F.);
#8140=ORIENTED_EDGE('',*,*,#5838,.F.);
#8141=ORIENTED_EDGE('',*,*,#5839,.F.);
#8142=ORIENTED_EDGE('',*,*,#5840,.T.);
#8143=ORIENTED_EDGE('',*,*,#5680,.F.);
#8144=ORIENTED_EDGE('',*,*,#5837,.F.);
#8145=ORIENTED_EDGE('',*,*,#5841,.F.);
#8146=ORIENTED_EDGE('',*,*,#5842,.T.);
#8147=ORIENTED_EDGE('',*,*,#5681,.F.);
#8148=ORIENTED_EDGE('',*,*,#5840,.F.);
#8149=ORIENTED_EDGE('',*,*,#5843,.F.);
#8150=ORIENTED_EDGE('',*,*,#5838,.T.);
#8151=ORIENTED_EDGE('',*,*,#5682,.F.);
#8152=ORIENTED_EDGE('',*,*,#5842,.F.);
#8153=ORIENTED_EDGE('',*,*,#5844,.F.);
#8154=ORIENTED_EDGE('',*,*,#5845,.T.);
#8155=ORIENTED_EDGE('',*,*,#5675,.F.);
#8156=ORIENTED_EDGE('',*,*,#5846,.F.);
#8157=ORIENTED_EDGE('',*,*,#5847,.F.);
#8158=ORIENTED_EDGE('',*,*,#5848,.T.);
#8159=ORIENTED_EDGE('',*,*,#5676,.F.);
#8160=ORIENTED_EDGE('',*,*,#5845,.F.);
#8161=ORIENTED_EDGE('',*,*,#5849,.F.);
#8162=ORIENTED_EDGE('',*,*,#5850,.T.);
#8163=ORIENTED_EDGE('',*,*,#5677,.F.);
#8164=ORIENTED_EDGE('',*,*,#5848,.F.);
#8165=ORIENTED_EDGE('',*,*,#5851,.F.);
#8166=ORIENTED_EDGE('',*,*,#5846,.T.);
#8167=ORIENTED_EDGE('',*,*,#5678,.F.);
#8168=ORIENTED_EDGE('',*,*,#5850,.F.);
#8169=ORIENTED_EDGE('',*,*,#5852,.F.);
#8170=ORIENTED_EDGE('',*,*,#5853,.T.);
#8171=ORIENTED_EDGE('',*,*,#5671,.F.);
#8172=ORIENTED_EDGE('',*,*,#5854,.F.);
#8173=ORIENTED_EDGE('',*,*,#5855,.F.);
#8174=ORIENTED_EDGE('',*,*,#5856,.T.);
#8175=ORIENTED_EDGE('',*,*,#5672,.F.);
#8176=ORIENTED_EDGE('',*,*,#5853,.F.);
#8177=ORIENTED_EDGE('',*,*,#5857,.F.);
#8178=ORIENTED_EDGE('',*,*,#5858,.T.);
#8179=ORIENTED_EDGE('',*,*,#5673,.F.);
#8180=ORIENTED_EDGE('',*,*,#5856,.F.);
#8181=ORIENTED_EDGE('',*,*,#5859,.F.);
#8182=ORIENTED_EDGE('',*,*,#5854,.T.);
#8183=ORIENTED_EDGE('',*,*,#5674,.F.);
#8184=ORIENTED_EDGE('',*,*,#5858,.F.);
#8185=ORIENTED_EDGE('',*,*,#5860,.F.);
#8186=ORIENTED_EDGE('',*,*,#5861,.T.);
#8187=ORIENTED_EDGE('',*,*,#5667,.F.);
#8188=ORIENTED_EDGE('',*,*,#5862,.F.);
#8189=ORIENTED_EDGE('',*,*,#5863,.F.);
#8190=ORIENTED_EDGE('',*,*,#5864,.T.);
#8191=ORIENTED_EDGE('',*,*,#5668,.F.);
#8192=ORIENTED_EDGE('',*,*,#5861,.F.);
#8193=ORIENTED_EDGE('',*,*,#5865,.F.);
#8194=ORIENTED_EDGE('',*,*,#5866,.T.);
#8195=ORIENTED_EDGE('',*,*,#5669,.F.);
#8196=ORIENTED_EDGE('',*,*,#5864,.F.);
#8197=ORIENTED_EDGE('',*,*,#5867,.F.);
#8198=ORIENTED_EDGE('',*,*,#5862,.T.);
#8199=ORIENTED_EDGE('',*,*,#5670,.F.);
#8200=ORIENTED_EDGE('',*,*,#5866,.F.);
#8201=ORIENTED_EDGE('',*,*,#5868,.F.);
#8202=ORIENTED_EDGE('',*,*,#5869,.T.);
#8203=ORIENTED_EDGE('',*,*,#5663,.F.);
#8204=ORIENTED_EDGE('',*,*,#5870,.F.);
#8205=ORIENTED_EDGE('',*,*,#5871,.F.);
#8206=ORIENTED_EDGE('',*,*,#5872,.T.);
#8207=ORIENTED_EDGE('',*,*,#5664,.F.);
#8208=ORIENTED_EDGE('',*,*,#5869,.F.);
#8209=ORIENTED_EDGE('',*,*,#5873,.F.);
#8210=ORIENTED_EDGE('',*,*,#5874,.T.);
#8211=ORIENTED_EDGE('',*,*,#5665,.F.);
#8212=ORIENTED_EDGE('',*,*,#5872,.F.);
#8213=ORIENTED_EDGE('',*,*,#5875,.F.);
#8214=ORIENTED_EDGE('',*,*,#5870,.T.);
#8215=ORIENTED_EDGE('',*,*,#5666,.F.);
#8216=ORIENTED_EDGE('',*,*,#5874,.F.);
#8217=ORIENTED_EDGE('',*,*,#5876,.F.);
#8218=ORIENTED_EDGE('',*,*,#5877,.T.);
#8219=ORIENTED_EDGE('',*,*,#5659,.F.);
#8220=ORIENTED_EDGE('',*,*,#5878,.F.);
#8221=ORIENTED_EDGE('',*,*,#5879,.F.);
#8222=ORIENTED_EDGE('',*,*,#5880,.T.);
#8223=ORIENTED_EDGE('',*,*,#5660,.F.);
#8224=ORIENTED_EDGE('',*,*,#5877,.F.);
#8225=ORIENTED_EDGE('',*,*,#5881,.F.);
#8226=ORIENTED_EDGE('',*,*,#5882,.T.);
#8227=ORIENTED_EDGE('',*,*,#5661,.F.);
#8228=ORIENTED_EDGE('',*,*,#5880,.F.);
#8229=ORIENTED_EDGE('',*,*,#5883,.F.);
#8230=ORIENTED_EDGE('',*,*,#5878,.T.);
#8231=ORIENTED_EDGE('',*,*,#5662,.F.);
#8232=ORIENTED_EDGE('',*,*,#5882,.F.);
#8233=ORIENTED_EDGE('',*,*,#5884,.F.);
#8234=ORIENTED_EDGE('',*,*,#5885,.T.);
#8235=ORIENTED_EDGE('',*,*,#5632,.F.);
#8236=ORIENTED_EDGE('',*,*,#5886,.F.);
#8237=ORIENTED_EDGE('',*,*,#5887,.F.);
#8238=ORIENTED_EDGE('',*,*,#5888,.T.);
#8239=ORIENTED_EDGE('',*,*,#5633,.F.);
#8240=ORIENTED_EDGE('',*,*,#5885,.F.);
#8241=ORIENTED_EDGE('',*,*,#5889,.F.);
#8242=ORIENTED_EDGE('',*,*,#5890,.T.);
#8243=ORIENTED_EDGE('',*,*,#5634,.F.);
#8244=ORIENTED_EDGE('',*,*,#5888,.F.);
#8245=ORIENTED_EDGE('',*,*,#5891,.F.);
#8246=ORIENTED_EDGE('',*,*,#5886,.T.);
#8247=ORIENTED_EDGE('',*,*,#5635,.F.);
#8248=ORIENTED_EDGE('',*,*,#5890,.F.);
#8249=ORIENTED_EDGE('',*,*,#5892,.F.);
#8250=ORIENTED_EDGE('',*,*,#5893,.T.);
#8251=ORIENTED_EDGE('',*,*,#5636,.F.);
#8252=ORIENTED_EDGE('',*,*,#5894,.F.);
#8253=ORIENTED_EDGE('',*,*,#5895,.F.);
#8254=ORIENTED_EDGE('',*,*,#5896,.T.);
#8255=ORIENTED_EDGE('',*,*,#5637,.F.);
#8256=ORIENTED_EDGE('',*,*,#5893,.F.);
#8257=ORIENTED_EDGE('',*,*,#5897,.F.);
#8258=ORIENTED_EDGE('',*,*,#5898,.T.);
#8259=ORIENTED_EDGE('',*,*,#5638,.F.);
#8260=ORIENTED_EDGE('',*,*,#5896,.F.);
#8261=ORIENTED_EDGE('',*,*,#5899,.F.);
#8262=ORIENTED_EDGE('',*,*,#5894,.T.);
#8263=ORIENTED_EDGE('',*,*,#5639,.F.);
#8264=ORIENTED_EDGE('',*,*,#5898,.F.);
#8265=ORIENTED_EDGE('',*,*,#5900,.F.);
#8266=ORIENTED_EDGE('',*,*,#5901,.T.);
#8267=ORIENTED_EDGE('',*,*,#5640,.F.);
#8268=ORIENTED_EDGE('',*,*,#5902,.F.);
#8269=ORIENTED_EDGE('',*,*,#5903,.F.);
#8270=ORIENTED_EDGE('',*,*,#5904,.T.);
#8271=ORIENTED_EDGE('',*,*,#5641,.F.);
#8272=ORIENTED_EDGE('',*,*,#5901,.F.);
#8273=ORIENTED_EDGE('',*,*,#5905,.F.);
#8274=ORIENTED_EDGE('',*,*,#5906,.T.);
#8275=ORIENTED_EDGE('',*,*,#5642,.F.);
#8276=ORIENTED_EDGE('',*,*,#5904,.F.);
#8277=ORIENTED_EDGE('',*,*,#5907,.F.);
#8278=ORIENTED_EDGE('',*,*,#5902,.T.);
#8279=ORIENTED_EDGE('',*,*,#5643,.F.);
#8280=ORIENTED_EDGE('',*,*,#5906,.F.);
#8281=ORIENTED_EDGE('',*,*,#5908,.F.);
#8282=ORIENTED_EDGE('',*,*,#5909,.T.);
#8283=ORIENTED_EDGE('',*,*,#5644,.F.);
#8284=ORIENTED_EDGE('',*,*,#5910,.F.);
#8285=ORIENTED_EDGE('',*,*,#5911,.F.);
#8286=ORIENTED_EDGE('',*,*,#5912,.T.);
#8287=ORIENTED_EDGE('',*,*,#5645,.F.);
#8288=ORIENTED_EDGE('',*,*,#5909,.F.);
#8289=ORIENTED_EDGE('',*,*,#5913,.F.);
#8290=ORIENTED_EDGE('',*,*,#5914,.T.);
#8291=ORIENTED_EDGE('',*,*,#5646,.F.);
#8292=ORIENTED_EDGE('',*,*,#5912,.F.);
#8293=ORIENTED_EDGE('',*,*,#5915,.F.);
#8294=ORIENTED_EDGE('',*,*,#5910,.T.);
#8295=ORIENTED_EDGE('',*,*,#5647,.F.);
#8296=ORIENTED_EDGE('',*,*,#5914,.F.);
#8297=ORIENTED_EDGE('',*,*,#5916,.F.);
#8298=ORIENTED_EDGE('',*,*,#5917,.T.);
#8299=ORIENTED_EDGE('',*,*,#5648,.F.);
#8300=ORIENTED_EDGE('',*,*,#5918,.F.);
#8301=ORIENTED_EDGE('',*,*,#5919,.F.);
#8302=ORIENTED_EDGE('',*,*,#5920,.T.);
#8303=ORIENTED_EDGE('',*,*,#5649,.F.);
#8304=ORIENTED_EDGE('',*,*,#5917,.F.);
#8305=ORIENTED_EDGE('',*,*,#5921,.F.);
#8306=ORIENTED_EDGE('',*,*,#5922,.T.);
#8307=ORIENTED_EDGE('',*,*,#5650,.F.);
#8308=ORIENTED_EDGE('',*,*,#5920,.F.);
#8309=ORIENTED_EDGE('',*,*,#5923,.F.);
#8310=ORIENTED_EDGE('',*,*,#5918,.T.);
#8311=ORIENTED_EDGE('',*,*,#5651,.F.);
#8312=ORIENTED_EDGE('',*,*,#5922,.F.);
#8313=ORIENTED_EDGE('',*,*,#5924,.F.);
#8314=ORIENTED_EDGE('',*,*,#5925,.T.);
#8315=ORIENTED_EDGE('',*,*,#5652,.F.);
#8316=ORIENTED_EDGE('',*,*,#5926,.F.);
#8317=ORIENTED_EDGE('',*,*,#5927,.F.);
#8318=ORIENTED_EDGE('',*,*,#5928,.T.);
#8319=ORIENTED_EDGE('',*,*,#5653,.F.);
#8320=ORIENTED_EDGE('',*,*,#5925,.F.);
#8321=ORIENTED_EDGE('',*,*,#5929,.F.);
#8322=ORIENTED_EDGE('',*,*,#5930,.T.);
#8323=ORIENTED_EDGE('',*,*,#5654,.F.);
#8324=ORIENTED_EDGE('',*,*,#5928,.F.);
#8325=ORIENTED_EDGE('',*,*,#5931,.F.);
#8326=ORIENTED_EDGE('',*,*,#5926,.T.);
#8327=ORIENTED_EDGE('',*,*,#5655,.F.);
#8328=ORIENTED_EDGE('',*,*,#5930,.F.);
#8329=ORIENTED_EDGE('',*,*,#5657,.F.);
#8330=ORIENTED_EDGE('',*,*,#5932,.T.);
#8331=ORIENTED_EDGE('',*,*,#5933,.F.);
#8332=ORIENTED_EDGE('',*,*,#5934,.F.);
#8333=ORIENTED_EDGE('',*,*,#5658,.T.);
#8334=ORIENTED_EDGE('',*,*,#5934,.T.);
#8335=ORIENTED_EDGE('',*,*,#5935,.F.);
#8336=ORIENTED_EDGE('',*,*,#5936,.F.);
#8337=ORIENTED_EDGE('',*,*,#5656,.F.);
#8338=ORIENTED_EDGE('',*,*,#5936,.T.);
#8339=ORIENTED_EDGE('',*,*,#5937,.F.);
#8340=ORIENTED_EDGE('',*,*,#5932,.F.);
#8341=ORIENTED_EDGE('',*,*,#5755,.T.);
#8342=ORIENTED_EDGE('',*,*,#5753,.T.);
#8343=ORIENTED_EDGE('',*,*,#5751,.T.);
#8344=ORIENTED_EDGE('',*,*,#5749,.T.);
#8345=ORIENTED_EDGE('',*,*,#5747,.T.);
#8346=ORIENTED_EDGE('',*,*,#5745,.T.);
#8347=ORIENTED_EDGE('',*,*,#5743,.T.);
#8348=ORIENTED_EDGE('',*,*,#5741,.T.);
#8349=ORIENTED_EDGE('',*,*,#5739,.T.);
#8350=ORIENTED_EDGE('',*,*,#5737,.T.);
#8351=ORIENTED_EDGE('',*,*,#5735,.T.);
#8352=ORIENTED_EDGE('',*,*,#5733,.T.);
#8353=ORIENTED_EDGE('',*,*,#5731,.T.);
#8354=ORIENTED_EDGE('',*,*,#5593,.T.);
#8355=ORIENTED_EDGE('',*,*,#5730,.T.);
#8356=ORIENTED_EDGE('',*,*,#5728,.T.);
#8357=ORIENTED_EDGE('',*,*,#5726,.T.);
#8358=ORIENTED_EDGE('',*,*,#5724,.T.);
#8359=ORIENTED_EDGE('',*,*,#4822,.T.);
#8360=ORIENTED_EDGE('',*,*,#4844,.T.);
#8361=ORIENTED_EDGE('',*,*,#4841,.T.);
#8362=ORIENTED_EDGE('',*,*,#4838,.T.);
#8363=ORIENTED_EDGE('',*,*,#4835,.T.);
#8364=ORIENTED_EDGE('',*,*,#4832,.T.);
#8365=ORIENTED_EDGE('',*,*,#4829,.T.);
#8366=ORIENTED_EDGE('',*,*,#4826,.T.);
#8367=ORIENTED_EDGE('',*,*,#4873,.T.);
#8368=ORIENTED_EDGE('',*,*,#4952,.T.);
#8369=ORIENTED_EDGE('',*,*,#4949,.T.);
#8370=ORIENTED_EDGE('',*,*,#4946,.T.);
#8371=ORIENTED_EDGE('',*,*,#4943,.T.);
#8372=ORIENTED_EDGE('',*,*,#4940,.T.);
#8373=ORIENTED_EDGE('',*,*,#4937,.T.);
#8374=ORIENTED_EDGE('',*,*,#4934,.T.);
#8375=ORIENTED_EDGE('',*,*,#4931,.T.);
#8376=ORIENTED_EDGE('',*,*,#4928,.T.);
#8377=ORIENTED_EDGE('',*,*,#4925,.T.);
#8378=ORIENTED_EDGE('',*,*,#4922,.T.);
#8379=ORIENTED_EDGE('',*,*,#4919,.T.);
#8380=ORIENTED_EDGE('',*,*,#4916,.T.);
#8381=ORIENTED_EDGE('',*,*,#4913,.T.);
#8382=ORIENTED_EDGE('',*,*,#4910,.T.);
#8383=ORIENTED_EDGE('',*,*,#4907,.T.);
#8384=ORIENTED_EDGE('',*,*,#4904,.T.);
#8385=ORIENTED_EDGE('',*,*,#4901,.T.);
#8386=ORIENTED_EDGE('',*,*,#4898,.T.);
#8387=ORIENTED_EDGE('',*,*,#4895,.T.);
#8388=ORIENTED_EDGE('',*,*,#4892,.T.);
#8389=ORIENTED_EDGE('',*,*,#4889,.T.);
#8390=ORIENTED_EDGE('',*,*,#4886,.T.);
#8391=ORIENTED_EDGE('',*,*,#4883,.T.);
#8392=ORIENTED_EDGE('',*,*,#4880,.T.);
#8393=ORIENTED_EDGE('',*,*,#4877,.T.);
#8394=ORIENTED_EDGE('',*,*,#4954,.T.);
#8395=ORIENTED_EDGE('',*,*,#4988,.T.);
#8396=ORIENTED_EDGE('',*,*,#4985,.T.);
#8397=ORIENTED_EDGE('',*,*,#4982,.T.);
#8398=ORIENTED_EDGE('',*,*,#4979,.T.);
#8399=ORIENTED_EDGE('',*,*,#4976,.T.);
#8400=ORIENTED_EDGE('',*,*,#4973,.T.);
#8401=ORIENTED_EDGE('',*,*,#4970,.T.);
#8402=ORIENTED_EDGE('',*,*,#4967,.T.);
#8403=ORIENTED_EDGE('',*,*,#4964,.T.);
#8404=ORIENTED_EDGE('',*,*,#4961,.T.);
#8405=ORIENTED_EDGE('',*,*,#4958,.T.);
#8406=ORIENTED_EDGE('',*,*,#5014,.T.);
#8407=ORIENTED_EDGE('',*,*,#5087,.T.);
#8408=ORIENTED_EDGE('',*,*,#5084,.T.);
#8409=ORIENTED_EDGE('',*,*,#5081,.T.);
#8410=ORIENTED_EDGE('',*,*,#5078,.T.);
#8411=ORIENTED_EDGE('',*,*,#5075,.T.);
#8412=ORIENTED_EDGE('',*,*,#5072,.T.);
#8413=ORIENTED_EDGE('',*,*,#5069,.T.);
#8414=ORIENTED_EDGE('',*,*,#5066,.T.);
#8415=ORIENTED_EDGE('',*,*,#5063,.T.);
#8416=ORIENTED_EDGE('',*,*,#5060,.T.);
#8417=ORIENTED_EDGE('',*,*,#5057,.T.);
#8418=ORIENTED_EDGE('',*,*,#5054,.T.);
#8419=ORIENTED_EDGE('',*,*,#5051,.T.);
#8420=ORIENTED_EDGE('',*,*,#5048,.T.);
#8421=ORIENTED_EDGE('',*,*,#5045,.T.);
#8422=ORIENTED_EDGE('',*,*,#5042,.T.);
#8423=ORIENTED_EDGE('',*,*,#5039,.T.);
#8424=ORIENTED_EDGE('',*,*,#5036,.T.);
#8425=ORIENTED_EDGE('',*,*,#5033,.T.);
#8426=ORIENTED_EDGE('',*,*,#5030,.T.);
#8427=ORIENTED_EDGE('',*,*,#5027,.T.);
#8428=ORIENTED_EDGE('',*,*,#5024,.T.);
#8429=ORIENTED_EDGE('',*,*,#5021,.T.);
#8430=ORIENTED_EDGE('',*,*,#5018,.T.);
#8431=ORIENTED_EDGE('',*,*,#5104,.T.);
#8432=ORIENTED_EDGE('',*,*,#5153,.T.);
#8433=ORIENTED_EDGE('',*,*,#5150,.T.);
#8434=ORIENTED_EDGE('',*,*,#5147,.T.);
#8435=ORIENTED_EDGE('',*,*,#5144,.T.);
#8436=ORIENTED_EDGE('',*,*,#5141,.T.);
#8437=ORIENTED_EDGE('',*,*,#5138,.T.);
#8438=ORIENTED_EDGE('',*,*,#5135,.T.);
#8439=ORIENTED_EDGE('',*,*,#5132,.T.);
#8440=ORIENTED_EDGE('',*,*,#5129,.T.);
#8441=ORIENTED_EDGE('',*,*,#5126,.T.);
#8442=ORIENTED_EDGE('',*,*,#5123,.T.);
#8443=ORIENTED_EDGE('',*,*,#5120,.T.);
#8444=ORIENTED_EDGE('',*,*,#5117,.T.);
#8445=ORIENTED_EDGE('',*,*,#5114,.T.);
#8446=ORIENTED_EDGE('',*,*,#5111,.T.);
#8447=ORIENTED_EDGE('',*,*,#5108,.T.);
#8448=ORIENTED_EDGE('',*,*,#5244,.T.);
#8449=ORIENTED_EDGE('',*,*,#5253,.T.);
#8450=ORIENTED_EDGE('',*,*,#5250,.T.);
#8451=ORIENTED_EDGE('',*,*,#5247,.T.);
#8452=ORIENTED_EDGE('',*,*,#5280,.T.);
#8453=ORIENTED_EDGE('',*,*,#5316,.T.);
#8454=ORIENTED_EDGE('',*,*,#5313,.T.);
#8455=ORIENTED_EDGE('',*,*,#5310,.T.);
#8456=ORIENTED_EDGE('',*,*,#5307,.T.);
#8457=ORIENTED_EDGE('',*,*,#5304,.T.);
#8458=ORIENTED_EDGE('',*,*,#5301,.T.);
#8459=ORIENTED_EDGE('',*,*,#5298,.T.);
#8460=ORIENTED_EDGE('',*,*,#5295,.T.);
#8461=ORIENTED_EDGE('',*,*,#5292,.T.);
#8462=ORIENTED_EDGE('',*,*,#5289,.T.);
#8463=ORIENTED_EDGE('',*,*,#5286,.T.);
#8464=ORIENTED_EDGE('',*,*,#5283,.T.);
#8465=ORIENTED_EDGE('',*,*,#5319,.T.);
#8466=ORIENTED_EDGE('',*,*,#5385,.T.);
#8467=ORIENTED_EDGE('',*,*,#5382,.T.);
#8468=ORIENTED_EDGE('',*,*,#5379,.T.);
#8469=ORIENTED_EDGE('',*,*,#5376,.T.);
#8470=ORIENTED_EDGE('',*,*,#5373,.T.);
#8471=ORIENTED_EDGE('',*,*,#5370,.T.);
#8472=ORIENTED_EDGE('',*,*,#5367,.T.);
#8473=ORIENTED_EDGE('',*,*,#5364,.T.);
#8474=ORIENTED_EDGE('',*,*,#5361,.T.);
#8475=ORIENTED_EDGE('',*,*,#5358,.T.);
#8476=ORIENTED_EDGE('',*,*,#5355,.T.);
#8477=ORIENTED_EDGE('',*,*,#5352,.T.);
#8478=ORIENTED_EDGE('',*,*,#5349,.T.);
#8479=ORIENTED_EDGE('',*,*,#5346,.T.);
#8480=ORIENTED_EDGE('',*,*,#5343,.T.);
#8481=ORIENTED_EDGE('',*,*,#5340,.T.);
#8482=ORIENTED_EDGE('',*,*,#5337,.T.);
#8483=ORIENTED_EDGE('',*,*,#5334,.T.);
#8484=ORIENTED_EDGE('',*,*,#5331,.T.);
#8485=ORIENTED_EDGE('',*,*,#5328,.T.);
#8486=ORIENTED_EDGE('',*,*,#5325,.T.);
#8487=ORIENTED_EDGE('',*,*,#5322,.T.);
#8488=ORIENTED_EDGE('',*,*,#5388,.T.);
#8489=ORIENTED_EDGE('',*,*,#5433,.T.);
#8490=ORIENTED_EDGE('',*,*,#5430,.T.);
#8491=ORIENTED_EDGE('',*,*,#5427,.T.);
#8492=ORIENTED_EDGE('',*,*,#5424,.T.);
#8493=ORIENTED_EDGE('',*,*,#5421,.T.);
#8494=ORIENTED_EDGE('',*,*,#5418,.T.);
#8495=ORIENTED_EDGE('',*,*,#5415,.T.);
#8496=ORIENTED_EDGE('',*,*,#5412,.T.);
#8497=ORIENTED_EDGE('',*,*,#5409,.T.);
#8498=ORIENTED_EDGE('',*,*,#5406,.T.);
#8499=ORIENTED_EDGE('',*,*,#5403,.T.);
#8500=ORIENTED_EDGE('',*,*,#5400,.T.);
#8501=ORIENTED_EDGE('',*,*,#5397,.T.);
#8502=ORIENTED_EDGE('',*,*,#5394,.T.);
#8503=ORIENTED_EDGE('',*,*,#5391,.T.);
#8504=ORIENTED_EDGE('',*,*,#5445,.T.);
#8505=ORIENTED_EDGE('',*,*,#5466,.T.);
#8506=ORIENTED_EDGE('',*,*,#5463,.T.);
#8507=ORIENTED_EDGE('',*,*,#5460,.T.);
#8508=ORIENTED_EDGE('',*,*,#5457,.T.);
#8509=ORIENTED_EDGE('',*,*,#5454,.T.);
#8510=ORIENTED_EDGE('',*,*,#5451,.T.);
#8511=ORIENTED_EDGE('',*,*,#5448,.T.);
#8512=ORIENTED_EDGE('',*,*,#5469,.T.);
#8513=ORIENTED_EDGE('',*,*,#5478,.T.);
#8514=ORIENTED_EDGE('',*,*,#5475,.T.);
#8515=ORIENTED_EDGE('',*,*,#5472,.T.);
#8516=ORIENTED_EDGE('',*,*,#5481,.T.);
#8517=ORIENTED_EDGE('',*,*,#5526,.T.);
#8518=ORIENTED_EDGE('',*,*,#5523,.T.);
#8519=ORIENTED_EDGE('',*,*,#5520,.T.);
#8520=ORIENTED_EDGE('',*,*,#5517,.T.);
#8521=ORIENTED_EDGE('',*,*,#5514,.T.);
#8522=ORIENTED_EDGE('',*,*,#5511,.T.);
#8523=ORIENTED_EDGE('',*,*,#5508,.T.);
#8524=ORIENTED_EDGE('',*,*,#5505,.T.);
#8525=ORIENTED_EDGE('',*,*,#5502,.T.);
#8526=ORIENTED_EDGE('',*,*,#5499,.T.);
#8527=ORIENTED_EDGE('',*,*,#5496,.T.);
#8528=ORIENTED_EDGE('',*,*,#5493,.T.);
#8529=ORIENTED_EDGE('',*,*,#5490,.T.);
#8530=ORIENTED_EDGE('',*,*,#5487,.T.);
#8531=ORIENTED_EDGE('',*,*,#5484,.T.);
#8532=ORIENTED_EDGE('',*,*,#5935,.T.);
#8533=ORIENTED_EDGE('',*,*,#5933,.T.);
#8534=ORIENTED_EDGE('',*,*,#5937,.T.);
#8535=ORIENTED_EDGE('',*,*,#5715,.T.);
#8536=ORIENTED_EDGE('',*,*,#5717,.T.);
#8537=ORIENTED_EDGE('',*,*,#5719,.T.);
#8538=ORIENTED_EDGE('',*,*,#5721,.T.);
#8539=ORIENTED_EDGE('',*,*,#5764,.T.);
#8540=ORIENTED_EDGE('',*,*,#5771,.T.);
#8541=ORIENTED_EDGE('',*,*,#5769,.T.);
#8542=ORIENTED_EDGE('',*,*,#5767,.T.);
#8543=ORIENTED_EDGE('',*,*,#5772,.T.);
#8544=ORIENTED_EDGE('',*,*,#5779,.T.);
#8545=ORIENTED_EDGE('',*,*,#5777,.T.);
#8546=ORIENTED_EDGE('',*,*,#5775,.T.);
#8547=ORIENTED_EDGE('',*,*,#5884,.T.);
#8548=ORIENTED_EDGE('',*,*,#5891,.T.);
#8549=ORIENTED_EDGE('',*,*,#5889,.T.);
#8550=ORIENTED_EDGE('',*,*,#5887,.T.);
#8551=ORIENTED_EDGE('',*,*,#5892,.T.);
#8552=ORIENTED_EDGE('',*,*,#5899,.T.);
#8553=ORIENTED_EDGE('',*,*,#5897,.T.);
#8554=ORIENTED_EDGE('',*,*,#5895,.T.);
#8555=ORIENTED_EDGE('',*,*,#5900,.T.);
#8556=ORIENTED_EDGE('',*,*,#5907,.T.);
#8557=ORIENTED_EDGE('',*,*,#5905,.T.);
#8558=ORIENTED_EDGE('',*,*,#5903,.T.);
#8559=ORIENTED_EDGE('',*,*,#5908,.T.);
#8560=ORIENTED_EDGE('',*,*,#5915,.T.);
#8561=ORIENTED_EDGE('',*,*,#5913,.T.);
#8562=ORIENTED_EDGE('',*,*,#5911,.T.);
#8563=ORIENTED_EDGE('',*,*,#5916,.T.);
#8564=ORIENTED_EDGE('',*,*,#5923,.T.);
#8565=ORIENTED_EDGE('',*,*,#5921,.T.);
#8566=ORIENTED_EDGE('',*,*,#5919,.T.);
#8567=ORIENTED_EDGE('',*,*,#5924,.T.);
#8568=ORIENTED_EDGE('',*,*,#5931,.T.);
#8569=ORIENTED_EDGE('',*,*,#5929,.T.);
#8570=ORIENTED_EDGE('',*,*,#5927,.T.);
#8571=ORIENTED_EDGE('',*,*,#5876,.T.);
#8572=ORIENTED_EDGE('',*,*,#5883,.T.);
#8573=ORIENTED_EDGE('',*,*,#5881,.T.);
#8574=ORIENTED_EDGE('',*,*,#5879,.T.);
#8575=ORIENTED_EDGE('',*,*,#5868,.T.);
#8576=ORIENTED_EDGE('',*,*,#5875,.T.);
#8577=ORIENTED_EDGE('',*,*,#5873,.T.);
#8578=ORIENTED_EDGE('',*,*,#5871,.T.);
#8579=ORIENTED_EDGE('',*,*,#5860,.T.);
#8580=ORIENTED_EDGE('',*,*,#5867,.T.);
#8581=ORIENTED_EDGE('',*,*,#5865,.T.);
#8582=ORIENTED_EDGE('',*,*,#5863,.T.);
#8583=ORIENTED_EDGE('',*,*,#5852,.T.);
#8584=ORIENTED_EDGE('',*,*,#5859,.T.);
#8585=ORIENTED_EDGE('',*,*,#5857,.T.);
#8586=ORIENTED_EDGE('',*,*,#5855,.T.);
#8587=ORIENTED_EDGE('',*,*,#5844,.T.);
#8588=ORIENTED_EDGE('',*,*,#5851,.T.);
#8589=ORIENTED_EDGE('',*,*,#5849,.T.);
#8590=ORIENTED_EDGE('',*,*,#5847,.T.);
#8591=ORIENTED_EDGE('',*,*,#5836,.T.);
#8592=ORIENTED_EDGE('',*,*,#5843,.T.);
#8593=ORIENTED_EDGE('',*,*,#5841,.T.);
#8594=ORIENTED_EDGE('',*,*,#5839,.T.);
#8595=ORIENTED_EDGE('',*,*,#5828,.T.);
#8596=ORIENTED_EDGE('',*,*,#5835,.T.);
#8597=ORIENTED_EDGE('',*,*,#5833,.T.);
#8598=ORIENTED_EDGE('',*,*,#5831,.T.);
#8599=ORIENTED_EDGE('',*,*,#5820,.T.);
#8600=ORIENTED_EDGE('',*,*,#5827,.T.);
#8601=ORIENTED_EDGE('',*,*,#5825,.T.);
#8602=ORIENTED_EDGE('',*,*,#5823,.T.);
#8603=ORIENTED_EDGE('',*,*,#5812,.T.);
#8604=ORIENTED_EDGE('',*,*,#5819,.T.);
#8605=ORIENTED_EDGE('',*,*,#5817,.T.);
#8606=ORIENTED_EDGE('',*,*,#5815,.T.);
#8607=ORIENTED_EDGE('',*,*,#5804,.T.);
#8608=ORIENTED_EDGE('',*,*,#5811,.T.);
#8609=ORIENTED_EDGE('',*,*,#5809,.T.);
#8610=ORIENTED_EDGE('',*,*,#5807,.T.);
#8611=ORIENTED_EDGE('',*,*,#5796,.T.);
#8612=ORIENTED_EDGE('',*,*,#5803,.T.);
#8613=ORIENTED_EDGE('',*,*,#5801,.T.);
#8614=ORIENTED_EDGE('',*,*,#5799,.T.);
#8615=ORIENTED_EDGE('',*,*,#5788,.T.);
#8616=ORIENTED_EDGE('',*,*,#5795,.T.);
#8617=ORIENTED_EDGE('',*,*,#5793,.T.);
#8618=ORIENTED_EDGE('',*,*,#5791,.T.);
#8619=ORIENTED_EDGE('',*,*,#5780,.T.);
#8620=ORIENTED_EDGE('',*,*,#5787,.T.);
#8621=ORIENTED_EDGE('',*,*,#5785,.T.);
#8622=ORIENTED_EDGE('',*,*,#5783,.T.);
#8623=ORIENTED_EDGE('',*,*,#5756,.T.);
#8624=ORIENTED_EDGE('',*,*,#5763,.T.);
#8625=ORIENTED_EDGE('',*,*,#5761,.T.);
#8626=ORIENTED_EDGE('',*,*,#5759,.T.);
#8627=ORIENTED_EDGE('',*,*,#5155,.T.);
#8628=ORIENTED_EDGE('',*,*,#5240,.T.);
#8629=ORIENTED_EDGE('',*,*,#5237,.T.);
#8630=ORIENTED_EDGE('',*,*,#5234,.T.);
#8631=ORIENTED_EDGE('',*,*,#5231,.T.);
#8632=ORIENTED_EDGE('',*,*,#5228,.T.);
#8633=ORIENTED_EDGE('',*,*,#5225,.T.);
#8634=ORIENTED_EDGE('',*,*,#5222,.T.);
#8635=ORIENTED_EDGE('',*,*,#5219,.T.);
#8636=ORIENTED_EDGE('',*,*,#5216,.T.);
#8637=ORIENTED_EDGE('',*,*,#5213,.T.);
#8638=ORIENTED_EDGE('',*,*,#5210,.T.);
#8639=ORIENTED_EDGE('',*,*,#5207,.T.);
#8640=ORIENTED_EDGE('',*,*,#5204,.T.);
#8641=ORIENTED_EDGE('',*,*,#5201,.T.);
#8642=ORIENTED_EDGE('',*,*,#5198,.T.);
#8643=ORIENTED_EDGE('',*,*,#5195,.T.);
#8644=ORIENTED_EDGE('',*,*,#5192,.T.);
#8645=ORIENTED_EDGE('',*,*,#5189,.T.);
#8646=ORIENTED_EDGE('',*,*,#5186,.T.);
#8647=ORIENTED_EDGE('',*,*,#5183,.T.);
#8648=ORIENTED_EDGE('',*,*,#5180,.T.);
#8649=ORIENTED_EDGE('',*,*,#5177,.T.);
#8650=ORIENTED_EDGE('',*,*,#5174,.T.);
#8651=ORIENTED_EDGE('',*,*,#5171,.T.);
#8652=ORIENTED_EDGE('',*,*,#5168,.T.);
#8653=ORIENTED_EDGE('',*,*,#5165,.T.);
#8654=ORIENTED_EDGE('',*,*,#5162,.T.);
#8655=ORIENTED_EDGE('',*,*,#5159,.T.);
#8656=ORIENTED_EDGE('',*,*,#4717,.T.);
#8657=ORIENTED_EDGE('',*,*,#4796,.T.);
#8658=ORIENTED_EDGE('',*,*,#4793,.T.);
#8659=ORIENTED_EDGE('',*,*,#4790,.T.);
#8660=ORIENTED_EDGE('',*,*,#4787,.T.);
#8661=ORIENTED_EDGE('',*,*,#4784,.T.);
#8662=ORIENTED_EDGE('',*,*,#4781,.T.);
#8663=ORIENTED_EDGE('',*,*,#4778,.T.);
#8664=ORIENTED_EDGE('',*,*,#4775,.T.);
#8665=ORIENTED_EDGE('',*,*,#4772,.T.);
#8666=ORIENTED_EDGE('',*,*,#4769,.T.);
#8667=ORIENTED_EDGE('',*,*,#4766,.T.);
#8668=ORIENTED_EDGE('',*,*,#4763,.T.);
#8669=ORIENTED_EDGE('',*,*,#4760,.T.);
#8670=ORIENTED_EDGE('',*,*,#4757,.T.);
#8671=ORIENTED_EDGE('',*,*,#4754,.T.);
#8672=ORIENTED_EDGE('',*,*,#4751,.T.);
#8673=ORIENTED_EDGE('',*,*,#4748,.T.);
#8674=ORIENTED_EDGE('',*,*,#4745,.T.);
#8675=ORIENTED_EDGE('',*,*,#4742,.T.);
#8676=ORIENTED_EDGE('',*,*,#4739,.T.);
#8677=ORIENTED_EDGE('',*,*,#4736,.T.);
#8678=ORIENTED_EDGE('',*,*,#4733,.T.);
#8679=ORIENTED_EDGE('',*,*,#4730,.T.);
#8680=ORIENTED_EDGE('',*,*,#4727,.T.);
#8681=ORIENTED_EDGE('',*,*,#4724,.T.);
#8682=ORIENTED_EDGE('',*,*,#4721,.T.);
#8683=ORIENTED_EDGE('',*,*,#4609,.T.);
#8684=ORIENTED_EDGE('',*,*,#4688,.T.);
#8685=ORIENTED_EDGE('',*,*,#4685,.T.);
#8686=ORIENTED_EDGE('',*,*,#4682,.T.);
#8687=ORIENTED_EDGE('',*,*,#4679,.T.);
#8688=ORIENTED_EDGE('',*,*,#4676,.T.);
#8689=ORIENTED_EDGE('',*,*,#4673,.T.);
#8690=ORIENTED_EDGE('',*,*,#4670,.T.);
#8691=ORIENTED_EDGE('',*,*,#4667,.T.);
#8692=ORIENTED_EDGE('',*,*,#4664,.T.);
#8693=ORIENTED_EDGE('',*,*,#4661,.T.);
#8694=ORIENTED_EDGE('',*,*,#4658,.T.);
#8695=ORIENTED_EDGE('',*,*,#4655,.T.);
#8696=ORIENTED_EDGE('',*,*,#4652,.T.);
#8697=ORIENTED_EDGE('',*,*,#4649,.T.);
#8698=ORIENTED_EDGE('',*,*,#4646,.T.);
#8699=ORIENTED_EDGE('',*,*,#4643,.T.);
#8700=ORIENTED_EDGE('',*,*,#4640,.T.);
#8701=ORIENTED_EDGE('',*,*,#4637,.T.);
#8702=ORIENTED_EDGE('',*,*,#4634,.T.);
#8703=ORIENTED_EDGE('',*,*,#4631,.T.);
#8704=ORIENTED_EDGE('',*,*,#4628,.T.);
#8705=ORIENTED_EDGE('',*,*,#4625,.T.);
#8706=ORIENTED_EDGE('',*,*,#4622,.T.);
#8707=ORIENTED_EDGE('',*,*,#4619,.T.);
#8708=ORIENTED_EDGE('',*,*,#4616,.T.);
#8709=ORIENTED_EDGE('',*,*,#4613,.T.);
#8710=ORIENTED_EDGE('',*,*,#4546,.T.);
#8711=ORIENTED_EDGE('',*,*,#4580,.T.);
#8712=ORIENTED_EDGE('',*,*,#4577,.T.);
#8713=ORIENTED_EDGE('',*,*,#4574,.T.);
#8714=ORIENTED_EDGE('',*,*,#4571,.T.);
#8715=ORIENTED_EDGE('',*,*,#4568,.T.);
#8716=ORIENTED_EDGE('',*,*,#4565,.T.);
#8717=ORIENTED_EDGE('',*,*,#4562,.T.);
#8718=ORIENTED_EDGE('',*,*,#4559,.T.);
#8719=ORIENTED_EDGE('',*,*,#4556,.T.);
#8720=ORIENTED_EDGE('',*,*,#4553,.T.);
#8721=ORIENTED_EDGE('',*,*,#4550,.T.);
#8722=PLANE('',#9455);
#8723=PLANE('',#9456);
#8724=PLANE('',#9457);
#8725=PLANE('',#9458);
#8726=PLANE('',#9459);
#8727=PLANE('',#9460);
#8728=PLANE('',#9461);
#8729=PLANE('',#9462);
#8730=PLANE('',#9463);
#8731=PLANE('',#9464);
#8732=PLANE('',#9465);
#8733=PLANE('',#9466);
#8734=PLANE('',#9467);
#8735=PLANE('',#9468);
#8736=PLANE('',#9469);
#8737=PLANE('',#9470);
#8738=PLANE('',#9471);
#8739=PLANE('',#9472);
#8740=PLANE('',#9473);
#8741=PLANE('',#9474);
#8742=PLANE('',#9475);
#8743=PLANE('',#9476);
#8744=PLANE('',#9477);
#8745=PLANE('',#9478);
#8746=PLANE('',#9479);
#8747=PLANE('',#9480);
#8748=PLANE('',#9481);
#8749=PLANE('',#9482);
#8750=PLANE('',#9483);
#8751=PLANE('',#9484);
#8752=PLANE('',#9485);
#8753=PLANE('',#9486);
#8754=PLANE('',#9487);
#8755=PLANE('',#9488);
#8756=PLANE('',#9489);
#8757=PLANE('',#9490);
#8758=PLANE('',#9491);
#8759=PLANE('',#9492);
#8760=PLANE('',#9493);
#8761=PLANE('',#9494);
#8762=PLANE('',#9495);
#8763=PLANE('',#9496);
#8764=PLANE('',#9497);
#8765=PLANE('',#9498);
#8766=PLANE('',#9499);
#8767=PLANE('',#9500);
#8768=PLANE('',#9501);
#8769=PLANE('',#9502);
#8770=PLANE('',#9503);
#8771=PLANE('',#9504);
#8772=PLANE('',#9505);
#8773=PLANE('',#9506);
#8774=PLANE('',#9507);
#8775=PLANE('',#9508);
#8776=PLANE('',#9509);
#8777=PLANE('',#9510);
#8778=PLANE('',#9511);
#8779=PLANE('',#9512);
#8780=PLANE('',#9513);
#8781=PLANE('',#9514);
#8782=PLANE('',#9515);
#8783=PLANE('',#9516);
#8784=PLANE('',#9517);
#8785=PLANE('',#9518);
#8786=PLANE('',#9519);
#8787=PLANE('',#9520);
#8788=PLANE('',#9521);
#8789=PLANE('',#9522);
#8790=PLANE('',#9523);
#8791=PLANE('',#9524);
#8792=PLANE('',#9525);
#8793=PLANE('',#9526);
#8794=PLANE('',#9527);
#8795=PLANE('',#9528);
#8796=PLANE('',#9529);
#8797=PLANE('',#9530);
#8798=PLANE('',#9531);
#8799=PLANE('',#9532);
#8800=PLANE('',#9533);
#8801=PLANE('',#9534);
#8802=PLANE('',#9535);
#8803=PLANE('',#9536);
#8804=PLANE('',#9537);
#8805=PLANE('',#9538);
#8806=PLANE('',#9539);
#8807=PLANE('',#9540);
#8808=PLANE('',#9541);
#8809=PLANE('',#9542);
#8810=PLANE('',#9543);
#8811=PLANE('',#9544);
#8812=PLANE('',#9545);
#8813=PLANE('',#9546);
#8814=PLANE('',#9547);
#8815=PLANE('',#9548);
#8816=PLANE('',#9549);
#8817=PLANE('',#9550);
#8818=PLANE('',#9551);
#8819=PLANE('',#9552);
#8820=PLANE('',#9553);
#8821=PLANE('',#9554);
#8822=PLANE('',#9555);
#8823=PLANE('',#9556);
#8824=PLANE('',#9557);
#8825=PLANE('',#9558);
#8826=PLANE('',#9559);
#8827=PLANE('',#9560);
#8828=PLANE('',#9561);
#8829=PLANE('',#9562);
#8830=PLANE('',#9563);
#8831=PLANE('',#9564);
#8832=PLANE('',#9565);
#8833=PLANE('',#9566);
#8834=PLANE('',#9567);
#8835=PLANE('',#9568);
#8836=PLANE('',#9569);
#8837=PLANE('',#9570);
#8838=PLANE('',#9571);
#8839=PLANE('',#9572);
#8840=PLANE('',#9573);
#8841=PLANE('',#9574);
#8842=PLANE('',#9575);
#8843=PLANE('',#9576);
#8844=PLANE('',#9577);
#8845=PLANE('',#9578);
#8846=PLANE('',#9579);
#8847=PLANE('',#9596);
#8848=PLANE('',#9599);
#8849=PLANE('',#9608);
#8850=PLANE('',#9611);
#8851=PLANE('',#9616);
#8852=PLANE('',#9619);
#8853=PLANE('',#9620);
#8854=PLANE('',#9623);
#8855=PLANE('',#9624);
#8856=PLANE('',#9625);
#8857=PLANE('',#9628);
#8858=PLANE('',#9629);
#8859=PLANE('',#9632);
#8860=PLANE('',#9633);
#8861=PLANE('',#9634);
#8862=PLANE('',#9635);
#8863=PLANE('',#9636);
#8864=PLANE('',#9637);
#8865=PLANE('',#9638);
#8866=PLANE('',#9639);
#8867=PLANE('',#9640);
#8868=PLANE('',#9641);
#8869=PLANE('',#9642);
#8870=PLANE('',#9643);
#8871=PLANE('',#9644);
#8872=PLANE('',#9645);
#8873=PLANE('',#9646);
#8874=PLANE('',#9647);
#8875=PLANE('',#9648);
#8876=PLANE('',#9649);
#8877=PLANE('',#9650);
#8878=PLANE('',#9651);
#8879=PLANE('',#9652);
#8880=PLANE('',#9653);
#8881=PLANE('',#9654);
#8882=PLANE('',#9655);
#8883=PLANE('',#9656);
#8884=PLANE('',#9657);
#8885=PLANE('',#9658);
#8886=PLANE('',#9659);
#8887=PLANE('',#9660);
#8888=PLANE('',#9661);
#8889=PLANE('',#9662);
#8890=PLANE('',#9663);
#8891=PLANE('',#9664);
#8892=PLANE('',#9665);
#8893=PLANE('',#9666);
#8894=PLANE('',#9667);
#8895=PLANE('',#9668);
#8896=PLANE('',#9669);
#8897=PLANE('',#9670);
#8898=PLANE('',#9671);
#8899=PLANE('',#9672);
#8900=PLANE('',#9673);
#8901=PLANE('',#9674);
#8902=PLANE('',#9675);
#8903=PLANE('',#9676);
#8904=PLANE('',#9677);
#8905=PLANE('',#9678);
#8906=PLANE('',#9679);
#8907=PLANE('',#9680);
#8908=PLANE('',#9681);
#8909=PLANE('',#9682);
#8910=PLANE('',#9683);
#8911=PLANE('',#9684);
#8912=PLANE('',#9685);
#8913=PLANE('',#9686);
#8914=PLANE('',#9687);
#8915=PLANE('',#9688);
#8916=PLANE('',#9689);
#8917=PLANE('',#9690);
#8918=PLANE('',#9691);
#8919=PLANE('',#9692);
#8920=PLANE('',#9693);
#8921=PLANE('',#9694);
#8922=PLANE('',#9695);
#8923=PLANE('',#9696);
#8924=PLANE('',#9697);
#8925=PLANE('',#9698);
#8926=PLANE('',#9699);
#8927=PLANE('',#9700);
#8928=PLANE('',#9701);
#8929=PLANE('',#9702);
#8930=PLANE('',#9703);
#8931=PLANE('',#9704);
#8932=PLANE('',#9705);
#8933=PLANE('',#9706);
#8934=PLANE('',#9707);
#8935=PLANE('',#9708);
#8936=PLANE('',#9709);
#8937=PLANE('',#9710);
#8938=PLANE('',#9711);
#8939=PLANE('',#9712);
#8940=PLANE('',#9713);
#8941=PLANE('',#9714);
#8942=PLANE('',#9715);
#8943=PLANE('',#9716);
#8944=PLANE('',#9717);
#8945=PLANE('',#9718);
#8946=PLANE('',#9719);
#8947=PLANE('',#9720);
#8948=PLANE('',#9723);
#8949=PLANE('',#9724);
#8950=ADVANCED_FACE('',(#941),#8722,.F.);
#8951=ADVANCED_FACE('',(#942),#692,.F.);
#8952=ADVANCED_FACE('',(#943),#693,.F.);
#8953=ADVANCED_FACE('',(#944),#694,.F.);
#8954=ADVANCED_FACE('',(#945),#8723,.F.);
#8955=ADVANCED_FACE('',(#946),#695,.F.);
#8956=ADVANCED_FACE('',(#947),#696,.F.);
#8957=ADVANCED_FACE('',(#948),#697,.F.);
#8958=ADVANCED_FACE('',(#949),#8724,.F.);
#8959=ADVANCED_FACE('',(#950),#8725,.F.);
#8960=ADVANCED_FACE('',(#951),#8726,.F.);
#8961=ADVANCED_FACE('',(#952),#8727,.F.);
#8962=ADVANCED_FACE('',(#953),#8728,.T.);
#8963=ADVANCED_FACE('',(#954),#698,.F.);
#8964=ADVANCED_FACE('',(#955),#699,.F.);
#8965=ADVANCED_FACE('',(#956),#700,.F.);
#8966=ADVANCED_FACE('',(#957),#701,.F.);
#8967=ADVANCED_FACE('',(#958),#702,.F.);
#8968=ADVANCED_FACE('',(#959),#703,.F.);
#8969=ADVANCED_FACE('',(#960),#704,.F.);
#8970=ADVANCED_FACE('',(#961),#705,.F.);
#8971=ADVANCED_FACE('',(#962),#8729,.F.);
#8972=ADVANCED_FACE('',(#963),#706,.F.);
#8973=ADVANCED_FACE('',(#964),#707,.F.);
#8974=ADVANCED_FACE('',(#965),#708,.F.);
#8975=ADVANCED_FACE('',(#966),#709,.F.);
#8976=ADVANCED_FACE('',(#967),#710,.F.);
#8977=ADVANCED_FACE('',(#968),#711,.F.);
#8978=ADVANCED_FACE('',(#969),#712,.F.);
#8979=ADVANCED_FACE('',(#970),#713,.F.);
#8980=ADVANCED_FACE('',(#971),#714,.F.);
#8981=ADVANCED_FACE('',(#972),#715,.F.);
#8982=ADVANCED_FACE('',(#973),#716,.F.);
#8983=ADVANCED_FACE('',(#974),#717,.F.);
#8984=ADVANCED_FACE('',(#975),#8730,.F.);
#8985=ADVANCED_FACE('',(#976),#718,.F.);
#8986=ADVANCED_FACE('',(#977),#719,.F.);
#8987=ADVANCED_FACE('',(#978),#8731,.F.);
#8988=ADVANCED_FACE('',(#979),#720,.F.);
#8989=ADVANCED_FACE('',(#980),#721,.F.);
#8990=ADVANCED_FACE('',(#981),#722,.F.);
#8991=ADVANCED_FACE('',(#982),#723,.F.);
#8992=ADVANCED_FACE('',(#983),#724,.F.);
#8993=ADVANCED_FACE('',(#984),#725,.F.);
#8994=ADVANCED_FACE('',(#985),#726,.F.);
#8995=ADVANCED_FACE('',(#986),#727,.F.);
#8996=ADVANCED_FACE('',(#987),#8732,.F.);
#8997=ADVANCED_FACE('',(#988),#728,.F.);
#8998=ADVANCED_FACE('',(#989),#729,.F.);
#8999=ADVANCED_FACE('',(#990,#57),#8733,.T.);
#9000=ADVANCED_FACE('',(#991),#730,.F.);
#9001=ADVANCED_FACE('',(#992),#731,.F.);
#9002=ADVANCED_FACE('',(#993),#732,.F.);
#9003=ADVANCED_FACE('',(#994),#733,.F.);
#9004=ADVANCED_FACE('',(#995),#734,.F.);
#9005=ADVANCED_FACE('',(#996),#735,.F.);
#9006=ADVANCED_FACE('',(#997),#736,.F.);
#9007=ADVANCED_FACE('',(#998),#737,.F.);
#9008=ADVANCED_FACE('',(#999),#8734,.F.);
#9009=ADVANCED_FACE('',(#1000),#738,.F.);
#9010=ADVANCED_FACE('',(#1001),#739,.F.);
#9011=ADVANCED_FACE('',(#1002),#740,.F.);
#9012=ADVANCED_FACE('',(#1003),#741,.F.);
#9013=ADVANCED_FACE('',(#1004),#742,.F.);
#9014=ADVANCED_FACE('',(#1005),#743,.F.);
#9015=ADVANCED_FACE('',(#1006),#744,.F.);
#9016=ADVANCED_FACE('',(#1007),#745,.F.);
#9017=ADVANCED_FACE('',(#1008),#746,.F.);
#9018=ADVANCED_FACE('',(#1009),#747,.F.);
#9019=ADVANCED_FACE('',(#1010),#748,.F.);
#9020=ADVANCED_FACE('',(#1011),#749,.F.);
#9021=ADVANCED_FACE('',(#1012),#8735,.F.);
#9022=ADVANCED_FACE('',(#1013),#750,.F.);
#9023=ADVANCED_FACE('',(#1014),#751,.F.);
#9024=ADVANCED_FACE('',(#1015),#8736,.F.);
#9025=ADVANCED_FACE('',(#1016),#752,.F.);
#9026=ADVANCED_FACE('',(#1017),#753,.F.);
#9027=ADVANCED_FACE('',(#1018),#754,.F.);
#9028=ADVANCED_FACE('',(#1019),#755,.F.);
#9029=ADVANCED_FACE('',(#1020),#756,.F.);
#9030=ADVANCED_FACE('',(#1021),#757,.F.);
#9031=ADVANCED_FACE('',(#1022),#758,.F.);
#9032=ADVANCED_FACE('',(#1023),#759,.F.);
#9033=ADVANCED_FACE('',(#1024),#8737,.F.);
#9034=ADVANCED_FACE('',(#1025),#760,.F.);
#9035=ADVANCED_FACE('',(#1026),#761,.F.);
#9036=ADVANCED_FACE('',(#1027,#58),#8738,.T.);
#9037=ADVANCED_FACE('',(#1028),#8739,.T.);
#9038=ADVANCED_FACE('',(#1029),#8740,.T.);
#9039=ADVANCED_FACE('',(#1030),#762,.F.);
#9040=ADVANCED_FACE('',(#1031),#763,.F.);
#9041=ADVANCED_FACE('',(#1032),#764,.F.);
#9042=ADVANCED_FACE('',(#1033),#765,.F.);
#9043=ADVANCED_FACE('',(#1034),#766,.F.);
#9044=ADVANCED_FACE('',(#1035),#767,.F.);
#9045=ADVANCED_FACE('',(#1036),#768,.F.);
#9046=ADVANCED_FACE('',(#1037),#769,.F.);
#9047=ADVANCED_FACE('',(#1038),#770,.F.);
#9048=ADVANCED_FACE('',(#1039),#771,.F.);
#9049=ADVANCED_FACE('',(#1040),#772,.F.);
#9050=ADVANCED_FACE('',(#1041),#773,.F.);
#9051=ADVANCED_FACE('',(#1042),#774,.F.);
#9052=ADVANCED_FACE('',(#1043),#775,.F.);
#9053=ADVANCED_FACE('',(#1044),#776,.F.);
#9054=ADVANCED_FACE('',(#1045),#777,.F.);
#9055=ADVANCED_FACE('',(#1046,#59),#8741,.T.);
#9056=ADVANCED_FACE('',(#1047),#778,.F.);
#9057=ADVANCED_FACE('',(#1048),#779,.F.);
#9058=ADVANCED_FACE('',(#1049),#780,.F.);
#9059=ADVANCED_FACE('',(#1050),#781,.F.);
#9060=ADVANCED_FACE('',(#1051),#782,.F.);
#9061=ADVANCED_FACE('',(#1052),#783,.F.);
#9062=ADVANCED_FACE('',(#1053),#784,.F.);
#9063=ADVANCED_FACE('',(#1054),#785,.F.);
#9064=ADVANCED_FACE('',(#1055),#8742,.F.);
#9065=ADVANCED_FACE('',(#1056),#786,.F.);
#9066=ADVANCED_FACE('',(#1057),#787,.F.);
#9067=ADVANCED_FACE('',(#1058),#788,.F.);
#9068=ADVANCED_FACE('',(#1059),#789,.F.);
#9069=ADVANCED_FACE('',(#1060),#790,.F.);
#9070=ADVANCED_FACE('',(#1061),#791,.F.);
#9071=ADVANCED_FACE('',(#1062),#792,.F.);
#9072=ADVANCED_FACE('',(#1063),#793,.F.);
#9073=ADVANCED_FACE('',(#1064),#794,.F.);
#9074=ADVANCED_FACE('',(#1065),#795,.F.);
#9075=ADVANCED_FACE('',(#1066),#796,.F.);
#9076=ADVANCED_FACE('',(#1067),#797,.F.);
#9077=ADVANCED_FACE('',(#1068),#8743,.F.);
#9078=ADVANCED_FACE('',(#1069),#798,.F.);
#9079=ADVANCED_FACE('',(#1070),#799,.F.);
#9080=ADVANCED_FACE('',(#1071),#8744,.F.);
#9081=ADVANCED_FACE('',(#1072),#800,.F.);
#9082=ADVANCED_FACE('',(#1073),#801,.F.);
#9083=ADVANCED_FACE('',(#1074),#802,.F.);
#9084=ADVANCED_FACE('',(#1075),#803,.F.);
#9085=ADVANCED_FACE('',(#1076),#804,.F.);
#9086=ADVANCED_FACE('',(#1077),#805,.F.);
#9087=ADVANCED_FACE('',(#1078),#806,.F.);
#9088=ADVANCED_FACE('',(#1079),#807,.F.);
#9089=ADVANCED_FACE('',(#1080),#8745,.F.);
#9090=ADVANCED_FACE('',(#1081),#808,.F.);
#9091=ADVANCED_FACE('',(#1082),#809,.F.);
#9092=ADVANCED_FACE('',(#1083,#60),#8746,.T.);
#9093=ADVANCED_FACE('',(#1084),#8747,.F.);
#9094=ADVANCED_FACE('',(#1085),#810,.F.);
#9095=ADVANCED_FACE('',(#1086),#811,.F.);
#9096=ADVANCED_FACE('',(#1087),#812,.F.);
#9097=ADVANCED_FACE('',(#1088),#8748,.F.);
#9098=ADVANCED_FACE('',(#1089),#813,.F.);
#9099=ADVANCED_FACE('',(#1090),#814,.F.);
#9100=ADVANCED_FACE('',(#1091),#815,.F.);
#9101=ADVANCED_FACE('',(#1092),#8749,.F.);
#9102=ADVANCED_FACE('',(#1093),#8750,.F.);
#9103=ADVANCED_FACE('',(#1094),#8751,.F.);
#9104=ADVANCED_FACE('',(#1095),#8752,.F.);
#9105=ADVANCED_FACE('',(#1096),#8753,.T.);
#9106=ADVANCED_FACE('',(#1097),#816,.F.);
#9107=ADVANCED_FACE('',(#1098),#817,.F.);
#9108=ADVANCED_FACE('',(#1099),#818,.F.);
#9109=ADVANCED_FACE('',(#1100),#819,.F.);
#9110=ADVANCED_FACE('',(#1101),#820,.F.);
#9111=ADVANCED_FACE('',(#1102),#821,.F.);
#9112=ADVANCED_FACE('',(#1103),#822,.F.);
#9113=ADVANCED_FACE('',(#1104),#823,.F.);
#9114=ADVANCED_FACE('',(#1105),#824,.F.);
#9115=ADVANCED_FACE('',(#1106),#825,.F.);
#9116=ADVANCED_FACE('',(#1107),#826,.F.);
#9117=ADVANCED_FACE('',(#1108),#827,.F.);
#9118=ADVANCED_FACE('',(#1109),#828,.F.);
#9119=ADVANCED_FACE('',(#1110),#829,.F.);
#9120=ADVANCED_FACE('',(#1111),#830,.F.);
#9121=ADVANCED_FACE('',(#1112),#8754,.F.);
#9122=ADVANCED_FACE('',(#1113),#831,.F.);
#9123=ADVANCED_FACE('',(#1114),#832,.F.);
#9124=ADVANCED_FACE('',(#1115),#833,.F.);
#9125=ADVANCED_FACE('',(#1116),#834,.F.);
#9126=ADVANCED_FACE('',(#1117),#8755,.F.);
#9127=ADVANCED_FACE('',(#1118),#835,.F.);
#9128=ADVANCED_FACE('',(#1119),#836,.F.);
#9129=ADVANCED_FACE('',(#1120),#837,.F.);
#9130=ADVANCED_FACE('',(#1121),#838,.F.);
#9131=ADVANCED_FACE('',(#1122),#839,.F.);
#9132=ADVANCED_FACE('',(#1123),#840,.F.);
#9133=ADVANCED_FACE('',(#1124),#841,.F.);
#9134=ADVANCED_FACE('',(#1125),#8756,.F.);
#9135=ADVANCED_FACE('',(#1126),#8757,.F.);
#9136=ADVANCED_FACE('',(#1127),#8758,.F.);
#9137=ADVANCED_FACE('',(#1128),#8759,.F.);
#9138=ADVANCED_FACE('',(#1129),#842,.F.);
#9139=ADVANCED_FACE('',(#1130,#61),#8760,.T.);
#9140=ADVANCED_FACE('',(#1131),#843,.F.);
#9141=ADVANCED_FACE('',(#1132),#844,.F.);
#9142=ADVANCED_FACE('',(#1133),#845,.F.);
#9143=ADVANCED_FACE('',(#1134),#846,.F.);
#9144=ADVANCED_FACE('',(#1135),#8761,.F.);
#9145=ADVANCED_FACE('',(#1136),#847,.F.);
#9146=ADVANCED_FACE('',(#1137),#848,.F.);
#9147=ADVANCED_FACE('',(#1138),#849,.F.);
#9148=ADVANCED_FACE('',(#1139),#850,.F.);
#9149=ADVANCED_FACE('',(#1140),#851,.F.);
#9150=ADVANCED_FACE('',(#1141),#852,.F.);
#9151=ADVANCED_FACE('',(#1142),#853,.F.);
#9152=ADVANCED_FACE('',(#1143),#854,.F.);
#9153=ADVANCED_FACE('',(#1144),#855,.F.);
#9154=ADVANCED_FACE('',(#1145),#8762,.F.);
#9155=ADVANCED_FACE('',(#1146),#856,.F.);
#9156=ADVANCED_FACE('',(#1147),#857,.F.);
#9157=ADVANCED_FACE('',(#1148),#858,.F.);
#9158=ADVANCED_FACE('',(#1149),#859,.F.);
#9159=ADVANCED_FACE('',(#1150),#8763,.F.);
#9160=ADVANCED_FACE('',(#1151),#8764,.F.);
#9161=ADVANCED_FACE('',(#1152),#860,.F.);
#9162=ADVANCED_FACE('',(#1153,#62),#8765,.T.);
#9163=ADVANCED_FACE('',(#1154),#8766,.T.);
#9164=ADVANCED_FACE('',(#1155),#8767,.T.);
#9165=ADVANCED_FACE('',(#1156),#8768,.T.);
#9166=ADVANCED_FACE('',(#1157),#8769,.T.);
#9167=ADVANCED_FACE('',(#1158),#861,.F.);
#9168=ADVANCED_FACE('',(#1159),#862,.F.);
#9169=ADVANCED_FACE('',(#1160),#863,.F.);
#9170=ADVANCED_FACE('',(#1161),#864,.F.);
#9171=ADVANCED_FACE('',(#1162),#865,.F.);
#9172=ADVANCED_FACE('',(#1163),#866,.F.);
#9173=ADVANCED_FACE('',(#1164),#867,.F.);
#9174=ADVANCED_FACE('',(#1165),#868,.F.);
#9175=ADVANCED_FACE('',(#1166),#869,.F.);
#9176=ADVANCED_FACE('',(#1167),#870,.F.);
#9177=ADVANCED_FACE('',(#1168),#871,.F.);
#9178=ADVANCED_FACE('',(#1169),#872,.F.);
#9179=ADVANCED_FACE('',(#1170),#8770,.F.);
#9180=ADVANCED_FACE('',(#1171),#873,.F.);
#9181=ADVANCED_FACE('',(#1172),#874,.F.);
#9182=ADVANCED_FACE('',(#1173),#875,.F.);
#9183=ADVANCED_FACE('',(#1174),#876,.F.);
#9184=ADVANCED_FACE('',(#1175),#877,.F.);
#9185=ADVANCED_FACE('',(#1176),#878,.F.);
#9186=ADVANCED_FACE('',(#1177),#879,.F.);
#9187=ADVANCED_FACE('',(#1178),#880,.F.);
#9188=ADVANCED_FACE('',(#1179),#881,.F.);
#9189=ADVANCED_FACE('',(#1180),#882,.F.);
#9190=ADVANCED_FACE('',(#1181),#883,.F.);
#9191=ADVANCED_FACE('',(#1182),#884,.F.);
#9192=ADVANCED_FACE('',(#1183),#885,.F.);
#9193=ADVANCED_FACE('',(#1184),#8771,.F.);
#9194=ADVANCED_FACE('',(#1185),#886,.F.);
#9195=ADVANCED_FACE('',(#1186),#887,.F.);
#9196=ADVANCED_FACE('',(#1187),#8772,.T.);
#9197=ADVANCED_FACE('',(#1188),#8773,.F.);
#9198=ADVANCED_FACE('',(#1189),#8774,.F.);
#9199=ADVANCED_FACE('',(#1190),#8775,.F.);
#9200=ADVANCED_FACE('',(#1191),#8776,.F.);
#9201=ADVANCED_FACE('',(#1192),#8777,.T.);
#9202=ADVANCED_FACE('',(#1193),#888,.T.);
#9203=ADVANCED_FACE('',(#1194),#889,.T.);
#9204=ADVANCED_FACE('',(#1195),#890,.T.);
#9205=ADVANCED_FACE('',(#1196),#891,.T.);
#9206=ADVANCED_FACE('',(#1197),#892,.T.);
#9207=ADVANCED_FACE('',(#1198),#893,.T.);
#9208=ADVANCED_FACE('',(#1199),#894,.T.);
#9209=ADVANCED_FACE('',(#1200),#895,.T.);
#9210=ADVANCED_FACE('',(#1201),#896,.F.);
#9211=ADVANCED_FACE('',(#1202),#897,.F.);
#9212=ADVANCED_FACE('',(#1203),#898,.F.);
#9213=ADVANCED_FACE('',(#1204),#899,.F.);
#9214=ADVANCED_FACE('',(#1205),#900,.F.);
#9215=ADVANCED_FACE('',(#1206),#901,.F.);
#9216=ADVANCED_FACE('',(#1207),#902,.F.);
#9217=ADVANCED_FACE('',(#1208),#903,.F.);
#9218=ADVANCED_FACE('',(#1209),#8778,.F.);
#9219=ADVANCED_FACE('',(#1210),#8779,.F.);
#9220=ADVANCED_FACE('',(#1211),#8780,.F.);
#9221=ADVANCED_FACE('',(#1212),#8781,.F.);
#9222=ADVANCED_FACE('',(#1213),#8782,.F.);
#9223=ADVANCED_FACE('',(#1214,#63),#8783,.T.);
#9224=ADVANCED_FACE('',(#1215),#904,.F.);
#9225=ADVANCED_FACE('',(#1216),#905,.F.);
#9226=ADVANCED_FACE('',(#1217),#906,.F.);
#9227=ADVANCED_FACE('',(#1218),#907,.F.);
#9228=ADVANCED_FACE('',(#1219),#908,.F.);
#9229=ADVANCED_FACE('',(#1220),#909,.F.);
#9230=ADVANCED_FACE('',(#1221),#8784,.F.);
#9231=ADVANCED_FACE('',(#1222),#910,.F.);
#9232=ADVANCED_FACE('',(#1223),#911,.F.);
#9233=ADVANCED_FACE('',(#1224),#912,.F.);
#9234=ADVANCED_FACE('',(#1225),#913,.F.);
#9235=ADVANCED_FACE('',(#1226),#914,.F.);
#9236=ADVANCED_FACE('',(#1227),#915,.F.);
#9237=ADVANCED_FACE('',(#1228),#916,.F.);
#9238=ADVANCED_FACE('',(#1229),#917,.F.);
#9239=ADVANCED_FACE('',(#1230),#918,.F.);
#9240=ADVANCED_FACE('',(#1231),#919,.F.);
#9241=ADVANCED_FACE('',(#1232),#920,.F.);
#9242=ADVANCED_FACE('',(#1233),#921,.F.);
#9243=ADVANCED_FACE('',(#1234),#922,.F.);
#9244=ADVANCED_FACE('',(#1235),#8785,.F.);
#9245=ADVANCED_FACE('',(#1236),#923,.F.);
#9246=ADVANCED_FACE('',(#1237),#924,.F.);
#9247=ADVANCED_FACE('',(#1238),#8786,.T.);
#9248=ADVANCED_FACE('',(#1239),#8787,.F.);
#9249=ADVANCED_FACE('',(#1240),#925,.F.);
#9250=ADVANCED_FACE('',(#1241),#926,.F.);
#9251=ADVANCED_FACE('',(#1242),#927,.F.);
#9252=ADVANCED_FACE('',(#1243),#928,.F.);
#9253=ADVANCED_FACE('',(#1244),#8788,.F.);
#9254=ADVANCED_FACE('',(#1245),#8789,.F.);
#9255=ADVANCED_FACE('',(#1246),#8790,.F.);
#9256=ADVANCED_FACE('',(#1247),#929,.F.);
#9257=ADVANCED_FACE('',(#1248),#930,.F.);
#9258=ADVANCED_FACE('',(#1249),#931,.F.);
#9259=ADVANCED_FACE('',(#1250),#932,.F.);
#9260=ADVANCED_FACE('',(#1251),#8791,.F.);
#9261=ADVANCED_FACE('',(#1252),#8792,.F.);
#9262=ADVANCED_FACE('',(#1253),#8793,.F.);
#9263=ADVANCED_FACE('',(#1254),#8794,.F.);
#9264=ADVANCED_FACE('',(#1255),#8795,.T.);
#9265=ADVANCED_FACE('',(#1256),#8796,.T.);
#9266=ADVANCED_FACE('',(#1257),#8797,.T.);
#9267=ADVANCED_FACE('',(#1258),#8798,.T.);
#9268=ADVANCED_FACE('',(#1259),#8799,.F.);
#9269=ADVANCED_FACE('',(#1260),#8800,.F.);
#9270=ADVANCED_FACE('',(#1261),#8801,.F.);
#9271=ADVANCED_FACE('',(#1262),#8802,.F.);
#9272=ADVANCED_FACE('',(#1263),#8803,.F.);
#9273=ADVANCED_FACE('',(#1264),#8804,.F.);
#9274=ADVANCED_FACE('',(#1265),#8805,.F.);
#9275=ADVANCED_FACE('',(#1266),#8806,.F.);
#9276=ADVANCED_FACE('',(#1267,#64),#8807,.T.);
#9277=ADVANCED_FACE('',(#1268),#8808,.F.);
#9278=ADVANCED_FACE('',(#1269),#8809,.F.);
#9279=ADVANCED_FACE('',(#1270),#8810,.F.);
#9280=ADVANCED_FACE('',(#1271),#8811,.F.);
#9281=ADVANCED_FACE('',(#1272),#8812,.T.);
#9282=ADVANCED_FACE('',(#1273),#8813,.F.);
#9283=ADVANCED_FACE('',(#1274),#933,.F.);
#9284=ADVANCED_FACE('',(#1275),#934,.F.);
#9285=ADVANCED_FACE('',(#1276),#935,.F.);
#9286=ADVANCED_FACE('',(#1277),#936,.F.);
#9287=ADVANCED_FACE('',(#1278),#8814,.F.);
#9288=ADVANCED_FACE('',(#1279),#8815,.F.);
#9289=ADVANCED_FACE('',(#1280),#8816,.F.);
#9290=ADVANCED_FACE('',(#1281),#937,.F.);
#9291=ADVANCED_FACE('',(#1282),#938,.F.);
#9292=ADVANCED_FACE('',(#1283),#939,.F.);
#9293=ADVANCED_FACE('',(#1284),#940,.F.);
#9294=ADVANCED_FACE('',(#1285),#8817,.F.);
#9295=ADVANCED_FACE('',(#1286),#8818,.F.);
#9296=ADVANCED_FACE('',(#1287),#8819,.F.);
#9297=ADVANCED_FACE('',(#1288),#8820,.F.);
#9298=ADVANCED_FACE('',(#1289),#8821,.T.);
#9299=ADVANCED_FACE('',(#1290),#8822,.T.);
#9300=ADVANCED_FACE('',(#1291),#8823,.T.);
#9301=ADVANCED_FACE('',(#1292),#8824,.F.);
#9302=ADVANCED_FACE('',(#1293),#8825,.F.);
#9303=ADVANCED_FACE('',(#1294),#8826,.F.);
#9304=ADVANCED_FACE('',(#1295),#8827,.F.);
#9305=ADVANCED_FACE('',(#1296),#8828,.F.);
#9306=ADVANCED_FACE('',(#1297),#8829,.F.);
#9307=ADVANCED_FACE('',(#1298),#8830,.F.);
#9308=ADVANCED_FACE('',(#1299),#8831,.F.);
#9309=ADVANCED_FACE('',(#1300),#8832,.F.);
#9310=ADVANCED_FACE('',(#1301),#8833,.F.);
#9311=ADVANCED_FACE('',(#1302),#8834,.F.);
#9312=ADVANCED_FACE('',(#1303),#8835,.F.);
#9313=ADVANCED_FACE('',(#1304),#8836,.F.);
#9314=ADVANCED_FACE('',(#1305),#8837,.F.);
#9315=ADVANCED_FACE('',(#1306),#8838,.F.);
#9316=ADVANCED_FACE('',(#1307),#8839,.F.);
#9317=ADVANCED_FACE('',(#1308),#8840,.F.);
#9318=ADVANCED_FACE('',(#1309),#8841,.F.);
#9319=ADVANCED_FACE('',(#1310),#8842,.F.);
#9320=ADVANCED_FACE('',(#1311),#8843,.F.);
#9321=ADVANCED_FACE('',(#1312),#8844,.F.);
#9322=ADVANCED_FACE('',(#1313),#8845,.T.);
#9323=ADVANCED_FACE('',(#1314,#65,#66,#67,#68,#69,#70,#71,#72,#73,#74,#75,
#76,#77,#78,#79,#80,#81,#82,#83,#84,#85,#86,#87,#88,#89,#90,#91,#92),#8846,
 .F.);
#9324=ADVANCED_FACE('',(#1315),#15,.F.);
#9325=ADVANCED_FACE('',(#1316),#8847,.T.);
#9326=ADVANCED_FACE('',(#1317),#16,.F.);
#9327=ADVANCED_FACE('',(#1318),#8848,.T.);
#9328=ADVANCED_FACE('',(#1319),#17,.F.);
#9329=ADVANCED_FACE('',(#1320),#18,.F.);
#9330=ADVANCED_FACE('',(#1321),#19,.F.);
#9331=ADVANCED_FACE('',(#1322),#20,.F.);
#9332=ADVANCED_FACE('',(#1323),#8849,.T.);
#9333=ADVANCED_FACE('',(#1324),#21,.T.);
#9334=ADVANCED_FACE('',(#1325),#8850,.T.);
#9335=ADVANCED_FACE('',(#1326),#22,.T.);
#9336=ADVANCED_FACE('',(#1327),#23,.T.);
#9337=ADVANCED_FACE('',(#1328),#8851,.T.);
#9338=ADVANCED_FACE('',(#1329),#24,.T.);
#9339=ADVANCED_FACE('',(#1330),#8852,.T.);
#9340=ADVANCED_FACE('',(#1331),#8853,.T.);
#9341=ADVANCED_FACE('',(#1332),#25,.T.);
#9342=ADVANCED_FACE('',(#1333),#8854,.T.);
#9343=ADVANCED_FACE('',(#1334),#8855,.T.);
#9344=ADVANCED_FACE('',(#1335),#8856,.T.);
#9345=ADVANCED_FACE('',(#1336),#26,.T.);
#9346=ADVANCED_FACE('',(#1337),#8857,.T.);
#9347=ADVANCED_FACE('',(#1338),#8858,.T.);
#9348=ADVANCED_FACE('',(#1339),#27,.T.);
#9349=ADVANCED_FACE('',(#1340),#8859,.F.);
#9350=ADVANCED_FACE('',(#1341),#8860,.F.);
#9351=ADVANCED_FACE('',(#1342),#8861,.F.);
#9352=ADVANCED_FACE('',(#1343),#8862,.F.);
#9353=ADVANCED_FACE('',(#1344),#8863,.F.);
#9354=ADVANCED_FACE('',(#1345),#8864,.F.);
#9355=ADVANCED_FACE('',(#1346),#8865,.F.);
#9356=ADVANCED_FACE('',(#1347),#8866,.F.);
#9357=ADVANCED_FACE('',(#1348),#8867,.F.);
#9358=ADVANCED_FACE('',(#1349),#8868,.F.);
#9359=ADVANCED_FACE('',(#1350),#8869,.F.);
#9360=ADVANCED_FACE('',(#1351),#8870,.F.);
#9361=ADVANCED_FACE('',(#1352),#8871,.F.);
#9362=ADVANCED_FACE('',(#1353),#8872,.F.);
#9363=ADVANCED_FACE('',(#1354),#8873,.F.);
#9364=ADVANCED_FACE('',(#1355),#8874,.F.);
#9365=ADVANCED_FACE('',(#1356),#8875,.F.);
#9366=ADVANCED_FACE('',(#1357),#8876,.F.);
#9367=ADVANCED_FACE('',(#1358),#8877,.F.);
#9368=ADVANCED_FACE('',(#1359),#8878,.F.);
#9369=ADVANCED_FACE('',(#1360),#8879,.F.);
#9370=ADVANCED_FACE('',(#1361),#8880,.F.);
#9371=ADVANCED_FACE('',(#1362),#8881,.F.);
#9372=ADVANCED_FACE('',(#1363),#8882,.F.);
#9373=ADVANCED_FACE('',(#1364),#8883,.F.);
#9374=ADVANCED_FACE('',(#1365),#8884,.F.);
#9375=ADVANCED_FACE('',(#1366),#8885,.F.);
#9376=ADVANCED_FACE('',(#1367),#8886,.F.);
#9377=ADVANCED_FACE('',(#1368),#8887,.F.);
#9378=ADVANCED_FACE('',(#1369),#8888,.F.);
#9379=ADVANCED_FACE('',(#1370),#8889,.F.);
#9380=ADVANCED_FACE('',(#1371),#8890,.F.);
#9381=ADVANCED_FACE('',(#1372),#8891,.F.);
#9382=ADVANCED_FACE('',(#1373),#8892,.F.);
#9383=ADVANCED_FACE('',(#1374),#8893,.F.);
#9384=ADVANCED_FACE('',(#1375),#8894,.F.);
#9385=ADVANCED_FACE('',(#1376),#8895,.F.);
#9386=ADVANCED_FACE('',(#1377),#8896,.F.);
#9387=ADVANCED_FACE('',(#1378),#8897,.F.);
#9388=ADVANCED_FACE('',(#1379),#8898,.F.);
#9389=ADVANCED_FACE('',(#1380),#8899,.F.);
#9390=ADVANCED_FACE('',(#1381),#8900,.F.);
#9391=ADVANCED_FACE('',(#1382),#8901,.F.);
#9392=ADVANCED_FACE('',(#1383),#8902,.F.);
#9393=ADVANCED_FACE('',(#1384),#8903,.F.);
#9394=ADVANCED_FACE('',(#1385),#8904,.F.);
#9395=ADVANCED_FACE('',(#1386),#8905,.F.);
#9396=ADVANCED_FACE('',(#1387),#8906,.F.);
#9397=ADVANCED_FACE('',(#1388),#8907,.F.);
#9398=ADVANCED_FACE('',(#1389),#8908,.F.);
#9399=ADVANCED_FACE('',(#1390),#8909,.F.);
#9400=ADVANCED_FACE('',(#1391),#8910,.F.);
#9401=ADVANCED_FACE('',(#1392),#8911,.F.);
#9402=ADVANCED_FACE('',(#1393),#8912,.F.);
#9403=ADVANCED_FACE('',(#1394),#8913,.F.);
#9404=ADVANCED_FACE('',(#1395),#8914,.F.);
#9405=ADVANCED_FACE('',(#1396),#8915,.F.);
#9406=ADVANCED_FACE('',(#1397),#8916,.F.);
#9407=ADVANCED_FACE('',(#1398),#8917,.F.);
#9408=ADVANCED_FACE('',(#1399),#8918,.F.);
#9409=ADVANCED_FACE('',(#1400),#8919,.F.);
#9410=ADVANCED_FACE('',(#1401),#8920,.F.);
#9411=ADVANCED_FACE('',(#1402),#8921,.F.);
#9412=ADVANCED_FACE('',(#1403),#8922,.F.);
#9413=ADVANCED_FACE('',(#1404),#8923,.F.);
#9414=ADVANCED_FACE('',(#1405),#8924,.F.);
#9415=ADVANCED_FACE('',(#1406),#8925,.F.);
#9416=ADVANCED_FACE('',(#1407),#8926,.F.);
#9417=ADVANCED_FACE('',(#1408),#8927,.F.);
#9418=ADVANCED_FACE('',(#1409),#8928,.F.);
#9419=ADVANCED_FACE('',(#1410),#8929,.F.);
#9420=ADVANCED_FACE('',(#1411),#8930,.F.);
#9421=ADVANCED_FACE('',(#1412),#8931,.F.);
#9422=ADVANCED_FACE('',(#1413),#8932,.F.);
#9423=ADVANCED_FACE('',(#1414),#8933,.F.);
#9424=ADVANCED_FACE('',(#1415),#8934,.F.);
#9425=ADVANCED_FACE('',(#1416),#8935,.F.);
#9426=ADVANCED_FACE('',(#1417),#8936,.F.);
#9427=ADVANCED_FACE('',(#1418),#8937,.F.);
#9428=ADVANCED_FACE('',(#1419),#8938,.F.);
#9429=ADVANCED_FACE('',(#1420),#8939,.F.);
#9430=ADVANCED_FACE('',(#1421),#8940,.F.);
#9431=ADVANCED_FACE('',(#1422),#8941,.F.);
#9432=ADVANCED_FACE('',(#1423),#8942,.F.);
#9433=ADVANCED_FACE('',(#1424),#8943,.F.);
#9434=ADVANCED_FACE('',(#1425),#8944,.F.);
#9435=ADVANCED_FACE('',(#1426),#8945,.F.);
#9436=ADVANCED_FACE('',(#1427),#8946,.F.);
#9437=ADVANCED_FACE('',(#1428),#8947,.T.);
#9438=ADVANCED_FACE('',(#1429),#28,.T.);
#9439=ADVANCED_FACE('',(#1430),#8948,.T.);
#9440=ADVANCED_FACE('',(#1431,#93,#94,#95,#96,#97,#98,#99,#100,#101,#102,
#103,#104,#105,#106,#107,#108,#109,#110,#111,#112,#113,#114,#115,#116,#117,
#118,#119,#120,#121,#122,#123,#124,#125,#126,#127,#128,#129,#130,#131,#132,
#133,#134,#135),#8949,.T.);
#9441=CLOSED_SHELL('',(#8950,#8951,#8952,#8953,#8954,#8955,#8956,#8957,
#8958,#8959,#8960,#8961,#8962,#8963,#8964,#8965,#8966,#8967,#8968,#8969,
#8970,#8971,#8972,#8973,#8974,#8975,#8976,#8977,#8978,#8979,#8980,#8981,
#8982,#8983,#8984,#8985,#8986,#8987,#8988,#8989,#8990,#8991,#8992,#8993,
#8994,#8995,#8996,#8997,#8998,#8999,#9000,#9001,#9002,#9003,#9004,#9005,
#9006,#9007,#9008,#9009,#9010,#9011,#9012,#9013,#9014,#9015,#9016,#9017,
#9018,#9019,#9020,#9021,#9022,#9023,#9024,#9025,#9026,#9027,#9028,#9029,
#9030,#9031,#9032,#9033,#9034,#9035,#9036,#9037,#9038,#9039,#9040,#9041,
#9042,#9043,#9044,#9045,#9046,#9047,#9048,#9049,#9050,#9051,#9052,#9053,
#9054,#9055,#9056,#9057,#9058,#9059,#9060,#9061,#9062,#9063,#9064,#9065,
#9066,#9067,#9068,#9069,#9070,#9071,#9072,#9073,#9074,#9075,#9076,#9077,
#9078,#9079,#9080,#9081,#9082,#9083,#9084,#9085,#9086,#9087,#9088,#9089,
#9090,#9091,#9092,#9093,#9094,#9095,#9096,#9097,#9098,#9099,#9100,#9101,
#9102,#9103,#9104,#9105,#9106,#9107,#9108,#9109,#9110,#9111,#9112,#9113,
#9114,#9115,#9116,#9117,#9118,#9119,#9120,#9121,#9122,#9123,#9124,#9125,
#9126,#9127,#9128,#9129,#9130,#9131,#9132,#9133,#9134,#9135,#9136,#9137,
#9138,#9139,#9140,#9141,#9142,#9143,#9144,#9145,#9146,#9147,#9148,#9149,
#9150,#9151,#9152,#9153,#9154,#9155,#9156,#9157,#9158,#9159,#9160,#9161,
#9162,#9163,#9164,#9165,#9166,#9167,#9168,#9169,#9170,#9171,#9172,#9173,
#9174,#9175,#9176,#9177,#9178,#9179,#9180,#9181,#9182,#9183,#9184,#9185,
#9186,#9187,#9188,#9189,#9190,#9191,#9192,#9193,#9194,#9195,#9196,#9197,
#9198,#9199,#9200,#9201,#9202,#9203,#9204,#9205,#9206,#9207,#9208,#9209,
#9210,#9211,#9212,#9213,#9214,#9215,#9216,#9217,#9218,#9219,#9220,#9221,
#9222,#9223,#9224,#9225,#9226,#9227,#9228,#9229,#9230,#9231,#9232,#9233,
#9234,#9235,#9236,#9237,#9238,#9239,#9240,#9241,#9242,#9243,#9244,#9245,
#9246,#9247,#9248,#9249,#9250,#9251,#9252,#9253,#9254,#9255,#9256,#9257,
#9258,#9259,#9260,#9261,#9262,#9263,#9264,#9265,#9266,#9267,#9268,#9269,
#9270,#9271,#9272,#9273,#9274,#9275,#9276,#9277,#9278,#9279,#9280,#9281,
#9282,#9283,#9284,#9285,#9286,#9287,#9288,#9289,#9290,#9291,#9292,#9293,
#9294,#9295,#9296,#9297,#9298,#9299,#9300,#9301,#9302,#9303,#9304,#9305,
#9306,#9307,#9308,#9309,#9310,#9311,#9312,#9313,#9314,#9315,#9316,#9317,
#9318,#9319,#9320,#9321,#9322,#9323,#9324,#9325,#9326,#9327,#9328,#9329,
#9330,#9331,#9332,#9333,#9334,#9335,#9336,#9337,#9338,#9339,#9340,#9341,
#9342,#9343,#9344,#9345,#9346,#9347,#9348,#9349,#9350,#9351,#9352,#9353,
#9354,#9355,#9356,#9357,#9358,#9359,#9360,#9361,#9362,#9363,#9364,#9365,
#9366,#9367,#9368,#9369,#9370,#9371,#9372,#9373,#9374,#9375,#9376,#9377,
#9378,#9379,#9380,#9381,#9382,#9383,#9384,#9385,#9386,#9387,#9388,#9389,
#9390,#9391,#9392,#9393,#9394,#9395,#9396,#9397,#9398,#9399,#9400,#9401,
#9402,#9403,#9404,#9405,#9406,#9407,#9408,#9409,#9410,#9411,#9412,#9413,
#9414,#9415,#9416,#9417,#9418,#9419,#9420,#9421,#9422,#9423,#9424,#9425,
#9426,#9427,#9428,#9429,#9430,#9431,#9432,#9433,#9434,#9435,#9436,#9437,
#9438,#9439,#9440));
#9442=DERIVED_UNIT_ELEMENT(#9444,1.);
#9443=DERIVED_UNIT_ELEMENT(#17000,-3.);
#9444=(
MASS_UNIT()
NAMED_UNIT(*)
SI_UNIT(.KILO.,.GRAM.)
);
#9445=DERIVED_UNIT((#9442,#9443));
#9446=MEASURE_REPRESENTATION_ITEM('density measure',
POSITIVE_RATIO_MEASURE(7850.),#9445);
#9447=PROPERTY_DEFINITION_REPRESENTATION(#9452,#9449);
#9448=PROPERTY_DEFINITION_REPRESENTATION(#9453,#9450);
#9449=REPRESENTATION('material name',(#9451),#16997);
#9450=REPRESENTATION('density',(#9446),#16997);
#9451=DESCRIPTIVE_REPRESENTATION_ITEM('Steel','Steel');
#9452=PROPERTY_DEFINITION('material property','material name',#17007);
#9453=PROPERTY_DEFINITION('material property','density of part',#17007);
#9454=AXIS2_PLACEMENT_3D('',#11075,#9725,#9726);
#9455=AXIS2_PLACEMENT_3D('',#11076,#9727,#9728);
#9456=AXIS2_PLACEMENT_3D('',#11130,#9736,#9737);
#9457=AXIS2_PLACEMENT_3D('',#11181,#9744,#9745);
#9458=AXIS2_PLACEMENT_3D('',#11187,#9749,#9750);
#9459=AXIS2_PLACEMENT_3D('',#11193,#9754,#9755);
#9460=AXIS2_PLACEMENT_3D('',#11199,#9759,#9760);
#9461=AXIS2_PLACEMENT_3D('',#11202,#9763,#9764);
#9462=AXIS2_PLACEMENT_3D('',#11326,#9774,#9775);
#9463=AXIS2_PLACEMENT_3D('',#11512,#9791,#9792);
#9464=AXIS2_PLACEMENT_3D('',#11548,#9798,#9799);
#9465=AXIS2_PLACEMENT_3D('',#11674,#9811,#9812);
#9466=AXIS2_PLACEMENT_3D('',#11707,#9817,#9818);
#9467=AXIS2_PLACEMENT_3D('',#11831,#9828,#9829);
#9468=AXIS2_PLACEMENT_3D('',#12017,#9845,#9846);
#9469=AXIS2_PLACEMENT_3D('',#12053,#9852,#9853);
#9470=AXIS2_PLACEMENT_3D('',#12179,#9865,#9866);
#9471=AXIS2_PLACEMENT_3D('',#12212,#9871,#9872);
#9472=AXIS2_PLACEMENT_3D('',#12213,#9873,#9874);
#9473=AXIS2_PLACEMENT_3D('',#12214,#9875,#9876);
#9474=AXIS2_PLACEMENT_3D('',#12455,#9893,#9894);
#9475=AXIS2_PLACEMENT_3D('',#12579,#9904,#9905);
#9476=AXIS2_PLACEMENT_3D('',#12765,#9921,#9922);
#9477=AXIS2_PLACEMENT_3D('',#12801,#9928,#9929);
#9478=AXIS2_PLACEMENT_3D('',#12927,#9941,#9942);
#9479=AXIS2_PLACEMENT_3D('',#12960,#9947,#9948);
#9480=AXIS2_PLACEMENT_3D('',#12961,#9949,#9950);
#9481=AXIS2_PLACEMENT_3D('',#13015,#9958,#9959);
#9482=AXIS2_PLACEMENT_3D('',#13066,#9966,#9967);
#9483=AXIS2_PLACEMENT_3D('',#13072,#9971,#9972);
#9484=AXIS2_PLACEMENT_3D('',#13078,#9976,#9977);
#9485=AXIS2_PLACEMENT_3D('',#13084,#9981,#9982);
#9486=AXIS2_PLACEMENT_3D('',#13087,#9985,#9986);
#9487=AXIS2_PLACEMENT_3D('',#13316,#10003,#10004);
#9488=AXIS2_PLACEMENT_3D('',#13382,#10012,#10013);
#9489=AXIS2_PLACEMENT_3D('',#13493,#10024,#10025);
#9490=AXIS2_PLACEMENT_3D('',#13499,#10029,#10030);
#9491=AXIS2_PLACEMENT_3D('',#13505,#10034,#10035);
#9492=AXIS2_PLACEMENT_3D('',#13511,#10039,#10040);
#9493=AXIS2_PLACEMENT_3D('',#13529,#10044,#10045);
#9494=AXIS2_PLACEMENT_3D('',#13593,#10051,#10052);
#9495=AXIS2_PLACEMENT_3D('',#13734,#10065,#10066);
#9496=AXIS2_PLACEMENT_3D('',#13800,#10074,#10075);
#9497=AXIS2_PLACEMENT_3D('',#13806,#10079,#10080);
#9498=AXIS2_PLACEMENT_3D('',#13824,#10084,#10085);
#9499=AXIS2_PLACEMENT_3D('',#13825,#10086,#10087);
#9500=AXIS2_PLACEMENT_3D('',#13826,#10088,#10089);
#9501=AXIS2_PLACEMENT_3D('',#13827,#10090,#10091);
#9502=AXIS2_PLACEMENT_3D('',#13828,#10092,#10093);
#9503=AXIS2_PLACEMENT_3D('',#14012,#10107,#10108);
#9504=AXIS2_PLACEMENT_3D('',#14213,#10125,#10126);
#9505=AXIS2_PLACEMENT_3D('',#14246,#10131,#10132);
#9506=AXIS2_PLACEMENT_3D('',#14247,#10133,#10134);
#9507=AXIS2_PLACEMENT_3D('',#14256,#10139,#10140);
#9508=AXIS2_PLACEMENT_3D('',#14262,#10144,#10145);
#9509=AXIS2_PLACEMENT_3D('',#14268,#10149,#10150);
#9510=AXIS2_PLACEMENT_3D('',#14271,#10153,#10154);
#9511=AXIS2_PLACEMENT_3D('',#14762,#10155,#10156);
#9512=AXIS2_PLACEMENT_3D('',#14768,#10160,#10161);
#9513=AXIS2_PLACEMENT_3D('',#14774,#10165,#10166);
#9514=AXIS2_PLACEMENT_3D('',#14780,#10170,#10171);
#9515=AXIS2_PLACEMENT_3D('',#14786,#10175,#10176);
#9516=AXIS2_PLACEMENT_3D('',#14789,#10179,#10180);
#9517=AXIS2_PLACEMENT_3D('',#14988,#10181,#10182);
#9518=AXIS2_PLACEMENT_3D('',#15413,#10185,#10186);
#9519=AXIS2_PLACEMENT_3D('',#15487,#10189,#10190);
#9520=AXIS2_PLACEMENT_3D('',#15488,#10191,#10192);
#9521=AXIS2_PLACEMENT_3D('',#15617,#10197,#10198);
#9522=AXIS2_PLACEMENT_3D('',#15623,#10202,#10203);
#9523=AXIS2_PLACEMENT_3D('',#15629,#10207,#10208);
#9524=AXIS2_PLACEMENT_3D('',#15760,#10211,#10212);
#9525=AXIS2_PLACEMENT_3D('',#15766,#10216,#10217);
#9526=AXIS2_PLACEMENT_3D('',#15772,#10221,#10222);
#9527=AXIS2_PLACEMENT_3D('',#15778,#10226,#10227);
#9528=AXIS2_PLACEMENT_3D('',#15781,#10230,#10231);
#9529=AXIS2_PLACEMENT_3D('',#15782,#10232,#10233);
#9530=AXIS2_PLACEMENT_3D('',#15791,#10238,#10239);
#9531=AXIS2_PLACEMENT_3D('',#15797,#10243,#10244);
#9532=AXIS2_PLACEMENT_3D('',#15800,#10247,#10248);
#9533=AXIS2_PLACEMENT_3D('',#15809,#10253,#10254);
#9534=AXIS2_PLACEMENT_3D('',#15815,#10258,#10259);
#9535=AXIS2_PLACEMENT_3D('',#15821,#10263,#10264);
#9536=AXIS2_PLACEMENT_3D('',#15827,#10268,#10269);
#9537=AXIS2_PLACEMENT_3D('',#15833,#10273,#10274);
#9538=AXIS2_PLACEMENT_3D('',#15839,#10278,#10279);
#9539=AXIS2_PLACEMENT_3D('',#15845,#10283,#10284);
#9540=AXIS2_PLACEMENT_3D('',#15848,#10287,#10288);
#9541=AXIS2_PLACEMENT_3D('',#15849,#10289,#10290);
#9542=AXIS2_PLACEMENT_3D('',#15858,#10295,#10296);
#9543=AXIS2_PLACEMENT_3D('',#15864,#10300,#10301);
#9544=AXIS2_PLACEMENT_3D('',#15870,#10305,#10306);
#9545=AXIS2_PLACEMENT_3D('',#15873,#10309,#10310);
#9546=AXIS2_PLACEMENT_3D('',#15874,#10311,#10312);
#9547=AXIS2_PLACEMENT_3D('',#16003,#10317,#10318);
#9548=AXIS2_PLACEMENT_3D('',#16009,#10322,#10323);
#9549=AXIS2_PLACEMENT_3D('',#16015,#10327,#10328);
#9550=AXIS2_PLACEMENT_3D('',#16146,#10331,#10332);
#9551=AXIS2_PLACEMENT_3D('',#16152,#10336,#10337);
#9552=AXIS2_PLACEMENT_3D('',#16158,#10341,#10342);
#9553=AXIS2_PLACEMENT_3D('',#16164,#10346,#10347);
#9554=AXIS2_PLACEMENT_3D('',#16167,#10350,#10351);
#9555=AXIS2_PLACEMENT_3D('',#16168,#10352,#10353);
#9556=AXIS2_PLACEMENT_3D('',#16169,#10354,#10355);
#9557=AXIS2_PLACEMENT_3D('',#16170,#10356,#10357);
#9558=AXIS2_PLACEMENT_3D('',#16179,#10362,#10363);
#9559=AXIS2_PLACEMENT_3D('',#16185,#10367,#10368);
#9560=AXIS2_PLACEMENT_3D('',#16191,#10372,#10373);
#9561=AXIS2_PLACEMENT_3D('',#16197,#10377,#10378);
#9562=AXIS2_PLACEMENT_3D('',#16203,#10382,#10383);
#9563=AXIS2_PLACEMENT_3D('',#16209,#10387,#10388);
#9564=AXIS2_PLACEMENT_3D('',#16215,#10392,#10393);
#9565=AXIS2_PLACEMENT_3D('',#16221,#10397,#10398);
#9566=AXIS2_PLACEMENT_3D('',#16227,#10402,#10403);
#9567=AXIS2_PLACEMENT_3D('',#16236,#10408,#10409);
#9568=AXIS2_PLACEMENT_3D('',#16245,#10414,#10415);
#9569=AXIS2_PLACEMENT_3D('',#16251,#10419,#10420);
#9570=AXIS2_PLACEMENT_3D('',#16257,#10424,#10425);
#9571=AXIS2_PLACEMENT_3D('',#16263,#10429,#10430);
#9572=AXIS2_PLACEMENT_3D('',#16269,#10434,#10435);
#9573=AXIS2_PLACEMENT_3D('',#16275,#10439,#10440);
#9574=AXIS2_PLACEMENT_3D('',#16281,#10444,#10445);
#9575=AXIS2_PLACEMENT_3D('',#16287,#10449,#10450);
#9576=AXIS2_PLACEMENT_3D('',#16290,#10453,#10454);
#9577=AXIS2_PLACEMENT_3D('',#16296,#10458,#10459);
#9578=AXIS2_PLACEMENT_3D('',#16299,#10462,#10463);
#9579=AXIS2_PLACEMENT_3D('',#16309,#10469,#10470);
#9580=AXIS2_PLACEMENT_3D('',#16311,#10471,#10472);
#9581=AXIS2_PLACEMENT_3D('',#16315,#10474,#10475);
#9582=AXIS2_PLACEMENT_3D('',#16321,#10478,#10479);
#9583=AXIS2_PLACEMENT_3D('',#16329,#10483,#10484);
#9584=AXIS2_PLACEMENT_3D('',#16335,#10487,#10488);
#9585=AXIS2_PLACEMENT_3D('',#16339,#10490,#10491);
#9586=AXIS2_PLACEMENT_3D('',#16342,#10493,#10494);
#9587=AXIS2_PLACEMENT_3D('',#16353,#10500,#10501);
#9588=AXIS2_PLACEMENT_3D('',#16355,#10502,#10503);
#9589=AXIS2_PLACEMENT_3D('',#16357,#10504,#10505);
#9590=AXIS2_PLACEMENT_3D('',#16359,#10506,#10507);
#9591=AXIS2_PLACEMENT_3D('',#16361,#10508,#10509);
#9592=AXIS2_PLACEMENT_3D('',#16363,#10510,#10511);
#9593=AXIS2_PLACEMENT_3D('',#16433,#10546,#10547);
#9594=AXIS2_PLACEMENT_3D('',#16538,#10600,#10601);
#9595=AXIS2_PLACEMENT_3D('',#16541,#10603,#10604);
#9596=AXIS2_PLACEMENT_3D('',#16542,#10605,#10606);
#9597=AXIS2_PLACEMENT_3D('',#16543,#10607,#10608);
#9598=AXIS2_PLACEMENT_3D('',#16546,#10610,#10611);
#9599=AXIS2_PLACEMENT_3D('',#16547,#10612,#10613);
#9600=AXIS2_PLACEMENT_3D('',#16548,#10614,#10615);
#9601=AXIS2_PLACEMENT_3D('',#16550,#10616,#10617);
#9602=AXIS2_PLACEMENT_3D('',#16552,#10619,#10620);
#9603=AXIS2_PLACEMENT_3D('',#16554,#10621,#10622);
#9604=AXIS2_PLACEMENT_3D('',#16556,#10624,#10625);
#9605=AXIS2_PLACEMENT_3D('',#16558,#10626,#10627);
#9606=AXIS2_PLACEMENT_3D('',#16560,#10629,#10630);
#9607=AXIS2_PLACEMENT_3D('',#16562,#10631,#10632);
#9608=AXIS2_PLACEMENT_3D('',#16564,#10634,#10635);
#9609=AXIS2_PLACEMENT_3D('',#16570,#10639,#10640);
#9610=AXIS2_PLACEMENT_3D('',#16572,#10641,#10642);
#9611=AXIS2_PLACEMENT_3D('',#16574,#10644,#10645);
#9612=AXIS2_PLACEMENT_3D('',#16578,#10648,#10649);
#9613=AXIS2_PLACEMENT_3D('',#16579,#10650,#10651);
#9614=AXIS2_PLACEMENT_3D('',#16580,#10652,#10653);
#9615=AXIS2_PLACEMENT_3D('',#16582,#10654,#10655);
#9616=AXIS2_PLACEMENT_3D('',#16584,#10657,#10658);
#9617=AXIS2_PLACEMENT_3D('',#16588,#10661,#10662);
#9618=AXIS2_PLACEMENT_3D('',#16590,#10663,#10664);
#9619=AXIS2_PLACEMENT_3D('',#16592,#10666,#10667);
#9620=AXIS2_PLACEMENT_3D('',#16596,#10670,#10671);
#9621=AXIS2_PLACEMENT_3D('',#16600,#10674,#10675);
#9622=AXIS2_PLACEMENT_3D('',#16602,#10676,#10677);
#9623=AXIS2_PLACEMENT_3D('',#16604,#10679,#10680);
#9624=AXIS2_PLACEMENT_3D('',#16608,#10683,#10684);
#9625=AXIS2_PLACEMENT_3D('',#16612,#10687,#10688);
#9626=AXIS2_PLACEMENT_3D('',#16616,#10691,#10692);
#9627=AXIS2_PLACEMENT_3D('',#16618,#10693,#10694);
#9628=AXIS2_PLACEMENT_3D('',#16620,#10696,#10697);
#9629=AXIS2_PLACEMENT_3D('',#16624,#10700,#10701);
#9630=AXIS2_PLACEMENT_3D('',#16628,#10704,#10705);
#9631=AXIS2_PLACEMENT_3D('',#16629,#10706,#10707);
#9632=AXIS2_PLACEMENT_3D('',#16630,#10708,#10709);
#9633=AXIS2_PLACEMENT_3D('',#16636,#10713,#10714);
#9634=AXIS2_PLACEMENT_3D('',#16640,#10717,#10718);
#9635=AXIS2_PLACEMENT_3D('',#16644,#10721,#10722);
#9636=AXIS2_PLACEMENT_3D('',#16646,#10724,#10725);
#9637=AXIS2_PLACEMENT_3D('',#16652,#10729,#10730);
#9638=AXIS2_PLACEMENT_3D('',#16656,#10733,#10734);
#9639=AXIS2_PLACEMENT_3D('',#16660,#10737,#10738);
#9640=AXIS2_PLACEMENT_3D('',#16662,#10740,#10741);
#9641=AXIS2_PLACEMENT_3D('',#16668,#10745,#10746);
#9642=AXIS2_PLACEMENT_3D('',#16672,#10749,#10750);
#9643=AXIS2_PLACEMENT_3D('',#16676,#10753,#10754);
#9644=AXIS2_PLACEMENT_3D('',#16678,#10756,#10757);
#9645=AXIS2_PLACEMENT_3D('',#16684,#10761,#10762);
#9646=AXIS2_PLACEMENT_3D('',#16688,#10765,#10766);
#9647=AXIS2_PLACEMENT_3D('',#16692,#10769,#10770);
#9648=AXIS2_PLACEMENT_3D('',#16694,#10772,#10773);
#9649=AXIS2_PLACEMENT_3D('',#16700,#10777,#10778);
#9650=AXIS2_PLACEMENT_3D('',#16704,#10781,#10782);
#9651=AXIS2_PLACEMENT_3D('',#16708,#10785,#10786);
#9652=AXIS2_PLACEMENT_3D('',#16710,#10788,#10789);
#9653=AXIS2_PLACEMENT_3D('',#16716,#10793,#10794);
#9654=AXIS2_PLACEMENT_3D('',#16720,#10797,#10798);
#9655=AXIS2_PLACEMENT_3D('',#16724,#10801,#10802);
#9656=AXIS2_PLACEMENT_3D('',#16726,#10804,#10805);
#9657=AXIS2_PLACEMENT_3D('',#16732,#10809,#10810);
#9658=AXIS2_PLACEMENT_3D('',#16736,#10813,#10814);
#9659=AXIS2_PLACEMENT_3D('',#16740,#10817,#10818);
#9660=AXIS2_PLACEMENT_3D('',#16742,#10820,#10821);
#9661=AXIS2_PLACEMENT_3D('',#16748,#10825,#10826);
#9662=AXIS2_PLACEMENT_3D('',#16752,#10829,#10830);
#9663=AXIS2_PLACEMENT_3D('',#16756,#10833,#10834);
#9664=AXIS2_PLACEMENT_3D('',#16758,#10836,#10837);
#9665=AXIS2_PLACEMENT_3D('',#16764,#10841,#10842);
#9666=AXIS2_PLACEMENT_3D('',#16768,#10845,#10846);
#9667=AXIS2_PLACEMENT_3D('',#16772,#10849,#10850);
#9668=AXIS2_PLACEMENT_3D('',#16774,#10852,#10853);
#9669=AXIS2_PLACEMENT_3D('',#16780,#10857,#10858);
#9670=AXIS2_PLACEMENT_3D('',#16784,#10861,#10862);
#9671=AXIS2_PLACEMENT_3D('',#16788,#10865,#10866);
#9672=AXIS2_PLACEMENT_3D('',#16790,#10868,#10869);
#9673=AXIS2_PLACEMENT_3D('',#16796,#10873,#10874);
#9674=AXIS2_PLACEMENT_3D('',#16800,#10877,#10878);
#9675=AXIS2_PLACEMENT_3D('',#16804,#10881,#10882);
#9676=AXIS2_PLACEMENT_3D('',#16806,#10884,#10885);
#9677=AXIS2_PLACEMENT_3D('',#16812,#10889,#10890);
#9678=AXIS2_PLACEMENT_3D('',#16816,#10893,#10894);
#9679=AXIS2_PLACEMENT_3D('',#16820,#10897,#10898);
#9680=AXIS2_PLACEMENT_3D('',#16822,#10900,#10901);
#9681=AXIS2_PLACEMENT_3D('',#16828,#10905,#10906);
#9682=AXIS2_PLACEMENT_3D('',#16832,#10909,#10910);
#9683=AXIS2_PLACEMENT_3D('',#16836,#10913,#10914);
#9684=AXIS2_PLACEMENT_3D('',#16838,#10916,#10917);
#9685=AXIS2_PLACEMENT_3D('',#16844,#10921,#10922);
#9686=AXIS2_PLACEMENT_3D('',#16848,#10925,#10926);
#9687=AXIS2_PLACEMENT_3D('',#16852,#10929,#10930);
#9688=AXIS2_PLACEMENT_3D('',#16854,#10932,#10933);
#9689=AXIS2_PLACEMENT_3D('',#16860,#10937,#10938);
#9690=AXIS2_PLACEMENT_3D('',#16864,#10941,#10942);
#9691=AXIS2_PLACEMENT_3D('',#16868,#10945,#10946);
#9692=AXIS2_PLACEMENT_3D('',#16870,#10948,#10949);
#9693=AXIS2_PLACEMENT_3D('',#16876,#10953,#10954);
#9694=AXIS2_PLACEMENT_3D('',#16880,#10957,#10958);
#9695=AXIS2_PLACEMENT_3D('',#16884,#10961,#10962);
#9696=AXIS2_PLACEMENT_3D('',#16886,#10964,#10965);
#9697=AXIS2_PLACEMENT_3D('',#16892,#10969,#10970);
#9698=AXIS2_PLACEMENT_3D('',#16896,#10973,#10974);
#9699=AXIS2_PLACEMENT_3D('',#16900,#10977,#10978);
#9700=AXIS2_PLACEMENT_3D('',#16902,#10980,#10981);
#9701=AXIS2_PLACEMENT_3D('',#16908,#10985,#10986);
#9702=AXIS2_PLACEMENT_3D('',#16912,#10989,#10990);
#9703=AXIS2_PLACEMENT_3D('',#16916,#10993,#10994);
#9704=AXIS2_PLACEMENT_3D('',#16918,#10996,#10997);
#9705=AXIS2_PLACEMENT_3D('',#16924,#11001,#11002);
#9706=AXIS2_PLACEMENT_3D('',#16928,#11005,#11006);
#9707=AXIS2_PLACEMENT_3D('',#16932,#11009,#11010);
#9708=AXIS2_PLACEMENT_3D('',#16934,#11012,#11013);
#9709=AXIS2_PLACEMENT_3D('',#16940,#11017,#11018);
#9710=AXIS2_PLACEMENT_3D('',#16944,#11021,#11022);
#9711=AXIS2_PLACEMENT_3D('',#16948,#11025,#11026);
#9712=AXIS2_PLACEMENT_3D('',#16950,#11028,#11029);
#9713=AXIS2_PLACEMENT_3D('',#16956,#11033,#11034);
#9714=AXIS2_PLACEMENT_3D('',#16960,#11037,#11038);
#9715=AXIS2_PLACEMENT_3D('',#16964,#11041,#11042);
#9716=AXIS2_PLACEMENT_3D('',#16966,#11044,#11045);
#9717=AXIS2_PLACEMENT_3D('',#16972,#11049,#11050);
#9718=AXIS2_PLACEMENT_3D('',#16976,#11053,#11054);
#9719=AXIS2_PLACEMENT_3D('',#16980,#11057,#11058);
#9720=AXIS2_PLACEMENT_3D('',#16982,#11060,#11061);
#9721=AXIS2_PLACEMENT_3D('',#16988,#11065,#11066);
#9722=AXIS2_PLACEMENT_3D('',#16990,#11067,#11068);
#9723=AXIS2_PLACEMENT_3D('',#16992,#11070,#11071);
#9724=AXIS2_PLACEMENT_3D('',#16994,#11073,#11074);
#9725=DIRECTION('axis',(0.,0.,1.));
#9726=DIRECTION('refdir',(1.,0.,0.));
#9727=DIRECTION('center_axis',(0.946817898120426,-0.321769898838936,0.));
#9728=DIRECTION('ref_axis',(-0.321769898838936,-0.946817898120426,0.));
#9729=DIRECTION('',(-0.321769898838936,-0.946817898120426,0.));
#9730=DIRECTION('',(0.,0.,-1.));
#9731=DIRECTION('',(-0.321769898838936,-0.946817898120426,0.));
#9732=DIRECTION('',(0.,0.,-1.));
#9733=DIRECTION('',(0.,0.,-1.));
#9734=DIRECTION('',(0.,0.,-1.));
#9735=DIRECTION('',(0.,0.,-1.));
#9736=DIRECTION('center_axis',(0.790662675059052,-0.612252018590763,0.));
#9737=DIRECTION('ref_axis',(-0.612252018590763,-0.790662675059052,0.));
#9738=DIRECTION('',(-0.612252018590763,-0.790662675059052,0.));
#9739=DIRECTION('',(0.,0.,-1.));
#9740=DIRECTION('',(-0.612252018590763,-0.790662675059052,0.));
#9741=DIRECTION('',(0.,0.,-1.));
#9742=DIRECTION('',(0.,0.,-1.));
#9743=DIRECTION('',(0.,0.,-1.));
#9744=DIRECTION('center_axis',(0.946805882337493,-0.321805253485895,0.));
#9745=DIRECTION('ref_axis',(-0.321805253485895,-0.946805882337493,0.));
#9746=DIRECTION('',(-0.321805253485895,-0.946805882337493,0.));
#9747=DIRECTION('',(0.,0.,-1.));
#9748=DIRECTION('',(-0.321805253485895,-0.946805882337493,0.));
#9749=DIRECTION('center_axis',(0.,1.,0.));
#9750=DIRECTION('ref_axis',(1.,0.,0.));
#9751=DIRECTION('',(1.,0.,0.));
#9752=DIRECTION('',(0.,0.,-1.));
#9753=DIRECTION('',(1.,0.,0.));
#9754=DIRECTION('center_axis',(-0.946815719962713,0.321776308064296,0.));
#9755=DIRECTION('ref_axis',(0.321776308064296,0.946815719962713,0.));
#9756=DIRECTION('',(0.321776308064296,0.946815719962713,0.));
#9757=DIRECTION('',(0.,0.,-1.));
#9758=DIRECTION('',(0.321776308064296,0.946815719962713,0.));
#9759=DIRECTION('center_axis',(0.,-1.,0.));
#9760=DIRECTION('ref_axis',(-1.,0.,0.));
#9761=DIRECTION('',(-1.,0.,0.));
#9762=DIRECTION('',(-1.,0.,0.));
#9763=DIRECTION('center_axis',(0.,0.,1.));
#9764=DIRECTION('ref_axis',(-1.,0.,0.));
#9765=DIRECTION('',(0.,0.,-1.));
#9766=DIRECTION('',(0.,0.,-1.));
#9767=DIRECTION('',(0.,0.,-1.));
#9768=DIRECTION('',(0.,0.,-1.));
#9769=DIRECTION('',(0.,0.,-1.));
#9770=DIRECTION('',(0.,0.,-1.));
#9771=DIRECTION('',(0.,0.,-1.));
#9772=DIRECTION('',(0.,0.,-1.));
#9773=DIRECTION('',(0.,0.,-1.));
#9774=DIRECTION('center_axis',(-0.946801180698508,0.321819086177172,0.));
#9775=DIRECTION('ref_axis',(0.321819086177172,0.946801180698509,0.));
#9776=DIRECTION('',(0.321819086177172,0.946801180698509,0.));
#9777=DIRECTION('',(0.321819086177172,0.946801180698509,0.));
#9778=DIRECTION('',(0.,0.,-1.));
#9779=DIRECTION('',(0.,0.,-1.));
#9780=DIRECTION('',(0.,0.,-1.));
#9781=DIRECTION('',(0.,0.,-1.));
#9782=DIRECTION('',(0.,0.,-1.));
#9783=DIRECTION('',(0.,0.,-1.));
#9784=DIRECTION('',(0.,0.,-1.));
#9785=DIRECTION('',(0.,0.,-1.));
#9786=DIRECTION('',(0.,0.,-1.));
#9787=DIRECTION('',(0.,0.,-1.));
#9788=DIRECTION('',(0.,0.,-1.));
#9789=DIRECTION('',(0.,0.,-1.));
#9790=DIRECTION('',(0.,0.,-1.));
#9791=DIRECTION('center_axis',(0.,-1.,0.));
#9792=DIRECTION('ref_axis',(-1.,0.,0.));
#9793=DIRECTION('',(-1.,0.,0.));
#9794=DIRECTION('',(0.,0.,-1.));
#9795=DIRECTION('',(-1.,0.,0.));
#9796=DIRECTION('',(0.,0.,-1.));
#9797=DIRECTION('',(0.,0.,-1.));
#9798=DIRECTION('center_axis',(0.946825540361323,-0.321747410431674,0.));
#9799=DIRECTION('ref_axis',(-0.321747410431674,-0.946825540361323,0.));
#9800=DIRECTION('',(-0.321747410431674,-0.946825540361323,0.));
#9801=DIRECTION('',(0.,0.,-1.));
#9802=DIRECTION('',(-0.321747410431674,-0.946825540361323,0.));
#9803=DIRECTION('',(0.,0.,-1.));
#9804=DIRECTION('',(0.,0.,-1.));
#9805=DIRECTION('',(0.,0.,-1.));
#9806=DIRECTION('',(0.,0.,-1.));
#9807=DIRECTION('',(0.,0.,-1.));
#9808=DIRECTION('',(0.,0.,-1.));
#9809=DIRECTION('',(0.,0.,-1.));
#9810=DIRECTION('',(0.,0.,-1.));
#9811=DIRECTION('center_axis',(-0.108663265764326,-0.994078615942135,0.));
#9812=DIRECTION('ref_axis',(-0.994078615942135,0.108663265764326,0.));
#9813=DIRECTION('',(-0.994078615942135,0.108663265764326,0.));
#9814=DIRECTION('',(0.,0.,-1.));
#9815=DIRECTION('',(-0.994078615942135,0.108663265764326,0.));
#9816=DIRECTION('',(0.,0.,-1.));
#9817=DIRECTION('center_axis',(0.,0.,1.));
#9818=DIRECTION('ref_axis',(-1.,0.,0.));
#9819=DIRECTION('',(0.,0.,-1.));
#9820=DIRECTION('',(0.,0.,-1.));
#9821=DIRECTION('',(0.,0.,-1.));
#9822=DIRECTION('',(0.,0.,-1.));
#9823=DIRECTION('',(0.,0.,-1.));
#9824=DIRECTION('',(0.,0.,-1.));
#9825=DIRECTION('',(0.,0.,-1.));
#9826=DIRECTION('',(0.,0.,-1.));
#9827=DIRECTION('',(0.,0.,-1.));
#9828=DIRECTION('center_axis',(-0.946801180698508,0.321819086177172,0.));
#9829=DIRECTION('ref_axis',(0.321819086177172,0.946801180698509,0.));
#9830=DIRECTION('',(0.321819086177172,0.946801180698509,0.));
#9831=DIRECTION('',(0.321819086177172,0.946801180698509,0.));
#9832=DIRECTION('',(0.,0.,-1.));
#9833=DIRECTION('',(0.,0.,-1.));
#9834=DIRECTION('',(0.,0.,-1.));
#9835=DIRECTION('',(0.,0.,-1.));
#9836=DIRECTION('',(0.,0.,-1.));
#9837=DIRECTION('',(0.,0.,-1.));
#9838=DIRECTION('',(0.,0.,-1.));
#9839=DIRECTION('',(0.,0.,-1.));
#9840=DIRECTION('',(0.,0.,-1.));
#9841=DIRECTION('',(0.,0.,-1.));
#9842=DIRECTION('',(0.,0.,-1.));
#9843=DIRECTION('',(0.,0.,-1.));
#9844=DIRECTION('',(0.,0.,-1.));
#9845=DIRECTION('center_axis',(0.,-1.,0.));
#9846=DIRECTION('ref_axis',(-1.,0.,0.));
#9847=DIRECTION('',(-1.,0.,0.));
#9848=DIRECTION('',(0.,0.,-1.));
#9849=DIRECTION('',(-1.,0.,0.));
#9850=DIRECTION('',(0.,0.,-1.));
#9851=DIRECTION('',(0.,0.,-1.));
#9852=DIRECTION('center_axis',(0.946825540361323,-0.321747410431674,0.));
#9853=DIRECTION('ref_axis',(-0.321747410431674,-0.946825540361323,0.));
#9854=DIRECTION('',(-0.321747410431674,-0.946825540361323,0.));
#9855=DIRECTION('',(0.,0.,-1.));
#9856=DIRECTION('',(-0.321747410431674,-0.946825540361323,0.));
#9857=DIRECTION('',(0.,0.,-1.));
#9858=DIRECTION('',(0.,0.,-1.));
#9859=DIRECTION('',(0.,0.,-1.));
#9860=DIRECTION('',(0.,0.,-1.));
#9861=DIRECTION('',(0.,0.,-1.));
#9862=DIRECTION('',(0.,0.,-1.));
#9863=DIRECTION('',(0.,0.,-1.));
#9864=DIRECTION('',(0.,0.,-1.));
#9865=DIRECTION('center_axis',(-0.108663265764326,-0.994078615942135,0.));
#9866=DIRECTION('ref_axis',(-0.994078615942135,0.108663265764326,0.));
#9867=DIRECTION('',(-0.994078615942135,0.108663265764326,0.));
#9868=DIRECTION('',(0.,0.,-1.));
#9869=DIRECTION('',(-0.994078615942135,0.108663265764326,0.));
#9870=DIRECTION('',(0.,0.,-1.));
#9871=DIRECTION('center_axis',(0.,0.,1.));
#9872=DIRECTION('ref_axis',(-1.,0.,0.));
#9873=DIRECTION('center_axis',(0.,0.,1.));
#9874=DIRECTION('ref_axis',(1.,0.,0.));
#9875=DIRECTION('center_axis',(0.,0.,1.));
#9876=DIRECTION('ref_axis',(1.,0.,0.));
#9877=DIRECTION('',(0.,0.,-1.));
#9878=DIRECTION('',(0.,0.,-1.));
#9879=DIRECTION('',(0.,0.,-1.));
#9880=DIRECTION('',(0.,0.,-1.));
#9881=DIRECTION('',(0.,0.,-1.));
#9882=DIRECTION('',(0.,0.,-1.));
#9883=DIRECTION('',(0.,0.,-1.));
#9884=DIRECTION('',(0.,0.,-1.));
#9885=DIRECTION('',(0.,0.,-1.));
#9886=DIRECTION('',(0.,0.,-1.));
#9887=DIRECTION('',(0.,0.,-1.));
#9888=DIRECTION('',(0.,0.,-1.));
#9889=DIRECTION('',(0.,0.,-1.));
#9890=DIRECTION('',(0.,0.,-1.));
#9891=DIRECTION('',(0.,0.,-1.));
#9892=DIRECTION('',(0.,0.,-1.));
#9893=DIRECTION('center_axis',(0.,0.,1.));
#9894=DIRECTION('ref_axis',(-1.,0.,0.));
#9895=DIRECTION('',(0.,0.,-1.));
#9896=DIRECTION('',(0.,0.,-1.));
#9897=DIRECTION('',(0.,0.,-1.));
#9898=DIRECTION('',(0.,0.,-1.));
#9899=DIRECTION('',(0.,0.,-1.));
#9900=DIRECTION('',(0.,0.,-1.));
#9901=DIRECTION('',(0.,0.,-1.));
#9902=DIRECTION('',(0.,0.,-1.));
#9903=DIRECTION('',(0.,0.,-1.));
#9904=DIRECTION('center_axis',(-0.946801180698508,0.321819086177172,0.));
#9905=DIRECTION('ref_axis',(0.321819086177172,0.946801180698509,0.));
#9906=DIRECTION('',(0.321819086177172,0.946801180698509,0.));
#9907=DIRECTION('',(0.321819086177172,0.946801180698509,0.));
#9908=DIRECTION('',(0.,0.,-1.));
#9909=DIRECTION('',(0.,0.,-1.));
#9910=DIRECTION('',(0.,0.,-1.));
#9911=DIRECTION('',(0.,0.,-1.));
#9912=DIRECTION('',(0.,0.,-1.));
#9913=DIRECTION('',(0.,0.,-1.));
#9914=DIRECTION('',(0.,0.,-1.));
#9915=DIRECTION('',(0.,0.,-1.));
#9916=DIRECTION('',(0.,0.,-1.));
#9917=DIRECTION('',(0.,0.,-1.));
#9918=DIRECTION('',(0.,0.,-1.));
#9919=DIRECTION('',(0.,0.,-1.));
#9920=DIRECTION('',(0.,0.,-1.));
#9921=DIRECTION('center_axis',(0.,-1.,0.));
#9922=DIRECTION('ref_axis',(-1.,0.,0.));
#9923=DIRECTION('',(-1.,0.,0.));
#9924=DIRECTION('',(0.,0.,-1.));
#9925=DIRECTION('',(-1.,0.,0.));
#9926=DIRECTION('',(0.,0.,-1.));
#9927=DIRECTION('',(0.,0.,-1.));
#9928=DIRECTION('center_axis',(0.94682495143068,-0.321749143508247,0.));
#9929=DIRECTION('ref_axis',(-0.321749143508247,-0.94682495143068,0.));
#9930=DIRECTION('',(-0.321749143508247,-0.94682495143068,0.));
#9931=DIRECTION('',(0.,0.,-1.));
#9932=DIRECTION('',(-0.321749143508247,-0.94682495143068,0.));
#9933=DIRECTION('',(0.,0.,-1.));
#9934=DIRECTION('',(0.,0.,-1.));
#9935=DIRECTION('',(0.,0.,-1.));
#9936=DIRECTION('',(0.,0.,-1.));
#9937=DIRECTION('',(0.,0.,-1.));
#9938=DIRECTION('',(0.,0.,-1.));
#9939=DIRECTION('',(0.,0.,-1.));
#9940=DIRECTION('',(0.,0.,-1.));
#9941=DIRECTION('center_axis',(-0.108663265764326,-0.994078615942135,0.));
#9942=DIRECTION('ref_axis',(-0.994078615942135,0.108663265764326,0.));
#9943=DIRECTION('',(-0.994078615942135,0.108663265764326,0.));
#9944=DIRECTION('',(0.,0.,-1.));
#9945=DIRECTION('',(-0.994078615942135,0.108663265764326,0.));
#9946=DIRECTION('',(0.,0.,-1.));
#9947=DIRECTION('center_axis',(0.,0.,1.));
#9948=DIRECTION('ref_axis',(-1.,0.,0.));
#9949=DIRECTION('center_axis',(0.946817898120426,-0.321769898838937,0.));
#9950=DIRECTION('ref_axis',(-0.321769898838937,-0.946817898120426,0.));
#9951=DIRECTION('',(-0.321769898838937,-0.946817898120426,0.));
#9952=DIRECTION('',(0.,0.,-1.));
#9953=DIRECTION('',(-0.321769898838937,-0.946817898120426,0.));
#9954=DIRECTION('',(0.,0.,-1.));
#9955=DIRECTION('',(0.,0.,-1.));
#9956=DIRECTION('',(0.,0.,-1.));
#9957=DIRECTION('',(0.,0.,-1.));
#9958=DIRECTION('center_axis',(0.790662675059052,-0.612252018590763,0.));
#9959=DIRECTION('ref_axis',(-0.612252018590763,-0.790662675059052,0.));
#9960=DIRECTION('',(-0.612252018590763,-0.790662675059052,0.));
#9961=DIRECTION('',(0.,0.,-1.));
#9962=DIRECTION('',(-0.612252018590763,-0.790662675059052,0.));
#9963=DIRECTION('',(0.,0.,-1.));
#9964=DIRECTION('',(0.,0.,-1.));
#9965=DIRECTION('',(0.,0.,-1.));
#9966=DIRECTION('center_axis',(0.946805882337493,-0.321805253485895,0.));
#9967=DIRECTION('ref_axis',(-0.321805253485895,-0.946805882337493,0.));
#9968=DIRECTION('',(-0.321805253485895,-0.946805882337493,0.));
#9969=DIRECTION('',(0.,0.,-1.));
#9970=DIRECTION('',(-0.321805253485895,-0.946805882337493,0.));
#9971=DIRECTION('center_axis',(0.,1.,0.));
#9972=DIRECTION('ref_axis',(1.,0.,0.));
#9973=DIRECTION('',(1.,0.,0.));
#9974=DIRECTION('',(0.,0.,-1.));
#9975=DIRECTION('',(1.,0.,0.));
#9976=DIRECTION('center_axis',(-0.946815719962713,0.321776308064296,0.));
#9977=DIRECTION('ref_axis',(0.321776308064296,0.946815719962713,0.));
#9978=DIRECTION('',(0.321776308064296,0.946815719962713,0.));
#9979=DIRECTION('',(0.,0.,-1.));
#9980=DIRECTION('',(0.321776308064296,0.946815719962713,0.));
#9981=DIRECTION('center_axis',(0.,-1.,0.));
#9982=DIRECTION('ref_axis',(-1.,0.,0.));
#9983=DIRECTION('',(-1.,0.,0.));
#9984=DIRECTION('',(-1.,0.,0.));
#9985=DIRECTION('center_axis',(0.,0.,1.));
#9986=DIRECTION('ref_axis',(-1.,0.,0.));
#9987=DIRECTION('',(0.,0.,-1.));
#9988=DIRECTION('',(0.,0.,-1.));
#9989=DIRECTION('',(0.,0.,-1.));
#9990=DIRECTION('',(0.,0.,-1.));
#9991=DIRECTION('',(0.,0.,-1.));
#9992=DIRECTION('',(0.,0.,-1.));
#9993=DIRECTION('',(0.,0.,-1.));
#9994=DIRECTION('',(0.,0.,-1.));
#9995=DIRECTION('',(0.,0.,-1.));
#9996=DIRECTION('',(0.,0.,-1.));
#9997=DIRECTION('',(0.,0.,-1.));
#9998=DIRECTION('',(0.,0.,-1.));
#9999=DIRECTION('',(0.,0.,-1.));
#10000=DIRECTION('',(0.,0.,-1.));
#10001=DIRECTION('',(0.,0.,-1.));
#10002=DIRECTION('',(0.,0.,-1.));
#10003=DIRECTION('center_axis',(-0.946810693845417,0.321791096862482,0.));
#10004=DIRECTION('ref_axis',(0.321791096862482,0.946810693845417,0.));
#10005=DIRECTION('',(0.321791096862482,0.946810693845417,0.));
#10006=DIRECTION('',(0.,0.,-1.));
#10007=DIRECTION('',(0.321791096862482,0.946810693845417,0.));
#10008=DIRECTION('',(0.,0.,-1.));
#10009=DIRECTION('',(0.,0.,-1.));
#10010=DIRECTION('',(0.,0.,-1.));
#10011=DIRECTION('',(0.,0.,-1.));
#10012=DIRECTION('center_axis',(0.117689912911548,0.993050393685473,0.));
#10013=DIRECTION('ref_axis',(0.993050393685473,-0.117689912911548,0.));
#10014=DIRECTION('',(0.993050393685473,-0.117689912911548,0.));
#10015=DIRECTION('',(0.,0.,-1.));
#10016=DIRECTION('',(0.993050393685473,-0.117689912911548,0.));
#10017=DIRECTION('',(0.,0.,-1.));
#10018=DIRECTION('',(0.,0.,-1.));
#10019=DIRECTION('',(0.,0.,-1.));
#10020=DIRECTION('',(0.,0.,-1.));
#10021=DIRECTION('',(0.,0.,-1.));
#10022=DIRECTION('',(0.,0.,-1.));
#10023=DIRECTION('',(0.,0.,-1.));
#10024=DIRECTION('center_axis',(0.952843072945724,-0.303463471177916,0.));
#10025=DIRECTION('ref_axis',(-0.303463471177916,-0.952843072945724,0.));
#10026=DIRECTION('',(-0.303463471177916,-0.952843072945724,0.));
#10027=DIRECTION('',(0.,0.,-1.));
#10028=DIRECTION('',(-0.303463471177916,-0.952843072945724,0.));
#10029=DIRECTION('center_axis',(0.946814437352873,-0.321780082074952,0.));
#10030=DIRECTION('ref_axis',(-0.321780082074952,-0.946814437352873,0.));
#10031=DIRECTION('',(-0.321780082074952,-0.946814437352873,0.));
#10032=DIRECTION('',(0.,0.,-1.));
#10033=DIRECTION('',(-0.321780082074952,-0.946814437352873,0.));
#10034=DIRECTION('center_axis',(0.,1.,0.));
#10035=DIRECTION('ref_axis',(1.,0.,0.));
#10036=DIRECTION('',(1.,0.,0.));
#10037=DIRECTION('',(0.,0.,-1.));
#10038=DIRECTION('',(1.,0.,0.));
#10039=DIRECTION('center_axis',(-0.946810389350207,0.321791992781842,0.));
#10040=DIRECTION('ref_axis',(0.321791992781842,0.946810389350207,0.));
#10041=DIRECTION('',(0.321791992781842,0.946810389350207,0.));
#10042=DIRECTION('',(0.,0.,-1.));
#10043=DIRECTION('',(0.321791992781842,0.946810389350207,0.));
#10044=DIRECTION('center_axis',(0.,0.,1.));
#10045=DIRECTION('ref_axis',(-1.,0.,0.));
#10046=DIRECTION('',(0.,0.,-1.));
#10047=DIRECTION('',(0.,0.,-1.));
#10048=DIRECTION('',(0.,0.,-1.));
#10049=DIRECTION('',(0.,0.,-1.));
#10050=DIRECTION('',(0.,0.,-1.));
#10051=DIRECTION('center_axis',(-8.8960456838124E-15,1.,0.));
#10052=DIRECTION('ref_axis',(1.,8.8960456838124E-15,0.));
#10053=DIRECTION('',(1.,8.8960456838124E-15,0.));
#10054=DIRECTION('',(1.,8.8960456838124E-15,0.));
#10055=DIRECTION('',(0.,0.,-1.));
#10056=DIRECTION('',(0.,0.,-1.));
#10057=DIRECTION('',(0.,0.,-1.));
#10058=DIRECTION('',(0.,0.,-1.));
#10059=DIRECTION('',(0.,0.,-1.));
#10060=DIRECTION('',(0.,0.,-1.));
#10061=DIRECTION('',(0.,0.,-1.));
#10062=DIRECTION('',(0.,0.,-1.));
#10063=DIRECTION('',(0.,0.,-1.));
#10064=DIRECTION('',(0.,0.,-1.));
#10065=DIRECTION('center_axis',(0.0948279129995254,0.995493679998097,0.));
#10066=DIRECTION('ref_axis',(0.995493679998097,-0.0948279129995254,0.));
#10067=DIRECTION('',(0.995493679998097,-0.0948279129995254,0.));
#10068=DIRECTION('',(0.,0.,-1.));
#10069=DIRECTION('',(0.995493679998097,-0.0948279129995254,0.));
#10070=DIRECTION('',(0.,0.,-1.));
#10071=DIRECTION('',(0.,0.,-1.));
#10072=DIRECTION('',(0.,0.,-1.));
#10073=DIRECTION('',(0.,0.,-1.));
#10074=DIRECTION('center_axis',(0.,-1.,0.));
#10075=DIRECTION('ref_axis',(-1.,0.,0.));
#10076=DIRECTION('',(-1.,0.,0.));
#10077=DIRECTION('',(0.,0.,-1.));
#10078=DIRECTION('',(-1.,0.,0.));
#10079=DIRECTION('center_axis',(0.946866809117739,-0.321625940793325,0.));
#10080=DIRECTION('ref_axis',(-0.321625940793325,-0.946866809117739,0.));
#10081=DIRECTION('',(-0.321625940793325,-0.946866809117739,0.));
#10082=DIRECTION('',(0.,0.,-1.));
#10083=DIRECTION('',(-0.321625940793325,-0.946866809117739,0.));
#10084=DIRECTION('center_axis',(0.,0.,1.));
#10085=DIRECTION('ref_axis',(-1.,0.,0.));
#10086=DIRECTION('center_axis',(0.,0.,1.));
#10087=DIRECTION('ref_axis',(1.,0.,0.));
#10088=DIRECTION('center_axis',(0.,0.,1.));
#10089=DIRECTION('ref_axis',(1.,0.,0.));
#10090=DIRECTION('center_axis',(0.,0.,1.));
#10091=DIRECTION('ref_axis',(1.,0.,0.));
#10092=DIRECTION('center_axis',(0.,0.,1.));
#10093=DIRECTION('ref_axis',(1.,0.,0.));
#10094=DIRECTION('',(0.,0.,-1.));
#10095=DIRECTION('',(0.,0.,-1.));
#10096=DIRECTION('',(0.,0.,-1.));
#10097=DIRECTION('',(0.,0.,-1.));
#10098=DIRECTION('',(0.,0.,-1.));
#10099=DIRECTION('',(0.,0.,-1.));
#10100=DIRECTION('',(0.,0.,-1.));
#10101=DIRECTION('',(0.,0.,-1.));
#10102=DIRECTION('',(0.,0.,-1.));
#10103=DIRECTION('',(0.,0.,-1.));
#10104=DIRECTION('',(0.,0.,-1.));
#10105=DIRECTION('',(0.,0.,-1.));
#10106=DIRECTION('',(0.,0.,-1.));
#10107=DIRECTION('center_axis',(0.0573109591602798,-0.998356376230517,0.));
#10108=DIRECTION('ref_axis',(-0.998356376230517,-0.0573109591602798,0.));
#10109=DIRECTION('',(-0.998356376230517,-0.0573109591602798,0.));
#10110=DIRECTION('',(0.,0.,-1.));
#10111=DIRECTION('',(-0.998356376230517,-0.0573109591602798,0.));
#10112=DIRECTION('',(0.,0.,-1.));
#10113=DIRECTION('',(0.,0.,-1.));
#10114=DIRECTION('',(0.,0.,-1.));
#10115=DIRECTION('',(0.,0.,-1.));
#10116=DIRECTION('',(0.,0.,-1.));
#10117=DIRECTION('',(0.,0.,-1.));
#10118=DIRECTION('',(0.,0.,-1.));
#10119=DIRECTION('',(0.,0.,-1.));
#10120=DIRECTION('',(0.,0.,-1.));
#10121=DIRECTION('',(0.,0.,-1.));
#10122=DIRECTION('',(0.,0.,-1.));
#10123=DIRECTION('',(0.,0.,-1.));
#10124=DIRECTION('',(0.,0.,-1.));
#10125=DIRECTION('center_axis',(-0.0612242202049282,0.998124037813086,0.));
#10126=DIRECTION('ref_axis',(0.998124037813086,0.0612242202049282,0.));
#10127=DIRECTION('',(0.998124037813086,0.0612242202049282,0.));
#10128=DIRECTION('',(0.,0.,-1.));
#10129=DIRECTION('',(0.998124037813086,0.0612242202049282,0.));
#10130=DIRECTION('',(0.,0.,-1.));
#10131=DIRECTION('center_axis',(0.,0.,1.));
#10132=DIRECTION('ref_axis',(-1.,0.,0.));
#10133=DIRECTION('center_axis',(0.946779603098563,-0.321764247135573,0.00872653549837916));
#10134=DIRECTION('ref_axis',(-0.321776499398692,-0.946815654937498,0.));
#10135=DIRECTION('',(0.321776499398692,0.946815654937498,0.));
#10136=DIRECTION('',(0.00625087448964168,-0.00872636500886047,-0.999942386901289));
#10137=DIRECTION('',(-0.321776499398692,-0.946815654937498,0.));
#10138=DIRECTION('',(0.0121815409863034,0.00872588800930697,-0.999887728166342));
#10139=DIRECTION('center_axis',(0.,0.999961923064171,0.00872653549837108));
#10140=DIRECTION('ref_axis',(1.,0.,0.));
#10141=DIRECTION('',(-1.,0.,0.));
#10142=DIRECTION('',(1.,0.,0.));
#10143=DIRECTION('',(-0.00625087515668799,0.00872636500882408,-0.999942386897119));
#10144=DIRECTION('center_axis',(-0.946779635609937,0.321764151472023,0.00872653549837916));
#10145=DIRECTION('ref_axis',(0.321776403731499,0.946815687450109,0.));
#10146=DIRECTION('',(-0.321776403731499,-0.946815687450109,0.));
#10147=DIRECTION('',(0.321776403731499,0.946815687450109,0.));
#10148=DIRECTION('',(-0.0121815396865232,-0.00872588800944516,-0.999887728182176));
#10149=DIRECTION('center_axis',(0.,-0.999961923064171,0.00872653549837108));
#10150=DIRECTION('ref_axis',(-1.,0.,0.));
#10151=DIRECTION('',(1.,0.,0.));
#10152=DIRECTION('',(-1.,0.,0.));
#10153=DIRECTION('center_axis',(0.,0.,1.));
#10154=DIRECTION('ref_axis',(-1.,0.,0.));
#10155=DIRECTION('center_axis',(0.946774412457796,-0.321779520003047,0.00872653549837948));
#10156=DIRECTION('ref_axis',(-0.321791772847732,-0.946810464099079,0.));
#10157=DIRECTION('',(0.321791772847732,0.946810464099079,0.));
#10158=DIRECTION('',(-0.321791772847732,-0.946810464099079,0.));
#10159=DIRECTION('',(0.0121817485016026,0.00872588798724572,-0.999887725638373));
#10160=DIRECTION('center_axis',(0.,0.999961923064171,0.00872653549837108));
#10161=DIRECTION('ref_axis',(1.,0.,0.));
#10162=DIRECTION('',(-1.,0.,0.));
#10163=DIRECTION('',(1.,0.,0.));
#10164=DIRECTION('',(-0.00625088795462556,0.00872636500812596,-0.999942386817122));
#10165=DIRECTION('center_axis',(-0.946780259370292,0.321762316073399,0.00872653549837706));
#10166=DIRECTION('ref_axis',(0.321774568262987,0.946816311234217,0.));
#10167=DIRECTION('',(-0.321774568262987,-0.946816311234217,0.));
#10168=DIRECTION('',(0.321774568262987,0.946816311234217,0.));
#10169=DIRECTION('',(-0.012181514749013,-0.00872588801209627,-0.999887728485964));
#10170=DIRECTION('center_axis',(0.,-0.999961923064171,0.00872653549837108));
#10171=DIRECTION('ref_axis',(-1.,0.,0.));
#10172=DIRECTION('',(1.,0.,0.));
#10173=DIRECTION('',(-1.,0.,0.));
#10174=DIRECTION('',(0.00625096411167859,-0.00872636500397159,-0.999942386341079));
#10175=DIRECTION('center_axis',(0.946783971107204,-0.321751394142542,0.00872653549836798));
#10176=DIRECTION('ref_axis',(-0.32176364591624,-0.946820023112465,0.));
#10177=DIRECTION('',(0.32176364591624,0.946820023112465,0.));
#10178=DIRECTION('',(-0.32176364591624,-0.946820023112465,0.));
#10179=DIRECTION('center_axis',(-2.23671755837123E-17,4.24825317675811E-18,
1.));
#10180=DIRECTION('ref_axis',(1.,0.,2.23671755837123E-17));
#10181=DIRECTION('center_axis',(0.126369423296701,-0.991944865622004,0.00872653549834533));
#10182=DIRECTION('ref_axis',(-0.991982637281226,-0.126374235240347,0.));
#10183=DIRECTION('',(0.991982637281226,0.126374235240347,0.));
#10184=DIRECTION('',(-0.991982637281226,-0.126374235240347,0.));
#10185=DIRECTION('center_axis',(0.117441605668954,0.993041447692942,0.0087265354983871));
#10186=DIRECTION('ref_axis',(0.99307926110824,-0.117446077655717,0.));
#10187=DIRECTION('',(-0.99307926110824,0.117446077655717,0.));
#10188=DIRECTION('',(0.99307926110824,-0.117446077655717,0.));
#10189=DIRECTION('center_axis',(0.,0.,1.));
#10190=DIRECTION('ref_axis',(-1.,0.,0.));
#10191=DIRECTION('center_axis',(0.946777267005216,-0.321771120923444,0.00872653549837467));
#10192=DIRECTION('ref_axis',(-0.321783373448305,-0.946813318755196,0.));
#10193=DIRECTION('',(0.321783373448305,0.946813318755196,0.));
#10194=DIRECTION('',(0.00625082655990302,-0.008726365011475,-0.999942387200885));
#10195=DIRECTION('',(-0.321783373448305,-0.946813318755196,0.));
#10196=DIRECTION('',(-0.00826244690352708,0.00280791612602514,-0.999961923064171));
#10197=DIRECTION('center_axis',(-0.946782637440281,0.321755318557162,0.00872653549837484));
#10198=DIRECTION('ref_axis',(0.321767570480295,0.946818689394759,0.));
#10199=DIRECTION('',(-0.321767570480295,-0.946818689394759,0.));
#10200=DIRECTION('',(0.321767570480295,0.946818689394759,0.));
#10201=DIRECTION('',(-0.0121814196747295,-0.00872588802220361,-0.99988772964415));
#10202=DIRECTION('center_axis',(0.,-0.999961923064171,0.00872653549837108));
#10203=DIRECTION('ref_axis',(-1.,0.,0.));
#10204=DIRECTION('',(1.,0.,0.));
#10205=DIRECTION('',(-1.,0.,0.));
#10206=DIRECTION('',(0.00625096213421148,-0.00872636500407946,-0.99994238635344));
#10207=DIRECTION('center_axis',(0.946783874731171,-0.321751677738013,0.00872653549837533));
#10208=DIRECTION('ref_axis',(-0.32176392952251,-0.946819926732762,0.));
#10209=DIRECTION('',(0.32176392952251,0.946819926732762,0.));
#10210=DIRECTION('',(-0.32176392952251,-0.946819926732762,0.));
#10211=DIRECTION('center_axis',(0.946776269497474,-0.321774055968847,0.0087265354983698));
#10212=DIRECTION('ref_axis',(-0.32178630860547,-0.94681232120947,0.));
#10213=DIRECTION('',(0.32178630860547,0.94681232120947,0.));
#10214=DIRECTION('',(-0.32178630860547,-0.94681232120947,0.));
#10215=DIRECTION('',(0.0121816742600733,0.00872588799513849,-0.999887726542794));
#10216=DIRECTION('center_axis',(0.,0.999961923064171,0.00872653549837108));
#10217=DIRECTION('ref_axis',(1.,0.,0.));
#10218=DIRECTION('',(-1.,0.,0.));
#10219=DIRECTION('',(1.,0.,0.));
#10220=DIRECTION('',(-0.00625085981463947,0.00872636500966098,-0.999942386993019));
#10221=DIRECTION('center_axis',(-0.94677888784647,0.321766351731186,0.00872653549837243));
#10222=DIRECTION('ref_axis',(0.321778604074444,0.946814939658169,0.));
#10223=DIRECTION('',(-0.321778604074444,-0.946814939658169,0.));
#10224=DIRECTION('',(0.321778604074444,0.946814939658169,0.));
#10225=DIRECTION('',(-0.0121815695814843,-0.008725888006267,-0.999887727817995));
#10226=DIRECTION('center_axis',(0.,-0.999961923064171,0.00872653549837108));
#10227=DIRECTION('ref_axis',(-1.,0.,0.));
#10228=DIRECTION('',(1.,0.,0.));
#10229=DIRECTION('',(-1.,0.,0.));
#10230=DIRECTION('center_axis',(0.,0.,1.));
#10231=DIRECTION('ref_axis',(-1.,0.,0.));
#10232=DIRECTION('center_axis',(0.999425710875039,-0.032742877395231,-0.00872653549837489));
#10233=DIRECTION('ref_axis',(-0.0327441241911466,-0.999463767392773,0.));
#10234=DIRECTION('',(0.0327441241911466,0.999463767392773,-2.31602953977798E-30));
#10235=DIRECTION('',(-0.00975112946481907,-0.0312640504164441,-0.999463593446864));
#10236=DIRECTION('',(0.0327441241911466,0.999463767392773,0.));
#10237=DIRECTION('',(-0.00844502023433332,0.00872622431169305,-0.999926264602797));
#10238=DIRECTION('center_axis',(-0.840831919603013,0.541225951479517,-0.00872653549836976));
#10239=DIRECTION('ref_axis',(0.541246560490069,0.840863937125187,0.));
#10240=DIRECTION('',(-0.541246560490069,-0.840863937125187,-1.88458290131647E-30));
#10241=DIRECTION('',(0.0159931018981171,0.00872541939339046,-0.999834030101039));
#10242=DIRECTION('',(-0.541246560490069,-0.840863937125187,0.));
#10243=DIRECTION('center_axis',(0.,-0.999961923064171,-0.00872653549837108));
#10244=DIRECTION('ref_axis',(-1.,0.,0.));
#10245=DIRECTION('',(1.,-6.51177766709186E-32,7.46175812814485E-30));
#10246=DIRECTION('',(1.,0.,0.));
#10247=DIRECTION('center_axis',(0.999317112692858,0.0359048166323871,0.00872653549837472));
#10248=DIRECTION('ref_axis',(0.0359061838298446,-0.999355165075349,0.));
#10249=DIRECTION('',(-0.0359061838298446,0.999355165075349,0.));
#10250=DIRECTION('',(0.00904533501402077,-0.0087261784968548,-0.999921014742327));
#10251=DIRECTION('',(0.0359061838298446,-0.999355165075349,0.));
#10252=DIRECTION('',(0.00841832922356821,0.00872622627566899,-0.999926489652149));
#10253=DIRECTION('center_axis',(0.,0.999961923064171,0.00872653549837108));
#10254=DIRECTION('ref_axis',(1.,0.,0.));
#10255=DIRECTION('',(-1.,0.,0.));
#10256=DIRECTION('',(1.,0.,0.));
#10257=DIRECTION('',(-0.00448565397696134,0.00872644770421939,-0.99995186285084));
#10258=DIRECTION('center_axis',(-0.81316150162486,0.581972696828123,0.00872653549837048));
#10259=DIRECTION('ref_axis',(0.581994857408961,0.813192465502186,0.));
#10260=DIRECTION('',(-0.581994857408961,-0.813192465502186,0.));
#10261=DIRECTION('',(0.581994857408961,0.813192465502186,0.));
#10262=DIRECTION('',(-0.0169742661028551,-0.00872527823818533,-0.999817855316625));
#10263=DIRECTION('center_axis',(0.,-0.999961923064171,0.00872653549837108));
#10264=DIRECTION('ref_axis',(-1.,0.,0.));
#10265=DIRECTION('',(1.,0.,0.));
#10266=DIRECTION('',(-1.,0.,0.));
#10267=DIRECTION('',(0.00479531418680451,-0.00872643516428593,-0.999950425916792));
#10268=DIRECTION('center_axis',(0.844099164176606,-0.536116077556485,0.00872653549837078));
#10269=DIRECTION('ref_axis',(-0.536136491991286,-0.84413130611018,0.));
#10270=DIRECTION('',(0.536136491991286,0.84413130611018,0.));
#10271=DIRECTION('',(-0.536136491991286,-0.84413130611018,0.));
#10272=DIRECTION('',(0.00479531418680451,-0.00872643516428593,-0.999950425916792));
#10273=DIRECTION('center_axis',(0.,-0.999961923064171,0.00872653549837108));
#10274=DIRECTION('ref_axis',(-1.,0.,0.));
#10275=DIRECTION('',(1.,0.,0.));
#10276=DIRECTION('',(-1.,0.,0.));
#10277=DIRECTION('',(-0.00905381729425557,-0.00872617782696942,-0.999920937981066));
#10278=DIRECTION('center_axis',(-0.999283039713708,0.0368409299384098,0.00872653549837757));
#10279=DIRECTION('ref_axis',(0.0368423327815509,0.999321090798755,0.));
#10280=DIRECTION('',(-0.0368423327815509,-0.999321090798755,0.));
#10281=DIRECTION('',(0.0368423327815509,0.999321090798755,0.));
#10282=DIRECTION('',(-0.00905381729425557,-0.00872617782696943,-0.999920937981066));
#10283=DIRECTION('center_axis',(0.,-0.999961923064171,0.00872653549837108));
#10284=DIRECTION('ref_axis',(-1.,0.,0.));
#10285=DIRECTION('',(1.,0.,0.));
#10286=DIRECTION('',(-1.,0.,0.));
#10287=DIRECTION('center_axis',(-7.46175812814485E-30,2.56173195881754E-30,
1.));
#10288=DIRECTION('ref_axis',(1.,0.,7.46175812814485E-30));
#10289=DIRECTION('center_axis',(0.946777572645743,-0.32177022160733,0.00872653549837985));
#10290=DIRECTION('ref_axis',(-0.321782474097947,-0.946813624407361,0.));
#10291=DIRECTION('',(0.321782474097947,0.946813624407361,0.));
#10292=DIRECTION('',(0.00625083283067677,-0.00872636501113293,-0.999942387161688));
#10293=DIRECTION('',(-0.321782474097947,-0.946813624407361,0.));
#10294=DIRECTION('',(0.0121816221618744,0.00872588800067713,-0.999887727177459));
#10295=DIRECTION('center_axis',(0.,0.999961923064171,0.00872653549837108));
#10296=DIRECTION('ref_axis',(1.,0.,0.));
#10297=DIRECTION('',(-1.,0.,0.));
#10298=DIRECTION('',(1.,0.,0.));
#10299=DIRECTION('',(-0.00625083794545041,0.00872636501085393,-0.999942387129717));
#10300=DIRECTION('center_axis',(-0.946777821942008,0.321769488076392,0.00872653549837389));
#10301=DIRECTION('ref_axis',(0.321781740539078,0.946813873713119,0.));
#10302=DIRECTION('',(-0.321781740539078,-0.946813873713119,0.));
#10303=DIRECTION('',(0.321781740539078,0.946813873713119,0.));
#10304=DIRECTION('',(-0.0121816121952835,-0.00872588800173668,-0.999887727298873));
#10305=DIRECTION('center_axis',(0.,-0.999961923064171,0.00872653549837108));
#10306=DIRECTION('ref_axis',(-1.,0.,0.));
#10307=DIRECTION('',(1.,0.,0.));
#10308=DIRECTION('',(-1.,0.,0.));
#10309=DIRECTION('center_axis',(0.,0.,1.));
#10310=DIRECTION('ref_axis',(-1.,0.,0.));
#10311=DIRECTION('center_axis',(0.946777267005217,-0.321771120923441,0.00872653549837991));
#10312=DIRECTION('ref_axis',(-0.321783373448302,-0.946813318755197,0.));
#10313=DIRECTION('',(0.321783373448302,0.946813318755197,0.));
#10314=DIRECTION('',(0.00625082655990857,-0.008726365011475,-0.999942387200885));
#10315=DIRECTION('',(-0.321783373448302,-0.946813318755197,0.));
#10316=DIRECTION('',(-0.00826243968039546,0.0028079373803912,-0.999961923064171));
#10317=DIRECTION('center_axis',(-0.946781809751577,0.3217577540662,0.00872653549837343));
#10318=DIRECTION('ref_axis',(0.321770006082073,0.946817861674537,0.));
#10319=DIRECTION('',(-0.321770006082073,-0.946817861674537,0.));
#10320=DIRECTION('',(0.321770006082073,0.946817861674537,0.));
#10321=DIRECTION('',(-0.0121814527655127,-0.00872588801868574,-0.999887729241042));
#10322=DIRECTION('center_axis',(0.,-0.999961923064171,0.00872653549837108));
#10323=DIRECTION('ref_axis',(-1.,0.,0.));
#10324=DIRECTION('',(1.,0.,0.));
#10325=DIRECTION('',(-1.,0.,0.));
#10326=DIRECTION('',(0.00625095163916478,-0.00872636500465197,-0.999942386419043));
#10327=DIRECTION('center_axis',(0.946783363233323,-0.321753182863502,0.00872653549837214));
#10328=DIRECTION('ref_axis',(-0.321765434705311,-0.946819415215437,0.));
#10329=DIRECTION('',(0.321765434705311,0.946819415215437,0.));
#10330=DIRECTION('',(-0.321765434705311,-0.946819415215437,0.));
#10331=DIRECTION('center_axis',(0.946775471162161,-0.321776404952046,0.00872653549837529));
#10332=DIRECTION('ref_axis',(-0.321788657678115,-0.946811522843758,0.));
#10333=DIRECTION('',(0.321788657678115,0.946811522843758,0.));
#10334=DIRECTION('',(-0.321788657678115,-0.946811522843758,0.));
#10335=DIRECTION('',(0.0121817061763477,0.00872588799174541,-0.999887726153986));
#10336=DIRECTION('center_axis',(0.,0.999961923064171,0.00872653549837108));
#10337=DIRECTION('ref_axis',(1.,0.,0.));
#10338=DIRECTION('',(-1.,0.,0.));
#10339=DIRECTION('',(1.,0.,0.));
#10340=DIRECTION('',(-0.00625087582372543,0.00872636500878769,-0.99994238689295));
#10341=DIRECTION('center_axis',(-0.946779668121303,0.321764055808463,0.00872653549837066));
#10342=DIRECTION('ref_axis',(0.321776308064296,0.946815719962713,0.));
#10343=DIRECTION('',(-0.321776308064296,-0.946815719962713,0.));
#10344=DIRECTION('',(0.321776308064296,0.946815719962713,0.));
#10345=DIRECTION('',(-0.0121815383867342,-0.00872588800958333,-0.99988772819801));
#10346=DIRECTION('center_axis',(0.,-0.999961923064171,0.00872653549837108));
#10347=DIRECTION('ref_axis',(-1.,0.,0.));
#10348=DIRECTION('',(1.,0.,0.));
#10349=DIRECTION('',(-1.,0.,0.));
#10350=DIRECTION('center_axis',(0.,0.,1.));
#10351=DIRECTION('ref_axis',(-1.,0.,0.));
#10352=DIRECTION('center_axis',(0.,0.,1.));
#10353=DIRECTION('ref_axis',(1.,0.,0.));
#10354=DIRECTION('center_axis',(0.,0.,1.));
#10355=DIRECTION('ref_axis',(1.,0.,0.));
#10356=DIRECTION('center_axis',(0.301244887421899,-0.000114851220486481,
0.953546802527996));
#10357=DIRECTION('ref_axis',(-0.953546733226305,0.000363544779263232,0.301244909315719));
#10358=DIRECTION('',(0.95354680881702,0.,-0.30124488940873));
#10359=DIRECTION('',(-0.000381255307342343,-0.999999927322193,0.));
#10360=DIRECTION('',(-0.953546733226305,0.000363544779263232,0.301244909315719));
#10361=DIRECTION('',(-0.000381255307342343,-0.999999927322193,0.));
#10362=DIRECTION('center_axis',(0.485350632798277,-0.000185042518124792,
0.874319580589145));
#10363=DIRECTION('ref_axis',(-0.874319517045515,0.000333338980413046,0.485350668072499));
#10364=DIRECTION('',(0.874319595557817,0.,-0.485350641107658));
#10365=DIRECTION('',(-0.874319517045515,0.000333338980413046,0.485350668072499));
#10366=DIRECTION('',(-0.000381255307342343,-0.999999927322193,0.));
#10367=DIRECTION('center_axis',(0.624095560545853,-0.000237939762039841,
0.78134798565788));
#10368=DIRECTION('ref_axis',(-0.781347928871222,0.000297893066413408,0.624095605903753));
#10369=DIRECTION('',(0.781348007776018,0.,-0.624095578212542));
#10370=DIRECTION('',(-0.781347928871222,0.000297893066413408,0.624095605903753));
#10371=DIRECTION('',(-0.000381255307342343,-0.999999927322193,0.));
#10372=DIRECTION('center_axis',(0.77614903272312,-0.000295910959520475,
0.630549436158394));
#10373=DIRECTION('ref_axis',(-0.630549390331444,0.000240400319077184,0.776149089131934));
#10374=DIRECTION('',(0.63054946376489,0.,-0.776149066704206));
#10375=DIRECTION('',(-0.630549390331444,0.000240400319077184,0.776149089131934));
#10376=DIRECTION('',(-0.000381255307342343,-0.999999927322193,0.));
#10377=DIRECTION('center_axis',(0.884145547673689,-0.00033708520701231,
0.467211447743264));
#10378=DIRECTION('ref_axis',(-0.46721141378736,0.000178126844065056,0.884145611931453));
#10379=DIRECTION('',(0.467211474287052,0.,-0.884145597904847));
#10380=DIRECTION('',(-0.46721141378736,0.000178126844103274,0.884145611931453));
#10381=DIRECTION('',(-0.000381255307342343,-0.999999927322193,0.));
#10382=DIRECTION('center_axis',(0.957763880968125,-0.000365152589338387,
0.287555585889864));
#10383=DIRECTION('ref_axis',(-0.287555564990954,0.000109632093276481,0.957763950576308));
#10384=DIRECTION('',(0.287555605060681,0.,-0.957763944820531));
#10385=DIRECTION('',(-0.287555564990954,0.000109632093276481,0.957763950576308));
#10386=DIRECTION('',(-0.000381255307342343,-0.999999927322193,0.));
#10387=DIRECTION('center_axis',(0.995118212343427,-0.000379394127462489,
0.0986894093736428));
#10388=DIRECTION('ref_axis',(-0.0986894022011129,3.76258611388099E-5,0.995118284666442));
#10389=DIRECTION('',(0.0986894164763156,0.,-0.995118283962044));
#10390=DIRECTION('',(-0.0986894022011129,3.76258611021941E-5,0.995118284666442));
#10391=DIRECTION('',(-0.000381255307342343,-0.999999927322193,0.));
#10392=DIRECTION('center_axis',(0.999999927322193,-0.000381255307342343,
-6.94535114358199E-11));
#10393=DIRECTION('ref_axis',(6.94535012840965E-11,-3.98668588360622E-14,
1.));
#10394=DIRECTION('',(-6.94535164835492E-11,0.,-1.));
#10395=DIRECTION('',(6.94535063880909E-11,-2.64795198484766E-14,1.));
#10396=DIRECTION('',(-0.000381255307342343,-0.999999927322193,0.));
#10397=DIRECTION('center_axis',(0.995565589750918,-0.000379564692485877,
-0.0940691896135567));
#10398=DIRECTION('ref_axis',(0.0940691827768143,-3.58643777975728E-5,0.995565662106447));
#10399=DIRECTION('',(-0.0940691963898012,0.,-0.995565661466172));
#10400=DIRECTION('',(0.0940691827768143,-3.58643777975728E-5,0.995565662106447));
#10401=DIRECTION('',(0.000381255307342343,0.999999927322193,0.));
#10402=DIRECTION('center_axis',(-0.995565589750918,0.000379564692485877,
-0.0940691896135575));
#10403=DIRECTION('ref_axis',(0.0940691827768151,-3.58643777975731E-5,-0.995565662106447));
#10404=DIRECTION('',(-0.000381255307342343,-0.999999927322193,0.));
#10405=DIRECTION('',(0.0940691827768151,-3.58643777975731E-5,-0.995565662106447));
#10406=DIRECTION('',(-0.000381255307342343,-0.999999927322193,0.));
#10407=DIRECTION('',(-0.094069196389802,0.,0.995565661466172));
#10408=DIRECTION('center_axis',(-0.957451625489598,0.0003650335402713,0.288593575115318));
#10409=DIRECTION('ref_axis',(-0.288593554140969,0.000110027832142379,-0.957451695075088));
#10410=DIRECTION('',(0.288593594342792,0.,0.957451689279573));
#10411=DIRECTION('',(-0.000381255307342343,-0.999999927322193,0.));
#10412=DIRECTION('',(-0.288593554140969,0.00011002783217765,-0.957451695075088));
#10413=DIRECTION('',(-0.000381255307342343,-0.999999927322193,0.));
#10414=DIRECTION('center_axis',(-0.884651872107013,0.000337278245903782,
0.466252025648084));
#10415=DIRECTION('ref_axis',(-0.46625199176191,0.000177761059337505,-0.884651936401576));
#10416=DIRECTION('',(0.466252052167713,0.,0.884651922424519));
#10417=DIRECTION('',(-0.46625199176191,0.000177761059337505,-0.884651936401576));
#10418=DIRECTION('',(-0.000381255307342343,-0.999999927322193,0.));
#10419=DIRECTION('center_axis',(-0.77614903272304,0.000295910959520444,
0.630549436158494));
#10420=DIRECTION('ref_axis',(-0.630549390331543,0.000240400319077222,-0.776149089131853));
#10421=DIRECTION('',(0.630549463764989,0.,0.776149066704126));
#10422=DIRECTION('',(-0.630549390331543,0.000240400319077222,-0.776149089131853));
#10423=DIRECTION('',(-0.000381255307342343,-0.999999927322193,0.));
#10424=DIRECTION('center_axis',(-0.624695030363049,0.000238168313105849,
0.780868786874955));
#10425=DIRECTION('ref_axis',(-0.780868730123124,0.000297710369334146,-0.624695075764517));
#10426=DIRECTION('',(0.780868809022013,0.,0.624695048080695));
#10427=DIRECTION('',(-0.780868730123124,0.000297710369334146,-0.624695075764517));
#10428=DIRECTION('',(-0.000381255307342343,-0.999999927322193,0.));
#10429=DIRECTION('center_axis',(-0.485350633184335,0.000185042518271979,
0.874319580374838));
#10430=DIRECTION('ref_axis',(-0.874319516831208,0.000333338980295581,-0.485350668458557));
#10431=DIRECTION('',(0.87431959534351,0.,0.485350641493716));
#10432=DIRECTION('',(-0.874319516831208,0.00033333898033134,-0.485350668458557));
#10433=DIRECTION('',(-0.000381255307342343,-0.999999927322193,0.));
#10434=DIRECTION('center_axis',(-0.300904570764887,0.000114721472945388,
0.953654248735768));
#10435=DIRECTION('ref_axis',(-0.953654179426269,0.000363585743700199,-0.300904592633973));
#10436=DIRECTION('',(0.953654255011298,0.,0.300904572744992));
#10437=DIRECTION('',(-0.953654179426269,0.000363585743700199,-0.300904592633973));
#10438=DIRECTION('',(-0.000381255307342343,-0.999999927322193,0.));
#10439=DIRECTION('center_axis',(-0.0951789810174474,3.62874942976334E-5,
0.995460175122892));
#10440=DIRECTION('ref_axis',(-0.995460102775029,0.000379524475048558,-0.0951789879348475));
#10441=DIRECTION('',(0.995460175778294,0.,0.0951789810801124));
#10442=DIRECTION('',(-0.995460102775029,0.000379524475013658,-0.0951789879348475));
#10443=DIRECTION('',(-0.000381255307342343,-0.999999927322193,0.));
#10444=DIRECTION('center_axis',(5.16451497366562E-11,-1.96899888666154E-14,
1.));
#10445=DIRECTION('ref_axis',(-0.999999927322193,0.000381255307342461,5.16451534901127E-11));
#10446=DIRECTION('',(1.,0.,-5.16451497366562E-11));
#10447=DIRECTION('',(-0.999999927322193,0.000381255307342461,5.16451534901127E-11));
#10448=DIRECTION('',(-0.000381255307342343,-0.999999927322193,0.));
#10449=DIRECTION('center_axis',(0.0951789793473384,-3.62874936608955E-5,
0.995460175282576));
#10450=DIRECTION('ref_axis',(-0.995460102934713,0.000379524475074539,0.0951789862647385));
#10451=DIRECTION('',(0.995460175937978,0.,-0.0951789794100034));
#10452=DIRECTION('',(-0.995460102934713,0.000379524475074539,0.0951789862647385));
#10453=DIRECTION('center_axis',(-0.999999927322193,0.000381255307342343,
-3.16160659670609E-30));
#10454=DIRECTION('ref_axis',(1.02079882241979E-17,2.67746764063651E-14,
-1.));
#10455=DIRECTION('',(-3.16160682648474E-30,0.,1.));
#10456=DIRECTION('',(3.16160636692745E-30,-1.20537929472313E-33,-1.));
#10457=DIRECTION('',(-0.000381255307342343,-0.999999927322193,0.));
#10458=DIRECTION('center_axis',(-0.995118212348882,0.000379394127464569,
0.0986894093186342));
#10459=DIRECTION('ref_axis',(-0.0986894021461043,3.76258610812218E-5,-0.995118284671897));
#10460=DIRECTION('',(0.098689416421307,0.,0.9951182839675));
#10461=DIRECTION('',(-0.0986894021461043,3.76258610812218E-5,-0.995118284671897));
#10462=DIRECTION('center_axis',(0.000381255307342461,0.999999927322193,
0.));
#10463=DIRECTION('ref_axis',(-0.999999927322193,0.000381255307342461,0.));
#10464=DIRECTION('',(-0.999999927322193,0.000381255307342461,0.));
#10465=DIRECTION('',(0.,0.,1.));
#10466=DIRECTION('',(-0.999999927322193,0.000381255307342461,0.));
#10467=DIRECTION('',(0.,0.,1.));
#10468=DIRECTION('',(-0.999999927322193,0.000381255307342461,0.));
#10469=DIRECTION('center_axis',(0.,0.,1.));
#10470=DIRECTION('ref_axis',(1.,0.,0.));
#10471=DIRECTION('center_axis',(0.,0.,1.));
#10472=DIRECTION('ref_axis',(1.,-1.11022302462516E-15,0.));
#10473=DIRECTION('',(0.,1.,0.));
#10474=DIRECTION('center_axis',(0.,0.,1.));
#10475=DIRECTION('ref_axis',(0.861254818367784,-0.508173334442368,0.));
#10476=DIRECTION('',(0.508173334442364,0.861254818367787,0.));
#10477=DIRECTION('',(0.49718045183309,0.867647162339072,0.));
#10478=DIRECTION('center_axis',(0.,0.,1.));
#10479=DIRECTION('ref_axis',(-0.497180451833012,-0.867647162339117,0.));
#10480=DIRECTION('',(0.867647162339106,-0.49718045183303,0.));
#10481=DIRECTION('',(0.96596550824938,-0.258670904572812,0.));
#10482=DIRECTION('',(1.,0.,0.));
#10483=DIRECTION('center_axis',(0.,0.,1.));
#10484=DIRECTION('ref_axis',(-0.999999976281282,-0.000217801368536663,0.));
#10485=DIRECTION('',(0.000217801368536189,-0.999999976281282,0.));
#10486=DIRECTION('',(0.999975630705395,-0.0069812602979617,0.));
#10487=DIRECTION('center_axis',(0.,0.,1.));
#10488=DIRECTION('ref_axis',(1.66533453693773E-15,-1.,0.));
#10489=DIRECTION('',(1.,0.,0.));
#10490=DIRECTION('center_axis',(0.,0.,1.));
#10491=DIRECTION('ref_axis',(-1.,0.,0.));
#10492=DIRECTION('',(2.96097104057222E-15,-1.,0.));
#10493=DIRECTION('center_axis',(0.,0.,1.));
#10494=DIRECTION('ref_axis',(0.000381255307342343,0.999999927322193,0.));
#10495=DIRECTION('',(-1.,0.,0.));
#10496=DIRECTION('',(0.,-1.,0.));
#10497=DIRECTION('',(1.,0.,0.));
#10498=DIRECTION('',(0.,1.,0.));
#10499=DIRECTION('',(-1.,0.,0.));
#10500=DIRECTION('center_axis',(0.,0.,1.));
#10501=DIRECTION('ref_axis',(1.,0.,0.));
#10502=DIRECTION('center_axis',(0.,0.,1.));
#10503=DIRECTION('ref_axis',(1.,0.,0.));
#10504=DIRECTION('center_axis',(0.,0.,-1.));
#10505=DIRECTION('ref_axis',(1.,0.,0.));
#10506=DIRECTION('center_axis',(0.,0.,-1.));
#10507=DIRECTION('ref_axis',(1.,0.,0.));
#10508=DIRECTION('center_axis',(0.,0.,-1.));
#10509=DIRECTION('ref_axis',(1.,0.,0.));
#10510=DIRECTION('center_axis',(0.,0.,-1.));
#10511=DIRECTION('ref_axis',(1.,0.,0.));
#10512=DIRECTION('',(0.499999999999998,0.86602540378444,0.));
#10513=DIRECTION('',(-0.866025403784438,0.5,0.));
#10514=DIRECTION('',(-0.5,-0.866025403784439,0.));
#10515=DIRECTION('',(0.866025403784439,-0.499999999999999,0.));
#10516=DIRECTION('',(0.25881904510252,0.965925826289069,0.));
#10517=DIRECTION('',(-0.965925826289068,0.258819045102521,0.));
#10518=DIRECTION('',(-0.258819045102521,-0.965925826289068,0.));
#10519=DIRECTION('',(0.965925826289069,-0.25881904510252,0.));
#10520=DIRECTION('',(6.34413156928662E-16,1.,0.));
#10521=DIRECTION('',(-1.,1.26882631385732E-15,0.));
#10522=DIRECTION('',(-6.34413156928662E-16,-1.,0.));
#10523=DIRECTION('',(1.,-4.75809867696496E-16,0.));
#10524=DIRECTION('',(0.,1.,0.));
#10525=DIRECTION('',(-1.,6.34413156928664E-16,0.));
#10526=DIRECTION('',(0.,-1.,0.));
#10527=DIRECTION('',(1.,0.,0.));
#10528=DIRECTION('',(0.,1.,0.));
#10529=DIRECTION('',(-1.,6.34413156928665E-16,0.));
#10530=DIRECTION('',(0.,-1.,0.));
#10531=DIRECTION('',(1.,0.,0.));
#10532=DIRECTION('',(0.,1.,0.));
#10533=DIRECTION('',(-1.,6.34413156928666E-16,0.));
#10534=DIRECTION('',(0.,-1.,0.));
#10535=DIRECTION('',(1.,0.,0.));
#10536=DIRECTION('',(6.34413156928664E-16,1.,0.));
#10537=DIRECTION('',(-1.,9.51619735392995E-16,0.));
#10538=DIRECTION('',(0.,-1.,0.));
#10539=DIRECTION('',(1.,-6.34413156928664E-16,0.));
#10540=DIRECTION('',(0.,1.,0.));
#10541=DIRECTION('',(-1.,6.34413156928661E-16,0.));
#10542=DIRECTION('',(0.,-1.,0.));
#10543=DIRECTION('',(1.,0.,0.));
#10544=DIRECTION('',(9.07368682427659E-16,1.,0.));
#10545=DIRECTION('',(-0.00191204612956812,-0.999998172038129,0.));
#10546=DIRECTION('center_axis',(0.,0.,1.));
#10547=DIRECTION('ref_axis',(0.00191204612956741,0.999998172038129,0.));
#10548=DIRECTION('',(-1.90323947078599E-15,1.,0.));
#10549=DIRECTION('',(-1.,-9.51619735392993E-16,0.));
#10550=DIRECTION('',(1.90323947078599E-15,-1.,0.));
#10551=DIRECTION('',(1.,1.90323947078599E-15,0.));
#10552=DIRECTION('',(-3.17206578464332E-16,1.,0.));
#10553=DIRECTION('',(-1.,3.17206578464331E-16,0.));
#10554=DIRECTION('',(6.34413156928663E-16,-1.,0.));
#10555=DIRECTION('',(1.,3.17206578464332E-16,0.));
#10556=DIRECTION('',(0.,1.,0.));
#10557=DIRECTION('',(-1.,6.34413156928663E-16,0.));
#10558=DIRECTION('',(0.,-1.,0.));
#10559=DIRECTION('',(1.,0.,0.));
#10560=DIRECTION('',(-9.51619735392993E-16,1.,0.));
#10561=DIRECTION('',(-1.,-3.17206578464331E-16,0.));
#10562=DIRECTION('',(9.51619735392993E-16,-1.,0.));
#10563=DIRECTION('',(1.,9.51619735392993E-16,0.));
#10564=DIRECTION('',(0.,1.,0.));
#10565=DIRECTION('',(-1.,3.17206578464331E-16,0.));
#10566=DIRECTION('',(0.,-1.,0.));
#10567=DIRECTION('',(1.,0.,0.));
#10568=DIRECTION('',(3.17206578464331E-16,1.,0.));
#10569=DIRECTION('',(-1.,6.34413156928661E-16,0.));
#10570=DIRECTION('',(0.,-1.,0.));
#10571=DIRECTION('',(1.,-3.17206578464331E-16,0.));
#10572=DIRECTION('',(0.,1.,0.));
#10573=DIRECTION('',(-1.,9.51619735392995E-16,0.));
#10574=DIRECTION('',(-6.34413156928663E-16,-1.,0.));
#10575=DIRECTION('',(1.,-3.17206578464331E-16,0.));
#10576=DIRECTION('',(-6.34413156928664E-16,1.,0.));
#10577=DIRECTION('',(-1.,0.,0.));
#10578=DIRECTION('',(6.34413156928664E-16,-1.,0.));
#10579=DIRECTION('',(1.,6.34413156928664E-16,0.));
#10580=DIRECTION('',(-3.17206578464332E-16,1.,0.));
#10581=DIRECTION('',(-1.,6.34413156928664E-16,0.));
#10582=DIRECTION('',(0.,-1.,0.));
#10583=DIRECTION('',(1.,0.,0.));
#10584=DIRECTION('',(0.,1.,0.));
#10585=DIRECTION('',(-1.,6.34413156928664E-16,0.));
#10586=DIRECTION('',(0.,-1.,0.));
#10587=DIRECTION('',(1.,3.17206578464332E-16,0.));
#10588=DIRECTION('',(0.,1.,0.));
#10589=DIRECTION('',(-1.,6.34413156928664E-16,0.));
#10590=DIRECTION('',(0.,-1.,0.));
#10591=DIRECTION('',(1.,0.,0.));
#10592=DIRECTION('',(-6.34413156928664E-16,1.,0.));
#10593=DIRECTION('',(-1.,-3.17206578464332E-16,0.));
#10594=DIRECTION('',(1.26882631385733E-15,-1.,0.));
#10595=DIRECTION('',(1.,1.11022302462516E-15,0.));
#10596=DIRECTION('',(-6.34413156928662E-16,1.,0.));
#10597=DIRECTION('',(-1.,-3.17206578464331E-16,0.));
#10598=DIRECTION('',(6.34413156928662E-16,-1.,0.));
#10599=DIRECTION('',(1.,7.93016446160827E-16,0.));
#10600=DIRECTION('center_axis',(0.,0.,1.));
#10601=DIRECTION('ref_axis',(1.,0.,0.));
#10602=DIRECTION('',(0.,0.,1.));
#10603=DIRECTION('center_axis',(0.,0.,1.));
#10604=DIRECTION('ref_axis',(1.,0.,0.));
#10605=DIRECTION('center_axis',(0.,0.,-1.));
#10606=DIRECTION('ref_axis',(1.,0.,0.));
#10607=DIRECTION('center_axis',(0.,0.,1.));
#10608=DIRECTION('ref_axis',(1.,0.,0.));
#10609=DIRECTION('',(0.,0.,1.));
#10610=DIRECTION('center_axis',(0.,0.,1.));
#10611=DIRECTION('ref_axis',(1.,0.,0.));
#10612=DIRECTION('center_axis',(0.,0.,-1.));
#10613=DIRECTION('ref_axis',(1.,0.,0.));
#10614=DIRECTION('center_axis',(0.,0.,1.));
#10615=DIRECTION('ref_axis',(1.,0.,0.));
#10616=DIRECTION('center_axis',(0.,0.,-1.));
#10617=DIRECTION('ref_axis',(1.,0.,0.));
#10618=DIRECTION('',(0.,0.,-1.));
#10619=DIRECTION('center_axis',(0.,0.,1.));
#10620=DIRECTION('ref_axis',(1.,0.,0.));
#10621=DIRECTION('center_axis',(0.,0.,-1.));
#10622=DIRECTION('ref_axis',(1.,0.,0.));
#10623=DIRECTION('',(0.,0.,-1.));
#10624=DIRECTION('center_axis',(0.,0.,1.));
#10625=DIRECTION('ref_axis',(1.,0.,0.));
#10626=DIRECTION('center_axis',(0.,0.,-1.));
#10627=DIRECTION('ref_axis',(1.,0.,0.));
#10628=DIRECTION('',(0.,0.,-1.));
#10629=DIRECTION('center_axis',(0.,0.,1.));
#10630=DIRECTION('ref_axis',(1.,0.,0.));
#10631=DIRECTION('center_axis',(0.,0.,-1.));
#10632=DIRECTION('ref_axis',(1.,0.,0.));
#10633=DIRECTION('',(0.,0.,-1.));
#10634=DIRECTION('center_axis',(0.,-1.,0.));
#10635=DIRECTION('ref_axis',(1.,0.,0.));
#10636=DIRECTION('',(0.,0.,1.));
#10637=DIRECTION('',(1.,0.,0.));
#10638=DIRECTION('',(0.,0.,1.));
#10639=DIRECTION('center_axis',(0.,0.,1.));
#10640=DIRECTION('ref_axis',(-1.,0.,0.));
#10641=DIRECTION('center_axis',(0.,0.,1.));
#10642=DIRECTION('ref_axis',(-1.,0.,0.));
#10643=DIRECTION('',(0.,0.,1.));
#10644=DIRECTION('center_axis',(-1.,-2.96097104057222E-15,0.));
#10645=DIRECTION('ref_axis',(2.96097104057222E-15,-1.,0.));
#10646=DIRECTION('',(2.96097104057222E-15,-1.,0.));
#10647=DIRECTION('',(0.,0.,1.));
#10648=DIRECTION('center_axis',(0.,0.,1.));
#10649=DIRECTION('ref_axis',(0.000381255307342343,0.999999927322193,0.));
#10650=DIRECTION('center_axis',(0.,0.,1.));
#10651=DIRECTION('ref_axis',(0.000381255307342343,0.999999927322193,0.));
#10652=DIRECTION('center_axis',(0.,0.,1.));
#10653=DIRECTION('ref_axis',(1.,-1.11022302462516E-15,0.));
#10654=DIRECTION('center_axis',(0.,0.,1.));
#10655=DIRECTION('ref_axis',(1.,-1.11022302462516E-15,0.));
#10656=DIRECTION('',(0.,0.,1.));
#10657=DIRECTION('center_axis',(1.,0.,0.));
#10658=DIRECTION('ref_axis',(0.,1.,0.));
#10659=DIRECTION('',(0.,1.,0.));
#10660=DIRECTION('',(0.,0.,1.));
#10661=DIRECTION('center_axis',(0.,0.,1.));
#10662=DIRECTION('ref_axis',(0.861254818367784,-0.508173334442368,0.));
#10663=DIRECTION('center_axis',(0.,0.,1.));
#10664=DIRECTION('ref_axis',(0.861254818367784,-0.508173334442368,0.));
#10665=DIRECTION('',(0.,0.,1.));
#10666=DIRECTION('center_axis',(0.861254818367787,-0.508173334442364,0.));
#10667=DIRECTION('ref_axis',(0.508173334442364,0.861254818367787,0.));
#10668=DIRECTION('',(0.508173334442364,0.861254818367787,0.));
#10669=DIRECTION('',(0.,0.,1.));
#10670=DIRECTION('center_axis',(0.867647162339073,-0.49718045183309,0.));
#10671=DIRECTION('ref_axis',(0.49718045183309,0.867647162339072,0.));
#10672=DIRECTION('',(0.49718045183309,0.867647162339072,0.));
#10673=DIRECTION('',(0.,0.,1.));
#10674=DIRECTION('center_axis',(0.,0.,1.));
#10675=DIRECTION('ref_axis',(-0.497180451833012,-0.867647162339117,0.));
#10676=DIRECTION('center_axis',(0.,0.,1.));
#10677=DIRECTION('ref_axis',(-0.497180451833012,-0.867647162339117,0.));
#10678=DIRECTION('',(0.,0.,1.));
#10679=DIRECTION('center_axis',(-0.49718045183303,-0.867647162339107,0.));
#10680=DIRECTION('ref_axis',(0.867647162339106,-0.49718045183303,0.));
#10681=DIRECTION('',(0.867647162339106,-0.49718045183303,0.));
#10682=DIRECTION('',(0.,0.,1.));
#10683=DIRECTION('center_axis',(-0.258670904572812,-0.96596550824938,0.));
#10684=DIRECTION('ref_axis',(0.96596550824938,-0.258670904572812,0.));
#10685=DIRECTION('',(0.96596550824938,-0.258670904572812,0.));
#10686=DIRECTION('',(0.,0.,1.));
#10687=DIRECTION('center_axis',(0.,-1.,0.));
#10688=DIRECTION('ref_axis',(1.,0.,0.));
#10689=DIRECTION('',(1.,0.,0.));
#10690=DIRECTION('',(0.,0.,1.));
#10691=DIRECTION('center_axis',(0.,0.,1.));
#10692=DIRECTION('ref_axis',(-0.999999976281282,-0.000217801368536663,0.));
#10693=DIRECTION('center_axis',(0.,0.,1.));
#10694=DIRECTION('ref_axis',(-0.999999976281282,-0.000217801368536663,0.));
#10695=DIRECTION('',(0.,0.,1.));
#10696=DIRECTION('center_axis',(-0.999999976281282,-0.000217801368536189,
0.));
#10697=DIRECTION('ref_axis',(0.000217801368536189,-0.999999976281282,0.));
#10698=DIRECTION('',(0.000217801368536189,-0.999999976281282,0.));
#10699=DIRECTION('',(0.,0.,1.));
#10700=DIRECTION('center_axis',(-0.0069812602979617,-0.999975630705395,
0.));
#10701=DIRECTION('ref_axis',(0.999975630705395,-0.0069812602979617,0.));
#10702=DIRECTION('',(0.999975630705395,-0.0069812602979617,0.));
#10703=DIRECTION('',(0.,0.,1.));
#10704=DIRECTION('center_axis',(0.,0.,1.));
#10705=DIRECTION('ref_axis',(1.66533453693773E-15,-1.,0.));
#10706=DIRECTION('center_axis',(0.,0.,1.));
#10707=DIRECTION('ref_axis',(1.66533453693773E-15,-1.,0.));
#10708=DIRECTION('center_axis',(1.,0.,0.));
#10709=DIRECTION('ref_axis',(0.,-1.,0.));
#10710=DIRECTION('',(0.,-1.,0.));
#10711=DIRECTION('',(0.,0.,-1.));
#10712=DIRECTION('',(0.,0.,-1.));
#10713=DIRECTION('center_axis',(0.,1.,0.));
#10714=DIRECTION('ref_axis',(1.,0.,0.));
#10715=DIRECTION('',(1.,0.,0.));
#10716=DIRECTION('',(0.,0.,-1.));
#10717=DIRECTION('center_axis',(-1.,0.,0.));
#10718=DIRECTION('ref_axis',(0.,1.,0.));
#10719=DIRECTION('',(0.,1.,0.));
#10720=DIRECTION('',(0.,0.,-1.));
#10721=DIRECTION('center_axis',(0.,-1.,0.));
#10722=DIRECTION('ref_axis',(-1.,0.,0.));
#10723=DIRECTION('',(-1.,0.,0.));
#10724=DIRECTION('center_axis',(0.86602540378444,-0.499999999999998,0.));
#10725=DIRECTION('ref_axis',(-0.499999999999998,-0.86602540378444,0.));
#10726=DIRECTION('',(-0.499999999999998,-0.86602540378444,0.));
#10727=DIRECTION('',(0.,0.,-1.));
#10728=DIRECTION('',(0.,0.,-1.));
#10729=DIRECTION('center_axis',(0.5,0.866025403784438,0.));
#10730=DIRECTION('ref_axis',(0.866025403784438,-0.5,0.));
#10731=DIRECTION('',(0.866025403784438,-0.5,0.));
#10732=DIRECTION('',(0.,0.,-1.));
#10733=DIRECTION('center_axis',(-0.866025403784439,0.5,0.));
#10734=DIRECTION('ref_axis',(0.5,0.866025403784439,0.));
#10735=DIRECTION('',(0.5,0.866025403784439,0.));
#10736=DIRECTION('',(0.,0.,-1.));
#10737=DIRECTION('center_axis',(-0.499999999999999,-0.866025403784439,0.));
#10738=DIRECTION('ref_axis',(-0.866025403784439,0.499999999999999,0.));
#10739=DIRECTION('',(-0.866025403784439,0.499999999999999,0.));
#10740=DIRECTION('center_axis',(0.965925826289069,-0.25881904510252,0.));
#10741=DIRECTION('ref_axis',(-0.25881904510252,-0.965925826289069,0.));
#10742=DIRECTION('',(-0.25881904510252,-0.965925826289069,0.));
#10743=DIRECTION('',(0.,0.,-1.));
#10744=DIRECTION('',(0.,0.,-1.));
#10745=DIRECTION('center_axis',(0.258819045102521,0.965925826289068,0.));
#10746=DIRECTION('ref_axis',(0.965925826289068,-0.258819045102521,0.));
#10747=DIRECTION('',(0.965925826289068,-0.258819045102521,0.));
#10748=DIRECTION('',(0.,0.,-1.));
#10749=DIRECTION('center_axis',(-0.965925826289068,0.258819045102521,0.));
#10750=DIRECTION('ref_axis',(0.258819045102521,0.965925826289068,0.));
#10751=DIRECTION('',(0.258819045102521,0.965925826289068,0.));
#10752=DIRECTION('',(0.,0.,-1.));
#10753=DIRECTION('center_axis',(-0.25881904510252,-0.965925826289069,0.));
#10754=DIRECTION('ref_axis',(-0.965925826289069,0.25881904510252,0.));
#10755=DIRECTION('',(-0.965925826289069,0.25881904510252,0.));
#10756=DIRECTION('center_axis',(1.,6.34413156928662E-16,0.));
#10757=DIRECTION('ref_axis',(6.34413156928662E-16,-1.,0.));
#10758=DIRECTION('',(6.34413156928662E-16,-1.,0.));
#10759=DIRECTION('',(0.,0.,-1.));
#10760=DIRECTION('',(0.,0.,-1.));
#10761=DIRECTION('center_axis',(-3.17206578464331E-16,1.,0.));
#10762=DIRECTION('ref_axis',(1.,3.17206578464331E-16,0.));
#10763=DIRECTION('',(1.,3.17206578464331E-16,0.));
#10764=DIRECTION('',(0.,0.,-1.));
#10765=DIRECTION('center_axis',(-1.,-6.34413156928662E-16,0.));
#10766=DIRECTION('ref_axis',(-6.34413156928662E-16,1.,0.));
#10767=DIRECTION('',(-6.34413156928662E-16,1.,0.));
#10768=DIRECTION('',(0.,0.,-1.));
#10769=DIRECTION('center_axis',(7.93016446160827E-16,-1.,0.));
#10770=DIRECTION('ref_axis',(-1.,-7.93016446160827E-16,0.));
#10771=DIRECTION('',(-1.,-7.93016446160827E-16,0.));
#10772=DIRECTION('center_axis',(1.,6.34413156928664E-16,0.));
#10773=DIRECTION('ref_axis',(6.34413156928664E-16,-1.,0.));
#10774=DIRECTION('',(6.34413156928664E-16,-1.,0.));
#10775=DIRECTION('',(0.,0.,-1.));
#10776=DIRECTION('',(0.,0.,-1.));
#10777=DIRECTION('center_axis',(-3.17206578464332E-16,1.,0.));
#10778=DIRECTION('ref_axis',(1.,3.17206578464332E-16,0.));
#10779=DIRECTION('',(1.,3.17206578464332E-16,0.));
#10780=DIRECTION('',(0.,0.,-1.));
#10781=DIRECTION('center_axis',(-1.,-1.26882631385733E-15,0.));
#10782=DIRECTION('ref_axis',(-1.26882631385733E-15,1.,0.));
#10783=DIRECTION('',(-1.26882631385733E-15,1.,0.));
#10784=DIRECTION('',(0.,0.,-1.));
#10785=DIRECTION('center_axis',(1.11022302462516E-15,-1.,0.));
#10786=DIRECTION('ref_axis',(-1.,-1.11022302462516E-15,0.));
#10787=DIRECTION('',(-1.,-1.11022302462516E-15,0.));
#10788=DIRECTION('center_axis',(1.,0.,0.));
#10789=DIRECTION('ref_axis',(0.,-1.,0.));
#10790=DIRECTION('',(0.,-1.,0.));
#10791=DIRECTION('',(0.,0.,-1.));
#10792=DIRECTION('',(0.,0.,-1.));
#10793=DIRECTION('center_axis',(6.34413156928664E-16,1.,0.));
#10794=DIRECTION('ref_axis',(1.,-6.34413156928664E-16,0.));
#10795=DIRECTION('',(1.,-6.34413156928664E-16,0.));
#10796=DIRECTION('',(0.,0.,-1.));
#10797=DIRECTION('center_axis',(-1.,0.,0.));
#10798=DIRECTION('ref_axis',(0.,1.,0.));
#10799=DIRECTION('',(0.,1.,0.));
#10800=DIRECTION('',(0.,0.,-1.));
#10801=DIRECTION('center_axis',(0.,-1.,0.));
#10802=DIRECTION('ref_axis',(-1.,0.,0.));
#10803=DIRECTION('',(-1.,0.,0.));
#10804=DIRECTION('center_axis',(1.,0.,0.));
#10805=DIRECTION('ref_axis',(0.,-1.,0.));
#10806=DIRECTION('',(0.,-1.,0.));
#10807=DIRECTION('',(0.,0.,-1.));
#10808=DIRECTION('',(0.,0.,-1.));
#10809=DIRECTION('center_axis',(6.34413156928664E-16,1.,0.));
#10810=DIRECTION('ref_axis',(1.,-6.34413156928664E-16,0.));
#10811=DIRECTION('',(1.,-6.34413156928664E-16,0.));
#10812=DIRECTION('',(0.,0.,-1.));
#10813=DIRECTION('center_axis',(-1.,0.,0.));
#10814=DIRECTION('ref_axis',(0.,1.,0.));
#10815=DIRECTION('',(0.,1.,0.));
#10816=DIRECTION('',(0.,0.,-1.));
#10817=DIRECTION('center_axis',(3.17206578464332E-16,-1.,0.));
#10818=DIRECTION('ref_axis',(-1.,-3.17206578464332E-16,0.));
#10819=DIRECTION('',(-1.,-3.17206578464332E-16,0.));
#10820=DIRECTION('center_axis',(1.,3.17206578464332E-16,0.));
#10821=DIRECTION('ref_axis',(3.17206578464332E-16,-1.,0.));
#10822=DIRECTION('',(3.17206578464332E-16,-1.,0.));
#10823=DIRECTION('',(0.,0.,-1.));
#10824=DIRECTION('',(0.,0.,-1.));
#10825=DIRECTION('center_axis',(6.34413156928664E-16,1.,0.));
#10826=DIRECTION('ref_axis',(1.,-6.34413156928664E-16,0.));
#10827=DIRECTION('',(1.,-6.34413156928664E-16,0.));
#10828=DIRECTION('',(0.,0.,-1.));
#10829=DIRECTION('center_axis',(-1.,0.,0.));
#10830=DIRECTION('ref_axis',(0.,1.,0.));
#10831=DIRECTION('',(0.,1.,0.));
#10832=DIRECTION('',(0.,0.,-1.));
#10833=DIRECTION('center_axis',(0.,-1.,0.));
#10834=DIRECTION('ref_axis',(-1.,0.,0.));
#10835=DIRECTION('',(-1.,0.,0.));
#10836=DIRECTION('center_axis',(1.,6.34413156928664E-16,0.));
#10837=DIRECTION('ref_axis',(6.34413156928664E-16,-1.,0.));
#10838=DIRECTION('',(6.34413156928664E-16,-1.,0.));
#10839=DIRECTION('',(0.,0.,-1.));
#10840=DIRECTION('',(0.,0.,-1.));
#10841=DIRECTION('center_axis',(0.,1.,0.));
#10842=DIRECTION('ref_axis',(1.,0.,0.));
#10843=DIRECTION('',(1.,0.,0.));
#10844=DIRECTION('',(0.,0.,-1.));
#10845=DIRECTION('center_axis',(-1.,-6.34413156928664E-16,0.));
#10846=DIRECTION('ref_axis',(-6.34413156928664E-16,1.,0.));
#10847=DIRECTION('',(-6.34413156928664E-16,1.,0.));
#10848=DIRECTION('',(0.,0.,-1.));
#10849=DIRECTION('center_axis',(6.34413156928664E-16,-1.,0.));
#10850=DIRECTION('ref_axis',(-1.,-6.34413156928664E-16,0.));
#10851=DIRECTION('',(-1.,-6.34413156928664E-16,0.));
#10852=DIRECTION('center_axis',(1.,0.,0.));
#10853=DIRECTION('ref_axis',(0.,-1.,0.));
#10854=DIRECTION('',(0.,-1.,0.));
#10855=DIRECTION('',(0.,0.,-1.));
#10856=DIRECTION('',(0.,0.,-1.));
#10857=DIRECTION('center_axis',(9.51619735392995E-16,1.,0.));
#10858=DIRECTION('ref_axis',(1.,-9.51619735392995E-16,0.));
#10859=DIRECTION('',(1.,-9.51619735392995E-16,0.));
#10860=DIRECTION('',(0.,0.,-1.));
#10861=DIRECTION('center_axis',(-1.,6.34413156928663E-16,0.));
#10862=DIRECTION('ref_axis',(6.34413156928663E-16,1.,0.));
#10863=DIRECTION('',(6.34413156928663E-16,1.,0.));
#10864=DIRECTION('',(0.,0.,-1.));
#10865=DIRECTION('center_axis',(-3.17206578464331E-16,-1.,0.));
#10866=DIRECTION('ref_axis',(-1.,3.17206578464331E-16,0.));
#10867=DIRECTION('',(-1.,3.17206578464331E-16,0.));
#10868=DIRECTION('center_axis',(1.,-3.17206578464331E-16,0.));
#10869=DIRECTION('ref_axis',(-3.17206578464331E-16,-1.,0.));
#10870=DIRECTION('',(-3.17206578464331E-16,-1.,0.));
#10871=DIRECTION('',(0.,0.,-1.));
#10872=DIRECTION('',(0.,0.,-1.));
#10873=DIRECTION('center_axis',(6.34413156928661E-16,1.,0.));
#10874=DIRECTION('ref_axis',(1.,-6.34413156928661E-16,0.));
#10875=DIRECTION('',(1.,-6.34413156928661E-16,0.));
#10876=DIRECTION('',(0.,0.,-1.));
#10877=DIRECTION('center_axis',(-1.,0.,0.));
#10878=DIRECTION('ref_axis',(0.,1.,0.));
#10879=DIRECTION('',(0.,1.,0.));
#10880=DIRECTION('',(0.,0.,-1.));
#10881=DIRECTION('center_axis',(-3.17206578464331E-16,-1.,0.));
#10882=DIRECTION('ref_axis',(-1.,3.17206578464331E-16,0.));
#10883=DIRECTION('',(-1.,3.17206578464331E-16,0.));
#10884=DIRECTION('center_axis',(1.,0.,0.));
#10885=DIRECTION('ref_axis',(0.,-1.,0.));
#10886=DIRECTION('',(0.,-1.,0.));
#10887=DIRECTION('',(0.,0.,-1.));
#10888=DIRECTION('',(0.,0.,-1.));
#10889=DIRECTION('center_axis',(3.17206578464331E-16,1.,0.));
#10890=DIRECTION('ref_axis',(1.,-3.17206578464331E-16,0.));
#10891=DIRECTION('',(1.,-3.17206578464331E-16,0.));
#10892=DIRECTION('',(0.,0.,-1.));
#10893=DIRECTION('center_axis',(-1.,0.,0.));
#10894=DIRECTION('ref_axis',(0.,1.,0.));
#10895=DIRECTION('',(0.,1.,0.));
#10896=DIRECTION('',(0.,0.,-1.));
#10897=DIRECTION('center_axis',(0.,-1.,0.));
#10898=DIRECTION('ref_axis',(-1.,0.,0.));
#10899=DIRECTION('',(-1.,0.,0.));
#10900=DIRECTION('center_axis',(1.,9.51619735392993E-16,0.));
#10901=DIRECTION('ref_axis',(9.51619735392993E-16,-1.,0.));
#10902=DIRECTION('',(9.51619735392993E-16,-1.,0.));
#10903=DIRECTION('',(0.,0.,-1.));
#10904=DIRECTION('',(0.,0.,-1.));
#10905=DIRECTION('center_axis',(-3.17206578464331E-16,1.,0.));
#10906=DIRECTION('ref_axis',(1.,3.17206578464331E-16,0.));
#10907=DIRECTION('',(1.,3.17206578464331E-16,0.));
#10908=DIRECTION('',(0.,0.,-1.));
#10909=DIRECTION('center_axis',(-1.,-9.51619735392993E-16,0.));
#10910=DIRECTION('ref_axis',(-9.51619735392993E-16,1.,0.));
#10911=DIRECTION('',(-9.51619735392993E-16,1.,0.));
#10912=DIRECTION('',(0.,0.,-1.));
#10913=DIRECTION('center_axis',(9.51619735392993E-16,-1.,0.));
#10914=DIRECTION('ref_axis',(-1.,-9.51619735392993E-16,0.));
#10915=DIRECTION('',(-1.,-9.51619735392993E-16,0.));
#10916=DIRECTION('center_axis',(1.,0.,0.));
#10917=DIRECTION('ref_axis',(0.,-1.,0.));
#10918=DIRECTION('',(0.,-1.,0.));
#10919=DIRECTION('',(0.,0.,-1.));
#10920=DIRECTION('',(0.,0.,-1.));
#10921=DIRECTION('center_axis',(6.34413156928663E-16,1.,0.));
#10922=DIRECTION('ref_axis',(1.,-6.34413156928663E-16,0.));
#10923=DIRECTION('',(1.,-6.34413156928663E-16,0.));
#10924=DIRECTION('',(0.,0.,-1.));
#10925=DIRECTION('center_axis',(-1.,0.,0.));
#10926=DIRECTION('ref_axis',(0.,1.,0.));
#10927=DIRECTION('',(0.,1.,0.));
#10928=DIRECTION('',(0.,0.,-1.));
#10929=DIRECTION('center_axis',(0.,-1.,0.));
#10930=DIRECTION('ref_axis',(-1.,0.,0.));
#10931=DIRECTION('',(-1.,0.,0.));
#10932=DIRECTION('center_axis',(1.,3.17206578464332E-16,0.));
#10933=DIRECTION('ref_axis',(3.17206578464332E-16,-1.,0.));
#10934=DIRECTION('',(3.17206578464332E-16,-1.,0.));
#10935=DIRECTION('',(0.,0.,-1.));
#10936=DIRECTION('',(0.,0.,-1.));
#10937=DIRECTION('center_axis',(3.17206578464331E-16,1.,0.));
#10938=DIRECTION('ref_axis',(1.,-3.17206578464331E-16,0.));
#10939=DIRECTION('',(1.,-3.17206578464331E-16,0.));
#10940=DIRECTION('',(0.,0.,-1.));
#10941=DIRECTION('center_axis',(-1.,-6.34413156928663E-16,0.));
#10942=DIRECTION('ref_axis',(-6.34413156928663E-16,1.,0.));
#10943=DIRECTION('',(-6.34413156928663E-16,1.,0.));
#10944=DIRECTION('',(0.,0.,-1.));
#10945=DIRECTION('center_axis',(3.17206578464332E-16,-1.,0.));
#10946=DIRECTION('ref_axis',(-1.,-3.17206578464332E-16,0.));
#10947=DIRECTION('',(-1.,-3.17206578464332E-16,0.));
#10948=DIRECTION('center_axis',(1.,1.90323947078599E-15,0.));
#10949=DIRECTION('ref_axis',(1.90323947078599E-15,-1.,0.));
#10950=DIRECTION('',(1.90323947078599E-15,-1.,0.));
#10951=DIRECTION('',(0.,0.,-1.));
#10952=DIRECTION('',(0.,0.,-1.));
#10953=DIRECTION('center_axis',(-9.51619735392993E-16,1.,0.));
#10954=DIRECTION('ref_axis',(1.,9.51619735392993E-16,0.));
#10955=DIRECTION('',(1.,9.51619735392993E-16,0.));
#10956=DIRECTION('',(0.,0.,-1.));
#10957=DIRECTION('center_axis',(-1.,-1.90323947078599E-15,0.));
#10958=DIRECTION('ref_axis',(-1.90323947078599E-15,1.,0.));
#10959=DIRECTION('',(-1.90323947078599E-15,1.,0.));
#10960=DIRECTION('',(0.,0.,-1.));
#10961=DIRECTION('center_axis',(1.90323947078599E-15,-1.,0.));
#10962=DIRECTION('ref_axis',(-1.,-1.90323947078599E-15,0.));
#10963=DIRECTION('',(-1.,-1.90323947078599E-15,0.));
#10964=DIRECTION('center_axis',(1.,-6.34413156928662E-16,0.));
#10965=DIRECTION('ref_axis',(-6.34413156928662E-16,-1.,0.));
#10966=DIRECTION('',(-6.34413156928662E-16,-1.,0.));
#10967=DIRECTION('',(0.,0.,-1.));
#10968=DIRECTION('',(0.,0.,-1.));
#10969=DIRECTION('center_axis',(1.26882631385732E-15,1.,0.));
#10970=DIRECTION('ref_axis',(1.,-1.26882631385732E-15,0.));
#10971=DIRECTION('',(1.,-1.26882631385732E-15,0.));
#10972=DIRECTION('',(0.,0.,-1.));
#10973=DIRECTION('center_axis',(-1.,6.34413156928662E-16,0.));
#10974=DIRECTION('ref_axis',(6.34413156928662E-16,1.,0.));
#10975=DIRECTION('',(6.34413156928662E-16,1.,0.));
#10976=DIRECTION('',(0.,0.,-1.));
#10977=DIRECTION('center_axis',(-4.75809867696496E-16,-1.,0.));
#10978=DIRECTION('ref_axis',(-1.,4.75809867696496E-16,0.));
#10979=DIRECTION('',(-1.,4.75809867696496E-16,0.));
#10980=DIRECTION('center_axis',(1.,0.,0.));
#10981=DIRECTION('ref_axis',(0.,-1.,0.));
#10982=DIRECTION('',(0.,-1.,0.));
#10983=DIRECTION('',(0.,0.,-1.));
#10984=DIRECTION('',(0.,0.,-1.));
#10985=DIRECTION('center_axis',(6.34413156928664E-16,1.,0.));
#10986=DIRECTION('ref_axis',(1.,-6.34413156928664E-16,0.));
#10987=DIRECTION('',(1.,-6.34413156928664E-16,0.));
#10988=DIRECTION('',(0.,0.,-1.));
#10989=DIRECTION('center_axis',(-1.,0.,0.));
#10990=DIRECTION('ref_axis',(0.,1.,0.));
#10991=DIRECTION('',(0.,1.,0.));
#10992=DIRECTION('',(0.,0.,-1.));
#10993=DIRECTION('center_axis',(0.,-1.,0.));
#10994=DIRECTION('ref_axis',(-1.,0.,0.));
#10995=DIRECTION('',(-1.,0.,0.));
#10996=DIRECTION('center_axis',(1.,0.,0.));
#10997=DIRECTION('ref_axis',(0.,-1.,0.));
#10998=DIRECTION('',(0.,-1.,0.));
#10999=DIRECTION('',(0.,0.,-1.));
#11000=DIRECTION('',(0.,0.,-1.));
#11001=DIRECTION('center_axis',(6.34413156928665E-16,1.,0.));
#11002=DIRECTION('ref_axis',(1.,-6.34413156928665E-16,0.));
#11003=DIRECTION('',(1.,-6.34413156928665E-16,0.));
#11004=DIRECTION('',(0.,0.,-1.));
#11005=DIRECTION('center_axis',(-1.,0.,0.));
#11006=DIRECTION('ref_axis',(0.,1.,0.));
#11007=DIRECTION('',(0.,1.,0.));
#11008=DIRECTION('',(0.,0.,-1.));
#11009=DIRECTION('center_axis',(0.,-1.,0.));
#11010=DIRECTION('ref_axis',(-1.,0.,0.));
#11011=DIRECTION('',(-1.,0.,0.));
#11012=DIRECTION('center_axis',(1.,0.,0.));
#11013=DIRECTION('ref_axis',(0.,-1.,0.));
#11014=DIRECTION('',(0.,-1.,0.));
#11015=DIRECTION('',(0.,0.,-1.));
#11016=DIRECTION('',(0.,0.,-1.));
#11017=DIRECTION('center_axis',(6.34413156928666E-16,1.,0.));
#11018=DIRECTION('ref_axis',(1.,-6.34413156928666E-16,0.));
#11019=DIRECTION('',(1.,-6.34413156928666E-16,0.));
#11020=DIRECTION('',(0.,0.,-1.));
#11021=DIRECTION('center_axis',(-1.,0.,0.));
#11022=DIRECTION('ref_axis',(0.,1.,0.));
#11023=DIRECTION('',(0.,1.,0.));
#11024=DIRECTION('',(0.,0.,-1.));
#11025=DIRECTION('center_axis',(0.,-1.,0.));
#11026=DIRECTION('ref_axis',(-1.,0.,0.));
#11027=DIRECTION('',(-1.,0.,0.));
#11028=DIRECTION('center_axis',(1.,-6.34413156928664E-16,0.));
#11029=DIRECTION('ref_axis',(-6.34413156928664E-16,-1.,0.));
#11030=DIRECTION('',(-6.34413156928664E-16,-1.,0.));
#11031=DIRECTION('',(0.,0.,-1.));
#11032=DIRECTION('',(0.,0.,-1.));
#11033=DIRECTION('center_axis',(9.51619735392995E-16,1.,0.));
#11034=DIRECTION('ref_axis',(1.,-9.51619735392995E-16,0.));
#11035=DIRECTION('',(1.,-9.51619735392995E-16,0.));
#11036=DIRECTION('',(0.,0.,-1.));
#11037=DIRECTION('center_axis',(-1.,0.,0.));
#11038=DIRECTION('ref_axis',(0.,1.,0.));
#11039=DIRECTION('',(0.,1.,0.));
#11040=DIRECTION('',(0.,0.,-1.));
#11041=DIRECTION('center_axis',(-6.34413156928664E-16,-1.,0.));
#11042=DIRECTION('ref_axis',(-1.,6.34413156928664E-16,0.));
#11043=DIRECTION('',(-1.,6.34413156928664E-16,0.));
#11044=DIRECTION('center_axis',(1.,0.,0.));
#11045=DIRECTION('ref_axis',(0.,-1.,0.));
#11046=DIRECTION('',(0.,-1.,0.));
#11047=DIRECTION('',(0.,0.,-1.));
#11048=DIRECTION('',(0.,0.,-1.));
#11049=DIRECTION('center_axis',(6.34413156928661E-16,1.,0.));
#11050=DIRECTION('ref_axis',(1.,-6.34413156928661E-16,0.));
#11051=DIRECTION('',(1.,-6.34413156928661E-16,0.));
#11052=DIRECTION('',(0.,0.,-1.));
#11053=DIRECTION('center_axis',(-1.,0.,0.));
#11054=DIRECTION('ref_axis',(0.,1.,0.));
#11055=DIRECTION('',(0.,1.,0.));
#11056=DIRECTION('',(0.,0.,-1.));
#11057=DIRECTION('center_axis',(0.,-1.,0.));
#11058=DIRECTION('ref_axis',(-1.,0.,0.));
#11059=DIRECTION('',(-1.,0.,0.));
#11060=DIRECTION('center_axis',(0.999998172038128,-0.00191204612956812,
0.));
#11061=DIRECTION('ref_axis',(0.00191204612956812,0.999998172038129,0.));
#11062=DIRECTION('',(0.,0.,1.));
#11063=DIRECTION('',(0.00191204612956812,0.999998172038129,0.));
#11064=DIRECTION('',(0.,0.,1.));
#11065=DIRECTION('center_axis',(0.,0.,1.));
#11066=DIRECTION('ref_axis',(0.00191204612956741,0.999998172038129,0.));
#11067=DIRECTION('center_axis',(0.,0.,1.));
#11068=DIRECTION('ref_axis',(0.00191204612956741,0.999998172038129,0.));
#11069=DIRECTION('',(0.,0.,1.));
#11070=DIRECTION('center_axis',(-1.,9.07368682427659E-16,0.));
#11071=DIRECTION('ref_axis',(-9.07368682427659E-16,-1.,0.));
#11072=DIRECTION('',(-9.07368682427659E-16,-1.,0.));
#11073=DIRECTION('center_axis',(0.,0.,1.));
#11074=DIRECTION('ref_axis',(1.,0.,0.));
#11075=CARTESIAN_POINT('',(0.,0.,0.));
#11076=CARTESIAN_POINT('Origin',(-9.81564328074455,40.5613580346107,3.));
#11077=CARTESIAN_POINT('',(-9.81564328074455,40.5613580346107,3.));
#11078=CARTESIAN_POINT('',(-10.116866081953,39.6750006079674,3.));
#11079=CARTESIAN_POINT('',(-15.1104218350581,24.9813080675451,3.));
#11080=CARTESIAN_POINT('',(-9.81564328074455,40.5613580346107,2.5));
#11081=CARTESIAN_POINT('',(-9.81564328074455,40.5613580346107,3.));
#11082=CARTESIAN_POINT('',(-10.116866081953,39.6750006079674,2.5));
#11083=CARTESIAN_POINT('',(-9.81564328074455,40.5613580346107,2.5));
#11084=CARTESIAN_POINT('',(-10.116866081953,39.6750006079674,3.));
#11085=CARTESIAN_POINT('Ctrl Pts',(-9.36433359980583,41.4277973771095,3.));
#11086=CARTESIAN_POINT('Ctrl Pts',(-9.36433359980583,41.4277973771095,2.5));
#11087=CARTESIAN_POINT('Ctrl Pts',(-9.59988877177238,41.1962488293648,3.));
#11088=CARTESIAN_POINT('Ctrl Pts',(-9.59988877177238,41.1962488293648,2.5));
#11089=CARTESIAN_POINT('Ctrl Pts',(-9.81564328074455,40.5613580346107,3.));
#11090=CARTESIAN_POINT('Ctrl Pts',(-9.81564328074455,40.5613580346107,2.5));
#11091=CARTESIAN_POINT('',(-9.36433359980583,41.4277973771095,3.));
#11092=CARTESIAN_POINT('Ctrl Pts',(-9.36433359980583,41.4277973771095,3.));
#11093=CARTESIAN_POINT('Ctrl Pts',(-9.59988877177238,41.1962488293648,3.));
#11094=CARTESIAN_POINT('Ctrl Pts',(-9.81564328074455,40.5613580346107,3.));
#11095=CARTESIAN_POINT('',(-9.36433359980583,41.4277973771095,2.5));
#11096=CARTESIAN_POINT('',(-9.36433359980583,41.4277973771095,3.));
#11097=CARTESIAN_POINT('Ctrl Pts',(-9.36433359980583,41.4277973771095,2.5));
#11098=CARTESIAN_POINT('Ctrl Pts',(-9.59988877177238,41.1962488293648,2.5));
#11099=CARTESIAN_POINT('Ctrl Pts',(-9.81564328074455,40.5613580346107,2.5));
#11100=CARTESIAN_POINT('Ctrl Pts',(-8.99973675608635,41.5921220183372,3.));
#11101=CARTESIAN_POINT('Ctrl Pts',(-8.99973675608635,41.5921220183372,2.5));
#11102=CARTESIAN_POINT('Ctrl Pts',(-9.19891878962517,41.5921220183372,3.));
#11103=CARTESIAN_POINT('Ctrl Pts',(-9.19891878962517,41.5921220183372,2.5));
#11104=CARTESIAN_POINT('Ctrl Pts',(-9.36433359980583,41.4277973771095,3.));
#11105=CARTESIAN_POINT('Ctrl Pts',(-9.36433359980583,41.4277973771095,2.5));
#11106=CARTESIAN_POINT('',(-8.99973675608635,41.5921220183372,3.));
#11107=CARTESIAN_POINT('Ctrl Pts',(-8.99973675608635,41.5921220183372,3.));
#11108=CARTESIAN_POINT('Ctrl Pts',(-9.19891878962517,41.5921220183372,3.));
#11109=CARTESIAN_POINT('Ctrl Pts',(-9.36433359980583,41.4277973771095,3.));
#11110=CARTESIAN_POINT('',(-8.99973675608635,41.5921220183372,2.5));
#11111=CARTESIAN_POINT('',(-8.99973675608635,41.5921220183372,3.));
#11112=CARTESIAN_POINT('Ctrl Pts',(-8.99973675608635,41.5921220183372,2.5));
#11113=CARTESIAN_POINT('Ctrl Pts',(-9.19891878962517,41.5921220183372,2.5));
#11114=CARTESIAN_POINT('Ctrl Pts',(-9.36433359980583,41.4277973771095,2.5));
#11115=CARTESIAN_POINT('Ctrl Pts',(-8.74130770564079,41.5174290537834,3.));
#11116=CARTESIAN_POINT('Ctrl Pts',(-8.74130770564079,41.5174290537834,2.5));
#11117=CARTESIAN_POINT('Ctrl Pts',(-8.8951663672924,41.5921220183372,3.));
#11118=CARTESIAN_POINT('Ctrl Pts',(-8.8951663672924,41.5921220183372,2.5));
#11119=CARTESIAN_POINT('Ctrl Pts',(-8.99973675608635,41.5921220183372,3.));
#11120=CARTESIAN_POINT('Ctrl Pts',(-8.99973675608635,41.5921220183372,2.5));
#11121=CARTESIAN_POINT('',(-8.74130770564079,41.5174290537834,3.));
#11122=CARTESIAN_POINT('Ctrl Pts',(-8.74130770564079,41.5174290537834,3.));
#11123=CARTESIAN_POINT('Ctrl Pts',(-8.8951663672924,41.5921220183372,3.));
#11124=CARTESIAN_POINT('Ctrl Pts',(-8.99973675608635,41.5921220183372,3.));
#11125=CARTESIAN_POINT('',(-8.74130770564079,41.5174290537834,2.5));
#11126=CARTESIAN_POINT('',(-8.74130770564079,41.5174290537834,3.));
#11127=CARTESIAN_POINT('Ctrl Pts',(-8.74130770564079,41.5174290537834,2.5));
#11128=CARTESIAN_POINT('Ctrl Pts',(-8.8951663672924,41.5921220183372,2.5));
#11129=CARTESIAN_POINT('Ctrl Pts',(-8.99973675608635,41.5921220183372,2.5));
#11130=CARTESIAN_POINT('Origin',(-8.18219944834709,42.2394618391991,3.));
#11131=CARTESIAN_POINT('',(-8.18219944834709,42.2394618391991,3.));
#11132=CARTESIAN_POINT('',(-14.2479889815834,34.406097092223,3.));
#11133=CARTESIAN_POINT('',(-8.18219944834709,42.2394618391991,2.5));
#11134=CARTESIAN_POINT('',(-8.18219944834709,42.2394618391991,3.));
#11135=CARTESIAN_POINT('',(-8.18219944834709,42.2394618391991,2.5));
#11136=CARTESIAN_POINT('Ctrl Pts',(-8.62530037760735,42.3788887262344,3.));
#11137=CARTESIAN_POINT('Ctrl Pts',(-8.62530037760735,42.3788887262344,2.5));
#11138=CARTESIAN_POINT('Ctrl Pts',(-8.40122029185295,42.3788887262344,3.));
#11139=CARTESIAN_POINT('Ctrl Pts',(-8.40122029185295,42.3788887262344,2.5));
#11140=CARTESIAN_POINT('Ctrl Pts',(-8.18219944834709,42.2394618391991,3.));
#11141=CARTESIAN_POINT('Ctrl Pts',(-8.18219944834709,42.2394618391991,2.5));
#11142=CARTESIAN_POINT('',(-8.62530037760735,42.3788887262344,3.));
#11143=CARTESIAN_POINT('Ctrl Pts',(-8.62530037760735,42.3788887262344,3.));
#11144=CARTESIAN_POINT('Ctrl Pts',(-8.40122029185295,42.3788887262344,3.));
#11145=CARTESIAN_POINT('Ctrl Pts',(-8.18219944834709,42.2394618391991,3.));
#11146=CARTESIAN_POINT('',(-8.62530037760735,42.3788887262344,2.5));
#11147=CARTESIAN_POINT('',(-8.62530037760735,42.3788887262344,3.));
#11148=CARTESIAN_POINT('Ctrl Pts',(-8.62530037760735,42.3788887262344,2.5));
#11149=CARTESIAN_POINT('Ctrl Pts',(-8.40122029185295,42.3788887262344,2.5));
#11150=CARTESIAN_POINT('Ctrl Pts',(-8.18219944834709,42.2394618391991,2.5));
#11151=CARTESIAN_POINT('Ctrl Pts',(-9.02103707194328,42.2730734944344,3.));
#11152=CARTESIAN_POINT('Ctrl Pts',(-9.02103707194328,42.2730734944344,2.5));
#11153=CARTESIAN_POINT('Ctrl Pts',(-8.83941933512688,42.3788887262344,3.));
#11154=CARTESIAN_POINT('Ctrl Pts',(-8.83941933512688,42.3788887262344,2.5));
#11155=CARTESIAN_POINT('Ctrl Pts',(-8.62530037760735,42.3788887262344,3.));
#11156=CARTESIAN_POINT('Ctrl Pts',(-8.62530037760735,42.3788887262344,2.5));
#11157=CARTESIAN_POINT('',(-9.02103707194328,42.2730734944344,3.));
#11158=CARTESIAN_POINT('Ctrl Pts',(-9.02103707194328,42.2730734944344,3.));
#11159=CARTESIAN_POINT('Ctrl Pts',(-8.83941933512688,42.3788887262344,3.));
#11160=CARTESIAN_POINT('Ctrl Pts',(-8.62530037760735,42.3788887262344,3.));
#11161=CARTESIAN_POINT('',(-9.02103707194328,42.2730734944344,2.5));
#11162=CARTESIAN_POINT('',(-9.02103707194328,42.2730734944344,3.));
#11163=CARTESIAN_POINT('Ctrl Pts',(-9.02103707194328,42.2730734944344,2.5));
#11164=CARTESIAN_POINT('Ctrl Pts',(-8.83941933512688,42.3788887262344,2.5));
#11165=CARTESIAN_POINT('Ctrl Pts',(-8.62530037760735,42.3788887262344,2.5));
#11166=CARTESIAN_POINT('Ctrl Pts',(-9.43521305918694,41.885914504528,3.));
#11167=CARTESIAN_POINT('Ctrl Pts',(-9.43521305918694,41.885914504528,2.5));
#11168=CARTESIAN_POINT('Ctrl Pts',(-9.2026524245739,42.1672585606575,3.));
#11169=CARTESIAN_POINT('Ctrl Pts',(-9.2026524245739,42.1672585606575,2.5));
#11170=CARTESIAN_POINT('Ctrl Pts',(-9.02103707194328,42.2730734944344,3.));
#11171=CARTESIAN_POINT('Ctrl Pts',(-9.02103707194328,42.2730734944344,2.5));
#11172=CARTESIAN_POINT('',(-9.43521305918694,41.885914504528,3.));
#11173=CARTESIAN_POINT('Ctrl Pts',(-9.43521305918694,41.885914504528,3.));
#11174=CARTESIAN_POINT('Ctrl Pts',(-9.2026524245739,42.1672585606575,3.));
#11175=CARTESIAN_POINT('Ctrl Pts',(-9.02103707194328,42.2730734944344,3.));
#11176=CARTESIAN_POINT('',(-9.43521305918694,41.885914504528,2.5));
#11177=CARTESIAN_POINT('',(-9.43521305918694,41.885914504528,3.));
#11178=CARTESIAN_POINT('Ctrl Pts',(-9.43521305918694,41.885914504528,2.5));
#11179=CARTESIAN_POINT('Ctrl Pts',(-9.2026524245739,42.1672585606575,2.5));
#11180=CARTESIAN_POINT('Ctrl Pts',(-9.02103707194328,42.2730734944344,2.5));
#11181=CARTESIAN_POINT('Origin',(-9.2879681289196,42.3191341757774,3.));
#11182=CARTESIAN_POINT('',(-9.2879681289196,42.3191341757774,3.));
#11183=CARTESIAN_POINT('',(-14.8781851545192,25.8717632704018,3.));
#11184=CARTESIAN_POINT('',(-9.2879681289196,42.3191341757774,2.5));
#11185=CARTESIAN_POINT('',(-9.2879681289196,42.3191341757774,3.));
#11186=CARTESIAN_POINT('',(-9.2879681289196,42.3191341757774,2.5));
#11187=CARTESIAN_POINT('Origin',(-10.2365688979626,42.3191341757774,3.));
#11188=CARTESIAN_POINT('',(-10.2365688979626,42.3191341757774,3.));
#11189=CARTESIAN_POINT('',(4.52018492986027,42.3191341757774,3.));
#11190=CARTESIAN_POINT('',(-10.2365688979626,42.3191341757774,2.5));
#11191=CARTESIAN_POINT('',(-10.2365688979626,42.3191341757774,3.));
#11192=CARTESIAN_POINT('',(-10.2365688979626,42.3191341757774,2.5));
#11193=CARTESIAN_POINT('Origin',(-11.1351804435253,39.6750006079674,3.));
#11194=CARTESIAN_POINT('',(-11.1351804435253,39.6750006079674,3.));
#11195=CARTESIAN_POINT('',(-16.2266862864897,24.6934197718872,3.));
#11196=CARTESIAN_POINT('',(-11.1351804435253,39.6750006079674,2.5));
#11197=CARTESIAN_POINT('',(-11.1351804435253,39.6750006079674,3.));
#11198=CARTESIAN_POINT('',(-11.1351804435253,39.6750006079674,2.5));
#11199=CARTESIAN_POINT('Origin',(-10.116866081953,39.6750006079674,3.));
#11200=CARTESIAN_POINT('',(4.58003633786503,39.6750006079674,3.));
#11201=CARTESIAN_POINT('',(-10.116866081953,39.6750006079674,2.5));
#11202=CARTESIAN_POINT('Origin',(-9.6586899459362,41.0269446671009,2.5));
#11203=CARTESIAN_POINT('Ctrl Pts',(-3.38522717356682,40.4605224728584,3.));
#11204=CARTESIAN_POINT('Ctrl Pts',(-3.38522717356682,40.4605224728584,2.5));
#11205=CARTESIAN_POINT('Ctrl Pts',(-3.28404232859612,40.5787864327431,3.));
#11206=CARTESIAN_POINT('Ctrl Pts',(-3.28404232859612,40.5787864327431,2.5));
#11207=CARTESIAN_POINT('Ctrl Pts',(-3.21973606944084,40.7680091261864,3.));
#11208=CARTESIAN_POINT('Ctrl Pts',(-3.21973606944084,40.7680091261864,2.5));
#11209=CARTESIAN_POINT('',(-3.38522717356682,40.4605224728584,3.));
#11210=CARTESIAN_POINT('',(-3.21973606944084,40.7680091261864,3.));
#11211=CARTESIAN_POINT('Ctrl Pts',(-3.38522717356682,40.4605224728584,3.));
#11212=CARTESIAN_POINT('Ctrl Pts',(-3.28404232859612,40.5787864327431,3.));
#11213=CARTESIAN_POINT('Ctrl Pts',(-3.21973606944084,40.7680091261864,3.));
#11214=CARTESIAN_POINT('',(-3.38522717356682,40.4605224728584,2.5));
#11215=CARTESIAN_POINT('',(-3.38522717356682,40.4605224728584,3.));
#11216=CARTESIAN_POINT('',(-3.21973606944084,40.7680091261864,2.5));
#11217=CARTESIAN_POINT('Ctrl Pts',(-3.38522717356682,40.4605224728584,2.5));
#11218=CARTESIAN_POINT('Ctrl Pts',(-3.28404232859612,40.5787864327431,2.5));
#11219=CARTESIAN_POINT('Ctrl Pts',(-3.21973606944084,40.7680091261864,2.5));
#11220=CARTESIAN_POINT('',(-3.21973606944084,40.7680091261864,3.));
#11221=CARTESIAN_POINT('Ctrl Pts',(-3.65998074412346,40.2600958943367,3.));
#11222=CARTESIAN_POINT('Ctrl Pts',(-3.65998074412346,40.2600958943367,2.5));
#11223=CARTESIAN_POINT('Ctrl Pts',(-3.48642155528069,40.3422585129738,3.));
#11224=CARTESIAN_POINT('Ctrl Pts',(-3.48642155528069,40.3422585129738,2.5));
#11225=CARTESIAN_POINT('Ctrl Pts',(-3.38522717356682,40.4605224728584,3.));
#11226=CARTESIAN_POINT('Ctrl Pts',(-3.38522717356682,40.4605224728584,2.5));
#11227=CARTESIAN_POINT('',(-3.65998074412346,40.2600958943367,3.));
#11228=CARTESIAN_POINT('Ctrl Pts',(-3.65998074412346,40.2600958943367,3.));
#11229=CARTESIAN_POINT('Ctrl Pts',(-3.48642155528069,40.3422585129738,3.));
#11230=CARTESIAN_POINT('Ctrl Pts',(-3.38522717356682,40.4605224728584,3.));
#11231=CARTESIAN_POINT('',(-3.65998074412346,40.2600958943367,2.5));
#11232=CARTESIAN_POINT('',(-3.65998074412346,40.2600958943367,3.));
#11233=CARTESIAN_POINT('Ctrl Pts',(-3.65998074412346,40.2600958943367,2.5));
#11234=CARTESIAN_POINT('Ctrl Pts',(-3.48642155528069,40.3422585129738,2.5));
#11235=CARTESIAN_POINT('Ctrl Pts',(-3.38522717356682,40.4605224728584,2.5));
#11236=CARTESIAN_POINT('Ctrl Pts',(-4.00284573435783,40.1779338717461,3.));
#11237=CARTESIAN_POINT('Ctrl Pts',(-4.00284573435783,40.1779338717461,2.5));
#11238=CARTESIAN_POINT('Ctrl Pts',(-3.8335494697094,40.1779338717461,3.));
#11239=CARTESIAN_POINT('Ctrl Pts',(-3.8335494697094,40.1779338717461,2.5));
#11240=CARTESIAN_POINT('Ctrl Pts',(-3.65998074412346,40.2600958943367,3.));
#11241=CARTESIAN_POINT('Ctrl Pts',(-3.65998074412346,40.2600958943367,2.5));
#11242=CARTESIAN_POINT('',(-4.00284573435783,40.1779338717461,3.));
#11243=CARTESIAN_POINT('Ctrl Pts',(-4.00284573435783,40.1779338717461,3.));
#11244=CARTESIAN_POINT('Ctrl Pts',(-3.8335494697094,40.1779338717461,3.));
#11245=CARTESIAN_POINT('Ctrl Pts',(-3.65998074412346,40.2600958943367,3.));
#11246=CARTESIAN_POINT('',(-4.00284573435783,40.1779338717461,2.5));
#11247=CARTESIAN_POINT('',(-4.00284573435783,40.1779338717461,3.));
#11248=CARTESIAN_POINT('Ctrl Pts',(-4.00284573435783,40.1779338717461,2.5));
#11249=CARTESIAN_POINT('Ctrl Pts',(-3.8335494697094,40.1779338717461,2.5));
#11250=CARTESIAN_POINT('Ctrl Pts',(-3.65998074412346,40.2600958943367,2.5));
#11251=CARTESIAN_POINT('Ctrl Pts',(-4.22229573130608,40.2538719773293,3.));
#11252=CARTESIAN_POINT('Ctrl Pts',(-4.22229573130608,40.2538719773293,2.5));
#11253=CARTESIAN_POINT('Ctrl Pts',(-4.16468426585197,40.1779338717461,3.));
#11254=CARTESIAN_POINT('Ctrl Pts',(-4.16468426585197,40.1779338717461,2.5));
#11255=CARTESIAN_POINT('Ctrl Pts',(-4.00284573435783,40.1779338717461,3.));
#11256=CARTESIAN_POINT('Ctrl Pts',(-4.00284573435783,40.1779338717461,2.5));
#11257=CARTESIAN_POINT('',(-4.22229573130608,40.2538719773293,3.));
#11258=CARTESIAN_POINT('Ctrl Pts',(-4.22229573130608,40.2538719773293,3.));
#11259=CARTESIAN_POINT('Ctrl Pts',(-4.16468426585197,40.1779338717461,3.));
#11260=CARTESIAN_POINT('Ctrl Pts',(-4.00284573435783,40.1779338717461,3.));
#11261=CARTESIAN_POINT('',(-4.22229573130608,40.2538719773293,2.5));
#11262=CARTESIAN_POINT('',(-4.22229573130608,40.2538719773293,3.));
#11263=CARTESIAN_POINT('Ctrl Pts',(-4.22229573130608,40.2538719773293,2.5));
#11264=CARTESIAN_POINT('Ctrl Pts',(-4.16468426585197,40.1779338717461,2.5));
#11265=CARTESIAN_POINT('Ctrl Pts',(-4.00284573435783,40.1779338717461,2.5));
#11266=CARTESIAN_POINT('Ctrl Pts',(-4.2392997443676,40.44931858778,3.));
#11267=CARTESIAN_POINT('Ctrl Pts',(-4.2392997443676,40.44931858778,2.5));
#11268=CARTESIAN_POINT('Ctrl Pts',(-4.27991673350334,40.329809486866,3.));
#11269=CARTESIAN_POINT('Ctrl Pts',(-4.27991673350334,40.329809486866,2.5));
#11270=CARTESIAN_POINT('Ctrl Pts',(-4.22229573130608,40.2538719773293,3.));
#11271=CARTESIAN_POINT('Ctrl Pts',(-4.22229573130608,40.2538719773293,2.5));
#11272=CARTESIAN_POINT('',(-4.2392997443676,40.44931858778,3.));
#11273=CARTESIAN_POINT('Ctrl Pts',(-4.2392997443676,40.44931858778,3.));
#11274=CARTESIAN_POINT('Ctrl Pts',(-4.27991673350334,40.329809486866,3.));
#11275=CARTESIAN_POINT('Ctrl Pts',(-4.22229573130608,40.2538719773293,3.));
#11276=CARTESIAN_POINT('',(-4.2392997443676,40.44931858778,2.5));
#11277=CARTESIAN_POINT('',(-4.2392997443676,40.44931858778,3.));
#11278=CARTESIAN_POINT('Ctrl Pts',(-4.2392997443676,40.44931858778,2.5));
#11279=CARTESIAN_POINT('Ctrl Pts',(-4.27991673350334,40.329809486866,2.5));
#11280=CARTESIAN_POINT('Ctrl Pts',(-4.22229573130608,40.2538719773293,2.5));
#11281=CARTESIAN_POINT('Ctrl Pts',(-4.09115597605705,40.6360509991646,3.));
#11282=CARTESIAN_POINT('Ctrl Pts',(-4.09115597605705,40.6360509991646,2.5));
#11283=CARTESIAN_POINT('Ctrl Pts',(-4.20374676585197,40.5538889765739,3.));
#11284=CARTESIAN_POINT('Ctrl Pts',(-4.20374676585197,40.5538889765739,2.5));
#11285=CARTESIAN_POINT('Ctrl Pts',(-4.2392997443676,40.44931858778,3.));
#11286=CARTESIAN_POINT('Ctrl Pts',(-4.2392997443676,40.44931858778,2.5));
#11287=CARTESIAN_POINT('',(-4.09115597605705,40.6360509991646,3.));
#11288=CARTESIAN_POINT('Ctrl Pts',(-4.09115597605705,40.6360509991646,3.));
#11289=CARTESIAN_POINT('Ctrl Pts',(-4.20374676585197,40.5538889765739,3.));
#11290=CARTESIAN_POINT('Ctrl Pts',(-4.2392997443676,40.44931858778,3.));
#11291=CARTESIAN_POINT('',(-4.09115597605705,40.6360509991646,2.5));
#11292=CARTESIAN_POINT('',(-4.09115597605705,40.6360509991646,3.));
#11293=CARTESIAN_POINT('Ctrl Pts',(-4.09115597605705,40.6360509991646,2.5));
#11294=CARTESIAN_POINT('Ctrl Pts',(-4.20374676585197,40.5538889765739,2.5));
#11295=CARTESIAN_POINT('Ctrl Pts',(-4.2392997443676,40.44931858778,2.5));
#11296=CARTESIAN_POINT('Ctrl Pts',(-3.6452941596508,40.79788595438,3.));
#11297=CARTESIAN_POINT('Ctrl Pts',(-3.6452941596508,40.79788595438,2.5));
#11298=CARTESIAN_POINT('Ctrl Pts',(-3.98192211985588,40.7157239317894,3.));
#11299=CARTESIAN_POINT('Ctrl Pts',(-3.98192211985588,40.7157239317894,2.5));
#11300=CARTESIAN_POINT('Ctrl Pts',(-4.09115597605705,40.6360509991646,3.));
#11301=CARTESIAN_POINT('Ctrl Pts',(-4.09115597605705,40.6360509991646,2.5));
#11302=CARTESIAN_POINT('',(-3.6452941596508,40.79788595438,3.));
#11303=CARTESIAN_POINT('Ctrl Pts',(-3.6452941596508,40.79788595438,3.));
#11304=CARTESIAN_POINT('Ctrl Pts',(-3.98192211985588,40.7157239317894,3.));
#11305=CARTESIAN_POINT('Ctrl Pts',(-4.09115597605705,40.6360509991646,3.));
#11306=CARTESIAN_POINT('',(-3.6452941596508,40.79788595438,2.5));
#11307=CARTESIAN_POINT('',(-3.6452941596508,40.79788595438,3.));
#11308=CARTESIAN_POINT('Ctrl Pts',(-3.6452941596508,40.79788595438,2.5));
#11309=CARTESIAN_POINT('Ctrl Pts',(-3.98192211985588,40.7157239317894,2.5));
#11310=CARTESIAN_POINT('Ctrl Pts',(-4.09115597605705,40.6360509991646,2.5));
#11311=CARTESIAN_POINT('Ctrl Pts',(-3.16472813487053,40.9298440814018,3.));
#11312=CARTESIAN_POINT('Ctrl Pts',(-3.16472813487053,40.9298440814018,2.5));
#11313=CARTESIAN_POINT('Ctrl Pts',(-3.39923664927483,40.8551505208015,3.));
#11314=CARTESIAN_POINT('Ctrl Pts',(-3.39923664927483,40.8551505208015,2.5));
#11315=CARTESIAN_POINT('Ctrl Pts',(-3.6452941596508,40.79788595438,3.));
#11316=CARTESIAN_POINT('Ctrl Pts',(-3.6452941596508,40.79788595438,2.5));
#11317=CARTESIAN_POINT('',(-3.16472813487053,40.9298440814018,3.));
#11318=CARTESIAN_POINT('Ctrl Pts',(-3.16472813487053,40.9298440814018,3.));
#11319=CARTESIAN_POINT('Ctrl Pts',(-3.39923664927483,40.8551505208015,3.));
#11320=CARTESIAN_POINT('Ctrl Pts',(-3.6452941596508,40.79788595438,3.));
#11321=CARTESIAN_POINT('',(-3.16472813487053,40.9298440814018,2.5));
#11322=CARTESIAN_POINT('',(-3.16472813487053,40.9298440814018,3.));
#11323=CARTESIAN_POINT('Ctrl Pts',(-3.16472813487053,40.9298440814018,2.5));
#11324=CARTESIAN_POINT('Ctrl Pts',(-3.39923664927483,40.8551505208015,2.5));
#11325=CARTESIAN_POINT('Ctrl Pts',(-3.6452941596508,40.79788595438,2.5));
#11326=CARTESIAN_POINT('Origin',(-3.21973606944084,40.7680091261864,3.));
#11327=CARTESIAN_POINT('',(-8.88801770193908,24.0917584850841,3.));
#11328=CARTESIAN_POINT('',(-3.21973606944084,40.7680091261864,2.5));
#11329=CARTESIAN_POINT('Ctrl Pts',(-2.97961041331291,41.7016717791557,3.));
#11330=CARTESIAN_POINT('Ctrl Pts',(-2.97961041331291,41.7016717791557,2.5));
#11331=CARTESIAN_POINT('Ctrl Pts',(-3.0314140021801,41.7763647437096,3.));
#11332=CARTESIAN_POINT('Ctrl Pts',(-3.0314140021801,41.7763647437096,2.5));
#11333=CARTESIAN_POINT('Ctrl Pts',(-3.2256107032299,41.7763647437096,3.));
#11334=CARTESIAN_POINT('Ctrl Pts',(-3.2256107032299,41.7763647437096,2.5));
#11335=CARTESIAN_POINT('',(-2.97961041331291,41.7016717791557,3.));
#11336=CARTESIAN_POINT('',(-3.2256107032299,41.7763647437096,3.));
#11337=CARTESIAN_POINT('Ctrl Pts',(-2.97961041331291,41.7016717791557,3.));
#11338=CARTESIAN_POINT('Ctrl Pts',(-3.0314140021801,41.7763647437096,3.));
#11339=CARTESIAN_POINT('Ctrl Pts',(-3.2256107032299,41.7763647437096,3.));
#11340=CARTESIAN_POINT('',(-2.97961041331291,41.7016717791557,2.5));
#11341=CARTESIAN_POINT('',(-2.97961041331291,41.7016717791557,3.));
#11342=CARTESIAN_POINT('',(-3.2256107032299,41.7763647437096,2.5));
#11343=CARTESIAN_POINT('Ctrl Pts',(-2.97961041331291,41.7016717791557,2.5));
#11344=CARTESIAN_POINT('Ctrl Pts',(-3.0314140021801,41.7763647437096,2.5));
#11345=CARTESIAN_POINT('Ctrl Pts',(-3.2256107032299,41.7763647437096,2.5));
#11346=CARTESIAN_POINT('',(-3.2256107032299,41.7763647437096,3.));
#11347=CARTESIAN_POINT('Ctrl Pts',(-2.9912643134594,41.4402464032173,3.));
#11348=CARTESIAN_POINT('Ctrl Pts',(-2.9912643134594,41.4402464032173,2.5));
#11349=CARTESIAN_POINT('Ctrl Pts',(-2.92781636118889,41.6269788146019,3.));
#11350=CARTESIAN_POINT('Ctrl Pts',(-2.92781636118889,41.6269788146019,2.5));
#11351=CARTESIAN_POINT('Ctrl Pts',(-2.97961041331291,41.7016717791557,3.));
#11352=CARTESIAN_POINT('Ctrl Pts',(-2.97961041331291,41.7016717791557,2.5));
#11353=CARTESIAN_POINT('',(-2.9912643134594,41.4402464032173,3.));
#11354=CARTESIAN_POINT('Ctrl Pts',(-2.9912643134594,41.4402464032173,3.));
#11355=CARTESIAN_POINT('Ctrl Pts',(-2.92781636118889,41.6269788146019,3.));
#11356=CARTESIAN_POINT('Ctrl Pts',(-2.97961041331291,41.7016717791557,3.));
#11357=CARTESIAN_POINT('',(-2.9912643134594,41.4402464032173,2.5));
#11358=CARTESIAN_POINT('',(-2.9912643134594,41.4402464032173,3.));
#11359=CARTESIAN_POINT('Ctrl Pts',(-2.9912643134594,41.4402464032173,2.5));
#11360=CARTESIAN_POINT('Ctrl Pts',(-2.92781636118889,41.6269788146019,2.5));
#11361=CARTESIAN_POINT('Ctrl Pts',(-2.97961041331291,41.7016717791557,2.5));
#11362=CARTESIAN_POINT('Ctrl Pts',(-3.39083477854729,41.3194924592972,3.));
#11363=CARTESIAN_POINT('Ctrl Pts',(-3.39083477854729,41.3194924592972,2.5));
#11364=CARTESIAN_POINT('Ctrl Pts',(-3.20588871836662,41.3655531406403,3.));
#11365=CARTESIAN_POINT('Ctrl Pts',(-3.20588871836662,41.3655531406403,2.5));
#11366=CARTESIAN_POINT('Ctrl Pts',(-2.9912643134594,41.4402464032173,3.));
#11367=CARTESIAN_POINT('Ctrl Pts',(-2.9912643134594,41.4402464032173,2.5));
#11368=CARTESIAN_POINT('',(-3.39083477854729,41.3194924592972,3.));
#11369=CARTESIAN_POINT('Ctrl Pts',(-3.39083477854729,41.3194924592972,3.));
#11370=CARTESIAN_POINT('Ctrl Pts',(-3.20588871836662,41.3655531406403,3.));
#11371=CARTESIAN_POINT('Ctrl Pts',(-2.9912643134594,41.4402464032173,3.));
#11372=CARTESIAN_POINT('',(-3.39083477854729,41.3194924592972,2.5));
#11373=CARTESIAN_POINT('',(-3.39083477854729,41.3194924592972,3.));
#11374=CARTESIAN_POINT('Ctrl Pts',(-3.39083477854729,41.3194924592972,2.5));
#11375=CARTESIAN_POINT('Ctrl Pts',(-3.20588871836662,41.3655531406403,2.5));
#11376=CARTESIAN_POINT('Ctrl Pts',(-2.9912643134594,41.4402464032173,2.5));
#11377=CARTESIAN_POINT('Ctrl Pts',(-4.18487355113029,41.1589023470879,3.));
#11378=CARTESIAN_POINT('Ctrl Pts',(-4.18487355113029,41.1589023470879,2.5));
#11379=CARTESIAN_POINT('Ctrl Pts',(-3.57578083872795,41.2734317779541,3.));
#11380=CARTESIAN_POINT('Ctrl Pts',(-3.57578083872795,41.2734317779541,2.5));
#11381=CARTESIAN_POINT('Ctrl Pts',(-3.39083477854729,41.3194924592972,3.));
#11382=CARTESIAN_POINT('Ctrl Pts',(-3.39083477854729,41.3194924592972,2.5));
#11383=CARTESIAN_POINT('',(-4.18487355113029,41.1589023470879,3.));
#11384=CARTESIAN_POINT('Ctrl Pts',(-4.18487355113029,41.1589023470879,3.));
#11385=CARTESIAN_POINT('Ctrl Pts',(-3.57578083872795,41.2734317779541,3.));
#11386=CARTESIAN_POINT('Ctrl Pts',(-3.39083477854729,41.3194924592972,3.));
#11387=CARTESIAN_POINT('',(-4.18487355113029,41.1589023470879,2.5));
#11388=CARTESIAN_POINT('',(-4.18487355113029,41.1589023470879,3.));
#11389=CARTESIAN_POINT('Ctrl Pts',(-4.18487355113029,41.1589023470879,2.5));
#11390=CARTESIAN_POINT('Ctrl Pts',(-3.57578083872795,41.2734317779541,2.5));
#11391=CARTESIAN_POINT('Ctrl Pts',(-3.39083477854729,41.3194924592972,2.5));
#11392=CARTESIAN_POINT('Ctrl Pts',(-4.93534848093987,40.8700892329216,3.));
#11393=CARTESIAN_POINT('Ctrl Pts',(-4.93534848093987,40.8700892329216,2.5));
#11394=CARTESIAN_POINT('Ctrl Pts',(-4.692552536726,41.0642912983894,3.));
#11395=CARTESIAN_POINT('Ctrl Pts',(-4.692552536726,41.0642912983894,2.5));
#11396=CARTESIAN_POINT('Ctrl Pts',(-4.18487355113029,41.1589023470879,3.));
#11397=CARTESIAN_POINT('Ctrl Pts',(-4.18487355113029,41.1589023470879,2.5));
#11398=CARTESIAN_POINT('',(-4.93534848093987,40.8700892329216,3.));
#11399=CARTESIAN_POINT('Ctrl Pts',(-4.93534848093987,40.8700892329216,3.));
#11400=CARTESIAN_POINT('Ctrl Pts',(-4.692552536726,41.0642912983894,3.));
#11401=CARTESIAN_POINT('Ctrl Pts',(-4.18487355113029,41.1589023470879,3.));
#11402=CARTESIAN_POINT('',(-4.93534848093987,40.8700892329216,2.5));
#11403=CARTESIAN_POINT('',(-4.93534848093987,40.8700892329216,3.));
#11404=CARTESIAN_POINT('Ctrl Pts',(-4.93534848093987,40.8700892329216,2.5));
#11405=CARTESIAN_POINT('Ctrl Pts',(-4.692552536726,41.0642912983894,2.5));
#11406=CARTESIAN_POINT('Ctrl Pts',(-4.18487355113029,41.1589023470879,2.5));
#11407=CARTESIAN_POINT('Ctrl Pts',(-5.28049275279045,40.3746256232262,3.));
#11408=CARTESIAN_POINT('Ctrl Pts',(-5.28049275279045,40.3746256232262,2.5));
#11409=CARTESIAN_POINT('Ctrl Pts',(-5.17809674143791,40.6758871674538,3.));
#11410=CARTESIAN_POINT('Ctrl Pts',(-5.17809674143791,40.6758871674538,2.5));
#11411=CARTESIAN_POINT('Ctrl Pts',(-4.93534848093987,40.8700892329216,3.));
#11412=CARTESIAN_POINT('Ctrl Pts',(-4.93534848093987,40.8700892329216,2.5));
#11413=CARTESIAN_POINT('',(-5.28049275279045,40.3746256232262,3.));
#11414=CARTESIAN_POINT('Ctrl Pts',(-5.28049275279045,40.3746256232262,3.));
#11415=CARTESIAN_POINT('Ctrl Pts',(-5.17809674143791,40.6758871674538,3.));
#11416=CARTESIAN_POINT('Ctrl Pts',(-4.93534848093987,40.8700892329216,3.));
#11417=CARTESIAN_POINT('',(-5.28049275279045,40.3746256232262,2.5));
#11418=CARTESIAN_POINT('',(-5.28049275279045,40.3746256232262,3.));
#11419=CARTESIAN_POINT('Ctrl Pts',(-5.28049275279045,40.3746256232262,2.5));
#11420=CARTESIAN_POINT('Ctrl Pts',(-5.17809674143791,40.6758871674538,2.5));
#11421=CARTESIAN_POINT('Ctrl Pts',(-4.93534848093987,40.8700892329216,2.5));
#11422=CARTESIAN_POINT('Ctrl Pts',(-5.21886631846428,39.8343458771706,3.));
#11423=CARTESIAN_POINT('Ctrl Pts',(-5.21886631846428,39.8343458771706,2.5));
#11424=CARTESIAN_POINT('Ctrl Pts',(-5.38965031504631,40.0534453988075,3.));
#11425=CARTESIAN_POINT('Ctrl Pts',(-5.38965031504631,40.0534453988075,2.5));
#11426=CARTESIAN_POINT('Ctrl Pts',(-5.28049275279045,40.3746256232262,3.));
#11427=CARTESIAN_POINT('Ctrl Pts',(-5.28049275279045,40.3746256232262,2.5));
#11428=CARTESIAN_POINT('',(-5.21886631846428,39.8343458771706,3.));
#11429=CARTESIAN_POINT('Ctrl Pts',(-5.21886631846428,39.8343458771706,3.));
#11430=CARTESIAN_POINT('Ctrl Pts',(-5.38965031504631,40.0534453988075,3.));
#11431=CARTESIAN_POINT('Ctrl Pts',(-5.28049275279045,40.3746256232262,3.));
#11432=CARTESIAN_POINT('',(-5.21886631846428,39.8343458771706,2.5));
#11433=CARTESIAN_POINT('',(-5.21886631846428,39.8343458771706,3.));
#11434=CARTESIAN_POINT('Ctrl Pts',(-5.21886631846428,39.8343458771706,2.5));
#11435=CARTESIAN_POINT('Ctrl Pts',(-5.38965031504631,40.0534453988075,2.5));
#11436=CARTESIAN_POINT('Ctrl Pts',(-5.28049275279045,40.3746256232262,2.5));
#11437=CARTESIAN_POINT('Ctrl Pts',(-4.57503125071526,39.6152463555336,3.));
#11438=CARTESIAN_POINT('Ctrl Pts',(-4.57503125071526,39.6152463555336,2.5));
#11439=CARTESIAN_POINT('Ctrl Pts',(-5.04808232188225,39.6152463555336,3.));
#11440=CARTESIAN_POINT('Ctrl Pts',(-5.04808232188225,39.6152463555336,2.5));
#11441=CARTESIAN_POINT('Ctrl Pts',(-5.21886631846428,39.8343458771706,3.));
#11442=CARTESIAN_POINT('Ctrl Pts',(-5.21886631846428,39.8343458771706,2.5));
#11443=CARTESIAN_POINT('',(-4.57503125071526,39.6152463555336,3.));
#11444=CARTESIAN_POINT('Ctrl Pts',(-4.57503125071526,39.6152463555336,3.));
#11445=CARTESIAN_POINT('Ctrl Pts',(-5.04808232188225,39.6152463555336,3.));
#11446=CARTESIAN_POINT('Ctrl Pts',(-5.21886631846428,39.8343458771706,3.));
#11447=CARTESIAN_POINT('',(-4.57503125071526,39.6152463555336,2.5));
#11448=CARTESIAN_POINT('',(-4.57503125071526,39.6152463555336,3.));
#11449=CARTESIAN_POINT('Ctrl Pts',(-4.57503125071526,39.6152463555336,2.5));
#11450=CARTESIAN_POINT('Ctrl Pts',(-5.04808232188225,39.6152463555336,2.5));
#11451=CARTESIAN_POINT('Ctrl Pts',(-5.21886631846428,39.8343458771706,2.5));
#11452=CARTESIAN_POINT('Ctrl Pts',(-3.9128665626049,39.7247961163521,3.));
#11453=CARTESIAN_POINT('Ctrl Pts',(-3.9128665626049,39.7247961163521,2.5));
#11454=CARTESIAN_POINT('Ctrl Pts',(-4.21899601817131,39.6152463555336,3.));
#11455=CARTESIAN_POINT('Ctrl Pts',(-4.21899601817131,39.6152463555336,2.5));
#11456=CARTESIAN_POINT('Ctrl Pts',(-4.57503125071526,39.6152463555336,3.));
#11457=CARTESIAN_POINT('Ctrl Pts',(-4.57503125071526,39.6152463555336,2.5));
#11458=CARTESIAN_POINT('',(-3.9128665626049,39.7247961163521,3.));
#11459=CARTESIAN_POINT('Ctrl Pts',(-3.9128665626049,39.7247961163521,3.));
#11460=CARTESIAN_POINT('Ctrl Pts',(-4.21899601817131,39.6152463555336,3.));
#11461=CARTESIAN_POINT('Ctrl Pts',(-4.57503125071526,39.6152463555336,3.));
#11462=CARTESIAN_POINT('',(-3.9128665626049,39.7247961163521,2.5));
#11463=CARTESIAN_POINT('',(-3.9128665626049,39.7247961163521,3.));
#11464=CARTESIAN_POINT('Ctrl Pts',(-3.9128665626049,39.7247961163521,2.5));
#11465=CARTESIAN_POINT('Ctrl Pts',(-4.21899601817131,39.6152463555336,2.5));
#11466=CARTESIAN_POINT('Ctrl Pts',(-4.57503125071526,39.6152463555336,2.5));
#11467=CARTESIAN_POINT('Ctrl Pts',(-3.42389866709709,39.9986705183983,3.));
#11468=CARTESIAN_POINT('Ctrl Pts',(-3.42389866709709,39.9986705183983,2.5));
#11469=CARTESIAN_POINT('Ctrl Pts',(-3.68824765086174,39.8069581389427,3.));
#11470=CARTESIAN_POINT('Ctrl Pts',(-3.68824765086174,39.8069581389427,2.5));
#11471=CARTESIAN_POINT('Ctrl Pts',(-3.9128665626049,39.7247961163521,3.));
#11472=CARTESIAN_POINT('Ctrl Pts',(-3.9128665626049,39.7247961163521,2.5));
#11473=CARTESIAN_POINT('',(-3.42389866709709,39.9986705183983,3.));
#11474=CARTESIAN_POINT('Ctrl Pts',(-3.42389866709709,39.9986705183983,3.));
#11475=CARTESIAN_POINT('Ctrl Pts',(-3.68824765086174,39.8069581389427,3.));
#11476=CARTESIAN_POINT('Ctrl Pts',(-3.9128665626049,39.7247961163521,3.));
#11477=CARTESIAN_POINT('',(-3.42389866709709,39.9986705183983,2.5));
#11478=CARTESIAN_POINT('',(-3.42389866709709,39.9986705183983,3.));
#11479=CARTESIAN_POINT('Ctrl Pts',(-3.42389866709709,39.9986705183983,2.5));
#11480=CARTESIAN_POINT('Ctrl Pts',(-3.68824765086174,39.8069581389427,2.5));
#11481=CARTESIAN_POINT('Ctrl Pts',(-3.9128665626049,39.7247961163521,2.5));
#11482=CARTESIAN_POINT('Ctrl Pts',(-3.44617649912834,39.8306110501289,3.));
#11483=CARTESIAN_POINT('Ctrl Pts',(-3.44617649912834,39.8306110501289,2.5));
#11484=CARTESIAN_POINT('Ctrl Pts',(-3.44541355967522,39.8841413855553,3.));
#11485=CARTESIAN_POINT('Ctrl Pts',(-3.44541355967522,39.8841413855553,2.5));
#11486=CARTESIAN_POINT('Ctrl Pts',(-3.42389866709709,39.9986705183983,3.));
#11487=CARTESIAN_POINT('Ctrl Pts',(-3.42389866709709,39.9986705183983,2.5));
#11488=CARTESIAN_POINT('',(-3.44617649912834,39.8306110501289,3.));
#11489=CARTESIAN_POINT('Ctrl Pts',(-3.44617649912834,39.8306110501289,3.));
#11490=CARTESIAN_POINT('Ctrl Pts',(-3.44541355967522,39.8841413855553,3.));
#11491=CARTESIAN_POINT('Ctrl Pts',(-3.42389866709709,39.9986705183983,3.));
#11492=CARTESIAN_POINT('',(-3.44617649912834,39.8306110501289,2.5));
#11493=CARTESIAN_POINT('',(-3.44617649912834,39.8306110501289,3.));
#11494=CARTESIAN_POINT('Ctrl Pts',(-3.44617649912834,39.8306110501289,2.5));
#11495=CARTESIAN_POINT('Ctrl Pts',(-3.44541355967522,39.8841413855553,2.5));
#11496=CARTESIAN_POINT('Ctrl Pts',(-3.42389866709709,39.9986705183983,2.5));
#11497=CARTESIAN_POINT('Ctrl Pts',(-3.42436596751213,39.6750006079674,3.));
#11498=CARTESIAN_POINT('Ctrl Pts',(-3.42436596751213,39.6750006079674,2.5));
#11499=CARTESIAN_POINT('Ctrl Pts',(-3.4469299018383,39.7770813107491,3.));
#11500=CARTESIAN_POINT('Ctrl Pts',(-3.4469299018383,39.7770813107491,2.5));
#11501=CARTESIAN_POINT('Ctrl Pts',(-3.44617649912834,39.8306110501289,3.));
#11502=CARTESIAN_POINT('Ctrl Pts',(-3.44617649912834,39.8306110501289,2.5));
#11503=CARTESIAN_POINT('',(-3.42436596751213,39.6750006079674,3.));
#11504=CARTESIAN_POINT('Ctrl Pts',(-3.42436596751213,39.6750006079674,3.));
#11505=CARTESIAN_POINT('Ctrl Pts',(-3.4469299018383,39.7770813107491,3.));
#11506=CARTESIAN_POINT('Ctrl Pts',(-3.44617649912834,39.8306110501289,3.));
#11507=CARTESIAN_POINT('',(-3.42436596751213,39.6750006079674,2.5));
#11508=CARTESIAN_POINT('',(-3.42436596751213,39.6750006079674,3.));
#11509=CARTESIAN_POINT('Ctrl Pts',(-3.42436596751213,39.6750006079674,2.5));
#11510=CARTESIAN_POINT('Ctrl Pts',(-3.4469299018383,39.7770813107491,2.5));
#11511=CARTESIAN_POINT('Ctrl Pts',(-3.44617649912834,39.8306110501289,2.5));
#11512=CARTESIAN_POINT('Origin',(-2.47327610850334,39.6750006079674,3.));
#11513=CARTESIAN_POINT('',(-2.47327610850334,39.6750006079674,3.));
#11514=CARTESIAN_POINT('',(8.40183132458989,39.6750006079674,3.));
#11515=CARTESIAN_POINT('',(-2.47327610850334,39.6750006079674,2.5));
#11516=CARTESIAN_POINT('',(-2.47327610850334,39.6750006079674,3.));
#11517=CARTESIAN_POINT('',(-2.47327610850334,39.6750006079674,2.5));
#11518=CARTESIAN_POINT('Ctrl Pts',(-2.48478695750237,39.945140182972,3.));
#11519=CARTESIAN_POINT('Ctrl Pts',(-2.48478695750237,39.945140182972,2.5));
#11520=CARTESIAN_POINT('Ctrl Pts',(-2.49707981944084,39.8393252491951,3.));
#11521=CARTESIAN_POINT('Ctrl Pts',(-2.49707981944084,39.8393252491951,2.5));
#11522=CARTESIAN_POINT('Ctrl Pts',(-2.47327610850334,39.6750006079674,3.));
#11523=CARTESIAN_POINT('Ctrl Pts',(-2.47327610850334,39.6750006079674,2.5));
#11524=CARTESIAN_POINT('',(-2.48478695750237,39.945140182972,3.));
#11525=CARTESIAN_POINT('Ctrl Pts',(-2.48478695750237,39.945140182972,3.));
#11526=CARTESIAN_POINT('Ctrl Pts',(-2.49707981944084,39.8393252491951,3.));
#11527=CARTESIAN_POINT('Ctrl Pts',(-2.47327610850334,39.6750006079674,3.));
#11528=CARTESIAN_POINT('',(-2.48478695750237,39.945140182972,2.5));
#11529=CARTESIAN_POINT('',(-2.48478695750237,39.945140182972,3.));
#11530=CARTESIAN_POINT('Ctrl Pts',(-2.48478695750237,39.945140182972,2.5));
#11531=CARTESIAN_POINT('Ctrl Pts',(-2.49707981944084,39.8393252491951,2.5));
#11532=CARTESIAN_POINT('Ctrl Pts',(-2.47327610850334,39.6750006079674,2.5));
#11533=CARTESIAN_POINT('Ctrl Pts',(-2.40900799632072,40.2376881241798,3.));
#11534=CARTESIAN_POINT('Ctrl Pts',(-2.40900799632072,40.2376881241798,2.5));
#11535=CARTESIAN_POINT('Ctrl Pts',(-2.47249409556389,40.0509557127953,3.));
#11536=CARTESIAN_POINT('Ctrl Pts',(-2.47249409556389,40.0509557127953,2.5));
#11537=CARTESIAN_POINT('Ctrl Pts',(-2.48478695750237,39.945140182972,3.));
#11538=CARTESIAN_POINT('Ctrl Pts',(-2.48478695750237,39.945140182972,2.5));
#11539=CARTESIAN_POINT('',(-2.40900799632072,40.2376881241798,3.));
#11540=CARTESIAN_POINT('Ctrl Pts',(-2.40900799632072,40.2376881241798,3.));
#11541=CARTESIAN_POINT('Ctrl Pts',(-2.47249409556389,40.0509557127953,3.));
#11542=CARTESIAN_POINT('Ctrl Pts',(-2.48478695750237,39.945140182972,3.));
#11543=CARTESIAN_POINT('',(-2.40900799632072,40.2376881241798,2.5));
#11544=CARTESIAN_POINT('',(-2.40900799632072,40.2376881241798,3.));
#11545=CARTESIAN_POINT('Ctrl Pts',(-2.40900799632072,40.2376881241798,2.5));
#11546=CARTESIAN_POINT('Ctrl Pts',(-2.47249409556389,40.0509557127953,2.5));
#11547=CARTESIAN_POINT('Ctrl Pts',(-2.48478695750237,39.945140182972,2.5));
#11548=CARTESIAN_POINT('Origin',(-2.01220318675041,41.4053896069527,3.));
#11549=CARTESIAN_POINT('',(-2.01220318675041,41.4053896069527,3.));
#11550=CARTESIAN_POINT('',(-7.83924566314937,24.2577997195231,3.));
#11551=CARTESIAN_POINT('',(-2.01220318675041,41.4053896069527,2.5));
#11552=CARTESIAN_POINT('',(-2.01220318675041,41.4053896069527,3.));
#11553=CARTESIAN_POINT('',(-2.01220318675041,41.4053896069527,2.5));
#11554=CARTESIAN_POINT('Ctrl Pts',(-1.95361897349358,41.7975279688835,3.));
#11555=CARTESIAN_POINT('Ctrl Pts',(-1.95361897349358,41.7975279688835,2.5));
#11556=CARTESIAN_POINT('Ctrl Pts',(-1.94871708750725,41.5921220183372,3.));
#11557=CARTESIAN_POINT('Ctrl Pts',(-1.94871708750725,41.5921220183372,2.5));
#11558=CARTESIAN_POINT('Ctrl Pts',(-2.01220318675041,41.4053896069527,3.));
#11559=CARTESIAN_POINT('Ctrl Pts',(-2.01220318675041,41.4053896069527,2.5));
#11560=CARTESIAN_POINT('',(-1.95361897349358,41.7975279688835,3.));
#11561=CARTESIAN_POINT('Ctrl Pts',(-1.95361897349358,41.7975279688835,3.));
#11562=CARTESIAN_POINT('Ctrl Pts',(-1.94871708750725,41.5921220183372,3.));
#11563=CARTESIAN_POINT('Ctrl Pts',(-2.01220318675041,41.4053896069527,3.));
#11564=CARTESIAN_POINT('',(-1.95361897349358,41.7975279688835,2.5));
#11565=CARTESIAN_POINT('',(-1.95361897349358,41.7975279688835,3.));
#11566=CARTESIAN_POINT('Ctrl Pts',(-1.95361897349358,41.7975279688835,2.5));
#11567=CARTESIAN_POINT('Ctrl Pts',(-1.94871708750725,41.5921220183372,2.5));
#11568=CARTESIAN_POINT('Ctrl Pts',(-2.01220318675041,41.4053896069527,2.5));
#11569=CARTESIAN_POINT('Ctrl Pts',(-2.04990193247795,42.1149733662605,3.));
#11570=CARTESIAN_POINT('Ctrl Pts',(-2.04990193247795,42.1149733662605,2.5));
#11571=CARTESIAN_POINT('Ctrl Pts',(-1.9585208594799,42.0029339194298,3.));
#11572=CARTESIAN_POINT('Ctrl Pts',(-1.9585208594799,42.0029339194298,2.5));
#11573=CARTESIAN_POINT('Ctrl Pts',(-1.95361897349358,41.7975279688835,3.));
#11574=CARTESIAN_POINT('Ctrl Pts',(-1.95361897349358,41.7975279688835,2.5));
#11575=CARTESIAN_POINT('',(-2.04990193247795,42.1149733662605,3.));
#11576=CARTESIAN_POINT('Ctrl Pts',(-2.04990193247795,42.1149733662605,3.));
#11577=CARTESIAN_POINT('Ctrl Pts',(-1.9585208594799,42.0029339194298,3.));
#11578=CARTESIAN_POINT('Ctrl Pts',(-1.95361897349358,41.7975279688835,3.));
#11579=CARTESIAN_POINT('',(-2.04990193247795,42.1149733662605,2.5));
#11580=CARTESIAN_POINT('',(-2.04990193247795,42.1149733662605,3.));
#11581=CARTESIAN_POINT('Ctrl Pts',(-2.04990193247795,42.1149733662605,2.5));
#11582=CARTESIAN_POINT('Ctrl Pts',(-1.9585208594799,42.0029339194298,2.5));
#11583=CARTESIAN_POINT('Ctrl Pts',(-1.95361897349358,41.7975279688835,2.5));
#11584=CARTESIAN_POINT('Ctrl Pts',(-2.43814274668694,42.3278483748436,3.));
#11585=CARTESIAN_POINT('Ctrl Pts',(-2.43814274668694,42.3278483748436,2.5));
#11586=CARTESIAN_POINT('Ctrl Pts',(-2.17913433909416,42.2768080234528,3.));
#11587=CARTESIAN_POINT('Ctrl Pts',(-2.17913433909416,42.2768080234528,2.5));
#11588=CARTESIAN_POINT('Ctrl Pts',(-2.04990193247795,42.1149733662605,3.));
#11589=CARTESIAN_POINT('Ctrl Pts',(-2.04990193247795,42.1149733662605,2.5));
#11590=CARTESIAN_POINT('',(-2.43814274668694,42.3278483748436,3.));
#11591=CARTESIAN_POINT('Ctrl Pts',(-2.43814274668694,42.3278483748436,3.));
#11592=CARTESIAN_POINT('Ctrl Pts',(-2.17913433909416,42.2768080234528,3.));
#11593=CARTESIAN_POINT('Ctrl Pts',(-2.04990193247795,42.1149733662605,3.));
#11594=CARTESIAN_POINT('',(-2.43814274668694,42.3278483748436,2.5));
#11595=CARTESIAN_POINT('',(-2.43814274668694,42.3278483748436,3.));
#11596=CARTESIAN_POINT('Ctrl Pts',(-2.43814274668694,42.3278483748436,2.5));
#11597=CARTESIAN_POINT('Ctrl Pts',(-2.17913433909416,42.2768080234528,2.5));
#11598=CARTESIAN_POINT('Ctrl Pts',(-2.04990193247795,42.1149733662605,2.5));
#11599=CARTESIAN_POINT('Ctrl Pts',(-3.15278813242912,42.3788887262344,3.));
#11600=CARTESIAN_POINT('Ctrl Pts',(-3.15278813242912,42.3788887262344,2.5));
#11601=CARTESIAN_POINT('Ctrl Pts',(-2.69716069102287,42.3788887262344,3.));
#11602=CARTESIAN_POINT('Ctrl Pts',(-2.69716069102287,42.3788887262344,2.5));
#11603=CARTESIAN_POINT('Ctrl Pts',(-2.43814274668694,42.3278483748436,3.));
#11604=CARTESIAN_POINT('Ctrl Pts',(-2.43814274668694,42.3278483748436,2.5));
#11605=CARTESIAN_POINT('',(-3.15278813242912,42.3788887262344,3.));
#11606=CARTESIAN_POINT('Ctrl Pts',(-3.15278813242912,42.3788887262344,3.));
#11607=CARTESIAN_POINT('Ctrl Pts',(-2.69716069102287,42.3788887262344,3.));
#11608=CARTESIAN_POINT('Ctrl Pts',(-2.43814274668694,42.3278483748436,3.));
#11609=CARTESIAN_POINT('',(-3.15278813242912,42.3788887262344,2.5));
#11610=CARTESIAN_POINT('',(-3.15278813242912,42.3788887262344,3.));
#11611=CARTESIAN_POINT('Ctrl Pts',(-3.15278813242912,42.3788887262344,2.5));
#11612=CARTESIAN_POINT('Ctrl Pts',(-2.69716069102287,42.3788887262344,2.5));
#11613=CARTESIAN_POINT('Ctrl Pts',(-2.43814274668694,42.3278483748436,2.5));
#11614=CARTESIAN_POINT('Ctrl Pts',(-3.69500920176506,42.3365625739098,3.));
#11615=CARTESIAN_POINT('Ctrl Pts',(-3.69500920176506,42.3365625739098,2.5));
#11616=CARTESIAN_POINT('Ctrl Pts',(-3.43662068247795,42.3788887262344,3.));
#11617=CARTESIAN_POINT('Ctrl Pts',(-3.43662068247795,42.3788887262344,2.5));
#11618=CARTESIAN_POINT('Ctrl Pts',(-3.15278813242912,42.3788887262344,3.));
#11619=CARTESIAN_POINT('Ctrl Pts',(-3.15278813242912,42.3788887262344,2.5));
#11620=CARTESIAN_POINT('',(-3.69500920176506,42.3365625739098,3.));
#11621=CARTESIAN_POINT('Ctrl Pts',(-3.69500920176506,42.3365625739098,3.));
#11622=CARTESIAN_POINT('Ctrl Pts',(-3.43662068247795,42.3788887262344,3.));
#11623=CARTESIAN_POINT('Ctrl Pts',(-3.15278813242912,42.3788887262344,3.));
#11624=CARTESIAN_POINT('',(-3.69500920176506,42.3365625739098,2.5));
#11625=CARTESIAN_POINT('',(-3.69500920176506,42.3365625739098,3.));
#11626=CARTESIAN_POINT('Ctrl Pts',(-3.69500920176506,42.3365625739098,2.5));
#11627=CARTESIAN_POINT('Ctrl Pts',(-3.43662068247795,42.3788887262344,2.5));
#11628=CARTESIAN_POINT('Ctrl Pts',(-3.15278813242912,42.3788887262344,2.5));
#11629=CARTESIAN_POINT('Ctrl Pts',(-4.11905094981194,42.217053771019,3.));
#11630=CARTESIAN_POINT('Ctrl Pts',(-4.11905094981194,42.217053771019,2.5));
#11631=CARTESIAN_POINT('Ctrl Pts',(-3.95340725779533,42.2942364215851,3.));
#11632=CARTESIAN_POINT('Ctrl Pts',(-3.95340725779533,42.2942364215851,2.5));
#11633=CARTESIAN_POINT('Ctrl Pts',(-3.69500920176506,42.3365625739098,3.));
#11634=CARTESIAN_POINT('Ctrl Pts',(-3.69500920176506,42.3365625739098,2.5));
#11635=CARTESIAN_POINT('',(-4.11905094981194,42.217053771019,3.));
#11636=CARTESIAN_POINT('Ctrl Pts',(-4.11905094981194,42.217053771019,3.));
#11637=CARTESIAN_POINT('Ctrl Pts',(-3.95340725779533,42.2942364215851,3.));
#11638=CARTESIAN_POINT('Ctrl Pts',(-3.69500920176506,42.3365625739098,3.));
#11639=CARTESIAN_POINT('',(-4.11905094981194,42.217053771019,2.5));
#11640=CARTESIAN_POINT('',(-4.11905094981194,42.217053771019,3.));
#11641=CARTESIAN_POINT('Ctrl Pts',(-4.11905094981194,42.217053771019,2.5));
#11642=CARTESIAN_POINT('Ctrl Pts',(-3.95340725779533,42.2942364215851,2.5));
#11643=CARTESIAN_POINT('Ctrl Pts',(-3.69500920176506,42.3365625739098,2.5));
#11644=CARTESIAN_POINT('Ctrl Pts',(-4.50245663523674,41.9643422961235,3.));
#11645=CARTESIAN_POINT('Ctrl Pts',(-4.50245663523674,41.9643422961235,2.5));
#11646=CARTESIAN_POINT('Ctrl Pts',(-4.34963032603264,42.109993994236,3.));
#11647=CARTESIAN_POINT('Ctrl Pts',(-4.34963032603264,42.109993994236,2.5));
#11648=CARTESIAN_POINT('Ctrl Pts',(-4.11905094981194,42.217053771019,3.));
#11649=CARTESIAN_POINT('Ctrl Pts',(-4.11905094981194,42.217053771019,2.5));
#11650=CARTESIAN_POINT('',(-4.50245663523674,41.9643422961235,3.));
#11651=CARTESIAN_POINT('Ctrl Pts',(-4.50245663523674,41.9643422961235,3.));
#11652=CARTESIAN_POINT('Ctrl Pts',(-4.34963032603264,42.109993994236,3.));
#11653=CARTESIAN_POINT('Ctrl Pts',(-4.11905094981194,42.217053771019,3.));
#11654=CARTESIAN_POINT('',(-4.50245663523674,41.9643422961235,2.5));
#11655=CARTESIAN_POINT('',(-4.50245663523674,41.9643422961235,3.));
#11656=CARTESIAN_POINT('Ctrl Pts',(-4.50245663523674,41.9643422961235,2.5));
#11657=CARTESIAN_POINT('Ctrl Pts',(-4.34963032603264,42.109993994236,2.5));
#11658=CARTESIAN_POINT('Ctrl Pts',(-4.11905094981194,42.217053771019,2.5));
#11659=CARTESIAN_POINT('Ctrl Pts',(-4.79638859629631,41.5647345781326,3.));
#11660=CARTESIAN_POINT('Ctrl Pts',(-4.79638859629631,41.5647345781326,2.5));
#11661=CARTESIAN_POINT('Ctrl Pts',(-4.65528294444084,41.8186908960342,3.));
#11662=CARTESIAN_POINT('Ctrl Pts',(-4.65528294444084,41.8186908960342,2.5));
#11663=CARTESIAN_POINT('Ctrl Pts',(-4.50245663523674,41.9643422961235,3.));
#11664=CARTESIAN_POINT('Ctrl Pts',(-4.50245663523674,41.9643422961235,2.5));
#11665=CARTESIAN_POINT('',(-4.79638859629631,41.5647345781326,3.));
#11666=CARTESIAN_POINT('Ctrl Pts',(-4.79638859629631,41.5647345781326,3.));
#11667=CARTESIAN_POINT('Ctrl Pts',(-4.65528294444084,41.8186908960342,3.));
#11668=CARTESIAN_POINT('Ctrl Pts',(-4.50245663523674,41.9643422961235,3.));
#11669=CARTESIAN_POINT('',(-4.79638859629631,41.5647345781326,2.5));
#11670=CARTESIAN_POINT('',(-4.79638859629631,41.5647345781326,3.));
#11671=CARTESIAN_POINT('Ctrl Pts',(-4.79638859629631,41.5647345781326,2.5));
#11672=CARTESIAN_POINT('Ctrl Pts',(-4.65528294444084,41.8186908960342,2.5));
#11673=CARTESIAN_POINT('Ctrl Pts',(-4.50245663523674,41.9643422961235,2.5));
#11674=CARTESIAN_POINT('Origin',(-3.86253163218498,41.4626541733742,3.));
#11675=CARTESIAN_POINT('',(-3.86253163218498,41.4626541733742,3.));
#11676=CARTESIAN_POINT('',(10.0305871993173,39.9439899151635,3.));
#11677=CARTESIAN_POINT('',(-3.86253163218498,41.4626541733742,2.5));
#11678=CARTESIAN_POINT('',(-3.86253163218498,41.4626541733742,3.));
#11679=CARTESIAN_POINT('',(-3.86253163218498,41.4626541733742,2.5));
#11680=CARTESIAN_POINT('Ctrl Pts',(-3.62615391612053,41.6966924071312,3.));
#11681=CARTESIAN_POINT('Ctrl Pts',(-3.62615391612053,41.6966924071312,2.5));
#11682=CARTESIAN_POINT('Ctrl Pts',(-3.74441906809807,41.6344481706619,3.));
#11683=CARTESIAN_POINT('Ctrl Pts',(-3.74441906809807,41.6344481706619,2.5));
#11684=CARTESIAN_POINT('Ctrl Pts',(-3.86253163218498,41.4626541733742,3.));
#11685=CARTESIAN_POINT('Ctrl Pts',(-3.86253163218498,41.4626541733742,2.5));
#11686=CARTESIAN_POINT('',(-3.62615391612053,41.6966924071312,3.));
#11687=CARTESIAN_POINT('Ctrl Pts',(-3.62615391612053,41.6966924071312,3.));
#11688=CARTESIAN_POINT('Ctrl Pts',(-3.74441906809807,41.6344481706619,3.));
#11689=CARTESIAN_POINT('Ctrl Pts',(-3.86253163218498,41.4626541733742,3.));
#11690=CARTESIAN_POINT('',(-3.62615391612053,41.6966924071312,2.5));
#11691=CARTESIAN_POINT('',(-3.62615391612053,41.6966924071312,3.));
#11692=CARTESIAN_POINT('Ctrl Pts',(-3.62615391612053,41.6966924071312,2.5));
#11693=CARTESIAN_POINT('Ctrl Pts',(-3.74441906809807,41.6344481706619,2.5));
#11694=CARTESIAN_POINT('Ctrl Pts',(-3.86253163218498,41.4626541733742,2.5));
#11695=CARTESIAN_POINT('Ctrl Pts',(-3.2256107032299,41.7763647437096,3.));
#11696=CARTESIAN_POINT('Ctrl Pts',(-3.2256107032299,41.7763647437096,2.5));
#11697=CARTESIAN_POINT('Ctrl Pts',(-3.47458645701408,41.7763647437096,3.));
#11698=CARTESIAN_POINT('Ctrl Pts',(-3.47458645701408,41.7763647437096,2.5));
#11699=CARTESIAN_POINT('Ctrl Pts',(-3.62615391612053,41.6966924071312,3.));
#11700=CARTESIAN_POINT('Ctrl Pts',(-3.62615391612053,41.6966924071312,2.5));
#11701=CARTESIAN_POINT('Ctrl Pts',(-3.2256107032299,41.7763647437096,3.));
#11702=CARTESIAN_POINT('Ctrl Pts',(-3.47458645701408,41.7763647437096,3.));
#11703=CARTESIAN_POINT('Ctrl Pts',(-3.62615391612053,41.6966924071312,3.));
#11704=CARTESIAN_POINT('Ctrl Pts',(-3.2256107032299,41.7763647437096,2.5));
#11705=CARTESIAN_POINT('Ctrl Pts',(-3.47458645701408,41.7763647437096,2.5));
#11706=CARTESIAN_POINT('Ctrl Pts',(-3.62615391612053,41.6966924071312,2.5));
#11707=CARTESIAN_POINT('Origin',(-3.66918370127678,40.997067540884,2.5));
#11708=CARTESIAN_POINT('Ctrl Pts',(3.4168167412281,40.4605224728584,3.));
#11709=CARTESIAN_POINT('Ctrl Pts',(3.4168167412281,40.4605224728584,2.5));
#11710=CARTESIAN_POINT('Ctrl Pts',(3.51800158619881,40.5787864327431,3.));
#11711=CARTESIAN_POINT('Ctrl Pts',(3.51800158619881,40.5787864327431,2.5));
#11712=CARTESIAN_POINT('Ctrl Pts',(3.58230784535408,40.7680091261864,3.));
#11713=CARTESIAN_POINT('Ctrl Pts',(3.58230784535408,40.7680091261864,2.5));
#11714=CARTESIAN_POINT('',(3.4168167412281,40.4605224728584,3.));
#11715=CARTESIAN_POINT('',(3.58230784535408,40.7680091261864,3.));
#11716=CARTESIAN_POINT('Ctrl Pts',(3.4168167412281,40.4605224728584,3.));
#11717=CARTESIAN_POINT('Ctrl Pts',(3.51800158619881,40.5787864327431,3.));
#11718=CARTESIAN_POINT('Ctrl Pts',(3.58230784535408,40.7680091261864,3.));
#11719=CARTESIAN_POINT('',(3.4168167412281,40.4605224728584,2.5));
#11720=CARTESIAN_POINT('',(3.4168167412281,40.4605224728584,3.));
#11721=CARTESIAN_POINT('',(3.58230784535408,40.7680091261864,2.5));
#11722=CARTESIAN_POINT('Ctrl Pts',(3.4168167412281,40.4605224728584,2.5));
#11723=CARTESIAN_POINT('Ctrl Pts',(3.51800158619881,40.5787864327431,2.5));
#11724=CARTESIAN_POINT('Ctrl Pts',(3.58230784535408,40.7680091261864,2.5));
#11725=CARTESIAN_POINT('',(3.58230784535408,40.7680091261864,3.));
#11726=CARTESIAN_POINT('Ctrl Pts',(3.14206317067146,40.2600958943367,3.));
#11727=CARTESIAN_POINT('Ctrl Pts',(3.14206317067146,40.2600958943367,2.5));
#11728=CARTESIAN_POINT('Ctrl Pts',(3.31562235951424,40.3422585129738,3.));
#11729=CARTESIAN_POINT('Ctrl Pts',(3.31562235951424,40.3422585129738,2.5));
#11730=CARTESIAN_POINT('Ctrl Pts',(3.4168167412281,40.4605224728584,3.));
#11731=CARTESIAN_POINT('Ctrl Pts',(3.4168167412281,40.4605224728584,2.5));
#11732=CARTESIAN_POINT('',(3.14206317067146,40.2600958943367,3.));
#11733=CARTESIAN_POINT('Ctrl Pts',(3.14206317067146,40.2600958943367,3.));
#11734=CARTESIAN_POINT('Ctrl Pts',(3.31562235951424,40.3422585129738,3.));
#11735=CARTESIAN_POINT('Ctrl Pts',(3.4168167412281,40.4605224728584,3.));
#11736=CARTESIAN_POINT('',(3.14206317067146,40.2600958943367,2.5));
#11737=CARTESIAN_POINT('',(3.14206317067146,40.2600958943367,3.));
#11738=CARTESIAN_POINT('Ctrl Pts',(3.14206317067146,40.2600958943367,2.5));
#11739=CARTESIAN_POINT('Ctrl Pts',(3.31562235951424,40.3422585129738,2.5));
#11740=CARTESIAN_POINT('Ctrl Pts',(3.4168167412281,40.4605224728584,2.5));
#11741=CARTESIAN_POINT('Ctrl Pts',(2.79919818043709,40.1779338717461,3.));
#11742=CARTESIAN_POINT('Ctrl Pts',(2.79919818043709,40.1779338717461,2.5));
#11743=CARTESIAN_POINT('Ctrl Pts',(2.96849444508553,40.1779338717461,3.));
#11744=CARTESIAN_POINT('Ctrl Pts',(2.96849444508553,40.1779338717461,2.5));
#11745=CARTESIAN_POINT('Ctrl Pts',(3.14206317067146,40.2600958943367,3.));
#11746=CARTESIAN_POINT('Ctrl Pts',(3.14206317067146,40.2600958943367,2.5));
#11747=CARTESIAN_POINT('',(2.79919818043709,40.1779338717461,3.));
#11748=CARTESIAN_POINT('Ctrl Pts',(2.79919818043709,40.1779338717461,3.));
#11749=CARTESIAN_POINT('Ctrl Pts',(2.96849444508553,40.1779338717461,3.));
#11750=CARTESIAN_POINT('Ctrl Pts',(3.14206317067146,40.2600958943367,3.));
#11751=CARTESIAN_POINT('',(2.79919818043709,40.1779338717461,2.5));
#11752=CARTESIAN_POINT('',(2.79919818043709,40.1779338717461,3.));
#11753=CARTESIAN_POINT('Ctrl Pts',(2.79919818043709,40.1779338717461,2.5));
#11754=CARTESIAN_POINT('Ctrl Pts',(2.96849444508553,40.1779338717461,2.5));
#11755=CARTESIAN_POINT('Ctrl Pts',(3.14206317067146,40.2600958943367,2.5));
#11756=CARTESIAN_POINT('Ctrl Pts',(2.57974818348885,40.2538719773293,3.));
#11757=CARTESIAN_POINT('Ctrl Pts',(2.57974818348885,40.2538719773293,2.5));
#11758=CARTESIAN_POINT('Ctrl Pts',(2.63735964894295,40.1779338717461,3.));
#11759=CARTESIAN_POINT('Ctrl Pts',(2.63735964894295,40.1779338717461,2.5));
#11760=CARTESIAN_POINT('Ctrl Pts',(2.79919818043709,40.1779338717461,3.));
#11761=CARTESIAN_POINT('Ctrl Pts',(2.79919818043709,40.1779338717461,2.5));
#11762=CARTESIAN_POINT('',(2.57974818348885,40.2538719773293,3.));
#11763=CARTESIAN_POINT('Ctrl Pts',(2.57974818348885,40.2538719773293,3.));
#11764=CARTESIAN_POINT('Ctrl Pts',(2.63735964894295,40.1779338717461,3.));
#11765=CARTESIAN_POINT('Ctrl Pts',(2.79919818043709,40.1779338717461,3.));
#11766=CARTESIAN_POINT('',(2.57974818348885,40.2538719773293,2.5));
#11767=CARTESIAN_POINT('',(2.57974818348885,40.2538719773293,3.));
#11768=CARTESIAN_POINT('Ctrl Pts',(2.57974818348885,40.2538719773293,2.5));
#11769=CARTESIAN_POINT('Ctrl Pts',(2.63735964894295,40.1779338717461,2.5));
#11770=CARTESIAN_POINT('Ctrl Pts',(2.79919818043709,40.1779338717461,2.5));
#11771=CARTESIAN_POINT('Ctrl Pts',(2.56274417042732,40.44931858778,3.));
#11772=CARTESIAN_POINT('Ctrl Pts',(2.56274417042732,40.44931858778,2.5));
#11773=CARTESIAN_POINT('Ctrl Pts',(2.52212718129158,40.329809486866,3.));
#11774=CARTESIAN_POINT('Ctrl Pts',(2.52212718129158,40.329809486866,2.5));
#11775=CARTESIAN_POINT('Ctrl Pts',(2.57974818348885,40.2538719773293,3.));
#11776=CARTESIAN_POINT('Ctrl Pts',(2.57974818348885,40.2538719773293,2.5));
#11777=CARTESIAN_POINT('',(2.56274417042732,40.44931858778,3.));
#11778=CARTESIAN_POINT('Ctrl Pts',(2.56274417042732,40.44931858778,3.));
#11779=CARTESIAN_POINT('Ctrl Pts',(2.52212718129158,40.329809486866,3.));
#11780=CARTESIAN_POINT('Ctrl Pts',(2.57974818348885,40.2538719773293,3.));
#11781=CARTESIAN_POINT('',(2.56274417042732,40.44931858778,2.5));
#11782=CARTESIAN_POINT('',(2.56274417042732,40.44931858778,3.));
#11783=CARTESIAN_POINT('Ctrl Pts',(2.56274417042732,40.44931858778,2.5));
#11784=CARTESIAN_POINT('Ctrl Pts',(2.52212718129158,40.329809486866,2.5));
#11785=CARTESIAN_POINT('Ctrl Pts',(2.57974818348885,40.2538719773293,2.5));
#11786=CARTESIAN_POINT('Ctrl Pts',(2.71088793873787,40.6360509991646,3.));
#11787=CARTESIAN_POINT('Ctrl Pts',(2.71088793873787,40.6360509991646,2.5));
#11788=CARTESIAN_POINT('Ctrl Pts',(2.59829714894295,40.5538889765739,3.));
#11789=CARTESIAN_POINT('Ctrl Pts',(2.59829714894295,40.5538889765739,2.5));
#11790=CARTESIAN_POINT('Ctrl Pts',(2.56274417042732,40.44931858778,3.));
#11791=CARTESIAN_POINT('Ctrl Pts',(2.56274417042732,40.44931858778,2.5));
#11792=CARTESIAN_POINT('',(2.71088793873787,40.6360509991646,3.));
#11793=CARTESIAN_POINT('Ctrl Pts',(2.71088793873787,40.6360509991646,3.));
#11794=CARTESIAN_POINT('Ctrl Pts',(2.59829714894295,40.5538889765739,3.));
#11795=CARTESIAN_POINT('Ctrl Pts',(2.56274417042732,40.44931858778,3.));
#11796=CARTESIAN_POINT('',(2.71088793873787,40.6360509991646,2.5));
#11797=CARTESIAN_POINT('',(2.71088793873787,40.6360509991646,3.));
#11798=CARTESIAN_POINT('Ctrl Pts',(2.71088793873787,40.6360509991646,2.5));
#11799=CARTESIAN_POINT('Ctrl Pts',(2.59829714894295,40.5538889765739,2.5));
#11800=CARTESIAN_POINT('Ctrl Pts',(2.56274417042732,40.44931858778,2.5));
#11801=CARTESIAN_POINT('Ctrl Pts',(3.15674975514412,40.79788595438,3.));
#11802=CARTESIAN_POINT('Ctrl Pts',(3.15674975514412,40.79788595438,2.5));
#11803=CARTESIAN_POINT('Ctrl Pts',(2.82012179493904,40.7157239317894,3.));
#11804=CARTESIAN_POINT('Ctrl Pts',(2.82012179493904,40.7157239317894,2.5));
#11805=CARTESIAN_POINT('Ctrl Pts',(2.71088793873787,40.6360509991646,3.));
#11806=CARTESIAN_POINT('Ctrl Pts',(2.71088793873787,40.6360509991646,2.5));
#11807=CARTESIAN_POINT('',(3.15674975514412,40.79788595438,3.));
#11808=CARTESIAN_POINT('Ctrl Pts',(3.15674975514412,40.79788595438,3.));
#11809=CARTESIAN_POINT('Ctrl Pts',(2.82012179493904,40.7157239317894,3.));
#11810=CARTESIAN_POINT('Ctrl Pts',(2.71088793873787,40.6360509991646,3.));
#11811=CARTESIAN_POINT('',(3.15674975514412,40.79788595438,2.5));
#11812=CARTESIAN_POINT('',(3.15674975514412,40.79788595438,3.));
#11813=CARTESIAN_POINT('Ctrl Pts',(3.15674975514412,40.79788595438,2.5));
#11814=CARTESIAN_POINT('Ctrl Pts',(2.82012179493904,40.7157239317894,2.5));
#11815=CARTESIAN_POINT('Ctrl Pts',(2.71088793873787,40.6360509991646,2.5));
#11816=CARTESIAN_POINT('Ctrl Pts',(3.63731577992439,40.9298440814018,3.));
#11817=CARTESIAN_POINT('Ctrl Pts',(3.63731577992439,40.9298440814018,2.5));
#11818=CARTESIAN_POINT('Ctrl Pts',(3.4028072655201,40.8551505208015,3.));
#11819=CARTESIAN_POINT('Ctrl Pts',(3.4028072655201,40.8551505208015,2.5));
#11820=CARTESIAN_POINT('Ctrl Pts',(3.15674975514412,40.79788595438,3.));
#11821=CARTESIAN_POINT('Ctrl Pts',(3.15674975514412,40.79788595438,2.5));
#11822=CARTESIAN_POINT('',(3.63731577992439,40.9298440814018,3.));
#11823=CARTESIAN_POINT('Ctrl Pts',(3.63731577992439,40.9298440814018,3.));
#11824=CARTESIAN_POINT('Ctrl Pts',(3.4028072655201,40.8551505208015,3.));
#11825=CARTESIAN_POINT('Ctrl Pts',(3.15674975514412,40.79788595438,3.));
#11826=CARTESIAN_POINT('',(3.63731577992439,40.9298440814018,2.5));
#11827=CARTESIAN_POINT('',(3.63731577992439,40.9298440814018,3.));
#11828=CARTESIAN_POINT('Ctrl Pts',(3.63731577992439,40.9298440814018,2.5));
#11829=CARTESIAN_POINT('Ctrl Pts',(3.4028072655201,40.8551505208015,2.5));
#11830=CARTESIAN_POINT('Ctrl Pts',(3.15674975514412,40.79788595438,2.5));
#11831=CARTESIAN_POINT('Origin',(3.58230784535408,40.7680091261864,3.));
#11832=CARTESIAN_POINT('',(-2.43820921111658,23.055471547406,3.));
#11833=CARTESIAN_POINT('',(3.58230784535408,40.7680091261864,2.5));
#11834=CARTESIAN_POINT('Ctrl Pts',(3.82243350148201,41.7016717791557,3.));
#11835=CARTESIAN_POINT('Ctrl Pts',(3.82243350148201,41.7016717791557,2.5));
#11836=CARTESIAN_POINT('Ctrl Pts',(3.77062991261482,41.7763647437096,3.));
#11837=CARTESIAN_POINT('Ctrl Pts',(3.77062991261482,41.7763647437096,2.5));
#11838=CARTESIAN_POINT('Ctrl Pts',(3.57643321156502,41.7763647437096,3.));
#11839=CARTESIAN_POINT('Ctrl Pts',(3.57643321156502,41.7763647437096,2.5));
#11840=CARTESIAN_POINT('',(3.82243350148201,41.7016717791557,3.));
#11841=CARTESIAN_POINT('',(3.57643321156502,41.7763647437096,3.));
#11842=CARTESIAN_POINT('Ctrl Pts',(3.82243350148201,41.7016717791557,3.));
#11843=CARTESIAN_POINT('Ctrl Pts',(3.77062991261482,41.7763647437096,3.));
#11844=CARTESIAN_POINT('Ctrl Pts',(3.57643321156502,41.7763647437096,3.));
#11845=CARTESIAN_POINT('',(3.82243350148201,41.7016717791557,2.5));
#11846=CARTESIAN_POINT('',(3.82243350148201,41.7016717791557,3.));
#11847=CARTESIAN_POINT('',(3.57643321156502,41.7763647437096,2.5));
#11848=CARTESIAN_POINT('Ctrl Pts',(3.82243350148201,41.7016717791557,2.5));
#11849=CARTESIAN_POINT('Ctrl Pts',(3.77062991261482,41.7763647437096,2.5));
#11850=CARTESIAN_POINT('Ctrl Pts',(3.57643321156502,41.7763647437096,2.5));
#11851=CARTESIAN_POINT('',(3.57643321156502,41.7763647437096,3.));
#11852=CARTESIAN_POINT('Ctrl Pts',(3.81077960133553,41.4402464032173,3.));
#11853=CARTESIAN_POINT('Ctrl Pts',(3.81077960133553,41.4402464032173,2.5));
#11854=CARTESIAN_POINT('Ctrl Pts',(3.87422755360603,41.6269788146019,3.));
#11855=CARTESIAN_POINT('Ctrl Pts',(3.87422755360603,41.6269788146019,2.5));
#11856=CARTESIAN_POINT('Ctrl Pts',(3.82243350148201,41.7016717791557,3.));
#11857=CARTESIAN_POINT('Ctrl Pts',(3.82243350148201,41.7016717791557,2.5));
#11858=CARTESIAN_POINT('',(3.81077960133553,41.4402464032173,3.));
#11859=CARTESIAN_POINT('Ctrl Pts',(3.81077960133553,41.4402464032173,3.));
#11860=CARTESIAN_POINT('Ctrl Pts',(3.87422755360603,41.6269788146019,3.));
#11861=CARTESIAN_POINT('Ctrl Pts',(3.82243350148201,41.7016717791557,3.));
#11862=CARTESIAN_POINT('',(3.81077960133553,41.4402464032173,2.5));
#11863=CARTESIAN_POINT('',(3.81077960133553,41.4402464032173,3.));
#11864=CARTESIAN_POINT('Ctrl Pts',(3.81077960133553,41.4402464032173,2.5));
#11865=CARTESIAN_POINT('Ctrl Pts',(3.87422755360603,41.6269788146019,2.5));
#11866=CARTESIAN_POINT('Ctrl Pts',(3.82243350148201,41.7016717791557,2.5));
#11867=CARTESIAN_POINT('Ctrl Pts',(3.41120913624763,41.3194924592972,3.));
#11868=CARTESIAN_POINT('Ctrl Pts',(3.41120913624763,41.3194924592972,2.5));
#11869=CARTESIAN_POINT('Ctrl Pts',(3.5961551964283,41.3655531406403,3.));
#11870=CARTESIAN_POINT('Ctrl Pts',(3.5961551964283,41.3655531406403,2.5));
#11871=CARTESIAN_POINT('Ctrl Pts',(3.81077960133553,41.4402464032173,3.));
#11872=CARTESIAN_POINT('Ctrl Pts',(3.81077960133553,41.4402464032173,2.5));
#11873=CARTESIAN_POINT('',(3.41120913624763,41.3194924592972,3.));
#11874=CARTESIAN_POINT('Ctrl Pts',(3.41120913624763,41.3194924592972,3.));
#11875=CARTESIAN_POINT('Ctrl Pts',(3.5961551964283,41.3655531406403,3.));
#11876=CARTESIAN_POINT('Ctrl Pts',(3.81077960133553,41.4402464032173,3.));
#11877=CARTESIAN_POINT('',(3.41120913624763,41.3194924592972,2.5));
#11878=CARTESIAN_POINT('',(3.41120913624763,41.3194924592972,3.));
#11879=CARTESIAN_POINT('Ctrl Pts',(3.41120913624763,41.3194924592972,2.5));
#11880=CARTESIAN_POINT('Ctrl Pts',(3.5961551964283,41.3655531406403,2.5));
#11881=CARTESIAN_POINT('Ctrl Pts',(3.81077960133553,41.4402464032173,2.5));
#11882=CARTESIAN_POINT('Ctrl Pts',(2.61717036366463,41.1589023470879,3.));
#11883=CARTESIAN_POINT('Ctrl Pts',(2.61717036366463,41.1589023470879,2.5));
#11884=CARTESIAN_POINT('Ctrl Pts',(3.22626307606697,41.2734317779541,3.));
#11885=CARTESIAN_POINT('Ctrl Pts',(3.22626307606697,41.2734317779541,2.5));
#11886=CARTESIAN_POINT('Ctrl Pts',(3.41120913624763,41.3194924592972,3.));
#11887=CARTESIAN_POINT('Ctrl Pts',(3.41120913624763,41.3194924592972,2.5));
#11888=CARTESIAN_POINT('',(2.61717036366463,41.1589023470879,3.));
#11889=CARTESIAN_POINT('Ctrl Pts',(2.61717036366463,41.1589023470879,3.));
#11890=CARTESIAN_POINT('Ctrl Pts',(3.22626307606697,41.2734317779541,3.));
#11891=CARTESIAN_POINT('Ctrl Pts',(3.41120913624763,41.3194924592972,3.));
#11892=CARTESIAN_POINT('',(2.61717036366463,41.1589023470879,2.5));
#11893=CARTESIAN_POINT('',(2.61717036366463,41.1589023470879,3.));
#11894=CARTESIAN_POINT('Ctrl Pts',(2.61717036366463,41.1589023470879,2.5));
#11895=CARTESIAN_POINT('Ctrl Pts',(3.22626307606697,41.2734317779541,2.5));
#11896=CARTESIAN_POINT('Ctrl Pts',(3.41120913624763,41.3194924592972,2.5));
#11897=CARTESIAN_POINT('Ctrl Pts',(1.86669543385506,40.8700892329216,3.));
#11898=CARTESIAN_POINT('Ctrl Pts',(1.86669543385506,40.8700892329216,2.5));
#11899=CARTESIAN_POINT('Ctrl Pts',(2.10949137806892,41.0642912983894,3.));
#11900=CARTESIAN_POINT('Ctrl Pts',(2.10949137806892,41.0642912983894,2.5));
#11901=CARTESIAN_POINT('Ctrl Pts',(2.61717036366463,41.1589023470879,3.));
#11902=CARTESIAN_POINT('Ctrl Pts',(2.61717036366463,41.1589023470879,2.5));
#11903=CARTESIAN_POINT('',(1.86669543385506,40.8700892329216,3.));
#11904=CARTESIAN_POINT('Ctrl Pts',(1.86669543385506,40.8700892329216,3.));
#11905=CARTESIAN_POINT('Ctrl Pts',(2.10949137806892,41.0642912983894,3.));
#11906=CARTESIAN_POINT('Ctrl Pts',(2.61717036366463,41.1589023470879,3.));
#11907=CARTESIAN_POINT('',(1.86669543385506,40.8700892329216,2.5));
#11908=CARTESIAN_POINT('',(1.86669543385506,40.8700892329216,3.));
#11909=CARTESIAN_POINT('Ctrl Pts',(1.86669543385506,40.8700892329216,2.5));
#11910=CARTESIAN_POINT('Ctrl Pts',(2.10949137806892,41.0642912983894,2.5));
#11911=CARTESIAN_POINT('Ctrl Pts',(2.61717036366463,41.1589023470879,2.5));
#11912=CARTESIAN_POINT('Ctrl Pts',(1.52155116200447,40.3746256232262,3.));
#11913=CARTESIAN_POINT('Ctrl Pts',(1.52155116200447,40.3746256232262,2.5));
#11914=CARTESIAN_POINT('Ctrl Pts',(1.62394717335701,40.6758871674538,3.));
#11915=CARTESIAN_POINT('Ctrl Pts',(1.62394717335701,40.6758871674538,2.5));
#11916=CARTESIAN_POINT('Ctrl Pts',(1.86669543385506,40.8700892329216,3.));
#11917=CARTESIAN_POINT('Ctrl Pts',(1.86669543385506,40.8700892329216,2.5));
#11918=CARTESIAN_POINT('',(1.52155116200447,40.3746256232262,3.));
#11919=CARTESIAN_POINT('Ctrl Pts',(1.52155116200447,40.3746256232262,3.));
#11920=CARTESIAN_POINT('Ctrl Pts',(1.62394717335701,40.6758871674538,3.));
#11921=CARTESIAN_POINT('Ctrl Pts',(1.86669543385506,40.8700892329216,3.));
#11922=CARTESIAN_POINT('',(1.52155116200447,40.3746256232262,2.5));
#11923=CARTESIAN_POINT('',(1.52155116200447,40.3746256232262,3.));
#11924=CARTESIAN_POINT('Ctrl Pts',(1.52155116200447,40.3746256232262,2.5));
#11925=CARTESIAN_POINT('Ctrl Pts',(1.62394717335701,40.6758871674538,2.5));
#11926=CARTESIAN_POINT('Ctrl Pts',(1.86669543385506,40.8700892329216,2.5));
#11927=CARTESIAN_POINT('Ctrl Pts',(1.58317759633064,39.8343458771706,3.));
#11928=CARTESIAN_POINT('Ctrl Pts',(1.58317759633064,39.8343458771706,2.5));
#11929=CARTESIAN_POINT('Ctrl Pts',(1.41239359974861,40.0534453988075,3.));
#11930=CARTESIAN_POINT('Ctrl Pts',(1.41239359974861,40.0534453988075,2.5));
#11931=CARTESIAN_POINT('Ctrl Pts',(1.52155116200447,40.3746256232262,3.));
#11932=CARTESIAN_POINT('Ctrl Pts',(1.52155116200447,40.3746256232262,2.5));
#11933=CARTESIAN_POINT('',(1.58317759633064,39.8343458771706,3.));
#11934=CARTESIAN_POINT('Ctrl Pts',(1.58317759633064,39.8343458771706,3.));
#11935=CARTESIAN_POINT('Ctrl Pts',(1.41239359974861,40.0534453988075,3.));
#11936=CARTESIAN_POINT('Ctrl Pts',(1.52155116200447,40.3746256232262,3.));
#11937=CARTESIAN_POINT('',(1.58317759633064,39.8343458771706,2.5));
#11938=CARTESIAN_POINT('',(1.58317759633064,39.8343458771706,3.));
#11939=CARTESIAN_POINT('Ctrl Pts',(1.58317759633064,39.8343458771706,2.5));
#11940=CARTESIAN_POINT('Ctrl Pts',(1.41239359974861,40.0534453988075,2.5));
#11941=CARTESIAN_POINT('Ctrl Pts',(1.52155116200447,40.3746256232262,2.5));
#11942=CARTESIAN_POINT('Ctrl Pts',(2.22701266407967,39.6152463555336,3.));
#11943=CARTESIAN_POINT('Ctrl Pts',(2.22701266407967,39.6152463555336,2.5));
#11944=CARTESIAN_POINT('Ctrl Pts',(1.75396159291267,39.6152463555336,3.));
#11945=CARTESIAN_POINT('Ctrl Pts',(1.75396159291267,39.6152463555336,2.5));
#11946=CARTESIAN_POINT('Ctrl Pts',(1.58317759633064,39.8343458771706,3.));
#11947=CARTESIAN_POINT('Ctrl Pts',(1.58317759633064,39.8343458771706,2.5));
#11948=CARTESIAN_POINT('',(2.22701266407967,39.6152463555336,3.));
#11949=CARTESIAN_POINT('Ctrl Pts',(2.22701266407967,39.6152463555336,3.));
#11950=CARTESIAN_POINT('Ctrl Pts',(1.75396159291267,39.6152463555336,3.));
#11951=CARTESIAN_POINT('Ctrl Pts',(1.58317759633064,39.8343458771706,3.));
#11952=CARTESIAN_POINT('',(2.22701266407967,39.6152463555336,2.5));
#11953=CARTESIAN_POINT('',(2.22701266407967,39.6152463555336,3.));
#11954=CARTESIAN_POINT('Ctrl Pts',(2.22701266407967,39.6152463555336,2.5));
#11955=CARTESIAN_POINT('Ctrl Pts',(1.75396159291267,39.6152463555336,2.5));
#11956=CARTESIAN_POINT('Ctrl Pts',(1.58317759633064,39.8343458771706,2.5));
#11957=CARTESIAN_POINT('Ctrl Pts',(2.88917735219002,39.7247961163521,3.));
#11958=CARTESIAN_POINT('Ctrl Pts',(2.88917735219002,39.7247961163521,2.5));
#11959=CARTESIAN_POINT('Ctrl Pts',(2.58304789662361,39.6152463555336,3.));
#11960=CARTESIAN_POINT('Ctrl Pts',(2.58304789662361,39.6152463555336,2.5));
#11961=CARTESIAN_POINT('Ctrl Pts',(2.22701266407967,39.6152463555336,3.));
#11962=CARTESIAN_POINT('Ctrl Pts',(2.22701266407967,39.6152463555336,2.5));
#11963=CARTESIAN_POINT('',(2.88917735219002,39.7247961163521,3.));
#11964=CARTESIAN_POINT('Ctrl Pts',(2.88917735219002,39.7247961163521,3.));
#11965=CARTESIAN_POINT('Ctrl Pts',(2.58304789662361,39.6152463555336,3.));
#11966=CARTESIAN_POINT('Ctrl Pts',(2.22701266407967,39.6152463555336,3.));
#11967=CARTESIAN_POINT('',(2.88917735219002,39.7247961163521,2.5));
#11968=CARTESIAN_POINT('',(2.88917735219002,39.7247961163521,3.));
#11969=CARTESIAN_POINT('Ctrl Pts',(2.88917735219002,39.7247961163521,2.5));
#11970=CARTESIAN_POINT('Ctrl Pts',(2.58304789662361,39.6152463555336,2.5));
#11971=CARTESIAN_POINT('Ctrl Pts',(2.22701266407967,39.6152463555336,2.5));
#11972=CARTESIAN_POINT('Ctrl Pts',(3.37814524769783,39.9986705183983,3.));
#11973=CARTESIAN_POINT('Ctrl Pts',(3.37814524769783,39.9986705183983,2.5));
#11974=CARTESIAN_POINT('Ctrl Pts',(3.11379626393318,39.8069581389427,3.));
#11975=CARTESIAN_POINT('Ctrl Pts',(3.11379626393318,39.8069581389427,2.5));
#11976=CARTESIAN_POINT('Ctrl Pts',(2.88917735219002,39.7247961163521,3.));
#11977=CARTESIAN_POINT('Ctrl Pts',(2.88917735219002,39.7247961163521,2.5));
#11978=CARTESIAN_POINT('',(3.37814524769783,39.9986705183983,3.));
#11979=CARTESIAN_POINT('Ctrl Pts',(3.37814524769783,39.9986705183983,3.));
#11980=CARTESIAN_POINT('Ctrl Pts',(3.11379626393318,39.8069581389427,3.));
#11981=CARTESIAN_POINT('Ctrl Pts',(2.88917735219002,39.7247961163521,3.));
#11982=CARTESIAN_POINT('',(3.37814524769783,39.9986705183983,2.5));
#11983=CARTESIAN_POINT('',(3.37814524769783,39.9986705183983,3.));
#11984=CARTESIAN_POINT('Ctrl Pts',(3.37814524769783,39.9986705183983,2.5));
#11985=CARTESIAN_POINT('Ctrl Pts',(3.11379626393318,39.8069581389427,2.5));
#11986=CARTESIAN_POINT('Ctrl Pts',(2.88917735219002,39.7247961163521,2.5));
#11987=CARTESIAN_POINT('Ctrl Pts',(3.35586741566658,39.8306110501289,3.));
#11988=CARTESIAN_POINT('Ctrl Pts',(3.35586741566658,39.8306110501289,2.5));
#11989=CARTESIAN_POINT('Ctrl Pts',(3.35663035511971,39.8841413855553,3.));
#11990=CARTESIAN_POINT('Ctrl Pts',(3.35663035511971,39.8841413855553,2.5));
#11991=CARTESIAN_POINT('Ctrl Pts',(3.37814524769783,39.9986705183983,3.));
#11992=CARTESIAN_POINT('Ctrl Pts',(3.37814524769783,39.9986705183983,2.5));
#11993=CARTESIAN_POINT('',(3.35586741566658,39.8306110501289,3.));
#11994=CARTESIAN_POINT('Ctrl Pts',(3.35586741566658,39.8306110501289,3.));
#11995=CARTESIAN_POINT('Ctrl Pts',(3.35663035511971,39.8841413855553,3.));
#11996=CARTESIAN_POINT('Ctrl Pts',(3.37814524769783,39.9986705183983,3.));
#11997=CARTESIAN_POINT('',(3.35586741566658,39.8306110501289,2.5));
#11998=CARTESIAN_POINT('',(3.35586741566658,39.8306110501289,3.));
#11999=CARTESIAN_POINT('Ctrl Pts',(3.35586741566658,39.8306110501289,2.5));
#12000=CARTESIAN_POINT('Ctrl Pts',(3.35663035511971,39.8841413855553,2.5));
#12001=CARTESIAN_POINT('Ctrl Pts',(3.37814524769783,39.9986705183983,2.5));
#12002=CARTESIAN_POINT('Ctrl Pts',(3.37767794728279,39.6750006079674,3.));
#12003=CARTESIAN_POINT('Ctrl Pts',(3.37767794728279,39.6750006079674,2.5));
#12004=CARTESIAN_POINT('Ctrl Pts',(3.35511401295662,39.7770813107491,3.));
#12005=CARTESIAN_POINT('Ctrl Pts',(3.35511401295662,39.7770813107491,2.5));
#12006=CARTESIAN_POINT('Ctrl Pts',(3.35586741566658,39.8306110501289,3.));
#12007=CARTESIAN_POINT('Ctrl Pts',(3.35586741566658,39.8306110501289,2.5));
#12008=CARTESIAN_POINT('',(3.37767794728279,39.6750006079674,3.));
#12009=CARTESIAN_POINT('Ctrl Pts',(3.37767794728279,39.6750006079674,3.));
#12010=CARTESIAN_POINT('Ctrl Pts',(3.35511401295662,39.7770813107491,3.));
#12011=CARTESIAN_POINT('Ctrl Pts',(3.35586741566658,39.8306110501289,3.));
#12012=CARTESIAN_POINT('',(3.37767794728279,39.6750006079674,2.5));
#12013=CARTESIAN_POINT('',(3.37767794728279,39.6750006079674,3.));
#12014=CARTESIAN_POINT('Ctrl Pts',(3.37767794728279,39.6750006079674,2.5));
#12015=CARTESIAN_POINT('Ctrl Pts',(3.35511401295662,39.7770813107491,2.5));
#12016=CARTESIAN_POINT('Ctrl Pts',(3.35586741566658,39.8306110501289,2.5));
#12017=CARTESIAN_POINT('Origin',(4.32876780629158,39.6750006079674,3.));
#12018=CARTESIAN_POINT('',(4.32876780629158,39.6750006079674,3.));
#12019=CARTESIAN_POINT('',(11.8028532819873,39.6750006079674,3.));
#12020=CARTESIAN_POINT('',(4.32876780629158,39.6750006079674,2.5));
#12021=CARTESIAN_POINT('',(4.32876780629158,39.6750006079674,3.));
#12022=CARTESIAN_POINT('',(4.32876780629158,39.6750006079674,2.5));
#12023=CARTESIAN_POINT('Ctrl Pts',(4.31725695729256,39.945140182972,3.));
#12024=CARTESIAN_POINT('Ctrl Pts',(4.31725695729256,39.945140182972,2.5));
#12025=CARTESIAN_POINT('Ctrl Pts',(4.30496409535408,39.8393252491951,3.));
#12026=CARTESIAN_POINT('Ctrl Pts',(4.30496409535408,39.8393252491951,2.5));
#12027=CARTESIAN_POINT('Ctrl Pts',(4.32876780629158,39.6750006079674,3.));
#12028=CARTESIAN_POINT('Ctrl Pts',(4.32876780629158,39.6750006079674,2.5));
#12029=CARTESIAN_POINT('',(4.31725695729256,39.945140182972,3.));
#12030=CARTESIAN_POINT('Ctrl Pts',(4.31725695729256,39.945140182972,3.));
#12031=CARTESIAN_POINT('Ctrl Pts',(4.30496409535408,39.8393252491951,3.));
#12032=CARTESIAN_POINT('Ctrl Pts',(4.32876780629158,39.6750006079674,3.));
#12033=CARTESIAN_POINT('',(4.31725695729256,39.945140182972,2.5));
#12034=CARTESIAN_POINT('',(4.31725695729256,39.945140182972,3.));
#12035=CARTESIAN_POINT('Ctrl Pts',(4.31725695729256,39.945140182972,2.5));
#12036=CARTESIAN_POINT('Ctrl Pts',(4.30496409535408,39.8393252491951,2.5));
#12037=CARTESIAN_POINT('Ctrl Pts',(4.32876780629158,39.6750006079674,2.5));
#12038=CARTESIAN_POINT('Ctrl Pts',(4.3930359184742,40.2376881241798,3.));
#12039=CARTESIAN_POINT('Ctrl Pts',(4.3930359184742,40.2376881241798,2.5));
#12040=CARTESIAN_POINT('Ctrl Pts',(4.32954981923103,40.0509557127953,3.));
#12041=CARTESIAN_POINT('Ctrl Pts',(4.32954981923103,40.0509557127953,2.5));
#12042=CARTESIAN_POINT('Ctrl Pts',(4.31725695729256,39.945140182972,3.));
#12043=CARTESIAN_POINT('Ctrl Pts',(4.31725695729256,39.945140182972,2.5));
#12044=CARTESIAN_POINT('',(4.3930359184742,40.2376881241798,3.));
#12045=CARTESIAN_POINT('Ctrl Pts',(4.3930359184742,40.2376881241798,3.));
#12046=CARTESIAN_POINT('Ctrl Pts',(4.32954981923103,40.0509557127953,3.));
#12047=CARTESIAN_POINT('Ctrl Pts',(4.31725695729256,39.945140182972,3.));
#12048=CARTESIAN_POINT('',(4.3930359184742,40.2376881241798,2.5));
#12049=CARTESIAN_POINT('',(4.3930359184742,40.2376881241798,3.));
#12050=CARTESIAN_POINT('Ctrl Pts',(4.3930359184742,40.2376881241798,2.5));
#12051=CARTESIAN_POINT('Ctrl Pts',(4.32954981923103,40.0509557127953,2.5));
#12052=CARTESIAN_POINT('Ctrl Pts',(4.31725695729256,39.945140182972,2.5));
#12053=CARTESIAN_POINT('Origin',(4.78984072804451,41.4053896069527,3.));
#12054=CARTESIAN_POINT('',(4.78984072804451,41.4053896069527,3.));
#12055=CARTESIAN_POINT('',(-1.38928028961726,23.2217169282629,3.));
#12056=CARTESIAN_POINT('',(4.78984072804451,41.4053896069527,2.5));
#12057=CARTESIAN_POINT('',(4.78984072804451,41.4053896069527,3.));
#12058=CARTESIAN_POINT('',(4.78984072804451,41.4053896069527,2.5));
#12059=CARTESIAN_POINT('Ctrl Pts',(4.84842494130135,41.7975279688835,3.));
#12060=CARTESIAN_POINT('Ctrl Pts',(4.84842494130135,41.7975279688835,2.5));
#12061=CARTESIAN_POINT('Ctrl Pts',(4.85332682728767,41.5921220183372,3.));
#12062=CARTESIAN_POINT('Ctrl Pts',(4.85332682728767,41.5921220183372,2.5));
#12063=CARTESIAN_POINT('Ctrl Pts',(4.78984072804451,41.4053896069527,3.));
#12064=CARTESIAN_POINT('Ctrl Pts',(4.78984072804451,41.4053896069527,2.5));
#12065=CARTESIAN_POINT('',(4.84842494130135,41.7975279688835,3.));
#12066=CARTESIAN_POINT('Ctrl Pts',(4.84842494130135,41.7975279688835,3.));
#12067=CARTESIAN_POINT('Ctrl Pts',(4.85332682728767,41.5921220183372,3.));
#12068=CARTESIAN_POINT('Ctrl Pts',(4.78984072804451,41.4053896069527,3.));
#12069=CARTESIAN_POINT('',(4.84842494130135,41.7975279688835,2.5));
#12070=CARTESIAN_POINT('',(4.84842494130135,41.7975279688835,3.));
#12071=CARTESIAN_POINT('Ctrl Pts',(4.84842494130135,41.7975279688835,2.5));
#12072=CARTESIAN_POINT('Ctrl Pts',(4.85332682728767,41.5921220183372,2.5));
#12073=CARTESIAN_POINT('Ctrl Pts',(4.78984072804451,41.4053896069527,2.5));
#12074=CARTESIAN_POINT('Ctrl Pts',(4.75214198231697,42.1149733662605,3.));
#12075=CARTESIAN_POINT('Ctrl Pts',(4.75214198231697,42.1149733662605,2.5));
#12076=CARTESIAN_POINT('Ctrl Pts',(4.84352305531502,42.0029339194298,3.));
#12077=CARTESIAN_POINT('Ctrl Pts',(4.84352305531502,42.0029339194298,2.5));
#12078=CARTESIAN_POINT('Ctrl Pts',(4.84842494130135,41.7975279688835,3.));
#12079=CARTESIAN_POINT('Ctrl Pts',(4.84842494130135,41.7975279688835,2.5));
#12080=CARTESIAN_POINT('',(4.75214198231697,42.1149733662605,3.));
#12081=CARTESIAN_POINT('Ctrl Pts',(4.75214198231697,42.1149733662605,3.));
#12082=CARTESIAN_POINT('Ctrl Pts',(4.84352305531502,42.0029339194298,3.));
#12083=CARTESIAN_POINT('Ctrl Pts',(4.84842494130135,41.7975279688835,3.));
#12084=CARTESIAN_POINT('',(4.75214198231697,42.1149733662605,2.5));
#12085=CARTESIAN_POINT('',(4.75214198231697,42.1149733662605,3.));
#12086=CARTESIAN_POINT('Ctrl Pts',(4.75214198231697,42.1149733662605,2.5));
#12087=CARTESIAN_POINT('Ctrl Pts',(4.84352305531502,42.0029339194298,2.5));
#12088=CARTESIAN_POINT('Ctrl Pts',(4.84842494130135,41.7975279688835,2.5));
#12089=CARTESIAN_POINT('Ctrl Pts',(4.36390116810799,42.3278483748436,3.));
#12090=CARTESIAN_POINT('Ctrl Pts',(4.36390116810799,42.3278483748436,2.5));
#12091=CARTESIAN_POINT('Ctrl Pts',(4.62290957570076,42.2768080234528,3.));
#12092=CARTESIAN_POINT('Ctrl Pts',(4.62290957570076,42.2768080234528,2.5));
#12093=CARTESIAN_POINT('Ctrl Pts',(4.75214198231697,42.1149733662605,3.));
#12094=CARTESIAN_POINT('Ctrl Pts',(4.75214198231697,42.1149733662605,2.5));
#12095=CARTESIAN_POINT('',(4.36390116810799,42.3278483748436,3.));
#12096=CARTESIAN_POINT('Ctrl Pts',(4.36390116810799,42.3278483748436,3.));
#12097=CARTESIAN_POINT('Ctrl Pts',(4.62290957570076,42.2768080234528,3.));
#12098=CARTESIAN_POINT('Ctrl Pts',(4.75214198231697,42.1149733662605,3.));
#12099=CARTESIAN_POINT('',(4.36390116810799,42.3278483748436,2.5));
#12100=CARTESIAN_POINT('',(4.36390116810799,42.3278483748436,3.));
#12101=CARTESIAN_POINT('Ctrl Pts',(4.36390116810799,42.3278483748436,2.5));
#12102=CARTESIAN_POINT('Ctrl Pts',(4.62290957570076,42.2768080234528,2.5));
#12103=CARTESIAN_POINT('Ctrl Pts',(4.75214198231697,42.1149733662605,2.5));
#12104=CARTESIAN_POINT('Ctrl Pts',(3.6492557823658,42.3788887262344,3.));
#12105=CARTESIAN_POINT('Ctrl Pts',(3.6492557823658,42.3788887262344,2.5));
#12106=CARTESIAN_POINT('Ctrl Pts',(4.10488322377205,42.3788887262344,3.));
#12107=CARTESIAN_POINT('Ctrl Pts',(4.10488322377205,42.3788887262344,2.5));
#12108=CARTESIAN_POINT('Ctrl Pts',(4.36390116810799,42.3278483748436,3.));
#12109=CARTESIAN_POINT('Ctrl Pts',(4.36390116810799,42.3278483748436,2.5));
#12110=CARTESIAN_POINT('',(3.6492557823658,42.3788887262344,3.));
#12111=CARTESIAN_POINT('Ctrl Pts',(3.6492557823658,42.3788887262344,3.));
#12112=CARTESIAN_POINT('Ctrl Pts',(4.10488322377205,42.3788887262344,3.));
#12113=CARTESIAN_POINT('Ctrl Pts',(4.36390116810799,42.3278483748436,3.));
#12114=CARTESIAN_POINT('',(3.6492557823658,42.3788887262344,2.5));
#12115=CARTESIAN_POINT('',(3.6492557823658,42.3788887262344,3.));
#12116=CARTESIAN_POINT('Ctrl Pts',(3.6492557823658,42.3788887262344,2.5));
#12117=CARTESIAN_POINT('Ctrl Pts',(4.10488322377205,42.3788887262344,2.5));
#12118=CARTESIAN_POINT('Ctrl Pts',(4.36390116810799,42.3278483748436,2.5));
#12119=CARTESIAN_POINT('Ctrl Pts',(3.10703471302986,42.3365625739098,3.));
#12120=CARTESIAN_POINT('Ctrl Pts',(3.10703471302986,42.3365625739098,2.5));
#12121=CARTESIAN_POINT('Ctrl Pts',(3.36542323231697,42.3788887262344,3.));
#12122=CARTESIAN_POINT('Ctrl Pts',(3.36542323231697,42.3788887262344,2.5));
#12123=CARTESIAN_POINT('Ctrl Pts',(3.6492557823658,42.3788887262344,3.));
#12124=CARTESIAN_POINT('Ctrl Pts',(3.6492557823658,42.3788887262344,2.5));
#12125=CARTESIAN_POINT('',(3.10703471302986,42.3365625739098,3.));
#12126=CARTESIAN_POINT('Ctrl Pts',(3.10703471302986,42.3365625739098,3.));
#12127=CARTESIAN_POINT('Ctrl Pts',(3.36542323231697,42.3788887262344,3.));
#12128=CARTESIAN_POINT('Ctrl Pts',(3.6492557823658,42.3788887262344,3.));
#12129=CARTESIAN_POINT('',(3.10703471302986,42.3365625739098,2.5));
#12130=CARTESIAN_POINT('',(3.10703471302986,42.3365625739098,3.));
#12131=CARTESIAN_POINT('Ctrl Pts',(3.10703471302986,42.3365625739098,2.5));
#12132=CARTESIAN_POINT('Ctrl Pts',(3.36542323231697,42.3788887262344,2.5));
#12133=CARTESIAN_POINT('Ctrl Pts',(3.6492557823658,42.3788887262344,2.5));
#12134=CARTESIAN_POINT('Ctrl Pts',(2.68299296498299,42.217053771019,3.));
#12135=CARTESIAN_POINT('Ctrl Pts',(2.68299296498299,42.217053771019,2.5));
#12136=CARTESIAN_POINT('Ctrl Pts',(2.84863665699959,42.2942364215851,3.));
#12137=CARTESIAN_POINT('Ctrl Pts',(2.84863665699959,42.2942364215851,2.5));
#12138=CARTESIAN_POINT('Ctrl Pts',(3.10703471302986,42.3365625739098,3.));
#12139=CARTESIAN_POINT('Ctrl Pts',(3.10703471302986,42.3365625739098,2.5));
#12140=CARTESIAN_POINT('',(2.68299296498299,42.217053771019,3.));
#12141=CARTESIAN_POINT('Ctrl Pts',(2.68299296498299,42.217053771019,3.));
#12142=CARTESIAN_POINT('Ctrl Pts',(2.84863665699959,42.2942364215851,3.));
#12143=CARTESIAN_POINT('Ctrl Pts',(3.10703471302986,42.3365625739098,3.));
#12144=CARTESIAN_POINT('',(2.68299296498299,42.217053771019,2.5));
#12145=CARTESIAN_POINT('',(2.68299296498299,42.217053771019,3.));
#12146=CARTESIAN_POINT('Ctrl Pts',(2.68299296498299,42.217053771019,2.5));
#12147=CARTESIAN_POINT('Ctrl Pts',(2.84863665699959,42.2942364215851,2.5));
#12148=CARTESIAN_POINT('Ctrl Pts',(3.10703471302986,42.3365625739098,2.5));
#12149=CARTESIAN_POINT('Ctrl Pts',(2.29958727955818,41.9643422961235,3.));
#12150=CARTESIAN_POINT('Ctrl Pts',(2.29958727955818,41.9643422961235,2.5));
#12151=CARTESIAN_POINT('Ctrl Pts',(2.45241358876228,42.109993994236,3.));
#12152=CARTESIAN_POINT('Ctrl Pts',(2.45241358876228,42.109993994236,2.5));
#12153=CARTESIAN_POINT('Ctrl Pts',(2.68299296498299,42.217053771019,3.));
#12154=CARTESIAN_POINT('Ctrl Pts',(2.68299296498299,42.217053771019,2.5));
#12155=CARTESIAN_POINT('',(2.29958727955818,41.9643422961235,3.));
#12156=CARTESIAN_POINT('Ctrl Pts',(2.29958727955818,41.9643422961235,3.));
#12157=CARTESIAN_POINT('Ctrl Pts',(2.45241358876228,42.109993994236,3.));
#12158=CARTESIAN_POINT('Ctrl Pts',(2.68299296498299,42.217053771019,3.));
#12159=CARTESIAN_POINT('',(2.29958727955818,41.9643422961235,2.5));
#12160=CARTESIAN_POINT('',(2.29958727955818,41.9643422961235,3.));
#12161=CARTESIAN_POINT('Ctrl Pts',(2.29958727955818,41.9643422961235,2.5));
#12162=CARTESIAN_POINT('Ctrl Pts',(2.45241358876228,42.109993994236,2.5));
#12163=CARTESIAN_POINT('Ctrl Pts',(2.68299296498299,42.217053771019,2.5));
#12164=CARTESIAN_POINT('Ctrl Pts',(2.00565531849861,41.5647345781326,3.));
#12165=CARTESIAN_POINT('Ctrl Pts',(2.00565531849861,41.5647345781326,2.5));
#12166=CARTESIAN_POINT('Ctrl Pts',(2.14676097035408,41.8186908960342,3.));
#12167=CARTESIAN_POINT('Ctrl Pts',(2.14676097035408,41.8186908960342,2.5));
#12168=CARTESIAN_POINT('Ctrl Pts',(2.29958727955818,41.9643422961235,3.));
#12169=CARTESIAN_POINT('Ctrl Pts',(2.29958727955818,41.9643422961235,2.5));
#12170=CARTESIAN_POINT('',(2.00565531849861,41.5647345781326,3.));
#12171=CARTESIAN_POINT('Ctrl Pts',(2.00565531849861,41.5647345781326,3.));
#12172=CARTESIAN_POINT('Ctrl Pts',(2.14676097035408,41.8186908960342,3.));
#12173=CARTESIAN_POINT('Ctrl Pts',(2.29958727955818,41.9643422961235,3.));
#12174=CARTESIAN_POINT('',(2.00565531849861,41.5647345781326,2.5));
#12175=CARTESIAN_POINT('',(2.00565531849861,41.5647345781326,3.));
#12176=CARTESIAN_POINT('Ctrl Pts',(2.00565531849861,41.5647345781326,2.5));
#12177=CARTESIAN_POINT('Ctrl Pts',(2.14676097035408,41.8186908960342,2.5));
#12178=CARTESIAN_POINT('Ctrl Pts',(2.29958727955818,41.9643422961235,2.5));
#12179=CARTESIAN_POINT('Origin',(2.93951228260994,41.4626541733742,3.));
#12180=CARTESIAN_POINT('',(2.93951228260994,41.4626541733742,3.));
#12181=CARTESIAN_POINT('',(13.4717674217969,40.3113677248648,3.));
#12182=CARTESIAN_POINT('',(2.93951228260994,41.4626541733742,2.5));
#12183=CARTESIAN_POINT('',(2.93951228260994,41.4626541733742,3.));
#12184=CARTESIAN_POINT('',(2.93951228260994,41.4626541733742,2.5));
#12185=CARTESIAN_POINT('Ctrl Pts',(3.17588999867439,41.6966924071312,3.));
#12186=CARTESIAN_POINT('Ctrl Pts',(3.17588999867439,41.6966924071312,2.5));
#12187=CARTESIAN_POINT('Ctrl Pts',(3.05762484669685,41.6344481706619,3.));
#12188=CARTESIAN_POINT('Ctrl Pts',(3.05762484669685,41.6344481706619,2.5));
#12189=CARTESIAN_POINT('Ctrl Pts',(2.93951228260994,41.4626541733742,3.));
#12190=CARTESIAN_POINT('Ctrl Pts',(2.93951228260994,41.4626541733742,2.5));
#12191=CARTESIAN_POINT('',(3.17588999867439,41.6966924071312,3.));
#12192=CARTESIAN_POINT('Ctrl Pts',(3.17588999867439,41.6966924071312,3.));
#12193=CARTESIAN_POINT('Ctrl Pts',(3.05762484669685,41.6344481706619,3.));
#12194=CARTESIAN_POINT('Ctrl Pts',(2.93951228260994,41.4626541733742,3.));
#12195=CARTESIAN_POINT('',(3.17588999867439,41.6966924071312,2.5));
#12196=CARTESIAN_POINT('',(3.17588999867439,41.6966924071312,3.));
#12197=CARTESIAN_POINT('Ctrl Pts',(3.17588999867439,41.6966924071312,2.5));
#12198=CARTESIAN_POINT('Ctrl Pts',(3.05762484669685,41.6344481706619,2.5));
#12199=CARTESIAN_POINT('Ctrl Pts',(2.93951228260994,41.4626541733742,2.5));
#12200=CARTESIAN_POINT('Ctrl Pts',(3.57643321156502,41.7763647437096,3.));
#12201=CARTESIAN_POINT('Ctrl Pts',(3.57643321156502,41.7763647437096,2.5));
#12202=CARTESIAN_POINT('Ctrl Pts',(3.32745745778084,41.7763647437096,3.));
#12203=CARTESIAN_POINT('Ctrl Pts',(3.32745745778084,41.7763647437096,2.5));
#12204=CARTESIAN_POINT('Ctrl Pts',(3.17588999867439,41.6966924071312,3.));
#12205=CARTESIAN_POINT('Ctrl Pts',(3.17588999867439,41.6966924071312,2.5));
#12206=CARTESIAN_POINT('Ctrl Pts',(3.57643321156502,41.7763647437096,3.));
#12207=CARTESIAN_POINT('Ctrl Pts',(3.32745745778084,41.7763647437096,3.));
#12208=CARTESIAN_POINT('Ctrl Pts',(3.17588999867439,41.6966924071312,3.));
#12209=CARTESIAN_POINT('Ctrl Pts',(3.57643321156502,41.7763647437096,2.5));
#12210=CARTESIAN_POINT('Ctrl Pts',(3.32745745778084,41.7763647437096,2.5));
#12211=CARTESIAN_POINT('Ctrl Pts',(3.17588999867439,41.6966924071312,2.5));
#12212=CARTESIAN_POINT('Origin',(3.13286021351814,40.997067540884,2.5));
#12213=CARTESIAN_POINT('Origin',(19.2769387576831,-4.08445855570937,3.));
#12214=CARTESIAN_POINT('Origin',(19.2769387576831,-4.08445855570937,3.));
#12215=CARTESIAN_POINT('Ctrl Pts',(-23.8755182921886,41.6817536950111,3.));
#12216=CARTESIAN_POINT('Ctrl Pts',(-23.8755182921886,41.6817536950111,2.5));
#12217=CARTESIAN_POINT('Ctrl Pts',(-24.0971092879772,41.6817536950111,3.));
#12218=CARTESIAN_POINT('Ctrl Pts',(-24.0971092879772,41.6817536950111,2.5));
#12219=CARTESIAN_POINT('Ctrl Pts',(-24.2994789779186,41.5112045407295,3.));
#12220=CARTESIAN_POINT('Ctrl Pts',(-24.2994789779186,41.5112045407295,2.5));
#12221=CARTESIAN_POINT('',(-23.8755182921886,41.6817536950111,3.));
#12222=CARTESIAN_POINT('',(-24.2994789779186,41.5112045407295,3.));
#12223=CARTESIAN_POINT('Ctrl Pts',(-23.8755182921886,41.6817536950111,3.));
#12224=CARTESIAN_POINT('Ctrl Pts',(-24.0971092879772,41.6817536950111,3.));
#12225=CARTESIAN_POINT('Ctrl Pts',(-24.2994789779186,41.5112045407295,3.));
#12226=CARTESIAN_POINT('',(-23.8755182921886,41.6817536950111,2.5));
#12227=CARTESIAN_POINT('',(-23.8755182921886,41.6817536950111,3.));
#12228=CARTESIAN_POINT('',(-24.2994789779186,41.5112045407295,2.5));
#12229=CARTESIAN_POINT('Ctrl Pts',(-23.8755182921886,41.6817536950111,2.5));
#12230=CARTESIAN_POINT('Ctrl Pts',(-24.0971092879772,41.6817536950111,2.5));
#12231=CARTESIAN_POINT('Ctrl Pts',(-24.2994789779186,41.5112045407295,2.5));
#12232=CARTESIAN_POINT('',(-24.2994789779186,41.5112045407295,3.));
#12233=CARTESIAN_POINT('Ctrl Pts',(-23.5815910995007,41.5136942267418,3.));
#12234=CARTESIAN_POINT('Ctrl Pts',(-23.5815910995007,41.5136942267418,2.5));
#12235=CARTESIAN_POINT('Ctrl Pts',(-23.6663775146008,41.6817536950111,3.));
#12236=CARTESIAN_POINT('Ctrl Pts',(-23.6663775146008,41.6817536950111,2.5));
#12237=CARTESIAN_POINT('Ctrl Pts',(-23.8755182921886,41.6817536950111,3.));
#12238=CARTESIAN_POINT('Ctrl Pts',(-23.8755182921886,41.6817536950111,2.5));
#12239=CARTESIAN_POINT('',(-23.5815910995007,41.5136942267418,3.));
#12240=CARTESIAN_POINT('Ctrl Pts',(-23.5815910995007,41.5136942267418,3.));
#12241=CARTESIAN_POINT('Ctrl Pts',(-23.6663775146008,41.6817536950111,3.));
#12242=CARTESIAN_POINT('Ctrl Pts',(-23.8755182921886,41.6817536950111,3.));
#12243=CARTESIAN_POINT('',(-23.5815910995007,41.5136942267418,2.5));
#12244=CARTESIAN_POINT('',(-23.5815910995007,41.5136942267418,3.));
#12245=CARTESIAN_POINT('Ctrl Pts',(-23.5815910995007,41.5136942267418,2.5));
#12246=CARTESIAN_POINT('Ctrl Pts',(-23.6663775146008,41.6817536950111,2.5));
#12247=CARTESIAN_POINT('Ctrl Pts',(-23.8755182921886,41.6817536950111,2.5));
#12248=CARTESIAN_POINT('Ctrl Pts',(-23.6135487258434,41.0020470619202,3.));
#12249=CARTESIAN_POINT('Ctrl Pts',(-23.6135487258434,41.0020470619202,2.5));
#12250=CARTESIAN_POINT('Ctrl Pts',(-23.4968023002148,41.3456350564957,3.));
#12251=CARTESIAN_POINT('Ctrl Pts',(-23.4968023002148,41.3456350564957,2.5));
#12252=CARTESIAN_POINT('Ctrl Pts',(-23.5815910995007,41.5136942267418,3.));
#12253=CARTESIAN_POINT('Ctrl Pts',(-23.5815910995007,41.5136942267418,2.5));
#12254=CARTESIAN_POINT('',(-23.6135487258434,41.0020470619202,3.));
#12255=CARTESIAN_POINT('Ctrl Pts',(-23.6135487258434,41.0020470619202,3.));
#12256=CARTESIAN_POINT('Ctrl Pts',(-23.4968023002148,41.3456350564957,3.));
#12257=CARTESIAN_POINT('Ctrl Pts',(-23.5815910995007,41.5136942267418,3.));
#12258=CARTESIAN_POINT('',(-23.6135487258434,41.0020470619202,2.5));
#12259=CARTESIAN_POINT('',(-23.6135487258434,41.0020470619202,3.));
#12260=CARTESIAN_POINT('Ctrl Pts',(-23.6135487258434,41.0020470619202,2.5));
#12261=CARTESIAN_POINT('Ctrl Pts',(-23.4968023002148,41.3456350564957,2.5));
#12262=CARTESIAN_POINT('Ctrl Pts',(-23.5815910995007,41.5136942267418,2.5));
#12263=CARTESIAN_POINT('Ctrl Pts',(-23.9361481368542,40.4667469859123,3.));
#12264=CARTESIAN_POINT('Ctrl Pts',(-23.9361481368542,40.4667469859123,2.5));
#12265=CARTESIAN_POINT('Ctrl Pts',(-23.7387757003307,40.6335613131523,3.));
#12266=CARTESIAN_POINT('Ctrl Pts',(-23.7387757003307,40.6335613131523,2.5));
#12267=CARTESIAN_POINT('Ctrl Pts',(-23.6135487258434,41.0020470619202,3.));
#12268=CARTESIAN_POINT('Ctrl Pts',(-23.6135487258434,41.0020470619202,2.5));
#12269=CARTESIAN_POINT('',(-23.9361481368542,40.4667469859123,3.));
#12270=CARTESIAN_POINT('Ctrl Pts',(-23.9361481368542,40.4667469859123,3.));
#12271=CARTESIAN_POINT('Ctrl Pts',(-23.7387757003307,40.6335613131523,3.));
#12272=CARTESIAN_POINT('Ctrl Pts',(-23.6135487258434,41.0020470619202,3.));
#12273=CARTESIAN_POINT('',(-23.9361481368542,40.4667469859123,2.5));
#12274=CARTESIAN_POINT('',(-23.9361481368542,40.4667469859123,3.));
#12275=CARTESIAN_POINT('Ctrl Pts',(-23.9361481368542,40.4667469859123,2.5));
#12276=CARTESIAN_POINT('Ctrl Pts',(-23.7387757003307,40.6335613131523,2.5));
#12277=CARTESIAN_POINT('Ctrl Pts',(-23.6135487258434,41.0020470619202,2.5));
#12278=CARTESIAN_POINT('Ctrl Pts',(-24.3526200950146,40.2999326586723,3.));
#12279=CARTESIAN_POINT('Ctrl Pts',(-24.3526200950146,40.2999326586723,2.5));
#12280=CARTESIAN_POINT('Ctrl Pts',(-24.1335205733776,40.2999326586723,3.));
#12281=CARTESIAN_POINT('Ctrl Pts',(-24.1335205733776,40.2999326586723,2.5));
#12282=CARTESIAN_POINT('Ctrl Pts',(-23.9361481368542,40.4667469859123,3.));
#12283=CARTESIAN_POINT('Ctrl Pts',(-23.9361481368542,40.4667469859123,2.5));
#12284=CARTESIAN_POINT('',(-24.3526200950146,40.2999326586723,3.));
#12285=CARTESIAN_POINT('Ctrl Pts',(-24.3526200950146,40.2999326586723,3.));
#12286=CARTESIAN_POINT('Ctrl Pts',(-24.1335205733776,40.2999326586723,3.));
#12287=CARTESIAN_POINT('Ctrl Pts',(-23.9361481368542,40.4667469859123,3.));
#12288=CARTESIAN_POINT('',(-24.3526200950146,40.2999326586723,2.5));
#12289=CARTESIAN_POINT('',(-24.3526200950146,40.2999326586723,3.));
#12290=CARTESIAN_POINT('Ctrl Pts',(-24.3526200950146,40.2999326586723,2.5));
#12291=CARTESIAN_POINT('Ctrl Pts',(-24.1335205733776,40.2999326586723,2.5));
#12292=CARTESIAN_POINT('Ctrl Pts',(-23.9361481368542,40.4667469859123,2.5));
#12293=CARTESIAN_POINT('Ctrl Pts',(-24.6548561751842,40.4692366719246,3.));
#12294=CARTESIAN_POINT('Ctrl Pts',(-24.6548561751842,40.4692366719246,2.5));
#12295=CARTESIAN_POINT('Ctrl Pts',(-24.5692305266857,40.2999326586723,3.));
#12296=CARTESIAN_POINT('Ctrl Pts',(-24.5692305266857,40.2999326586723,2.5));
#12297=CARTESIAN_POINT('Ctrl Pts',(-24.3526200950146,40.2999326586723,3.));
#12298=CARTESIAN_POINT('Ctrl Pts',(-24.3526200950146,40.2999326586723,2.5));
#12299=CARTESIAN_POINT('',(-24.6548561751842,40.4692366719246,3.));
#12300=CARTESIAN_POINT('Ctrl Pts',(-24.6548561751842,40.4692366719246,3.));
#12301=CARTESIAN_POINT('Ctrl Pts',(-24.5692305266857,40.2999326586723,3.));
#12302=CARTESIAN_POINT('Ctrl Pts',(-24.3526200950146,40.2999326586723,3.));
#12303=CARTESIAN_POINT('',(-24.6548561751842,40.4692366719246,2.5));
#12304=CARTESIAN_POINT('',(-24.6548561751842,40.4692366719246,3.));
#12305=CARTESIAN_POINT('Ctrl Pts',(-24.6548561751842,40.4692366719246,2.5));
#12306=CARTESIAN_POINT('Ctrl Pts',(-24.5692305266857,40.2999326586723,2.5));
#12307=CARTESIAN_POINT('Ctrl Pts',(-24.3526200950146,40.2999326586723,2.5));
#12308=CARTESIAN_POINT('Ctrl Pts',(-24.6203093230724,40.9920880198479,3.));
#12309=CARTESIAN_POINT('Ctrl Pts',(-24.6203093230724,40.9920880198479,2.5));
#12310=CARTESIAN_POINT('Ctrl Pts',(-24.740479439497,40.6385406851768,3.));
#12311=CARTESIAN_POINT('Ctrl Pts',(-24.740479439497,40.6385406851768,2.5));
#12312=CARTESIAN_POINT('Ctrl Pts',(-24.6548561751842,40.4692366719246,3.));
#12313=CARTESIAN_POINT('Ctrl Pts',(-24.6548561751842,40.4692366719246,2.5));
#12314=CARTESIAN_POINT('',(-24.6203093230724,40.9920880198479,3.));
#12315=CARTESIAN_POINT('Ctrl Pts',(-24.6203093230724,40.9920880198479,3.));
#12316=CARTESIAN_POINT('Ctrl Pts',(-24.740479439497,40.6385406851768,3.));
#12317=CARTESIAN_POINT('Ctrl Pts',(-24.6548561751842,40.4692366719246,3.));
#12318=CARTESIAN_POINT('',(-24.6203093230724,40.9920880198479,2.5));
#12319=CARTESIAN_POINT('',(-24.6203093230724,40.9920880198479,3.));
#12320=CARTESIAN_POINT('Ctrl Pts',(-24.6203093230724,40.9920880198479,2.5));
#12321=CARTESIAN_POINT('Ctrl Pts',(-24.740479439497,40.6385406851768,2.5));
#12322=CARTESIAN_POINT('Ctrl Pts',(-24.6548561751842,40.4692366719246,2.5));
#12323=CARTESIAN_POINT('Ctrl Pts',(-24.2994789779186,41.5112045407295,3.));
#12324=CARTESIAN_POINT('Ctrl Pts',(-24.2994789779186,41.5112045407295,2.5));
#12325=CARTESIAN_POINT('Ctrl Pts',(-24.5018510520458,41.3406553864479,3.));
#12326=CARTESIAN_POINT('Ctrl Pts',(-24.5018510520458,41.3406553864479,2.5));
#12327=CARTESIAN_POINT('Ctrl Pts',(-24.6203093230724,40.9920880198479,3.));
#12328=CARTESIAN_POINT('Ctrl Pts',(-24.6203093230724,40.9920880198479,2.5));
#12329=CARTESIAN_POINT('Ctrl Pts',(-24.2994789779186,41.5112045407295,3.));
#12330=CARTESIAN_POINT('Ctrl Pts',(-24.5018510520458,41.3406553864479,3.));
#12331=CARTESIAN_POINT('Ctrl Pts',(-24.6203093230724,40.9920880198479,3.));
#12332=CARTESIAN_POINT('Ctrl Pts',(-24.2994789779186,41.5112045407295,2.5));
#12333=CARTESIAN_POINT('Ctrl Pts',(-24.5018510520458,41.3406553864479,2.5));
#12334=CARTESIAN_POINT('Ctrl Pts',(-24.6203093230724,40.9920880198479,2.5));
#12335=CARTESIAN_POINT('Ctrl Pts',(-23.3387021720409,40.0048950314522,3.));
#12336=CARTESIAN_POINT('Ctrl Pts',(-23.3387021720409,40.0048950314522,2.5));
#12337=CARTESIAN_POINT('Ctrl Pts',(-23.8757137954235,39.6152463555336,3.));
#12338=CARTESIAN_POINT('Ctrl Pts',(-23.8757137954235,39.6152463555336,2.5));
#12339=CARTESIAN_POINT('Ctrl Pts',(-24.590275734663,39.6152463555336,3.));
#12340=CARTESIAN_POINT('Ctrl Pts',(-24.590275734663,39.6152463555336,2.5));
#12341=CARTESIAN_POINT('',(-23.3387021720409,40.0048950314522,3.));
#12342=CARTESIAN_POINT('',(-24.590275734663,39.6152463555336,3.));
#12343=CARTESIAN_POINT('Ctrl Pts',(-23.3387021720409,40.0048950314522,3.));
#12344=CARTESIAN_POINT('Ctrl Pts',(-23.8757137954235,39.6152463555336,3.));
#12345=CARTESIAN_POINT('Ctrl Pts',(-24.590275734663,39.6152463555336,3.));
#12346=CARTESIAN_POINT('',(-23.3387021720409,40.0048950314522,2.5));
#12347=CARTESIAN_POINT('',(-23.3387021720409,40.0048950314522,3.));
#12348=CARTESIAN_POINT('',(-24.590275734663,39.6152463555336,2.5));
#12349=CARTESIAN_POINT('Ctrl Pts',(-23.3387021720409,40.0048950314522,2.5));
#12350=CARTESIAN_POINT('Ctrl Pts',(-23.8757137954235,39.6152463555336,2.5));
#12351=CARTESIAN_POINT('Ctrl Pts',(-24.590275734663,39.6152463555336,2.5));
#12352=CARTESIAN_POINT('',(-24.590275734663,39.6152463555336,3.));
#12353=CARTESIAN_POINT('Ctrl Pts',(-22.5943784415722,41.0045367479324,3.));
#12354=CARTESIAN_POINT('Ctrl Pts',(-22.5943784415722,41.0045367479324,2.5));
#12355=CARTESIAN_POINT('Ctrl Pts',(-22.8016905486584,40.3945437073708,3.));
#12356=CARTESIAN_POINT('Ctrl Pts',(-22.8016905486584,40.3945437073708,2.5));
#12357=CARTESIAN_POINT('Ctrl Pts',(-23.3387021720409,40.0048950314522,3.));
#12358=CARTESIAN_POINT('Ctrl Pts',(-23.3387021720409,40.0048950314522,2.5));
#12359=CARTESIAN_POINT('',(-22.5943784415722,41.0045367479324,3.));
#12360=CARTESIAN_POINT('Ctrl Pts',(-22.5943784415722,41.0045367479324,3.));
#12361=CARTESIAN_POINT('Ctrl Pts',(-22.8016905486584,40.3945437073708,3.));
#12362=CARTESIAN_POINT('Ctrl Pts',(-23.3387021720409,40.0048950314522,3.));
#12363=CARTESIAN_POINT('',(-22.5943784415722,41.0045367479324,2.5));
#12364=CARTESIAN_POINT('',(-22.5943784415722,41.0045367479324,3.));
#12365=CARTESIAN_POINT('Ctrl Pts',(-22.5943784415722,41.0045367479324,2.5));
#12366=CARTESIAN_POINT('Ctrl Pts',(-22.8016905486584,40.3945437073708,2.5));
#12367=CARTESIAN_POINT('Ctrl Pts',(-23.3387021720409,40.0048950314522,2.5));
#12368=CARTESIAN_POINT('Ctrl Pts',(-22.6100163161755,41.9182816147804,3.));
#12369=CARTESIAN_POINT('Ctrl Pts',(-22.6100163161755,41.9182816147804,2.5));
#12370=CARTESIAN_POINT('Ctrl Pts',(-22.409940212965,41.5473061800003,3.));
#12371=CARTESIAN_POINT('Ctrl Pts',(-22.409940212965,41.5473061800003,2.5));
#12372=CARTESIAN_POINT('Ctrl Pts',(-22.5943784415722,41.0045367479324,3.));
#12373=CARTESIAN_POINT('Ctrl Pts',(-22.5943784415722,41.0045367479324,2.5));
#12374=CARTESIAN_POINT('',(-22.6100163161755,41.9182816147804,3.));
#12375=CARTESIAN_POINT('Ctrl Pts',(-22.6100163161755,41.9182816147804,3.));
#12376=CARTESIAN_POINT('Ctrl Pts',(-22.409940212965,41.5473061800003,3.));
#12377=CARTESIAN_POINT('Ctrl Pts',(-22.5943784415722,41.0045367479324,3.));
#12378=CARTESIAN_POINT('',(-22.6100163161755,41.9182816147804,2.5));
#12379=CARTESIAN_POINT('',(-22.6100163161755,41.9182816147804,3.));
#12380=CARTESIAN_POINT('Ctrl Pts',(-22.6100163161755,41.9182816147804,2.5));
#12381=CARTESIAN_POINT('Ctrl Pts',(-22.409940212965,41.5473061800003,2.5));
#12382=CARTESIAN_POINT('Ctrl Pts',(-22.5943784415722,41.0045367479324,2.5));
#12383=CARTESIAN_POINT('Ctrl Pts',(-23.6535410583019,42.3788887262344,3.));
#12384=CARTESIAN_POINT('Ctrl Pts',(-23.6535410583019,42.3788887262344,2.5));
#12385=CARTESIAN_POINT('Ctrl Pts',(-22.8593043982983,42.3788887262344,3.));
#12386=CARTESIAN_POINT('Ctrl Pts',(-22.8593043982983,42.3788887262344,2.5));
#12387=CARTESIAN_POINT('Ctrl Pts',(-22.6100163161755,41.9182816147804,3.));
#12388=CARTESIAN_POINT('Ctrl Pts',(-22.6100163161755,41.9182816147804,2.5));
#12389=CARTESIAN_POINT('',(-23.6535410583019,42.3788887262344,3.));
#12390=CARTESIAN_POINT('Ctrl Pts',(-23.6535410583019,42.3788887262344,3.));
#12391=CARTESIAN_POINT('Ctrl Pts',(-22.8593043982983,42.3788887262344,3.));
#12392=CARTESIAN_POINT('Ctrl Pts',(-22.6100163161755,41.9182816147804,3.));
#12393=CARTESIAN_POINT('',(-23.6535410583019,42.3788887262344,2.5));
#12394=CARTESIAN_POINT('',(-23.6535410583019,42.3788887262344,3.));
#12395=CARTESIAN_POINT('Ctrl Pts',(-23.6535410583019,42.3788887262344,2.5));
#12396=CARTESIAN_POINT('Ctrl Pts',(-22.8593043982983,42.3788887262344,2.5));
#12397=CARTESIAN_POINT('Ctrl Pts',(-22.6100163161755,41.9182816147804,2.5));
#12398=CARTESIAN_POINT('Ctrl Pts',(-24.8897890746593,41.9867503643036,3.));
#12399=CARTESIAN_POINT('Ctrl Pts',(-24.8897890746593,41.9867503643036,2.5));
#12400=CARTESIAN_POINT('Ctrl Pts',(-24.3481855094433,42.3788887262344,3.));
#12401=CARTESIAN_POINT('Ctrl Pts',(-24.3481855094433,42.3788887262344,2.5));
#12402=CARTESIAN_POINT('Ctrl Pts',(-23.6535410583019,42.3788887262344,3.));
#12403=CARTESIAN_POINT('Ctrl Pts',(-23.6535410583019,42.3788887262344,2.5));
#12404=CARTESIAN_POINT('',(-24.8897890746593,41.9867503643036,3.));
#12405=CARTESIAN_POINT('Ctrl Pts',(-24.8897890746593,41.9867503643036,3.));
#12406=CARTESIAN_POINT('Ctrl Pts',(-24.3481855094433,42.3788887262344,3.));
#12407=CARTESIAN_POINT('Ctrl Pts',(-23.6535410583019,42.3788887262344,3.));
#12408=CARTESIAN_POINT('',(-24.8897890746593,41.9867503643036,2.5));
#12409=CARTESIAN_POINT('',(-24.8897890746593,41.9867503643036,3.));
#12410=CARTESIAN_POINT('Ctrl Pts',(-24.8897890746593,41.9867503643036,2.5));
#12411=CARTESIAN_POINT('Ctrl Pts',(-24.3481855094433,42.3788887262344,2.5));
#12412=CARTESIAN_POINT('Ctrl Pts',(-23.6535410583019,42.3788887262344,2.5));
#12413=CARTESIAN_POINT('Ctrl Pts',(-25.6369905173779,40.9895983338356,3.));
#12414=CARTESIAN_POINT('Ctrl Pts',(-25.6369905173779,40.9895983338356,2.5));
#12415=CARTESIAN_POINT('Ctrl Pts',(-25.4313902556896,41.5946117043495,3.));
#12416=CARTESIAN_POINT('Ctrl Pts',(-25.4313902556896,41.5946117043495,2.5));
#12417=CARTESIAN_POINT('Ctrl Pts',(-24.8897890746593,41.9867503643036,3.));
#12418=CARTESIAN_POINT('Ctrl Pts',(-24.8897890746593,41.9867503643036,2.5));
#12419=CARTESIAN_POINT('',(-25.6369905173779,40.9895983338356,3.));
#12420=CARTESIAN_POINT('Ctrl Pts',(-25.6369905173779,40.9895983338356,3.));
#12421=CARTESIAN_POINT('Ctrl Pts',(-25.4313902556896,41.5946117043495,3.));
#12422=CARTESIAN_POINT('Ctrl Pts',(-24.8897890746593,41.9867503643036,3.));
#12423=CARTESIAN_POINT('',(-25.6369905173779,40.9895983338356,2.5));
#12424=CARTESIAN_POINT('',(-25.6369905173779,40.9895983338356,3.));
#12425=CARTESIAN_POINT('Ctrl Pts',(-25.6369905173779,40.9895983338356,2.5));
#12426=CARTESIAN_POINT('Ctrl Pts',(-25.4313902556896,41.5946117043495,2.5));
#12427=CARTESIAN_POINT('Ctrl Pts',(-24.8897890746593,41.9867503643036,2.5));
#12428=CARTESIAN_POINT('Ctrl Pts',(-25.5110244452953,39.9389162659645,3.));
#12429=CARTESIAN_POINT('Ctrl Pts',(-25.5110244452953,39.9389162659645,2.5));
#12430=CARTESIAN_POINT('Ctrl Pts',(-25.8578412234783,40.3397688269615,3.));
#12431=CARTESIAN_POINT('Ctrl Pts',(-25.8578412234783,40.3397688269615,2.5));
#12432=CARTESIAN_POINT('Ctrl Pts',(-25.6369905173779,40.9895983338356,3.));
#12433=CARTESIAN_POINT('Ctrl Pts',(-25.6369905173779,40.9895983338356,2.5));
#12434=CARTESIAN_POINT('',(-25.5110244452953,39.9389162659645,3.));
#12435=CARTESIAN_POINT('Ctrl Pts',(-25.5110244452953,39.9389162659645,3.));
#12436=CARTESIAN_POINT('Ctrl Pts',(-25.8578412234783,40.3397688269615,3.));
#12437=CARTESIAN_POINT('Ctrl Pts',(-25.6369905173779,40.9895983338356,3.));
#12438=CARTESIAN_POINT('',(-25.5110244452953,39.9389162659645,2.5));
#12439=CARTESIAN_POINT('',(-25.5110244452953,39.9389162659645,3.));
#12440=CARTESIAN_POINT('Ctrl Pts',(-25.5110244452953,39.9389162659645,2.5));
#12441=CARTESIAN_POINT('Ctrl Pts',(-25.8578412234783,40.3397688269615,2.5));
#12442=CARTESIAN_POINT('Ctrl Pts',(-25.6369905173779,40.9895983338356,2.5));
#12443=CARTESIAN_POINT('Ctrl Pts',(-24.590275734663,39.6152463555336,3.));
#12444=CARTESIAN_POINT('Ctrl Pts',(-24.590275734663,39.6152463555336,2.5));
#12445=CARTESIAN_POINT('Ctrl Pts',(-25.2276568114758,39.6152463555336,3.));
#12446=CARTESIAN_POINT('Ctrl Pts',(-25.2276568114758,39.6152463555336,2.5));
#12447=CARTESIAN_POINT('Ctrl Pts',(-25.5110244452953,39.9389162659645,3.));
#12448=CARTESIAN_POINT('Ctrl Pts',(-25.5110244452953,39.9389162659645,2.5));
#12449=CARTESIAN_POINT('Ctrl Pts',(-24.590275734663,39.6152463555336,3.));
#12450=CARTESIAN_POINT('Ctrl Pts',(-25.2276568114758,39.6152463555336,3.));
#12451=CARTESIAN_POINT('Ctrl Pts',(-25.5110244452953,39.9389162659645,3.));
#12452=CARTESIAN_POINT('Ctrl Pts',(-24.590275734663,39.6152463555336,2.5));
#12453=CARTESIAN_POINT('Ctrl Pts',(-25.2276568114758,39.6152463555336,2.5));
#12454=CARTESIAN_POINT('Ctrl Pts',(-25.5110244452953,39.9389162659645,2.5));
#12455=CARTESIAN_POINT('Origin',(-24.1338907182217,40.997067540884,2.5));
#12456=CARTESIAN_POINT('Ctrl Pts',(-30.8025602996349,40.4605224728584,3.));
#12457=CARTESIAN_POINT('Ctrl Pts',(-30.8025602996349,40.4605224728584,2.5));
#12458=CARTESIAN_POINT('Ctrl Pts',(-30.7013742625713,40.5787864327431,3.));
#12459=CARTESIAN_POINT('Ctrl Pts',(-30.7013742625713,40.5787864327431,2.5));
#12460=CARTESIAN_POINT('Ctrl Pts',(-30.6370680034161,40.7680091261864,3.));
#12461=CARTESIAN_POINT('Ctrl Pts',(-30.6370680034161,40.7680091261864,2.5));
#12462=CARTESIAN_POINT('',(-30.8025602996349,40.4605224728584,3.));
#12463=CARTESIAN_POINT('',(-30.6370680034161,40.7680091261864,3.));
#12464=CARTESIAN_POINT('Ctrl Pts',(-30.8025602996349,40.4605224728584,3.));
#12465=CARTESIAN_POINT('Ctrl Pts',(-30.7013742625713,40.5787864327431,3.));
#12466=CARTESIAN_POINT('Ctrl Pts',(-30.6370680034161,40.7680091261864,3.));
#12467=CARTESIAN_POINT('',(-30.8025602996349,40.4605224728584,2.5));
#12468=CARTESIAN_POINT('',(-30.8025602996349,40.4605224728584,3.));
#12469=CARTESIAN_POINT('',(-30.6370680034161,40.7680091261864,2.5));
#12470=CARTESIAN_POINT('Ctrl Pts',(-30.8025602996349,40.4605224728584,2.5));
#12471=CARTESIAN_POINT('Ctrl Pts',(-30.7013742625713,40.5787864327431,2.5));
#12472=CARTESIAN_POINT('Ctrl Pts',(-30.6370680034161,40.7680091261864,2.5));
#12473=CARTESIAN_POINT('',(-30.6370680034161,40.7680091261864,3.));
#12474=CARTESIAN_POINT('Ctrl Pts',(-31.07730910182,40.2600958943367,3.));
#12475=CARTESIAN_POINT('Ctrl Pts',(-31.07730910182,40.2600958943367,2.5));
#12476=CARTESIAN_POINT('Ctrl Pts',(-30.9037451446056,40.3422585129738,3.));
#12477=CARTESIAN_POINT('Ctrl Pts',(-30.9037451446056,40.3422585129738,2.5));
#12478=CARTESIAN_POINT('Ctrl Pts',(-30.8025602996349,40.4605224728584,3.));
#12479=CARTESIAN_POINT('Ctrl Pts',(-30.8025602996349,40.4605224728584,2.5));
#12480=CARTESIAN_POINT('',(-31.07730910182,40.2600958943367,3.));
#12481=CARTESIAN_POINT('Ctrl Pts',(-31.07730910182,40.2600958943367,3.));
#12482=CARTESIAN_POINT('Ctrl Pts',(-30.9037451446056,40.3422585129738,3.));
#12483=CARTESIAN_POINT('Ctrl Pts',(-30.8025602996349,40.4605224728584,3.));
#12484=CARTESIAN_POINT('',(-31.07730910182,40.2600958943367,2.5));
#12485=CARTESIAN_POINT('',(-31.07730910182,40.2600958943367,3.));
#12486=CARTESIAN_POINT('Ctrl Pts',(-31.07730910182,40.2600958943367,2.5));
#12487=CARTESIAN_POINT('Ctrl Pts',(-30.9037451446056,40.3422585129738,2.5));
#12488=CARTESIAN_POINT('Ctrl Pts',(-30.8025602996349,40.4605224728584,2.5));
#12489=CARTESIAN_POINT('Ctrl Pts',(-31.4201776683331,40.1779338717461,3.));
#12490=CARTESIAN_POINT('Ctrl Pts',(-31.4201776683331,40.1779338717461,2.5));
#12491=CARTESIAN_POINT('Ctrl Pts',(-31.2508730590343,40.1779338717461,3.));
#12492=CARTESIAN_POINT('Ctrl Pts',(-31.2508730590343,40.1779338717461,2.5));
#12493=CARTESIAN_POINT('Ctrl Pts',(-31.07730910182,40.2600958943367,3.));
#12494=CARTESIAN_POINT('Ctrl Pts',(-31.07730910182,40.2600958943367,2.5));
#12495=CARTESIAN_POINT('',(-31.4201776683331,40.1779338717461,3.));
#12496=CARTESIAN_POINT('Ctrl Pts',(-31.4201776683331,40.1779338717461,3.));
#12497=CARTESIAN_POINT('Ctrl Pts',(-31.2508730590343,40.1779338717461,3.));
#12498=CARTESIAN_POINT('Ctrl Pts',(-31.07730910182,40.2600958943367,3.));
#12499=CARTESIAN_POINT('',(-31.4201776683331,40.1779338717461,2.5));
#12500=CARTESIAN_POINT('',(-31.4201776683331,40.1779338717461,3.));
#12501=CARTESIAN_POINT('Ctrl Pts',(-31.4201776683331,40.1779338717461,2.5));
#12502=CARTESIAN_POINT('Ctrl Pts',(-31.2508730590343,40.1779338717461,2.5));
#12503=CARTESIAN_POINT('Ctrl Pts',(-31.07730910182,40.2600958943367,2.5));
#12504=CARTESIAN_POINT('Ctrl Pts',(-31.6396276652813,40.2538719773293,3.));
#12505=CARTESIAN_POINT('Ctrl Pts',(-31.6396276652813,40.2538719773293,2.5));
#12506=CARTESIAN_POINT('Ctrl Pts',(-31.5820126235485,40.1779338717461,3.));
#12507=CARTESIAN_POINT('Ctrl Pts',(-31.5820126235485,40.1779338717461,2.5));
#12508=CARTESIAN_POINT('Ctrl Pts',(-31.4201776683331,40.1779338717461,3.));
#12509=CARTESIAN_POINT('Ctrl Pts',(-31.4201776683331,40.1779338717461,2.5));
#12510=CARTESIAN_POINT('',(-31.6396276652813,40.2538719773293,3.));
#12511=CARTESIAN_POINT('Ctrl Pts',(-31.6396276652813,40.2538719773293,3.));
#12512=CARTESIAN_POINT('Ctrl Pts',(-31.5820126235485,40.1779338717461,3.));
#12513=CARTESIAN_POINT('Ctrl Pts',(-31.4201776683331,40.1779338717461,3.));
#12514=CARTESIAN_POINT('',(-31.6396276652813,40.2538719773293,2.5));
#12515=CARTESIAN_POINT('',(-31.6396276652813,40.2538719773293,3.));
#12516=CARTESIAN_POINT('Ctrl Pts',(-31.6396276652813,40.2538719773293,2.5));
#12517=CARTESIAN_POINT('Ctrl Pts',(-31.5820126235485,40.1779338717461,2.5));
#12518=CARTESIAN_POINT('Ctrl Pts',(-31.4201776683331,40.1779338717461,2.5));
#12519=CARTESIAN_POINT('Ctrl Pts',(-31.6566281020641,40.44931858778,3.));
#12520=CARTESIAN_POINT('Ctrl Pts',(-31.6566281020641,40.44931858778,2.5));
#12521=CARTESIAN_POINT('Ctrl Pts',(-31.6972427070141,40.329809486866,3.));
#12522=CARTESIAN_POINT('Ctrl Pts',(-31.6972427070141,40.329809486866,2.5));
#12523=CARTESIAN_POINT('Ctrl Pts',(-31.6396276652813,40.2538719773293,3.));
#12524=CARTESIAN_POINT('Ctrl Pts',(-31.6396276652813,40.2538719773293,2.5));
#12525=CARTESIAN_POINT('',(-31.6566281020641,40.44931858778,3.));
#12526=CARTESIAN_POINT('Ctrl Pts',(-31.6566281020641,40.44931858778,3.));
#12527=CARTESIAN_POINT('Ctrl Pts',(-31.6972427070141,40.329809486866,3.));
#12528=CARTESIAN_POINT('Ctrl Pts',(-31.6396276652813,40.2538719773293,3.));
#12529=CARTESIAN_POINT('',(-31.6566281020641,40.44931858778,2.5));
#12530=CARTESIAN_POINT('',(-31.6566281020641,40.44931858778,3.));
#12531=CARTESIAN_POINT('Ctrl Pts',(-31.6566281020641,40.44931858778,2.5));
#12532=CARTESIAN_POINT('Ctrl Pts',(-31.6972427070141,40.329809486866,2.5));
#12533=CARTESIAN_POINT('Ctrl Pts',(-31.6396276652813,40.2538719773293,2.5));
#12534=CARTESIAN_POINT('Ctrl Pts',(-31.5084867179394,40.6360509991646,3.));
#12535=CARTESIAN_POINT('Ctrl Pts',(-31.5084867179394,40.6360509991646,2.5));
#12536=CARTESIAN_POINT('Ctrl Pts',(-31.6210703551769,40.5538889765739,3.));
#12537=CARTESIAN_POINT('Ctrl Pts',(-31.6210703551769,40.5538889765739,2.5));
#12538=CARTESIAN_POINT('Ctrl Pts',(-31.6566281020641,40.44931858778,3.));
#12539=CARTESIAN_POINT('Ctrl Pts',(-31.6566281020641,40.44931858778,2.5));
#12540=CARTESIAN_POINT('',(-31.5084867179394,40.6360509991646,3.));
#12541=CARTESIAN_POINT('Ctrl Pts',(-31.5084867179394,40.6360509991646,3.));
#12542=CARTESIAN_POINT('Ctrl Pts',(-31.6210703551769,40.5538889765739,3.));
#12543=CARTESIAN_POINT('Ctrl Pts',(-31.6566281020641,40.44931858778,3.));
#12544=CARTESIAN_POINT('',(-31.5084867179394,40.6360509991646,2.5));
#12545=CARTESIAN_POINT('',(-31.5084867179394,40.6360509991646,3.));
#12546=CARTESIAN_POINT('Ctrl Pts',(-31.5084867179394,40.6360509991646,2.5));
#12547=CARTESIAN_POINT('Ctrl Pts',(-31.6210703551769,40.5538889765739,2.5));
#12548=CARTESIAN_POINT('Ctrl Pts',(-31.6566281020641,40.44931858778,2.5));
#12549=CARTESIAN_POINT('Ctrl Pts',(-31.0626237094402,40.79788595438,3.));
#12550=CARTESIAN_POINT('Ctrl Pts',(-31.0626237094402,40.79788595438,2.5));
#12551=CARTESIAN_POINT('Ctrl Pts',(-31.3992480933666,40.7157239317894,3.));
#12552=CARTESIAN_POINT('Ctrl Pts',(-31.3992480933666,40.7157239317894,2.5));
#12553=CARTESIAN_POINT('Ctrl Pts',(-31.5084867179394,40.6360509991646,3.));
#12554=CARTESIAN_POINT('Ctrl Pts',(-31.5084867179394,40.6360509991646,2.5));
#12555=CARTESIAN_POINT('',(-31.0626237094402,40.79788595438,3.));
#12556=CARTESIAN_POINT('Ctrl Pts',(-31.0626237094402,40.79788595438,3.));
#12557=CARTESIAN_POINT('Ctrl Pts',(-31.3992480933666,40.7157239317894,3.));
#12558=CARTESIAN_POINT('Ctrl Pts',(-31.5084867179394,40.6360509991646,3.));
#12559=CARTESIAN_POINT('',(-31.0626237094402,40.79788595438,2.5));
#12560=CARTESIAN_POINT('',(-31.0626237094402,40.79788595438,3.));
#12561=CARTESIAN_POINT('Ctrl Pts',(-31.0626237094402,40.79788595438,2.5));
#12562=CARTESIAN_POINT('Ctrl Pts',(-31.3992480933666,40.7157239317894,2.5));
#12563=CARTESIAN_POINT('Ctrl Pts',(-31.5084867179394,40.6360509991646,2.5));
#12564=CARTESIAN_POINT('Ctrl Pts',(-30.5820600688457,40.9298440814018,3.));
#12565=CARTESIAN_POINT('Ctrl Pts',(-30.5820600688457,40.9298440814018,2.5));
#12566=CARTESIAN_POINT('Ctrl Pts',(-30.8165650069714,40.8551505208015,3.));
#12567=CARTESIAN_POINT('Ctrl Pts',(-30.8165650069714,40.8551505208015,2.5));
#12568=CARTESIAN_POINT('Ctrl Pts',(-31.0626237094402,40.79788595438,3.));
#12569=CARTESIAN_POINT('Ctrl Pts',(-31.0626237094402,40.79788595438,2.5));
#12570=CARTESIAN_POINT('',(-30.5820600688457,40.9298440814018,3.));
#12571=CARTESIAN_POINT('Ctrl Pts',(-30.5820600688457,40.9298440814018,3.));
#12572=CARTESIAN_POINT('Ctrl Pts',(-30.8165650069714,40.8551505208015,3.));
#12573=CARTESIAN_POINT('Ctrl Pts',(-31.0626237094402,40.79788595438,3.));
#12574=CARTESIAN_POINT('',(-30.5820600688457,40.9298440814018,2.5));
#12575=CARTESIAN_POINT('',(-30.5820600688457,40.9298440814018,3.));
#12576=CARTESIAN_POINT('Ctrl Pts',(-30.5820600688457,40.9298440814018,2.5));
#12577=CARTESIAN_POINT('Ctrl Pts',(-30.8165650069714,40.8551505208015,2.5));
#12578=CARTESIAN_POINT('Ctrl Pts',(-31.0626237094402,40.79788595438,2.5));
#12579=CARTESIAN_POINT('Origin',(-30.6370680034161,40.7680091261864,3.));
#12580=CARTESIAN_POINT('',(-34.885577041246,28.2687710573444,3.));
#12581=CARTESIAN_POINT('',(-30.6370680034161,40.7680091261864,2.5));
#12582=CARTESIAN_POINT('Ctrl Pts',(-30.3969411551952,41.7016717791557,3.));
#12583=CARTESIAN_POINT('Ctrl Pts',(-30.3969411551952,41.7016717791557,2.5));
#12584=CARTESIAN_POINT('Ctrl Pts',(-30.4487399756908,41.7763647437096,3.));
#12585=CARTESIAN_POINT('Ctrl Pts',(-30.4487399756908,41.7763647437096,2.5));
#12586=CARTESIAN_POINT('Ctrl Pts',(-30.6429426372051,41.7763647437096,3.));
#12587=CARTESIAN_POINT('Ctrl Pts',(-30.6429426372051,41.7763647437096,2.5));
#12588=CARTESIAN_POINT('',(-30.3969411551952,41.7016717791557,3.));
#12589=CARTESIAN_POINT('',(-30.6429426372051,41.7763647437096,3.));
#12590=CARTESIAN_POINT('Ctrl Pts',(-30.3969411551952,41.7016717791557,3.));
#12591=CARTESIAN_POINT('Ctrl Pts',(-30.4487399756908,41.7763647437096,3.));
#12592=CARTESIAN_POINT('Ctrl Pts',(-30.6429426372051,41.7763647437096,3.));
#12593=CARTESIAN_POINT('',(-30.3969411551952,41.7016717791557,2.5));
#12594=CARTESIAN_POINT('',(-30.3969411551952,41.7016717791557,3.));
#12595=CARTESIAN_POINT('',(-30.6429426372051,41.7763647437096,2.5));
#12596=CARTESIAN_POINT('Ctrl Pts',(-30.3969411551952,41.7016717791557,2.5));
#12597=CARTESIAN_POINT('Ctrl Pts',(-30.4487399756908,41.7763647437096,2.5));
#12598=CARTESIAN_POINT('Ctrl Pts',(-30.6429426372051,41.7763647437096,2.5));
#12599=CARTESIAN_POINT('',(-30.6429426372051,41.7763647437096,3.));
#12600=CARTESIAN_POINT('Ctrl Pts',(-30.4085926711559,41.4402464032173,3.));
#12601=CARTESIAN_POINT('Ctrl Pts',(-30.4085926711559,41.4402464032173,2.5));
#12602=CARTESIAN_POINT('Ctrl Pts',(-30.3451423346996,41.6269788146019,3.));
#12603=CARTESIAN_POINT('Ctrl Pts',(-30.3451423346996,41.6269788146019,2.5));
#12604=CARTESIAN_POINT('Ctrl Pts',(-30.3969411551952,41.7016717791557,3.));
#12605=CARTESIAN_POINT('Ctrl Pts',(-30.3969411551952,41.7016717791557,2.5));
#12606=CARTESIAN_POINT('',(-30.4085926711559,41.4402464032173,3.));
#12607=CARTESIAN_POINT('Ctrl Pts',(-30.4085926711559,41.4402464032173,3.));
#12608=CARTESIAN_POINT('Ctrl Pts',(-30.3451423346996,41.6269788146019,3.));
#12609=CARTESIAN_POINT('Ctrl Pts',(-30.3969411551952,41.7016717791557,3.));
#12610=CARTESIAN_POINT('',(-30.4085926711559,41.4402464032173,2.5));
#12611=CARTESIAN_POINT('',(-30.4085926711559,41.4402464032173,3.));
#12612=CARTESIAN_POINT('Ctrl Pts',(-30.4085926711559,41.4402464032173,2.5));
#12613=CARTESIAN_POINT('Ctrl Pts',(-30.3451423346996,41.6269788146019,2.5));
#12614=CARTESIAN_POINT('Ctrl Pts',(-30.3969411551952,41.7016717791557,2.5));
#12615=CARTESIAN_POINT('Ctrl Pts',(-30.8081619441509,41.3194924592972,3.));
#12616=CARTESIAN_POINT('Ctrl Pts',(-30.8081619441509,41.3194924592972,2.5));
#12617=CARTESIAN_POINT('Ctrl Pts',(-30.6232182681561,41.3655531406403,3.));
#12618=CARTESIAN_POINT('Ctrl Pts',(-30.6232182681561,41.3655531406403,2.5));
#12619=CARTESIAN_POINT('Ctrl Pts',(-30.4085926711559,41.4402464032173,3.));
#12620=CARTESIAN_POINT('Ctrl Pts',(-30.4085926711559,41.4402464032173,2.5));
#12621=CARTESIAN_POINT('',(-30.8081619441509,41.3194924592972,3.));
#12622=CARTESIAN_POINT('Ctrl Pts',(-30.8081619441509,41.3194924592972,3.));
#12623=CARTESIAN_POINT('Ctrl Pts',(-30.6232182681561,41.3655531406403,3.));
#12624=CARTESIAN_POINT('Ctrl Pts',(-30.4085926711559,41.4402464032173,3.));
#12625=CARTESIAN_POINT('',(-30.8081619441509,41.3194924592972,2.5));
#12626=CARTESIAN_POINT('',(-30.8081619441509,41.3194924592972,3.));
#12627=CARTESIAN_POINT('Ctrl Pts',(-30.8081619441509,41.3194924592972,2.5));
#12628=CARTESIAN_POINT('Ctrl Pts',(-30.6232182681561,41.3655531406403,2.5));
#12629=CARTESIAN_POINT('Ctrl Pts',(-30.4085926711559,41.4402464032173,2.5));
#12630=CARTESIAN_POINT('Ctrl Pts',(-31.6022031009197,41.1589023470879,3.));
#12631=CARTESIAN_POINT('Ctrl Pts',(-31.6022031009197,41.1589023470879,2.5));
#12632=CARTESIAN_POINT('Ctrl Pts',(-30.9931044280529,41.2734317779541,3.));
#12633=CARTESIAN_POINT('Ctrl Pts',(-30.9931044280529,41.2734317779541,2.5));
#12634=CARTESIAN_POINT('Ctrl Pts',(-30.8081619441509,41.3194924592972,3.));
#12635=CARTESIAN_POINT('Ctrl Pts',(-30.8081619441509,41.3194924592972,2.5));
#12636=CARTESIAN_POINT('',(-31.6022031009197,41.1589023470879,3.));
#12637=CARTESIAN_POINT('Ctrl Pts',(-31.6022031009197,41.1589023470879,3.));
#12638=CARTESIAN_POINT('Ctrl Pts',(-30.9931044280529,41.2734317779541,3.));
#12639=CARTESIAN_POINT('Ctrl Pts',(-30.8081619441509,41.3194924592972,3.));
#12640=CARTESIAN_POINT('',(-31.6022031009197,41.1589023470879,2.5));
#12641=CARTESIAN_POINT('',(-31.6022031009197,41.1589023470879,3.));
#12642=CARTESIAN_POINT('Ctrl Pts',(-31.6022031009197,41.1589023470879,2.5));
#12643=CARTESIAN_POINT('Ctrl Pts',(-30.9931044280529,41.2734317779541,2.5));
#12644=CARTESIAN_POINT('Ctrl Pts',(-30.8081619441509,41.3194924592972,2.5));
#12645=CARTESIAN_POINT('Ctrl Pts',(-32.3526732623577,40.8700892329216,3.));
#12646=CARTESIAN_POINT('Ctrl Pts',(-32.3526732623577,40.8700892329216,2.5));
#12647=CARTESIAN_POINT('Ctrl Pts',(-32.1098820865154,41.0642912983894,3.));
#12648=CARTESIAN_POINT('Ctrl Pts',(-32.1098820865154,41.0642912983894,2.5));
#12649=CARTESIAN_POINT('Ctrl Pts',(-31.6022031009197,41.1589023470879,3.));
#12650=CARTESIAN_POINT('Ctrl Pts',(-31.6022031009197,41.1589023470879,2.5));
#12651=CARTESIAN_POINT('',(-32.3526732623577,40.8700892329216,3.));
#12652=CARTESIAN_POINT('Ctrl Pts',(-32.3526732623577,40.8700892329216,3.));
#12653=CARTESIAN_POINT('Ctrl Pts',(-32.1098820865154,41.0642912983894,3.));
#12654=CARTESIAN_POINT('Ctrl Pts',(-31.6022031009197,41.1589023470879,3.));
#12655=CARTESIAN_POINT('',(-32.3526732623577,40.8700892329216,2.5));
#12656=CARTESIAN_POINT('',(-32.3526732623577,40.8700892329216,3.));
#12657=CARTESIAN_POINT('Ctrl Pts',(-32.3526732623577,40.8700892329216,2.5));
#12658=CARTESIAN_POINT('Ctrl Pts',(-32.1098820865154,41.0642912983894,2.5));
#12659=CARTESIAN_POINT('Ctrl Pts',(-31.6022031009197,41.1589023470879,2.5));
#12660=CARTESIAN_POINT('Ctrl Pts',(-32.6978175342083,40.3746256232262,3.));
#12661=CARTESIAN_POINT('Ctrl Pts',(-32.6978175342083,40.3746256232262,2.5));
#12662=CARTESIAN_POINT('Ctrl Pts',(-32.5954262912273,40.6758871674538,3.));
#12663=CARTESIAN_POINT('Ctrl Pts',(-32.5954262912273,40.6758871674538,2.5));
#12664=CARTESIAN_POINT('Ctrl Pts',(-32.3526732623577,40.8700892329216,3.));
#12665=CARTESIAN_POINT('Ctrl Pts',(-32.3526732623577,40.8700892329216,2.5));
#12666=CARTESIAN_POINT('',(-32.6978175342083,40.3746256232262,3.));
#12667=CARTESIAN_POINT('Ctrl Pts',(-32.6978175342083,40.3746256232262,3.));
#12668=CARTESIAN_POINT('Ctrl Pts',(-32.5954262912273,40.6758871674538,3.));
#12669=CARTESIAN_POINT('Ctrl Pts',(-32.3526732623577,40.8700892329216,3.));
#12670=CARTESIAN_POINT('',(-32.6978175342083,40.3746256232262,2.5));
#12671=CARTESIAN_POINT('',(-32.6978175342083,40.3746256232262,3.));
#12672=CARTESIAN_POINT('Ctrl Pts',(-32.6978175342083,40.3746256232262,2.5));
#12673=CARTESIAN_POINT('Ctrl Pts',(-32.5954262912273,40.6758871674538,2.5));
#12674=CARTESIAN_POINT('Ctrl Pts',(-32.3526732623577,40.8700892329216,2.5));
#12675=CARTESIAN_POINT('Ctrl Pts',(-32.6361958682537,39.8343458771706,3.));
#12676=CARTESIAN_POINT('Ctrl Pts',(-32.6361958682537,39.8343458771706,2.5));
#12677=CARTESIAN_POINT('Ctrl Pts',(-32.8069786727428,40.0534453988075,3.));
#12678=CARTESIAN_POINT('Ctrl Pts',(-32.8069786727428,40.0534453988075,2.5));
#12679=CARTESIAN_POINT('Ctrl Pts',(-32.6978175342083,40.3746256232262,3.));
#12680=CARTESIAN_POINT('Ctrl Pts',(-32.6978175342083,40.3746256232262,2.5));
#12681=CARTESIAN_POINT('',(-32.6361958682537,39.8343458771706,3.));
#12682=CARTESIAN_POINT('Ctrl Pts',(-32.6361958682537,39.8343458771706,3.));
#12683=CARTESIAN_POINT('Ctrl Pts',(-32.8069786727428,40.0534453988075,3.));
#12684=CARTESIAN_POINT('Ctrl Pts',(-32.6978175342083,40.3746256232262,3.));
#12685=CARTESIAN_POINT('',(-32.6361958682537,39.8343458771706,2.5));
#12686=CARTESIAN_POINT('',(-32.6361958682537,39.8343458771706,3.));
#12687=CARTESIAN_POINT('Ctrl Pts',(-32.6361958682537,39.8343458771706,2.5));
#12688=CARTESIAN_POINT('Ctrl Pts',(-32.8069786727428,40.0534453988075,2.5));
#12689=CARTESIAN_POINT('Ctrl Pts',(-32.6978175342083,40.3746256232262,2.5));
#12690=CARTESIAN_POINT('Ctrl Pts',(-31.992357224226,39.6152463555336,3.));
#12691=CARTESIAN_POINT('Ctrl Pts',(-31.992357224226,39.6152463555336,2.5));
#12692=CARTESIAN_POINT('Ctrl Pts',(-32.4654130637646,39.6152463555336,3.));
#12693=CARTESIAN_POINT('Ctrl Pts',(-32.4654130637646,39.6152463555336,2.5));
#12694=CARTESIAN_POINT('Ctrl Pts',(-32.6361958682537,39.8343458771706,3.));
#12695=CARTESIAN_POINT('Ctrl Pts',(-32.6361958682537,39.8343458771706,2.5));
#12696=CARTESIAN_POINT('',(-31.992357224226,39.6152463555336,3.));
#12697=CARTESIAN_POINT('Ctrl Pts',(-31.992357224226,39.6152463555336,3.));
#12698=CARTESIAN_POINT('Ctrl Pts',(-32.4654130637646,39.6152463555336,3.));
#12699=CARTESIAN_POINT('Ctrl Pts',(-32.6361958682537,39.8343458771706,3.));
#12700=CARTESIAN_POINT('',(-31.992357224226,39.6152463555336,2.5));
#12701=CARTESIAN_POINT('',(-31.992357224226,39.6152463555336,3.));
#12702=CARTESIAN_POINT('Ctrl Pts',(-31.992357224226,39.6152463555336,2.5));
#12703=CARTESIAN_POINT('Ctrl Pts',(-32.4654130637646,39.6152463555336,2.5));
#12704=CARTESIAN_POINT('Ctrl Pts',(-32.6361958682537,39.8343458771706,2.5));
#12705=CARTESIAN_POINT('Ctrl Pts',(-31.3301961123943,39.7247961163521,3.));
#12706=CARTESIAN_POINT('Ctrl Pts',(-31.3301961123943,39.7247961163521,2.5));
#12707=CARTESIAN_POINT('Ctrl Pts',(-31.6363207995892,39.6152463555336,3.));
#12708=CARTESIAN_POINT('Ctrl Pts',(-31.6363207995892,39.6152463555336,2.5));
#12709=CARTESIAN_POINT('Ctrl Pts',(-31.992357224226,39.6152463555336,3.));
#12710=CARTESIAN_POINT('Ctrl Pts',(-31.992357224226,39.6152463555336,2.5));
#12711=CARTESIAN_POINT('',(-31.3301961123943,39.7247961163521,3.));
#12712=CARTESIAN_POINT('Ctrl Pts',(-31.3301961123943,39.7247961163521,3.));
#12713=CARTESIAN_POINT('Ctrl Pts',(-31.6363207995892,39.6152463555336,3.));
#12714=CARTESIAN_POINT('Ctrl Pts',(-31.992357224226,39.6152463555336,3.));
#12715=CARTESIAN_POINT('',(-31.3301961123943,39.7247961163521,2.5));
#12716=CARTESIAN_POINT('',(-31.3301961123943,39.7247961163521,3.));
#12717=CARTESIAN_POINT('Ctrl Pts',(-31.3301961123943,39.7247961163521,2.5));
#12718=CARTESIAN_POINT('Ctrl Pts',(-31.6363207995892,39.6152463555336,2.5));
#12719=CARTESIAN_POINT('Ctrl Pts',(-31.992357224226,39.6152463555336,2.5));
#12720=CARTESIAN_POINT('Ctrl Pts',(-30.8412294089794,39.9986705183983,3.));
#12721=CARTESIAN_POINT('Ctrl Pts',(-30.8412294089794,39.9986705183983,2.5));
#12722=CARTESIAN_POINT('Ctrl Pts',(-31.1055724322796,39.8069581389427,3.));
#12723=CARTESIAN_POINT('Ctrl Pts',(-31.1055724322796,39.8069581389427,2.5));
#12724=CARTESIAN_POINT('Ctrl Pts',(-31.3301961123943,39.7247961163521,3.));
#12725=CARTESIAN_POINT('Ctrl Pts',(-31.3301961123943,39.7247961163521,2.5));
#12726=CARTESIAN_POINT('',(-30.8412294089794,39.9986705183983,3.));
#12727=CARTESIAN_POINT('Ctrl Pts',(-30.8412294089794,39.9986705183983,3.));
#12728=CARTESIAN_POINT('Ctrl Pts',(-31.1055724322796,39.8069581389427,3.));
#12729=CARTESIAN_POINT('Ctrl Pts',(-31.3301961123943,39.7247961163521,3.));
#12730=CARTESIAN_POINT('',(-30.8412294089794,39.9986705183983,2.5));
#12731=CARTESIAN_POINT('',(-30.8412294089794,39.9986705183983,3.));
#12732=CARTESIAN_POINT('Ctrl Pts',(-30.8412294089794,39.9986705183983,2.5));
#12733=CARTESIAN_POINT('Ctrl Pts',(-31.1055724322796,39.8069581389427,2.5));
#12734=CARTESIAN_POINT('Ctrl Pts',(-31.3301961123943,39.7247961163521,2.5));
#12735=CARTESIAN_POINT('Ctrl Pts',(-30.8635000884533,39.8306110501289,3.));
#12736=CARTESIAN_POINT('Ctrl Pts',(-30.8635000884533,39.8306110501289,2.5));
#12737=CARTESIAN_POINT('Ctrl Pts',(-30.8627419173717,39.8841413855553,3.));
#12738=CARTESIAN_POINT('Ctrl Pts',(-30.8627419173717,39.8841413855553,2.5));
#12739=CARTESIAN_POINT('Ctrl Pts',(-30.8412294089794,39.9986705183983,3.));
#12740=CARTESIAN_POINT('Ctrl Pts',(-30.8412294089794,39.9986705183983,2.5));
#12741=CARTESIAN_POINT('',(-30.8635000884533,39.8306110501289,3.));
#12742=CARTESIAN_POINT('Ctrl Pts',(-30.8635000884533,39.8306110501289,3.));
#12743=CARTESIAN_POINT('Ctrl Pts',(-30.8627419173717,39.8841413855553,3.));
#12744=CARTESIAN_POINT('Ctrl Pts',(-30.8412294089794,39.9986705183983,3.));
#12745=CARTESIAN_POINT('',(-30.8635000884533,39.8306110501289,2.5));
#12746=CARTESIAN_POINT('',(-30.8635000884533,39.8306110501289,3.));
#12747=CARTESIAN_POINT('Ctrl Pts',(-30.8635000884533,39.8306110501289,2.5));
#12748=CARTESIAN_POINT('Ctrl Pts',(-30.8627419173717,39.8841413855553,2.5));
#12749=CARTESIAN_POINT('Ctrl Pts',(-30.8412294089794,39.9986705183983,2.5));
#12750=CARTESIAN_POINT('Ctrl Pts',(-30.8416955173016,39.6750006079674,3.));
#12751=CARTESIAN_POINT('Ctrl Pts',(-30.8416955173016,39.6750006079674,2.5));
#12752=CARTESIAN_POINT('Ctrl Pts',(-30.8642594516277,39.7770813107491,3.));
#12753=CARTESIAN_POINT('Ctrl Pts',(-30.8642594516277,39.7770813107491,2.5));
#12754=CARTESIAN_POINT('Ctrl Pts',(-30.8635000884533,39.8306110501289,3.));
#12755=CARTESIAN_POINT('Ctrl Pts',(-30.8635000884533,39.8306110501289,2.5));
#12756=CARTESIAN_POINT('',(-30.8416955173016,39.6750006079674,3.));
#12757=CARTESIAN_POINT('Ctrl Pts',(-30.8416955173016,39.6750006079674,3.));
#12758=CARTESIAN_POINT('Ctrl Pts',(-30.8642594516277,39.7770813107491,3.));
#12759=CARTESIAN_POINT('Ctrl Pts',(-30.8635000884533,39.8306110501289,3.));
#12760=CARTESIAN_POINT('',(-30.8416955173016,39.6750006079674,2.5));
#12761=CARTESIAN_POINT('',(-30.8416955173016,39.6750006079674,3.));
#12762=CARTESIAN_POINT('Ctrl Pts',(-30.8416955173016,39.6750006079674,2.5));
#12763=CARTESIAN_POINT('Ctrl Pts',(-30.8642594516277,39.7770813107491,2.5));
#12764=CARTESIAN_POINT('Ctrl Pts',(-30.8635000884533,39.8306110501289,2.5));
#12765=CARTESIAN_POINT('Origin',(-29.8906044661999,39.6750006079674,3.));
#12766=CARTESIAN_POINT('',(-29.8906044661999,39.6750006079674,3.));
#12767=CARTESIAN_POINT('',(-5.30683285425838,39.6750006079674,3.));
#12768=CARTESIAN_POINT('',(-29.8906044661999,39.6750006079674,2.5));
#12769=CARTESIAN_POINT('',(-29.8906044661999,39.6750006079674,3.));
#12770=CARTESIAN_POINT('',(-29.8906044661999,39.6750006079674,2.5));
#12771=CARTESIAN_POINT('Ctrl Pts',(-29.9021200835705,39.945140182972,3.));
#12772=CARTESIAN_POINT('Ctrl Pts',(-29.9021200835705,39.945140182972,2.5));
#12773=CARTESIAN_POINT('Ctrl Pts',(-29.914412945509,39.8393252491951,3.));
#12774=CARTESIAN_POINT('Ctrl Pts',(-29.914412945509,39.8393252491951,2.5));
#12775=CARTESIAN_POINT('Ctrl Pts',(-29.8906044661999,39.6750006079674,3.));
#12776=CARTESIAN_POINT('Ctrl Pts',(-29.8906044661999,39.6750006079674,2.5));
#12777=CARTESIAN_POINT('',(-29.9021200835705,39.945140182972,3.));
#12778=CARTESIAN_POINT('Ctrl Pts',(-29.9021200835705,39.945140182972,3.));
#12779=CARTESIAN_POINT('Ctrl Pts',(-29.914412945509,39.8393252491951,3.));
#12780=CARTESIAN_POINT('Ctrl Pts',(-29.8906044661999,39.6750006079674,3.));
#12781=CARTESIAN_POINT('',(-29.9021200835705,39.945140182972,2.5));
#12782=CARTESIAN_POINT('',(-29.9021200835705,39.945140182972,3.));
#12783=CARTESIAN_POINT('Ctrl Pts',(-29.9021200835705,39.945140182972,2.5));
#12784=CARTESIAN_POINT('Ctrl Pts',(-29.914412945509,39.8393252491951,2.5));
#12785=CARTESIAN_POINT('Ctrl Pts',(-29.8906044661999,39.6750006079674,2.5));
#12786=CARTESIAN_POINT('Ctrl Pts',(-29.8263375461102,40.2376881241798,3.));
#12787=CARTESIAN_POINT('Ctrl Pts',(-29.8263375461102,40.2376881241798,2.5));
#12788=CARTESIAN_POINT('Ctrl Pts',(-29.8898260295391,40.0509557127953,3.));
#12789=CARTESIAN_POINT('Ctrl Pts',(-29.8898260295391,40.0509557127953,2.5));
#12790=CARTESIAN_POINT('Ctrl Pts',(-29.9021200835705,39.945140182972,3.));
#12791=CARTESIAN_POINT('Ctrl Pts',(-29.9021200835705,39.945140182972,2.5));
#12792=CARTESIAN_POINT('',(-29.8263375461102,40.2376881241798,3.));
#12793=CARTESIAN_POINT('Ctrl Pts',(-29.8263375461102,40.2376881241798,3.));
#12794=CARTESIAN_POINT('Ctrl Pts',(-29.8898260295391,40.0509557127953,3.));
#12795=CARTESIAN_POINT('Ctrl Pts',(-29.9021200835705,39.945140182972,3.));
#12796=CARTESIAN_POINT('',(-29.8263375461102,40.2376881241798,2.5));
#12797=CARTESIAN_POINT('',(-29.8263375461102,40.2376881241798,3.));
#12798=CARTESIAN_POINT('Ctrl Pts',(-29.8263375461102,40.2376881241798,2.5));
#12799=CARTESIAN_POINT('Ctrl Pts',(-29.8898260295391,40.0509557127953,2.5));
#12800=CARTESIAN_POINT('Ctrl Pts',(-29.9021200835705,39.945140182972,2.5));
#12801=CARTESIAN_POINT('Origin',(-29.429530352354,41.4053896069527,3.));
#12802=CARTESIAN_POINT('',(-29.429530352354,41.4053896069527,3.));
#12803=CARTESIAN_POINT('',(-33.8374386890391,28.4340494153798,3.));
#12804=CARTESIAN_POINT('',(-29.429530352354,41.4053896069527,2.5));
#12805=CARTESIAN_POINT('',(-29.429530352354,41.4053896069527,3.));
#12806=CARTESIAN_POINT('',(-29.429530352354,41.4053896069527,2.5));
#12807=CARTESIAN_POINT('Ctrl Pts',(-29.3709425628185,41.7975279688835,3.));
#12808=CARTESIAN_POINT('Ctrl Pts',(-29.3709425628185,41.7975279688835,2.5));
#12809=CARTESIAN_POINT('Ctrl Pts',(-29.3660406768322,41.5921220183372,3.));
#12810=CARTESIAN_POINT('Ctrl Pts',(-29.3660406768322,41.5921220183372,2.5));
#12811=CARTESIAN_POINT('Ctrl Pts',(-29.429530352354,41.4053896069527,3.));
#12812=CARTESIAN_POINT('Ctrl Pts',(-29.429530352354,41.4053896069527,2.5));
#12813=CARTESIAN_POINT('',(-29.3709425628185,41.7975279688835,3.));
#12814=CARTESIAN_POINT('Ctrl Pts',(-29.3709425628185,41.7975279688835,3.));
#12815=CARTESIAN_POINT('Ctrl Pts',(-29.3660406768322,41.5921220183372,3.));
#12816=CARTESIAN_POINT('Ctrl Pts',(-29.429530352354,41.4053896069527,3.));
#12817=CARTESIAN_POINT('',(-29.3709425628185,41.7975279688835,2.5));
#12818=CARTESIAN_POINT('',(-29.3709425628185,41.7975279688835,3.));
#12819=CARTESIAN_POINT('Ctrl Pts',(-29.3709425628185,41.7975279688835,2.5));
#12820=CARTESIAN_POINT('Ctrl Pts',(-29.3660406768322,41.5921220183372,2.5));
#12821=CARTESIAN_POINT('Ctrl Pts',(-29.429530352354,41.4053896069527,2.5));
#12822=CARTESIAN_POINT('Ctrl Pts',(-29.4672267138958,42.1149733662605,3.));
#12823=CARTESIAN_POINT('Ctrl Pts',(-29.4672267138958,42.1149733662605,2.5));
#12824=CARTESIAN_POINT('Ctrl Pts',(-29.3758444488049,42.0029339194298,3.));
#12825=CARTESIAN_POINT('Ctrl Pts',(-29.3758444488049,42.0029339194298,2.5));
#12826=CARTESIAN_POINT('Ctrl Pts',(-29.3709425628185,41.7975279688835,3.));
#12827=CARTESIAN_POINT('Ctrl Pts',(-29.3709425628185,41.7975279688835,2.5));
#12828=CARTESIAN_POINT('',(-29.4672267138958,42.1149733662605,3.));
#12829=CARTESIAN_POINT('Ctrl Pts',(-29.4672267138958,42.1149733662605,3.));
#12830=CARTESIAN_POINT('Ctrl Pts',(-29.3758444488049,42.0029339194298,3.));
#12831=CARTESIAN_POINT('Ctrl Pts',(-29.3709425628185,41.7975279688835,3.));
#12832=CARTESIAN_POINT('',(-29.4672267138958,42.1149733662605,2.5));
#12833=CARTESIAN_POINT('',(-29.4672267138958,42.1149733662605,3.));
#12834=CARTESIAN_POINT('Ctrl Pts',(-29.4672267138958,42.1149733662605,2.5));
#12835=CARTESIAN_POINT('Ctrl Pts',(-29.3758444488049,42.0029339194298,2.5));
#12836=CARTESIAN_POINT('Ctrl Pts',(-29.3709425628185,41.7975279688835,2.5));
#12837=CARTESIAN_POINT('Ctrl Pts',(-29.8554758727551,42.3278483748436,3.));
#12838=CARTESIAN_POINT('Ctrl Pts',(-29.8554758727551,42.3278483748436,2.5));
#12839=CARTESIAN_POINT('Ctrl Pts',(-29.5964615046978,42.2768080234528,3.));
#12840=CARTESIAN_POINT('Ctrl Pts',(-29.5964615046978,42.2768080234528,2.5));
#12841=CARTESIAN_POINT('Ctrl Pts',(-29.4672267138958,42.1149733662605,3.));
#12842=CARTESIAN_POINT('Ctrl Pts',(-29.4672267138958,42.1149733662605,2.5));
#12843=CARTESIAN_POINT('',(-29.8554758727551,42.3278483748436,3.));
#12844=CARTESIAN_POINT('Ctrl Pts',(-29.8554758727551,42.3278483748436,3.));
#12845=CARTESIAN_POINT('Ctrl Pts',(-29.5964615046978,42.2768080234528,3.));
#12846=CARTESIAN_POINT('Ctrl Pts',(-29.4672267138958,42.1149733662605,3.));
#12847=CARTESIAN_POINT('',(-29.8554758727551,42.3278483748436,2.5));
#12848=CARTESIAN_POINT('',(-29.8554758727551,42.3278483748436,3.));
#12849=CARTESIAN_POINT('Ctrl Pts',(-29.8554758727551,42.3278483748436,2.5));
#12850=CARTESIAN_POINT('Ctrl Pts',(-29.5964615046978,42.2768080234528,2.5));
#12851=CARTESIAN_POINT('Ctrl Pts',(-29.4672267138958,42.1149733662605,2.5));
#12852=CARTESIAN_POINT('Ctrl Pts',(-30.5701164901257,42.3788887262344,3.));
#12853=CARTESIAN_POINT('Ctrl Pts',(-30.5701164901257,42.3788887262344,2.5));
#12854=CARTESIAN_POINT('Ctrl Pts',(-30.1144890487194,42.3788887262344,3.));
#12855=CARTESIAN_POINT('Ctrl Pts',(-30.1144890487194,42.3788887262344,2.5));
#12856=CARTESIAN_POINT('Ctrl Pts',(-29.8554758727551,42.3278483748436,3.));
#12857=CARTESIAN_POINT('Ctrl Pts',(-29.8554758727551,42.3278483748436,2.5));
#12858=CARTESIAN_POINT('',(-30.5701164901257,42.3788887262344,3.));
#12859=CARTESIAN_POINT('Ctrl Pts',(-30.5701164901257,42.3788887262344,3.));
#12860=CARTESIAN_POINT('Ctrl Pts',(-30.1144890487194,42.3788887262344,3.));
#12861=CARTESIAN_POINT('Ctrl Pts',(-29.8554758727551,42.3278483748436,3.));
#12862=CARTESIAN_POINT('',(-30.5701164901257,42.3788887262344,2.5));
#12863=CARTESIAN_POINT('',(-30.5701164901257,42.3788887262344,3.));
#12864=CARTESIAN_POINT('Ctrl Pts',(-30.5701164901257,42.3788887262344,2.5));
#12865=CARTESIAN_POINT('Ctrl Pts',(-30.1144890487194,42.3788887262344,2.5));
#12866=CARTESIAN_POINT('Ctrl Pts',(-29.8554758727551,42.3278483748436,2.5));
#12867=CARTESIAN_POINT('Ctrl Pts',(-31.1123411357403,42.3365625739098,3.));
#12868=CARTESIAN_POINT('Ctrl Pts',(-31.1123411357403,42.3365625739098,2.5));
#12869=CARTESIAN_POINT('Ctrl Pts',(-30.8539502322674,42.3788887262344,3.));
#12870=CARTESIAN_POINT('Ctrl Pts',(-30.8539502322674,42.3788887262344,2.5));
#12871=CARTESIAN_POINT('Ctrl Pts',(-30.5701164901257,42.3788887262344,3.));
#12872=CARTESIAN_POINT('Ctrl Pts',(-30.5701164901257,42.3788887262344,2.5));
#12873=CARTESIAN_POINT('',(-31.1123411357403,42.3365625739098,3.));
#12874=CARTESIAN_POINT('Ctrl Pts',(-31.1123411357403,42.3365625739098,3.));
#12875=CARTESIAN_POINT('Ctrl Pts',(-30.8539502322674,42.3788887262344,3.));
#12876=CARTESIAN_POINT('Ctrl Pts',(-30.5701164901257,42.3788887262344,3.));
#12877=CARTESIAN_POINT('',(-31.1123411357403,42.3365625739098,2.5));
#12878=CARTESIAN_POINT('',(-31.1123411357403,42.3365625739098,3.));
#12879=CARTESIAN_POINT('Ctrl Pts',(-31.1123411357403,42.3365625739098,2.5));
#12880=CARTESIAN_POINT('Ctrl Pts',(-30.8539502322674,42.3788887262344,2.5));
#12881=CARTESIAN_POINT('Ctrl Pts',(-30.5701164901257,42.3788887262344,2.5));
#12882=CARTESIAN_POINT('Ctrl Pts',(-31.5363793075085,42.217053771019,3.));
#12883=CARTESIAN_POINT('Ctrl Pts',(-31.5363793075085,42.217053771019,2.5));
#12884=CARTESIAN_POINT('Ctrl Pts',(-31.3707320392132,42.2942364215851,3.));
#12885=CARTESIAN_POINT('Ctrl Pts',(-31.3707320392132,42.2942364215851,2.5));
#12886=CARTESIAN_POINT('Ctrl Pts',(-31.1123411357403,42.3365625739098,3.));
#12887=CARTESIAN_POINT('Ctrl Pts',(-31.1123411357403,42.3365625739098,2.5));
#12888=CARTESIAN_POINT('',(-31.5363793075085,42.217053771019,3.));
#12889=CARTESIAN_POINT('Ctrl Pts',(-31.5363793075085,42.217053771019,3.));
#12890=CARTESIAN_POINT('Ctrl Pts',(-31.3707320392132,42.2942364215851,3.));
#12891=CARTESIAN_POINT('Ctrl Pts',(-31.1123411357403,42.3365625739098,3.));
#12892=CARTESIAN_POINT('',(-31.5363793075085,42.217053771019,2.5));
#12893=CARTESIAN_POINT('',(-31.5363793075085,42.217053771019,3.));
#12894=CARTESIAN_POINT('Ctrl Pts',(-31.5363793075085,42.217053771019,2.5));
#12895=CARTESIAN_POINT('Ctrl Pts',(-31.3707320392132,42.2942364215851,2.5));
#12896=CARTESIAN_POINT('Ctrl Pts',(-31.1123411357403,42.3365625739098,2.5));
#12897=CARTESIAN_POINT('Ctrl Pts',(-31.9197849929333,41.9643422961235,3.));
#12898=CARTESIAN_POINT('Ctrl Pts',(-31.9197849929333,41.9643422961235,2.5));
#12899=CARTESIAN_POINT('Ctrl Pts',(-31.7669562995434,42.109993994236,3.));
#12900=CARTESIAN_POINT('Ctrl Pts',(-31.7669562995434,42.109993994236,2.5));
#12901=CARTESIAN_POINT('Ctrl Pts',(-31.5363793075085,42.217053771019,3.));
#12902=CARTESIAN_POINT('Ctrl Pts',(-31.5363793075085,42.217053771019,2.5));
#12903=CARTESIAN_POINT('',(-31.9197849929333,41.9643422961235,3.));
#12904=CARTESIAN_POINT('Ctrl Pts',(-31.9197849929333,41.9643422961235,3.));
#12905=CARTESIAN_POINT('Ctrl Pts',(-31.7669562995434,42.109993994236,3.));
#12906=CARTESIAN_POINT('Ctrl Pts',(-31.5363793075085,42.217053771019,3.));
#12907=CARTESIAN_POINT('',(-31.9197849929333,41.9643422961235,2.5));
#12908=CARTESIAN_POINT('',(-31.9197849929333,41.9643422961235,3.));
#12909=CARTESIAN_POINT('Ctrl Pts',(-31.9197849929333,41.9643422961235,2.5));
#12910=CARTESIAN_POINT('Ctrl Pts',(-31.7669562995434,42.109993994236,2.5));
#12911=CARTESIAN_POINT('Ctrl Pts',(-31.5363793075085,42.217053771019,2.5));
#12912=CARTESIAN_POINT('Ctrl Pts',(-32.2137133777142,41.5647345781326,3.));
#12913=CARTESIAN_POINT('Ctrl Pts',(-32.2137133777142,41.5647345781326,2.5));
#12914=CARTESIAN_POINT('Ctrl Pts',(-32.0726136863232,41.8186908960342,3.));
#12915=CARTESIAN_POINT('Ctrl Pts',(-32.0726136863232,41.8186908960342,2.5));
#12916=CARTESIAN_POINT('Ctrl Pts',(-31.9197849929333,41.9643422961235,3.));
#12917=CARTESIAN_POINT('Ctrl Pts',(-31.9197849929333,41.9643422961235,2.5));
#12918=CARTESIAN_POINT('',(-32.2137133777142,41.5647345781326,3.));
#12919=CARTESIAN_POINT('Ctrl Pts',(-32.2137133777142,41.5647345781326,3.));
#12920=CARTESIAN_POINT('Ctrl Pts',(-32.0726136863232,41.8186908960342,3.));
#12921=CARTESIAN_POINT('Ctrl Pts',(-31.9197849929333,41.9643422961235,3.));
#12922=CARTESIAN_POINT('',(-32.2137133777142,41.5647345781326,2.5));
#12923=CARTESIAN_POINT('',(-32.2137133777142,41.5647345781326,3.));
#12924=CARTESIAN_POINT('Ctrl Pts',(-32.2137133777142,41.5647345781326,2.5));
#12925=CARTESIAN_POINT('Ctrl Pts',(-32.0726136863232,41.8186908960342,2.5));
#12926=CARTESIAN_POINT('Ctrl Pts',(-31.9197849929333,41.9643422961235,2.5));
#12927=CARTESIAN_POINT('Origin',(-31.2798564136028,41.4626541733742,3.));
#12928=CARTESIAN_POINT('',(-31.2798564136028,41.4626541733742,3.));
#12929=CARTESIAN_POINT('',(-3.83994303732255,38.4631825501657,3.));
#12930=CARTESIAN_POINT('',(-31.2798564136028,41.4626541733742,2.5));
#12931=CARTESIAN_POINT('',(-31.2798564136028,41.4626541733742,3.));
#12932=CARTESIAN_POINT('',(-31.2798564136028,41.4626541733742,2.5));
#12933=CARTESIAN_POINT('Ctrl Pts',(-31.04348346591,41.6966924071312,3.));
#12934=CARTESIAN_POINT('Ctrl Pts',(-31.04348346591,41.6966924071312,2.5));
#12935=CARTESIAN_POINT('Ctrl Pts',(-31.1617474257946,41.6344481706619,3.));
#12936=CARTESIAN_POINT('Ctrl Pts',(-31.1617474257946,41.6344481706619,2.5));
#12937=CARTESIAN_POINT('Ctrl Pts',(-31.2798564136028,41.4626541733742,3.));
#12938=CARTESIAN_POINT('Ctrl Pts',(-31.2798564136028,41.4626541733742,2.5));
#12939=CARTESIAN_POINT('',(-31.04348346591,41.6966924071312,3.));
#12940=CARTESIAN_POINT('Ctrl Pts',(-31.04348346591,41.6966924071312,3.));
#12941=CARTESIAN_POINT('Ctrl Pts',(-31.1617474257946,41.6344481706619,3.));
#12942=CARTESIAN_POINT('Ctrl Pts',(-31.2798564136028,41.4626541733742,3.));
#12943=CARTESIAN_POINT('',(-31.04348346591,41.6966924071312,2.5));
#12944=CARTESIAN_POINT('',(-31.04348346591,41.6966924071312,3.));
#12945=CARTESIAN_POINT('Ctrl Pts',(-31.04348346591,41.6966924071312,2.5));
#12946=CARTESIAN_POINT('Ctrl Pts',(-31.1617474257946,41.6344481706619,2.5));
#12947=CARTESIAN_POINT('Ctrl Pts',(-31.2798564136028,41.4626541733742,2.5));
#12948=CARTESIAN_POINT('Ctrl Pts',(-30.6429426372051,41.7763647437096,3.));
#12949=CARTESIAN_POINT('Ctrl Pts',(-30.6429426372051,41.7763647437096,2.5));
#12950=CARTESIAN_POINT('Ctrl Pts',(-30.8919195830822,41.7763647437096,3.));
#12951=CARTESIAN_POINT('Ctrl Pts',(-30.8919195830822,41.7763647437096,2.5));
#12952=CARTESIAN_POINT('Ctrl Pts',(-31.04348346591,41.6966924071312,3.));
#12953=CARTESIAN_POINT('Ctrl Pts',(-31.04348346591,41.6966924071312,2.5));
#12954=CARTESIAN_POINT('Ctrl Pts',(-30.6429426372051,41.7763647437096,3.));
#12955=CARTESIAN_POINT('Ctrl Pts',(-30.8919195830822,41.7763647437096,3.));
#12956=CARTESIAN_POINT('Ctrl Pts',(-31.04348346591,41.6966924071312,3.));
#12957=CARTESIAN_POINT('Ctrl Pts',(-30.6429426372051,41.7763647437096,2.5));
#12958=CARTESIAN_POINT('Ctrl Pts',(-30.8919195830822,41.7763647437096,2.5));
#12959=CARTESIAN_POINT('Ctrl Pts',(-31.04348346591,41.6966924071312,2.5));
#12960=CARTESIAN_POINT('Origin',(-31.0865096747875,40.997067540884,2.5));
#12961=CARTESIAN_POINT('Origin',(-21.2287406623363,40.5613580346107,3.));
#12962=CARTESIAN_POINT('',(-21.2287406623363,40.5613580346107,3.));
#12963=CARTESIAN_POINT('',(-21.5299634635448,39.6750006079674,3.));
#12964=CARTESIAN_POINT('',(-25.9326867458121,26.7198509213002,3.));
#12965=CARTESIAN_POINT('',(-21.2287406623363,40.5613580346107,2.5));
#12966=CARTESIAN_POINT('',(-21.2287406623363,40.5613580346107,3.));
#12967=CARTESIAN_POINT('',(-21.5299634635448,39.6750006079674,2.5));
#12968=CARTESIAN_POINT('',(-21.2287406623363,40.5613580346107,2.5));
#12969=CARTESIAN_POINT('',(-21.5299634635448,39.6750006079674,3.));
#12970=CARTESIAN_POINT('Ctrl Pts',(-20.7774309813976,41.4277973771095,3.));
#12971=CARTESIAN_POINT('Ctrl Pts',(-20.7774309813976,41.4277973771095,2.5));
#12972=CARTESIAN_POINT('Ctrl Pts',(-21.0129861533642,41.1962488293648,3.));
#12973=CARTESIAN_POINT('Ctrl Pts',(-21.0129861533642,41.1962488293648,2.5));
#12974=CARTESIAN_POINT('Ctrl Pts',(-21.2287406623363,40.5613580346107,3.));
#12975=CARTESIAN_POINT('Ctrl Pts',(-21.2287406623363,40.5613580346107,2.5));
#12976=CARTESIAN_POINT('',(-20.7774309813976,41.4277973771095,3.));
#12977=CARTESIAN_POINT('Ctrl Pts',(-20.7774309813976,41.4277973771095,3.));
#12978=CARTESIAN_POINT('Ctrl Pts',(-21.0129861533642,41.1962488293648,3.));
#12979=CARTESIAN_POINT('Ctrl Pts',(-21.2287406623363,40.5613580346107,3.));
#12980=CARTESIAN_POINT('',(-20.7774309813976,41.4277973771095,2.5));
#12981=CARTESIAN_POINT('',(-20.7774309813976,41.4277973771095,3.));
#12982=CARTESIAN_POINT('Ctrl Pts',(-20.7774309813976,41.4277973771095,2.5));
#12983=CARTESIAN_POINT('Ctrl Pts',(-21.0129861533642,41.1962488293648,2.5));
#12984=CARTESIAN_POINT('Ctrl Pts',(-21.2287406623363,40.5613580346107,2.5));
#12985=CARTESIAN_POINT('Ctrl Pts',(-20.4128341376781,41.5921220183372,3.));
#12986=CARTESIAN_POINT('Ctrl Pts',(-20.4128341376781,41.5921220183372,2.5));
#12987=CARTESIAN_POINT('Ctrl Pts',(-20.612016171217,41.5921220183372,3.));
#12988=CARTESIAN_POINT('Ctrl Pts',(-20.612016171217,41.5921220183372,2.5));
#12989=CARTESIAN_POINT('Ctrl Pts',(-20.7774309813976,41.4277973771095,3.));
#12990=CARTESIAN_POINT('Ctrl Pts',(-20.7774309813976,41.4277973771095,2.5));
#12991=CARTESIAN_POINT('',(-20.4128341376781,41.5921220183372,3.));
#12992=CARTESIAN_POINT('Ctrl Pts',(-20.4128341376781,41.5921220183372,3.));
#12993=CARTESIAN_POINT('Ctrl Pts',(-20.612016171217,41.5921220183372,3.));
#12994=CARTESIAN_POINT('Ctrl Pts',(-20.7774309813976,41.4277973771095,3.));
#12995=CARTESIAN_POINT('',(-20.4128341376781,41.5921220183372,2.5));
#12996=CARTESIAN_POINT('',(-20.4128341376781,41.5921220183372,3.));
#12997=CARTESIAN_POINT('Ctrl Pts',(-20.4128341376781,41.5921220183372,2.5));
#12998=CARTESIAN_POINT('Ctrl Pts',(-20.612016171217,41.5921220183372,2.5));
#12999=CARTESIAN_POINT('Ctrl Pts',(-20.7774309813976,41.4277973771095,2.5));
#13000=CARTESIAN_POINT('Ctrl Pts',(-20.1544050872326,41.5174290537834,3.));
#13001=CARTESIAN_POINT('Ctrl Pts',(-20.1544050872326,41.5174290537834,2.5));
#13002=CARTESIAN_POINT('Ctrl Pts',(-20.3082637488842,41.5921220183372,3.));
#13003=CARTESIAN_POINT('Ctrl Pts',(-20.3082637488842,41.5921220183372,2.5));
#13004=CARTESIAN_POINT('Ctrl Pts',(-20.4128341376781,41.5921220183372,3.));
#13005=CARTESIAN_POINT('Ctrl Pts',(-20.4128341376781,41.5921220183372,2.5));
#13006=CARTESIAN_POINT('',(-20.1544050872326,41.5174290537834,3.));
#13007=CARTESIAN_POINT('Ctrl Pts',(-20.1544050872326,41.5174290537834,3.));
#13008=CARTESIAN_POINT('Ctrl Pts',(-20.3082637488842,41.5921220183372,3.));
#13009=CARTESIAN_POINT('Ctrl Pts',(-20.4128341376781,41.5921220183372,3.));
#13010=CARTESIAN_POINT('',(-20.1544050872326,41.5174290537834,2.5));
#13011=CARTESIAN_POINT('',(-20.1544050872326,41.5174290537834,3.));
#13012=CARTESIAN_POINT('Ctrl Pts',(-20.1544050872326,41.5174290537834,2.5));
#13013=CARTESIAN_POINT('Ctrl Pts',(-20.3082637488842,41.5921220183372,2.5));
#13014=CARTESIAN_POINT('Ctrl Pts',(-20.4128341376781,41.5921220183372,2.5));
#13015=CARTESIAN_POINT('Origin',(-19.5952968299389,42.2394618391991,3.));
#13016=CARTESIAN_POINT('',(-19.5952968299389,42.2394618391991,3.));
#13017=CARTESIAN_POINT('',(-23.521972124504,37.1685506813473,3.));
#13018=CARTESIAN_POINT('',(-19.5952968299389,42.2394618391991,2.5));
#13019=CARTESIAN_POINT('',(-19.5952968299389,42.2394618391991,3.));
#13020=CARTESIAN_POINT('',(-19.5952968299389,42.2394618391991,2.5));
#13021=CARTESIAN_POINT('Ctrl Pts',(-20.0383977591991,42.3788887262344,3.));
#13022=CARTESIAN_POINT('Ctrl Pts',(-20.0383977591991,42.3788887262344,2.5));
#13023=CARTESIAN_POINT('Ctrl Pts',(-19.8143176734447,42.3788887262344,3.));
#13024=CARTESIAN_POINT('Ctrl Pts',(-19.8143176734447,42.3788887262344,2.5));
#13025=CARTESIAN_POINT('Ctrl Pts',(-19.5952968299389,42.2394618391991,3.));
#13026=CARTESIAN_POINT('Ctrl Pts',(-19.5952968299389,42.2394618391991,2.5));
#13027=CARTESIAN_POINT('',(-20.0383977591991,42.3788887262344,3.));
#13028=CARTESIAN_POINT('Ctrl Pts',(-20.0383977591991,42.3788887262344,3.));
#13029=CARTESIAN_POINT('Ctrl Pts',(-19.8143176734447,42.3788887262344,3.));
#13030=CARTESIAN_POINT('Ctrl Pts',(-19.5952968299389,42.2394618391991,3.));
#13031=CARTESIAN_POINT('',(-20.0383977591991,42.3788887262344,2.5));
#13032=CARTESIAN_POINT('',(-20.0383977591991,42.3788887262344,3.));
#13033=CARTESIAN_POINT('Ctrl Pts',(-20.0383977591991,42.3788887262344,2.5));
#13034=CARTESIAN_POINT('Ctrl Pts',(-19.8143176734447,42.3788887262344,2.5));
#13035=CARTESIAN_POINT('Ctrl Pts',(-19.5952968299389,42.2394618391991,2.5));
#13036=CARTESIAN_POINT('Ctrl Pts',(-20.4341344535351,42.2730734944344,3.));
#13037=CARTESIAN_POINT('Ctrl Pts',(-20.4341344535351,42.2730734944344,2.5));
#13038=CARTESIAN_POINT('Ctrl Pts',(-20.2525167167187,42.3788887262344,3.));
#13039=CARTESIAN_POINT('Ctrl Pts',(-20.2525167167187,42.3788887262344,2.5));
#13040=CARTESIAN_POINT('Ctrl Pts',(-20.0383977591991,42.3788887262344,3.));
#13041=CARTESIAN_POINT('Ctrl Pts',(-20.0383977591991,42.3788887262344,2.5));
#13042=CARTESIAN_POINT('',(-20.4341344535351,42.2730734944344,3.));
#13043=CARTESIAN_POINT('Ctrl Pts',(-20.4341344535351,42.2730734944344,3.));
#13044=CARTESIAN_POINT('Ctrl Pts',(-20.2525167167187,42.3788887262344,3.));
#13045=CARTESIAN_POINT('Ctrl Pts',(-20.0383977591991,42.3788887262344,3.));
#13046=CARTESIAN_POINT('',(-20.4341344535351,42.2730734944344,2.5));
#13047=CARTESIAN_POINT('',(-20.4341344535351,42.2730734944344,3.));
#13048=CARTESIAN_POINT('Ctrl Pts',(-20.4341344535351,42.2730734944344,2.5));
#13049=CARTESIAN_POINT('Ctrl Pts',(-20.2525167167187,42.3788887262344,2.5));
#13050=CARTESIAN_POINT('Ctrl Pts',(-20.0383977591991,42.3788887262344,2.5));
#13051=CARTESIAN_POINT('Ctrl Pts',(-20.8483104407787,41.885914504528,3.));
#13052=CARTESIAN_POINT('Ctrl Pts',(-20.8483104407787,41.885914504528,2.5));
#13053=CARTESIAN_POINT('Ctrl Pts',(-20.6157498061657,42.1672585606575,3.));
#13054=CARTESIAN_POINT('Ctrl Pts',(-20.6157498061657,42.1672585606575,2.5));
#13055=CARTESIAN_POINT('Ctrl Pts',(-20.4341344535351,42.2730734944344,3.));
#13056=CARTESIAN_POINT('Ctrl Pts',(-20.4341344535351,42.2730734944344,2.5));
#13057=CARTESIAN_POINT('',(-20.8483104407787,41.885914504528,3.));
#13058=CARTESIAN_POINT('Ctrl Pts',(-20.8483104407787,41.885914504528,3.));
#13059=CARTESIAN_POINT('Ctrl Pts',(-20.6157498061657,42.1672585606575,3.));
#13060=CARTESIAN_POINT('Ctrl Pts',(-20.4341344535351,42.2730734944344,3.));
#13061=CARTESIAN_POINT('',(-20.8483104407787,41.885914504528,2.5));
#13062=CARTESIAN_POINT('',(-20.8483104407787,41.885914504528,3.));
#13063=CARTESIAN_POINT('Ctrl Pts',(-20.8483104407787,41.885914504528,2.5));
#13064=CARTESIAN_POINT('Ctrl Pts',(-20.6157498061657,42.1672585606575,2.5));
#13065=CARTESIAN_POINT('Ctrl Pts',(-20.4341344535351,42.2730734944344,2.5));
#13066=CARTESIAN_POINT('Origin',(-20.7010655105114,42.3191341757774,3.));
#13067=CARTESIAN_POINT('',(-20.7010655105114,42.3191341757774,3.));
#13068=CARTESIAN_POINT('',(-25.7003202220464,27.6104750817699,3.));
#13069=CARTESIAN_POINT('',(-20.7010655105114,42.3191341757774,2.5));
#13070=CARTESIAN_POINT('',(-20.7010655105114,42.3191341757774,3.));
#13071=CARTESIAN_POINT('',(-20.7010655105114,42.3191341757774,2.5));
#13072=CARTESIAN_POINT('Origin',(-21.6496662795544,42.3191341757774,3.));
#13073=CARTESIAN_POINT('',(-21.6496662795544,42.3191341757774,3.));
#13074=CARTESIAN_POINT('',(-1.18636376093563,42.3191341757774,3.));
#13075=CARTESIAN_POINT('',(-21.6496662795544,42.3191341757774,2.5));
#13076=CARTESIAN_POINT('',(-21.6496662795544,42.3191341757774,3.));
#13077=CARTESIAN_POINT('',(-21.6496662795544,42.3191341757774,2.5));
#13078=CARTESIAN_POINT('Origin',(-22.5482778251171,39.6750006079674,3.));
#13079=CARTESIAN_POINT('',(-22.5482778251171,39.6750006079674,3.));
#13080=CARTESIAN_POINT('',(-27.0489276598266,26.4319932554838,3.));
#13081=CARTESIAN_POINT('',(-22.5482778251171,39.6750006079674,2.5));
#13082=CARTESIAN_POINT('',(-22.5482778251171,39.6750006079674,3.));
#13083=CARTESIAN_POINT('',(-22.5482778251171,39.6750006079674,2.5));
#13084=CARTESIAN_POINT('Origin',(-21.5299634635448,39.6750006079674,3.));
#13085=CARTESIAN_POINT('',(-1.12651235293087,39.6750006079674,3.));
#13086=CARTESIAN_POINT('',(-21.5299634635448,39.6750006079674,2.5));
#13087=CARTESIAN_POINT('Origin',(-21.071787327528,41.0269446671009,2.5));
#13088=CARTESIAN_POINT('Ctrl Pts',(-34.2307357490063,41.6444072127342,3.));
#13089=CARTESIAN_POINT('Ctrl Pts',(-34.2307357490063,41.6444072127342,2.5));
#13090=CARTESIAN_POINT('Ctrl Pts',(-34.4249384105206,41.6444072127342,3.));
#13091=CARTESIAN_POINT('Ctrl Pts',(-34.4249384105206,41.6444072127342,2.5));
#13092=CARTESIAN_POINT('Ctrl Pts',(-34.5885042846203,41.5037351846695,3.));
#13093=CARTESIAN_POINT('Ctrl Pts',(-34.5885042846203,41.5037351846695,2.5));
#13094=CARTESIAN_POINT('',(-34.2307357490063,41.6444072127342,3.));
#13095=CARTESIAN_POINT('',(-34.5885042846203,41.5037351846695,3.));
#13096=CARTESIAN_POINT('Ctrl Pts',(-34.2307357490063,41.6444072127342,3.));
#13097=CARTESIAN_POINT('Ctrl Pts',(-34.4249384105206,41.6444072127342,3.));
#13098=CARTESIAN_POINT('Ctrl Pts',(-34.5885042846203,41.5037351846695,3.));
#13099=CARTESIAN_POINT('',(-34.2307357490063,41.6444072127342,2.5));
#13100=CARTESIAN_POINT('',(-34.2307357490063,41.6444072127342,3.));
#13101=CARTESIAN_POINT('',(-34.5885042846203,41.5037351846695,2.5));
#13102=CARTESIAN_POINT('Ctrl Pts',(-34.2307357490063,41.6444072127342,2.5));
#13103=CARTESIAN_POINT('Ctrl Pts',(-34.4249384105206,41.6444072127342,2.5));
#13104=CARTESIAN_POINT('Ctrl Pts',(-34.5885042846203,41.5037351846695,2.5));
#13105=CARTESIAN_POINT('',(-34.5885042846203,41.5037351846695,3.));
#13106=CARTESIAN_POINT('Ctrl Pts',(-33.954118937254,41.4912864565849,3.));
#13107=CARTESIAN_POINT('Ctrl Pts',(-33.954118937254,41.4912864565849,2.5));
#13108=CARTESIAN_POINT('Ctrl Pts',(-34.0365342795849,41.6444072127342,3.));
#13109=CARTESIAN_POINT('Ctrl Pts',(-34.0365342795849,41.6444072127342,2.5));
#13110=CARTESIAN_POINT('Ctrl Pts',(-34.2307357490063,41.6444072127342,3.));
#13111=CARTESIAN_POINT('Ctrl Pts',(-34.2307357490063,41.6444072127342,2.5));
#13112=CARTESIAN_POINT('',(-33.954118937254,41.4912864565849,3.));
#13113=CARTESIAN_POINT('Ctrl Pts',(-33.954118937254,41.4912864565849,3.));
#13114=CARTESIAN_POINT('Ctrl Pts',(-34.0365342795849,41.6444072127342,3.));
#13115=CARTESIAN_POINT('Ctrl Pts',(-34.2307357490063,41.6444072127342,3.));
#13116=CARTESIAN_POINT('',(-33.954118937254,41.4912864565849,2.5));
#13117=CARTESIAN_POINT('',(-33.954118937254,41.4912864565849,3.));
#13118=CARTESIAN_POINT('Ctrl Pts',(-33.954118937254,41.4912864565849,2.5));
#13119=CARTESIAN_POINT('Ctrl Pts',(-34.0365342795849,41.6444072127342,2.5));
#13120=CARTESIAN_POINT('Ctrl Pts',(-34.2307357490063,41.6444072127342,2.5));
#13121=CARTESIAN_POINT('Ctrl Pts',(-33.9698545634747,41.0493525862694,3.));
#13122=CARTESIAN_POINT('Ctrl Pts',(-33.9698545634747,41.0493525862694,2.5));
#13123=CARTESIAN_POINT('Ctrl Pts',(-33.871703594923,41.3381657004356,3.));
#13124=CARTESIAN_POINT('Ctrl Pts',(-33.871703594923,41.3381657004356,2.5));
#13125=CARTESIAN_POINT('Ctrl Pts',(-33.954118937254,41.4912864565849,3.));
#13126=CARTESIAN_POINT('Ctrl Pts',(-33.954118937254,41.4912864565849,2.5));
#13127=CARTESIAN_POINT('',(-33.9698545634747,41.0493525862694,3.));
#13128=CARTESIAN_POINT('Ctrl Pts',(-33.9698545634747,41.0493525862694,3.));
#13129=CARTESIAN_POINT('Ctrl Pts',(-33.871703594923,41.3381657004356,3.));
#13130=CARTESIAN_POINT('Ctrl Pts',(-33.954118937254,41.4912864565849,3.));
#13131=CARTESIAN_POINT('',(-33.9698545634747,41.0493525862694,2.5));
#13132=CARTESIAN_POINT('',(-33.9698545634747,41.0493525862694,3.));
#13133=CARTESIAN_POINT('Ctrl Pts',(-33.9698545634747,41.0493525862694,2.5));
#13134=CARTESIAN_POINT('Ctrl Pts',(-33.871703594923,41.3381657004356,2.5));
#13135=CARTESIAN_POINT('Ctrl Pts',(-33.954118937254,41.4912864565849,2.5));
#13136=CARTESIAN_POINT('Ctrl Pts',(-34.2448775470257,40.6173780560493,3.));
#13137=CARTESIAN_POINT('Ctrl Pts',(-34.2448775470257,40.6173780560493,2.5));
#13138=CARTESIAN_POINT('Ctrl Pts',(-34.0680067241192,40.7605394721031,3.));
#13139=CARTESIAN_POINT('Ctrl Pts',(-34.0680067241192,40.7605394721031,2.5));
#13140=CARTESIAN_POINT('Ctrl Pts',(-33.9698545634747,41.0493525862694,3.));
#13141=CARTESIAN_POINT('Ctrl Pts',(-33.9698545634747,41.0493525862694,2.5));
#13142=CARTESIAN_POINT('',(-34.2448775470257,40.6173780560493,3.));
#13143=CARTESIAN_POINT('Ctrl Pts',(-34.2448775470257,40.6173780560493,3.));
#13144=CARTESIAN_POINT('Ctrl Pts',(-34.0680067241192,40.7605394721031,3.));
#13145=CARTESIAN_POINT('Ctrl Pts',(-33.9698545634747,41.0493525862694,3.));
#13146=CARTESIAN_POINT('',(-34.2448775470257,40.6173780560493,2.5));
#13147=CARTESIAN_POINT('',(-34.2448775470257,40.6173780560493,3.));
#13148=CARTESIAN_POINT('Ctrl Pts',(-34.2448775470257,40.6173780560493,2.5));
#13149=CARTESIAN_POINT('Ctrl Pts',(-34.0680067241192,40.7605394721031,2.5));
#13150=CARTESIAN_POINT('Ctrl Pts',(-33.9698545634747,41.0493525862694,2.5));
#13151=CARTESIAN_POINT('Ctrl Pts',(-34.610970467329,40.4742160439491,3.));
#13152=CARTESIAN_POINT('Ctrl Pts',(-34.610970467329,40.4742160439491,2.5));
#13153=CARTESIAN_POINT('Ctrl Pts',(-34.4217483699322,40.4742160439491,3.));
#13154=CARTESIAN_POINT('Ctrl Pts',(-34.4217483699322,40.4742160439491,2.5));
#13155=CARTESIAN_POINT('Ctrl Pts',(-34.2448775470257,40.6173780560493,3.));
#13156=CARTESIAN_POINT('Ctrl Pts',(-34.2448775470257,40.6173780560493,2.5));
#13157=CARTESIAN_POINT('',(-34.610970467329,40.4742160439491,3.));
#13158=CARTESIAN_POINT('Ctrl Pts',(-34.610970467329,40.4742160439491,3.));
#13159=CARTESIAN_POINT('Ctrl Pts',(-34.4217483699322,40.4742160439491,3.));
#13160=CARTESIAN_POINT('Ctrl Pts',(-34.2448775470257,40.6173780560493,3.));
#13161=CARTESIAN_POINT('',(-34.610970467329,40.4742160439491,2.5));
#13162=CARTESIAN_POINT('',(-34.610970467329,40.4742160439491,3.));
#13163=CARTESIAN_POINT('Ctrl Pts',(-34.610970467329,40.4742160439491,2.5));
#13164=CARTESIAN_POINT('Ctrl Pts',(-34.4217483699322,40.4742160439491,2.5));
#13165=CARTESIAN_POINT('Ctrl Pts',(-34.2448775470257,40.6173780560493,2.5));
#13166=CARTESIAN_POINT('Ctrl Pts',(-34.8851947486401,40.6123980879784,3.));
#13167=CARTESIAN_POINT('Ctrl Pts',(-34.8851947486401,40.6123980879784,2.5));
#13168=CARTESIAN_POINT('Ctrl Pts',(-34.8101513087749,40.4742160439491,3.));
#13169=CARTESIAN_POINT('Ctrl Pts',(-34.8101513087749,40.4742160439491,2.5));
#13170=CARTESIAN_POINT('Ctrl Pts',(-34.610970467329,40.4742160439491,3.));
#13171=CARTESIAN_POINT('Ctrl Pts',(-34.610970467329,40.4742160439491,2.5));
#13172=CARTESIAN_POINT('',(-34.8851947486401,40.6123980879784,3.));
#13173=CARTESIAN_POINT('Ctrl Pts',(-34.8851947486401,40.6123980879784,3.));
#13174=CARTESIAN_POINT('Ctrl Pts',(-34.8101513087749,40.4742160439491,3.));
#13175=CARTESIAN_POINT('Ctrl Pts',(-34.610970467329,40.4742160439491,3.));
#13176=CARTESIAN_POINT('',(-34.8851947486401,40.6123980879784,2.5));
#13177=CARTESIAN_POINT('',(-34.8851947486401,40.6123980879784,3.));
#13178=CARTESIAN_POINT('Ctrl Pts',(-34.8851947486401,40.6123980879784,2.5));
#13179=CARTESIAN_POINT('Ctrl Pts',(-34.8101513087749,40.4742160439491,2.5));
#13180=CARTESIAN_POINT('Ctrl Pts',(-34.610970467329,40.4742160439491,2.5));
#13181=CARTESIAN_POINT('Ctrl Pts',(-34.8629431426525,41.0369038581848,3.));
#13182=CARTESIAN_POINT('Ctrl Pts',(-34.8629431426525,41.0369038581848,2.5));
#13183=CARTESIAN_POINT('Ctrl Pts',(-34.9602381885052,40.7505801320076,3.));
#13184=CARTESIAN_POINT('Ctrl Pts',(-34.9602381885052,40.7505801320076,2.5));
#13185=CARTESIAN_POINT('Ctrl Pts',(-34.8851947486401,40.6123980879784,3.));
#13186=CARTESIAN_POINT('Ctrl Pts',(-34.8851947486401,40.6123980879784,2.5));
#13187=CARTESIAN_POINT('',(-34.8629431426525,41.0369038581848,3.));
#13188=CARTESIAN_POINT('Ctrl Pts',(-34.8629431426525,41.0369038581848,3.));
#13189=CARTESIAN_POINT('Ctrl Pts',(-34.9602381885052,40.7505801320076,3.));
#13190=CARTESIAN_POINT('Ctrl Pts',(-34.8851947486401,40.6123980879784,3.));
#13191=CARTESIAN_POINT('',(-34.8629431426525,41.0369038581848,2.5));
#13192=CARTESIAN_POINT('',(-34.8629431426525,41.0369038581848,3.));
#13193=CARTESIAN_POINT('Ctrl Pts',(-34.8629431426525,41.0369038581848,2.5));
#13194=CARTESIAN_POINT('Ctrl Pts',(-34.9602381885052,40.7505801320076,2.5));
#13195=CARTESIAN_POINT('Ctrl Pts',(-34.8851947486401,40.6123980879784,2.5));
#13196=CARTESIAN_POINT('Ctrl Pts',(-34.5885042846203,41.5037351846695,3.));
#13197=CARTESIAN_POINT('Ctrl Pts',(-34.5885042846203,41.5037351846695,2.5));
#13198=CARTESIAN_POINT('Ctrl Pts',(-34.75207015872,41.3630631566048,3.));
#13199=CARTESIAN_POINT('Ctrl Pts',(-34.75207015872,41.3630631566048,2.5));
#13200=CARTESIAN_POINT('Ctrl Pts',(-34.8629431426525,41.0369038581848,3.));
#13201=CARTESIAN_POINT('Ctrl Pts',(-34.8629431426525,41.0369038581848,2.5));
#13202=CARTESIAN_POINT('Ctrl Pts',(-34.5885042846203,41.5037351846695,3.));
#13203=CARTESIAN_POINT('Ctrl Pts',(-34.75207015872,41.3630631566048,3.));
#13204=CARTESIAN_POINT('Ctrl Pts',(-34.8629431426525,41.0369038581848,3.));
#13205=CARTESIAN_POINT('Ctrl Pts',(-34.5885042846203,41.5037351846695,2.5));
#13206=CARTESIAN_POINT('Ctrl Pts',(-34.75207015872,41.3630631566048,2.5));
#13207=CARTESIAN_POINT('Ctrl Pts',(-34.8629431426525,41.0369038581848,2.5));
#13208=CARTESIAN_POINT('Ctrl Pts',(-34.3371348083019,42.3788887262344,3.));
#13209=CARTESIAN_POINT('Ctrl Pts',(-34.3371348083019,42.3788887262344,2.5));
#13210=CARTESIAN_POINT('Ctrl Pts',(-34.0284030139446,42.3788887262344,3.));
#13211=CARTESIAN_POINT('Ctrl Pts',(-34.0284030139446,42.3788887262344,2.5));
#13212=CARTESIAN_POINT('Ctrl Pts',(-33.8635151088238,42.2743183374405,3.));
#13213=CARTESIAN_POINT('Ctrl Pts',(-33.8635151088238,42.2743183374405,2.5));
#13214=CARTESIAN_POINT('',(-34.3371348083019,42.3788887262344,3.));
#13215=CARTESIAN_POINT('',(-33.8635151088238,42.2743183374405,3.));
#13216=CARTESIAN_POINT('Ctrl Pts',(-34.3371348083019,42.3788887262344,3.));
#13217=CARTESIAN_POINT('Ctrl Pts',(-34.0284030139446,42.3788887262344,3.));
#13218=CARTESIAN_POINT('Ctrl Pts',(-33.8635151088238,42.2743183374405,3.));
#13219=CARTESIAN_POINT('',(-34.3371348083019,42.3788887262344,2.5));
#13220=CARTESIAN_POINT('',(-34.3371348083019,42.3788887262344,3.));
#13221=CARTESIAN_POINT('',(-33.8635151088238,42.2743183374405,2.5));
#13222=CARTESIAN_POINT('Ctrl Pts',(-34.3371348083019,42.3788887262344,2.5));
#13223=CARTESIAN_POINT('Ctrl Pts',(-34.0284030139446,42.3788887262344,2.5));
#13224=CARTESIAN_POINT('Ctrl Pts',(-33.8635151088238,42.2743183374405,2.5));
#13225=CARTESIAN_POINT('',(-33.8635151088238,42.2743183374405,3.));
#13226=CARTESIAN_POINT('Ctrl Pts',(-35.2289192378521,42.0552188158035,3.));
#13227=CARTESIAN_POINT('Ctrl Pts',(-35.2289192378521,42.0552188158035,2.5));
#13228=CARTESIAN_POINT('Ctrl Pts',(-34.8201493918896,42.3788887262344,3.));
#13229=CARTESIAN_POINT('Ctrl Pts',(-34.8201493918896,42.3788887262344,2.5));
#13230=CARTESIAN_POINT('Ctrl Pts',(-34.3371348083019,42.3788887262344,3.));
#13231=CARTESIAN_POINT('Ctrl Pts',(-34.3371348083019,42.3788887262344,2.5));
#13232=CARTESIAN_POINT('',(-35.2289192378521,42.0552188158035,3.));
#13233=CARTESIAN_POINT('Ctrl Pts',(-35.2289192378521,42.0552188158035,3.));
#13234=CARTESIAN_POINT('Ctrl Pts',(-34.8201493918896,42.3788887262344,3.));
#13235=CARTESIAN_POINT('Ctrl Pts',(-34.3371348083019,42.3788887262344,3.));
#13236=CARTESIAN_POINT('',(-35.2289192378521,42.0552188158035,2.5));
#13237=CARTESIAN_POINT('',(-35.2289192378521,42.0552188158035,3.));
#13238=CARTESIAN_POINT('Ctrl Pts',(-35.2289192378521,42.0552188158035,2.5));
#13239=CARTESIAN_POINT('Ctrl Pts',(-34.8201493918896,42.3788887262344,2.5));
#13240=CARTESIAN_POINT('Ctrl Pts',(-34.3371348083019,42.3788887262344,2.5));
#13241=CARTESIAN_POINT('Ctrl Pts',(-35.8475290238857,41.1140865087509,3.));
#13242=CARTESIAN_POINT('Ctrl Pts',(-35.8475290238857,41.1140865087509,2.5));
#13243=CARTESIAN_POINT('Ctrl Pts',(-35.6376884877682,41.7315489053726,3.));
#13244=CARTESIAN_POINT('Ctrl Pts',(-35.6376884877682,41.7315489053726,2.5));
#13245=CARTESIAN_POINT('Ctrl Pts',(-35.2289192378521,42.0552188158035,3.));
#13246=CARTESIAN_POINT('Ctrl Pts',(-35.2289192378521,42.0552188158035,2.5));
#13247=CARTESIAN_POINT('',(-35.8475290238857,41.1140865087509,3.));
#13248=CARTESIAN_POINT('Ctrl Pts',(-35.8475290238857,41.1140865087509,3.));
#13249=CARTESIAN_POINT('Ctrl Pts',(-35.6376884877682,41.7315489053726,3.));
#13250=CARTESIAN_POINT('Ctrl Pts',(-35.2289192378521,42.0552188158035,3.));
#13251=CARTESIAN_POINT('',(-35.8475290238857,41.1140865087509,2.5));
#13252=CARTESIAN_POINT('',(-35.8475290238857,41.1140865087509,3.));
#13253=CARTESIAN_POINT('Ctrl Pts',(-35.8475290238857,41.1140865087509,2.5));
#13254=CARTESIAN_POINT('Ctrl Pts',(-35.6376884877682,41.7315489053726,2.5));
#13255=CARTESIAN_POINT('Ctrl Pts',(-35.2289192378521,42.0552188158035,2.5));
#13256=CARTESIAN_POINT('Ctrl Pts',(-35.9112904965878,40.2451577782631,3.));
#13257=CARTESIAN_POINT('Ctrl Pts',(-35.9112904965878,40.2451577782631,2.5));
#13258=CARTESIAN_POINT('Ctrl Pts',(-36.0311494767666,40.5738070607185,3.));
#13259=CARTESIAN_POINT('Ctrl Pts',(-36.0311494767666,40.5738070607185,2.5));
#13260=CARTESIAN_POINT('Ctrl Pts',(-35.8475290238857,41.1140865087509,3.));
#13261=CARTESIAN_POINT('Ctrl Pts',(-35.8475290238857,41.1140865087509,2.5));
#13262=CARTESIAN_POINT('',(-35.9112904965878,40.2451577782631,3.));
#13263=CARTESIAN_POINT('Ctrl Pts',(-35.9112904965878,40.2451577782631,3.));
#13264=CARTESIAN_POINT('Ctrl Pts',(-36.0311494767666,40.5738070607185,3.));
#13265=CARTESIAN_POINT('Ctrl Pts',(-35.8475290238857,41.1140865087509,3.));
#13266=CARTESIAN_POINT('',(-35.9112904965878,40.2451577782631,2.5));
#13267=CARTESIAN_POINT('',(-35.9112904965878,40.2451577782631,3.));
#13268=CARTESIAN_POINT('Ctrl Pts',(-35.9112904965878,40.2451577782631,2.5));
#13269=CARTESIAN_POINT('Ctrl Pts',(-36.0311494767666,40.5738070607185,2.5));
#13270=CARTESIAN_POINT('Ctrl Pts',(-35.8475290238857,41.1140865087509,2.5));
#13271=CARTESIAN_POINT('Ctrl Pts',(-35.2122108638287,39.7820606827736,3.));
#13272=CARTESIAN_POINT('Ctrl Pts',(-35.2122108638287,39.7820606827736,2.5));
#13273=CARTESIAN_POINT('Ctrl Pts',(-35.7425312697887,39.7820606827736,3.));
#13274=CARTESIAN_POINT('Ctrl Pts',(-35.7425312697887,39.7820606827736,2.5));
#13275=CARTESIAN_POINT('Ctrl Pts',(-35.9112904965878,40.2451577782631,3.));
#13276=CARTESIAN_POINT('Ctrl Pts',(-35.9112904965878,40.2451577782631,2.5));
#13277=CARTESIAN_POINT('',(-35.2122108638287,39.7820606827736,3.));
#13278=CARTESIAN_POINT('Ctrl Pts',(-35.2122108638287,39.7820606827736,3.));
#13279=CARTESIAN_POINT('Ctrl Pts',(-35.7425312697887,39.7820606827736,3.));
#13280=CARTESIAN_POINT('Ctrl Pts',(-35.9112904965878,40.2451577782631,3.));
#13281=CARTESIAN_POINT('',(-35.2122108638287,39.7820606827736,2.5));
#13282=CARTESIAN_POINT('',(-35.2122108638287,39.7820606827736,3.));
#13283=CARTESIAN_POINT('Ctrl Pts',(-35.2122108638287,39.7820606827736,2.5));
#13284=CARTESIAN_POINT('Ctrl Pts',(-35.7425312697887,39.7820606827736,2.5));
#13285=CARTESIAN_POINT('Ctrl Pts',(-35.9112904965878,40.2451577782631,2.5));
#13286=CARTESIAN_POINT('Ctrl Pts',(-34.6644620597363,39.9065491557121,3.));
#13287=CARTESIAN_POINT('Ctrl Pts',(-34.6644620597363,39.9065491557121,2.5));
#13288=CARTESIAN_POINT('Ctrl Pts',(-34.9408261477947,39.7820606827736,3.));
#13289=CARTESIAN_POINT('Ctrl Pts',(-34.9408261477947,39.7820606827736,2.5));
#13290=CARTESIAN_POINT('Ctrl Pts',(-35.2122108638287,39.7820606827736,3.));
#13291=CARTESIAN_POINT('Ctrl Pts',(-35.2122108638287,39.7820606827736,2.5));
#13292=CARTESIAN_POINT('',(-34.6644620597363,39.9065491557121,3.));
#13293=CARTESIAN_POINT('Ctrl Pts',(-34.6644620597363,39.9065491557121,3.));
#13294=CARTESIAN_POINT('Ctrl Pts',(-34.9408261477947,39.7820606827736,3.));
#13295=CARTESIAN_POINT('Ctrl Pts',(-35.2122108638287,39.7820606827736,3.));
#13296=CARTESIAN_POINT('',(-34.6644620597363,39.9065491557121,2.5));
#13297=CARTESIAN_POINT('',(-34.6644620597363,39.9065491557121,3.));
#13298=CARTESIAN_POINT('Ctrl Pts',(-34.6644620597363,39.9065491557121,2.5));
#13299=CARTESIAN_POINT('Ctrl Pts',(-34.9408261477947,39.7820606827736,2.5));
#13300=CARTESIAN_POINT('Ctrl Pts',(-35.2122108638287,39.7820606827736,2.5));
#13301=CARTESIAN_POINT('Ctrl Pts',(-34.2785470187664,40.162995159626,3.));
#13302=CARTESIAN_POINT('Ctrl Pts',(-34.2785470187664,40.162995159626,2.5));
#13303=CARTESIAN_POINT('Ctrl Pts',(-34.4879989326,39.9862214922905,3.));
#13304=CARTESIAN_POINT('Ctrl Pts',(-34.4879989326,39.9862214922905,2.5));
#13305=CARTESIAN_POINT('Ctrl Pts',(-34.6644620597363,39.9065491557121,3.));
#13306=CARTESIAN_POINT('Ctrl Pts',(-34.6644620597363,39.9065491557121,2.5));
#13307=CARTESIAN_POINT('',(-34.2785470187664,40.162995159626,3.));
#13308=CARTESIAN_POINT('Ctrl Pts',(-34.2785470187664,40.162995159626,3.));
#13309=CARTESIAN_POINT('Ctrl Pts',(-34.4879989326,39.9862214922905,3.));
#13310=CARTESIAN_POINT('Ctrl Pts',(-34.6644620597363,39.9065491557121,3.));
#13311=CARTESIAN_POINT('',(-34.2785470187664,40.162995159626,2.5));
#13312=CARTESIAN_POINT('',(-34.2785470187664,40.162995159626,3.));
#13313=CARTESIAN_POINT('Ctrl Pts',(-34.2785470187664,40.162995159626,2.5));
#13314=CARTESIAN_POINT('Ctrl Pts',(-34.4879989326,39.9862214922905,2.5));
#13315=CARTESIAN_POINT('Ctrl Pts',(-34.6644620597363,39.9065491557121,2.5));
#13316=CARTESIAN_POINT('Origin',(-34.4147841632366,39.762142598629,3.));
#13317=CARTESIAN_POINT('',(-34.4147841632366,39.762142598629,3.));
#13318=CARTESIAN_POINT('',(-38.3143954842467,28.2882586516443,3.));
#13319=CARTESIAN_POINT('',(-34.4147841632366,39.762142598629,2.5));
#13320=CARTESIAN_POINT('',(-34.4147841632366,39.762142598629,3.));
#13321=CARTESIAN_POINT('',(-34.4147841632366,39.762142598629,2.5));
#13322=CARTESIAN_POINT('Ctrl Pts',(-34.6618549525738,39.3538203835487,3.));
#13323=CARTESIAN_POINT('Ctrl Pts',(-34.6618549525738,39.3538203835487,2.5));
#13324=CARTESIAN_POINT('Ctrl Pts',(-34.5137910544872,39.4708397984505,3.));
#13325=CARTESIAN_POINT('Ctrl Pts',(-34.5137910544872,39.4708397984505,2.5));
#13326=CARTESIAN_POINT('Ctrl Pts',(-34.4147841632366,39.762142598629,3.));
#13327=CARTESIAN_POINT('Ctrl Pts',(-34.4147841632366,39.762142598629,2.5));
#13328=CARTESIAN_POINT('',(-34.6618549525738,39.3538203835487,3.));
#13329=CARTESIAN_POINT('Ctrl Pts',(-34.6618549525738,39.3538203835487,3.));
#13330=CARTESIAN_POINT('Ctrl Pts',(-34.5137910544872,39.4708397984505,3.));
#13331=CARTESIAN_POINT('Ctrl Pts',(-34.4147841632366,39.762142598629,3.));
#13332=CARTESIAN_POINT('',(-34.6618549525738,39.3538203835487,2.5));
#13333=CARTESIAN_POINT('',(-34.6618549525738,39.3538203835487,3.));
#13334=CARTESIAN_POINT('Ctrl Pts',(-34.6618549525738,39.3538203835487,2.5));
#13335=CARTESIAN_POINT('Ctrl Pts',(-34.5137910544872,39.4708397984505,2.5));
#13336=CARTESIAN_POINT('Ctrl Pts',(-34.4147841632366,39.762142598629,2.5));
#13337=CARTESIAN_POINT('Ctrl Pts',(-35.0290183722973,39.2368015646935,3.));
#13338=CARTESIAN_POINT('Ctrl Pts',(-35.0290183722973,39.2368015646935,2.5));
#13339=CARTESIAN_POINT('Ctrl Pts',(-34.8099188506603,39.2368015646935,3.));
#13340=CARTESIAN_POINT('Ctrl Pts',(-34.8099188506603,39.2368015646935,2.5));
#13341=CARTESIAN_POINT('Ctrl Pts',(-34.6618549525738,39.3538203835487,3.));
#13342=CARTESIAN_POINT('Ctrl Pts',(-34.6618549525738,39.3538203835487,2.5));
#13343=CARTESIAN_POINT('',(-35.0290183722973,39.2368015646935,3.));
#13344=CARTESIAN_POINT('Ctrl Pts',(-35.0290183722973,39.2368015646935,3.));
#13345=CARTESIAN_POINT('Ctrl Pts',(-34.8099188506603,39.2368015646935,3.));
#13346=CARTESIAN_POINT('Ctrl Pts',(-34.6618549525738,39.3538203835487,3.));
#13347=CARTESIAN_POINT('',(-35.0290183722973,39.2368015646935,2.5));
#13348=CARTESIAN_POINT('',(-35.0290183722973,39.2368015646935,3.));
#13349=CARTESIAN_POINT('Ctrl Pts',(-35.0290183722973,39.2368015646935,2.5));
#13350=CARTESIAN_POINT('Ctrl Pts',(-34.8099188506603,39.2368015646935,2.5));
#13351=CARTESIAN_POINT('Ctrl Pts',(-34.6618549525738,39.3538203835487,2.5));
#13352=CARTESIAN_POINT('Ctrl Pts',(-35.2841417491436,39.3139842152596,3.));
#13353=CARTESIAN_POINT('Ctrl Pts',(-35.2841417491436,39.3139842152596,2.5));
#13354=CARTESIAN_POINT('Ctrl Pts',(-35.1983217895031,39.2368015646935,3.));
#13355=CARTESIAN_POINT('Ctrl Pts',(-35.1983217895031,39.2368015646935,2.5));
#13356=CARTESIAN_POINT('Ctrl Pts',(-35.0290183722973,39.2368015646935,3.));
#13357=CARTESIAN_POINT('Ctrl Pts',(-35.0290183722973,39.2368015646935,2.5));
#13358=CARTESIAN_POINT('',(-35.2841417491436,39.3139842152596,3.));
#13359=CARTESIAN_POINT('Ctrl Pts',(-35.2841417491436,39.3139842152596,3.));
#13360=CARTESIAN_POINT('Ctrl Pts',(-35.1983217895031,39.2368015646935,3.));
#13361=CARTESIAN_POINT('Ctrl Pts',(-35.0290183722973,39.2368015646935,3.));
#13362=CARTESIAN_POINT('',(-35.2841417491436,39.3139842152596,2.5));
#13363=CARTESIAN_POINT('',(-35.2841417491436,39.3139842152596,3.));
#13364=CARTESIAN_POINT('Ctrl Pts',(-35.2841417491436,39.3139842152596,2.5));
#13365=CARTESIAN_POINT('Ctrl Pts',(-35.1983217895031,39.2368015646935,2.5));
#13366=CARTESIAN_POINT('Ctrl Pts',(-35.0290183722973,39.2368015646935,2.5));
#13367=CARTESIAN_POINT('Ctrl Pts',(-35.3343646228313,39.5032069087029,3.));
#13368=CARTESIAN_POINT('Ctrl Pts',(-35.3343646228313,39.5032069087029,2.5));
#13369=CARTESIAN_POINT('Ctrl Pts',(-35.3435449302197,39.3662694096565,3.));
#13370=CARTESIAN_POINT('Ctrl Pts',(-35.3435449302197,39.3662694096565,2.5));
#13371=CARTESIAN_POINT('Ctrl Pts',(-35.2841417491436,39.3139842152596,3.));
#13372=CARTESIAN_POINT('Ctrl Pts',(-35.2841417491436,39.3139842152596,2.5));
#13373=CARTESIAN_POINT('',(-35.3343646228313,39.5032069087029,3.));
#13374=CARTESIAN_POINT('Ctrl Pts',(-35.3343646228313,39.5032069087029,3.));
#13375=CARTESIAN_POINT('Ctrl Pts',(-35.3435449302197,39.3662694096565,3.));
#13376=CARTESIAN_POINT('Ctrl Pts',(-35.2841417491436,39.3139842152596,3.));
#13377=CARTESIAN_POINT('',(-35.3343646228313,39.5032069087029,2.5));
#13378=CARTESIAN_POINT('',(-35.3343646228313,39.5032069087029,3.));
#13379=CARTESIAN_POINT('Ctrl Pts',(-35.3343646228313,39.5032069087029,2.5));
#13380=CARTESIAN_POINT('Ctrl Pts',(-35.3435449302197,39.3662694096565,2.5));
#13381=CARTESIAN_POINT('Ctrl Pts',(-35.2841417491436,39.3139842152596,2.5));
#13382=CARTESIAN_POINT('Origin',(-36.2797372043133,39.6152463555336,3.));
#13383=CARTESIAN_POINT('',(-36.2797372043133,39.6152463555336,3.));
#13384=CARTESIAN_POINT('',(-6.33251836849898,36.0660955781498,3.));
#13385=CARTESIAN_POINT('',(-36.2797372043133,39.6152463555336,2.5));
#13386=CARTESIAN_POINT('',(-36.2797372043133,39.6152463555336,3.));
#13387=CARTESIAN_POINT('',(-36.2797372043133,39.6152463555336,2.5));
#13388=CARTESIAN_POINT('Ctrl Pts',(-36.3304273784161,39.4807985424995,3.));
#13389=CARTESIAN_POINT('Ctrl Pts',(-36.3304273784161,39.4807985424995,2.5));
#13390=CARTESIAN_POINT('Ctrl Pts',(-36.3135050237179,39.5305940508842,3.));
#13391=CARTESIAN_POINT('Ctrl Pts',(-36.3135050237179,39.5305940508842,2.5));
#13392=CARTESIAN_POINT('Ctrl Pts',(-36.2797372043133,39.6152463555336,3.));
#13393=CARTESIAN_POINT('Ctrl Pts',(-36.2797372043133,39.6152463555336,2.5));
#13394=CARTESIAN_POINT('',(-36.3304273784161,39.4807985424995,3.));
#13395=CARTESIAN_POINT('Ctrl Pts',(-36.3304273784161,39.4807985424995,3.));
#13396=CARTESIAN_POINT('Ctrl Pts',(-36.3135050237179,39.5305940508842,3.));
#13397=CARTESIAN_POINT('Ctrl Pts',(-36.2797372043133,39.6152463555336,3.));
#13398=CARTESIAN_POINT('',(-36.3304273784161,39.4807985424995,2.5));
#13399=CARTESIAN_POINT('',(-36.3304273784161,39.4807985424995,3.));
#13400=CARTESIAN_POINT('Ctrl Pts',(-36.3304273784161,39.4807985424995,2.5));
#13401=CARTESIAN_POINT('Ctrl Pts',(-36.3135050237179,39.5305940508842,2.5));
#13402=CARTESIAN_POINT('Ctrl Pts',(-36.2797372043133,39.6152463555336,2.5));
#13403=CARTESIAN_POINT('Ctrl Pts',(-36.2503270804882,38.840928375721,3.));
#13404=CARTESIAN_POINT('Ctrl Pts',(-36.2503270804882,38.840928375721,2.5));
#13405=CARTESIAN_POINT('Ctrl Pts',(-36.4666257798672,39.0799459815025,3.));
#13406=CARTESIAN_POINT('Ctrl Pts',(-36.4666257798672,39.0799459815025,2.5));
#13407=CARTESIAN_POINT('Ctrl Pts',(-36.3304273784161,39.4807985424995,3.));
#13408=CARTESIAN_POINT('Ctrl Pts',(-36.3304273784161,39.4807985424995,2.5));
#13409=CARTESIAN_POINT('',(-36.2503270804882,38.840928375721,3.));
#13410=CARTESIAN_POINT('Ctrl Pts',(-36.2503270804882,38.840928375721,3.));
#13411=CARTESIAN_POINT('Ctrl Pts',(-36.4666257798672,39.0799459815025,3.));
#13412=CARTESIAN_POINT('Ctrl Pts',(-36.3304273784161,39.4807985424995,3.));
#13413=CARTESIAN_POINT('',(-36.2503270804882,38.840928375721,2.5));
#13414=CARTESIAN_POINT('',(-36.2503270804882,38.840928375721,3.));
#13415=CARTESIAN_POINT('Ctrl Pts',(-36.2503270804882,38.840928375721,2.5));
#13416=CARTESIAN_POINT('Ctrl Pts',(-36.4666257798672,39.0799459815025,2.5));
#13417=CARTESIAN_POINT('Ctrl Pts',(-36.3304273784161,39.4807985424995,2.5));
#13418=CARTESIAN_POINT('Ctrl Pts',(-35.2373032271862,38.6019107699394,3.));
#13419=CARTESIAN_POINT('Ctrl Pts',(-35.2373032271862,38.6019107699394,2.5));
#13420=CARTESIAN_POINT('Ctrl Pts',(-36.0340283811092,38.6019107699394,3.));
#13421=CARTESIAN_POINT('Ctrl Pts',(-36.0340283811092,38.6019107699394,2.5));
#13422=CARTESIAN_POINT('Ctrl Pts',(-36.2503270804882,38.840928375721,3.));
#13423=CARTESIAN_POINT('Ctrl Pts',(-36.2503270804882,38.840928375721,2.5));
#13424=CARTESIAN_POINT('',(-35.2373032271862,38.6019107699394,3.));
#13425=CARTESIAN_POINT('Ctrl Pts',(-35.2373032271862,38.6019107699394,3.));
#13426=CARTESIAN_POINT('Ctrl Pts',(-36.0340283811092,38.6019107699394,3.));
#13427=CARTESIAN_POINT('Ctrl Pts',(-36.2503270804882,38.840928375721,3.));
#13428=CARTESIAN_POINT('',(-35.2373032271862,38.6019107699394,2.5));
#13429=CARTESIAN_POINT('',(-35.2373032271862,38.6019107699394,3.));
#13430=CARTESIAN_POINT('Ctrl Pts',(-35.2373032271862,38.6019107699394,2.5));
#13431=CARTESIAN_POINT('Ctrl Pts',(-36.0340283811092,38.6019107699394,2.5));
#13432=CARTESIAN_POINT('Ctrl Pts',(-36.2503270804882,38.840928375721,2.5));
#13433=CARTESIAN_POINT('Ctrl Pts',(-34.597452133894,38.6641547083855,3.));
#13434=CARTESIAN_POINT('Ctrl Pts',(-34.597452133894,38.6641547083855,2.5));
#13435=CARTESIAN_POINT('Ctrl Pts',(-34.8887352645397,38.6019107699394,3.));
#13436=CARTESIAN_POINT('Ctrl Pts',(-34.8887352645397,38.6019107699394,2.5));
#13437=CARTESIAN_POINT('Ctrl Pts',(-35.2373032271862,38.6019107699394,3.));
#13438=CARTESIAN_POINT('Ctrl Pts',(-35.2373032271862,38.6019107699394,2.5));
#13439=CARTESIAN_POINT('',(-34.597452133894,38.6641547083855,3.));
#13440=CARTESIAN_POINT('Ctrl Pts',(-34.597452133894,38.6641547083855,3.));
#13441=CARTESIAN_POINT('Ctrl Pts',(-34.8887352645397,38.6019107699394,3.));
#13442=CARTESIAN_POINT('Ctrl Pts',(-35.2373032271862,38.6019107699394,3.));
#13443=CARTESIAN_POINT('',(-34.597452133894,38.6641547083855,2.5));
#13444=CARTESIAN_POINT('',(-34.597452133894,38.6641547083855,3.));
#13445=CARTESIAN_POINT('Ctrl Pts',(-34.597452133894,38.6641547083855,2.5));
#13446=CARTESIAN_POINT('Ctrl Pts',(-34.8887352645397,38.6019107699394,2.5));
#13447=CARTESIAN_POINT('Ctrl Pts',(-35.2373032271862,38.6019107699394,2.5));
#13448=CARTESIAN_POINT('Ctrl Pts',(-34.0832559764385,38.8658258318901,3.));
#13449=CARTESIAN_POINT('Ctrl Pts',(-34.0832559764385,38.8658258318901,2.5));
#13450=CARTESIAN_POINT('Ctrl Pts',(-34.3061678111553,38.7263986468315,3.));
#13451=CARTESIAN_POINT('Ctrl Pts',(-34.3061678111553,38.7263986468315,2.5));
#13452=CARTESIAN_POINT('Ctrl Pts',(-34.597452133894,38.6641547083855,3.));
#13453=CARTESIAN_POINT('Ctrl Pts',(-34.597452133894,38.6641547083855,2.5));
#13454=CARTESIAN_POINT('',(-34.0832559764385,38.8658258318901,3.));
#13455=CARTESIAN_POINT('Ctrl Pts',(-34.0832559764385,38.8658258318901,3.));
#13456=CARTESIAN_POINT('Ctrl Pts',(-34.3061678111553,38.7263986468315,3.));
#13457=CARTESIAN_POINT('Ctrl Pts',(-34.597452133894,38.6641547083855,3.));
#13458=CARTESIAN_POINT('',(-34.0832559764385,38.8658258318901,2.5));
#13459=CARTESIAN_POINT('',(-34.0832559764385,38.8658258318901,3.));
#13460=CARTESIAN_POINT('Ctrl Pts',(-34.0832559764385,38.8658258318901,2.5));
#13461=CARTESIAN_POINT('Ctrl Pts',(-34.3061678111553,38.7263986468315,2.5));
#13462=CARTESIAN_POINT('Ctrl Pts',(-34.597452133894,38.6641547083855,2.5));
#13463=CARTESIAN_POINT('Ctrl Pts',(-33.6779491603374,39.2305770516396,3.));
#13464=CARTESIAN_POINT('Ctrl Pts',(-33.6779491603374,39.2305770516396,2.5));
#13465=CARTESIAN_POINT('Ctrl Pts',(-33.8603441417217,39.0052530169487,3.));
#13466=CARTESIAN_POINT('Ctrl Pts',(-33.8603441417217,39.0052530169487,2.5));
#13467=CARTESIAN_POINT('Ctrl Pts',(-34.0832559764385,38.8658258318901,3.));
#13468=CARTESIAN_POINT('Ctrl Pts',(-34.0832559764385,38.8658258318901,2.5));
#13469=CARTESIAN_POINT('',(-33.6779491603374,39.2305770516396,3.));
#13470=CARTESIAN_POINT('Ctrl Pts',(-33.6779491603374,39.2305770516396,3.));
#13471=CARTESIAN_POINT('Ctrl Pts',(-33.8603441417217,39.0052530169487,3.));
#13472=CARTESIAN_POINT('Ctrl Pts',(-34.0832559764385,38.8658258318901,3.));
#13473=CARTESIAN_POINT('',(-33.6779491603374,39.2305770516396,2.5));
#13474=CARTESIAN_POINT('',(-33.6779491603374,39.2305770516396,3.));
#13475=CARTESIAN_POINT('Ctrl Pts',(-33.6779491603374,39.2305770516396,2.5));
#13476=CARTESIAN_POINT('Ctrl Pts',(-33.8603441417217,39.0052530169487,2.5));
#13477=CARTESIAN_POINT('Ctrl Pts',(-34.0832559764385,38.8658258318901,2.5));
#13478=CARTESIAN_POINT('Ctrl Pts',(-33.4109406173229,39.7048780322075,3.));
#13479=CARTESIAN_POINT('Ctrl Pts',(-33.4109406173229,39.7048780322075,2.5));
#13480=CARTESIAN_POINT('Ctrl Pts',(-33.4955541789532,39.4559010863304,3.));
#13481=CARTESIAN_POINT('Ctrl Pts',(-33.4955541789532,39.4559010863304,2.5));
#13482=CARTESIAN_POINT('Ctrl Pts',(-33.6779491603374,39.2305770516396,3.));
#13483=CARTESIAN_POINT('Ctrl Pts',(-33.6779491603374,39.2305770516396,2.5));
#13484=CARTESIAN_POINT('',(-33.4109406173229,39.7048780322075,3.));
#13485=CARTESIAN_POINT('Ctrl Pts',(-33.4109406173229,39.7048780322075,3.));
#13486=CARTESIAN_POINT('Ctrl Pts',(-33.4955541789532,39.4559010863304,3.));
#13487=CARTESIAN_POINT('Ctrl Pts',(-33.6779491603374,39.2305770516396,3.));
#13488=CARTESIAN_POINT('',(-33.4109406173229,39.7048780322075,2.5));
#13489=CARTESIAN_POINT('',(-33.4109406173229,39.7048780322075,3.));
#13490=CARTESIAN_POINT('Ctrl Pts',(-33.4109406173229,39.7048780322075,2.5));
#13491=CARTESIAN_POINT('Ctrl Pts',(-33.4955541789532,39.4559010863304,2.5));
#13492=CARTESIAN_POINT('Ctrl Pts',(-33.6779491603374,39.2305770516396,2.5));
#13493=CARTESIAN_POINT('Origin',(-33.3736722171307,39.8218968510628,3.));
#13494=CARTESIAN_POINT('',(-33.3736722171307,39.8218968510628,3.));
#13495=CARTESIAN_POINT('',(-37.2972014227328,27.5024318078834,3.));
#13496=CARTESIAN_POINT('',(-33.3736722171307,39.8218968510628,2.5));
#13497=CARTESIAN_POINT('',(-33.3736722171307,39.8218968510628,3.));
#13498=CARTESIAN_POINT('',(-33.3736722171307,39.8218968510628,2.5));
#13499=CARTESIAN_POINT('Origin',(-32.5249724090099,42.3191341757774,3.));
#13500=CARTESIAN_POINT('',(-32.5249724090099,42.3191341757774,3.));
#13501=CARTESIAN_POINT('',(-36.9119238823879,29.4108492248363,3.));
#13502=CARTESIAN_POINT('',(-32.5249724090099,42.3191341757774,2.5));
#13503=CARTESIAN_POINT('',(-32.5249724090099,42.3191341757774,3.));
#13504=CARTESIAN_POINT('',(-32.5249724090099,42.3191341757774,2.5));
#13505=CARTESIAN_POINT('Origin',(-33.4735743701458,42.3191341757774,3.));
#13506=CARTESIAN_POINT('',(-33.4735743701458,42.3191341757774,3.));
#13507=CARTESIAN_POINT('',(-7.09831780623134,42.3191341757774,3.));
#13508=CARTESIAN_POINT('',(-33.4735743701458,42.3191341757774,2.5));
#13509=CARTESIAN_POINT('',(-33.4735743701458,42.3191341757774,3.));
#13510=CARTESIAN_POINT('',(-33.4735743701458,42.3191341757774,2.5));
#13511=CARTESIAN_POINT('Origin',(-33.6064271628857,41.9282406568527,3.));
#13512=CARTESIAN_POINT('',(-33.6064271628857,41.9282406568527,3.));
#13513=CARTESIAN_POINT('',(-37.8778712201027,29.3603467949224,3.));
#13514=CARTESIAN_POINT('',(-33.6064271628857,41.9282406568527,2.5));
#13515=CARTESIAN_POINT('',(-33.6064271628857,41.9282406568527,3.));
#13516=CARTESIAN_POINT('',(-33.6064271628857,41.9282406568527,2.5));
#13517=CARTESIAN_POINT('Ctrl Pts',(-33.8635151088238,42.2743183374405,3.));
#13518=CARTESIAN_POINT('Ctrl Pts',(-33.8635151088238,42.2743183374405,2.5));
#13519=CARTESIAN_POINT('Ctrl Pts',(-33.69862601161,42.1697482466698,3.));
#13520=CARTESIAN_POINT('Ctrl Pts',(-33.69862601161,42.1697482466698,2.5));
#13521=CARTESIAN_POINT('Ctrl Pts',(-33.6064271628857,41.9282406568527,3.));
#13522=CARTESIAN_POINT('Ctrl Pts',(-33.6064271628857,41.9282406568527,2.5));
#13523=CARTESIAN_POINT('Ctrl Pts',(-33.8635151088238,42.2743183374405,3.));
#13524=CARTESIAN_POINT('Ctrl Pts',(-33.69862601161,42.1697482466698,3.));
#13525=CARTESIAN_POINT('Ctrl Pts',(-33.6064271628857,41.9282406568527,3.));
#13526=CARTESIAN_POINT('Ctrl Pts',(-33.8635151088238,42.2743183374405,2.5));
#13527=CARTESIAN_POINT('Ctrl Pts',(-33.69862601161,42.1697482466698,2.5));
#13528=CARTESIAN_POINT('Ctrl Pts',(-33.6064271628857,41.9282406568527,2.5));
#13529=CARTESIAN_POINT('Origin',(-34.4957990944386,40.4903997480869,2.5));
#13530=CARTESIAN_POINT('Ctrl Pts',(-18.5397486388683,41.5871426463127,3.));
#13531=CARTESIAN_POINT('Ctrl Pts',(-18.5397486388683,41.5871426463127,2.5));
#13532=CARTESIAN_POINT('Ctrl Pts',(-18.6724857985973,41.4676335453987,3.));
#13533=CARTESIAN_POINT('Ctrl Pts',(-18.6724857985973,41.4676335453987,2.5));
#13534=CARTESIAN_POINT('Ctrl Pts',(-18.7777571380138,41.2311056256294,3.));
#13535=CARTESIAN_POINT('Ctrl Pts',(-18.7777571380138,41.2311056256294,2.5));
#13536=CARTESIAN_POINT('',(-18.5397486388683,41.5871426463127,3.));
#13537=CARTESIAN_POINT('',(-18.7777571380138,41.2311056256294,3.));
#13538=CARTESIAN_POINT('Ctrl Pts',(-18.5397486388683,41.5871426463127,3.));
#13539=CARTESIAN_POINT('Ctrl Pts',(-18.6724857985973,41.4676335453987,3.));
#13540=CARTESIAN_POINT('Ctrl Pts',(-18.7777571380138,41.2311056256294,3.));
#13541=CARTESIAN_POINT('',(-18.5397486388683,41.5871426463127,2.5));
#13542=CARTESIAN_POINT('',(-18.5397486388683,41.5871426463127,3.));
#13543=CARTESIAN_POINT('',(-18.7777571380138,41.2311056256294,2.5));
#13544=CARTESIAN_POINT('Ctrl Pts',(-18.5397486388683,41.5871426463127,2.5));
#13545=CARTESIAN_POINT('Ctrl Pts',(-18.6724857985973,41.4676335453987,2.5));
#13546=CARTESIAN_POINT('Ctrl Pts',(-18.7777571380138,41.2311056256294,2.5));
#13547=CARTESIAN_POINT('',(-18.7777571380138,41.2311056256294,3.));
#13548=CARTESIAN_POINT('Ctrl Pts',(-18.0886749923229,41.7788547277451,3.));
#13549=CARTESIAN_POINT('Ctrl Pts',(-18.0886749923229,41.7788547277451,2.5));
#13550=CARTESIAN_POINT('Ctrl Pts',(-18.3301810920238,41.7788547277451,3.));
#13551=CARTESIAN_POINT('Ctrl Pts',(-18.3301810920238,41.7788547277451,2.5));
#13552=CARTESIAN_POINT('Ctrl Pts',(-18.5397486388683,41.5871426463127,3.));
#13553=CARTESIAN_POINT('Ctrl Pts',(-18.5397486388683,41.5871426463127,2.5));
#13554=CARTESIAN_POINT('',(-18.0886749923229,41.7788547277451,3.));
#13555=CARTESIAN_POINT('Ctrl Pts',(-18.0886749923229,41.7788547277451,3.));
#13556=CARTESIAN_POINT('Ctrl Pts',(-18.3301810920238,41.7788547277451,3.));
#13557=CARTESIAN_POINT('Ctrl Pts',(-18.5397486388683,41.5871426463127,3.));
#13558=CARTESIAN_POINT('',(-18.0886749923229,41.7788547277451,2.5));
#13559=CARTESIAN_POINT('',(-18.0886749923229,41.7788547277451,3.));
#13560=CARTESIAN_POINT('Ctrl Pts',(-18.0886749923229,41.7788547277451,2.5));
#13561=CARTESIAN_POINT('Ctrl Pts',(-18.3301810920238,41.7788547277451,2.5));
#13562=CARTESIAN_POINT('Ctrl Pts',(-18.5397486388683,41.5871426463127,2.5));
#13563=CARTESIAN_POINT('Ctrl Pts',(-17.794473618269,41.6518765687943,3.));
#13564=CARTESIAN_POINT('Ctrl Pts',(-17.794473618269,41.6518765687943,2.5));
#13565=CARTESIAN_POINT('Ctrl Pts',(-17.879534214735,41.7788547277451,3.));
#13566=CARTESIAN_POINT('Ctrl Pts',(-17.879534214735,41.7788547277451,2.5));
#13567=CARTESIAN_POINT('Ctrl Pts',(-18.0886749923229,41.7788547277451,3.));
#13568=CARTESIAN_POINT('Ctrl Pts',(-18.0886749923229,41.7788547277451,2.5));
#13569=CARTESIAN_POINT('',(-17.794473618269,41.6518765687943,3.));
#13570=CARTESIAN_POINT('Ctrl Pts',(-17.794473618269,41.6518765687943,3.));
#13571=CARTESIAN_POINT('Ctrl Pts',(-17.879534214735,41.7788547277451,3.));
#13572=CARTESIAN_POINT('Ctrl Pts',(-18.0886749923229,41.7788547277451,3.));
#13573=CARTESIAN_POINT('',(-17.794473618269,41.6518765687943,2.5));
#13574=CARTESIAN_POINT('',(-17.794473618269,41.6518765687943,3.));
#13575=CARTESIAN_POINT('Ctrl Pts',(-17.794473618269,41.6518765687943,2.5));
#13576=CARTESIAN_POINT('Ctrl Pts',(-17.879534214735,41.7788547277451,2.5));
#13577=CARTESIAN_POINT('Ctrl Pts',(-18.0886749923229,41.7788547277451,2.5));
#13578=CARTESIAN_POINT('Ctrl Pts',(-17.7793602645397,41.2311056256294,3.));
#13579=CARTESIAN_POINT('Ctrl Pts',(-17.7793602645397,41.2311056256294,2.5));
#13580=CARTESIAN_POINT('Ctrl Pts',(-17.7094130218029,41.5248981118202,3.));
#13581=CARTESIAN_POINT('Ctrl Pts',(-17.7094130218029,41.5248981118202,2.5));
#13582=CARTESIAN_POINT('Ctrl Pts',(-17.794473618269,41.6518765687943,3.));
#13583=CARTESIAN_POINT('Ctrl Pts',(-17.794473618269,41.6518765687943,2.5));
#13584=CARTESIAN_POINT('',(-17.7793602645397,41.2311056256294,3.));
#13585=CARTESIAN_POINT('Ctrl Pts',(-17.7793602645397,41.2311056256294,3.));
#13586=CARTESIAN_POINT('Ctrl Pts',(-17.7094130218029,41.5248981118202,3.));
#13587=CARTESIAN_POINT('Ctrl Pts',(-17.794473618269,41.6518765687943,3.));
#13588=CARTESIAN_POINT('',(-17.7793602645397,41.2311056256294,2.5));
#13589=CARTESIAN_POINT('',(-17.7793602645397,41.2311056256294,3.));
#13590=CARTESIAN_POINT('Ctrl Pts',(-17.7793602645397,41.2311056256294,2.5));
#13591=CARTESIAN_POINT('Ctrl Pts',(-17.7094130218029,41.5248981118202,2.5));
#13592=CARTESIAN_POINT('Ctrl Pts',(-17.794473618269,41.6518765687943,2.5));
#13593=CARTESIAN_POINT('Origin',(-18.7777571380138,41.2311056256294,3.));
#13594=CARTESIAN_POINT('',(0.249590809834435,41.2311056256296,3.));
#13595=CARTESIAN_POINT('',(-18.7777571380138,41.2311056256294,2.5));
#13596=CARTESIAN_POINT('Ctrl Pts',(-17.0891480147839,42.2070947289467,3.));
#13597=CARTESIAN_POINT('Ctrl Pts',(-17.0891480147839,42.2070947289467,2.5));
#13598=CARTESIAN_POINT('Ctrl Pts',(-16.8188910186291,42.0353007316589,3.));
#13599=CARTESIAN_POINT('Ctrl Pts',(-16.8188910186291,42.0353007316589,2.5));
#13600=CARTESIAN_POINT('Ctrl Pts',(-16.7579321563244,41.7091411352158,3.));
#13601=CARTESIAN_POINT('Ctrl Pts',(-16.7579321563244,41.7091411352158,2.5));
#13602=CARTESIAN_POINT('',(-17.0891480147839,42.2070947289467,3.));
#13603=CARTESIAN_POINT('',(-16.7579321563244,41.7091411352158,3.));
#13604=CARTESIAN_POINT('Ctrl Pts',(-17.0891480147839,42.2070947289467,3.));
#13605=CARTESIAN_POINT('Ctrl Pts',(-16.8188910186291,42.0353007316589,3.));
#13606=CARTESIAN_POINT('Ctrl Pts',(-16.7579321563244,41.7091411352158,3.));
#13607=CARTESIAN_POINT('',(-17.0891480147839,42.2070947289467,2.5));
#13608=CARTESIAN_POINT('',(-17.0891480147839,42.2070947289467,3.));
#13609=CARTESIAN_POINT('',(-16.7579321563244,41.7091411352158,2.5));
#13610=CARTESIAN_POINT('Ctrl Pts',(-17.0891480147839,42.2070947289467,2.5));
#13611=CARTESIAN_POINT('Ctrl Pts',(-16.8188910186291,42.0353007316589,2.5));
#13612=CARTESIAN_POINT('Ctrl Pts',(-16.7579321563244,41.7091411352158,2.5));
#13613=CARTESIAN_POINT('',(-16.7579321563244,41.7091411352158,3.));
#13614=CARTESIAN_POINT('Ctrl Pts',(-17.9270724952221,42.3788887262344,3.));
#13615=CARTESIAN_POINT('Ctrl Pts',(-17.9270724952221,42.3788887262344,2.5));
#13616=CARTESIAN_POINT('Ctrl Pts',(-17.3594050109386,42.3788887262344,3.));
#13617=CARTESIAN_POINT('Ctrl Pts',(-17.3594050109386,42.3788887262344,2.5));
#13618=CARTESIAN_POINT('Ctrl Pts',(-17.0891480147839,42.2070947289467,3.));
#13619=CARTESIAN_POINT('Ctrl Pts',(-17.0891480147839,42.2070947289467,2.5));
#13620=CARTESIAN_POINT('',(-17.9270724952221,42.3788887262344,3.));
#13621=CARTESIAN_POINT('Ctrl Pts',(-17.9270724952221,42.3788887262344,3.));
#13622=CARTESIAN_POINT('Ctrl Pts',(-17.3594050109386,42.3788887262344,3.));
#13623=CARTESIAN_POINT('Ctrl Pts',(-17.0891480147839,42.2070947289467,3.));
#13624=CARTESIAN_POINT('',(-17.9270724952221,42.3788887262344,2.5));
#13625=CARTESIAN_POINT('',(-17.9270724952221,42.3788887262344,3.));
#13626=CARTESIAN_POINT('Ctrl Pts',(-17.9270724952221,42.3788887262344,2.5));
#13627=CARTESIAN_POINT('Ctrl Pts',(-17.3594050109386,42.3788887262344,2.5));
#13628=CARTESIAN_POINT('Ctrl Pts',(-17.0891480147839,42.2070947289467,2.5));
#13629=CARTESIAN_POINT('Ctrl Pts',(-19.154119938612,41.9954645633698,3.));
#13630=CARTESIAN_POINT('Ctrl Pts',(-19.154119938612,41.9954645633698,2.5));
#13631=CARTESIAN_POINT('Ctrl Pts',(-18.6266975104809,42.3788887262344,3.));
#13632=CARTESIAN_POINT('Ctrl Pts',(-18.6266975104809,42.3788887262344,2.5));
#13633=CARTESIAN_POINT('Ctrl Pts',(-17.9270724952221,42.3788887262344,3.));
#13634=CARTESIAN_POINT('Ctrl Pts',(-17.9270724952221,42.3788887262344,2.5));
#13635=CARTESIAN_POINT('',(-19.154119938612,41.9954645633698,3.));
#13636=CARTESIAN_POINT('Ctrl Pts',(-19.154119938612,41.9954645633698,3.));
#13637=CARTESIAN_POINT('Ctrl Pts',(-18.6266975104809,42.3788887262344,3.));
#13638=CARTESIAN_POINT('Ctrl Pts',(-17.9270724952221,42.3788887262344,3.));
#13639=CARTESIAN_POINT('',(-19.154119938612,41.9954645633698,2.5));
#13640=CARTESIAN_POINT('',(-19.154119938612,41.9954645633698,3.));
#13641=CARTESIAN_POINT('Ctrl Pts',(-19.154119938612,41.9954645633698,2.5));
#13642=CARTESIAN_POINT('Ctrl Pts',(-18.6266975104809,42.3788887262344,2.5));
#13643=CARTESIAN_POINT('Ctrl Pts',(-17.9270724952221,42.3788887262344,2.5));
#13644=CARTESIAN_POINT('Ctrl Pts',(-19.8922376334667,40.9920880198479,3.));
#13645=CARTESIAN_POINT('Ctrl Pts',(-19.8922376334667,40.9920880198479,2.5));
#13646=CARTESIAN_POINT('Ctrl Pts',(-19.6815423667431,41.6120401024818,3.));
#13647=CARTESIAN_POINT('Ctrl Pts',(-19.6815423667431,41.6120401024818,2.5));
#13648=CARTESIAN_POINT('Ctrl Pts',(-19.154119938612,41.9954645633698,3.));
#13649=CARTESIAN_POINT('Ctrl Pts',(-19.154119938612,41.9954645633698,2.5));
#13650=CARTESIAN_POINT('',(-19.8922376334667,40.9920880198479,3.));
#13651=CARTESIAN_POINT('Ctrl Pts',(-19.8922376334667,40.9920880198479,3.));
#13652=CARTESIAN_POINT('Ctrl Pts',(-19.6815423667431,41.6120401024818,3.));
#13653=CARTESIAN_POINT('Ctrl Pts',(-19.154119938612,41.9954645633698,3.));
#13654=CARTESIAN_POINT('',(-19.8922376334667,40.9920880198479,2.5));
#13655=CARTESIAN_POINT('',(-19.8922376334667,40.9920880198479,3.));
#13656=CARTESIAN_POINT('Ctrl Pts',(-19.8922376334667,40.9920880198479,2.5));
#13657=CARTESIAN_POINT('Ctrl Pts',(-19.6815423667431,41.6120401024818,2.5));
#13658=CARTESIAN_POINT('Ctrl Pts',(-19.154119938612,41.9954645633698,2.5));
#13659=CARTESIAN_POINT('Ctrl Pts',(-19.9519543349743,40.2339532971382,3.));
#13660=CARTESIAN_POINT('Ctrl Pts',(-19.9519543349743,40.2339532971382,2.5));
#13661=CARTESIAN_POINT('Ctrl Pts',(-20.0403027236462,40.5563786625862,3.));
#13662=CARTESIAN_POINT('Ctrl Pts',(-20.0403027236462,40.5563786625862,2.5));
#13663=CARTESIAN_POINT('Ctrl Pts',(-19.8922376334667,40.9920880198479,3.));
#13664=CARTESIAN_POINT('Ctrl Pts',(-19.8922376334667,40.9920880198479,2.5));
#13665=CARTESIAN_POINT('',(-19.9519543349743,40.2339532971382,3.));
#13666=CARTESIAN_POINT('Ctrl Pts',(-19.9519543349743,40.2339532971382,3.));
#13667=CARTESIAN_POINT('Ctrl Pts',(-20.0403027236462,40.5563786625862,3.));
#13668=CARTESIAN_POINT('Ctrl Pts',(-19.8922376334667,40.9920880198479,3.));
#13669=CARTESIAN_POINT('',(-19.9519543349743,40.2339532971382,2.5));
#13670=CARTESIAN_POINT('',(-19.9519543349743,40.2339532971382,3.));
#13671=CARTESIAN_POINT('Ctrl Pts',(-19.9519543349743,40.2339532971382,2.5));
#13672=CARTESIAN_POINT('Ctrl Pts',(-20.0403027236462,40.5563786625862,2.5));
#13673=CARTESIAN_POINT('Ctrl Pts',(-19.8922376334667,40.9920880198479,2.5));
#13674=CARTESIAN_POINT('Ctrl Pts',(-19.6126846969128,39.7633871436119,3.));
#13675=CARTESIAN_POINT('Ctrl Pts',(-19.6126846969128,39.7633871436119,2.5));
#13676=CARTESIAN_POINT('Ctrl Pts',(-19.8636059463024,39.9115285277367,3.));
#13677=CARTESIAN_POINT('Ctrl Pts',(-19.8636059463024,39.9115285277367,2.5));
#13678=CARTESIAN_POINT('Ctrl Pts',(-19.9519543349743,40.2339532971382,3.));
#13679=CARTESIAN_POINT('Ctrl Pts',(-19.9519543349743,40.2339532971382,2.5));
#13680=CARTESIAN_POINT('',(-19.6126846969128,39.7633871436119,3.));
#13681=CARTESIAN_POINT('Ctrl Pts',(-19.6126846969128,39.7633871436119,3.));
#13682=CARTESIAN_POINT('Ctrl Pts',(-19.8636059463024,39.9115285277367,3.));
#13683=CARTESIAN_POINT('Ctrl Pts',(-19.9519543349743,40.2339532971382,3.));
#13684=CARTESIAN_POINT('',(-19.6126846969128,39.7633871436119,2.5));
#13685=CARTESIAN_POINT('',(-19.6126846969128,39.7633871436119,3.));
#13686=CARTESIAN_POINT('Ctrl Pts',(-19.6126846969128,39.7633871436119,2.5));
#13687=CARTESIAN_POINT('Ctrl Pts',(-19.8636059463024,39.9115285277367,2.5));
#13688=CARTESIAN_POINT('Ctrl Pts',(-19.9519543349743,40.2339532971382,2.5));
#13689=CARTESIAN_POINT('Ctrl Pts',(-18.8364224135876,39.6152463555336,3.));
#13690=CARTESIAN_POINT('Ctrl Pts',(-18.8364224135876,39.6152463555336,2.5));
#13691=CARTESIAN_POINT('Ctrl Pts',(-19.3617634475231,39.6152463555336,3.));
#13692=CARTESIAN_POINT('Ctrl Pts',(-19.3617634475231,39.6152463555336,2.5));
#13693=CARTESIAN_POINT('Ctrl Pts',(-19.6126846969128,39.7633871436119,3.));
#13694=CARTESIAN_POINT('Ctrl Pts',(-19.6126846969128,39.7633871436119,2.5));
#13695=CARTESIAN_POINT('',(-18.8364224135876,39.6152463555336,3.));
#13696=CARTESIAN_POINT('Ctrl Pts',(-18.8364224135876,39.6152463555336,3.));
#13697=CARTESIAN_POINT('Ctrl Pts',(-19.3617634475231,39.6152463555336,3.));
#13698=CARTESIAN_POINT('Ctrl Pts',(-19.6126846969128,39.7633871436119,3.));
#13699=CARTESIAN_POINT('',(-18.8364224135876,39.6152463555336,2.5));
#13700=CARTESIAN_POINT('',(-18.8364224135876,39.6152463555336,3.));
#13701=CARTESIAN_POINT('Ctrl Pts',(-18.8364224135876,39.6152463555336,2.5));
#13702=CARTESIAN_POINT('Ctrl Pts',(-19.3617634475231,39.6152463555336,2.5));
#13703=CARTESIAN_POINT('Ctrl Pts',(-19.6126846969128,39.7633871436119,2.5));
#13704=CARTESIAN_POINT('Ctrl Pts',(-17.8489355742931,39.7882851958275,3.));
#13705=CARTESIAN_POINT('Ctrl Pts',(-17.8489355742931,39.7882851958275,2.5));
#13706=CARTESIAN_POINT('Ctrl Pts',(-18.2314066588879,39.6152463555336,3.));
#13707=CARTESIAN_POINT('Ctrl Pts',(-18.2314066588879,39.6152463555336,2.5));
#13708=CARTESIAN_POINT('Ctrl Pts',(-18.8364224135876,39.6152463555336,3.));
#13709=CARTESIAN_POINT('Ctrl Pts',(-18.8364224135876,39.6152463555336,2.5));
#13710=CARTESIAN_POINT('',(-17.8489355742931,39.7882851958275,3.));
#13711=CARTESIAN_POINT('Ctrl Pts',(-17.8489355742931,39.7882851958275,3.));
#13712=CARTESIAN_POINT('Ctrl Pts',(-18.2314066588879,39.6152463555336,3.));
#13713=CARTESIAN_POINT('Ctrl Pts',(-18.8364224135876,39.6152463555336,3.));
#13714=CARTESIAN_POINT('',(-17.8489355742931,39.7882851958275,2.5));
#13715=CARTESIAN_POINT('',(-17.8489355742931,39.7882851958275,3.));
#13716=CARTESIAN_POINT('Ctrl Pts',(-17.8489355742931,39.7882851958275,2.5));
#13717=CARTESIAN_POINT('Ctrl Pts',(-18.2314066588879,39.6152463555336,2.5));
#13718=CARTESIAN_POINT('Ctrl Pts',(-18.8364224135876,39.6152463555336,2.5));
#13719=CARTESIAN_POINT('Ctrl Pts',(-17.1020250022411,40.3596869111061,3.));
#13720=CARTESIAN_POINT('Ctrl Pts',(-17.1020250022411,40.3596869111061,2.5));
#13721=CARTESIAN_POINT('Ctrl Pts',(-17.4664644896984,39.9613240361214,3.));
#13722=CARTESIAN_POINT('Ctrl Pts',(-17.4664644896984,39.9613240361214,2.5));
#13723=CARTESIAN_POINT('Ctrl Pts',(-17.8489355742931,39.7882851958275,3.));
#13724=CARTESIAN_POINT('Ctrl Pts',(-17.8489355742931,39.7882851958275,2.5));
#13725=CARTESIAN_POINT('',(-17.1020250022411,40.3596869111061,3.));
#13726=CARTESIAN_POINT('Ctrl Pts',(-17.1020250022411,40.3596869111061,3.));
#13727=CARTESIAN_POINT('Ctrl Pts',(-17.4664644896984,39.9613240361214,3.));
#13728=CARTESIAN_POINT('Ctrl Pts',(-17.8489355742931,39.7882851958275,3.));
#13729=CARTESIAN_POINT('',(-17.1020250022411,40.3596869111061,2.5));
#13730=CARTESIAN_POINT('',(-17.1020250022411,40.3596869111061,3.));
#13731=CARTESIAN_POINT('Ctrl Pts',(-17.1020250022411,40.3596869111061,2.5));
#13732=CARTESIAN_POINT('Ctrl Pts',(-17.4664644896984,39.9613240361214,2.5));
#13733=CARTESIAN_POINT('Ctrl Pts',(-17.8489355742931,39.7882851958275,2.5));
#13734=CARTESIAN_POINT('Origin',(-18.0691055953503,40.4518082737923,3.));
#13735=CARTESIAN_POINT('',(-18.0691055953503,40.4518082737923,3.));
#13736=CARTESIAN_POINT('',(2.53812743583472,38.4888215263064,3.));
#13737=CARTESIAN_POINT('',(-18.0691055953503,40.4518082737923,2.5));
#13738=CARTESIAN_POINT('',(-18.0691055953503,40.4518082737923,3.));
#13739=CARTESIAN_POINT('',(-18.0691055953503,40.4518082737923,2.5));
#13740=CARTESIAN_POINT('Ctrl Pts',(-18.3025602996349,40.2849939465523,3.));
#13741=CARTESIAN_POINT('Ctrl Pts',(-18.3025602996349,40.2849939465523,2.5));
#13742=CARTESIAN_POINT('Ctrl Pts',(-18.2043318450451,40.3322991728783,3.));
#13743=CARTESIAN_POINT('Ctrl Pts',(-18.2043318450451,40.3322991728783,2.5));
#13744=CARTESIAN_POINT('Ctrl Pts',(-18.0691055953503,40.4518082737923,3.));
#13745=CARTESIAN_POINT('Ctrl Pts',(-18.0691055953503,40.4518082737923,2.5));
#13746=CARTESIAN_POINT('',(-18.3025602996349,40.2849939465523,3.));
#13747=CARTESIAN_POINT('Ctrl Pts',(-18.3025602996349,40.2849939465523,3.));
#13748=CARTESIAN_POINT('Ctrl Pts',(-18.2043318450451,40.3322991728783,3.));
#13749=CARTESIAN_POINT('Ctrl Pts',(-18.0691055953503,40.4518082737923,3.));
#13750=CARTESIAN_POINT('',(-18.3025602996349,40.2849939465523,2.5));
#13751=CARTESIAN_POINT('',(-18.3025602996349,40.2849939465523,3.));
#13752=CARTESIAN_POINT('Ctrl Pts',(-18.3025602996349,40.2849939465523,2.5));
#13753=CARTESIAN_POINT('Ctrl Pts',(-18.2043318450451,40.3322991728783,2.5));
#13754=CARTESIAN_POINT('Ctrl Pts',(-18.0691055953503,40.4518082737923,2.5));
#13755=CARTESIAN_POINT('Ctrl Pts',(-18.6117987334728,40.2103009819984,3.));
#13756=CARTESIAN_POINT('Ctrl Pts',(-18.6117987334728,40.2103009819984,2.5));
#13757=CARTESIAN_POINT('Ctrl Pts',(-18.4624104201794,40.2103009819984,3.));
#13758=CARTESIAN_POINT('Ctrl Pts',(-18.4624104201794,40.2103009819984,2.5));
#13759=CARTESIAN_POINT('Ctrl Pts',(-18.3025602996349,40.2849939465523,3.));
#13760=CARTESIAN_POINT('Ctrl Pts',(-18.3025602996349,40.2849939465523,2.5));
#13761=CARTESIAN_POINT('',(-18.6117987334728,40.2103009819984,3.));
#13762=CARTESIAN_POINT('Ctrl Pts',(-18.6117987334728,40.2103009819984,3.));
#13763=CARTESIAN_POINT('Ctrl Pts',(-18.4624104201794,40.2103009819984,3.));
#13764=CARTESIAN_POINT('Ctrl Pts',(-18.3025602996349,40.2849939465523,3.));
#13765=CARTESIAN_POINT('',(-18.6117987334728,40.2103009819984,2.5));
#13766=CARTESIAN_POINT('',(-18.6117987334728,40.2103009819984,3.));
#13767=CARTESIAN_POINT('Ctrl Pts',(-18.6117987334728,40.2103009819984,2.5));
#13768=CARTESIAN_POINT('Ctrl Pts',(-18.4624104201794,40.2103009819984,2.5));
#13769=CARTESIAN_POINT('Ctrl Pts',(-18.3025602996349,40.2849939465523,2.5));
#13770=CARTESIAN_POINT('Ctrl Pts',(-18.9368300139904,40.382094681263,3.));
#13771=CARTESIAN_POINT('Ctrl Pts',(-18.9368300139904,40.382094681263,2.5));
#13772=CARTESIAN_POINT('Ctrl Pts',(-18.8483242690563,40.2103009819984,3.));
#13773=CARTESIAN_POINT('Ctrl Pts',(-18.8483242690563,40.2103009819984,2.5));
#13774=CARTESIAN_POINT('Ctrl Pts',(-18.6117987334728,40.2103009819984,3.));
#13775=CARTESIAN_POINT('Ctrl Pts',(-18.6117987334728,40.2103009819984,2.5));
#13776=CARTESIAN_POINT('',(-18.9368300139904,40.382094681263,3.));
#13777=CARTESIAN_POINT('Ctrl Pts',(-18.9368300139904,40.382094681263,3.));
#13778=CARTESIAN_POINT('Ctrl Pts',(-18.8483242690563,40.2103009819984,3.));
#13779=CARTESIAN_POINT('Ctrl Pts',(-18.6117987334728,40.2103009819984,3.));
#13780=CARTESIAN_POINT('',(-18.9368300139904,40.382094681263,2.5));
#13781=CARTESIAN_POINT('',(-18.9368300139904,40.382094681263,3.));
#13782=CARTESIAN_POINT('Ctrl Pts',(-18.9368300139904,40.382094681263,2.5));
#13783=CARTESIAN_POINT('Ctrl Pts',(-18.8483242690563,40.2103009819984,2.5));
#13784=CARTESIAN_POINT('Ctrl Pts',(-18.6117987334728,40.2103009819984,2.5));
#13785=CARTESIAN_POINT('Ctrl Pts',(-18.9452318847179,40.7456007599831,3.));
#13786=CARTESIAN_POINT('Ctrl Pts',(-18.9452318847179,40.7456007599831,2.5));
#13787=CARTESIAN_POINT('Ctrl Pts',(-19.0007857978344,40.501603782177,3.));
#13788=CARTESIAN_POINT('Ctrl Pts',(-19.0007857978344,40.501603782177,2.5));
#13789=CARTESIAN_POINT('Ctrl Pts',(-18.9368300139904,40.382094681263,3.));
#13790=CARTESIAN_POINT('Ctrl Pts',(-18.9368300139904,40.382094681263,2.5));
#13791=CARTESIAN_POINT('',(-18.9452318847179,40.7456007599831,3.));
#13792=CARTESIAN_POINT('Ctrl Pts',(-18.9452318847179,40.7456007599831,3.));
#13793=CARTESIAN_POINT('Ctrl Pts',(-19.0007857978344,40.501603782177,3.));
#13794=CARTESIAN_POINT('Ctrl Pts',(-18.9368300139904,40.382094681263,3.));
#13795=CARTESIAN_POINT('',(-18.9452318847179,40.7456007599831,2.5));
#13796=CARTESIAN_POINT('',(-18.9452318847179,40.7456007599831,3.));
#13797=CARTESIAN_POINT('Ctrl Pts',(-18.9452318847179,40.7456007599831,2.5));
#13798=CARTESIAN_POINT('Ctrl Pts',(-19.0007857978344,40.501603782177,2.5));
#13799=CARTESIAN_POINT('Ctrl Pts',(-18.9368300139904,40.382094681263,2.5));
#13800=CARTESIAN_POINT('Origin',(-16.9135813415051,40.7456007599831,3.));
#13801=CARTESIAN_POINT('',(-16.9135813415051,40.7456007599831,3.));
#13802=CARTESIAN_POINT('',(1.18167870808903,40.7456007599831,3.));
#13803=CARTESIAN_POINT('',(-16.9135813415051,40.7456007599831,2.5));
#13804=CARTESIAN_POINT('',(-16.9135813415051,40.7456007599831,3.));
#13805=CARTESIAN_POINT('',(-16.9135813415051,40.7456007599831,2.5));
#13806=CARTESIAN_POINT('Origin',(-16.874678581953,40.8601304888725,3.));
#13807=CARTESIAN_POINT('',(-16.874678581953,40.8601304888725,3.));
#13808=CARTESIAN_POINT('',(-21.8485018082587,26.2171943009794,3.));
#13809=CARTESIAN_POINT('',(-16.874678581953,40.8601304888725,2.5));
#13810=CARTESIAN_POINT('',(-16.874678581953,40.8601304888725,3.));
#13811=CARTESIAN_POINT('',(-16.874678581953,40.8601304888725,2.5));
#13812=CARTESIAN_POINT('Ctrl Pts',(-16.7579321563244,41.7091411352158,3.));
#13813=CARTESIAN_POINT('Ctrl Pts',(-16.7579321563244,41.7091411352158,2.5));
#13814=CARTESIAN_POINT('Ctrl Pts',(-16.6969709098339,41.3829815387726,3.));
#13815=CARTESIAN_POINT('Ctrl Pts',(-16.6969709098339,41.3829815387726,2.5));
#13816=CARTESIAN_POINT('Ctrl Pts',(-16.874678581953,40.8601304888725,3.));
#13817=CARTESIAN_POINT('Ctrl Pts',(-16.874678581953,40.8601304888725,2.5));
#13818=CARTESIAN_POINT('Ctrl Pts',(-16.7579321563244,41.7091411352158,3.));
#13819=CARTESIAN_POINT('Ctrl Pts',(-16.6969709098339,41.3829815387726,3.));
#13820=CARTESIAN_POINT('Ctrl Pts',(-16.874678581953,40.8601304888725,3.));
#13821=CARTESIAN_POINT('Ctrl Pts',(-16.7579321563244,41.7091411352158,2.5));
#13822=CARTESIAN_POINT('Ctrl Pts',(-16.6969709098339,41.3829815387726,2.5));
#13823=CARTESIAN_POINT('Ctrl Pts',(-16.874678581953,40.8601304888725,2.5));
#13824=CARTESIAN_POINT('Origin',(-18.36863681674,40.997067540884,2.5));
#13825=CARTESIAN_POINT('Origin',(19.2769387576831,-4.08445855570937,3.));
#13826=CARTESIAN_POINT('Origin',(19.2769387576831,-4.08445855570937,3.));
#13827=CARTESIAN_POINT('Origin',(19.2769387576831,-4.08445855570937,3.));
#13828=CARTESIAN_POINT('Origin',(19.2769387576831,-4.08445855570937,3.));
#13829=CARTESIAN_POINT('Ctrl Pts',(-42.517696171999,39.7658774256706,3.));
#13830=CARTESIAN_POINT('Ctrl Pts',(-42.517696171999,39.7658774256706,2.5));
#13831=CARTESIAN_POINT('Ctrl Pts',(-42.9183153808117,39.6127566695213,3.));
#13832=CARTESIAN_POINT('Ctrl Pts',(-42.9183153808117,39.6127566695213,2.5));
#13833=CARTESIAN_POINT('Ctrl Pts',(-43.4486357867718,39.6127566695213,3.));
#13834=CARTESIAN_POINT('Ctrl Pts',(-43.4486357867718,39.6127566695213,2.5));
#13835=CARTESIAN_POINT('',(-42.517696171999,39.7658774256706,3.));
#13836=CARTESIAN_POINT('',(-43.4486357867718,39.6127566695213,3.));
#13837=CARTESIAN_POINT('Ctrl Pts',(-42.517696171999,39.7658774256706,3.));
#13838=CARTESIAN_POINT('Ctrl Pts',(-42.9183153808117,39.6127566695213,3.));
#13839=CARTESIAN_POINT('Ctrl Pts',(-43.4486357867718,39.6127566695213,3.));
#13840=CARTESIAN_POINT('',(-42.517696171999,39.7658774256706,2.5));
#13841=CARTESIAN_POINT('',(-42.517696171999,39.7658774256706,3.));
#13842=CARTESIAN_POINT('',(-43.4486357867718,39.6127566695213,2.5));
#13843=CARTESIAN_POINT('Ctrl Pts',(-42.517696171999,39.7658774256706,2.5));
#13844=CARTESIAN_POINT('Ctrl Pts',(-42.9183153808117,39.6127566695213,2.5));
#13845=CARTESIAN_POINT('Ctrl Pts',(-43.4486357867718,39.6127566695213,2.5));
#13846=CARTESIAN_POINT('',(-43.4486357867718,39.6127566695213,3.));
#13847=CARTESIAN_POINT('Ctrl Pts',(-41.822194904089,40.215280354023,3.));
#13848=CARTESIAN_POINT('Ctrl Pts',(-41.822194904089,40.215280354023,2.5));
#13849=CARTESIAN_POINT('Ctrl Pts',(-42.1170769631863,39.9189981818199,3.));
#13850=CARTESIAN_POINT('Ctrl Pts',(-42.1170769631863,39.9189981818199,2.5));
#13851=CARTESIAN_POINT('Ctrl Pts',(-42.517696171999,39.7658774256706,3.));
#13852=CARTESIAN_POINT('Ctrl Pts',(-42.517696171999,39.7658774256706,2.5));
#13853=CARTESIAN_POINT('',(-41.822194904089,40.215280354023,3.));
#13854=CARTESIAN_POINT('Ctrl Pts',(-41.822194904089,40.215280354023,3.));
#13855=CARTESIAN_POINT('Ctrl Pts',(-42.1170769631863,39.9189981818199,3.));
#13856=CARTESIAN_POINT('Ctrl Pts',(-42.517696171999,39.7658774256706,3.));
#13857=CARTESIAN_POINT('',(-41.822194904089,40.215280354023,2.5));
#13858=CARTESIAN_POINT('',(-41.822194904089,40.215280354023,3.));
#13859=CARTESIAN_POINT('Ctrl Pts',(-41.822194904089,40.215280354023,2.5));
#13860=CARTESIAN_POINT('Ctrl Pts',(-42.1170769631863,39.9189981818199,2.5));
#13861=CARTESIAN_POINT('Ctrl Pts',(-42.517696171999,39.7658774256706,2.5));
#13862=CARTESIAN_POINT('Ctrl Pts',(-41.4079986512661,40.8626201748848,3.));
#13863=CARTESIAN_POINT('Ctrl Pts',(-41.4079986512661,40.8626201748848,2.5));
#13864=CARTESIAN_POINT('Ctrl Pts',(-41.5273131430149,40.511562526226,3.));
#13865=CARTESIAN_POINT('Ctrl Pts',(-41.5273131430149,40.511562526226,2.5));
#13866=CARTESIAN_POINT('Ctrl Pts',(-41.822194904089,40.215280354023,3.));
#13867=CARTESIAN_POINT('Ctrl Pts',(-41.822194904089,40.215280354023,2.5));
#13868=CARTESIAN_POINT('',(-41.4079986512661,40.8626201748848,3.));
#13869=CARTESIAN_POINT('Ctrl Pts',(-41.4079986512661,40.8626201748848,3.));
#13870=CARTESIAN_POINT('Ctrl Pts',(-41.5273131430149,40.511562526226,3.));
#13871=CARTESIAN_POINT('Ctrl Pts',(-41.822194904089,40.215280354023,3.));
#13872=CARTESIAN_POINT('',(-41.4079986512661,40.8626201748848,2.5));
#13873=CARTESIAN_POINT('',(-41.4079986512661,40.8626201748848,3.));
#13874=CARTESIAN_POINT('Ctrl Pts',(-41.4079986512661,40.8626201748848,2.5));
#13875=CARTESIAN_POINT('Ctrl Pts',(-41.5273131430149,40.511562526226,2.5));
#13876=CARTESIAN_POINT('Ctrl Pts',(-41.822194904089,40.215280354023,2.5));
#13877=CARTESIAN_POINT('Ctrl Pts',(-41.3700492680073,41.4028996229172,3.));
#13878=CARTESIAN_POINT('Ctrl Pts',(-41.3700492680073,41.4028996229172,2.5));
#13879=CARTESIAN_POINT('Ctrl Pts',(-41.3064627349377,41.1613920331001,3.));
#13880=CARTESIAN_POINT('Ctrl Pts',(-41.3064627349377,41.1613920331001,2.5));
#13881=CARTESIAN_POINT('Ctrl Pts',(-41.4079986512661,40.8626201748848,3.));
#13882=CARTESIAN_POINT('Ctrl Pts',(-41.4079986512661,40.8626201748848,2.5));
#13883=CARTESIAN_POINT('',(-41.3700492680073,41.4028996229172,3.));
#13884=CARTESIAN_POINT('Ctrl Pts',(-41.3700492680073,41.4028996229172,3.));
#13885=CARTESIAN_POINT('Ctrl Pts',(-41.3064627349377,41.1613920331001,3.));
#13886=CARTESIAN_POINT('Ctrl Pts',(-41.4079986512661,40.8626201748848,3.));
#13887=CARTESIAN_POINT('',(-41.3700492680073,41.4028996229172,2.5));
#13888=CARTESIAN_POINT('',(-41.3700492680073,41.4028996229172,3.));
#13889=CARTESIAN_POINT('Ctrl Pts',(-41.3700492680073,41.4028996229172,2.5));
#13890=CARTESIAN_POINT('Ctrl Pts',(-41.3064627349377,41.1613920331001,2.5));
#13891=CARTESIAN_POINT('Ctrl Pts',(-41.4079986512661,40.8626201748848,2.5));
#13892=CARTESIAN_POINT('Ctrl Pts',(-41.6981343924999,41.8074870109558,3.));
#13893=CARTESIAN_POINT('Ctrl Pts',(-41.6981343924999,41.8074870109558,2.5));
#13894=CARTESIAN_POINT('Ctrl Pts',(-41.4336355030537,41.6444072127342,3.));
#13895=CARTESIAN_POINT('Ctrl Pts',(-41.4336355030537,41.6444072127342,2.5));
#13896=CARTESIAN_POINT('Ctrl Pts',(-41.3700492680073,41.4028996229172,3.));
#13897=CARTESIAN_POINT('Ctrl Pts',(-41.3700492680073,41.4028996229172,2.5));
#13898=CARTESIAN_POINT('',(-41.6981343924999,41.8074870109558,3.));
#13899=CARTESIAN_POINT('Ctrl Pts',(-41.6981343924999,41.8074870109558,3.));
#13900=CARTESIAN_POINT('Ctrl Pts',(-41.4336355030537,41.6444072127342,3.));
#13901=CARTESIAN_POINT('Ctrl Pts',(-41.3700492680073,41.4028996229172,3.));
#13902=CARTESIAN_POINT('',(-41.6981343924999,41.8074870109558,2.5));
#13903=CARTESIAN_POINT('',(-41.6981343924999,41.8074870109558,3.));
#13904=CARTESIAN_POINT('Ctrl Pts',(-41.6981343924999,41.8074870109558,2.5));
#13905=CARTESIAN_POINT('Ctrl Pts',(-41.4336355030537,41.6444072127342,2.5));
#13906=CARTESIAN_POINT('Ctrl Pts',(-41.3700492680073,41.4028996229172,2.5));
#13907=CARTESIAN_POINT('Ctrl Pts',(-42.6479421555996,42.1299117803574,3.));
#13908=CARTESIAN_POINT('Ctrl Pts',(-42.6479421555996,42.1299117803574,2.5));
#13909=CARTESIAN_POINT('Ctrl Pts',(-41.9626332819462,41.9705668091774,3.));
#13910=CARTESIAN_POINT('Ctrl Pts',(-41.9626332819462,41.9705668091774,2.5));
#13911=CARTESIAN_POINT('Ctrl Pts',(-41.6981343924999,41.8074870109558,3.));
#13912=CARTESIAN_POINT('Ctrl Pts',(-41.6981343924999,41.8074870109558,2.5));
#13913=CARTESIAN_POINT('',(-42.6479421555996,42.1299117803574,3.));
#13914=CARTESIAN_POINT('Ctrl Pts',(-42.6479421555996,42.1299117803574,3.));
#13915=CARTESIAN_POINT('Ctrl Pts',(-41.9626332819462,41.9705668091774,3.));
#13916=CARTESIAN_POINT('Ctrl Pts',(-41.6981343924999,41.8074870109558,3.));
#13917=CARTESIAN_POINT('',(-42.6479421555996,42.1299117803574,2.5));
#13918=CARTESIAN_POINT('',(-42.6479421555996,42.1299117803574,3.));
#13919=CARTESIAN_POINT('Ctrl Pts',(-42.6479421555996,42.1299117803574,2.5));
#13920=CARTESIAN_POINT('Ctrl Pts',(-41.9626332819462,41.9705668091774,2.5));
#13921=CARTESIAN_POINT('Ctrl Pts',(-41.6981343924999,41.8074870109558,2.5));
#13922=CARTESIAN_POINT('Ctrl Pts',(-42.9807151854038,42.2643592953682,3.));
#13923=CARTESIAN_POINT('Ctrl Pts',(-42.9807151854038,42.2643592953682,2.5));
#13924=CARTESIAN_POINT('Ctrl Pts',(-42.9255901277065,42.1921560168266,3.));
#13925=CARTESIAN_POINT('Ctrl Pts',(-42.9255901277065,42.1921560168266,2.5));
#13926=CARTESIAN_POINT('Ctrl Pts',(-42.6479421555996,42.1299117803574,3.));
#13927=CARTESIAN_POINT('Ctrl Pts',(-42.6479421555996,42.1299117803574,2.5));
#13928=CARTESIAN_POINT('',(-42.9807151854038,42.2643592953682,3.));
#13929=CARTESIAN_POINT('Ctrl Pts',(-42.9807151854038,42.2643592953682,3.));
#13930=CARTESIAN_POINT('Ctrl Pts',(-42.9255901277065,42.1921560168266,3.));
#13931=CARTESIAN_POINT('Ctrl Pts',(-42.6479421555996,42.1299117803574,3.));
#13932=CARTESIAN_POINT('',(-42.9807151854038,42.2643592953682,2.5));
#13933=CARTESIAN_POINT('',(-42.9807151854038,42.2643592953682,3.));
#13934=CARTESIAN_POINT('Ctrl Pts',(-42.9807151854038,42.2643592953682,2.5));
#13935=CARTESIAN_POINT('Ctrl Pts',(-42.9255901277065,42.1921560168266,2.5));
#13936=CARTESIAN_POINT('Ctrl Pts',(-42.6479421555996,42.1299117803574,2.5));
#13937=CARTESIAN_POINT('Ctrl Pts',(-43.0095808207989,42.4212148785591,3.));
#13938=CARTESIAN_POINT('Ctrl Pts',(-43.0095808207989,42.4212148785591,2.5));
#13939=CARTESIAN_POINT('Ctrl Pts',(-43.0391858518124,42.3340728878975,3.));
#13940=CARTESIAN_POINT('Ctrl Pts',(-43.0391858518124,42.3340728878975,2.5));
#13941=CARTESIAN_POINT('Ctrl Pts',(-42.9807151854038,42.2643592953682,3.));
#13942=CARTESIAN_POINT('Ctrl Pts',(-42.9807151854038,42.2643592953682,2.5));
#13943=CARTESIAN_POINT('',(-43.0095808207989,42.4212148785591,3.));
#13944=CARTESIAN_POINT('Ctrl Pts',(-43.0095808207989,42.4212148785591,3.));
#13945=CARTESIAN_POINT('Ctrl Pts',(-43.0391858518124,42.3340728878975,3.));
#13946=CARTESIAN_POINT('Ctrl Pts',(-42.9807151854038,42.2643592953682,3.));
#13947=CARTESIAN_POINT('',(-43.0095808207989,42.4212148785591,2.5));
#13948=CARTESIAN_POINT('',(-43.0095808207989,42.4212148785591,3.));
#13949=CARTESIAN_POINT('Ctrl Pts',(-43.0095808207989,42.4212148785591,2.5));
#13950=CARTESIAN_POINT('Ctrl Pts',(-43.0391858518124,42.3340728878975,2.5));
#13951=CARTESIAN_POINT('Ctrl Pts',(-42.9807151854038,42.2643592953682,2.5));
#13952=CARTESIAN_POINT('Ctrl Pts',(-42.8410156071186,42.6241308450699,3.));
#13953=CARTESIAN_POINT('Ctrl Pts',(-42.8410156071186,42.6241308450699,2.5));
#13954=CARTESIAN_POINT('Ctrl Pts',(-42.9689665138721,42.5407236814499,3.));
#13955=CARTESIAN_POINT('Ctrl Pts',(-42.9689665138721,42.5407236814499,2.5));
#13956=CARTESIAN_POINT('Ctrl Pts',(-43.0095808207989,42.4212148785591,3.));
#13957=CARTESIAN_POINT('Ctrl Pts',(-43.0095808207989,42.4212148785591,2.5));
#13958=CARTESIAN_POINT('',(-42.8410156071186,42.6241308450699,3.));
#13959=CARTESIAN_POINT('Ctrl Pts',(-42.8410156071186,42.6241308450699,3.));
#13960=CARTESIAN_POINT('Ctrl Pts',(-42.9689665138721,42.5407236814499,3.));
#13961=CARTESIAN_POINT('Ctrl Pts',(-43.0095808207989,42.4212148785591,3.));
#13962=CARTESIAN_POINT('',(-42.8410156071186,42.6241308450699,2.5));
#13963=CARTESIAN_POINT('',(-42.8410156071186,42.6241308450699,3.));
#13964=CARTESIAN_POINT('Ctrl Pts',(-42.8410156071186,42.6241308450699,2.5));
#13965=CARTESIAN_POINT('Ctrl Pts',(-42.9689665138721,42.5407236814499,2.5));
#13966=CARTESIAN_POINT('Ctrl Pts',(-43.0095808207989,42.4212148785591,2.5));
#13967=CARTESIAN_POINT('Ctrl Pts',(-42.5163732469082,42.7075380086899,3.));
#13968=CARTESIAN_POINT('Ctrl Pts',(-42.5163732469082,42.7075380086899,2.5));
#13969=CARTESIAN_POINT('Ctrl Pts',(-42.7130649983883,42.7075380086899,3.));
#13970=CARTESIAN_POINT('Ctrl Pts',(-42.7130649983883,42.7075380086899,2.5));
#13971=CARTESIAN_POINT('Ctrl Pts',(-42.8410156071186,42.6241308450699,3.));
#13972=CARTESIAN_POINT('Ctrl Pts',(-42.8410156071186,42.6241308450699,2.5));
#13973=CARTESIAN_POINT('',(-42.5163732469082,42.7075380086899,3.));
#13974=CARTESIAN_POINT('Ctrl Pts',(-42.5163732469082,42.7075380086899,3.));
#13975=CARTESIAN_POINT('Ctrl Pts',(-42.7130649983883,42.7075380086899,3.));
#13976=CARTESIAN_POINT('Ctrl Pts',(-42.8410156071186,42.6241308450699,3.));
#13977=CARTESIAN_POINT('',(-42.5163732469082,42.7075380086899,2.5));
#13978=CARTESIAN_POINT('',(-42.5163732469082,42.7075380086899,3.));
#13979=CARTESIAN_POINT('Ctrl Pts',(-42.5163732469082,42.7075380086899,2.5));
#13980=CARTESIAN_POINT('Ctrl Pts',(-42.7130649983883,42.7075380086899,2.5));
#13981=CARTESIAN_POINT('Ctrl Pts',(-42.8410156071186,42.6241308450699,2.5));
#13982=CARTESIAN_POINT('Ctrl Pts',(-42.1797488629818,42.5954985618591,3.));
#13983=CARTESIAN_POINT('Ctrl Pts',(-42.1797488629818,42.5954985618591,2.5));
#13984=CARTESIAN_POINT('Ctrl Pts',(-42.2773556411266,42.7075380086899,3.));
#13985=CARTESIAN_POINT('Ctrl Pts',(-42.2773556411266,42.7075380086899,2.5));
#13986=CARTESIAN_POINT('Ctrl Pts',(-42.5163732469082,42.7075380086899,3.));
#13987=CARTESIAN_POINT('Ctrl Pts',(-42.5163732469082,42.7075380086899,2.5));
#13988=CARTESIAN_POINT('',(-42.1797488629818,42.5954985618591,3.));
#13989=CARTESIAN_POINT('Ctrl Pts',(-42.1797488629818,42.5954985618591,3.));
#13990=CARTESIAN_POINT('Ctrl Pts',(-42.2773556411266,42.7075380086899,3.));
#13991=CARTESIAN_POINT('Ctrl Pts',(-42.5163732469082,42.7075380086899,3.));
#13992=CARTESIAN_POINT('',(-42.1797488629818,42.5954985618591,2.5));
#13993=CARTESIAN_POINT('',(-42.1797488629818,42.5954985618591,3.));
#13994=CARTESIAN_POINT('Ctrl Pts',(-42.1797488629818,42.5954985618591,2.5));
#13995=CARTESIAN_POINT('Ctrl Pts',(-42.2773556411266,42.7075380086899,2.5));
#13996=CARTESIAN_POINT('Ctrl Pts',(-42.5163732469082,42.7075380086899,2.5));
#13997=CARTESIAN_POINT('Ctrl Pts',(-42.1235735714436,42.2369718551636,3.));
#13998=CARTESIAN_POINT('Ctrl Pts',(-42.1235735714436,42.2369718551636,2.5));
#13999=CARTESIAN_POINT('Ctrl Pts',(-42.0821423828602,42.4834591150284,3.));
#14000=CARTESIAN_POINT('Ctrl Pts',(-42.0821423828602,42.4834591150284,2.5));
#14001=CARTESIAN_POINT('Ctrl Pts',(-42.1797488629818,42.5954985618591,3.));
#14002=CARTESIAN_POINT('Ctrl Pts',(-42.1797488629818,42.5954985618591,2.5));
#14003=CARTESIAN_POINT('',(-42.1235735714436,42.2369718551636,3.));
#14004=CARTESIAN_POINT('Ctrl Pts',(-42.1235735714436,42.2369718551636,3.));
#14005=CARTESIAN_POINT('Ctrl Pts',(-42.0821423828602,42.4834591150284,3.));
#14006=CARTESIAN_POINT('Ctrl Pts',(-42.1797488629818,42.5954985618591,3.));
#14007=CARTESIAN_POINT('',(-42.1235735714436,42.2369718551636,2.5));
#14008=CARTESIAN_POINT('',(-42.1235735714436,42.2369718551636,3.));
#14009=CARTESIAN_POINT('Ctrl Pts',(-42.1235735714436,42.2369718551636,2.5));
#14010=CARTESIAN_POINT('Ctrl Pts',(-42.0821423828602,42.4834591150284,2.5));
#14011=CARTESIAN_POINT('Ctrl Pts',(-42.1797488629818,42.5954985618591,2.5));
#14012=CARTESIAN_POINT('Origin',(-41.0392795503139,42.2992160916328,3.));
#14013=CARTESIAN_POINT('',(-41.0392795503139,42.2992160916328,3.));
#14014=CARTESIAN_POINT('',(-12.3071879193312,43.9485907731168,3.));
#14015=CARTESIAN_POINT('',(-41.0392795503139,42.2992160916328,2.5));
#14016=CARTESIAN_POINT('',(-41.0392795503139,42.2992160916328,3.));
#14017=CARTESIAN_POINT('',(-41.0392795503139,42.2992160916328,2.5));
#14018=CARTESIAN_POINT('Ctrl Pts',(-41.1949096620083,43.1270641088486,3.));
#14019=CARTESIAN_POINT('Ctrl Pts',(-41.1949096620083,43.1270641088486,2.5));
#14020=CARTESIAN_POINT('Ctrl Pts',(-40.9160749614239,42.8668832778931,3.));
#14021=CARTESIAN_POINT('Ctrl Pts',(-40.9160749614239,42.8668832778931,2.5));
#14022=CARTESIAN_POINT('Ctrl Pts',(-41.0392795503139,42.2992160916328,3.));
#14023=CARTESIAN_POINT('Ctrl Pts',(-41.0392795503139,42.2992160916328,2.5));
#14024=CARTESIAN_POINT('',(-41.1949096620083,43.1270641088486,3.));
#14025=CARTESIAN_POINT('Ctrl Pts',(-41.1949096620083,43.1270641088486,3.));
#14026=CARTESIAN_POINT('Ctrl Pts',(-40.9160749614239,42.8668832778931,3.));
#14027=CARTESIAN_POINT('Ctrl Pts',(-41.0392795503139,42.2992160916328,3.));
#14028=CARTESIAN_POINT('',(-41.1949096620083,43.1270641088486,2.5));
#14029=CARTESIAN_POINT('',(-41.1949096620083,43.1270641088486,3.));
#14030=CARTESIAN_POINT('Ctrl Pts',(-41.1949096620083,43.1270641088486,2.5));
#14031=CARTESIAN_POINT('Ctrl Pts',(-40.9160749614239,42.8668832778931,2.5));
#14032=CARTESIAN_POINT('Ctrl Pts',(-41.0392795503139,42.2992160916328,2.5));
#14033=CARTESIAN_POINT('Ctrl Pts',(-42.1733690798283,43.3872446417809,3.));
#14034=CARTESIAN_POINT('Ctrl Pts',(-42.1733690798283,43.3872446417809,2.5));
#14035=CARTESIAN_POINT('Ctrl Pts',(-41.4737440645695,43.3872446417809,3.));
#14036=CARTESIAN_POINT('Ctrl Pts',(-41.4737440645695,43.3872446417809,2.5));
#14037=CARTESIAN_POINT('Ctrl Pts',(-41.1949096620083,43.1270641088486,3.));
#14038=CARTESIAN_POINT('Ctrl Pts',(-41.1949096620083,43.1270641088486,2.5));
#14039=CARTESIAN_POINT('',(-42.1733690798283,43.3872446417809,3.));
#14040=CARTESIAN_POINT('Ctrl Pts',(-42.1733690798283,43.3872446417809,3.));
#14041=CARTESIAN_POINT('Ctrl Pts',(-41.4737440645695,43.3872446417809,3.));
#14042=CARTESIAN_POINT('Ctrl Pts',(-41.1949096620083,43.1270641088486,3.));
#14043=CARTESIAN_POINT('',(-42.1733690798283,43.3872446417809,2.5));
#14044=CARTESIAN_POINT('',(-42.1733690798283,43.3872446417809,3.));
#14045=CARTESIAN_POINT('Ctrl Pts',(-42.1733690798283,43.3872446417809,2.5));
#14046=CARTESIAN_POINT('Ctrl Pts',(-41.4737440645695,43.3872446417809,2.5));
#14047=CARTESIAN_POINT('Ctrl Pts',(-41.1949096620083,43.1270641088486,2.5));
#14048=CARTESIAN_POINT('Ctrl Pts',(-43.1195779144764,43.2440832257271,3.));
#14049=CARTESIAN_POINT('Ctrl Pts',(-43.1195779144764,43.2440832257271,2.5));
#14050=CARTESIAN_POINT('Ctrl Pts',(-42.7435256540775,43.3872446417809,3.));
#14051=CARTESIAN_POINT('Ctrl Pts',(-42.7435256540775,43.3872446417809,2.5));
#14052=CARTESIAN_POINT('Ctrl Pts',(-42.1733690798283,43.3872446417809,3.));
#14053=CARTESIAN_POINT('Ctrl Pts',(-42.1733690798283,43.3872446417809,2.5));
#14054=CARTESIAN_POINT('',(-43.1195779144764,43.2440832257271,3.));
#14055=CARTESIAN_POINT('Ctrl Pts',(-43.1195779144764,43.2440832257271,3.));
#14056=CARTESIAN_POINT('Ctrl Pts',(-42.7435256540775,43.3872446417809,3.));
#14057=CARTESIAN_POINT('Ctrl Pts',(-42.1733690798283,43.3872446417809,3.));
#14058=CARTESIAN_POINT('',(-43.1195779144764,43.2440832257271,2.5));
#14059=CARTESIAN_POINT('',(-43.1195779144764,43.2440832257271,3.));
#14060=CARTESIAN_POINT('Ctrl Pts',(-43.1195779144764,43.2440832257271,2.5));
#14061=CARTESIAN_POINT('Ctrl Pts',(-42.7435256540775,43.3872446417809,2.5));
#14062=CARTESIAN_POINT('Ctrl Pts',(-42.1733690798283,43.3872446417809,2.5));
#14063=CARTESIAN_POINT('Ctrl Pts',(-43.7437511980534,42.8506997227669,3.));
#14064=CARTESIAN_POINT('Ctrl Pts',(-43.7437511980534,42.8506997227669,2.5));
#14065=CARTESIAN_POINT('Ctrl Pts',(-43.4956301748753,43.1009215116501,3.));
#14066=CARTESIAN_POINT('Ctrl Pts',(-43.4956301748753,43.1009215116501,2.5));
#14067=CARTESIAN_POINT('Ctrl Pts',(-43.1195779144764,43.2440832257271,3.));
#14068=CARTESIAN_POINT('Ctrl Pts',(-43.1195779144764,43.2440832257271,2.5));
#14069=CARTESIAN_POINT('',(-43.7437511980534,42.8506997227669,3.));
#14070=CARTESIAN_POINT('Ctrl Pts',(-43.7437511980534,42.8506997227669,3.));
#14071=CARTESIAN_POINT('Ctrl Pts',(-43.4956301748753,43.1009215116501,3.));
#14072=CARTESIAN_POINT('Ctrl Pts',(-43.1195779144764,43.2440832257271,3.));
#14073=CARTESIAN_POINT('',(-43.7437511980534,42.8506997227669,2.5));
#14074=CARTESIAN_POINT('',(-43.7437511980534,42.8506997227669,3.));
#14075=CARTESIAN_POINT('Ctrl Pts',(-43.7437511980534,42.8506997227669,2.5));
#14076=CARTESIAN_POINT('Ctrl Pts',(-43.4956301748753,43.1009215116501,2.5));
#14077=CARTESIAN_POINT('Ctrl Pts',(-43.1195779144764,43.2440832257271,2.5));
#14078=CARTESIAN_POINT('Ctrl Pts',(-44.087455868721,42.3191341757774,3.));
#14079=CARTESIAN_POINT('Ctrl Pts',(-44.087455868721,42.3191341757774,2.5));
#14080=CARTESIAN_POINT('Ctrl Pts',(-43.9918722212315,42.6004779338837,3.));
#14081=CARTESIAN_POINT('Ctrl Pts',(-43.9918722212315,42.6004779338837,2.5));
#14082=CARTESIAN_POINT('Ctrl Pts',(-43.7437511980534,42.8506997227669,3.));
#14083=CARTESIAN_POINT('Ctrl Pts',(-43.7437511980534,42.8506997227669,2.5));
#14084=CARTESIAN_POINT('',(-44.087455868721,42.3191341757774,3.));
#14085=CARTESIAN_POINT('Ctrl Pts',(-44.087455868721,42.3191341757774,3.));
#14086=CARTESIAN_POINT('Ctrl Pts',(-43.9918722212315,42.6004779338837,3.));
#14087=CARTESIAN_POINT('Ctrl Pts',(-43.7437511980534,42.8506997227669,3.));
#14088=CARTESIAN_POINT('',(-44.087455868721,42.3191341757774,2.5));
#14089=CARTESIAN_POINT('',(-44.087455868721,42.3191341757774,3.));
#14090=CARTESIAN_POINT('Ctrl Pts',(-44.087455868721,42.3191341757774,2.5));
#14091=CARTESIAN_POINT('Ctrl Pts',(-43.9918722212315,42.6004779338837,2.5));
#14092=CARTESIAN_POINT('Ctrl Pts',(-43.7437511980534,42.8506997227669,2.5));
#14093=CARTESIAN_POINT('Ctrl Pts',(-44.0082500874996,41.6145297884941,3.));
#14094=CARTESIAN_POINT('Ctrl Pts',(-44.0082500874996,41.6145297884941,2.5));
#14095=CARTESIAN_POINT('Ctrl Pts',(-44.2329905927181,41.8908941745758,3.));
#14096=CARTESIAN_POINT('Ctrl Pts',(-44.2329905927181,41.8908941745758,2.5));
#14097=CARTESIAN_POINT('Ctrl Pts',(-44.087455868721,42.3191341757774,3.));
#14098=CARTESIAN_POINT('Ctrl Pts',(-44.087455868721,42.3191341757774,2.5));
#14099=CARTESIAN_POINT('',(-44.0082500874996,41.6145297884941,3.));
#14100=CARTESIAN_POINT('Ctrl Pts',(-44.0082500874996,41.6145297884941,3.));
#14101=CARTESIAN_POINT('Ctrl Pts',(-44.2329905927181,41.8908941745758,3.));
#14102=CARTESIAN_POINT('Ctrl Pts',(-44.087455868721,42.3191341757774,3.));
#14103=CARTESIAN_POINT('',(-44.0082500874996,41.6145297884941,2.5));
#14104=CARTESIAN_POINT('',(-44.0082500874996,41.6145297884941,3.));
#14105=CARTESIAN_POINT('Ctrl Pts',(-44.0082500874996,41.6145297884941,2.5));
#14106=CARTESIAN_POINT('Ctrl Pts',(-44.2329905927181,41.8908941745758,2.5));
#14107=CARTESIAN_POINT('Ctrl Pts',(-44.087455868721,42.3191341757774,2.5));
#14108=CARTESIAN_POINT('Ctrl Pts',(-43.1006906926632,41.1713513731956,3.));
#14109=CARTESIAN_POINT('Ctrl Pts',(-43.1006906926632,41.1713513731956,2.5));
#14110=CARTESIAN_POINT('Ctrl Pts',(-43.7859605252743,41.3381657004356,3.));
#14111=CARTESIAN_POINT('Ctrl Pts',(-43.7859605252743,41.3381657004356,2.5));
#14112=CARTESIAN_POINT('Ctrl Pts',(-44.0082500874996,41.6145297884941,3.));
#14113=CARTESIAN_POINT('Ctrl Pts',(-44.0082500874996,41.6145297884941,2.5));
#14114=CARTESIAN_POINT('',(-43.1006906926632,41.1713513731956,3.));
#14115=CARTESIAN_POINT('Ctrl Pts',(-43.1006906926632,41.1713513731956,3.));
#14116=CARTESIAN_POINT('Ctrl Pts',(-43.7859605252743,41.3381657004356,3.));
#14117=CARTESIAN_POINT('Ctrl Pts',(-44.0082500874996,41.6145297884941,3.));
#14118=CARTESIAN_POINT('',(-43.1006906926632,41.1713513731956,2.5));
#14119=CARTESIAN_POINT('',(-43.1006906926632,41.1713513731956,3.));
#14120=CARTESIAN_POINT('Ctrl Pts',(-43.1006906926632,41.1713513731956,2.5));
#14121=CARTESIAN_POINT('Ctrl Pts',(-43.7859605252743,41.3381657004356,2.5));
#14122=CARTESIAN_POINT('Ctrl Pts',(-44.0082500874996,41.6145297884941,2.5));
#14123=CARTESIAN_POINT('Ctrl Pts',(-42.5949956476688,40.9597209095955,3.));
#14124=CARTESIAN_POINT('Ctrl Pts',(-42.5949956476688,40.9597209095955,2.5));
#14125=CARTESIAN_POINT('Ctrl Pts',(-42.681398242712,41.0717603564262,3.));
#14126=CARTESIAN_POINT('Ctrl Pts',(-42.681398242712,41.0717603564262,2.5));
#14127=CARTESIAN_POINT('Ctrl Pts',(-43.1006906926632,41.1713513731956,3.));
#14128=CARTESIAN_POINT('Ctrl Pts',(-43.1006906926632,41.1713513731956,2.5));
#14129=CARTESIAN_POINT('',(-42.5949956476688,40.9597209095955,3.));
#14130=CARTESIAN_POINT('Ctrl Pts',(-42.5949956476688,40.9597209095955,3.));
#14131=CARTESIAN_POINT('Ctrl Pts',(-42.681398242712,41.0717603564262,3.));
#14132=CARTESIAN_POINT('Ctrl Pts',(-43.1006906926632,41.1713513731956,3.));
#14133=CARTESIAN_POINT('',(-42.5949956476688,40.9597209095955,2.5));
#14134=CARTESIAN_POINT('',(-42.5949956476688,40.9597209095955,3.));
#14135=CARTESIAN_POINT('Ctrl Pts',(-42.5949956476688,40.9597209095955,2.5));
#14136=CARTESIAN_POINT('Ctrl Pts',(-42.681398242712,41.0717603564262,2.5));
#14137=CARTESIAN_POINT('Ctrl Pts',(-43.1006906926632,41.1713513731956,2.5));
#14138=CARTESIAN_POINT('Ctrl Pts',(-42.5567932426929,40.7057645916939,3.));
#14139=CARTESIAN_POINT('Ctrl Pts',(-42.5567932426929,40.7057645916939,2.5));
#14140=CARTESIAN_POINT('Ctrl Pts',(-42.5085927546024,40.8476814627647,3.));
#14141=CARTESIAN_POINT('Ctrl Pts',(-42.5085927546024,40.8476814627647,2.5));
#14142=CARTESIAN_POINT('Ctrl Pts',(-42.5949956476688,40.9597209095955,3.));
#14143=CARTESIAN_POINT('Ctrl Pts',(-42.5949956476688,40.9597209095955,2.5));
#14144=CARTESIAN_POINT('',(-42.5567932426929,40.7057645916939,3.));
#14145=CARTESIAN_POINT('Ctrl Pts',(-42.5567932426929,40.7057645916939,3.));
#14146=CARTESIAN_POINT('Ctrl Pts',(-42.5085927546024,40.8476814627647,3.));
#14147=CARTESIAN_POINT('Ctrl Pts',(-42.5949956476688,40.9597209095955,3.));
#14148=CARTESIAN_POINT('',(-42.5567932426929,40.7057645916939,2.5));
#14149=CARTESIAN_POINT('',(-42.5567932426929,40.7057645916939,3.));
#14150=CARTESIAN_POINT('Ctrl Pts',(-42.5567932426929,40.7057645916939,2.5));
#14151=CARTESIAN_POINT('Ctrl Pts',(-42.5085927546024,40.8476814627647,2.5));
#14152=CARTESIAN_POINT('Ctrl Pts',(-42.5949956476688,40.9597209095955,2.5));
#14153=CARTESIAN_POINT('Ctrl Pts',(-42.776787430048,40.4430940747261,3.));
#14154=CARTESIAN_POINT('Ctrl Pts',(-42.776787430048,40.4430940747261,2.5));
#14155=CARTESIAN_POINT('Ctrl Pts',(-42.6075612008572,40.5563786625862,3.));
#14156=CARTESIAN_POINT('Ctrl Pts',(-42.6075612008572,40.5563786625862,2.5));
#14157=CARTESIAN_POINT('Ctrl Pts',(-42.5567932426929,40.7057645916939,3.));
#14158=CARTESIAN_POINT('Ctrl Pts',(-42.5567932426929,40.7057645916939,2.5));
#14159=CARTESIAN_POINT('',(-42.776787430048,40.4430940747261,3.));
#14160=CARTESIAN_POINT('Ctrl Pts',(-42.776787430048,40.4430940747261,3.));
#14161=CARTESIAN_POINT('Ctrl Pts',(-42.6075612008572,40.5563786625862,3.));
#14162=CARTESIAN_POINT('Ctrl Pts',(-42.5567932426929,40.7057645916939,3.));
#14163=CARTESIAN_POINT('',(-42.776787430048,40.4430940747261,2.5));
#14164=CARTESIAN_POINT('',(-42.776787430048,40.4430940747261,3.));
#14165=CARTESIAN_POINT('Ctrl Pts',(-42.776787430048,40.4430940747261,2.5));
#14166=CARTESIAN_POINT('Ctrl Pts',(-42.6075612008572,40.5563786625862,2.5));
#14167=CARTESIAN_POINT('Ctrl Pts',(-42.5567932426929,40.7057645916939,2.5));
#14168=CARTESIAN_POINT('Ctrl Pts',(-43.1875215470791,40.329809486866,3.));
#14169=CARTESIAN_POINT('Ctrl Pts',(-43.1875215470791,40.329809486866,2.5));
#14170=CARTESIAN_POINT('Ctrl Pts',(-42.946013957262,40.329809486866,3.));
#14171=CARTESIAN_POINT('Ctrl Pts',(-42.946013957262,40.329809486866,2.5));
#14172=CARTESIAN_POINT('Ctrl Pts',(-42.776787430048,40.4430940747261,3.));
#14173=CARTESIAN_POINT('Ctrl Pts',(-42.776787430048,40.4430940747261,2.5));
#14174=CARTESIAN_POINT('',(-43.1875215470791,40.329809486866,3.));
#14175=CARTESIAN_POINT('Ctrl Pts',(-43.1875215470791,40.329809486866,3.));
#14176=CARTESIAN_POINT('Ctrl Pts',(-42.946013957262,40.329809486866,3.));
#14177=CARTESIAN_POINT('Ctrl Pts',(-42.776787430048,40.4430940747261,3.));
#14178=CARTESIAN_POINT('',(-43.1875215470791,40.329809486866,2.5));
#14179=CARTESIAN_POINT('',(-43.1875215470791,40.329809486866,3.));
#14180=CARTESIAN_POINT('Ctrl Pts',(-43.1875215470791,40.329809486866,2.5));
#14181=CARTESIAN_POINT('Ctrl Pts',(-42.946013957262,40.329809486866,2.5));
#14182=CARTESIAN_POINT('Ctrl Pts',(-42.776787430048,40.4430940747261,2.5));
#14183=CARTESIAN_POINT('Ctrl Pts',(-43.6101596057415,40.5513986945152,3.));
#14184=CARTESIAN_POINT('Ctrl Pts',(-43.6101596057415,40.5513986945152,2.5));
#14185=CARTESIAN_POINT('Ctrl Pts',(-43.5111911594868,40.329809486866,3.));
#14186=CARTESIAN_POINT('Ctrl Pts',(-43.5111911594868,40.329809486866,2.5));
#14187=CARTESIAN_POINT('Ctrl Pts',(-43.1875215470791,40.329809486866,3.));
#14188=CARTESIAN_POINT('Ctrl Pts',(-43.1875215470791,40.329809486866,2.5));
#14189=CARTESIAN_POINT('',(-43.6101596057415,40.5513986945152,3.));
#14190=CARTESIAN_POINT('Ctrl Pts',(-43.6101596057415,40.5513986945152,3.));
#14191=CARTESIAN_POINT('Ctrl Pts',(-43.5111911594868,40.329809486866,3.));
#14192=CARTESIAN_POINT('Ctrl Pts',(-43.1875215470791,40.329809486866,3.));
#14193=CARTESIAN_POINT('',(-43.6101596057415,40.5513986945152,2.5));
#14194=CARTESIAN_POINT('',(-43.6101596057415,40.5513986945152,3.));
#14195=CARTESIAN_POINT('Ctrl Pts',(-43.6101596057415,40.5513986945152,2.5));
#14196=CARTESIAN_POINT('Ctrl Pts',(-43.5111911594868,40.329809486866,2.5));
#14197=CARTESIAN_POINT('Ctrl Pts',(-43.1875215470791,40.329809486866,2.5));
#14198=CARTESIAN_POINT('Ctrl Pts',(-43.6166952550411,40.9497615695,3.));
#14199=CARTESIAN_POINT('Ctrl Pts',(-43.6166952550411,40.9497615695,2.5));
#14200=CARTESIAN_POINT('Ctrl Pts',(-43.6706919968128,40.6883361935616,3.));
#14201=CARTESIAN_POINT('Ctrl Pts',(-43.6706919968128,40.6883361935616,2.5));
#14202=CARTESIAN_POINT('Ctrl Pts',(-43.6101596057415,40.5513986945152,3.));
#14203=CARTESIAN_POINT('Ctrl Pts',(-43.6101596057415,40.5513986945152,2.5));
#14204=CARTESIAN_POINT('',(-43.6166952550411,40.9497615695,3.));
#14205=CARTESIAN_POINT('Ctrl Pts',(-43.6166952550411,40.9497615695,3.));
#14206=CARTESIAN_POINT('Ctrl Pts',(-43.6706919968128,40.6883361935616,3.));
#14207=CARTESIAN_POINT('Ctrl Pts',(-43.6101596057415,40.5513986945152,3.));
#14208=CARTESIAN_POINT('',(-43.6166952550411,40.9497615695,2.5));
#14209=CARTESIAN_POINT('',(-43.6166952550411,40.9497615695,3.));
#14210=CARTESIAN_POINT('Ctrl Pts',(-43.6166952550411,40.9497615695,2.5));
#14211=CARTESIAN_POINT('Ctrl Pts',(-43.6706919968128,40.6883361935616,2.5));
#14212=CARTESIAN_POINT('Ctrl Pts',(-43.6101596057415,40.5513986945152,2.5));
#14213=CARTESIAN_POINT('Origin',(-44.7126210480928,40.8825382590294,3.));
#14214=CARTESIAN_POINT('',(-44.7126210480928,40.8825382590294,3.));
#14215=CARTESIAN_POINT('',(-14.21172287314,42.7534417094692,3.));
#14216=CARTESIAN_POINT('',(-44.7126210480928,40.8825382590294,2.5));
#14217=CARTESIAN_POINT('',(-44.7126210480928,40.8825382590294,3.));
#14218=CARTESIAN_POINT('',(-44.7126210480928,40.8825382590294,2.5));
#14219=CARTESIAN_POINT('Ctrl Pts',(-44.6164926886559,39.9712827801704,3.));
#14220=CARTESIAN_POINT('Ctrl Pts',(-44.6164926886559,39.9712827801704,2.5));
#14221=CARTESIAN_POINT('Ctrl Pts',(-44.8531762883067,40.329809486866,3.));
#14222=CARTESIAN_POINT('Ctrl Pts',(-44.8531762883067,40.329809486866,2.5));
#14223=CARTESIAN_POINT('Ctrl Pts',(-44.7126210480928,40.8825382590294,3.));
#14224=CARTESIAN_POINT('Ctrl Pts',(-44.7126210480928,40.8825382590294,2.5));
#14225=CARTESIAN_POINT('',(-44.6164926886559,39.9712827801704,3.));
#14226=CARTESIAN_POINT('Ctrl Pts',(-44.6164926886559,39.9712827801704,3.));
#14227=CARTESIAN_POINT('Ctrl Pts',(-44.8531762883067,40.329809486866,3.));
#14228=CARTESIAN_POINT('Ctrl Pts',(-44.7126210480928,40.8825382590294,3.));
#14229=CARTESIAN_POINT('',(-44.6164926886559,39.9712827801704,2.5));
#14230=CARTESIAN_POINT('',(-44.6164926886559,39.9712827801704,3.));
#14231=CARTESIAN_POINT('Ctrl Pts',(-44.6164926886559,39.9712827801704,2.5));
#14232=CARTESIAN_POINT('Ctrl Pts',(-44.8531762883067,40.329809486866,2.5));
#14233=CARTESIAN_POINT('Ctrl Pts',(-44.7126210480928,40.8825382590294,2.5));
#14234=CARTESIAN_POINT('Ctrl Pts',(-43.4486357867718,39.6127566695213,3.));
#14235=CARTESIAN_POINT('Ctrl Pts',(-43.4486357867718,39.6127566695213,2.5));
#14236=CARTESIAN_POINT('Ctrl Pts',(-44.3798091262579,39.6127566695213,3.));
#14237=CARTESIAN_POINT('Ctrl Pts',(-44.3798091262579,39.6127566695213,2.5));
#14238=CARTESIAN_POINT('Ctrl Pts',(-44.6164926886559,39.9712827801704,3.));
#14239=CARTESIAN_POINT('Ctrl Pts',(-44.6164926886559,39.9712827801704,2.5));
#14240=CARTESIAN_POINT('Ctrl Pts',(-43.4486357867718,39.6127566695213,3.));
#14241=CARTESIAN_POINT('Ctrl Pts',(-44.3798091262579,39.6127566695213,3.));
#14242=CARTESIAN_POINT('Ctrl Pts',(-44.6164926886559,39.9712827801704,3.));
#14243=CARTESIAN_POINT('Ctrl Pts',(-43.4486357867718,39.6127566695213,2.5));
#14244=CARTESIAN_POINT('Ctrl Pts',(-44.3798091262579,39.6127566695213,2.5));
#14245=CARTESIAN_POINT('Ctrl Pts',(-44.6164926886559,39.9712827801704,2.5));
#14246=CARTESIAN_POINT('Origin',(-42.8846256248653,41.5000006556511,2.5));
#14247=CARTESIAN_POINT('Origin',(-40.2604882419109,39.6750006079674,3.));
#14248=CARTESIAN_POINT('',(-40.2573626245896,39.670637174072,2.5));
#14249=CARTESIAN_POINT('',(-39.3557846459098,42.3234976096728,2.5));
#14250=CARTESIAN_POINT('',(-39.3577447327803,42.3177301252932,2.5));
#14251=CARTESIAN_POINT('',(-40.2604882419109,39.6750006079674,3.));
#14252=CARTESIAN_POINT('',(-40.2605080391546,39.6750282453763,3.00316693338191));
#14253=CARTESIAN_POINT('',(-39.3618761003017,42.3191341757774,3.));
#14254=CARTESIAN_POINT('',(-43.8441768507308,29.1301271209585,3.));
#14255=CARTESIAN_POINT('',(-39.3620833015777,42.3189857532477,3.01700753733228));
#14256=CARTESIAN_POINT('Origin',(-39.3618761003017,42.3191341757774,3.));
#14257=CARTESIAN_POINT('',(-40.3783373035508,42.3234976096728,2.5));
#14258=CARTESIAN_POINT('',(-40.3752116858959,42.3234976096728,2.5));
#14259=CARTESIAN_POINT('',(-40.3752116858959,42.3191341757774,3.));
#14260=CARTESIAN_POINT('',(-10.0424686713093,42.3191341757774,3.));
#14261=CARTESIAN_POINT('',(-40.3751918886422,42.3191065383574,3.00316693465125));
#14262=CARTESIAN_POINT('Origin',(-40.3752116858959,42.3191341757774,3.));
#14263=CARTESIAN_POINT('',(-41.2799149832237,39.670637174072,2.5));
#14264=CARTESIAN_POINT('',(-41.2779548971452,39.6764046580342,2.5));
#14265=CARTESIAN_POINT('',(-41.2738235294819,39.6750006079674,3.));
#14266=CARTESIAN_POINT('',(-44.3557459011322,30.6065530302611,3.));
#14267=CARTESIAN_POINT('',(-41.2736163282573,39.6751490304762,3.01700753493381));
#14268=CARTESIAN_POINT('Origin',(-41.2738235294819,39.6750006079674,3.));
#14269=CARTESIAN_POINT('',(-40.2604882419109,39.670637174072,2.5));
#14270=CARTESIAN_POINT('',(-10.9984423858994,39.6750006079674,3.));
#14271=CARTESIAN_POINT('Origin',(-40.3178498148918,40.9970673918724,2.5));
#14272=CARTESIAN_POINT('Ctrl Pts',(-27.9189793765545,40.5240115523338,3.));
#14273=CARTESIAN_POINT('Ctrl Pts',(-27.9176936787857,40.5246916165943,2.83333333333333));
#14274=CARTESIAN_POINT('Ctrl Pts',(-27.9164079810169,40.5253716808547,2.66666666666667));
#14275=CARTESIAN_POINT('Ctrl Pts',(-27.9151222832481,40.5260517451152,2.5));
#14276=CARTESIAN_POINT('Ctrl Pts',(-27.9725353419781,40.6252619624138,3.));
#14277=CARTESIAN_POINT('Ctrl Pts',(-27.9709510864322,40.6252929626574,2.83333333333333));
#14278=CARTESIAN_POINT('Ctrl Pts',(-27.9693089646723,40.6254684375657,2.66666666666667));
#14279=CARTESIAN_POINT('Ctrl Pts',(-27.9677247091264,40.6254994378094,2.5));
#14280=CARTESIAN_POINT('Ctrl Pts',(-27.9637822012107,40.7804574569066,3.));
#14281=CARTESIAN_POINT('Ctrl Pts',(-27.9623721378441,40.7801464431127,2.83333333333333));
#14282=CARTESIAN_POINT('Ctrl Pts',(-27.9608843796144,40.7798839219152,2.66666666666667));
#14283=CARTESIAN_POINT('Ctrl Pts',(-27.9594743162479,40.7795729081212,2.5));
#14284=CARTESIAN_POINT('Ctrl Pts',(-27.8927199542522,40.9895980358124,3.));
#14285=CARTESIAN_POINT('Ctrl Pts',(-27.8913428027716,40.9891301042463,2.83333333333333));
#14286=CARTESIAN_POINT('Ctrl Pts',(-27.889965651291,40.9886621726803,2.66666666666667));
#14287=CARTESIAN_POINT('Ctrl Pts',(-27.8885884998104,40.9881942411142,2.5));
#14288=CARTESIAN_POINT('',(-27.8885884998104,40.9881942411142,2.5));
#14289=CARTESIAN_POINT('',(-27.9151222832481,40.5260517451152,2.5));
#14290=CARTESIAN_POINT('Ctrl Pts',(-27.8885884998104,40.9881942411142,2.5));
#14291=CARTESIAN_POINT('Ctrl Pts',(-27.9594743162479,40.7795729081212,2.5));
#14292=CARTESIAN_POINT('Ctrl Pts',(-27.9677247091264,40.6254994378094,2.5));
#14293=CARTESIAN_POINT('Ctrl Pts',(-27.9151222832481,40.5260517451152,2.5));
#14294=CARTESIAN_POINT('',(-27.9189793765545,40.5240115523338,3.));
#14295=CARTESIAN_POINT('Ctrl Pts',(-27.9189793765545,40.5240115523338,3.));
#14296=CARTESIAN_POINT('Ctrl Pts',(-27.9176936787857,40.5246916165943,2.83333333333333));
#14297=CARTESIAN_POINT('Ctrl Pts',(-27.9164079810169,40.5253716808547,2.66666666666667));
#14298=CARTESIAN_POINT('Ctrl Pts',(-27.9151222832481,40.5260517451152,2.5));
#14299=CARTESIAN_POINT('',(-27.8927199542522,40.9895980358124,3.));
#14300=CARTESIAN_POINT('Ctrl Pts',(-27.8927199542522,40.9895980358124,3.));
#14301=CARTESIAN_POINT('Ctrl Pts',(-27.9637822012107,40.7804574569066,3.));
#14302=CARTESIAN_POINT('Ctrl Pts',(-27.9725353419781,40.6252619624138,3.));
#14303=CARTESIAN_POINT('Ctrl Pts',(-27.9189793765545,40.5240115523338,3.));
#14304=CARTESIAN_POINT('Ctrl Pts',(-27.8927199542522,40.9895980358124,3.));
#14305=CARTESIAN_POINT('Ctrl Pts',(-27.8913428027716,40.9891301042463,2.83333333333333));
#14306=CARTESIAN_POINT('Ctrl Pts',(-27.889965651291,40.9886621726803,2.66666666666667));
#14307=CARTESIAN_POINT('Ctrl Pts',(-27.8885884998104,40.9881942411142,2.5));
#14308=CARTESIAN_POINT('Ctrl Pts',(-27.6369743049145,40.3721359372139,3.));
#14309=CARTESIAN_POINT('Ctrl Pts',(-27.6369743049145,40.373590415179,2.83333333333333));
#14310=CARTESIAN_POINT('Ctrl Pts',(-27.6369743049145,40.3750448931441,2.66666666666667));
#14311=CARTESIAN_POINT('Ctrl Pts',(-27.6369743049145,40.3764993711093,2.5));
#14312=CARTESIAN_POINT('Ctrl Pts',(-27.7714217205842,40.3721359372139,3.));
#14313=CARTESIAN_POINT('Ctrl Pts',(-27.7710796839566,40.3736407728184,2.83333333333333));
#14314=CARTESIAN_POINT('Ctrl Pts',(-27.7706684108291,40.3749945355048,2.66666666666667));
#14315=CARTESIAN_POINT('Ctrl Pts',(-27.7703263742015,40.3764993711093,2.5));
#14316=CARTESIAN_POINT('Ctrl Pts',(-27.8654234111309,40.4227611422539,3.));
#14317=CARTESIAN_POINT('Ctrl Pts',(-27.8643530701806,40.42393892065,2.83333333333333));
#14318=CARTESIAN_POINT('Ctrl Pts',(-27.8633422758923,40.4249575634475,2.66666666666667));
#14319=CARTESIAN_POINT('Ctrl Pts',(-27.862271934942,40.4261353418436,2.5));
#14320=CARTESIAN_POINT('Ctrl Pts',(-27.9189793765545,40.5240115523338,3.));
#14321=CARTESIAN_POINT('Ctrl Pts',(-27.9176936787857,40.5246916165943,2.83333333333333));
#14322=CARTESIAN_POINT('Ctrl Pts',(-27.9164079810169,40.5253716808547,2.66666666666667));
#14323=CARTESIAN_POINT('Ctrl Pts',(-27.9151222832481,40.5260517451152,2.5));
#14324=CARTESIAN_POINT('',(-27.6369743049145,40.3764993711093,2.5));
#14325=CARTESIAN_POINT('Ctrl Pts',(-27.9151222832481,40.5260517451152,2.5));
#14326=CARTESIAN_POINT('Ctrl Pts',(-27.862271934942,40.4261353418436,2.5));
#14327=CARTESIAN_POINT('Ctrl Pts',(-27.7703263742015,40.3764993711093,2.5));
#14328=CARTESIAN_POINT('Ctrl Pts',(-27.6369743049145,40.3764993711093,2.5));
#14329=CARTESIAN_POINT('',(-27.6369743049145,40.3721359372139,3.));
#14330=CARTESIAN_POINT('Ctrl Pts',(-27.6369743049145,40.3721359372139,3.));
#14331=CARTESIAN_POINT('Ctrl Pts',(-27.6369743049145,40.373590415179,2.83333333333333));
#14332=CARTESIAN_POINT('Ctrl Pts',(-27.6369743049145,40.3750448931441,2.66666666666667));
#14333=CARTESIAN_POINT('Ctrl Pts',(-27.6369743049145,40.3764993711093,2.5));
#14334=CARTESIAN_POINT('Ctrl Pts',(-27.9189793765545,40.5240115523338,3.));
#14335=CARTESIAN_POINT('Ctrl Pts',(-27.8654234111309,40.4227611422539,3.));
#14336=CARTESIAN_POINT('Ctrl Pts',(-27.7714217205842,40.3721359372139,3.));
#14337=CARTESIAN_POINT('Ctrl Pts',(-27.6369743049145,40.3721359372139,3.));
#14338=CARTESIAN_POINT('Ctrl Pts',(-27.2911886870861,40.5177870392799,3.));
#14339=CARTESIAN_POINT('Ctrl Pts',(-27.292138188737,40.5188888345268,2.83333333333333));
#14340=CARTESIAN_POINT('Ctrl Pts',(-27.2930876903879,40.5199906297737,2.66666666666667));
#14341=CARTESIAN_POINT('Ctrl Pts',(-27.2940371920387,40.5210924250205,2.5));
#14342=CARTESIAN_POINT('Ctrl Pts',(-27.4038637181123,40.4206863045692,3.));
#14343=CARTESIAN_POINT('Ctrl Pts',(-27.4046354029832,40.4219499095445,2.83333333333333));
#14344=CARTESIAN_POINT('Ctrl Pts',(-27.4053706621736,40.4232191913035,2.66666666666667));
#14345=CARTESIAN_POINT('Ctrl Pts',(-27.4061423470445,40.4244827962787,2.5));
#14346=CARTESIAN_POINT('Ctrl Pts',(-27.5191255907218,40.3721359372139,3.));
#14347=CARTESIAN_POINT('Ctrl Pts',(-27.5195384700256,40.3735945208881,2.83333333333333));
#14348=CARTESIAN_POINT('Ctrl Pts',(-27.5199111197332,40.375040787435,2.66666666666667));
#14349=CARTESIAN_POINT('Ctrl Pts',(-27.520323999037,40.3764993711093,2.5));
#14350=CARTESIAN_POINT('Ctrl Pts',(-27.6369743049145,40.3721359372139,3.));
#14351=CARTESIAN_POINT('Ctrl Pts',(-27.6369743049145,40.373590415179,2.83333333333333));
#14352=CARTESIAN_POINT('Ctrl Pts',(-27.6369743049145,40.3750448931441,2.66666666666667));
#14353=CARTESIAN_POINT('Ctrl Pts',(-27.6369743049145,40.3764993711093,2.5));
#14354=CARTESIAN_POINT('',(-27.2940371987279,40.521092419256,2.5));
#14355=CARTESIAN_POINT('Ctrl Pts',(-27.6369743049145,40.3764993711093,2.5));
#14356=CARTESIAN_POINT('Ctrl Pts',(-27.5203240013572,40.3764993711093,2.5));
#14357=CARTESIAN_POINT('Ctrl Pts',(-27.4061423515865,40.42448279437,2.5));
#14358=CARTESIAN_POINT('Ctrl Pts',(-27.2940371987279,40.521092419256,2.5));
#14359=CARTESIAN_POINT('',(-27.2911886870861,40.5177870392799,3.));
#14360=CARTESIAN_POINT('Ctrl Pts',(-27.2911886870861,40.5177870392799,3.));
#14361=CARTESIAN_POINT('Ctrl Pts',(-27.2921381909667,40.5188888326053,2.83333333333333));
#14362=CARTESIAN_POINT('Ctrl Pts',(-27.2930876948473,40.5199906259306,2.66666666666667));
#14363=CARTESIAN_POINT('Ctrl Pts',(-27.2940371987279,40.521092419256,2.5));
#14364=CARTESIAN_POINT('Ctrl Pts',(-27.6369743049145,40.3721359372139,3.));
#14365=CARTESIAN_POINT('Ctrl Pts',(-27.5191255907218,40.3721359372139,3.));
#14366=CARTESIAN_POINT('Ctrl Pts',(-27.4038637181123,40.4206863045692,3.));
#14367=CARTESIAN_POINT('Ctrl Pts',(-27.2911886870861,40.5177870392799,3.));
#14368=CARTESIAN_POINT('Ctrl Pts',(-27.0037178695202,41.0120061039925,3.));
#14369=CARTESIAN_POINT('Ctrl Pts',(-27.0050949953855,41.0124741109392,2.83333333333333));
#14370=CARTESIAN_POINT('Ctrl Pts',(-27.0064721212507,41.012942117886,2.66666666666667));
#14371=CARTESIAN_POINT('Ctrl Pts',(-27.007849247116,41.0134101248328,2.5));
#14372=CARTESIAN_POINT('Ctrl Pts',(-27.0826900502046,40.7796278595924,3.));
#14373=CARTESIAN_POINT('Ctrl Pts',(-27.0840144717077,40.7802310659298,2.83333333333333));
#14374=CARTESIAN_POINT('Ctrl Pts',(-27.0853531540664,40.7808519640257,2.66666666666667));
#14375=CARTESIAN_POINT('Ctrl Pts',(-27.0866775755696,40.7814551703631,2.5));
#14376=CARTESIAN_POINT('Ctrl Pts',(-27.1785136560599,40.6148881713549,3.));
#14377=CARTESIAN_POINT('Ctrl Pts',(-27.1797678670982,40.6157144460979,2.83333333333333));
#14378=CARTESIAN_POINT('Ctrl Pts',(-27.181030003543,40.6165726746693,2.66666666666667));
#14379=CARTESIAN_POINT('Ctrl Pts',(-27.1822842145813,40.6173989494123,2.5));
#14380=CARTESIAN_POINT('Ctrl Pts',(-27.2911886870861,40.5177870392799,3.));
#14381=CARTESIAN_POINT('Ctrl Pts',(-27.2921381909667,40.5188888326053,2.83333333333333));
#14382=CARTESIAN_POINT('Ctrl Pts',(-27.2930876948473,40.5199906259306,2.66666666666667));
#14383=CARTESIAN_POINT('Ctrl Pts',(-27.2940371987279,40.521092419256,2.5));
#14384=CARTESIAN_POINT('',(-27.0078492071298,41.0134102424881,2.5));
#14385=CARTESIAN_POINT('Ctrl Pts',(-27.2940371987279,40.521092419256,2.5));
#14386=CARTESIAN_POINT('Ctrl Pts',(-27.1822842145813,40.6173989494123,2.5));
#14387=CARTESIAN_POINT('Ctrl Pts',(-27.0866775755696,40.7814551703631,2.5));
#14388=CARTESIAN_POINT('Ctrl Pts',(-27.007849247116,41.0134101248328,2.5));
#14389=CARTESIAN_POINT('',(-27.0037178695202,41.0120061039925,3.));
#14390=CARTESIAN_POINT('Ctrl Pts',(-27.0037178695202,41.0120061039925,3.));
#14391=CARTESIAN_POINT('Ctrl Pts',(-27.0050949820567,41.0124741501577,2.83333333333333));
#14392=CARTESIAN_POINT('Ctrl Pts',(-27.0064720945933,41.0129421963229,2.66666666666667));
#14393=CARTESIAN_POINT('Ctrl Pts',(-27.0078492071298,41.0134102424881,2.5));
#14394=CARTESIAN_POINT('Ctrl Pts',(-27.2911886870861,40.5177870392799,3.));
#14395=CARTESIAN_POINT('Ctrl Pts',(-27.1785136560599,40.6148881713549,3.));
#14396=CARTESIAN_POINT('Ctrl Pts',(-27.0826900502046,40.7796278595924,3.));
#14397=CARTESIAN_POINT('Ctrl Pts',(-27.0037178695202,41.0120061039925,3.));
#14398=CARTESIAN_POINT('Ctrl Pts',(-26.9678692519665,41.4838171005249,3.));
#14399=CARTESIAN_POINT('Ctrl Pts',(-26.9691770579316,41.4831805868105,2.83333333333333));
#14400=CARTESIAN_POINT('Ctrl Pts',(-26.9704848638968,41.4825440730961,2.66666666666667));
#14401=CARTESIAN_POINT('Ctrl Pts',(-26.9717926698619,41.4819075593818,2.5));
#14402=CARTESIAN_POINT('Ctrl Pts',(-26.9189942379793,41.3833965857824,3.));
#14403=CARTESIAN_POINT('Ctrl Pts',(-26.9205748662756,41.3834225936263,2.83333333333333));
#14404=CARTESIAN_POINT('Ctrl Pts',(-26.9222440109105,41.3833245602125,2.66666666666667));
#14405=CARTESIAN_POINT('Ctrl Pts',(-26.9238246392069,41.3833505680565,2.5));
#14406=CARTESIAN_POINT('Ctrl Pts',(-26.9309437771638,41.2261262536049,3.));
#14407=CARTESIAN_POINT('Ctrl Pts',(-26.9323467302546,41.2264440101678,2.83333333333333));
#14408=CARTESIAN_POINT('Ctrl Pts',(-26.9338348147576,41.2267340682397,2.66666666666667));
#14409=CARTESIAN_POINT('Ctrl Pts',(-26.9352377678483,41.2270518248026,2.5));
#14410=CARTESIAN_POINT('Ctrl Pts',(-27.0037178695202,41.0120061039925,3.));
#14411=CARTESIAN_POINT('Ctrl Pts',(-27.0050949820567,41.0124741501577,2.83333333333333));
#14412=CARTESIAN_POINT('Ctrl Pts',(-27.0064720945933,41.0129421963229,2.66666666666667));
#14413=CARTESIAN_POINT('Ctrl Pts',(-27.0078492071298,41.0134102424881,2.5));
#14414=CARTESIAN_POINT('',(-26.9717926835664,41.4819075875398,2.5));
#14415=CARTESIAN_POINT('Ctrl Pts',(-27.0078492071298,41.0134102424881,2.5));
#14416=CARTESIAN_POINT('Ctrl Pts',(-26.9352377678483,41.2270518248026,2.5));
#14417=CARTESIAN_POINT('Ctrl Pts',(-26.9238246392069,41.3833505680565,2.5));
#14418=CARTESIAN_POINT('Ctrl Pts',(-26.9717926698619,41.4819075593818,2.5));
#14419=CARTESIAN_POINT('',(-26.9678692519665,41.4838171005249,3.));
#14420=CARTESIAN_POINT('Ctrl Pts',(-26.9678692519665,41.4838171005249,3.));
#14421=CARTESIAN_POINT('Ctrl Pts',(-26.9691770624998,41.4831805961965,2.83333333333333));
#14422=CARTESIAN_POINT('Ctrl Pts',(-26.9704848730331,41.4825440918682,2.66666666666667));
#14423=CARTESIAN_POINT('Ctrl Pts',(-26.9717926835664,41.4819075875398,2.5));
#14424=CARTESIAN_POINT('Ctrl Pts',(-27.0037178695202,41.0120061039925,3.));
#14425=CARTESIAN_POINT('Ctrl Pts',(-26.9309437771638,41.2261262536049,3.));
#14426=CARTESIAN_POINT('Ctrl Pts',(-26.9189942379793,41.3833965857824,3.));
#14427=CARTESIAN_POINT('Ctrl Pts',(-26.9678692519665,41.4838171005249,3.));
#14428=CARTESIAN_POINT('Ctrl Pts',(-27.2204439342022,41.6344481706619,3.));
#14429=CARTESIAN_POINT('Ctrl Pts',(-27.2204439342022,41.6329936926968,2.83333333333333));
#14430=CARTESIAN_POINT('Ctrl Pts',(-27.2204439342022,41.6315392147317,2.66666666666667));
#14431=CARTESIAN_POINT('Ctrl Pts',(-27.2204439342022,41.6300847367665,2.5));
#14432=CARTESIAN_POINT('Ctrl Pts',(-27.1009350319703,41.6344481706619,3.));
#14433=CARTESIAN_POINT('Ctrl Pts',(-27.1013354164814,41.6329345868704,2.83333333333333));
#14434=CARTESIAN_POINT('Ctrl Pts',(-27.1017568134419,41.6315983205581,2.66666666666667));
#14435=CARTESIAN_POINT('Ctrl Pts',(-27.1021571979529,41.6300847367665,2.5));
#14436=CARTESIAN_POINT('Ctrl Pts',(-27.0167434712251,41.5842378139496,3.));
#14437=CARTESIAN_POINT('Ctrl Pts',(-27.0178875439426,41.5831383419148,2.83333333333333));
#14438=CARTESIAN_POINT('Ctrl Pts',(-27.0189104040153,41.5821694354537,2.66666666666667));
#14439=CARTESIAN_POINT('Ctrl Pts',(-27.0200544767328,41.5810699634189,2.5));
#14440=CARTESIAN_POINT('Ctrl Pts',(-26.9678692519665,41.4838171005249,3.));
#14441=CARTESIAN_POINT('Ctrl Pts',(-26.9691770624998,41.4831805961965,2.83333333333333));
#14442=CARTESIAN_POINT('Ctrl Pts',(-26.9704848730331,41.4825440918682,2.66666666666667));
#14443=CARTESIAN_POINT('Ctrl Pts',(-26.9717926835664,41.4819075875398,2.5));
#14444=CARTESIAN_POINT('',(-27.2204439342022,41.6300847367665,2.5));
#14445=CARTESIAN_POINT('Ctrl Pts',(-26.9717926835664,41.4819075875398,2.5));
#14446=CARTESIAN_POINT('Ctrl Pts',(-27.0200544767328,41.5810699634189,2.5));
#14447=CARTESIAN_POINT('Ctrl Pts',(-27.1021571979529,41.6300847367665,2.5));
#14448=CARTESIAN_POINT('Ctrl Pts',(-27.2204439342022,41.6300847367665,2.5));
#14449=CARTESIAN_POINT('',(-27.2204439342022,41.6344481706619,3.));
#14450=CARTESIAN_POINT('Ctrl Pts',(-27.2204439342022,41.6344481706619,3.));
#14451=CARTESIAN_POINT('Ctrl Pts',(-27.2204439342022,41.6329936926968,2.83333333333333));
#14452=CARTESIAN_POINT('Ctrl Pts',(-27.2204439342022,41.6315392147317,2.66666666666667));
#14453=CARTESIAN_POINT('Ctrl Pts',(-27.2204439342022,41.6300847367665,2.5));
#14454=CARTESIAN_POINT('Ctrl Pts',(-26.9678692519665,41.4838171005249,3.));
#14455=CARTESIAN_POINT('Ctrl Pts',(-27.0167434712251,41.5842378139496,3.));
#14456=CARTESIAN_POINT('Ctrl Pts',(-27.1009350319703,41.6344481706619,3.));
#14457=CARTESIAN_POINT('Ctrl Pts',(-27.2204439342022,41.6344481706619,3.));
#14458=CARTESIAN_POINT('Ctrl Pts',(-27.5957183539867,41.4825722575188,3.));
#14459=CARTESIAN_POINT('Ctrl Pts',(-27.5947836550944,41.4814578769143,2.83333333333333));
#14460=CARTESIAN_POINT('Ctrl Pts',(-27.593848956202,41.4803434963098,2.66666666666667));
#14461=CARTESIAN_POINT('Ctrl Pts',(-27.5929142573096,41.4792291157053,2.5));
#14462=CARTESIAN_POINT('Ctrl Pts',(-27.4750038484732,41.5838228662809,3.));
#14463=CARTESIAN_POINT('Ctrl Pts',(-27.4742543444624,41.5825441354184,2.83333333333333));
#14464=CARTESIAN_POINT('Ctrl Pts',(-27.4735377321162,41.5812648644039,2.66666666666667));
#14465=CARTESIAN_POINT('Ctrl Pts',(-27.4727882281054,41.5799861335415,2.5));
#14466=CARTESIAN_POINT('Ctrl Pts',(-27.3499123752117,41.6344481706619,3.));
#14467=CARTESIAN_POINT('Ctrl Pts',(-27.34952231603,41.6329885738432,2.83333333333333));
#14468=CARTESIAN_POINT('Ctrl Pts',(-27.3491649619851,41.6315443335853,2.66666666666667));
#14469=CARTESIAN_POINT('Ctrl Pts',(-27.3487749028034,41.6300847367665,2.5));
#14470=CARTESIAN_POINT('Ctrl Pts',(-27.2204439342022,41.6344481706619,3.));
#14471=CARTESIAN_POINT('Ctrl Pts',(-27.2204439342022,41.6329936926968,2.83333333333333));
#14472=CARTESIAN_POINT('Ctrl Pts',(-27.2204439342022,41.6315392147317,2.66666666666667));
#14473=CARTESIAN_POINT('Ctrl Pts',(-27.2204439342022,41.6300847367665,2.5));
#14474=CARTESIAN_POINT('',(-27.5929142573096,41.4792291157053,2.5));
#14475=CARTESIAN_POINT('Ctrl Pts',(-27.2204439342022,41.6300847367665,2.5));
#14476=CARTESIAN_POINT('Ctrl Pts',(-27.3487749028034,41.6300847367665,2.5));
#14477=CARTESIAN_POINT('Ctrl Pts',(-27.4727882281054,41.5799861335415,2.5));
#14478=CARTESIAN_POINT('Ctrl Pts',(-27.5929142573096,41.4792291157053,2.5));
#14479=CARTESIAN_POINT('',(-27.5957183539867,41.4825722575188,3.));
#14480=CARTESIAN_POINT('Ctrl Pts',(-27.5957183539867,41.4825722575188,3.));
#14481=CARTESIAN_POINT('Ctrl Pts',(-27.5947836550944,41.4814578769143,2.83333333333333));
#14482=CARTESIAN_POINT('Ctrl Pts',(-27.593848956202,41.4803434963098,2.66666666666667));
#14483=CARTESIAN_POINT('Ctrl Pts',(-27.5929142573096,41.4792291157053,2.5));
#14484=CARTESIAN_POINT('Ctrl Pts',(-27.2204439342022,41.6344481706619,3.));
#14485=CARTESIAN_POINT('Ctrl Pts',(-27.3499123752117,41.6344481706619,3.));
#14486=CARTESIAN_POINT('Ctrl Pts',(-27.4750038484732,41.5838228662809,3.));
#14487=CARTESIAN_POINT('Ctrl Pts',(-27.5957183539867,41.4825722575188,3.));
#14488=CARTESIAN_POINT('Ctrl Pts',(-27.8927199542522,40.9895980358124,3.));
#14489=CARTESIAN_POINT('Ctrl Pts',(-27.8913428405398,40.9891299931071,2.83333333333333));
#14490=CARTESIAN_POINT('Ctrl Pts',(-27.8899657268273,40.9886619504019,2.66666666666667));
#14491=CARTESIAN_POINT('Ctrl Pts',(-27.8885886131148,40.9881939076966,2.5));
#14492=CARTESIAN_POINT('Ctrl Pts',(-27.8154333929221,41.2169969081879,3.));
#14493=CARTESIAN_POINT('Ctrl Pts',(-27.8141111210087,41.2163790478114,2.83333333333333));
#14494=CARTESIAN_POINT('Ctrl Pts',(-27.8127835608982,41.2157421196716,2.66666666666667));
#14495=CARTESIAN_POINT('Ctrl Pts',(-27.8114612889848,41.2151242592951,2.5));
#14496=CARTESIAN_POINT('Ctrl Pts',(-27.7164328595003,41.3813216487567,3.));
#14497=CARTESIAN_POINT('Ctrl Pts',(-27.7152031946688,41.3804628421234,2.83333333333333));
#14498=CARTESIAN_POINT('Ctrl Pts',(-27.7139774238686,41.3795762651157,2.66666666666667));
#14499=CARTESIAN_POINT('Ctrl Pts',(-27.7127477590371,41.3787174584825,2.5));
#14500=CARTESIAN_POINT('Ctrl Pts',(-27.5957183539867,41.4825722575188,3.));
#14501=CARTESIAN_POINT('Ctrl Pts',(-27.5947836550944,41.4814578769143,2.83333333333333));
#14502=CARTESIAN_POINT('Ctrl Pts',(-27.593848956202,41.4803434963098,2.66666666666667));
#14503=CARTESIAN_POINT('Ctrl Pts',(-27.5929142573096,41.4792291157053,2.5));
#14504=CARTESIAN_POINT('Ctrl Pts',(-27.5929142573096,41.4792291157053,2.5));
#14505=CARTESIAN_POINT('Ctrl Pts',(-27.7127477003494,41.3787175077074,2.5));
#14506=CARTESIAN_POINT('Ctrl Pts',(-27.8114611922962,41.2151244195326,2.5));
#14507=CARTESIAN_POINT('Ctrl Pts',(-27.888588499797,40.9881942411096,2.5));
#14508=CARTESIAN_POINT('Ctrl Pts',(-27.5957183539867,41.4825722575188,3.));
#14509=CARTESIAN_POINT('Ctrl Pts',(-27.7164328595003,41.3813216487567,3.));
#14510=CARTESIAN_POINT('Ctrl Pts',(-27.8154333929221,41.2169969081879,3.));
#14511=CARTESIAN_POINT('Ctrl Pts',(-27.8927199542522,40.9895980358124,3.));
#14512=CARTESIAN_POINT('Ctrl Pts',(-27.9804067313671,39.694918692112,3.));
#14513=CARTESIAN_POINT('Ctrl Pts',(-27.9810364509287,39.6936076011827,2.83333333333333));
#14514=CARTESIAN_POINT('Ctrl Pts',(-27.9816661704903,39.6922965102534,2.66666666666667));
#14515=CARTESIAN_POINT('Ctrl Pts',(-27.9822958900518,39.6909854193242,2.5));
#14516=CARTESIAN_POINT('Ctrl Pts',(-28.090994010369,39.7480339805285,3.));
#14517=CARTESIAN_POINT('Ctrl Pts',(-28.0918601907752,39.7468322086095,2.83333333333333));
#14518=CARTESIAN_POINT('Ctrl Pts',(-28.0927202729346,39.7456402684913,2.66666666666667));
#14519=CARTESIAN_POINT('Ctrl Pts',(-28.0935864533409,39.7444384965722,2.5));
#14520=CARTESIAN_POINT('Ctrl Pts',(-28.1791472931703,39.8268766204516,3.));
#14521=CARTESIAN_POINT('Ctrl Pts',(-28.1802454625577,39.8258833268427,2.83333333333333));
#14522=CARTESIAN_POINT('Ctrl Pts',(-28.1813339082597,39.8248963046992,2.66666666666667));
#14523=CARTESIAN_POINT('Ctrl Pts',(-28.1824320776471,39.8239030110902,2.5));
#14524=CARTESIAN_POINT('Ctrl Pts',(-28.244866579771,39.9314466118813,3.));
#14525=CARTESIAN_POINT('Ctrl Pts',(-28.2460980492737,39.930672668075,2.83333333333333));
#14526=CARTESIAN_POINT('Ctrl Pts',(-28.2473295187763,39.9298987242688,2.66666666666667));
#14527=CARTESIAN_POINT('Ctrl Pts',(-28.2485609882789,39.9291247804626,2.5));
#14528=CARTESIAN_POINT('',(-28.2436596190829,39.9214372171296,2.5));
#14529=CARTESIAN_POINT('',(-27.9822958785679,39.6909854138084,2.5));
#14530=CARTESIAN_POINT('Ctrl Pts',(-28.243659544706,39.9214372652372,2.5));
#14531=CARTESIAN_POINT('Ctrl Pts',(-28.178065111414,39.8200248120414,2.5));
#14532=CARTESIAN_POINT('Ctrl Pts',(-28.0908597983956,39.7431288788192,2.5));
#14533=CARTESIAN_POINT('Ctrl Pts',(-27.9822958900518,39.6909854193242,2.5));
#14534=CARTESIAN_POINT('',(-28.244866579771,39.9314466118813,3.));
#14535=CARTESIAN_POINT('Ctrl Pts',(-28.244866579771,39.9314466118813,3.));
#14536=CARTESIAN_POINT('Ctrl Pts',(-28.2446693970285,39.9297653637888,2.91661829854233));
#14537=CARTESIAN_POINT('Ctrl Pts',(-28.2444701335984,39.9280901701898,2.83323408521967));
#14538=CARTESIAN_POINT('Ctrl Pts',(-28.2440677862477,39.9247538281948,2.66656900822666));
#14539=CARTESIAN_POINT('Ctrl Pts',(-28.2438646956157,39.9230925700187,2.58328336876796));
#14540=CARTESIAN_POINT('Ctrl Pts',(-28.2436596190829,39.9214372171296,2.5));
#14541=CARTESIAN_POINT('',(-27.9804067313671,39.694918692112,3.));
#14542=CARTESIAN_POINT('Ctrl Pts',(-27.9804067313671,39.694918692112,3.));
#14543=CARTESIAN_POINT('Ctrl Pts',(-28.090994010369,39.7480339805285,3.));
#14544=CARTESIAN_POINT('Ctrl Pts',(-28.1791472931703,39.8268766204516,3.));
#14545=CARTESIAN_POINT('Ctrl Pts',(-28.244866579771,39.9314466118813,3.));
#14546=CARTESIAN_POINT('Ctrl Pts',(-27.9804067313671,39.694918692112,3.));
#14547=CARTESIAN_POINT('Ctrl Pts',(-27.9810364471007,39.6936075993441,2.83333333333333));
#14548=CARTESIAN_POINT('Ctrl Pts',(-27.9816661628343,39.6922965065763,2.66666666666667));
#14549=CARTESIAN_POINT('Ctrl Pts',(-27.9822958785679,39.6909854138084,2.5));
#14550=CARTESIAN_POINT('Ctrl Pts',(-27.5804881751537,39.6152463555336,3.));
#14551=CARTESIAN_POINT('Ctrl Pts',(-27.5804881751537,39.6137918775685,2.83333333333333));
#14552=CARTESIAN_POINT('Ctrl Pts',(-27.5804881751537,39.6123373996033,2.66666666666667));
#14553=CARTESIAN_POINT('Ctrl Pts',(-27.5804881751537,39.6108829216382,2.5));
#14554=CARTESIAN_POINT('Ctrl Pts',(-27.7365132669608,39.6152463555336,3.));
#14555=CARTESIAN_POINT('Ctrl Pts',(-27.7366758647098,39.6137919184062,2.83333333333333));
#14556=CARTESIAN_POINT('Ctrl Pts',(-27.7368458103314,39.6123373587657,2.66666666666667));
#14557=CARTESIAN_POINT('Ctrl Pts',(-27.7370084080805,39.6108829216382,2.5));
#14558=CARTESIAN_POINT('Ctrl Pts',(-27.8698194523652,39.6418038010597,3.));
#14559=CARTESIAN_POINT('Ctrl Pts',(-27.8702056582483,39.6403763361729,2.83333333333333));
#14560=CARTESIAN_POINT('Ctrl Pts',(-27.8706004781773,39.6389512527945,2.66666666666667));
#14561=CARTESIAN_POINT('Ctrl Pts',(-27.8709866840603,39.6375237879077,2.5));
#14562=CARTESIAN_POINT('Ctrl Pts',(-27.9804067313671,39.694918692112,3.));
#14563=CARTESIAN_POINT('Ctrl Pts',(-27.9810364471007,39.6936075993441,2.83333333333333));
#14564=CARTESIAN_POINT('Ctrl Pts',(-27.9816661628343,39.6922965065763,2.66666666666667));
#14565=CARTESIAN_POINT('Ctrl Pts',(-27.9822958785679,39.6909854138084,2.5));
#14566=CARTESIAN_POINT('',(-27.5804881751537,39.6108829216382,2.5));
#14567=CARTESIAN_POINT('Ctrl Pts',(-27.9822958785679,39.6909854138084,2.5));
#14568=CARTESIAN_POINT('Ctrl Pts',(-27.8709866840603,39.6375237879077,2.5));
#14569=CARTESIAN_POINT('Ctrl Pts',(-27.7370084080805,39.6108829216382,2.5));
#14570=CARTESIAN_POINT('Ctrl Pts',(-27.5804881751537,39.6108829216382,2.5));
#14571=CARTESIAN_POINT('',(-27.5804881751537,39.6152463555336,3.));
#14572=CARTESIAN_POINT('Ctrl Pts',(-27.5804881751537,39.6152463555336,3.));
#14573=CARTESIAN_POINT('Ctrl Pts',(-27.7365132669608,39.6152463555336,3.));
#14574=CARTESIAN_POINT('Ctrl Pts',(-27.8698194523652,39.6418038010597,3.));
#14575=CARTESIAN_POINT('Ctrl Pts',(-27.9804067313671,39.694918692112,3.));
#14576=CARTESIAN_POINT('Ctrl Pts',(-27.5804881751537,39.6152463555336,3.));
#14577=CARTESIAN_POINT('Ctrl Pts',(-27.5804881751537,39.6137918775685,2.83333333333333));
#14578=CARTESIAN_POINT('Ctrl Pts',(-27.5804881751537,39.6123373996033,2.66666666666667));
#14579=CARTESIAN_POINT('Ctrl Pts',(-27.5804881751537,39.6108829216382,2.5));
#14580=CARTESIAN_POINT('Ctrl Pts',(-26.6632418334484,39.9625685811043,3.));
#14581=CARTESIAN_POINT('Ctrl Pts',(-26.6623333290416,39.9614327440148,2.83333333333333));
#14582=CARTESIAN_POINT('Ctrl Pts',(-26.6614248246349,39.9602969069253,2.66666666666667));
#14583=CARTESIAN_POINT('Ctrl Pts',(-26.6605163202281,39.9591610698358,2.5));
#14584=CARTESIAN_POINT('Ctrl Pts',(-26.9527296721935,39.7310204307238,3.));
#14585=CARTESIAN_POINT('Ctrl Pts',(-26.952017815934,39.7297183362059,2.83333333333333));
#14586=CARTESIAN_POINT('Ctrl Pts',(-26.9513323029302,39.7284220734853,2.66666666666667));
#14587=CARTESIAN_POINT('Ctrl Pts',(-26.9506204466707,39.7271199789674,2.5));
#14588=CARTESIAN_POINT('Ctrl Pts',(-27.258478452762,39.6152463555336,3.));
#14589=CARTESIAN_POINT('Ctrl Pts',(-27.2581225442174,39.613785932568,2.83333333333333));
#14590=CARTESIAN_POINT('Ctrl Pts',(-27.2577884870389,39.6123433446038,2.66666666666667));
#14591=CARTESIAN_POINT('Ctrl Pts',(-27.2574325784943,39.6108829216382,2.5));
#14592=CARTESIAN_POINT('Ctrl Pts',(-27.5804881751537,39.6152463555336,3.));
#14593=CARTESIAN_POINT('Ctrl Pts',(-27.5804881751537,39.6137918775685,2.83333333333333));
#14594=CARTESIAN_POINT('Ctrl Pts',(-27.5804881751537,39.6123373996033,2.66666666666667));
#14595=CARTESIAN_POINT('Ctrl Pts',(-27.5804881751537,39.6108829216382,2.5));
#14596=CARTESIAN_POINT('',(-26.6605163173757,39.9591610721173,2.5));
#14597=CARTESIAN_POINT('Ctrl Pts',(-27.5804881751537,39.6108829216382,2.5));
#14598=CARTESIAN_POINT('Ctrl Pts',(-27.2574325784943,39.6108829216382,2.5));
#14599=CARTESIAN_POINT('Ctrl Pts',(-26.9506204466707,39.7271199789674,2.5));
#14600=CARTESIAN_POINT('Ctrl Pts',(-26.6605163202281,39.9591610698358,2.5));
#14601=CARTESIAN_POINT('',(-26.6632418334484,39.9625685811043,3.));
#14602=CARTESIAN_POINT('Ctrl Pts',(-26.6632418334484,39.9625685811043,3.));
#14603=CARTESIAN_POINT('Ctrl Pts',(-26.9527296721935,39.7310204307238,3.));
#14604=CARTESIAN_POINT('Ctrl Pts',(-27.258478452762,39.6152463555336,3.));
#14605=CARTESIAN_POINT('Ctrl Pts',(-27.5804881751537,39.6152463555336,3.));
#14606=CARTESIAN_POINT('Ctrl Pts',(-26.6632418334484,39.9625685811043,3.));
#14607=CARTESIAN_POINT('Ctrl Pts',(-26.6623333280908,39.9614327447753,2.83333333333333));
#14608=CARTESIAN_POINT('Ctrl Pts',(-26.6614248227332,39.9602969084463,2.66666666666667));
#14609=CARTESIAN_POINT('Ctrl Pts',(-26.6605163173757,39.9591610721173,2.5));
#14610=CARTESIAN_POINT('Ctrl Pts',(-26.0047762095928,40.9696799516678,3.));
#14611=CARTESIAN_POINT('Ctrl Pts',(-26.0033990895605,40.9692119275578,2.83333333333333));
#14612=CARTESIAN_POINT('Ctrl Pts',(-26.0020219695281,40.9687439034477,2.66666666666667));
#14613=CARTESIAN_POINT('Ctrl Pts',(-26.0006448494958,40.9682758793377,2.5));
#14614=CARTESIAN_POINT('Ctrl Pts',(-26.1542654534181,40.5298209190369,3.));
#14615=CARTESIAN_POINT('Ctrl Pts',(-26.1529519264238,40.5291599362105,2.83333333333333));
#14616=CARTESIAN_POINT('Ctrl Pts',(-26.1516486883772,40.5284862043372,2.66666666666667));
#14617=CARTESIAN_POINT('Ctrl Pts',(-26.1503351613829,40.5278252215109,2.5));
#14618=CARTESIAN_POINT('Ctrl Pts',(-26.3737539947033,40.194117128849,3.));
#14619=CARTESIAN_POINT('Ctrl Pts',(-26.3725845593287,40.193188883738,2.83333333333333));
#14620=CARTESIAN_POINT('Ctrl Pts',(-26.3714315326666,40.192250859587,2.66666666666667));
#14621=CARTESIAN_POINT('Ctrl Pts',(-26.370262097292,40.191322614476,2.5));
#14622=CARTESIAN_POINT('Ctrl Pts',(-26.6632418334484,39.9625685811043,3.));
#14623=CARTESIAN_POINT('Ctrl Pts',(-26.6623333280908,39.9614327447753,2.83333333333333));
#14624=CARTESIAN_POINT('Ctrl Pts',(-26.6614248227332,39.9602969084463,2.66666666666667));
#14625=CARTESIAN_POINT('Ctrl Pts',(-26.6605163173757,39.9591610721173,2.5));
#14626=CARTESIAN_POINT('',(-26.0006448326769,40.9682759288267,2.5));
#14627=CARTESIAN_POINT('Ctrl Pts',(-26.6605163173757,39.9591610721173,2.5));
#14628=CARTESIAN_POINT('Ctrl Pts',(-26.370262097292,40.191322614476,2.5));
#14629=CARTESIAN_POINT('Ctrl Pts',(-26.1503351613829,40.5278252215109,2.5));
#14630=CARTESIAN_POINT('Ctrl Pts',(-26.0006448494958,40.9682758793377,2.5));
#14631=CARTESIAN_POINT('',(-26.0047762095928,40.9696799516678,3.));
#14632=CARTESIAN_POINT('Ctrl Pts',(-26.0047762095928,40.9696799516678,3.));
#14633=CARTESIAN_POINT('Ctrl Pts',(-26.1542654534181,40.5298209190369,3.));
#14634=CARTESIAN_POINT('Ctrl Pts',(-26.3737539947033,40.194117128849,3.));
#14635=CARTESIAN_POINT('Ctrl Pts',(-26.6632418334484,39.9625685811043,3.));
#14636=CARTESIAN_POINT('Ctrl Pts',(-26.0047762095928,40.9696799516678,3.));
#14637=CARTESIAN_POINT('Ctrl Pts',(-26.0033990839542,40.9692119440541,2.83333333333333));
#14638=CARTESIAN_POINT('Ctrl Pts',(-26.0020219583156,40.9687439364404,2.66666666666667));
#14639=CARTESIAN_POINT('Ctrl Pts',(-26.0006448326769,40.9682759288267,2.5));
#14640=CARTESIAN_POINT('Ctrl Pts',(-25.9538333117962,41.9730564951897,3.));
#14641=CARTESIAN_POINT('Ctrl Pts',(-25.9524713776138,41.9735670257312,2.83333333333333));
#14642=CARTESIAN_POINT('Ctrl Pts',(-25.9511094434313,41.9740775562727,2.66666666666667));
#14643=CARTESIAN_POINT('Ctrl Pts',(-25.9497475092489,41.9745880868142,2.5));
#14644=CARTESIAN_POINT('Ctrl Pts',(-25.8524140218894,41.7025018731753,3.));
#14645=CARTESIAN_POINT('Ctrl Pts',(-25.8508933392269,41.7025762834614,2.83333333333333));
#14646=CARTESIAN_POINT('Ctrl Pts',(-25.8493778508706,41.702702438917,2.66666666666667));
#14647=CARTESIAN_POINT('Ctrl Pts',(-25.8478571682081,41.7027768492031,2.5));
#14648=CARTESIAN_POINT('Ctrl Pts',(-25.8693949878216,41.3680430253347,3.));
#14649=CARTESIAN_POINT('Ctrl Pts',(-25.8679542387346,41.3677627639235,2.83333333333333));
#14650=CARTESIAN_POINT('Ctrl Pts',(-25.8665007092973,41.3675185118352,2.66666666666667));
#14651=CARTESIAN_POINT('Ctrl Pts',(-25.8650599602103,41.367238250424,2.5));
#14652=CARTESIAN_POINT('Ctrl Pts',(-26.0047762095928,40.9696799516678,3.));
#14653=CARTESIAN_POINT('Ctrl Pts',(-26.0033990839542,40.9692119440541,2.83333333333333));
#14654=CARTESIAN_POINT('Ctrl Pts',(-26.0020219583156,40.9687439364404,2.66666666666667));
#14655=CARTESIAN_POINT('Ctrl Pts',(-26.0006448326769,40.9682759288267,2.5));
#14656=CARTESIAN_POINT('',(-25.9497475088793,41.974588085828,2.5));
#14657=CARTESIAN_POINT('Ctrl Pts',(-26.0006448326769,40.9682759288267,2.5));
#14658=CARTESIAN_POINT('Ctrl Pts',(-25.8650599602103,41.367238250424,2.5));
#14659=CARTESIAN_POINT('Ctrl Pts',(-25.8478571682081,41.7027768492031,2.5));
#14660=CARTESIAN_POINT('Ctrl Pts',(-25.9497475092489,41.9745880868142,2.5));
#14661=CARTESIAN_POINT('',(-25.9538333117962,41.9730564951897,3.));
#14662=CARTESIAN_POINT('Ctrl Pts',(-25.9538333117962,41.9730564951897,3.));
#14663=CARTESIAN_POINT('Ctrl Pts',(-25.8524140218894,41.7025018731753,3.));
#14664=CARTESIAN_POINT('Ctrl Pts',(-25.8693949878216,41.3680430253347,3.));
#14665=CARTESIAN_POINT('Ctrl Pts',(-26.0047762095928,40.9696799516678,3.));
#14666=CARTESIAN_POINT('Ctrl Pts',(-25.9538333117962,41.9730564951897,3.));
#14667=CARTESIAN_POINT('Ctrl Pts',(-25.9524713774905,41.9735670254024,2.83333333333333));
#14668=CARTESIAN_POINT('Ctrl Pts',(-25.9511094431849,41.9740775556152,2.66666666666667));
#14669=CARTESIAN_POINT('Ctrl Pts',(-25.9497475088793,41.974588085828,2.5));
#14670=CARTESIAN_POINT('Ctrl Pts',(-26.6362826526165,42.3788887262344,3.));
#14671=CARTESIAN_POINT('Ctrl Pts',(-26.6362826526165,42.3803432041996,2.83333333333333));
#14672=CARTESIAN_POINT('Ctrl Pts',(-26.6362826526165,42.3817976821647,2.66666666666667));
#14673=CARTESIAN_POINT('Ctrl Pts',(-26.6362826526165,42.3832521601298,2.5));
#14674=CARTESIAN_POINT('Ctrl Pts',(-26.2827357153098,42.3788887262344,3.));
#14675=CARTESIAN_POINT('Ctrl Pts',(-26.2824042440772,42.3804202074263,2.83333333333333));
#14676=CARTESIAN_POINT('Ctrl Pts',(-26.2819541348269,42.3817206789379,2.66666666666667));
#14677=CARTESIAN_POINT('Ctrl Pts',(-26.2816226635943,42.3832521601298,2.5));
#14678=CARTESIAN_POINT('Ctrl Pts',(-26.055252601703,42.2436113158862,3.));
#14679=CARTESIAN_POINT('Ctrl Pts',(-26.0540516843195,42.2447248877395,2.83333333333333));
#14680=CARTESIAN_POINT('Ctrl Pts',(-26.0529526561116,42.2455897707704,2.66666666666667));
#14681=CARTESIAN_POINT('Ctrl Pts',(-26.0517517387281,42.2467033426237,2.5));
#14682=CARTESIAN_POINT('Ctrl Pts',(-25.9538333117962,41.9730564951897,3.));
#14683=CARTESIAN_POINT('Ctrl Pts',(-25.9524713774905,41.9735670254024,2.83333333333333));
#14684=CARTESIAN_POINT('Ctrl Pts',(-25.9511094431849,41.9740775556152,2.66666666666667));
#14685=CARTESIAN_POINT('Ctrl Pts',(-25.9497475088793,41.974588085828,2.5));
#14686=CARTESIAN_POINT('',(-26.6362826526165,42.3832521601298,2.5));
#14687=CARTESIAN_POINT('Ctrl Pts',(-25.9497475088793,41.974588085828,2.5));
#14688=CARTESIAN_POINT('Ctrl Pts',(-26.0517517387281,42.2467033426237,2.5));
#14689=CARTESIAN_POINT('Ctrl Pts',(-26.2816226635943,42.3832521601298,2.5));
#14690=CARTESIAN_POINT('Ctrl Pts',(-26.6362826526165,42.3832521601298,2.5));
#14691=CARTESIAN_POINT('',(-26.6362826526165,42.3788887262344,3.));
#14692=CARTESIAN_POINT('Ctrl Pts',(-26.6362826526165,42.3788887262344,3.));
#14693=CARTESIAN_POINT('Ctrl Pts',(-26.2827357153098,42.3788887262344,3.));
#14694=CARTESIAN_POINT('Ctrl Pts',(-26.055252601703,42.2436113158862,3.));
#14695=CARTESIAN_POINT('Ctrl Pts',(-25.9538333117962,41.9730564951897,3.));
#14696=CARTESIAN_POINT('Ctrl Pts',(-26.6362826526165,42.3788887262344,3.));
#14697=CARTESIAN_POINT('Ctrl Pts',(-26.6362826526165,42.3803432041996,2.83333333333333));
#14698=CARTESIAN_POINT('Ctrl Pts',(-26.6362826526165,42.3817976821647,2.66666666666667));
#14699=CARTESIAN_POINT('Ctrl Pts',(-26.6362826526165,42.3832521601298,2.5));
#14700=CARTESIAN_POINT('Ctrl Pts',(-27.166563719511,42.2618696093559,3.));
#14701=CARTESIAN_POINT('Ctrl Pts',(-27.1671580301304,42.2631971262254,2.83333333333333));
#14702=CARTESIAN_POINT('Ctrl Pts',(-27.1677523407498,42.2645246430949,2.66666666666667));
#14703=CARTESIAN_POINT('Ctrl Pts',(-27.1683466513692,42.2658521599643,2.5));
#14704=CARTESIAN_POINT('Ctrl Pts',(-26.9923059642315,42.3398823539416,3.));
#14705=CARTESIAN_POINT('Ctrl Pts',(-26.9927315672158,42.3412866471997,2.83333333333333));
#14706=CARTESIAN_POINT('Ctrl Pts',(-26.9931539883473,42.3426886198643,2.66666666666667));
#14707=CARTESIAN_POINT('Ctrl Pts',(-26.9935795913316,42.3440929131224,2.5));
#14708=CARTESIAN_POINT('Ctrl Pts',(-26.8155456086,42.3788887262344,3.));
#14709=CARTESIAN_POINT('Ctrl Pts',(-26.8157573841257,42.3803442752104,2.83333333333333));
#14710=CARTESIAN_POINT('Ctrl Pts',(-26.8159668016504,42.3817966111538,2.66666666666667));
#14711=CARTESIAN_POINT('Ctrl Pts',(-26.8161785771761,42.3832521601298,2.5));
#14712=CARTESIAN_POINT('Ctrl Pts',(-26.6362826526165,42.3788887262344,3.));
#14713=CARTESIAN_POINT('Ctrl Pts',(-26.6362826526165,42.3803432041996,2.83333333333333));
#14714=CARTESIAN_POINT('Ctrl Pts',(-26.6362826526165,42.3817976821647,2.66666666666667));
#14715=CARTESIAN_POINT('Ctrl Pts',(-26.6362826526165,42.3832521601298,2.5));
#14716=CARTESIAN_POINT('',(-27.1683521566583,42.2658496907533,2.5));
#14717=CARTESIAN_POINT('Ctrl Pts',(-26.6362826526165,42.3832521601298,2.5));
#14718=CARTESIAN_POINT('Ctrl Pts',(-26.8161785771761,42.3832521601298,2.5));
#14719=CARTESIAN_POINT('Ctrl Pts',(-26.9935795913316,42.3440929131224,2.5));
#14720=CARTESIAN_POINT('Ctrl Pts',(-27.1683466513692,42.2658521599643,2.5));
#14721=CARTESIAN_POINT('',(-27.166563719511,42.2618696093559,3.));
#14722=CARTESIAN_POINT('Ctrl Pts',(-27.166563719511,42.2618696093559,3.));
#14723=CARTESIAN_POINT('Ctrl Pts',(-26.9923059642315,42.3398823539416,3.));
#14724=CARTESIAN_POINT('Ctrl Pts',(-26.8155456086,42.3788887262344,3.));
#14725=CARTESIAN_POINT('Ctrl Pts',(-26.6362826526165,42.3788887262344,3.));
#14726=CARTESIAN_POINT('Ctrl Pts',(-27.166563719511,42.2618696093559,3.));
#14727=CARTESIAN_POINT('Ctrl Pts',(-27.1671598652268,42.263196303155,2.83333333333333));
#14728=CARTESIAN_POINT('Ctrl Pts',(-27.1677560109426,42.2645229969542,2.66666666666667));
#14729=CARTESIAN_POINT('Ctrl Pts',(-27.1683521566583,42.2658496907533,2.5));
#14730=CARTESIAN_POINT('Ctrl Pts',(-27.6409427821636,41.9282406568527,3.));
#14731=CARTESIAN_POINT('Ctrl Pts',(-27.6419029740675,41.9293331483441,2.83333333333333));
#14732=CARTESIAN_POINT('Ctrl Pts',(-27.6428631659714,41.9304256398354,2.66666666666667));
#14733=CARTESIAN_POINT('Ctrl Pts',(-27.6438233578754,41.9315181313268,2.5));
#14734=CARTESIAN_POINT('Ctrl Pts',(-27.4539765218894,42.0925654967626,3.));
#14735=CARTESIAN_POINT('Ctrl Pts',(-27.4548715300143,42.0937106230538,2.83333333333333));
#14736=CARTESIAN_POINT('Ctrl Pts',(-27.4557790066581,42.094858756624,2.66666666666667));
#14737=CARTESIAN_POINT('Ctrl Pts',(-27.456674014783,42.0960038829152,2.5));
#14738=CARTESIAN_POINT('Ctrl Pts',(-27.2958501676718,42.203775147597,3.));
#14739=CARTESIAN_POINT('Ctrl Pts',(-27.2966692223293,42.2049966699206,2.83333333333333));
#14740=CARTESIAN_POINT('Ctrl Pts',(-27.2975052372483,42.2062255953195,2.66666666666667));
#14741=CARTESIAN_POINT('Ctrl Pts',(-27.2983242919058,42.2074471176431,2.5));
#14742=CARTESIAN_POINT('Ctrl Pts',(-27.166563719511,42.2618696093559,3.));
#14743=CARTESIAN_POINT('Ctrl Pts',(-27.1671598652268,42.263196303155,2.83333333333333));
#14744=CARTESIAN_POINT('Ctrl Pts',(-27.1677560109426,42.2645229969542,2.66666666666667));
#14745=CARTESIAN_POINT('Ctrl Pts',(-27.1683521566583,42.2658496907533,2.5));
#14746=CARTESIAN_POINT('',(-27.6315752310799,41.9422430704438,2.5));
#14747=CARTESIAN_POINT('Ctrl Pts',(-27.1683521566583,42.2658496907533,2.5));
#14748=CARTESIAN_POINT('Ctrl Pts',(-27.2954793541914,42.2087254815212,2.5));
#14749=CARTESIAN_POINT('Ctrl Pts',(-27.4497554313766,42.1008571936269,2.5));
#14750=CARTESIAN_POINT('Ctrl Pts',(-27.631575309591,41.9422430910076,2.5));
#14751=CARTESIAN_POINT('',(-27.6409427821636,41.9282406568527,3.));
#14752=CARTESIAN_POINT('Ctrl Pts',(-27.6409427821636,41.9282406568527,3.));
#14753=CARTESIAN_POINT('Ctrl Pts',(-27.4539765218894,42.0925654967626,3.));
#14754=CARTESIAN_POINT('Ctrl Pts',(-27.2958501676718,42.203775147597,3.));
#14755=CARTESIAN_POINT('Ctrl Pts',(-27.166563719511,42.2618696093559,3.));
#14756=CARTESIAN_POINT('Ctrl Pts',(-27.6409427821636,41.9282406568527,3.));
#14757=CARTESIAN_POINT('Ctrl Pts',(-27.6393790480131,41.9305827619756,2.91670669082025));
#14758=CARTESIAN_POINT('Ctrl Pts',(-27.637816918478,41.9329201412838,2.8334132141498));
#14759=CARTESIAN_POINT('Ctrl Pts',(-27.6346943941707,41.9375876339399,2.6667465489826));
#14760=CARTESIAN_POINT('Ctrl Pts',(-27.6331340024042,41.9399177383387,2.58337335660641));
#14761=CARTESIAN_POINT('Ctrl Pts',(-27.6315752310799,41.9422430704438,2.5));
#14762=CARTESIAN_POINT('Origin',(-27.6409427821636,41.9282406568527,3.));
#14763=CARTESIAN_POINT('',(-27.5019984312471,42.323497907696,2.5));
#14764=CARTESIAN_POINT('',(-27.5039586445522,42.3177303566718,2.5));
#14765=CARTESIAN_POINT('',(-27.5080899894238,42.3191344738007,3.));
#14766=CARTESIAN_POINT('',(-32.2212491347099,28.4515692522597,3.));
#14767=CARTESIAN_POINT('',(-27.5081206221052,42.3191125313556,3.00251435515593));
#14768=CARTESIAN_POINT('Origin',(-27.5080899894238,42.3191344738007,3.));
#14769=CARTESIAN_POINT('',(-28.4598175746141,42.323497907696,2.5));
#14770=CARTESIAN_POINT('',(-28.4566919505596,42.323497907696,2.5));
#14771=CARTESIAN_POINT('',(-28.4566919505596,42.3191344738007,3.));
#14772=CARTESIAN_POINT('',(-4.11557561587032,42.3191344738007,3.));
#14773=CARTESIAN_POINT('',(-28.4566734179127,42.3191086018537,3.0029646314746));
#14774=CARTESIAN_POINT('Origin',(-28.4566919505596,42.3191344738007,3.));
#14775=CARTESIAN_POINT('',(-29.7032323435506,38.6647706465146,2.5));
#14776=CARTESIAN_POINT('',(-29.7012722726659,38.6705381224678,2.5));
#14777=CARTESIAN_POINT('',(-29.6971409022808,38.66913408041,3.));
#14778=CARTESIAN_POINT('',(-33.054240827348,28.7909234292221,3.));
#14779=CARTESIAN_POINT('',(-29.6968548800594,38.6693389644432,3.02347738480131));
#14780=CARTESIAN_POINT('Origin',(-29.6971409022808,38.66913408041,3.));
#14781=CARTESIAN_POINT('',(-28.6707203144544,38.6647706465146,2.5));
#14782=CARTESIAN_POINT('',(-28.6738459765911,38.6647706465146,2.5));
#14783=CARTESIAN_POINT('',(-28.6738459765911,38.66913408041,3.));
#14784=CARTESIAN_POINT('',(-5.21010107229885,38.66913408041,3.));
#14785=CARTESIAN_POINT('',(-28.6738659689867,38.6691619898553,3.00319810566289));
#14786=CARTESIAN_POINT('Origin',(-28.6738459765911,38.66913408041,3.));
#14787=CARTESIAN_POINT('',(-28.2407351931894,39.9300426174824,2.5));
#14788=CARTESIAN_POINT('',(-32.7041187649808,26.8096744332937,3.));
#14789=CARTESIAN_POINT('Origin',(-27.8676944196352,40.6391183131469,2.5));
#14790=CARTESIAN_POINT('Ctrl Pts',(-7.48595997691154,40.4639455676079,3.));
#14791=CARTESIAN_POINT('Ctrl Pts',(-7.48469835510733,40.4646693193431,2.83333333333333));
#14792=CARTESIAN_POINT('Ctrl Pts',(-7.48343673330312,40.4653930710782,2.66666666666667));
#14793=CARTESIAN_POINT('Ctrl Pts',(-7.4821751114989,40.4661168228134,2.5));
#14794=CARTESIAN_POINT('Ctrl Pts',(-7.42132946848869,40.3512836496035,3.));
#14795=CARTESIAN_POINT('Ctrl Pts',(-7.42031682017958,40.3525075192525,2.83333333333333));
#14796=CARTESIAN_POINT('Ctrl Pts',(-7.41932743470197,40.3535735950718,2.66666666666667));
#14797=CARTESIAN_POINT('Ctrl Pts',(-7.41831478639285,40.3547974647208,2.5));
#14798=CARTESIAN_POINT('Ctrl Pts',(-7.3093418776989,40.2949526906013,3.));
#14799=CARTESIAN_POINT('Ctrl Pts',(-7.3090269069121,40.2964492499321,2.83333333333333));
#14800=CARTESIAN_POINT('Ctrl Pts',(-7.30862848478831,40.297819565166,2.66666666666667));
#14801=CARTESIAN_POINT('Ctrl Pts',(-7.30831351400151,40.2993161244967,2.5));
#14802=CARTESIAN_POINT('Ctrl Pts',(-7.14999720454216,40.2949526906013,3.));
#14803=CARTESIAN_POINT('Ctrl Pts',(-7.14999720454216,40.2964071685665,2.83333333333333));
#14804=CARTESIAN_POINT('Ctrl Pts',(-7.14999720454216,40.2978616465316,2.66666666666667));
#14805=CARTESIAN_POINT('Ctrl Pts',(-7.14999720454216,40.2993161244967,2.5));
#14806=CARTESIAN_POINT('',(-7.14999720454216,40.2993161244967,2.5));
#14807=CARTESIAN_POINT('',(-7.48217508514602,40.4661167768752,2.5));
#14808=CARTESIAN_POINT('Ctrl Pts',(-7.14999720454216,40.2993161244967,2.5));
#14809=CARTESIAN_POINT('Ctrl Pts',(-7.30831349222411,40.2993161244967,2.5));
#14810=CARTESIAN_POINT('Ctrl Pts',(-7.41831475613012,40.3547974494572,2.5));
#14811=CARTESIAN_POINT('Ctrl Pts',(-7.48217508514573,40.4661167768754,2.5));
#14812=CARTESIAN_POINT('',(-7.14999720454216,40.2949526906013,3.));
#14813=CARTESIAN_POINT('Ctrl Pts',(-7.14999720454216,40.2949526906013,3.));
#14814=CARTESIAN_POINT('Ctrl Pts',(-7.14999720454216,40.2964071685665,2.83333333333333));
#14815=CARTESIAN_POINT('Ctrl Pts',(-7.14999720454216,40.2978616465316,2.66666666666667));
#14816=CARTESIAN_POINT('Ctrl Pts',(-7.14999720454216,40.2993161244967,2.5));
#14817=CARTESIAN_POINT('',(-7.48595997691154,40.4639455676079,3.));
#14818=CARTESIAN_POINT('Ctrl Pts',(-7.48595997691154,40.4639455676079,3.));
#14819=CARTESIAN_POINT('Ctrl Pts',(-7.42132946848869,40.3512836496035,3.));
#14820=CARTESIAN_POINT('Ctrl Pts',(-7.3093418776989,40.2949526906013,3.));
#14821=CARTESIAN_POINT('Ctrl Pts',(-7.14999720454216,40.2949526906013,3.));
#14822=CARTESIAN_POINT('Ctrl Pts',(-7.48595997691154,40.4639455676079,3.));
#14823=CARTESIAN_POINT('Ctrl Pts',(-7.48469834632304,40.4646693040303,2.83333333333333));
#14824=CARTESIAN_POINT('Ctrl Pts',(-7.48343671573453,40.4653930404528,2.66666666666667));
#14825=CARTESIAN_POINT('Ctrl Pts',(-7.48217508514602,40.4661167768752,2.5));
#14826=CARTESIAN_POINT('Ctrl Pts',(-7.47226521372795,40.9585151076317,3.));
#14827=CARTESIAN_POINT('Ctrl Pts',(-7.47088807924038,40.9580471260571,2.83333333333333));
#14828=CARTESIAN_POINT('Ctrl Pts',(-7.46951094475282,40.9575791444824,2.66666666666667));
#14829=CARTESIAN_POINT('Ctrl Pts',(-7.46813381026525,40.9571111629078,2.5));
#14830=CARTESIAN_POINT('Ctrl Pts',(-7.546023974816,40.7414643963178,3.));
#14831=CARTESIAN_POINT('Ctrl Pts',(-7.54459917944367,40.741166897445,2.83333333333333));
#14832=CARTESIAN_POINT('Ctrl Pts',(-7.54311844556961,40.7409433179237,2.66666666666667));
#14833=CARTESIAN_POINT('Ctrl Pts',(-7.54169365019727,40.7406458190509,2.5));
#14834=CARTESIAN_POINT('Ctrl Pts',(-7.5505888958772,40.5766078829765,3.));
#14835=CARTESIAN_POINT('Ctrl Pts',(-7.54901050240036,40.5767248103936,2.83333333333333));
#14836=CARTESIAN_POINT('Ctrl Pts',(-7.54742408003616,40.5769916081158,2.66666666666667));
#14837=CARTESIAN_POINT('Ctrl Pts',(-7.54584568655933,40.5771085355328,2.5));
#14838=CARTESIAN_POINT('Ctrl Pts',(-7.48595997691154,40.4639455676079,3.));
#14839=CARTESIAN_POINT('Ctrl Pts',(-7.48469834632304,40.4646693040303,2.83333333333333));
#14840=CARTESIAN_POINT('Ctrl Pts',(-7.48343671573453,40.4653930404528,2.66666666666667));
#14841=CARTESIAN_POINT('Ctrl Pts',(-7.48217508514602,40.4661167768752,2.5));
#14842=CARTESIAN_POINT('',(-7.46813386442577,40.9571110035391,2.5));
#14843=CARTESIAN_POINT('Ctrl Pts',(-7.48217508514602,40.4661167768752,2.5));
#14844=CARTESIAN_POINT('Ctrl Pts',(-7.54584567093378,40.5771085082941,2.5));
#14845=CARTESIAN_POINT('Ctrl Pts',(-7.54169365223519,40.7406457387828,2.5));
#14846=CARTESIAN_POINT('Ctrl Pts',(-7.46813386442269,40.9571110035381,2.5));
#14847=CARTESIAN_POINT('',(-7.47226521372795,40.9585151076317,3.));
#14848=CARTESIAN_POINT('Ctrl Pts',(-7.47226521372795,40.9585151076317,3.));
#14849=CARTESIAN_POINT('Ctrl Pts',(-7.546023974816,40.7414643963178,3.));
#14850=CARTESIAN_POINT('Ctrl Pts',(-7.5505888958772,40.5766078829765,3.));
#14851=CARTESIAN_POINT('Ctrl Pts',(-7.48595997691154,40.4639455676079,3.));
#14852=CARTESIAN_POINT('Ctrl Pts',(-7.47226521372795,40.9585151076317,3.));
#14853=CARTESIAN_POINT('Ctrl Pts',(-7.47088809729389,40.9580470729342,2.83333333333333));
#14854=CARTESIAN_POINT('Ctrl Pts',(-7.46951098085983,40.9575790382366,2.66666666666667));
#14855=CARTESIAN_POINT('Ctrl Pts',(-7.46813386442577,40.9571110035391,2.5));
#14856=CARTESIAN_POINT('Ctrl Pts',(-7.13124558329582,41.504065990448,3.));
#14857=CARTESIAN_POINT('Ctrl Pts',(-7.13031604561965,41.502947301099,2.83333333333333));
#14858=CARTESIAN_POINT('Ctrl Pts',(-7.12938650794348,41.50182861175,2.66666666666667));
#14859=CARTESIAN_POINT('Ctrl Pts',(-7.1284569702673,41.5007099224009,2.5));
#14860=CARTESIAN_POINT('Ctrl Pts',(-7.27580671509107,41.3839477300644,3.));
#14861=CARTESIAN_POINT('Ctrl Pts',(-7.27460637376375,41.3830566534498,2.83333333333333));
#14862=CARTESIAN_POINT('Ctrl Pts',(-7.27341825764658,41.3821476263391,2.66666666666667));
#14863=CARTESIAN_POINT('Ctrl Pts',(-7.27221791631925,41.3812565497245,2.5));
#14864=CARTESIAN_POINT('Ctrl Pts',(-7.38947992523511,41.2020974357923,3.));
#14865=CARTESIAN_POINT('Ctrl Pts',(-7.38816104559562,41.2014595662153,2.83333333333333));
#14866=CARTESIAN_POINT('Ctrl Pts',(-7.38684614267121,41.2008054433755,2.66666666666667));
#14867=CARTESIAN_POINT('Ctrl Pts',(-7.38552726303171,41.2001675737985,2.5));
#14868=CARTESIAN_POINT('Ctrl Pts',(-7.47226521372795,40.9585151076317,3.));
#14869=CARTESIAN_POINT('Ctrl Pts',(-7.47088809729389,40.9580470729342,2.83333333333333));
#14870=CARTESIAN_POINT('Ctrl Pts',(-7.46951098085983,40.9575790382366,2.66666666666667));
#14871=CARTESIAN_POINT('Ctrl Pts',(-7.46813386442577,40.9571110035391,2.5));
#14872=CARTESIAN_POINT('',(-7.12845698840526,41.5007099073299,2.5));
#14873=CARTESIAN_POINT('Ctrl Pts',(-7.46813386442577,40.9571110035391,2.5));
#14874=CARTESIAN_POINT('Ctrl Pts',(-7.38552726650579,41.2001675635766,2.5));
#14875=CARTESIAN_POINT('Ctrl Pts',(-7.27221792584987,41.3812565344929,2.5));
#14876=CARTESIAN_POINT('Ctrl Pts',(-7.12845698840522,41.5007099073298,2.5));
#14877=CARTESIAN_POINT('',(-7.13124558329582,41.504065990448,3.));
#14878=CARTESIAN_POINT('Ctrl Pts',(-7.13124558329582,41.504065990448,3.));
#14879=CARTESIAN_POINT('Ctrl Pts',(-7.27580671509107,41.3839477300644,3.));
#14880=CARTESIAN_POINT('Ctrl Pts',(-7.38947992523511,41.2020974357923,3.));
#14881=CARTESIAN_POINT('Ctrl Pts',(-7.47226521372795,40.9585151076317,3.));
#14882=CARTESIAN_POINT('Ctrl Pts',(-7.13124558329582,41.504065990448,3.));
#14883=CARTESIAN_POINT('Ctrl Pts',(-7.13031605166563,41.5029472960753,2.83333333333333));
#14884=CARTESIAN_POINT('Ctrl Pts',(-7.12938652003545,41.5018286017026,2.66666666666667));
#14885=CARTESIAN_POINT('Ctrl Pts',(-7.12845698840526,41.5007099073299,2.5));
#14886=CARTESIAN_POINT('Ctrl Pts',(-6.66293427348137,41.6842433810234,3.));
#14887=CARTESIAN_POINT('Ctrl Pts',(-6.66293427348137,41.6827889030583,2.83333333333333));
#14888=CARTESIAN_POINT('Ctrl Pts',(-6.66293427348137,41.6813344250932,2.66666666666667));
#14889=CARTESIAN_POINT('Ctrl Pts',(-6.66293427348137,41.679879947128,2.5));
#14890=CARTESIAN_POINT('Ctrl Pts',(-6.83057909210523,41.6842433810234,3.));
#14891=CARTESIAN_POINT('Ctrl Pts',(-6.8302251178303,41.6827815411163,2.83333333333333));
#14892=CARTESIAN_POINT('Ctrl Pts',(-6.82989092642993,41.6813417870351,2.66666666666667));
#14893=CARTESIAN_POINT('Ctrl Pts',(-6.829536952155,41.679879947128,2.5));
#14894=CARTESIAN_POINT('Ctrl Pts',(-6.98668286204338,41.6241842508316,3.));
#14895=CARTESIAN_POINT('Ctrl Pts',(-6.9859568019896,41.6228857045156,2.83333333333333));
#14896=CARTESIAN_POINT('Ctrl Pts',(-6.98525801280307,41.6215968562358,2.66666666666667));
#14897=CARTESIAN_POINT('Ctrl Pts',(-6.98453195274929,41.6202983099199,2.5));
#14898=CARTESIAN_POINT('Ctrl Pts',(-7.13124558329582,41.504065990448,3.));
#14899=CARTESIAN_POINT('Ctrl Pts',(-7.13031605166563,41.5029472960753,2.83333333333333));
#14900=CARTESIAN_POINT('Ctrl Pts',(-7.12938652003545,41.5018286017026,2.66666666666667));
#14901=CARTESIAN_POINT('Ctrl Pts',(-7.12845698840526,41.5007099073299,2.5));
#14902=CARTESIAN_POINT('',(-6.66293427348137,41.679879947128,2.5));
#14903=CARTESIAN_POINT('Ctrl Pts',(-7.12845698840526,41.5007099073299,2.5));
#14904=CARTESIAN_POINT('Ctrl Pts',(-6.98453195274929,41.6202983099199,2.5));
#14905=CARTESIAN_POINT('Ctrl Pts',(-6.829536952155,41.679879947128,2.5));
#14906=CARTESIAN_POINT('Ctrl Pts',(-6.66293427348137,41.679879947128,2.5));
#14907=CARTESIAN_POINT('',(-6.66293427348137,41.6842433810234,3.));
#14908=CARTESIAN_POINT('Ctrl Pts',(-6.66293427348137,41.6842433810234,3.));
#14909=CARTESIAN_POINT('Ctrl Pts',(-6.83057909210523,41.6842433810234,3.));
#14910=CARTESIAN_POINT('Ctrl Pts',(-6.98668286204338,41.6241842508316,3.));
#14911=CARTESIAN_POINT('Ctrl Pts',(-7.13124558329582,41.504065990448,3.));
#14912=CARTESIAN_POINT('Ctrl Pts',(-6.66293427348137,41.6842433810234,3.));
#14913=CARTESIAN_POINT('Ctrl Pts',(-6.66293427348137,41.6827889030583,2.83333333333333));
#14914=CARTESIAN_POINT('Ctrl Pts',(-6.66293427348137,41.6813344250932,2.66666666666667));
#14915=CARTESIAN_POINT('Ctrl Pts',(-6.66293427348137,41.679879947128,2.5));
#14916=CARTESIAN_POINT('Ctrl Pts',(-6.37466713786125,41.5983465313911,3.));
#14917=CARTESIAN_POINT('Ctrl Pts',(-6.37567668830194,41.597299481221,2.83333333333333));
#14918=CARTESIAN_POINT('Ctrl Pts',(-6.37668623874262,41.5962524310509,2.66666666666667));
#14919=CARTESIAN_POINT('Ctrl Pts',(-6.37769578918331,41.5952053808808,2.5));
#14920=CARTESIAN_POINT('Ctrl Pts',(-6.43405879537264,41.6556110978127,3.));
#14921=CARTESIAN_POINT('Ctrl Pts',(-6.43464940496217,41.6541783844131,2.83333333333333));
#14922=CARTESIAN_POINT('Ctrl Pts',(-6.43532713041929,41.6527748466449,2.66666666666667));
#14923=CARTESIAN_POINT('Ctrl Pts',(-6.43591774000881,41.6513421332453,2.5));
#14924=CARTESIAN_POINT('Ctrl Pts',(-6.53014784057935,41.6842433810234,3.));
#14925=CARTESIAN_POINT('Ctrl Pts',(-6.53033682633428,41.6827928402613,2.83333333333333));
#14926=CARTESIAN_POINT('Ctrl Pts',(-6.53058610301705,41.6813304878901,2.66666666666667));
#14927=CARTESIAN_POINT('Ctrl Pts',(-6.53077508877197,41.679879947128,2.5));
#14928=CARTESIAN_POINT('Ctrl Pts',(-6.66293427348137,41.6842433810234,3.));
#14929=CARTESIAN_POINT('Ctrl Pts',(-6.66293427348137,41.6827889030583,2.83333333333333));
#14930=CARTESIAN_POINT('Ctrl Pts',(-6.66293427348137,41.6813344250932,2.66666666666667));
#14931=CARTESIAN_POINT('Ctrl Pts',(-6.66293427348137,41.679879947128,2.5));
#14932=CARTESIAN_POINT('',(-6.37769578918331,41.5952053808808,2.5));
#14933=CARTESIAN_POINT('Ctrl Pts',(-6.66293427348137,41.679879947128,2.5));
#14934=CARTESIAN_POINT('Ctrl Pts',(-6.53077508877197,41.679879947128,2.5));
#14935=CARTESIAN_POINT('Ctrl Pts',(-6.43591774000881,41.6513421332453,2.5));
#14936=CARTESIAN_POINT('Ctrl Pts',(-6.37769578918331,41.5952053808808,2.5));
#14937=CARTESIAN_POINT('',(-6.37466713786125,41.5983465313911,3.));
#14938=CARTESIAN_POINT('Ctrl Pts',(-6.37466713786125,41.5983465313911,3.));
#14939=CARTESIAN_POINT('Ctrl Pts',(-6.43405879537264,41.6556110978127,3.));
#14940=CARTESIAN_POINT('Ctrl Pts',(-6.53014784057935,41.6842433810234,3.));
#14941=CARTESIAN_POINT('Ctrl Pts',(-6.66293427348137,41.6842433810234,3.));
#14942=CARTESIAN_POINT('Ctrl Pts',(-6.37466713786125,41.5983465313911,3.));
#14943=CARTESIAN_POINT('Ctrl Pts',(-6.37567668830194,41.597299481221,2.83333333333333));
#14944=CARTESIAN_POINT('Ctrl Pts',(-6.37668623874262,41.5962524310509,2.66666666666667));
#14945=CARTESIAN_POINT('Ctrl Pts',(-6.37769578918331,41.5952053808808,2.5));
#14946=CARTESIAN_POINT('Ctrl Pts',(-6.29870225385749,41.3378140613275,3.));
#14947=CARTESIAN_POINT('Ctrl Pts',(-6.30015264282365,41.3379230475554,2.83333333333333));
#14948=CARTESIAN_POINT('Ctrl Pts',(-6.30160303178981,41.3380320337833,2.66666666666667));
#14949=CARTESIAN_POINT('Ctrl Pts',(-6.30305342075597,41.3381410200112,2.5));
#14950=CARTESIAN_POINT('Ctrl Pts',(-6.29856872489666,41.3395910650384,3.));
#14951=CARTESIAN_POINT('Ctrl Pts',(-6.30001983383009,41.3396986553267,2.83333333333333));
#14952=CARTESIAN_POINT('Ctrl Pts',(-6.30146878286172,41.3398104334338,2.66666666666667));
#14953=CARTESIAN_POINT('Ctrl Pts',(-6.30291989179515,41.3399180237221,2.5));
#14954=CARTESIAN_POINT('Ctrl Pts',(-6.29843519593584,41.3413680687493,3.));
#14955=CARTESIAN_POINT('Ctrl Pts',(-6.29988476863911,41.3414795013515,2.83333333333333));
#14956=CARTESIAN_POINT('Ctrl Pts',(-6.30133593631452,41.3415908606541,2.66666666666667));
#14957=CARTESIAN_POINT('Ctrl Pts',(-6.30278550901779,41.3417022932563,2.5));
#14958=CARTESIAN_POINT('Ctrl Pts',(-6.28982032338778,41.4560148119925,2.99999999999999));
#14959=CARTESIAN_POINT('Ctrl Pts',(-6.29130276734641,41.4558802748652,2.83333333333333));
#14960=CARTESIAN_POINT('Ctrl Pts',(-6.29276671322948,41.4558146237388,2.66666666666665));
#14961=CARTESIAN_POINT('Ctrl Pts',(-6.29424915718812,41.4556800866116,2.49999999999999));
#14962=CARTESIAN_POINT('Ctrl Pts',(-6.31527548034986,41.5410819649696,3.));
#14963=CARTESIAN_POINT('Ctrl Pts',(-6.31668251954489,41.5404092742088,2.83333333333333));
#14964=CARTESIAN_POINT('Ctrl Pts',(-6.31800299777807,41.5396798029163,2.66666666666667));
#14965=CARTESIAN_POINT('Ctrl Pts',(-6.3194100369731,41.5390071121554,2.5));
#14966=CARTESIAN_POINT('Ctrl Pts',(-6.37466713786125,41.5983465313911,3.));
#14967=CARTESIAN_POINT('Ctrl Pts',(-6.37567668830194,41.597299481221,2.83333333333333));
#14968=CARTESIAN_POINT('Ctrl Pts',(-6.37668623874262,41.5962524310509,2.66666666666667));
#14969=CARTESIAN_POINT('Ctrl Pts',(-6.37769578918331,41.5952053808808,2.5));
#14970=CARTESIAN_POINT('',(-6.30305342075598,41.3381410200111,2.5));
#14971=CARTESIAN_POINT('Ctrl Pts',(-6.37769578918331,41.5952053808808,2.5));
#14972=CARTESIAN_POINT('Ctrl Pts',(-6.3194100369731,41.5390071121554,2.5));
#14973=CARTESIAN_POINT('Ctrl Pts',(-6.29424915718812,41.4556800866116,2.49999999999999));
#14974=CARTESIAN_POINT('Ctrl Pts',(-6.30278550901779,41.3417022932563,2.5));
#14975=CARTESIAN_POINT('Ctrl Pts',(-6.30291989179515,41.3399180237221,2.5));
#14976=CARTESIAN_POINT('Ctrl Pts',(-6.30305342075597,41.3381410200112,2.5));
#14977=CARTESIAN_POINT('',(-6.29830166697502,41.3431450724602,3.));
#14978=CARTESIAN_POINT('Ctrl Pts',(-6.29830166697502,41.3431450724602,3.));
#14979=CARTESIAN_POINT('Ctrl Pts',(-6.28557965159416,41.5124496817589,3.));
#14980=CARTESIAN_POINT('Ctrl Pts',(-6.37466713786125,41.5983465313911,3.));
#14981=CARTESIAN_POINT('Ctrl Pts',(-6.29830166697502,41.3431450724602,3.));
#14982=CARTESIAN_POINT('Ctrl Pts',(-6.29954586836009,41.3418334819447,2.86905441031743));
#14983=CARTESIAN_POINT('Ctrl Pts',(-6.30079029314091,41.340525896822,2.73810882063485));
#14984=CARTESIAN_POINT('Ctrl Pts',(-6.30203485971219,41.339214275037,2.60716323095228));
#14985=CARTESIAN_POINT('Ctrl Pts',(-6.30237436911005,41.3388564734275,2.57144215396819));
#14986=CARTESIAN_POINT('Ctrl Pts',(-6.30271394523073,41.3384985202967,2.53572107698409));
#14987=CARTESIAN_POINT('Ctrl Pts',(-6.30305342075597,41.3381410200112,2.5));
#14988=CARTESIAN_POINT('Origin',(-6.29830166697502,41.3431450724602,3.));
#14989=CARTESIAN_POINT('',(-5.29733841244402,41.4662646990641,2.5));
#14990=CARTESIAN_POINT('',(-5.30102706630464,41.4657947807478,2.5));
#14991=CARTESIAN_POINT('',(-5.30157849192619,41.470123231411,3.));
#14992=CARTESIAN_POINT('',(3.43766854988836,42.5834649573435,3.));
#14993=CARTESIAN_POINT('Ctrl Pts',(-5.30157849192619,41.470123231411,3.));
#14994=CARTESIAN_POINT('Ctrl Pts',(-5.30087182419634,41.469480153774,2.91666810341313));
#14995=CARTESIAN_POINT('Ctrl Pts',(-5.30016515646648,41.468837076137,2.83333620682626));
#14996=CARTESIAN_POINT('Ctrl Pts',(-5.29875179663909,41.467550898688,2.6666695401596));
#14997=CARTESIAN_POINT('Ctrl Pts',(-5.29804510454156,41.4669077988761,2.5833347700798));
#14998=CARTESIAN_POINT('Ctrl Pts',(-5.29733841244402,41.4662646990641,2.5));
#14999=CARTESIAN_POINT('Ctrl Pts',(-5.54822012782097,42.1473404765129,3.));
#15000=CARTESIAN_POINT('Ctrl Pts',(-5.54725520093991,42.148428788171,2.83333333333333));
#15001=CARTESIAN_POINT('Ctrl Pts',(-5.54629027405884,42.1495170998292,2.66666666666667));
#15002=CARTESIAN_POINT('Ctrl Pts',(-5.54532534717778,42.1506054114873,2.5));
#15003=CARTESIAN_POINT('Ctrl Pts',(-5.37411575516065,41.9929747780164,3.));
#15004=CARTESIAN_POINT('Ctrl Pts',(-5.37276561872802,41.9937380315047,2.83333333333333));
#15005=CARTESIAN_POINT('Ctrl Pts',(-5.37150126814488,41.9945279076116,2.66666666666667));
#15006=CARTESIAN_POINT('Ctrl Pts',(-5.37015113171226,41.9952911610999,2.5));
#15007=CARTESIAN_POINT('Ctrl Pts',(-5.29190187652911,41.7672356963158,2.99999999999998));
#15008=CARTESIAN_POINT('Ctrl Pts',(-5.29042140346967,41.7674584140283,2.83333333333331));
#15009=CARTESIAN_POINT('Ctrl Pts',(-5.28898351431198,41.767059209863,2.66666666666669));
#15010=CARTESIAN_POINT('Ctrl Pts',(-5.28750304125254,41.7672819275754,2.50000000000002));
#15011=CARTESIAN_POINT('Ctrl Pts',(-5.30161883927222,41.4688843995529,3.));
#15012=CARTESIAN_POINT('Ctrl Pts',(-5.30016573044092,41.4688365718531,2.83333333333333));
#15013=CARTESIAN_POINT('Ctrl Pts',(-5.29871093657993,41.4687896464219,2.66666666666667));
#15014=CARTESIAN_POINT('Ctrl Pts',(-5.29725782774863,41.468741818722,2.5));
#15015=CARTESIAN_POINT('Ctrl Pts',(-5.30165918661826,41.4676455676949,3.));
#15016=CARTESIAN_POINT('Ctrl Pts',(-5.30020486507247,41.467598373188,2.83333333333333));
#15017=CARTESIAN_POINT('Ctrl Pts',(-5.29875238664377,41.4675507254291,2.66666666666667));
#15018=CARTESIAN_POINT('Ctrl Pts',(-5.29729806509799,41.4675035309222,2.5));
#15019=CARTESIAN_POINT('Ctrl Pts',(-5.30169953396429,41.4664067358368,3.));
#15020=CARTESIAN_POINT('Ctrl Pts',(-5.30024582679087,41.4663593902459,2.83333333333333));
#15021=CARTESIAN_POINT('Ctrl Pts',(-5.29879211961744,41.466312044655,2.66666666666667));
#15022=CARTESIAN_POINT('Ctrl Pts',(-5.29733841244402,41.4662646990641,2.5));
#15023=CARTESIAN_POINT('',(-5.54532531967141,42.1506053870992,2.5));
#15024=CARTESIAN_POINT('Ctrl Pts',(-5.29733841244402,41.4662646990641,2.5));
#15025=CARTESIAN_POINT('Ctrl Pts',(-5.29729806509799,41.4675035309222,2.5));
#15026=CARTESIAN_POINT('Ctrl Pts',(-5.29725782774863,41.468741818722,2.5));
#15027=CARTESIAN_POINT('Ctrl Pts',(-5.287503041761,41.7672819120143,2.50000000000002));
#15028=CARTESIAN_POINT('Ctrl Pts',(-5.37015112306046,41.9952911372314,2.5));
#15029=CARTESIAN_POINT('Ctrl Pts',(-5.54532531967131,42.1506053870993,2.5));
#15030=CARTESIAN_POINT('',(-5.54822012782097,42.1473404765129,3.));
#15031=CARTESIAN_POINT('Ctrl Pts',(-5.54822012782097,42.1473404765129,3.));
#15032=CARTESIAN_POINT('Ctrl Pts',(-5.28706356883049,41.9157919287682,3.));
#15033=CARTESIAN_POINT('Ctrl Pts',(-5.30157849192619,41.470123231411,3.));
#15034=CARTESIAN_POINT('Ctrl Pts',(-5.54822012782097,42.1473404765129,3.));
#15035=CARTESIAN_POINT('Ctrl Pts',(-5.54725519177111,42.1484287800417,2.83333333333333));
#15036=CARTESIAN_POINT('Ctrl Pts',(-5.54629025572126,42.1495170835704,2.66666666666667));
#15037=CARTESIAN_POINT('Ctrl Pts',(-5.54532531967141,42.1506053870992,2.5));
#15038=CARTESIAN_POINT('Ctrl Pts',(-6.45671173930168,42.3788887262344,3.));
#15039=CARTESIAN_POINT('Ctrl Pts',(-6.45671173930168,42.3803432041996,2.83333333333333));
#15040=CARTESIAN_POINT('Ctrl Pts',(-6.45671173930168,42.3817976821647,2.66666666666667));
#15041=CARTESIAN_POINT('Ctrl Pts',(-6.45671173930168,42.3832521601298,2.5));
#15042=CARTESIAN_POINT('Ctrl Pts',(-6.02515185872714,42.3788887262344,3.));
#15043=CARTESIAN_POINT('Ctrl Pts',(-6.02499324276799,42.3803280644626,2.83333333333333));
#15044=CARTESIAN_POINT('Ctrl Pts',(-6.02479021961123,42.3818128219016,2.66666666666667));
#15045=CARTESIAN_POINT('Ctrl Pts',(-6.02463160365209,42.3832521601298,2.5));
#15046=CARTESIAN_POINT('Ctrl Pts',(-5.7223213215669,42.3017059763273,3.));
#15047=CARTESIAN_POINT('Ctrl Pts',(-5.72183634266442,42.3031825317502,2.83333333333333));
#15048=CARTESIAN_POINT('Ctrl Pts',(-5.72125062506411,42.3046816633575,2.66666666666667));
#15049=CARTESIAN_POINT('Ctrl Pts',(-5.72076564616163,42.3061582187804,2.5));
#15050=CARTESIAN_POINT('Ctrl Pts',(-5.54822012782097,42.1473404765129,3.));
#15051=CARTESIAN_POINT('Ctrl Pts',(-5.54725519177111,42.1484287800417,2.83333333333333));
#15052=CARTESIAN_POINT('Ctrl Pts',(-5.54629025572126,42.1495170835704,2.66666666666667));
#15053=CARTESIAN_POINT('Ctrl Pts',(-5.54532531967141,42.1506053870992,2.5));
#15054=CARTESIAN_POINT('',(-6.45671173930168,42.3832521601298,2.5));
#15055=CARTESIAN_POINT('Ctrl Pts',(-5.54532531967141,42.1506053870992,2.5));
#15056=CARTESIAN_POINT('Ctrl Pts',(-5.72076564616163,42.3061582187804,2.5));
#15057=CARTESIAN_POINT('Ctrl Pts',(-6.02463160365209,42.3832521601298,2.5));
#15058=CARTESIAN_POINT('Ctrl Pts',(-6.45671173930168,42.3832521601298,2.5));
#15059=CARTESIAN_POINT('',(-6.45671173930168,42.3788887262344,3.));
#15060=CARTESIAN_POINT('Ctrl Pts',(-6.45671173930168,42.3788887262344,3.));
#15061=CARTESIAN_POINT('Ctrl Pts',(-6.02515185872714,42.3788887262344,3.));
#15062=CARTESIAN_POINT('Ctrl Pts',(-5.7223213215669,42.3017059763273,3.));
#15063=CARTESIAN_POINT('Ctrl Pts',(-5.54822012782097,42.1473404765129,3.));
#15064=CARTESIAN_POINT('Ctrl Pts',(-6.45671173930168,42.3788887262344,3.));
#15065=CARTESIAN_POINT('Ctrl Pts',(-6.45671173930168,42.3803432041996,2.83333333333333));
#15066=CARTESIAN_POINT('Ctrl Pts',(-6.45671173930168,42.3817976821647,2.66666666666667));
#15067=CARTESIAN_POINT('Ctrl Pts',(-6.45671173930168,42.3832521601298,2.5));
#15068=CARTESIAN_POINT('Ctrl Pts',(-7.25752398371696,42.2570067644119,3.));
#15069=CARTESIAN_POINT('Ctrl Pts',(-7.25801773561594,42.2583748708454,2.83333333333333));
#15070=CARTESIAN_POINT('Ctrl Pts',(-7.25851148751491,42.2597429772789,2.66666666666667));
#15071=CARTESIAN_POINT('Ctrl Pts',(-7.25900523941388,42.2611110837123,2.5));
#15072=CARTESIAN_POINT('Ctrl Pts',(-7.03238055109978,42.3382614056269,3.));
#15073=CARTESIAN_POINT('Ctrl Pts',(-7.03267329969451,42.3397012219666,2.83333333333333));
#15074=CARTESIAN_POINT('Ctrl Pts',(-7.03297001827234,42.3411421030997,2.66666666666667));
#15075=CARTESIAN_POINT('Ctrl Pts',(-7.03326276686707,42.3425819194394,2.5));
#15076=CARTESIAN_POINT('Ctrl Pts',(-6.76544313629468,42.3788887262344,3.));
#15077=CARTESIAN_POINT('Ctrl Pts',(-6.76556977396238,42.3803426600316,2.83333333333333));
#15078=CARTESIAN_POINT('Ctrl Pts',(-6.7656993009152,42.3817982263327,2.66666666666667));
#15079=CARTESIAN_POINT('Ctrl Pts',(-6.76582593858289,42.3832521601298,2.5));
#15080=CARTESIAN_POINT('Ctrl Pts',(-6.45671173930168,42.3788887262344,3.));
#15081=CARTESIAN_POINT('Ctrl Pts',(-6.45671173930168,42.3803432041996,2.83333333333333));
#15082=CARTESIAN_POINT('Ctrl Pts',(-6.45671173930168,42.3817976821647,2.66666666666667));
#15083=CARTESIAN_POINT('Ctrl Pts',(-6.45671173930168,42.3832521601298,2.5));
#15084=CARTESIAN_POINT('',(-7.25900951544085,42.2611095379685,2.5));
#15085=CARTESIAN_POINT('Ctrl Pts',(-6.45671173930168,42.3832521601298,2.5));
#15086=CARTESIAN_POINT('Ctrl Pts',(-6.76582593858289,42.3832521601298,2.5));
#15087=CARTESIAN_POINT('Ctrl Pts',(-7.03326276686707,42.3425819194394,2.5));
#15088=CARTESIAN_POINT('Ctrl Pts',(-7.25900523941388,42.2611110837123,2.5));
#15089=CARTESIAN_POINT('',(-7.25752398371696,42.2570067644119,3.));
#15090=CARTESIAN_POINT('Ctrl Pts',(-7.25752398371696,42.2570067644119,3.));
#15091=CARTESIAN_POINT('Ctrl Pts',(-7.03238055109978,42.3382614056269,3.));
#15092=CARTESIAN_POINT('Ctrl Pts',(-6.76544313629468,42.3788887262344,3.));
#15093=CARTESIAN_POINT('Ctrl Pts',(-6.45671173930168,42.3788887262344,3.));
#15094=CARTESIAN_POINT('Ctrl Pts',(-7.25752398371696,42.2570067644119,3.));
#15095=CARTESIAN_POINT('Ctrl Pts',(-7.25801916095826,42.2583743555975,2.83333333333333));
#15096=CARTESIAN_POINT('Ctrl Pts',(-7.25851433819955,42.259741946783,2.66666666666667));
#15097=CARTESIAN_POINT('Ctrl Pts',(-7.25900951544085,42.2611095379685,2.5));
#15098=CARTESIAN_POINT('Ctrl Pts',(-7.70093485713005,42.0219376683235,3.));
#15099=CARTESIAN_POINT('Ctrl Pts',(-7.70175717231679,42.0231373782404,2.83333333333333));
#15100=CARTESIAN_POINT('Ctrl Pts',(-7.70257948750352,42.0243370881573,2.66666666666667));
#15101=CARTESIAN_POINT('Ctrl Pts',(-7.70340180269026,42.0255367980742,2.5));
#15102=CARTESIAN_POINT('Ctrl Pts',(-7.54729474584262,42.1272469560305,3.));
#15103=CARTESIAN_POINT('Ctrl Pts',(-7.54803585057072,42.1285020256343,2.83333333333333));
#15104=CARTESIAN_POINT('Ctrl Pts',(-7.54877671099892,42.1297581754791,2.66666666666667));
#15105=CARTESIAN_POINT('Ctrl Pts',(-7.54951781572703,42.1310132450829,2.5));
#15106=CARTESIAN_POINT('Ctrl Pts',(-7.39949112137159,42.2056033213933,3.));
#15107=CARTESIAN_POINT('Ctrl Pts',(-7.40012750948392,42.2069194478112,2.83333333333333));
#15108=CARTESIAN_POINT('Ctrl Pts',(-7.40076336417159,42.2082367728321,2.66666666666667));
#15109=CARTESIAN_POINT('Ctrl Pts',(-7.40139975228393,42.20955289925,2.5));
#15110=CARTESIAN_POINT('Ctrl Pts',(-7.25752398371696,42.2570067644119,3.));
#15111=CARTESIAN_POINT('Ctrl Pts',(-7.25801916095826,42.2583743555975,2.83333333333333));
#15112=CARTESIAN_POINT('Ctrl Pts',(-7.25851433819955,42.259741946783,2.66666666666667));
#15113=CARTESIAN_POINT('Ctrl Pts',(-7.25900951544085,42.2611095379685,2.5));
#15114=CARTESIAN_POINT('',(-7.70340180585683,42.0255367959037,2.5));
#15115=CARTESIAN_POINT('Ctrl Pts',(-7.25900951544085,42.2611095379685,2.5));
#15116=CARTESIAN_POINT('Ctrl Pts',(-7.40139975228393,42.20955289925,2.5));
#15117=CARTESIAN_POINT('Ctrl Pts',(-7.54951781572703,42.1310132450829,2.5));
#15118=CARTESIAN_POINT('Ctrl Pts',(-7.70340180269026,42.0255367980742,2.5));
#15119=CARTESIAN_POINT('',(-7.70093485713005,42.0219376683235,3.));
#15120=CARTESIAN_POINT('Ctrl Pts',(-7.70093485713005,42.0219376683235,3.));
#15121=CARTESIAN_POINT('Ctrl Pts',(-7.54729474584262,42.1272469560305,3.));
#15122=CARTESIAN_POINT('Ctrl Pts',(-7.39949112137159,42.2056033213933,3.));
#15123=CARTESIAN_POINT('Ctrl Pts',(-7.25752398371696,42.2570067644119,3.));
#15124=CARTESIAN_POINT('Ctrl Pts',(-7.70093485713005,42.0219376683235,3.));
#15125=CARTESIAN_POINT('Ctrl Pts',(-7.70175717337231,42.0231373775169,2.83333333333333));
#15126=CARTESIAN_POINT('Ctrl Pts',(-7.70257948961457,42.0243370867103,2.66666666666667));
#15127=CARTESIAN_POINT('Ctrl Pts',(-7.70340180585683,42.0255367959037,2.5));
#15128=CARTESIAN_POINT('Ctrl Pts',(-8.10108706355095,41.6649869084358,3.));
#15129=CARTESIAN_POINT('Ctrl Pts',(-8.10219376699446,41.6659306847012,2.83333333333333));
#15130=CARTESIAN_POINT('Ctrl Pts',(-8.10330047043796,41.6668744609667,2.66666666666667));
#15131=CARTESIAN_POINT('Ctrl Pts',(-8.10440717388147,41.6678182372321,2.5));
#15132=CARTESIAN_POINT('Ctrl Pts',(-7.98795903722445,41.7976445953051,3.));
#15133=CARTESIAN_POINT('Ctrl Pts',(-7.98897807714565,41.7986913763562,2.83333333333333));
#15134=CARTESIAN_POINT('Ctrl Pts',(-7.98999717906716,41.7997374618339,2.66666666666667));
#15135=CARTESIAN_POINT('Ctrl Pts',(-7.99101621898836,41.8007842428849,2.5));
#15136=CARTESIAN_POINT('Ctrl Pts',(-7.85457496841749,41.9166281819344,3.));
#15137=CARTESIAN_POINT('Ctrl Pts',(-7.85549482937328,41.9177612087181,2.83333333333333));
#15138=CARTESIAN_POINT('Ctrl Pts',(-7.85641486879808,41.9188935802889,2.66666666666667));
#15139=CARTESIAN_POINT('Ctrl Pts',(-7.85733472975387,41.9200266070726,2.5));
#15140=CARTESIAN_POINT('Ctrl Pts',(-7.70093485713005,42.0219376683235,3.));
#15141=CARTESIAN_POINT('Ctrl Pts',(-7.70175717337231,42.0231373775169,2.83333333333333));
#15142=CARTESIAN_POINT('Ctrl Pts',(-7.70257948961457,42.0243370867103,2.66666666666667));
#15143=CARTESIAN_POINT('Ctrl Pts',(-7.70340180585683,42.0255367959037,2.5));
#15144=CARTESIAN_POINT('',(-8.10440502967106,41.6678207496779,2.5));
#15145=CARTESIAN_POINT('Ctrl Pts',(-7.70340180585683,42.0255367959037,2.5));
#15146=CARTESIAN_POINT('Ctrl Pts',(-7.85733375989947,41.9200272718395,2.5));
#15147=CARTESIAN_POINT('Ctrl Pts',(-7.99101453446709,41.8007857454574,2.5));
#15148=CARTESIAN_POINT('Ctrl Pts',(-8.10440503061989,41.6678207504874,2.5));
#15149=CARTESIAN_POINT('',(-8.10108706355095,41.6649869084358,3.));
#15150=CARTESIAN_POINT('Ctrl Pts',(-8.10108706355095,41.6649869084358,3.));
#15151=CARTESIAN_POINT('Ctrl Pts',(-7.98795903722445,41.7976445953051,3.));
#15152=CARTESIAN_POINT('Ctrl Pts',(-7.85457496841749,41.9166281819344,3.));
#15153=CARTESIAN_POINT('Ctrl Pts',(-7.70093485713005,42.0219376683235,3.));
#15154=CARTESIAN_POINT('Ctrl Pts',(-8.10108706355095,41.6649869084358,3.));
#15155=CARTESIAN_POINT('Ctrl Pts',(-8.10219305225765,41.6659315221832,2.83333333333333));
#15156=CARTESIAN_POINT('Ctrl Pts',(-8.10329904096436,41.6668761359305,2.66666666666667));
#15157=CARTESIAN_POINT('Ctrl Pts',(-8.10440502967106,41.6678207496779,2.5));
#15158=CARTESIAN_POINT('Ctrl Pts',(-8.47132250666618,40.985863506794,3.));
#15159=CARTESIAN_POINT('Ctrl Pts',(-8.47269963139067,40.9863315170975,2.83333333333333));
#15160=CARTESIAN_POINT('Ctrl Pts',(-8.47407675611515,40.9867995274011,2.66666666666667));
#15161=CARTESIAN_POINT('Ctrl Pts',(-8.47545388083964,40.9872675377047,2.5));
#15162=CARTESIAN_POINT('Ctrl Pts',(-8.3788908024629,41.25784466664,3.));
#15163=CARTESIAN_POINT('Ctrl Pts',(-8.38022060352328,41.2584521826666,2.83333333333333));
#15164=CARTESIAN_POINT('Ctrl Pts',(-8.3815489789279,41.259063127511,2.66666666666667));
#15165=CARTESIAN_POINT('Ctrl Pts',(-8.38287877998829,41.2596706435377,2.5));
#15166=CARTESIAN_POINT('Ctrl Pts',(-8.25547898809115,41.4842191338539,3.));
#15167=CARTESIAN_POINT('Ctrl Pts',(-8.25672669333738,41.4849976577255,2.83333333333333));
#15168=CARTESIAN_POINT('Ctrl Pts',(-8.25797184780503,41.485779656875,2.66666666666667));
#15169=CARTESIAN_POINT('Ctrl Pts',(-8.25921955305125,41.4865581807466,2.5));
#15170=CARTESIAN_POINT('Ctrl Pts',(-8.10108706355095,41.6649869084358,3.));
#15171=CARTESIAN_POINT('Ctrl Pts',(-8.10219305225765,41.6659315221832,2.83333333333333));
#15172=CARTESIAN_POINT('Ctrl Pts',(-8.10329904096436,41.6668761359305,2.66666666666667));
#15173=CARTESIAN_POINT('Ctrl Pts',(-8.10440502967106,41.6678207496779,2.5));
#15174=CARTESIAN_POINT('',(-8.47545396325036,40.987267295187,2.5));
#15175=CARTESIAN_POINT('Ctrl Pts',(-8.10440502967106,41.6678207496779,2.5));
#15176=CARTESIAN_POINT('Ctrl Pts',(-8.25921955305125,41.4865581807466,2.5));
#15177=CARTESIAN_POINT('Ctrl Pts',(-8.38287877998829,41.2596706435377,2.5));
#15178=CARTESIAN_POINT('Ctrl Pts',(-8.47545388083964,40.9872675377047,2.5));
#15179=CARTESIAN_POINT('',(-8.47132250666618,40.985863506794,3.));
#15180=CARTESIAN_POINT('Ctrl Pts',(-8.47132250666618,40.985863506794,3.));
#15181=CARTESIAN_POINT('Ctrl Pts',(-8.3788908024629,41.25784466664,3.));
#15182=CARTESIAN_POINT('Ctrl Pts',(-8.25547898809115,41.4842191338539,3.));
#15183=CARTESIAN_POINT('Ctrl Pts',(-8.10108706355095,41.6649869084358,3.));
#15184=CARTESIAN_POINT('Ctrl Pts',(-8.47132250666618,40.985863506794,3.));
#15185=CARTESIAN_POINT('Ctrl Pts',(-8.47269965886091,40.9863314362583,2.83333333333333));
#15186=CARTESIAN_POINT('Ctrl Pts',(-8.47407681105563,40.9867993657227,2.66666666666667));
#15187=CARTESIAN_POINT('Ctrl Pts',(-8.47545396325036,40.987267295187,2.5));
#15188=CARTESIAN_POINT('Ctrl Pts',(-8.56980606913567,40.3590062260628,3.));
#15189=CARTESIAN_POINT('Ctrl Pts',(-8.57124553714352,40.3587978082003,2.83333333333333));
#15190=CARTESIAN_POINT('Ctrl Pts',(-8.57268500515137,40.3585893903378,2.66666666666667));
#15191=CARTESIAN_POINT('Ctrl Pts',(-8.57412447315923,40.3583809724753,2.5));
#15192=CARTESIAN_POINT('Ctrl Pts',(-8.59261636932691,40.5165488521258,3.));
#15193=CARTESIAN_POINT('Ctrl Pts',(-8.59410055132082,40.5167186137331,2.83333333333333));
#15194=CARTESIAN_POINT('Ctrl Pts',(-8.59561406956273,40.5168829227251,2.66666666666667));
#15195=CARTESIAN_POINT('Ctrl Pts',(-8.59709825155664,40.5170526843324,2.5));
#15196=CARTESIAN_POINT('Ctrl Pts',(-8.55978851517042,40.7255012790362,3.));
#15197=CARTESIAN_POINT('Ctrl Pts',(-8.56119979854807,40.7258471671708,2.83333333333333));
#15198=CARTESIAN_POINT('Ctrl Pts',(-8.56263168844862,40.7261971806783,2.66666666666667));
#15199=CARTESIAN_POINT('Ctrl Pts',(-8.56404297182627,40.7265430688128,2.5));
#15200=CARTESIAN_POINT('Ctrl Pts',(-8.47132250666618,40.985863506794,3.));
#15201=CARTESIAN_POINT('Ctrl Pts',(-8.47269965886091,40.9863314362583,2.83333333333333));
#15202=CARTESIAN_POINT('Ctrl Pts',(-8.47407681105563,40.9867993657227,2.66666666666667));
#15203=CARTESIAN_POINT('Ctrl Pts',(-8.47545396325036,40.987267295187,2.5));
#15204=CARTESIAN_POINT('',(-8.57412447315923,40.3583809724753,2.5));
#15205=CARTESIAN_POINT('Ctrl Pts',(-8.47545396325036,40.987267295187,2.5));
#15206=CARTESIAN_POINT('Ctrl Pts',(-8.56404297182627,40.7265430688128,2.5));
#15207=CARTESIAN_POINT('Ctrl Pts',(-8.59709825155664,40.5170526843324,2.5));
#15208=CARTESIAN_POINT('Ctrl Pts',(-8.57412447315923,40.3583809724753,2.5));
#15209=CARTESIAN_POINT('',(-8.56980606913567,40.3590062260628,3.));
#15210=CARTESIAN_POINT('Ctrl Pts',(-8.56980606913567,40.3590062260628,3.));
#15211=CARTESIAN_POINT('Ctrl Pts',(-8.59261636932691,40.5165488521258,3.));
#15212=CARTESIAN_POINT('Ctrl Pts',(-8.55978851517042,40.7255012790362,3.));
#15213=CARTESIAN_POINT('Ctrl Pts',(-8.47132250666618,40.985863506794,3.));
#15214=CARTESIAN_POINT('Ctrl Pts',(-8.56980606913567,40.3590062260628,3.));
#15215=CARTESIAN_POINT('Ctrl Pts',(-8.57124553714352,40.3587978082003,2.83333333333333));
#15216=CARTESIAN_POINT('Ctrl Pts',(-8.57268500515137,40.3585893903378,2.66666666666667));
#15217=CARTESIAN_POINT('Ctrl Pts',(-8.57412447315923,40.3583809724753,2.5));
#15218=CARTESIAN_POINT('Ctrl Pts',(-8.39351937174797,39.9473187327385,3.));
#15219=CARTESIAN_POINT('Ctrl Pts',(-8.39464953519373,39.9464031800437,2.83333333333333));
#15220=CARTESIAN_POINT('Ctrl Pts',(-8.39577969863949,39.9454876273489,2.66666666666667));
#15221=CARTESIAN_POINT('Ctrl Pts',(-8.39690986208525,39.9445720746542,2.5));
#15222=CARTESIAN_POINT('Ctrl Pts',(-8.48823353648186,40.0642344355583,3.));
#15223=CARTESIAN_POINT('Ctrl Pts',(-8.48953218389477,40.0635221160851,2.83333333333333));
#15224=CARTESIAN_POINT('Ctrl Pts',(-8.49082095086974,40.062811833176,2.66666666666667));
#15225=CARTESIAN_POINT('Ctrl Pts',(-8.49211959828265,40.0620995137029,2.5));
#15226=CARTESIAN_POINT('Ctrl Pts',(-8.54699576894442,40.2014635999997,3.));
#15227=CARTESIAN_POINT('Ctrl Pts',(-8.54840491605209,40.2010238107527,2.83333333333333));
#15228=CARTESIAN_POINT('Ctrl Pts',(-8.54980423319422,40.2005819965831,2.66666666666667));
#15229=CARTESIAN_POINT('Ctrl Pts',(-8.55121338030189,40.200142207336,2.5));
#15230=CARTESIAN_POINT('Ctrl Pts',(-8.56980606913567,40.3590062260628,3.));
#15231=CARTESIAN_POINT('Ctrl Pts',(-8.57124553714352,40.3587978082003,2.83333333333333));
#15232=CARTESIAN_POINT('Ctrl Pts',(-8.57268500515137,40.3585893903378,2.66666666666667));
#15233=CARTESIAN_POINT('Ctrl Pts',(-8.57412447315923,40.3583809724753,2.5));
#15234=CARTESIAN_POINT('',(-8.39690983497434,39.9445720411886,2.5));
#15235=CARTESIAN_POINT('Ctrl Pts',(-8.57412447315923,40.3583809724753,2.5));
#15236=CARTESIAN_POINT('Ctrl Pts',(-8.55121338030189,40.200142207336,2.5));
#15237=CARTESIAN_POINT('Ctrl Pts',(-8.49211959828265,40.0620995137029,2.5));
#15238=CARTESIAN_POINT('Ctrl Pts',(-8.39690986208525,39.9445720746542,2.5));
#15239=CARTESIAN_POINT('',(-8.39351937174797,39.9473187327385,3.));
#15240=CARTESIAN_POINT('Ctrl Pts',(-8.39351937174797,39.9473187327385,3.));
#15241=CARTESIAN_POINT('Ctrl Pts',(-8.48823353648186,40.0642344355583,3.));
#15242=CARTESIAN_POINT('Ctrl Pts',(-8.54699576894442,40.2014635999997,3.));
#15243=CARTESIAN_POINT('Ctrl Pts',(-8.56980606913567,40.3590062260628,3.));
#15244=CARTESIAN_POINT('Ctrl Pts',(-8.39351937174797,39.9473187327385,3.));
#15245=CARTESIAN_POINT('Ctrl Pts',(-8.39464952615676,39.9464031688885,2.83333333333333));
#15246=CARTESIAN_POINT('Ctrl Pts',(-8.39577968056555,39.9454876050386,2.66666666666667));
#15247=CARTESIAN_POINT('Ctrl Pts',(-8.39690983497434,39.9445720411886,2.5));
#15248=CARTESIAN_POINT('Ctrl Pts',(-7.99797579646111,39.6935960650444,3.));
#15249=CARTESIAN_POINT('Ctrl Pts',(-7.9984053352143,39.6922064598449,2.83333333333333));
#15250=CARTESIAN_POINT('Ctrl Pts',(-7.99883487396749,39.6908168546454,2.66666666666667));
#15251=CARTESIAN_POINT('Ctrl Pts',(-7.99926441272068,39.6894272494458,2.5));
#15252=CARTESIAN_POINT('Ctrl Pts',(-8.16695575912794,39.7458292047183,3.));
#15253=CARTESIAN_POINT('Ctrl Pts',(-8.16760146454476,39.7445026802434,2.83333333333333));
#15254=CARTESIAN_POINT('Ctrl Pts',(-8.16825650434857,39.7431902557803,2.66666666666667));
#15255=CARTESIAN_POINT('Ctrl Pts',(-8.1689022097654,39.7418637313054,2.5));
#15256=CARTESIAN_POINT('Ctrl Pts',(-8.29880361755689,39.830403427283,3.));
#15257=CARTESIAN_POINT('Ctrl Pts',(-8.29973295864894,39.8292354918096,2.83333333333333));
#15258=CARTESIAN_POINT('Ctrl Pts',(-8.3006658674814,39.8280854348678,2.66666666666667));
#15259=CARTESIAN_POINT('Ctrl Pts',(-8.30159520857345,39.8269174993945,2.5));
#15260=CARTESIAN_POINT('Ctrl Pts',(-8.39351937174797,39.9473187327385,3.));
#15261=CARTESIAN_POINT('Ctrl Pts',(-8.39464952615676,39.9464031688885,2.83333333333333));
#15262=CARTESIAN_POINT('Ctrl Pts',(-8.39577968056555,39.9454876050386,2.66666666666667));
#15263=CARTESIAN_POINT('Ctrl Pts',(-8.39690983497434,39.9445720411886,2.5));
#15264=CARTESIAN_POINT('',(-7.99926441272068,39.6894272494458,2.5));
#15265=CARTESIAN_POINT('Ctrl Pts',(-8.39690983497434,39.9445720411886,2.5));
#15266=CARTESIAN_POINT('Ctrl Pts',(-8.30159520857345,39.8269174993945,2.5));
#15267=CARTESIAN_POINT('Ctrl Pts',(-8.1689022097654,39.7418637313054,2.5));
#15268=CARTESIAN_POINT('Ctrl Pts',(-7.99926441272068,39.6894272494458,2.5));
#15269=CARTESIAN_POINT('',(-7.99797579646111,39.6935960650444,3.));
#15270=CARTESIAN_POINT('Ctrl Pts',(-7.99797579646111,39.6935960650444,3.));
#15271=CARTESIAN_POINT('Ctrl Pts',(-8.16695575912794,39.7458292047183,3.));
#15272=CARTESIAN_POINT('Ctrl Pts',(-8.29880361755689,39.830403427283,3.));
#15273=CARTESIAN_POINT('Ctrl Pts',(-8.39351937174797,39.9473187327385,3.));
#15274=CARTESIAN_POINT('Ctrl Pts',(-7.99797579646111,39.6935960650444,3.));
#15275=CARTESIAN_POINT('Ctrl Pts',(-7.9984053352143,39.6922064598449,2.83333333333333));
#15276=CARTESIAN_POINT('Ctrl Pts',(-7.99883487396749,39.6908168546454,2.66666666666667));
#15277=CARTESIAN_POINT('Ctrl Pts',(-7.99926441272068,39.6894272494458,2.5));
#15278=CARTESIAN_POINT('Ctrl Pts',(-7.32373520731926,39.6152463555336,3.));
#15279=CARTESIAN_POINT('Ctrl Pts',(-7.32373520731926,39.6137918775685,2.83333333333333));
#15280=CARTESIAN_POINT('Ctrl Pts',(-7.32373520731926,39.6123373996033,2.66666666666667));
#15281=CARTESIAN_POINT('Ctrl Pts',(-7.32373520731926,39.6108829216382,2.5));
#15282=CARTESIAN_POINT('Ctrl Pts',(-7.60424897074699,39.6152463555336,3.));
#15283=CARTESIAN_POINT('Ctrl Pts',(-7.60434012421395,39.613794203572,2.83333333333333));
#15284=CARTESIAN_POINT('Ctrl Pts',(-7.60442864873507,39.6123350735998,2.66666666666667));
#15285=CARTESIAN_POINT('Ctrl Pts',(-7.60451980220202,39.6108829216382,2.5));
#15286=CARTESIAN_POINT('Ctrl Pts',(-7.82899583379428,39.6413629253705,3.));
#15287=CARTESIAN_POINT('Ctrl Pts',(-7.82920893419718,39.6399095214422,2.83333333333333));
#15288=CARTESIAN_POINT('Ctrl Pts',(-7.82942048619833,39.6384463262868,2.66666666666667));
#15289=CARTESIAN_POINT('Ctrl Pts',(-7.82963358660124,39.6369929223584,2.5));
#15290=CARTESIAN_POINT('Ctrl Pts',(-7.99797579646111,39.6935960650444,3.));
#15291=CARTESIAN_POINT('Ctrl Pts',(-7.9984053352143,39.6922064598449,2.83333333333333));
#15292=CARTESIAN_POINT('Ctrl Pts',(-7.99883487396749,39.6908168546454,2.66666666666667));
#15293=CARTESIAN_POINT('Ctrl Pts',(-7.99926441272068,39.6894272494458,2.5));
#15294=CARTESIAN_POINT('',(-7.32373520731926,39.6108829216382,2.5));
#15295=CARTESIAN_POINT('Ctrl Pts',(-7.99926441272068,39.6894272494458,2.5));
#15296=CARTESIAN_POINT('Ctrl Pts',(-7.82963358660124,39.6369929223584,2.5));
#15297=CARTESIAN_POINT('Ctrl Pts',(-7.60451980220202,39.6108829216382,2.5));
#15298=CARTESIAN_POINT('Ctrl Pts',(-7.32373520731926,39.6108829216382,2.5));
#15299=CARTESIAN_POINT('',(-7.32373520731926,39.6152463555336,3.));
#15300=CARTESIAN_POINT('Ctrl Pts',(-7.32373520731926,39.6152463555336,3.));
#15301=CARTESIAN_POINT('Ctrl Pts',(-7.60424897074699,39.6152463555336,3.));
#15302=CARTESIAN_POINT('Ctrl Pts',(-7.82899583379428,39.6413629253705,3.));
#15303=CARTESIAN_POINT('Ctrl Pts',(-7.99797579646111,39.6935960650444,3.));
#15304=CARTESIAN_POINT('Ctrl Pts',(-7.32373520731926,39.6152463555336,3.));
#15305=CARTESIAN_POINT('Ctrl Pts',(-7.32373520731926,39.6137918775685,2.83333333333333));
#15306=CARTESIAN_POINT('Ctrl Pts',(-7.32373520731926,39.6123373996033,2.66666666666667));
#15307=CARTESIAN_POINT('Ctrl Pts',(-7.32373520731926,39.6108829216382,2.5));
#15308=CARTESIAN_POINT('Ctrl Pts',(-6.56396672129631,39.7372445464134,3.));
#15309=CARTESIAN_POINT('Ctrl Pts',(-6.56345426658662,39.73588333507,2.83333333333333));
#15310=CARTESIAN_POINT('Ctrl Pts',(-6.56294181187692,39.7345221237265,2.66666666666667));
#15311=CARTESIAN_POINT('Ctrl Pts',(-6.56242935716723,39.7331609123831,2.5));
#15312=CARTESIAN_POINT('Ctrl Pts',(-6.78000574310621,39.6559124191602,3.));
#15313=CARTESIAN_POINT('Ctrl Pts',(-6.77969585698083,39.6544755211245,2.83333333333333));
#15314=CARTESIAN_POINT('Ctrl Pts',(-6.7793817499016,39.6530384894759,2.66666666666667));
#15315=CARTESIAN_POINT('Ctrl Pts',(-6.77907186377623,39.6516015914402,2.5));
#15316=CARTESIAN_POINT('Ctrl Pts',(-7.03326190511386,39.6152463555336,3.));
#15317=CARTESIAN_POINT('Ctrl Pts',(-7.03312726913151,39.6137921933769,2.83333333333333));
#15318=CARTESIAN_POINT('Ctrl Pts',(-7.03298928925568,39.6123370837949,2.66666666666667));
#15319=CARTESIAN_POINT('Ctrl Pts',(-7.03285465327333,39.6108829216382,2.5));
#15320=CARTESIAN_POINT('Ctrl Pts',(-7.32373520731926,39.6152463555336,3.));
#15321=CARTESIAN_POINT('Ctrl Pts',(-7.32373520731926,39.6137918775685,2.83333333333333));
#15322=CARTESIAN_POINT('Ctrl Pts',(-7.32373520731926,39.6123373996033,2.66666666666667));
#15323=CARTESIAN_POINT('Ctrl Pts',(-7.32373520731926,39.6108829216382,2.5));
#15324=CARTESIAN_POINT('',(-6.56242935058853,39.7331609148597,2.5));
#15325=CARTESIAN_POINT('Ctrl Pts',(-7.32373520731926,39.6108829216382,2.5));
#15326=CARTESIAN_POINT('Ctrl Pts',(-7.03285465327333,39.6108829216382,2.5));
#15327=CARTESIAN_POINT('Ctrl Pts',(-6.77907186377623,39.6516015914402,2.5));
#15328=CARTESIAN_POINT('Ctrl Pts',(-6.56242935716723,39.7331609123831,2.5));
#15329=CARTESIAN_POINT('',(-6.56396672129631,39.7372445464134,3.));
#15330=CARTESIAN_POINT('Ctrl Pts',(-6.56396672129631,39.7372445464134,3.));
#15331=CARTESIAN_POINT('Ctrl Pts',(-6.78000574310621,39.6559124191602,3.));
#15332=CARTESIAN_POINT('Ctrl Pts',(-7.03326190511386,39.6152463555336,3.));
#15333=CARTESIAN_POINT('Ctrl Pts',(-7.32373520731926,39.6152463555336,3.));
#15334=CARTESIAN_POINT('Ctrl Pts',(-6.56396672129631,39.7372445464134,3.));
#15335=CARTESIAN_POINT('Ctrl Pts',(-6.56345426439372,39.7358833358955,2.83333333333333));
#15336=CARTESIAN_POINT('Ctrl Pts',(-6.56294180749112,39.7345221253776,2.66666666666667));
#15337=CARTESIAN_POINT('Ctrl Pts',(-6.56242935058853,39.7331609148597,2.5));
#15338=CARTESIAN_POINT('Ctrl Pts',(-5.9832863509655,40.079587996006,3.));
#15339=CARTESIAN_POINT('Ctrl Pts',(-5.9823388399674,40.0784844883896,2.83333333333333));
#15340=CARTESIAN_POINT('Ctrl Pts',(-5.98139132896931,40.0773809807731,2.66666666666667));
#15341=CARTESIAN_POINT('Ctrl Pts',(-5.98044381797121,40.0762774731567,2.5));
#15342=CARTESIAN_POINT('Ctrl Pts',(-6.15436757604281,39.9326915542285,3.));
#15343=CARTESIAN_POINT('Ctrl Pts',(-6.15354875167303,39.9314768100141,2.83333333333333));
#15344=CARTESIAN_POINT('Ctrl Pts',(-6.15273062295225,39.9302636934977,2.66666666666667));
#15345=CARTESIAN_POINT('Ctrl Pts',(-6.15191179858247,39.9290489492834,2.5));
#15346=CARTESIAN_POINT('Ctrl Pts',(-6.34792769948641,39.8185770710309,3.));
#15347=CARTESIAN_POINT('Ctrl Pts',(-6.34726342250736,39.8172724027105,2.83333333333333));
#15348=CARTESIAN_POINT('Ctrl Pts',(-6.34659938011405,39.8159694872576,2.66666666666667));
#15349=CARTESIAN_POINT('Ctrl Pts',(-6.34593510313499,39.8146648189371,2.5));
#15350=CARTESIAN_POINT('Ctrl Pts',(-6.56396672129631,39.7372445464134,3.));
#15351=CARTESIAN_POINT('Ctrl Pts',(-6.56345426439372,39.7358833358955,2.83333333333333));
#15352=CARTESIAN_POINT('Ctrl Pts',(-6.56294180749112,39.7345221253776,2.66666666666667));
#15353=CARTESIAN_POINT('Ctrl Pts',(-6.56242935058853,39.7331609148597,2.5));
#15354=CARTESIAN_POINT('',(-5.98044380276959,40.0762774862094,2.5));
#15355=CARTESIAN_POINT('Ctrl Pts',(-6.56242935058853,39.7331609148597,2.5));
#15356=CARTESIAN_POINT('Ctrl Pts',(-6.34593510313499,39.8146648189371,2.5));
#15357=CARTESIAN_POINT('Ctrl Pts',(-6.15191179858247,39.9290489492834,2.5));
#15358=CARTESIAN_POINT('Ctrl Pts',(-5.98044381797121,40.0762774731567,2.5));
#15359=CARTESIAN_POINT('',(-5.9832863509655,40.079587996006,3.));
#15360=CARTESIAN_POINT('Ctrl Pts',(-5.9832863509655,40.079587996006,3.));
#15361=CARTESIAN_POINT('Ctrl Pts',(-6.15436757604281,39.9326915542285,3.));
#15362=CARTESIAN_POINT('Ctrl Pts',(-6.34792769948641,39.8185770710309,3.));
#15363=CARTESIAN_POINT('Ctrl Pts',(-6.56396672129631,39.7372445464134,3.));
#15364=CARTESIAN_POINT('Ctrl Pts',(-5.9832863509655,40.079587996006,3.));
#15365=CARTESIAN_POINT('Ctrl Pts',(-5.9823388349002,40.0784844927405,2.83333333333333));
#15366=CARTESIAN_POINT('Ctrl Pts',(-5.9813913188349,40.077380989475,2.66666666666667));
#15367=CARTESIAN_POINT('Ctrl Pts',(-5.98044380276959,40.0762774862094,2.5));
#15368=CARTESIAN_POINT('Ctrl Pts',(-5.54109881231232,40.606989105488,3.));
#15369=CARTESIAN_POINT('Ctrl Pts',(-5.53985400038429,40.6062368093928,2.83333333333333));
#15370=CARTESIAN_POINT('Ctrl Pts',(-5.53860918845626,40.6054845132976,2.66666666666667));
#15371=CARTESIAN_POINT('Ctrl Pts',(-5.53736437652822,40.6047322172024,2.5));
#15372=CARTESIAN_POINT('Ctrl Pts',(-5.54226618613828,40.6050574712919,3.));
#15373=CARTESIAN_POINT('Ctrl Pts',(-5.54102174754764,40.6043045353017,2.83333333333333));
#15374=CARTESIAN_POINT('Ctrl Pts',(-5.53977618894483,40.6035535189966,2.66666666666667));
#15375=CARTESIAN_POINT('Ctrl Pts',(-5.53853175035418,40.6028005830063,2.5));
#15376=CARTESIAN_POINT('Ctrl Pts',(-5.54343355996425,40.603125837096,3.));
#15377=CARTESIAN_POINT('Ctrl Pts',(-5.54218818638885,40.6023744929042,2.83333333333333));
#15378=CARTESIAN_POINT('Ctrl Pts',(-5.54094320121074,40.6016224458952,2.66666666666667));
#15379=CARTESIAN_POINT('Ctrl Pts',(-5.53969782763534,40.6008711017034,2.5));
#15380=CARTESIAN_POINT('Ctrl Pts',(-5.6659782429536,40.4003531734147,3.00000000000002));
#15381=CARTESIAN_POINT('Ctrl Pts',(-5.66480810750758,40.3994765633209,2.83333333333335));
#15382=CARTESIAN_POINT('Ctrl Pts',(-5.66360679494345,40.3986526642024,2.66666666666665));
#15383=CARTESIAN_POINT('Ctrl Pts',(-5.66243665949742,40.3977760541087,2.49999999999998));
#15384=CARTESIAN_POINT('Ctrl Pts',(-5.81220671534538,40.2264844377836,3.));
#15385=CARTESIAN_POINT('Ctrl Pts',(-5.81113930074951,40.225483344776,2.83333333333333));
#15386=CARTESIAN_POINT('Ctrl Pts',(-5.81007284111161,40.2244830513596,2.66666666666667));
#15387=CARTESIAN_POINT('Ctrl Pts',(-5.80900542651573,40.2234819583521,2.5));
#15388=CARTESIAN_POINT('Ctrl Pts',(-5.9832863509655,40.079587996006,3.));
#15389=CARTESIAN_POINT('Ctrl Pts',(-5.9823388349002,40.0784844927405,2.83333333333333));
#15390=CARTESIAN_POINT('Ctrl Pts',(-5.9813913188349,40.077380989475,2.66666666666667));
#15391=CARTESIAN_POINT('Ctrl Pts',(-5.98044380276959,40.0762774862094,2.5));
#15392=CARTESIAN_POINT('',(-5.53736437652822,40.6047322172024,2.5));
#15393=CARTESIAN_POINT('Ctrl Pts',(-5.98044380276959,40.0762774862094,2.5));
#15394=CARTESIAN_POINT('Ctrl Pts',(-5.80900542651573,40.2234819583521,2.5));
#15395=CARTESIAN_POINT('Ctrl Pts',(-5.66243665949742,40.3977760541087,2.49999999999998));
#15396=CARTESIAN_POINT('Ctrl Pts',(-5.53969782763534,40.6008711017034,2.5));
#15397=CARTESIAN_POINT('Ctrl Pts',(-5.53853175035418,40.6028005830063,2.5));
#15398=CARTESIAN_POINT('Ctrl Pts',(-5.53736437652822,40.6047322172024,2.5));
#15399=CARTESIAN_POINT('',(-5.54460093379021,40.6011942028999,3.));
#15400=CARTESIAN_POINT('Ctrl Pts',(-5.54460093379021,40.6011942028999,3.));
#15401=CARTESIAN_POINT('Ctrl Pts',(-5.72666689753532,40.2999326586723,3.));
#15402=CARTESIAN_POINT('Ctrl Pts',(-5.9832863509655,40.079587996006,3.));
#15403=CARTESIAN_POINT('Ctrl Pts',(-5.54460093379021,40.6011942028999,3.));
#15404=CARTESIAN_POINT('Ctrl Pts',(-5.54419892867774,40.6013907190179,2.97222222222222));
#15405=CARTESIAN_POINT('Ctrl Pts',(-5.54218873039214,40.6023737416756,2.83334341447306));
#15406=CARTESIAN_POINT('Ctrl Pts',(-5.54098244663556,40.6029635563232,2.750000001372));
#15407=CARTESIAN_POINT('Ctrl Pts',(-5.54096638388932,40.6029714102324,2.74889020934459));
#15408=CARTESIAN_POINT('Ctrl Pts',(-5.54095032502845,40.6029792622194,2.74778068438741));
#15409=CARTESIAN_POINT('Ctrl Pts',(-5.54093426426516,40.6029871151136,2.74667102658111));
#15410=CARTESIAN_POINT('Ctrl Pts',(-5.53974419018833,40.6035690006472,2.66444735105408));
#15411=CARTESIAN_POINT('Ctrl Pts',(-5.53855440920071,40.6041504001223,2.58222367552704));
#15412=CARTESIAN_POINT('Ctrl Pts',(-5.53736437652822,40.6047322172024,2.5));
#15413=CARTESIAN_POINT('Origin',(-5.54460093379021,40.6011942028999,3.));
#15414=CARTESIAN_POINT('',(-6.47307669122191,40.7153938184247,2.5));
#15415=CARTESIAN_POINT('',(-6.47039948167685,40.7150771994271,2.5));
#15416=CARTESIAN_POINT('',(-6.47091194987297,40.7107439637184,3.));
#15417=CARTESIAN_POINT('',(9.30089671887671,38.8454980178773,3.));
#15418=CARTESIAN_POINT('Ctrl Pts',(-6.47091194987297,40.7107439637184,3.));
#15419=CARTESIAN_POINT('Ctrl Pts',(-6.47127272998752,40.711518917786,2.91666900188199));
#15420=CARTESIAN_POINT('Ctrl Pts',(-6.47163351010206,40.7122938718535,2.83333800376398));
#15421=CARTESIAN_POINT('Ctrl Pts',(-6.4723550905517,40.7138438234223,2.66667133709732));
#15422=CARTESIAN_POINT('Ctrl Pts',(-6.47271589088681,40.7146188209235,2.58333566854866));
#15423=CARTESIAN_POINT('Ctrl Pts',(-6.47307669122191,40.7153938184247,2.5));
#15424=CARTESIAN_POINT('Ctrl Pts',(-6.78044125437737,40.397033393383,3.));
#15425=CARTESIAN_POINT('Ctrl Pts',(-6.78118880348357,40.3982810618025,2.83333333333333));
#15426=CARTESIAN_POINT('Ctrl Pts',(-6.78193635258977,40.3995287302219,2.66666666666667));
#15427=CARTESIAN_POINT('Ctrl Pts',(-6.78268390169598,40.4007763986413,2.5));
#15428=CARTESIAN_POINT('Ctrl Pts',(-6.66685864329338,40.4650871952375,3.));
#15429=CARTESIAN_POINT('Ctrl Pts',(-6.66783879177302,40.46619490553,2.83333333333333));
#15430=CARTESIAN_POINT('Ctrl Pts',(-6.66881225811072,40.4673084033162,2.66666666666667));
#15431=CARTESIAN_POINT('Ctrl Pts',(-6.66979240659036,40.4684161136087,2.5));
#15432=CARTESIAN_POINT('Ctrl Pts',(-6.56368220845856,40.5696573853496,2.99999999999998));
#15433=CARTESIAN_POINT('Ctrl Pts',(-6.56480822147049,40.5705921301815,2.83333333333332));
#15434=CARTESIAN_POINT('Ctrl Pts',(-6.56613768149693,40.5712184116619,2.66666666666662));
#15435=CARTESIAN_POINT('Ctrl Pts',(-6.56726369450885,40.5721531564938,2.49999999999996));
#15436=CARTESIAN_POINT('Ctrl Pts',(-6.47041823742497,40.71149480996,3.));
#15437=CARTESIAN_POINT('Ctrl Pts',(-6.47163387142137,40.7122933880967,2.83333333333333));
#15438=CARTESIAN_POINT('Ctrl Pts',(-6.47284871897755,40.7130931856081,2.66666666666667));
#15439=CARTESIAN_POINT('Ctrl Pts',(-6.47406435297395,40.7138917637449,2.5));
#15440=CARTESIAN_POINT('Ctrl Pts',(-6.46992452497697,40.7122456562015,3.));
#15441=CARTESIAN_POINT('Ctrl Pts',(-6.47113960418876,40.7130450959381,2.83333333333333));
#15442=CARTESIAN_POINT('Ctrl Pts',(-6.47235532445812,40.7138435324465,2.66666666666667));
#15443=CARTESIAN_POINT('Ctrl Pts',(-6.47357040366991,40.7146429721831,2.5));
#15444=CARTESIAN_POINT('Ctrl Pts',(-6.46943081252897,40.7129965024431,3.));
#15445=CARTESIAN_POINT('Ctrl Pts',(-6.47064610542662,40.7137956077703,2.83333333333333));
#15446=CARTESIAN_POINT('Ctrl Pts',(-6.47186139832426,40.7145947130975,2.66666666666667));
#15447=CARTESIAN_POINT('Ctrl Pts',(-6.47307669122191,40.7153938184247,2.5));
#15448=CARTESIAN_POINT('',(-6.78268390169598,40.4007763986413,2.5));
#15449=CARTESIAN_POINT('Ctrl Pts',(-6.47307669122191,40.7153938184247,2.5));
#15450=CARTESIAN_POINT('Ctrl Pts',(-6.47357040366991,40.7146429721831,2.5));
#15451=CARTESIAN_POINT('Ctrl Pts',(-6.47406435297395,40.7138917637449,2.5));
#15452=CARTESIAN_POINT('Ctrl Pts',(-6.56726369450885,40.5721531564938,2.49999999999996));
#15453=CARTESIAN_POINT('Ctrl Pts',(-6.66979240659036,40.4684161136087,2.5));
#15454=CARTESIAN_POINT('Ctrl Pts',(-6.78268390169598,40.4007763986413,2.5));
#15455=CARTESIAN_POINT('',(-6.78044125437737,40.397033393383,3.));
#15456=CARTESIAN_POINT('Ctrl Pts',(-6.78044125437737,40.397033393383,3.));
#15457=CARTESIAN_POINT('Ctrl Pts',(-6.61006733775139,40.4991140961647,3.));
#15458=CARTESIAN_POINT('Ctrl Pts',(-6.47091194987297,40.7107439637184,3.));
#15459=CARTESIAN_POINT('Ctrl Pts',(-6.78044125437737,40.397033393383,3.));
#15460=CARTESIAN_POINT('Ctrl Pts',(-6.78118880348357,40.3982810618025,2.83333333333333));
#15461=CARTESIAN_POINT('Ctrl Pts',(-6.78193635258977,40.3995287302219,2.66666666666667));
#15462=CARTESIAN_POINT('Ctrl Pts',(-6.78268390169598,40.4007763986413,2.5));
#15463=CARTESIAN_POINT('Ctrl Pts',(-7.14999720454216,40.2949526906013,3.));
#15464=CARTESIAN_POINT('Ctrl Pts',(-7.14999720454216,40.2964071685665,2.83333333333333));
#15465=CARTESIAN_POINT('Ctrl Pts',(-7.14999720454216,40.2978616465316,2.66666666666667));
#15466=CARTESIAN_POINT('Ctrl Pts',(-7.14999720454216,40.2993161244967,2.5));
#15467=CARTESIAN_POINT('Ctrl Pts',(-7.01720918218295,40.2949526906013,3.));
#15468=CARTESIAN_POINT('Ctrl Pts',(-7.01745777325136,40.2964104512899,2.83333333333333));
#15469=CARTESIAN_POINT('Ctrl Pts',(-7.01770601041879,40.2978583638082,2.66666666666667));
#15470=CARTESIAN_POINT('Ctrl Pts',(-7.0179546014872,40.2993161244967,2.5));
#15471=CARTESIAN_POINT('Ctrl Pts',(-6.89402386546135,40.3289795915286,3.));
#15472=CARTESIAN_POINT('Ctrl Pts',(-6.89455851427849,40.3303586380382,2.83333333333333));
#15473=CARTESIAN_POINT('Ctrl Pts',(-6.89508877529926,40.3317288612687,2.66666666666667));
#15474=CARTESIAN_POINT('Ctrl Pts',(-6.89562342411639,40.3331079077783,2.5));
#15475=CARTESIAN_POINT('Ctrl Pts',(-6.78044125437737,40.397033393383,3.));
#15476=CARTESIAN_POINT('Ctrl Pts',(-6.78118880348357,40.3982810618025,2.83333333333333));
#15477=CARTESIAN_POINT('Ctrl Pts',(-6.78193635258977,40.3995287302219,2.66666666666667));
#15478=CARTESIAN_POINT('Ctrl Pts',(-6.78268390169598,40.4007763986413,2.5));
#15479=CARTESIAN_POINT('Ctrl Pts',(-6.78268390169598,40.4007763986413,2.5));
#15480=CARTESIAN_POINT('Ctrl Pts',(-6.89562342411639,40.3331079077783,2.5));
#15481=CARTESIAN_POINT('Ctrl Pts',(-7.0179546014872,40.2993161244967,2.5));
#15482=CARTESIAN_POINT('Ctrl Pts',(-7.14999720454216,40.2993161244967,2.5));
#15483=CARTESIAN_POINT('Ctrl Pts',(-7.14999720454216,40.2949526906013,3.));
#15484=CARTESIAN_POINT('Ctrl Pts',(-7.01720918218295,40.2949526906013,3.));
#15485=CARTESIAN_POINT('Ctrl Pts',(-6.89402386546135,40.3289795915286,3.));
#15486=CARTESIAN_POINT('Ctrl Pts',(-6.78044125437737,40.397033393383,3.));
#15487=CARTESIAN_POINT('Origin',(-6.94554254412651,40.997067540884,2.5));
#15488=CARTESIAN_POINT('Origin',(-0.979421585798264,39.6750006079674,3.));
#15489=CARTESIAN_POINT('',(-0.97629599244413,39.670637174072,2.5));
#15490=CARTESIAN_POINT('',(-0.543742947771546,40.9433784577193,2.5));
#15491=CARTESIAN_POINT('',(-0.543743063553618,40.9433781169968,2.5));
#15492=CARTESIAN_POINT('',(-0.979421585798264,39.6750006079674,3.));
#15493=CARTESIAN_POINT('',(-0.979441382755802,39.6750282451888,3.00316691189398));
#15494=CARTESIAN_POINT('',(-0.547874420881271,40.9447821974754,3.));
#15495=CARTESIAN_POINT('',(-6.59677443481962,23.1465378828561,3.));
#15496=CARTESIAN_POINT('Ctrl Pts',(-0.547874420881271,40.9447821974754,
3.));
#15497=CARTESIAN_POINT('Ctrl Pts',(-0.54649726317803,40.9443142842234,2.83333333333333));
#15498=CARTESIAN_POINT('Ctrl Pts',(-0.545120105474788,40.9438463709713,
2.66666666666667));
#15499=CARTESIAN_POINT('Ctrl Pts',(-0.543742947771546,40.9433784577193,
2.5));
#15500=CARTESIAN_POINT('Ctrl Pts',(-0.263298004865646,41.4452257752419,
3.));
#15501=CARTESIAN_POINT('Ctrl Pts',(-0.262348922272639,41.4441236189994,
2.83333333333333));
#15502=CARTESIAN_POINT('Ctrl Pts',(-0.261399839679632,41.443021462757,2.66666666666667));
#15503=CARTESIAN_POINT('Ctrl Pts',(-0.260450757086625,41.4419193065146,
2.5));
#15504=CARTESIAN_POINT('Ctrl Pts',(-0.371241221825282,41.3522743185361,
3.));
#15505=CARTESIAN_POINT('Ctrl Pts',(-0.36996683459215,41.3514709283703,2.83333333333333));
#15506=CARTESIAN_POINT('Ctrl Pts',(-0.368670124148375,41.3506308363262,
2.66666666666667));
#15507=CARTESIAN_POINT('Ctrl Pts',(-0.367395736915243,41.3498274461604,
2.5));
#15508=CARTESIAN_POINT('Ctrl Pts',(-0.466100027163823,41.185459792614,3.));
#15509=CARTESIAN_POINT('Ctrl Pts',(-0.464775350864682,41.1848666921266,
2.83333333333333));
#15510=CARTESIAN_POINT('Ctrl Pts',(-0.463426323688875,41.1842574343425,
2.66666666666667));
#15511=CARTESIAN_POINT('Ctrl Pts',(-0.462101647389734,41.1836643338552,
2.5));
#15512=CARTESIAN_POINT('Ctrl Pts',(-0.547874420881271,40.9447821974754,
3.));
#15513=CARTESIAN_POINT('Ctrl Pts',(-0.54649726317803,40.9443142842234,2.83333333333333));
#15514=CARTESIAN_POINT('Ctrl Pts',(-0.545120105474788,40.9438463709713,
2.66666666666667));
#15515=CARTESIAN_POINT('Ctrl Pts',(-0.543742947771546,40.9433784577193,
2.5));
#15516=CARTESIAN_POINT('',(-0.26045076058125,41.4419193035053,2.5));
#15517=CARTESIAN_POINT('Ctrl Pts',(-0.543742947771546,40.9433784577193,
2.5));
#15518=CARTESIAN_POINT('Ctrl Pts',(-0.462101647389734,41.1836643338552,
2.5));
#15519=CARTESIAN_POINT('Ctrl Pts',(-0.367395736915243,41.3498274461604,
2.5));
#15520=CARTESIAN_POINT('Ctrl Pts',(-0.260450757086625,41.4419193065146,
2.5));
#15521=CARTESIAN_POINT('',(-0.263298004865646,41.4452257752419,3.));
#15522=CARTESIAN_POINT('Ctrl Pts',(-0.263298004865646,41.4452257752419,
3.));
#15523=CARTESIAN_POINT('Ctrl Pts',(-0.371241221825282,41.3522743185361,
3.));
#15524=CARTESIAN_POINT('Ctrl Pts',(-0.466100027163823,41.185459792614,3.));
#15525=CARTESIAN_POINT('Ctrl Pts',(-0.547874420881271,40.9447821974754,
3.));
#15526=CARTESIAN_POINT('Ctrl Pts',(-0.263298004865646,41.4452257752419,
3.));
#15527=CARTESIAN_POINT('Ctrl Pts',(-0.262348923437514,41.4441236179963,
2.83333333333333));
#15528=CARTESIAN_POINT('Ctrl Pts',(-0.261399842009382,41.4430214607508,
2.66666666666667));
#15529=CARTESIAN_POINT('Ctrl Pts',(-0.26045076058125,41.4419193035053,2.5));
#15530=CARTESIAN_POINT('Ctrl Pts',(0.0828571617603302,41.5846526622772,
3.));
#15531=CARTESIAN_POINT('Ctrl Pts',(0.0828571617603302,41.5831981843121,
2.83333333333333));
#15532=CARTESIAN_POINT('Ctrl Pts',(0.0828571617603302,41.581743706347,2.66666666666667));
#15533=CARTESIAN_POINT('Ctrl Pts',(0.0828571617603302,41.5802892283818,
2.5));
#15534=CARTESIAN_POINT('Ctrl Pts',(-0.0399697323640187,41.5846526622772,
3.));
#15535=CARTESIAN_POINT('Ctrl Pts',(-0.039593821893888,41.5831909133934,
2.83333333333333));
#15536=CARTESIAN_POINT('Ctrl Pts',(-0.0392449428808542,41.5817509772657,
2.66666666666667));
#15537=CARTESIAN_POINT('Ctrl Pts',(-0.0388690324107234,41.5802892283818,
2.5));
#15538=CARTESIAN_POINT('Ctrl Pts',(-0.155354787906011,41.5381770332654,
3.));
#15539=CARTESIAN_POINT('Ctrl Pts',(-0.154601552546854,41.5368948198573,
2.83333333333333));
#15540=CARTESIAN_POINT('Ctrl Pts',(-0.153880897092527,41.5356187834531,
2.66666666666667));
#15541=CARTESIAN_POINT('Ctrl Pts',(-0.15312766173337,41.5343365700449,2.5));
#15542=CARTESIAN_POINT('Ctrl Pts',(-0.263298004865646,41.4452257752419,
3.));
#15543=CARTESIAN_POINT('Ctrl Pts',(-0.262348923437514,41.4441236179963,
2.83333333333333));
#15544=CARTESIAN_POINT('Ctrl Pts',(-0.261399842009382,41.4430214607508,
2.66666666666667));
#15545=CARTESIAN_POINT('Ctrl Pts',(-0.26045076058125,41.4419193035053,2.5));
#15546=CARTESIAN_POINT('',(0.0828571617603302,41.5802892283818,2.5));
#15547=CARTESIAN_POINT('Ctrl Pts',(-0.26045076058125,41.4419193035053,2.5));
#15548=CARTESIAN_POINT('Ctrl Pts',(-0.15312766173337,41.5343365700449,2.5));
#15549=CARTESIAN_POINT('Ctrl Pts',(-0.0388690324107234,41.5802892283818,
2.5));
#15550=CARTESIAN_POINT('Ctrl Pts',(0.0828571617603302,41.5802892283818,
2.5));
#15551=CARTESIAN_POINT('',(0.0828571617603302,41.5846526622772,3.));
#15552=CARTESIAN_POINT('Ctrl Pts',(0.0828571617603302,41.5846526622772,
3.));
#15553=CARTESIAN_POINT('Ctrl Pts',(-0.0399697323640187,41.5846526622772,
3.));
#15554=CARTESIAN_POINT('Ctrl Pts',(-0.155354787906011,41.5381770332654,
3.));
#15555=CARTESIAN_POINT('Ctrl Pts',(-0.263298004865646,41.4452257752419,
3.));
#15556=CARTESIAN_POINT('Ctrl Pts',(0.0828571617603302,41.5846526622772,
3.));
#15557=CARTESIAN_POINT('Ctrl Pts',(0.0828571617603302,41.5831981843121,
2.83333333333333));
#15558=CARTESIAN_POINT('Ctrl Pts',(0.0828571617603302,41.581743706347,2.66666666666667));
#15559=CARTESIAN_POINT('Ctrl Pts',(0.0828571617603302,41.5802892283818,
2.5));
#15560=CARTESIAN_POINT('Ctrl Pts',(0.306684523820877,41.4813274145126,3.));
#15561=CARTESIAN_POINT('Ctrl Pts',(0.305411034231138,41.4806247549821,2.83333333333333));
#15562=CARTESIAN_POINT('Ctrl Pts',(0.304137544641399,41.4799220954515,2.66666666666667));
#15563=CARTESIAN_POINT('Ctrl Pts',(0.30286405505166,41.479219435921,2.5));
#15564=CARTESIAN_POINT('Ctrl Pts',(0.2686774233977,41.5502109130224,3.));
#15565=CARTESIAN_POINT('Ctrl Pts',(0.26771361190627,41.5489149570813,2.83333333333333));
#15566=CARTESIAN_POINT('Ctrl Pts',(0.266690436236271,41.5478227133023,2.66666666666667));
#15567=CARTESIAN_POINT('Ctrl Pts',(0.265726624744841,41.5465267573612,2.5));
#15568=CARTESIAN_POINT('Ctrl Pts',(0.194068302710851,41.5846526622772,3.));
#15569=CARTESIAN_POINT('Ctrl Pts',(0.19381567805321,41.5831644450557,2.83333333333333));
#15570=CARTESIAN_POINT('Ctrl Pts',(0.193420032638999,41.5817774456033,2.66666666666667));
#15571=CARTESIAN_POINT('Ctrl Pts',(0.193167407981358,41.5802892283818,2.5));
#15572=CARTESIAN_POINT('Ctrl Pts',(0.0828571617603302,41.5846526622772,
3.));
#15573=CARTESIAN_POINT('Ctrl Pts',(0.0828571617603302,41.5831981843121,
2.83333333333333));
#15574=CARTESIAN_POINT('Ctrl Pts',(0.0828571617603302,41.581743706347,2.66666666666667));
#15575=CARTESIAN_POINT('Ctrl Pts',(0.0828571617603302,41.5802892283818,
2.5));
#15576=CARTESIAN_POINT('',(0.302864052479876,41.4792194405821,2.5));
#15577=CARTESIAN_POINT('Ctrl Pts',(0.0828571617603302,41.5802892283818,
2.5));
#15578=CARTESIAN_POINT('Ctrl Pts',(0.193167407981358,41.5802892283818,2.5));
#15579=CARTESIAN_POINT('Ctrl Pts',(0.265726624744841,41.5465267573612,2.5));
#15580=CARTESIAN_POINT('Ctrl Pts',(0.30286405505166,41.479219435921,2.5));
#15581=CARTESIAN_POINT('',(0.306684523820877,41.4813274145126,3.));
#15582=CARTESIAN_POINT('Ctrl Pts',(0.306684523820877,41.4813274145126,3.));
#15583=CARTESIAN_POINT('Ctrl Pts',(0.2686774233977,41.5502109130224,3.));
#15584=CARTESIAN_POINT('Ctrl Pts',(0.194068302710851,41.5846526622772,3.));
#15585=CARTESIAN_POINT('Ctrl Pts',(0.0828571617603302,41.5846526622772,
3.));
#15586=CARTESIAN_POINT('Ctrl Pts',(0.306684523820877,41.4813274145126,3.));
#15587=CARTESIAN_POINT('Ctrl Pts',(0.305411033373877,41.4806247565358,2.83333333333333));
#15588=CARTESIAN_POINT('Ctrl Pts',(0.304137542926876,41.4799220985589,2.66666666666667));
#15589=CARTESIAN_POINT('Ctrl Pts',(0.302864052479876,41.4792194405821,2.5));
#15590=CARTESIAN_POINT('Ctrl Pts',(0.279075652360916,41.129025220871,3.));
#15591=CARTESIAN_POINT('Ctrl Pts',(0.277698537425226,41.1294932599772,2.83333333333333));
#15592=CARTESIAN_POINT('Ctrl Pts',(0.276321422489536,41.1299612990834,2.66666666666667));
#15593=CARTESIAN_POINT('Ctrl Pts',(0.274944307553846,41.1304293381896,2.5));
#15594=CARTESIAN_POINT('Ctrl Pts',(0.335488667090734,41.2950096527735,3.));
#15595=CARTESIAN_POINT('Ctrl Pts',(0.334100422507027,41.2953324412545,2.83333333333333));
#15596=CARTESIAN_POINT('Ctrl Pts',(0.332590313701244,41.2956341790683,2.66666666666667));
#15597=CARTESIAN_POINT('Ctrl Pts',(0.331202069117537,41.2959569675493,2.5));
#15598=CARTESIAN_POINT('Ctrl Pts',(0.344691624244054,41.4124437173208,3.));
#15599=CARTESIAN_POINT('Ctrl Pts',(0.343079994045981,41.4124957746595,2.83333333333333));
#15600=CARTESIAN_POINT('Ctrl Pts',(0.341325458657054,41.4123812095582,2.66666666666667));
#15601=CARTESIAN_POINT('Ctrl Pts',(0.33971382845898,41.4124332668969,2.5));
#15602=CARTESIAN_POINT('Ctrl Pts',(0.306684523820877,41.4813274145126,3.));
#15603=CARTESIAN_POINT('Ctrl Pts',(0.305411033373877,41.4806247565358,2.83333333333333));
#15604=CARTESIAN_POINT('Ctrl Pts',(0.304137542926876,41.4799220985589,2.66666666666667));
#15605=CARTESIAN_POINT('Ctrl Pts',(0.302864052479876,41.4792194405821,2.5));
#15606=CARTESIAN_POINT('',(0.274944271598832,41.1304292323944,2.5));
#15607=CARTESIAN_POINT('Ctrl Pts',(0.302864052479876,41.4792194405821,2.5));
#15608=CARTESIAN_POINT('Ctrl Pts',(0.33971382845898,41.4124332668969,2.5));
#15609=CARTESIAN_POINT('Ctrl Pts',(0.331202069117537,41.2959569675493,2.5));
#15610=CARTESIAN_POINT('Ctrl Pts',(0.274944307553846,41.1304293381896,2.5));
#15611=CARTESIAN_POINT('',(0.279075652360916,41.129025220871,3.));
#15612=CARTESIAN_POINT('Ctrl Pts',(0.279075652360916,41.129025220871,3.));
#15613=CARTESIAN_POINT('Ctrl Pts',(0.335488667090734,41.2950096527735,3.));
#15614=CARTESIAN_POINT('Ctrl Pts',(0.344691624244054,41.4124437173208,3.));
#15615=CARTESIAN_POINT('Ctrl Pts',(0.306684523820877,41.4813274145126,3.));
#15616=CARTESIAN_POINT('',(0.279075652360916,41.129025220871,3.));
#15617=CARTESIAN_POINT('Origin',(0.279075652360916,41.129025220871,3.));
#15618=CARTESIAN_POINT('',(-0.221152551662124,39.670637174072,2.5));
#15619=CARTESIAN_POINT('',(-0.219192538703902,39.6764046194908,2.5));
#15620=CARTESIAN_POINT('',(-0.215061157941818,39.6750006079674,3.));
#15621=CARTESIAN_POINT('',(-5.62472782872458,23.7567603090846,3.));
#15622=CARTESIAN_POINT('',(-0.214947219375087,39.6750822253159,3.00935242179076));
#15623=CARTESIAN_POINT('Origin',(-0.215061157941818,39.6750006079674,3.));
#15624=CARTESIAN_POINT('',(0.80637886477829,39.670637174072,2.5));
#15625=CARTESIAN_POINT('',(0.803253203630447,39.670637174072,2.5));
#15626=CARTESIAN_POINT('',(0.803253203630447,39.6750006079674,3.));
#15627=CARTESIAN_POINT('',(9.53093879987065,39.6750006079674,3.));
#15628=CARTESIAN_POINT('',(0.803233308554133,39.6750283815635,3.00318253888922));
#15629=CARTESIAN_POINT('Origin',(0.803253203630447,39.6750006079674,3.));
#15630=CARTESIAN_POINT('',(1.37851147054929,41.3541899348958,2.5));
#15631=CARTESIAN_POINT('',(1.37851152765778,41.3541901029316,2.5));
#15632=CARTESIAN_POINT('',(1.37438014149666,41.355594098568,3.));
#15633=CARTESIAN_POINT('',(-4.90615206694005,22.874551011298,3.));
#15634=CARTESIAN_POINT('Ctrl Pts',(1.37438014149666,41.355594098568,3.));
#15635=CARTESIAN_POINT('Ctrl Pts',(1.37575725118087,41.3551260440106,2.83333333333333));
#15636=CARTESIAN_POINT('Ctrl Pts',(1.37713436086508,41.3546579894532,2.66666666666667));
#15637=CARTESIAN_POINT('Ctrl Pts',(1.37851147054929,41.3541899348958,2.5));
#15638=CARTESIAN_POINT('Ctrl Pts',(1.39935687184334,42.1286669373512,3.));
#15639=CARTESIAN_POINT('Ctrl Pts',(1.4005983535004,42.1294247166372,2.83333333333333));
#15640=CARTESIAN_POINT('Ctrl Pts',(1.40183983515745,42.1301824959232,2.66666666666667));
#15641=CARTESIAN_POINT('Ctrl Pts',(1.40308131681451,42.1309402752091,2.5));
#15642=CARTESIAN_POINT('Ctrl Pts',(1.50117749969165,41.9618526101112,3.));
#15643=CARTESIAN_POINT('Ctrl Pts',(1.50277507377633,41.9619505645845,2.83333333333333));
#15644=CARTESIAN_POINT('Ctrl Pts',(1.50440061482442,41.9622319994002,2.66666666666667));
#15645=CARTESIAN_POINT('Ctrl Pts',(1.5059981889091,41.9623299538734,2.5));
#15646=CARTESIAN_POINT('Ctrl Pts',(1.49285192290942,41.7041616638501,3.));
#15647=CARTESIAN_POINT('Ctrl Pts',(1.49426674954974,41.7038552040611,2.83333333333333));
#15648=CARTESIAN_POINT('Ctrl Pts',(1.49575923933976,41.7036253727937,2.66666666666667));
#15649=CARTESIAN_POINT('Ctrl Pts',(1.49717406598009,41.7033189130047,2.5));
#15650=CARTESIAN_POINT('Ctrl Pts',(1.37438014149666,41.355594098568,3.));
#15651=CARTESIAN_POINT('Ctrl Pts',(1.37575725118087,41.3551260440106,2.83333333333333));
#15652=CARTESIAN_POINT('Ctrl Pts',(1.37713436086508,41.3546579894532,2.66666666666667));
#15653=CARTESIAN_POINT('Ctrl Pts',(1.37851147054929,41.3541899348958,2.5));
#15654=CARTESIAN_POINT('',(1.4030813180186,42.1309402732364,2.5));
#15655=CARTESIAN_POINT('Ctrl Pts',(1.37851147054929,41.3541899348958,2.5));
#15656=CARTESIAN_POINT('Ctrl Pts',(1.49717406598009,41.7033189130047,2.5));
#15657=CARTESIAN_POINT('Ctrl Pts',(1.5059981889091,41.9623299538734,2.5));
#15658=CARTESIAN_POINT('Ctrl Pts',(1.40308131681451,42.1309402752091,2.5));
#15659=CARTESIAN_POINT('',(1.39935687184334,42.1286669373512,3.));
#15660=CARTESIAN_POINT('Ctrl Pts',(1.39935687184334,42.1286669373512,3.));
#15661=CARTESIAN_POINT('Ctrl Pts',(1.50117749969165,41.9618526101112,3.));
#15662=CARTESIAN_POINT('Ctrl Pts',(1.49285192290942,41.7041616638501,3.));
#15663=CARTESIAN_POINT('Ctrl Pts',(1.37438014149666,41.355594098568,3.));
#15664=CARTESIAN_POINT('Ctrl Pts',(1.39935687184334,42.1286669373512,3.));
#15665=CARTESIAN_POINT('Ctrl Pts',(1.40059835390176,42.1294247159796,2.83333333333333));
#15666=CARTESIAN_POINT('Ctrl Pts',(1.40183983596018,42.130182494608,2.66666666666667));
#15667=CARTESIAN_POINT('Ctrl Pts',(1.4030813180186,42.1309402732364,2.5));
#15668=CARTESIAN_POINT('Ctrl Pts',(0.825855284929276,42.3788887262344,3.));
#15669=CARTESIAN_POINT('Ctrl Pts',(0.825855284929276,42.3803432041996,2.83333333333333));
#15670=CARTESIAN_POINT('Ctrl Pts',(0.825855284929276,42.3817976821647,2.66666666666667));
#15671=CARTESIAN_POINT('Ctrl Pts',(0.825855284929276,42.3832521601298,2.5));
#15672=CARTESIAN_POINT('Ctrl Pts',(1.10636904835701,42.3788887262344,3.));
#15673=CARTESIAN_POINT('Ctrl Pts',(1.10661370169121,42.3803689130748,2.83333333333333));
#15674=CARTESIAN_POINT('Ctrl Pts',(1.10698933672568,42.3817719732894,2.66666666666667));
#15675=CARTESIAN_POINT('Ctrl Pts',(1.10723399005988,42.3832521601298,2.5));
#15676=CARTESIAN_POINT('Ctrl Pts',(1.29753624399503,42.2954814632734,3.));
#15677=CARTESIAN_POINT('Ctrl Pts',(1.29844359677686,42.2968043187693,2.83333333333333));
#15678=CARTESIAN_POINT('Ctrl Pts',(1.29942494993037,42.2979529371683,2.66666666666667));
#15679=CARTESIAN_POINT('Ctrl Pts',(1.3003323027122,42.2992757926642,2.5));
#15680=CARTESIAN_POINT('Ctrl Pts',(1.39935687184334,42.1286669373512,3.));
#15681=CARTESIAN_POINT('Ctrl Pts',(1.40059835390176,42.1294247159796,2.83333333333333));
#15682=CARTESIAN_POINT('Ctrl Pts',(1.40183983596018,42.130182494608,2.66666666666667));
#15683=CARTESIAN_POINT('Ctrl Pts',(1.4030813180186,42.1309402732364,2.5));
#15684=CARTESIAN_POINT('',(0.825855284929276,42.3832521601298,2.5));
#15685=CARTESIAN_POINT('Ctrl Pts',(1.4030813180186,42.1309402732364,2.5));
#15686=CARTESIAN_POINT('Ctrl Pts',(1.3003323027122,42.2992757926642,2.5));
#15687=CARTESIAN_POINT('Ctrl Pts',(1.10723399005988,42.3832521601298,2.5));
#15688=CARTESIAN_POINT('Ctrl Pts',(0.825855284929276,42.3832521601298,2.5));
#15689=CARTESIAN_POINT('',(0.825855284929276,42.3788887262344,3.));
#15690=CARTESIAN_POINT('Ctrl Pts',(0.825855284929276,42.3788887262344,3.));
#15691=CARTESIAN_POINT('Ctrl Pts',(1.10636904835701,42.3788887262344,3.));
#15692=CARTESIAN_POINT('Ctrl Pts',(1.29753624399503,42.2954814632734,3.));
#15693=CARTESIAN_POINT('Ctrl Pts',(1.39935687184334,42.1286669373512,3.));
#15694=CARTESIAN_POINT('Ctrl Pts',(0.825855284929276,42.3788887262344,3.));
#15695=CARTESIAN_POINT('Ctrl Pts',(0.825855284929276,42.3803432041996,2.83333333333333));
#15696=CARTESIAN_POINT('Ctrl Pts',(0.825855284929276,42.3817976821647,2.66666666666667));
#15697=CARTESIAN_POINT('Ctrl Pts',(0.825855284929276,42.3832521601298,2.5));
#15698=CARTESIAN_POINT('Ctrl Pts',(0.259515792131424,42.2656044363976,3.));
#15699=CARTESIAN_POINT('Ctrl Pts',(0.258925513171624,42.2669337508452,2.83333333333333));
#15700=CARTESIAN_POINT('Ctrl Pts',(0.258335234211824,42.2682630652928,2.66666666666667));
#15701=CARTESIAN_POINT('Ctrl Pts',(0.257744955252024,42.2695923797404,2.5));
#15702=CARTESIAN_POINT('Ctrl Pts',(0.429594069719315,42.3411272962888,3.));
#15703=CARTESIAN_POINT('Ctrl Pts',(0.429205122078825,42.3425468779665,2.83333333333333));
#15704=CARTESIAN_POINT('Ctrl Pts',(0.428813670947238,42.3439627483837,2.66666666666667));
#15705=CARTESIAN_POINT('Ctrl Pts',(0.428424723306748,42.3453823300614,2.5));
#15706=CARTESIAN_POINT('Ctrl Pts',(0.618373900651932,42.3788887262344,3.));
#15707=CARTESIAN_POINT('Ctrl Pts',(0.618198513360941,42.3803441198062,2.83333333333333));
#15708=CARTESIAN_POINT('Ctrl Pts',(0.618019860515215,42.3817967665581,2.66666666666667));
#15709=CARTESIAN_POINT('Ctrl Pts',(0.617844473224224,42.3832521601298,2.5));
#15710=CARTESIAN_POINT('Ctrl Pts',(0.825855284929276,42.3788887262344,3.));
#15711=CARTESIAN_POINT('Ctrl Pts',(0.825855284929276,42.3803432041996,2.83333333333333));
#15712=CARTESIAN_POINT('Ctrl Pts',(0.825855284929276,42.3817976821647,2.66666666666667));
#15713=CARTESIAN_POINT('Ctrl Pts',(0.825855284929276,42.3832521601298,2.5));
#15714=CARTESIAN_POINT('',(0.25774500665341,42.2695924025647,2.5));
#15715=CARTESIAN_POINT('Ctrl Pts',(0.825855284929276,42.3832521601298,2.5));
#15716=CARTESIAN_POINT('Ctrl Pts',(0.617844494105462,42.3832521601298,2.5));
#15717=CARTESIAN_POINT('Ctrl Pts',(0.428424761336684,42.3453823376646,2.5));
#15718=CARTESIAN_POINT('Ctrl Pts',(0.25774500665327,42.269592402565,2.5));
#15719=CARTESIAN_POINT('',(0.259515792131424,42.2656044363976,3.));
#15720=CARTESIAN_POINT('Ctrl Pts',(0.259515792131424,42.2656044363976,3.));
#15721=CARTESIAN_POINT('Ctrl Pts',(0.429594069719315,42.3411272962888,3.));
#15722=CARTESIAN_POINT('Ctrl Pts',(0.618373900651932,42.3788887262344,3.));
#15723=CARTESIAN_POINT('Ctrl Pts',(0.825855284929276,42.3788887262344,3.));
#15724=CARTESIAN_POINT('Ctrl Pts',(0.259515792131424,42.2656044363976,3.));
#15725=CARTESIAN_POINT('Ctrl Pts',(0.258925530305419,42.2669337584533,2.83333333333333));
#15726=CARTESIAN_POINT('Ctrl Pts',(0.258335268479415,42.268263080509,2.66666666666667));
#15727=CARTESIAN_POINT('Ctrl Pts',(0.25774500665341,42.2695924025647,2.5));
#15728=CARTESIAN_POINT('Ctrl Pts',(-0.296915024518967,41.8884044885635,
3.));
#15729=CARTESIAN_POINT('Ctrl Pts',(-0.29787336933947,41.8894986006949,2.83333333333333));
#15730=CARTESIAN_POINT('Ctrl Pts',(-0.298831714159974,41.8905927128263,
2.66666666666667));
#15731=CARTESIAN_POINT('Ctrl Pts',(-0.299790058980478,41.8916868249577,
2.5));
#15732=CARTESIAN_POINT('Ctrl Pts',(-0.0960457821687063,42.0643480618795,
3.));
#15733=CARTESIAN_POINT('Ctrl Pts',(-0.0969278344952584,42.0655072036871,
2.83333333333333));
#15734=CARTESIAN_POINT('Ctrl Pts',(-0.0978123599959475,42.0666695664833,
2.66666666666667));
#15735=CARTESIAN_POINT('Ctrl Pts',(-0.0986944123224996,42.0678287082909,
2.5));
#15736=CARTESIAN_POINT('Ctrl Pts',(0.0894311567147573,42.1900813778241,
3.));
#15737=CARTESIAN_POINT('Ctrl Pts',(0.0886527961576716,42.1913253153613,
2.83333333333333));
#15738=CARTESIAN_POINT('Ctrl Pts',(0.0878723796706603,42.1925739278625,
2.66666666666667));
#15739=CARTESIAN_POINT('Ctrl Pts',(0.0870940191135746,42.1938178653997,
2.5));
#15740=CARTESIAN_POINT('Ctrl Pts',(0.259515792131424,42.2656044363976,3.));
#15741=CARTESIAN_POINT('Ctrl Pts',(0.258925530305419,42.2669337584533,2.83333333333333));
#15742=CARTESIAN_POINT('Ctrl Pts',(0.258335268479415,42.268263080509,2.66666666666667));
#15743=CARTESIAN_POINT('Ctrl Pts',(0.25774500665341,42.2695924025647,2.5));
#15744=CARTESIAN_POINT('',(-0.28756797664481,41.9023468660943,2.5));
#15745=CARTESIAN_POINT('Ctrl Pts',(0.25774500665341,42.2695924025647,2.5));
#15746=CARTESIAN_POINT('Ctrl Pts',(0.0905566070344014,42.1953553660076,
2.5));
#15747=CARTESIAN_POINT('Ctrl Pts',(-0.0911611770549463,42.0729207919934,
2.5));
#15748=CARTESIAN_POINT('Ctrl Pts',(-0.287567990990653,41.9023468826128,
2.5));
#15749=CARTESIAN_POINT('',(-0.296915024518967,41.8884044885635,3.));
#15750=CARTESIAN_POINT('Ctrl Pts',(-0.296915024518967,41.8884044885635,
3.));
#15751=CARTESIAN_POINT('Ctrl Pts',(-0.0960457821687063,42.0643480618795,
3.));
#15752=CARTESIAN_POINT('Ctrl Pts',(0.0894311567147573,42.1900813778241,
3.));
#15753=CARTESIAN_POINT('Ctrl Pts',(0.259515792131424,42.2656044363976,3.));
#15754=CARTESIAN_POINT('Ctrl Pts',(-0.296915024518967,41.8884044885635,
3.));
#15755=CARTESIAN_POINT('Ctrl Pts',(-0.295354167246254,41.890738028493,2.91670119050932));
#15756=CARTESIAN_POINT('Ctrl Pts',(-0.293795140870534,41.8930661783939,
2.83340227541586));
#15757=CARTESIAN_POINT('Ctrl Pts',(-0.290679457190397,41.8977136392161,
2.66673555490597));
#15758=CARTESIAN_POINT('Ctrl Pts',(-0.289122805880512,41.9000329368399,
2.58336790954656));
#15759=CARTESIAN_POINT('Ctrl Pts',(-0.28756797664481,41.9023468660943,2.5));
#15760=CARTESIAN_POINT('Origin',(-0.296915024518967,41.8884044885635,3.));
#15761=CARTESIAN_POINT('',(-0.144434495904442,42.3234976096728,2.5));
#15762=CARTESIAN_POINT('',(-0.146394663975679,42.3177300824914,2.5));
#15763=CARTESIAN_POINT('',(-0.150526016950607,42.3191341757774,3.));
#15764=CARTESIAN_POINT('',(-6.28681833591161,24.2639310215046,3.));
#15765=CARTESIAN_POINT('',(-0.150559770921654,42.3191099973793,3.00277057000973));
#15766=CARTESIAN_POINT('Origin',(-0.150526016950607,42.3191341757774,3.));
#15767=CARTESIAN_POINT('',(-1.09726467930188,42.3234976096728,2.5));
#15768=CARTESIAN_POINT('',(-1.09413906931877,42.3234976096728,2.5));
#15769=CARTESIAN_POINT('',(-1.09413906931877,42.3191341757774,3.));
#15770=CARTESIAN_POINT('',(9.56320637036625,42.3191341757774,3.));
#15771=CARTESIAN_POINT('',(-1.09412063430517,42.3191084400127,3.00294902654273));
#15772=CARTESIAN_POINT('Origin',(-1.09413906931877,42.3191341757774,3.));
#15773=CARTESIAN_POINT('',(-1.99884923613211,39.670637174072,2.5));
#15774=CARTESIAN_POINT('',(-1.99688913183924,39.6764046676352,2.5));
#15775=CARTESIAN_POINT('',(-1.99275776743889,39.6750006079674,3.));
#15776=CARTESIAN_POINT('',(-7.10828380517633,24.6228609833588,3.));
#15777=CARTESIAN_POINT('',(-1.99255056503362,39.6751490309576,3.01700759009869));
#15778=CARTESIAN_POINT('Origin',(-1.99275776743889,39.6750006079674,3.));
#15779=CARTESIAN_POINT('',(-0.979421585798264,39.670637174072,2.5));
#15780=CARTESIAN_POINT('',(8.64209049512211,39.6750006079674,3.));
#15781=CARTESIAN_POINT('Origin',(-0.220334976911545,41.0269446671009,2.5));
#15782=CARTESIAN_POINT('Origin',(-12.5610379874706,41.0667809844017,3.));
#15783=CARTESIAN_POINT('',(-12.5652608089592,41.0711444182971,2.5));
#15784=CARTESIAN_POINT('',(-12.5229292990795,42.3632483114052,2.5));
#15785=CARTESIAN_POINT('',(-12.5649443946796,41.0808024749944,2.5));
#15786=CARTESIAN_POINT('',(-12.5180511176586,42.3788887262344,3.));
#15787=CARTESIAN_POINT('',(-12.5182531658057,42.3782409198979,2.97929062804213));
#15788=CARTESIAN_POINT('',(-12.5610379874706,41.0667809844017,3.));
#15789=CARTESIAN_POINT('',(-13.2827925077899,19.0363401089642,3.));
#15790=CARTESIAN_POINT('',(-12.5610665714972,41.0668105202253,2.99661552984661));
#15791=CARTESIAN_POINT('Origin',(-12.5180511176586,42.3788887262344,3.));
#15792=CARTESIAN_POINT('',(-13.3546295980977,41.0711444182971,2.5));
#15793=CARTESIAN_POINT('',(-12.8765616623106,41.8138559956884,2.5));
#15794=CARTESIAN_POINT('',(-13.3626274764538,41.0667809844017,3.));
#15795=CARTESIAN_POINT('',(-13.3624279138398,41.0668898605605,2.98752402792767));
#15796=CARTESIAN_POINT('',(-18.4339908267204,33.1880675392086,3.));
#15797=CARTESIAN_POINT('Origin',(-13.3626274764538,41.0667809844017,3.));
#15798=CARTESIAN_POINT('',(-13.1906742089429,41.0711444182971,2.5));
#15799=CARTESIAN_POINT('',(2.95715564061467,41.0667809844017,3.));
#15800=CARTESIAN_POINT('Origin',(-11.4364413917065,39.6750006079674,3.));
#15801=CARTESIAN_POINT('',(-11.4319183669472,39.670637174072,2.5));
#15802=CARTESIAN_POINT('',(-11.5633740570896,43.3293641372302,2.5));
#15803=CARTESIAN_POINT('',(-11.5632229109405,43.3251573775944,2.5));
#15804=CARTESIAN_POINT('',(-11.4364413917065,39.6750006079674,3.));
#15805=CARTESIAN_POINT('',(-11.4364897071096,39.675047218605,3.00534105004221));
#15806=CARTESIAN_POINT('',(-11.5675835311413,43.3250007033348,3.));
#15807=CARTESIAN_POINT('',(-10.6315317181776,17.2724349810515,3.));
#15808=CARTESIAN_POINT('',(-11.5677129491851,43.3248665518774,3.0153722344154));
#15809=CARTESIAN_POINT('Origin',(-11.5675835311413,43.3250007033348,3.));
#15810=CARTESIAN_POINT('',(-12.8000806393771,43.3293641372302,2.5));
#15811=CARTESIAN_POINT('',(-12.7978377044201,43.3293641372302,2.5));
#15812=CARTESIAN_POINT('',(-12.7978377044201,43.3250007033348,3.));
#15813=CARTESIAN_POINT('',(3.85467761327092,43.3250007033348,3.));
#15814=CARTESIAN_POINT('',(-12.7978253273916,43.3249766249079,3.00275911444022));
#15815=CARTESIAN_POINT('Origin',(-12.7978377044201,43.3250007033348,3.));
#15816=CARTESIAN_POINT('',(-15.418600076724,39.670637174072,2.5));
#15817=CARTESIAN_POINT('',(-15.4136597090722,39.6775401040551,2.5));
#15818=CARTESIAN_POINT('',(-15.4101113975048,39.6750006079674,3.));
#15819=CARTESIAN_POINT('',(-18.5845136643763,35.2395662170428,3.));
#15820=CARTESIAN_POINT('',(-15.4094647739116,39.6753329917495,3.03808740891781));
#15821=CARTESIAN_POINT('Origin',(-15.4101113975048,39.6750006079674,3.));
#15822=CARTESIAN_POINT('',(-14.2560779747238,39.670637174072,2.5));
#15823=CARTESIAN_POINT('',(-14.2584757506847,39.670637174072,2.5));
#15824=CARTESIAN_POINT('',(-14.2584757506847,39.6750006079674,3.));
#15825=CARTESIAN_POINT('',(1.93341368008915,39.6750006079674,3.));
#15826=CARTESIAN_POINT('',(-14.2584889916376,39.6750247036391,3.0027610904923));
#15827=CARTESIAN_POINT('Origin',(-14.2584757506847,39.6750006079674,3.));
#15828=CARTESIAN_POINT('',(-13.8733946975937,40.2731608585736,2.5));
#15829=CARTESIAN_POINT('',(-13.8721091624014,40.2751848963273,2.5));
#15830=CARTESIAN_POINT('',(-13.8757924735546,40.277524292469,3.));
#15831=CARTESIAN_POINT('',(-19.3408271784202,31.6729861715485,3.));
#15832=CARTESIAN_POINT('',(-13.8757842668603,40.2775093580596,2.99828868618108));
#15833=CARTESIAN_POINT('Origin',(-13.8757924735546,40.277524292469,3.));
#15834=CARTESIAN_POINT('',(-12.5997997778258,40.2731608585736,2.5));
#15835=CARTESIAN_POINT('',(-12.5952725112438,40.2731608585736,2.5));
#15836=CARTESIAN_POINT('',(-12.5952725112438,40.277524292469,3.));
#15837=CARTESIAN_POINT('',(2.70057314206425,40.277524292469,3.));
#15838=CARTESIAN_POINT('',(-12.5953249943838,40.2774737085885,2.99420366141626));
#15839=CARTESIAN_POINT('Origin',(-12.5952725112438,40.277524292469,3.));
#15840=CARTESIAN_POINT('',(-12.6220132368407,39.670637174072,2.5));
#15841=CARTESIAN_POINT('',(-12.6218464417787,39.675161367051,2.5));
#15842=CARTESIAN_POINT('',(-12.6174859702587,39.6750006079674,3.));
#15843=CARTESIAN_POINT('',(-13.3902861822158,18.7133651067207,3.));
#15844=CARTESIAN_POINT('',(-12.6174612585642,39.6750244253953,3.00272920691399));
#15845=CARTESIAN_POINT('Origin',(-12.6174859702587,39.6750006079674,3.));
#15846=CARTESIAN_POINT('',(-11.4364413917065,39.670637174072,2.5));
#15847=CARTESIAN_POINT('',(3.3297263937122,39.6750006079674,3.));
#15848=CARTESIAN_POINT('Origin',(-13.018720941432,41.1095624725742,2.5));
#15849=CARTESIAN_POINT('Origin',(-39.2544274032116,42.6353347301483,3.));
#15850=CARTESIAN_POINT('',(-39.2513018067218,42.6309712962529,2.5));
#15851=CARTESIAN_POINT('',(-39.013947199153,43.3293641372302,2.5));
#15852=CARTESIAN_POINT('',(-39.0159073354819,43.3235966267804,2.5));
#15853=CARTESIAN_POINT('',(-39.2544274032116,42.6353347301483,3.));
#15854=CARTESIAN_POINT('',(-39.2544472001856,42.6353623673649,3.00316691134531));
#15855=CARTESIAN_POINT('',(-39.0200386941433,43.3250007033348,3.));
#15856=CARTESIAN_POINT('',(-43.3411563708803,30.6105323331378,3.));
#15857=CARTESIAN_POINT('',(-39.020092739023,43.3249619901354,3.00443609325776));
#15858=CARTESIAN_POINT('Origin',(-39.0200386941433,43.3250007033348,3.));
#15859=CARTESIAN_POINT('',(-40.0364998787849,43.3293641372302,2.5));
#15860=CARTESIAN_POINT('',(-40.0333742797375,43.3293641372302,2.5));
#15861=CARTESIAN_POINT('',(-40.0333742797375,43.3250007033348,3.));
#15862=CARTESIAN_POINT('',(-9.87154996823009,43.3250007033348,3.));
#15863=CARTESIAN_POINT('',(-40.0333544827195,43.3249730660793,3.00316691579933));
#15864=CARTESIAN_POINT('Origin',(-40.0333742797375,43.3250007033348,3.));
#15865=CARTESIAN_POINT('',(-40.273853882765,42.6309712962529,2.5));
#15866=CARTESIAN_POINT('',(-40.2718937525085,42.6367388035019,2.5));
#15867=CARTESIAN_POINT('',(-40.2677623927593,42.6353347301483,3.));
#15868=CARTESIAN_POINT('',(-44.1848346495915,31.1097013896977,3.));
#15869=CARTESIAN_POINT('',(-40.2677083479823,42.6353734433058,3.00443608846077));
#15870=CARTESIAN_POINT('Origin',(-40.2677623927593,42.6353347301483,3.));
#15871=CARTESIAN_POINT('',(-39.2544274032116,42.6309712962529,2.5));
#15872=CARTESIAN_POINT('',(-10.4954118175381,42.6353347301483,3.));
#15873=CARTESIAN_POINT('Origin',(-39.6439005434513,42.9801677167416,2.5));
#15874=CARTESIAN_POINT('Origin',(-38.5998122394085,39.6750006079674,3.));
#15875=CARTESIAN_POINT('',(-38.5966866460544,39.670637174072,2.5));
#15876=CARTESIAN_POINT('',(-38.1641335951486,40.943378476065,2.5));
#15877=CARTESIAN_POINT('',(-38.1641337171638,40.9433781169968,2.5));
#15878=CARTESIAN_POINT('',(-38.5998122394085,39.6750006079674,3.));
#15879=CARTESIAN_POINT('',(-38.5998320363544,39.6750282451725,3.0031669100312));
#15880=CARTESIAN_POINT('',(-38.1682650744915,40.9447821974754,3.));
#15881=CARTESIAN_POINT('',(-42.2694720767694,28.8774172148883,3.));
#15882=CARTESIAN_POINT('Ctrl Pts',(-38.1682650744915,40.9447821974754,3.));
#15883=CARTESIAN_POINT('Ctrl Pts',(-38.1668879147105,40.9443142903386,2.83333333333333));
#15884=CARTESIAN_POINT('Ctrl Pts',(-38.1655107549295,40.9438463832018,2.66666666666667));
#15885=CARTESIAN_POINT('Ctrl Pts',(-38.1641335951486,40.943378476065,2.5));
#15886=CARTESIAN_POINT('Ctrl Pts',(-37.883692830801,41.4452257752419,3.));
#15887=CARTESIAN_POINT('Ctrl Pts',(-37.8827437401832,41.4441236259097,2.83333333333333));
#15888=CARTESIAN_POINT('Ctrl Pts',(-37.8817946495655,41.4430214765776,2.66666666666667));
#15889=CARTESIAN_POINT('Ctrl Pts',(-37.8808455589477,41.4419193272455,2.5));
#15890=CARTESIAN_POINT('Ctrl Pts',(-37.9916344583035,41.3522743185361,3.));
#15891=CARTESIAN_POINT('Ctrl Pts',(-37.990360065063,41.3514709381544,2.83333333333333));
#15892=CARTESIAN_POINT('Ctrl Pts',(-37.9890633466974,41.3506308563674,2.66666666666667));
#15893=CARTESIAN_POINT('Ctrl Pts',(-37.987788953457,41.3498274759856,2.5));
#15894=CARTESIAN_POINT('Ctrl Pts',(-38.086491872867,41.185459792614,3.));
#15895=CARTESIAN_POINT('Ctrl Pts',(-38.0851671937149,41.1848666993293,2.83333333333333));
#15896=CARTESIAN_POINT('Ctrl Pts',(-38.083818162706,41.1842574495044,2.66666666666667));
#15897=CARTESIAN_POINT('Ctrl Pts',(-38.082493483554,41.1836643562198,2.5));
#15898=CARTESIAN_POINT('Ctrl Pts',(-38.1682650744915,40.9447821974754,3.));
#15899=CARTESIAN_POINT('Ctrl Pts',(-38.1668879147105,40.9443142903386,2.83333333333333));
#15900=CARTESIAN_POINT('Ctrl Pts',(-38.1655107549295,40.9438463832018,2.66666666666667));
#15901=CARTESIAN_POINT('Ctrl Pts',(-38.1641335951486,40.943378476065,2.5));
#15902=CARTESIAN_POINT('',(-37.8808455684609,41.4419193190534,2.5));
#15903=CARTESIAN_POINT('Ctrl Pts',(-38.1641335951486,40.943378476065,2.5));
#15904=CARTESIAN_POINT('Ctrl Pts',(-38.0824934859747,41.1836643490948,2.5));
#15905=CARTESIAN_POINT('Ctrl Pts',(-37.9877889590734,41.3498274661316,2.5));
#15906=CARTESIAN_POINT('Ctrl Pts',(-37.8808455684609,41.4419193190534,2.5));
#15907=CARTESIAN_POINT('',(-37.883692830801,41.4452257752419,3.));
#15908=CARTESIAN_POINT('Ctrl Pts',(-37.883692830801,41.4452257752419,3.));
#15909=CARTESIAN_POINT('Ctrl Pts',(-37.9916344583035,41.3522743185361,3.));
#15910=CARTESIAN_POINT('Ctrl Pts',(-38.086491872867,41.185459792614,3.));
#15911=CARTESIAN_POINT('Ctrl Pts',(-38.1682650744915,40.9447821974754,3.));
#15912=CARTESIAN_POINT('Ctrl Pts',(-37.883692830801,41.4452257752419,3.));
#15913=CARTESIAN_POINT('Ctrl Pts',(-37.8827437433543,41.444123623179,2.83333333333333));
#15914=CARTESIAN_POINT('Ctrl Pts',(-37.8817946559076,41.4430214711162,2.66666666666667));
#15915=CARTESIAN_POINT('Ctrl Pts',(-37.8808455684609,41.4419193190534,2.5));
#15916=CARTESIAN_POINT('Ctrl Pts',(-37.5375370681286,41.5846526622772,3.));
#15917=CARTESIAN_POINT('Ctrl Pts',(-37.5375370681286,41.5831981843121,2.83333333333333));
#15918=CARTESIAN_POINT('Ctrl Pts',(-37.5375370681286,41.581743706347,2.66666666666667));
#15919=CARTESIAN_POINT('Ctrl Pts',(-37.5375370681286,41.5802892283818,2.5));
#15920=CARTESIAN_POINT('Ctrl Pts',(-37.6603655517101,41.5846526622772,3.));
#15921=CARTESIAN_POINT('Ctrl Pts',(-37.6599896468157,41.5831909125679,2.83333333333333));
#15922=CARTESIAN_POINT('Ctrl Pts',(-37.6596407708948,41.5817509780912,2.66666666666667));
#15923=CARTESIAN_POINT('Ctrl Pts',(-37.6592648660004,41.5802892283818,2.5));
#15924=CARTESIAN_POINT('Ctrl Pts',(-37.7757508059343,41.5381770332654,3.));
#15925=CARTESIAN_POINT('Ctrl Pts',(-37.7749975689969,41.5368948184256,2.83333333333333));
#15926=CARTESIAN_POINT('Ctrl Pts',(-37.774276911617,41.5356187833636,2.66666666666667));
#15927=CARTESIAN_POINT('Ctrl Pts',(-37.7735236746796,41.5343365685238,2.5));
#15928=CARTESIAN_POINT('Ctrl Pts',(-37.883692830801,41.4452257752419,3.));
#15929=CARTESIAN_POINT('Ctrl Pts',(-37.8827437433543,41.444123623179,2.83333333333333));
#15930=CARTESIAN_POINT('Ctrl Pts',(-37.8817946559076,41.4430214711162,2.66666666666667));
#15931=CARTESIAN_POINT('Ctrl Pts',(-37.8808455684609,41.4419193190534,2.5));
#15932=CARTESIAN_POINT('',(-37.5375370681286,41.5802892283818,2.5));
#15933=CARTESIAN_POINT('Ctrl Pts',(-37.8808455684609,41.4419193190534,2.5));
#15934=CARTESIAN_POINT('Ctrl Pts',(-37.7735236746796,41.5343365685238,2.5));
#15935=CARTESIAN_POINT('Ctrl Pts',(-37.6592648660004,41.5802892283818,2.5));
#15936=CARTESIAN_POINT('Ctrl Pts',(-37.5375370681286,41.5802892283818,2.5));
#15937=CARTESIAN_POINT('',(-37.5375370681286,41.5846526622772,3.));
#15938=CARTESIAN_POINT('Ctrl Pts',(-37.5375370681286,41.5846526622772,3.));
#15939=CARTESIAN_POINT('Ctrl Pts',(-37.6603655517101,41.5846526622772,3.));
#15940=CARTESIAN_POINT('Ctrl Pts',(-37.7757508059343,41.5381770332654,3.));
#15941=CARTESIAN_POINT('Ctrl Pts',(-37.883692830801,41.4452257752419,3.));
#15942=CARTESIAN_POINT('Ctrl Pts',(-37.5375370681286,41.5846526622772,3.));
#15943=CARTESIAN_POINT('Ctrl Pts',(-37.5375370681286,41.5831981843121,2.83333333333333));
#15944=CARTESIAN_POINT('Ctrl Pts',(-37.5375370681286,41.581743706347,2.66666666666667));
#15945=CARTESIAN_POINT('Ctrl Pts',(-37.5375370681286,41.5802892283818,2.5));
#15946=CARTESIAN_POINT('Ctrl Pts',(-37.3137108981609,41.4813274145126,3.));
#15947=CARTESIAN_POINT('Ctrl Pts',(-37.3149843815359,41.4806247437186,2.83333333333333));
#15948=CARTESIAN_POINT('Ctrl Pts',(-37.3162578649108,41.4799220729246,2.66666666666667));
#15949=CARTESIAN_POINT('Ctrl Pts',(-37.3175313482858,41.4792194021306,2.5));
#15950=CARTESIAN_POINT('Ctrl Pts',(-37.3517187933127,41.5502109130224,3.));
#15951=CARTESIAN_POINT('Ctrl Pts',(-37.3526826048458,41.5489149643982,2.83333333333333));
#15952=CARTESIAN_POINT('Ctrl Pts',(-37.3537057687654,41.5478227177975,2.66666666666667));
#15953=CARTESIAN_POINT('Ctrl Pts',(-37.3546695802985,41.5465267691733,2.5));
#15954=CARTESIAN_POINT('Ctrl Pts',(-37.4263275166353,41.5846526622772,3.));
#15955=CARTESIAN_POINT('Ctrl Pts',(-37.4265801488809,41.5831644445086,2.83333333333333));
#15956=CARTESIAN_POINT('Ctrl Pts',(-37.4269757919951,41.5817774461505,2.66666666666667));
#15957=CARTESIAN_POINT('Ctrl Pts',(-37.4272284242407,41.5802892283818,2.5));
#15958=CARTESIAN_POINT('Ctrl Pts',(-37.5375370681286,41.5846526622772,3.));
#15959=CARTESIAN_POINT('Ctrl Pts',(-37.5375370681286,41.5831981843121,2.83333333333333));
#15960=CARTESIAN_POINT('Ctrl Pts',(-37.5375370681286,41.581743706347,2.66666666666667));
#15961=CARTESIAN_POINT('Ctrl Pts',(-37.5375370681286,41.5802892283818,2.5));
#15962=CARTESIAN_POINT('',(-37.3175313508576,41.4792194067917,2.5));
#15963=CARTESIAN_POINT('Ctrl Pts',(-37.5375370681286,41.5802892283818,2.5));
#15964=CARTESIAN_POINT('Ctrl Pts',(-37.4272284242407,41.5802892283818,2.5));
#15965=CARTESIAN_POINT('Ctrl Pts',(-37.3546695802985,41.5465267691733,2.5));
#15966=CARTESIAN_POINT('Ctrl Pts',(-37.3175313482858,41.4792194021306,2.5));
#15967=CARTESIAN_POINT('',(-37.3137108981609,41.4813274145126,3.));
#15968=CARTESIAN_POINT('Ctrl Pts',(-37.3137108981609,41.4813274145126,3.));
#15969=CARTESIAN_POINT('Ctrl Pts',(-37.3517187933127,41.5502109130224,3.));
#15970=CARTESIAN_POINT('Ctrl Pts',(-37.4263275166353,41.5846526622772,3.));
#15971=CARTESIAN_POINT('Ctrl Pts',(-37.5375370681286,41.5846526622772,3.));
#15972=CARTESIAN_POINT('Ctrl Pts',(-37.3137108981609,41.4813274145126,3.));
#15973=CARTESIAN_POINT('Ctrl Pts',(-37.3149843823932,41.4806247452723,2.83333333333333));
#15974=CARTESIAN_POINT('Ctrl Pts',(-37.3162578666254,41.479922076032,2.66666666666667));
#15975=CARTESIAN_POINT('Ctrl Pts',(-37.3175313508576,41.4792194067917,2.5));
#15976=CARTESIAN_POINT('Ctrl Pts',(-37.3413126170635,41.129025220871,3.));
#15977=CARTESIAN_POINT('Ctrl Pts',(-37.3426897420435,41.1294932304228,2.83333333333333));
#15978=CARTESIAN_POINT('Ctrl Pts',(-37.3440668670235,41.1299612399745,2.66666666666667));
#15979=CARTESIAN_POINT('Ctrl Pts',(-37.3454439920035,41.1304292495263,2.5));
#15980=CARTESIAN_POINT('Ctrl Pts',(-37.2849035759767,41.2950096527735,3.));
#15981=CARTESIAN_POINT('Ctrl Pts',(-37.2862918297692,41.295332411021,2.83333333333333));
#15982=CARTESIAN_POINT('Ctrl Pts',(-37.2878019405919,41.2956341169974,2.66666666666667));
#15983=CARTESIAN_POINT('Ctrl Pts',(-37.2891901943844,41.2959568752448,2.5));
#15984=CARTESIAN_POINT('Ctrl Pts',(-37.2757030030092,41.4124437173208,3.));
#15985=CARTESIAN_POINT('Ctrl Pts',(-37.2773146277197,41.4124957404832,2.83333333333333));
#15986=CARTESIAN_POINT('Ctrl Pts',(-37.2790691465966,41.4123811500595,2.66666666666667));
#15987=CARTESIAN_POINT('Ctrl Pts',(-37.2806807713072,41.4124331732219,2.5));
#15988=CARTESIAN_POINT('Ctrl Pts',(-37.3137108981609,41.4813274145126,3.));
#15989=CARTESIAN_POINT('Ctrl Pts',(-37.3149843823932,41.4806247452723,2.83333333333333));
#15990=CARTESIAN_POINT('Ctrl Pts',(-37.3162578666254,41.479922076032,2.66666666666667));
#15991=CARTESIAN_POINT('Ctrl Pts',(-37.3175313508576,41.4792194067917,2.5));
#15992=CARTESIAN_POINT('',(-37.3454439942139,41.130429243022,2.5));
#15993=CARTESIAN_POINT('Ctrl Pts',(-37.3175313508576,41.4792194067917,2.5));
#15994=CARTESIAN_POINT('Ctrl Pts',(-37.2806807713072,41.4124331732219,2.5));
#15995=CARTESIAN_POINT('Ctrl Pts',(-37.2891901943844,41.2959568752448,2.5));
#15996=CARTESIAN_POINT('Ctrl Pts',(-37.3454439920035,41.1304292495263,2.5));
#15997=CARTESIAN_POINT('',(-37.3413126170635,41.129025220871,3.));
#15998=CARTESIAN_POINT('Ctrl Pts',(-37.3413126170635,41.129025220871,3.));
#15999=CARTESIAN_POINT('Ctrl Pts',(-37.2849035759767,41.2950096527735,3.));
#16000=CARTESIAN_POINT('Ctrl Pts',(-37.2757030030092,41.4124437173208,3.));
#16001=CARTESIAN_POINT('Ctrl Pts',(-37.3137108981609,41.4813274145126,3.));
#16002=CARTESIAN_POINT('',(-37.3413126170635,41.129025220871,3.));
#16003=CARTESIAN_POINT('Origin',(-37.3413126170635,41.129025220871,3.));
#16004=CARTESIAN_POINT('',(-37.8415450099614,39.670637174072,2.5));
#16005=CARTESIAN_POINT('',(-37.8395849768418,39.6764046301184,2.5));
#16006=CARTESIAN_POINT('',(-37.8354535996914,39.6750006079674,3.));
#16007=CARTESIAN_POINT('',(-41.2976162499446,29.4874835140152,3.));
#16008=CARTESIAN_POINT('',(-37.835339660406,39.6750822256089,3.00935245536884));
#16009=CARTESIAN_POINT('Origin',(-37.8354535996914,39.6750006079674,3.));
#16010=CARTESIAN_POINT('',(-36.8140129861729,39.670637174072,2.5));
#16011=CARTESIAN_POINT('',(-36.8171386420727,39.670637174072,2.5));
#16012=CARTESIAN_POINT('',(-36.8171386420727,39.6750006079674,3.));
#16013=CARTESIAN_POINT('',(-9.27925742100414,39.6750006079674,3.));
#16014=CARTESIAN_POINT('',(-36.8171585370938,39.6750283815331,3.00318253540893));
#16015=CARTESIAN_POINT('Origin',(-36.8171386420727,39.6750006079674,3.));
#16016=CARTESIAN_POINT('',(-36.2418773934866,41.3541899391178,2.5));
#16017=CARTESIAN_POINT('',(-36.2418773400451,41.3541900963638,2.5));
#16018=CARTESIAN_POINT('',(-36.2460087239742,41.355594098568,3.));
#16019=CARTESIAN_POINT('',(-40.5790866261401,28.6051807759901,3.));
#16020=CARTESIAN_POINT('Ctrl Pts',(-36.2460087239742,41.355594098568,3.));
#16021=CARTESIAN_POINT('Ctrl Pts',(-36.2446316138117,41.3551260454179,2.83333333333333));
#16022=CARTESIAN_POINT('Ctrl Pts',(-36.2432545036492,41.3546579922678,2.66666666666667));
#16023=CARTESIAN_POINT('Ctrl Pts',(-36.2418773934866,41.3541899391178,2.5));
#16024=CARTESIAN_POINT('Ctrl Pts',(-36.2210331857204,42.1286669373512,3.));
#16025=CARTESIAN_POINT('Ctrl Pts',(-36.2197917053785,42.1294247187918,2.83333333333333));
#16026=CARTESIAN_POINT('Ctrl Pts',(-36.2185502250366,42.1301825002323,2.66666666666667));
#16027=CARTESIAN_POINT('Ctrl Pts',(-36.2173087446946,42.1309402816728,2.5));
#16028=CARTESIAN_POINT('Ctrl Pts',(-36.1192121605078,41.9618526101112,3.));
#16029=CARTESIAN_POINT('Ctrl Pts',(-36.1176145866063,41.9619505677965,2.83333333333333));
#16030=CARTESIAN_POINT('Ctrl Pts',(-36.11598904691,41.9622320060119,2.66666666666667));
#16031=CARTESIAN_POINT('Ctrl Pts',(-36.1143914730085,41.9623299636972,2.5));
#16032=CARTESIAN_POINT('Ctrl Pts',(-36.1275373399258,41.7041616638501,3.));
#16033=CARTESIAN_POINT('Ctrl Pts',(-36.1261225127157,41.703855205706,2.83333333333333));
#16034=CARTESIAN_POINT('Ctrl Pts',(-36.124630022822,41.7036253766897,2.66666666666667));
#16035=CARTESIAN_POINT('Ctrl Pts',(-36.1232151956119,41.7033189185455,2.5));
#16036=CARTESIAN_POINT('Ctrl Pts',(-36.2460087239742,41.355594098568,3.));
#16037=CARTESIAN_POINT('Ctrl Pts',(-36.2446316138117,41.3551260454179,2.83333333333333));
#16038=CARTESIAN_POINT('Ctrl Pts',(-36.2432545036492,41.3546579922678,2.66666666666667));
#16039=CARTESIAN_POINT('Ctrl Pts',(-36.2418773934866,41.3541899391178,2.5));
#16040=CARTESIAN_POINT('',(-36.2173087434905,42.1309402797002,2.5));
#16041=CARTESIAN_POINT('Ctrl Pts',(-36.2418773934866,41.3541899391178,2.5));
#16042=CARTESIAN_POINT('Ctrl Pts',(-36.1232151956119,41.7033189185455,2.5));
#16043=CARTESIAN_POINT('Ctrl Pts',(-36.1143914730085,41.9623299636972,2.5));
#16044=CARTESIAN_POINT('Ctrl Pts',(-36.2173087446946,42.1309402816728,2.5));
#16045=CARTESIAN_POINT('',(-36.2210331857204,42.1286669373512,3.));
#16046=CARTESIAN_POINT('Ctrl Pts',(-36.2210331857204,42.1286669373512,3.));
#16047=CARTESIAN_POINT('Ctrl Pts',(-36.1192121605078,41.9618526101112,3.));
#16048=CARTESIAN_POINT('Ctrl Pts',(-36.1275373399258,41.7041616638501,3.));
#16049=CARTESIAN_POINT('Ctrl Pts',(-36.2460087239742,41.355594098568,3.));
#16050=CARTESIAN_POINT('Ctrl Pts',(-36.2210331857204,42.1286669373512,3.));
#16051=CARTESIAN_POINT('Ctrl Pts',(-36.2197917049771,42.1294247181342,2.83333333333333));
#16052=CARTESIAN_POINT('Ctrl Pts',(-36.2185502242338,42.1301824989172,2.66666666666667));
#16053=CARTESIAN_POINT('Ctrl Pts',(-36.2173087434905,42.1309402797002,2.5));
#16054=CARTESIAN_POINT('Ctrl Pts',(-36.7945359647274,42.3788887262344,3.));
#16055=CARTESIAN_POINT('Ctrl Pts',(-36.7945359647274,42.3803432041996,2.83333333333333));
#16056=CARTESIAN_POINT('Ctrl Pts',(-36.7945359647274,42.3817976821647,2.66666666666667));
#16057=CARTESIAN_POINT('Ctrl Pts',(-36.7945359647274,42.3832521601298,2.5));
#16058=CARTESIAN_POINT('Ctrl Pts',(-36.5140218039354,42.3788887262344,3.));
#16059=CARTESIAN_POINT('Ctrl Pts',(-36.5137771508247,42.3803689128029,2.83333333333333));
#16060=CARTESIAN_POINT('Ctrl Pts',(-36.5134015165684,42.3817719735614,2.66666666666667));
#16061=CARTESIAN_POINT('Ctrl Pts',(-36.5131568634577,42.3832521601298,2.5));
#16062=CARTESIAN_POINT('Ctrl Pts',(-36.3228542109331,42.2954814632734,3.));
#16063=CARTESIAN_POINT('Ctrl Pts',(-36.3219468602383,42.2968043196386,2.83333333333333));
#16064=CARTESIAN_POINT('Ctrl Pts',(-36.3209655088438,42.2979529400836,2.66666666666667));
#16065=CARTESIAN_POINT('Ctrl Pts',(-36.3200581581491,42.2992757964489,2.5));
#16066=CARTESIAN_POINT('Ctrl Pts',(-36.2210331857204,42.1286669373512,3.));
#16067=CARTESIAN_POINT('Ctrl Pts',(-36.2197917049771,42.1294247181342,2.83333333333333));
#16068=CARTESIAN_POINT('Ctrl Pts',(-36.2185502242338,42.1301824989172,2.66666666666667));
#16069=CARTESIAN_POINT('Ctrl Pts',(-36.2173087434905,42.1309402797002,2.5));
#16070=CARTESIAN_POINT('',(-36.7945359647274,42.3832521601298,2.5));
#16071=CARTESIAN_POINT('Ctrl Pts',(-36.2173087434905,42.1309402797002,2.5));
#16072=CARTESIAN_POINT('Ctrl Pts',(-36.3200581581491,42.2992757964489,2.5));
#16073=CARTESIAN_POINT('Ctrl Pts',(-36.5131568634577,42.3832521601298,2.5));
#16074=CARTESIAN_POINT('Ctrl Pts',(-36.7945359647274,42.3832521601298,2.5));
#16075=CARTESIAN_POINT('',(-36.7945359647274,42.3788887262344,3.));
#16076=CARTESIAN_POINT('Ctrl Pts',(-36.7945359647274,42.3788887262344,3.));
#16077=CARTESIAN_POINT('Ctrl Pts',(-36.5140218039354,42.3788887262344,3.));
#16078=CARTESIAN_POINT('Ctrl Pts',(-36.3228542109331,42.2954814632734,3.));
#16079=CARTESIAN_POINT('Ctrl Pts',(-36.2210331857204,42.1286669373512,3.));
#16080=CARTESIAN_POINT('Ctrl Pts',(-36.7945359647274,42.3788887262344,3.));
#16081=CARTESIAN_POINT('Ctrl Pts',(-36.7945359647274,42.3803432041996,2.83333333333333));
#16082=CARTESIAN_POINT('Ctrl Pts',(-36.7945359647274,42.3817976821647,2.66666666666667));
#16083=CARTESIAN_POINT('Ctrl Pts',(-36.7945359647274,42.3832521601298,2.5));
#16084=CARTESIAN_POINT('Ctrl Pts',(-37.3608802258968,42.2656044363976,3.));
#16085=CARTESIAN_POINT('Ctrl Pts',(-37.3614704933372,42.2669337559603,2.83333333333333));
#16086=CARTESIAN_POINT('Ctrl Pts',(-37.3620607607776,42.268263075523,2.66666666666667));
#16087=CARTESIAN_POINT('Ctrl Pts',(-37.362651028218,42.2695923950858,2.5));
#16088=CARTESIAN_POINT('Ctrl Pts',(-37.190797974666,42.3411272962888,3.));
#16089=CARTESIAN_POINT('Ctrl Pts',(-37.1911869189273,42.3425468774605,2.83333333333333));
#16090=CARTESIAN_POINT('Ctrl Pts',(-37.1915783657246,42.3439627475754,2.66666666666667));
#16091=CARTESIAN_POINT('Ctrl Pts',(-37.1919673099859,42.3453823287471,2.5));
#16092=CARTESIAN_POINT('Ctrl Pts',(-37.0020165542761,42.3788887262344,3.));
#16093=CARTESIAN_POINT('Ctrl Pts',(-37.0021919425244,42.3803441198422,2.83333333333333));
#16094=CARTESIAN_POINT('Ctrl Pts',(-37.0023705954835,42.381796766522,2.66666666666667));
#16095=CARTESIAN_POINT('Ctrl Pts',(-37.0025459837318,42.3832521601298,2.5));
#16096=CARTESIAN_POINT('Ctrl Pts',(-36.7945359647274,42.3788887262344,3.));
#16097=CARTESIAN_POINT('Ctrl Pts',(-36.7945359647274,42.3803432041996,2.83333333333333));
#16098=CARTESIAN_POINT('Ctrl Pts',(-36.7945359647274,42.3817976821647,2.66666666666667));
#16099=CARTESIAN_POINT('Ctrl Pts',(-36.7945359647274,42.3832521601298,2.5));
#16100=CARTESIAN_POINT('',(-37.3626510321093,42.2695923933579,2.5));
#16101=CARTESIAN_POINT('Ctrl Pts',(-36.7945359647274,42.3832521601298,2.5));
#16102=CARTESIAN_POINT('Ctrl Pts',(-37.0025459837318,42.3832521601298,2.5));
#16103=CARTESIAN_POINT('Ctrl Pts',(-37.1919673099859,42.3453823287471,2.5));
#16104=CARTESIAN_POINT('Ctrl Pts',(-37.362651028218,42.2695923950858,2.5));
#16105=CARTESIAN_POINT('',(-37.3608802258968,42.2656044363976,3.));
#16106=CARTESIAN_POINT('Ctrl Pts',(-37.3608802258968,42.2656044363976,3.));
#16107=CARTESIAN_POINT('Ctrl Pts',(-37.190797974666,42.3411272962888,3.));
#16108=CARTESIAN_POINT('Ctrl Pts',(-37.0020165542761,42.3788887262344,3.));
#16109=CARTESIAN_POINT('Ctrl Pts',(-36.7945359647274,42.3788887262344,3.));
#16110=CARTESIAN_POINT('Ctrl Pts',(-37.3608802258968,42.2656044363976,3.));
#16111=CARTESIAN_POINT('Ctrl Pts',(-37.3614704946343,42.2669337553843,2.83333333333333));
#16112=CARTESIAN_POINT('Ctrl Pts',(-37.3620607633718,42.2682630743711,2.66666666666667));
#16113=CARTESIAN_POINT('Ctrl Pts',(-37.3626510321093,42.2695923933579,2.5));
#16114=CARTESIAN_POINT('Ctrl Pts',(-37.9173044860363,41.8884044885635,3.));
#16115=CARTESIAN_POINT('Ctrl Pts',(-37.9182628362207,41.8894985959966,2.83333333333333));
#16116=CARTESIAN_POINT('Ctrl Pts',(-37.919221186405,41.8905927034297,2.66666666666667));
#16117=CARTESIAN_POINT('Ctrl Pts',(-37.9201795365894,41.8916868108628,2.5));
#16118=CARTESIAN_POINT('Ctrl Pts',(-37.7164372305075,42.0643480618795,3.));
#16119=CARTESIAN_POINT('Ctrl Pts',(-37.7173192889823,42.065507198885,2.83333333333333));
#16120=CARTESIAN_POINT('Ctrl Pts',(-37.7182038208502,42.0666695568991,2.66666666666667));
#16121=CARTESIAN_POINT('Ctrl Pts',(-37.719085879325,42.0678286939046,2.5));
#16122=CARTESIAN_POINT('Ctrl Pts',(-37.5309624771277,42.1900813778241,3.));
#16123=CARTESIAN_POINT('Ctrl Pts',(-37.5317408450424,42.1913253108467,2.83333333333333));
#16124=CARTESIAN_POINT('Ctrl Pts',(-37.5325212691622,42.1925739189286,2.66666666666667));
#16125=CARTESIAN_POINT('Ctrl Pts',(-37.5332996370769,42.1938178519512,2.5));
#16126=CARTESIAN_POINT('Ctrl Pts',(-37.3608802258968,42.2656044363976,3.));
#16127=CARTESIAN_POINT('Ctrl Pts',(-37.3614704946343,42.2669337553843,2.83333333333333));
#16128=CARTESIAN_POINT('Ctrl Pts',(-37.3620607633718,42.2682630743711,2.66666666666667));
#16129=CARTESIAN_POINT('Ctrl Pts',(-37.3626510321093,42.2695923933579,2.5));
#16130=CARTESIAN_POINT('',(-37.9079573271531,41.9023470677503,2.5));
#16131=CARTESIAN_POINT('Ctrl Pts',(-37.3626510321093,42.2695923933579,2.5));
#16132=CARTESIAN_POINT('Ctrl Pts',(-37.5298370270053,42.1953553839474,2.5));
#16133=CARTESIAN_POINT('Ctrl Pts',(-37.711552579735,42.072920880896,2.5));
#16134=CARTESIAN_POINT('Ctrl Pts',(-37.9079573415002,41.90234708427,2.5));
#16135=CARTESIAN_POINT('',(-37.9173044860363,41.8884044885635,3.));
#16136=CARTESIAN_POINT('Ctrl Pts',(-37.9173044860363,41.8884044885635,3.));
#16137=CARTESIAN_POINT('Ctrl Pts',(-37.7164372305075,42.0643480618795,3.));
#16138=CARTESIAN_POINT('Ctrl Pts',(-37.5309624771277,42.1900813778241,3.));
#16139=CARTESIAN_POINT('Ctrl Pts',(-37.3608802258968,42.2656044363976,3.));
#16140=CARTESIAN_POINT('Ctrl Pts',(-37.9173044860363,41.8884044885635,3.));
#16141=CARTESIAN_POINT('Ctrl Pts',(-37.9157436101225,41.8907380624759,2.91670119205698));
#16142=CARTESIAN_POINT('Ctrl Pts',(-37.9141845651937,41.8930662461444,2.83340227850677));
#16143=CARTESIAN_POINT('Ctrl Pts',(-37.9110688445035,41.897713774196,2.66673555762249));
#16144=CARTESIAN_POINT('Ctrl Pts',(-37.9095121747448,41.900033105269,2.5833679107755));
#16145=CARTESIAN_POINT('Ctrl Pts',(-37.9079573271531,41.9023470677503,2.5));
#16146=CARTESIAN_POINT('Origin',(-37.9173044860363,41.8884044885635,3.));
#16147=CARTESIAN_POINT('',(-37.7648227493666,42.3234976096728,2.5));
#16148=CARTESIAN_POINT('',(-37.7667829368837,42.3177300722414,2.5));
#16149=CARTESIAN_POINT('',(-37.770914286375,42.3191341757774,3.));
#16150=CARTESIAN_POINT('',(-41.9594813016892,29.9949474163122,3.));
#16151=CARTESIAN_POINT('',(-37.7709480405514,42.3191099972955,3.0027705796038));
#16152=CARTESIAN_POINT('Origin',(-37.770914286375,42.3191341757774,3.));
#16153=CARTESIAN_POINT('',(-38.7176618974283,42.3234976096728,2.5));
#16154=CARTESIAN_POINT('',(-38.7145362794399,42.3234976096728,2.5));
#16155=CARTESIAN_POINT('',(-38.7145362794399,42.3191341757774,3.));
#16156=CARTESIAN_POINT('',(-9.24698776434597,42.3191341757774,3.));
#16157=CARTESIAN_POINT('',(-38.7145178441572,42.3191084397029,3.00294906203718));
#16158=CARTESIAN_POINT('Origin',(-38.7145362794399,42.3191341757774,3.));
#16159=CARTESIAN_POINT('',(-39.6192392780945,39.670637174072,2.5));
#16160=CARTESIAN_POINT('',(-39.6172791928078,39.6764046576167,2.5));
#16161=CARTESIAN_POINT('',(-39.6131478250027,39.6750006079674,3.));
#16162=CARTESIAN_POINT('',(-42.7810436316145,30.3535761471438,3.));
#16163=CARTESIAN_POINT('',(-39.6129406238294,39.6751490304553,3.01700753253533));
#16164=CARTESIAN_POINT('Origin',(-39.6131478250027,39.6750006079674,3.));
#16165=CARTESIAN_POINT('',(-38.5998122394085,39.670637174072,2.5));
#16166=CARTESIAN_POINT('',(-10.1681045336598,39.6750006079674,3.));
#16167=CARTESIAN_POINT('Origin',(-37.8407247364521,41.0269446671009,2.5));
#16168=CARTESIAN_POINT('Origin',(19.2769387576831,-4.08445855570937,3.));
#16169=CARTESIAN_POINT('Origin',(19.2769387576831,-4.08445855570937,3.));
#16170=CARTESIAN_POINT('Origin',(82.8005169906749,53.0022192114003,1.95652627680284));
#16171=CARTESIAN_POINT('',(82.5679945059519,44.1000006407499,2.02891263359473));
#16172=CARTESIAN_POINT('',(82.797122972351,44.1000006407499,1.95652627680284));
#16173=CARTESIAN_POINT('',(76.3762694652903,44.1000006407499,3.98500488609505));
#16174=CARTESIAN_POINT('',(82.5713885575809,53.0023065678378,2.02891263359473));
#16175=CARTESIAN_POINT('',(82.5713885575809,53.0023065678378,2.02891263359473));
#16176=CARTESIAN_POINT('',(82.8005169906749,53.0022192114003,1.95652627680284));
#16177=CARTESIAN_POINT('',(85.2731470049128,53.0012765080157,1.17537189972246));
#16178=CARTESIAN_POINT('',(82.8005169906749,53.0022192114003,1.95652627680284));
#16179=CARTESIAN_POINT('Origin',(83.0176760287105,53.0021364183585,1.83597734459473));
#16180=CARTESIAN_POINT('',(83.0142820419519,44.1000006407499,1.83597734459473));
#16181=CARTESIAN_POINT('',(77.4121001205041,44.1000006407499,4.94584998269074));
#16182=CARTESIAN_POINT('',(83.0176760287105,53.0021364183585,1.83597734459473));
#16183=CARTESIAN_POINT('',(85.1667863856531,53.0013170585693,0.642967092429271));
#16184=CARTESIAN_POINT('',(83.0176760287105,53.0021364183585,1.83597734459473));
#16185=CARTESIAN_POINT('Origin',(83.1989268793647,53.0020673155047,1.69120463159473));
#16186=CARTESIAN_POINT('',(83.195532918952,44.1000006407499,1.69120463159473));
#16187=CARTESIAN_POINT('',(78.5442416362382,44.1000006407499,5.40638697496914));
#16188=CARTESIAN_POINT('',(83.1989268793647,53.0020673155047,1.69120463159473));
#16189=CARTESIAN_POINT('',(84.9611929410546,53.0013954421669,0.283608265245021));
#16190=CARTESIAN_POINT('',(83.1989268793647,53.0020673155047,1.69120463159473));
#16191=CARTESIAN_POINT('Origin',(83.3556689665813,53.0020075567477,1.49826934359473));
#16192=CARTESIAN_POINT('',(83.3522750289519,44.1000006407499,1.49826934359473));
#16193=CARTESIAN_POINT('',(80.1322967995881,44.1000006407499,5.46176981603424));
#16194=CARTESIAN_POINT('',(83.3556689665813,53.0020075567477,1.49826934359473));
#16195=CARTESIAN_POINT('',(84.5702745840133,53.0015444818761,0.00320003089766624));
#16196=CARTESIAN_POINT('',(83.3556689665813,53.0020075567477,1.49826934359473));
#16197=CARTESIAN_POINT('Origin',(83.4642484857987,53.0019661602267,1.29279468559473));
#16198=CARTESIAN_POINT('',(83.4608545639519,44.1000006407499,1.29279468559473));
#16199=CARTESIAN_POINT('',(81.5303112695219,44.1000006407499,4.9461325192592));
#16200=CARTESIAN_POINT('',(83.4642484857987,53.0019661602267,1.29279468559473));
#16201=CARTESIAN_POINT('',(84.1849713557926,53.0016913807874,-0.0710931478771742));
#16202=CARTESIAN_POINT('',(83.4642484857987,53.0019661602267,1.29279468559473));
#16203=CARTESIAN_POINT('Origin',(83.536634831277,53.0019385625463,1.05169682259473));
#16204=CARTESIAN_POINT('',(83.533240919952,44.1000006407499,1.05169682259473));
#16205=CARTESIAN_POINT('',(82.6642258562457,44.1000006407499,3.94613282340967));
#16206=CARTESIAN_POINT('',(83.536634831277,53.0019385625463,1.05169682259473));
#16207=CARTESIAN_POINT('',(83.8503331041265,53.0018189634062,0.00685911582754786));
#16208=CARTESIAN_POINT('',(83.536634831277,53.0019385625463,1.05169682259473));
#16209=CARTESIAN_POINT('Origin',(83.5605736228433,53.0019294357543,0.810313972265968));
#16210=CARTESIAN_POINT('',(83.557179714998,44.1000006407499,0.810313972265968));
#16211=CARTESIAN_POINT('',(83.3787837355602,44.1000006407499,2.60914010035906));
#16212=CARTESIAN_POINT('',(83.5605736228433,53.0019294357543,0.810313972265968));
#16213=CARTESIAN_POINT('',(83.6201377407027,53.0019067266166,0.209709029182787));
#16214=CARTESIAN_POINT('',(83.5605736228433,53.0019294357543,0.810313972265968));
#16215=CARTESIAN_POINT('Origin',(83.5605736227973,53.0019294357544,0.14686736659474));
#16216=CARTESIAN_POINT('',(83.5571797149519,44.1000006407499,0.14686736659474));
#16217=CARTESIAN_POINT('',(83.557179715051,44.1000006407499,1.57343368279196));
#16218=CARTESIAN_POINT('',(83.5605736227973,53.0019294357544,0.14686736659474));
#16219=CARTESIAN_POINT('',(83.5605736227922,53.0019294357543,0.0734336834383837));
#16220=CARTESIAN_POINT('',(83.5605736227973,53.0019294357544,0.14686736659474));
#16221=CARTESIAN_POINT('Origin',(83.5445804223451,53.0019355332474,-0.0223940294052562));
#16222=CARTESIAN_POINT('',(83.5433024834581,44.1000006407499,0.));
#16223=CARTESIAN_POINT('',(83.6183906698075,44.1000006407499,0.79468330527064));
#16224=CARTESIAN_POINT('',(83.5466963933206,53.0019347265221,0.));
#16225=CARTESIAN_POINT('',(83.5636662321581,53.0019282566805,0.179597487076903));
#16226=CARTESIAN_POINT('',(83.5358094779187,24.4464906421104,0.));
#16227=CARTESIAN_POINT('Origin',(74.6211448931936,53.0053376406498,0.146867366594738));
#16228=CARTESIAN_POINT('',(74.6350221226703,53.005332349882,0.));
#16229=CARTESIAN_POINT('',(74.6316269174458,44.1000006407499,0.));
#16230=CARTESIAN_POINT('',(74.6241352072684,24.4498882654704,0.));
#16231=CARTESIAN_POINT('',(74.6211448931936,53.0053376406498,0.146867366594738));
#16232=CARTESIAN_POINT('',(74.6855410904741,53.005313089256,-0.534659153463647));
#16233=CARTESIAN_POINT('',(74.617749685952,44.1000006407499,0.146867366594738));
#16234=CARTESIAN_POINT('',(74.6211448931936,53.0053376406498,0.146867366594738));
#16235=CARTESIAN_POINT('',(74.4593080638753,44.1000006407499,1.82370786635773));
#16236=CARTESIAN_POINT('Origin',(74.7177550161508,53.005300807525,1.29279468559473));
#16237=CARTESIAN_POINT('',(74.641688480952,44.1000006407499,1.05169682159474));
#16238=CARTESIAN_POINT('',(74.714359822952,44.1000006407499,1.29279468559473));
#16239=CARTESIAN_POINT('',(74.7124001424762,44.1000006407499,1.28629315742925));
#16240=CARTESIAN_POINT('',(74.645083684714,53.0053285138578,1.05169682159474));
#16241=CARTESIAN_POINT('',(74.645083684714,53.0053285138578,1.05169682159474));
#16242=CARTESIAN_POINT('',(74.7177550161508,53.005300807525,1.29279468559473));
#16243=CARTESIAN_POINT('',(75.0764873979939,53.0051640388906,2.48294228988328));
#16244=CARTESIAN_POINT('',(74.7177550161508,53.005300807525,1.29279468559473));
#16245=CARTESIAN_POINT('Origin',(74.8260495494096,53.0052595196565,1.49826934359473));
#16246=CARTESIAN_POINT('',(74.822654371952,44.1000006407499,1.49826934359473));
#16247=CARTESIAN_POINT('',(74.4998372686354,44.1000006407499,0.885766364331098));
#16248=CARTESIAN_POINT('',(74.8260495494096,53.0052595196565,1.49826934359473));
#16249=CARTESIAN_POINT('',(75.9078322677142,53.0048470842237,3.55081001564105));
#16250=CARTESIAN_POINT('',(74.8260495494096,53.0052595196565,1.49826934359473));
#16251=CARTESIAN_POINT('Origin',(74.9827916366263,53.0051997608995,1.69120463159473));
#16252=CARTESIAN_POINT('',(74.979396481952,44.1000006407499,1.69120463159473));
#16253=CARTESIAN_POINT('',(74.1116521291327,44.1000006407499,0.623090219829042));
#16254=CARTESIAN_POINT('',(74.9827916366263,53.0051997608995,1.69120463159473));
#16255=CARTESIAN_POINT('',(77.0814294358712,53.0043996440422,4.27443735099389));
#16256=CARTESIAN_POINT('',(74.9827916366263,53.0051997608995,1.69120463159473));
#16257=CARTESIAN_POINT('Origin',(75.1637575013218,53.0051307666981,1.83597734459473));
#16258=CARTESIAN_POINT('',(75.160362372952,44.1000006407499,1.83597734459473));
#16259=CARTESIAN_POINT('',(73.5671464933312,44.1000006407499,0.561404639137144));
#16260=CARTESIAN_POINT('',(75.1637575013218,53.0051307666981,1.83597734459473));
#16261=CARTESIAN_POINT('',(78.5139695889586,53.0038534804661,4.51614740798481));
#16262=CARTESIAN_POINT('',(75.1637575013218,53.0051307666981,1.83597734459473));
#16263=CARTESIAN_POINT('Origin',(75.3809165387566,53.0050479736565,1.95652627659473));
#16264=CARTESIAN_POINT('',(75.377521441952,44.1000006407499,1.95652627659473));
#16265=CARTESIAN_POINT('',(73.1626198398428,44.1000006407499,0.726994284912933));
#16266=CARTESIAN_POINT('',(75.3809165387566,53.0050479736565,1.95652627659473));
#16267=CARTESIAN_POINT('',(79.6442515615385,53.003422554434,4.3231811016745));
#16268=CARTESIAN_POINT('',(75.3809165387566,53.0050479736565,1.95652627659473));
#16269=CARTESIAN_POINT('Origin',(75.61032995941,53.004960508566,2.02891263359473));
#16270=CARTESIAN_POINT('',(75.606934895952,44.1000006407499,2.02891263359473));
#16271=CARTESIAN_POINT('',(72.743450549966,44.1000006407499,1.12540328608946));
#16272=CARTESIAN_POINT('',(75.61032995941,53.004960508566,2.02891263359473));
#16273=CARTESIAN_POINT('',(80.7809203552286,53.0029891933922,3.66037866215756));
#16274=CARTESIAN_POINT('',(75.61032995941,53.004960508566,2.02891263359473));
#16275=CARTESIAN_POINT('Origin',(75.8636821685838,53.0048639166846,2.05313641392806));
#16276=CARTESIAN_POINT('',(75.860287141952,44.1000006407499,2.05313641392806));
#16277=CARTESIAN_POINT('',(72.5077562061108,44.1000006407499,1.73259071428373));
#16278=CARTESIAN_POINT('',(75.8636821685838,53.0048639166846,2.05313641392806));
#16279=CARTESIAN_POINT('',(81.5919387029573,53.0026799883203,2.60083255770417));
#16280=CARTESIAN_POINT('',(75.8636821685838,53.0048639166846,2.05313641392806));
#16281=CARTESIAN_POINT('Origin',(82.3180363474071,53.0024031597196,2.05313641359473));
#16282=CARTESIAN_POINT('',(82.314642258952,44.1000006407499,2.05313641359473));
#16283=CARTESIAN_POINT('',(75.6590186877692,44.1000006407499,2.05313641393846));
#16284=CARTESIAN_POINT('',(82.3180363474071,53.0024031597196,2.05313641359473));
#16285=CARTESIAN_POINT('',(84.9696360045812,53.0013922232039,2.05313641345779));
#16286=CARTESIAN_POINT('',(82.3180363474071,53.0024031597196,2.05313641359473));
#16287=CARTESIAN_POINT('Origin',(82.5713885575809,53.0023065678378,2.02891263359473));
#16288=CARTESIAN_POINT('',(75.8011321537031,44.1000006407499,2.67591295371115));
#16289=CARTESIAN_POINT('',(85.1695553020358,53.0013160029051,1.78049396151039));
#16290=CARTESIAN_POINT('Origin',(74.6211448931936,53.0053376406498,0.810313971594734));
#16291=CARTESIAN_POINT('',(74.617749685952,44.1000006407499,0.810313971594734));
#16292=CARTESIAN_POINT('',(74.617749685952,44.1000006407499,1.90515698579737));
#16293=CARTESIAN_POINT('',(74.6211448931936,53.0053376406498,0.810313971594734));
#16294=CARTESIAN_POINT('',(74.6211448931936,53.0053376406498,0.405156985797367));
#16295=CARTESIAN_POINT('',(74.6211448931936,53.0053376406498,0.810313971594734));
#16296=CARTESIAN_POINT('Origin',(74.645083684714,53.0053285138578,1.05169682159474));
#16297=CARTESIAN_POINT('',(74.7099002540048,44.1000006407499,1.73949886773266));
#16298=CARTESIAN_POINT('',(74.6566326210265,53.0053241107642,1.16814861320715));
#16299=CARTESIAN_POINT('Origin',(87.6212356616492,53.0003812866882,0.));
#16300=CARTESIAN_POINT('',(-49.0612580613658,53.0524922166282,0.));
#16301=CARTESIAN_POINT('',(87.6212356616492,53.0003812866882,0.));
#16302=CARTESIAN_POINT('',(-49.0612580613658,53.0524922166282,3.));
#16303=CARTESIAN_POINT('',(-49.0612580613658,53.0524922166282,0.));
#16304=CARTESIAN_POINT('',(87.6212356616492,53.0003812866882,3.));
#16305=CARTESIAN_POINT('',(87.6212356616492,53.0003812866882,3.));
#16306=CARTESIAN_POINT('',(87.6212356616492,53.0003812866882,0.));
#16307=CARTESIAN_POINT('',(87.6212356616492,53.0003812866882,0.));
#16308=CARTESIAN_POINT('',(87.6212356616492,53.0003812866882,0.));
#16309=CARTESIAN_POINT('Origin',(19.2769387576831,-4.08445855570937,0.));
#16310=CARTESIAN_POINT('',(95.6181856191908,45.0003818681106,0.));
#16311=CARTESIAN_POINT('Origin',(87.6181856191908,45.0003818681107,0.));
#16312=CARTESIAN_POINT('',(95.6181856191908,-27.8180996476936,0.));
#16313=CARTESIAN_POINT('',(95.6181856191908,-27.8180996476936,0.));
#16314=CARTESIAN_POINT('',(94.5082241661331,-31.8834863232328,0.));
#16315=CARTESIAN_POINT('Origin',(87.6181856191909,-27.8180996476939,0.));
#16316=CARTESIAN_POINT('',(79.813370978555,-56.7884001690107,0.));
#16317=CARTESIAN_POINT('',(79.813370978555,-56.7884001690107,0.));
#16318=CARTESIAN_POINT('',(79.5781723939061,-57.1988535241343,0.));
#16319=CARTESIAN_POINT('',(79.5781723939061,-57.1988535241343,0.));
#16320=CARTESIAN_POINT('',(68.6595514805295,-60.1625872081824,0.));
#16321=CARTESIAN_POINT('Origin',(72.6369950951936,-53.2214099094694,0.));
#16322=CARTESIAN_POINT('',(52.9256116526725,-51.1467018895022,0.));
#16323=CARTESIAN_POINT('',(52.9256116526725,-51.1467018895022,0.));
#16324=CARTESIAN_POINT('',(36.4617400901201,-46.7379269244684,0.));
#16325=CARTESIAN_POINT('',(36.4617400901201,-46.7379269244684,0.));
#16326=CARTESIAN_POINT('',(17.4804102754297,-46.7379269244684,0.));
#16327=CARTESIAN_POINT('',(17.4804102754297,-46.7379269244684,0.));
#16328=CARTESIAN_POINT('',(9.48041046517952,-38.7396693354166,0.));
#16329=CARTESIAN_POINT('Origin',(17.4804102754298,-38.7379269244683,0.));
#16330=CARTESIAN_POINT('',(9.47796429711442,-27.5084818386604,0.));
#16331=CARTESIAN_POINT('',(9.47796429711442,-27.5084818386604,0.));
#16332=CARTESIAN_POINT('',(-3.13794537443309,-27.4204047429711,0.));
#16333=CARTESIAN_POINT('',(-3.13794537443309,-27.4204047429711,0.));
#16334=CARTESIAN_POINT('',(-10.0815081038245,-31.4471269244683,0.));
#16335=CARTESIAN_POINT('Origin',(-10.0815081038245,-23.4471269244683,0.));
#16336=CARTESIAN_POINT('',(-49.0643081038245,-31.4471269244683,0.));
#16337=CARTESIAN_POINT('',(-49.0643081038245,-31.4471269244683,0.));
#16338=CARTESIAN_POINT('',(-57.0643081038245,-23.4471269244684,0.));
#16339=CARTESIAN_POINT('Origin',(-49.0643081038245,-23.4471269244684,0.));
#16340=CARTESIAN_POINT('',(-57.0643081038245,45.0524927980507,0.));
#16341=CARTESIAN_POINT('',(-57.0643081038245,45.0524927980507,0.));
#16342=CARTESIAN_POINT('Origin',(-49.0643081038245,45.0524927980507,0.));
#16343=CARTESIAN_POINT('',(69.0000010281801,44.1000006407499,0.));
#16344=CARTESIAN_POINT('',(44.1384698929316,44.1000006407499,0.));
#16345=CARTESIAN_POINT('',(69.0000010281801,-6.00000008940697,0.));
#16346=CARTESIAN_POINT('',(69.0000010281801,-5.04222932255817,0.));
#16347=CARTESIAN_POINT('',(88.4000013113022,-6.00000008940697,0.));
#16348=CARTESIAN_POINT('',(53.8384700344926,-6.00000008940697,0.));
#16349=CARTESIAN_POINT('',(88.4000013113022,44.1000006407499,0.));
#16350=CARTESIAN_POINT('',(88.4000013113022,20.0077710425203,0.));
#16351=CARTESIAN_POINT('',(44.1384698929316,44.1000006407499,0.));
#16352=CARTESIAN_POINT('',(77.5193918961754,-12.5536269244684,0.));
#16353=CARTESIAN_POINT('Origin',(80.2693918961754,-12.5536269244684,0.));
#16354=CARTESIAN_POINT('',(-46.3056081038245,39.8338730755316,0.));
#16355=CARTESIAN_POINT('Origin',(-43.5556081038245,39.8338730755316,0.));
#16356=CARTESIAN_POINT('',(71.4000010877848,-58.0000008642673,0.));
#16357=CARTESIAN_POINT('Origin',(73.0000010877848,-58.0000008642673,0.));
#16358=CARTESIAN_POINT('',(88.9000013485551,48.5000007227063,0.));
#16359=CARTESIAN_POINT('Origin',(90.5000013485551,48.5000007227063,0.));
#16360=CARTESIAN_POINT('',(-53.6000007748604,-27.0000004023314,0.));
#16361=CARTESIAN_POINT('Origin',(-52.0000007748604,-27.0000004023314,0.));
#16362=CARTESIAN_POINT('',(-53.8397812284225,48.3326037639492,0.));
#16363=CARTESIAN_POINT('Origin',(-52.2397812284225,48.3326037639492,0.));
#16364=CARTESIAN_POINT('',(73.8286874208747,-45.095938703982,0.));
#16365=CARTESIAN_POINT('',(80.8286874208746,-32.9715830509999,0.));
#16366=CARTESIAN_POINT('',(79.388964751777,-35.4652558626856,0.));
#16367=CARTESIAN_POINT('',(68.7043317678925,-25.9715830509999,0.));
#16368=CARTESIAN_POINT('',(45.4303579318854,-12.5343479916689,0.));
#16369=CARTESIAN_POINT('',(61.7043317678925,-38.095938703982,0.));
#16370=CARTESIAN_POINT('',(63.7646090987949,-34.5274336891767,0.));
#16371=CARTESIAN_POINT('',(44.4925357583765,-28.158703644651,0.));
#16372=CARTESIAN_POINT('',(54.2010751138341,-40.0790487726388,0.));
#16373=CARTESIAN_POINT('',(57.8245417452693,-26.5560872045919,0.));
#16374=CARTESIAN_POINT('',(59.3423954400447,-20.8913800972339,0.));
#16375=CARTESIAN_POINT('',(44.3015801772224,-22.9326205731566,0.));
#16376=CARTESIAN_POINT('',(30.2714057726774,-19.173246671791,0.));
#16377=CARTESIAN_POINT('',(40.6781135457872,-36.4555821412035,0.));
#16378=CARTESIAN_POINT('',(44.0077005562802,-24.0293942498221,2.77555756156289E-16));
#16379=CARTESIAN_POINT('',(33.4094199252656,-34.5079415555555,0.));
#16380=CARTESIAN_POINT('',(-12.7235541816407,-1.39872278915417,0.));
#16381=CARTESIAN_POINT('',(-12.7235541816407,12.6012772108458,0.));
#16382=CARTESIAN_POINT('',(-12.7235541816407,4.25840932756822,0.));
#16383=CARTESIAN_POINT('',(-26.7235541816407,12.6012772108458,0.));
#16384=CARTESIAN_POINT('',(-3.72330771197877,12.6012772108458,0.));
#16385=CARTESIAN_POINT('',(-26.7235541816407,-1.39872278915417,0.));
#16386=CARTESIAN_POINT('',(-26.7235541816407,-2.74159067243176,0.));
#16387=CARTESIAN_POINT('',(3.27669228802121,-1.39872278915418,0.));
#16388=CARTESIAN_POINT('',(-31.8372073488299,-20.3158303887691,0.));
#16389=CARTESIAN_POINT('',(-31.8372073488299,-6.31583038876914,0.));
#16390=CARTESIAN_POINT('',(-31.8372073488299,-5.20014447223925,0.));
#16391=CARTESIAN_POINT('',(-45.8372073488298,-6.31583038876913,0.));
#16392=CARTESIAN_POINT('',(-13.2801342955733,-6.31583038876915,0.));
#16393=CARTESIAN_POINT('',(-45.8372073488298,-20.3158303887691,0.));
#16394=CARTESIAN_POINT('',(-45.8372073488298,-12.2001444722392,0.));
#16395=CARTESIAN_POINT('',(-6.28013429557337,-20.3158303887691,0.));
#16396=CARTESIAN_POINT('',(-31.8297164284316,-1.33575587693427,0.));
#16397=CARTESIAN_POINT('',(-31.8297164284316,12.6642441230656,0.));
#16398=CARTESIAN_POINT('',(-31.8297164284316,4.28989278367813,0.));
#16399=CARTESIAN_POINT('',(-45.8297164284315,12.6642441230656,0.));
#16400=CARTESIAN_POINT('',(-13.2763888353742,12.6642441230656,0.));
#16401=CARTESIAN_POINT('',(-45.8297164284315,-1.33575587693427,0.));
#16402=CARTESIAN_POINT('',(-45.8297164284315,-2.71010721632182,0.));
#16403=CARTESIAN_POINT('',(-6.27638883537423,-1.33575587693427,0.));
#16404=CARTESIAN_POINT('',(-12.7360080080048,17.654092824837,0.));
#16405=CARTESIAN_POINT('',(-12.7360080080048,31.6540928248369,0.));
#16406=CARTESIAN_POINT('',(-12.7360080080048,13.7848171345638,0.));
#16407=CARTESIAN_POINT('',(-26.7360080080046,31.6540928248369,0.));
#16408=CARTESIAN_POINT('',(-3.72953462516076,31.6540928248369,0.));
#16409=CARTESIAN_POINT('',(-26.7360080080046,17.654092824837,0.));
#16410=CARTESIAN_POINT('',(-26.7360080080046,6.78481713456383,0.));
#16411=CARTESIAN_POINT('',(3.27046537483918,17.654092824837,0.));
#16412=CARTESIAN_POINT('',(-12.7295623186982,-20.3988183973112,0.));
#16413=CARTESIAN_POINT('',(-12.7295623186981,-6.39881839731125,0.));
#16414=CARTESIAN_POINT('',(-12.7295623186981,-5.2416384765103,0.));
#16415=CARTESIAN_POINT('',(-26.7295623186981,-6.39881839731123,0.));
#16416=CARTESIAN_POINT('',(-3.72631178050749,-6.39881839731125,0.));
#16417=CARTESIAN_POINT('',(-26.7295623186981,-20.3988183973112,0.));
#16418=CARTESIAN_POINT('',(-26.7295623186981,-12.2416384765103,0.));
#16419=CARTESIAN_POINT('',(3.27368821949247,-20.3988183973112,0.));
#16420=CARTESIAN_POINT('',(-31.7827836310454,17.598637085712,0.));
#16421=CARTESIAN_POINT('',(-31.7827836310454,31.598637085712,0.));
#16422=CARTESIAN_POINT('',(-31.7827836310454,13.7570892650013,0.));
#16423=CARTESIAN_POINT('',(-45.7827836310454,31.598637085712,0.));
#16424=CARTESIAN_POINT('',(-13.2529224366811,31.598637085712,0.));
#16425=CARTESIAN_POINT('',(-45.7827836310454,17.598637085712,0.));
#16426=CARTESIAN_POINT('',(-45.7827836310454,6.75708926500133,0.));
#16427=CARTESIAN_POINT('',(-6.25292243668112,17.598637085712,0.));
#16428=CARTESIAN_POINT('',(-9.08150810382454,-21.3474495509976,0.));
#16429=CARTESIAN_POINT('',(-9.08150810382454,-21.0000003129244,0.));
#16430=CARTESIAN_POINT('',(-9.08150810382454,-23.4471269244684,0.));
#16431=CARTESIAN_POINT('',(-9.08224212606473,-21.383893194519,0.));
#16432=CARTESIAN_POINT('',(-9.08150810382454,-21.0000003129244,0.));
#16433=CARTESIAN_POINT('Origin',(-8.08224395402659,-21.3858052406486,0.));
#16434=CARTESIAN_POINT('',(34.8522433998524,-35.6715036618201,0.));
#16435=CARTESIAN_POINT('',(34.8522433998523,-21.6715036618201,0.));
#16436=CARTESIAN_POINT('',(34.8522433998523,-12.8779811087647,0.));
#16437=CARTESIAN_POINT('',(20.8522433998524,-21.6715036618202,0.));
#16438=CARTESIAN_POINT('',(20.0645910787677,-21.6715036618202,0.));
#16439=CARTESIAN_POINT('',(20.8522433998524,-35.6715036618201,0.));
#16440=CARTESIAN_POINT('',(20.8522433998524,-19.8779811087647,0.));
#16441=CARTESIAN_POINT('',(27.0645910787678,-35.6715036618201,0.));
#16442=CARTESIAN_POINT('',(25.2696031898029,-14.7448375605453,0.));
#16443=CARTESIAN_POINT('',(25.2696031898029,-0.744837560545357,0.));
#16444=CARTESIAN_POINT('',(25.2696031898029,-2.41464805812736,0.));
#16445=CARTESIAN_POINT('',(11.269603189803,-0.744837560545353,0.));
#16446=CARTESIAN_POINT('',(15.273270973743,-0.744837560545354,0.));
#16447=CARTESIAN_POINT('',(11.269603189803,-14.7448375605453,0.));
#16448=CARTESIAN_POINT('',(11.269603189803,-9.41464805812734,0.));
#16449=CARTESIAN_POINT('',(22.273270973743,-14.7448375605453,0.));
#16450=CARTESIAN_POINT('',(44.4892291513221,2.36286282212097,0.));
#16451=CARTESIAN_POINT('',(44.4892291513221,16.3628628221209,0.));
#16452=CARTESIAN_POINT('',(44.4892291513221,6.13920213320577,0.));
#16453=CARTESIAN_POINT('',(30.4892291513222,16.3628628221209,0.));
#16454=CARTESIAN_POINT('',(24.8830839545026,16.3628628221209,0.));
#16455=CARTESIAN_POINT('',(30.4892291513222,2.36286282212097,0.));
#16456=CARTESIAN_POINT('',(30.4892291513222,-0.860797866794201,0.));
#16457=CARTESIAN_POINT('',(31.8830839545026,2.36286282212097,0.));
#16458=CARTESIAN_POINT('',(6.34103312914777,21.5396577221372,0.));
#16459=CARTESIAN_POINT('',(6.34103312914776,35.5396577221371,0.));
#16460=CARTESIAN_POINT('',(6.34103312914777,15.7275995832139,0.));
#16461=CARTESIAN_POINT('',(-7.65896687085221,35.5396577221371,0.));
#16462=CARTESIAN_POINT('',(5.80898594341544,35.5396577221371,0.));
#16463=CARTESIAN_POINT('',(-7.6589668708522,21.5396577221372,0.));
#16464=CARTESIAN_POINT('',(-7.65896687085219,8.72759958321388,0.));
#16465=CARTESIAN_POINT('',(12.8089859434154,21.5396577221372,0.));
#16466=CARTESIAN_POINT('',(63.5001339020733,19.547677936599,0.));
#16467=CARTESIAN_POINT('',(63.5001339020733,33.5476779365989,0.));
#16468=CARTESIAN_POINT('',(63.5001339020733,14.7316096904448,0.));
#16469=CARTESIAN_POINT('',(49.5001339020734,33.5476779365989,0.));
#16470=CARTESIAN_POINT('',(34.3885363298782,33.5476779365989,0.));
#16471=CARTESIAN_POINT('',(49.5001339020734,19.547677936599,0.));
#16472=CARTESIAN_POINT('',(49.5001339020734,7.73160969044479,0.));
#16473=CARTESIAN_POINT('',(41.3885363298782,19.547677936599,0.));
#16474=CARTESIAN_POINT('',(6.30656302972565,-16.6380591411103,0.));
#16475=CARTESIAN_POINT('',(6.30656302972565,-2.63805914111027,0.));
#16476=CARTESIAN_POINT('',(6.30656302972565,-3.36125884840982,0.));
#16477=CARTESIAN_POINT('',(-7.69343697027435,-2.63805914111026,0.));
#16478=CARTESIAN_POINT('',(5.79175089370438,-2.63805914111027,0.));
#16479=CARTESIAN_POINT('',(-7.69343697027435,-16.6380591411103,0.));
#16480=CARTESIAN_POINT('',(-7.69343697027435,-10.3612588484098,0.));
#16481=CARTESIAN_POINT('',(12.7917508937044,-16.6380591411103,0.));
#16482=CARTESIAN_POINT('',(44.4575897676642,-16.6545695288388,0.));
#16483=CARTESIAN_POINT('',(44.4575897676642,-2.65456952883881,0.));
#16484=CARTESIAN_POINT('',(44.4575897676642,-3.36951404227409,0.));
#16485=CARTESIAN_POINT('',(30.4575897676643,-2.6545695288388,0.));
#16486=CARTESIAN_POINT('',(24.8672642626737,-2.6545695288388,0.));
#16487=CARTESIAN_POINT('',(30.4575897676643,-16.6545695288387,0.));
#16488=CARTESIAN_POINT('',(30.4575897676643,-10.3695140422741,0.));
#16489=CARTESIAN_POINT('',(31.8672642626737,-16.6545695288388,0.));
#16490=CARTESIAN_POINT('',(63.4045287137895,0.352855196368602,0.));
#16491=CARTESIAN_POINT('',(63.4045287137895,14.3528551963685,0.));
#16492=CARTESIAN_POINT('',(63.4045287137895,5.13419832032959,0.));
#16493=CARTESIAN_POINT('',(49.4045287137896,14.3528551963685,0.));
#16494=CARTESIAN_POINT('',(34.3407337357363,14.3528551963685,0.));
#16495=CARTESIAN_POINT('',(49.4045287137896,0.352855196368593,0.));
#16496=CARTESIAN_POINT('',(49.4045287137896,-1.86580167967038,0.));
#16497=CARTESIAN_POINT('',(41.3407337357363,0.352855196368588,0.));
#16498=CARTESIAN_POINT('',(25.3376946005179,4.23534351629632,0.));
#16499=CARTESIAN_POINT('',(25.3376946005179,18.2353435162962,0.));
#16500=CARTESIAN_POINT('',(25.3376946005179,7.07544248029344,0.));
#16501=CARTESIAN_POINT('',(11.3376946005179,18.2353435162963,0.));
#16502=CARTESIAN_POINT('',(15.3073166791005,18.2353435162963,0.));
#16503=CARTESIAN_POINT('',(11.3376946005179,4.23534351629632,0.));
#16504=CARTESIAN_POINT('',(11.3376946005179,0.0754424802934739,0.));
#16505=CARTESIAN_POINT('',(22.3073166791005,4.23534351629632,0.));
#16506=CARTESIAN_POINT('',(25.2858485999008,23.3312223886676,0.));
#16507=CARTESIAN_POINT('',(25.2858485999008,37.3312223886676,0.));
#16508=CARTESIAN_POINT('',(25.2858485999008,16.6233819164791,0.));
#16509=CARTESIAN_POINT('',(11.2858485999009,37.3312223886676,0.));
#16510=CARTESIAN_POINT('',(15.281393678792,37.3312223886676,0.));
#16511=CARTESIAN_POINT('',(11.2858485999009,23.3312223886676,0.));
#16512=CARTESIAN_POINT('',(11.2858485999009,9.62338191647913,0.));
#16513=CARTESIAN_POINT('',(22.281393678792,23.3312223886676,0.));
#16514=CARTESIAN_POINT('',(44.4568420166509,21.4106806835215,0.));
#16515=CARTESIAN_POINT('',(44.4568420166509,35.4106806835215,0.));
#16516=CARTESIAN_POINT('',(44.4568420166509,15.6631110639061,0.));
#16517=CARTESIAN_POINT('',(30.456842016651,35.4106806835215,0.));
#16518=CARTESIAN_POINT('',(24.8668903871671,35.4106806835215,0.));
#16519=CARTESIAN_POINT('',(30.456842016651,21.4106806835215,0.));
#16520=CARTESIAN_POINT('',(30.456842016651,8.66311106390609,0.));
#16521=CARTESIAN_POINT('',(31.866890387167,21.4106806835215,0.));
#16522=CARTESIAN_POINT('',(6.34685477407021,2.46772804811836,0.));
#16523=CARTESIAN_POINT('',(6.3468547740702,16.4677280481183,0.));
#16524=CARTESIAN_POINT('',(6.34685477407021,6.19163474620445,0.));
#16525=CARTESIAN_POINT('',(-7.65314522592973,16.4677280481183,0.));
#16526=CARTESIAN_POINT('',(5.81189676587669,16.4677280481183,0.));
#16527=CARTESIAN_POINT('',(-7.65314522592972,2.46772804811834,0.));
#16528=CARTESIAN_POINT('',(-7.65314522592971,-0.808365253795531,0.));
#16529=CARTESIAN_POINT('',(12.8118967658767,2.46772804811837,0.));
#16530=CARTESIAN_POINT('',(63.4766256873312,-18.5667427885894,0.));
#16531=CARTESIAN_POINT('',(63.4766256873312,-4.5667427885894,0.));
#16532=CARTESIAN_POINT('',(63.4766256873312,-4.32560067214937,0.));
#16533=CARTESIAN_POINT('',(49.4766256873312,-4.56674278858941,0.));
#16534=CARTESIAN_POINT('',(34.3767822225072,-4.56674278858941,0.));
#16535=CARTESIAN_POINT('',(49.4766256873312,-18.5667427885894,0.));
#16536=CARTESIAN_POINT('',(49.4766256873312,-11.3256006721494,0.));
#16537=CARTESIAN_POINT('',(41.3767822225072,-18.5667427885894,0.));
#16538=CARTESIAN_POINT('Origin',(80.2693918961754,-12.5536269244684,0.));
#16539=CARTESIAN_POINT('',(77.5193918961754,-12.5536269244684,1.));
#16540=CARTESIAN_POINT('',(77.5193918961754,-12.5536269244684,0.));
#16541=CARTESIAN_POINT('Origin',(80.2693918961754,-12.5536269244684,1.));
#16542=CARTESIAN_POINT('Origin',(80.2693918961754,-12.5536269244684,1.));
#16543=CARTESIAN_POINT('Origin',(-43.5556081038245,39.8338730755316,0.));
#16544=CARTESIAN_POINT('',(-46.3056081038245,39.8338730755316,1.));
#16545=CARTESIAN_POINT('',(-46.3056081038245,39.8338730755316,0.));
#16546=CARTESIAN_POINT('Origin',(-43.5556081038245,39.8338730755316,1.));
#16547=CARTESIAN_POINT('Origin',(-43.5556081038245,39.8338730755316,1.));
#16548=CARTESIAN_POINT('Origin',(73.0000010877848,-58.0000008642673,0.));
#16549=CARTESIAN_POINT('',(71.4000010877848,-58.0000008642673,3.));
#16550=CARTESIAN_POINT('Origin',(73.0000010877848,-58.0000008642673,3.));
#16551=CARTESIAN_POINT('',(71.4000010877848,-58.0000008642673,0.));
#16552=CARTESIAN_POINT('Origin',(90.5000013485551,48.5000007227063,0.));
#16553=CARTESIAN_POINT('',(88.9000013485551,48.5000007227063,3.));
#16554=CARTESIAN_POINT('Origin',(90.5000013485551,48.5000007227063,3.));
#16555=CARTESIAN_POINT('',(88.9000013485551,48.5000007227063,0.));
#16556=CARTESIAN_POINT('Origin',(-52.0000007748604,-27.0000004023314,0.));
#16557=CARTESIAN_POINT('',(-53.6000007748604,-27.0000004023314,3.));
#16558=CARTESIAN_POINT('Origin',(-52.0000007748604,-27.0000004023314,3.));
#16559=CARTESIAN_POINT('',(-53.6000007748604,-27.0000004023314,0.));
#16560=CARTESIAN_POINT('Origin',(-52.2397812284225,48.3326037639492,0.));
#16561=CARTESIAN_POINT('',(-53.8397812284225,48.3326037639492,3.));
#16562=CARTESIAN_POINT('Origin',(-52.2397812284225,48.3326037639492,3.));
#16563=CARTESIAN_POINT('',(-53.8397812284225,48.3326037639492,0.));
#16564=CARTESIAN_POINT('Origin',(-49.0643081038245,-31.4471269244683,0.));
#16565=CARTESIAN_POINT('',(-10.0815081038245,-31.4471269244683,3.));
#16566=CARTESIAN_POINT('',(-10.0815081038245,-31.4471269244683,0.));
#16567=CARTESIAN_POINT('',(-49.0643081038245,-31.4471269244683,3.));
#16568=CARTESIAN_POINT('',(-49.0643081038245,-31.4471269244683,3.));
#16569=CARTESIAN_POINT('',(-49.0643081038245,-31.4471269244683,0.));
#16570=CARTESIAN_POINT('Origin',(-49.0643081038245,-23.4471269244684,0.));
#16571=CARTESIAN_POINT('',(-57.0643081038245,-23.4471269244684,3.));
#16572=CARTESIAN_POINT('Origin',(-49.0643081038245,-23.4471269244684,3.));
#16573=CARTESIAN_POINT('',(-57.0643081038245,-23.4471269244684,0.));
#16574=CARTESIAN_POINT('Origin',(-57.0643081038245,45.0524927980507,0.));
#16575=CARTESIAN_POINT('',(-57.0643081038245,45.0524927980506,3.));
#16576=CARTESIAN_POINT('',(-57.0643081038245,45.0524927980507,3.));
#16577=CARTESIAN_POINT('',(-57.0643081038245,45.0524927980507,0.));
#16578=CARTESIAN_POINT('Origin',(-49.0643081038245,45.0524927980507,0.));
#16579=CARTESIAN_POINT('Origin',(-49.0643081038245,45.0524927980507,3.));
#16580=CARTESIAN_POINT('Origin',(87.6181856191908,45.0003818681107,0.));
#16581=CARTESIAN_POINT('',(95.6181856191908,45.0003818681107,3.));
#16582=CARTESIAN_POINT('Origin',(87.6181856191908,45.0003818681107,3.));
#16583=CARTESIAN_POINT('',(95.6181856191908,45.0003818681106,0.));
#16584=CARTESIAN_POINT('Origin',(95.6181856191908,-27.8180996476936,0.));
#16585=CARTESIAN_POINT('',(95.6181856191908,-27.8180996476936,3.));
#16586=CARTESIAN_POINT('',(95.6181856191908,-27.8180996476936,3.));
#16587=CARTESIAN_POINT('',(95.6181856191908,-27.8180996476936,0.));
#16588=CARTESIAN_POINT('Origin',(87.6181856191909,-27.8180996476939,0.));
#16589=CARTESIAN_POINT('',(94.5082241661331,-31.8834863232328,3.));
#16590=CARTESIAN_POINT('Origin',(87.6181856191909,-27.8180996476939,3.));
#16591=CARTESIAN_POINT('',(94.5082241661331,-31.8834863232328,0.));
#16592=CARTESIAN_POINT('Origin',(79.813370978555,-56.7884001690107,0.));
#16593=CARTESIAN_POINT('',(79.813370978555,-56.7884001690107,3.));
#16594=CARTESIAN_POINT('',(79.813370978555,-56.7884001690107,3.));
#16595=CARTESIAN_POINT('',(79.813370978555,-56.7884001690107,0.));
#16596=CARTESIAN_POINT('Origin',(79.5781723939061,-57.1988535241343,0.));
#16597=CARTESIAN_POINT('',(79.5781723939061,-57.1988535241343,3.));
#16598=CARTESIAN_POINT('',(79.5781723939061,-57.1988535241343,3.));
#16599=CARTESIAN_POINT('',(79.5781723939061,-57.1988535241343,0.));
#16600=CARTESIAN_POINT('Origin',(72.6369950951936,-53.2214099094694,0.));
#16601=CARTESIAN_POINT('',(68.6595514805295,-60.1625872081824,3.));
#16602=CARTESIAN_POINT('Origin',(72.6369950951936,-53.2214099094694,3.));
#16603=CARTESIAN_POINT('',(68.6595514805295,-60.1625872081824,0.));
#16604=CARTESIAN_POINT('Origin',(52.9256116526725,-51.1467018895022,0.));
#16605=CARTESIAN_POINT('',(52.9256116526725,-51.1467018895022,3.));
#16606=CARTESIAN_POINT('',(52.9256116526725,-51.1467018895022,3.));
#16607=CARTESIAN_POINT('',(52.9256116526725,-51.1467018895022,0.));
#16608=CARTESIAN_POINT('Origin',(36.4617400901201,-46.7379269244684,0.));
#16609=CARTESIAN_POINT('',(36.4617400901201,-46.7379269244684,3.));
#16610=CARTESIAN_POINT('',(36.4617400901201,-46.7379269244684,3.));
#16611=CARTESIAN_POINT('',(36.4617400901201,-46.7379269244684,0.));
#16612=CARTESIAN_POINT('Origin',(17.4804102754297,-46.7379269244684,0.));
#16613=CARTESIAN_POINT('',(17.4804102754297,-46.7379269244684,3.));
#16614=CARTESIAN_POINT('',(17.4804102754297,-46.7379269244684,3.));
#16615=CARTESIAN_POINT('',(17.4804102754297,-46.7379269244684,0.));
#16616=CARTESIAN_POINT('Origin',(17.4804102754298,-38.7379269244683,0.));
#16617=CARTESIAN_POINT('',(9.48041046517952,-38.7396693354166,3.));
#16618=CARTESIAN_POINT('Origin',(17.4804102754298,-38.7379269244683,3.));
#16619=CARTESIAN_POINT('',(9.48041046517952,-38.7396693354166,0.));
#16620=CARTESIAN_POINT('Origin',(9.47796429711442,-27.5084818386604,0.));
#16621=CARTESIAN_POINT('',(9.47796429711442,-27.5084818386604,3.));
#16622=CARTESIAN_POINT('',(9.47796429711442,-27.5084818386604,3.));
#16623=CARTESIAN_POINT('',(9.47796429711442,-27.5084818386604,0.));
#16624=CARTESIAN_POINT('Origin',(-3.13794537443309,-27.4204047429711,0.));
#16625=CARTESIAN_POINT('',(-3.13794537443309,-27.4204047429711,3.));
#16626=CARTESIAN_POINT('',(-3.13794537443309,-27.4204047429711,3.));
#16627=CARTESIAN_POINT('',(-3.13794537443309,-27.4204047429711,0.));
#16628=CARTESIAN_POINT('Origin',(-10.0815081038245,-23.4471269244683,0.));
#16629=CARTESIAN_POINT('Origin',(-10.0815081038245,-23.4471269244683,3.));
#16630=CARTESIAN_POINT('Origin',(88.4000013113022,44.1000006407499,3.));
#16631=CARTESIAN_POINT('',(88.4000013113022,44.1000006407499,3.));
#16632=CARTESIAN_POINT('',(88.4000013113022,-6.00000008940697,3.));
#16633=CARTESIAN_POINT('',(88.4000013113022,20.0077710425203,3.));
#16634=CARTESIAN_POINT('',(88.4000013113022,44.1000006407499,3.));
#16635=CARTESIAN_POINT('',(88.4000013113022,-6.00000008940697,3.));
#16636=CARTESIAN_POINT('Origin',(69.0000010281801,44.1000006407499,3.));
#16637=CARTESIAN_POINT('',(69.0000010281801,44.1000006407499,3.));
#16638=CARTESIAN_POINT('',(44.1384698929316,44.1000006407499,3.));
#16639=CARTESIAN_POINT('',(69.0000010281801,44.1000006407499,3.));
#16640=CARTESIAN_POINT('Origin',(69.0000010281801,-6.00000008940697,3.));
#16641=CARTESIAN_POINT('',(69.0000010281801,-6.00000008940697,3.));
#16642=CARTESIAN_POINT('',(69.0000010281801,-5.04222932255817,3.));
#16643=CARTESIAN_POINT('',(69.0000010281801,-6.00000008940697,3.));
#16644=CARTESIAN_POINT('Origin',(88.4000013113022,-6.00000008940697,3.));
#16645=CARTESIAN_POINT('',(53.8384700344926,-6.00000008940697,3.));
#16646=CARTESIAN_POINT('Origin',(80.8286874208746,-32.9715830509999,3.));
#16647=CARTESIAN_POINT('',(80.8286874208746,-32.9715830509999,3.));
#16648=CARTESIAN_POINT('',(73.8286874208747,-45.095938703982,3.));
#16649=CARTESIAN_POINT('',(79.388964751777,-35.4652558626856,3.));
#16650=CARTESIAN_POINT('',(80.8286874208746,-32.9715830509999,3.));
#16651=CARTESIAN_POINT('',(73.8286874208747,-45.095938703982,3.));
#16652=CARTESIAN_POINT('Origin',(68.7043317678925,-25.9715830509999,3.));
#16653=CARTESIAN_POINT('',(68.7043317678925,-25.9715830509999,3.));
#16654=CARTESIAN_POINT('',(45.4303579318854,-12.5343479916689,3.));
#16655=CARTESIAN_POINT('',(68.7043317678925,-25.9715830509999,3.));
#16656=CARTESIAN_POINT('Origin',(61.7043317678925,-38.095938703982,3.));
#16657=CARTESIAN_POINT('',(61.7043317678925,-38.095938703982,3.));
#16658=CARTESIAN_POINT('',(63.7646090987949,-34.5274336891767,3.));
#16659=CARTESIAN_POINT('',(61.7043317678925,-38.095938703982,3.));
#16660=CARTESIAN_POINT('Origin',(73.8286874208747,-45.095938703982,3.));
#16661=CARTESIAN_POINT('',(44.4925357583765,-28.158703644651,3.));
#16662=CARTESIAN_POINT('Origin',(57.8245417452693,-26.5560872045919,3.));
#16663=CARTESIAN_POINT('',(57.8245417452693,-26.5560872045919,3.));
#16664=CARTESIAN_POINT('',(54.2010751138341,-40.0790487726388,3.));
#16665=CARTESIAN_POINT('',(59.3423954400447,-20.8913800972339,3.));
#16666=CARTESIAN_POINT('',(57.8245417452693,-26.5560872045919,3.));
#16667=CARTESIAN_POINT('',(54.2010751138341,-40.0790487726388,3.));
#16668=CARTESIAN_POINT('Origin',(44.3015801772224,-22.9326205731566,3.));
#16669=CARTESIAN_POINT('',(44.3015801772224,-22.9326205731566,3.));
#16670=CARTESIAN_POINT('',(30.2714057726774,-19.173246671791,3.));
#16671=CARTESIAN_POINT('',(44.3015801772224,-22.9326205731566,3.));
#16672=CARTESIAN_POINT('Origin',(40.6781135457872,-36.4555821412035,3.));
#16673=CARTESIAN_POINT('',(40.6781135457872,-36.4555821412035,3.));
#16674=CARTESIAN_POINT('',(44.0077005562802,-24.0293942498221,3.));
#16675=CARTESIAN_POINT('',(40.6781135457872,-36.4555821412035,3.));
#16676=CARTESIAN_POINT('Origin',(54.2010751138341,-40.0790487726388,3.));
#16677=CARTESIAN_POINT('',(33.4094199252656,-34.5079415555555,3.));
#16678=CARTESIAN_POINT('Origin',(63.4766256873312,-4.5667427885894,3.));
#16679=CARTESIAN_POINT('',(63.4766256873312,-4.5667427885894,3.));
#16680=CARTESIAN_POINT('',(63.4766256873312,-18.5667427885894,3.));
#16681=CARTESIAN_POINT('',(63.4766256873312,-4.32560067214937,3.));
#16682=CARTESIAN_POINT('',(63.4766256873312,-4.5667427885894,3.));
#16683=CARTESIAN_POINT('',(63.4766256873312,-18.5667427885894,3.));
#16684=CARTESIAN_POINT('Origin',(49.4766256873312,-4.56674278858941,3.));
#16685=CARTESIAN_POINT('',(49.4766256873312,-4.56674278858941,3.));
#16686=CARTESIAN_POINT('',(34.3767822225072,-4.56674278858941,3.));
#16687=CARTESIAN_POINT('',(49.4766256873312,-4.56674278858941,3.));
#16688=CARTESIAN_POINT('Origin',(49.4766256873312,-18.5667427885894,3.));
#16689=CARTESIAN_POINT('',(49.4766256873312,-18.5667427885894,3.));
#16690=CARTESIAN_POINT('',(49.4766256873312,-11.3256006721494,3.));
#16691=CARTESIAN_POINT('',(49.4766256873312,-18.5667427885894,3.));
#16692=CARTESIAN_POINT('Origin',(63.4766256873312,-18.5667427885894,3.));
#16693=CARTESIAN_POINT('',(41.3767822225072,-18.5667427885894,3.));
#16694=CARTESIAN_POINT('Origin',(6.3468547740702,16.4677280481183,3.));
#16695=CARTESIAN_POINT('',(6.3468547740702,16.4677280481183,3.));
#16696=CARTESIAN_POINT('',(6.34685477407021,2.46772804811836,3.));
#16697=CARTESIAN_POINT('',(6.34685477407021,6.19163474620445,3.));
#16698=CARTESIAN_POINT('',(6.3468547740702,16.4677280481183,3.));
#16699=CARTESIAN_POINT('',(6.34685477407021,2.46772804811836,3.));
#16700=CARTESIAN_POINT('Origin',(-7.65314522592973,16.4677280481183,3.));
#16701=CARTESIAN_POINT('',(-7.65314522592973,16.4677280481183,3.));
#16702=CARTESIAN_POINT('',(5.81189676587669,16.4677280481183,3.));
#16703=CARTESIAN_POINT('',(-7.65314522592973,16.4677280481183,3.));
#16704=CARTESIAN_POINT('Origin',(-7.65314522592972,2.46772804811834,3.));
#16705=CARTESIAN_POINT('',(-7.65314522592972,2.46772804811834,3.));
#16706=CARTESIAN_POINT('',(-7.65314522592971,-0.808365253795531,3.));
#16707=CARTESIAN_POINT('',(-7.65314522592972,2.46772804811834,3.));
#16708=CARTESIAN_POINT('Origin',(6.34685477407021,2.46772804811836,3.));
#16709=CARTESIAN_POINT('',(12.8118967658767,2.46772804811837,3.));
#16710=CARTESIAN_POINT('Origin',(44.4568420166509,35.4106806835215,3.));
#16711=CARTESIAN_POINT('',(44.4568420166509,35.4106806835215,3.));
#16712=CARTESIAN_POINT('',(44.4568420166509,21.4106806835215,3.));
#16713=CARTESIAN_POINT('',(44.4568420166509,15.6631110639061,3.));
#16714=CARTESIAN_POINT('',(44.4568420166509,35.4106806835215,3.));
#16715=CARTESIAN_POINT('',(44.4568420166509,21.4106806835215,3.));
#16716=CARTESIAN_POINT('Origin',(30.456842016651,35.4106806835215,3.));
#16717=CARTESIAN_POINT('',(30.456842016651,35.4106806835215,3.));
#16718=CARTESIAN_POINT('',(24.8668903871671,35.4106806835215,3.));
#16719=CARTESIAN_POINT('',(30.456842016651,35.4106806835215,3.));
#16720=CARTESIAN_POINT('Origin',(30.456842016651,21.4106806835215,3.));
#16721=CARTESIAN_POINT('',(30.456842016651,21.4106806835215,3.));
#16722=CARTESIAN_POINT('',(30.456842016651,8.66311106390609,3.));
#16723=CARTESIAN_POINT('',(30.456842016651,21.4106806835215,3.));
#16724=CARTESIAN_POINT('Origin',(44.4568420166509,21.4106806835215,3.));
#16725=CARTESIAN_POINT('',(31.866890387167,21.4106806835215,3.));
#16726=CARTESIAN_POINT('Origin',(25.2858485999008,37.3312223886676,3.));
#16727=CARTESIAN_POINT('',(25.2858485999008,37.3312223886676,3.));
#16728=CARTESIAN_POINT('',(25.2858485999008,23.3312223886676,3.));
#16729=CARTESIAN_POINT('',(25.2858485999008,16.6233819164791,3.));
#16730=CARTESIAN_POINT('',(25.2858485999008,37.3312223886676,3.));
#16731=CARTESIAN_POINT('',(25.2858485999008,23.3312223886676,3.));
#16732=CARTESIAN_POINT('Origin',(11.2858485999009,37.3312223886676,3.));
#16733=CARTESIAN_POINT('',(11.2858485999009,37.3312223886676,3.));
#16734=CARTESIAN_POINT('',(15.281393678792,37.3312223886676,3.));
#16735=CARTESIAN_POINT('',(11.2858485999009,37.3312223886676,3.));
#16736=CARTESIAN_POINT('Origin',(11.2858485999009,23.3312223886676,3.));
#16737=CARTESIAN_POINT('',(11.2858485999009,23.3312223886676,3.));
#16738=CARTESIAN_POINT('',(11.2858485999009,9.62338191647913,3.));
#16739=CARTESIAN_POINT('',(11.2858485999009,23.3312223886676,3.));
#16740=CARTESIAN_POINT('Origin',(25.2858485999008,23.3312223886676,3.));
#16741=CARTESIAN_POINT('',(22.281393678792,23.3312223886676,3.));
#16742=CARTESIAN_POINT('Origin',(25.3376946005179,18.2353435162962,3.));
#16743=CARTESIAN_POINT('',(25.3376946005179,18.2353435162962,3.));
#16744=CARTESIAN_POINT('',(25.3376946005179,4.23534351629632,3.));
#16745=CARTESIAN_POINT('',(25.3376946005179,7.07544248029344,3.));
#16746=CARTESIAN_POINT('',(25.3376946005179,18.2353435162962,3.));
#16747=CARTESIAN_POINT('',(25.3376946005179,4.23534351629632,3.));
#16748=CARTESIAN_POINT('Origin',(11.3376946005179,18.2353435162963,3.));
#16749=CARTESIAN_POINT('',(11.3376946005179,18.2353435162963,3.));
#16750=CARTESIAN_POINT('',(15.3073166791005,18.2353435162963,3.));
#16751=CARTESIAN_POINT('',(11.3376946005179,18.2353435162963,3.));
#16752=CARTESIAN_POINT('Origin',(11.3376946005179,4.23534351629632,3.));
#16753=CARTESIAN_POINT('',(11.3376946005179,4.23534351629632,3.));
#16754=CARTESIAN_POINT('',(11.3376946005179,0.0754424802934739,3.));
#16755=CARTESIAN_POINT('',(11.3376946005179,4.23534351629632,3.));
#16756=CARTESIAN_POINT('Origin',(25.3376946005179,4.23534351629632,3.));
#16757=CARTESIAN_POINT('',(22.3073166791005,4.23534351629632,3.));
#16758=CARTESIAN_POINT('Origin',(63.4045287137895,14.3528551963685,3.));
#16759=CARTESIAN_POINT('',(63.4045287137895,14.3528551963685,3.));
#16760=CARTESIAN_POINT('',(63.4045287137895,0.352855196368602,3.));
#16761=CARTESIAN_POINT('',(63.4045287137895,5.13419832032959,3.));
#16762=CARTESIAN_POINT('',(63.4045287137895,14.3528551963685,3.));
#16763=CARTESIAN_POINT('',(63.4045287137895,0.352855196368602,3.));
#16764=CARTESIAN_POINT('Origin',(49.4045287137896,14.3528551963685,3.));
#16765=CARTESIAN_POINT('',(49.4045287137896,14.3528551963685,3.));
#16766=CARTESIAN_POINT('',(34.3407337357363,14.3528551963685,3.));
#16767=CARTESIAN_POINT('',(49.4045287137896,14.3528551963685,3.));
#16768=CARTESIAN_POINT('Origin',(49.4045287137896,0.352855196368593,3.));
#16769=CARTESIAN_POINT('',(49.4045287137896,0.352855196368593,3.));
#16770=CARTESIAN_POINT('',(49.4045287137896,-1.86580167967038,3.));
#16771=CARTESIAN_POINT('',(49.4045287137896,0.352855196368593,3.));
#16772=CARTESIAN_POINT('Origin',(63.4045287137895,0.352855196368602,3.));
#16773=CARTESIAN_POINT('',(41.3407337357363,0.352855196368588,3.));
#16774=CARTESIAN_POINT('Origin',(44.4575897676642,-2.65456952883881,3.));
#16775=CARTESIAN_POINT('',(44.4575897676642,-2.65456952883881,3.));
#16776=CARTESIAN_POINT('',(44.4575897676642,-16.6545695288388,3.));
#16777=CARTESIAN_POINT('',(44.4575897676642,-3.36951404227409,3.));
#16778=CARTESIAN_POINT('',(44.4575897676642,-2.65456952883881,3.));
#16779=CARTESIAN_POINT('',(44.4575897676642,-16.6545695288388,3.));
#16780=CARTESIAN_POINT('Origin',(30.4575897676643,-2.6545695288388,3.));
#16781=CARTESIAN_POINT('',(30.4575897676643,-2.6545695288388,3.));
#16782=CARTESIAN_POINT('',(24.8672642626737,-2.6545695288388,3.));
#16783=CARTESIAN_POINT('',(30.4575897676643,-2.6545695288388,3.));
#16784=CARTESIAN_POINT('Origin',(30.4575897676643,-16.6545695288387,3.));
#16785=CARTESIAN_POINT('',(30.4575897676643,-16.6545695288387,3.));
#16786=CARTESIAN_POINT('',(30.4575897676643,-10.3695140422741,3.));
#16787=CARTESIAN_POINT('',(30.4575897676643,-16.6545695288387,3.));
#16788=CARTESIAN_POINT('Origin',(44.4575897676642,-16.6545695288388,3.));
#16789=CARTESIAN_POINT('',(31.8672642626737,-16.6545695288388,3.));
#16790=CARTESIAN_POINT('Origin',(6.30656302972565,-2.63805914111027,3.));
#16791=CARTESIAN_POINT('',(6.30656302972565,-2.63805914111027,3.));
#16792=CARTESIAN_POINT('',(6.30656302972565,-16.6380591411103,3.));
#16793=CARTESIAN_POINT('',(6.30656302972565,-3.36125884840982,3.));
#16794=CARTESIAN_POINT('',(6.30656302972565,-2.63805914111027,3.));
#16795=CARTESIAN_POINT('',(6.30656302972565,-16.6380591411103,3.));
#16796=CARTESIAN_POINT('Origin',(-7.69343697027435,-2.63805914111026,3.));
#16797=CARTESIAN_POINT('',(-7.69343697027435,-2.63805914111026,3.));
#16798=CARTESIAN_POINT('',(5.79175089370438,-2.63805914111027,3.));
#16799=CARTESIAN_POINT('',(-7.69343697027435,-2.63805914111026,3.));
#16800=CARTESIAN_POINT('Origin',(-7.69343697027435,-16.6380591411103,3.));
#16801=CARTESIAN_POINT('',(-7.69343697027435,-16.6380591411103,3.));
#16802=CARTESIAN_POINT('',(-7.69343697027435,-10.3612588484098,3.));
#16803=CARTESIAN_POINT('',(-7.69343697027435,-16.6380591411103,3.));
#16804=CARTESIAN_POINT('Origin',(6.30656302972565,-16.6380591411103,3.));
#16805=CARTESIAN_POINT('',(12.7917508937044,-16.6380591411103,3.));
#16806=CARTESIAN_POINT('Origin',(63.5001339020733,33.5476779365989,3.));
#16807=CARTESIAN_POINT('',(63.5001339020733,33.5476779365989,3.));
#16808=CARTESIAN_POINT('',(63.5001339020733,19.547677936599,3.));
#16809=CARTESIAN_POINT('',(63.5001339020733,14.7316096904448,3.));
#16810=CARTESIAN_POINT('',(63.5001339020733,33.5476779365989,3.));
#16811=CARTESIAN_POINT('',(63.5001339020733,19.547677936599,3.));
#16812=CARTESIAN_POINT('Origin',(49.5001339020734,33.5476779365989,3.));
#16813=CARTESIAN_POINT('',(49.5001339020734,33.5476779365989,3.));
#16814=CARTESIAN_POINT('',(34.3885363298782,33.5476779365989,3.));
#16815=CARTESIAN_POINT('',(49.5001339020734,33.5476779365989,3.));
#16816=CARTESIAN_POINT('Origin',(49.5001339020734,19.547677936599,3.));
#16817=CARTESIAN_POINT('',(49.5001339020734,19.547677936599,3.));
#16818=CARTESIAN_POINT('',(49.5001339020734,7.73160969044479,3.));
#16819=CARTESIAN_POINT('',(49.5001339020734,19.547677936599,3.));
#16820=CARTESIAN_POINT('Origin',(63.5001339020733,19.547677936599,3.));
#16821=CARTESIAN_POINT('',(41.3885363298782,19.547677936599,3.));
#16822=CARTESIAN_POINT('Origin',(6.34103312914776,35.5396577221371,3.));
#16823=CARTESIAN_POINT('',(6.34103312914776,35.5396577221371,3.));
#16824=CARTESIAN_POINT('',(6.34103312914777,21.5396577221372,3.));
#16825=CARTESIAN_POINT('',(6.34103312914777,15.7275995832139,3.));
#16826=CARTESIAN_POINT('',(6.34103312914776,35.5396577221371,3.));
#16827=CARTESIAN_POINT('',(6.34103312914777,21.5396577221372,3.));
#16828=CARTESIAN_POINT('Origin',(-7.65896687085221,35.5396577221371,3.));
#16829=CARTESIAN_POINT('',(-7.65896687085221,35.5396577221371,3.));
#16830=CARTESIAN_POINT('',(5.80898594341544,35.5396577221371,3.));
#16831=CARTESIAN_POINT('',(-7.65896687085221,35.5396577221371,3.));
#16832=CARTESIAN_POINT('Origin',(-7.6589668708522,21.5396577221372,3.));
#16833=CARTESIAN_POINT('',(-7.6589668708522,21.5396577221372,3.));
#16834=CARTESIAN_POINT('',(-7.65896687085219,8.72759958321388,3.));
#16835=CARTESIAN_POINT('',(-7.6589668708522,21.5396577221372,3.));
#16836=CARTESIAN_POINT('Origin',(6.34103312914777,21.5396577221372,3.));
#16837=CARTESIAN_POINT('',(12.8089859434154,21.5396577221372,3.));
#16838=CARTESIAN_POINT('Origin',(44.4892291513221,16.3628628221209,3.));
#16839=CARTESIAN_POINT('',(44.4892291513221,16.3628628221209,3.));
#16840=CARTESIAN_POINT('',(44.4892291513221,2.36286282212097,3.));
#16841=CARTESIAN_POINT('',(44.4892291513221,6.13920213320577,3.));
#16842=CARTESIAN_POINT('',(44.4892291513221,16.3628628221209,3.));
#16843=CARTESIAN_POINT('',(44.4892291513221,2.36286282212097,3.));
#16844=CARTESIAN_POINT('Origin',(30.4892291513222,16.3628628221209,3.));
#16845=CARTESIAN_POINT('',(30.4892291513222,16.3628628221209,3.));
#16846=CARTESIAN_POINT('',(24.8830839545026,16.3628628221209,3.));
#16847=CARTESIAN_POINT('',(30.4892291513222,16.3628628221209,3.));
#16848=CARTESIAN_POINT('Origin',(30.4892291513222,2.36286282212097,3.));
#16849=CARTESIAN_POINT('',(30.4892291513222,2.36286282212097,3.));
#16850=CARTESIAN_POINT('',(30.4892291513222,-0.860797866794201,3.));
#16851=CARTESIAN_POINT('',(30.4892291513222,2.36286282212097,3.));
#16852=CARTESIAN_POINT('Origin',(44.4892291513221,2.36286282212097,3.));
#16853=CARTESIAN_POINT('',(31.8830839545026,2.36286282212097,3.));
#16854=CARTESIAN_POINT('Origin',(25.2696031898029,-0.744837560545357,3.));
#16855=CARTESIAN_POINT('',(25.2696031898029,-0.744837560545357,3.));
#16856=CARTESIAN_POINT('',(25.2696031898029,-14.7448375605453,3.));
#16857=CARTESIAN_POINT('',(25.2696031898029,-2.41464805812736,3.));
#16858=CARTESIAN_POINT('',(25.2696031898029,-0.744837560545357,3.));
#16859=CARTESIAN_POINT('',(25.2696031898029,-14.7448375605453,3.));
#16860=CARTESIAN_POINT('Origin',(11.269603189803,-0.744837560545353,3.));
#16861=CARTESIAN_POINT('',(11.269603189803,-0.744837560545353,3.));
#16862=CARTESIAN_POINT('',(15.273270973743,-0.744837560545354,3.));
#16863=CARTESIAN_POINT('',(11.269603189803,-0.744837560545353,3.));
#16864=CARTESIAN_POINT('Origin',(11.269603189803,-14.7448375605453,3.));
#16865=CARTESIAN_POINT('',(11.269603189803,-14.7448375605453,3.));
#16866=CARTESIAN_POINT('',(11.269603189803,-9.41464805812734,3.));
#16867=CARTESIAN_POINT('',(11.269603189803,-14.7448375605453,3.));
#16868=CARTESIAN_POINT('Origin',(25.2696031898029,-14.7448375605453,3.));
#16869=CARTESIAN_POINT('',(22.273270973743,-14.7448375605453,3.));
#16870=CARTESIAN_POINT('Origin',(34.8522433998523,-21.6715036618201,3.));
#16871=CARTESIAN_POINT('',(34.8522433998523,-21.6715036618201,3.));
#16872=CARTESIAN_POINT('',(34.8522433998524,-35.6715036618201,3.));
#16873=CARTESIAN_POINT('',(34.8522433998523,-12.8779811087647,3.));
#16874=CARTESIAN_POINT('',(34.8522433998523,-21.6715036618201,3.));
#16875=CARTESIAN_POINT('',(34.8522433998524,-35.6715036618201,3.));
#16876=CARTESIAN_POINT('Origin',(20.8522433998524,-21.6715036618202,3.));
#16877=CARTESIAN_POINT('',(20.8522433998524,-21.6715036618202,3.));
#16878=CARTESIAN_POINT('',(20.0645910787677,-21.6715036618202,3.));
#16879=CARTESIAN_POINT('',(20.8522433998524,-21.6715036618202,3.));
#16880=CARTESIAN_POINT('Origin',(20.8522433998524,-35.6715036618201,3.));
#16881=CARTESIAN_POINT('',(20.8522433998524,-35.6715036618201,3.));
#16882=CARTESIAN_POINT('',(20.8522433998524,-19.8779811087647,3.));
#16883=CARTESIAN_POINT('',(20.8522433998524,-35.6715036618201,3.));
#16884=CARTESIAN_POINT('Origin',(34.8522433998524,-35.6715036618201,3.));
#16885=CARTESIAN_POINT('',(27.0645910787678,-35.6715036618201,3.));
#16886=CARTESIAN_POINT('Origin',(-12.7235541816407,12.6012772108458,3.));
#16887=CARTESIAN_POINT('',(-12.7235541816407,12.6012772108458,3.));
#16888=CARTESIAN_POINT('',(-12.7235541816407,-1.39872278915417,3.));
#16889=CARTESIAN_POINT('',(-12.7235541816407,4.25840932756822,3.));
#16890=CARTESIAN_POINT('',(-12.7235541816407,12.6012772108458,3.));
#16891=CARTESIAN_POINT('',(-12.7235541816407,-1.39872278915417,3.));
#16892=CARTESIAN_POINT('Origin',(-26.7235541816407,12.6012772108458,3.));
#16893=CARTESIAN_POINT('',(-26.7235541816407,12.6012772108458,3.));
#16894=CARTESIAN_POINT('',(-3.72330771197877,12.6012772108458,3.));
#16895=CARTESIAN_POINT('',(-26.7235541816407,12.6012772108458,3.));
#16896=CARTESIAN_POINT('Origin',(-26.7235541816407,-1.39872278915417,3.));
#16897=CARTESIAN_POINT('',(-26.7235541816407,-1.39872278915417,3.));
#16898=CARTESIAN_POINT('',(-26.7235541816407,-2.74159067243176,3.));
#16899=CARTESIAN_POINT('',(-26.7235541816407,-1.39872278915417,3.));
#16900=CARTESIAN_POINT('Origin',(-12.7235541816407,-1.39872278915417,3.));
#16901=CARTESIAN_POINT('',(3.27669228802121,-1.39872278915418,3.));
#16902=CARTESIAN_POINT('Origin',(-31.8372073488299,-6.31583038876914,3.));
#16903=CARTESIAN_POINT('',(-31.8372073488299,-6.31583038876914,3.));
#16904=CARTESIAN_POINT('',(-31.8372073488299,-20.3158303887691,3.));
#16905=CARTESIAN_POINT('',(-31.8372073488299,-5.20014447223925,3.));
#16906=CARTESIAN_POINT('',(-31.8372073488299,-6.31583038876914,3.));
#16907=CARTESIAN_POINT('',(-31.8372073488299,-20.3158303887691,3.));
#16908=CARTESIAN_POINT('Origin',(-45.8372073488298,-6.31583038876913,3.));
#16909=CARTESIAN_POINT('',(-45.8372073488298,-6.31583038876913,3.));
#16910=CARTESIAN_POINT('',(-13.2801342955733,-6.31583038876915,3.));
#16911=CARTESIAN_POINT('',(-45.8372073488298,-6.31583038876913,3.));
#16912=CARTESIAN_POINT('Origin',(-45.8372073488298,-20.3158303887691,3.));
#16913=CARTESIAN_POINT('',(-45.8372073488298,-20.3158303887691,3.));
#16914=CARTESIAN_POINT('',(-45.8372073488298,-12.2001444722392,3.));
#16915=CARTESIAN_POINT('',(-45.8372073488298,-20.3158303887691,3.));
#16916=CARTESIAN_POINT('Origin',(-31.8372073488299,-20.3158303887691,3.));
#16917=CARTESIAN_POINT('',(-6.28013429557337,-20.3158303887691,3.));
#16918=CARTESIAN_POINT('Origin',(-31.8297164284316,12.6642441230656,3.));
#16919=CARTESIAN_POINT('',(-31.8297164284316,12.6642441230656,3.));
#16920=CARTESIAN_POINT('',(-31.8297164284316,-1.33575587693427,3.));
#16921=CARTESIAN_POINT('',(-31.8297164284316,4.28989278367813,3.));
#16922=CARTESIAN_POINT('',(-31.8297164284316,12.6642441230656,3.));
#16923=CARTESIAN_POINT('',(-31.8297164284316,-1.33575587693427,3.));
#16924=CARTESIAN_POINT('Origin',(-45.8297164284315,12.6642441230656,3.));
#16925=CARTESIAN_POINT('',(-45.8297164284315,12.6642441230656,3.));
#16926=CARTESIAN_POINT('',(-13.2763888353742,12.6642441230656,3.));
#16927=CARTESIAN_POINT('',(-45.8297164284315,12.6642441230656,3.));
#16928=CARTESIAN_POINT('Origin',(-45.8297164284315,-1.33575587693427,3.));
#16929=CARTESIAN_POINT('',(-45.8297164284315,-1.33575587693427,3.));
#16930=CARTESIAN_POINT('',(-45.8297164284315,-2.71010721632182,3.));
#16931=CARTESIAN_POINT('',(-45.8297164284315,-1.33575587693427,3.));
#16932=CARTESIAN_POINT('Origin',(-31.8297164284316,-1.33575587693427,3.));
#16933=CARTESIAN_POINT('',(-6.27638883537423,-1.33575587693427,3.));
#16934=CARTESIAN_POINT('Origin',(-12.7360080080048,31.6540928248369,3.));
#16935=CARTESIAN_POINT('',(-12.7360080080048,31.6540928248369,3.));
#16936=CARTESIAN_POINT('',(-12.7360080080048,17.654092824837,3.));
#16937=CARTESIAN_POINT('',(-12.7360080080048,13.7848171345638,3.));
#16938=CARTESIAN_POINT('',(-12.7360080080048,31.6540928248369,3.));
#16939=CARTESIAN_POINT('',(-12.7360080080048,17.654092824837,3.));
#16940=CARTESIAN_POINT('Origin',(-26.7360080080046,31.6540928248369,3.));
#16941=CARTESIAN_POINT('',(-26.7360080080046,31.6540928248369,3.));
#16942=CARTESIAN_POINT('',(-3.72953462516076,31.6540928248369,3.));
#16943=CARTESIAN_POINT('',(-26.7360080080046,31.6540928248369,3.));
#16944=CARTESIAN_POINT('Origin',(-26.7360080080046,17.654092824837,3.));
#16945=CARTESIAN_POINT('',(-26.7360080080046,17.654092824837,3.));
#16946=CARTESIAN_POINT('',(-26.7360080080046,6.78481713456383,3.));
#16947=CARTESIAN_POINT('',(-26.7360080080046,17.654092824837,3.));
#16948=CARTESIAN_POINT('Origin',(-12.7360080080048,17.654092824837,3.));
#16949=CARTESIAN_POINT('',(3.27046537483918,17.654092824837,3.));
#16950=CARTESIAN_POINT('Origin',(-12.7295623186981,-6.39881839731125,3.));
#16951=CARTESIAN_POINT('',(-12.7295623186981,-6.39881839731125,3.));
#16952=CARTESIAN_POINT('',(-12.7295623186982,-20.3988183973112,3.));
#16953=CARTESIAN_POINT('',(-12.7295623186981,-5.2416384765103,3.));
#16954=CARTESIAN_POINT('',(-12.7295623186981,-6.39881839731125,3.));
#16955=CARTESIAN_POINT('',(-12.7295623186982,-20.3988183973112,3.));
#16956=CARTESIAN_POINT('Origin',(-26.7295623186981,-6.39881839731123,3.));
#16957=CARTESIAN_POINT('',(-26.7295623186981,-6.39881839731123,3.));
#16958=CARTESIAN_POINT('',(-3.72631178050749,-6.39881839731125,3.));
#16959=CARTESIAN_POINT('',(-26.7295623186981,-6.39881839731123,3.));
#16960=CARTESIAN_POINT('Origin',(-26.7295623186981,-20.3988183973112,3.));
#16961=CARTESIAN_POINT('',(-26.7295623186981,-20.3988183973112,3.));
#16962=CARTESIAN_POINT('',(-26.7295623186981,-12.2416384765103,3.));
#16963=CARTESIAN_POINT('',(-26.7295623186981,-20.3988183973112,3.));
#16964=CARTESIAN_POINT('Origin',(-12.7295623186982,-20.3988183973112,3.));
#16965=CARTESIAN_POINT('',(3.27368821949247,-20.3988183973112,3.));
#16966=CARTESIAN_POINT('Origin',(-31.7827836310454,31.598637085712,3.));
#16967=CARTESIAN_POINT('',(-31.7827836310454,31.598637085712,3.));
#16968=CARTESIAN_POINT('',(-31.7827836310454,17.598637085712,3.));
#16969=CARTESIAN_POINT('',(-31.7827836310454,13.7570892650013,3.));
#16970=CARTESIAN_POINT('',(-31.7827836310454,31.598637085712,3.));
#16971=CARTESIAN_POINT('',(-31.7827836310454,17.598637085712,3.));
#16972=CARTESIAN_POINT('Origin',(-45.7827836310454,31.598637085712,3.));
#16973=CARTESIAN_POINT('',(-45.7827836310454,31.598637085712,3.));
#16974=CARTESIAN_POINT('',(-13.2529224366811,31.598637085712,3.));
#16975=CARTESIAN_POINT('',(-45.7827836310454,31.598637085712,3.));
#16976=CARTESIAN_POINT('Origin',(-45.7827836310454,17.598637085712,3.));
#16977=CARTESIAN_POINT('',(-45.7827836310454,17.598637085712,3.));
#16978=CARTESIAN_POINT('',(-45.7827836310454,6.75708926500133,3.));
#16979=CARTESIAN_POINT('',(-45.7827836310454,17.598637085712,3.));
#16980=CARTESIAN_POINT('Origin',(-31.7827836310454,17.598637085712,3.));
#16981=CARTESIAN_POINT('',(-6.25292243668112,17.598637085712,3.));
#16982=CARTESIAN_POINT('Origin',(-9.08224212606472,-21.383893194519,0.));
#16983=CARTESIAN_POINT('',(-9.08150810382454,-21.0000003129244,3.));
#16984=CARTESIAN_POINT('',(-9.08150810382454,-21.0000003129244,0.));
#16985=CARTESIAN_POINT('',(-9.08224212606473,-21.383893194519,3.));
#16986=CARTESIAN_POINT('',(-9.08150810382454,-21.0000003129244,3.));
#16987=CARTESIAN_POINT('',(-9.08224212606473,-21.383893194519,0.));
#16988=CARTESIAN_POINT('Origin',(-8.08224395402659,-21.3858052406486,0.));
#16989=CARTESIAN_POINT('',(-9.08150810382454,-21.3474495509976,3.));
#16990=CARTESIAN_POINT('Origin',(-8.08224395402659,-21.3858052406486,3.));
#16991=CARTESIAN_POINT('',(-9.08150810382454,-21.3474495509976,0.));
#16992=CARTESIAN_POINT('Origin',(-9.08150810382454,-21.0000003129244,0.));
#16993=CARTESIAN_POINT('',(-9.08150810382454,-23.4471269244684,3.));
#16994=CARTESIAN_POINT('Origin',(19.2769387576831,-4.08445855570937,3.));
#16995=UNCERTAINTY_MEASURE_WITH_UNIT(LENGTH_MEASURE(0.01),#16999,
'DISTANCE_ACCURACY_VALUE',
'Maximum model space distance between geometric entities at asserted c
onnectivities');
#16996=UNCERTAINTY_MEASURE_WITH_UNIT(LENGTH_MEASURE(0.01),#16999,
'DISTANCE_ACCURACY_VALUE',
'Maximum model space distance between geometric entities at asserted c
onnectivities');
#16997=(
GEOMETRIC_REPRESENTATION_CONTEXT(3)
GLOBAL_UNCERTAINTY_ASSIGNED_CONTEXT((#16995))
GLOBAL_UNIT_ASSIGNED_CONTEXT((#16999,#17001,#17002))
REPRESENTATION_CONTEXT('','3D')
);
#16998=(
GEOMETRIC_REPRESENTATION_CONTEXT(3)
GLOBAL_UNCERTAINTY_ASSIGNED_CONTEXT((#16996))
GLOBAL_UNIT_ASSIGNED_CONTEXT((#16999,#17001,#17002))
REPRESENTATION_CONTEXT('','3D')
);
#16999=(
LENGTH_UNIT()
NAMED_UNIT(*)
SI_UNIT(.MILLI.,.METRE.)
);
#17000=(
LENGTH_UNIT()
NAMED_UNIT(*)
SI_UNIT($,.METRE.)
);
#17001=(
NAMED_UNIT(*)
PLANE_ANGLE_UNIT()
SI_UNIT($,.RADIAN.)
);
#17002=(
NAMED_UNIT(*)
SI_UNIT($,.STERADIAN.)
SOLID_ANGLE_UNIT()
);
#17003=SHAPE_DEFINITION_REPRESENTATION(#17004,#17005);
#17004=PRODUCT_DEFINITION_SHAPE('',$,#17007);
#17005=SHAPE_REPRESENTATION('',(#9454),#16997);
#17006=PRODUCT_DEFINITION_CONTEXT('part definition',#17011,'design');
#17007=PRODUCT_DEFINITION('2026-07-16-16-21-57-652','Plate',#17008,#17006);
#17008=PRODUCT_DEFINITION_FORMATION('',$,#17013);
#17009=PRODUCT_RELATED_PRODUCT_CATEGORY('Plate','Plate',(#17013));
#17010=APPLICATION_PROTOCOL_DEFINITION('international standard',
'automotive_design',2009,#17011);
#17011=APPLICATION_CONTEXT(
'Core Data for Automotive Mechanical Design Process');
#17012=PRODUCT_CONTEXT('part definition',#17011,'mechanical');
#17013=PRODUCT('2026-07-16-16-21-57-652','Plate',$,(#17012));
#17014=PRESENTATION_STYLE_ASSIGNMENT((#17015));
#17015=SURFACE_STYLE_USAGE(.BOTH.,#17016);
#17016=SURFACE_SIDE_STYLE('',(#17017));
#17017=SURFACE_STYLE_FILL_AREA(#17018);
#17018=FILL_AREA_STYLE('Steel - Satin',(#17019));
#17019=FILL_AREA_STYLE_COLOUR('Steel - Satin',#17020);
#17020=COLOUR_RGB('Steel - Satin',0.627450980392157,0.627450980392157,0.627450980392157);
ENDSEC;
END-ISO-10303-21;
