ISO-10303-21;
HEADER;
/* Generated by software containing ST-Developer
 * from STEP Tools, Inc. (www.steptools.com) 
 */

FILE_DESCRIPTION(
/* description */ (''),
/* implementation_level */ '2;1');

FILE_NAME(
/* name */ 'Right_Enclosure.step',
/* time_stamp */ '2026-07-18T19:38:48+03:00',
/* author */ (''),
/* organization */ (''),
/* preprocessor_version */ 'ST-DEVELOPER v20.1',
/* originating_system */ 'Autodesk Translation Framework v15.8.0.0',
/* authorisation */ '');

FILE_SCHEMA (('AUTOMOTIVE_DESIGN { 1 0 10303 214 3 1 1 }'));
ENDSEC;

DATA;
#10=MECHANICAL_DESIGN_GEOMETRIC_PRESENTATION_REPRESENTATION('',(#13),#2408);
#11=SHAPE_REPRESENTATION_RELATIONSHIP('SRR','None',#2415,#12);
#12=ADVANCED_BREP_SHAPE_REPRESENTATION('',(#14),#2407);
#13=STYLED_ITEM('',(#2424),#14);
#14=MANIFOLD_SOLID_BREP('Body1',#1444);
#15=CYLINDRICAL_SURFACE('',#1497,2.45);
#16=CYLINDRICAL_SURFACE('',#1500,3.45);
#17=CYLINDRICAL_SURFACE('',#1513,2.45);
#18=CYLINDRICAL_SURFACE('',#1516,3.45);
#19=CYLINDRICAL_SURFACE('',#1520,2.75);
#20=CYLINDRICAL_SURFACE('',#1525,2.74999999999999);
#21=CYLINDRICAL_SURFACE('',#1530,2.75);
#22=CYLINDRICAL_SURFACE('',#1535,2.74999999999999);
#23=CYLINDRICAL_SURFACE('',#1541,1.99999999999999);
#24=CYLINDRICAL_SURFACE('',#1543,2.);
#25=CYLINDRICAL_SURFACE('',#1545,2.00000000000002);
#26=CYLINDRICAL_SURFACE('',#1547,2.00000000000001);
#27=CYLINDRICAL_SURFACE('',#1552,2.00000000000001);
#28=CYLINDRICAL_SURFACE('',#1554,2.);
#29=CYLINDRICAL_SURFACE('',#1556,2.);
#30=CYLINDRICAL_SURFACE('',#1558,1.6);
#31=CYLINDRICAL_SURFACE('',#1559,1.6);
#32=CYLINDRICAL_SURFACE('',#1560,1.6);
#33=CYLINDRICAL_SURFACE('',#1561,1.6);
#34=CYLINDRICAL_SURFACE('',#1562,2.99999999999997);
#35=CYLINDRICAL_SURFACE('',#1565,2.99999999999995);
#36=CYLINDRICAL_SURFACE('',#1568,2.99999999999998);
#37=CYLINDRICAL_SURFACE('',#1573,3.00000000000001);
#38=CYLINDRICAL_SURFACE('',#1578,2.99999999999998);
#39=CYLINDRICAL_SURFACE('',#1582,2.99999999999999);
#40=FACE_BOUND('',#199,.T.);
#41=FACE_BOUND('',#200,.T.);
#42=FACE_BOUND('',#201,.T.);
#43=FACE_BOUND('',#203,.T.);
#44=FACE_BOUND('',#212,.T.);
#45=FACE_BOUND('',#214,.T.);
#46=FACE_BOUND('',#215,.T.);
#47=FACE_BOUND('',#219,.T.);
#48=FACE_BOUND('',#223,.T.);
#49=FACE_BOUND('',#226,.T.);
#50=FACE_BOUND('',#229,.T.);
#51=FACE_BOUND('',#232,.T.);
#52=FACE_BOUND('',#272,.T.);
#53=FACE_BOUND('',#273,.T.);
#54=FACE_BOUND('',#274,.T.);
#55=FACE_BOUND('',#275,.T.);
#56=CIRCLE('',#1474,2.00000000000002);
#57=CIRCLE('',#1475,2.00000000000001);
#58=CIRCLE('',#1476,2.);
#59=CIRCLE('',#1477,2.);
#60=CIRCLE('',#1478,2.00000000000001);
#61=CIRCLE('',#1479,1.99999999999999);
#62=CIRCLE('',#1480,2.99999999999998);
#63=CIRCLE('',#1481,3.00000000000001);
#64=CIRCLE('',#1482,2.99999999999998);
#65=CIRCLE('',#1483,2.99999999999995);
#66=CIRCLE('',#1484,2.99999999999997);
#67=CIRCLE('',#1485,1.6);
#68=CIRCLE('',#1486,1.6);
#69=CIRCLE('',#1487,1.6);
#70=CIRCLE('',#1489,2.99999999999999);
#71=CIRCLE('',#1490,2.);
#72=CIRCLE('',#1491,1.6);
#73=CIRCLE('',#1498,2.45);
#74=CIRCLE('',#1499,2.45);
#75=CIRCLE('',#1501,3.45);
#76=CIRCLE('',#1502,3.45);
#77=CIRCLE('',#1505,2.00000000000001);
#78=CIRCLE('',#1506,2.00000000000002);
#79=CIRCLE('',#1507,2.);
#80=CIRCLE('',#1508,1.99999999999999);
#81=CIRCLE('',#1509,2.00000000000001);
#82=CIRCLE('',#1510,2.);
#83=CIRCLE('',#1511,2.);
#84=CIRCLE('',#1512,3.45);
#85=CIRCLE('',#1514,2.45);
#86=CIRCLE('',#1515,2.45);
#87=CIRCLE('',#1517,3.45);
#88=CIRCLE('',#1521,2.75);
#89=CIRCLE('',#1522,2.75);
#90=CIRCLE('',#1524,1.6);
#91=CIRCLE('',#1526,2.74999999999999);
#92=CIRCLE('',#1527,2.74999999999999);
#93=CIRCLE('',#1529,1.6);
#94=CIRCLE('',#1531,2.75);
#95=CIRCLE('',#1532,2.75);
#96=CIRCLE('',#1534,1.6);
#97=CIRCLE('',#1536,2.74999999999999);
#98=CIRCLE('',#1537,2.74999999999999);
#99=CIRCLE('',#1539,1.6);
#100=CIRCLE('',#1563,2.99999999999997);
#101=CIRCLE('',#1566,2.99999999999995);
#102=CIRCLE('',#1569,2.99999999999998);
#103=CIRCLE('',#1574,3.00000000000001);
#104=CIRCLE('',#1579,2.99999999999998);
#105=CIRCLE('',#1583,2.99999999999999);
#106=FACE_OUTER_BOUND('',#183,.T.);
#107=FACE_OUTER_BOUND('',#184,.T.);
#108=FACE_OUTER_BOUND('',#185,.T.);
#109=FACE_OUTER_BOUND('',#186,.T.);
#110=FACE_OUTER_BOUND('',#187,.T.);
#111=FACE_OUTER_BOUND('',#188,.T.);
#112=FACE_OUTER_BOUND('',#189,.T.);
#113=FACE_OUTER_BOUND('',#190,.T.);
#114=FACE_OUTER_BOUND('',#191,.T.);
#115=FACE_OUTER_BOUND('',#192,.T.);
#116=FACE_OUTER_BOUND('',#193,.T.);
#117=FACE_OUTER_BOUND('',#194,.T.);
#118=FACE_OUTER_BOUND('',#195,.T.);
#119=FACE_OUTER_BOUND('',#196,.T.);
#120=FACE_OUTER_BOUND('',#197,.T.);
#121=FACE_OUTER_BOUND('',#198,.T.);
#122=FACE_OUTER_BOUND('',#202,.T.);
#123=FACE_OUTER_BOUND('',#204,.T.);
#124=FACE_OUTER_BOUND('',#205,.T.);
#125=FACE_OUTER_BOUND('',#206,.T.);
#126=FACE_OUTER_BOUND('',#207,.T.);
#127=FACE_OUTER_BOUND('',#208,.T.);
#128=FACE_OUTER_BOUND('',#209,.T.);
#129=FACE_OUTER_BOUND('',#210,.T.);
#130=FACE_OUTER_BOUND('',#211,.T.);
#131=FACE_OUTER_BOUND('',#213,.T.);
#132=FACE_OUTER_BOUND('',#216,.T.);
#133=FACE_OUTER_BOUND('',#217,.T.);
#134=FACE_OUTER_BOUND('',#218,.T.);
#135=FACE_OUTER_BOUND('',#220,.T.);
#136=FACE_OUTER_BOUND('',#221,.T.);
#137=FACE_OUTER_BOUND('',#222,.T.);
#138=FACE_OUTER_BOUND('',#224,.T.);
#139=FACE_OUTER_BOUND('',#225,.T.);
#140=FACE_OUTER_BOUND('',#227,.T.);
#141=FACE_OUTER_BOUND('',#228,.T.);
#142=FACE_OUTER_BOUND('',#230,.T.);
#143=FACE_OUTER_BOUND('',#231,.T.);
#144=FACE_OUTER_BOUND('',#233,.T.);
#145=FACE_OUTER_BOUND('',#234,.T.);
#146=FACE_OUTER_BOUND('',#235,.T.);
#147=FACE_OUTER_BOUND('',#236,.T.);
#148=FACE_OUTER_BOUND('',#237,.T.);
#149=FACE_OUTER_BOUND('',#238,.T.);
#150=FACE_OUTER_BOUND('',#239,.T.);
#151=FACE_OUTER_BOUND('',#240,.T.);
#152=FACE_OUTER_BOUND('',#241,.T.);
#153=FACE_OUTER_BOUND('',#242,.T.);
#154=FACE_OUTER_BOUND('',#243,.T.);
#155=FACE_OUTER_BOUND('',#244,.T.);
#156=FACE_OUTER_BOUND('',#245,.T.);
#157=FACE_OUTER_BOUND('',#246,.T.);
#158=FACE_OUTER_BOUND('',#247,.T.);
#159=FACE_OUTER_BOUND('',#248,.T.);
#160=FACE_OUTER_BOUND('',#249,.T.);
#161=FACE_OUTER_BOUND('',#250,.T.);
#162=FACE_OUTER_BOUND('',#251,.T.);
#163=FACE_OUTER_BOUND('',#252,.T.);
#164=FACE_OUTER_BOUND('',#253,.T.);
#165=FACE_OUTER_BOUND('',#254,.T.);
#166=FACE_OUTER_BOUND('',#255,.T.);
#167=FACE_OUTER_BOUND('',#256,.T.);
#168=FACE_OUTER_BOUND('',#257,.T.);
#169=FACE_OUTER_BOUND('',#258,.T.);
#170=FACE_OUTER_BOUND('',#259,.T.);
#171=FACE_OUTER_BOUND('',#260,.T.);
#172=FACE_OUTER_BOUND('',#261,.T.);
#173=FACE_OUTER_BOUND('',#262,.T.);
#174=FACE_OUTER_BOUND('',#263,.T.);
#175=FACE_OUTER_BOUND('',#264,.T.);
#176=FACE_OUTER_BOUND('',#265,.T.);
#177=FACE_OUTER_BOUND('',#266,.T.);
#178=FACE_OUTER_BOUND('',#267,.T.);
#179=FACE_OUTER_BOUND('',#268,.T.);
#180=FACE_OUTER_BOUND('',#269,.T.);
#181=FACE_OUTER_BOUND('',#270,.T.);
#182=FACE_OUTER_BOUND('',#271,.T.);
#183=EDGE_LOOP('',(#913,#914,#915,#916));
#184=EDGE_LOOP('',(#917,#918,#919,#920));
#185=EDGE_LOOP('',(#921,#922,#923,#924));
#186=EDGE_LOOP('',(#925,#926,#927,#928));
#187=EDGE_LOOP('',(#929,#930,#931,#932));
#188=EDGE_LOOP('',(#933,#934,#935,#936));
#189=EDGE_LOOP('',(#937,#938,#939,#940));
#190=EDGE_LOOP('',(#941,#942,#943,#944));
#191=EDGE_LOOP('',(#945,#946,#947,#948));
#192=EDGE_LOOP('',(#949,#950,#951,#952));
#193=EDGE_LOOP('',(#953,#954,#955,#956));
#194=EDGE_LOOP('',(#957,#958,#959,#960));
#195=EDGE_LOOP('',(#961,#962,#963,#964));
#196=EDGE_LOOP('',(#965,#966,#967,#968));
#197=EDGE_LOOP('',(#969,#970,#971,#972));
#198=EDGE_LOOP('',(#973,#974,#975,#976,#977,#978,#979,#980,#981,#982,#983,
#984,#985,#986,#987,#988,#989,#990,#991,#992,#993,#994,#995,#996,#997,#998,
#999,#1000,#1001,#1002,#1003,#1004,#1005,#1006,#1007));
#199=EDGE_LOOP('',(#1008));
#200=EDGE_LOOP('',(#1009));
#201=EDGE_LOOP('',(#1010));
#202=EDGE_LOOP('',(#1011,#1012,#1013,#1014,#1015,#1016,#1017,#1018));
#203=EDGE_LOOP('',(#1019));
#204=EDGE_LOOP('',(#1020,#1021,#1022,#1023,#1024,#1025,#1026,#1027,#1028,
#1029,#1030,#1031,#1032,#1033,#1034,#1035,#1036,#1037,#1038,#1039));
#205=EDGE_LOOP('',(#1040,#1041,#1042,#1043));
#206=EDGE_LOOP('',(#1044,#1045,#1046,#1047));
#207=EDGE_LOOP('',(#1048,#1049,#1050,#1051));
#208=EDGE_LOOP('',(#1052,#1053,#1054,#1055,#1056,#1057,#1058,#1059));
#209=EDGE_LOOP('',(#1060,#1061,#1062,#1063));
#210=EDGE_LOOP('',(#1064,#1065,#1066,#1067));
#211=EDGE_LOOP('',(#1068));
#212=EDGE_LOOP('',(#1069));
#213=EDGE_LOOP('',(#1070,#1071,#1072,#1073,#1074,#1075,#1076,#1077,#1078,
#1079,#1080,#1081,#1082,#1083,#1084,#1085,#1086,#1087));
#214=EDGE_LOOP('',(#1088));
#215=EDGE_LOOP('',(#1089));
#216=EDGE_LOOP('',(#1090,#1091,#1092,#1093));
#217=EDGE_LOOP('',(#1094,#1095,#1096,#1097));
#218=EDGE_LOOP('',(#1098));
#219=EDGE_LOOP('',(#1099));
#220=EDGE_LOOP('',(#1100));
#221=EDGE_LOOP('',(#1101,#1102,#1103,#1104));
#222=EDGE_LOOP('',(#1105));
#223=EDGE_LOOP('',(#1106));
#224=EDGE_LOOP('',(#1107,#1108,#1109,#1110));
#225=EDGE_LOOP('',(#1111));
#226=EDGE_LOOP('',(#1112));
#227=EDGE_LOOP('',(#1113,#1114,#1115,#1116));
#228=EDGE_LOOP('',(#1117));
#229=EDGE_LOOP('',(#1118));
#230=EDGE_LOOP('',(#1119,#1120,#1121,#1122));
#231=EDGE_LOOP('',(#1123));
#232=EDGE_LOOP('',(#1124));
#233=EDGE_LOOP('',(#1125));
#234=EDGE_LOOP('',(#1126,#1127,#1128,#1129));
#235=EDGE_LOOP('',(#1130,#1131,#1132,#1133));
#236=EDGE_LOOP('',(#1134,#1135,#1136,#1137));
#237=EDGE_LOOP('',(#1138,#1139,#1140,#1141,#1142,#1143,#1144,#1145,#1146,
#1147,#1148,#1149,#1150,#1151,#1152,#1153,#1154,#1155,#1156,#1157));
#238=EDGE_LOOP('',(#1158,#1159,#1160,#1161));
#239=EDGE_LOOP('',(#1162,#1163,#1164,#1165));
#240=EDGE_LOOP('',(#1166,#1167,#1168,#1169));
#241=EDGE_LOOP('',(#1170,#1171,#1172,#1173));
#242=EDGE_LOOP('',(#1174,#1175,#1176,#1177));
#243=EDGE_LOOP('',(#1178,#1179,#1180,#1181));
#244=EDGE_LOOP('',(#1182,#1183,#1184,#1185));
#245=EDGE_LOOP('',(#1186,#1187,#1188,#1189));
#246=EDGE_LOOP('',(#1190,#1191,#1192,#1193));
#247=EDGE_LOOP('',(#1194,#1195,#1196,#1197));
#248=EDGE_LOOP('',(#1198,#1199,#1200,#1201));
#249=EDGE_LOOP('',(#1202,#1203,#1204,#1205));
#250=EDGE_LOOP('',(#1206,#1207,#1208,#1209));
#251=EDGE_LOOP('',(#1210,#1211,#1212,#1213));
#252=EDGE_LOOP('',(#1214,#1215,#1216,#1217));
#253=EDGE_LOOP('',(#1218,#1219,#1220,#1221));
#254=EDGE_LOOP('',(#1222,#1223,#1224,#1225));
#255=EDGE_LOOP('',(#1226,#1227,#1228,#1229));
#256=EDGE_LOOP('',(#1230,#1231,#1232,#1233));
#257=EDGE_LOOP('',(#1234,#1235,#1236,#1237));
#258=EDGE_LOOP('',(#1238,#1239,#1240,#1241));
#259=EDGE_LOOP('',(#1242,#1243,#1244,#1245));
#260=EDGE_LOOP('',(#1246,#1247,#1248,#1249));
#261=EDGE_LOOP('',(#1250,#1251,#1252,#1253));
#262=EDGE_LOOP('',(#1254,#1255,#1256,#1257));
#263=EDGE_LOOP('',(#1258,#1259,#1260,#1261));
#264=EDGE_LOOP('',(#1262,#1263,#1264,#1265));
#265=EDGE_LOOP('',(#1266,#1267,#1268,#1269));
#266=EDGE_LOOP('',(#1270,#1271,#1272,#1273));
#267=EDGE_LOOP('',(#1274,#1275,#1276,#1277));
#268=EDGE_LOOP('',(#1278,#1279,#1280,#1281));
#269=EDGE_LOOP('',(#1282,#1283,#1284,#1285,#1286,#1287,#1288,#1289));
#270=EDGE_LOOP('',(#1290,#1291,#1292,#1293));
#271=EDGE_LOOP('',(#1294,#1295,#1296,#1297,#1298,#1299,#1300,#1301,#1302,
#1303,#1304,#1305,#1306,#1307,#1308,#1309,#1310));
#272=EDGE_LOOP('',(#1311));
#273=EDGE_LOOP('',(#1312));
#274=EDGE_LOOP('',(#1313));
#275=EDGE_LOOP('',(#1314));
#276=LINE('',#1996,#427);
#277=LINE('',#1998,#428);
#278=LINE('',#2000,#429);
#279=LINE('',#2001,#430);
#280=LINE('',#2004,#431);
#281=LINE('',#2006,#432);
#282=LINE('',#2007,#433);
#283=LINE('',#2010,#434);
#284=LINE('',#2012,#435);
#285=LINE('',#2013,#436);
#286=LINE('',#2016,#437);
#287=LINE('',#2018,#438);
#288=LINE('',#2019,#439);
#289=LINE('',#2022,#440);
#290=LINE('',#2024,#441);
#291=LINE('',#2025,#442);
#292=LINE('',#2028,#443);
#293=LINE('',#2030,#444);
#294=LINE('',#2031,#445);
#295=LINE('',#2034,#446);
#296=LINE('',#2036,#447);
#297=LINE('',#2037,#448);
#298=LINE('',#2041,#449);
#299=LINE('',#2043,#450);
#300=LINE('',#2045,#451);
#301=LINE('',#2046,#452);
#302=LINE('',#2049,#453);
#303=LINE('',#2051,#454);
#304=LINE('',#2052,#455);
#305=LINE('',#2055,#456);
#306=LINE('',#2057,#457);
#307=LINE('',#2058,#458);
#308=LINE('',#2061,#459);
#309=LINE('',#2063,#460);
#310=LINE('',#2064,#461);
#311=LINE('',#2067,#462);
#312=LINE('',#2069,#463);
#313=LINE('',#2070,#464);
#314=LINE('',#2073,#465);
#315=LINE('',#2075,#466);
#316=LINE('',#2076,#467);
#317=LINE('',#2079,#468);
#318=LINE('',#2081,#469);
#319=LINE('',#2082,#470);
#320=LINE('',#2084,#471);
#321=LINE('',#2085,#472);
#322=LINE('',#2088,#473);
#323=LINE('',#2092,#474);
#324=LINE('',#2096,#475);
#325=LINE('',#2098,#476);
#326=LINE('',#2102,#477);
#327=LINE('',#2106,#478);
#328=LINE('',#2110,#479);
#329=LINE('',#2112,#480);
#330=LINE('',#2114,#481);
#331=LINE('',#2118,#482);
#332=LINE('',#2120,#483);
#333=LINE('',#2122,#484);
#334=LINE('',#2124,#485);
#335=LINE('',#2126,#486);
#336=LINE('',#2130,#487);
#337=LINE('',#2132,#488);
#338=LINE('',#2134,#489);
#339=LINE('',#2138,#490);
#340=LINE('',#2140,#491);
#341=LINE('',#2142,#492);
#342=LINE('',#2146,#493);
#343=LINE('',#2150,#494);
#344=LINE('',#2153,#495);
#345=LINE('',#2162,#496);
#346=LINE('',#2166,#497);
#347=LINE('',#2168,#498);
#348=LINE('',#2170,#499);
#349=LINE('',#2173,#500);
#350=LINE('',#2178,#501);
#351=LINE('',#2180,#502);
#352=LINE('',#2181,#503);
#353=LINE('',#2185,#504);
#354=LINE('',#2187,#505);
#355=LINE('',#2189,#506);
#356=LINE('',#2190,#507);
#357=LINE('',#2192,#508);
#358=LINE('',#2193,#509);
#359=LINE('',#2195,#510);
#360=LINE('',#2196,#511);
#361=LINE('',#2199,#512);
#362=LINE('',#2201,#513);
#363=LINE('',#2202,#514);
#364=LINE('',#2207,#515);
#365=LINE('',#2213,#516);
#366=LINE('',#2219,#517);
#367=LINE('',#2221,#518);
#368=LINE('',#2225,#519);
#369=LINE('',#2229,#520);
#370=LINE('',#2232,#521);
#371=LINE('',#2236,#522);
#372=LINE('',#2238,#523);
#373=LINE('',#2240,#524);
#374=LINE('',#2244,#525);
#375=LINE('',#2248,#526);
#376=LINE('',#2256,#527);
#377=LINE('',#2261,#528);
#378=LINE('',#2268,#529);
#379=LINE('',#2277,#530);
#380=LINE('',#2286,#531);
#381=LINE('',#2295,#532);
#382=LINE('',#2302,#533);
#383=LINE('',#2303,#534);
#384=LINE('',#2306,#535);
#385=LINE('',#2308,#536);
#386=LINE('',#2310,#537);
#387=LINE('',#2312,#538);
#388=LINE('',#2314,#539);
#389=LINE('',#2316,#540);
#390=LINE('',#2318,#541);
#391=LINE('',#2320,#542);
#392=LINE('',#2322,#543);
#393=LINE('',#2324,#544);
#394=LINE('',#2326,#545);
#395=LINE('',#2328,#546);
#396=LINE('',#2330,#547);
#397=LINE('',#2332,#548);
#398=LINE('',#2335,#549);
#399=LINE('',#2337,#550);
#400=LINE('',#2339,#551);
#401=LINE('',#2341,#552);
#402=LINE('',#2345,#553);
#403=LINE('',#2348,#554);
#404=LINE('',#2349,#555);
#405=LINE('',#2353,#556);
#406=LINE('',#2356,#557);
#407=LINE('',#2357,#558);
#408=LINE('',#2361,#559);
#409=LINE('',#2364,#560);
#410=LINE('',#2365,#561);
#411=LINE('',#2368,#562);
#412=LINE('',#2369,#563);
#413=LINE('',#2372,#564);
#414=LINE('',#2373,#565);
#415=LINE('',#2377,#566);
#416=LINE('',#2380,#567);
#417=LINE('',#2381,#568);
#418=LINE('',#2384,#569);
#419=LINE('',#2385,#570);
#420=LINE('',#2388,#571);
#421=LINE('',#2389,#572);
#422=LINE('',#2393,#573);
#423=LINE('',#2396,#574);
#424=LINE('',#2397,#575);
#425=LINE('',#2400,#576);
#426=LINE('',#2401,#577);
#427=VECTOR('',#1589,10.);
#428=VECTOR('',#1590,10.);
#429=VECTOR('',#1591,10.);
#430=VECTOR('',#1592,10.);
#431=VECTOR('',#1595,10.);
#432=VECTOR('',#1596,10.);
#433=VECTOR('',#1597,10.);
#434=VECTOR('',#1600,10.);
#435=VECTOR('',#1601,10.);
#436=VECTOR('',#1602,10.);
#437=VECTOR('',#1605,10.);
#438=VECTOR('',#1606,10.);
#439=VECTOR('',#1607,10.);
#440=VECTOR('',#1610,10.);
#441=VECTOR('',#1611,10.);
#442=VECTOR('',#1612,10.);
#443=VECTOR('',#1615,10.);
#444=VECTOR('',#1616,10.);
#445=VECTOR('',#1617,10.);
#446=VECTOR('',#1620,10.);
#447=VECTOR('',#1621,10.);
#448=VECTOR('',#1622,10.);
#449=VECTOR('',#1625,10.);
#450=VECTOR('',#1626,10.);
#451=VECTOR('',#1627,10.);
#452=VECTOR('',#1628,10.);
#453=VECTOR('',#1631,10.);
#454=VECTOR('',#1632,10.);
#455=VECTOR('',#1633,10.);
#456=VECTOR('',#1636,10.);
#457=VECTOR('',#1637,10.);
#458=VECTOR('',#1638,10.);
#459=VECTOR('',#1641,10.);
#460=VECTOR('',#1642,10.);
#461=VECTOR('',#1643,10.);
#462=VECTOR('',#1646,10.);
#463=VECTOR('',#1647,10.);
#464=VECTOR('',#1648,10.);
#465=VECTOR('',#1651,10.);
#466=VECTOR('',#1652,10.);
#467=VECTOR('',#1653,10.);
#468=VECTOR('',#1656,10.);
#469=VECTOR('',#1657,10.);
#470=VECTOR('',#1658,10.);
#471=VECTOR('',#1661,10.);
#472=VECTOR('',#1662,10.);
#473=VECTOR('',#1665,10.);
#474=VECTOR('',#1668,10.);
#475=VECTOR('',#1671,10.);
#476=VECTOR('',#1672,10.);
#477=VECTOR('',#1675,10.);
#478=VECTOR('',#1678,10.);
#479=VECTOR('',#1681,10.);
#480=VECTOR('',#1682,10.);
#481=VECTOR('',#1683,10.);
#482=VECTOR('',#1686,10.);
#483=VECTOR('',#1687,10.);
#484=VECTOR('',#1688,10.);
#485=VECTOR('',#1689,10.);
#486=VECTOR('',#1690,10.);
#487=VECTOR('',#1693,10.);
#488=VECTOR('',#1694,10.);
#489=VECTOR('',#1695,10.);
#490=VECTOR('',#1698,10.);
#491=VECTOR('',#1699,10.);
#492=VECTOR('',#1700,10.);
#493=VECTOR('',#1703,10.);
#494=VECTOR('',#1706,10.);
#495=VECTOR('',#1709,10.);
#496=VECTOR('',#1718,10.);
#497=VECTOR('',#1721,10.);
#498=VECTOR('',#1722,10.);
#499=VECTOR('',#1723,10.);
#500=VECTOR('',#1726,10.);
#501=VECTOR('',#1731,10.);
#502=VECTOR('',#1732,10.);
#503=VECTOR('',#1733,10.);
#504=VECTOR('',#1736,10.);
#505=VECTOR('',#1737,10.);
#506=VECTOR('',#1738,10.);
#507=VECTOR('',#1739,10.);
#508=VECTOR('',#1742,10.);
#509=VECTOR('',#1743,10.);
#510=VECTOR('',#1746,10.);
#511=VECTOR('',#1747,10.);
#512=VECTOR('',#1750,10.);
#513=VECTOR('',#1751,10.);
#514=VECTOR('',#1752,10.);
#515=VECTOR('',#1757,2.45);
#516=VECTOR('',#1764,3.45);
#517=VECTOR('',#1771,10.);
#518=VECTOR('',#1772,10.);
#519=VECTOR('',#1775,10.);
#520=VECTOR('',#1778,10.);
#521=VECTOR('',#1781,10.);
#522=VECTOR('',#1784,10.);
#523=VECTOR('',#1785,10.);
#524=VECTOR('',#1786,10.);
#525=VECTOR('',#1789,10.);
#526=VECTOR('',#1792,10.);
#527=VECTOR('',#1801,2.45);
#528=VECTOR('',#1808,3.45);
#529=VECTOR('',#1817,2.75);
#530=VECTOR('',#1828,2.74999999999999);
#531=VECTOR('',#1839,2.75);
#532=VECTOR('',#1850,2.74999999999999);
#533=VECTOR('',#1861,10.);
#534=VECTOR('',#1862,10.);
#535=VECTOR('',#1867,10.);
#536=VECTOR('',#1870,10.);
#537=VECTOR('',#1873,10.);
#538=VECTOR('',#1876,10.);
#539=VECTOR('',#1879,10.);
#540=VECTOR('',#1882,10.);
#541=VECTOR('',#1885,10.);
#542=VECTOR('',#1888,10.);
#543=VECTOR('',#1891,10.);
#544=VECTOR('',#1894,10.);
#545=VECTOR('',#1897,10.);
#546=VECTOR('',#1900,10.);
#547=VECTOR('',#1903,10.);
#548=VECTOR('',#1906,10.);
#549=VECTOR('',#1911,1.6);
#550=VECTOR('',#1914,1.6);
#551=VECTOR('',#1917,1.6);
#552=VECTOR('',#1920,1.6);
#553=VECTOR('',#1925,10.);
#554=VECTOR('',#1928,10.);
#555=VECTOR('',#1929,10.);
#556=VECTOR('',#1934,10.);
#557=VECTOR('',#1937,10.);
#558=VECTOR('',#1938,10.);
#559=VECTOR('',#1943,10.);
#560=VECTOR('',#1946,10.);
#561=VECTOR('',#1947,10.);
#562=VECTOR('',#1950,10.);
#563=VECTOR('',#1951,10.);
#564=VECTOR('',#1954,10.);
#565=VECTOR('',#1955,10.);
#566=VECTOR('',#1960,10.);
#567=VECTOR('',#1963,10.);
#568=VECTOR('',#1964,10.);
#569=VECTOR('',#1967,10.);
#570=VECTOR('',#1968,10.);
#571=VECTOR('',#1971,10.);
#572=VECTOR('',#1972,10.);
#573=VECTOR('',#1977,10.);
#574=VECTOR('',#1980,10.);
#575=VECTOR('',#1981,10.);
#576=VECTOR('',#1984,10.);
#577=VECTOR('',#1985,10.);
#578=VERTEX_POINT('',#1994);
#579=VERTEX_POINT('',#1995);
#580=VERTEX_POINT('',#1997);
#581=VERTEX_POINT('',#1999);
#582=VERTEX_POINT('',#2003);
#583=VERTEX_POINT('',#2005);
#584=VERTEX_POINT('',#2009);
#585=VERTEX_POINT('',#2011);
#586=VERTEX_POINT('',#2015);
#587=VERTEX_POINT('',#2017);
#588=VERTEX_POINT('',#2021);
#589=VERTEX_POINT('',#2023);
#590=VERTEX_POINT('',#2027);
#591=VERTEX_POINT('',#2029);
#592=VERTEX_POINT('',#2033);
#593=VERTEX_POINT('',#2035);
#594=VERTEX_POINT('',#2039);
#595=VERTEX_POINT('',#2040);
#596=VERTEX_POINT('',#2042);
#597=VERTEX_POINT('',#2044);
#598=VERTEX_POINT('',#2048);
#599=VERTEX_POINT('',#2050);
#600=VERTEX_POINT('',#2054);
#601=VERTEX_POINT('',#2056);
#602=VERTEX_POINT('',#2060);
#603=VERTEX_POINT('',#2062);
#604=VERTEX_POINT('',#2066);
#605=VERTEX_POINT('',#2068);
#606=VERTEX_POINT('',#2072);
#607=VERTEX_POINT('',#2074);
#608=VERTEX_POINT('',#2078);
#609=VERTEX_POINT('',#2080);
#610=VERTEX_POINT('',#2087);
#611=VERTEX_POINT('',#2089);
#612=VERTEX_POINT('',#2091);
#613=VERTEX_POINT('',#2093);
#614=VERTEX_POINT('',#2095);
#615=VERTEX_POINT('',#2097);
#616=VERTEX_POINT('',#2099);
#617=VERTEX_POINT('',#2101);
#618=VERTEX_POINT('',#2103);
#619=VERTEX_POINT('',#2105);
#620=VERTEX_POINT('',#2107);
#621=VERTEX_POINT('',#2109);
#622=VERTEX_POINT('',#2111);
#623=VERTEX_POINT('',#2113);
#624=VERTEX_POINT('',#2115);
#625=VERTEX_POINT('',#2117);
#626=VERTEX_POINT('',#2119);
#627=VERTEX_POINT('',#2121);
#628=VERTEX_POINT('',#2123);
#629=VERTEX_POINT('',#2125);
#630=VERTEX_POINT('',#2127);
#631=VERTEX_POINT('',#2129);
#632=VERTEX_POINT('',#2131);
#633=VERTEX_POINT('',#2133);
#634=VERTEX_POINT('',#2135);
#635=VERTEX_POINT('',#2137);
#636=VERTEX_POINT('',#2139);
#637=VERTEX_POINT('',#2141);
#638=VERTEX_POINT('',#2143);
#639=VERTEX_POINT('',#2145);
#640=VERTEX_POINT('',#2147);
#641=VERTEX_POINT('',#2149);
#642=VERTEX_POINT('',#2151);
#643=VERTEX_POINT('',#2154);
#644=VERTEX_POINT('',#2156);
#645=VERTEX_POINT('',#2158);
#646=VERTEX_POINT('',#2161);
#647=VERTEX_POINT('',#2163);
#648=VERTEX_POINT('',#2165);
#649=VERTEX_POINT('',#2167);
#650=VERTEX_POINT('',#2169);
#651=VERTEX_POINT('',#2171);
#652=VERTEX_POINT('',#2174);
#653=VERTEX_POINT('',#2177);
#654=VERTEX_POINT('',#2179);
#655=VERTEX_POINT('',#2183);
#656=VERTEX_POINT('',#2184);
#657=VERTEX_POINT('',#2186);
#658=VERTEX_POINT('',#2188);
#659=VERTEX_POINT('',#2198);
#660=VERTEX_POINT('',#2200);
#661=VERTEX_POINT('',#2204);
#662=VERTEX_POINT('',#2206);
#663=VERTEX_POINT('',#2210);
#664=VERTEX_POINT('',#2212);
#665=VERTEX_POINT('',#2217);
#666=VERTEX_POINT('',#2218);
#667=VERTEX_POINT('',#2220);
#668=VERTEX_POINT('',#2222);
#669=VERTEX_POINT('',#2224);
#670=VERTEX_POINT('',#2226);
#671=VERTEX_POINT('',#2228);
#672=VERTEX_POINT('',#2231);
#673=VERTEX_POINT('',#2233);
#674=VERTEX_POINT('',#2235);
#675=VERTEX_POINT('',#2237);
#676=VERTEX_POINT('',#2239);
#677=VERTEX_POINT('',#2241);
#678=VERTEX_POINT('',#2243);
#679=VERTEX_POINT('',#2245);
#680=VERTEX_POINT('',#2247);
#681=VERTEX_POINT('',#2250);
#682=VERTEX_POINT('',#2253);
#683=VERTEX_POINT('',#2255);
#684=VERTEX_POINT('',#2259);
#685=VERTEX_POINT('',#2265);
#686=VERTEX_POINT('',#2267);
#687=VERTEX_POINT('',#2271);
#688=VERTEX_POINT('',#2274);
#689=VERTEX_POINT('',#2276);
#690=VERTEX_POINT('',#2280);
#691=VERTEX_POINT('',#2283);
#692=VERTEX_POINT('',#2285);
#693=VERTEX_POINT('',#2289);
#694=VERTEX_POINT('',#2292);
#695=VERTEX_POINT('',#2294);
#696=VERTEX_POINT('',#2298);
#697=VERTEX_POINT('',#2343);
#698=VERTEX_POINT('',#2347);
#699=VERTEX_POINT('',#2351);
#700=VERTEX_POINT('',#2355);
#701=VERTEX_POINT('',#2359);
#702=VERTEX_POINT('',#2363);
#703=VERTEX_POINT('',#2367);
#704=VERTEX_POINT('',#2371);
#705=VERTEX_POINT('',#2375);
#706=VERTEX_POINT('',#2379);
#707=VERTEX_POINT('',#2383);
#708=VERTEX_POINT('',#2387);
#709=VERTEX_POINT('',#2391);
#710=VERTEX_POINT('',#2395);
#711=VERTEX_POINT('',#2399);
#712=EDGE_CURVE('',#578,#579,#276,.T.);
#713=EDGE_CURVE('',#580,#578,#277,.T.);
#714=EDGE_CURVE('',#581,#580,#278,.T.);
#715=EDGE_CURVE('',#581,#579,#279,.T.);
#716=EDGE_CURVE('',#579,#582,#280,.T.);
#717=EDGE_CURVE('',#583,#581,#281,.T.);
#718=EDGE_CURVE('',#583,#582,#282,.T.);
#719=EDGE_CURVE('',#582,#584,#283,.T.);
#720=EDGE_CURVE('',#585,#583,#284,.T.);
#721=EDGE_CURVE('',#585,#584,#285,.T.);
#722=EDGE_CURVE('',#584,#586,#286,.T.);
#723=EDGE_CURVE('',#587,#585,#287,.T.);
#724=EDGE_CURVE('',#587,#586,#288,.T.);
#725=EDGE_CURVE('',#586,#588,#289,.T.);
#726=EDGE_CURVE('',#589,#587,#290,.T.);
#727=EDGE_CURVE('',#589,#588,#291,.T.);
#728=EDGE_CURVE('',#588,#590,#292,.T.);
#729=EDGE_CURVE('',#591,#589,#293,.T.);
#730=EDGE_CURVE('',#591,#590,#294,.T.);
#731=EDGE_CURVE('',#590,#592,#295,.T.);
#732=EDGE_CURVE('',#593,#591,#296,.T.);
#733=EDGE_CURVE('',#592,#593,#297,.T.);
#734=EDGE_CURVE('',#594,#595,#298,.T.);
#735=EDGE_CURVE('',#596,#594,#299,.T.);
#736=EDGE_CURVE('',#597,#596,#300,.T.);
#737=EDGE_CURVE('',#597,#595,#301,.T.);
#738=EDGE_CURVE('',#595,#598,#302,.T.);
#739=EDGE_CURVE('',#599,#597,#303,.T.);
#740=EDGE_CURVE('',#599,#598,#304,.T.);
#741=EDGE_CURVE('',#598,#600,#305,.T.);
#742=EDGE_CURVE('',#601,#599,#306,.T.);
#743=EDGE_CURVE('',#601,#600,#307,.T.);
#744=EDGE_CURVE('',#600,#602,#308,.T.);
#745=EDGE_CURVE('',#603,#601,#309,.T.);
#746=EDGE_CURVE('',#603,#602,#310,.T.);
#747=EDGE_CURVE('',#602,#604,#311,.T.);
#748=EDGE_CURVE('',#605,#603,#312,.T.);
#749=EDGE_CURVE('',#605,#604,#313,.T.);
#750=EDGE_CURVE('',#604,#606,#314,.T.);
#751=EDGE_CURVE('',#607,#605,#315,.T.);
#752=EDGE_CURVE('',#607,#606,#316,.T.);
#753=EDGE_CURVE('',#606,#608,#317,.T.);
#754=EDGE_CURVE('',#609,#607,#318,.T.);
#755=EDGE_CURVE('',#609,#608,#319,.T.);
#756=EDGE_CURVE('',#608,#578,#320,.T.);
#757=EDGE_CURVE('',#580,#609,#321,.T.);
#758=EDGE_CURVE('',#594,#610,#322,.T.);
#759=EDGE_CURVE('',#610,#611,#56,.T.);
#760=EDGE_CURVE('',#611,#612,#323,.T.);
#761=EDGE_CURVE('',#612,#613,#57,.T.);
#762=EDGE_CURVE('',#613,#614,#324,.T.);
#763=EDGE_CURVE('',#614,#615,#325,.T.);
#764=EDGE_CURVE('',#615,#616,#58,.T.);
#765=EDGE_CURVE('',#616,#617,#326,.T.);
#766=EDGE_CURVE('',#617,#618,#59,.T.);
#767=EDGE_CURVE('',#618,#619,#327,.T.);
#768=EDGE_CURVE('',#619,#620,#60,.T.);
#769=EDGE_CURVE('',#620,#621,#328,.T.);
#770=EDGE_CURVE('',#621,#622,#329,.T.);
#771=EDGE_CURVE('',#622,#623,#330,.T.);
#772=EDGE_CURVE('',#623,#624,#61,.T.);
#773=EDGE_CURVE('',#624,#625,#331,.T.);
#774=EDGE_CURVE('',#625,#626,#332,.T.);
#775=EDGE_CURVE('',#626,#627,#333,.T.);
#776=EDGE_CURVE('',#627,#628,#334,.T.);
#777=EDGE_CURVE('',#628,#629,#335,.T.);
#778=EDGE_CURVE('',#629,#630,#62,.T.);
#779=EDGE_CURVE('',#630,#631,#336,.T.);
#780=EDGE_CURVE('',#631,#632,#337,.T.);
#781=EDGE_CURVE('',#632,#633,#338,.T.);
#782=EDGE_CURVE('',#633,#634,#63,.T.);
#783=EDGE_CURVE('',#634,#635,#339,.T.);
#784=EDGE_CURVE('',#635,#636,#340,.T.);
#785=EDGE_CURVE('',#636,#637,#341,.T.);
#786=EDGE_CURVE('',#637,#638,#64,.T.);
#787=EDGE_CURVE('',#638,#639,#342,.T.);
#788=EDGE_CURVE('',#639,#640,#65,.T.);
#789=EDGE_CURVE('',#640,#641,#343,.T.);
#790=EDGE_CURVE('',#641,#642,#66,.T.);
#791=EDGE_CURVE('',#642,#596,#344,.T.);
#792=EDGE_CURVE('',#643,#643,#67,.T.);
#793=EDGE_CURVE('',#644,#644,#68,.T.);
#794=EDGE_CURVE('',#645,#645,#69,.T.);
#795=EDGE_CURVE('',#593,#646,#345,.T.);
#796=EDGE_CURVE('',#646,#647,#70,.T.);
#797=EDGE_CURVE('',#647,#648,#346,.T.);
#798=EDGE_CURVE('',#648,#649,#347,.T.);
#799=EDGE_CURVE('',#649,#650,#348,.T.);
#800=EDGE_CURVE('',#650,#651,#71,.T.);
#801=EDGE_CURVE('',#651,#592,#349,.T.);
#802=EDGE_CURVE('',#652,#652,#72,.T.);
#803=EDGE_CURVE('',#653,#642,#350,.T.);
#804=EDGE_CURVE('',#653,#654,#351,.T.);
#805=EDGE_CURVE('',#654,#646,#352,.T.);
#806=EDGE_CURVE('',#655,#656,#353,.T.);
#807=EDGE_CURVE('',#657,#655,#354,.T.);
#808=EDGE_CURVE('',#658,#657,#355,.T.);
#809=EDGE_CURVE('',#658,#656,#356,.T.);
#810=EDGE_CURVE('',#656,#626,#357,.T.);
#811=EDGE_CURVE('',#627,#658,#358,.T.);
#812=EDGE_CURVE('',#649,#655,#359,.T.);
#813=EDGE_CURVE('',#657,#648,#360,.T.);
#814=EDGE_CURVE('',#659,#625,#361,.T.);
#815=EDGE_CURVE('',#659,#660,#362,.T.);
#816=EDGE_CURVE('',#660,#650,#363,.T.);
#817=EDGE_CURVE('',#661,#661,#73,.T.);
#818=EDGE_CURVE('',#661,#662,#364,.T.);
#819=EDGE_CURVE('',#662,#662,#74,.T.);
#820=EDGE_CURVE('',#663,#663,#75,.T.);
#821=EDGE_CURVE('',#663,#664,#365,.T.);
#822=EDGE_CURVE('',#664,#664,#76,.T.);
#823=EDGE_CURVE('',#665,#666,#366,.T.);
#824=EDGE_CURVE('',#667,#665,#367,.T.);
#825=EDGE_CURVE('',#668,#667,#77,.T.);
#826=EDGE_CURVE('',#669,#668,#368,.T.);
#827=EDGE_CURVE('',#670,#669,#78,.T.);
#828=EDGE_CURVE('',#671,#670,#369,.T.);
#829=EDGE_CURVE('',#660,#671,#79,.T.);
#830=EDGE_CURVE('',#672,#659,#370,.T.);
#831=EDGE_CURVE('',#673,#672,#80,.T.);
#832=EDGE_CURVE('',#674,#673,#371,.T.);
#833=EDGE_CURVE('',#675,#674,#372,.T.);
#834=EDGE_CURVE('',#676,#675,#373,.T.);
#835=EDGE_CURVE('',#677,#676,#81,.T.);
#836=EDGE_CURVE('',#678,#677,#374,.T.);
#837=EDGE_CURVE('',#679,#678,#82,.T.);
#838=EDGE_CURVE('',#680,#679,#375,.T.);
#839=EDGE_CURVE('',#666,#680,#83,.T.);
#840=EDGE_CURVE('',#681,#681,#84,.T.);
#841=EDGE_CURVE('',#682,#682,#85,.T.);
#842=EDGE_CURVE('',#682,#683,#376,.T.);
#843=EDGE_CURVE('',#683,#683,#86,.T.);
#844=EDGE_CURVE('',#684,#684,#87,.T.);
#845=EDGE_CURVE('',#684,#681,#377,.T.);
#846=EDGE_CURVE('',#685,#685,#88,.T.);
#847=EDGE_CURVE('',#685,#686,#378,.T.);
#848=EDGE_CURVE('',#686,#686,#89,.T.);
#849=EDGE_CURVE('',#687,#687,#90,.T.);
#850=EDGE_CURVE('',#688,#688,#91,.T.);
#851=EDGE_CURVE('',#688,#689,#379,.T.);
#852=EDGE_CURVE('',#689,#689,#92,.T.);
#853=EDGE_CURVE('',#690,#690,#93,.T.);
#854=EDGE_CURVE('',#691,#691,#94,.T.);
#855=EDGE_CURVE('',#691,#692,#380,.T.);
#856=EDGE_CURVE('',#692,#692,#95,.T.);
#857=EDGE_CURVE('',#693,#693,#96,.T.);
#858=EDGE_CURVE('',#694,#694,#97,.T.);
#859=EDGE_CURVE('',#694,#695,#381,.T.);
#860=EDGE_CURVE('',#695,#695,#98,.T.);
#861=EDGE_CURVE('',#696,#696,#99,.T.);
#862=EDGE_CURVE('',#672,#624,#382,.T.);
#863=EDGE_CURVE('',#673,#623,#383,.T.);
#864=EDGE_CURVE('',#671,#651,#384,.T.);
#865=EDGE_CURVE('',#670,#610,#385,.T.);
#866=EDGE_CURVE('',#669,#611,#386,.T.);
#867=EDGE_CURVE('',#668,#612,#387,.T.);
#868=EDGE_CURVE('',#667,#613,#388,.T.);
#869=EDGE_CURVE('',#665,#614,#389,.T.);
#870=EDGE_CURVE('',#674,#622,#390,.T.);
#871=EDGE_CURVE('',#675,#621,#391,.T.);
#872=EDGE_CURVE('',#676,#620,#392,.T.);
#873=EDGE_CURVE('',#677,#619,#393,.T.);
#874=EDGE_CURVE('',#678,#618,#394,.T.);
#875=EDGE_CURVE('',#679,#617,#395,.T.);
#876=EDGE_CURVE('',#680,#616,#396,.T.);
#877=EDGE_CURVE('',#666,#615,#397,.T.);
#878=EDGE_CURVE('',#645,#696,#398,.T.);
#879=EDGE_CURVE('',#644,#690,#399,.T.);
#880=EDGE_CURVE('',#643,#693,#400,.T.);
#881=EDGE_CURVE('',#652,#687,#401,.T.);
#882=EDGE_CURVE('',#697,#653,#100,.T.);
#883=EDGE_CURVE('',#697,#641,#402,.T.);
#884=EDGE_CURVE('',#698,#697,#403,.T.);
#885=EDGE_CURVE('',#698,#640,#404,.T.);
#886=EDGE_CURVE('',#699,#698,#101,.T.);
#887=EDGE_CURVE('',#699,#639,#405,.T.);
#888=EDGE_CURVE('',#700,#699,#406,.T.);
#889=EDGE_CURVE('',#700,#638,#407,.T.);
#890=EDGE_CURVE('',#701,#700,#102,.T.);
#891=EDGE_CURVE('',#701,#637,#408,.T.);
#892=EDGE_CURVE('',#702,#701,#409,.T.);
#893=EDGE_CURVE('',#702,#636,#410,.T.);
#894=EDGE_CURVE('',#703,#702,#411,.T.);
#895=EDGE_CURVE('',#703,#635,#412,.T.);
#896=EDGE_CURVE('',#704,#703,#413,.T.);
#897=EDGE_CURVE('',#704,#634,#414,.T.);
#898=EDGE_CURVE('',#705,#704,#103,.T.);
#899=EDGE_CURVE('',#705,#633,#415,.T.);
#900=EDGE_CURVE('',#706,#705,#416,.T.);
#901=EDGE_CURVE('',#706,#632,#417,.T.);
#902=EDGE_CURVE('',#707,#706,#418,.T.);
#903=EDGE_CURVE('',#707,#631,#419,.T.);
#904=EDGE_CURVE('',#708,#707,#420,.T.);
#905=EDGE_CURVE('',#708,#630,#421,.T.);
#906=EDGE_CURVE('',#709,#708,#104,.T.);
#907=EDGE_CURVE('',#709,#629,#422,.T.);
#908=EDGE_CURVE('',#710,#709,#423,.T.);
#909=EDGE_CURVE('',#710,#628,#424,.T.);
#910=EDGE_CURVE('',#711,#647,#425,.T.);
#911=EDGE_CURVE('',#711,#710,#426,.T.);
#912=EDGE_CURVE('',#654,#711,#105,.T.);
#913=ORIENTED_EDGE('',*,*,#712,.F.);
#914=ORIENTED_EDGE('',*,*,#713,.F.);
#915=ORIENTED_EDGE('',*,*,#714,.F.);
#916=ORIENTED_EDGE('',*,*,#715,.T.);
#917=ORIENTED_EDGE('',*,*,#716,.F.);
#918=ORIENTED_EDGE('',*,*,#715,.F.);
#919=ORIENTED_EDGE('',*,*,#717,.F.);
#920=ORIENTED_EDGE('',*,*,#718,.T.);
#921=ORIENTED_EDGE('',*,*,#719,.F.);
#922=ORIENTED_EDGE('',*,*,#718,.F.);
#923=ORIENTED_EDGE('',*,*,#720,.F.);
#924=ORIENTED_EDGE('',*,*,#721,.T.);
#925=ORIENTED_EDGE('',*,*,#722,.F.);
#926=ORIENTED_EDGE('',*,*,#721,.F.);
#927=ORIENTED_EDGE('',*,*,#723,.F.);
#928=ORIENTED_EDGE('',*,*,#724,.T.);
#929=ORIENTED_EDGE('',*,*,#725,.F.);
#930=ORIENTED_EDGE('',*,*,#724,.F.);
#931=ORIENTED_EDGE('',*,*,#726,.F.);
#932=ORIENTED_EDGE('',*,*,#727,.T.);
#933=ORIENTED_EDGE('',*,*,#728,.F.);
#934=ORIENTED_EDGE('',*,*,#727,.F.);
#935=ORIENTED_EDGE('',*,*,#729,.F.);
#936=ORIENTED_EDGE('',*,*,#730,.T.);
#937=ORIENTED_EDGE('',*,*,#731,.F.);
#938=ORIENTED_EDGE('',*,*,#730,.F.);
#939=ORIENTED_EDGE('',*,*,#732,.F.);
#940=ORIENTED_EDGE('',*,*,#733,.F.);
#941=ORIENTED_EDGE('',*,*,#734,.F.);
#942=ORIENTED_EDGE('',*,*,#735,.F.);
#943=ORIENTED_EDGE('',*,*,#736,.F.);
#944=ORIENTED_EDGE('',*,*,#737,.T.);
#945=ORIENTED_EDGE('',*,*,#738,.F.);
#946=ORIENTED_EDGE('',*,*,#737,.F.);
#947=ORIENTED_EDGE('',*,*,#739,.F.);
#948=ORIENTED_EDGE('',*,*,#740,.T.);
#949=ORIENTED_EDGE('',*,*,#741,.F.);
#950=ORIENTED_EDGE('',*,*,#740,.F.);
#951=ORIENTED_EDGE('',*,*,#742,.F.);
#952=ORIENTED_EDGE('',*,*,#743,.T.);
#953=ORIENTED_EDGE('',*,*,#744,.F.);
#954=ORIENTED_EDGE('',*,*,#743,.F.);
#955=ORIENTED_EDGE('',*,*,#745,.F.);
#956=ORIENTED_EDGE('',*,*,#746,.T.);
#957=ORIENTED_EDGE('',*,*,#747,.F.);
#958=ORIENTED_EDGE('',*,*,#746,.F.);
#959=ORIENTED_EDGE('',*,*,#748,.F.);
#960=ORIENTED_EDGE('',*,*,#749,.T.);
#961=ORIENTED_EDGE('',*,*,#750,.F.);
#962=ORIENTED_EDGE('',*,*,#749,.F.);
#963=ORIENTED_EDGE('',*,*,#751,.F.);
#964=ORIENTED_EDGE('',*,*,#752,.T.);
#965=ORIENTED_EDGE('',*,*,#753,.F.);
#966=ORIENTED_EDGE('',*,*,#752,.F.);
#967=ORIENTED_EDGE('',*,*,#754,.F.);
#968=ORIENTED_EDGE('',*,*,#755,.T.);
#969=ORIENTED_EDGE('',*,*,#756,.F.);
#970=ORIENTED_EDGE('',*,*,#755,.F.);
#971=ORIENTED_EDGE('',*,*,#757,.F.);
#972=ORIENTED_EDGE('',*,*,#713,.T.);
#973=ORIENTED_EDGE('',*,*,#735,.T.);
#974=ORIENTED_EDGE('',*,*,#758,.T.);
#975=ORIENTED_EDGE('',*,*,#759,.T.);
#976=ORIENTED_EDGE('',*,*,#760,.T.);
#977=ORIENTED_EDGE('',*,*,#761,.T.);
#978=ORIENTED_EDGE('',*,*,#762,.T.);
#979=ORIENTED_EDGE('',*,*,#763,.T.);
#980=ORIENTED_EDGE('',*,*,#764,.T.);
#981=ORIENTED_EDGE('',*,*,#765,.T.);
#982=ORIENTED_EDGE('',*,*,#766,.T.);
#983=ORIENTED_EDGE('',*,*,#767,.T.);
#984=ORIENTED_EDGE('',*,*,#768,.T.);
#985=ORIENTED_EDGE('',*,*,#769,.T.);
#986=ORIENTED_EDGE('',*,*,#770,.T.);
#987=ORIENTED_EDGE('',*,*,#771,.T.);
#988=ORIENTED_EDGE('',*,*,#772,.T.);
#989=ORIENTED_EDGE('',*,*,#773,.T.);
#990=ORIENTED_EDGE('',*,*,#774,.T.);
#991=ORIENTED_EDGE('',*,*,#775,.T.);
#992=ORIENTED_EDGE('',*,*,#776,.T.);
#993=ORIENTED_EDGE('',*,*,#777,.T.);
#994=ORIENTED_EDGE('',*,*,#778,.T.);
#995=ORIENTED_EDGE('',*,*,#779,.T.);
#996=ORIENTED_EDGE('',*,*,#780,.T.);
#997=ORIENTED_EDGE('',*,*,#781,.T.);
#998=ORIENTED_EDGE('',*,*,#782,.T.);
#999=ORIENTED_EDGE('',*,*,#783,.T.);
#1000=ORIENTED_EDGE('',*,*,#784,.T.);
#1001=ORIENTED_EDGE('',*,*,#785,.T.);
#1002=ORIENTED_EDGE('',*,*,#786,.T.);
#1003=ORIENTED_EDGE('',*,*,#787,.T.);
#1004=ORIENTED_EDGE('',*,*,#788,.T.);
#1005=ORIENTED_EDGE('',*,*,#789,.T.);
#1006=ORIENTED_EDGE('',*,*,#790,.T.);
#1007=ORIENTED_EDGE('',*,*,#791,.T.);
#1008=ORIENTED_EDGE('',*,*,#792,.T.);
#1009=ORIENTED_EDGE('',*,*,#793,.T.);
#1010=ORIENTED_EDGE('',*,*,#794,.T.);
#1011=ORIENTED_EDGE('',*,*,#733,.T.);
#1012=ORIENTED_EDGE('',*,*,#795,.T.);
#1013=ORIENTED_EDGE('',*,*,#796,.T.);
#1014=ORIENTED_EDGE('',*,*,#797,.T.);
#1015=ORIENTED_EDGE('',*,*,#798,.T.);
#1016=ORIENTED_EDGE('',*,*,#799,.T.);
#1017=ORIENTED_EDGE('',*,*,#800,.T.);
#1018=ORIENTED_EDGE('',*,*,#801,.T.);
#1019=ORIENTED_EDGE('',*,*,#802,.T.);
#1020=ORIENTED_EDGE('',*,*,#732,.T.);
#1021=ORIENTED_EDGE('',*,*,#729,.T.);
#1022=ORIENTED_EDGE('',*,*,#726,.T.);
#1023=ORIENTED_EDGE('',*,*,#723,.T.);
#1024=ORIENTED_EDGE('',*,*,#720,.T.);
#1025=ORIENTED_EDGE('',*,*,#717,.T.);
#1026=ORIENTED_EDGE('',*,*,#714,.T.);
#1027=ORIENTED_EDGE('',*,*,#757,.T.);
#1028=ORIENTED_EDGE('',*,*,#754,.T.);
#1029=ORIENTED_EDGE('',*,*,#751,.T.);
#1030=ORIENTED_EDGE('',*,*,#748,.T.);
#1031=ORIENTED_EDGE('',*,*,#745,.T.);
#1032=ORIENTED_EDGE('',*,*,#742,.T.);
#1033=ORIENTED_EDGE('',*,*,#739,.T.);
#1034=ORIENTED_EDGE('',*,*,#736,.T.);
#1035=ORIENTED_EDGE('',*,*,#791,.F.);
#1036=ORIENTED_EDGE('',*,*,#803,.F.);
#1037=ORIENTED_EDGE('',*,*,#804,.T.);
#1038=ORIENTED_EDGE('',*,*,#805,.T.);
#1039=ORIENTED_EDGE('',*,*,#795,.F.);
#1040=ORIENTED_EDGE('',*,*,#806,.F.);
#1041=ORIENTED_EDGE('',*,*,#807,.F.);
#1042=ORIENTED_EDGE('',*,*,#808,.F.);
#1043=ORIENTED_EDGE('',*,*,#809,.T.);
#1044=ORIENTED_EDGE('',*,*,#810,.F.);
#1045=ORIENTED_EDGE('',*,*,#809,.F.);
#1046=ORIENTED_EDGE('',*,*,#811,.F.);
#1047=ORIENTED_EDGE('',*,*,#775,.F.);
#1048=ORIENTED_EDGE('',*,*,#812,.F.);
#1049=ORIENTED_EDGE('',*,*,#798,.F.);
#1050=ORIENTED_EDGE('',*,*,#813,.F.);
#1051=ORIENTED_EDGE('',*,*,#807,.T.);
#1052=ORIENTED_EDGE('',*,*,#812,.T.);
#1053=ORIENTED_EDGE('',*,*,#806,.T.);
#1054=ORIENTED_EDGE('',*,*,#810,.T.);
#1055=ORIENTED_EDGE('',*,*,#774,.F.);
#1056=ORIENTED_EDGE('',*,*,#814,.F.);
#1057=ORIENTED_EDGE('',*,*,#815,.T.);
#1058=ORIENTED_EDGE('',*,*,#816,.T.);
#1059=ORIENTED_EDGE('',*,*,#799,.F.);
#1060=ORIENTED_EDGE('',*,*,#817,.F.);
#1061=ORIENTED_EDGE('',*,*,#818,.T.);
#1062=ORIENTED_EDGE('',*,*,#819,.F.);
#1063=ORIENTED_EDGE('',*,*,#818,.F.);
#1064=ORIENTED_EDGE('',*,*,#820,.F.);
#1065=ORIENTED_EDGE('',*,*,#821,.T.);
#1066=ORIENTED_EDGE('',*,*,#822,.F.);
#1067=ORIENTED_EDGE('',*,*,#821,.F.);
#1068=ORIENTED_EDGE('',*,*,#820,.T.);
#1069=ORIENTED_EDGE('',*,*,#817,.T.);
#1070=ORIENTED_EDGE('',*,*,#823,.F.);
#1071=ORIENTED_EDGE('',*,*,#824,.F.);
#1072=ORIENTED_EDGE('',*,*,#825,.F.);
#1073=ORIENTED_EDGE('',*,*,#826,.F.);
#1074=ORIENTED_EDGE('',*,*,#827,.F.);
#1075=ORIENTED_EDGE('',*,*,#828,.F.);
#1076=ORIENTED_EDGE('',*,*,#829,.F.);
#1077=ORIENTED_EDGE('',*,*,#815,.F.);
#1078=ORIENTED_EDGE('',*,*,#830,.F.);
#1079=ORIENTED_EDGE('',*,*,#831,.F.);
#1080=ORIENTED_EDGE('',*,*,#832,.F.);
#1081=ORIENTED_EDGE('',*,*,#833,.F.);
#1082=ORIENTED_EDGE('',*,*,#834,.F.);
#1083=ORIENTED_EDGE('',*,*,#835,.F.);
#1084=ORIENTED_EDGE('',*,*,#836,.F.);
#1085=ORIENTED_EDGE('',*,*,#837,.F.);
#1086=ORIENTED_EDGE('',*,*,#838,.F.);
#1087=ORIENTED_EDGE('',*,*,#839,.F.);
#1088=ORIENTED_EDGE('',*,*,#840,.T.);
#1089=ORIENTED_EDGE('',*,*,#822,.T.);
#1090=ORIENTED_EDGE('',*,*,#841,.F.);
#1091=ORIENTED_EDGE('',*,*,#842,.T.);
#1092=ORIENTED_EDGE('',*,*,#843,.F.);
#1093=ORIENTED_EDGE('',*,*,#842,.F.);
#1094=ORIENTED_EDGE('',*,*,#844,.F.);
#1095=ORIENTED_EDGE('',*,*,#845,.T.);
#1096=ORIENTED_EDGE('',*,*,#840,.F.);
#1097=ORIENTED_EDGE('',*,*,#845,.F.);
#1098=ORIENTED_EDGE('',*,*,#844,.T.);
#1099=ORIENTED_EDGE('',*,*,#841,.T.);
#1100=ORIENTED_EDGE('',*,*,#819,.T.);
#1101=ORIENTED_EDGE('',*,*,#846,.F.);
#1102=ORIENTED_EDGE('',*,*,#847,.T.);
#1103=ORIENTED_EDGE('',*,*,#848,.T.);
#1104=ORIENTED_EDGE('',*,*,#847,.F.);
#1105=ORIENTED_EDGE('',*,*,#848,.F.);
#1106=ORIENTED_EDGE('',*,*,#849,.F.);
#1107=ORIENTED_EDGE('',*,*,#850,.F.);
#1108=ORIENTED_EDGE('',*,*,#851,.T.);
#1109=ORIENTED_EDGE('',*,*,#852,.T.);
#1110=ORIENTED_EDGE('',*,*,#851,.F.);
#1111=ORIENTED_EDGE('',*,*,#852,.F.);
#1112=ORIENTED_EDGE('',*,*,#853,.F.);
#1113=ORIENTED_EDGE('',*,*,#854,.F.);
#1114=ORIENTED_EDGE('',*,*,#855,.T.);
#1115=ORIENTED_EDGE('',*,*,#856,.T.);
#1116=ORIENTED_EDGE('',*,*,#855,.F.);
#1117=ORIENTED_EDGE('',*,*,#856,.F.);
#1118=ORIENTED_EDGE('',*,*,#857,.F.);
#1119=ORIENTED_EDGE('',*,*,#858,.F.);
#1120=ORIENTED_EDGE('',*,*,#859,.T.);
#1121=ORIENTED_EDGE('',*,*,#860,.T.);
#1122=ORIENTED_EDGE('',*,*,#859,.F.);
#1123=ORIENTED_EDGE('',*,*,#860,.F.);
#1124=ORIENTED_EDGE('',*,*,#861,.F.);
#1125=ORIENTED_EDGE('',*,*,#843,.T.);
#1126=ORIENTED_EDGE('',*,*,#831,.T.);
#1127=ORIENTED_EDGE('',*,*,#862,.T.);
#1128=ORIENTED_EDGE('',*,*,#772,.F.);
#1129=ORIENTED_EDGE('',*,*,#863,.F.);
#1130=ORIENTED_EDGE('',*,*,#830,.T.);
#1131=ORIENTED_EDGE('',*,*,#814,.T.);
#1132=ORIENTED_EDGE('',*,*,#773,.F.);
#1133=ORIENTED_EDGE('',*,*,#862,.F.);
#1134=ORIENTED_EDGE('',*,*,#829,.T.);
#1135=ORIENTED_EDGE('',*,*,#864,.T.);
#1136=ORIENTED_EDGE('',*,*,#800,.F.);
#1137=ORIENTED_EDGE('',*,*,#816,.F.);
#1138=ORIENTED_EDGE('',*,*,#731,.T.);
#1139=ORIENTED_EDGE('',*,*,#801,.F.);
#1140=ORIENTED_EDGE('',*,*,#864,.F.);
#1141=ORIENTED_EDGE('',*,*,#828,.T.);
#1142=ORIENTED_EDGE('',*,*,#865,.T.);
#1143=ORIENTED_EDGE('',*,*,#758,.F.);
#1144=ORIENTED_EDGE('',*,*,#734,.T.);
#1145=ORIENTED_EDGE('',*,*,#738,.T.);
#1146=ORIENTED_EDGE('',*,*,#741,.T.);
#1147=ORIENTED_EDGE('',*,*,#744,.T.);
#1148=ORIENTED_EDGE('',*,*,#747,.T.);
#1149=ORIENTED_EDGE('',*,*,#750,.T.);
#1150=ORIENTED_EDGE('',*,*,#753,.T.);
#1151=ORIENTED_EDGE('',*,*,#756,.T.);
#1152=ORIENTED_EDGE('',*,*,#712,.T.);
#1153=ORIENTED_EDGE('',*,*,#716,.T.);
#1154=ORIENTED_EDGE('',*,*,#719,.T.);
#1155=ORIENTED_EDGE('',*,*,#722,.T.);
#1156=ORIENTED_EDGE('',*,*,#725,.T.);
#1157=ORIENTED_EDGE('',*,*,#728,.T.);
#1158=ORIENTED_EDGE('',*,*,#827,.T.);
#1159=ORIENTED_EDGE('',*,*,#866,.T.);
#1160=ORIENTED_EDGE('',*,*,#759,.F.);
#1161=ORIENTED_EDGE('',*,*,#865,.F.);
#1162=ORIENTED_EDGE('',*,*,#826,.T.);
#1163=ORIENTED_EDGE('',*,*,#867,.T.);
#1164=ORIENTED_EDGE('',*,*,#760,.F.);
#1165=ORIENTED_EDGE('',*,*,#866,.F.);
#1166=ORIENTED_EDGE('',*,*,#825,.T.);
#1167=ORIENTED_EDGE('',*,*,#868,.T.);
#1168=ORIENTED_EDGE('',*,*,#761,.F.);
#1169=ORIENTED_EDGE('',*,*,#867,.F.);
#1170=ORIENTED_EDGE('',*,*,#824,.T.);
#1171=ORIENTED_EDGE('',*,*,#869,.T.);
#1172=ORIENTED_EDGE('',*,*,#762,.F.);
#1173=ORIENTED_EDGE('',*,*,#868,.F.);
#1174=ORIENTED_EDGE('',*,*,#832,.T.);
#1175=ORIENTED_EDGE('',*,*,#863,.T.);
#1176=ORIENTED_EDGE('',*,*,#771,.F.);
#1177=ORIENTED_EDGE('',*,*,#870,.F.);
#1178=ORIENTED_EDGE('',*,*,#833,.T.);
#1179=ORIENTED_EDGE('',*,*,#870,.T.);
#1180=ORIENTED_EDGE('',*,*,#770,.F.);
#1181=ORIENTED_EDGE('',*,*,#871,.F.);
#1182=ORIENTED_EDGE('',*,*,#834,.T.);
#1183=ORIENTED_EDGE('',*,*,#871,.T.);
#1184=ORIENTED_EDGE('',*,*,#769,.F.);
#1185=ORIENTED_EDGE('',*,*,#872,.F.);
#1186=ORIENTED_EDGE('',*,*,#835,.T.);
#1187=ORIENTED_EDGE('',*,*,#872,.T.);
#1188=ORIENTED_EDGE('',*,*,#768,.F.);
#1189=ORIENTED_EDGE('',*,*,#873,.F.);
#1190=ORIENTED_EDGE('',*,*,#836,.T.);
#1191=ORIENTED_EDGE('',*,*,#873,.T.);
#1192=ORIENTED_EDGE('',*,*,#767,.F.);
#1193=ORIENTED_EDGE('',*,*,#874,.F.);
#1194=ORIENTED_EDGE('',*,*,#837,.T.);
#1195=ORIENTED_EDGE('',*,*,#874,.T.);
#1196=ORIENTED_EDGE('',*,*,#766,.F.);
#1197=ORIENTED_EDGE('',*,*,#875,.F.);
#1198=ORIENTED_EDGE('',*,*,#838,.T.);
#1199=ORIENTED_EDGE('',*,*,#875,.T.);
#1200=ORIENTED_EDGE('',*,*,#765,.F.);
#1201=ORIENTED_EDGE('',*,*,#876,.F.);
#1202=ORIENTED_EDGE('',*,*,#839,.T.);
#1203=ORIENTED_EDGE('',*,*,#876,.T.);
#1204=ORIENTED_EDGE('',*,*,#764,.F.);
#1205=ORIENTED_EDGE('',*,*,#877,.F.);
#1206=ORIENTED_EDGE('',*,*,#823,.T.);
#1207=ORIENTED_EDGE('',*,*,#877,.T.);
#1208=ORIENTED_EDGE('',*,*,#763,.F.);
#1209=ORIENTED_EDGE('',*,*,#869,.F.);
#1210=ORIENTED_EDGE('',*,*,#794,.F.);
#1211=ORIENTED_EDGE('',*,*,#878,.T.);
#1212=ORIENTED_EDGE('',*,*,#861,.T.);
#1213=ORIENTED_EDGE('',*,*,#878,.F.);
#1214=ORIENTED_EDGE('',*,*,#793,.F.);
#1215=ORIENTED_EDGE('',*,*,#879,.T.);
#1216=ORIENTED_EDGE('',*,*,#853,.T.);
#1217=ORIENTED_EDGE('',*,*,#879,.F.);
#1218=ORIENTED_EDGE('',*,*,#792,.F.);
#1219=ORIENTED_EDGE('',*,*,#880,.T.);
#1220=ORIENTED_EDGE('',*,*,#857,.T.);
#1221=ORIENTED_EDGE('',*,*,#880,.F.);
#1222=ORIENTED_EDGE('',*,*,#802,.F.);
#1223=ORIENTED_EDGE('',*,*,#881,.T.);
#1224=ORIENTED_EDGE('',*,*,#849,.T.);
#1225=ORIENTED_EDGE('',*,*,#881,.F.);
#1226=ORIENTED_EDGE('',*,*,#882,.T.);
#1227=ORIENTED_EDGE('',*,*,#803,.T.);
#1228=ORIENTED_EDGE('',*,*,#790,.F.);
#1229=ORIENTED_EDGE('',*,*,#883,.F.);
#1230=ORIENTED_EDGE('',*,*,#884,.T.);
#1231=ORIENTED_EDGE('',*,*,#883,.T.);
#1232=ORIENTED_EDGE('',*,*,#789,.F.);
#1233=ORIENTED_EDGE('',*,*,#885,.F.);
#1234=ORIENTED_EDGE('',*,*,#886,.T.);
#1235=ORIENTED_EDGE('',*,*,#885,.T.);
#1236=ORIENTED_EDGE('',*,*,#788,.F.);
#1237=ORIENTED_EDGE('',*,*,#887,.F.);
#1238=ORIENTED_EDGE('',*,*,#888,.T.);
#1239=ORIENTED_EDGE('',*,*,#887,.T.);
#1240=ORIENTED_EDGE('',*,*,#787,.F.);
#1241=ORIENTED_EDGE('',*,*,#889,.F.);
#1242=ORIENTED_EDGE('',*,*,#890,.T.);
#1243=ORIENTED_EDGE('',*,*,#889,.T.);
#1244=ORIENTED_EDGE('',*,*,#786,.F.);
#1245=ORIENTED_EDGE('',*,*,#891,.F.);
#1246=ORIENTED_EDGE('',*,*,#892,.T.);
#1247=ORIENTED_EDGE('',*,*,#891,.T.);
#1248=ORIENTED_EDGE('',*,*,#785,.F.);
#1249=ORIENTED_EDGE('',*,*,#893,.F.);
#1250=ORIENTED_EDGE('',*,*,#894,.T.);
#1251=ORIENTED_EDGE('',*,*,#893,.T.);
#1252=ORIENTED_EDGE('',*,*,#784,.F.);
#1253=ORIENTED_EDGE('',*,*,#895,.F.);
#1254=ORIENTED_EDGE('',*,*,#896,.T.);
#1255=ORIENTED_EDGE('',*,*,#895,.T.);
#1256=ORIENTED_EDGE('',*,*,#783,.F.);
#1257=ORIENTED_EDGE('',*,*,#897,.F.);
#1258=ORIENTED_EDGE('',*,*,#898,.T.);
#1259=ORIENTED_EDGE('',*,*,#897,.T.);
#1260=ORIENTED_EDGE('',*,*,#782,.F.);
#1261=ORIENTED_EDGE('',*,*,#899,.F.);
#1262=ORIENTED_EDGE('',*,*,#900,.T.);
#1263=ORIENTED_EDGE('',*,*,#899,.T.);
#1264=ORIENTED_EDGE('',*,*,#781,.F.);
#1265=ORIENTED_EDGE('',*,*,#901,.F.);
#1266=ORIENTED_EDGE('',*,*,#902,.T.);
#1267=ORIENTED_EDGE('',*,*,#901,.T.);
#1268=ORIENTED_EDGE('',*,*,#780,.F.);
#1269=ORIENTED_EDGE('',*,*,#903,.F.);
#1270=ORIENTED_EDGE('',*,*,#904,.T.);
#1271=ORIENTED_EDGE('',*,*,#903,.T.);
#1272=ORIENTED_EDGE('',*,*,#779,.F.);
#1273=ORIENTED_EDGE('',*,*,#905,.F.);
#1274=ORIENTED_EDGE('',*,*,#906,.T.);
#1275=ORIENTED_EDGE('',*,*,#905,.T.);
#1276=ORIENTED_EDGE('',*,*,#778,.F.);
#1277=ORIENTED_EDGE('',*,*,#907,.F.);
#1278=ORIENTED_EDGE('',*,*,#908,.T.);
#1279=ORIENTED_EDGE('',*,*,#907,.T.);
#1280=ORIENTED_EDGE('',*,*,#777,.F.);
#1281=ORIENTED_EDGE('',*,*,#909,.F.);
#1282=ORIENTED_EDGE('',*,*,#813,.T.);
#1283=ORIENTED_EDGE('',*,*,#797,.F.);
#1284=ORIENTED_EDGE('',*,*,#910,.F.);
#1285=ORIENTED_EDGE('',*,*,#911,.T.);
#1286=ORIENTED_EDGE('',*,*,#909,.T.);
#1287=ORIENTED_EDGE('',*,*,#776,.F.);
#1288=ORIENTED_EDGE('',*,*,#811,.T.);
#1289=ORIENTED_EDGE('',*,*,#808,.T.);
#1290=ORIENTED_EDGE('',*,*,#912,.T.);
#1291=ORIENTED_EDGE('',*,*,#910,.T.);
#1292=ORIENTED_EDGE('',*,*,#796,.F.);
#1293=ORIENTED_EDGE('',*,*,#805,.F.);
#1294=ORIENTED_EDGE('',*,*,#804,.F.);
#1295=ORIENTED_EDGE('',*,*,#882,.F.);
#1296=ORIENTED_EDGE('',*,*,#884,.F.);
#1297=ORIENTED_EDGE('',*,*,#886,.F.);
#1298=ORIENTED_EDGE('',*,*,#888,.F.);
#1299=ORIENTED_EDGE('',*,*,#890,.F.);
#1300=ORIENTED_EDGE('',*,*,#892,.F.);
#1301=ORIENTED_EDGE('',*,*,#894,.F.);
#1302=ORIENTED_EDGE('',*,*,#896,.F.);
#1303=ORIENTED_EDGE('',*,*,#898,.F.);
#1304=ORIENTED_EDGE('',*,*,#900,.F.);
#1305=ORIENTED_EDGE('',*,*,#902,.F.);
#1306=ORIENTED_EDGE('',*,*,#904,.F.);
#1307=ORIENTED_EDGE('',*,*,#906,.F.);
#1308=ORIENTED_EDGE('',*,*,#908,.F.);
#1309=ORIENTED_EDGE('',*,*,#911,.F.);
#1310=ORIENTED_EDGE('',*,*,#912,.F.);
#1311=ORIENTED_EDGE('',*,*,#858,.T.);
#1312=ORIENTED_EDGE('',*,*,#854,.T.);
#1313=ORIENTED_EDGE('',*,*,#850,.T.);
#1314=ORIENTED_EDGE('',*,*,#846,.T.);
#1315=PLANE('',#1458);
#1316=PLANE('',#1459);
#1317=PLANE('',#1460);
#1318=PLANE('',#1461);
#1319=PLANE('',#1462);
#1320=PLANE('',#1463);
#1321=PLANE('',#1464);
#1322=PLANE('',#1465);
#1323=PLANE('',#1466);
#1324=PLANE('',#1467);
#1325=PLANE('',#1468);
#1326=PLANE('',#1469);
#1327=PLANE('',#1470);
#1328=PLANE('',#1471);
#1329=PLANE('',#1472);
#1330=PLANE('',#1473);
#1331=PLANE('',#1488);
#1332=PLANE('',#1492);
#1333=PLANE('',#1493);
#1334=PLANE('',#1494);
#1335=PLANE('',#1495);
#1336=PLANE('',#1496);
#1337=PLANE('',#1503);
#1338=PLANE('',#1504);
#1339=PLANE('',#1518);
#1340=PLANE('',#1519);
#1341=PLANE('',#1523);
#1342=PLANE('',#1528);
#1343=PLANE('',#1533);
#1344=PLANE('',#1538);
#1345=PLANE('',#1540);
#1346=PLANE('',#1542);
#1347=PLANE('',#1544);
#1348=PLANE('',#1546);
#1349=PLANE('',#1548);
#1350=PLANE('',#1549);
#1351=PLANE('',#1550);
#1352=PLANE('',#1551);
#1353=PLANE('',#1553);
#1354=PLANE('',#1555);
#1355=PLANE('',#1557);
#1356=PLANE('',#1564);
#1357=PLANE('',#1567);
#1358=PLANE('',#1570);
#1359=PLANE('',#1571);
#1360=PLANE('',#1572);
#1361=PLANE('',#1575);
#1362=PLANE('',#1576);
#1363=PLANE('',#1577);
#1364=PLANE('',#1580);
#1365=PLANE('',#1581);
#1366=PLANE('',#1584);
#1367=ADVANCED_FACE('',(#106),#1315,.F.);
#1368=ADVANCED_FACE('',(#107),#1316,.F.);
#1369=ADVANCED_FACE('',(#108),#1317,.F.);
#1370=ADVANCED_FACE('',(#109),#1318,.F.);
#1371=ADVANCED_FACE('',(#110),#1319,.F.);
#1372=ADVANCED_FACE('',(#111),#1320,.F.);
#1373=ADVANCED_FACE('',(#112),#1321,.F.);
#1374=ADVANCED_FACE('',(#113),#1322,.F.);
#1375=ADVANCED_FACE('',(#114),#1323,.F.);
#1376=ADVANCED_FACE('',(#115),#1324,.F.);
#1377=ADVANCED_FACE('',(#116),#1325,.F.);
#1378=ADVANCED_FACE('',(#117),#1326,.F.);
#1379=ADVANCED_FACE('',(#118),#1327,.F.);
#1380=ADVANCED_FACE('',(#119),#1328,.F.);
#1381=ADVANCED_FACE('',(#120),#1329,.F.);
#1382=ADVANCED_FACE('',(#121,#40,#41,#42),#1330,.T.);
#1383=ADVANCED_FACE('',(#122,#43),#1331,.T.);
#1384=ADVANCED_FACE('',(#123),#1332,.T.);
#1385=ADVANCED_FACE('',(#124),#1333,.F.);
#1386=ADVANCED_FACE('',(#125),#1334,.F.);
#1387=ADVANCED_FACE('',(#126),#1335,.F.);
#1388=ADVANCED_FACE('',(#127),#1336,.T.);
#1389=ADVANCED_FACE('',(#128),#15,.F.);
#1390=ADVANCED_FACE('',(#129),#16,.T.);
#1391=ADVANCED_FACE('',(#130,#44),#1337,.T.);
#1392=ADVANCED_FACE('',(#131,#45,#46),#1338,.T.);
#1393=ADVANCED_FACE('',(#132),#17,.F.);
#1394=ADVANCED_FACE('',(#133),#18,.T.);
#1395=ADVANCED_FACE('',(#134,#47),#1339,.T.);
#1396=ADVANCED_FACE('',(#135),#1340,.T.);
#1397=ADVANCED_FACE('',(#136),#19,.F.);
#1398=ADVANCED_FACE('',(#137,#48),#1341,.F.);
#1399=ADVANCED_FACE('',(#138),#20,.F.);
#1400=ADVANCED_FACE('',(#139,#49),#1342,.F.);
#1401=ADVANCED_FACE('',(#140),#21,.F.);
#1402=ADVANCED_FACE('',(#141,#50),#1343,.F.);
#1403=ADVANCED_FACE('',(#142),#22,.F.);
#1404=ADVANCED_FACE('',(#143,#51),#1344,.F.);
#1405=ADVANCED_FACE('',(#144),#1345,.T.);
#1406=ADVANCED_FACE('',(#145),#23,.F.);
#1407=ADVANCED_FACE('',(#146),#1346,.T.);
#1408=ADVANCED_FACE('',(#147),#24,.F.);
#1409=ADVANCED_FACE('',(#148),#1347,.T.);
#1410=ADVANCED_FACE('',(#149),#25,.F.);
#1411=ADVANCED_FACE('',(#150),#1348,.T.);
#1412=ADVANCED_FACE('',(#151),#26,.F.);
#1413=ADVANCED_FACE('',(#152),#1349,.T.);
#1414=ADVANCED_FACE('',(#153),#1350,.T.);
#1415=ADVANCED_FACE('',(#154),#1351,.T.);
#1416=ADVANCED_FACE('',(#155),#1352,.T.);
#1417=ADVANCED_FACE('',(#156),#27,.F.);
#1418=ADVANCED_FACE('',(#157),#1353,.T.);
#1419=ADVANCED_FACE('',(#158),#28,.T.);
#1420=ADVANCED_FACE('',(#159),#1354,.T.);
#1421=ADVANCED_FACE('',(#160),#29,.T.);
#1422=ADVANCED_FACE('',(#161),#1355,.T.);
#1423=ADVANCED_FACE('',(#162),#30,.F.);
#1424=ADVANCED_FACE('',(#163),#31,.F.);
#1425=ADVANCED_FACE('',(#164),#32,.F.);
#1426=ADVANCED_FACE('',(#165),#33,.F.);
#1427=ADVANCED_FACE('',(#166),#34,.T.);
#1428=ADVANCED_FACE('',(#167),#1356,.T.);
#1429=ADVANCED_FACE('',(#168),#35,.T.);
#1430=ADVANCED_FACE('',(#169),#1357,.T.);
#1431=ADVANCED_FACE('',(#170),#36,.T.);
#1432=ADVANCED_FACE('',(#171),#1358,.T.);
#1433=ADVANCED_FACE('',(#172),#1359,.T.);
#1434=ADVANCED_FACE('',(#173),#1360,.T.);
#1435=ADVANCED_FACE('',(#174),#37,.T.);
#1436=ADVANCED_FACE('',(#175),#1361,.T.);
#1437=ADVANCED_FACE('',(#176),#1362,.T.);
#1438=ADVANCED_FACE('',(#177),#1363,.T.);
#1439=ADVANCED_FACE('',(#178),#38,.T.);
#1440=ADVANCED_FACE('',(#179),#1364,.T.);
#1441=ADVANCED_FACE('',(#180),#1365,.T.);
#1442=ADVANCED_FACE('',(#181),#39,.T.);
#1443=ADVANCED_FACE('',(#182,#52,#53,#54,#55),#1366,.F.);
#1444=CLOSED_SHELL('',(#1367,#1368,#1369,#1370,#1371,#1372,#1373,#1374,
#1375,#1376,#1377,#1378,#1379,#1380,#1381,#1382,#1383,#1384,#1385,#1386,
#1387,#1388,#1389,#1390,#1391,#1392,#1393,#1394,#1395,#1396,#1397,#1398,
#1399,#1400,#1401,#1402,#1403,#1404,#1405,#1406,#1407,#1408,#1409,#1410,
#1411,#1412,#1413,#1414,#1415,#1416,#1417,#1418,#1419,#1420,#1421,#1422,
#1423,#1424,#1425,#1426,#1427,#1428,#1429,#1430,#1431,#1432,#1433,#1434,
#1435,#1436,#1437,#1438,#1439,#1440,#1441,#1442,#1443));
#1445=DERIVED_UNIT_ELEMENT(#1447,1.);
#1446=DERIVED_UNIT_ELEMENT(#2410,-3.);
#1447=(
MASS_UNIT()
NAMED_UNIT(*)
SI_UNIT(.KILO.,.GRAM.)
);
#1448=DERIVED_UNIT((#1445,#1446));
#1449=MEASURE_REPRESENTATION_ITEM('density measure',
POSITIVE_RATIO_MEASURE(7850.),#1448);
#1450=PROPERTY_DEFINITION_REPRESENTATION(#1455,#1452);
#1451=PROPERTY_DEFINITION_REPRESENTATION(#1456,#1453);
#1452=REPRESENTATION('material name',(#1454),#2407);
#1453=REPRESENTATION('density',(#1449),#2407);
#1454=DESCRIPTIVE_REPRESENTATION_ITEM('Steel','Steel');
#1455=PROPERTY_DEFINITION('material property','material name',#2417);
#1456=PROPERTY_DEFINITION('material property','density of part',#2417);
#1457=AXIS2_PLACEMENT_3D('',#1992,#1585,#1586);
#1458=AXIS2_PLACEMENT_3D('',#1993,#1587,#1588);
#1459=AXIS2_PLACEMENT_3D('',#2002,#1593,#1594);
#1460=AXIS2_PLACEMENT_3D('',#2008,#1598,#1599);
#1461=AXIS2_PLACEMENT_3D('',#2014,#1603,#1604);
#1462=AXIS2_PLACEMENT_3D('',#2020,#1608,#1609);
#1463=AXIS2_PLACEMENT_3D('',#2026,#1613,#1614);
#1464=AXIS2_PLACEMENT_3D('',#2032,#1618,#1619);
#1465=AXIS2_PLACEMENT_3D('',#2038,#1623,#1624);
#1466=AXIS2_PLACEMENT_3D('',#2047,#1629,#1630);
#1467=AXIS2_PLACEMENT_3D('',#2053,#1634,#1635);
#1468=AXIS2_PLACEMENT_3D('',#2059,#1639,#1640);
#1469=AXIS2_PLACEMENT_3D('',#2065,#1644,#1645);
#1470=AXIS2_PLACEMENT_3D('',#2071,#1649,#1650);
#1471=AXIS2_PLACEMENT_3D('',#2077,#1654,#1655);
#1472=AXIS2_PLACEMENT_3D('',#2083,#1659,#1660);
#1473=AXIS2_PLACEMENT_3D('',#2086,#1663,#1664);
#1474=AXIS2_PLACEMENT_3D('',#2090,#1666,#1667);
#1475=AXIS2_PLACEMENT_3D('',#2094,#1669,#1670);
#1476=AXIS2_PLACEMENT_3D('',#2100,#1673,#1674);
#1477=AXIS2_PLACEMENT_3D('',#2104,#1676,#1677);
#1478=AXIS2_PLACEMENT_3D('',#2108,#1679,#1680);
#1479=AXIS2_PLACEMENT_3D('',#2116,#1684,#1685);
#1480=AXIS2_PLACEMENT_3D('',#2128,#1691,#1692);
#1481=AXIS2_PLACEMENT_3D('',#2136,#1696,#1697);
#1482=AXIS2_PLACEMENT_3D('',#2144,#1701,#1702);
#1483=AXIS2_PLACEMENT_3D('',#2148,#1704,#1705);
#1484=AXIS2_PLACEMENT_3D('',#2152,#1707,#1708);
#1485=AXIS2_PLACEMENT_3D('',#2155,#1710,#1711);
#1486=AXIS2_PLACEMENT_3D('',#2157,#1712,#1713);
#1487=AXIS2_PLACEMENT_3D('',#2159,#1714,#1715);
#1488=AXIS2_PLACEMENT_3D('',#2160,#1716,#1717);
#1489=AXIS2_PLACEMENT_3D('',#2164,#1719,#1720);
#1490=AXIS2_PLACEMENT_3D('',#2172,#1724,#1725);
#1491=AXIS2_PLACEMENT_3D('',#2175,#1727,#1728);
#1492=AXIS2_PLACEMENT_3D('',#2176,#1729,#1730);
#1493=AXIS2_PLACEMENT_3D('',#2182,#1734,#1735);
#1494=AXIS2_PLACEMENT_3D('',#2191,#1740,#1741);
#1495=AXIS2_PLACEMENT_3D('',#2194,#1744,#1745);
#1496=AXIS2_PLACEMENT_3D('',#2197,#1748,#1749);
#1497=AXIS2_PLACEMENT_3D('',#2203,#1753,#1754);
#1498=AXIS2_PLACEMENT_3D('',#2205,#1755,#1756);
#1499=AXIS2_PLACEMENT_3D('',#2208,#1758,#1759);
#1500=AXIS2_PLACEMENT_3D('',#2209,#1760,#1761);
#1501=AXIS2_PLACEMENT_3D('',#2211,#1762,#1763);
#1502=AXIS2_PLACEMENT_3D('',#2214,#1765,#1766);
#1503=AXIS2_PLACEMENT_3D('',#2215,#1767,#1768);
#1504=AXIS2_PLACEMENT_3D('',#2216,#1769,#1770);
#1505=AXIS2_PLACEMENT_3D('',#2223,#1773,#1774);
#1506=AXIS2_PLACEMENT_3D('',#2227,#1776,#1777);
#1507=AXIS2_PLACEMENT_3D('',#2230,#1779,#1780);
#1508=AXIS2_PLACEMENT_3D('',#2234,#1782,#1783);
#1509=AXIS2_PLACEMENT_3D('',#2242,#1787,#1788);
#1510=AXIS2_PLACEMENT_3D('',#2246,#1790,#1791);
#1511=AXIS2_PLACEMENT_3D('',#2249,#1793,#1794);
#1512=AXIS2_PLACEMENT_3D('',#2251,#1795,#1796);
#1513=AXIS2_PLACEMENT_3D('',#2252,#1797,#1798);
#1514=AXIS2_PLACEMENT_3D('',#2254,#1799,#1800);
#1515=AXIS2_PLACEMENT_3D('',#2257,#1802,#1803);
#1516=AXIS2_PLACEMENT_3D('',#2258,#1804,#1805);
#1517=AXIS2_PLACEMENT_3D('',#2260,#1806,#1807);
#1518=AXIS2_PLACEMENT_3D('',#2262,#1809,#1810);
#1519=AXIS2_PLACEMENT_3D('',#2263,#1811,#1812);
#1520=AXIS2_PLACEMENT_3D('',#2264,#1813,#1814);
#1521=AXIS2_PLACEMENT_3D('',#2266,#1815,#1816);
#1522=AXIS2_PLACEMENT_3D('',#2269,#1818,#1819);
#1523=AXIS2_PLACEMENT_3D('',#2270,#1820,#1821);
#1524=AXIS2_PLACEMENT_3D('',#2272,#1822,#1823);
#1525=AXIS2_PLACEMENT_3D('',#2273,#1824,#1825);
#1526=AXIS2_PLACEMENT_3D('',#2275,#1826,#1827);
#1527=AXIS2_PLACEMENT_3D('',#2278,#1829,#1830);
#1528=AXIS2_PLACEMENT_3D('',#2279,#1831,#1832);
#1529=AXIS2_PLACEMENT_3D('',#2281,#1833,#1834);
#1530=AXIS2_PLACEMENT_3D('',#2282,#1835,#1836);
#1531=AXIS2_PLACEMENT_3D('',#2284,#1837,#1838);
#1532=AXIS2_PLACEMENT_3D('',#2287,#1840,#1841);
#1533=AXIS2_PLACEMENT_3D('',#2288,#1842,#1843);
#1534=AXIS2_PLACEMENT_3D('',#2290,#1844,#1845);
#1535=AXIS2_PLACEMENT_3D('',#2291,#1846,#1847);
#1536=AXIS2_PLACEMENT_3D('',#2293,#1848,#1849);
#1537=AXIS2_PLACEMENT_3D('',#2296,#1851,#1852);
#1538=AXIS2_PLACEMENT_3D('',#2297,#1853,#1854);
#1539=AXIS2_PLACEMENT_3D('',#2299,#1855,#1856);
#1540=AXIS2_PLACEMENT_3D('',#2300,#1857,#1858);
#1541=AXIS2_PLACEMENT_3D('',#2301,#1859,#1860);
#1542=AXIS2_PLACEMENT_3D('',#2304,#1863,#1864);
#1543=AXIS2_PLACEMENT_3D('',#2305,#1865,#1866);
#1544=AXIS2_PLACEMENT_3D('',#2307,#1868,#1869);
#1545=AXIS2_PLACEMENT_3D('',#2309,#1871,#1872);
#1546=AXIS2_PLACEMENT_3D('',#2311,#1874,#1875);
#1547=AXIS2_PLACEMENT_3D('',#2313,#1877,#1878);
#1548=AXIS2_PLACEMENT_3D('',#2315,#1880,#1881);
#1549=AXIS2_PLACEMENT_3D('',#2317,#1883,#1884);
#1550=AXIS2_PLACEMENT_3D('',#2319,#1886,#1887);
#1551=AXIS2_PLACEMENT_3D('',#2321,#1889,#1890);
#1552=AXIS2_PLACEMENT_3D('',#2323,#1892,#1893);
#1553=AXIS2_PLACEMENT_3D('',#2325,#1895,#1896);
#1554=AXIS2_PLACEMENT_3D('',#2327,#1898,#1899);
#1555=AXIS2_PLACEMENT_3D('',#2329,#1901,#1902);
#1556=AXIS2_PLACEMENT_3D('',#2331,#1904,#1905);
#1557=AXIS2_PLACEMENT_3D('',#2333,#1907,#1908);
#1558=AXIS2_PLACEMENT_3D('',#2334,#1909,#1910);
#1559=AXIS2_PLACEMENT_3D('',#2336,#1912,#1913);
#1560=AXIS2_PLACEMENT_3D('',#2338,#1915,#1916);
#1561=AXIS2_PLACEMENT_3D('',#2340,#1918,#1919);
#1562=AXIS2_PLACEMENT_3D('',#2342,#1921,#1922);
#1563=AXIS2_PLACEMENT_3D('',#2344,#1923,#1924);
#1564=AXIS2_PLACEMENT_3D('',#2346,#1926,#1927);
#1565=AXIS2_PLACEMENT_3D('',#2350,#1930,#1931);
#1566=AXIS2_PLACEMENT_3D('',#2352,#1932,#1933);
#1567=AXIS2_PLACEMENT_3D('',#2354,#1935,#1936);
#1568=AXIS2_PLACEMENT_3D('',#2358,#1939,#1940);
#1569=AXIS2_PLACEMENT_3D('',#2360,#1941,#1942);
#1570=AXIS2_PLACEMENT_3D('',#2362,#1944,#1945);
#1571=AXIS2_PLACEMENT_3D('',#2366,#1948,#1949);
#1572=AXIS2_PLACEMENT_3D('',#2370,#1952,#1953);
#1573=AXIS2_PLACEMENT_3D('',#2374,#1956,#1957);
#1574=AXIS2_PLACEMENT_3D('',#2376,#1958,#1959);
#1575=AXIS2_PLACEMENT_3D('',#2378,#1961,#1962);
#1576=AXIS2_PLACEMENT_3D('',#2382,#1965,#1966);
#1577=AXIS2_PLACEMENT_3D('',#2386,#1969,#1970);
#1578=AXIS2_PLACEMENT_3D('',#2390,#1973,#1974);
#1579=AXIS2_PLACEMENT_3D('',#2392,#1975,#1976);
#1580=AXIS2_PLACEMENT_3D('',#2394,#1978,#1979);
#1581=AXIS2_PLACEMENT_3D('',#2398,#1982,#1983);
#1582=AXIS2_PLACEMENT_3D('',#2402,#1986,#1987);
#1583=AXIS2_PLACEMENT_3D('',#2403,#1988,#1989);
#1584=AXIS2_PLACEMENT_3D('',#2404,#1990,#1991);
#1585=DIRECTION('axis',(0.,0.,1.));
#1586=DIRECTION('refdir',(1.,0.,0.));
#1587=DIRECTION('center_axis',(-0.094069196389942,1.22867985576587E-17,
-0.995565661466159));
#1588=DIRECTION('ref_axis',(0.995565661466159,-1.17977309660937E-16,-0.0940691963899419));
#1589=DIRECTION('',(-0.995565661466159,0.,0.0940691963899419));
#1590=DIRECTION('',(-1.30614473485313E-16,-1.,0.));
#1591=DIRECTION('',(0.995565661466159,-1.17977309660937E-16,-0.0940691963899419));
#1592=DIRECTION('',(-1.30614473485313E-16,-1.,0.));
#1593=DIRECTION('center_axis',(-0.301981397536902,3.94431412416413E-17,
-0.953313817974784));
#1594=DIRECTION('ref_axis',(0.953313817974784,-1.12970348275802E-16,-0.301981397536902));
#1595=DIRECTION('',(-0.953313817974784,0.,0.301981397536902));
#1596=DIRECTION('',(0.953313817974784,-1.12970348275802E-16,-0.301981397536902));
#1597=DIRECTION('',(-1.30614473485313E-16,-1.,0.));
#1598=DIRECTION('center_axis',(-0.485350640124471,6.33938183156172E-17,
-0.874319596103602));
#1599=DIRECTION('ref_axis',(0.874319596103602,-1.03609312499019E-16,-0.485350640124471));
#1600=DIRECTION('',(-0.874319596103602,0.,0.485350640124471));
#1601=DIRECTION('',(0.874319596103602,-1.03609312499019E-16,-0.485350640124471));
#1602=DIRECTION('',(-1.30614473485313E-16,-1.,0.));
#1603=DIRECTION('center_axis',(-0.625444010305958,8.16920401006551E-17,
-0.780269049733745));
#1604=DIRECTION('ref_axis',(0.780269049733744,-9.24640602446211E-17,-0.625444010305958));
#1605=DIRECTION('',(-0.780269049733744,0.,0.625444010305958));
#1606=DIRECTION('',(0.780269049733744,-9.24640602446211E-17,-0.625444010305958));
#1607=DIRECTION('',(-1.30614473485313E-16,-1.,0.));
#1608=DIRECTION('center_axis',(-0.776149066644521,1.01376301685891E-16,
-0.630549463838357));
#1609=DIRECTION('ref_axis',(0.630549463838357,-7.47218714255788E-17,-0.776149066644521));
#1610=DIRECTION('',(-0.630549463838357,0.,0.776149066644521));
#1611=DIRECTION('',(0.630549463838357,-7.47218714255788E-17,-0.776149066644521));
#1612=DIRECTION('',(-1.30614473485313E-16,-1.,0.));
#1613=DIRECTION('center_axis',(-0.884116711666147,1.1547843879384E-16,-0.467266134181195));
#1614=DIRECTION('ref_axis',(0.467266134181195,-5.53723411122669E-17,-0.884116711666147));
#1615=DIRECTION('',(-0.467266134181195,0.,0.884116711666147));
#1616=DIRECTION('',(0.467266134181195,-5.53723411122669E-17,-0.884116711666147));
#1617=DIRECTION('',(-1.30614473485313E-16,-1.,0.));
#1618=DIRECTION('center_axis',(-0.957545794764289,1.25069339821213E-16,
-0.288281201137405));
#1619=DIRECTION('ref_axis',(0.288281201137405,-3.41621269720447E-17,-0.957545794764289));
#1620=DIRECTION('',(-0.288281201137405,0.,0.957545794764289));
#1621=DIRECTION('',(0.288281201137405,-3.41621269720447E-17,-0.957545794764289));
#1622=DIRECTION('',(1.30614473485313E-16,1.,0.));
#1623=DIRECTION('center_axis',(0.957857404516098,-1.25110040564878E-16,
-0.287244134167582));
#1624=DIRECTION('ref_axis',(0.287244134167582,-3.40392316415069E-17,0.957857404516098));
#1625=DIRECTION('',(-0.287244134167582,0.,-0.957857404516098));
#1626=DIRECTION('',(-1.30614473485313E-16,-1.,0.));
#1627=DIRECTION('',(0.287244134167582,-3.40392316415069E-17,0.957857404516098));
#1628=DIRECTION('',(-1.30614473485313E-16,-1.,0.));
#1629=DIRECTION('center_axis',(0.883608493408059,-1.15412058133644E-16,
-0.468226473383489));
#1630=DIRECTION('ref_axis',(0.468226473383489,-5.54861439881935E-17,0.88360849340806));
#1631=DIRECTION('',(-0.468226473383489,0.,-0.88360849340806));
#1632=DIRECTION('',(0.468226473383489,-5.54861439881935E-17,0.88360849340806));
#1633=DIRECTION('',(-1.30614473485313E-16,-1.,0.));
#1634=DIRECTION('center_axis',(0.776149066622624,-1.01376301683031E-16,
-0.630549463865309));
#1635=DIRECTION('ref_axis',(0.630549463865309,-7.47218714287727E-17,0.776149066622624));
#1636=DIRECTION('',(-0.630549463865309,0.,-0.776149066622624));
#1637=DIRECTION('',(0.630549463865309,-7.47218714287727E-17,0.776149066622624));
#1638=DIRECTION('',(-1.30614473485313E-16,-1.,0.));
#1639=DIRECTION('center_axis',(0.624844742946803,-8.16137671100621E-17,
-0.780749029593853));
#1640=DIRECTION('ref_axis',(0.780749029593853,-9.25209391977418E-17,0.624844742946803));
#1641=DIRECTION('',(-0.780749029593853,0.,-0.624844742946803));
#1642=DIRECTION('',(0.780749029593853,-9.25209391977418E-17,0.624844742946803));
#1643=DIRECTION('',(-1.30614473485313E-16,-1.,0.));
#1644=DIRECTION('center_axis',(0.485350641071181,-6.33938184392712E-17,
-0.874319595578066));
#1645=DIRECTION('ref_axis',(0.874319595578066,-1.03609312436742E-16,0.485350641071181));
#1646=DIRECTION('',(-0.874319595578066,0.,-0.485350641071181));
#1647=DIRECTION('',(0.874319595578066,-1.03609312436742E-16,0.485350641071181));
#1648=DIRECTION('',(-1.30614473485313E-16,-1.,0.));
#1649=DIRECTION('center_axis',(0.302322685341872,-3.94877183685944E-17,
-0.953205640944114));
#1650=DIRECTION('ref_axis',(0.953205640944114,-1.12957528995729E-16,0.302322685341872));
#1651=DIRECTION('',(-0.953205640944114,0.,-0.302322685341872));
#1652=DIRECTION('',(0.953205640944114,-1.12957528995729E-16,0.302322685341872));
#1653=DIRECTION('',(-1.30614473485313E-16,-1.,0.));
#1654=DIRECTION('center_axis',(0.0940691960219295,-1.2286798509591E-17,
-0.995565661500932));
#1655=DIRECTION('ref_axis',(0.995565661500932,-1.17977309665058E-16,0.0940691960219295));
#1656=DIRECTION('',(-0.995565661500932,0.,-0.0940691960219295));
#1657=DIRECTION('',(0.995565661500932,-1.17977309665058E-16,0.0940691960219295));
#1658=DIRECTION('',(-1.30614473485313E-16,-1.,0.));
#1659=DIRECTION('center_axis',(0.,0.,-1.));
#1660=DIRECTION('ref_axis',(1.,-1.18502791154119E-16,0.));
#1661=DIRECTION('',(-1.,0.,0.));
#1662=DIRECTION('',(1.,-1.18502791154119E-16,0.));
#1663=DIRECTION('center_axis',(0.,0.,1.));
#1664=DIRECTION('ref_axis',(1.,0.,0.));
#1665=DIRECTION('',(1.,0.,0.));
#1666=DIRECTION('center_axis',(0.,0.,-1.));
#1667=DIRECTION('ref_axis',(1.,4.44089209850058E-15,0.));
#1668=DIRECTION('',(0.,-1.,0.));
#1669=DIRECTION('center_axis',(0.,0.,-1.));
#1670=DIRECTION('ref_axis',(8.8817841970012E-15,-1.,0.));
#1671=DIRECTION('',(-1.,0.,0.));
#1672=DIRECTION('',(0.,1.,0.));
#1673=DIRECTION('center_axis',(0.,0.,1.));
#1674=DIRECTION('ref_axis',(1.,-2.22044604925032E-15,0.));
#1675=DIRECTION('',(-1.,0.,0.));
#1676=DIRECTION('center_axis',(0.,0.,1.));
#1677=DIRECTION('ref_axis',(2.7755575615629E-16,1.,0.));
#1678=DIRECTION('',(-3.7511896889573E-17,-1.,0.));
#1679=DIRECTION('center_axis',(0.,0.,-1.));
#1680=DIRECTION('ref_axis',(6.38378239159462E-15,-1.,0.));
#1681=DIRECTION('',(-1.,0.,0.));
#1682=DIRECTION('',(-0.963517909629941,-0.267643863786095,0.));
#1683=DIRECTION('',(-0.862170331941649,-0.506618513992162,0.));
#1684=DIRECTION('center_axis',(0.,0.,-1.));
#1685=DIRECTION('ref_axis',(-0.860291535237441,-0.50980238759622,0.));
#1686=DIRECTION('',(-0.509802387596223,0.860291535237439,0.));
#1687=DIRECTION('',(-3.75969774527112E-15,1.,0.));
#1688=DIRECTION('',(-1.,0.,0.));
#1689=DIRECTION('',(0.,-1.,0.));
#1690=DIRECTION('',(0.509802387596223,-0.86029153523744,0.));
#1691=DIRECTION('center_axis',(0.,0.,1.));
#1692=DIRECTION('ref_axis',(-0.860291535237444,-0.509802387596216,0.));
#1693=DIRECTION('',(0.862170331941649,0.506618513992162,0.));
#1694=DIRECTION('',(0.96351790962994,0.267643863786095,0.));
#1695=DIRECTION('',(1.,0.,0.));
#1696=DIRECTION('center_axis',(0.,0.,1.));
#1697=DIRECTION('ref_axis',(2.77555756156288E-15,-1.,0.));
#1698=DIRECTION('',(2.81099740425289E-16,1.,0.));
#1699=DIRECTION('',(1.,0.,0.));
#1700=DIRECTION('',(0.,-1.,0.));
#1701=DIRECTION('center_axis',(0.,0.,1.));
#1702=DIRECTION('ref_axis',(-1.,5.92118946466753E-15,0.));
#1703=DIRECTION('',(1.,0.,0.));
#1704=DIRECTION('center_axis',(0.,0.,1.));
#1705=DIRECTION('ref_axis',(-1.18423789293352E-14,-1.,0.));
#1706=DIRECTION('',(0.,1.,0.));
#1707=DIRECTION('center_axis',(0.,0.,1.));
#1708=DIRECTION('ref_axis',(1.,-8.88178419700134E-15,0.));
#1709=DIRECTION('',(-1.,1.18502791154119E-16,0.));
#1710=DIRECTION('center_axis',(0.,0.,-1.));
#1711=DIRECTION('ref_axis',(1.,0.,0.));
#1712=DIRECTION('center_axis',(0.,0.,-1.));
#1713=DIRECTION('ref_axis',(1.,0.,0.));
#1714=DIRECTION('center_axis',(0.,0.,-1.));
#1715=DIRECTION('ref_axis',(1.,0.,0.));
#1716=DIRECTION('center_axis',(0.,0.,1.));
#1717=DIRECTION('ref_axis',(1.,0.,0.));
#1718=DIRECTION('',(-1.,1.18502791154119E-16,0.));
#1719=DIRECTION('center_axis',(0.,0.,1.));
#1720=DIRECTION('ref_axis',(5.92118946466752E-15,1.,0.));
#1721=DIRECTION('',(0.,-1.,0.));
#1722=DIRECTION('',(1.,0.,0.));
#1723=DIRECTION('',(-3.75969774527112E-15,1.,0.));
#1724=DIRECTION('center_axis',(0.,0.,-1.));
#1725=DIRECTION('ref_axis',(-4.44089209850062E-15,1.,0.));
#1726=DIRECTION('',(1.,0.,0.));
#1727=DIRECTION('center_axis',(0.,0.,-1.));
#1728=DIRECTION('ref_axis',(1.,0.,0.));
#1729=DIRECTION('center_axis',(1.18502791154119E-16,1.,0.));
#1730=DIRECTION('ref_axis',(-1.,1.18502791154119E-16,0.));
#1731=DIRECTION('',(0.,0.,1.));
#1732=DIRECTION('',(-1.,1.18502791154119E-16,0.));
#1733=DIRECTION('',(0.,0.,1.));
#1734=DIRECTION('center_axis',(0.,0.,-1.));
#1735=DIRECTION('ref_axis',(0.,1.,0.));
#1736=DIRECTION('',(3.75969774527112E-15,-1.,0.));
#1737=DIRECTION('',(1.,0.,0.));
#1738=DIRECTION('',(0.,1.,0.));
#1739=DIRECTION('',(1.,0.,0.));
#1740=DIRECTION('center_axis',(0.,-1.,1.72429120790058E-12));
#1741=DIRECTION('ref_axis',(0.,-1.72429120790058E-12,-1.));
#1742=DIRECTION('',(-6.48281376653464E-27,1.72429120790058E-12,1.));
#1743=DIRECTION('',(0.,-1.72429120790058E-12,-1.));
#1744=DIRECTION('center_axis',(0.,1.,-6.90635288421994E-13));
#1745=DIRECTION('ref_axis',(0.,6.90635288421994E-13,1.));
#1746=DIRECTION('',(2.59657993668484E-27,-6.90635288421994E-13,-1.));
#1747=DIRECTION('',(0.,6.90635288421994E-13,1.));
#1748=DIRECTION('center_axis',(1.,3.75969774527112E-15,0.));
#1749=DIRECTION('ref_axis',(-3.75969774527112E-15,1.,0.));
#1750=DIRECTION('',(0.,0.,1.));
#1751=DIRECTION('',(-3.75969774527112E-15,1.,0.));
#1752=DIRECTION('',(0.,0.,1.));
#1753=DIRECTION('center_axis',(0.,0.,1.));
#1754=DIRECTION('ref_axis',(-1.,0.,0.));
#1755=DIRECTION('center_axis',(0.,0.,-1.));
#1756=DIRECTION('ref_axis',(-1.,0.,0.));
#1757=DIRECTION('',(0.,0.,-1.));
#1758=DIRECTION('center_axis',(0.,0.,1.));
#1759=DIRECTION('ref_axis',(-1.,0.,0.));
#1760=DIRECTION('center_axis',(0.,0.,1.));
#1761=DIRECTION('ref_axis',(-1.,0.,0.));
#1762=DIRECTION('center_axis',(0.,0.,1.));
#1763=DIRECTION('ref_axis',(-1.,0.,0.));
#1764=DIRECTION('',(0.,0.,-1.));
#1765=DIRECTION('center_axis',(0.,0.,-1.));
#1766=DIRECTION('ref_axis',(-1.,0.,0.));
#1767=DIRECTION('center_axis',(0.,0.,1.));
#1768=DIRECTION('ref_axis',(-1.,0.,0.));
#1769=DIRECTION('center_axis',(0.,0.,1.));
#1770=DIRECTION('ref_axis',(1.,0.,0.));
#1771=DIRECTION('',(0.,1.,0.));
#1772=DIRECTION('',(-1.,0.,0.));
#1773=DIRECTION('center_axis',(0.,0.,-1.));
#1774=DIRECTION('ref_axis',(8.8817841970012E-15,-1.,0.));
#1775=DIRECTION('',(0.,-1.,0.));
#1776=DIRECTION('center_axis',(0.,0.,-1.));
#1777=DIRECTION('ref_axis',(1.,4.44089209850058E-15,0.));
#1778=DIRECTION('',(1.,0.,0.));
#1779=DIRECTION('center_axis',(0.,0.,-1.));
#1780=DIRECTION('ref_axis',(-4.44089209850062E-15,1.,0.));
#1781=DIRECTION('',(-0.509802387596223,0.860291535237439,0.));
#1782=DIRECTION('center_axis',(0.,0.,-1.));
#1783=DIRECTION('ref_axis',(-0.860291535237441,-0.50980238759622,0.));
#1784=DIRECTION('',(-0.862170331941649,-0.506618513992162,0.));
#1785=DIRECTION('',(-0.963517909629941,-0.267643863786095,0.));
#1786=DIRECTION('',(-1.,0.,0.));
#1787=DIRECTION('center_axis',(0.,0.,-1.));
#1788=DIRECTION('ref_axis',(6.38378239159462E-15,-1.,0.));
#1789=DIRECTION('',(-3.7511896889573E-17,-1.,0.));
#1790=DIRECTION('center_axis',(0.,0.,1.));
#1791=DIRECTION('ref_axis',(2.7755575615629E-16,1.,0.));
#1792=DIRECTION('',(-1.,0.,0.));
#1793=DIRECTION('center_axis',(0.,0.,1.));
#1794=DIRECTION('ref_axis',(1.,-2.22044604925032E-15,0.));
#1795=DIRECTION('center_axis',(0.,0.,-1.));
#1796=DIRECTION('ref_axis',(-1.,0.,0.));
#1797=DIRECTION('center_axis',(0.,0.,1.));
#1798=DIRECTION('ref_axis',(-1.,0.,0.));
#1799=DIRECTION('center_axis',(0.,0.,-1.));
#1800=DIRECTION('ref_axis',(-1.,0.,0.));
#1801=DIRECTION('',(0.,0.,-1.));
#1802=DIRECTION('center_axis',(0.,0.,1.));
#1803=DIRECTION('ref_axis',(-1.,0.,0.));
#1804=DIRECTION('center_axis',(0.,0.,1.));
#1805=DIRECTION('ref_axis',(-1.,0.,0.));
#1806=DIRECTION('center_axis',(0.,0.,1.));
#1807=DIRECTION('ref_axis',(-1.,0.,0.));
#1808=DIRECTION('',(0.,0.,-1.));
#1809=DIRECTION('center_axis',(0.,0.,1.));
#1810=DIRECTION('ref_axis',(-1.,0.,0.));
#1811=DIRECTION('center_axis',(0.,0.,1.));
#1812=DIRECTION('ref_axis',(1.,0.,0.));
#1813=DIRECTION('center_axis',(0.,0.,1.));
#1814=DIRECTION('ref_axis',(1.,0.,0.));
#1815=DIRECTION('center_axis',(0.,0.,1.));
#1816=DIRECTION('ref_axis',(1.,0.,0.));
#1817=DIRECTION('',(0.,0.,1.));
#1818=DIRECTION('center_axis',(0.,0.,1.));
#1819=DIRECTION('ref_axis',(1.,0.,0.));
#1820=DIRECTION('center_axis',(0.,0.,1.));
#1821=DIRECTION('ref_axis',(1.,0.,0.));
#1822=DIRECTION('center_axis',(0.,0.,-1.));
#1823=DIRECTION('ref_axis',(1.,0.,0.));
#1824=DIRECTION('center_axis',(0.,0.,1.));
#1825=DIRECTION('ref_axis',(1.,0.,0.));
#1826=DIRECTION('center_axis',(0.,0.,1.));
#1827=DIRECTION('ref_axis',(1.,0.,0.));
#1828=DIRECTION('',(0.,0.,1.));
#1829=DIRECTION('center_axis',(0.,0.,1.));
#1830=DIRECTION('ref_axis',(1.,0.,0.));
#1831=DIRECTION('center_axis',(0.,0.,1.));
#1832=DIRECTION('ref_axis',(1.,0.,0.));
#1833=DIRECTION('center_axis',(0.,0.,-1.));
#1834=DIRECTION('ref_axis',(1.,0.,0.));
#1835=DIRECTION('center_axis',(0.,0.,1.));
#1836=DIRECTION('ref_axis',(1.,0.,0.));
#1837=DIRECTION('center_axis',(0.,0.,1.));
#1838=DIRECTION('ref_axis',(1.,0.,0.));
#1839=DIRECTION('',(0.,0.,1.));
#1840=DIRECTION('center_axis',(0.,0.,1.));
#1841=DIRECTION('ref_axis',(1.,0.,0.));
#1842=DIRECTION('center_axis',(0.,0.,1.));
#1843=DIRECTION('ref_axis',(1.,0.,0.));
#1844=DIRECTION('center_axis',(0.,0.,-1.));
#1845=DIRECTION('ref_axis',(1.,0.,0.));
#1846=DIRECTION('center_axis',(0.,0.,1.));
#1847=DIRECTION('ref_axis',(1.,0.,0.));
#1848=DIRECTION('center_axis',(0.,0.,1.));
#1849=DIRECTION('ref_axis',(1.,0.,0.));
#1850=DIRECTION('',(0.,0.,1.));
#1851=DIRECTION('center_axis',(0.,0.,1.));
#1852=DIRECTION('ref_axis',(1.,0.,0.));
#1853=DIRECTION('center_axis',(0.,0.,1.));
#1854=DIRECTION('ref_axis',(1.,0.,0.));
#1855=DIRECTION('center_axis',(0.,0.,-1.));
#1856=DIRECTION('ref_axis',(1.,0.,0.));
#1857=DIRECTION('center_axis',(0.,0.,1.));
#1858=DIRECTION('ref_axis',(1.,0.,0.));
#1859=DIRECTION('center_axis',(0.,0.,1.));
#1860=DIRECTION('ref_axis',(-0.860291535237441,-0.50980238759622,0.));
#1861=DIRECTION('',(0.,0.,1.));
#1862=DIRECTION('',(0.,0.,1.));
#1863=DIRECTION('center_axis',(0.860291535237439,0.509802387596223,0.));
#1864=DIRECTION('ref_axis',(-0.509802387596223,0.860291535237439,0.));
#1865=DIRECTION('center_axis',(0.,0.,1.));
#1866=DIRECTION('ref_axis',(-4.44089209850062E-15,1.,0.));
#1867=DIRECTION('',(0.,0.,1.));
#1868=DIRECTION('center_axis',(0.,-1.,0.));
#1869=DIRECTION('ref_axis',(1.,0.,0.));
#1870=DIRECTION('',(0.,0.,1.));
#1871=DIRECTION('center_axis',(0.,0.,1.));
#1872=DIRECTION('ref_axis',(1.,4.44089209850058E-15,0.));
#1873=DIRECTION('',(0.,0.,1.));
#1874=DIRECTION('center_axis',(-1.,0.,0.));
#1875=DIRECTION('ref_axis',(0.,-1.,0.));
#1876=DIRECTION('',(0.,0.,1.));
#1877=DIRECTION('center_axis',(0.,0.,1.));
#1878=DIRECTION('ref_axis',(8.8817841970012E-15,-1.,0.));
#1879=DIRECTION('',(0.,0.,1.));
#1880=DIRECTION('center_axis',(0.,1.,0.));
#1881=DIRECTION('ref_axis',(-1.,0.,0.));
#1882=DIRECTION('',(0.,0.,1.));
#1883=DIRECTION('center_axis',(-0.506618513992162,0.862170331941649,0.));
#1884=DIRECTION('ref_axis',(-0.862170331941649,-0.506618513992162,0.));
#1885=DIRECTION('',(0.,0.,1.));
#1886=DIRECTION('center_axis',(-0.267643863786095,0.963517909629941,0.));
#1887=DIRECTION('ref_axis',(-0.963517909629941,-0.267643863786095,0.));
#1888=DIRECTION('',(0.,0.,1.));
#1889=DIRECTION('center_axis',(0.,1.,0.));
#1890=DIRECTION('ref_axis',(-1.,0.,0.));
#1891=DIRECTION('',(0.,0.,1.));
#1892=DIRECTION('center_axis',(0.,0.,1.));
#1893=DIRECTION('ref_axis',(6.38378239159462E-15,-1.,0.));
#1894=DIRECTION('',(0.,0.,1.));
#1895=DIRECTION('center_axis',(-1.,3.7511896889573E-17,0.));
#1896=DIRECTION('ref_axis',(-3.7511896889573E-17,-1.,0.));
#1897=DIRECTION('',(0.,0.,1.));
#1898=DIRECTION('center_axis',(0.,0.,1.));
#1899=DIRECTION('ref_axis',(2.7755575615629E-16,1.,0.));
#1900=DIRECTION('',(0.,0.,1.));
#1901=DIRECTION('center_axis',(0.,1.,0.));
#1902=DIRECTION('ref_axis',(-1.,0.,0.));
#1903=DIRECTION('',(0.,0.,1.));
#1904=DIRECTION('center_axis',(0.,0.,1.));
#1905=DIRECTION('ref_axis',(1.,-2.22044604925032E-15,0.));
#1906=DIRECTION('',(0.,0.,1.));
#1907=DIRECTION('center_axis',(1.,0.,0.));
#1908=DIRECTION('ref_axis',(0.,1.,0.));
#1909=DIRECTION('center_axis',(0.,0.,1.));
#1910=DIRECTION('ref_axis',(1.,0.,0.));
#1911=DIRECTION('',(0.,0.,-1.));
#1912=DIRECTION('center_axis',(0.,0.,1.));
#1913=DIRECTION('ref_axis',(1.,0.,0.));
#1914=DIRECTION('',(0.,0.,-1.));
#1915=DIRECTION('center_axis',(0.,0.,1.));
#1916=DIRECTION('ref_axis',(1.,0.,0.));
#1917=DIRECTION('',(0.,0.,-1.));
#1918=DIRECTION('center_axis',(0.,0.,1.));
#1919=DIRECTION('ref_axis',(1.,0.,0.));
#1920=DIRECTION('',(0.,0.,-1.));
#1921=DIRECTION('center_axis',(0.,0.,1.));
#1922=DIRECTION('ref_axis',(1.,-8.88178419700134E-15,0.));
#1923=DIRECTION('center_axis',(0.,0.,1.));
#1924=DIRECTION('ref_axis',(1.,-8.88178419700134E-15,0.));
#1925=DIRECTION('',(0.,0.,1.));
#1926=DIRECTION('center_axis',(1.,0.,0.));
#1927=DIRECTION('ref_axis',(0.,1.,0.));
#1928=DIRECTION('',(0.,1.,0.));
#1929=DIRECTION('',(0.,0.,1.));
#1930=DIRECTION('center_axis',(0.,0.,1.));
#1931=DIRECTION('ref_axis',(-1.18423789293352E-14,-1.,0.));
#1932=DIRECTION('center_axis',(0.,0.,1.));
#1933=DIRECTION('ref_axis',(-1.18423789293352E-14,-1.,0.));
#1934=DIRECTION('',(0.,0.,1.));
#1935=DIRECTION('center_axis',(0.,-1.,0.));
#1936=DIRECTION('ref_axis',(1.,0.,0.));
#1937=DIRECTION('',(1.,0.,0.));
#1938=DIRECTION('',(0.,0.,1.));
#1939=DIRECTION('center_axis',(0.,0.,1.));
#1940=DIRECTION('ref_axis',(-1.,5.92118946466753E-15,0.));
#1941=DIRECTION('center_axis',(0.,0.,1.));
#1942=DIRECTION('ref_axis',(-1.,5.92118946466753E-15,0.));
#1943=DIRECTION('',(0.,0.,1.));
#1944=DIRECTION('center_axis',(-1.,0.,0.));
#1945=DIRECTION('ref_axis',(0.,-1.,0.));
#1946=DIRECTION('',(0.,-1.,0.));
#1947=DIRECTION('',(0.,0.,1.));
#1948=DIRECTION('center_axis',(0.,-1.,0.));
#1949=DIRECTION('ref_axis',(1.,0.,0.));
#1950=DIRECTION('',(1.,0.,0.));
#1951=DIRECTION('',(0.,0.,1.));
#1952=DIRECTION('center_axis',(1.,-2.81099740425289E-16,0.));
#1953=DIRECTION('ref_axis',(2.81099740425289E-16,1.,0.));
#1954=DIRECTION('',(2.81099740425289E-16,1.,0.));
#1955=DIRECTION('',(0.,0.,1.));
#1956=DIRECTION('center_axis',(0.,0.,1.));
#1957=DIRECTION('ref_axis',(2.77555756156288E-15,-1.,0.));
#1958=DIRECTION('center_axis',(0.,0.,1.));
#1959=DIRECTION('ref_axis',(2.77555756156288E-15,-1.,0.));
#1960=DIRECTION('',(0.,0.,1.));
#1961=DIRECTION('center_axis',(0.,-1.,0.));
#1962=DIRECTION('ref_axis',(1.,0.,0.));
#1963=DIRECTION('',(1.,0.,0.));
#1964=DIRECTION('',(0.,0.,1.));
#1965=DIRECTION('center_axis',(0.267643863786095,-0.963517909629941,0.));
#1966=DIRECTION('ref_axis',(0.96351790962994,0.267643863786095,0.));
#1967=DIRECTION('',(0.96351790962994,0.267643863786095,0.));
#1968=DIRECTION('',(0.,0.,1.));
#1969=DIRECTION('center_axis',(0.506618513992162,-0.862170331941649,0.));
#1970=DIRECTION('ref_axis',(0.862170331941649,0.506618513992162,0.));
#1971=DIRECTION('',(0.862170331941649,0.506618513992162,0.));
#1972=DIRECTION('',(0.,0.,1.));
#1973=DIRECTION('center_axis',(0.,0.,1.));
#1974=DIRECTION('ref_axis',(-0.860291535237444,-0.509802387596216,0.));
#1975=DIRECTION('center_axis',(0.,0.,1.));
#1976=DIRECTION('ref_axis',(-0.860291535237444,-0.509802387596216,0.));
#1977=DIRECTION('',(0.,0.,1.));
#1978=DIRECTION('center_axis',(-0.86029153523744,-0.509802387596223,0.));
#1979=DIRECTION('ref_axis',(0.509802387596223,-0.86029153523744,0.));
#1980=DIRECTION('',(0.509802387596223,-0.86029153523744,0.));
#1981=DIRECTION('',(0.,0.,1.));
#1982=DIRECTION('center_axis',(-1.,0.,0.));
#1983=DIRECTION('ref_axis',(0.,-1.,0.));
#1984=DIRECTION('',(0.,0.,1.));
#1985=DIRECTION('',(0.,-1.,0.));
#1986=DIRECTION('center_axis',(0.,0.,1.));
#1987=DIRECTION('ref_axis',(5.92118946466752E-15,1.,0.));
#1988=DIRECTION('center_axis',(0.,0.,1.));
#1989=DIRECTION('ref_axis',(5.92118946466752E-15,1.,0.));
#1990=DIRECTION('center_axis',(0.,0.,1.));
#1991=DIRECTION('ref_axis',(1.,0.,0.));
#1992=CARTESIAN_POINT('',(0.,0.,0.));
#1993=CARTESIAN_POINT('Origin',(-67.7926869806939,43.0000005364418,9.538408352));
#1994=CARTESIAN_POINT('',(-67.5393347336938,36.0000005364418,9.514469557));
#1995=CARTESIAN_POINT('',(-67.7926869806939,36.0000005364418,9.538408352));
#1996=CARTESIAN_POINT('',(-69.854209434786,36.0000005364418,9.73319787528536));
#1997=CARTESIAN_POINT('',(-67.5393347336938,43.0000005364418,9.514469557));
#1998=CARTESIAN_POINT('',(-67.5393347336938,43.0000005364418,9.514469557));
#1999=CARTESIAN_POINT('',(-67.7926869806939,43.0000005364418,9.538408352));
#2000=CARTESIAN_POINT('',(1.45910402881913,43.0000005364418,2.99493203398867));
#2001=CARTESIAN_POINT('',(-67.7926869806939,43.0000005364418,9.538408352));
#2002=CARTESIAN_POINT('Origin',(-68.0221004346939,43.0000005364418,9.611079695));
#2003=CARTESIAN_POINT('',(-68.0221004346939,36.0000005364418,9.611079695));
#2004=CARTESIAN_POINT('',(-68.8342130705692,36.0000005364418,9.8683327675087));
#2005=CARTESIAN_POINT('',(-68.0221004346939,43.0000005364418,9.611079695));
#2006=CARTESIAN_POINT('',(-3.44553247334676,43.0000005364418,-10.8448518916542));
#2007=CARTESIAN_POINT('',(-68.0221004346939,43.0000005364418,9.611079695));
#2008=CARTESIAN_POINT('Origin',(-68.2392595026939,43.0000005364418,9.731628626));
#2009=CARTESIAN_POINT('',(-68.2392595026939,36.0000005364418,9.731628626));
#2010=CARTESIAN_POINT('',(-67.9382047096656,36.0000005364418,9.56450765883883));
#2011=CARTESIAN_POINT('',(-68.2392595026939,43.0000005364418,9.731628626));
#2012=CARTESIAN_POINT('',(-12.937124006057,43.0000005364418,-20.9675882086212));
#2013=CARTESIAN_POINT('',(-68.2392595026939,43.0000005364418,9.731628626));
#2014=CARTESIAN_POINT('Origin',(-68.4202253943247,43.0000005364418,9.8766863250447));
#2015=CARTESIAN_POINT('',(-68.4202253943247,36.0000005364418,9.8766863250447));
#2016=CARTESIAN_POINT('',(-67.359868666857,36.0000005364418,9.02673108946464));
#2017=CARTESIAN_POINT('',(-68.4202253943247,43.0000005364418,9.8766863250447));
#2018=CARTESIAN_POINT('',(-23.5552847783428,43.0000005364418,-26.0859196383389));
#2019=CARTESIAN_POINT('',(-68.4202253943247,43.0000005364418,9.8766863250447));
#2020=CARTESIAN_POINT('Origin',(-68.5769675026938,43.0000005364418,10.069621611));
#2021=CARTESIAN_POINT('',(-68.5769675026938,36.0000005364418,10.069621611));
#2022=CARTESIAN_POINT('',(-66.9631496010679,36.0000005364418,8.08315848651105));
#2023=CARTESIAN_POINT('',(-68.5769675026938,43.0000005364418,10.069621611));
#2024=CARTESIAN_POINT('',(-38.3563601354128,43.0000005364418,-27.1291986984541));
#2025=CARTESIAN_POINT('',(-68.5769675026938,43.0000005364418,10.069621611));
#2026=CARTESIAN_POINT('Origin',(-68.6852620526938,43.0000005364418,10.274526299));
#2027=CARTESIAN_POINT('',(-68.6852620526938,36.0000005364418,10.274526299));
#2028=CARTESIAN_POINT('',(-67.0180426120541,36.0000005364418,7.11997162093159));
#2029=CARTESIAN_POINT('',(-68.6852620526938,43.0000005364418,10.274526299));
#2030=CARTESIAN_POINT('',(-51.3086494030718,43.0000005364418,-22.6038539469838));
#2031=CARTESIAN_POINT('',(-68.6852620526938,43.0000005364418,10.274526299));
#2032=CARTESIAN_POINT('Origin',(-68.753143745355,43.0000005364418,10.5));
#2033=CARTESIAN_POINT('',(-68.753143745355,36.0000005364418,10.5));
#2034=CARTESIAN_POINT('',(-67.4743159390724,36.0000005364418,6.25228567349456));
#2035=CARTESIAN_POINT('',(-68.753143745355,43.0000005364418,10.5));
#2036=CARTESIAN_POINT('',(-61.4948355747146,43.0000005364418,-13.6089687377404));
#2037=CARTESIAN_POINT('',(-68.753143745355,13.2493576389866,10.5));
#2038=CARTESIAN_POINT('Origin',(-59.9387673126938,43.0000005364418,10.274526298));
#2039=CARTESIAN_POINT('',(-59.8711518221175,36.0000005364418,10.5));
#2040=CARTESIAN_POINT('',(-59.9387673126938,36.0000005364418,10.274526298));
#2041=CARTESIAN_POINT('',(-61.8850332006512,36.0000005364418,3.78441920725105));
#2042=CARTESIAN_POINT('',(-59.8711518221175,43.0000005364418,10.5));
#2043=CARTESIAN_POINT('',(-59.8711518221175,13.2493576389866,10.5));
#2044=CARTESIAN_POINT('',(-59.9387673126938,43.0000005364418,10.274526298));
#2045=CARTESIAN_POINT('',(-55.9484967920967,43.0000005364418,23.5806645599791));
#2046=CARTESIAN_POINT('',(-59.9387673126938,43.0000005364418,10.274526298));
#2047=CARTESIAN_POINT('Origin',(-60.0473468456938,43.0000005364418,10.069621614));
#2048=CARTESIAN_POINT('',(-60.0473468456938,36.0000005364418,10.069621614));
#2049=CARTESIAN_POINT('',(-63.5342125368176,36.0000005364418,3.48942097351499));
#2050=CARTESIAN_POINT('',(-60.0473468456938,43.0000005364418,10.069621614));
#2051=CARTESIAN_POINT('',(-47.7601801511824,43.0000005364418,33.2572145169301));
#2052=CARTESIAN_POINT('',(-60.0473468456938,43.0000005364418,10.069621614));
#2053=CARTESIAN_POINT('Origin',(-60.2040889582472,43.0000005364418,9.87668632290798));
#2054=CARTESIAN_POINT('',(-60.2040889582472,36.0000005364418,9.87668632290798));
#2055=CARTESIAN_POINT('',(-65.1356337617537,36.0000005364418,3.80640299765438));
#2056=CARTESIAN_POINT('',(-60.2040889582472,43.0000005364418,9.87668632290798));
#2057=CARTESIAN_POINT('',(-36.528844293653,43.0000005364418,39.0187601831313));
#2058=CARTESIAN_POINT('',(-60.2040889582472,43.0000005364418,9.87668632290798));
#2059=CARTESIAN_POINT('Origin',(-60.3853398312173,43.0000005364418,9.73162862723751));
#2060=CARTESIAN_POINT('',(-60.3853398312173,36.0000005364418,9.73162862723751));
#2061=CARTESIAN_POINT('',(-66.5593089594195,36.0000005364418,4.79051181934366));
#2062=CARTESIAN_POINT('',(-60.3853398312173,43.0000005364418,9.73162862723751));
#2063=CARTESIAN_POINT('',(-22.7008160125345,43.0000005364418,39.8910981955912));
#2064=CARTESIAN_POINT('',(-60.3853398312173,43.0000005364418,9.73162862723751));
#2065=CARTESIAN_POINT('Origin',(-60.6024989026939,43.0000005364418,9.611079694));
#2066=CARTESIAN_POINT('',(-60.6024989026939,36.0000005364418,9.611079694));
#2067=CARTESIAN_POINT('',(-67.3244010966235,36.0000005364418,5.87963005528463));
#2068=CARTESIAN_POINT('',(-60.6024989026939,43.0000005364418,9.611079694));
#2069=CARTESIAN_POINT('',(-12.323320459135,43.0000005364418,36.4117259639474));
#2070=CARTESIAN_POINT('',(-60.6024989026939,43.0000005364418,9.611079694));
#2071=CARTESIAN_POINT('Origin',(-60.8316273686938,43.0000005364418,9.538408352));
#2072=CARTESIAN_POINT('',(-60.8316273686938,36.0000005364418,9.538408352));
#2073=CARTESIAN_POINT('',(-67.6676793573227,36.0000005364418,7.37025752958992));
#2074=CARTESIAN_POINT('',(-60.8316273686938,43.0000005364418,9.538408352));
#2075=CARTESIAN_POINT('',(-2.29383784422612,43.0000005364418,28.1044983569709));
#2076=CARTESIAN_POINT('',(-60.8316273686938,43.0000005364418,9.538408352));
#2077=CARTESIAN_POINT('Origin',(-61.0849796166939,43.0000005364418,9.514469557));
#2078=CARTESIAN_POINT('',(-61.0849796166939,36.0000005364418,9.514469557));
#2079=CARTESIAN_POINT('',(-67.362848103265,36.0000005364418,8.92128513521829));
#2080=CARTESIAN_POINT('',(-61.0849796166939,43.0000005364418,9.514469557));
#2081=CARTESIAN_POINT('',(3.95046536532174,43.0000005364418,15.6595509503892));
#2082=CARTESIAN_POINT('',(-61.0849796166939,43.0000005364418,9.514469557));
#2083=CARTESIAN_POINT('Origin',(-67.5393347336938,43.0000005364418,9.514469557));
#2084=CARTESIAN_POINT('',(-70.1965720861758,36.0000005364418,9.514469557));
#2085=CARTESIAN_POINT('',(1.75342791382416,43.0000005364418,9.514469557));
#2086=CARTESIAN_POINT('Origin',(-3.90380943865786,-16.5012852584687,10.5));
#2087=CARTESIAN_POINT('',(65.0461905613422,36.0000005364418,10.5));
#2088=CARTESIAN_POINT('',(65.0461905613422,36.0000005364418,10.5));
#2089=CARTESIAN_POINT('',(67.0461905613422,34.0000005364418,10.5));
#2090=CARTESIAN_POINT('Origin',(65.0461905613421,34.0000005364418,10.5));
#2091=CARTESIAN_POINT('',(67.0461905613422,-34.0423919116863,10.5));
#2092=CARTESIAN_POINT('',(67.0461905613422,-34.0423919116863,10.5));
#2093=CARTESIAN_POINT('',(65.0461905613422,-36.0423919116863,10.5));
#2094=CARTESIAN_POINT('Origin',(65.0461905613422,-34.0423919116863,10.5));
#2095=CARTESIAN_POINT('',(24.5000003650784,-36.0423919116863,10.5));
#2096=CARTESIAN_POINT('',(24.5000003650784,-36.0423919116863,10.5));
#2097=CARTESIAN_POINT('',(24.5000003650784,-34.5000004842877,10.5));
#2098=CARTESIAN_POINT('',(24.5000003650784,-34.5000004842877,10.5));
#2099=CARTESIAN_POINT('',(22.5000003650785,-32.5000004842877,10.5));
#2100=CARTESIAN_POINT('Origin',(22.5000003650785,-34.5000004842877,10.5));
#2101=CARTESIAN_POINT('',(2.49999998882412,-32.5000004842877,10.5));
#2102=CARTESIAN_POINT('',(2.49999998882413,-32.5000004842877,10.5));
#2103=CARTESIAN_POINT('',(0.499999988824129,-34.5000004842877,10.5));
#2104=CARTESIAN_POINT('Origin',(2.49999998882413,-34.5000004842877,10.5));
#2105=CARTESIAN_POINT('',(0.499999988824129,-49.2982793862241,10.5));
#2106=CARTESIAN_POINT('',(0.499999988824129,-49.2982793862241,10.5));
#2107=CARTESIAN_POINT('',(-1.50000001117586,-51.298279386224,10.5));
#2108=CARTESIAN_POINT('Origin',(-1.50000001117588,-49.298279386224,10.5));
#2109=CARTESIAN_POINT('',(-21.4538094386579,-51.298279386224,10.5));
#2110=CARTESIAN_POINT('',(-21.4538094386579,-51.2982793862241,10.5));
#2111=CARTESIAN_POINT('',(-39.0999991260469,-56.1999987438321,10.5));
#2112=CARTESIAN_POINT('',(-39.0999991260469,-56.1999987438321,10.5));
#2113=CARTESIAN_POINT('',(-56.6719006592122,-66.5253953771174,10.5));
#2114=CARTESIAN_POINT('',(-56.6719006592122,-66.5253953771174,10.5));
#2115=CARTESIAN_POINT('',(-59.4057207576714,-65.8206594884266,10.5));
#2116=CARTESIAN_POINT('Origin',(-57.6851376871965,-64.8010547132342,10.5));
#2117=CARTESIAN_POINT('',(-74.8538094386579,-39.7520096523338,10.5));
#2118=CARTESIAN_POINT('',(-74.8538094386579,-39.7520096523338,10.5));
#2119=CARTESIAN_POINT('',(-74.8538094386577,-19.5254702971627,10.5));
#2120=CARTESIAN_POINT('',(-74.8538094386579,34.0000005364418,10.5));
#2121=CARTESIAN_POINT('',(-81.8538094386579,-19.5254702971627,10.5));
#2122=CARTESIAN_POINT('',(-42.8788094386579,-19.5254702971627,10.5));
#2123=CARTESIAN_POINT('',(-81.8538094386579,-41.6703201136659,10.5));
#2124=CARTESIAN_POINT('',(-81.8538094386579,40.0000005364418,10.5));
#2125=CARTESIAN_POINT('',(-62.3802344064423,-74.5319782161678,10.5));
#2126=CARTESIAN_POINT('',(-81.8538094386579,-41.6703201136659,10.5));
#2127=CARTESIAN_POINT('',(-58.2795042587535,-75.5890820492041,10.5));
#2128=CARTESIAN_POINT('Origin',(-59.79935980073,-73.0025710533792,10.5));
#2129=CARTESIAN_POINT('',(-36.3436499539028,-62.6993901874524,10.5));
#2130=CARTESIAN_POINT('',(-58.2795042587535,-75.5890820492041,10.5));
#2131=CARTESIAN_POINT('',(-20.4996510694807,-58.2982793862241,10.5));
#2132=CARTESIAN_POINT('',(-36.3436499539028,-62.6993901874524,10.5));
#2133=CARTESIAN_POINT('',(4.49999998882413,-58.2982793862241,10.5));
#2134=CARTESIAN_POINT('',(-20.4996510694807,-58.2982793862241,10.5));
#2135=CARTESIAN_POINT('',(7.49999998882412,-55.2982793862241,10.5));
#2136=CARTESIAN_POINT('Origin',(4.49999998882412,-55.298279386224,10.5));
#2137=CARTESIAN_POINT('',(7.49999998882414,-39.5000004842877,10.5));
#2138=CARTESIAN_POINT('',(7.49999998882413,-55.2982793862241,10.5));
#2139=CARTESIAN_POINT('',(17.5000003650784,-39.5000004842877,10.5));
#2140=CARTESIAN_POINT('',(7.49999998882413,-39.5000004842877,10.5));
#2141=CARTESIAN_POINT('',(17.5000003650784,-40.0423919116863,10.5));
#2142=CARTESIAN_POINT('',(17.5000003650784,-39.5000004842877,10.5));
#2143=CARTESIAN_POINT('',(20.5000003650784,-43.0423919116863,10.5));
#2144=CARTESIAN_POINT('Origin',(20.5000003650784,-40.0423919116863,10.5));
#2145=CARTESIAN_POINT('',(71.0461905613422,-43.0423919116863,10.5));
#2146=CARTESIAN_POINT('',(20.5000003650784,-43.0423919116863,10.5));
#2147=CARTESIAN_POINT('',(74.0461905613421,-40.0423919116863,10.5));
#2148=CARTESIAN_POINT('Origin',(71.0461905613422,-40.0423919116863,10.5));
#2149=CARTESIAN_POINT('',(74.0461905613421,40.0000005364418,10.5));
#2150=CARTESIAN_POINT('',(74.0461905613421,-40.0423919116863,10.5));
#2151=CARTESIAN_POINT('',(71.0461905613422,43.0000005364418,10.5));
#2152=CARTESIAN_POINT('Origin',(71.0461905613422,40.0000005364418,10.5));
#2153=CARTESIAN_POINT('',(71.0461905613422,43.0000005364418,10.5));
#2154=CARTESIAN_POINT('',(68.1169425911172,-39.1925365382857,10.5));
#2155=CARTESIAN_POINT('Origin',(69.7169425911172,-39.1925365382857,10.5));
#2156=CARTESIAN_POINT('',(-61.6000008940697,-71.0000010579825,10.5));
#2157=CARTESIAN_POINT('Origin',(-60.0000008940697,-71.0000010579825,10.5));
#2158=CARTESIAN_POINT('',(68.0831319383996,39.8042355254499,10.5));
#2159=CARTESIAN_POINT('Origin',(69.6831319383996,39.8042355254499,10.5));
#2160=CARTESIAN_POINT('Origin',(-3.90380943865786,-16.5012852584687,10.5));
#2161=CARTESIAN_POINT('',(-78.8538094386579,43.0000005364418,10.5));
#2162=CARTESIAN_POINT('',(71.0461905613422,43.0000005364418,10.5));
#2163=CARTESIAN_POINT('',(-81.8538094386579,40.0000005364418,10.5));
#2164=CARTESIAN_POINT('Origin',(-78.8538094386579,40.0000005364418,10.5));
#2165=CARTESIAN_POINT('',(-81.8538094386579,-11.8254702971602,10.5));
#2166=CARTESIAN_POINT('',(-81.8538094386579,40.0000005364418,10.5));
#2167=CARTESIAN_POINT('',(-74.8538094386577,-11.8254702971602,10.5));
#2168=CARTESIAN_POINT('',(-42.8788094386579,-11.8254702971602,10.5));
#2169=CARTESIAN_POINT('',(-74.8538094386579,34.0000005364418,10.5));
#2170=CARTESIAN_POINT('',(-74.8538094386579,34.0000005364418,10.5));
#2171=CARTESIAN_POINT('',(-72.8538094386579,36.0000005364418,10.5));
#2172=CARTESIAN_POINT('Origin',(-72.8538094386579,34.0000005364418,10.5));
#2173=CARTESIAN_POINT('',(65.0461905613422,36.0000005364418,10.5));
#2174=CARTESIAN_POINT('',(-79.6000011622906,39.0000005811453,10.5));
#2175=CARTESIAN_POINT('Origin',(-78.0000011622906,39.0000005811453,10.5));
#2176=CARTESIAN_POINT('Origin',(71.0461905613422,43.0000005364418,0.));
#2177=CARTESIAN_POINT('',(71.0461905613422,43.0000005364418,0.));
#2178=CARTESIAN_POINT('',(71.0461905613422,43.0000005364418,0.));
#2179=CARTESIAN_POINT('',(-78.8538094386579,43.0000005364418,0.));
#2180=CARTESIAN_POINT('',(71.0461905613422,43.0000005364418,0.));
#2181=CARTESIAN_POINT('',(-78.8538094386579,43.0000005364418,0.));
#2182=CARTESIAN_POINT('Origin',(-81.8538094386579,-19.5254702971635,9.995));
#2183=CARTESIAN_POINT('',(-74.8538094386577,-11.8254702971605,9.995));
#2184=CARTESIAN_POINT('',(-74.8538094386577,-19.5254702971635,9.995));
#2185=CARTESIAN_POINT('',(-74.8538094386576,-29.6387399747487,9.995));
#2186=CARTESIAN_POINT('',(-81.8538094386579,-11.8254702971605,9.995));
#2187=CARTESIAN_POINT('',(-81.8538094386579,-11.8254702971605,9.995));
#2188=CARTESIAN_POINT('',(-81.8538094386579,-19.5254702971635,9.995));
#2189=CARTESIAN_POINT('',(-81.8538094386579,10.2372651196391,9.995));
#2190=CARTESIAN_POINT('',(-81.8538094386579,-19.5254702971635,9.995));
#2191=CARTESIAN_POINT('Origin',(-81.8538094386579,-19.5254702971627,10.5));
#2192=CARTESIAN_POINT('',(-74.8538094386577,-19.5254702971717,5.24999999998256));
#2193=CARTESIAN_POINT('',(-81.8538094386579,-19.5254702971717,5.25000000005132));
#2194=CARTESIAN_POINT('Origin',(-81.8538094386579,-11.8254702971605,9.995));
#2195=CARTESIAN_POINT('',(-74.8538094386577,-11.825470297164,4.99749999999036));
#2196=CARTESIAN_POINT('',(-81.8538094386579,-11.825470297164,4.9975000000179));
#2197=CARTESIAN_POINT('Origin',(-74.8538094386576,-39.7520096523338,0.));
#2198=CARTESIAN_POINT('',(-74.8538094386579,-39.7520096523338,2.));
#2199=CARTESIAN_POINT('',(-74.8538094386579,-39.7520096523338,0.));
#2200=CARTESIAN_POINT('',(-74.8538094386579,34.0000005364418,2.));
#2201=CARTESIAN_POINT('',(-74.8538094386577,-27.5762683703651,2.));
#2202=CARTESIAN_POINT('',(-74.8538094386579,34.0000005364418,0.));
#2203=CARTESIAN_POINT('Origin',(60.5461905613421,28.3576080883137,2.));
#2204=CARTESIAN_POINT('',(62.9961905613421,28.3576080883137,6.9));
#2205=CARTESIAN_POINT('Origin',(60.5461905613421,28.3576080883137,6.9));
#2206=CARTESIAN_POINT('',(62.9961905613421,28.3576080883137,2.));
#2207=CARTESIAN_POINT('',(62.9961905613421,28.3576080883137,2.));
#2208=CARTESIAN_POINT('Origin',(60.5461905613421,28.3576080883137,2.));
#2209=CARTESIAN_POINT('Origin',(60.5461905613421,28.3576080883137,2.));
#2210=CARTESIAN_POINT('',(63.9961905613421,28.3576080883137,6.9));
#2211=CARTESIAN_POINT('Origin',(60.5461905613421,28.3576080883137,6.9));
#2212=CARTESIAN_POINT('',(63.9961905613421,28.3576080883137,2.));
#2213=CARTESIAN_POINT('',(63.9961905613421,28.3576080883137,2.));
#2214=CARTESIAN_POINT('Origin',(60.5461905613421,28.3576080883137,2.));
#2215=CARTESIAN_POINT('Origin',(60.5461905613421,28.3576080883137,6.9));
#2216=CARTESIAN_POINT('Origin',(-3.90380943865787,-15.4005270883962,2.));
#2217=CARTESIAN_POINT('',(24.5000003650784,-36.0423919116863,2.));
#2218=CARTESIAN_POINT('',(24.5000003650784,-34.5000004842877,2.));
#2219=CARTESIAN_POINT('',(24.5000003650784,-25.7214595000412,2.));
#2220=CARTESIAN_POINT('',(65.0461905613422,-36.0423919116863,2.));
#2221=CARTESIAN_POINT('',(30.5711905613421,-36.0423919116863,2.));
#2222=CARTESIAN_POINT('',(67.0461905613422,-34.0423919116863,2.));
#2223=CARTESIAN_POINT('Origin',(65.0461905613422,-34.0423919116863,2.));
#2224=CARTESIAN_POINT('',(67.0461905613422,34.0000005364418,2.));
#2225=CARTESIAN_POINT('',(67.0461905613422,9.29973672402282,2.));
#2226=CARTESIAN_POINT('',(65.0461905613422,36.0000005364418,2.));
#2227=CARTESIAN_POINT('Origin',(65.0461905613421,34.0000005364418,2.));
#2228=CARTESIAN_POINT('',(-72.8538094386579,36.0000005364418,2.));
#2229=CARTESIAN_POINT('',(-38.3788094386579,36.0000005364418,2.));
#2230=CARTESIAN_POINT('Origin',(-72.8538094386579,34.0000005364418,2.));
#2231=CARTESIAN_POINT('',(-59.4057207576714,-65.8206594884266,2.));
#2232=CARTESIAN_POINT('',(-63.2498872424189,-59.3336284988991,2.));
#2233=CARTESIAN_POINT('',(-56.6719006592122,-66.5253953771174,2.));
#2234=CARTESIAN_POINT('Origin',(-57.6851376871965,-64.8010547132342,2.));
#2235=CARTESIAN_POINT('',(-39.0999991260469,-56.1999987438321,2.));
#2236=CARTESIAN_POINT('',(-17.108241869699,-43.2774578391871,2.));
#2237=CARTESIAN_POINT('',(-21.4538094386579,-51.2982793862241,2.));
#2238=CARTESIAN_POINT('',(-8.67874109080042,-47.749649289597,2.));
#2239=CARTESIAN_POINT('',(-1.50000001117587,-51.2982793862241,2.));
#2240=CARTESIAN_POINT('',(-2.70190472491687,-51.2982793862241,2.));
#2241=CARTESIAN_POINT('',(0.499999988824129,-49.2982793862241,2.));
#2242=CARTESIAN_POINT('Origin',(-1.50000001117588,-49.298279386224,2.));
#2243=CARTESIAN_POINT('',(0.499999988824129,-34.5000004842877,2.));
#2244=CARTESIAN_POINT('',(0.49999998882413,-24.950263786342,2.));
#2245=CARTESIAN_POINT('',(2.49999998882413,-32.5000004842877,2.));
#2246=CARTESIAN_POINT('Origin',(2.49999998882413,-34.5000004842877,2.));
#2247=CARTESIAN_POINT('',(22.5000003650785,-32.5000004842877,2.));
#2248=CARTESIAN_POINT('',(9.29809546321029,-32.5000004842877,2.));
#2249=CARTESIAN_POINT('Origin',(22.5000003650785,-34.5000004842877,2.));
#2250=CARTESIAN_POINT('',(-62.0038094386579,-25.6423919116863,2.));
#2251=CARTESIAN_POINT('Origin',(-65.4538094386579,-25.6423919116863,2.));
#2252=CARTESIAN_POINT('Origin',(-65.4538094386579,-25.6423919116863,2.));
#2253=CARTESIAN_POINT('',(-63.0038094386579,-25.6423919116863,6.9));
#2254=CARTESIAN_POINT('Origin',(-65.4538094386579,-25.6423919116863,6.9));
#2255=CARTESIAN_POINT('',(-63.0038094386579,-25.6423919116863,2.));
#2256=CARTESIAN_POINT('',(-63.0038094386579,-25.6423919116863,2.));
#2257=CARTESIAN_POINT('Origin',(-65.4538094386579,-25.6423919116863,2.));
#2258=CARTESIAN_POINT('Origin',(-65.4538094386579,-25.6423919116863,2.));
#2259=CARTESIAN_POINT('',(-62.0038094386579,-25.6423919116863,6.9));
#2260=CARTESIAN_POINT('Origin',(-65.4538094386579,-25.6423919116863,6.9));
#2261=CARTESIAN_POINT('',(-62.0038094386579,-25.6423919116863,2.));
#2262=CARTESIAN_POINT('Origin',(-65.4538094386579,-25.6423919116863,6.9));
#2263=CARTESIAN_POINT('Origin',(-3.90380943865787,-15.4005270883962,2.));
#2264=CARTESIAN_POINT('Origin',(-78.0000011622906,39.0000005811453,0.));
#2265=CARTESIAN_POINT('',(-80.7500011622906,39.0000005811453,0.));
#2266=CARTESIAN_POINT('Origin',(-78.0000011622906,39.0000005811453,0.));
#2267=CARTESIAN_POINT('',(-80.7500011622906,39.0000005811453,3.));
#2268=CARTESIAN_POINT('',(-80.7500011622906,39.0000005811453,0.));
#2269=CARTESIAN_POINT('Origin',(-78.0000011622906,39.0000005811453,3.));
#2270=CARTESIAN_POINT('Origin',(-78.0000011622906,39.0000005811453,3.));
#2271=CARTESIAN_POINT('',(-79.6000011622906,39.0000005811453,3.));
#2272=CARTESIAN_POINT('Origin',(-78.0000011622906,39.0000005811453,3.));
#2273=CARTESIAN_POINT('Origin',(-60.0000008940697,-71.0000010579825,0.));
#2274=CARTESIAN_POINT('',(-62.7500008940697,-71.0000010579825,0.));
#2275=CARTESIAN_POINT('Origin',(-60.0000008940697,-71.0000010579825,0.));
#2276=CARTESIAN_POINT('',(-62.7500008940697,-71.0000010579825,3.));
#2277=CARTESIAN_POINT('',(-62.7500008940697,-71.0000010579825,0.));
#2278=CARTESIAN_POINT('Origin',(-60.0000008940697,-71.0000010579825,3.));
#2279=CARTESIAN_POINT('Origin',(-60.0000008940697,-71.0000010579825,3.));
#2280=CARTESIAN_POINT('',(-61.6000008940697,-71.0000010579825,3.));
#2281=CARTESIAN_POINT('Origin',(-60.0000008940697,-71.0000010579825,3.));
#2282=CARTESIAN_POINT('Origin',(69.7169425911172,-39.1925365382857,0.));
#2283=CARTESIAN_POINT('',(66.9669425911172,-39.1925365382857,0.));
#2284=CARTESIAN_POINT('Origin',(69.7169425911172,-39.1925365382857,0.));
#2285=CARTESIAN_POINT('',(66.9669425911172,-39.1925365382857,3.));
#2286=CARTESIAN_POINT('',(66.9669425911172,-39.1925365382857,0.));
#2287=CARTESIAN_POINT('Origin',(69.7169425911172,-39.1925365382857,3.));
#2288=CARTESIAN_POINT('Origin',(69.7169425911172,-39.1925365382857,3.));
#2289=CARTESIAN_POINT('',(68.1169425911172,-39.1925365382857,3.));
#2290=CARTESIAN_POINT('Origin',(69.7169425911172,-39.1925365382857,3.));
#2291=CARTESIAN_POINT('Origin',(69.6831319383996,39.8042355254499,0.));
#2292=CARTESIAN_POINT('',(66.9331319383996,39.8042355254499,0.));
#2293=CARTESIAN_POINT('Origin',(69.6831319383996,39.8042355254499,0.));
#2294=CARTESIAN_POINT('',(66.9331319383996,39.8042355254499,3.));
#2295=CARTESIAN_POINT('',(66.9331319383996,39.8042355254499,0.));
#2296=CARTESIAN_POINT('Origin',(69.6831319383996,39.8042355254499,3.));
#2297=CARTESIAN_POINT('Origin',(69.6831319383996,39.8042355254499,3.));
#2298=CARTESIAN_POINT('',(68.0831319383996,39.8042355254499,3.));
#2299=CARTESIAN_POINT('Origin',(69.6831319383996,39.8042355254499,3.));
#2300=CARTESIAN_POINT('Origin',(-3.90380943865787,-15.4005270883962,2.));
#2301=CARTESIAN_POINT('Origin',(-57.6851376871965,-64.8010547132342,0.));
#2302=CARTESIAN_POINT('',(-59.4057207576714,-65.8206594884266,0.));
#2303=CARTESIAN_POINT('',(-56.6719006592122,-66.5253953771174,0.));
#2304=CARTESIAN_POINT('Origin',(-59.4057207576714,-65.8206594884266,0.));
#2305=CARTESIAN_POINT('Origin',(-72.8538094386579,34.0000005364418,0.));
#2306=CARTESIAN_POINT('',(-72.8538094386579,36.0000005364418,0.));
#2307=CARTESIAN_POINT('Origin',(-72.8538094386579,36.0000005364418,0.));
#2308=CARTESIAN_POINT('',(65.0461905613422,36.0000005364418,0.));
#2309=CARTESIAN_POINT('Origin',(65.0461905613421,34.0000005364418,0.));
#2310=CARTESIAN_POINT('',(67.0461905613422,34.0000005364418,0.));
#2311=CARTESIAN_POINT('Origin',(67.0461905613422,34.0000005364418,0.));
#2312=CARTESIAN_POINT('',(67.0461905613422,-34.0423919116863,0.));
#2313=CARTESIAN_POINT('Origin',(65.0461905613422,-34.0423919116863,0.));
#2314=CARTESIAN_POINT('',(65.0461905613422,-36.0423919116863,0.));
#2315=CARTESIAN_POINT('Origin',(65.0461905613422,-36.0423919116863,0.));
#2316=CARTESIAN_POINT('',(24.5000003650784,-36.0423919116863,0.));
#2317=CARTESIAN_POINT('Origin',(-39.0999991260469,-56.1999987438321,0.));
#2318=CARTESIAN_POINT('',(-39.0999991260469,-56.1999987438321,0.));
#2319=CARTESIAN_POINT('Origin',(-21.4538094386579,-51.2982793862241,0.));
#2320=CARTESIAN_POINT('',(-21.4538094386579,-51.2982793862241,0.));
#2321=CARTESIAN_POINT('Origin',(-1.50000001117587,-51.2982793862241,0.));
#2322=CARTESIAN_POINT('',(-1.50000001117587,-51.2982793862241,0.));
#2323=CARTESIAN_POINT('Origin',(-1.50000001117588,-49.298279386224,0.));
#2324=CARTESIAN_POINT('',(0.49999998882413,-49.2982793862241,0.));
#2325=CARTESIAN_POINT('Origin',(0.49999998882413,-34.5000004842877,0.));
#2326=CARTESIAN_POINT('',(0.49999998882413,-34.5000004842877,0.));
#2327=CARTESIAN_POINT('Origin',(2.49999998882413,-34.5000004842877,0.));
#2328=CARTESIAN_POINT('',(2.49999998882413,-32.5000004842877,0.));
#2329=CARTESIAN_POINT('Origin',(22.5000003650785,-32.5000004842877,0.));
#2330=CARTESIAN_POINT('',(22.5000003650785,-32.5000004842877,0.));
#2331=CARTESIAN_POINT('Origin',(22.5000003650785,-34.5000004842877,0.));
#2332=CARTESIAN_POINT('',(24.5000003650784,-34.5000004842877,0.));
#2333=CARTESIAN_POINT('Origin',(24.5000003650784,-36.0423919116863,0.));
#2334=CARTESIAN_POINT('Origin',(69.6831319383996,39.8042355254499,0.));
#2335=CARTESIAN_POINT('',(68.0831319383996,39.8042355254499,0.));
#2336=CARTESIAN_POINT('Origin',(-60.0000008940697,-71.0000010579825,0.));
#2337=CARTESIAN_POINT('',(-61.6000008940697,-71.0000010579825,0.));
#2338=CARTESIAN_POINT('Origin',(69.7169425911172,-39.1925365382857,0.));
#2339=CARTESIAN_POINT('',(68.1169425911172,-39.1925365382857,0.));
#2340=CARTESIAN_POINT('Origin',(-78.0000011622906,39.0000005811453,0.));
#2341=CARTESIAN_POINT('',(-79.6000011622906,39.0000005811453,0.));
#2342=CARTESIAN_POINT('Origin',(71.0461905613422,40.0000005364418,0.));
#2343=CARTESIAN_POINT('',(74.0461905613421,40.0000005364418,0.));
#2344=CARTESIAN_POINT('Origin',(71.0461905613422,40.0000005364418,0.));
#2345=CARTESIAN_POINT('',(74.0461905613421,40.0000005364418,0.));
#2346=CARTESIAN_POINT('Origin',(74.0461905613421,-40.0423919116863,0.));
#2347=CARTESIAN_POINT('',(74.0461905613421,-40.0423919116863,0.));
#2348=CARTESIAN_POINT('',(74.0461905613421,-40.0423919116863,0.));
#2349=CARTESIAN_POINT('',(74.0461905613421,-40.0423919116863,0.));
#2350=CARTESIAN_POINT('Origin',(71.0461905613422,-40.0423919116863,0.));
#2351=CARTESIAN_POINT('',(71.0461905613422,-43.0423919116863,0.));
#2352=CARTESIAN_POINT('Origin',(71.0461905613422,-40.0423919116863,0.));
#2353=CARTESIAN_POINT('',(71.0461905613422,-43.0423919116863,0.));
#2354=CARTESIAN_POINT('Origin',(20.5000003650784,-43.0423919116863,0.));
#2355=CARTESIAN_POINT('',(20.5000003650784,-43.0423919116863,0.));
#2356=CARTESIAN_POINT('',(20.5000003650784,-43.0423919116863,0.));
#2357=CARTESIAN_POINT('',(20.5000003650784,-43.0423919116863,0.));
#2358=CARTESIAN_POINT('Origin',(20.5000003650784,-40.0423919116863,0.));
#2359=CARTESIAN_POINT('',(17.5000003650784,-40.0423919116863,0.));
#2360=CARTESIAN_POINT('Origin',(20.5000003650784,-40.0423919116863,0.));
#2361=CARTESIAN_POINT('',(17.5000003650784,-40.0423919116863,0.));
#2362=CARTESIAN_POINT('Origin',(17.5000003650784,-39.5000004842877,0.));
#2363=CARTESIAN_POINT('',(17.5000003650784,-39.5000004842877,0.));
#2364=CARTESIAN_POINT('',(17.5000003650784,-39.5000004842877,0.));
#2365=CARTESIAN_POINT('',(17.5000003650784,-39.5000004842877,0.));
#2366=CARTESIAN_POINT('Origin',(7.49999998882413,-39.5000004842877,0.));
#2367=CARTESIAN_POINT('',(7.49999998882413,-39.5000004842877,0.));
#2368=CARTESIAN_POINT('',(7.49999998882413,-39.5000004842877,0.));
#2369=CARTESIAN_POINT('',(7.49999998882413,-39.5000004842877,0.));
#2370=CARTESIAN_POINT('Origin',(7.49999998882413,-55.2982793862241,0.));
#2371=CARTESIAN_POINT('',(7.49999998882413,-55.2982793862241,0.));
#2372=CARTESIAN_POINT('',(7.49999998882413,-55.2982793862241,0.));
#2373=CARTESIAN_POINT('',(7.49999998882413,-55.2982793862241,0.));
#2374=CARTESIAN_POINT('Origin',(4.49999998882412,-55.298279386224,0.));
#2375=CARTESIAN_POINT('',(4.49999998882413,-58.2982793862241,0.));
#2376=CARTESIAN_POINT('Origin',(4.49999998882412,-55.298279386224,0.));
#2377=CARTESIAN_POINT('',(4.49999998882413,-58.2982793862241,0.));
#2378=CARTESIAN_POINT('Origin',(-20.4996510694807,-58.2982793862241,0.));
#2379=CARTESIAN_POINT('',(-20.4996510694807,-58.2982793862241,0.));
#2380=CARTESIAN_POINT('',(-20.4996510694807,-58.2982793862241,0.));
#2381=CARTESIAN_POINT('',(-20.4996510694807,-58.2982793862241,0.));
#2382=CARTESIAN_POINT('Origin',(-36.3436499539028,-62.6993901874524,0.));
#2383=CARTESIAN_POINT('',(-36.3436499539028,-62.6993901874524,0.));
#2384=CARTESIAN_POINT('',(-36.3436499539028,-62.6993901874524,0.));
#2385=CARTESIAN_POINT('',(-36.3436499539028,-62.6993901874524,0.));
#2386=CARTESIAN_POINT('Origin',(-58.2795042587535,-75.5890820492041,0.));
#2387=CARTESIAN_POINT('',(-58.2795042587535,-75.5890820492041,0.));
#2388=CARTESIAN_POINT('',(-58.2795042587535,-75.5890820492041,0.));
#2389=CARTESIAN_POINT('',(-58.2795042587535,-75.5890820492041,0.));
#2390=CARTESIAN_POINT('Origin',(-59.79935980073,-73.0025710533792,0.));
#2391=CARTESIAN_POINT('',(-62.3802344064423,-74.5319782161678,0.));
#2392=CARTESIAN_POINT('Origin',(-59.79935980073,-73.0025710533792,0.));
#2393=CARTESIAN_POINT('',(-62.3802344064423,-74.5319782161678,0.));
#2394=CARTESIAN_POINT('Origin',(-81.8538094386579,-41.6703201136659,0.));
#2395=CARTESIAN_POINT('',(-81.8538094386579,-41.6703201136659,0.));
#2396=CARTESIAN_POINT('',(-81.8538094386579,-41.6703201136659,0.));
#2397=CARTESIAN_POINT('',(-81.8538094386579,-41.6703201136659,0.));
#2398=CARTESIAN_POINT('Origin',(-81.8538094386579,40.0000005364418,0.));
#2399=CARTESIAN_POINT('',(-81.8538094386579,40.0000005364418,0.));
#2400=CARTESIAN_POINT('',(-81.8538094386579,40.0000005364418,0.));
#2401=CARTESIAN_POINT('',(-81.8538094386579,40.0000005364418,0.));
#2402=CARTESIAN_POINT('Origin',(-78.8538094386579,40.0000005364418,0.));
#2403=CARTESIAN_POINT('Origin',(-78.8538094386579,40.0000005364418,0.));
#2404=CARTESIAN_POINT('Origin',(-3.90380943865786,-16.5012852584687,0.));
#2405=UNCERTAINTY_MEASURE_WITH_UNIT(LENGTH_MEASURE(0.01),#2409,
'DISTANCE_ACCURACY_VALUE',
'Maximum model space distance between geometric entities at asserted c
onnectivities');
#2406=UNCERTAINTY_MEASURE_WITH_UNIT(LENGTH_MEASURE(0.01),#2409,
'DISTANCE_ACCURACY_VALUE',
'Maximum model space distance between geometric entities at asserted c
onnectivities');
#2407=(
GEOMETRIC_REPRESENTATION_CONTEXT(3)
GLOBAL_UNCERTAINTY_ASSIGNED_CONTEXT((#2405))
GLOBAL_UNIT_ASSIGNED_CONTEXT((#2409,#2411,#2412))
REPRESENTATION_CONTEXT('','3D')
);
#2408=(
GEOMETRIC_REPRESENTATION_CONTEXT(3)
GLOBAL_UNCERTAINTY_ASSIGNED_CONTEXT((#2406))
GLOBAL_UNIT_ASSIGNED_CONTEXT((#2409,#2411,#2412))
REPRESENTATION_CONTEXT('','3D')
);
#2409=(
LENGTH_UNIT()
NAMED_UNIT(*)
SI_UNIT(.MILLI.,.METRE.)
);
#2410=(
LENGTH_UNIT()
NAMED_UNIT(*)
SI_UNIT($,.METRE.)
);
#2411=(
NAMED_UNIT(*)
PLANE_ANGLE_UNIT()
SI_UNIT($,.RADIAN.)
);
#2412=(
NAMED_UNIT(*)
SI_UNIT($,.STERADIAN.)
SOLID_ANGLE_UNIT()
);
#2413=SHAPE_DEFINITION_REPRESENTATION(#2414,#2415);
#2414=PRODUCT_DEFINITION_SHAPE('',$,#2417);
#2415=SHAPE_REPRESENTATION('',(#1457),#2407);
#2416=PRODUCT_DEFINITION_CONTEXT('part definition',#2421,'design');
#2417=PRODUCT_DEFINITION('2026-07-18-09-43-34-822','Right_Enclosure',#2418,
#2416);
#2418=PRODUCT_DEFINITION_FORMATION('',$,#2423);
#2419=PRODUCT_RELATED_PRODUCT_CATEGORY('Right_Enclosure',
'Right_Enclosure',(#2423));
#2420=APPLICATION_PROTOCOL_DEFINITION('international standard',
'automotive_design',2009,#2421);
#2421=APPLICATION_CONTEXT(
'Core Data for Automotive Mechanical Design Process');
#2422=PRODUCT_CONTEXT('part definition',#2421,'mechanical');
#2423=PRODUCT('2026-07-18-09-43-34-822','Right_Enclosure',$,(#2422));
#2424=PRESENTATION_STYLE_ASSIGNMENT((#2425));
#2425=SURFACE_STYLE_USAGE(.BOTH.,#2426);
#2426=SURFACE_SIDE_STYLE('',(#2427));
#2427=SURFACE_STYLE_FILL_AREA(#2428);
#2428=FILL_AREA_STYLE('Steel - Satin',(#2429));
#2429=FILL_AREA_STYLE_COLOUR('Steel - Satin',#2430);
#2430=COLOUR_RGB('Steel - Satin',0.627450980392157,0.627450980392157,0.627450980392157);
ENDSEC;
END-ISO-10303-21;
